Book	Position ID	CUSIP	Sub Type	PRODUCT_CODE_2052a_Collateral_Class	Issuer	Current Factor	Coupon	Maturity Date	Nominal	CA_NOTIONAL	TOTAL_PAYDOWN_BOOK_VALUE	MTB_BOOK VALUE (Clean)	PV_NET (MV Clean)	MTB_BOOK PRICE (Clean)	PRICE (Mkt)	NPV_DISC (Clean MTM)	Curve Date	Prepay Model	Prepay Rate	Vol Model	Curve Type	Forward Yield	Effective Duration	Effective Convexity	Effective DV01	Dollar Duration	1YR	2YR	3YR	5YR	10YR	20YR	30YR	Average Life	LT CPR	OAS	Z-Spread	Factor	Life CPR	GWAC	WALA	WALS	MaxServicerName	MaxServicerPercent	Eff. Dur	DV01	Dollar Return	Eff. Dur	DV01	Dollar Return	Eff. Dur	DV01	Dollar Return	Eff. Dur	DV01	Dollar Return
AFS	613772	31288Q6G0	Agency MBS ARM	G-2-Q	FREDDIE MAC	0.69876904	4.437	7/1/2054	26433638	 18,471,008 	 2,463,270.05 	18418211.51	18589024.73	99.7142	100.6389304	170813.22	12/31/2025	Model2501	100	LMMSOFRFLAT	RFRSwap	4.56	2.15	-0.83	0.022	 4,005 	0.23	0.31	0.88	1.00	-0.08	-0.15	-0.06	3.8	24.7	76	89	0.67	21.0	5.03	32	 430,983 	#SPILL!	#SPILL!	0.78	0.01	2.52	1.11	0.01	1.68	2.81	0.03	-2.50	3.26	0.03	-5.46
AFS	613617	31288QWN6	Agency MBS ARM	G-2-Q	FREDDIE MAC	0.75859685	4.446	2/1/2053	28850491	 21,885,892 	 1,349,379.97 	21502202.79	21957710.52	98.2469	100.3281517	455507.73	12/31/2025	Model2501	100	LMMSOFRFLAT	RFRSwap	4.69	2.20	-0.65	0.022	 4,838 	0.22	0.31	1.16	0.74	-0.08	-0.12	-0.05	3.9	25.7	92	100	0.75	8.0	5.08	39	 389,096 	#SPILL!	#SPILL!	0.92	0.01	2.84	1.32	0.01	1.81	2.73	0.03	-2.48	3.10	0.03	-5.31
AFS	613745	31288QXK1	Agency MBS ARM	G-2-Q	FREDDIE MAC	0.81527997	4.465	2/1/2053	50000000	 40,763,999 	 3,382,058.78 	39908182.08	40818311.76	97.9006	100.1332383	910129.68	12/31/2025	Model2501	100	LMMSOFRFLAT	RFRSwap	4.64	2.17	-0.74	0.022	 8,886 	0.24	0.32	1.00	0.91	-0.12	-0.13	-0.05	3.7	25.4	88	99	0.80	6.9	5.11	36	 400,861 	#SPILL!	#SPILL!	0.94	0.01	2.72	1.22	0.01	1.72	2.70	0.03	-2.46	3.06	0.03	-5.25
AFS	614593	31288QXL9	Agency MBS ARM	G-2-Q	FREDDIE MAC	0.77207494	4.602	2/1/2053	14246371	 10,999,266 	 909,735.06 	10831827.57	11056493.32	98.4777	100.5202828	224665.76	12/31/2025	Model2501	100	LMMSOFRFLAT	RFRSwap	4.64	2.02	-0.78	0.020	 2,245 	0.25	0.32	1.02	0.73	-0.11	-0.14	-0.05	3.6	26.4	86	97	0.76	9.0	5.22	37	 397,022 	#SPILL!	#SPILL!	0.94	0.01	2.56	1.13	0.01	1.60	2.60	0.03	-2.35	2.96	0.03	-5.06
AFS	614741	31288RE95	Agency MBS ARM	G-2-Q	FREDDIE MAC	0.9517755	5.205	5/1/2055	70000000	 66,624,285 	 2,600,184.52 	66391823.71	67494202.82	99.6511	101.3057068	1102379.1	12/31/2025	Model2501	100	LMMSOFRFLAT	RFRSwap	4.72	1.96	-1.31	0.020	 13,259 	0.31	0.31	0.43	1.00	0.14	-0.21	-0.05	3.6	28.8	78	104	0.95	6.2	5.87	9	 503,361 	#SPILL!	#SPILL!	1.31	0.01	2.57	1.05	0.01	1.45	3.17	0.03	-2.62	3.78	0.04	-6.05
AFS	613399	3128HDGF0	Agency MBS ARM	G-2-Q	FREDDIE MAC	0.00005574	6.06	8/1/2027	18748881	 1,045 	 1,303.83 	1045.92	1043.08	100.0819	99.8106108	-2.84	12/31/2025	Model2501	100	LMMSOFRFLAT	RFRSwap	4.50	0.36	0.00	0.004	 0 	0.36	0.00	0.00	0.00	0.00	0.00	0.00	0.4	21.4	89	86	0.00	19.9	6.75	354	 NA 	WELLS FARGO BANK, NATIONAL ASSOCIATION	100	0.36	0.00	0.72	0.36	0.00	0.36	0.35	0.00	-0.36	0.35	0.00	-0.71
AFS	613484	3128HDN21	Agency MBS ARM	G-2-Q	FREDDIE MAC	0.00012969	5.89	7/1/2028	2310000	 300 	 216.20 	299.58	299.03	100	99.8144128	-0.55	12/31/2025	Model2501	100	LMMSOFRFLAT	RFRSwap	4.57	0.40	0.00	0.004	 0 	0.40	0.00	0.00	0.00	0.00	0.00	0.00	0.4	17.3	97	94	0.00	19.5	6.38	341	 NA 	FIFTH THIRD BANK, NATIONAL ASSOCIATION	100	0.41	0.00	0.82	0.41	0.00	0.41	0.40	0.00	-0.40	0.40	0.00	-0.80
AFS	614033	3128HDW88	Agency MBS ARM	G-2-Q	FREDDIE MAC	0.00030002	6.25	1/1/2032	10004677	 3,002 	 222.55 	3009.35	3059.59	100.2582	101.9318869	50.24	12/31/2025	Model2501	100	LMMSOFRFLAT	RFRSwap	4.78	0.63	0.03	0.006	 0 	0.44	0.02	0.05	0.13	-0.01	-0.01	0.00	2.4	13.2	135	128	0.00	25.5	6.89	293	 31,898 	JPMORGAN CHASE BANK, NATIONAL ASSOCIATIO	100	1.30	0.01	1.78	0.77	0.01	0.69	0.61	0.01	-0.63	0.65	0.01	-1.25
AFS	614637	3128JMXY8	Agency MBS ARM	G-2-Q	FREDDIE MAC	0.00160955	6.5	10/1/2034	15092002	 24,291 	 1,441.49 	24661.68	24993.53	101.5246	102.8907476	331.86	12/31/2025	Model2501	100	LMMSOFRFLAT	RFRSwap	5.04	0.93	0.08	0.010	 2 	0.36	-0.10	-0.01	0.27	0.31	-0.01	0.00	3.8	8.8	149	144	0.00	23.5	7.00	255	 24,018 	JPMORGAN CHASE BANK, NATIONAL ASSOCIATIO	100	1.65	0.02	2.51	1.13	0.01	1.04	0.93	0.01	-0.95	1.01	0.01	-1.93
AFS	612640	3128JNJ22	Agency MBS ARM	G-2-Q	FREDDIE MAC	0.00469889	6.523	9/1/2036	24593053	 115,560 	 221,646.60 	123993.29	119286.41	107.2977	103.224609	-4706.88	12/31/2025	Model2501	100	LMMSOFRFLAT	RFRSwap	5.00	0.82	0.03	0.009	 10 	0.28	-0.04	0.08	0.14	0.29	-0.03	-0.01	3.9	12.9	140	134	0.00	21.9	7.00	232	 60,391 	#SPILL!	#SPILL!	1.42	0.02	2.18	0.98	0.01	0.90	0.83	0.01	-0.85	0.90	0.01	-1.72
AFS	614354	3128JPAB6	Agency MBS ARM	G-2-Q	FREDDIE MAC	0.00276444	6.5	1/1/2038	42322221	 116,997 	 3,130.29 	120891.99	120210.29	103.3289	102.7462615	-681.7	12/31/2025	Model2501	100	LMMSOFRFLAT	RFRSwap	5.04	1.00	0.00	0.010	 12 	0.43	0.08	0.10	0.15	0.26	-0.03	-0.01	4.3	12.2	139	129	0.00	25.9	6.50	216	 62,051 	JPMORGAN CHASE BANK, NATIONAL ASSOCIATIO	100	1.32	0.01	2.28	1.07	0.01	1.06	1.07	0.01	-1.06	1.35	0.01	-2.25
AFS	613863	3128JR3S3	Agency MBS ARM	G-2-Q	FREDDIE MAC	0.00373717	6.452	1/1/2037	23348935	 87,259 	 6,881.80 	90380.89	89574.37	103.5778	102.6535125	-806.53	12/31/2025	Model2501	100	LMMSOFRFLAT	RFRSwap	5.02	0.95	-0.01	0.010	 9 	0.43	0.06	0.08	0.16	0.24	-0.04	-0.01	3.9	13.1	140	133	0.00	25.5	6.50	228	 87,231 	JPMORGAN CHASE BANK, NATIONAL ASSOCIATIO	100	1.28	0.01	2.16	1.00	0.01	1.00	1.03	0.01	-1.01	1.29	0.01	-2.15
AFS	614456	3128JRRJ7	Agency MBS ARM	G-2-Q	FREDDIE MAC	0.02093305	6.912	1/1/2037	9515201	 199,182 	 5,875.48 	205164.64	205586.95	103.0035	103.2155328	422.31	12/31/2025	Model2501	100	LMMSOFRFLAT	RFRSwap	5.00	0.87	-0.03	0.009	 18 	0.42	0.16	0.20	0.12	0.07	-0.10	-0.02	3.6	15.4	137	130	0.02	16.0	7.25	227	 198,213 	NATIONSTAR MORTGAGE LLC	100	1.26	0.01	2.02	0.90	0.01	0.91	0.98	0.01	-0.95	1.31	0.01	-2.09
AFS	612524	3128JRXD3	Agency MBS ARM	G-2-Q	FREDDIE MAC	0.00689419	6.777	2/1/2038	20000000	 137,884 	 3,673.93 	142346.35	142749.5	103.2365	103.5288429	403.15	12/31/2025	Model2501	100	LMMSOFRFLAT	RFRSwap	5.11	0.66	-0.01	0.007	 9 	0.15	0.02	0.12	0.11	0.23	-0.05	-0.02	4.1	12.9	147	139	0.01	22.1	6.99	217	 89,500 	#SPILL!	#SPILL!	1.14	0.01	1.72	0.75	0.01	0.71	0.70	0.01	-0.70	0.80	0.01	-1.46
AFS	613357	3128LLCD6	Agency MBS ARM	G-2-Q	FREDDIE MAC	0.01209939	6.765	12/1/2041	40309953	 487,726 	 12,118.50 	503400.03	509342.69	103.2137	104.4321719	5942.67	12/31/2025	Model2501	100	LMMSOFRFLAT	RFRSwap	4.76	1.08	-0.59	0.011	 55 	0.45	0.26	0.33	0.01	0.26	-0.20	-0.08	4.0	17.4	83	96	0.01	24.5	6.50	168	 184,352 	WELLS FARGO BANK, NATIONAL ASSOCIATION	100	0.97	0.01	1.74	0.68	0.01	0.88	1.86	0.02	-1.50	2.95	0.03	-3.94
AFS	612158	3128LLK21	Agency MBS ARM	G-2-Q	FREDDIE MAC	0.01364231	6.864	3/1/2042	40040026	 546,238 	 9,770.41 	560543.06	568833.6	102.6187	104.1364993	8290.53	12/31/2025	Model2501	100	LMMSOFRFLAT	RFRSwap	4.93	0.58	-0.30	0.006	 33 	-0.05	0.25	0.30	0.04	0.23	-0.15	-0.07	4.1	16.6	103	111	0.01	24.3	7.22	165	 165,677 	#SPILL!	#SPILL!	0.77	0.01	1.04	0.38	0.00	0.44	1.08	0.01	-0.84	2.60	0.03	-2.59
AFS	614400	3128LLLF1	Agency MBS ARM	G-2-Q	FREDDIE MAC	0.01926247	6.712	3/1/2042	49913925	 961,465 	 16,179.23 	989089.08	1003391.5	102.8731	104.3606372	14302.42	12/31/2025	Model2501	100	LMMSOFRFLAT	RFRSwap	4.97	0.79	-0.44	0.008	 79 	-0.10	0.21	0.27	0.08	0.44	-0.07	-0.07	4.9	12.7	101	106	0.02	22.4	7.21	165	 154,823 	JPMORGAN CHASE BANK, NATIONAL ASSOCIATIO	100	0.67	0.01	1.29	0.53	0.01	0.63	1.43	0.01	-1.13	3.07	0.03	-3.34
AFS	614624	3128LUL46	Agency MBS ARM	G-2-Q	FREDDIE MAC	0.00812362	6.5	3/1/2037	25166459	 204,443 	 6,009.49 	210407.98	209829.61	102.9178	102.6348997	-578.37	12/31/2025	Model2501	100	LMMSOFRFLAT	RFRSwap	4.96	0.21	-0.01	0.002	 5 	-0.28	0.18	0.24	0.10	0.06	-0.11	-0.03	3.8	13.7	132	126	0.01	21.1	7.13	226	 203,451 	NATIONSTAR MORTGAGE LLC	100	1.05	0.01	1.03	0.26	0.00	0.21	0.23	0.00	-0.23	0.29	0.00	-0.48
AFS	613349	3128LUUV6	Agency MBS ARM	G-2-Q	FREDDIE MAC	0.00484451	6.835	9/1/2037	50007981	 242,264 	 6,541.79 	250331.29	252404.57	103.3299	104.1856824	2073.29	12/31/2025	Model2501	100	LMMSOFRFLAT	RFRSwap	5.23	0.79	-0.01	0.008	 20 	0.32	0.01	0.12	0.05	0.29	-0.08	-0.03	4.5	9.9	155	147	0.00	23.9	7.09	220	 240,033 	NATIONSTAR MORTGAGE LLC	100	1.32	0.01	2.02	0.88	0.01	0.84	0.85	0.01	-0.86	0.97	0.01	-1.79
AFS	612760	3128LUXG6	Agency MBS ARM	G-2-Q	FREDDIE MAC	0.00519937	6.5	10/1/2037	50093496	 260,455 	 7,104.61 	269560.27	268515.98	103.4961	103.0951118	-1044.29	12/31/2025	Model2501	100	LMMSOFRFLAT	RFRSwap	5.08	0.81	0.01	0.008	 22 	0.39	0.02	0.13	0.07	0.21	-0.09	-0.03	4.0	13.3	142	136	0.01	23.8	7.00	219	 259,259 	JPMORGAN CHASE BANK, NATIONAL ASSOCIATIO	100	1.36	0.01	2.06	0.91	0.01	0.87	0.87	0.01	-0.87	0.96	0.01	-1.79
AFS	612174	3128NH7K3	Agency MBS ARM	G-2-Q	FREDDIE MAC	0.01403811	5.82	12/1/2036	12415753	 174,294 	 5,398.17 	179107.27	178088.87	102.7618	102.1774552	-1018.4	12/31/2025	Model2501	100	LMMSOFRFLAT	RFRSwap	4.98	1.00	0.02	0.010	 18 	0.46	0.00	0.04	0.14	0.31	-0.04	-0.01	4.0	12.1	137	129	0.01	19.0	6.63	229	 90,324 	#SPILL!	#SPILL!	1.35	0.01	2.31	1.09	0.01	1.06	1.01	0.01	-1.02	1.16	0.01	-2.09
AFS	613417	3128NJBS7	Agency MBS ARM	G-2-Q	FREDDIE MAC	0.02176856	6.635	8/1/2038	15244648	 331,854 	 7,818.73 	342187.1	343947.87	103.1137	103.6443242	1760.78	12/31/2025	Model2501	100	LMMSOFRFLAT	RFRSwap	5.08	0.55	-0.12	0.006	 19 	0.35	0.09	0.20	0.00	0.05	-0.19	-0.05	4.0	14.1	133	130	0.02	18.4	7.00	208	 273,663 	NATIONSTAR MORTGAGE LLC	100	1.10	0.01	1.43	0.56	0.01	0.55	0.76	0.01	-0.67	1.08	0.01	-1.60
AFS	614161	3128NKFV3	Agency MBS ARM	G-2-Q	FREDDIE MAC	0.01155577	5.064	9/1/2037	50029585	 578,130 	 15,594.62 	584717.78	574122.27	101.1394	99.3067125	-10595.51	12/31/2025	Model2501	100	LMMSOFRFLAT	RFRSwap	4.77	0.89	0.09	0.009	 52 	0.37	-0.10	-0.01	0.15	0.35	0.03	0.00	3.9	15.2	116	108	0.01	20.4	7.75	219	 200,408 	#SPILL!	#SPILL!	1.57	0.02	2.32	1.09	0.01	0.96	0.89	0.01	-0.87	0.95	0.01	-1.77
AFS	613301	3128NKJJ6	Agency MBS ARM	G-2-Q	FREDDIE MAC	0.01394152	5.86	11/1/2037	18169303	 253,308 	 6,918.53 	261223.6	257476.35	103.125	101.6456855	-3747.24	12/31/2025	Model2501	100	LMMSOFRFLAT	RFRSwap	4.82	0.65	-0.03	0.007	 17 	0.21	0.03	0.13	0.10	0.19	-0.07	-0.02	3.8	14.5	118	112	0.01	19.6	7.00	221	 252,142 	NATIONSTAR MORTGAGE LLC	100	1.22	0.01	1.73	0.75	0.01	0.68	0.70	0.01	-0.69	0.76	0.01	-1.42
AFS	612644	3128NUBW3	Agency MBS ARM	G-2-Q	FREDDIE MAC	0.00672831	6.121	10/1/2036	19659784	 132,277 	 3,995.76 	136509.32	136866.16	103.1995	103.4692633	356.84	12/31/2025	Model2501	100	LMMSOFRFLAT	RFRSwap	4.90	0.66	-0.03	0.007	 9 	0.58	0.11	0.12	0.01	-0.02	-0.13	-0.03	4.0	11.4	125	100	0.01	21.4	6.73	231	 204,313 	WELLS FARGO BANK, NATIONAL ASSOCIATION	100	1.08	0.01	1.50	0.63	0.01	0.68	0.75	0.01	-0.72	0.97	0.01	-1.57
AFS	612666	3128QJLN4	Agency MBS ARM	G-2-Q	FREDDIE MAC	0.00601091	6.569	10/1/2036	31500000	 189,344 	 10,111.36 	195957.65	195556.1	103.4931	103.2810379	-401.54	12/31/2025	Model2501	100	LMMSOFRFLAT	RFRSwap	5.06	0.78	0.01	0.008	 15 	0.30	0.00	0.12	0.10	0.25	-0.07	-0.02	3.9	12.2	143	139	0.01	21.4	6.87	232	 106,464 	#SPILL!	#SPILL!	1.18	0.01	1.88	0.84	0.01	0.83	0.82	0.01	-0.82	0.92	0.01	-1.70
AFS	613093	3128QJT63	Agency MBS ARM	G-2-Q	FREDDIE MAC	0.00582527	6.5	1/1/2037	23052995	 134,290 	 4,047.05 	137200.13	137796.55	102.1671	102.6112357	596.42	12/31/2025	Model2501	100	LMMSOFRFLAT	RFRSwap	5.08	0.99	-0.03	0.010	 14 	0.44	0.08	0.10	0.14	0.27	-0.05	-0.01	4.3	10.3	144	135	0.01	22.0	6.50	228	 134,290 	NEW RESIDENTIAL MORTGAGE LLC	100	1.24	0.01	2.16	1.00	0.01	1.03	1.05	0.01	-1.04	1.32	0.01	-2.21
AFS	613322	3128QJXK7	Agency MBS ARM	G-2-Q	FREDDIE MAC	0.00570681	6.506	3/1/2037	62937127	 359,170 	 11,762.96 	368999.45	370497.42	102.7366	103.1537125	1497.97	12/31/2025	Model2501	100	LMMSOFRFLAT	RFRSwap	4.94	0.27	0.05	0.003	 10 	-0.39	0.08	0.15	0.18	0.24	-0.02	-0.01	4.4	9.9	130	119	0.01	22.2	7.19	226	 94,841 	#SPILL!	#SPILL!	1.23	0.01	1.33	0.42	0.00	0.30	0.28	0.00	-0.28	0.33	0.00	-0.58
AFS	612667	3128QLSA0	Agency MBS ARM	G-2-Q	FREDDIE MAC	0.00452763	6.296	5/1/2036	21352480	 96,676 	 3,217.65 	99574.53	100102.64	102.9981	103.5443169	528.1	12/31/2025	Model2501	100	LMMSOFRFLAT	RFRSwap	5.02	0.50	-0.01	0.005	 5 	0.30	0.06	0.08	0.03	0.07	-0.08	-0.02	4.3	8.6	139	112	0.00	22.4	6.80	235	 171,846 	WELLS FARGO BANK, NATIONAL ASSOCIATION	100	1.07	0.01	1.48	0.63	0.01	0.55	0.52	0.01	-0.52	0.62	0.01	-1.09
AFS	613463	3128QUA68	Agency MBS ARM	G-2-Q	FREDDIE MAC	0.00907791	6.355	5/1/2037	10194731	 92,547 	 2,193.72 	94684.63	94375.31	102.3099	101.9757113	-309.33	12/31/2025	Model2501	100	LMMSOFRFLAT	RFRSwap	4.90	0.41	-0.02	0.004	 4 	-0.08	0.11	0.18	0.11	0.12	-0.08	-0.02	3.6	15.3	127	122	0.01	20.5	7.25	224	 208,570 	ROCKET MORTGAGE, LLC	100	1.19	0.01	1.50	0.68	0.01	0.47	0.41	0.00	-0.42	0.50	0.01	-0.87
AFS	614579	3128S4F28	Agency MBS ARM	G-2-Q	FREDDIE MAC	0.00186479	6.233	12/1/2036	25000000	 46,620 	 1,433.42 	48171.2	48092.74	103.3279	103.1595758	-78.46	12/31/2025	Model2501	100	LMMSOFRFLAT	RFRSwap	5.05	0.90	-0.06	0.009	 4 	0.44	-0.05	0.05	0.09	0.32	-0.07	-0.02	4.2	10.7	140	133	0.00	26.4	6.75	230	 110,158 	NEW RESIDENTIAL MORTGAGE LLC	100	1.22	0.01	2.02	0.90	0.01	0.93	1.01	0.01	-0.98	1.20	0.01	-2.09
AFS	612528	31295NF78	Agency MBS ARM	G-2-Q	FREDDIE MAC	0.00102776	6.479	4/1/2032	5000000	 5,139 	 313.57 	5161.32	5246.89	100.4382	102.1033971	85.57	12/31/2025	Model2501	100	LMMSOFRFLAT	RFRSwap	4.84	0.42	0.01	0.004	 0 	0.23	-0.01	0.02	0.13	0.02	-0.01	0.00	2.8	11.9	138	128	0.00	21.8	7.00	285	 39,593 	NATIONSTAR MORTGAGE LLC	100	1.28	0.01	1.59	0.68	0.01	0.48	0.43	0.00	-0.43	0.46	0.00	-0.88
AFS	614553	31295NRT7	Agency MBS ARM	G-2-Q	FREDDIE MAC	0.00022065	6.229	7/1/2032	5000000	 1,103 	 66.70 	1105.96	1126.66	100.2456	102.1216599	20.7	12/31/2025	Model2501	100	LMMSOFRFLAT	RFRSwap	4.80	0.56	0.02	0.006	 0 	0.37	0.00	0.03	0.13	0.02	-0.01	0.00	2.7	13.9	134	125	0.00	27.1	6.75	282	 16,453 	NATIONSTAR MORTGAGE LLC	100	1.32	0.01	1.69	0.72	0.01	0.62	0.56	0.01	-0.57	0.63	0.01	-1.16
AFS	613985	31326FQ35	Agency MBS ARM	G-2-Q	FREDDIE MAC	0.04417497	6.37	5/1/2043	30315728	 1,339,196 	 27,716.37 	1353252.19	1392691.06	101.0496	103.9945362	39438.87	12/31/2025	Model2501	100	LMMSOFRFLAT	RFRSwap	4.75	0.80	-0.50	0.008	 112 	0.14	0.20	0.26	0.03	0.30	-0.10	-0.07	4.2	17.1	78	89	0.04	19.4	7.00	151	 167,270 	#SPILL!	#SPILL!	0.81	0.01	1.28	0.48	0.01	0.63	1.47	0.02	-1.15	2.88	0.03	-3.32
AFS	614185	31348S6D1	Agency MBS ARM	G-2-Q	FREDDIE MAC	0.00012722	6.575	9/1/2027	3000000	 382 	 556.62 	381.66	380.85	100	99.7877998	-0.81	12/31/2025	Model2501	100	LMMSOFRFLAT	RFRSwap	4.41	0.28	0.00	0.003	 0 	0.28	0.00	0.00	0.00	0.00	0.00	0.00	0.3	26.2	77	73	0.00	NA	7.10	356	 NA 	FIFTH THIRD BANK, NATIONAL ASSOCIATION	100	0.28	0.00	0.56	0.28	0.00	0.28	0.28	0.00	-0.28	0.27	0.00	-0.55
AFS	614442	31348SE34	Agency MBS ARM	G-2-Q	FREDDIE MAC	0.00033672	6.625	4/1/2026	10032276	 3,378 	 6,518.62 	3378.07	3368.57	100	99.7186944	-9.5	12/31/2025	Model2501	100	LMMSOFRFLAT	RFRSwap	4.01	0.21	0.00	0.002	 0 	0.21	0.00	0.00	0.00	0.00	0.00	0.00	0.2	23.8	35	31	0.00	13.5	7.25	357	 NA 	NEWREZ LLC	100	0.21	0.00	0.42	0.21	0.00	0.21	0.21	0.00	-0.21	0.21	0.00	-0.42
AFS	614438	31348SGC2	Agency MBS ARM	G-2-Q	FREDDIE MAC	0.00001457	6.41	5/1/2026	9781453	 143 	 838.73 	142.64	141.9	100.0837	99.5677124	-0.73	12/31/2025	Model2501	100	LMMSOFRFLAT	RFRSwap	4.68	0.21	0.00	0.002	 0 	0.21	0.00	0.00	0.00	0.00	0.00	0.00	0.2	5.0	107	101	0.00	NA	7.00	359	 NA 	FIFTH THIRD BANK, NATIONAL ASSOCIATION	100	0.21	0.00	0.41	0.21	0.00	0.21	0.21	0.00	-0.21	0.21	0.00	-0.41
AFS	614233	31348SK60	Agency MBS ARM	G-2-Q	FREDDIE MAC	0.00013424	5.839	11/1/2026	2200000	 295 	 166.87 	295.33	295.25	100	99.9723496	-0.08	12/31/2025	Model2501	100	LMMSOFRFLAT	RFRSwap	4.51	0.51	0.01	0.005	 0 	0.51	0.00	0.00	0.00	0.00	0.00	0.00	0.5	27.5	96	93	0.00	19.4	6.44	349	 NA 	JPMORGAN CHASE BANK, NATIONAL ASSOCIATIO	100	0.52	0.01	1.03	0.51	0.01	0.51	0.50	0.01	-0.51	0.50	0.00	-1.01
AFS	614108	31348SPF5	Agency MBS ARM	G-2-Q	FREDDIE MAC	0.0006903	6.321	5/1/2027	5000000	 3,452 	 1,744.01 	3451.5	3458.85	100	100.2128789	7.35	12/31/2025	Model2501	100	LMMSOFRFLAT	RFRSwap	4.57	0.34	0.01	0.003	 0 	0.33	0.01	0.00	0.00	0.00	0.00	0.00	0.7	22.0	108	108	0.00	15.8	7.07	345	 NA 	WELLS FARGO BANK, NATIONAL ASSOCIATION	100	0.72	0.01	0.98	0.41	0.00	0.35	0.34	0.00	-0.34	0.33	0.00	-0.68
AFS	614757	31349S5P4	Agency MBS ARM	G-2-Q	FREDDIE MAC	0.00188227	6.25	7/1/2034	19586813	 36,868 	 1,989.71 	38046	37918.29	103.1961	102.8496939	-127.71	12/31/2025	Model2501	100	LMMSOFRFLAT	RFRSwap	4.97	0.51	-0.04	0.005	 2 	0.29	0.00	0.01	0.12	0.08	-0.02	-0.01	3.7	8.6	142	123	0.00	22.5	6.75	259	 73,809 	#SPILL!	#SPILL!	1.32	0.01	1.60	0.65	0.01	0.55	0.56	0.01	-0.55	0.71	0.01	-1.18
AFS	614566	31349SMP5	Agency MBS ARM	G-2-Q	FREDDIE MAC	0.00016343	6.225	4/1/2033	2663091	 435 	 1,505.75 	434.84	437.42	99.9097	100.5044401	2.59	12/31/2025	Model2501	100	LMMSOFRFLAT	RFRSwap	-3.96	0.13	0.00	0.001	 0 	0.13	0.00	0.00	0.00	0.00	0.00	0.00	0.1	NA	-751	-773	0.00	100.0	NA	NA	 NA 	NA	NA	0.13	0.00	0.26	0.13	0.00	0.13	0.13	0.00	-0.13	0.13	0.00	-0.26
AFS	614657	31349UDY1	Agency MBS ARM	G-2-Q	FREDDIE MAC	0.00195716	6.125	11/1/2034	30845249	 60,369 	 2,503.21 	62217.63	62055.54	103.0621	102.7935747	-162.09	12/31/2025	Model2501	100	LMMSOFRFLAT	RFRSwap	4.99	0.73	-0.12	0.008	 5 	0.65	0.06	0.10	0.05	-0.02	-0.09	-0.02	3.5	11.3	140	123	0.00	22.8	6.63	254	 97,847 	WELLS FARGO BANK, NATIONAL ASSOCIATION	100	1.07	0.01	1.65	0.73	0.01	0.75	0.86	0.01	-0.82	1.14	0.01	-1.80
AFS	614519	31349UEL8	Agency MBS ARM	G-2-Q	FREDDIE MAC	0.00449857	5.991	11/1/2034	50427471	 226,852 	 9,629.73 	233450.17	233293.91	102.9088	102.8399194	-156.26	12/31/2025	Model2501	100	LMMSOFRFLAT	RFRSwap	5.01	0.87	-0.07	0.009	 20 	0.72	0.02	0.06	0.08	0.05	-0.05	-0.01	3.7	9.8	143	123	0.00	19.7	6.49	253	 81,004 	WELLS FARGO BANK, NATIONAL ASSOCIATION	100	1.10	0.01	1.92	0.91	0.01	0.91	0.97	0.01	-0.94	1.31	0.01	-2.06
AFS	614302	31362VFC7	Agency MBS ARM	G-2-Q	FANNIE MAE	0.00013627	5.25	2/1/2028	2000827	 273 	 111.58 	273.19	272.21	100.1979	99.8393299	-0.98	12/31/2025	Model2501	100	LMMSOFRFLAT	RFRSwap	4.88	0.48	0.01	0.005	 0 	0.47	0.01	0.00	0.00	0.00	0.00	0.00	0.5	55.5	133	130	0.00	NA	6.00	467	 NA 	JPMORGAN CHASE BANK, NATIONAL ASSOCIATIO	100	0.49	0.00	0.98	0.49	0.00	0.49	0.43	0.00	-0.47	0.18	0.00	-0.75
AFS	613569	31374GB97	Agency MBS ARM	G-2-Q	FANNIE MAE	0.00001881	6.102	1/1/2027	17000000	 320 	 336.70 	319.77	319.86	100	100.0274651	0.09	12/31/2025	Model2501	100	LMMSOFRFLAT	RFRSwap	4.97	0.38	0.00	0.004	 0 	0.38	0.00	0.00	0.00	0.00	0.00	0.00	0.4	25.0	137	134	0.00	24.2	6.75	352	 NA 	NEW RESIDENTIAL MORTGAGE LLC	100	0.39	0.00	0.77	0.38	0.00	0.38	0.38	0.00	-0.38	0.38	0.00	-0.76
AFS	613185	31376FLZ8	Agency MBS ARM	G-2-Q	FANNIE MAE	0.00019999	6.33	9/1/2026	6080494	 1,216 	 774.55 	1216.04	1217.18	100	100.0943026	1.15	12/31/2025	Model2501	100	LMMSOFRFLAT	RFRSwap	4.97	0.38	0.00	0.004	 0 	0.38	0.00	0.00	0.00	0.00	0.00	0.00	0.4	30.1	137	134	0.00	15.8	7.00	352	 NA 	JPMORGAN CHASE BANK, NATIONAL ASSOCIATIO	100	0.38	0.00	0.77	0.38	0.00	0.38	0.37	0.00	-0.38	0.37	0.00	-0.75
AFS	614396	31379CJ36	Agency MBS ARM	G-2-Q	FANNIE MAE	0	0	4/1/2026	0	 -   	 -   	0	0	0		0	12/31/2025	Model2501	100	LMMSOFRFLAT	RFRSwap	Error	Error	Error	Error	#VALUE!	Error	Error	Error	Error	Error	Error	Error	Error	Error	Error	Error	0.00	NA	NA	NA	 NA 	NA	NA	Error	Error	Error	Error	Error	Error	Error	Error	Error	Error	Error	Error
AFS	613830	31379LCQ2	Agency MBS ARM	G-2-Q	FANNIE MAE	0.00048241	6.556	12/1/2027	1000000	 482 	 210.81 	482.41	483.9	100	100.3090569	1.49	12/31/2025	Model2501	100	LMMSOFRFLAT	RFRSwap	4.59	0.52	0.01	0.005	 0 	0.51	0.00	0.00	0.00	0.00	0.00	0.00	0.5	27.1	105	102	0.00	NA	6.38	348	 NA 	JPMORGAN CHASE BANK, NATIONAL ASSOCIATIO	100	0.52	0.01	1.05	0.52	0.01	0.52	0.51	0.01	-0.52	0.51	0.01	-1.03
AFS	614388	31379PCG5	Agency MBS ARM	G-2-Q	FANNIE MAE	0.00123036	6.335	4/1/2028	15374771	 18,917 	 3,828.36 	18920.85	19102.48	100.023	100.9831481	181.63	12/31/2025	Model2501	100	LMMSOFRFLAT	RFRSwap	4.53	0.55	0.39	0.006	 1 	0.40	0.19	-0.03	0.00	0.00	0.00	0.00	1.0	20.6	114	113	0.00	15.8	6.82	334	 11,650 	BANK OF AMERICA, NATIONAL ASSOCIATION	100	0.94	0.01	1.72	0.90	0.01	0.77	0.43	0.00	-0.45	0.75	0.01	-1.02
AFS	613960	31381DR56	Agency MBS ARM	G-2-Q	FANNIE MAE	0.00065959	6.395	1/1/2029	500000	 330 	 72.69 	330.73	332.68	100.2827	100.8737421	1.95	12/31/2025	Model2501	100	LMMSOFRFLAT	RFRSwap	4.56	0.39	0.52	0.004	 0 	0.26	0.14	-0.03	0.00	0.00	0.00	0.00	1.0	18.6	114	115	0.00	18.7	6.88	336	 NA 	BANK OF AMERICA, NATIONAL ASSOCIATION	100	0.92	0.01	1.60	0.86	0.01	0.69	0.29	0.00	-0.30	0.73	0.01	-0.75
AFS	614601	31385EWK1	Agency MBS ARM	G-2-Q	FANNIE MAE	0.02560701	6.195	7/1/2030	1183204	 30,298 	 2,767.22 	30371.73	30832.87	100.2423	101.7642842	461.13	12/31/2025	Model2501	100	LMMSOFRFLAT	RFRSwap	4.61	0.50	0.02	0.005	 2 	0.37	0.01	0.09	0.02	0.00	0.00	0.00	1.8	19.2	121	119	0.03	9.6	6.75	306	 29,827 	JPMORGAN CHASE BANK, NATIONAL ASSOCIATIO	100	1.13	0.01	1.47	0.63	0.01	0.54	0.48	0.00	-0.50	0.51	0.01	-0.99
AFS	614661	31385JDB1	Agency MBS ARM	G-2-Q	FANNIE MAE	0.00797855	6.506	3/1/2032	5000000	 39,893 	 2,525.03 	40185.24	40810.3	100.7332	102.3000482	625.06	12/31/2025	Model2501	100	LMMSOFRFLAT	RFRSwap	4.80	0.24	0.01	0.003	 1 	0.14	-0.03	0.02	0.08	0.00	-0.02	0.00	2.6	12.9	135	125	0.01	14.9	7.00	286	 69,512 	#SPILL!	#SPILL!	1.09	0.01	1.17	0.36	0.00	0.26	0.25	0.00	-0.25	0.26	0.00	-0.51
AFS	613875	31385JPH5	Agency MBS ARM	G-2-Q	FANNIE MAE	0	0	8/1/2032	0	 -   	 41.69 	0	0	0		0	12/31/2025	Model2501	100	LMMSOFRFLAT	RFRSwap	Error	Error	Error	Error	#VALUE!	Error	Error	Error	Error	Error	Error	Error	Error	Error	Error	Error	0.00	100.0	NA	NA	 NA 	NA	NA	Error	Error	Error	Error	Error	Error	Error	Error	Error	Error	Error	Error
AFS	612882	31385SB49	Agency MBS ARM	G-2-Q	FANNIE MAE	0.00071042	7.12	8/1/2029	6172203	 4,385 	 4,523.49 	4400.42	4473.06	100.3549	102.0114421	72.64	12/31/2025	Model2501	100	LMMSOFRFLAT	RFRSwap	4.57	0.85	0.02	0.009	 0 	0.75	0.02	0.08	0.00	0.00	0.00	0.00	1.4	20.2	118	114	0.00	18.6	7.50	323	 11,220 	CITIZENS BANK, NATIONAL ASSOCIATION	100	1.04	0.01	1.88	0.89	0.01	0.89	0.87	0.01	-0.87	0.99	0.01	-1.81
AFS	614158	31385SB64	Agency MBS ARM	G-2-Q	FANNIE MAE	0.00334171	6.522	11/1/2028	2000000	 6,683 	 1,975.70 	6721.51	6751.85	100.5699	101.0238757	30.34	12/31/2025	Model2501	100	LMMSOFRFLAT	RFRSwap	4.53	0.58	0.02	0.006	 0 	0.60	-0.02	0.00	0.00	0.00	0.00	0.00	0.8	25.0	108	109	0.00	11.4	6.90	340	 NA 	CITIZENS BANK, NATIONAL ASSOCIATION	100	0.75	0.01	1.31	0.62	0.01	0.61	0.58	0.01	-0.59	0.60	0.01	-1.17
AFS	613814	31385Y2E4	Agency MBS ARM	G-2-Q	FANNIE MAE	0.00254526	5.428	6/1/2040	615000	 1,565 	 331.34 	1569.11	1574.41	100.2415	100.5797316	5.3	12/31/2025	Model2501	100	LMMSOFRFLAT	RFRSwap	4.57	0.57	0.02	0.006	 0 	0.31	0.03	0.09	0.13	0.00	0.00	0.00	2.0	19.2	117	144	0.00	17.7	6.64	310	 21,109 	JPMORGAN CHASE BANK, NATIONAL ASSOCIATIO	100	0.64	0.01	1.21	0.59	0.01	0.59	0.56	0.01	-0.57	0.56	0.01	-1.13
AFS	612157	31386Y5B6	Agency MBS ARM	G-2-Q	FANNIE MAE	0.00059163	6.49	11/1/2029	5202000	 3,078 	 2,554.20 	3091.52	3112.89	100.4505	101.1447376	21.36	12/31/2025	Model2501	100	LMMSOFRFLAT	RFRSwap	4.65	0.79	-0.01	0.008	 0 	0.71	0.05	0.06	-0.02	0.00	-0.01	0.00	1.4	18.1	125	125	0.00	21.0	6.38	324	 40,604 	JPMORGAN CHASE BANK, NATIONAL ASSOCIATIO	100	0.86	0.01	1.63	0.79	0.01	0.81	0.81	0.01	-0.81	0.94	0.01	-1.67
AFS	614426	31389PTV2	Agency MBS ARM	G-2-Q	FANNIE MAE	0.00362711	6.525	3/1/2032	7053778	 25,585 	 1,852.83 	25801.45	26181.92	100.8467	102.3337882	380.47	12/31/2025	Model2501	100	LMMSOFRFLAT	RFRSwap	4.80	0.95	0.02	0.010	 3 	0.84	-0.04	0.01	0.10	0.01	-0.01	0.00	2.6	12.0	136	124	0.00	17.7	7.00	287	 25,273 	NEW RESIDENTIAL MORTGAGE LLC	100	1.31	0.01	2.21	1.03	0.01	1.01	1.00	0.01	-0.99	1.25	0.01	-2.11
AFS	613966	31389TJ29	Agency MBS ARM	G-2-Q	FANNIE MAE	0.00288034	6.537	3/1/2032	5000000	 14,402 	 937.19 	14534.43	14753.45	100.9216	102.4424402	219.02	12/31/2025	Model2501	100	LMMSOFRFLAT	RFRSwap	4.79	0.21	0.01	0.002	 0 	0.09	-0.04	0.00	0.10	0.01	-0.01	0.00	2.6	12.0	135	124	0.00	18.5	7.00	286	 24,718 	NATIONSTAR MORTGAGE LLC	100	1.15	0.01	1.17	0.34	0.00	0.23	0.20	0.00	-0.21	0.20	0.00	-0.42
AFS	613870	3138E0SX8	Agency MBS ARM	G-2-Q	FANNIE MAE	0.0113935	6.105	12/1/2041	50455651	 574,866 	 17,934.67 	594314.98	598811.02	103.3831	104.1652385	4496.03	12/31/2025	Model2501	100	LMMSOFRFLAT	RFRSwap	5.18	1.43	-0.65	0.015	 86 	0.42	0.04	0.14	0.12	0.71	-0.01	-0.05	5.1	11.5	119	126	0.01	24.8	6.54	169	 144,081 	WELLS FARGO BANK, NATIONAL ASSOCIATION	100	1.07	0.01	2.22	0.95	0.01	1.22	2.28	0.02	-1.89	3.39	0.03	-4.77
AFS	612673	3138E9AD2	Agency MBS ARM	G-2-Q	FANNIE MAE	0.00101093	6.805	3/1/2042	50021455	 50,568 	 1,578.72 	52164.05	52499.72	103.1559	103.8196455	335.66	12/31/2025	Model2501	100	LMMSOFRFLAT	RFRSwap	5.33	0.77	-0.36	0.008	 4 	-0.40	0.06	0.12	0.22	0.66	0.13	-0.02	5.5	10.4	139	137	0.00	37.3	7.25	166	 50,425 	WELLS FARGO BANK, NATIONAL ASSOCIATION	100	1.28	0.01	1.87	0.72	0.01	0.65	1.41	0.01	-1.10	3.13	0.03	-3.31
AFS	614366	3138EH6U1	Agency MBS ARM	G-2-Q	FANNIE MAE	0.00132553	6.693	5/1/2042	32483119	 43,057 	 56,823.39 	45557.31	44491.75	105.8061	103.3313783	-1065.56	12/31/2025	Model2501	100	LMMSOFRFLAT	RFRSwap	5.43	1.09	-0.68	0.011	 5 	-0.31	0.01	0.06	0.22	0.90	0.23	-0.02	6.0	8.7	141	142	0.00	36.2	7.25	165	 42,942 	CITIZENS BANK, NATIONAL ASSOCIATION	100	1.41	0.02	2.32	1.00	0.01	0.95	1.93	0.02	-1.51	3.64	0.04	-4.36
AFS	614002	3138EKXN0	Agency MBS ARM	G-2-Q	FANNIE MAE	0.00337096	6.502	3/1/2043	25925797	 87,395 	 1,291.61 	88434.05	90210.16	101.1891	103.2213932	1776.11	12/31/2025	Model2501	100	LMMSOFRFLAT	RFRSwap	5.22	1.23	-0.53	0.013	 11 	0.04	-0.04	0.05	0.22	0.75	0.21	-0.02	5.3	12.0	123	126	0.00	33.8	6.84	155	 43,589 	NEW RESIDENTIAL MORTGAGE LLC	100	1.22	0.01	2.21	0.94	0.01	1.08	1.98	0.02	-1.61	3.26	0.03	-4.26
AFS	614531	3138EKXP5	Agency MBS ARM	G-2-Q	FANNIE MAE	0.00983891	6.5	3/1/2043	21977383	 216,233 	 207,391.71 	218716.97	223355.65	101.1485	103.2937326	4638.67	12/31/2025	Model2501	100	LMMSOFRFLAT	RFRSwap	4.36	0.66	-0.24	0.007	 15 	0.14	0.09	0.13	0.07	0.24	0.01	-0.03	2.7	13.4	42	40	0.01	31.5	7.16	155	 67,513 	#SPILL!	#SPILL!	0.42	0.00	1.05	0.50	0.01	0.59	1.01	0.01	-0.85	1.59	0.02	-2.20
AFS	613446	3138WPJX3	Agency MBS ARM	G-2-Q	FANNIE MAE	0.01961417	6.42	5/1/2043	50187171	 984,380 	 547,751.63 	992832.36	1025459.04	100.8587	104.1731188	32626.67	12/31/2025	Model2501	100	LMMSOFRFLAT	RFRSwap	4.76	0.84	-0.64	0.009	 86 	0.02	0.19	0.25	0.07	0.40	-0.07	-0.07	4.3	16.2	72	88	0.02	24.3	7.11	152	 164,114 	WELLS FARGO BANK, NATIONAL ASSOCIATION	100	0.77	0.01	1.27	0.48	0.01	0.62	1.80	0.02	-1.28	3.37	0.03	-3.98
AFS	614589	31402DLZ1	Agency MBS ARM	G-2-Q	FANNIE MAE	0.01046388	5.864	8/1/2034	24181430	 253,032 	 67,613.66 	259869.67	257299.53	102.7025	101.686724	-2570.14	12/31/2025	Model2501	100	LMMSOFRFLAT	RFRSwap	4.69	0.42	0.31	0.004	 11 	0.13	-0.11	-0.04	0.13	0.09	-0.03	-0.01	3.4	10.1	115	130	0.01	16.3	6.46	260	 90,053 	NEW RESIDENTIAL MORTGAGE LLC	100	1.21	0.01	1.81	0.92	0.01	0.69	0.41	0.00	-0.39	0.86	0.01	-0.99
AFS	614336	31405FGE6	Agency MBS ARM	G-2-Q	FANNIE MAE	0.0018903	6.469	7/1/2034	9000000	 17,013 	 732.51 	17126.7	17515.16	100.6701	102.9534549	388.46	12/31/2025	Model2501	100	LMMSOFRFLAT	RFRSwap	4.95	0.41	0.00	0.004	 1 	-0.15	0.03	0.10	0.26	0.14	-0.02	0.00	3.4	11.2	142	139	0.00	22.2	7.07	260	 33,009 	NEW RESIDENTIAL MORTGAGE LLC	100	1.24	0.01	1.39	0.51	0.01	0.43	0.46	0.00	-0.44	0.58	0.01	-0.96
AFS	614054	31407QGB6	Agency MBS ARM	G-2-Q	FANNIE MAE	0.0005065	6.13	9/1/2037	33798675	 17,119 	 2,401.80 	17697.46	17523.92	103.3789	102.3651746	-173.54	12/31/2025	Model2501	100	LMMSOFRFLAT	RFRSwap	5.08	0.73	0.00	0.007	 1 	0.15	-0.07	0.03	0.12	0.38	0.02	0.00	4.5	9.6	143	132	0.00	32.8	7.00	221	 16,719 	TRUIST BANK	100	1.57	0.02	2.14	0.93	0.01	0.80	0.74	0.01	-0.75	0.82	0.01	-1.53
AFS	613294	31408B2Q0	Agency MBS ARM	G-2-Q	FANNIE MAE	0.00477097	5.788	11/1/2035	15013237	 71,628 	 2,606.19 	73832.18	72985.69	103.0777	101.8958945	-846.5	12/31/2025	Model2501	100	LMMSOFRFLAT	RFRSwap	4.81	0.47	0.17	0.005	 3 	0.19	-0.15	-0.06	0.09	0.15	-0.02	-0.01	3.6	12.8	124	136	0.00	20.8	6.25	242	 71,192 	NEW RESIDENTIAL MORTGAGE LLC	100	1.32	0.01	1.85	0.92	0.01	0.69	0.50	0.01	-0.46	0.92	0.01	-1.17
AFS	613095	31408ELZ3	Agency MBS ARM	G-2-Q	FANNIE MAE	0.0031363	6.215	1/1/2036	30041599	 94,219 	 3,212.24 	96908.9	95509.93	102.8544	101.3696404	-1398.97	12/31/2025	Model2501	100	LMMSOFRFLAT	RFRSwap	4.95	0.90	0.00	0.009	 9 	0.43	0.08	0.10	0.17	0.15	-0.05	-0.01	3.5	14.0	138	133	0.00	22.8	6.50	240	 156,062 	NATIONSTAR MORTGAGE LLC	100	1.27	0.01	2.05	0.95	0.01	0.93	0.94	0.01	-0.92	1.20	0.01	-1.96
AFS	614199	31409D6C2	Agency MBS ARM	G-2-Q	FANNIE MAE	0.00403897	6.683	4/1/2036	30022219	 121,259 	 4,098.30 	125081.55	125122.95	103.1525	103.1866594	41.39	12/31/2025	Model2501	100	LMMSOFRFLAT	RFRSwap	4.36	0.18	0.00	0.002	 2 	-0.14	0.06	0.09	0.10	0.09	-0.02	-0.01	2.2	12.5	78	70	0.00	24.2	7.13	238	 68,657 	NEW RESIDENTIAL MORTGAGE LLC	100	0.71	0.01	0.78	0.27	0.00	0.20	0.23	0.00	-0.21	0.32	0.00	-0.48
AFS	614660	31409GR65	Agency MBS ARM	G-2-Q	FANNIE MAE	0.00615021	5.867	12/1/2036	12550001	 77,185 	 3,292.84 	79699.93	79266.87	103.2581	102.6970639	-433.06	12/31/2025	Model2501	100	LMMSOFRFLAT	RFRSwap	4.99	0.90	-0.03	0.009	 7 	0.44	0.02	0.05	0.13	0.23	-0.05	-0.01	3.7	13.8	138	132	0.01	21.2	6.50	229	 76,603 	NEW RESIDENTIAL MORTGAGE LLC	100	1.18	0.01	2.01	0.93	0.01	0.94	0.96	0.01	-0.95	1.21	0.01	-2.03
AFS	614500	31409GRW8	Agency MBS ARM	G-2-Q	FANNIE MAE	0.00933076	6.316	10/1/2036	16153769	 150,727 	 171,280.34 	155934	155320.6	103.4546	103.0476662	-613.41	12/31/2025	Model2501	100	LMMSOFRFLAT	RFRSwap	4.87	0.70	0.00	0.007	 11 	0.31	0.03	0.15	0.08	0.15	-0.10	-0.02	3.6	14.4	126	123	0.01	19.6	7.00	232	 149,940 	NEW RESIDENTIAL MORTGAGE LLC	100	1.22	0.01	1.80	0.77	0.01	0.74	0.74	0.01	-0.74	0.84	0.01	-1.54
AFS	613702	3140JCAH7	Agency MBS ARM	G-2-Q	FANNIE MAE	0.79891797	4.556	5/1/2053	79635171	 63,621,969 	 3,008,461.86 	62584134.41	63969838.81	98.3687	100.546776	1385704.4	12/31/2025	Model2501	100	LMMSOFRFLAT	RFRSwap	4.61	2.07	-0.92	0.021	 13,296 	0.26	0.32	0.90	0.93	-0.15	-0.15	-0.05	3.6	25.8	84	97	0.80	6.7	5.19	34	 425,049 	#SPILL!	#SPILL!	0.85	0.01	2.42	1.04	0.01	1.56	2.72	0.03	-2.44	3.10	0.03	-5.27
AFS	614697	3140JCEY6	Agency MBS ARM	G-2-Q	FANNIE MAE	0.80768803	4.37	8/1/2053	69167704	 55,865,927 	 3,456,921.08 	55112822.17	56655205.09	98.6519	101.4128084	1542382.92	12/31/2025	Model2501	100	LMMSOFRFLAT	RFRSwap	4.29	1.19	-0.62	0.012	 6,787 	0.35	0.77	0.45	0.05	-0.23	-0.21	-0.07	2.9	37.7	63	51	0.80	8.2	5.01	36	 415,594 	#SPILL!	#SPILL!	0.79	0.01	1.70	0.74	0.01	0.95	1.72	0.02	-1.49	2.13	0.02	-3.41
AFS	614541	3140JCHM9	Agency MBS ARM	G-2-Q	FANNIE MAE	0.75741954	4.058	2/1/2054	23354834	 17,689,408 	 1,867,103.47 	17405343.97	17643044.36	98.3942	99.7379038	237700.39	12/31/2025	Model2501	100	LMMSOFRFLAT	RFRSwap	4.70	2.37	-0.61	0.024	 4,193 	0.19	0.28	1.17	0.99	-0.11	-0.11	-0.06	3.9	24.8	92	101	0.75	12.2	4.70	38	 357,712 	#SPILL!	#SPILL!	0.65	0.01	2.92	1.43	0.01	1.96	2.90	0.03	-2.62	3.33	0.03	-5.61
AFS	613163	3140JCMC5	Agency MBS ARM	G-2-Q	FANNIE MAE	0.84404343	4.873	6/1/2054	34601507	 29,205,175 	 2,280,946.96 	29246780.81	29601841.82	100.1425	101.3582085	355061.01	12/31/2025	Model2501	100	LMMSOFRFLAT	RFRSwap	4.57	1.86	-1.17	0.019	 5,519 	0.29	0.31	0.56	1.09	-0.14	-0.21	-0.06	3.5	26.2	71	91	0.83	10.5	5.52	25	 438,293 	#SPILL!	#SPILL!	1.00	0.01	2.17	0.87	0.01	1.33	2.76	0.03	-2.38	3.22	0.03	-5.34
AFS	614700	31410B6C3	Agency MBS ARM	G-2-Q	FANNIE MAE	0.00733066	6.245	9/1/2036	16749889	 122,788 	 5,178.89 	126623.66	126819.42	103.124	103.283451	 195.75 	12/31/2025	Model2501	100	LMMSOFRFLAT	RFRSwap	4.96	0.68	0.10	0.007	 9 	0.52	0.02	0.02	0.05	0.09	-0.02	-0.01	3.9	12.4	138	112	0.01	20.2	6.88	232	 33,763 	#SPILL!	#SPILL!	1.49	0.02	2.07	0.91	0.01	0.79	0.67	0.01	-0.69	0.78	0.01	-1.42
AFS	614087	31411FWE0	Agency MBS ARM	G-2-Q	FANNIE MAE	0.02964618	6.08	11/1/2037	17327770	 513,702 	 14,587.25 	531666.98	532482.62	103.4971	103.6558995	815.64	12/31/2025	Model2501	100	LMMSOFRFLAT	RFRSwap	4.88	0.69	0.02	0.007	 37 	0.58	0.09	0.11	0.02	-0.01	-0.10	-0.03	4.0	13.6	124	98	0.03	15.2	6.71	219	 141,407 	#SPILL!	#SPILL!	1.20	0.01	1.73	0.76	0.01	0.75	0.73	0.01	-0.73	0.91	0.01	-1.54
AFS	614230	31411KKB8	Agency MBS ARM	G-2-Q	FANNIE MAE	0.01071108	6.983	3/1/2037	18281422	 195,814 	 10,680.13 	202570.09	202876.2	103.4504	103.6067057	306.1	12/31/2025	Model2501	100	LMMSOFRFLAT	RFRSwap	5.06	0.68	-0.15	0.007	 14 	0.45	0.16	0.17	0.06	0.02	-0.16	-0.04	3.6	14.8	139	137	0.01	19.0	6.50	228	 193,289 	#SPILL!	#SPILL!	0.99	0.01	1.50	0.63	0.01	0.66	0.89	0.01	-0.81	1.29	0.01	-1.90
AFS	613162	31412HR27	Agency MBS ARM	G-2-Q	FANNIE MAE	0	0	4/1/2032	0	 -   	 203.29 	0	0	0		0	12/31/2025	Model2501	100	LMMSOFRFLAT	RFRSwap	Error	Error	Error	Error	#VALUE!	Error	Error	Error	Error	Error	Error	Error	Error	Error	Error	Error	0.00	NA	NA	NA	 NA 	NA	NA	Error	Error	Error	Error	Error	Error	Error	Error	Error	Error	Error	Error
AFS	612895	31412HR68	Agency MBS ARM	G-2-Q	FANNIE MAE	0.05608182	6.415	1/1/2037	796604	 44,675 	 1,845.34 	45135.52	46140.96	101.0308	103.2813816	1005.44	12/31/2025	Model2501	100	LMMSOFRFLAT	RFRSwap	4.95	0.64	-0.02	0.007	 3 	0.44	0.00	0.02	0.11	0.07	-0.02	0.00	3.5	11.1	140	122	0.06	11.7	6.88	257	 44,360 	MANUFACTURERS AND TRADERS TRUST COMPANY	100	1.41	0.01	1.93	0.83	0.01	0.71	0.70	0.01	-0.68	0.95	0.01	-1.49
AFS	613312	31412HRZ4	Agency MBS ARM	G-2-Q	FANNIE MAE	0.00222057	6.29	9/1/2033	8088793	 17,962 	 27,729.92 	18283.06	18418.59	101.7889	102.5435379	135.54	12/31/2025	Model2501	100	LMMSOFRFLAT	RFRSwap	4.68	0.37	0.01	0.004	 1 	0.24	-0.02	0.01	0.09	0.01	0.00	0.00	2.5	16.6	123	113	0.00	NA	6.75	284	 17,770 	MANUFACTURERS AND TRADERS TRUST COMPANY	100	1.17	0.01	1.27	0.47	0.00	0.39	0.36	0.00	-0.37	0.39	0.00	-0.74
AFS	613812	31412HSC4	Agency MBS ARM	G-2-Q	FANNIE MAE	0.05029531	6.343	10/1/2037	5870985	 295,283 	 11,978.93 	297535.13	306024.83	100.7627	103.6378049	8489.7	12/31/2025	Model2501	100	LMMSOFRFLAT	RFRSwap	4.97	0.71	-0.05	0.007	 22 	0.51	0.01	0.02	0.10	0.09	-0.03	-0.01	3.8	9.7	140	119	0.05	11.9	6.67	251	 41,890 	MANUFACTURERS AND TRADERS TRUST COMPANY	100	1.38	0.01	1.89	0.80	0.01	0.76	0.79	0.01	-0.77	1.14	0.01	-1.71
AFS	614364	31412HSD2	Agency MBS ARM	G-2-Q	FANNIE MAE	0.01272414	5.233	9/1/2037	20233946	 257,460 	 15,773.75 	258751.54	259815.53	100.5018	100.9150831	1063.99	12/31/2025	Model2501	100	LMMSOFRFLAT	RFRSwap	5.21	2.64	-0.27	0.027	 69 	0.21	0.31	0.78	1.38	0.00	-0.03	-0.01	3.5	10.2	157	153	0.01	17.4	5.69	257	 50,993 	MANUFACTURERS AND TRADERS TRUST COMPANY	100	2.05	0.02	4.82	2.31	0.02	2.54	2.86	0.03	-2.76	2.94	0.03	-5.59
AFS	614691	31412HSE0	Agency MBS ARM	G-2-Q	FANNIE MAE	0.02689074	3.575	8/1/2037	3413526	 91,792 	 7,040.29 	92410.62	91554.48	100.6737	99.7409768	-856.15	12/31/2025	Model2501	100	LMMSOFRFLAT	RFRSwap	5.08	2.51	-0.50	0.025	 23 	0.27	0.32	0.65	1.11	0.18	-0.02	0.00	3.3	10.5	151	154	0.03	13.5	4.03	264	 22,666 	MANUFACTURERS AND TRADERS TRUST COMPANY	100	0.93	0.01	3.32	1.57	0.02	2.14	2.83	0.03	-2.68	2.83	0.03	-5.41
AFS	613706	31412HSH3	Agency MBS ARM	G-2-Q	FANNIE MAE	0.01660231	6.231	8/1/2037	18713384	 310,685 	 135,769.64 	312614.89	320129.66	100.621	103.0398147	7514.77	12/31/2025	Model2501	100	LMMSOFRFLAT	RFRSwap	4.88	0.80	-0.02	0.008	 26 	0.65	-0.01	0.03	0.11	0.04	-0.02	0.00	3.2	10.4	137	121	0.02	16.4	6.51	268	 44,001 	MANUFACTURERS AND TRADERS TRUST COMPANY	100	1.36	0.01	2.04	0.93	0.01	0.88	0.84	0.01	-0.84	1.11	0.01	-1.79
AFS	614561	31412HSJ9	Agency MBS ARM	G-2-Q	FANNIE MAE	0.03535343	6.362	8/1/2036	2933400	 103,706 	 6,059.90 	104467.26	106694.24	100.7343	102.881704	2226.98	12/31/2025	Model2501	100	LMMSOFRFLAT	RFRSwap	4.99	0.41	-0.04	0.004	 4 	0.21	-0.04	-0.02	0.13	0.07	-0.01	0.00	3.5	8.5	146	128	0.04	13.4	6.82	265	 20,545 	MANUFACTURERS AND TRADERS TRUST COMPANY	100	1.34	0.01	1.49	0.57	0.01	0.44	0.47	0.00	-0.45	0.64	0.01	-0.98
AFS	614057	31412HSK6	Agency MBS ARM	G-2-Q	FANNIE MAE	0.02901493	6.415	10/1/2035	990130	 28,729 	 1,057.50 	28798.41	29779.42	100.2432	103.6579226	981.01	12/31/2025	Model2501	100	LMMSOFRFLAT	RFRSwap	5.14	0.52	-0.02	0.005	 2 	0.28	-0.02	-0.02	0.10	0.14	-0.01	0.00	4.1	7.8	154	131	0.03	12.4	6.88	247	 28,549 	MANUFACTURERS AND TRADERS TRUST COMPANY	100	1.39	0.01	1.65	0.65	0.01	0.56	0.62	0.01	-0.58	0.90	0.01	-1.32
AFS	614708	31412HSL4	Agency MBS ARM	G-2-Q	FANNIE MAE	0	0	12/1/2035	0	 -   	 905.62 	0	0	0		 -   	12/31/2025	Model2501	100	LMMSOFRFLAT	RFRSwap	Error	Error	Error	Error	#VALUE!	Error	Error	Error	Error	Error	Error	Error	Error	Error	Error	Error	0.00	100.0	NA	NA	 NA 	NA	NA	Error	Error	Error	Error	Error	Error	Error	Error	Error	Error	Error	Error
AFS	614640	31412HSN0	Agency MBS ARM	G-2-Q	FANNIE MAE	0.00820891	6.665	8/1/2037	8486124	 69,662 	 2,346.77 	70352.02	72250.6	100.9908	103.7161948	 1,898.58 	12/31/2025	Model2501	100	LMMSOFRFLAT	RFRSwap	5.19	0.98	-0.03	0.010	 7 	0.80	-0.03	0.01	0.06	0.14	-0.02	-0.01	4.4	7.5	158	131	0.01	20.4	6.50	240	 34,633 	MANUFACTURERS AND TRADERS TRUST COMPANY	100	1.47	0.02	2.37	1.08	0.01	1.06	1.08	0.01	-1.06	1.51	0.02	-2.34
AFS	613629	31412YTR3	Agency MBS ARM	G-2-Q	FANNIE MAE	0.00035743	6.44	9/1/2037	50000972	 17,872 	 96,005.15 	19277.32	18456.91	107.8641	103.273652	 (820.41)	12/31/2025	Model2501	100	LMMSOFRFLAT	RFRSwap	5.13	0.73	0.02	0.008	 1 	0.16	-0.05	0.05	0.13	0.34	0.01	0.00	4.4	10.5	149	139	0.00	33.5	7.00	221	 23,583 	JPMORGAN CHASE BANK, NATIONAL ASSOCIATIO	100	1.56	0.02	2.16	0.94	0.01	0.82	0.73	0.01	-0.74	0.75	0.01	-1.50
AFS	614683	31413JW26	Agency MBS ARM	G-2-Q	FANNIE MAE	0.01446619	5.835	10/1/2037	17351299	 251,007 	 6,434.14 	256451.69	254956.64	102.1691	101.5734407	 (1,495.05)	12/31/2025	Model2501	100	LMMSOFRFLAT	RFRSwap	4.88	0.72	0.03	0.007	 18 	0.29	-0.02	0.09	0.10	0.21	-0.04	-0.01	3.6	16.3	126	120	0.01	19.4	7.70	220	 140,001 	#SPILL!	#SPILL!	1.27	0.01	1.83	0.81	0.01	0.76	0.73	0.01	-0.73	0.82	0.01	-1.50
AFS	614073	31418R5D9	Agency MBS ARM	G-2-Q	FANNIE MAE	0.00738724	6.835	4/1/2040	10090835	 74,543 	 6,302.93 	77051.97	77032.55	103.3652	103.339162	 (19.43)	12/31/2025	Model2501	100	LMMSOFRFLAT	RFRSwap	5.31	0.39	-0.11	0.004	 3 	-0.26	0.07	0.14	0.16	0.26	0.00	-0.02	4.7	12.2	156	146	0.01	24.7	7.25	189	 73,506 	NEW RESIDENTIAL MORTGAGE LLC	100	1.14	0.01	1.45	0.63	0.01	0.42	0.59	0.01	-0.50	0.99	0.01	-1.27
AFS	613519	31418R5H0	Agency MBS ARM	G-2-Q	FANNIE MAE	0.01178482	6.835	4/1/2040	15127546	 178,275 	 3,603.75 	184326.58	185509.54	103.3943	104.0578426	 1,182.96 	12/31/2025	Model2501	100	LMMSOFRFLAT	RFRSwap	4.85	0.23	-0.17	0.002	 4 	-0.10	0.21	0.26	0.03	0.00	-0.18	-0.05	3.6	17.8	110	108	0.01	22.4	7.25	189	 177,683 	NEW RESIDENTIAL MORTGAGE LLC	100	0.83	0.01	0.87	0.32	0.00	0.20	0.47	0.00	-0.37	0.86	0.01	-1.02
AFS	613371	31419CYA5	Agency MBS ARM	G-2-Q	FANNIE MAE	0.00529189	6.375	9/1/2040	21799437	 115,360 	 2,211.52 	119714.1	119574.79	103.7742	103.6533945	 (139.31)	12/31/2025	Model2501	100	LMMSOFRFLAT	RFRSwap	5.16	0.93	-0.20	0.010	 11 	0.31	0.01	0.15	0.06	0.38	-0.04	-0.04	5.0	10.4	132	126	0.01	27.9	7.00	184	 114,986 	JPMORGAN CHASE BANK, NATIONAL ASSOCIATIO	100	1.19	0.01	1.93	0.80	0.01	0.88	1.24	0.01	-1.10	1.83	0.02	-2.63
AFS	614118	31419FPC4	Agency MBS ARM	G-2-Q	FANNIE MAE	0.00319107	6.56	9/1/2040	19020625	 60,696 	 244,855.33 	62889.92	63006.23	103.6144	103.8059839	 116.31 	12/31/2025	Model2501	100	LMMSOFRFLAT	RFRSwap	5.26	0.91	-0.07	0.009	 6 	0.29	-0.04	0.08	0.11	0.37	0.02	-0.02	4.9	11.6	150	140	0.00	29.2	7.00	184	 60,499 	ROCKET MORTGAGE, LLC	100	1.37	0.01	2.19	0.97	0.01	0.95	1.07	0.01	-1.01	1.43	0.01	-2.27
AFS	613757	31419HSY9	Agency MBS ARM	G-2-Q	FANNIE MAE	0.01660367	6.315	11/1/2040	25127970	 417,217 	 8,102.47 	431532.28	433289.87	103.4313	103.8525185	 1,757.59 	12/31/2025	Model2501	100	LMMSOFRFLAT	RFRSwap	5.19	0.95	-0.21	0.010	 41 	0.37	-0.01	0.12	0.09	0.37	-0.04	-0.04	4.7	12.5	138	132	0.02	21.2	6.75	183	 106,235 	NEW RESIDENTIAL MORTGAGE LLC	100	1.00	0.01	1.74	0.75	0.01	0.89	1.28	0.01	-1.15	1.88	0.02	-2.72
AFS	614178	3142BBC40	Agency MBS ARM	G-2-Q	FREDDIE MAC	0.92562104	4.936	5/1/2055	38934060	 36,038,185 	 2,310,452.35 	35617097.31	36351990.52	98.8316	100.8707581	 734,893.21 	12/31/2025	Model2501	100	LMMSOFRFLAT	RFRSwap	4.73	2.44	-1.33	0.025	 8,912 	0.26	0.32	0.48	1.34	0.29	-0.19	-0.06	4.1	22.1	77	104	0.91	10.7	5.58	8	 451,245 	PENNYMAC LOAN SERVICES, LLC	100	1.30	0.01	2.95	1.21	0.01	1.80	3.45	0.03	-3.01	3.94	0.04	-6.60
HTM	614154	36179MDD9	Agency MBS ARM	A-3-Q	GOVERNMENT NATIONAL MORTGAGE A	0.02119064	5.625	5/1/2042	17200000	 364,479 	 29,464.80 	364479.01	372008.69	100	102.065875	7529.68	12/31/2025	Model2501	100	LMMSOFRFLAT	RFRSwap	4.97	1.00	0.32	0.010	 37 	0.38	0.03	-0.10	0.10	0.40	0.10	-0.02	4.8	12.0	110	82	0.02	22.4	6.00	165	 142,424 	NA	NA	1.17	0.01	2.57	1.34	0.01	1.26	1.16	0.01	-1.01	2.42	0.02	-2.73
AFS	614530	36179N2X5	Agency MBS ARM	A-3-Q	GOVERNMENT NATIONAL MORTGAGE A	0.02695028	5.625	2/1/2044	4833095	 130,253 	 2,198.04 	130253.26	132810.97	100	101.9636387	2557.7	12/31/2025	Model2501	100	LMMSOFRFLAT	RFRSwap	4.89	0.63	0.50	0.006	 8 	0.16	-0.04	-0.03	0.10	0.25	0.03	-0.04	4.3	15.5	99	79	0.03	23.9	6.10	143	 153,714 	NA	NA	0.73	0.01	1.73	0.94	0.01	0.91	0.86	0.01	-0.68	2.29	0.02	-2.12
AFS	612515	36179N2Z0	Agency MBS ARM	A-3-Q	GOVERNMENT NATIONAL MORTGAGE A	0.02382129	5.625	2/1/2044	3995186	 95,170 	 2,713.33 	95170.48	97042	100	101.9664844	1871.52	12/31/2025	Model2501	100	LMMSOFRFLAT	RFRSwap	4.98	0.63	0.66	0.006	 6 	0.15	-0.08	-0.07	0.10	0.24	0.08	-0.03	4.8	13.6	109	80	0.02	24.9	6.09	143	 149,249 	NA	NA	1.05	0.01	2.18	1.18	0.01	1.02	0.72	0.01	-0.60	2.02	0.02	-1.85
AFS	613728	36179N3A4	Agency MBS ARM	A-3-Q	GOVERNMENT NATIONAL MORTGAGE A	0.04735203	5.625	2/1/2044	227576	 10,776 	 616.14 	10776.19	10987.55	100	101.9614023	211.37	12/31/2025	Model2501	100	LMMSOFRFLAT	RFRSwap	4.79	0.46	0.60	0.005	 1 	0.18	0.02	0.06	0.10	0.05	-0.08	-0.05	3.9	17.2	98	77	0.05	20.5	6.01	144	 254,521 	NA	NA	0.52	0.01	1.41	0.81	0.01	0.77	0.47	0.00	-0.41	1.55	0.02	-1.29
AFS	613833	36179N6J2	Agency MBS ARM	A-3-Q	GOVERNMENT NATIONAL MORTGAGE A	0.02594298	5.625	3/1/2044	2809535	 72,888 	 12,175.91 	72887.71	74319.98	100	101.9650406	1432.27	12/31/2025	Model2501	100	LMMSOFRFLAT	RFRSwap	4.92	0.64	0.48	0.007	 5 	0.16	-0.04	-0.04	0.09	0.27	0.04	-0.04	4.4	14.9	100	79	0.03	24.3	6.03	143	 193,629 	NA	NA	0.63	0.01	1.69	0.94	0.01	0.92	0.89	0.01	-0.69	2.37	0.02	-2.19
AFS	614516	36179N6L7	Agency MBS ARM	A-3-Q	GOVERNMENT NATIONAL MORTGAGE A	0.02387992	5.625	3/1/2044	1936429	 46,242 	 785.94 	46241.77	47150.91	100	101.9660616	909.14	12/31/2025	Model2501	100	LMMSOFRFLAT	RFRSwap	5.03	0.66	0.64	0.007	 3 	0.14	-0.08	-0.07	0.10	0.27	0.08	-0.04	5.2	11.7	112	83	0.02	25.0	6.07	143	 187,292 	NA	NA	0.95	0.01	2.14	1.18	0.01	1.04	0.78	0.01	-0.65	2.15	0.02	-2.00
HTM	613734	36179ND70	Agency MBS ARM	A-3-Q	GOVERNMENT NATIONAL MORTGAGE A	0.01869787	5.625	5/1/2043	1989021	 37,190 	 4,745.96 	37190.46	37963.56	100	102.0787574	 773.10 	12/31/2025	Model2501	100	LMMSOFRFLAT	RFRSwap	5.01	1.07	0.32	0.011	 4 	0.39	0.04	-0.10	0.11	0.40	0.14	-0.02	5.2	12.1	112	84	0.02	24.7	6.08	153	 144,250 	NA	NA	1.11	0.01	2.63	1.38	0.01	1.33	1.25	0.01	-1.09	2.58	0.03	-2.93
HTM	613722	36179NGH5	Agency MBS ARM	A-3-Q	GOVERNMENT NATIONAL MORTGAGE A	0.02223575	5.625	6/1/2043	613509	 13,642 	 1,402.59 	13641.83	13924.96	100	102.0754218	283.12	12/31/2025	Model2501	100	LMMSOFRFLAT	RFRSwap	4.98	1.13	0.07	0.012	 2 	0.39	0.06	-0.08	0.11	0.49	0.10	-0.03	4.9	12.6	103	83	0.02	23.7	5.95	153	 175,888 	NA	NA	0.51	0.01	2.02	1.09	0.01	1.23	1.55	0.02	-1.27	2.99	0.03	-3.48
HTM	613526	36179NGJ1	Agency MBS ARM	A-3-Q	GOVERNMENT NATIONAL MORTGAGE A	0.02108931	5.625	6/1/2043	1331974	 28,090 	 513.88 	28090.41	28673.71	100	102.0764969	 583.29 	12/31/2025	Model2501	100	LMMSOFRFLAT	RFRSwap	5.00	1.01	0.23	0.010	 3 	0.39	0.05	-0.07	0.10	0.37	0.10	-0.03	5.0	12.5	109	83	0.02	24.1	5.96	152	 198,363 	NA	NA	0.76	0.01	2.19	1.17	0.01	1.20	1.22	0.01	-1.05	2.57	0.03	-2.87
AFS	614319	36179NJL3	Agency MBS ARM	A-3-Q	GOVERNMENT NATIONAL MORTGAGE A	0.03467856	5.375	7/1/2043	2447977	 84,892 	 6,510.31 	84207.83	86591.41	99.1937	102.0014707	2383.58	12/31/2025	Model2501	100	LMMSOFRFLAT	RFRSwap	4.99	1.28	-0.21	0.013	 11 	0.57	-0.01	0.00	0.09	0.50	0.13	-0.03	4.9	12.6	103	83	0.03	21.1	5.74	151	 179,933 	NA	NA	0.81	0.01	2.33	1.20	0.01	1.29	1.91	0.02	-1.53	3.22	0.03	-4.09
AFS	614045	36179NJM1	Agency MBS ARM	A-3-Q	GOVERNMENT NATIONAL MORTGAGE A	0.03499922	5.375	7/1/2043	1130092	 39,552 	 2,570.51 	39552.34	40343.94	100	102.0013962	791.59	12/31/2025	Model2501	100	LMMSOFRFLAT	RFRSwap	4.96	1.07	-0.20	0.011	 4 	0.58	0.01	0.04	0.09	0.31	0.05	-0.04	4.7	13.7	106	83	0.03	21.2	5.73	151	 194,899 	NA	NA	0.60	0.01	1.90	1.00	0.01	1.09	1.52	0.02	-1.24	2.80	0.03	-3.38
AFS	614217	36179NLP1	Agency MBS ARM	A-3-Q	GOVERNMENT NATIONAL MORTGAGE A	0.03264224	5.375	8/1/2043	1295492	 42,288 	 988.39 	41968.35	43134.03	99.2447	102.0012134	1165.68	12/31/2025	Model2501	100	LMMSOFRFLAT	RFRSwap	4.96	1.21	-0.20	0.012	 5 	0.55	0.00	0.01	0.10	0.45	0.12	-0.03	4.6	13.0	100	80	0.03	22.0	5.71	149	 140,593 	NA	NA	0.77	0.01	2.19	1.13	0.01	1.21	1.80	0.02	-1.44	3.04	0.03	-3.86
AFS	614030	36179NLQ9	Agency MBS ARM	A-3-Q	GOVERNMENT NATIONAL MORTGAGE A	0.02630769	5.375	8/1/2043	8401585	 221,026 	 9,016.16 	221026.29	225457.25	100	102.0047171	4430.96	12/31/2025	Model2501	100	LMMSOFRFLAT	RFRSwap	5.01	1.16	-0.12	0.012	 26 	0.58	-0.02	0.00	0.10	0.37	0.12	-0.03	5.0	12.7	110	83	0.03	23.1	5.71	149	 148,407 	NA	NA	1.00	0.01	2.44	1.26	0.01	1.25	1.58	0.02	-1.30	2.87	0.03	-3.51
AFS	613153	36179NLS5	Agency MBS ARM	A-3-Q	GOVERNMENT NATIONAL MORTGAGE A	0.028531	5.375	8/1/2043	1190378	 33,963 	 2,432.00 	33962.67	34644.09	100	102.0063622	681.41	12/31/2025	Model2501	100	LMMSOFRFLAT	RFRSwap	5.01	1.06	0.01	0.011	 4 	0.59	-0.02	0.03	0.13	0.26	0.07	-0.03	5.0	12.5	114	84	0.03	22.8	5.78	149	 146,939 	NA	NA	0.97	0.01	2.35	1.23	0.01	1.19	1.36	0.01	-1.15	2.57	0.03	-3.09
AFS	614279	36179NNL8	Agency MBS ARM	A-3-Q	GOVERNMENT NATIONAL MORTGAGE A	0.04535307	5.375	9/1/2043	2471144	 112,074 	 22,850.63 	111430.37	114318.92	99.4257	102.0031039	2888.56	12/31/2025	Model2501	100	LMMSOFRFLAT	RFRSwap	4.97	1.17	-0.21	0.012	 13 	0.50	-0.01	0.00	0.07	0.47	0.14	-0.03	4.5	11.3	98	76	0.04	20.7	5.72	150	 176,735 	NA	NA	0.63	0.01	2.04	1.06	0.01	1.16	1.74	0.02	-1.40	2.90	0.03	-3.72
AFS	613405	36179NNM6	Agency MBS ARM	A-3-Q	GOVERNMENT NATIONAL MORTGAGE A	0.02528251	5.375	9/1/2043	6936269	 175,366 	 3,358.75 	175366.29	178882.72	100	102.0051911	3516.43	12/31/2025	Model2501	100	LMMSOFRFLAT	RFRSwap	4.96	1.08	-0.17	0.011	 19 	0.58	0.01	0.04	0.10	0.31	0.07	-0.03	4.6	14.0	106	82	0.03	23.5	5.73	149	 153,792 	NA	NA	0.72	0.01	2.04	1.06	0.01	1.12	1.50	0.02	-1.23	2.79	0.03	-3.36
AFS	612393	36179NNP9	Agency MBS ARM	A-3-Q	GOVERNMENT NATIONAL MORTGAGE A	0.02945192	5.375	9/1/2043	5722529	 168,539 	 2,869.96 	168539.47	171929.79	100	102.0115882	 3,390.32 	12/31/2025	Model2501	100	LMMSOFRFLAT	RFRSwap	4.97	1.03	0.00	0.011	 18 	0.58	-0.01	0.04	0.12	0.24	0.06	-0.03	4.8	13.5	111	83	0.03	22.7	5.86	148	 186,348 	NA	NA	0.99	0.01	2.28	1.17	0.01	1.14	1.33	0.01	-1.12	2.55	0.03	-3.03
HTM	614392	36179NRH3	Agency MBS ARM	A-3-Q	GOVERNMENT NATIONAL MORTGAGE A	0.02531479	4.75	10/1/2043	73612090	 1,863,475 	 488,575.22 	1863474.6	1905297.91	100	102.2443725	41823.31	12/31/2025	Model2501	100	LMMSOFRFLAT	RFRSwap	4.92	1.30	-0.28	0.013	 249 	0.80	-0.16	0.09	0.08	0.34	0.08	-0.04	4.9	12.9	99	75	0.03	23.7	5.50	148	 156,764 	NA	NA	0.79	0.01	2.21	1.08	0.01	1.22	1.99	0.02	-1.59	3.10	0.03	-4.14
AFS	614287	36179NRH3	Agency MBS ARM	A-3-Q	GOVERNMENT NATIONAL MORTGAGE A	0.02531479	4.75	10/1/2043	2642853	 66,903 	 17,541.04 	66903.27	68404.83	100	102.2443725	1501.56	12/31/2025	Model2501	100	LMMSOFRFLAT	RFRSwap	4.92	1.30	-0.28	0.013	 9 	0.80	-0.16	0.09	0.08	0.34	0.08	-0.04	4.9	12.9	99	75	0.03	23.7	5.50	148	 156,764 	NA	NA	0.79	0.01	2.21	1.08	0.01	1.22	1.99	0.02	-1.59	3.10	0.03	-4.14
AFS	614385	36179NRK6	Agency MBS ARM	A-3-Q	GOVERNMENT NATIONAL MORTGAGE A	0.02340933	4.75	10/1/2043	5725788	 134,037 	 6,552.65 	134036.86	137685.3	100	102.7219644	3648.44	12/31/2025	Model2501	100	LMMSOFRFLAT	RFRSwap	4.81	1.20	-0.16	0.012	 17 	0.79	-0.14	0.14	0.09	0.23	0.04	-0.04	4.9	12.9	92	63	0.02	24.3	5.52	148	 132,851 	NA	NA	0.82	0.01	2.20	1.08	0.01	1.18	1.74	0.02	-1.44	2.77	0.03	-3.70
AFS	613173	36179NTS7	Agency MBS ARM	A-3-Q	GOVERNMENT NATIONAL MORTGAGE A	0.02577182	4.75	11/1/2043	2329373	 60,032 	 1,168.97 	60032.18	61671.1	100	102.7300733	1638.93	12/31/2025	Model2501	100	LMMSOFRFLAT	RFRSwap	4.77	1.19	-0.39	0.012	 7 	0.77	-0.10	0.15	0.07	0.25	0.01	-0.05	4.7	13.7	83	61	0.03	23.8	5.53	146	 173,193 	NA	NA	0.33	0.00	1.56	0.76	0.01	1.03	1.91	0.02	-1.52	3.05	0.03	-4.00
HTM	613832	36179NTS7	Agency MBS ARM	A-3-Q	GOVERNMENT NATIONAL MORTGAGE A	0.02577182	4.75	11/1/2043	25745953	 663,520 	 12,920.35 	663520.07	681634.65	100	102.7300733	18114.58	12/31/2025	Model2501	100	LMMSOFRFLAT	RFRSwap	4.77	1.19	-0.39	0.012	 81 	0.77	-0.10	0.15	0.07	0.25	0.01	-0.05	4.7	13.7	83	61	0.03	23.8	5.53	146	 173,193 	NA	NA	0.33	0.00	1.56	0.76	0.01	1.03	1.91	0.02	-1.52	3.05	0.03	-4.00
AFS	613428	36179NTU2	Agency MBS ARM	A-3-Q	GOVERNMENT NATIONAL MORTGAGE A	0.02039135	4.75	11/1/2043	8106920	 165,311 	 12,869.90 	165311.04	169821.55	100	102.7284952	4510.5	12/31/2025	Model2501	100	LMMSOFRFLAT	RFRSwap	4.80	1.22	-0.11	0.013	 21 	0.79	-0.15	0.11	0.10	0.24	0.07	-0.04	4.9	13.2	92	62	0.02	25.3	5.58	147	 127,862 	NA	NA	1.05	0.01	2.45	1.19	0.01	1.24	1.73	0.02	-1.44	2.74	0.03	-3.69
HTM	614081	36179NV39	Agency MBS ARM	A-3-Q	GOVERNMENT NATIONAL MORTGAGE A	0.01589976	4.75	12/1/2043	1385922	 22,036 	 490.15 	22035.83	22383.15	100	101.5761572	347.32	12/31/2025	Model2501	100	LMMSOFRFLAT	RFRSwap	5.05	1.31	-0.24	0.013	 3 	0.80	-0.17	0.07	0.10	0.34	0.11	-0.03	4.8	13.7	115	90	0.02	27.0	5.59	145	 171,557 	NA	NA	0.92	0.01	2.34	1.15	0.01	1.25	1.96	0.02	-1.57	3.00	0.03	-4.04
HTM	612403	36179NV54	Agency MBS ARM	A-3-Q	GOVERNMENT NATIONAL MORTGAGE A	0.01417687	4.75	12/1/2043	2577337	 36,539 	 3,508.97 	36538.57	37536.18	100	102.7302974	997.61	12/31/2025	Model2501	100	LMMSOFRFLAT	RFRSwap	4.82	1.25	-0.12	0.013	 5 	0.79	-0.16	0.12	0.11	0.25	0.07	-0.04	5.0	12.8	94	63	0.01	27.7	5.57	146	 155,620 	NA	NA	0.98	0.01	2.44	1.19	0.01	1.26	1.77	0.02	-1.48	2.77	0.03	-3.76
AFS	613515	36179NY51	Agency MBS ARM	A-3-Q	GOVERNMENT NATIONAL MORTGAGE A	0.01983448	4.75	10/1/2043	4033908	 80,010 	 18,648.35 	80010.47	82193.64	100	102.7286133	2183.18	12/31/2025	Model2501	100	LMMSOFRFLAT	RFRSwap	4.71	1.11	-0.08	0.011	 9 	0.78	-0.12	0.15	0.11	0.13	0.00	-0.04	4.5	15.0	88	58	0.02	25.5	5.61	147	 178,512 	NA	NA	0.98	0.01	2.26	1.10	0.01	1.14	1.52	0.02	-1.29	2.37	0.02	-3.24
AFS	613071	36179NY69	Agency MBS ARM	A-3-Q	GOVERNMENT NATIONAL MORTGAGE A	0.0153986	4.75	11/1/2043	3139055	 48,337 	 901.13 	48337.05	49654.8	100	102.7261606	1317.75	12/31/2025	Model2501	100	LMMSOFRFLAT	RFRSwap	4.91	1.25	-0.03	0.013	 6 	0.82	-0.20	0.09	0.10	0.23	0.11	-0.03	5.6	10.7	103	67	0.02	27.2	5.52	147	 105,327 	NA	NA	1.41	0.01	2.85	1.37	0.01	1.34	1.72	0.02	-1.44	2.70	0.03	-3.66
HTM	614338	36179NY77	Agency MBS ARM	A-3-Q	GOVERNMENT NATIONAL MORTGAGE A	0.01278017	4.75	12/1/2043	990725	 12,662 	 7,646.58 	12661.63	12711.32	100	100.3924176	49.68	12/31/2025	Model2501	100	LMMSOFRFLAT	RFRSwap	5.37	1.21	-0.01	0.012	 2 	0.84	-0.24	0.04	0.11	0.22	0.12	-0.01	5.0	13.2	153	120	0.01	28.5	5.56	145	 114,073 	NA	NA	1.47	0.02	2.79	1.37	0.01	1.28	1.66	0.02	-1.36	2.59	0.03	-3.44
AFS	613544	36179NYJ1	Agency MBS ARM	A-3-Q	GOVERNMENT NATIONAL MORTGAGE A	0.01845513	5.625	1/1/2044	3761523	 69,419 	 13,994.63 	69419.4	70781.7	100	101.9624221	1362.3	12/31/2025	Model2501	100	LMMSOFRFLAT	RFRSwap	4.96	0.70	0.54	0.007	 5 	0.15	-0.07	-0.06	0.10	0.32	0.09	-0.03	4.7	13.5	104	80	0.02	26.3	6.05	144	 145,348 	NA	NA	0.89	0.01	2.03	1.10	0.01	1.02	0.94	0.01	-0.74	2.36	0.02	-2.27
AFS	613506	36179NYL6	Agency MBS ARM	A-3-Q	GOVERNMENT NATIONAL MORTGAGE A	0.01486006	5.625	1/1/2044	3957107	 58,803 	 2,019.98 	58802.85	59547.43	100	101.2662339	744.58	12/31/2025	Model2501	100	LMMSOFRFLAT	RFRSwap	5.15	0.63	0.71	0.006	 4 	0.14	-0.10	-0.09	0.11	0.26	0.10	-0.02	4.9	13.0	128	99	0.01	27.6	6.07	145	 130,067 	NA	NA	1.15	0.01	2.31	1.26	0.01	1.06	0.72	0.01	-0.60	2.04	0.02	-1.85
AFS	613862	36179Q3X7	Agency MBS ARM	A-3-Q	GOVERNMENT NATIONAL MORTGAGE A	0.03839995	5.625	2/1/2045	2443907	 93,846 	 2,651.52 	93845.91	95721.74	100	101.9988468	1875.84	12/31/2025	Model2501	100	LMMSOFRFLAT	RFRSwap	4.85	0.63	0.49	0.006	 6 	0.17	-0.02	0.00	0.10	0.21	0.04	-0.04	4.1	17.0	95	75	0.04	23.7	6.10	132	 183,874 	NA	NA	0.66	0.01	1.66	0.92	0.01	0.90	0.83	0.01	-0.66	2.15	0.02	-2.03
AFS	613885	36179Q3Y5	Agency MBS ARM	A-3-Q	GOVERNMENT NATIONAL MORTGAGE A	0.02990454	5.625	2/1/2045	2363474	 70,679 	 14,562.40 	70678.6	72091	100	101.9983393	1412.39	12/31/2025	Model2501	100	LMMSOFRFLAT	RFRSwap	4.92	0.59	0.59	0.006	 4 	0.15	-0.04	-0.02	0.12	0.17	0.04	-0.04	4.5	14.5	103	77	0.03	25.7	6.07	132	 161,455 	NA	NA	0.76	0.01	1.86	1.03	0.01	0.93	0.69	0.01	-0.58	1.92	0.02	-1.78
AFS	612397	36179Q7C9	Agency MBS ARM	A-3-Q	GOVERNMENT NATIONAL MORTGAGE A	0.0473548	5.625	3/1/2045	257878	 12,212 	 167.22 	12211.76	12212.32	100	100.0045361	0.56	12/31/2025	Model2501	100	LMMSOFRFLAT	RFRSwap	5.48	0.74	0.64	0.007	 1 	0.14	-0.14	-0.15	0.12	0.39	0.18	-0.01	4.9	13.3	154	130	0.05	22.4	6.13	133	 195,459 	NA	NA	1.21	0.01	2.36	1.27	0.01	1.11	1.00	0.01	-0.76	2.58	0.03	-2.39
AFS	613339	36179Q7D7	Agency MBS ARM	A-3-Q	GOVERNMENT NATIONAL MORTGAGE A	0.02130882	5.625	3/1/2045	133718	 2,849 	 40.40 	2849.37	2834.76	100	99.487206	-14.61	12/31/2025	Model2501	100	LMMSOFRFLAT	RFRSwap	5.60	0.64	0.80	0.006	 0 	0.13	-0.16	-0.18	0.12	0.31	0.17	0.00	4.9	13.6	171	144	0.02	28.0	6.10	132	 148,324 	NA	NA	1.43	0.01	2.54	1.38	0.01	1.10	0.73	0.01	-0.58	2.17	0.02	-1.87
AFS	614752	36179QBU4	Agency MBS ARM	A-3-Q	GOVERNMENT NATIONAL MORTGAGE A	0.01419123	5.5	4/1/2044	5015023	 71,169 	 5,988.14 	71169.34	72616.52	100	102.0334312	1447.18	12/31/2025	Model2501	100	LMMSOFRFLAT	RFRSwap	4.98	0.90	0.14	0.009	 7 	0.36	0.01	-0.06	0.10	0.32	0.10	-0.03	4.8	13.3	105	81	0.01	28.4	6.01	141	 144,176 	NA	NA	0.79	0.01	2.03	1.09	0.01	1.07	1.21	0.01	-0.99	2.58	0.03	-2.84
AFS	614213	36179QBW0	Agency MBS ARM	A-3-Q	GOVERNMENT NATIONAL MORTGAGE A	0.01897521	5.625	4/1/2044	6710858	 127,340 	 9,994.75 	127339.94	130026.11	100	102.1094468	2686.17	12/31/2025	Model2501	100	LMMSOFRFLAT	RFRSwap	4.98	0.89	0.38	0.009	 12 	0.39	0.06	-0.05	0.12	0.23	0.07	-0.04	4.9	13.4	110	81	0.02	26.6	6.10	141	 149,079 	NA	NA	0.90	0.01	2.20	1.17	0.01	1.14	0.98	0.01	-0.87	2.21	0.02	-2.38
AFS	613077	36179QED9	Agency MBS ARM	A-3-Q	GOVERNMENT NATIONAL MORTGAGE A	0.02276975	5.5	5/1/2044	7903134	 179,952 	 4,426.23 	179952.39	183616.34	100	102.0360676	3663.96	12/31/2025	Model2501	100	LMMSOFRFLAT	RFRSwap	4.99	0.95	0.19	0.010	 18 	0.37	0.01	-0.07	0.11	0.34	0.12	-0.03	4.9	13.3	107	82	0.02	25.6	5.99	140	 136,923 	NA	NA	0.96	0.01	2.30	1.23	0.01	1.16	1.24	0.01	-1.03	2.60	0.03	-2.91
AFS	614421	36179QEF4	Agency MBS ARM	A-3-Q	GOVERNMENT NATIONAL MORTGAGE A	0.01144842	5.625	5/1/2044	6831102	 78,205 	 8,957.28 	78205.32	79856.58	100	102.1114308	1651.25	12/31/2025	Model2501	100	LMMSOFRFLAT	RFRSwap	4.98	0.90	0.42	0.009	 7 	0.39	0.05	-0.07	0.11	0.25	0.10	-0.03	4.8	13.4	110	79	0.01	30.1	6.06	140	 114,158 	NA	NA	1.09	0.01	2.42	1.27	0.01	1.18	0.96	0.01	-0.87	2.14	0.02	-2.34
AFS	613949	36179QGR6	Agency MBS ARM	A-3-Q	GOVERNMENT NATIONAL MORTGAGE A	0.01872935	5.5	6/1/2044	5264147	 98,594 	 1,848.35 	98594.05	100601.82	100	102.0363943	2007.76	12/31/2025	Model2501	100	LMMSOFRFLAT	RFRSwap	4.96	0.91	0.15	0.009	 9 	0.37	0.03	-0.04	0.10	0.30	0.08	-0.04	4.7	14.0	104	81	0.02	27.0	6.00	140	 161,157 	NA	NA	0.70	0.01	2.00	1.09	0.01	1.07	1.20	0.01	-0.99	2.54	0.03	-2.82
AFS	613166	36179QGT2	Agency MBS ARM	A-3-Q	GOVERNMENT NATIONAL MORTGAGE A	0.01131757	5.625	6/1/2044	5656109	 64,013 	 11,674.72 	64013.41	65365.25	100	102.1118093	1351.84	12/31/2025	Model2501	100	LMMSOFRFLAT	RFRSwap	5.00	0.94	0.43	0.010	 6 	0.40	0.05	-0.07	0.12	0.26	0.11	-0.03	5.0	13.0	112	81	0.01	30.2	6.08	140	 120,063 	NA	NA	1.12	0.01	2.50	1.32	0.01	1.23	1.00	0.01	-0.90	2.20	0.02	-2.42
AFS	614034	36179QJ69	Agency MBS ARM	A-3-Q	GOVERNMENT NATIONAL MORTGAGE A	0.02063125	5.375	7/1/2044	5214144	 107,574 	 16,215.83 	107574.31	109766.48	100	102.0378213	2192.17	12/31/2025	Model2501	100	LMMSOFRFLAT	RFRSwap	4.92	1.03	-0.20	0.011	 11 	0.58	0.02	0.06	0.09	0.25	0.05	-0.04	4.4	15.1	102	80	0.02	26.5	5.80	139	 157,966 	NA	NA	0.56	0.01	1.80	0.94	0.01	1.04	1.47	0.01	-1.20	2.71	0.03	-3.28
AFS	613049	36179QJ85	Agency MBS ARM	A-3-Q	GOVERNMENT NATIONAL MORTGAGE A	0.01889606	5.375	7/1/2044	6320565	 119,434 	 12,154.51 	119433.78	121867.74	100	102.0379228	2433.96	12/31/2025	Model2501	100	LMMSOFRFLAT	RFRSwap	4.93	0.97	-0.04	0.010	 12 	0.58	0.01	0.06	0.12	0.18	0.03	-0.04	4.5	14.9	106	80	0.02	27.2	5.80	139	 158,797 	NA	NA	0.76	0.01	1.98	1.04	0.01	1.05	1.28	0.01	-1.07	2.45	0.02	-2.91
AFS	613314	36179QMH1	Agency MBS ARM	A-3-Q	GOVERNMENT NATIONAL MORTGAGE A	0.02359944	5.375	8/1/2044	3901541	 92,074 	 2,302.69 	92074.18	93955.03	100	102.0427487	1880.85	12/31/2025	Model2501	100	LMMSOFRFLAT	RFRSwap	4.81	0.91	-0.25	0.009	 9 	0.58	0.06	0.10	0.07	0.16	-0.03	-0.05	3.9	17.7	93	77	0.02	25.9	5.87	138	 192,366 	NA	NA	0.36	0.00	1.35	0.70	0.01	0.86	1.36	0.01	-1.09	2.58	0.03	-3.04
AFS	614362	36179QMK4	Agency MBS ARM	A-3-Q	GOVERNMENT NATIONAL MORTGAGE A	0.01365286	5.375	8/1/2044	5882728	 80,316 	 14,156.14 	80316.06	81957.84	100	102.0441515	1641.78	12/31/2025	Model2501	100	LMMSOFRFLAT	RFRSwap	4.95	1.01	0.01	0.010	 8 	0.58	0.00	0.05	0.13	0.20	0.06	-0.03	4.6	14.7	108	80	0.01	29.5	5.81	137	 151,703 	NA	NA	0.94	0.01	2.23	1.16	0.01	1.13	1.29	0.01	-1.10	2.44	0.02	-2.94
AFS	614793	36179QPU9	Agency MBS ARM	A-3-Q	GOVERNMENT NATIONAL MORTGAGE A	0.02742797	5.375	9/1/2044	1881027	 51,593 	 9,777.84 	51592.75	52649	100	102.0472839	1056.25	12/31/2025	Model2501	100	LMMSOFRFLAT	RFRSwap	4.90	1.01	-0.19	0.010	 5 	0.57	0.03	0.06	0.10	0.23	0.04	-0.04	4.3	15.9	99	78	0.03	25.1	5.82	136	 185,989 	NA	NA	0.63	0.01	1.76	0.91	0.01	1.02	1.44	0.01	-1.17	2.66	0.03	-3.21
AFS	614813	36179QPW5	Agency MBS ARM	A-3-Q	GOVERNMENT NATIONAL MORTGAGE A	0.01939614	5.375	9/1/2044	3616408	 70,144 	 1,196.34 	70144.36	71577.3	100	102.0428518	1432.95	12/31/2025	Model2501	100	LMMSOFRFLAT	RFRSwap	5.04	1.09	0.02	0.011	 8 	0.59	-0.02	0.02	0.13	0.27	0.11	-0.03	5.2	12.2	114	83	0.02	27.4	5.76	137	 156,931 	NA	NA	1.09	0.01	2.48	1.28	0.01	1.23	1.41	0.01	-1.19	2.66	0.03	-3.20
AFS	614253	36179QPY1	Agency MBS ARM	A-3-Q	GOVERNMENT NATIONAL MORTGAGE A	0.03527211	5.375	9/1/2044	292783	 10,327 	 162.47 	10327.07	10538.39	100	102.0462606	211.32	12/31/2025	Model2501	100	LMMSOFRFLAT	RFRSwap	4.99	0.96	0.07	0.010	 1 	0.56	-0.02	0.03	0.13	0.17	0.08	-0.03	4.9	12.7	113	79	0.03	24.1	5.91	137	 126,011 	NA	NA	1.15	0.01	2.43	1.25	0.01	1.14	1.15	0.01	-1.00	2.16	0.02	-2.64
AFS	614324	36179QSC6	Agency MBS ARM	A-3-Q	GOVERNMENT NATIONAL MORTGAGE A	0.02219338	4.75	10/1/2044	4463530	 99,061 	 9,605.11 	99060.82	101805.71	100	102.7709187	2744.9	12/31/2025	Model2501	100	LMMSOFRFLAT	RFRSwap	4.50	0.96	-0.38	0.010	 10 	0.71	0.00	0.21	0.03	0.08	-0.09	-0.06	3.7	18.5	61	47	0.02	26.9	5.66	136	 247,624 	NA	NA	0.47	0.00	1.18	0.50	0.01	0.78	1.58	0.02	-1.26	2.64	0.03	-3.36
AFS	613942	36179QSE2	Agency MBS ARM	A-3-Q	GOVERNMENT NATIONAL MORTGAGE A	0.01964672	4.75	10/1/2044	3029842	 59,526 	 3,562.19 	59526.46	61173.51	100	102.7669334	1647.06	12/31/2025	Model2501	100	LMMSOFRFLAT	RFRSwap	4.80	1.21	-0.14	0.013	 7 	0.78	-0.14	0.13	0.11	0.21	0.07	-0.04	4.9	13.4	90	61	0.02	27.6	5.55	136	 139,948 	NA	NA	0.92	0.01	2.32	1.13	0.01	1.21	1.75	0.02	-1.45	2.75	0.03	-3.71
AFS	613676	36179QUG4	Agency MBS ARM	A-3-Q	GOVERNMENT NATIONAL MORTGAGE A	0.02134577	4.75	11/1/2044	4771100	 101,843 	 14,072.84 	101842.8	104669.58	100	102.7756289	2826.78	12/31/2025	Model2501	100	LMMSOFRFLAT	RFRSwap	4.74	1.20	-0.35	0.012	 13 	0.76	-0.09	0.15	0.07	0.23	0.04	-0.05	4.6	14.7	80	58	0.02	27.1	5.58	134	 169,629 	NA	NA	0.47	0.00	1.72	0.83	0.01	1.07	1.89	0.02	-1.52	3.02	0.03	-3.98
AFS	614716	36179QUJ8	Agency MBS ARM	A-3-Q	GOVERNMENT NATIONAL MORTGAGE A	0.02022967	4.75	11/1/2044	2784398	 56,327 	 6,901.58 	56327.45	57890.09	100	102.7742069	 1,562.64 	12/31/2025	Model2501	100	LMMSOFRFLAT	RFRSwap	4.75	1.15	-0.19	0.012	 7 	0.77	-0.10	0.16	0.10	0.17	0.02	-0.05	4.7	14.4	86	59	0.02	27.6	5.55	134	 164,996 	NA	NA	0.68	0.01	1.98	0.97	0.01	1.10	1.70	0.02	-1.40	2.73	0.03	-3.62
AFS	614475	36179QWS6	Agency MBS ARM	A-3-Q	GOVERNMENT NATIONAL MORTGAGE A	0.02554448	4.75	12/1/2044	1992098	 50,887 	 13,624.30 	50887.11	52059.87	100	102.3046404	1172.77	12/31/2025	Model2501	100	LMMSOFRFLAT	RFRSwap	4.71	1.02	-0.43	0.011	 5 	0.75	-0.04	0.18	0.05	0.12	-0.06	-0.06	3.9	17.7	80	66	0.03	26.1	5.64	134	 304,362 	NA	NA	0.40	0.00	1.19	0.53	0.01	0.82	1.73	0.02	-1.35	2.90	0.03	-3.66
AFS	613086	36179QWT4	Agency MBS ARM	A-3-Q	GOVERNMENT NATIONAL MORTGAGE A	0.02282424	4.75	12/1/2044	1015353	 23,175 	 1,230.98 	23174.66	23818.13	100	102.77661	643.47	12/31/2025	Model2501	100	LMMSOFRFLAT	RFRSwap	4.65	1.04	-0.18	0.011	 2 	0.70	-0.08	0.16	0.10	0.12	0.00	-0.05	4.2	15.3	77	50	0.02	27.5	5.64	134	 169,246 	NA	NA	0.57	0.01	1.73	0.85	0.01	0.98	1.52	0.02	-1.26	2.43	0.02	-3.25
AFS	613725	36179QY62	Agency MBS ARM	A-3-Q	GOVERNMENT NATIONAL MORTGAGE A	0.02373701	5.625	1/1/2045	2086675	 49,531 	 740.29 	49531.43	50520.3	100	101.9964539	988.87	12/31/2025	Model2501	100	LMMSOFRFLAT	RFRSwap	4.82	0.58	0.45	0.006	 3 	0.18	0.00	0.02	0.08	0.17	0.00	-0.05	4.0	17.6	91	74	0.02	26.8	6.11	133	 197,582 	NA	NA	0.46	0.00	1.40	0.80	0.01	0.82	0.80	0.01	-0.63	2.17	0.02	-1.98
AFS	613188	36179RCC1	Agency MBS ARM	A-3-Q	GOVERNMENT NATIONAL MORTGAGE A	0.05450796	5.5	4/1/2045	7761091	 423,041 	 41,927.82 	423041.24	431775.28	100	102.0645834	8734.04	12/31/2025	Model2501	100	LMMSOFRFLAT	RFRSwap	4.82	0.74	0.12	0.008	 32 	0.34	0.07	0.04	0.08	0.17	0.00	-0.05	4.0	17.5	91	75	0.05	21.5	5.98	130	 212,331 	NA	NA	0.42	0.00	1.28	0.69	0.01	0.81	1.05	0.01	-0.85	2.39	0.02	-2.51
AFS	614506	36179RCD9	Agency MBS ARM	A-3-Q	GOVERNMENT NATIONAL MORTGAGE A	0.0322534	5.5	4/1/2045	2775671	 89,525 	 12,501.09 	89524.83	91373.53	100	102.0650181	1848.71	12/31/2025	Model2501	100	LMMSOFRFLAT	RFRSwap	4.79	0.66	0.24	0.007	 6 	0.33	0.06	0.05	0.10	0.11	-0.02	-0.05	3.9	17.9	92	72	0.03	25.6	5.99	130	 211,969 	NA	NA	0.48	0.00	1.39	0.76	0.01	0.79	0.83	0.01	-0.70	2.00	0.02	-2.05
AFS	613668	36179REL9	Agency MBS ARM	A-3-Q	GOVERNMENT NATIONAL MORTGAGE A	0.03950893	5.5	5/1/2045	4664609	 184,294 	 5,060.54 	184293.71	188106.56	100	102.0688973	3812.85	12/31/2025	Model2501	100	LMMSOFRFLAT	RFRSwap	4.84	0.76	0.12	0.008	 14 	0.35	0.07	0.04	0.09	0.18	-0.01	-0.05	4.1	16.6	92	76	0.04	24.0	5.93	128	 232,803 	NA	NA	0.38	0.00	1.26	0.67	0.01	0.81	1.09	0.01	-0.87	2.46	0.02	-2.58
AFS	613107	36179REM7	Agency MBS ARM	A-3-Q	GOVERNMENT NATIONAL MORTGAGE A	0.02631802	5.5	5/1/2045	1395766	 36,734 	 1,433.33 	36733.8	37493.86	100	102.069103	760.06	12/31/2025	Model2501	100	LMMSOFRFLAT	RFRSwap	4.82	0.70	0.28	0.007	 3 	0.34	0.06	0.04	0.11	0.12	-0.01	-0.05	4.0	17.1	94	72	0.03	27.2	5.93	128	 220,568 	NA	NA	0.51	0.01	1.51	0.83	0.01	0.85	0.85	0.01	-0.72	2.03	0.02	-2.10
AFS	614512	36179RGN3	Agency MBS ARM	A-3-Q	GOVERNMENT NATIONAL MORTGAGE A	0.03842286	5.5	6/1/2045	2057200	 79,044 	 7,983.23 	79043.51	80679.91	100	102.0702586	1636.4	12/31/2025	Model2501	100	LMMSOFRFLAT	RFRSwap	4.79	0.72	0.10	0.007	 6 	0.35	0.08	0.05	0.08	0.15	-0.03	-0.05	3.9	18.0	88	74	0.04	24.4	5.98	128	 264,718 	NA	NA	0.42	0.00	1.19	0.61	0.01	0.75	1.04	0.01	-0.83	2.39	0.02	-2.47
AFS	614517	36179RGP8	Agency MBS ARM	A-3-Q	GOVERNMENT NATIONAL MORTGAGE A	0.0292957	5.5	6/1/2045	1295086	 37,940 	 554.05 	37940.45	38725.97	100	102.0703869	785.52	12/31/2025	Model2501	100	LMMSOFRFLAT	RFRSwap	4.87	0.76	0.28	0.008	 3 	0.34	0.06	0.04	0.14	0.14	0.00	-0.05	4.4	15.7	100	78	0.03	26.4	5.99	128	 282,516 	NA	NA	0.45	0.00	1.54	0.85	0.01	0.90	0.94	0.01	-0.80	2.18	0.02	-2.28
AFS	613468	36179RJT7	Agency MBS ARM	A-3-Q	GOVERNMENT NATIONAL MORTGAGE A	0.04666813	5.375	7/1/2045	2558836	 119,416 	 13,141.64 	119416.09	121891.22	100	102.0726964	2475.13	12/31/2025	Model2501	100	LMMSOFRFLAT	RFRSwap	4.75	0.81	-0.28	0.008	 10 	0.52	0.08	0.10	0.06	0.12	-0.03	-0.05	3.6	18.8	85	71	0.04	23.5	5.82	127	 271,091 	NA	NA	0.45	0.00	1.16	0.56	0.01	0.74	1.26	0.01	-1.00	2.48	0.02	-2.84
AFS	612662	36179RJU4	Agency MBS ARM	A-3-Q	GOVERNMENT NATIONAL MORTGAGE A	0.03306453	5.375	7/1/2045	1759379	 58,173 	 3,998.10 	58173.04	59379.9	100	102.0746066	1206.86	12/31/2025	Model2501	100	LMMSOFRFLAT	RFRSwap	4.89	0.95	-0.01	0.010	 6 	0.54	0.02	0.06	0.13	0.16	0.04	-0.04	4.4	16.1	102	78	0.03	25.8	5.90	127	 198,292 	NA	NA	0.73	0.01	1.94	1.02	0.01	1.03	1.25	0.01	-1.05	2.44	0.02	-2.86
AFS	612401	36179RL49	Agency MBS ARM	A-3-Q	GOVERNMENT NATIONAL MORTGAGE A	0.06013592	5.375	8/1/2045	972678	 58,493 	 1,572.61 	58492.89	59709.07	100	102.0791965	1216.18	12/31/2025	Model2501	100	LMMSOFRFLAT	RFRSwap	4.82	0.91	-0.27	0.009	 5 	0.54	0.06	0.09	0.09	0.16	0.00	-0.05	4.0	17.7	92	75	0.06	21.5	5.86	125	 252,020 	NA	NA	0.39	0.00	1.34	0.69	0.01	0.87	1.37	0.01	-1.10	2.66	0.03	-3.09
AFS	614608	36179RL56	Agency MBS ARM	A-3-Q	GOVERNMENT NATIONAL MORTGAGE A	0.02831863	5.375	8/1/2045	358307	 10,147 	 729.43 	10146.76	10357.62	100	102.0780825	210.86	12/31/2025	Model2501	100	LMMSOFRFLAT	RFRSwap	4.92	0.98	0.01	0.010	 1 	0.54	0.01	0.05	0.13	0.18	0.06	-0.04	4.6	15.4	104	78	0.03	27.1	5.82	125	 177,297 	NA	NA	0.81	0.01	2.07	1.08	0.01	1.08	1.27	0.01	-1.07	2.46	0.02	-2.92
AFS	614436	36179RPA1	Agency MBS ARM	A-3-Q	GOVERNMENT NATIONAL MORTGAGE A	0.05653614	5.375	9/1/2045	3106509	 175,630 	 7,648.32 	175630.03	179279.54	100	102.0779528	 3,649.51 	12/31/2025	Model2501	100	LMMSOFRFLAT	RFRSwap	4.73	0.83	-0.28	0.009	 15 	0.54	0.08	0.12	0.06	0.11	-0.04	-0.05	3.6	19.9	85	72	0.06	22.1	5.82	125	 263,682 	NA	NA	0.31	0.00	1.09	0.55	0.01	0.76	1.26	0.01	-1.01	2.45	0.02	-2.85
AFS	614643	36179RPB9	Agency MBS ARM	A-3-Q	GOVERNMENT NATIONAL MORTGAGE A	0.03430241	5.375	9/1/2045	1921247	 65,903 	 2,922.29 	65903.4	67273.32	100	102.0786786	1369.92	12/31/2025	Model2501	100	LMMSOFRFLAT	RFRSwap	4.85	0.89	-0.06	0.009	 6 	0.54	0.05	0.09	0.12	0.12	0.00	-0.05	4.2	16.8	99	77	0.03	25.9	5.84	125	 210,399 	NA	NA	0.48	0.01	1.59	0.84	0.01	0.93	1.21	0.01	-1.01	2.39	0.02	-2.79
AFS	614231	36179RPE3	Agency MBS ARM	A-3-Q	GOVERNMENT NATIONAL MORTGAGE A	0.04405726	5.375	9/1/2045	215899	 9,512 	 130.48 	9511.92	9620.77	100	101.144372	108.85	12/31/2025	Model2501	100	LMMSOFRFLAT	RFRSwap	4.88	0.75	-0.02	0.008	 1 	0.55	0.07	0.11	0.08	0.03	-0.06	-0.04	3.1	23.8	114	101	0.04	24.3	5.88	125	 391,438 	NA	NA	0.76	0.01	1.60	0.80	0.01	0.81	0.97	0.01	-0.81	1.99	0.02	-2.24
AFS	613849	36179RRC5	Agency MBS ARM	A-3-Q	GOVERNMENT NATIONAL MORTGAGE A	0.05752172	4.625	10/1/2045	777030	 44,696 	 3,775.20 	44696.1	46023.82	100	102.9705351	1327.72	12/31/2025	Model2501	100	LMMSOFRFLAT	RFRSwap	4.48	0.96	-0.43	0.010	 4 	0.69	0.04	0.22	0.03	0.06	-0.09	-0.07	3.8	18.8	58	43	0.06	22.2	5.66	124	 270,531 	NA	NA	0.19	0.00	0.94	0.43	0.00	0.75	1.62	0.02	-1.27	2.76	0.03	-3.47
AFS	613178	36179RRE1	Agency MBS ARM	A-3-Q	GOVERNMENT NATIONAL MORTGAGE A	0.0347038	4.625	10/1/2045	1981112	 68,752 	 6,784.30 	68752.11	70795.49	100	102.9720939	2043.38	12/31/2025	Model2501	100	LMMSOFRFLAT	RFRSwap	4.57	1.04	-0.19	0.011	 7 	0.69	-0.03	0.18	0.11	0.09	-0.02	-0.06	4.2	16.8	70	46	0.03	26.3	5.65	124	 202,565 	NA	NA	0.47	0.00	1.62	0.80	0.01	0.96	1.53	0.02	-1.26	2.51	0.03	-3.29
AFS	613362	36179RTK5	Agency MBS ARM	A-3-Q	GOVERNMENT NATIONAL MORTGAGE A	0.04138446	4.625	11/1/2045	1762915	 72,957 	 5,230.83 	72957.29	74425.13	100	102.0119228	1467.84	12/31/2025	Model2501	100	LMMSOFRFLAT	RFRSwap	4.88	1.19	-0.34	0.012	 9 	0.73	-0.08	0.12	0.09	0.23	0.06	-0.05	4.4	15.9	96	76	0.04	24.9	5.60	122	 221,187 	NA	NA	0.45	0.00	1.70	0.84	0.01	1.05	1.87	0.02	-1.47	3.04	0.03	-3.92
AFS	612784	36179RTM1	Agency MBS ARM	A-3-Q	GOVERNMENT NATIONAL MORTGAGE A	0.04396342	4.625	11/1/2045	2329832	 102,427 	 18,186.18 	102427.38	105472.84	100	102.9732837	3045.46	12/31/2025	Model2501	100	LMMSOFRFLAT	RFRSwap	4.61	1.06	-0.21	0.011	 11 	0.70	-0.03	0.19	0.10	0.10	-0.01	-0.06	4.3	16.2	73	48	0.04	24.6	5.60	123	 211,228 	NA	NA	0.42	0.00	1.60	0.80	0.01	0.98	1.58	0.02	-1.29	2.60	0.03	-3.40
AFS	612891	36179RVM8	Agency MBS ARM	A-3-Q	GOVERNMENT NATIONAL MORTGAGE A	0.05643386	4.625	12/1/2045	574280	 32,409 	 555.00 	32408.84	33160.81	100	102.3202558	751.97	12/31/2025	Model2501	100	LMMSOFRFLAT	RFRSwap	4.73	1.10	-0.35	0.011	 4 	0.71	-0.04	0.16	0.08	0.17	0.00	-0.06	4.1	17.4	83	65	0.06	22.7	5.52	122	 232,001 	NA	NA	0.39	0.00	1.44	0.70	0.01	0.95	1.75	0.02	-1.38	2.81	0.03	-3.67
AFS	613864	36179RVP1	Agency MBS ARM	A-3-Q	GOVERNMENT NATIONAL MORTGAGE A	0.02705094	4.625	12/1/2045	903026	 24,428 	 1,337.41 	24427.7	25154.32	100	102.9745524	726.62	12/31/2025	Model2501	100	LMMSOFRFLAT	RFRSwap	4.63	1.09	-0.16	0.011	 3 	0.70	-0.06	0.15	0.11	0.14	0.02	-0.06	4.4	16.4	74	47	0.03	28.3	5.56	122	 217,513 	NA	NA	0.65	0.01	1.87	0.92	0.01	1.04	1.59	0.02	-1.30	2.57	0.03	-3.40
AFS	613282	36179RXP9	Agency MBS ARM	A-3-Q	GOVERNMENT NATIONAL MORTGAGE A	0.04187806	5.5	1/1/2046	1515744	 63,476 	 18,058.16 	63476.42	64733.17	100	101.9798754	1256.76	12/31/2025	Model2501	100	LMMSOFRFLAT	RFRSwap	4.76	0.45	-0.01	0.005	 3 	0.10	0.01	0.06	0.07	0.12	-0.03	-0.05	3.8	18.8	86	72	0.04	25.2	6.00	121	 247,629 	NA	NA	0.30	0.00	1.06	0.66	0.01	0.65	0.78	0.01	-0.59	2.27	0.02	-2.01
AFS	614452	36179RXR5	Agency MBS ARM	A-3-Q	GOVERNMENT NATIONAL MORTGAGE A	0.05102351	5.5	1/1/2046	778033	 39,698 	 1,010.92 	39697.97	40484.18	100	101.9804676	786.2	12/31/2025	Model2501	100	LMMSOFRFLAT	RFRSwap	4.83	0.43	0.06	0.004	 2 	0.08	-0.02	0.05	0.10	0.11	-0.01	-0.05	4.1	17.2	95	74	0.05	23.8	5.92	120	 270,018 	NA	NA	0.49	0.01	1.36	0.82	0.01	0.72	0.64	0.01	-0.52	2.00	0.02	-1.75
AFS	613034	36179RXT1	Agency MBS ARM	A-3-Q	GOVERNMENT NATIONAL MORTGAGE A	0.02118268	5.5	1/1/2046	263135	 5,574 	 95.40 	5573.9	5570.49	100	99.9386725	-3.42	12/31/2025	Model2501	100	LMMSOFRFLAT	RFRSwap	5.50	0.43	0.30	0.004	 0 	0.00	-0.19	-0.12	0.11	0.21	0.16	-0.01	5.0	13.9	162	130	0.02	30.3	6.08	121	 104,860 	NA	NA	1.61	0.02	2.50	1.41	0.01	0.96	0.56	0.01	-0.45	1.91	0.02	-1.58
AFS	613808	36179RZ51	Agency MBS ARM	A-3-Q	GOVERNMENT NATIONAL MORTGAGE A	0.04428035	5.5	2/1/2046	365600	 16,189 	 2,378.75 	16188.9	16510.62	100	101.9873074	321.72	12/31/2025	Model2501	100	LMMSOFRFLAT	RFRSwap	4.80	0.52	0.05	0.005	 1 	0.07	-0.02	0.03	0.11	0.16	0.03	-0.05	4.0	17.4	90	72	0.04	25.2	6.08	119	 219,977 	NA	NA	0.64	0.01	1.53	0.89	0.01	0.78	0.81	0.01	-0.63	2.24	0.02	-2.07
AFS	614196	36179RZ77	Agency MBS ARM	A-3-Q	GOVERNMENT NATIONAL MORTGAGE A	0.0346549	5.5	2/1/2046	322339	 11,171 	 175.39 	11170.63	11391.99	100	101.9816302	221.36	12/31/2025	Model2501	100	LMMSOFRFLAT	RFRSwap	4.67	0.35	0.05	0.004	 0 	0.11	0.03	0.09	0.07	0.02	-0.06	-0.05	3.4	19.7	81	63	0.03	27.5	5.96	120	 292,354 	NA	NA	0.35	0.00	1.01	0.62	0.01	0.57	0.52	0.01	-0.42	1.72	0.02	-1.46
AFS	613024	36179S3A3	Agency MBS ARM	A-3-Q	GOVERNMENT NATIONAL MORTGAGE A	0.04486417	5.5	4/1/2047	24981789	 1,120,787 	 247,561.04 	1120787.23	1144656.86	100	102.1297203	23869.63	12/31/2025	Model2501	100	LMMSOFRFLAT	RFRSwap	4.86	0.81	0.15	0.008	 93 	0.35	0.06	0.01	0.11	0.17	0.06	-0.05	4.3	17.0	92	73	0.04	28.0	6.04	105	 208,718 	NA	NA	0.44	0.00	1.48	0.80	0.01	0.89	1.12	0.01	-0.91	2.44	0.02	-2.63
AFS	614337	36179S3D7	Agency MBS ARM	A-3-Q	GOVERNMENT NATIONAL MORTGAGE A	0.04180742	5.5	4/1/2047	915869	 38,290 	 8,526.69 	38290.12	39105.26	100	102.1288529	 815.14 	12/31/2025	Model2501	100	LMMSOFRFLAT	RFRSwap	4.81	0.71	0.26	0.007	 3 	0.35	0.07	0.03	0.13	0.09	0.01	-0.05	4.0	18.4	92	70	0.04	28.7	6.01	105	 216,645 	NA	NA	0.59	0.01	1.55	0.83	0.01	0.86	0.89	0.01	-0.75	2.04	0.02	-2.15
AFS	613292	36179S6A0	Agency MBS ARM	A-3-Q	GOVERNMENT NATIONAL MORTGAGE A	0.05293225	5.5	5/1/2047	1022742	 54,136 	 5,460.36 	54136.04	55288.4	100	102.1286424	1152.37	12/31/2025	Model2501	100	LMMSOFRFLAT	RFRSwap	4.82	0.72	0.29	0.007	 4 	0.31	0.05	0.00	0.12	0.12	0.06	-0.04	4.0	16.2	92	66	0.05	28.0	6.00	104	 168,841 	NA	NA	0.70	0.01	1.74	0.93	0.01	0.89	0.86	0.01	-0.74	1.90	0.02	-2.07
AFS	613208	36179SAK3	Agency MBS ARM	A-3-Q	GOVERNMENT NATIONAL MORTGAGE A	0.05044602	5.5	4/1/2046	644148	 32,495 	 2,207.46 	32494.7	33176.81	100	102.0991442	682.11	12/31/2025	Model2501	100	LMMSOFRFLAT	RFRSwap	4.69	0.60	0.17	0.006	 2 	0.36	0.10	0.09	0.08	0.04	-0.07	-0.06	3.5	20.6	84	68	0.05	24.5	5.98	117	 291,710 	NA	NA	0.45	0.00	1.13	0.57	0.01	0.67	0.79	0.01	-0.66	1.92	0.02	-1.95
AFS	613955	36179SCK1	Agency MBS ARM	A-3-Q	GOVERNMENT NATIONAL MORTGAGE A	0.0385605	5.5	5/1/2046	556624	 21,464 	 1,849.26 	21463.7	21914.53	100	102.1004182	450.83	12/31/2025	Model2501	100	LMMSOFRFLAT	RFRSwap	4.82	0.80	0.23	0.008	 2 	0.32	0.04	0.00	0.09	0.21	0.09	-0.04	4.0	16.7	89	67	0.04	27.3	6.01	117	 192,021 	NA	NA	0.76	0.01	1.86	0.98	0.01	0.96	1.03	0.01	-0.86	2.19	0.02	-2.42
AFS	612649	36179SEU7	Agency MBS ARM	A-3-Q	GOVERNMENT NATIONAL MORTGAGE A	0.04155613	5.5	6/1/2046	98015	 4,073 	 56.79 	4073.12	4158.82	100	102.1039478	85.69	12/31/2025	Model2501	100	LMMSOFRFLAT	RFRSwap	4.96	0.94	0.25	0.010	 0 	0.34	0.03	-0.03	0.14	0.26	0.13	-0.04	4.8	14.3	101	78	0.04	26.3	6.07	116	 189,447 	NA	NA	0.82	0.01	2.09	1.11	0.01	1.10	1.23	0.01	-1.02	2.59	0.03	-2.87
AFS	613801	36179SGX9	Agency MBS ARM	A-3-Q	GOVERNMENT NATIONAL MORTGAGE A	0.05020296	5.375	7/1/2046	460774	 23,132 	 1,327.31 	23132.22	23619.91	100	102.1082613	487.69	12/31/2025	Model2501	100	LMMSOFRFLAT	RFRSwap	4.78	0.89	-0.26	0.009	 2 	0.54	0.07	0.09	0.09	0.13	0.00	-0.05	3.9	18.9	88	72	0.05	25.0	5.90	114	 256,176 	NA	NA	0.37	0.00	1.30	0.67	0.01	0.84	1.34	0.01	-1.07	2.61	0.03	-3.02
AFS	613773	36179SGY7	Agency MBS ARM	A-3-Q	GOVERNMENT NATIONAL MORTGAGE A	0.04111283	5.375	7/1/2046	117632	 4,836 	 61.57 	4836.18	4938	100	102.1053821	101.82	12/31/2025	Model2501	100	LMMSOFRFLAT	RFRSwap	4.61	0.70	-0.09	0.007	 0 	0.53	0.10	0.13	0.06	-0.01	-0.09	-0.05	3.2	23.0	79	64	0.04	26.7	5.88	115	 324,905 	NA	NA	0.49	0.01	1.12	0.54	0.01	0.68	1.01	0.01	-0.82	2.09	0.02	-2.33
AFS	614669	36179SJ65	Agency MBS ARM	A-3-Q	GOVERNMENT NATIONAL MORTGAGE A	0.05354041	5.375	8/1/2046	224753	 12,033 	 218.74 	12033.37	12286.93	100	102.1071599	253.56	12/31/2025	Model2501	100	LMMSOFRFLAT	RFRSwap	4.85	0.99	-0.21	0.010	 1 	0.54	0.05	0.07	0.11	0.20	0.05	-0.05	4.2	17.0	94	75	0.05	24.7	5.85	114	 212,230 	NA	NA	0.48	0.01	1.66	0.87	0.01	0.99	1.42	0.01	-1.15	2.68	0.03	-3.18
AFS	613589	36179SL54	Agency MBS ARM	A-3-Q	GOVERNMENT NATIONAL MORTGAGE A	0.04638951	5.375	9/1/2046	349830	 16,228 	 246.46 	16228.44	16571.03	100	102.1110179	342.58	12/31/2025	Model2501	100	LMMSOFRFLAT	RFRSwap	4.81	0.96	-0.21	0.010	 2 	0.54	0.06	0.09	0.12	0.16	0.02	-0.05	4.1	18.0	92	75	0.05	26.1	5.90	113	 201,396 	NA	NA	0.44	0.00	1.58	0.82	0.01	0.95	1.38	0.01	-1.12	2.64	0.03	-3.11
AFS	613176	36179SN86	Agency MBS ARM	A-3-Q	GOVERNMENT NATIONAL MORTGAGE A	0.0581916	4.625	10/1/2046	1036523	 60,317 	 917.90 	60316.93	61738.81	100	102.3573514	1421.88	12/31/2025	Model2501	100	LMMSOFRFLAT	RFRSwap	4.68	1.02	-0.39	0.010	 6 	0.71	0.00	0.17	0.05	0.11	-0.03	-0.06	3.9	18.7	77	61	0.06	24.5	5.65	112	 252,693 	NA	NA	0.24	0.00	1.17	0.56	0.01	0.84	1.69	0.02	-1.32	2.83	0.03	-3.58
AFS	614179	36179SN94	Agency MBS ARM	A-3-Q	GOVERNMENT NATIONAL MORTGAGE A	0.03331925	5	10/1/2046	272784	 9,089 	 113.58 	9088.96	9310.15	100	102.4336152	221.19	12/31/2025	Model2501	100	LMMSOFRFLAT	RFRSwap	4.07	0.43	-0.55	0.004	 0 	0.65	0.24	0.24	-0.31	-0.13	-0.24	-0.08	2.3	31.9	26	21	0.03	29.0	5.74	111	 432,793 	NA	NA	0.27	0.00	0.12	-0.15	0.00	0.12	0.95	0.01	-0.72	1.78	0.02	-2.05
AFS	614625	36179SS24	Agency MBS ARM	A-3-Q	GOVERNMENT NATIONAL MORTGAGE A	0.07003819	4.625	12/1/2046	334412	 23,422 	 315.63 	23421.61	24128.62	100	103.0186133	707.01	12/31/2025	Model2501	100	LMMSOFRFLAT	RFRSwap	4.44	0.90	-0.44	0.009	 2 	0.62	0.05	0.22	0.06	0.03	-0.07	-0.08	3.6	17.5	50	35	0.06	24.3	5.71	110	 263,724 	NA	NA	-0.01	0.00	0.74	0.35	0.00	0.68	1.51	0.02	-1.20	2.48	0.02	-3.21
AFS	612665	36179SU88	Agency MBS ARM	A-3-Q	GOVERNMENT NATIONAL MORTGAGE A	0.03914374	5.5	1/1/2047	382936	 14,990 	 3,223.07 	14989.55	15291.52	100	102.0145543	301.97	12/31/2025	Model2501	100	LMMSOFRFLAT	RFRSwap	4.83	0.49	-0.02	0.005	 1 	0.07	-0.02	0.02	0.08	0.17	0.05	-0.05	4.0	16.1	87	68	0.04	29.2	6.11	108	 229,277 	NA	NA	0.36	0.00	1.20	0.73	0.01	0.69	0.81	0.01	-0.63	2.18	0.02	-2.04
AFS	613002	36179SXA0	Agency MBS ARM	A-3-Q	GOVERNMENT NATIONAL MORTGAGE A	0.05289564	5.5	2/1/2047	410640	 21,721 	 3,615.46 	21721.07	22159.45	100	102.0182256	438.38	12/31/2025	Model2501	100	LMMSOFRFLAT	RFRSwap	4.74	0.46	-0.01	0.005	 1 	0.07	0.01	0.06	0.10	0.10	-0.02	-0.05	3.8	19.3	85	71	0.05	26.1	6.15	107	 280,342 	NA	NA	0.88	0.01	1.52	0.81	0.01	0.70	0.77	0.01	-0.60	2.26	0.02	-2.01
AFS	612646	36179T5A9	Agency MBS ARM	A-3-Q	GOVERNMENT NATIONAL MORTGAGE A	0.0395385	5.375	7/1/2048	2279162	 90,115 	 10,413.31 	90114.65	91839.43	100	101.913992	1724.78	12/31/2025	Model2501	100	LMMSOFRFLAT	RFRSwap	4.90	0.87	0.01	0.009	 8 	0.54	0.04	0.08	0.15	0.07	0.01	-0.04	4.2	17.7	105	80	0.04	33.6	5.88	90	 208,123 	NA	NA	0.77	0.01	1.87	0.98	0.01	0.97	1.10	0.01	-0.93	2.13	0.02	-2.52
AFS	613595	36179T5B7	Agency MBS ARM	A-3-Q	GOVERNMENT NATIONAL MORTGAGE A	0.07499268	5.375	7/1/2048	250381	 18,777 	 190.96 	18776.74	19063.43	100	101.5268448	286.69	12/31/2025	Model2501	100	LMMSOFRFLAT	RFRSwap	4.75	0.74	0.10	0.008	 1 	0.53	0.04	0.08	0.14	0.00	-0.03	-0.03	3.0	25.9	99	78	0.07	27.7	5.76	90	 282,633 	NA	NA	0.85	0.01	1.81	0.95	0.01	0.88	0.85	0.01	-0.76	1.54	0.02	-1.94
AFS	614680	36179TDB8	Agency MBS ARM	A-3-Q	GOVERNMENT NATIONAL MORTGAGE A	0.06425362	5.375	7/1/2047	1810521	 116,333 	 11,744.02 	116332.53	118816.32	100	102.1350769	2483.78	12/31/2025	Model2501	100	LMMSOFRFLAT	RFRSwap	4.81	0.93	-0.22	0.010	 11 	0.53	0.06	0.07	0.11	0.15	0.04	-0.05	4.0	18.0	90	71	0.06	25.8	5.92	102	 202,652 	NA	NA	0.48	0.01	1.54	0.80	0.01	0.92	1.36	0.01	-1.10	2.59	0.03	-3.06
AFS	613430	36179TDD4	Agency MBS ARM	A-3-Q	GOVERNMENT NATIONAL MORTGAGE A	0.04925514	5.375	7/1/2047	2055208	 101,230 	 5,351.82 	101229.56	103391.56	100	102.1357391	2162	12/31/2025	Model2501	100	LMMSOFRFLAT	RFRSwap	4.76	0.83	-0.03	0.008	 9 	0.51	0.06	0.09	0.11	0.07	0.00	-0.05	3.8	18.9	89	66	0.05	28.5	5.86	102	 212,335 	NA	NA	0.54	0.01	1.56	0.82	0.01	0.87	1.11	0.01	-0.93	2.15	0.02	-2.53
AFS	614134	36179TFD2	Agency MBS ARM	A-3-Q	GOVERNMENT NATIONAL MORTGAGE A	0.07245932	5.375	8/1/2047	1156466	 83,797 	 6,487.45 	83796.74	85589.62	100	102.1395636	1792.88	12/31/2025	Model2501	100	LMMSOFRFLAT	RFRSwap	4.75	0.88	-0.22	0.009	 8 	0.52	0.07	0.09	0.09	0.12	0.02	-0.05	3.8	19.0	85	68	0.07	25.2	5.92	101	 220,665 	NA	NA	0.40	0.00	1.39	0.72	0.01	0.86	1.29	0.01	-1.04	2.47	0.02	-2.90
AFS	614644	36179TFE0	Agency MBS ARM	A-3-Q	GOVERNMENT NATIONAL MORTGAGE A	0.04364619	5.375	8/1/2047	982566	 42,885 	 6,565.02 	42885.26	43802.15	100	102.1379995	916.88	12/31/2025	Model2501	100	LMMSOFRFLAT	RFRSwap	4.76	0.84	-0.07	0.009	 4 	0.53	0.07	0.10	0.12	0.06	-0.01	-0.05	3.8	19.3	90	69	0.04	29.5	5.85	101	 257,714 	NA	NA	0.49	0.01	1.48	0.77	0.01	0.86	1.14	0.01	-0.95	2.24	0.02	-2.62
AFS	614313	36179THG3	Agency MBS ARM	A-3-Q	GOVERNMENT NATIONAL MORTGAGE A	0.03009707	5.375	9/1/2047	917953	 27,628 	 11,327.16 	27627.7	28219.5	100	102.1420736	591.8	12/31/2025	Model2501	100	LMMSOFRFLAT	RFRSwap	4.79	0.98	-0.13	0.010	 3 	0.51	0.05	0.06	0.13	0.17	0.07	-0.04	4.0	18.1	89	69	0.03	32.9	5.94	100	 188,449 	NA	NA	0.72	0.01	1.91	0.99	0.01	1.03	1.33	0.01	-1.11	2.42	0.02	-2.97
AFS	613764	36179THH1	Agency MBS ARM	A-3-Q	GOVERNMENT NATIONAL MORTGAGE A	0.03796919	5.375	9/1/2047	838247	 31,828 	 348.48 	31827.56	32508.94	100	102.1408544	681.38	12/31/2025	Model2501	100	LMMSOFRFLAT	RFRSwap	4.94	0.99	-0.01	0.010	 3 	0.54	0.03	0.05	0.15	0.15	0.09	-0.05	4.8	15.0	103	77	0.04	30.8	5.88	100	 183,335 	NA	NA	0.86	0.01	2.09	1.08	0.01	1.09	1.33	0.01	-1.10	2.60	0.03	-3.05
AFS	614545	36179TKB0	Agency MBS ARM	A-3-Q	GOVERNMENT NATIONAL MORTGAGE A	0.06965455	5.5	10/1/2047	1721633	 119,920 	 17,739.19 	119919.57	122204.64	100	101.9054966	2285.07	12/31/2025	Model2501	100	LMMSOFRFLAT	RFRSwap	4.88	1.16	-0.34	0.012	 14 	0.72	-0.06	0.12	0.11	0.17	0.06	-0.05	4.3	17.3	95	77	0.07	25.7	5.53	99	 205,262 	NA	NA	0.49	0.01	1.71	0.86	0.01	1.03	1.83	0.02	-1.44	2.98	0.03	-3.84
AFS	613368	36179TKC8	Agency MBS ARM	A-3-Q	GOVERNMENT NATIONAL MORTGAGE A	0.05371878	5.75	10/1/2047	1844501	 99,084 	 26,164.63 	99084.34	101013.21	100	101.946689	1928.86	12/31/2025	Model2501	100	LMMSOFRFLAT	RFRSwap	4.82	1.03	-0.20	0.011	 10 	0.71	-0.05	0.14	0.11	0.08	0.01	-0.05	4.0	18.7	95	72	0.05	28.1	5.59	99	 239,293 	NA	NA	0.57	0.01	1.69	0.85	0.01	0.96	1.56	0.02	-1.25	2.58	0.03	-3.32
AFS	613860	36179TL45	Agency MBS ARM	A-3-Q	GOVERNMENT NATIONAL MORTGAGE A	0.06757898	5.5	11/1/2047	2275966	 153,807 	 28,927.91 	153807.46	156726.72	100	101.8979929	2919.25	12/31/2025	Model2501	100	LMMSOFRFLAT	RFRSwap	4.81	1.07	-0.32	0.011	 17 	0.68	-0.03	0.13	0.10	0.13	0.04	-0.05	3.9	18.8	90	72	0.07	26.4	5.47	98	 224,885 	NA	NA	0.47	0.00	1.61	0.81	0.01	0.96	1.68	0.02	-1.33	2.74	0.03	-3.54
AFS	614083	36179TL52	Agency MBS ARM	A-3-Q	GOVERNMENT NATIONAL MORTGAGE A	0.06896554	5.75	11/1/2047	668802	 46,124 	 1,636.02 	46124.29	47020.09	100	101.9421354	895.8	12/31/2025	Model2501	100	LMMSOFRFLAT	RFRSwap	4.76	0.99	-0.21	0.010	 5 	0.69	-0.01	0.15	0.10	0.05	-0.01	-0.05	3.7	20.3	90	69	0.07	26.2	5.60	98	 242,966 	NA	NA	0.51	0.01	1.56	0.78	0.01	0.91	1.48	0.02	-1.20	2.44	0.02	-3.16
AFS	613986	36179TN43	Agency MBS ARM	A-3-Q	GOVERNMENT NATIONAL MORTGAGE A	0.05504236	5.75	12/1/2047	928130	 51,086 	 9,191.48 	51086.47	52077.53	100	101.939973	991.06	12/31/2025	Model2501	100	LMMSOFRFLAT	RFRSwap	4.90	1.12	-0.19	0.011	 6 	0.72	-0.06	0.13	0.12	0.12	0.05	-0.05	4.4	16.7	101	76	0.05	28.4	5.57	98	 220,843 	NA	NA	0.71	0.01	1.94	0.96	0.01	1.06	1.66	0.02	-1.34	2.71	0.03	-3.53
AFS	614195	36179TQ24	Agency MBS ARM	A-3-Q	GOVERNMENT NATIONAL MORTGAGE A	0.05261771	5.75	1/1/2048	1681316	 88,467 	 12,147.81 	88467	90328.72	100	102.1044293	1861.72	12/31/2025	Model2501	100	LMMSOFRFLAT	RFRSwap	4.62	0.47	0.60	0.005	 4 	0.22	0.06	0.09	0.09	-0.01	-0.07	-0.05	3.3	21.6	78	62	0.05	29.4	6.28	96	 272,633 	NA	NA	0.43	0.00	1.11	0.57	0.01	0.68	0.51	0.01	-0.44	1.50	0.02	-1.30
AFS	613979	36179TQZ1	Agency MBS ARM	A-3-Q	GOVERNMENT NATIONAL MORTGAGE A	0.06290548	5.5	1/1/2048	135792	 8,542 	 687.75 	8542.06	8713.22	100	102.003725	171.16	12/31/2025	Model2501	100	LMMSOFRFLAT	RFRSwap	4.81	0.54	0.05	0.006	 0 	0.08	-0.03	0.02	0.12	0.16	0.05	-0.04	4.0	18.4	89	71	0.06	27.4	5.91	96	 213,501 	NA	NA	0.65	0.01	1.61	0.93	0.01	0.81	0.83	0.01	-0.66	2.27	0.02	-2.12
AFS	613521	36179TSS5	Agency MBS ARM	A-3-Q	GOVERNMENT NATIONAL MORTGAGE A	0.09776237	5.5	2/1/2048	216015	 21,118 	 2,086.69 	21118.14	21541.12	100	102.0029162	422.98	12/31/2025	Model2501	100	LMMSOFRFLAT	RFRSwap	4.72	0.45	-0.03	0.005	 1 	0.11	0.04	0.07	0.08	0.07	-0.03	-0.06	3.6	19.6	81	68	0.10	23.7	5.88	96	 259,311 	NA	NA	0.27	0.00	1.02	0.63	0.01	0.63	0.76	0.01	-0.58	2.16	0.02	-1.94
AFS	612392	36179TST3	Agency MBS ARM	A-3-Q	GOVERNMENT NATIONAL MORTGAGE A	0.0365583	5.75	2/1/2048	436251	 15,949 	 3,789.82 	15948.59	16283.05	100	102.0971041	334.46	12/31/2025	Model2501	100	LMMSOFRFLAT	RFRSwap	4.86	0.62	0.74	0.006	 1 	0.21	0.01	0.03	0.09	0.11	0.04	-0.05	4.3	17.2	95	70	0.04	32.6	6.23	95	 222,238 	NA	NA	0.62	0.01	1.67	0.88	0.01	0.92	0.65	0.01	-0.57	1.80	0.02	-1.62
AFS	613560	36179TSV8	Agency MBS ARM	A-3-Q	GOVERNMENT NATIONAL MORTGAGE A	0.03182783	5.75	2/1/2048	214738	 6,835 	 72.78 	6834.64	6861.8	100	100.3973638	27.15	12/31/2025	Model2501	100	LMMSOFRFLAT	RFRSwap	5.26	0.57	1.05	0.006	 0 	0.19	-0.08	-0.05	0.16	0.14	0.05	-0.02	4.0	17.9	145	124	0.03	33.8	6.00	95	 226,778 	NA	NA	1.00	0.01	2.06	1.09	0.01	1.00	0.49	0.00	-0.43	1.58	0.02	-1.27
AFS	613457	36179TWG6	Agency MBS ARM	A-3-Q	GOVERNMENT NATIONAL MORTGAGE A	0.04805581	5.5	4/1/2048	2138135	 102,750 	 19,327.61 	102749.81	104838.27	100	102.0325712	2088.46	12/31/2025	Model2501	100	LMMSOFRFLAT	RFRSwap	4.78	0.67	0.23	0.007	 7 	0.34	0.08	0.05	0.13	0.05	-0.01	-0.05	3.8	19.1	91	72	0.05	31.0	6.06	93	 240,472 	NA	NA	0.58	0.01	1.45	0.77	0.01	0.80	0.85	0.01	-0.72	2.00	0.02	-2.08
AFS	614223	36179TWJ0	Agency MBS ARM	A-3-Q	GOVERNMENT NATIONAL MORTGAGE A	0.05103383	5.5	4/1/2048	363691	 18,561 	 861.37 	18560.54	18937.55	100	102.0312279	377.01	12/31/2025	Model2501	100	LMMSOFRFLAT	RFRSwap	4.83	0.64	0.31	0.007	 1 	0.35	0.09	0.06	0.13	0.03	-0.04	-0.06	4.0	18.3	96	73	0.05	30.4	6.00	93	 255,787 	NA	NA	0.58	0.01	1.42	0.76	0.01	0.79	0.75	0.01	-0.65	1.81	0.02	-1.86
AFS	614147	36179TX75	Agency MBS ARM	A-3-Q	GOVERNMENT NATIONAL MORTGAGE A	0.04973612	5.5	5/1/2048	698948	 34,763 	 3,134.40 	34762.96	35455.22	100	101.9913688	692.26	12/31/2025	Model2501	100	LMMSOFRFLAT	RFRSwap	4.93	0.78	0.33	0.008	 3 	0.33	0.04	-0.01	0.15	0.14	0.07	-0.04	4.4	16.1	102	77	0.05	31.1	5.97	92	 175,502 	NA	NA	0.83	0.01	1.93	1.03	0.01	0.98	0.94	0.01	-0.81	2.13	0.02	-2.28
AFS	613397	36179TX91	Agency MBS ARM	A-3-Q	GOVERNMENT NATIONAL MORTGAGE A	0.03426579	5.5	5/1/2048	417302	 14,299 	 614.67 	14299.18	14584.02	100	101.9919545	284.83	12/31/2025	Model2501	100	LMMSOFRFLAT	RFRSwap	4.90	0.72	0.38	0.007	 1 	0.35	0.07	0.03	0.15	0.07	0.01	-0.05	4.3	17.0	103	77	0.03	34.2	6.00	92	 213,470 	NA	NA	0.72	0.01	1.79	0.96	0.01	0.93	0.81	0.01	-0.71	1.86	0.02	-1.98
AFS	614731	36179UAH5	Agency MBS ARM	A-3-Q	GOVERNMENT NATIONAL MORTGAGE A	0.04663897	5.375	8/1/2048	275971	 12,871 	 677.36 	12871	13117.29	100	101.9134993	246.29	12/31/2025	Model2501	100	LMMSOFRFLAT	RFRSwap	4.87	0.84	-0.10	0.009	 1 	0.54	0.05	0.09	0.13	0.06	0.00	-0.05	4.0	18.6	98	78	0.05	32.3	5.86	90	 249,808 	NA	NA	0.44	0.00	1.40	0.73	0.01	0.85	1.19	0.01	-0.97	2.36	0.02	-2.72
AFS	612654	36179UAJ1	Agency MBS ARM	A-3-Q	GOVERNMENT NATIONAL MORTGAGE A	0.04097907	5.375	8/1/2048	2927777	 119,978 	 27,315.25 	119977.58	122274.56	100	101.9145074	2296.98	12/31/2025	Model2501	100	LMMSOFRFLAT	RFRSwap	4.82	0.79	-0.06	0.008	 10 	0.54	0.06	0.11	0.13	0.02	-0.05	-0.05	3.8	19.6	98	78	0.04	33.6	5.91	90	 246,108 	NA	NA	0.47	0.00	1.41	0.74	0.01	0.82	1.03	0.01	-0.87	2.03	0.02	-2.37
AFS	613351	36179UEJ7	Agency MBS ARM	A-3-Q	GOVERNMENT NATIONAL MORTGAGE A	0.15319421	4.5	10/1/2048	684204	 104,816 	 1,222.45 	104816.09	106056.66	100	101.1835627	1240.57	12/31/2025	Model2501	100	LMMSOFRFLAT	RFRSwap	4.87	1.03	-0.21	0.010	 11 	0.71	-0.05	0.10	0.10	0.12	0.02	-0.03	3.1	24.5	103	91	0.15	20.9	5.63	88	 267,196 	NA	NA	0.69	0.01	1.75	0.87	0.01	0.96	1.52	0.02	-1.23	2.41	0.02	-3.18
AFS	614176	36179UEL2	Agency MBS ARM	A-3-Q	GOVERNMENT NATIONAL MORTGAGE A	0.05005708	5	10/1/2048	231632	 11,595 	 1,754.81 	11594.82	11857.64	100	102.2666578	262.81	12/31/2025	Model2501	100	LMMSOFRFLAT	RFRSwap	4.60	0.86	-0.33	0.009	 1 	0.70	0.03	0.20	0.05	-0.03	-0.09	-0.06	3.5	21.7	73	58	0.05	32.3	5.72	88	 259,066 	NA	NA	0.20	0.00	0.93	0.44	0.00	0.69	1.41	0.01	-1.11	2.41	0.02	-3.02
AFS	613923	36179UEM0	Agency MBS ARM	A-3-Q	GOVERNMENT NATIONAL MORTGAGE A	0.03807235	5.5	10/1/2048	1864290	 70,978 	 7,556.32 	70977.9	72148.92	100	101.6498397	1171.01	12/31/2025	Model2501	100	LMMSOFRFLAT	RFRSwap	4.99	1.07	-0.12	0.011	 8 	0.73	-0.10	0.12	0.13	0.08	0.06	-0.04	4.4	17.1	111	82	0.04	34.9	5.57	87	 185,442 	NA	NA	0.92	0.01	2.13	1.06	0.01	1.07	1.53	0.02	-1.24	2.46	0.02	-3.23
AFS	612668	36179UEN8	Agency MBS ARM	A-3-Q	GOVERNMENT NATIONAL MORTGAGE A	0.04023754	5.75	10/1/2048	196377	 7,902 	 2,795.21 	7901.73	8035.04	100	101.6871508	133.31	12/31/2025	Model2501	100	LMMSOFRFLAT	RFRSwap	4.89	0.98	-0.13	0.010	 1 	0.71	-0.04	0.16	0.14	0.01	-0.04	-0.05	4.0	18.5	106	81	0.04	34.5	5.47	87	 294,369 	NA	NA	0.58	0.01	1.68	0.85	0.01	0.94	1.39	0.01	-1.14	2.21	0.02	-2.94
AFS	613141	36179UGQ9	Agency MBS ARM	A-3-Q	GOVERNMENT NATIONAL MORTGAGE A	0.04442518	5.5	11/1/2048	240027	 10,663 	 1,181.10 	10663.24	10839.01	100	101.6483143	175.76	12/31/2025	Model2501	100	LMMSOFRFLAT	RFRSwap	4.92	1.00	-0.20	0.010	 1 	0.73	-0.07	0.15	0.12	0.05	-0.01	-0.05	4.0	18.3	106	83	0.04	33.8	5.51	87	 240,789 	NA	NA	0.54	0.01	1.63	0.83	0.01	0.94	1.48	0.01	-1.19	2.40	0.02	-3.12
AFS	614833	36179UGR7	Agency MBS ARM	A-3-Q	GOVERNMENT NATIONAL MORTGAGE A	0.02539321	5.75	11/1/2048	553606	 14,058 	 1,436.75 	14057.83	14295.54	100	101.6909219	237.71	12/31/2025	Model2501	100	LMMSOFRFLAT	RFRSwap	4.96	0.98	-0.03	0.010	 1 	0.67	-0.10	0.10	0.14	0.07	0.04	-0.03	4.2	16.1	109	77	0.02	39.8	5.64	87	 176,510 	NA	NA	1.02	0.01	2.12	1.05	0.01	1.02	1.32	0.01	-1.10	2.05	0.02	-2.79
AFS	614387	36179UJG8	Agency MBS ARM	A-3-Q	GOVERNMENT NATIONAL MORTGAGE A	0.0679969	5.5	12/1/2048	514747	 35,001 	 367.00 	35001.2	35574.24	100	101.6371951	573.04	12/31/2025	Model2501	100	LMMSOFRFLAT	RFRSwap	4.89	0.97	-0.18	0.010	 3 	0.71	-0.05	0.14	0.13	0.03	-0.01	-0.04	3.9	19.6	104	80	0.07	30.1	5.55	86	 220,423 	NA	NA	0.65	0.01	1.68	0.84	0.01	0.92	1.43	0.01	-1.15	2.33	0.02	-3.02
AFS	613972	36179ULB6	Agency MBS ARM	A-3-Q	GOVERNMENT NATIONAL MORTGAGE A	0.05867665	5.5	1/1/2049	2328420	 136,624 	 11,790.58 	136623.89	138794.3	100	101.5886086	2170.42	12/31/2025	Model2501	100	LMMSOFRFLAT	RFRSwap	4.87	0.35	0.14	0.004	 5 	0.10	-0.01	0.06	0.12	0.00	-0.04	-0.05	3.7	19.9	102	82	0.06	31.9	5.99	85	 255,712 	NA	NA	0.49	0.01	1.23	0.76	0.01	0.64	0.48	0.00	-0.39	1.65	0.02	-1.37
AFS	614756	36179UMX7	Agency MBS ARM	A-3-Q	GOVERNMENT NATIONAL MORTGAGE A	0.07068335	5.5	2/1/2049	1984290	 140,256 	 6,904.97 	140256.26	142665.95	100	101.718056	 2,409.68 	12/31/2025	Model2501	100	LMMSOFRFLAT	RFRSwap	4.84	0.36	0.14	0.004	 5 	0.09	0.00	0.06	0.12	0.00	-0.04	-0.05	3.7	20.0	98	77	0.07	30.4	5.97	83	 268,131 	NA	NA	0.48	0.00	1.23	0.75	0.01	0.64	0.49	0.00	-0.40	1.64	0.02	-1.38
AFS	614133	36179UMY5	Agency MBS ARM	A-3-Q	GOVERNMENT NATIONAL MORTGAGE A	0.03318684	5.75	2/1/2049	263136	 8,733 	 1,224.83 	8732.65	8891.12	100	101.8146119	 158.46 	12/31/2025	Model2501	100	LMMSOFRFLAT	RFRSwap	4.89	0.53	0.86	0.005	 0 	0.21	0.02	0.07	0.13	0.01	-0.03	-0.05	4.1	18.2	105	79	0.03	37.7	6.17	83	 202,470 	NA	NA	0.78	0.01	1.67	0.86	0.01	0.86	0.42	0.00	-0.41	1.28	0.01	-1.10
AFS	613271	36202K2H7	Agency MBS ARM	A-3-Q	GOVERNMENT NATIONAL MORTGAGE A	0.00004312	5.625	5/1/2026	29919985	 1,290 	 2,569.39 	1290.15	1289.09	100	99.9176198	-1.06	12/31/2025	Model2501	100	LMMSOFRFLAT	RFRSwap	4.32	0.17	0.00	0.002	 0 	0.17	0.00	0.00	0.00	0.00	0.00	0.00	0.2	25.3	66	62	0.00	NA	6.72	357	 NA 	NA	NA	0.17	0.00	0.35	0.17	0.00	0.17	0.17	0.00	-0.17	0.17	0.00	-0.34
AFS	614465	36202K2J3	Agency MBS ARM	A-3-Q	GOVERNMENT NATIONAL MORTGAGE A	0.00001936	5.625	5/1/2026	10510320	 203 	 567.23 	203.48	203.18	100	99.8547166	-0.3	12/31/2025	Model2501	100	LMMSOFRFLAT	RFRSwap	4.67	0.17	0.00	0.002	 0 	0.17	0.00	0.00	0.00	0.00	0.00	0.00	0.2	27.6	101	96	0.00	NA	6.85	357	 NA 	NA	NA	0.17	0.00	0.34	0.17	0.00	0.17	0.17	0.00	-0.17	0.17	0.00	-0.34
AFS	614069	36202K2L8	Agency MBS ARM	A-3-Q	GOVERNMENT NATIONAL MORTGAGE A	0.00005817	5.625	6/1/2026	26356070	 1,533 	 1,785.24 	1533.13	1529.94	100	99.791836	-3.19	12/31/2025	Model2501	100	LMMSOFRFLAT	RFRSwap	5.20	0.22	0.00	0.002	 0 	0.22	0.00	0.00	0.00	0.00	0.00	0.00	0.2	21.3	156	151	0.00	NA	7.00	356	 NA 	NA	NA	0.22	0.00	0.44	0.22	0.00	0.22	0.22	0.00	-0.22	0.22	0.00	-0.44
AFS	613803	36202K2Z7	Agency MBS ARM	A-3-Q	GOVERNMENT NATIONAL MORTGAGE A	0.00004302	5.625	6/1/2026	47839979	 2,058 	 3,281.24 	2058.08	2056.37	100	99.9171744	-1.7	12/31/2025	Model2501	100	LMMSOFRFLAT	RFRSwap	4.60	0.22	0.00	0.002	 0 	0.22	0.00	0.00	0.00	0.00	0.00	0.00	0.2	30.7	95	91	0.00	NA	6.77	356	 NA 	NA	NA	0.22	0.00	0.43	0.22	0.00	0.22	0.21	0.00	-0.22	0.21	0.00	-0.43
AFS	613929	36202K3S2	Agency MBS ARM	A-3-Q	GOVERNMENT NATIONAL MORTGAGE A	0.00003624	5.375	7/1/2026	1980000	 72 	 91.33 	71.76	71.75	100	99.9993375	0	12/31/2025	Model2501	100	LMMSOFRFLAT	RFRSwap	4.26	0.26	0.00	0.003	 0 	0.26	0.00	0.00	0.00	0.00	0.00	0.00	0.3	26.7	62	58	0.00	NA	6.63	355	 NA 	NA	NA	0.26	0.00	0.52	0.26	0.00	0.26	0.26	0.00	-0.26	0.26	0.00	-0.52
AFS	613108	36202K3U7	Agency MBS ARM	A-3-Q	GOVERNMENT NATIONAL MORTGAGE A	0.00006128	5.375	7/1/2026	10670078	 654 	 745.24 	654.37	654.65	100.0781	100.1198561	0.27	12/31/2025	Model2501	100	LMMSOFRFLAT	RFRSwap	3.78	0.26	0.00	0.003	 0 	0.26	0.00	0.00	0.00	0.00	0.00	0.00	0.3	26.2	15	10	0.00	NA	6.66	355	 NA 	NA	NA	0.26	0.00	0.52	0.26	0.00	0.26	0.26	0.00	-0.26	0.26	0.00	-0.52
AFS	612275	36202K5C5	Agency MBS ARM	A-3-Q	GOVERNMENT NATIONAL MORTGAGE A	0.00005861	5.375	8/1/2026	4000000	 234 	 219.36 	234.58	234.26	100.0593	99.9229809	-0.32	12/31/2025	Model2501	100	LMMSOFRFLAT	RFRSwap	4.67	0.30	0.00	0.003	 0 	0.30	0.00	0.00	0.00	0.00	0.00	0.00	0.3	22.0	105	101	0.00	NA	6.63	354	 NA 	NA	NA	0.30	0.00	0.60	0.30	0.00	0.30	0.29	0.00	-0.30	0.29	0.00	-0.59
AFS	613816	36202K5E1	Agency MBS ARM	A-3-Q	GOVERNMENT NATIONAL MORTGAGE A	0.00006213	5.375	8/1/2026	17670876	 1,098 	 917.14 	1099.3	1097.54	100.128	99.9678132	-1.76	12/31/2025	Model2501	100	LMMSOFRFLAT	RFRSwap	4.51	0.29	0.00	0.003	 0 	0.29	0.00	0.00	0.00	0.00	0.00	0.00	0.3	24.0	89	85	0.00	NA	6.58	354	 NA 	NA	NA	0.30	0.00	0.60	0.30	0.00	0.30	0.29	0.00	-0.29	0.29	0.00	-0.59
AFS	613297	36202K5G6	Agency MBS ARM	A-3-Q	GOVERNMENT NATIONAL MORTGAGE A	0.00011064	5.375	8/1/2026	15031112	 1,663 	 1,842.61 	1664.9	1666.99	100.1115	100.2370999	2.09	12/31/2025	Model2501	100	LMMSOFRFLAT	RFRSwap	3.57	0.29	0.00	0.003	 0 	0.29	0.00	0.00	0.00	0.00	0.00	0.00	0.3	24.9	-5	-9	0.00	NA	6.59	354	 NA 	NA	NA	0.29	0.00	0.59	0.29	0.00	0.30	0.29	0.00	-0.29	0.29	0.00	-0.58
AFS	612386	36202K5U5	Agency MBS ARM	A-3-Q	GOVERNMENT NATIONAL MORTGAGE A	0.0000758	5.375	8/1/2026	5290000	 401 	 526.09 	401.54	401.19	100.1392	100.0524684	-0.34	12/31/2025	Model2501	100	LMMSOFRFLAT	RFRSwap	4.21	0.29	0.00	0.003	 0 	0.29	0.00	0.00	0.00	0.00	0.00	0.00	0.3	27.4	59	55	0.00	NA	6.75	354	 NA 	NA	NA	0.29	0.00	0.59	0.29	0.00	0.29	0.29	0.00	-0.29	0.29	0.00	-0.58
AFS	612384	36202K6D2	Agency MBS ARM	A-3-Q	GOVERNMENT NATIONAL MORTGAGE A	0.00012582	5.375	9/1/2026	6578734	 828 	 877.20 	829.2	830.09	100.1763	100.2842236	0.89	12/31/2025	Model2501	100	LMMSOFRFLAT	RFRSwap	3.57	0.32	0.00	0.003	 0 	0.32	0.00	0.00	0.00	0.00	0.00	0.00	0.3	24.9	-3	-8	0.00	NA	6.62	353	 NA 	NA	NA	0.32	0.00	0.64	0.32	0.00	0.32	0.32	0.00	-0.32	0.31	0.00	-0.63
AFS	614260	36202K6G5	Agency MBS ARM	A-3-Q	GOVERNMENT NATIONAL MORTGAGE A	0.00004011	5.375	9/1/2026	18570904	 745 	 1,104.31 	744.96	745.29	100.0114	100.0557859	0.34	12/31/2025	Model2501	100	LMMSOFRFLAT	RFRSwap	4.34	0.33	0.00	0.003	 0 	0.33	0.00	0.00	0.00	0.00	0.00	0.00	0.3	26.2	73	69	0.00	NA	6.43	353	 NA 	NA	NA	0.33	0.00	0.67	0.33	0.00	0.33	0.33	0.00	-0.33	0.33	0.00	-0.66
AFS	613954	36202K6Y6	Agency MBS ARM	A-3-Q	GOVERNMENT NATIONAL MORTGAGE A	0.0001442	4.75	10/1/2026	2004999	 289 	 209.93 	289.12	289.16	100	100.0145129	0.05	12/31/2025	Model2501	100	LMMSOFRFLAT	RFRSwap	4.41	0.39	0.00	0.004	 0 	0.39	0.00	0.00	0.00	0.00	0.00	0.00	0.4	20.8	82	79	0.00	NA	6.40	351	 NA 	NA	NA	0.40	0.00	0.80	0.40	0.00	0.40	0.39	0.00	-0.39	0.39	0.00	-0.78
AFS	612770	36202K6Z3	Agency MBS ARM	A-3-Q	GOVERNMENT NATIONAL MORTGAGE A	0.00011982	4.75	10/1/2026	28417742	 3,405 	 2,861.48 	3411.67	3404.31	100.1956	99.979387	-7.36	12/31/2025	Model2501	100	LMMSOFRFLAT	RFRSwap	4.45	0.37	0.00	0.004	 0 	0.37	0.00	0.00	0.00	0.00	0.00	0.00	0.4	23.3	86	82	0.00	NA	6.38	352	 NA 	NA	NA	0.37	0.00	0.75	0.37	0.00	0.37	0.37	0.00	-0.37	0.37	0.00	-0.74
AFS	612404	36202K7A7	Agency MBS ARM	A-3-Q	GOVERNMENT NATIONAL MORTGAGE A	0.00009721	4.75	10/1/2026	29545026	 2,872 	 2,322.60 	2877.9	2869.2	100.2031	99.8998833	-8.71	12/31/2025	Model2501	100	LMMSOFRFLAT	RFRSwap	4.67	0.37	0.00	0.004	 0 	0.37	0.00	0.00	0.00	0.00	0.00	0.00	0.4	24.8	107	103	0.00	NA	6.31	352	 NA 	NA	NA	0.37	0.00	0.74	0.37	0.00	0.37	0.36	0.00	-0.37	0.36	0.00	-0.73
AFS	614369	36202KTG0	Agency MBS ARM	A-3-Q	GOVERNMENT NATIONAL MORTGAGE A	0.000002	0	7/1/2025	0	 -   	 -   	0	0	0		0	12/31/2025	Model2501	100	LMMSOFRFLAT	RFRSwap	Error	Error	Error	Error	#VALUE!	Error	Error	Error	Error	Error	Error	Error	Error	Error	Error	Error	0.00	NA	NA	NA	 NA 	NA	NA	Error	Error	Error	Error	Error	Error	Error	Error	Error	Error	Error	Error
AFS	613497	36202KUF0	Agency MBS ARM	A-3-Q	GOVERNMENT NATIONAL MORTGAGE A	0.00000054	0	8/1/2025	0	 -   	 153.69 	0	0	0		0	12/31/2025	Model2501	100	LMMSOFRFLAT	RFRSwap	Error	Error	Error	Error	#VALUE!	Error	Error	Error	Error	Error	Error	Error	Error	Error	Error	Error	0.00	NA	NA	NA	 NA 	NA	NA	Error	Error	Error	Error	Error	Error	Error	Error	Error	Error	Error	Error
AFS	613659	36202KUH6	Agency MBS ARM	A-3-Q	GOVERNMENT NATIONAL MORTGAGE A	0.00000145	0	8/1/2025	0	 -   	 312.09 	0	0	0		0	12/31/2025	Model2501	100	LMMSOFRFLAT	RFRSwap	Error	Error	Error	Error	#VALUE!	Error	Error	Error	Error	Error	Error	Error	Error	Error	Error	Error	0.00	NA	NA	NA	 NA 	NA	NA	Error	Error	Error	Error	Error	Error	Error	Error	Error	Error	Error	Error
AFS	613700	36202KUX1	Agency MBS ARM	A-3-Q	GOVERNMENT NATIONAL MORTGAGE A	0	0	9/1/2025	0	 -   	 181.99 	0	0	0		0	12/31/2025	Model2501	100	LMMSOFRFLAT	RFRSwap	Error	Error	Error	Error	#VALUE!	Error	Error	Error	Error	Error	Error	Error	Error	Error	Error	Error	0.00	NA	NA	NA	 NA 	NA	NA	Error	Error	Error	Error	Error	Error	Error	Error	Error	Error	Error	Error
AFS	612888	36202KUY9	Agency MBS ARM	A-3-Q	GOVERNMENT NATIONAL MORTGAGE A	0	0	9/1/2025	0	 -   	 430.27 	0	0	0		0	12/31/2025	Model2501	100	LMMSOFRFLAT	RFRSwap	Error	Error	Error	Error	#VALUE!	Error	Error	Error	Error	Error	Error	Error	Error	Error	Error	Error	0.00	NA	NA	NA	 NA 	NA	NA	Error	Error	Error	Error	Error	Error	Error	Error	Error	Error	Error	Error
AFS	614689	36202KVA0	Agency MBS ARM	A-3-Q	GOVERNMENT NATIONAL MORTGAGE A	0.00000148	0	10/1/2025	0	 -   	 262.53 	0	0	0		0	12/31/2025	Model2501	100	LMMSOFRFLAT	RFRSwap	Error	Error	Error	Error	#VALUE!	Error	Error	Error	Error	Error	Error	Error	Error	Error	Error	Error	0.00	NA	NA	NA	 NA 	NA	NA	Error	Error	Error	Error	Error	Error	Error	Error	Error	Error	Error	Error
AFS	613258	36202KVB8	Agency MBS ARM	A-3-Q	GOVERNMENT NATIONAL MORTGAGE A	0.00000074	0	10/1/2025	0	 -   	 1,354.93 	0	0	0		0	12/31/2025	Model2501	100	LMMSOFRFLAT	RFRSwap	Error	Error	Error	Error	#VALUE!	Error	Error	Error	Error	Error	Error	Error	Error	Error	Error	Error	0.00	NA	NA	NA	 NA 	NA	NA	Error	Error	Error	Error	Error	Error	Error	Error	Error	Error	Error	Error
AFS	614321	36202KVJ1	Agency MBS ARM	A-3-Q	GOVERNMENT NATIONAL MORTGAGE A	0.00000089	0	10/1/2025	0	 -   	 2,065.78 	0	0	0		0	12/31/2025	Model2501	100	LMMSOFRFLAT	RFRSwap	Error	Error	Error	Error	#VALUE!	Error	Error	Error	Error	Error	Error	Error	Error	Error	Error	Error	0.00	NA	NA	NA	 NA 	NA	NA	Error	Error	Error	Error	Error	Error	Error	Error	Error	Error	Error	Error
AFS	613246	36202KW27	Agency MBS ARM	A-3-Q	GOVERNMENT NATIONAL MORTGAGE A	0	0	12/1/2025	0	 -   	 1,611.97 	0	0	0		0	12/31/2025	Model2501	100	LMMSOFRFLAT	RFRSwap	Error	Error	Error	Error	#VALUE!	Error	Error	Error	Error	Error	Error	Error	Error	Error	Error	Error	0.00	NA	NA	NA	 NA 	NA	NA	Error	Error	Error	Error	Error	Error	Error	Error	Error	Error	Error	Error
AFS	613546	36202KW43	Agency MBS ARM	A-3-Q	GOVERNMENT NATIONAL MORTGAGE A	0	0	12/1/2025	0	 -   	 892.43 	0	0	0		0	12/31/2025	Model2501	100	LMMSOFRFLAT	RFRSwap	Error	Error	Error	Error	#VALUE!	Error	Error	Error	Error	Error	Error	Error	Error	Error	Error	Error	0.00	NA	NA	NA	 NA 	NA	NA	Error	Error	Error	Error	Error	Error	Error	Error	Error	Error	Error	Error
AFS	613777	36202KWC5	Agency MBS ARM	A-3-Q	GOVERNMENT NATIONAL MORTGAGE A	0.00000149	0	11/1/2025	0	 -   	 341.06 	0	0	0		0	12/31/2025	Model2501	100	LMMSOFRFLAT	RFRSwap	Error	Error	Error	Error	#VALUE!	Error	Error	Error	Error	Error	Error	Error	Error	Error	Error	Error	0.00	NA	NA	NA	 NA 	NA	NA	Error	Error	Error	Error	Error	Error	Error	Error	Error	Error	Error	Error
AFS	614071	36202KWD3	Agency MBS ARM	A-3-Q	GOVERNMENT NATIONAL MORTGAGE A	0.00000099	0	11/1/2025	0	 -   	 926.51 	0	0	0		0	12/31/2025	Model2501	100	LMMSOFRFLAT	RFRSwap	Error	Error	Error	Error	#VALUE!	Error	Error	Error	Error	Error	Error	Error	Error	Error	Error	Error	0.00	NA	NA	NA	 NA 	NA	NA	Error	Error	Error	Error	Error	Error	Error	Error	Error	Error	Error	Error
AFS	613004	36202KWF8	Agency MBS ARM	A-3-Q	GOVERNMENT NATIONAL MORTGAGE A	0.0000017	0	11/1/2025	0	 -   	 1,896.15 	0	0	0		0	12/31/2025	Model2501	100	LMMSOFRFLAT	RFRSwap	Error	Error	Error	Error	#VALUE!	Error	Error	Error	Error	Error	Error	Error	Error	Error	Error	Error	0.00	NA	NA	NA	 NA 	NA	NA	Error	Error	Error	Error	Error	Error	Error	Error	Error	Error	Error	Error
AFS	614586	36202KXJ9	Agency MBS ARM	A-3-Q	GOVERNMENT NATIONAL MORTGAGE A	0.00000219	5.625	1/1/2026	38276083	 84 	 2,501.62 	0	83.6	0	99.7373919	0	12/31/2025	Model2501	100	LMMSOFRFLAT	RFRSwap	4.77	0.06	0.00	0.001	 0 	0.06	0.00	0.00	0.00	0.00	0.00	0.00	0.1	NA	111	94	0.00	NA	NA	NA	 NA 	NA	NA	0.06	0.00	0.11	0.06	0.00	0.06	0.06	0.00	-0.06	0.06	0.00	-0.11
AFS	613116	36202KY66	Agency MBS ARM	A-3-Q	GOVERNMENT NATIONAL MORTGAGE A	0.00000853	5.625	3/1/2026	162924	 1 	 17.27 	1.39	1.39	100.0498	99.8290384	-0.01	12/31/2025	Model2501	100	LMMSOFRFLAT	RFRSwap	3.71	0.07	0.00	0.001	 0 	0.07	0.00	0.00	0.00	0.00	0.00	0.00	0.1	5.0	2	-8	0.00	NA	6.88	359	 NA 	NA	NA	0.07	0.00	0.15	0.07	0.00	0.07	0.07	0.00	-0.07	0.07	0.00	-0.15
AFS	613263	36202KYK5	Agency MBS ARM	A-3-Q	GOVERNMENT NATIONAL MORTGAGE A	0.00001154	5.625	2/1/2026	31597238	 365 	 4,418.37 	364.91	363.97	100.0751	99.8187727	-0.93	12/31/2025	Model2501	100	LMMSOFRFLAT	RFRSwap	3.73	0.07	0.00	0.001	 0 	0.07	0.00	0.00	0.00	0.00	0.00	0.00	0.1	5.0	5	-6	0.00	NA	6.47	359	 NA 	NA	NA	0.07	0.00	0.14	0.07	0.00	0.07	0.07	0.00	-0.07	0.07	0.00	-0.14
AFS	613137	36202KYM1	Agency MBS ARM	A-3-Q	GOVERNMENT NATIONAL MORTGAGE A	0.00001301	5.625	2/1/2026	41146652	 535 	 4,545.27 	536	533.83	100.1275	99.7212735	-2.17	12/31/2025	Model2501	100	LMMSOFRFLAT	RFRSwap	5.18	0.07	0.00	0.001	 0 	0.07	0.00	0.00	0.00	0.00	0.00	0.00	0.1	5.0	149	139	0.00	NA	6.75	360	 NA 	NA	NA	0.07	0.00	0.14	0.07	0.00	0.07	0.07	0.00	-0.07	0.07	0.00	-0.14
AFS	614548	36202KYY5	Agency MBS ARM	A-3-Q	GOVERNMENT NATIONAL MORTGAGE A	0.00003175	5.625	3/1/2026	2234580	 71 	 201.33 	70.95	70.85	100	99.8664446	-0.09	12/31/2025	Model2501	100	LMMSOFRFLAT	RFRSwap	4.28	0.13	0.00	0.001	 0 	0.13	0.00	0.00	0.00	0.00	0.00	0.00	0.1	22.5	62	56	0.00	NA	6.58	358	 NA 	NA	NA	0.13	0.00	0.26	0.13	0.00	0.13	0.13	0.00	-0.13	0.13	0.00	-0.26
AFS	613374	36202KZ40	Agency MBS ARM	A-3-Q	GOVERNMENT NATIONAL MORTGAGE A	0.00002241	5.625	5/1/2026	45878430	 1,028 	 2,497.46 	1028.14	1026.72	100	99.8621976	 (1.42)	12/31/2025	Model2501	100	LMMSOFRFLAT	RFRSwap	4.58	0.16	0.00	0.002	 0 	0.16	0.00	0.00	0.00	0.00	0.00	0.00	0.2	21.3	92	87	0.00	NA	6.68	357	 NA 	NA	NA	0.16	0.00	0.33	0.16	0.00	0.16	0.16	0.00	-0.16	0.16	0.00	-0.32
AFS	612903	36202KZ65	Agency MBS ARM	A-3-Q	GOVERNMENT NATIONAL MORTGAGE A	0.00005462	5.625	5/1/2026	7470586	 408 	 804.77 	408.04	407.72	100	99.9214826	 (0.32)	12/31/2025	Model2501	100	LMMSOFRFLAT	RFRSwap	4.31	0.17	0.00	0.002	 0 	0.17	0.00	0.00	0.00	0.00	0.00	0.00	0.2	22.9	65	60	0.00	NA	6.79	357	 NA 	NA	NA	0.18	0.00	0.35	0.17	0.00	0.17	0.17	0.00	-0.17	0.17	0.00	-0.35
AFS	612533	36202KZK4	Agency MBS ARM	A-3-Q	GOVERNMENT NATIONAL MORTGAGE A	0.00006703	5.625	4/1/2026	25118664	 1,684 	 3,593.73 	1683.7	1681.49	100	99.8682961	 (2.22)	12/31/2025	Model2501	100	LMMSOFRFLAT	RFRSwap	4.30	0.13	0.00	0.001	 0 	0.13	0.00	0.00	0.00	0.00	0.00	0.00	0.1	21.2	64	58	0.00	NA	6.78	358	 NA 	NA	NA	0.13	0.00	0.27	0.13	0.00	0.13	0.13	0.00	-0.13	0.13	0.00	-0.27
AFS	613447	36202KZL2	Agency MBS ARM	A-3-Q	GOVERNMENT NATIONAL MORTGAGE A	0.00003786	5.625	4/1/2026	38567540	 1,460 	 4,455.95 	1460.17	1458.93	100	99.9149813	 (1.24)	12/31/2025	Model2501	100	LMMSOFRFLAT	RFRSwap	4.15	0.15	0.00	0.002	 0 	0.15	0.00	0.00	0.00	0.00	0.00	0.00	0.2	22.0	50	44	0.00	NA	6.77	357	 NA 	NA	NA	0.15	0.00	0.31	0.15	0.00	0.15	0.15	0.00	-0.15	0.15	0.00	-0.30
AFS	614001	3620E1GJ7	Agency MBS ARM	A-3-Q	GOVERNMENT NATIONAL MORTGAGE A	0.0676018	5.625	6/1/2042	3539969	 239,308 	 4,154.30 	239308.28	239753.74	100	100.1861482	 445.47 	12/31/2025	Model2501	100	LMMSOFRFLAT	RFRSwap	5.47	1.13	0.42	0.011	 27 	0.40	-0.01	-0.21	0.08	0.56	0.18	0.00	5.6	10.0	157	129	0.07	16.9	6.38	165	 238,612 	NA	NA	1.89	0.02	3.32	1.70	0.02	1.47	1.32	0.01	-1.11	2.81	0.03	-3.06
AFS	613836	3620E1GK4	Agency MBS ARM	A-3-Q	GOVERNMENT NATIONAL MORTGAGE A	0.0337338	5.375	9/1/2042	5158011	 173,999 	 172,693.35 	173999.31	175910.5	100	101.0983911	 1,911.19 	12/31/2025	Model2501	100	LMMSOFRFLAT	RFRSwap	5.23	1.25	0.00	0.013	 22 	0.60	-0.06	-0.06	0.10	0.47	0.17	-0.01	5.3	11.4	136	107	0.03	21.4	5.74	163	 87,558 	NA	NA	1.97	0.02	3.35	1.66	0.02	1.46	1.63	0.02	-1.34	2.88	0.03	-3.57
AFS	612281	3620E1GL2	Agency MBS ARM	A-3-Q	GOVERNMENT NATIONAL MORTGAGE A	0.07990491	5.375	8/1/2042	2129291	 170,141 	 5,711.14 	170140.81	173556.37	100	102.0074898	 3,415.56 	12/31/2025	Model2501	100	LMMSOFRFLAT	RFRSwap	5.07	1.17	0.14	0.012	 20 	0.60	-0.07	-0.05	0.10	0.39	0.16	-0.01	5.6	10.0	121	87	0.08	15.9	5.98	164	 87,068 	NA	NA	2.03	0.02	3.38	1.66	0.02	1.43	1.44	0.01	-1.23	2.67	0.03	-3.28
AFS	614322	36225C3H7	Agency MBS ARM	A-3-Q	GOVERNMENT NATIONAL MORTGAGE A	0.00387083	5.625	1/1/2034	37512577	 145,205 	 8,617.18 	147020.97	147435.15	101.2508	101.5359999	414.19	12/31/2025	Model2501	100	LMMSOFRFLAT	RFRSwap	4.60	0.47	0.89	0.005	 7 	0.14	-0.10	-0.05	0.22	0.09	-0.01	0.00	3.1	12.6	107	93	0.00	18.9	6.32	265	 45,066 	NA	NA	1.66	0.02	2.54	1.32	0.01	0.99	0.34	0.00	-0.33	1.24	0.01	-1.01
AFS	614737	36225C3K0	Agency MBS ARM	A-3-Q	GOVERNMENT NATIONAL MORTGAGE A	0.0039479	5.625	1/1/2034	5000000	 19,740 	 1,428.86 	19900.31	20042.71	100.8146	101.5360564	142.4	12/31/2025	Model2501	100	LMMSOFRFLAT	RFRSwap	4.59	0.46	0.90	0.005	 1 	0.14	-0.10	-0.04	0.21	0.08	-0.01	0.00	3.0	13.1	106	92	0.00	19.0	6.32	265	 43,516 	NA	NA	1.64	0.02	2.51	1.31	0.01	0.98	0.31	0.00	-0.31	1.15	0.01	-0.94
AFS	614713	36225C3N4	Agency MBS ARM	A-3-Q	GOVERNMENT NATIONAL MORTGAGE A	0.00198318	6.125	1/1/2034	6251490	 12,398 	 1,039.05 	12511.57	12601.02	100.9174	101.6388812	89.45	12/31/2025	Model2501	100	LMMSOFRFLAT	RFRSwap	5.08	0.47	0.92	0.005	 1 	0.14	-0.10	-0.05	0.22	0.09	-0.01	0.00	3.2	11.9	153	140	0.00	21.6	6.88	264	 34,976 	NA	NA	1.68	0.02	2.56	1.34	0.01	1.00	0.31	0.00	-0.31	1.17	0.01	-0.95
AFS	613797	36225C4J2	Agency MBS ARM	A-3-Q	GOVERNMENT NATIONAL MORTGAGE A	0.00424407	5.625	2/1/2034	41226202	 174,967 	 26,257.17 	177078.17	175161.63	101.2067	100.1113045	-1916.54	12/31/2025	Model2501	100	LMMSOFRFLAT	RFRSwap	5.14	0.47	0.92	0.005	 8 	0.13	-0.12	-0.07	0.23	0.11	0.00	0.00	3.2	11.8	158	145	0.00	18.7	6.28	263	 47,011 	NA	NA	1.69	0.02	2.55	1.35	0.01	0.99	0.33	0.00	-0.31	1.27	0.01	-0.99
AFS	613682	36225C5G7	Agency MBS ARM	A-3-Q	GOVERNMENT NATIONAL MORTGAGE A	0.00575535	5.625	3/1/2034	56309609	 324,082 	 49,634.50 	328231.31	329109.8	101.2805	101.5515503	878.48	12/31/2025	Model2501	100	LMMSOFRFLAT	RFRSwap	4.61	0.47	0.88	0.005	 16 	0.15	-0.10	-0.05	0.21	0.09	-0.01	0.00	3.1	13.0	107	92	0.01	17.6	6.29	263	 49,701 	NA	NA	1.62	0.02	2.50	1.31	0.01	0.99	0.34	0.00	-0.33	1.25	0.01	-1.01
PUB_AFS	613237	36225C5Q5	Agency MBS ARM	A-3-Q	GOVERNMENT NATIONAL MORTGAGE A	0.00889963	5.625	3/1/2034	350000	 3,115 	 143.75 	3114.87	3138.07	100	100.744835	23.2	12/31/2025	Model2501	100	LMMSOFRFLAT	RFRSwap	4.91	0.47	0.91	0.005	 0 	0.14	-0.11	-0.06	0.22	0.10	-0.01	0.00	3.2	12.5	136	122	0.01	16.0	6.38	262	 40,591 	NA	NA	1.70	0.02	2.57	1.35	0.01	1.00	0.34	0.00	-0.32	1.27	0.01	-1.01
AFS	612265	36225C6F8	Agency MBS ARM	A-3-Q	GOVERNMENT NATIONAL MORTGAGE A	0.00500245	5.625	4/1/2034	66138226	 330,853 	 39,251.18 	330853.17	336472.58	100	101.698462	5619.42	12/31/2025	Model2501	100	LMMSOFRFLAT	RFRSwap	4.64	0.78	0.65	0.008	 26 	0.40	0.02	-0.05	0.23	0.11	-0.01	0.00	3.3	11.7	110	94	0.00	18.3	6.28	261	 44,513 	NA	NA	1.76	0.02	2.90	1.48	0.02	1.20	0.60	0.01	-0.62	1.41	0.01	-1.55
AFS	614328	36225CA71	Agency MBS ARM	A-3-Q	GOVERNMENT NATIONAL MORTGAGE A	0.00017944	5.625	1/1/2027	38464578	 6,902 	 5,453.66 	6917.29	6906.54	100.2203	100.0645067	-10.75	12/31/2025	Model2501	100	LMMSOFRFLAT	RFRSwap	4.55	0.29	0.20	0.003	 0 	0.33	-0.04	0.00	0.00	0.00	0.00	0.00	0.5	23.2	100	99	0.00	NA	6.84	349	 NA 	NA	NA	0.48	0.00	0.89	0.47	0.00	0.41	0.25	0.00	-0.26	0.42	0.00	-0.58
AFS	614166	36225CA89	Agency MBS ARM	A-3-Q	GOVERNMENT NATIONAL MORTGAGE A	0.00018729	5.625	1/1/2027	58748889	 11,003 	 6,330.09 	11015.57	11002.08	100.1135	99.9909371	-13.49	12/31/2025	Model2501	100	LMMSOFRFLAT	RFRSwap	4.71	0.29	0.20	0.003	 0 	0.33	-0.04	0.00	0.00	0.00	0.00	0.00	0.5	23.1	116	115	0.00	NA	6.77	349	 NA 	NA	NA	0.48	0.00	0.89	0.47	0.00	0.41	0.25	0.00	-0.26	0.42	0.00	-0.58
AFS	613996	36225CA97	Agency MBS ARM	A-3-Q	GOVERNMENT NATIONAL MORTGAGE A	0.0002172	5.625	1/1/2027	13171000	 2,861 	 1,756.63 	2866.08	2855.35	100.1865	99.8115652	-10.73	12/31/2025	Model2501	100	LMMSOFRFLAT	RFRSwap	5.09	0.29	0.19	0.003	 0 	0.32	-0.04	0.00	0.00	0.00	0.00	0.00	0.5	30.8	153	153	0.00	NA	6.83	349	 NA 	NA	NA	0.46	0.00	0.85	0.45	0.00	0.39	0.25	0.00	-0.25	0.41	0.00	-0.56
AFS	613635	36225CAL0	Agency MBS ARM	A-3-Q	GOVERNMENT NATIONAL MORTGAGE A	0.00010624	4.75	11/1/2026	10000000	 1,062 	 730.66 	1065	1062.39	100.2449	99.9989749	-2.61	12/31/2025	Model2501	100	LMMSOFRFLAT	RFRSwap	4.51	0.43	0.00	0.004	 0 	0.43	0.00	0.00	0.00	0.00	0.00	0.00	0.4	24.8	93	90	0.00	NA	6.31	350	 NA 	NA	NA	0.43	0.00	0.87	0.43	0.00	0.43	0.43	0.00	-0.43	0.43	0.00	-0.85
AFS	614303	36225CAM8	Agency MBS ARM	A-3-Q	GOVERNMENT NATIONAL MORTGAGE A	0.0001294	4.75	11/1/2026	22034106	 2,851 	 2,100.46 	2857.67	2856.12	100.2264	100.1720025	-1.55	12/31/2025	Model2501	100	LMMSOFRFLAT	RFRSwap	4.08	0.42	0.01	0.004	 0 	0.42	0.00	0.00	0.00	0.00	0.00	0.00	0.4	25.6	51	47	0.00	NA	6.37	350	 NA 	NA	NA	0.43	0.00	0.85	0.42	0.00	0.42	0.42	0.00	-0.42	0.42	0.00	-0.84
AFS	613693	36225CAX4	Agency MBS ARM	A-3-Q	GOVERNMENT NATIONAL MORTGAGE A	0.00019538	4.75	12/1/2026	26300000	 5,138 	 3,374.12 	5151.85	5137.18	100.2599	99.9743857	-14.67	12/31/2025	Model2501	100	LMMSOFRFLAT	RFRSwap	4.57	0.43	0.00	0.004	 0 	0.43	0.00	0.00	0.00	0.00	0.00	0.00	0.4	24.3	100	97	0.00	NA	6.25	350	 NA 	NA	NA	0.44	0.00	0.87	0.43	0.00	0.43	0.43	0.00	-0.43	0.43	0.00	-0.86
AFS	613182	36225CAY2	Agency MBS ARM	A-3-Q	GOVERNMENT NATIONAL MORTGAGE A	0.00010018	4.75	12/1/2026	27200009	 2,725 	 2,806.59 	2732.54	2725.17	100.2804	100.0100317	-7.37	12/31/2025	Model2501	100	LMMSOFRFLAT	RFRSwap	4.49	0.43	0.00	0.004	 0 	0.43	0.00	0.00	0.00	0.00	0.00	0.00	0.4	25.8	92	89	0.00	NA	6.39	350	 NA 	NA	NA	0.44	0.00	0.88	0.44	0.00	0.44	0.43	0.00	-0.43	0.43	0.00	-0.86
AFS	614760	36225CB47	Agency MBS ARM	A-3-Q	GOVERNMENT NATIONAL MORTGAGE A	0.00027012	5.625	4/1/2027	13160000	 3,555 	 1,524.31 	3554.78	3564.34	100	100.2689888	9.57	12/31/2025	Model2501	100	LMMSOFRFLAT	RFRSwap	4.38	0.43	0.13	0.004	 0 	0.46	-0.04	0.00	0.00	0.00	0.00	0.00	0.6	20.0	90	89	0.00	18.4	6.83	345	 NA 	NA	NA	0.56	0.01	1.07	0.55	0.01	0.50	0.38	0.00	-0.39	0.49	0.00	-0.82
AFS	613913	36225CB54	Agency MBS ARM	A-3-Q	GOVERNMENT NATIONAL MORTGAGE A	0.00022367	5.625	4/1/2027	36230158	 8,104 	 4,704.23 	8103.6	8099.75	100	99.9524626	-3.86	12/31/2025	Model2501	100	LMMSOFRFLAT	RFRSwap	5.00	0.45	0.13	0.005	 0 	0.50	-0.05	0.00	0.00	0.00	0.00	0.00	0.6	21.9	149	149	0.00	18.8	6.86	346	 NA 	NA	NA	0.57	0.01	1.09	0.56	0.01	0.52	0.41	0.00	-0.42	0.51	0.01	-0.86
AFS	614846	36225CB62	Agency MBS ARM	A-3-Q	GOVERNMENT NATIONAL MORTGAGE A	0.0001819	5.625	4/1/2027	91922893	 16,721 	 9,421.71 	16720.77	16748.1	100	100.1634011	27.32	12/31/2025	Model2501	100	LMMSOFRFLAT	RFRSwap	4.64	0.46	0.14	0.005	 1 	0.50	-0.04	0.00	0.00	0.00	0.00	0.00	0.6	23.6	116	115	0.00	19.5	6.84	345	 NA 	NA	NA	0.60	0.01	1.15	0.59	0.01	0.54	0.41	0.00	-0.42	0.53	0.01	-0.88
AFS	614335	36225CBD7	Agency MBS ARM	A-3-Q	GOVERNMENT NATIONAL MORTGAGE A	0.0005595	4.75	1/1/2027	5124074	 2,867 	 1,583.42 	2868.44	2867.16	100.0531	100.0082943	-1.29	12/31/2025	Model2501	100	LMMSOFRFLAT	RFRSwap	4.50	0.44	0.01	0.004	 0 	0.44	0.00	0.00	0.00	0.00	0.00	0.00	0.4	25.3	93	90	0.00	15.2	6.38	350	 NA 	NA	NA	0.44	0.00	0.88	0.44	0.00	0.44	0.43	0.00	-0.44	0.43	0.00	-0.87
AFS	613917	36225CBP0	Agency MBS ARM	A-3-Q	GOVERNMENT NATIONAL MORTGAGE A	0.00019015	5.625	2/1/2027	18892905	 3,592 	 2,366.01 	3594.08	3590.7	100.0444	99.9503528	-3.38	12/31/2025	Model2501	100	LMMSOFRFLAT	RFRSwap	4.81	0.30	0.23	0.003	 0 	0.34	-0.04	0.00	0.00	0.00	0.00	0.00	0.5	23.7	127	127	0.00	NA	6.86	348	 NA 	NA	NA	0.51	0.01	0.95	0.51	0.01	0.43	0.26	0.00	-0.26	0.45	0.00	-0.59
AFS	613159	36225CBW5	Agency MBS ARM	A-3-Q	GOVERNMENT NATIONAL MORTGAGE A	0.00028025	5.625	3/1/2027	10199129	 2,858 	 1,344.97 	2864.95	2852.16	100.2325	99.7849492	-12.79	12/31/2025	Model2501	100	LMMSOFRFLAT	RFRSwap	5.14	0.31	0.26	0.003	 0 	0.34	-0.04	0.00	0.00	0.00	0.00	0.00	0.6	22.4	161	161	0.00	NA	6.82	347	 NA 	NA	NA	0.55	0.01	1.01	0.54	0.01	0.46	0.26	0.00	-0.26	0.48	0.00	-0.60
AFS	613233	36225CBX3	Agency MBS ARM	A-3-Q	GOVERNMENT NATIONAL MORTGAGE A	0.00022919	5.625	3/1/2027	87801544	 20,123 	 8,456.81 	20163.73	20094.13	100.2012	99.8553572	-69.6	12/31/2025	Model2501	100	LMMSOFRFLAT	RFRSwap	5.00	0.31	0.26	0.003	 1 	0.34	-0.04	0.00	0.00	0.00	0.00	0.00	0.6	25.9	147	148	0.00	NA	6.87	347	 NA 	NA	NA	0.54	0.01	1.00	0.54	0.01	0.45	0.26	0.00	-0.26	0.48	0.00	-0.60
AFS	614159	36225CBY1	Agency MBS ARM	A-3-Q	GOVERNMENT NATIONAL MORTGAGE A	0.00024477	5.625	3/1/2027	12103104	 2,962 	 1,448.01 	2969.34	2965.02	100.2316	100.0856983	-4.32	12/31/2025	Model2501	100	LMMSOFRFLAT	RFRSwap	4.57	0.31	0.26	0.003	 0 	0.34	-0.04	0.00	0.00	0.00	0.00	0.00	0.5	25.7	104	104	0.00	NA	6.84	347	 NA 	NA	NA	0.54	0.01	1.00	0.53	0.01	0.45	0.26	0.00	-0.26	0.47	0.00	-0.60
AFS	612263	36225CC79	Agency MBS ARM	A-3-Q	GOVERNMENT NATIONAL MORTGAGE A	0.0001966	5.375	7/1/2027	144892180	 28,486 	 12,889.96 	28615.97	28754.29	100.4569	100.9425466	138.33	12/31/2025	Model2501	100	LMMSOFRFLAT	RFRSwap	3.50	0.58	0.04	0.006	 2 	0.60	-0.03	0.00	0.00	0.00	0.00	0.00	0.7	21.0	5	2	0.00	NA	6.63	343	 NA 	NA	NA	0.69	0.01	1.32	0.66	0.01	0.63	0.57	0.01	-0.57	0.64	0.01	-1.18
AFS	613513	36225CC87	Agency MBS ARM	A-3-Q	GOVERNMENT NATIONAL MORTGAGE A	0.00020748	5.375	7/1/2027	37663636	 7,814 	 3,429.78 	7850.59	7816.44	100.4625	100.0254599	-34.16	12/31/2025	Model2501	100	LMMSOFRFLAT	RFRSwap	4.84	0.56	0.03	0.006	 0 	0.59	-0.02	0.00	0.00	0.00	0.00	0.00	0.7	22.4	137	136	0.00	NA	6.60	343	 NA 	NA	NA	0.67	0.01	1.27	0.64	0.01	0.60	0.56	0.01	-0.55	0.62	0.01	-1.14
AFS	614042	36225CCG9	Agency MBS ARM	A-3-Q	GOVERNMENT NATIONAL MORTGAGE A	0.00019765	5.625	5/1/2027	23705000	 4,685 	 1,661.02 	4685.29	4696.22	100	100.233123	10.92	12/31/2025	Model2501	100	LMMSOFRFLAT	RFRSwap	4.57	0.49	0.17	0.005	 0 	0.52	-0.03	0.00	0.00	0.00	0.00	0.00	0.7	21.2	111	110	0.00	19.2	6.96	344	 NA 	NA	NA	0.65	0.01	1.24	0.64	0.01	0.58	0.43	0.00	-0.44	0.57	0.01	-0.93
AFS	614122	36225CCJ3	Agency MBS ARM	A-3-Q	GOVERNMENT NATIONAL MORTGAGE A	0.00014997	5.625	5/1/2027	33955425	 5,092 	 2,346.67 	5092.3	5108.14	100	100.3112167	15.86	12/31/2025	Model2501	100	LMMSOFRFLAT	RFRSwap	4.45	0.49	0.17	0.005	 0 	0.52	-0.03	0.00	0.00	0.00	0.00	0.00	0.7	23.2	98	97	0.00	20.1	6.87	344	 NA 	NA	NA	0.65	0.01	1.24	0.63	0.01	0.58	0.43	0.00	-0.44	0.57	0.01	-0.93
AFS	614466	36225CCN4	Agency MBS ARM	A-3-Q	GOVERNMENT NATIONAL MORTGAGE A	0.00018346	5.625	5/1/2027	13352831	 2,450 	 1,164.79 	2449.71	2454.63	100	100.200624	4.91	12/31/2025	Model2501	100	LMMSOFRFLAT	RFRSwap	4.62	0.48	0.17	0.005	 0 	0.52	-0.03	0.00	0.00	0.00	0.00	0.00	0.7	23.5	115	114	0.00	19.8	6.75	344	 NA 	NA	NA	0.65	0.01	1.23	0.63	0.01	0.58	0.43	0.00	-0.44	0.57	0.01	-0.93
AFS	614393	36225CCW4	Agency MBS ARM	A-3-Q	GOVERNMENT NATIONAL MORTGAGE A	0.00033386	5.625	6/1/2027	109966471	 36,713 	 12,840.43 	36713.41	36835.59	100	100.3328089	122.19	12/31/2025	Model2501	100	LMMSOFRFLAT	RFRSwap	4.42	0.49	0.17	0.005	 2 	0.52	-0.03	0.00	0.00	0.00	0.00	0.00	0.7	21.7	95	94	0.00	17.5	6.73	344	 NA 	NA	NA	0.65	0.01	1.24	0.64	0.01	0.58	0.43	0.00	-0.44	0.57	0.01	-0.93
AFS	614268	36225CCX2	Agency MBS ARM	A-3-Q	GOVERNMENT NATIONAL MORTGAGE A	0.00015778	5.625	6/1/2027	74375283	 11,735 	 6,850.83 	11734.93	11772.42	100	100.3194494	37.49	12/31/2025	Model2501	100	LMMSOFRFLAT	RFRSwap	4.43	0.48	0.17	0.005	 1 	0.52	-0.03	0.00	0.00	0.00	0.00	0.00	0.7	22.1	97	95	0.00	19.8	6.85	344	 NA 	NA	NA	0.65	0.01	1.23	0.63	0.01	0.58	0.43	0.00	-0.44	0.57	0.01	-0.93
AFS	613556	36225CD29	Agency MBS ARM	A-3-Q	GOVERNMENT NATIONAL MORTGAGE A	0.00034755	4.75	10/1/2027	20867433	 7,252 	 2,685.66 	7289.78	7274.67	100.5144	100.3060765	-15.11	12/31/2025	Model2501	100	LMMSOFRFLAT	RFRSwap	4.39	0.69	0.02	0.007	 1 	0.65	0.04	0.00	0.00	0.00	0.00	0.00	0.8	21.0	94	92	0.00	18.7	6.37	340	 NA 	NA	NA	0.78	0.01	1.49	0.74	0.01	0.72	0.71	0.01	-0.70	0.75	0.01	-1.43
AFS	614181	36225CDJ2	Agency MBS ARM	A-3-Q	GOVERNMENT NATIONAL MORTGAGE A	0.00031533	5.375	8/1/2027	247169156	 77,940 	 25,332.76 	78303.07	78528.32	100.466	100.7550306	225.25	12/31/2025	Model2501	100	LMMSOFRFLAT	RFRSwap	3.81	0.58	0.04	0.006	 5 	0.60	-0.02	0.00	0.00	0.00	0.00	0.00	0.7	25.8	36	34	0.00	18.6	6.55	342	 NA 	NA	NA	0.70	0.01	1.34	0.67	0.01	0.63	0.58	0.01	-0.57	0.66	0.01	-1.19
AFS	614192	36225CDL7	Agency MBS ARM	A-3-Q	GOVERNMENT NATIONAL MORTGAGE A	0.00024564	5.375	8/1/2027	163175057	 40,082 	 16,452.16 	40268.23	40165.63	100.4638	100.2078547	-102.6	12/31/2025	Model2501	100	LMMSOFRFLAT	RFRSwap	4.60	0.59	0.04	0.006	 2 	0.60	-0.02	0.00	0.00	0.00	0.00	0.00	0.7	24.3	114	113	0.00	19.5	6.60	342	 NA 	NA	NA	0.71	0.01	1.34	0.68	0.01	0.63	0.58	0.01	-0.57	0.66	0.01	-1.20
AFS	614550	36225CDM5	Agency MBS ARM	A-3-Q	GOVERNMENT NATIONAL MORTGAGE A	0.00029636	5.375	8/1/2027	51960342	 15,399 	 6,043.61 	15477.63	15524.36	100.5108	100.8142876	46.73	12/31/2025	Model2501	100	LMMSOFRFLAT	RFRSwap	3.71	0.58	0.04	0.006	 1 	0.60	-0.02	0.00	0.00	0.00	0.00	0.00	0.7	27.0	26	24	0.00	19.0	6.51	342	 NA 	NA	NA	0.70	0.01	1.34	0.67	0.01	0.63	0.57	0.01	-0.57	0.65	0.01	-1.19
AFS	613218	36225CDT0	Agency MBS ARM	A-3-Q	GOVERNMENT NATIONAL MORTGAGE A	0.00021755	5.375	9/1/2027	219569853	 47,767 	 14,301.12 	48005.25	48149.86	100.4979	100.8006317	144.61	12/31/2025	Model2501	100	LMMSOFRFLAT	RFRSwap	3.82	0.60	0.05	0.006	 3 	0.61	-0.01	0.00	0.00	0.00	0.00	0.00	0.8	22.5	38	36	0.00	19.4	6.63	341	 NA 	NA	NA	0.74	0.01	1.41	0.71	0.01	0.66	0.59	0.01	-0.59	0.69	0.01	-1.24
AFS	613744	36225CDU7	Agency MBS ARM	A-3-Q	GOVERNMENT NATIONAL MORTGAGE A	0.00016601	5.375	9/1/2027	60440000	 10,034 	 5,235.38 	10082.55	10110.44	100.4874	100.7654032	27.89	12/31/2025	Model2501	100	LMMSOFRFLAT	RFRSwap	3.84	0.59	0.04	0.006	 1 	0.60	-0.01	0.00	0.00	0.00	0.00	0.00	0.7	26.3	39	37	0.00	20.3	6.56	341	 NA 	NA	NA	0.73	0.01	1.38	0.69	0.01	0.65	0.58	0.01	-0.58	0.68	0.01	-1.22
AFS	614021	36225CDW3	Agency MBS ARM	A-3-Q	GOVERNMENT NATIONAL MORTGAGE A	0.00023536	5.375	9/1/2027	7000000	 1,648 	 473.08 	1653.23	1659.79	100.3466	100.744626	6.56	12/31/2025	Model2501	100	LMMSOFRFLAT	RFRSwap	3.89	0.60	0.05	0.006	 0 	0.61	-0.01	0.00	0.00	0.00	0.00	0.00	0.8	22.8	46	44	0.00	19.7	6.57	341	 NA 	NA	NA	0.75	0.01	1.42	0.71	0.01	0.66	0.60	0.01	-0.59	0.69	0.01	-1.24
AFS	614368	36225CDY9	Agency MBS ARM	A-3-Q	GOVERNMENT NATIONAL MORTGAGE A	0.00057685	4.75	10/1/2027	375000	 216 	 177.28 	216.53	216.87	100.0977	100.2566657	0.35	12/31/2025	Model2501	100	LMMSOFRFLAT	RFRSwap	4.48	0.72	0.03	0.007	 0 	0.67	0.06	0.00	0.00	0.00	0.00	0.00	0.9	18.5	105	103	0.00	17.0	6.41	339	 NA 	NA	NA	0.82	0.01	1.56	0.77	0.01	0.75	0.74	0.01	-0.72	0.79	0.01	-1.49
AFS	614285	36225CE44	Agency MBS ARM	A-3-Q	GOVERNMENT NATIONAL MORTGAGE A	0.00052828	5.625	1/1/2028	6527398	 3,448 	 1,146.72 	3455.88	3443.95	100.2199	99.8740049	-11.93	12/31/2025	Model2501	100	LMMSOFRFLAT	RFRSwap	4.99	0.36	0.48	0.004	 0 	0.27	0.10	-0.03	0.00	0.00	0.00	0.00	0.9	21.4	155	156	0.00	18.2	6.86	337	 NA 	NA	NA	0.84	0.01	1.46	0.79	0.01	0.63	0.27	0.00	-0.27	0.67	0.01	-0.69
AFS	612155	36225CE77	Agency MBS ARM	A-3-Q	GOVERNMENT NATIONAL MORTGAGE A	0.00041161	5.625	1/1/2028	2200000	 906 	 212.25 	907.96	905.75	100.2675	100.0227495	-2.21	12/31/2025	Model2501	100	LMMSOFRFLAT	RFRSwap	4.82	0.37	0.49	0.004	 0 	0.28	0.10	-0.03	0.00	0.00	0.00	0.00	0.9	21.6	139	139	0.00	19.1	6.88	337	 10,824 	NA	NA	0.85	0.01	1.49	0.81	0.01	0.64	0.27	0.00	-0.28	0.69	0.01	-0.71
AFS	613083	36225CEF9	Agency MBS ARM	A-3-Q	GOVERNMENT NATIONAL MORTGAGE A	0.00035283	4.75	11/1/2027	13000000	 4,587 	 2,189.79 	4614.87	4620.81	100.6122	100.7416482	5.94	12/31/2025	Model2501	100	LMMSOFRFLAT	RFRSwap	3.84	0.69	0.03	0.007	 0 	0.64	0.05	0.00	0.00	0.00	0.00	0.00	0.8	21.9	40	38	0.00	18.8	6.35	339	 NA 	NA	NA	0.79	0.01	1.51	0.74	0.01	0.72	0.71	0.01	-0.70	0.76	0.01	-1.44
AFS	614664	36225CEG7	Agency MBS ARM	A-3-Q	GOVERNMENT NATIONAL MORTGAGE A	0.00033068	4.75	11/1/2027	4748388	 1,570 	 426.51 	1579.1	1574.72	100.5671	100.2878244	-4.39	12/31/2025	Model2501	100	LMMSOFRFLAT	RFRSwap	4.44	0.71	0.03	0.007	 0 	0.66	0.05	0.00	0.00	0.00	0.00	0.00	0.8	20.7	100	98	0.00	19.0	6.39	339	 NA 	NA	NA	0.81	0.01	1.54	0.76	0.01	0.74	0.73	0.01	-0.72	0.78	0.01	-1.47
AFS	614574	36225CEJ1	Agency MBS ARM	A-3-Q	GOVERNMENT NATIONAL MORTGAGE A	0.0002645	4.75	11/1/2027	65899920	 17,431 	 6,793.86 	17534.54	17536.16	100.5967	100.6060296	1.62	12/31/2025	Model2501	100	LMMSOFRFLAT	RFRSwap	4.02	0.70	0.03	0.007	 1 	0.65	0.05	0.00	0.00	0.00	0.00	0.00	0.8	23.1	59	56	0.00	19.8	6.33	339	 NA 	NA	NA	0.80	0.01	1.52	0.75	0.01	0.73	0.72	0.01	-0.71	0.77	0.01	-1.45
AFS	613205	36225CEN2	Agency MBS ARM	A-3-Q	GOVERNMENT NATIONAL MORTGAGE A	0.00034233	4.75	12/1/2027	18230330	 6,241 	 1,594.69 	6267.25	6270.19	100.4241	100.4710488	2.93	12/31/2025	Model2501	100	LMMSOFRFLAT	RFRSwap	4.28	0.75	0.04	0.008	 0 	0.67	0.09	0.00	0.00	0.00	0.00	0.00	0.9	17.7	87	84	0.00	18.7	6.38	337	 NA 	NA	NA	0.89	0.01	1.67	0.82	0.01	0.79	0.78	0.01	-0.76	0.85	0.01	-1.58
AFS	613315	36225CEP7	Agency MBS ARM	A-3-Q	GOVERNMENT NATIONAL MORTGAGE A	0.00028328	4.75	12/1/2027	24433075	 6,921 	 2,143.96 	6960.01	6995.61	100.5578	101.0721788	35.6	12/31/2025	Model2501	100	LMMSOFRFLAT	RFRSwap	3.53	0.73	0.03	0.007	 1 	0.66	0.07	0.00	0.00	0.00	0.00	0.00	0.9	19.8	11	8	0.00	19.1	6.39	338	 NA 	NA	NA	0.84	0.01	1.60	0.78	0.01	0.76	0.75	0.01	-0.74	0.80	0.01	-1.52
AFS	614394	36225CEQ5	Agency MBS ARM	A-3-Q	GOVERNMENT NATIONAL MORTGAGE A	0.00025265	4.75	12/1/2027	31523232	 7,964 	 2,113.97 	8009.7	8038.32	100.5694	100.9288678	28.62	12/31/2025	Model2501	100	LMMSOFRFLAT	RFRSwap	3.71	0.73	0.03	0.007	 1 	0.67	0.07	0.00	0.00	0.00	0.00	0.00	0.9	19.7	29	26	0.00	19.6	6.34	338	 NA 	NA	NA	0.84	0.01	1.61	0.79	0.01	0.77	0.76	0.01	-0.74	0.81	0.01	-1.53
AFS	614077	36225CER3	Agency MBS ARM	A-3-Q	GOVERNMENT NATIONAL MORTGAGE A	0.00036834	4.75	12/1/2027	31734546	 11,689 	 3,097.60 	11742.6	11781.71	100.4577	100.7922538	39.11	12/31/2025	Model2501	100	LMMSOFRFLAT	RFRSwap	3.84	0.72	0.03	0.007	 1 	0.66	0.07	0.00	0.00	0.00	0.00	0.00	0.9	23.2	41	39	0.00	18.5	6.30	338	 NA 	NA	NA	0.83	0.01	1.57	0.77	0.01	0.75	0.74	0.01	-0.73	0.80	0.01	-1.50
AFS	614576	36225CET9	Agency MBS ARM	A-3-Q	GOVERNMENT NATIONAL MORTGAGE A	0.0000656	4.75	12/1/2027	5000000	 328 	 106.48 	329.95	328.69	100.596	100.2107114	-1.26	12/31/2025	Model2501	100	LMMSOFRFLAT	RFRSwap	4.57	0.74	0.03	0.007	 0 	0.66	0.08	0.00	0.00	0.00	0.00	0.00	0.9	20.6	114	112	0.00	23.6	6.38	337	 NA 	NA	NA	0.87	0.01	1.64	0.81	0.01	0.78	0.77	0.01	-0.75	0.83	0.01	-1.55
AFS	614575	36225CEY8	Agency MBS ARM	A-3-Q	GOVERNMENT NATIONAL MORTGAGE A	0.00060678	5.625	1/1/2028	23290000	 14,132 	 3,777.96 	14194.16	14110.86	100.4405	99.8510621	-83.3	12/31/2025	Model2501	100	LMMSOFRFLAT	RFRSwap	5.02	0.37	0.50	0.004	 1 	0.27	0.11	-0.03	0.00	0.00	0.00	0.00	0.9	19.2	159	160	0.00	17.5	6.81	337	 NA 	NA	NA	0.86	0.01	1.50	0.82	0.01	0.65	0.27	0.00	-0.28	0.70	0.01	-0.71
AFS	614116	36225CF43	Agency MBS ARM	A-3-Q	GOVERNMENT NATIONAL MORTGAGE A	0.00035655	5.625	4/1/2028	55864027	 19,918 	 6,206.80 	19918.32	20037.86	100	100.6001362	119.54	12/31/2025	Model2501	100	LMMSOFRFLAT	RFRSwap	4.37	0.59	0.36	0.006	 1 	0.43	0.19	-0.03	0.00	0.00	0.00	0.00	1.0	19.0	99	99	0.00	19.6	6.90	333	 11,540 	NA	NA	0.97	0.01	1.78	0.92	0.01	0.80	0.48	0.00	-0.50	0.79	0.01	-1.10
AFS	614422	36225CF50	Agency MBS ARM	A-3-Q	GOVERNMENT NATIONAL MORTGAGE A	0.00038833	5.625	4/1/2028	3030000	 1,177 	 280.61 	1176.64	1177.72	100	100.0921554	1.08	12/31/2025	Model2501	100	LMMSOFRFLAT	RFRSwap	4.88	0.59	0.35	0.006	 0 	0.44	0.18	-0.04	0.00	0.00	0.00	0.00	1.0	19.5	149	149	0.00	19.5	6.79	334	 11,681 	NA	NA	0.95	0.01	1.73	0.91	0.01	0.78	0.48	0.00	-0.50	0.77	0.01	-1.09
AFS	614128	36225CFH4	Agency MBS ARM	A-3-Q	GOVERNMENT NATIONAL MORTGAGE A	0.00065114	5.625	2/1/2028	16269439	 10,594 	 2,268.62 	10641.27	10601.06	100.4492	100.0695966	-40.22	12/31/2025	Model2501	100	LMMSOFRFLAT	RFRSwap	4.79	0.38	0.54	0.004	 0 	0.25	0.14	-0.03	0.00	0.00	0.00	0.00	1.0	18.4	137	138	0.00	17.3	6.82	335	 11,990 	NA	NA	0.92	0.01	1.59	0.86	0.01	0.68	0.27	0.00	-0.28	0.73	0.01	-0.73
AFS	614658	36225CFJ0	Agency MBS ARM	A-3-Q	GOVERNMENT NATIONAL MORTGAGE A	0.00079532	5.625	2/1/2028	13600000	 10,816 	 3,907.88 	10865.14	10812.46	100.451	99.9640632	-52.68	12/31/2025	Model2501	100	LMMSOFRFLAT	RFRSwap	4.89	0.37	0.52	0.004	 0 	0.26	0.13	-0.03	0.00	0.00	0.00	0.00	0.9	19.5	147	148	0.00	16.8	6.85	336	 10,782 	NA	NA	0.89	0.01	1.54	0.84	0.01	0.66	0.27	0.00	-0.28	0.71	0.01	-0.71
AFS	614570	36225CFL5	Agency MBS ARM	A-3-Q	GOVERNMENT NATIONAL MORTGAGE A	0.00052945	5.625	2/1/2028	5998901	 3,176 	 1,060.22 	3182.49	3177.21	100.2005	100.0345047	-5.27	12/31/2025	Model2501	100	LMMSOFRFLAT	RFRSwap	4.81	0.37	0.51	0.004	 0 	0.26	0.12	-0.03	0.00	0.00	0.00	0.00	0.9	20.6	139	140	0.00	18.3	6.67	336	 10,933 	NA	NA	0.88	0.01	1.53	0.83	0.01	0.66	0.27	0.00	-0.28	0.71	0.01	-0.71
AFS	614315	36225CFM3	Agency MBS ARM	A-3-Q	GOVERNMENT NATIONAL MORTGAGE A	0	0	2/1/2028	0	 -   	 332.17 	0	0	0		0	12/31/2025	Model2501	100	LMMSOFRFLAT	RFRSwap	Error	Error	Error	Error	#VALUE!	Error	Error	Error	Error	Error	Error	Error	Error	Error	Error	Error	0.00	100.0	NA	NA	 NA 	NA	NA	Error	Error	Error	Error	Error	Error	Error	Error	Error	Error	Error	Error
AFS	614314	36225CFR2	Agency MBS ARM	A-3-Q	GOVERNMENT NATIONAL MORTGAGE A	0.00033955	5.625	3/1/2028	59886537	 20,334 	 6,979.78 	20435.71	20345.34	100.4978	100.0534533	-90.36	12/31/2025	Model2501	100	LMMSOFRFLAT	RFRSwap	4.80	0.37	0.53	0.004	 1 	0.25	0.14	-0.02	0.00	0.00	0.00	0.00	1.0	23.8	138	139	0.00	19.1	6.89	334	 11,737 	NA	NA	0.91	0.01	1.57	0.85	0.01	0.67	0.27	0.00	-0.28	0.72	0.01	-0.72
AFS	614778	36225CFU5	Agency MBS ARM	A-3-Q	GOVERNMENT NATIONAL MORTGAGE A	0.00040287	5.625	3/1/2028	4200000	 1,692 	 477.76 	1699.88	1691.44	100.4626	99.9639304	-8.43	12/31/2025	Model2501	100	LMMSOFRFLAT	RFRSwap	4.90	0.37	0.53	0.004	 0 	0.25	0.14	-0.03	0.00	0.00	0.00	0.00	1.0	20.0	148	148	0.00	18.8	6.83	335	 12,764 	NA	NA	0.90	0.01	1.57	0.85	0.01	0.67	0.27	0.00	-0.28	0.72	0.01	-0.72
AFS	614312	36225CFW1	Agency MBS ARM	A-3-Q	GOVERNMENT NATIONAL MORTGAGE A	0.00031702	5.625	3/1/2028	1071007	 340 	 119.11 	340.26	340.31	100.2136	100.2283168	0.05	12/31/2025	Model2501	100	LMMSOFRFLAT	RFRSwap	4.62	0.38	0.54	0.004	 0 	0.25	0.14	-0.03	0.00	0.00	0.00	0.00	1.0	18.8	120	120	0.00	19.8	6.80	335	 10,109 	NA	NA	0.93	0.01	1.59	0.86	0.01	0.68	0.27	0.00	-0.28	0.73	0.01	-0.72
AFS	614772	36225CFX9	Agency MBS ARM	A-3-Q	GOVERNMENT NATIONAL MORTGAGE A	0.00023506	5.625	3/1/2028	5970000	 1,403 	 368.06 	1407.09	1408.5	100.2692	100.3696247	1.4	12/31/2025	Model2501	100	LMMSOFRFLAT	RFRSwap	4.48	0.38	0.56	0.004	 0 	0.24	0.15	-0.02	0.00	0.00	0.00	0.00	1.0	17.9	107	108	0.00	20.7	6.68	334	 NA 	NA	NA	0.96	0.01	1.64	0.88	0.01	0.69	0.27	0.00	-0.28	0.74	0.01	-0.73
AFS	614433	36225CGE0	Agency MBS ARM	A-3-Q	GOVERNMENT NATIONAL MORTGAGE A	0.00043449	5.625	5/1/2028	19864760	 8,631 	 4,003.52 	8631.04	8644.56	100	100.1566695	13.52	12/31/2025	Model2501	100	LMMSOFRFLAT	RFRSwap	4.82	0.60	0.36	0.006	 1 	0.43	0.19	-0.03	0.00	0.00	0.00	0.00	1.1	17.9	144	144	0.00	18.9	6.84	333	 13,203 	NA	NA	0.97	0.01	1.78	0.93	0.01	0.80	0.48	0.00	-0.50	0.79	0.01	-1.10
AFS	614592	36225CGF7	Agency MBS ARM	A-3-Q	GOVERNMENT NATIONAL MORTGAGE A	0.00029372	5.625	5/1/2028	16020995	 4,706 	 2,621.06 	4705.69	4738.09	100	100.688626	32.4	12/31/2025	Model2501	100	LMMSOFRFLAT	RFRSwap	4.29	0.60	0.36	0.006	 0 	0.44	0.20	-0.03	0.00	0.00	0.00	0.00	1.1	18.1	92	91	0.00	20.2	6.86	333	 10,480 	NA	NA	0.98	0.01	1.80	0.93	0.01	0.81	0.48	0.00	-0.51	0.79	0.01	-1.11
AFS	614261	36225CGG5	Agency MBS ARM	A-3-Q	GOVERNMENT NATIONAL MORTGAGE A	0.00057672	5.625	5/1/2028	102618817	 59,182 	 11,694.56 	59182.32	59525.6	100	100.5800294	343.27	12/31/2025	Model2501	100	LMMSOFRFLAT	RFRSwap	4.40	0.60	0.36	0.006	 4 	0.44	0.19	-0.03	0.00	0.00	0.00	0.00	1.0	19.2	102	101	0.00	18.4	6.87	333	 10,491 	NA	NA	0.97	0.01	1.78	0.93	0.01	0.80	0.48	0.00	-0.50	0.79	0.01	-1.11
AFS	613408	36225CGH3	Agency MBS ARM	A-3-Q	GOVERNMENT NATIONAL MORTGAGE A	0.00031107	5.625	5/1/2028	2020000	 628 	 126.93 	628.36	630.24	100	100.2983044	1.88	12/31/2025	Model2501	100	LMMSOFRFLAT	RFRSwap	4.64	0.56	0.31	0.006	 0 	0.43	0.16	-0.03	0.00	0.00	0.00	0.00	1.0	30.6	124	124	0.00	20.3	6.76	333	 11,031 	NA	NA	0.90	0.01	1.64	0.85	0.01	0.74	0.46	0.00	-0.48	0.77	0.01	-1.06
AFS	614748	36225CGR1	Agency MBS ARM	A-3-Q	GOVERNMENT NATIONAL MORTGAGE A	0.00051949	5.625	6/1/2028	64859422	 33,694 	 11,937.74 	33693.82	33749.28	100	100.1646053	55.47	12/31/2025	Model2501	100	LMMSOFRFLAT	RFRSwap	4.81	0.59	0.36	0.006	 2 	0.44	0.19	-0.03	0.00	0.00	0.00	0.00	1.0	19.3	142	142	0.00	18.7	6.80	333	 NA 	NA	NA	0.97	0.01	1.77	0.92	0.01	0.80	0.48	0.00	-0.50	0.79	0.01	-1.10
AFS	614130	36225CGS9	Agency MBS ARM	A-3-Q	GOVERNMENT NATIONAL MORTGAGE A	0.00034228	5.625	6/1/2028	13287187	 4,548 	 3,102.78 	4547.94	4562.35	100	100.3169751	14.42	12/31/2025	Model2501	100	LMMSOFRFLAT	RFRSwap	4.66	0.60	0.36	0.006	 0 	0.44	0.19	-0.03	0.00	0.00	0.00	0.00	1.0	19.5	128	127	0.00	20.1	6.88	333	 10,799 	NA	NA	0.97	0.01	1.78	0.93	0.01	0.80	0.48	0.00	-0.50	0.79	0.01	-1.11
AFS	614495	36225CHQ2	Agency MBS ARM	A-3-Q	GOVERNMENT NATIONAL MORTGAGE A	0.00027088	4.75	11/1/2028	9340668	 2,530 	 502.09 	2543.73	2540.48	100.5346	100.4064058	-3.24	12/31/2025	Model2501	100	LMMSOFRFLAT	RFRSwap	4.56	0.87	0.07	0.009	 0 	0.69	0.09	0.10	0.00	0.00	0.00	0.00	1.3	16.3	117	115	0.00	21.3	6.50	326	 14,133 	NA	NA	1.16	0.01	2.07	1.02	0.01	0.94	0.95	0.01	-0.89	1.12	0.01	-1.93
AFS	614206	36225CJ23	Agency MBS ARM	A-3-Q	GOVERNMENT NATIONAL MORTGAGE A	0.00244098	5.625	4/1/2029	5941470	 14,503 	 1,951.44 	14485.68	14548.4	99.8805	100.3129854	62.72	12/31/2025	Model2501	100	LMMSOFRFLAT	RFRSwap	4.69	0.41	0.70	0.004	 1 	0.18	0.07	0.15	-0.01	0.00	0.00	0.00	1.4	16.5	129	129	0.00	15.5	7.00	322	 14,648 	NA	NA	1.22	0.01	1.98	1.06	0.01	0.81	0.28	0.00	-0.29	0.87	0.01	-0.79
AFS	613742	36225CJJ6	Agency MBS ARM	A-3-Q	GOVERNMENT NATIONAL MORTGAGE A	0.00013432	5.625	3/1/2029	26254347	 3,526 	 5,121.60 	3547.01	3539.31	100.582	100.3638297	-7.69	12/31/2025	Model2501	100	LMMSOFRFLAT	RFRSwap	4.64	0.41	0.69	0.004	 0 	0.18	0.09	0.12	-0.01	0.00	0.00	0.00	1.4	16.0	124	124	0.00	23.7	6.88	324	 10,690 	NA	NA	1.20	0.01	1.95	1.04	0.01	0.80	0.28	0.00	-0.29	0.86	0.01	-0.78
AFS	613019	36225CJL1	Agency MBS ARM	A-3-Q	GOVERNMENT NATIONAL MORTGAGE A	0.00079423	5.625	3/1/2029	4885512	 3,880 	 548.91 	3886.28	3897.77	100.1561	100.4522478	11.5	12/31/2025	Model2501	100	LMMSOFRFLAT	RFRSwap	4.47	0.39	0.56	0.004	 0 	0.25	0.04	0.08	-0.01	0.00	0.00	0.00	1.1	35.6	105	105	0.00	18.6	6.88	323	 21,155 	NA	NA	0.99	0.01	1.67	0.89	0.01	0.70	0.27	0.00	-0.28	0.76	0.01	-0.73
AFS	613765	36225CK39	Agency MBS ARM	A-3-Q	GOVERNMENT NATIONAL MORTGAGE A	0.00226271	5.375	8/1/2029	4122331	 9,328 	 1,138.12 	9388.68	9395.15	100.6544	100.7237388	6.46	12/31/2025	Model2501	100	LMMSOFRFLAT	RFRSwap	4.50	0.79	0.15	0.008	 1 	0.55	0.06	0.18	0.00	0.00	0.00	0.00	1.5	17.9	112	110	0.00	16.4	6.63	317	 21,683 	NA	NA	1.30	0.01	2.24	1.14	0.01	0.97	0.78	0.01	-0.74	1.15	0.01	-1.71
AFS	612765	36225CKM7	Agency MBS ARM	A-3-Q	GOVERNMENT NATIONAL MORTGAGE A	0.00136857	5.375	7/1/2029	3000000	 4,106 	 762.21 	4142.85	4121.71	100.9047	100.3898166	-21.14	12/31/2025	Model2501	100	LMMSOFRFLAT	RFRSwap	4.71	0.77	0.14	0.008	 0 	0.54	0.07	0.17	0.00	0.00	0.00	0.00	1.5	16.5	134	132	0.00	17.6	6.61	319	 19,900 	NA	NA	1.27	0.01	2.18	1.11	0.01	0.94	0.76	0.01	-0.73	1.12	0.01	-1.67
AFS	614781	36225CKZ8	Agency MBS ARM	A-3-Q	GOVERNMENT NATIONAL MORTGAGE A	0.00120568	5.375	8/1/2029	39703824	 47,870 	 12,963.74 	48302.5	48067.39	100.9033	100.4121246	-235.11	12/31/2025	Model2501	100	LMMSOFRFLAT	RFRSwap	4.69	0.76	0.14	0.008	 4 	0.54	0.06	0.17	0.00	0.00	0.00	0.00	1.5	17.5	131	130	0.00	18.2	6.51	318	 21,273 	NA	NA	1.25	0.01	2.15	1.10	0.01	0.93	0.75	0.01	-0.72	1.11	0.01	-1.64
AFS	614677	36225CL20	Agency MBS ARM	A-3-Q	GOVERNMENT NATIONAL MORTGAGE A	0.00096731	4.75	11/1/2029	8000000	 7,738 	 987.51 	7818.5	7771.27	101.0341	100.4236696	-47.24	12/31/2025	Model2501	100	LMMSOFRFLAT	RFRSwap	4.66	0.94	0.09	0.009	 1 	0.72	-0.02	0.21	0.03	0.00	0.00	0.00	1.6	17.0	127	124	0.00	19.2	6.38	315	 20,438 	NA	NA	1.34	0.01	2.32	1.13	0.01	1.02	1.05	0.01	-0.96	1.31	0.01	-2.15
AFS	614197	36225CL61	Agency MBS ARM	A-3-Q	GOVERNMENT NATIONAL MORTGAGE A	0.01299701	5.5	11/1/2029	1290970	 16,779 	 1,825.65 	16847.51	16850.7	100.4098	100.4288255	3.19	12/31/2025	Model2501	100	LMMSOFRFLAT	RFRSwap	4.66	0.93	0.09	0.009	 2 	0.72	-0.02	0.20	0.03	0.00	0.00	0.00	1.6	17.4	127	124	0.01	11.2	5.88	314	 16,419 	NA	NA	1.37	0.01	2.33	1.13	0.01	1.03	1.05	0.01	-0.96	1.30	0.01	-2.15
AFS	613847	36225CLA2	Agency MBS ARM	A-3-Q	GOVERNMENT NATIONAL MORTGAGE A	0.00079256	5.375	9/1/2029	4763228	 3,775 	 449.51 	3799.4	3795.73	100.6425	100.5452252	-3.68	12/31/2025	Model2501	100	LMMSOFRFLAT	RFRSwap	4.64	0.80	0.16	0.008	 0 	0.55	0.06	0.20	0.01	0.00	0.00	0.00	1.6	15.0	126	124	0.00	19.7	6.77	317	 19,349 	NA	NA	1.36	0.01	2.32	1.18	0.01	0.99	0.79	0.01	-0.75	1.17	0.01	-1.74
AFS	613696	36225CLH7	Agency MBS ARM	A-3-Q	GOVERNMENT NATIONAL MORTGAGE A	0.00157306	4.75	10/1/2029	59538880	 93,658 	 21,049.39 	94609.57	93796.78	101.0158	100.1479342	-812.79	12/31/2025	Model2501	100	LMMSOFRFLAT	RFRSwap	4.83	0.92	0.08	0.009	 9 	0.71	-0.01	0.20	0.02	0.00	0.00	0.00	1.6	17.8	144	141	0.00	17.5	6.39	316	 19,179 	NA	NA	1.31	0.01	2.26	1.10	0.01	1.00	1.03	0.01	-0.94	1.28	0.01	-2.10
AFS	614816	36225CLK0	Agency MBS ARM	A-3-Q	GOVERNMENT NATIONAL MORTGAGE A	0.00065017	4.75	10/1/2029	23166226	 15,062 	 4,473.98 	15218.87	15072.92	101.0416	100.0726027	-145.94	12/31/2025	Model2501	100	LMMSOFRFLAT	RFRSwap	4.88	0.92	0.08	0.009	 1 	0.71	-0.01	0.19	0.02	0.00	0.00	0.00	1.6	18.3	149	146	0.00	20.4	6.31	316	 18,908 	NA	NA	1.31	0.01	2.26	1.10	0.01	1.00	1.03	0.01	-0.94	1.28	0.01	-2.10
AFS	613148	36225CLS3	Agency MBS ARM	A-3-Q	GOVERNMENT NATIONAL MORTGAGE A	0.00274611	5.375	10/1/2029	5000000	 13,731 	 1,672.52 	13791.47	13806.55	100.4437	100.5535409	15.08	12/31/2025	Model2501	100	LMMSOFRFLAT	RFRSwap	4.62	0.79	0.15	0.008	 1 	0.55	0.06	0.19	0.01	0.00	0.00	0.00	1.6	16.6	125	123	0.00	15.7	6.63	317	 18,804 	NA	NA	1.32	0.01	2.26	1.15	0.01	0.97	0.78	0.01	-0.75	1.16	0.01	-1.72
AFS	613776	36225CM29	Agency MBS ARM	A-3-Q	GOVERNMENT NATIONAL MORTGAGE A	0.00046665	5.625	2/1/2030	15026061	 7,012 	 728.92 	7067.56	7049.04	100.7936	100.529451	-18.52	12/31/2025	Model2501	100	LMMSOFRFLAT	RFRSwap	4.60	0.40	0.70	0.004	 0 	0.17	-0.01	0.15	0.04	0.00	0.00	0.00	1.6	23.8	118	117	0.00	21.8	6.91	311	 25,227 	NA	NA	1.24	0.01	1.97	1.05	0.01	0.79	0.27	0.00	-0.28	0.89	0.01	-0.77
AFS	613027	36225CMA1	Agency MBS ARM	A-3-Q	GOVERNMENT NATIONAL MORTGAGE A	0.00154464	4.75	12/1/2029	37672571	 58,191 	 7,539.02 	58804.01	58413.08	101.0542	100.3823952	-390.93	12/31/2025	Model2501	100	LMMSOFRFLAT	RFRSwap	4.68	0.92	0.09	0.009	 5 	0.70	-0.03	0.21	0.04	0.00	0.00	0.00	1.6	18.6	129	126	0.00	17.7	6.32	314	 21,033 	NA	NA	1.35	0.01	2.30	1.12	0.01	1.01	1.05	0.01	-0.95	1.33	0.01	-2.14
AFS	613035	36225CMN3	Agency MBS ARM	A-3-Q	GOVERNMENT NATIONAL MORTGAGE A	0.00084635	5.625	1/1/2030	91087979	 77,092 	 12,570.82 	77757.51	77299.95	100.8629	100.2693341	-457.57	12/31/2025	Model2501	100	LMMSOFRFLAT	RFRSwap	4.79	0.42	0.77	0.004	 3 	0.16	0.00	0.17	0.04	0.00	0.00	0.00	1.7	16.9	139	137	0.00	19.9	6.89	312	 27,661 	NA	NA	1.33	0.01	2.11	1.13	0.01	0.85	0.28	0.00	-0.28	0.93	0.01	-0.80
AFS	613146	36225CMP8	Agency MBS ARM	A-3-Q	GOVERNMENT NATIONAL MORTGAGE A	0.00073728	5.625	1/1/2030	25043380	 18,464 	 3,362.00 	18609.19	18531.51	100.7864	100.3657067	-77.68	12/31/2025	Model2501	100	LMMSOFRFLAT	RFRSwap	4.72	0.42	0.75	0.004	 1 	0.16	0.01	0.17	0.03	0.00	0.00	0.00	1.6	17.7	131	130	0.00	20.5	6.88	313	 19,607 	NA	NA	1.32	0.01	2.09	1.12	0.01	0.84	0.27	0.00	-0.28	0.91	0.01	-0.80
AFS	614016	36225CN28	Agency MBS ARM	A-3-Q	GOVERNMENT NATIONAL MORTGAGE A	0.00116926	5.625	5/1/2030	10000000	 11,693 	 2,286.46 	11692.6	11733.46	100	100.3494648	40.86	12/31/2025	Model2501	100	LMMSOFRFLAT	RFRSwap	4.83	0.69	0.54	0.007	 1 	0.39	0.06	0.17	0.05	0.00	0.00	0.00	1.8	17.5	144	141	0.00	19.4	6.73	309	 24,626 	NA	NA	1.40	0.01	2.37	1.23	0.01	1.01	0.51	0.01	-0.54	1.03	0.01	-1.26
AFS	614406	36225CNB8	Agency MBS ARM	A-3-Q	GOVERNMENT NATIONAL MORTGAGE A	0.00102325	5.625	3/1/2030	27488219	 28,127 	 6,998.79 	28387.48	28244.22	100.9249	100.4155964	-143.26	12/31/2025	Model2501	100	LMMSOFRFLAT	RFRSwap	4.70	0.42	0.75	0.004	 1 	0.17	-0.01	0.16	0.04	0.00	0.00	0.00	1.7	19.2	129	127	0.00	19.4	6.78	311	 24,520 	NA	NA	1.31	0.01	2.08	1.11	0.01	0.84	0.27	0.00	-0.28	0.92	0.01	-0.80
AFS	614532	36225CNK8	Agency MBS ARM	A-3-Q	GOVERNMENT NATIONAL MORTGAGE A	0.00098771	5.625	4/1/2030	18876110	 18,644 	 6,658.29 	18644.12	18629.08	100	99.9193224	-15.04	12/31/2025	Model2501	100	LMMSOFRFLAT	RFRSwap	5.09	0.68	0.54	0.007	 1 	0.39	0.06	0.17	0.04	0.00	0.00	0.00	1.8	17.4	170	168	0.00	19.7	6.88	310	 24,243 	NA	NA	1.38	0.01	2.34	1.23	0.01	1.01	0.51	0.01	-0.54	1.03	0.01	-1.25
AFS	614499	36225CNZ5	Agency MBS ARM	A-3-Q	GOVERNMENT NATIONAL MORTGAGE A	0.00147609	5.625	5/1/2030	46171291	 68,153 	 21,732.97 	68152.98	68461.8	100	100.4531248	308.81	12/31/2025	Model2501	100	LMMSOFRFLAT	RFRSwap	4.76	0.68	0.54	0.007	 5 	0.39	0.06	0.16	0.05	0.00	0.00	0.00	1.8	17.9	137	134	0.00	18.7	6.56	308	 20,244 	NA	NA	1.39	0.01	2.34	1.22	0.01	1.00	0.50	0.01	-0.53	1.02	0.01	-1.24
AFS	613464	36225CP34	Agency MBS ARM	A-3-Q	GOVERNMENT NATIONAL MORTGAGE A	0.0017892	5.375	8/1/2030	44351200	 79,353 	 8,875.36 	80273.03	80033.78	101.1592	100.8577014	-239.25	12/31/2025	Model2501	100	LMMSOFRFLAT	RFRSwap	4.54	0.82	0.18	0.008	 7 	0.56	0.01	0.19	0.08	0.00	0.00	0.00	1.9	16.3	115	111	0.00	18.3	6.52	306	 21,706 	NA	NA	1.47	0.02	2.46	1.25	0.01	1.04	0.82	0.01	-0.77	1.27	0.01	-1.82
AFS	612889	36225CP59	Agency MBS ARM	A-3-Q	GOVERNMENT NATIONAL MORTGAGE A	0.00170442	5.375	8/1/2030	84504086	 144,030 	 27,016.35 	145648.65	144880.63	101.1235	100.5902726	-768.02	12/31/2025	Model2501	100	LMMSOFRFLAT	RFRSwap	4.70	0.82	0.17	0.008	 12 	0.56	0.01	0.19	0.08	0.00	0.00	0.00	1.9	15.8	131	127	0.00	18.6	6.61	306	 39,368 	NA	NA	1.45	0.02	2.45	1.25	0.01	1.04	0.82	0.01	-0.77	1.28	0.01	-1.82
AFS	612675	36225CP67	Agency MBS ARM	A-3-Q	GOVERNMENT NATIONAL MORTGAGE A	0.00096321	5.375	8/1/2030	13009546	 12,531 	 3,364.80 	12685.34	12635.61	101.2323	100.8354431	-49.73	12/31/2025	Model2501	100	LMMSOFRFLAT	RFRSwap	4.54	0.81	0.17	0.008	 1 	0.56	0.01	0.18	0.07	0.00	0.00	0.00	1.8	17.9	115	111	0.00	20.5	6.63	306	 22,590 	NA	NA	1.44	0.01	2.42	1.22	0.01	1.02	0.81	0.01	-0.77	1.26	0.01	-1.80
AFS	613893	36225CPC4	Agency MBS ARM	A-3-Q	GOVERNMENT NATIONAL MORTGAGE A	0.00145674	5.625	6/1/2030	6591208	 9,602 	 1,403.56 	9601.68	9623.86	100	100.2310473	22.19	12/31/2025	Model2501	100	LMMSOFRFLAT	RFRSwap	4.91	0.69	0.55	0.007	 1 	0.39	0.06	0.16	0.05	0.00	0.00	0.00	1.8	17.9	151	149	0.00	18.9	6.61	308	 23,996 	NA	NA	1.41	0.01	2.38	1.24	0.01	1.02	0.51	0.01	-0.54	1.03	0.01	-1.26
AFS	613496	36225CPK6	Agency MBS ARM	A-3-Q	GOVERNMENT NATIONAL MORTGAGE A	0.00236579	5.375	7/1/2030	40658384	 96,189 	 18,675.14 	97311.25	96677.36	101.1665	100.5075021	-633.88	12/31/2025	Model2501	100	LMMSOFRFLAT	RFRSwap	4.73	0.81	0.17	0.008	 8 	0.56	0.01	0.19	0.07	0.00	0.00	0.00	1.8	16.7	134	130	0.00	17.3	6.54	307	 22,915 	NA	NA	1.44	0.01	2.41	1.22	0.01	1.02	0.81	0.01	-0.76	1.25	0.01	-1.79
AFS	614701	36225CPL4	Agency MBS ARM	A-3-Q	GOVERNMENT NATIONAL MORTGAGE A	0.0012004	5.375	7/1/2030	117986382	 141,631 	 24,064.90 	143221.07	142203.31	101.1228	100.404189	-1017.76	12/31/2025	Model2501	100	LMMSOFRFLAT	RFRSwap	4.79	0.81	0.17	0.008	 12 	0.56	0.01	0.19	0.07	0.00	0.00	0.00	1.8	17.0	140	137	0.00	19.6	6.45	307	 28,594 	NA	NA	1.43	0.01	2.40	1.22	0.01	1.02	0.81	0.01	-0.76	1.26	0.01	-1.79
AFS	614705	36225CPN0	Agency MBS ARM	A-3-Q	GOVERNMENT NATIONAL MORTGAGE A	0.00130979	5.375	7/1/2030	12047875	 15,780 	 1,682.79 	15970.69	15829.42	101.2073	100.312002	-141.27	12/31/2025	Model2501	100	LMMSOFRFLAT	RFRSwap	4.85	0.82	0.17	0.008	 1 	0.56	0.01	0.19	0.07	0.00	0.00	0.00	1.8	17.3	145	142	0.00	19.4	6.64	307	 23,034 	NA	NA	1.44	0.01	2.41	1.23	0.01	1.02	0.81	0.01	-0.76	1.26	0.01	-1.79
AFS	613087	36225CQ25	Agency MBS ARM	A-3-Q	GOVERNMENT NATIONAL MORTGAGE A	0.00107738	5	11/1/2030	7999500	 8,619 	 763.91 	8706.45	8669.86	101.0205	100.595952	-36.58	12/31/2025	Model2501	100	LMMSOFRFLAT	RFRSwap	4.66	0.99	0.11	0.010	 1 	0.75	-0.08	0.19	0.12	0.00	0.00	0.00	2.0	16.6	125	120	0.00	20.5	6.13	303	 25,836 	NA	NA	1.49	0.02	2.52	1.22	0.01	1.09	1.13	0.01	-1.02	1.46	0.01	-2.32
AFS	614571	36225CQF6	Agency MBS ARM	A-3-Q	GOVERNMENT NATIONAL MORTGAGE A	0.00159237	5.375	9/1/2030	18779459	 29,904 	 7,466.73 	30220.96	30045.59	101.0604	100.473982	-175.37	12/31/2025	Model2501	100	LMMSOFRFLAT	RFRSwap	4.76	0.81	0.17	0.008	 2 	0.55	0.01	0.18	0.08	0.00	0.00	0.00	1.9	16.8	136	132	0.00	18.9	6.63	305	 25,518 	NA	NA	1.43	0.01	2.40	1.22	0.01	1.01	0.80	0.01	-0.76	1.25	0.01	-1.78
AFS	614806	36225CQH2	Agency MBS ARM	A-3-Q	GOVERNMENT NATIONAL MORTGAGE A	0.00190302	5.375	9/1/2030	25000000	 47,576 	 12,720.90 	48274.57	47912.95	101.4694	100.7092984	-361.62	12/31/2025	Model2501	100	LMMSOFRFLAT	RFRSwap	4.63	0.82	0.17	0.008	 4 	0.56	0.01	0.18	0.08	0.00	0.00	0.00	1.9	17.8	123	119	0.00	18.3	6.59	305	 25,774 	NA	NA	1.45	0.02	2.44	1.24	0.01	1.03	0.82	0.01	-0.77	1.27	0.01	-1.81
AFS	613854	36225CQQ2	Agency MBS ARM	A-3-Q	GOVERNMENT NATIONAL MORTGAGE A	0.00166333	4.75	10/1/2030	47005028	 78,185 	 7,873.35 	79106.88	78600.21	101.1793	100.5312294	-506.66	12/31/2025	Model2501	100	LMMSOFRFLAT	RFRSwap	4.68	0.97	0.10	0.010	 8 	0.74	-0.08	0.19	0.11	0.00	0.00	0.00	1.9	17.3	127	122	0.00	18.9	6.41	304	 29,424 	NA	NA	1.46	0.02	2.47	1.20	0.01	1.07	1.12	0.01	-1.01	1.45	0.01	-2.29
AFS	614845	36225CQR0	Agency MBS ARM	A-3-Q	GOVERNMENT NATIONAL MORTGAGE A	0.00170485	5	10/1/2030	30502343	 52,002 	 10,663.29 	52639.96	52269.78	101.2269	100.5151041	-370.17	12/31/2025	Model2501	100	LMMSOFRFLAT	RFRSwap	4.66	0.94	0.10	0.009	 5 	0.73	-0.07	0.17	0.09	0.00	0.00	0.00	1.8	21.6	125	120	0.00	18.9	6.09	304	 30,759 	NA	NA	1.40	0.01	2.38	1.15	0.01	1.04	1.07	0.01	-0.97	1.35	0.01	-2.18
AFS	614567	36225CQZ2	Agency MBS ARM	A-3-Q	GOVERNMENT NATIONAL MORTGAGE A	0.00045643	4.75	11/1/2030	8000000	 3,651 	 563.35 	3694.67	3664.43	101.184	100.3556403	-30.25	12/31/2025	Model2501	100	LMMSOFRFLAT	RFRSwap	4.78	0.98	0.10	0.010	 0 	0.75	-0.08	0.18	0.11	0.00	0.00	0.00	1.9	18.2	137	132	0.00	23.0	6.38	303	 18,912 	NA	NA	1.48	0.02	2.49	1.21	0.01	1.08	1.12	0.01	-1.01	1.44	0.01	-2.29
AFS	614520	36225CR40	Agency MBS ARM	A-3-Q	GOVERNMENT NATIONAL MORTGAGE A	0.00119572	5.625	4/1/2031	407811	 488 	 38.05 	487.63	487.94	100	100.0650211	0.32	12/31/2025	Model2501	100	LMMSOFRFLAT	RFRSwap	5.05	0.72	0.61	0.007	 0 	0.39	0.03	0.09	0.18	0.00	0.00	0.00	2.2	13.6	163	159	0.00	20.2	6.88	298	 35,890 	NA	NA	1.55	0.02	2.58	1.35	0.01	1.09	0.52	0.01	-0.55	1.13	0.01	-1.31
AFS	614188	36225CR57	Agency MBS ARM	A-3-Q	GOVERNMENT NATIONAL MORTGAGE A	0.00039742	5.625	4/1/2031	8259255	 3,282 	 677.50 	3282.39	3292.38	100	100.3041528	9.98	12/31/2025	Model2501	100	LMMSOFRFLAT	RFRSwap	4.91	0.67	0.57	0.007	 0 	0.37	0.03	0.09	0.16	0.00	0.00	0.00	2.0	13.7	149	144	0.00	24.0	6.88	298	 25,870 	NA	NA	1.48	0.02	2.44	1.27	0.01	1.02	0.49	0.00	-0.52	1.04	0.01	-1.22
AFS	614628	36225CRD0	Agency MBS ARM	A-3-Q	GOVERNMENT NATIONAL MORTGAGE A	0.00241897	5.625	1/1/2031	25000000	 60,474 	 5,226.04 	61030.8	60840.41	100.9203	100.60548	-190.39	12/31/2025	Model2501	100	LMMSOFRFLAT	RFRSwap	4.68	0.44	0.82	0.004	 3 	0.15	-0.04	0.11	0.14	0.00	0.00	0.00	2.0	16.5	125	122	0.00	17.8	6.92	301	 25,568 	NA	NA	1.46	0.02	2.27	1.20	0.01	0.90	0.28	0.00	-0.29	0.98	0.01	-0.83
AFS	613916	36225CRT5	Agency MBS ARM	A-3-Q	GOVERNMENT NATIONAL MORTGAGE A	0.00112517	5.625	3/1/2031	2000000	 2,250 	 242.47 	2256.15	2266.01	100.258	100.6965454	9.87	12/31/2025	Model2501	100	LMMSOFRFLAT	RFRSwap	4.66	0.44	0.85	0.004	 0 	0.15	-0.05	0.10	0.16	0.00	0.00	0.00	2.1	14.7	123	119	0.00	20.3	6.52	299	 23,524 	NA	NA	1.51	0.02	2.33	1.23	0.01	0.92	0.28	0.00	-0.29	1.00	0.01	-0.83
AFS	614257	36225CS23	Agency MBS ARM	A-3-Q	GOVERNMENT NATIONAL MORTGAGE A	0.00199581	5.375	8/1/2031	50000000	 99,791 	 14,245.94 	101118.54	100100.01	101.3308	100.3101605	-1018.53	12/31/2025	Model2501	100	LMMSOFRFLAT	RFRSwap	4.93	0.84	0.20	0.008	 8 	0.57	-0.02	0.11	0.20	0.00	0.00	0.00	2.3	15.4	150	144	0.00	18.9	6.49	293	 32,349 	NA	NA	1.56	0.02	2.57	1.31	0.01	1.07	0.84	0.01	-0.78	1.39	0.01	-1.89
AFS	613412	36225CS31	Agency MBS ARM	A-3-Q	GOVERNMENT NATIONAL MORTGAGE A	0.00162578	5.375	8/1/2031	4833493	 7,858 	 674.49 	7958.21	7908.08	101.2727	100.6348567	-50.12	12/31/2025	Model2501	100	LMMSOFRFLAT	RFRSwap	4.78	0.85	0.20	0.009	 1 	0.57	-0.02	0.12	0.20	0.00	0.00	0.00	2.3	14.3	135	129	0.00	19.7	6.67	294	 34,973 	NA	NA	1.58	0.02	2.62	1.33	0.01	1.09	0.85	0.01	-0.80	1.39	0.01	-1.91
AFS	613840	36225CS80	Agency MBS ARM	A-3-Q	GOVERNMENT NATIONAL MORTGAGE A	0.00240126	5.375	9/1/2031	13147298	 31,570 	 2,811.72 	31988.24	31748.79	101.3245	100.5660642	-239.46	12/31/2025	Model2501	100	LMMSOFRFLAT	RFRSwap	4.81	0.85	0.20	0.009	 3 	0.57	-0.02	0.11	0.20	0.00	0.00	0.00	2.3	14.9	138	132	0.00	18.4	6.51	293	 36,124 	NA	NA	1.58	0.02	2.61	1.33	0.01	1.09	0.85	0.01	-0.79	1.39	0.01	-1.91
AFS	614546	36225CSC1	Agency MBS ARM	A-3-Q	GOVERNMENT NATIONAL MORTGAGE A	0.00110384	5.625	5/1/2031	6682826	 7,377 	 664.73 	7376.77	7379.5	100	100.0370168	2.73	12/31/2025	Model2501	100	LMMSOFRFLAT	RFRSwap	5.07	0.72	0.61	0.007	 1 	0.39	0.03	0.08	0.19	0.00	0.00	0.00	2.2	14.4	165	160	0.00	20.6	6.64	296	 34,878 	NA	NA	1.54	0.02	2.57	1.35	0.01	1.09	0.52	0.01	-0.55	1.13	0.01	-1.31
AFS	613994	36225CSH0	Agency MBS ARM	A-3-Q	GOVERNMENT NATIONAL MORTGAGE A	0.00261982	5.625	6/1/2031	18950548	 49,647 	 3,772.90 	49647.02	49671.67	100	100.0496349	24.63	12/31/2025	Model2501	100	LMMSOFRFLAT	RFRSwap	5.07	0.72	0.61	0.007	 4 	0.39	0.03	0.08	0.19	0.00	0.00	0.00	2.2	14.7	164	159	0.00	17.7	6.62	295	 38,258 	NA	NA	1.54	0.02	2.57	1.35	0.01	1.09	0.52	0.01	-0.55	1.13	0.01	-1.31
AFS	613404	36225CSJ6	Agency MBS ARM	A-3-Q	GOVERNMENT NATIONAL MORTGAGE A	0.00139275	5.625	6/1/2031	44096787	 61,416 	 7,150.72 	61415.8	61444.32	100	100.046442	28.52	12/31/2025	Model2501	100	LMMSOFRFLAT	RFRSwap	5.07	0.71	0.61	0.007	 4 	0.39	0.03	0.08	0.18	0.00	0.00	0.00	2.2	14.6	164	159	0.00	20.0	6.77	296	 26,072 	NA	NA	1.57	0.02	2.57	1.34	0.01	1.08	0.51	0.01	-0.55	1.11	0.01	-1.29
AFS	613494	36225CSQ0	Agency MBS ARM	A-3-Q	GOVERNMENT NATIONAL MORTGAGE A	0.0011113	5.375	7/1/2031	68712961	 76,361 	 6,659.87 	77375.24	76767.99	101.3286	100.5333646	-607.25	12/31/2025	Model2501	100	LMMSOFRFLAT	RFRSwap	4.82	0.85	0.20	0.009	 7 	0.57	-0.02	0.12	0.19	0.00	0.00	0.00	2.2	14.9	139	133	0.00	20.8	6.63	295	 29,497 	NA	NA	1.58	0.02	2.60	1.32	0.01	1.08	0.85	0.01	-0.79	1.38	0.01	-1.90
AFS	613857	36225CT30	Agency MBS ARM	A-3-Q	GOVERNMENT NATIONAL MORTGAGE A	0.00313903	5.625	1/1/2032	40005000	 125,577 	 25,930.37 	126879.71	126938.24	101.0375	101.0840746	58.54	12/31/2025	Model2501	100	LMMSOFRFLAT	RFRSwap	4.58	0.45	0.88	0.005	 6 	0.14	-0.07	0.03	0.23	0.01	0.00	0.00	2.4	13.5	112	105	0.00	17.8	6.80	289	 34,024 	NA	NA	1.58	0.02	2.43	1.28	0.01	0.95	0.28	0.00	-0.29	1.04	0.01	-0.85
AFS	614342	36225CTC0	Agency MBS ARM	A-3-Q	GOVERNMENT NATIONAL MORTGAGE A	0.0024399	4.75	10/1/2031	17250287	 42,089 	 4,094.70 	42636.49	42848.99	101.3009	101.8057265	212.49	12/31/2025	Model2501	100	LMMSOFRFLAT	RFRSwap	4.20	1.03	0.11	0.011	 4 	0.77	-0.13	0.14	0.21	0.00	0.00	0.00	2.3	14.0	77	68	0.00	18.4	6.34	292	 30,084 	NA	NA	1.59	0.02	2.69	1.28	0.01	1.16	1.20	0.01	-1.08	1.60	0.02	-2.50
AFS	613255	36225CTD8	Agency MBS ARM	A-3-Q	GOVERNMENT NATIONAL MORTGAGE A	0.00146514	4.75	10/1/2031	27003362	 39,564 	 8,951.60 	40060.89	39801.37	101.2567	100.6007102	-259.52	12/31/2025	Model2501	100	LMMSOFRFLAT	RFRSwap	4.76	1.03	0.12	0.010	 4 	0.78	-0.13	0.14	0.21	0.01	0.00	0.00	2.3	14.1	132	124	0.00	20.2	6.33	291	 42,337 	NA	NA	1.60	0.02	2.67	1.29	0.01	1.15	1.21	0.01	-1.07	1.61	0.02	-2.48
AFS	614243	36225CTQ9	Agency MBS ARM	A-3-Q	GOVERNMENT NATIONAL MORTGAGE A	0.00232095	4.75	11/1/2031	32996040	 76,582 	 5,490.16 	77703.85	76818.95	101.4647	100.3091987	-884.9	12/31/2025	Model2501	100	LMMSOFRFLAT	RFRSwap	4.90	1.03	0.11	0.010	 8 	0.78	-0.13	0.13	0.21	0.01	0.00	0.00	2.3	14.7	145	138	0.00	18.8	6.38	291	 39,121 	NA	NA	1.58	0.02	2.64	1.28	0.01	1.14	1.21	0.01	-1.07	1.61	0.02	-2.47
AFS	613442	36225CTV8	Agency MBS ARM	A-3-Q	GOVERNMENT NATIONAL MORTGAGE A	0.00120453	4.75	12/1/2031	22000000	 26,500 	 4,587.99 	26861.28	26649.34	101.3646	100.5648374	-211.94	12/31/2025	Model2501	100	LMMSOFRFLAT	RFRSwap	4.78	1.03	0.12	0.010	 3 	0.78	-0.14	0.13	0.21	0.01	0.00	0.00	2.4	14.2	134	126	0.00	20.8	6.23	291	 29,159 	NA	NA	1.61	0.02	2.68	1.29	0.01	1.15	1.21	0.01	-1.07	1.61	0.02	-2.48
AFS	614375	36225CUK0	Agency MBS ARM	A-3-Q	GOVERNMENT NATIONAL MORTGAGE A	0.00333212	5.625	3/1/2032	71420914	 237,983 	 21,535.59 	240438.84	241128.86	101.0319	101.3218614	690.02	12/31/2025	Model2501	100	LMMSOFRFLAT	RFRSwap	4.47	0.44	0.86	0.005	 11 	0.15	-0.07	0.03	0.22	0.01	-0.01	0.00	2.4	14.7	101	93	0.00	17.7	6.70	287	 39,527 	NA	NA	1.52	0.02	2.37	1.25	0.01	0.94	0.28	0.00	-0.29	1.03	0.01	-0.85
AFS	613309	36225CUU8	Agency MBS ARM	A-3-Q	GOVERNMENT NATIONAL MORTGAGE A	0.0018084	5.625	4/1/2032	105064558	 189,999 	 24,894.73 	189998.75	192778.36	100	101.4629617	2779.61	12/31/2025	Model2501	100	LMMSOFRFLAT	RFRSwap	4.48	0.73	0.63	0.007	 14 	0.39	0.03	0.03	0.23	0.01	0.00	0.00	2.5	14.1	103	95	0.00	20.0	6.74	285	 34,072 	NA	NA	1.62	0.02	2.69	1.38	0.01	1.13	0.52	0.01	-0.57	1.16	0.01	-1.34
AFS	614309	36225CV78	Agency MBS ARM	A-3-Q	GOVERNMENT NATIONAL MORTGAGE A	0.00361989	5.375	9/1/2032	7000000	 25,339 	 3,815.67 	25697.71	25434.44	101.4147	100.375754	-263.26	12/31/2025	Model2501	100	LMMSOFRFLAT	RFRSwap	4.97	0.87	0.22	0.009	 2 	0.58	-0.04	0.07	0.24	0.03	0.00	0.00	2.6	13.7	150	141	0.00	18.0	6.52	281	 43,935 	NA	NA	1.66	0.02	2.71	1.38	0.01	1.12	0.87	0.01	-0.81	1.48	0.01	-1.97
AFS	613488	36225CVD5	Agency MBS ARM	A-3-Q	GOVERNMENT NATIONAL MORTGAGE A	0.00208462	5.625	6/1/2032	10000000	 20,846 	 2,191.57 	20846.2	21156.2	100	101.4870819	310	12/31/2025	Model2501	100	LMMSOFRFLAT	RFRSwap	4.49	0.73	0.63	0.007	 2 	0.39	0.03	0.02	0.23	0.02	0.00	0.00	2.6	13.7	104	95	0.00	19.7	6.69	284	 39,696 	NA	NA	1.62	0.02	2.71	1.39	0.01	1.14	0.53	0.01	-0.57	1.17	0.01	-1.36
AFS	612288	36225CVW3	Agency MBS ARM	A-3-Q	GOVERNMENT NATIONAL MORTGAGE A	0.00287295	5.375	8/1/2032	77198105	 221,786 	 21,131.41 	224842.86	224967	101.3782	101.4341281	124.14	12/31/2025	Model2501	100	LMMSOFRFLAT	RFRSwap	4.52	0.85	0.21	0.009	 19 	0.57	-0.03	0.07	0.23	0.02	-0.01	0.00	2.6	13.2	106	96	0.00	18.7	6.45	282	 46,702 	NA	NA	1.60	0.02	2.66	1.34	0.01	1.11	0.86	0.01	-0.80	1.45	0.01	-1.96
AFS	614291	36225CVY9	Agency MBS ARM	A-3-Q	GOVERNMENT NATIONAL MORTGAGE A	0.00257944	5.375	8/1/2032	6560103	 16,921 	 1,953.49 	16983.53	17164.16	100.3672	101.434659	180.63	12/31/2025	Model2501	100	LMMSOFRFLAT	RFRSwap	4.50	0.85	0.21	0.009	 1 	0.57	-0.03	0.07	0.23	0.02	0.00	0.00	2.5	15.0	104	94	0.00	19.2	6.49	282	 36,477 	NA	NA	1.63	0.02	2.68	1.35	0.01	1.11	0.85	0.01	-0.80	1.45	0.01	-1.95
AFS	613092	36225CW28	Agency MBS ARM	A-3-Q	GOVERNMENT NATIONAL MORTGAGE A	0.00341743	5.625	1/1/2033	33635350	 114,946 	 15,098.41 	116260.49	115260.04	101.1432	100.2728126	-1000.45	12/31/2025	Model2501	100	LMMSOFRFLAT	RFRSwap	5.00	0.45	0.92	0.005	 5 	0.14	-0.10	-0.02	0.23	0.05	0.00	0.00	2.8	13.4	150	141	0.00	18.5	6.71	277	 37,932 	NA	NA	1.64	0.02	2.48	1.32	0.01	0.97	0.28	0.00	-0.28	1.09	0.01	-0.86
AFS	613420	36225CWD4	Agency MBS ARM	A-3-Q	GOVERNMENT NATIONAL MORTGAGE A	0.00421541	4.75	10/1/2032	22919015	 96,613 	 12,516.11 	98230.67	97491.87	101.6743	100.909633	-738.8	12/31/2025	Model2501	100	LMMSOFRFLAT	RFRSwap	4.75	1.07	0.13	0.011	 11 	0.80	-0.18	0.10	0.25	0.05	0.00	0.00	2.8	11.1	127	115	0.00	17.7	6.26	280	 43,796 	NA	NA	1.76	0.02	2.88	1.38	0.01	1.21	1.28	0.01	-1.13	1.74	0.02	-2.64
AFS	613760	36225CX35	Agency MBS ARM	A-3-Q	GOVERNMENT NATIONAL MORTGAGE A	0.00246803	5.625	5/1/2033	48800000	 120,440 	 10,868.00 	120439.86	120267.73	100	99.8570802	-172.13	12/31/2025	Model2501	100	LMMSOFRFLAT	RFRSwap	5.24	0.74	0.67	0.007	 9 	0.39	0.01	-0.03	0.24	0.07	0.00	0.00	2.9	12.8	173	162	0.00	19.9	6.56	272	 44,306 	NA	NA	1.73	0.02	2.79	1.45	0.01	1.15	0.54	0.01	-0.57	1.28	0.01	-1.39
AFS	613799	36225CX76	Agency MBS ARM	A-3-Q	GOVERNMENT NATIONAL MORTGAGE A	0.00368539	5.625	6/1/2033	90323398	 332,877 	 17,795.29 	332876.95	332890.72	100	100.0041374	13.77	12/31/2025	Model2501	100	LMMSOFRFLAT	RFRSwap	5.19	0.78	0.66	0.008	 26 	0.39	0.01	-0.05	0.28	0.08	0.00	0.00	3.1	10.6	168	156	0.00	18.3	6.39	272	 57,100 	NA	NA	1.76	0.02	2.86	1.49	0.02	1.19	0.62	0.01	-0.62	1.49	0.01	-1.59
AFS	613694	36225CX84	Agency MBS ARM	A-3-Q	GOVERNMENT NATIONAL MORTGAGE A	0.00175462	5.625	6/1/2033	100521383	 176,377 	 10,920.40 	176376.83	176384.11	100	100.0041254	7.28	12/31/2025	Model2501	100	LMMSOFRFLAT	RFRSwap	5.19	0.77	0.68	0.008	 14 	0.39	0.01	-0.05	0.26	0.07	0.00	0.00	3.1	10.5	168	156	0.00	21.0	6.56	272	 43,395 	NA	NA	1.81	0.02	2.90	1.51	0.02	1.19	0.57	0.01	-0.59	1.36	0.01	-1.47
AFS	613215	36225CX92	Agency MBS ARM	A-3-Q	GOVERNMENT NATIONAL MORTGAGE A	0.00308284	5.625	6/1/2033	53600000	 165,240 	 21,640.43 	165240.22	167900.75	100	101.6100981	2660.53	12/31/2025	Model2501	100	LMMSOFRFLAT	RFRSwap	4.50	0.68	0.58	0.007	 12 	0.36	0.02	-0.02	0.22	0.05	-0.01	0.00	2.7	12.5	100	87	0.00	19.5	6.58	272	 58,857 	NA	NA	1.51	0.02	2.52	1.30	0.01	1.06	0.50	0.01	-0.54	1.16	0.01	-1.30
AFS	613834	36225CXC5	Agency MBS ARM	A-3-Q	GOVERNMENT NATIONAL MORTGAGE A	0.00236273	5.625	2/1/2033	20000000	 47,255 	 23,570.82 	47631	47388.12	100.7965	100.282562	-242.87	12/31/2025	Model2501	100	LMMSOFRFLAT	RFRSwap	5.01	0.45	0.92	0.005	 2 	0.14	-0.10	-0.03	0.24	0.05	0.00	0.00	2.8	12.8	150	140	0.00	19.9	6.81	276	 42,024 	NA	NA	1.66	0.02	2.50	1.32	0.01	0.97	0.28	0.00	-0.28	1.09	0.01	-0.86
AFS	614225	36225CXJ0	Agency MBS ARM	A-3-Q	GOVERNMENT NATIONAL MORTGAGE A	0.00365858	5.625	3/1/2033	345002500	 1,262,219 	 121,763.64 	1276403.21	1280575.36	101.1237	101.4542729	4172.15	12/31/2025	Model2501	100	LMMSOFRFLAT	RFRSwap	4.55	0.46	0.89	0.005	 59 	0.14	-0.09	-0.02	0.23	0.05	-0.01	0.00	2.8	13.2	104	93	0.00	18.3	6.72	275	 42,536 	NA	NA	1.61	0.02	2.48	1.30	0.01	0.97	0.30	0.00	-0.30	1.12	0.01	-0.91
AFS	613001	36225CXK7	Agency MBS ARM	A-3-Q	GOVERNMENT NATIONAL MORTGAGE A	0.00272959	5.625	3/1/2033	11280613	 30,791 	 2,449.56 	31149.44	30950	101.1626	100.5149338	-199.44	12/31/2025	Model2501	100	LMMSOFRFLAT	RFRSwap	4.91	0.45	0.91	0.005	 1 	0.14	-0.10	-0.02	0.24	0.05	0.00	0.00	2.8	12.9	141	131	0.00	19.5	6.74	275	 43,758 	NA	NA	1.65	0.02	2.49	1.32	0.01	0.97	0.28	0.00	-0.29	1.09	0.01	-0.86
AFS	612385	36225CYF7	Agency MBS ARM	A-3-Q	GOVERNMENT NATIONAL MORTGAGE A	0.00497104	5.875	7/1/2033	5000000	 24,855 	 1,458.59 	25073.47	25392.57	100.8782	102.1619848	319.09	12/31/2025	Model2501	100	LMMSOFRFLAT	RFRSwap	4.82	0.87	0.19	0.009	 2 	0.56	-0.04	0.04	0.25	0.07	-0.01	0.00	2.8	14.1	131	118	0.00	17.5	6.54	271	 46,248 	NA	NA	1.66	0.02	2.74	1.36	0.01	1.13	0.91	0.01	-0.84	1.65	0.02	-2.13
AFS	613131	36225CZP4	Agency MBS ARM	A-3-Q	GOVERNMENT NATIONAL MORTGAGE A	0.00564309	4.75	10/1/2033	24250000	 136,845 	 27,036.22 	138771.79	139755.87	101.4081	102.1271827	984.09	12/31/2025	Model2501	100	LMMSOFRFLAT	RFRSwap	4.35	1.06	0.12	0.011	 15 	0.79	-0.17	0.09	0.21	0.08	-0.01	0.00	3.0	13.2	84	68	0.01	17.4	5.83	268	 45,171 	NA	NA	1.69	0.02	2.83	1.34	0.01	1.20	1.28	0.01	-1.13	1.78	0.02	-2.68
AFS	613603	36225D2D5	Agency MBS ARM	A-3-Q	GOVERNMENT NATIONAL MORTGAGE A	0.01528772	5.625	4/1/2036	27704587	 423,540 	 136,168.79 	423539.97	424972.93	100	100.3383302	1432.96	12/31/2025	Model2501	100	LMMSOFRFLAT	RFRSwap	5.19	0.75	0.69	0.008	 32 	0.40	0.01	-0.08	0.16	0.17	-0.01	0.00	3.7	12.6	159	139	0.02	16.6	6.26	237	 110,053 	NA	NA	1.60	0.02	2.74	1.44	0.01	1.17	0.53	0.01	-0.56	1.29	0.01	-1.39
AFS	614836	36225D6U3	Agency MBS ARM	A-3-Q	GOVERNMENT NATIONAL MORTGAGE A	0.01644632	4.75	10/1/2036	15271017	 251,152 	 25,693.81 	255975.85	257266.39	101.9207	102.4345241	1290.54	12/31/2025	Model2501	100	LMMSOFRFLAT	RFRSwap	4.51	1.05	0.08	0.011	 27 	0.82	-0.19	0.09	0.11	0.16	-0.03	-0.01	3.7	13.4	90	67	0.02	16.8	5.85	232	 88,073 	NA	NA	1.47	0.02	2.65	1.27	0.01	1.17	1.31	0.01	-1.15	1.89	0.02	-2.77
AFS	614825	36225D6X7	Agency MBS ARM	A-3-Q	GOVERNMENT NATIONAL MORTGAGE A	0.00468001	4.75	10/1/2036	8761243	 41,003 	 1,389.83 	41661.86	41273.69	101.6076	100.6609043	-388.16	12/31/2025	Model2501	100	LMMSOFRFLAT	RFRSwap	5.12	1.15	0.17	0.012	 5 	0.86	-0.25	0.05	0.11	0.26	0.00	0.00	4.3	9.2	149	123	0.00	22.1	5.88	231	 43,098 	NA	NA	2.09	0.02	3.25	1.55	0.02	1.33	1.39	0.01	-1.20	1.99	0.02	-2.89
AFS	614493	36225DEQ3	Agency MBS ARM	A-3-Q	GOVERNMENT NATIONAL MORTGAGE A	0.00685465	5.375	8/1/2034	16159979	 110,771 	 14,752.83 	112384.71	112593.08	101.4568	101.6449079	208.37	12/31/2025	Model2501	100	LMMSOFRFLAT	RFRSwap	4.66	0.89	0.23	0.009	 10 	0.59	-0.05	0.03	0.22	0.10	-0.01	0.00	3.3	12.0	112	95	0.01	17.9	6.07	258	 49,069 	NA	NA	1.77	0.02	2.88	1.45	0.01	1.18	0.90	0.01	-0.84	1.59	0.02	-2.08
AFS	614775	36225DF82	Agency MBS ARM	A-3-Q	GOVERNMENT NATIONAL MORTGAGE A	0.01295145	4.75	10/1/2034	23462810	 303,877 	 24,039.80 	309226.65	310734.83	101.7603	102.2566399	1508.18	12/31/2025	Model2501	100	LMMSOFRFLAT	RFRSwap	4.43	1.10	0.09	0.011	 34 	0.81	-0.18	0.08	0.19	0.13	-0.01	0.00	3.3	12.4	88	70	0.01	15.1	5.83	255	 52,455 	NA	NA	1.67	0.02	2.85	1.35	0.01	1.23	1.36	0.01	-1.19	1.96	0.02	-2.86
AFS	613380	36225DFV1	Agency MBS ARM	A-3-Q	GOVERNMENT NATIONAL MORTGAGE A	0.00543061	5.375	9/1/2034	15001500	 81,467 	 6,599.66 	82842.97	82212.55	101.6886	100.9147931	-630.41	12/31/2025	Model2501	100	LMMSOFRFLAT	RFRSwap	4.90	0.89	0.23	0.009	 7 	0.59	-0.05	0.03	0.21	0.10	-0.01	0.00	3.2	13.0	136	120	0.01	18.8	6.10	257	 62,683 	NA	NA	1.76	0.02	2.84	1.44	0.01	1.17	0.90	0.01	-0.83	1.59	0.02	-2.06
AFS	613688	36225DGA6	Agency MBS ARM	A-3-Q	GOVERNMENT NATIONAL MORTGAGE A	0.01360602	4.75	10/1/2034	30901496	 420,446 	 48,527.66 	427823.36	429897.64	101.7546	102.2479135	2074.28	12/31/2025	Model2501	100	LMMSOFRFLAT	RFRSwap	4.43	1.07	0.11	0.011	 46 	0.79	-0.19	0.07	0.18	0.13	-0.01	0.00	3.3	11.4	88	69	0.01	15.2	5.82	256	 52,915 	NA	NA	1.71	0.02	2.86	1.35	0.01	1.21	1.31	0.01	-1.15	1.86	0.02	-2.75
AFS	614140	36225DHM9	Agency MBS ARM	A-3-Q	GOVERNMENT NATIONAL MORTGAGE A	0.00940463	4.75	11/1/2034	49001600	 460,842 	 81,556.21 	469157.35	471242.34	101.8044	102.2568314	2085	12/31/2025	Model2501	100	LMMSOFRFLAT	RFRSwap	4.43	1.08	0.12	0.011	 51 	0.80	-0.19	0.07	0.18	0.13	-0.01	0.00	3.3	12.5	88	69	0.01	16.6	5.83	255	 45,793 	NA	NA	1.75	0.02	2.90	1.37	0.01	1.22	1.32	0.01	-1.16	1.89	0.02	-2.78
AFS	614616	36225DHN7	Agency MBS ARM	A-3-Q	GOVERNMENT NATIONAL MORTGAGE A	0.01103364	5.25	11/1/2034	1000100	 11,035 	 535.72 	11267.64	11318.85	102.1106	102.5746593	51.21	12/31/2025	Model2501	100	LMMSOFRFLAT	RFRSwap	4.84	1.10	0.07	0.011	 1 	0.81	-0.18	0.08	0.19	0.13	-0.02	0.00	3.4	11.7	127	110	0.01	16.0	6.07	255	 57,299 	NA	NA	1.62	0.02	2.81	1.33	0.01	1.22	1.37	0.01	-1.20	1.96	0.02	-2.88
AFS	612513	36225DHZ0	Agency MBS ARM	A-3-Q	GOVERNMENT NATIONAL MORTGAGE A	0.0078528	4.75	11/1/2034	12175346	 95,611 	 36,191.12 	97411.39	95875.4	101.8835	100.277003	-1536	12/31/2025	Model2501	100	LMMSOFRFLAT	RFRSwap	4.98	0.66	0.08	0.007	 6 	0.50	-0.12	0.04	0.11	0.08	0.00	0.00	2.0	11.5	141	123	0.00	19.5	5.88	255	 36,779 	NA	NA	1.12	0.01	1.77	0.86	0.01	0.74	0.79	0.01	-0.69	1.10	0.01	-1.64
AFS	614538	36225DJJ4	Agency MBS ARM	A-3-Q	GOVERNMENT NATIONAL MORTGAGE A	0.01553279	4.75	12/1/2034	42983546	 667,654 	 35,747.83 	679814.9	682776.23	101.8214	102.2649193	2961.33	12/31/2025	Model2501	100	LMMSOFRFLAT	RFRSwap	4.41	1.07	0.06	0.011	 73 	0.80	-0.17	0.08	0.18	0.12	-0.02	0.00	3.2	13.7	85	67	0.02	14.5	5.80	254	 73,909 	NA	NA	1.50	0.02	2.67	1.27	0.01	1.18	1.33	0.01	-1.16	1.92	0.02	-2.80
AFS	614092	36225DJZ8	Agency MBS ARM	A-3-Q	GOVERNMENT NATIONAL MORTGAGE A	0.01579612	4.75	12/1/2034	7997000	 126,322 	 14,435.04 	128547.08	129169.43	101.7618	102.2544507	622.35	12/31/2025	Model2501	100	LMMSOFRFLAT	RFRSwap	4.42	1.08	0.12	0.011	 14 	0.81	-0.19	0.08	0.18	0.12	-0.01	0.00	3.3	12.7	88	69	0.02	14.8	5.71	254	 41,750 	NA	NA	1.75	0.02	2.90	1.37	0.01	1.23	1.31	0.01	-1.15	1.84	0.02	-2.75
AFS	614471	36225DKN3	Agency MBS ARM	A-3-Q	GOVERNMENT NATIONAL MORTGAGE A	0.00796491	5.625	1/1/2035	31303122	 249,327 	 34,287.25 	252569.76	253379.8	101.3008	101.6256781	810.04	12/31/2025	Model2501	100	LMMSOFRFLAT	RFRSwap	4.69	0.47	0.94	0.005	 12 	0.14	-0.12	-0.08	0.19	0.14	-0.01	0.00	3.5	11.0	111	93	0.01	17.4	6.35	253	 51,664 	NA	NA	1.74	0.02	2.64	1.37	0.01	1.02	0.32	0.00	-0.32	1.23	0.01	-0.99
AFS	612669	36225DLA0	Agency MBS ARM	A-3-Q	GOVERNMENT NATIONAL MORTGAGE A	0.01889921	5.625	1/1/2035	18661064	 352,679 	 34,633.59 	357222.9	358405.63	101.2883	101.6236466	1182.74	12/31/2025	Model2501	100	LMMSOFRFLAT	RFRSwap	4.67	0.47	0.94	0.005	 17 	0.14	-0.11	-0.07	0.18	0.13	-0.01	0.00	3.4	12.1	110	92	0.02	14.1	6.22	253	 46,587 	NA	NA	1.75	0.02	2.63	1.37	0.01	1.01	0.29	0.00	-0.30	1.16	0.01	-0.92
AFS	614544	36225DLR3	Agency MBS ARM	A-3-Q	GOVERNMENT NATIONAL MORTGAGE A	0.01134438	5.625	2/1/2035	14101305	 159,971 	 15,826.56 	162566.73	162581.5	101.6229	101.6321384	14.77	12/31/2025	Model2501	100	LMMSOFRFLAT	RFRSwap	4.65	0.47	0.86	0.005	 8 	0.14	-0.10	-0.07	0.18	0.14	-0.01	0.00	3.3	12.3	107	89	0.01	16.1	6.33	252	 52,597 	NA	NA	1.62	0.02	2.49	1.30	0.01	0.98	0.36	0.00	-0.34	1.28	0.01	-1.04
AFS	613150	36225DLT9	Agency MBS ARM	A-3-Q	GOVERNMENT NATIONAL MORTGAGE A	0.0081737	5.625	2/1/2035	7031592	 57,474 	 3,223.55 	58230.53	58412.27	101.3161	101.6322998	181.74	12/31/2025	Model2501	100	LMMSOFRFLAT	RFRSwap	4.68	0.47	0.93	0.005	 3 	0.14	-0.11	-0.07	0.19	0.14	-0.01	0.00	3.5	11.8	110	93	0.01	17.4	6.34	252	 45,596 	NA	NA	1.71	0.02	2.60	1.36	0.01	1.01	0.33	0.00	-0.32	1.22	0.01	-0.99
AFS	612904	36225DM84	Agency MBS ARM	A-3-Q	GOVERNMENT NATIONAL MORTGAGE A	0.02624224	5.625	3/1/2035	28000000	 734,783 	 64,788.53 	744465.49	746812.88	101.3178	101.6372406	2347.39	12/31/2025	Model2501	100	LMMSOFRFLAT	RFRSwap	4.65	0.46	0.92	0.005	 34 	0.14	-0.10	-0.06	0.17	0.13	-0.01	0.00	3.3	12.9	108	91	0.03	13.0	6.23	251	 46,040 	NA	NA	1.70	0.02	2.56	1.33	0.01	0.99	0.29	0.00	-0.30	1.14	0.01	-0.91
AFS	614255	36225DMA9	Agency MBS ARM	A-3-Q	GOVERNMENT NATIONAL MORTGAGE A	0.01504521	5.625	2/1/2035	19149865	 288,114 	 20,473.90 	292756.33	292810.76	101.6114	101.6302655	54.42	12/31/2025	Model2501	100	LMMSOFRFLAT	RFRSwap	4.68	0.46	0.94	0.005	 14 	0.14	-0.11	-0.07	0.18	0.13	-0.01	0.00	3.4	11.9	110	93	0.01	15.1	6.21	252	 46,466 	NA	NA	1.72	0.02	2.60	1.36	0.01	1.01	0.29	0.00	-0.30	1.16	0.01	-0.92
AFS	614638	36225DNR1	Agency MBS ARM	A-3-Q	GOVERNMENT NATIONAL MORTGAGE A	0.01129292	5.625	4/1/2035	55677400	 628,760 	 72,305.73 	628760.42	639935.3	100	101.7772868	11174.88	12/31/2025	Model2501	100	LMMSOFRFLAT	RFRSwap	4.69	0.78	0.64	0.008	 50 	0.40	0.02	-0.07	0.20	0.15	-0.01	0.00	3.5	11.5	112	93	0.01	16.2	6.29	250	 60,778 	NA	NA	1.66	0.02	2.83	1.45	0.02	1.20	0.62	0.01	-0.63	1.48	0.01	-1.61
AFS	614270	36225DPX6	Agency MBS ARM	A-3-Q	GOVERNMENT NATIONAL MORTGAGE A	0.00893011	5.625	5/1/2035	122298439	 1,092,139 	 67,267.46 	1092138.51	1111624.87	100	101.7842383	19486.36	12/31/2025	Model2501	100	LMMSOFRFLAT	RFRSwap	4.70	0.77	0.67	0.008	 86 	0.40	0.02	-0.07	0.19	0.14	-0.01	0.00	3.6	11.5	112	93	0.01	17.4	6.31	249	 70,843 	NA	NA	1.70	0.02	2.86	1.47	0.02	1.20	0.58	0.01	-0.61	1.39	0.01	-1.52
AFS	612890	36225DPY4	Agency MBS ARM	A-3-Q	GOVERNMENT NATIONAL MORTGAGE A	0.01816843	6.125	5/1/2035	2000000	 36,337 	 1,468.51 	36336.86	36916.42	100	101.5949512	579.56	12/31/2025	Model2501	100	LMMSOFRFLAT	RFRSwap	5.23	0.77	0.62	0.008	 3 	0.40	0.03	-0.06	0.19	0.14	-0.01	0.00	3.5	12.6	165	148	0.02	14.5	6.68	249	 89,579 	NA	NA	1.56	0.02	2.72	1.41	0.01	1.17	0.62	0.01	-0.62	1.45	0.01	-1.58
AFS	612671	36225DQW7	Agency MBS ARM	A-3-Q	GOVERNMENT NATIONAL MORTGAGE A	0.00904146	5.625	6/1/2035	56790671	 513,471 	 140,280.36 	513470.58	514418.8	100	100.184669	948.23	12/31/2025	Model2501	100	LMMSOFRFLAT	RFRSwap	5.21	0.77	0.70	0.008	 40 	0.40	0.01	-0.08	0.20	0.16	0.00	0.00	3.6	11.7	163	145	0.01	17.4	6.32	248	 59,001 	NA	NA	1.80	0.02	2.91	1.52	0.02	1.20	0.57	0.01	-0.59	1.40	0.01	-1.49
AFS	613614	36225DRX4	Agency MBS ARM	A-3-Q	GOVERNMENT NATIONAL MORTGAGE A	0.01310184	5.375	7/1/2035	24559505	 321,775 	 25,148.71 	327521.47	327310.12	101.786	101.7202756	-211.35	12/31/2025	Model2501	100	LMMSOFRFLAT	RFRSwap	4.69	0.88	0.21	0.009	 29 	0.58	-0.05	0.02	0.19	0.14	-0.01	0.00	3.4	12.2	111	92	0.01	16.1	6.06	247	 53,842 	NA	NA	1.68	0.02	2.78	1.40	0.01	1.16	0.93	0.01	-0.85	1.66	0.02	-2.14
AFS	613965	36225DSE5	Agency MBS ARM	A-3-Q	GOVERNMENT NATIONAL MORTGAGE A	0.01525602	5.375	7/1/2035	9835021	 150,043 	 27,043.66 	153132.87	152623.04	102.0591	101.7193467	-509.82	12/31/2025	Model2501	100	LMMSOFRFLAT	RFRSwap	4.73	0.90	0.24	0.009	 14 	0.60	-0.05	0.01	0.19	0.15	-0.01	0.00	3.6	11.3	115	95	0.02	15.5	6.01	247	 74,865 	NA	NA	1.82	0.02	2.94	1.47	0.02	1.20	0.93	0.01	-0.85	1.67	0.02	-2.15
AFS	614588	36225DSJ4	Agency MBS ARM	A-3-Q	GOVERNMENT NATIONAL MORTGAGE A	0.01750313	5.375	7/1/2035	12861664	 225,119 	 15,205.63 	229177.14	228990.7	101.8025	101.7196736	-186.44	12/31/2025	Model2501	100	LMMSOFRFLAT	RFRSwap	4.68	0.87	0.22	0.009	 20 	0.58	-0.05	0.02	0.18	0.13	-0.01	0.00	3.4	12.6	111	92	0.02	15.2	6.03	247	 67,111 	NA	NA	1.70	0.02	2.79	1.40	0.01	1.15	0.89	0.01	-0.82	1.58	0.02	-2.05
AFS	613622	36225DSW5	Agency MBS ARM	A-3-Q	GOVERNMENT NATIONAL MORTGAGE A	0.00986253	5.375	8/1/2035	27608988	 272,294 	 72,070.96 	277156.05	273286.23	101.7854	100.3642221	-3869.82	12/31/2025	Model2501	100	LMMSOFRFLAT	RFRSwap	5.15	0.91	0.23	0.009	 25 	0.60	-0.06	0.01	0.19	0.16	0.00	0.00	3.6	12.2	156	138	0.01	17.2	6.06	246	 57,177 	NA	NA	1.78	0.02	2.88	1.47	0.01	1.18	0.96	0.01	-0.86	1.73	0.02	-2.18
AFS	613755	36225DTV6	Agency MBS ARM	A-3-Q	GOVERNMENT NATIONAL MORTGAGE A	0.00688676	5.375	9/1/2035	25351957	 174,593 	 30,295.64 	177737.69	175704.27	101.8012	100.6365816	-2033.42	12/31/2025	Model2501	100	LMMSOFRFLAT	RFRSwap	5.07	0.91	0.22	0.009	 16 	0.60	-0.06	0.01	0.19	0.16	-0.01	0.00	3.6	11.9	148	129	0.01	18.8	6.00	245	 58,217 	NA	NA	1.74	0.02	2.85	1.45	0.01	1.18	0.96	0.01	-0.86	1.73	0.02	-2.18
AFS	613654	36225DYY4	Agency MBS ARM	A-3-Q	GOVERNMENT NATIONAL MORTGAGE A	0.01146673	5.625	2/1/2036	10279979	 117,878 	 5,556.50 	119525.56	118767.24	101.3979	100.7545909	-758.32	12/31/2025	Model2501	100	LMMSOFRFLAT	RFRSwap	5.04	0.46	0.99	0.005	 6 	0.13	-0.13	-0.10	0.14	0.20	-0.01	0.00	3.9	10.5	142	121	0.01	17.5	6.25	240	 73,728 	NA	NA	1.82	0.02	2.70	1.42	0.01	1.03	0.28	0.00	-0.29	1.18	0.01	-0.90
AFS	614370	36225E2K7	Agency MBS ARM	A-3-Q	GOVERNMENT NATIONAL MORTGAGE A	0.03464517	5.375	7/1/2040	46009211	 1,593,997 	 182,216.96 	1618899.35	1625160.26	101.5623	101.9550428	6260.91	12/31/2025	Model2501	100	LMMSOFRFLAT	RFRSwap	4.92	1.01	0.04	0.010	 164 	0.59	-0.04	0.00	0.12	0.29	0.03	-0.01	4.6	11.8	114	87	0.03	17.0	5.72	186	 123,346 	NA	NA	1.09	0.01	2.40	1.25	0.01	1.16	1.26	0.01	-1.07	2.36	0.02	-2.87
AFS	613440	36225E5L2	Agency MBS ARM	A-3-Q	GOVERNMENT NATIONAL MORTGAGE A	0.02433771	4.75	10/1/2040	109991402	 2,676,939 	 228,583.00 	2732325.58	2747758.23	102.069	102.6455363	15432.65	12/31/2025	Model2501	100	LMMSOFRFLAT	RFRSwap	4.74	1.23	-0.07	0.013	 339 	0.81	-0.19	0.07	0.09	0.32	0.04	-0.02	4.8	11.5	96	67	0.02	19.1	5.53	184	 118,385 	NA	NA	1.29	0.01	2.68	1.29	0.01	1.28	1.70	0.02	-1.43	2.62	0.03	-3.61
AFS	613531	36225E5Z1	Agency MBS ARM	A-3-Q	GOVERNMENT NATIONAL MORTGAGE A	0.02887517	4.75	11/1/2040	121435126	 3,506,460 	 273,535.33 	3591826.69	3579488.22	102.4346	102.0826793	-12338.46	12/31/2025	Model2501	100	LMMSOFRFLAT	RFRSwap	4.88	1.21	-0.10	0.012	 434 	0.81	-0.20	0.07	0.09	0.31	0.04	-0.02	4.7	11.4	109	81	0.03	18.4	5.59	183	 133,480 	NA	NA	1.11	0.01	2.48	1.21	0.01	1.23	1.70	0.02	-1.41	2.64	0.03	-3.59
AFS	614277	36225EAR3	Agency MBS ARM	A-3-Q	GOVERNMENT NATIONAL MORTGAGE A	0.0110501	4.75	12/1/2036	9739215	 107,619 	 3,696.20 	109824.97	108090.21	102.0495	100.4375694	-1734.77	12/31/2025	Model2501	100	LMMSOFRFLAT	RFRSwap	5.14	1.11	0.14	0.011	 12 	0.84	-0.23	0.06	0.12	0.21	0.00	0.00	3.9	12.0	152	129	0.01	18.7	5.81	231	 60,348 	NA	NA	1.84	0.02	2.99	1.44	0.01	1.26	1.36	0.01	-1.17	1.94	0.02	-2.81
AFS	613616	36225EBB7	Agency MBS ARM	A-3-Q	GOVERNMENT NATIONAL MORTGAGE A	0.00918147	5.625	1/1/2037	28513699	 261,798 	 10,864.28 	266636.58	260748.14	101.8483	99.5991051	-5888.44	12/31/2025	Model2501	100	LMMSOFRFLAT	RFRSwap	5.41	0.44	0.95	0.004	 12 	0.13	-0.13	-0.10	0.12	0.20	0.00	0.00	3.7	13.2	177	156	0.01	19.6	6.38	230	 103,870 	NA	NA	1.60	0.02	2.46	1.33	0.01	0.97	0.27	0.00	-0.27	1.15	0.01	-0.85
AFS	613460	36225ECR1	Agency MBS ARM	A-3-Q	GOVERNMENT NATIONAL MORTGAGE A	0.01028449	5.625	4/1/2037	28921006	 297,438 	 149,256.06 	297437.8	298429.97	100	100.3335723	992.17	12/31/2025	Model2501	100	LMMSOFRFLAT	RFRSwap	5.23	0.77	0.72	0.008	 23 	0.40	0.01	-0.10	0.14	0.21	0.00	0.00	4.0	12.0	160	137	0.01	19.4	6.38	226	 67,020 	NA	NA	1.80	0.02	2.93	1.53	0.02	1.21	0.53	0.01	-0.57	1.32	0.01	-1.40
AFS	614535	36225EFG2	Agency MBS ARM	A-3-Q	GOVERNMENT NATIONAL MORTGAGE A	0.01839124	4.75	10/1/2037	31563183	 580,486 	 22,141.54 	591406.43	586757.95	101.8812	101.0804522	-4648.48	12/31/2025	Model2501	100	LMMSOFRFLAT	RFRSwap	5.06	1.14	0.14	0.012	 67 	0.86	-0.25	0.05	0.09	0.26	0.01	0.00	4.5	9.0	139	111	0.02	17.4	5.83	220	 78,262 	NA	NA	1.92	0.02	3.12	1.49	0.02	1.30	1.40	0.01	-1.21	2.03	0.02	-2.93
AFS	614667	36225ENJ7	Agency MBS ARM	A-3-Q	GOVERNMENT NATIONAL MORTGAGE A	0.00512717	4.75	10/1/2038	30500000	 156,379 	 4,300.74 	159833.43	157708.45	102.2092	100.8503521	 (2,124.98)	12/31/2025	Model2501	100	LMMSOFRFLAT	RFRSwap	5.11	1.10	0.09	0.011	 17 	0.85	-0.23	0.06	0.10	0.20	0.01	-0.01	4.3	11.7	143	115	0.01	24.4	5.84	208	 132,270 	NA	NA	1.45	0.02	2.69	1.32	0.01	1.20	1.38	0.01	-1.18	2.02	0.02	-2.87
AFS	613529	36225FBF5	Agency MBS ARM	A-3-Q	GOVERNMENT NATIONAL MORTGAGE A	0.02791377	5.625	2/1/2041	57499000	 1,605,014 	 85,968.57 	1645710.97	1635693.79	102.5356	101.9115057	 (10,017.18)	12/31/2025	Model2501	100	LMMSOFRFLAT	RFRSwap	4.93	0.61	0.71	0.006	 101 	0.15	-0.11	-0.10	0.09	0.31	0.05	-0.01	4.7	11.6	113	85	0.03	18.9	6.15	180	 137,678 	NA	NA	1.21	0.01	2.32	1.24	0.01	1.04	0.68	0.01	-0.57	1.91	0.02	-1.76
AFS	612172	36225FF53	Agency MBS ARM	A-3-Q	GOVERNMENT NATIONAL MORTGAGE A	0.02773069	5.375	7/1/2041	24999000	 693,240 	 34,452.17 	712260.75	706948.16	102.7438	101.9774758	 (5,312.58)	12/31/2025	Model2501	100	LMMSOFRFLAT	RFRSwap	4.98	1.06	0.06	0.011	 75 	0.59	-0.04	0.00	0.12	0.30	0.05	-0.02	4.9	11.8	116	87	0.03	19.5	5.75	174	 123,449 	NA	NA	1.15	0.01	2.54	1.32	0.01	1.22	1.32	0.01	-1.12	2.48	0.02	-3.01
