CUSIP,field,excel,api,delta,status
3136BDL55,Forward Yield,4.31,4.291797,-0.018203,mismatch
3136BDL55,Effective Duration,8.6,8.657649,0.057649,mismatch
3136BDL55,Effective Convexity,0.39,0.391521,0.001521,ok
3136BDL55,Effective DV01,0.067,0.067412,0.000412,ok
3136BDL55,Dollar Duration,51082.0,,,api_missing
3136BDL55,1YR,0.04,0.026500,-0.013500,mismatch
3136BDL55,2YR,0.06,0.061000,0.001000,ok
3136BDL55,3YR,0.17,0.165600,-0.004400,ok
3136BDL55,5YR,0.92,0.918600,-0.001400,ok
3136BDL55,10YR,3.55,3.590300,0.040300,mismatch
3136BDL55,20YR,3.53,3.562900,0.032900,mismatch
3136BDL55,30YR,0.36,0.364400,0.004400,ok
3136BDL55,Average Life,9.7,9.745200,0.045200,mismatch
3136BDL55,LT CPR,4.8,,,api_missing
3136BDL55,OAS,20.0,17.555600,-2.444400,mismatch
3136BDL55,Z-Spread,48.0,45.722912,-2.277088,mismatch
3136BDL55,Factor,0.76,0.748338,-0.011662,mismatch
3136BDL55,Life CPR,3.1,,,api_missing
3136BDL55,GWAC,,,,both_missing
3136BDL55,WALA,,,,both_missing
3136BDL55,WALS,,,,both_missing
3136BDL55,MaxServicerName,,,,ok
3136BDL55,MaxServicerPercent,,,,ok
3136BDL55,Eff. Dur,7.39,7.355300,-0.034700,mismatch
3136BDL55,DV01,0.07,0.067433,-0.002567,ok
3136BDL55,Dollar Return,13.68,13.892655,0.212655,mismatch
3136BDL55,Eff. Dur.1,8.12,7.374700,-0.745300,mismatch
3136BDL55,DV01.1,0.07,0.062549,-0.007451,ok
3136BDL55,Dollar Return.1,6.82,7.074995,0.254995,mismatch
3136BDL55,Eff. Dur.2,8.99,7.390700,-1.599300,mismatch
3136BDL55,DV01.2,0.06,0.052790,-0.007210,ok
3136BDL55,Dollar Return.2,-6.57,-6.222327,0.347673,mismatch
3136BDL55,Eff. Dur.3,9.08,7.433300,-1.646700,mismatch
3136BDL55,DV01.3,0.06,0.048498,-0.011502,mismatch
3136BDL55,Dollar Return.3,-12.76,-12.363187,0.396813,mismatch
3136BDM39,Forward Yield,4.77,4.753183,-0.016817,mismatch
3136BDM39,Effective Duration,8.76,8.806859,0.046859,mismatch
3136BDM39,Effective Convexity,0.57,0.562128,-0.007872,ok
3136BDM39,Effective DV01,0.067,0.067056,0.000056,ok
3136BDM39,Dollar Duration,25081.0,,,api_missing
3136BDM39,1YR,0.04,0.022500,-0.017500,mismatch
3136BDM39,2YR,0.06,0.058900,-0.001100,ok
3136BDM39,3YR,0.16,0.160700,0.000700,ok
3136BDM39,5YR,0.9,0.906400,0.006400,ok
3136BDM39,10YR,3.55,3.585700,0.035700,mismatch
3136BDM39,20YR,3.65,3.683200,0.033200,mismatch
3136BDM39,30YR,0.42,0.420100,0.000100,ok
3136BDM39,Average Life,10.0,10.095600,0.095600,mismatch
3136BDM39,LT CPR,4.4,,,api_missing
3136BDM39,OAS,66.0,63.443900,-2.556100,mismatch
3136BDM39,Z-Spread,95.0,92.925270,-2.074730,mismatch
3136BDM39,Factor,0.75,0.743457,-0.006543,ok
3136BDM39,Life CPR,3.3,,,api_missing
3136BDM39,GWAC,2.89,,,api_missing
3136BDM39,WALA,61.0,,,api_missing
3136BDM39,WALS,577139.0,,,api_missing
3136BDM39,MaxServicerName,,,,ok
3136BDM39,MaxServicerPercent,,,,ok
3136BDM39,Eff. Dur,7.57,7.349100,-0.220900,mismatch
3136BDM39,DV01,0.07,0.066203,-0.003797,ok
3136BDM39,Dollar Return,13.71,13.993739,0.283739,mismatch
3136BDM39,Eff. Dur.1,8.27,7.442800,-0.827200,mismatch
3136BDM39,DV01.1,0.07,0.061920,-0.008080,ok
3136BDM39,Dollar Return.1,6.82,7.123668,0.303668,mismatch
3136BDM39,Eff. Dur.2,9.02,7.485900,-1.534100,mismatch
3136BDM39,DV01.2,0.06,0.052310,-0.007690,ok
3136BDM39,Dollar Return.2,-6.49,-6.157348,0.332652,mismatch
3136BDM39,Eff. Dur.3,9.05,7.499600,-1.550400,mismatch
3136BDM39,DV01.3,0.06,0.047860,-0.012140,mismatch
3136BDM39,Dollar Return.3,-12.55,-12.202702,0.347298,mismatch
3136BDV54,Forward Yield,5.06,5.039136,-0.020864,mismatch
3136BDV54,Effective Duration,7.79,7.800525,0.010525,mismatch
3136BDV54,Effective Convexity,0.15,0.132645,-0.017355,mismatch
3136BDV54,Effective DV01,0.06,0.060310,0.000310,ok
3136BDV54,Dollar Duration,16136.0,,,api_missing
3136BDV54,1YR,0.07,0.051000,-0.019000,mismatch
3136BDV54,2YR,0.1,0.092800,-0.007200,ok
3136BDV54,3YR,0.23,0.224900,-0.005100,ok
3136BDV54,5YR,1.07,1.072100,0.002100,ok
3136BDV54,10YR,3.29,3.308800,0.018800,mismatch
3136BDV54,20YR,2.73,2.748000,0.018000,mismatch
3136BDV54,30YR,0.34,0.342100,0.002100,ok
3136BDV54,Average Life,8.2,8.238700,0.038700,mismatch
3136BDV54,LT CPR,7.5,,,api_missing
3136BDV54,OAS,96.0,93.623300,-2.376700,mismatch
3136BDV54,Z-Spread,136.0,132.776993,-3.223007,mismatch
3136BDV54,Factor,0.63,0.613128,-0.016872,mismatch
3136BDV54,Life CPR,6.7,,,api_missing
3136BDV54,GWAC,2.88,,,api_missing
3136BDV54,WALA,61.0,,,api_missing
3136BDV54,WALS,274809.0,,,api_missing
3136BDV54,MaxServicerName,,,,ok
3136BDV54,MaxServicerPercent,,,,ok
3136BDV54,Eff. Dur,6.59,5.739100,-0.850900,mismatch
3136BDV54,DV01,0.06,0.051402,-0.008598,ok
3136BDV54,Dollar Return,12.03,12.297497,0.267497,mismatch
3136BDV54,Eff. Dur.1,7.23,5.789400,-1.440600,mismatch
3136BDV54,DV01.1,0.06,0.048404,-0.011596,mismatch
3136BDV54,Dollar Return.1,6.05,6.357270,0.307270,mismatch
3136BDV54,Eff. Dur.2,8.5,5.968600,-2.531400,mismatch
3136BDV54,DV01.2,0.06,0.042720,-0.017280,mismatch
3136BDV54,Dollar Return.2,-6.04,-5.644806,0.395194,mismatch
3136BDV54,Eff. Dur.3,9.02,6.177600,-2.842400,mismatch
3136BDV54,DV01.3,0.06,0.040518,-0.019482,mismatch
3136BDV54,Dollar Return.3,-12.06,-11.616059,0.443941,mismatch
3136BFCB7,Forward Yield,4.7,4.674963,-0.025037,mismatch
3136BFCB7,Effective Duration,8.86,8.902035,0.042035,mismatch
3136BFCB7,Effective Convexity,0.64,0.632900,-0.007100,ok
3136BFCB7,Effective DV01,0.066,0.066657,0.000657,ok
3136BFCB7,Dollar Duration,12905.0,,,api_missing
3136BFCB7,1YR,0.04,0.022900,-0.017100,mismatch
3136BFCB7,2YR,0.06,0.060000,0.000000,ok
3136BFCB7,3YR,0.16,0.154000,-0.006000,ok
3136BFCB7,5YR,0.9,0.899700,-0.000300,ok
3136BFCB7,10YR,3.64,3.666100,0.026100,mismatch
3136BFCB7,20YR,3.69,3.716700,0.026700,mismatch
3136BFCB7,30YR,0.41,0.411000,0.001000,ok
3136BFCB7,Average Life,10.0,10.016300,0.016300,mismatch
3136BFCB7,LT CPR,4.3,,,api_missing
3136BFCB7,OAS,59.0,56.433800,-2.566200,mismatch
3136BFCB7,Z-Spread,88.0,85.506874,-2.493126,mismatch
3136BFCB7,Factor,0.77,0.767551,-0.002449,ok
3136BFCB7,Life CPR,2.7,,,api_missing
3136BFCB7,GWAC,2.72,,,api_missing
3136BFCB7,WALA,61.0,,,api_missing
3136BFCB7,WALS,555649.0,,,api_missing
3136BFCB7,MaxServicerName,,,,ok
3136BFCB7,MaxServicerPercent,,,,ok
3136BFCB7,Eff. Dur,7.77,7.448300,-0.321700,mismatch
3136BFCB7,DV01,0.07,0.066159,-0.003841,ok
3136BFCB7,Dollar Return,13.74,13.999487,0.259487,mismatch
3136BFCB7,Eff. Dur.1,8.41,7.483200,-0.926800,mismatch
3136BFCB7,DV01.1,0.07,0.061286,-0.008714,ok
3136BFCB7,Dollar Return.1,6.81,7.094977,0.284977,mismatch
3136BFCB7,Eff. Dur.2,9.09,7.520100,-1.569900,mismatch
3136BFCB7,DV01.2,0.06,0.051630,-0.008370,ok
3136BFCB7,Dollar Return.2,-6.44,-6.108472,0.331528,mismatch
3136BFCB7,Eff. Dur.3,9.09,7.517900,-1.572100,mismatch
3136BFCB7,DV01.3,0.06,0.047117,-0.012883,mismatch
3136BFCB7,Dollar Return.3,-12.42,-12.073646,0.346354,mismatch
3136BR3G0,Forward Yield,4.54,4.521594,-0.018406,mismatch
3136BR3G0,Effective Duration,1.06,1.203436,0.143436,mismatch
3136BR3G0,Effective Convexity,-1.84,-1.401649,0.438351,mismatch
3136BR3G0,Effective DV01,0.011,0.012299,0.001299,ok
3136BR3G0,Dollar Duration,10036.0,,,api_missing
3136BR3G0,1YR,0.4,0.390100,-0.009900,ok
3136BR3G0,2YR,0.38,0.396000,0.016000,mismatch
3136BR3G0,3YR,0.41,0.428700,0.018700,mismatch
3136BR3G0,5YR,0.38,0.414600,0.034600,mismatch
3136BR3G0,10YR,-0.21,-0.172800,0.037200,mismatch
3136BR3G0,20YR,-0.27,-0.229300,0.040700,mismatch
3136BR3G0,30YR,-0.04,-0.034300,0.005700,ok
3136BR3G0,Average Life,2.5,2.408300,-0.091700,mismatch
3136BR3G0,LT CPR,19.1,,,api_missing
3136BR3G0,OAS,51.0,51.667000,0.667000,mismatch
3136BR3G0,Z-Spread,97.0,95.251671,-1.748329,mismatch
3136BR3G0,Factor,0.72,0.670842,-0.049158,mismatch
3136BR3G0,Life CPR,14.3,,,api_missing
3136BR3G0,GWAC,6.96,,,api_missing
3136BR3G0,WALA,34.0,,,api_missing
3136BR3G0,WALS,228691.0,,,api_missing
3136BR3G0,MaxServicerName,,,,ok
3136BR3G0,MaxServicerPercent,,,,ok
3136BR3G0,Eff. Dur,0.43,0.850000,0.420000,mismatch
3136BR3G0,DV01,0.0,0.008788,0.008788,ok
3136BR3G0,Dollar Return,0.47,1.218942,0.748942,mismatch
3136BR3G0,Eff. Dur.1,-0.09,1.083200,1.173200,mismatch
3136BR3G0,DV01.1,0.0,0.011162,0.011162,mismatch
3136BR3G0,Dollar Return.1,0.36,0.891954,0.531954,mismatch
3136BR3G0,Eff. Dur.2,2.59,2.832800,0.242800,mismatch
3136BR3G0,DV01.2,0.03,0.028524,-0.001476,ok
3136BR3G0,Dollar Return.2,-1.93,-1.427180,0.502820,mismatch
3136BR3G0,Eff. Dur.3,3.52,3.195300,-0.324700,mismatch
3136BR3G0,DV01.3,0.03,0.031246,0.001246,ok
3136BR3G0,Dollar Return.3,-5.0,-4.282900,0.717100,mismatch
3136BR4M6,Forward Yield,4.53,4.450188,-0.079812,mismatch
3136BR4M6,Effective Duration,0.72,0.868100,0.148100,mismatch
3136BR4M6,Effective Convexity,-2.15,-1.478141,0.671859,mismatch
3136BR4M6,Effective DV01,0.007,0.008871,0.001871,ok
3136BR4M6,Dollar Duration,1687.0,,,api_missing
3136BR4M6,1YR,0.42,0.425300,0.005300,ok
3136BR4M6,2YR,0.35,0.373100,0.023100,mismatch
3136BR4M6,3YR,0.34,0.359800,0.019800,mismatch
3136BR4M6,5YR,0.26,0.267800,0.007800,ok
3136BR4M6,10YR,-0.32,-0.276700,0.043300,mismatch
3136BR4M6,20YR,-0.32,-0.266100,0.053900,mismatch
3136BR4M6,30YR,-0.05,-0.039200,0.010800,mismatch
3136BR4M6,Average Life,2.3,2.190200,-0.109800,mismatch
3136BR4M6,LT CPR,19.3,,,api_missing
3136BR4M6,OAS,42.0,38.813900,-3.186100,mismatch
3136BR4M6,Z-Spread,92.0,84.685341,-7.314659,mismatch
3136BR4M6,Factor,0.76,0.697526,-0.062474,mismatch
3136BR4M6,Life CPR,12.1,,,api_missing
3136BR4M6,GWAC,6.96,,,api_missing
3136BR4M6,WALA,25.0,,,api_missing
3136BR4M6,WALS,251046.0,,,api_missing
3136BR4M6,MaxServicerName,,,,ok
3136BR4M6,MaxServicerPercent,,,,ok
3136BR4M6,Eff. Dur,0.44,0.772200,0.332200,mismatch
3136BR4M6,DV01,0.0,0.007964,0.007964,ok
3136BR4M6,Dollar Return,0.18,0.949304,0.769304,mismatch
3136BR4M6,Eff. Dur.1,-0.21,0.908400,1.118400,mismatch
3136BR4M6,DV01.1,0.0,0.009335,0.009335,ok
3136BR4M6,Dollar Return.1,0.04,0.598894,0.558894,mismatch
3136BR4M6,Eff. Dur.2,2.49,2.865500,0.375500,mismatch
3136BR4M6,DV01.2,0.03,0.028936,-0.001064,ok
3136BR4M6,Dollar Return.2,-1.72,-1.140288,0.579712,mismatch
3136BR4M6,Eff. Dur.3,3.48,3.194200,-0.285800,mismatch
3136BR4M6,DV01.3,0.03,0.031374,0.001374,ok
3136BR4M6,Dollar Return.3,-4.74,-3.827165,0.912835,mismatch
3136BSA47,Forward Yield,4.24,4.252245,0.012245,mismatch
3136BSA47,Effective Duration,0.76,0.990465,0.230465,mismatch
3136BSA47,Effective Convexity,-2.06,-1.547347,0.512653,mismatch
3136BSA47,Effective DV01,0.008,0.010035,0.002035,ok
3136BSA47,Dollar Duration,1900.0,,,api_missing
3136BSA47,1YR,0.45,0.456400,0.006400,ok
3136BSA47,2YR,0.33,0.363500,0.033500,mismatch
3136BSA47,3YR,0.27,0.302700,0.032700,mismatch
3136BSA47,5YR,0.18,0.231800,0.051800,mismatch
3136BSA47,10YR,-0.24,-0.172800,0.067200,mismatch
3136BSA47,20YR,-0.23,-0.181100,0.048900,mismatch
3136BSA47,30YR,-0.03,-0.024400,0.005600,ok
3136BSA47,Average Life,1.9,1.959800,0.059800,mismatch
3136BSA47,LT CPR,19.4,,,api_missing
3136BSA47,OAS,17.0,20.346900,3.346900,mismatch
3136BSA47,Z-Spread,68.0,70.216591,2.216591,mismatch
3136BSA47,Factor,0.78,0.716151,-0.063849,mismatch
3136BSA47,Life CPR,11.6,,,api_missing
3136BSA47,GWAC,,,,both_missing
3136BSA47,WALA,,,,both_missing
3136BSA47,WALS,,,,both_missing
3136BSA47,MaxServicerName,,,,ok
3136BSA47,MaxServicerPercent,,,,ok
3136BSA47,Eff. Dur,0.37,0.636500,0.266500,mismatch
3136BSA47,DV01,0.0,0.006510,0.006510,ok
3136BSA47,Dollar Return,0.22,0.963276,0.743276,mismatch
3136BSA47,Eff. Dur.1,-0.2,0.730600,0.930600,mismatch
3136BSA47,DV01.1,0.0,0.007447,0.007447,ok
3136BSA47,Dollar Return.1,0.08,0.628513,0.548513,mismatch
3136BSA47,Eff. Dur.2,2.44,2.777300,0.337300,mismatch
3136BSA47,DV01.2,0.02,0.027771,0.007771,ok
3136BSA47,Dollar Return.2,-1.69,-1.237082,0.452918,mismatch
3136BSA47,Eff. Dur.3,3.49,3.096800,-0.393200,mismatch
3136BSA47,DV01.3,0.03,0.030084,0.000084,ok
3136BSA47,Dollar Return.3,-4.65,-3.972626,0.677374,mismatch
3136BSC29,Forward Yield,4.37,4.357538,-0.012462,mismatch
3136BSC29,Effective Duration,0.61,0.841152,0.231152,mismatch
3136BSC29,Effective Convexity,-2.09,-1.519807,0.570193,mismatch
3136BSC29,Effective DV01,0.006,0.008541,0.002541,ok
3136BSC29,Dollar Duration,2364.0,,,api_missing
3136BSC29,1YR,0.46,0.465600,0.005600,ok
3136BSC29,2YR,0.32,0.358200,0.038200,mismatch
3136BSC29,3YR,0.26,0.286900,0.026900,mismatch
3136BSC29,5YR,0.14,0.181200,0.041200,mismatch
3136BSC29,10YR,-0.3,-0.230800,0.069200,mismatch
3136BSC29,20YR,-0.27,-0.212800,0.057200,mismatch
3136BSC29,30YR,-0.04,-0.029000,0.011000,mismatch
3136BSC29,Average Life,1.9,1.941100,0.041100,mismatch
3136BSC29,LT CPR,19.6,,,api_missing
3136BSC29,OAS,29.0,31.098200,2.098200,mismatch
3136BSC29,Z-Spread,79.0,78.490517,-0.509483,mismatch
3136BSC29,Factor,0.73,0.660194,-0.069806,mismatch
3136BSC29,Life CPR,13.0,,,api_missing
3136BSC29,GWAC,6.99,,,api_missing
3136BSC29,WALA,19.0,,,api_missing
3136BSC29,WALS,279197.0,,,api_missing
3136BSC29,MaxServicerName,,,,ok
3136BSC29,MaxServicerPercent,,,,ok
3136BSC29,Eff. Dur,0.38,0.643100,0.263100,mismatch
3136BSC29,DV01,0.0,0.006586,0.006586,ok
3136BSC29,Dollar Return,0.1,0.871306,0.771306,mismatch
3136BSC29,Eff. Dur.1,-0.24,0.730500,0.970500,mismatch
3136BSC29,DV01.1,0.0,0.007456,0.007456,ok
3136BSC29,Dollar Return.1,-0.04,0.538295,0.578295,mismatch
3136BSC29,Eff. Dur.2,2.36,2.738300,0.378300,mismatch
3136BSC29,DV01.2,0.02,0.027482,0.007482,ok
3136BSC29,Dollar Return.2,-1.58,-1.106712,0.473288,mismatch
3136BSC29,Eff. Dur.3,3.46,3.103600,-0.356400,mismatch
3136BSC29,DV01.3,0.03,0.030280,0.000280,ok
3136BSC29,Dollar Return.3,-4.5,-3.801748,0.698252,mismatch
3136BSC60,Forward Yield,4.25,4.237646,-0.012354,mismatch
3136BSC60,Effective Duration,0.8,0.998535,0.198535,mismatch
3136BSC60,Effective Convexity,-2.06,-1.521089,0.538911,mismatch
3136BSC60,Effective DV01,0.008,0.010116,0.002116,ok
3136BSC60,Dollar Duration,2324.0,,,api_missing
3136BSC60,1YR,0.45,0.453700,0.003700,ok
3136BSC60,2YR,0.33,0.361700,0.031700,mismatch
3136BSC60,3YR,0.27,0.300300,0.030300,mismatch
3136BSC60,5YR,0.19,0.228500,0.038500,mismatch
3136BSC60,10YR,-0.22,-0.162900,0.057100,mismatch
3136BSC60,20YR,-0.22,-0.174900,0.045100,mismatch
3136BSC60,30YR,-0.03,-0.023300,0.006700,ok
3136BSC60,Average Life,1.9,1.941100,0.041100,mismatch
3136BSC60,LT CPR,19.6,,,api_missing
3136BSC60,OAS,18.0,20.289400,2.289400,mismatch
3136BSC60,Z-Spread,69.0,68.833755,-0.166245,mismatch
3136BSC60,Factor,0.73,0.660194,-0.069806,mismatch
3136BSC60,Life CPR,13.0,,,api_missing
3136BSC60,GWAC,6.99,,,api_missing
3136BSC60,WALA,19.0,,,api_missing
3136BSC60,WALS,279197.0,,,api_missing
3136BSC60,MaxServicerName,,,,ok
3136BSC60,MaxServicerPercent,,,,ok
3136BSC60,Eff. Dur,0.39,0.643800,0.253800,mismatch
3136BSC60,DV01,0.0,0.006587,0.006587,ok
3136BSC60,Dollar Return,0.28,1.010679,0.730679,mismatch
3136BSC60,Eff. Dur.1,-0.17,0.731400,0.901400,mismatch
3136BSC60,DV01.1,0.0,0.007456,0.007456,ok
3136BSC60,Dollar Return.1,0.11,0.652493,0.542493,mismatch
3136BSC60,Eff. Dur.2,2.48,2.748600,0.268600,mismatch
3136BSC60,DV01.2,0.02,0.027476,0.007476,ok
3136BSC60,Dollar Return.2,-1.73,-1.251704,0.478296,mismatch
3136BSC60,Eff. Dur.3,3.54,3.116300,-0.423700,mismatch
3136BSC60,DV01.3,0.03,0.030254,0.000254,ok
3136BSC60,Dollar Return.3,-4.73,-4.027514,0.702486,mismatch
3136BSK46,Forward Yield,4.72,4.719949,-0.000051,ok
3136BSK46,Effective Duration,1.51,1.570141,0.060141,mismatch
3136BSK46,Effective Convexity,-1.89,-1.469812,0.420188,mismatch
3136BSK46,Effective DV01,0.015,0.015762,0.000762,ok
3136BSK46,Dollar Duration,6487.0,,,api_missing
3136BSK46,1YR,0.41,0.404700,-0.005300,ok
3136BSK46,2YR,0.36,0.371700,0.011700,mismatch
3136BSK46,3YR,0.34,0.350100,0.010100,mismatch
3136BSK46,5YR,0.39,0.400100,0.010100,mismatch
3136BSK46,10YR,0.08,0.088900,0.008900,ok
3136BSK46,20YR,-0.05,-0.033500,0.016500,mismatch
3136BSK46,30YR,0.0,-0.002300,-0.002300,ok
3136BSK46,Average Life,2.0,1.959300,-0.040700,mismatch
3136BSK46,LT CPR,19.7,,,api_missing
3136BSK46,OAS,70.0,72.190600,2.190600,mismatch
3136BSK46,Z-Spread,125.0,125.372734,0.372734,mismatch
3136BSK46,Factor,0.78,0.698417,-0.081583,mismatch
3136BSK46,Life CPR,10.1,,,api_missing
3136BSK46,GWAC,6.98,,,api_missing
3136BSK46,WALA,19.0,,,api_missing
3136BSK46,WALS,258372.0,,,api_missing
3136BSK46,MaxServicerName,,,,ok
3136BSK46,MaxServicerPercent,,,,ok
3136BSK46,Eff. Dur,0.42,0.650100,0.230100,mismatch
3136BSK46,DV01,0.0,0.006630,0.006630,ok
3136BSK46,Dollar Return,0.97,1.629954,0.659954,mismatch
3136BSK46,Eff. Dur.1,0.14,0.750400,0.610400,mismatch
3136BSK46,DV01.1,0.0,0.007618,0.007618,ok
3136BSK46,Dollar Return.1,0.69,1.180105,0.490105,mismatch
3136BSK46,Eff. Dur.2,2.92,2.741400,-0.178600,mismatch
3136BSK46,DV01.2,0.03,0.027021,-0.002979,ok
3136BSK46,Dollar Return.2,-2.27,-1.690486,0.579514,mismatch
3136BSK46,Eff. Dur.3,3.86,3.074200,-0.785800,mismatch
3136BSK46,DV01.3,0.04,0.029349,-0.010651,mismatch
3136BSK46,Dollar Return.3,-5.57,-4.701723,0.868277,mismatch
3136BSM77,Forward Yield,4.29,4.208433,-0.081567,mismatch
3136BSM77,Effective Duration,0.89,0.908479,0.018479,mismatch
3136BSM77,Effective Convexity,-2.06,-1.413518,0.646482,mismatch
3136BSM77,Effective DV01,0.009,0.009198,0.000198,ok
3136BSM77,Dollar Duration,2646.0,,,api_missing
3136BSM77,1YR,0.45,0.445200,-0.004800,ok
3136BSM77,2YR,0.34,0.334100,-0.005900,ok
3136BSM77,3YR,0.28,0.272500,-0.007500,ok
3136BSM77,5YR,0.22,0.199300,-0.020700,mismatch
3136BSM77,10YR,-0.18,-0.167400,0.012600,mismatch
3136BSM77,20YR,-0.2,-0.167900,0.032100,mismatch
3136BSM77,30YR,-0.03,-0.022400,0.007600,ok
3136BSM77,Average Life,2.0,1.797200,-0.202800,mismatch
3136BSM77,LT CPR,20.0,,,api_missing
3136BSM77,OAS,22.0,18.467900,-3.532100,mismatch
3136BSM77,Z-Spread,74.0,65.537086,-8.462914,mismatch
3136BSM77,Factor,0.79,0.697351,-0.092649,mismatch
3136BSM77,Life CPR,11.0,,,api_missing
3136BSM77,GWAC,,,,both_missing
3136BSM77,WALA,,,,both_missing
3136BSM77,WALS,,,,both_missing
3136BSM77,MaxServicerName,,,,ok
3136BSM77,MaxServicerPercent,,,,ok
3136BSM77,Eff. Dur,0.4,0.605100,0.205100,mismatch
3136BSM77,DV01,0.0,0.006183,0.006183,ok
3136BSM77,Dollar Return,0.36,0.967301,0.607301,mismatch
3136BSM77,Eff. Dur.1,-0.13,0.684300,0.814300,mismatch
3136BSM77,DV01.1,0.0,0.006968,0.006968,ok
3136BSM77,Dollar Return.1,0.18,0.623056,0.443056,mismatch
3136BSM77,Eff. Dur.2,2.57,2.542700,-0.027300,mismatch
3136BSM77,DV01.2,0.03,0.025430,-0.004570,ok
3136BSM77,Dollar Return.2,-1.82,-1.142920,0.677080,mismatch
3136BSM77,Eff. Dur.3,3.65,2.866500,-0.783500,mismatch
3136BSM77,DV01.3,0.04,0.027910,-0.012090,mismatch
3136BSM77,Dollar Return.3,-4.91,-3.728701,1.181299,mismatch
3136BSVV4,Forward Yield,4.76,4.703209,-0.056791,mismatch
3136BSVV4,Effective Duration,0.9,1.034985,0.134985,mismatch
3136BSVV4,Effective Convexity,-1.99,-1.454086,0.535914,mismatch
3136BSVV4,Effective DV01,0.009,0.010496,0.001496,ok
3136BSVV4,Dollar Duration,3484.0,,,api_missing
3136BSVV4,1YR,0.43,0.448500,0.018500,mismatch
3136BSVV4,2YR,0.36,0.382900,0.022900,mismatch
3136BSVV4,3YR,0.31,0.323900,0.013900,mismatch
3136BSVV4,5YR,0.23,0.232000,0.002000,ok
3136BSVV4,10YR,-0.2,-0.161500,0.038500,mismatch
3136BSVV4,20YR,-0.22,-0.177600,0.042400,mismatch
3136BSVV4,30YR,-0.03,-0.024100,0.005900,ok
3136BSVV4,Average Life,2.1,2.014700,-0.085300,mismatch
3136BSVV4,LT CPR,18.8,,,api_missing
3136BSVV4,OAS,68.0,68.575800,0.575800,mismatch
3136BSVV4,Z-Spread,121.0,116.246513,-4.753487,mismatch
3136BSVV4,Factor,0.76,0.701431,-0.058569,mismatch
3136BSVV4,Life CPR,10.6,,,api_missing
3136BSVV4,GWAC,6.94,,,api_missing
3136BSVV4,WALA,26.0,,,api_missing
3136BSVV4,WALS,251064.0,,,api_missing
3136BSVV4,MaxServicerName,,,,ok
3136BSVV4,MaxServicerPercent,,,,ok
3136BSVV4,Eff. Dur,0.36,0.669500,0.309500,mismatch
3136BSVV4,DV01,0.0,0.006860,0.006860,ok
3136BSVV4,Dollar Return,0.28,1.042404,0.762404,mismatch
3136BSVV4,Eff. Dur.1,-0.2,0.789000,0.989000,mismatch
3136BSVV4,DV01.1,0.0,0.008058,0.008058,ok
3136BSVV4,Dollar Return.1,0.18,0.727314,0.547314,mismatch
3136BSVV4,Eff. Dur.2,2.51,2.641200,0.131200,mismatch
3136BSVV4,DV01.2,0.03,0.026440,-0.003560,ok
3136BSVV4,Dollar Return.2,-1.79,-1.215313,0.574687,mismatch
3136BSVV4,Eff. Dur.3,3.49,3.047800,-0.442200,mismatch
3136BSVV4,DV01.3,0.03,0.029640,-0.000360,ok
3136BSVV4,Dollar Return.3,-4.79,-3.956612,0.833388,mismatch
3136BSY25,Forward Yield,4.49,4.416610,-0.073390,mismatch
3136BSY25,Effective Duration,1.06,1.134852,0.074852,mismatch
3136BSY25,Effective Convexity,-2.14,-1.461690,0.678310,mismatch
3136BSY25,Effective DV01,0.011,0.011544,0.000544,ok
3136BSY25,Dollar Duration,1818.0,,,api_missing
3136BSY25,1YR,0.4,0.400300,0.000300,ok
3136BSY25,2YR,0.35,0.356100,0.006100,ok
3136BSY25,3YR,0.35,0.360700,0.010700,mismatch
3136BSY25,5YR,0.36,0.354100,-0.005900,ok
3136BSY25,10YR,-0.13,-0.117200,0.012800,mismatch
3136BSY25,20YR,-0.25,-0.206300,0.043700,mismatch
3136BSY25,30YR,-0.04,-0.030300,0.009700,ok
3136BSY25,Average Life,2.4,2.246900,-0.153100,mismatch
3136BSY25,LT CPR,20.3,,,api_missing
3136BSY25,OAS,36.0,33.416300,-2.583700,mismatch
3136BSY25,Z-Spread,90.0,82.714081,-7.285919,mismatch
3136BSY25,Factor,0.84,0.763106,-0.076894,mismatch
3136BSY25,Life CPR,10.4,,,api_missing
3136BSY25,GWAC,6.96,,,api_missing
3136BSY25,WALA,19.0,,,api_missing
3136BSY25,WALS,286053.0,,,api_missing
3136BSY25,MaxServicerName,,,,ok
3136BSY25,MaxServicerPercent,,,,ok
3136BSY25,Eff. Dur,0.49,0.770800,0.280800,mismatch
3136BSY25,DV01,0.01,0.007935,-0.002065,ok
3136BSY25,Dollar Return,0.54,1.235135,0.695135,mismatch
3136BSY25,Eff. Dur.1,-0.05,0.891900,0.941900,mismatch
3136BSY25,DV01.1,0.0,0.009143,0.009143,ok
3136BSY25,Dollar Return.1,0.31,0.811672,0.501672,mismatch
3136BSY25,Eff. Dur.2,2.84,3.002500,0.162500,mismatch
3136BSY25,DV01.2,0.03,0.030101,0.000101,ok
3136BSY25,Dollar Return.2,-2.05,-1.392259,0.657741,mismatch
3136BSY25,Eff. Dur.3,3.88,3.356000,-0.524000,mismatch
3136BSY25,DV01.3,0.04,0.032639,-0.007361,ok
3136BSY25,Dollar Return.3,-5.4,-4.309589,1.090411,mismatch
3136BTJZ7,Forward Yield,4.98,4.979041,-0.000959,ok
3136BTJZ7,Effective Duration,2.47,2.689817,0.219817,mismatch
3136BTJZ7,Effective Convexity,-1.31,-0.938850,0.371150,mismatch
3136BTJZ7,Effective DV01,0.025,0.027522,0.002522,ok
3136BTJZ7,Dollar Duration,16474.0,,,api_missing
3136BTJZ7,1YR,0.27,0.263500,-0.006500,ok
3136BTJZ7,2YR,0.32,0.337700,0.017700,mismatch
3136BTJZ7,3YR,0.49,0.506000,0.016000,mismatch
3136BTJZ7,5YR,0.71,0.757100,0.047100,mismatch
3136BTJZ7,10YR,0.66,0.742500,0.082500,mismatch
3136BTJZ7,20YR,0.11,0.155900,0.045900,mismatch
3136BTJZ7,30YR,-0.03,-0.020900,0.009100,ok
3136BTJZ7,Average Life,5.3,5.266500,-0.033500,mismatch
3136BTJZ7,LT CPR,14.4,,,api_missing
3136BTJZ7,OAS,74.0,74.075300,0.075300,mismatch
3136BTJZ7,Z-Spread,126.0,126.865883,0.865883,mismatch
3136BTJZ7,Factor,0.93,0.906726,-0.023274,mismatch
3136BTJZ7,Life CPR,7.3,,,api_missing
3136BTJZ7,GWAC,6.54,,,api_missing
3136BTJZ7,WALA,16.0,,,api_missing
3136BTJZ7,WALS,276752.0,,,api_missing
3136BTJZ7,MaxServicerName,,,,ok
3136BTJZ7,MaxServicerPercent,,,,ok
3136BTJZ7,Eff. Dur,1.11,1.699600,0.589600,mismatch
3136BTJZ7,DV01,0.01,0.017997,0.007997,ok
3136BTJZ7,Dollar Return,2.62,3.626431,1.006431,mismatch
3136BTJZ7,Eff. Dur.1,1.02,2.442400,1.422400,mismatch
3136BTJZ7,DV01.1,0.01,0.025538,0.015538,mismatch
3136BTJZ7,Dollar Return.1,1.67,2.307657,0.637657,mismatch
3136BTJZ7,Eff. Dur.2,4.04,4.371400,0.331400,mismatch
3136BTJZ7,DV01.2,0.04,0.043413,0.003413,ok
3136BTJZ7,Dollar Return.2,-3.37,-2.914398,0.455602,mismatch
3136BTJZ7,Eff. Dur.3,4.9,4.518500,-0.381500,mismatch
3136BTJZ7,DV01.3,0.05,0.042906,-0.007094,ok
3136BTJZ7,Dollar Return.3,-7.78,-7.243169,0.536831,mismatch
3136BTMG5,Forward Yield,4.64,4.650560,0.010560,mismatch
3136BTMG5,Effective Duration,2.89,3.047900,0.157900,mismatch
3136BTMG5,Effective Convexity,-0.6,-0.530227,0.069773,mismatch
3136BTMG5,Effective DV01,0.029,0.031004,0.002004,ok
3136BTMG5,Dollar Duration,12997.0,,,api_missing
3136BTMG5,1YR,0.26,0.235400,-0.024600,mismatch
3136BTMG5,2YR,0.34,0.363200,0.023200,mismatch
3136BTMG5,3YR,0.48,0.505000,0.025000,mismatch
3136BTMG5,5YR,0.74,0.794100,0.054100,mismatch
3136BTMG5,10YR,0.87,0.954600,0.084600,mismatch
3136BTMG5,20YR,0.21,0.274600,0.064600,mismatch
3136BTMG5,30YR,-0.04,-0.033700,0.006300,ok
3136BTMG5,Average Life,5.3,5.360300,0.060300,mismatch
3136BTMG5,LT CPR,14.5,,,api_missing
3136BTMG5,OAS,44.0,43.743400,-0.256600,mismatch
3136BTMG5,Z-Spread,90.0,90.641373,0.641373,mismatch
3136BTMG5,Factor,0.88,0.856291,-0.023709,mismatch
3136BTMG5,Life CPR,9.2,,,api_missing
3136BTMG5,GWAC,6.45,,,api_missing
3136BTMG5,WALA,35.0,,,api_missing
3136BTMG5,WALS,220845.0,,,api_missing
3136BTMG5,MaxServicerName,,,,ok
3136BTMG5,MaxServicerPercent,,,,ok
3136BTMG5,Eff. Dur,0.95,1.706300,0.756300,mismatch
3136BTMG5,DV01,0.01,0.018017,0.008017,ok
3136BTMG5,Dollar Return,3.07,3.895973,0.825973,mismatch
3136BTMG5,Eff. Dur.1,1.31,2.769300,1.459300,mismatch
3136BTMG5,DV01.1,0.01,0.028891,0.018891,mismatch
3136BTMG5,Dollar Return.1,2.12,2.646342,0.526342,mismatch
3136BTMG5,Eff. Dur.2,4.01,4.702300,0.692300,mismatch
3136BTMG5,DV01.2,0.04,0.046314,0.006314,ok
3136BTMG5,Dollar Return.2,-3.53,-3.129808,0.400192,mismatch
3136BTMG5,Eff. Dur.3,4.58,4.534900,-0.045100,mismatch
3136BTMG5,DV01.3,0.04,0.042764,0.002764,ok
3136BTMG5,Dollar Return.3,-7.69,-7.279755,0.410245,mismatch
3136BTZA4,Forward Yield,4.93,4.925850,-0.004150,ok
3136BTZA4,Effective Duration,1.95,1.945796,-0.004204,ok
3136BTZA4,Effective Convexity,-1.53,-1.266430,0.263570,mismatch
3136BTZA4,Effective DV01,0.02,0.019464,-0.000536,ok
3136BTZA4,Dollar Duration,7501.0,,,api_missing
3136BTZA4,1YR,0.36,0.362500,0.002500,ok
3136BTZA4,2YR,0.41,0.420300,0.010300,mismatch
3136BTZA4,3YR,0.44,0.439300,-0.000700,ok
3136BTZA4,5YR,0.58,0.543600,-0.036400,mismatch
3136BTZA4,10YR,0.19,0.187900,-0.002100,ok
3136BTZA4,20YR,-0.01,0.002600,0.012600,mismatch
3136BTZA4,30YR,0.0,0.003600,0.003600,ok
3136BTZA4,Average Life,2.4,2.248700,-0.151300,mismatch
3136BTZA4,LT CPR,17.4,,,api_missing
3136BTZA4,OAS,96.0,97.363400,1.363400,mismatch
3136BTZA4,Z-Spread,148.0,149.052017,1.052017,mismatch
3136BTZA4,Factor,0.85,0.796108,-0.053892,mismatch
3136BTZA4,Life CPR,8.2,,,api_missing
3136BTZA4,GWAC,6.97,,,api_missing
3136BTZA4,WALA,16.0,,,api_missing
3136BTZA4,WALS,183753.0,,,api_missing
3136BTZA4,MaxServicerName,,,,ok
3136BTZA4,MaxServicerPercent,,,,ok
3136BTZA4,Eff. Dur,0.43,0.729900,0.299900,mismatch
3136BTZA4,DV01,0.0,0.007450,0.007450,ok
3136BTZA4,Dollar Return,1.47,2.099338,0.629338,mismatch
3136BTZA4,Eff. Dur.1,0.42,0.925800,0.505800,mismatch
3136BTZA4,DV01.1,0.0,0.009402,0.009402,ok
3136BTZA4,Dollar Return.1,1.15,1.595342,0.445342,mismatch
3136BTZA4,Eff. Dur.2,3.12,2.809600,-0.310400,mismatch
3136BTZA4,DV01.2,0.03,0.027512,-0.002488,ok
3136BTZA4,Dollar Return.2,-2.58,-2.002659,0.577341,mismatch
3136BTZA4,Eff. Dur.3,3.86,3.096400,-0.763600,mismatch
3136BTZA4,DV01.3,0.04,0.029313,-0.010687,mismatch
3136BTZA4,Dollar Return.3,-5.96,-5.222654,0.737346,mismatch
3136BUWF3,Forward Yield,4.55,4.482782,-0.067218,mismatch
3136BUWF3,Effective Duration,0.72,0.844182,0.124182,mismatch
3136BUWF3,Effective Convexity,-2.07,-1.508843,0.561157,mismatch
3136BUWF3,Effective DV01,0.007,0.008612,0.001612,ok
3136BUWF3,Dollar Duration,2405.0,,,api_missing
3136BUWF3,1YR,0.44,0.444300,0.004300,ok
3136BUWF3,2YR,0.37,0.391800,0.021800,mismatch
3136BUWF3,3YR,0.32,0.336600,0.016600,mismatch
3136BUWF3,5YR,0.22,0.224600,0.004600,ok
3136BUWF3,10YR,-0.32,-0.280500,0.039500,mismatch
3136BUWF3,20YR,-0.3,-0.253200,0.046800,mismatch
3136BUWF3,30YR,-0.04,-0.036000,0.004000,ok
3136BUWF3,Average Life,2.2,2.142300,-0.057700,mismatch
3136BUWF3,LT CPR,17.8,,,api_missing
3136BUWF3,OAS,44.0,42.062800,-1.937200,mismatch
3136BUWF3,Z-Spread,96.0,89.996147,-6.003853,mismatch
3136BUWF3,Factor,0.82,0.743222,-0.076778,mismatch
3136BUWF3,Life CPR,11.8,,,api_missing
3136BUWF3,GWAC,,,,both_missing
3136BUWF3,WALA,,,,both_missing
3136BUWF3,WALS,,,,both_missing
3136BUWF3,MaxServicerName,,,,ok
3136BUWF3,MaxServicerPercent,,,,ok
3136BUWF3,Eff. Dur,0.33,0.685400,0.355400,mismatch
3136BUWF3,DV01,0.0,0.007040,0.007040,ok
3136BUWF3,Dollar Return,-0.04,0.723281,0.763281,mismatch
3136BUWF3,Eff. Dur.1,-0.38,0.847100,1.227100,mismatch
3136BUWF3,DV01.1,0.0,0.008684,0.008684,ok
3136BUWF3,Dollar Return.1,0.0,0.537466,0.537466,mismatch
3136BUWF3,Eff. Dur.2,2.45,2.779600,0.329600,mismatch
3136BUWF3,DV01.2,0.02,0.028023,0.008023,ok
3136BUWF3,Dollar Return.2,-1.69,-1.125126,0.564874,mismatch
3136BUWF3,Eff. Dur.3,3.5,3.073900,-0.426100,mismatch
3136BUWF3,DV01.3,0.03,0.030141,0.000141,ok
3136BUWF3,Dollar Return.3,-4.69,-3.827307,0.862693,mismatch
3136BUY46,Forward Yield,4.57,4.526549,-0.043451,mismatch
3136BUY46,Effective Duration,0.75,0.904325,0.154325,mismatch
3136BUY46,Effective Convexity,-2.15,-1.615608,0.534392,mismatch
3136BUY46,Effective DV01,0.008,0.009239,0.001239,ok
3136BUY46,Dollar Duration,6805.0,,,api_missing
3136BUY46,1YR,0.43,0.435400,0.005400,ok
3136BUY46,2YR,0.38,0.402100,0.022100,mismatch
3136BUY46,3YR,0.34,0.357800,0.017800,mismatch
3136BUY46,5YR,0.26,0.279800,0.019800,mismatch
3136BUY46,10YR,-0.32,-0.274600,0.045400,mismatch
3136BUY46,20YR,-0.32,-0.274700,0.045300,mismatch
3136BUY46,30YR,-0.05,-0.040000,0.010000,mismatch
3136BUY46,Average Life,2.4,2.334200,-0.065800,mismatch
3136BUY46,LT CPR,16.8,,,api_missing
3136BUY46,OAS,42.0,40.776500,-1.223500,mismatch
3136BUY46,Z-Spread,97.0,92.990295,-4.009705,mismatch
3136BUY46,Factor,0.86,0.796690,-0.063310,mismatch
3136BUY46,Life CPR,9.4,,,api_missing
3136BUY46,GWAC,6.85,,,api_missing
3136BUY46,WALA,12.0,,,api_missing
3136BUY46,WALS,238102.0,,,api_missing
3136BUY46,MaxServicerName,,,,ok
3136BUY46,MaxServicerPercent,,,,ok
3136BUY46,Eff. Dur,0.31,0.700600,0.390600,mismatch
3136BUY46,DV01,0.0,0.007202,0.007202,ok
3136BUY46,Dollar Return,-0.15,0.659984,0.809984,mismatch
3136BUY46,Eff. Dur.1,-0.48,0.886200,1.366200,mismatch
3136BUY46,DV01.1,0.0,0.009097,0.009097,ok
3136BUY46,Dollar Return.1,-0.04,0.528215,0.568215,mismatch
3136BUY46,Eff. Dur.2,2.56,2.960600,0.400600,mismatch
3136BUY46,DV01.2,0.03,0.029859,-0.000141,ok
3136BUY46,Dollar Return.2,-1.76,-1.230403,0.529597,mismatch
3136BUY46,Eff. Dur.3,3.6,3.233600,-0.366400,mismatch
3136BUY46,DV01.3,0.04,0.031662,-0.008338,ok
3136BUY46,Dollar Return.3,-4.88,-4.101519,0.778481,mismatch
3136BVAL2,Forward Yield,4.53,4.499474,-0.030526,mismatch
3136BVAL2,Effective Duration,0.79,0.962798,0.172798,mismatch
3136BVAL2,Effective Convexity,-2.1,-1.551457,0.548543,mismatch
3136BVAL2,Effective DV01,0.008,0.009834,0.001834,ok
3136BVAL2,Dollar Duration,3866.0,,,api_missing
3136BVAL2,1YR,0.43,0.427400,-0.002600,ok
3136BVAL2,2YR,0.37,0.391200,0.021200,mismatch
3136BVAL2,3YR,0.33,0.353600,0.023600,mismatch
3136BVAL2,5YR,0.23,0.267400,0.037400,mismatch
3136BVAL2,10YR,-0.26,-0.205500,0.054500,mismatch
3136BVAL2,20YR,-0.3,-0.249200,0.050800,mismatch
3136BVAL2,30YR,-0.04,-0.036800,0.003200,ok
3136BVAL2,Average Life,2.4,2.309300,-0.090700,mismatch
3136BVAL2,LT CPR,18.9,,,api_missing
3136BVAL2,OAS,40.0,39.672200,-0.327800,mismatch
3136BVAL2,Z-Spread,93.0,90.630867,-2.369133,mismatch
3136BVAL2,Factor,0.83,0.757432,-0.072568,mismatch
3136BVAL2,Life CPR,12.8,,,api_missing
3136BVAL2,GWAC,6.93,,,api_missing
3136BVAL2,WALA,25.0,,,api_missing
3136BVAL2,WALS,245733.0,,,api_missing
3136BVAL2,MaxServicerName,,,,ok
3136BVAL2,MaxServicerPercent,,,,ok
3136BVAL2,Eff. Dur,0.36,0.742600,0.382600,mismatch
3136BVAL2,DV01,0.0,0.007648,0.007648,ok
3136BVAL2,Dollar Return,0.09,0.887536,0.797536,mismatch
3136BVAL2,Eff. Dur.1,-0.28,0.910100,1.190100,mismatch
3136BVAL2,DV01.1,0.0,0.009350,0.009350,ok
3136BVAL2,Dollar Return.1,0.07,0.637452,0.567452,mismatch
3136BVAL2,Eff. Dur.2,2.59,2.883700,0.293700,mismatch
3136BVAL2,DV01.2,0.03,0.029062,-0.000938,ok
3136BVAL2,Dollar Return.2,-1.79,-1.279615,0.510385,mismatch
3136BVAL2,Eff. Dur.3,3.7,3.268400,-0.431600,mismatch
3136BVAL2,DV01.3,0.04,0.031969,-0.008031,ok
3136BVAL2,Dollar Return.3,-4.96,-4.190239,0.769761,mismatch
3136BVVM7,Forward Yield,5.03,5.009092,-0.020908,mismatch
3136BVVM7,Effective Duration,1.91,2.025130,0.115130,mismatch
3136BVVM7,Effective Convexity,-2.7,-2.078648,0.621352,mismatch
3136BVVM7,Effective DV01,0.019,0.020631,0.001631,ok
3136BVVM7,Dollar Duration,21615.0,,,api_missing
3136BVVM7,1YR,0.33,0.327000,-0.003000,ok
3136BVVM7,2YR,0.36,0.376800,0.016800,mismatch
3136BVVM7,3YR,0.41,0.430700,0.020700,mismatch
3136BVVM7,5YR,0.63,0.660500,0.030500,mismatch
3136BVVM7,10YR,0.4,0.416800,0.016800,mismatch
3136BVVM7,20YR,-0.17,-0.143800,0.026200,mismatch
3136BVVM7,30YR,-0.04,-0.036400,0.003600,ok
3136BVVM7,Average Life,3.8,3.751400,-0.048600,mismatch
3136BVVM7,LT CPR,12.3,,,api_missing
3136BVVM7,OAS,65.0,65.159600,0.159600,mismatch
3136BVVM7,Z-Spread,136.0,135.385025,-0.614975,mismatch
3136BVVM7,Factor,0.91,0.858953,-0.051047,mismatch
3136BVVM7,Life CPR,7.6,,,api_missing
3136BVVM7,GWAC,6.87,,,api_missing
3136BVVM7,WALA,13.0,,,api_missing
3136BVVM7,WALS,396170.0,,,api_missing
3136BVVM7,MaxServicerName,,,,ok
3136BVVM7,MaxServicerPercent,,,,ok
3136BVVM7,Eff. Dur,0.34,0.901900,0.561900,mismatch
3136BVVM7,DV01,0.0,0.009335,0.009335,ok
3136BVVM7,Dollar Return,0.69,1.656973,0.966973,mismatch
3136BVVM7,Eff. Dur.1,-0.19,1.236800,1.426800,mismatch
3136BVVM7,DV01.1,0.0,0.012764,0.012764,mismatch
3136BVVM7,Dollar Return.1,0.71,1.364801,0.654801,mismatch
3136BVVM7,Eff. Dur.2,3.99,4.331600,0.341600,mismatch
3136BVVM7,DV01.2,0.04,0.043001,0.003001,ok
3136BVVM7,Dollar Return.2,-3.1,-2.498929,0.601071,mismatch
3136BVVM7,Eff. Dur.3,5.11,4.543000,-0.567000,mismatch
3136BVVM7,DV01.3,0.05,0.043140,-0.006860,ok
3136BVVM7,Dollar Return.3,-7.55,-6.737738,0.812262,mismatch
3137F9L58,Forward Yield,4.64,4.624835,-0.015165,mismatch
3137F9L58,Effective Duration,8.43,8.438100,0.008100,ok
3137F9L58,Effective Convexity,0.1,0.089242,-0.010758,mismatch
3137F9L58,Effective DV01,0.066,0.065767,-0.000233,ok
3137F9L58,Dollar Duration,6325.0,,,api_missing
3137F9L58,1YR,0.05,0.039800,-0.010200,mismatch
3137F9L58,2YR,0.07,0.068900,-0.001100,ok
3137F9L58,3YR,0.17,0.164700,-0.005300,ok
3137F9L58,5YR,0.97,0.970600,0.000600,ok
3137F9L58,10YR,3.58,3.601200,0.021200,mismatch
3137F9L58,20YR,3.23,3.246900,0.016900,mismatch
3137F9L58,30YR,0.39,0.391300,0.001300,ok
3137F9L58,Average Life,8.8,8.850600,0.050600,mismatch
3137F9L58,LT CPR,6.6,,,api_missing
3137F9L58,OAS,49.0,47.773100,-1.226900,mismatch
3137F9L58,Z-Spread,89.0,87.731758,-1.268242,mismatch
3137F9L58,Factor,0.64,0.626284,-0.013716,mismatch
3137F9L58,Life CPR,6.6,,,api_missing
3137F9L58,GWAC,,,,both_missing
3137F9L58,WALA,,,,both_missing
3137F9L58,WALS,,,,both_missing
3137F9L58,MaxServicerName,,,,ok
3137F9L58,MaxServicerPercent,,,,ok
3137F9L58,Eff. Dur,6.86,6.229700,-0.630300,mismatch
3137F9L58,DV01,0.06,0.056718,-0.003282,ok
3137F9L58,Dollar Return,13.0,13.184256,0.184256,mismatch
3137F9L58,Eff. Dur.1,7.73,6.389600,-1.340400,mismatch
3137F9L58,DV01.1,0.07,0.054078,-0.015922,mismatch
3137F9L58,Dollar Return.1,6.57,6.817395,0.247395,mismatch
3137F9L58,Eff. Dur.2,9.21,6.567800,-2.642200,mismatch
3137F9L58,DV01.2,0.07,0.047001,-0.022999,mismatch
3137F9L58,Dollar Return.2,-6.57,-6.167443,0.402557,mismatch
3137F9L58,Eff. Dur.3,9.73,6.833000,-2.897000,mismatch
3137F9L58,DV01.3,0.06,0.044485,-0.015515,mismatch
3137F9L58,Dollar Return.3,-13.07,-12.583989,0.486011,mismatch
3137FFF69,Forward Yield,4.89,4.859145,-0.030855,mismatch
3137FFF69,Effective Duration,7.77,7.821240,0.051240,mismatch
3137FFF69,Effective Convexity,0.23,0.224172,-0.005828,ok
3137FFF69,Effective DV01,0.061,0.061633,0.000633,ok
3137FFF69,Dollar Duration,9913.0,,,api_missing
3137FFF69,1YR,0.07,0.051700,-0.018300,mismatch
3137FFF69,2YR,0.1,0.096600,-0.003400,ok
3137FFF69,3YR,0.23,0.225200,-0.004800,ok
3137FFF69,5YR,1.07,1.071700,0.001700,ok
3137FFF69,10YR,3.26,3.295700,0.035700,mismatch
3137FFF69,20YR,2.76,2.793600,0.033600,mismatch
3137FFF69,30YR,0.32,0.322700,0.002700,ok
3137FFF69,Average Life,8.5,8.617000,0.117000,mismatch
3137FFF69,LT CPR,6.7,,,api_missing
3137FFF69,OAS,80.0,76.548300,-3.451700,mismatch
3137FFF69,Z-Spread,113.0,109.762749,-3.237251,mismatch
3137FFF69,Factor,0.64,0.632338,-0.007662,ok
3137FFF69,Life CPR,6.4,,,api_missing
3137FFF69,GWAC,2.87,,,api_missing
3137FFF69,WALA,60.0,,,api_missing
3137FFF69,WALS,285068.0,,,api_missing
3137FFF69,MaxServicerName,,,,ok
3137FFF69,MaxServicerPercent,,,,ok
3137FFF69,Eff. Dur,6.52,6.143800,-0.376200,mismatch
3137FFF69,DV01,0.06,0.056036,-0.003964,ok
3137FFF69,Dollar Return,12.24,12.495044,0.255044,mismatch
3137FFF69,Eff. Dur.1,7.22,6.203200,-1.016800,mismatch
3137FFF69,DV01.1,0.06,0.052801,-0.007199,ok
3137FFF69,Dollar Return.1,6.16,6.452556,0.292556,mismatch
3137FFF69,Eff. Dur.2,8.31,6.293800,-2.016200,mismatch
3137FFF69,DV01.2,0.06,0.045873,-0.014127,mismatch
3137FFF69,Dollar Return.2,-6.08,-5.690944,0.389056,mismatch
3137FFF69,Eff. Dur.3,8.8,6.406300,-2.393700,mismatch
3137FFF69,DV01.3,0.06,0.042857,-0.017143,mismatch
3137FFF69,Dollar Return.3,-12.07,-11.634198,0.435802,mismatch
3137FFFL6,Forward Yield,4.96,4.947359,-0.012641,mismatch
3137FFFL6,Effective Duration,8.16,8.179297,0.019297,mismatch
3137FFFL6,Effective Convexity,0.35,0.341235,-0.008765,ok
3137FFFL6,Effective DV01,0.063,0.063344,0.000344,ok
3137FFFL6,Dollar Duration,10884.0,,,api_missing
3137FFFL6,1YR,0.06,0.041400,-0.018600,mismatch
3137FFFL6,2YR,0.08,0.075000,-0.005000,ok
3137FFFL6,3YR,0.18,0.181600,0.001600,ok
3137FFFL6,5YR,1.0,0.998300,-0.001700,ok
3137FFFL6,10YR,3.44,3.465400,0.025400,mismatch
3137FFFL6,20YR,3.07,3.077900,0.007900,ok
3137FFFL6,30YR,0.38,0.374900,-0.005100,ok
3137FFFL6,Average Life,9.0,9.011600,0.011600,mismatch
3137FFFL6,LT CPR,6.1,,,api_missing
3137FFFL6,OAS,85.0,83.911700,-1.088300,mismatch
3137FFFL6,Z-Spread,120.0,118.373314,-1.626686,mismatch
3137FFFL6,Factor,0.68,0.673750,-0.006250,ok
3137FFFL6,Life CPR,5.2,,,api_missing
3137FFFL6,GWAC,2.83,,,api_missing
3137FFFL6,WALA,59.0,,,api_missing
3137FFFL6,WALS,322899.0,,,api_missing
3137FFFL6,MaxServicerName,,,,ok
3137FFFL6,MaxServicerPercent,,,,ok
3137FFFL6,Eff. Dur,6.92,6.275000,-0.645000,mismatch
3137FFFL6,DV01,0.06,0.056716,-0.003284,ok
3137FFFL6,Dollar Return,12.8,13.017156,0.217156,mismatch
3137FFFL6,Eff. Dur.1,7.65,6.430600,-1.219400,mismatch
3137FFFL6,DV01.1,0.06,0.054026,-0.005974,ok
3137FFFL6,Dollar Return.1,6.41,6.681135,0.271135,mismatch
3137FFFL6,Eff. Dur.2,8.67,6.549300,-2.120700,mismatch
3137FFFL6,DV01.2,0.06,0.046774,-0.013226,mismatch
3137FFFL6,Dollar Return.2,-6.25,-5.845692,0.404308,mismatch
3137FFFL6,Eff. Dur.3,8.97,6.691000,-2.279000,mismatch
3137FFFL6,DV01.3,0.06,0.043760,-0.016240,mismatch
3137FFFL6,Dollar Return.3,-12.3,-11.829956,0.470044,mismatch
3137FFHX8,Forward Yield,5.22,5.194466,-0.025534,mismatch
3137FFHX8,Effective Duration,8.31,8.344511,0.034511,mismatch
3137FFHX8,Effective Convexity,0.13,0.114435,-0.015565,mismatch
3137FFHX8,Effective DV01,0.064,0.064046,0.000046,ok
3137FFHX8,Dollar Duration,20271.0,,,api_missing
3137FFHX8,1YR,0.06,0.041900,-0.018100,mismatch
3137FFHX8,2YR,0.08,0.074000,-0.006000,ok
3137FFHX8,3YR,0.17,0.171700,0.001700,ok
3137FFHX8,5YR,1.01,1.013700,0.003700,ok
3137FFHX8,10YR,3.57,3.610800,0.040800,mismatch
3137FFHX8,20YR,3.08,3.097700,0.017700,mismatch
3137FFHX8,30YR,0.38,0.381000,0.001000,ok
3137FFHX8,Average Life,8.7,8.784300,0.084300,mismatch
3137FFHX8,LT CPR,6.8,,,api_missing
3137FFHX8,OAS,109.0,105.599900,-3.400100,mismatch
3137FFHX8,Z-Spread,150.0,147.337112,-2.662888,mismatch
3137FFHX8,Factor,0.63,0.625196,-0.004804,ok
3137FFHX8,Life CPR,6.9,,,api_missing
3137FFHX8,GWAC,3.48,,,api_missing
3137FFHX8,WALA,62.0,,,api_missing
3137FFHX8,WALS,278591.0,,,api_missing
3137FFHX8,MaxServicerName,,,,ok
3137FFHX8,MaxServicerPercent,,,,ok
3137FFHX8,Eff. Dur,6.95,6.011700,-0.938300,mismatch
3137FFHX8,DV01,0.06,0.053925,-0.006075,ok
3137FFHX8,Dollar Return,12.73,13.014551,0.284551,mismatch
3137FFHX8,Eff. Dur.1,7.68,6.157600,-1.522400,mismatch
3137FFHX8,DV01.1,0.06,0.051337,-0.008663,ok
3137FFHX8,Dollar Return.1,6.39,6.713456,0.323456,mismatch
3137FFHX8,Eff. Dur.2,9.07,6.338000,-2.732000,mismatch
3137FFHX8,DV01.2,0.06,0.044760,-0.015240,mismatch
3137FFHX8,Dollar Return.2,-6.38,-5.984654,0.395346,mismatch
3137FFHX8,Eff. Dur.3,9.62,6.599700,-3.020300,mismatch
3137FFHX8,DV01.3,0.06,0.042438,-0.017562,mismatch
3137FFHX8,Dollar Return.3,-12.71,-12.278227,0.431773,mismatch
3137FYA63,Forward Yield,4.79,4.752771,-0.037229,mismatch
3137FYA63,Effective Duration,7.43,7.517433,0.087433,mismatch
3137FYA63,Effective Convexity,-0.09,-0.096705,-0.006705,ok
3137FYA63,Effective DV01,0.062,0.062332,0.000332,ok
3137FYA63,Dollar Duration,8461.0,,,api_missing
3137FYA63,1YR,0.07,0.055400,-0.014600,mismatch
3137FYA63,2YR,0.09,0.093500,0.003500,ok
3137FYA63,3YR,0.23,0.235500,0.005500,ok
3137FYA63,5YR,1.06,1.069000,0.009000,ok
3137FYA63,10YR,3.2,3.249300,0.049300,mismatch
3137FYA63,20YR,2.55,2.587900,0.037900,mismatch
3137FYA63,30YR,0.26,0.264400,0.004400,ok
3137FYA63,Average Life,8.3,8.355800,0.055800,mismatch
3137FYA63,LT CPR,7.3,,,api_missing
3137FYA63,OAS,68.0,64.101900,-3.898100,mismatch
3137FYA63,Z-Spread,103.0,98.847023,-4.152977,mismatch
3137FYA63,Factor,0.54,0.530410,-0.009590,ok
3137FYA63,Life CPR,10.0,,,api_missing
3137FYA63,GWAC,3.96,,,api_missing
3137FYA63,WALA,65.0,,,api_missing
3137FYA63,WALS,270838.0,,,api_missing
3137FYA63,MaxServicerName,,,,ok
3137FYA63,MaxServicerPercent,,,,ok
3137FYA63,Eff. Dur,5.86,5.524500,-0.335500,mismatch
3137FYA63,DV01,0.06,0.052486,-0.007514,ok
3137FYA63,Dollar Return,11.96,12.193149,0.233149,mismatch
3137FYA63,Eff. Dur.1,6.76,6.033400,-0.726600,mismatch
3137FYA63,DV01.1,0.06,0.053778,-0.006222,ok
3137FYA63,Dollar Return.1,6.12,6.404882,0.284882,mismatch
3137FYA63,Eff. Dur.2,8.16,6.149500,-2.010500,mismatch
3137FYA63,DV01.2,0.06,0.047199,-0.012801,mismatch
3137FYA63,Dollar Return.2,-6.23,-5.801496,0.428504,mismatch
3137FYA63,Eff. Dur.3,8.88,6.346100,-2.533900,mismatch
3137FYA63,DV01.3,0.06,0.044708,-0.015292,mismatch
3137FYA63,Dollar Return.3,-12.52,-12.015413,0.504587,mismatch
3137FYGW0,Forward Yield,4.73,4.714007,-0.015993,mismatch
3137FYGW0,Effective Duration,5.04,5.065284,0.025284,mismatch
3137FYGW0,Effective Convexity,0.25,0.226020,-0.023980,mismatch
3137FYGW0,Effective DV01,0.043,0.043241,0.000241,ok
3137FYGW0,Dollar Duration,5228.0,,,api_missing
3137FYGW0,1YR,0.11,0.095700,-0.014300,mismatch
3137FYGW0,2YR,0.17,0.166700,-0.003300,ok
3137FYGW0,3YR,0.38,0.384600,0.004600,ok
3137FYGW0,5YR,1.41,1.420100,0.010100,mismatch
3137FYGW0,10YR,2.42,2.444100,0.024100,mismatch
3137FYGW0,20YR,0.52,0.519300,-0.000700,ok
3137FYGW0,30YR,0.05,0.046000,-0.004000,ok
3137FYGW0,Average Life,5.5,5.532700,0.032700,mismatch
3137FYGW0,LT CPR,9.1,,,api_missing
3137FYGW0,OAS,96.0,94.710400,-1.289600,mismatch
3137FYGW0,Z-Spread,107.0,106.110504,-0.889496,mismatch
3137FYGW0,Factor,0.49,0.470396,-0.019604,mismatch
3137FYGW0,Life CPR,10.7,,,api_missing
3137FYGW0,GWAC,,,,both_missing
3137FYGW0,WALA,,,,both_missing
3137FYGW0,WALS,,,,both_missing
3137FYGW0,MaxServicerName,,,,ok
3137FYGW0,MaxServicerPercent,,,,ok
3137FYGW0,Eff. Dur,4.79,4.292900,-0.497100,mismatch
3137FYGW0,DV01,0.05,0.040541,-0.009459,ok
3137FYGW0,Dollar Return,8.95,9.149665,0.199665,mismatch
3137FYGW0,Eff. Dur.1,4.99,4.502600,-0.487400,mismatch
3137FYGW0,DV01.1,0.04,0.040490,0.000490,ok
3137FYGW0,Dollar Return.1,4.41,4.682218,0.272218,mismatch
3137FYGW0,Eff. Dur.2,5.14,4.460000,-0.680000,mismatch
3137FYGW0,DV01.2,0.04,0.036283,-0.003717,ok
3137FYGW0,Dollar Return.2,-4.23,-3.808690,0.421310,mismatch
3137FYGW0,Eff. Dur.3,5.39,4.429300,-0.960700,mismatch
3137FYGW0,DV01.3,0.04,0.034205,-0.005795,ok
3137FYGW0,Dollar Return.3,-8.39,-7.896281,0.493719,mismatch
3137FYNM4,Forward Yield,4.89,4.917492,0.027492,mismatch
3137FYNM4,Effective Duration,7.44,7.390374,-0.049626,mismatch
3137FYNM4,Effective Convexity,0.06,0.068427,0.008427,ok
3137FYNM4,Effective DV01,0.06,0.059803,-0.000197,ok
3137FYNM4,Dollar Duration,19032.0,,,api_missing
3137FYNM4,1YR,0.08,0.066200,-0.013800,mismatch
3137FYNM4,2YR,0.11,0.102700,-0.007300,ok
3137FYNM4,3YR,0.24,0.236700,-0.003300,ok
3137FYNM4,5YR,1.06,1.045700,-0.014300,mismatch
3137FYNM4,10YR,3.09,3.083900,-0.006100,ok
3137FYNM4,20YR,2.59,2.575400,-0.014600,mismatch
3137FYNM4,30YR,0.32,0.315300,-0.004700,ok
3137FYNM4,Average Life,8.3,8.234100,-0.065900,mismatch
3137FYNM4,LT CPR,7.5,,,api_missing
3137FYNM4,OAS,79.0,82.133100,3.133100,mismatch
3137FYNM4,Z-Spread,113.0,116.618973,3.618973,mismatch
3137FYNM4,Factor,0.63,0.614619,-0.015381,mismatch
3137FYNM4,Life CPR,7.1,,,api_missing
3137FYNM4,GWAC,,,,both_missing
3137FYNM4,WALA,,,,both_missing
3137FYNM4,WALS,,,,both_missing
3137FYNM4,MaxServicerName,,,,ok
3137FYNM4,MaxServicerPercent,,,,ok
3137FYNM4,Eff. Dur,6.15,5.647500,-0.502500,mismatch
3137FYNM4,DV01,0.06,0.052487,-0.007513,ok
3137FYNM4,Dollar Return,11.91,12.067198,0.157198,mismatch
3137FYNM4,Eff. Dur.1,6.87,5.873900,-0.996100,mismatch
3137FYNM4,DV01.1,0.06,0.051176,-0.008824,ok
3137FYNM4,Dollar Return.1,6.02,6.269132,0.249132,mismatch
3137FYNM4,Eff. Dur.2,8.09,5.947300,-2.142700,mismatch
3137FYNM4,DV01.2,0.06,0.044749,-0.015251,mismatch
3137FYNM4,Dollar Return.2,-6.04,-5.579566,0.460434,mismatch
3137FYNM4,Eff. Dur.3,8.77,6.086000,-2.684000,mismatch
3137FYNM4,DV01.3,0.06,0.042157,-0.017843,mismatch
3137FYNM4,Dollar Return.3,-12.12,-11.536285,0.583715,mismatch
3137HBSS4,Forward Yield,4.88,4.875078,-0.004922,ok
3137HBSS4,Effective Duration,1.07,1.280917,0.210917,mismatch
3137HBSS4,Effective Convexity,-1.68,-1.401660,0.278340,mismatch
3137HBSS4,Effective DV01,0.011,0.013003,0.002003,ok
3137HBSS4,Dollar Duration,3189.0,,,api_missing
3137HBSS4,1YR,0.41,0.409600,-0.000400,ok
3137HBSS4,2YR,0.37,0.401500,0.031500,mismatch
3137HBSS4,3YR,0.36,0.386700,0.026700,mismatch
3137HBSS4,5YR,0.34,0.392900,0.052900,mismatch
3137HBSS4,10YR,-0.15,-0.080000,0.070000,mismatch
3137HBSS4,20YR,-0.26,-0.213800,0.046200,mismatch
3137HBSS4,30YR,-0.04,-0.030800,0.009200,ok
3137HBSS4,Average Life,2.5,2.557800,0.057800,mismatch
3137HBSS4,LT CPR,19.3,,,api_missing
3137HBSS4,OAS,77.0,77.324400,0.324400,mismatch
3137HBSS4,Z-Spread,131.0,131.693390,0.693390,mismatch
3137HBSS4,Factor,0.8,0.758786,-0.041214,mismatch
3137HBSS4,Life CPR,13.0,,,api_missing
3137HBSS4,GWAC,,,,both_missing
3137HBSS4,WALA,,,,both_missing
3137HBSS4,WALS,,,,both_missing
3137HBSS4,MaxServicerName,,,,ok
3137HBSS4,MaxServicerPercent,,,,ok
3137HBSS4,Eff. Dur,0.48,0.822100,0.342100,mismatch
3137HBSS4,DV01,0.0,0.008467,0.008467,ok
3137HBSS4,Dollar Return,0.72,1.520718,0.800718,mismatch
3137HBSS4,Eff. Dur.1,0.07,0.994900,0.924900,mismatch
3137HBSS4,DV01.1,0.0,0.010201,0.010201,mismatch
3137HBSS4,Dollar Return.1,0.49,1.070684,0.580684,mismatch
3137HBSS4,Eff. Dur.2,2.64,2.890400,0.250400,mismatch
3137HBSS4,DV01.2,0.03,0.028873,-0.001127,ok
3137HBSS4,Dollar Return.2,-1.94,-1.525610,0.414390,mismatch
3137HBSS4,Eff. Dur.3,3.52,3.218100,-0.301900,mismatch
3137HBSS4,DV01.3,0.03,0.031160,0.001160,ok
3137HBSS4,Dollar Return.3,-4.98,-4.539243,0.440757,mismatch
3137HCS94,Forward Yield,4.68,4.598234,-0.081766,mismatch
3137HCS94,Effective Duration,0.51,0.560359,0.050359,mismatch
3137HCS94,Effective Convexity,-1.83,-1.232964,0.597036,mismatch
3137HCS94,Effective DV01,0.005,0.005657,0.000657,ok
3137HCS94,Dollar Duration,1065.0,,,api_missing
3137HCS94,1YR,0.5,0.506400,0.006400,ok
3137HCS94,2YR,0.3,0.299900,-0.000100,ok
3137HCS94,3YR,0.21,0.199500,-0.010500,mismatch
3137HCS94,5YR,-0.04,-0.049800,-0.009800,ok
3137HCS94,10YR,-0.28,-0.241500,0.038500,mismatch
3137HCS94,20YR,-0.19,-0.151300,0.038700,mismatch
3137HCS94,30YR,-0.02,-0.019500,0.000500,ok
3137HCS94,Average Life,1.4,1.289700,-0.110300,mismatch
3137HCS94,LT CPR,19.1,,,api_missing
3137HCS94,OAS,84.0,80.310600,-3.689400,mismatch
3137HCS94,Z-Spread,116.0,108.204803,-7.795197,mismatch
3137HCS94,Factor,0.68,0.582875,-0.097125,mismatch
3137HCS94,Life CPR,11.5,,,api_missing
3137HCS94,GWAC,6.99,,,api_missing
3137HCS94,WALA,22.0,,,api_missing
3137HCS94,WALS,260953.0,,,api_missing
3137HCS94,MaxServicerName,,,,ok
3137HCS94,MaxServicerPercent,,,,ok
3137HCS94,Eff. Dur,0.33,0.494500,0.164500,mismatch
3137HCS94,DV01,0.0,0.005029,0.005029,ok
3137HCS94,Dollar Return,0.14,0.777190,0.637190,mismatch
3137HCS94,Eff. Dur.1,-0.1,0.555700,0.655700,mismatch
3137HCS94,DV01.1,0.0,0.005634,0.005634,ok
3137HCS94,Dollar Return.1,-0.02,0.469051,0.489051,mismatch
3137HCS94,Eff. Dur.2,1.83,1.823500,-0.006500,ok
3137HCS94,DV01.2,0.02,0.018283,-0.001717,ok
3137HCS94,Dollar Return.2,-1.27,-0.612147,0.657853,mismatch
3137HCS94,Eff. Dur.3,2.54,1.973400,-0.566600,mismatch
3137HCS94,DV01.3,0.02,0.019425,-0.000575,ok
3137HCS94,Dollar Return.3,-3.46,-2.377227,1.082773,mismatch
3137HCVM1,Forward Yield,4.9,4.900579,0.000579,ok
3137HCVM1,Effective Duration,0.98,1.100062,0.120062,mismatch
3137HCVM1,Effective Convexity,-1.54,-1.204901,0.335099,mismatch
3137HCVM1,Effective DV01,0.01,0.011094,0.001094,ok
3137HCVM1,Dollar Duration,3112.0,,,api_missing
3137HCVM1,1YR,0.45,0.462100,0.012100,mismatch
3137HCVM1,2YR,0.38,0.405200,0.025200,mismatch
3137HCVM1,3YR,0.32,0.332300,0.012300,mismatch
3137HCVM1,5YR,0.15,0.166000,0.016000,mismatch
3137HCVM1,10YR,-0.18,-0.145000,0.035000,mismatch
3137HCVM1,20YR,-0.14,-0.111400,0.028600,mismatch
3137HCVM1,30YR,-0.02,-0.014300,0.005700,ok
3137HCVM1,Average Life,1.7,1.717000,0.017000,mismatch
3137HCVM1,LT CPR,17.7,,,api_missing
3137HCVM1,OAS,104.0,106.801100,2.801100,mismatch
3137HCVM1,Z-Spread,142.0,142.855530,0.855530,mismatch
3137HCVM1,Factor,0.7,0.647266,-0.052734,mismatch
3137HCVM1,Life CPR,11.3,,,api_missing
3137HCVM1,GWAC,6.89,,,api_missing
3137HCVM1,WALA,30.0,,,api_missing
3137HCVM1,WALS,226085.0,,,api_missing
3137HCVM1,MaxServicerName,,,,ok
3137HCVM1,MaxServicerPercent,,,,ok
3137HCVM1,Eff. Dur,0.33,0.606400,0.276400,mismatch
3137HCVM1,DV01,0.0,0.006183,0.006183,ok
3137HCVM1,Dollar Return,0.44,1.140975,0.700975,mismatch
3137HCVM1,Eff. Dur.1,-0.06,0.744300,0.804300,mismatch
3137HCVM1,DV01.1,0.0,0.007566,0.007566,ok
3137HCVM1,Dollar Return.1,0.32,0.843713,0.523713,mismatch
3137HCVM1,Eff. Dur.2,2.16,2.146800,-0.013200,mismatch
3137HCVM1,DV01.2,0.02,0.021386,0.001386,ok
3137HCVM1,Dollar Return.2,-1.65,-1.121578,0.528422,mismatch
3137HCVM1,Eff. Dur.3,2.87,2.427000,-0.443000,mismatch
3137HCVM1,DV01.3,0.03,0.023591,-0.006409,ok
3137HCVM1,Dollar Return.3,-4.15,-3.459582,0.690418,mismatch
3137HD2K5,Forward Yield,4.73,4.716226,-0.013774,mismatch
3137HD2K5,Effective Duration,1.07,1.218980,0.148980,mismatch
3137HD2K5,Effective Convexity,-1.98,-1.478867,0.501133,mismatch
3137HD2K5,Effective DV01,0.011,0.012391,0.001391,ok
3137HD2K5,Dollar Duration,5692.0,,,api_missing
3137HD2K5,1YR,0.4,0.399900,-0.000100,ok
3137HD2K5,2YR,0.37,0.390400,0.020400,mismatch
3137HD2K5,3YR,0.39,0.406700,0.016700,mismatch
3137HD2K5,5YR,0.37,0.396400,0.026400,mismatch
3137HD2K5,10YR,-0.21,-0.158300,0.051700,mismatch
3137HD2K5,20YR,-0.24,-0.197200,0.042800,mismatch
3137HD2K5,30YR,-0.03,-0.028500,0.001500,ok
3137HD2K5,Average Life,2.3,2.279000,-0.021000,mismatch
3137HD2K5,LT CPR,19.2,,,api_missing
3137HD2K5,OAS,70.0,70.735300,0.735300,mismatch
3137HD2K5,Z-Spread,117.0,116.144897,-0.855103,mismatch
3137HD2K5,Factor,0.74,0.676785,-0.063215,mismatch
3137HD2K5,Life CPR,12.1,,,api_missing
3137HD2K5,GWAC,6.99,,,api_missing
3137HD2K5,WALA,21.0,,,api_missing
3137HD2K5,WALS,262698.0,,,api_missing
3137HD2K5,MaxServicerName,,,,ok
3137HD2K5,MaxServicerPercent,,,,ok
3137HD2K5,Eff. Dur,0.48,0.796900,0.316900,mismatch
3137HD2K5,DV01,0.0,0.008204,0.008204,ok
3137HD2K5,Dollar Return,0.54,1.351737,0.811737,mismatch
3137HD2K5,Eff. Dur.1,-0.07,0.947000,1.017000,mismatch
3137HD2K5,DV01.1,0.0,0.009707,0.009707,ok
3137HD2K5,Dollar Return.1,0.33,0.914315,0.584315,mismatch
3137HD2K5,Eff. Dur.2,2.63,2.958900,0.328900,mismatch
3137HD2K5,DV01.2,0.03,0.029622,-0.000378,ok
3137HD2K5,Dollar Return.2,-1.95,-1.448246,0.501754,mismatch
3137HD2K5,Eff. Dur.3,3.51,3.213000,-0.297000,mismatch
3137HD2K5,DV01.3,0.03,0.031228,0.001228,ok
3137HD2K5,Dollar Return.3,-5.02,-4.332082,0.687918,mismatch
3137HDGR5,Forward Yield,4.9,4.892066,-0.007934,ok
3137HDGR5,Effective Duration,1.08,1.205098,0.125098,mismatch
3137HDGR5,Effective Convexity,-1.84,-1.411977,0.428023,mismatch
3137HDGR5,Effective DV01,0.011,0.012176,0.001176,ok
3137HDGR5,Dollar Duration,5681.0,,,api_missing
3137HDGR5,1YR,0.43,0.429300,-0.000700,ok
3137HDGR5,2YR,0.37,0.387700,0.017700,mismatch
3137HDGR5,3YR,0.33,0.344200,0.014200,mismatch
3137HDGR5,5YR,0.27,0.293100,0.023100,mismatch
3137HDGR5,10YR,-0.14,-0.102200,0.037800,mismatch
3137HDGR5,20YR,-0.16,-0.132700,0.027300,mismatch
3137HDGR5,30YR,-0.02,-0.017400,0.002600,ok
3137HDGR5,Average Life,2.0,1.984200,-0.015800,mismatch
3137HDGR5,LT CPR,18.6,,,api_missing
3137HDGR5,OAS,90.0,91.295100,1.295100,mismatch
3137HDGR5,Z-Spread,138.0,138.590530,0.590530,mismatch
3137HDGR5,Factor,0.7,0.640756,-0.059244,mismatch
3137HDGR5,Life CPR,12.3,,,api_missing
3137HDGR5,GWAC,,,,both_missing
3137HDGR5,WALA,,,,both_missing
3137HDGR5,WALS,,,,both_missing
3137HDGR5,MaxServicerName,,,,ok
3137HDGR5,MaxServicerPercent,,,,ok
3137HDGR5,Eff. Dur,0.36,0.657400,0.297400,mismatch
3137HDGR5,DV01,0.0,0.006722,0.006722,ok
3137HDGR5,Dollar Return,0.5,1.241724,0.741724,mismatch
3137HDGR5,Eff. Dur.1,-0.08,0.791100,0.871100,mismatch
3137HDGR5,DV01.1,0.0,0.008061,0.008061,ok
3137HDGR5,Dollar Return.1,0.36,0.906909,0.546909,mismatch
3137HDGR5,Eff. Dur.2,2.52,2.561300,0.041300,mismatch
3137HDGR5,DV01.2,0.03,0.025510,-0.004490,ok
3137HDGR5,Dollar Return.2,-1.88,-1.337435,0.542565,mismatch
3137HDGR5,Eff. Dur.3,3.43,2.890100,-0.539900,mismatch
3137HDGR5,DV01.3,0.03,0.027973,-0.002027,ok
3137HDGR5,Dollar Return.3,-4.82,-4.070338,0.749662,mismatch
3137HHMA6,Forward Yield,4.9,4.881338,-0.018662,mismatch
3137HHMA6,Effective Duration,1.06,1.161240,0.101240,mismatch
3137HHMA6,Effective Convexity,-2.12,-1.607095,0.512905,mismatch
3137HHMA6,Effective DV01,0.011,0.011783,0.000783,ok
3137HHMA6,Dollar Duration,3912.0,,,api_missing
3137HHMA6,1YR,0.41,0.411100,0.001100,ok
3137HHMA6,2YR,0.38,0.391500,0.011500,mismatch
3137HHMA6,3YR,0.36,0.371300,0.011300,mismatch
3137HHMA6,5YR,0.37,0.384300,0.014300,mismatch
3137HHMA6,10YR,-0.18,-0.155000,0.025000,mismatch
3137HHMA6,20YR,-0.25,-0.217800,0.032200,mismatch
3137HHMA6,30YR,-0.04,-0.031300,0.008700,ok
3137HHMA6,Average Life,2.4,2.371600,-0.028400,mismatch
3137HHMA6,LT CPR,14.8,,,api_missing
3137HHMA6,OAS,74.0,74.748700,0.748700,mismatch
3137HHMA6,Z-Spread,135.0,133.879242,-1.120758,mismatch
3137HHMA6,Factor,0.83,0.754294,-0.075706,mismatch
3137HHMA6,Life CPR,8.7,,,api_missing
3137HHMA6,GWAC,6.55,,,api_missing
3137HHMA6,WALA,19.0,,,api_missing
3137HHMA6,WALS,266066.0,,,api_missing
3137HHMA6,MaxServicerName,,,,ok
3137HHMA6,MaxServicerPercent,,,,ok
3137HHMA6,Eff. Dur,0.32,0.644500,0.324500,mismatch
3137HHMA6,DV01,0.0,0.006594,0.006594,ok
3137HHMA6,Dollar Return,0.09,0.866918,0.776918,mismatch
3137HHMA6,Eff. Dur.1,-0.41,0.820700,1.230700,mismatch
3137HHMA6,DV01.1,0.0,0.008385,0.008385,ok
3137HHMA6,Dollar Return.1,0.17,0.721177,0.551177,mismatch
3137HHMA6,Eff. Dur.2,2.69,2.850700,0.160700,mismatch
3137HHMA6,DV01.2,0.03,0.028504,-0.001496,ok
3137HHMA6,Dollar Return.2,-1.98,-1.387677,0.592323,mismatch
3137HHMA6,Eff. Dur.3,3.6,3.037800,-0.562200,mismatch
3137HHMA6,DV01.3,0.03,0.029481,-0.000519,ok
3137HHMA6,Dollar Return.3,-5.11,-4.239184,0.870816,mismatch
3137HJEG8,Forward Yield,4.4,4.400520,0.000520,ok
3137HJEG8,Effective Duration,0.51,0.744088,0.234088,mismatch
3137HJEG8,Effective Convexity,-1.99,-1.485672,0.504328,mismatch
3137HJEG8,Effective DV01,0.005,0.007595,0.002595,ok
3137HJEG8,Dollar Duration,5231.0,,,api_missing
3137HJEG8,1YR,0.46,0.462900,0.002900,ok
3137HJEG8,2YR,0.35,0.384700,0.034700,mismatch
3137HJEG8,3YR,0.28,0.315200,0.035200,mismatch
3137HJEG8,5YR,0.13,0.183900,0.053900,mismatch
3137HJEG8,10YR,-0.39,-0.320200,0.069800,mismatch
3137HJEG8,20YR,-0.32,-0.264000,0.056000,mismatch
3137HJEG8,30YR,-0.04,-0.037300,0.002700,ok
3137HJEG8,Average Life,2.1,2.066200,-0.033800,mismatch
3137HJEG8,LT CPR,18.6,,,api_missing
3137HJEG8,OAS,34.0,36.502700,2.502700,mismatch
3137HJEG8,Z-Spread,80.0,80.794952,0.794952,mismatch
3137HJEG8,Factor,0.82,0.749694,-0.070306,mismatch
3137HJEG8,Life CPR,11.5,,,api_missing
3137HJEG8,GWAC,6.92,,,api_missing
3137HJEG8,WALA,13.0,,,api_missing
3137HJEG8,WALS,245058.0,,,api_missing
3137HJEG8,MaxServicerName,,,,ok
3137HJEG8,MaxServicerPercent,,,,ok
3137HJEG8,Eff. Dur,0.34,0.673400,0.333400,mismatch
3137HJEG8,DV01,0.0,0.006916,0.006916,ok
3137HJEG8,Dollar Return,-0.15,0.641310,0.791310,mismatch
3137HJEG8,Eff. Dur.1,-0.41,0.820000,1.230000,mismatch
3137HJEG8,DV01.1,0.0,0.008405,0.008405,ok
3137HJEG8,Dollar Return.1,-0.12,0.454526,0.574526,mismatch
3137HJEG8,Eff. Dur.2,2.24,2.749200,0.509200,mismatch
3137HJEG8,DV01.2,0.02,0.027764,0.007764,ok
3137HJEG8,Dollar Return.2,-1.46,-1.019333,0.440667,mismatch
3137HJEG8,Eff. Dur.3,3.33,3.037600,-0.292400,mismatch
3137HJEG8,DV01.3,0.03,0.029858,-0.000142,ok
3137HJEG8,Dollar Return.3,-4.28,-3.644215,0.635785,mismatch
3137HJTQ0,Forward Yield,4.53,4.504339,-0.025661,mismatch
3137HJTQ0,Effective Duration,0.66,0.846396,0.186396,mismatch
3137HJTQ0,Effective Convexity,-2.15,-1.586685,0.563315,mismatch
3137HJTQ0,Effective DV01,0.007,0.008638,0.001638,ok
3137HJTQ0,Dollar Duration,4259.0,,,api_missing
3137HJTQ0,1YR,0.45,0.446300,-0.003700,ok
3137HJTQ0,2YR,0.36,0.385300,0.025300,mismatch
3137HJTQ0,3YR,0.31,0.330000,0.020000,mismatch
3137HJTQ0,5YR,0.2,0.239300,0.039300,mismatch
3137HJTQ0,10YR,-0.33,-0.269500,0.060500,mismatch
3137HJTQ0,20YR,-0.31,-0.264700,0.045300,mismatch
3137HJTQ0,30YR,-0.05,-0.038100,0.011900,mismatch
3137HJTQ0,Average Life,2.3,2.214200,-0.085800,mismatch
3137HJTQ0,LT CPR,18.1,,,api_missing
3137HJTQ0,OAS,41.0,40.704500,-0.295500,mismatch
3137HJTQ0,Z-Spread,93.0,90.851601,-2.148399,mismatch
3137HJTQ0,Factor,0.82,0.749624,-0.070376,mismatch
3137HJTQ0,Life CPR,11.4,,,api_missing
3137HJTQ0,GWAC,6.94,,,api_missing
3137HJTQ0,WALA,16.0,,,api_missing
3137HJTQ0,WALS,251253.0,,,api_missing
3137HJTQ0,MaxServicerName,,,,ok
3137HJTQ0,MaxServicerPercent,,,,ok
3137HJTQ0,Eff. Dur,0.34,0.690800,0.350800,mismatch
3137HJTQ0,DV01,0.0,0.007097,0.007097,ok
3137HJTQ0,Dollar Return,-0.09,0.721156,0.811156,mismatch
3137HJTQ0,Eff. Dur.1,-0.41,0.839100,1.249100,mismatch
3137HJTQ0,DV01.1,0.0,0.008603,0.008603,ok
3137HJTQ0,Dollar Return.1,-0.06,0.515702,0.575702,mismatch
3137HJTQ0,Eff. Dur.2,2.47,2.889000,0.419000,mismatch
3137HJTQ0,DV01.2,0.02,0.029124,0.009124,ok
3137HJTQ0,Dollar Return.2,-1.67,-1.163365,0.506635,mismatch
3137HJTQ0,Eff. Dur.3,3.56,3.172600,-0.387400,mismatch
3137HJTQ0,DV01.3,0.03,0.031077,0.001077,ok
3137HJTQ0,Dollar Return.3,-4.71,-3.961624,0.748376,mismatch
3137HK5V2,Forward Yield,4.94,4.939678,-0.000322,ok
3137HK5V2,Effective Duration,1.33,1.437294,0.107294,mismatch
3137HK5V2,Effective Convexity,-2.1,-1.703333,0.396667,mismatch
3137HK5V2,Effective DV01,0.014,0.014589,0.000589,ok
3137HK5V2,Dollar Duration,6197.0,,,api_missing
3137HK5V2,1YR,0.4,0.392700,-0.007300,ok
3137HK5V2,2YR,0.41,0.427800,0.017800,mismatch
3137HK5V2,3YR,0.4,0.422000,0.022000,mismatch
3137HK5V2,5YR,0.47,0.491400,0.021400,mismatch
3137HK5V2,10YR,-0.09,-0.060400,0.029600,mismatch
3137HK5V2,20YR,-0.23,-0.208700,0.021300,mismatch
3137HK5V2,30YR,-0.03,-0.030400,-0.000400,ok
3137HK5V2,Average Life,2.7,2.708300,0.008300,ok
3137HK5V2,LT CPR,14.1,,,api_missing
3137HK5V2,OAS,80.0,80.585700,0.585700,mismatch
3137HK5V2,Z-Spread,141.0,140.816956,-0.183044,mismatch
3137HK5V2,Factor,0.89,0.854416,-0.035584,mismatch
3137HK5V2,Life CPR,7.8,,,api_missing
3137HK5V2,GWAC,,,,both_missing
3137HK5V2,WALA,,,,both_missing
3137HK5V2,WALS,,,,both_missing
3137HK5V2,MaxServicerName,,,,ok
3137HK5V2,MaxServicerPercent,,,,ok
3137HK5V2,Eff. Dur,0.28,0.700700,0.420700,mismatch
3137HK5V2,DV01,0.0,0.007182,0.007182,ok
3137HK5V2,Dollar Return,0.19,1.045425,0.855425,mismatch
3137HK5V2,Eff. Dur.1,-0.36,0.953500,1.313500,mismatch
3137HK5V2,DV01.1,0.0,0.009763,0.009763,ok
3137HK5V2,Dollar Return.1,0.36,0.936060,0.576060,mismatch
3137HK5V2,Eff. Dur.2,2.95,3.086900,0.136900,mismatch
3137HK5V2,DV01.2,0.03,0.030770,0.000770,ok
3137HK5V2,Dollar Return.2,-2.24,-1.726524,0.513476,mismatch
3137HK5V2,Eff. Dur.3,3.89,3.367700,-0.522300,mismatch
3137HK5V2,DV01.3,0.04,0.032450,-0.007550,ok
3137HK5V2,Dollar Return.3,-5.63,-4.988782,0.641218,mismatch
3137HK5Z3,Forward Yield,4.92,4.901742,-0.018258,mismatch
3137HK5Z3,Effective Duration,1.48,1.507401,0.027401,mismatch
3137HK5Z3,Effective Convexity,-1.87,-1.421739,0.448261,mismatch
3137HK5Z3,Effective DV01,0.015,0.015160,0.000160,ok
3137HK5Z3,Dollar Duration,9756.0,,,api_missing
3137HK5Z3,1YR,0.41,0.405200,-0.004800,ok
3137HK5Z3,2YR,0.38,0.385700,0.005700,ok
3137HK5Z3,3YR,0.36,0.364400,0.004400,ok
3137HK5Z3,5YR,0.42,0.405600,-0.014400,mismatch
3137HK5Z3,10YR,0.03,0.034400,0.004400,ok
3137HK5Z3,20YR,-0.09,-0.072300,0.017700,mismatch
3137HK5Z3,30YR,-0.01,-0.008200,0.001800,ok
3137HK5Z3,Average Life,2.2,2.084400,-0.115600,mismatch
3137HK5Z3,LT CPR,18.4,,,api_missing
3137HK5Z3,OAS,88.0,89.021200,1.021200,mismatch
3137HK5Z3,Z-Spread,143.0,142.089844,-0.910156,mismatch
3137HK5Z3,Factor,0.86,0.805221,-0.054779,mismatch
3137HK5Z3,Life CPR,10.7,,,api_missing
3137HK5Z3,GWAC,6.93,,,api_missing
3137HK5Z3,WALA,12.0,,,api_missing
3137HK5Z3,WALS,262229.0,,,api_missing
3137HK5Z3,MaxServicerName,,,,ok
3137HK5Z3,MaxServicerPercent,,,,ok
3137HK5Z3,Eff. Dur,0.41,0.656700,0.246700,mismatch
3137HK5Z3,DV01,0.0,0.006703,0.006703,ok
3137HK5Z3,Dollar Return,0.85,1.549452,0.699452,mismatch
3137HK5Z3,Eff. Dur.1,0.03,0.779400,0.749400,mismatch
3137HK5Z3,DV01.1,0.0,0.007923,0.007923,ok
3137HK5Z3,Dollar Return.1,0.64,1.147982,0.507982,mismatch
3137HK5Z3,Eff. Dur.2,2.91,2.769400,-0.140600,mismatch
3137HK5Z3,DV01.2,0.03,0.027368,-0.002632,ok
3137HK5Z3,Dollar Return.2,-2.26,-1.641824,0.618176,mismatch
3137HK5Z3,Eff. Dur.3,3.81,3.038500,-0.771500,mismatch
3137HK5Z3,DV01.3,0.04,0.029101,-0.010899,mismatch
3137HK5Z3,Dollar Return.3,-5.54,-4.638783,0.901217,mismatch
3137HKCN2,Forward Yield,4.74,4.698931,-0.041069,mismatch
3137HKCN2,Effective Duration,0.95,1.053051,0.103051,mismatch
3137HKCN2,Effective Convexity,-2.11,-1.555693,0.554307,mismatch
3137HKCN2,Effective DV01,0.01,0.010706,0.000706,ok
3137HKCN2,Dollar Duration,5423.0,,,api_missing
3137HKCN2,1YR,0.43,0.422000,-0.008000,ok
3137HKCN2,2YR,0.37,0.382100,0.012100,mismatch
3137HKCN2,3YR,0.34,0.345400,0.005400,ok
3137HKCN2,5YR,0.29,0.302100,0.012100,mismatch
3137HKCN2,10YR,-0.2,-0.164300,0.035700,mismatch
3137HKCN2,20YR,-0.25,-0.214500,0.035500,mismatch
3137HKCN2,30YR,-0.04,-0.030800,0.009200,ok
3137HKCN2,Average Life,2.3,2.242200,-0.057800,mismatch
3137HKCN2,LT CPR,18.0,,,api_missing
3137HKCN2,OAS,61.0,59.265000,-1.735000,mismatch
3137HKCN2,Z-Spread,116.0,112.866768,-3.133232,mismatch
3137HKCN2,Factor,0.84,0.750967,-0.089033,mismatch
3137HKCN2,Life CPR,11.8,,,api_missing
3137HKCN2,GWAC,6.95,,,api_missing
3137HKCN2,WALA,18.0,,,api_missing
3137HKCN2,WALS,240511.0,,,api_missing
3137HKCN2,MaxServicerName,,,,ok
3137HKCN2,MaxServicerPercent,,,,ok
3137HKCN2,Eff. Dur,0.36,0.691100,0.331100,mismatch
3137HKCN2,DV01,0.0,0.007091,0.007091,ok
3137HKCN2,Dollar Return,0.23,0.988027,0.758027,mismatch
3137HKCN2,Eff. Dur.1,-0.24,0.841000,1.081000,mismatch
3137HKCN2,DV01.1,0.0,0.008607,0.008607,ok
3137HKCN2,Dollar Return.1,0.19,0.724822,0.534822,mismatch
3137HKCN2,Eff. Dur.2,2.69,2.881100,0.191100,mismatch
3137HKCN2,DV01.2,0.03,0.028883,-0.001117,ok
3137HKCN2,Dollar Return.2,-1.92,-1.329784,0.590216,mismatch
3137HKCN2,Eff. Dur.3,3.72,3.169700,-0.550300,mismatch
3137HKCN2,DV01.3,0.04,0.030846,-0.009154,ok
3137HKCN2,Dollar Return.3,-5.12,-4.213927,0.906073,mismatch
3137HL3K6,Forward Yield,4.89,4.894269,0.004269,ok
3137HL3K6,Effective Duration,2.91,2.942876,0.032876,mismatch
3137HL3K6,Effective Convexity,-2.32,-1.931866,0.388134,mismatch
3137HL3K6,Effective DV01,0.029,0.029563,0.000563,ok
3137HL3K6,Dollar Duration,13804.0,,,api_missing
3137HL3K6,1YR,0.28,0.263600,-0.016400,mismatch
3137HL3K6,2YR,0.35,0.355500,0.005500,ok
3137HL3K6,3YR,0.45,0.460000,0.010000,mismatch
3137HL3K6,5YR,0.85,0.859400,0.009400,ok
3137HL3K6,10YR,0.92,0.925900,0.005900,ok
3137HL3K6,20YR,0.1,0.103800,0.003800,ok
3137HL3K6,30YR,-0.01,-0.006000,0.004000,ok
3137HL3K6,Average Life,4.3,4.222600,-0.077400,mismatch
3137HL3K6,LT CPR,11.3,,,api_missing
3137HL3K6,OAS,58.0,58.613500,0.613500,mismatch
3137HL3K6,Z-Spread,128.0,129.047211,1.047211,mismatch
3137HL3K6,Factor,0.93,0.883853,-0.046147,mismatch
3137HL3K6,Life CPR,6.1,,,api_missing
3137HL3K6,GWAC,,,,both_missing
3137HL3K6,WALA,,,,both_missing
3137HL3K6,WALS,,,,both_missing
3137HL3K6,MaxServicerName,,,,ok
3137HL3K6,MaxServicerPercent,,,,ok
3137HL3K6,Eff. Dur,0.5,0.974200,0.474200,mismatch
3137HL3K6,DV01,0.01,0.010065,0.000065,ok
3137HL3K6,Dollar Return,2.04,2.888739,0.848739,mismatch
3137HL3K6,Eff. Dur.1,0.55,1.383200,0.833200,mismatch
3137HL3K6,DV01.1,0.01,0.014199,0.004199,ok
3137HL3K6,Dollar Return.1,1.69,2.231736,0.541736,mismatch
3137HL3K6,Eff. Dur.2,4.67,4.688400,0.018400,mismatch
3137HL3K6,DV01.2,0.05,0.045500,-0.004500,ok
3137HL3K6,Dollar Return.2,-3.86,-3.272539,0.587461,mismatch
3137HL3K6,Eff. Dur.3,5.68,4.899900,-0.780100,mismatch
3137HL3K6,DV01.3,0.05,0.045189,-0.004811,ok
3137HL3K6,Dollar Return.3,-8.78,-8.012927,0.767073,mismatch
3137HLB43,Forward Yield,4.77,4.762430,-0.007570,ok
3137HLB43,Effective Duration,1.88,1.921233,0.041233,mismatch
3137HLB43,Effective Convexity,-1.89,-1.507207,0.382793,mismatch
3137HLB43,Effective DV01,0.019,0.019308,0.000308,ok
3137HLB43,Dollar Duration,4264.0,,,api_missing
3137HLB43,1YR,0.36,0.352800,-0.007200,ok
3137HLB43,2YR,0.38,0.394000,0.014000,mismatch
3137HLB43,3YR,0.41,0.421100,0.011100,mismatch
3137HLB43,5YR,0.56,0.568000,0.008000,ok
3137HLB43,10YR,0.24,0.243800,0.003800,ok
3137HLB43,20YR,-0.05,-0.042500,0.007500,ok
3137HLB43,30YR,-0.01,-0.004900,0.005100,ok
3137HLB43,Average Life,2.6,2.581500,-0.018500,mismatch
3137HLB43,LT CPR,17.3,,,api_missing
3137HLB43,OAS,65.0,66.139200,1.139200,mismatch
3137HLB43,Z-Spread,126.0,126.862869,0.862869,mismatch
3137HLB43,Factor,0.88,0.806871,-0.073129,mismatch
3137HLB43,Life CPR,11.0,,,api_missing
3137HLB43,GWAC,,,,both_missing
3137HLB43,WALA,,,,both_missing
3137HLB43,WALS,,,,both_missing
3137HLB43,MaxServicerName,,,,ok
3137HLB43,MaxServicerPercent,,,,ok
3137HLB43,Eff. Dur,0.44,0.749200,0.309200,mismatch
3137HLB43,DV01,0.0,0.007671,0.007671,ok
3137HLB43,Dollar Return,1.23,1.911350,0.681350,mismatch
3137HLB43,Eff. Dur.1,0.26,0.932500,0.672500,mismatch
3137HLB43,DV01.1,0.0,0.009503,0.009503,ok
3137HLB43,Dollar Return.1,0.97,1.446498,0.476498,mismatch
3137HLB43,Eff. Dur.2,3.4,3.248400,-0.151600,mismatch
3137HLB43,DV01.2,0.03,0.031921,0.001921,ok
3137HLB43,Dollar Return.2,-2.7,-2.101340,0.598660,mismatch
3137HLB43,Eff. Dur.3,4.31,3.527900,-0.782100,mismatch
3137HLB43,DV01.3,0.04,0.033407,-0.006593,ok
3137HLB43,Dollar Return.3,-6.44,-5.586330,0.853670,mismatch
3137HLDB5,Forward Yield,4.79,4.785535,-0.004465,ok
3137HLDB5,Effective Duration,1.82,1.864693,0.044693,mismatch
3137HLDB5,Effective Convexity,-1.9,-1.507677,0.392323,mismatch
3137HLDB5,Effective DV01,0.018,0.018717,0.000717,ok
3137HLDB5,Dollar Duration,4499.0,,,api_missing
3137HLDB5,1YR,0.38,0.371100,-0.008900,ok
3137HLDB5,2YR,0.38,0.394100,0.014100,mismatch
3137HLDB5,3YR,0.39,0.401900,0.011900,mismatch
3137HLDB5,5YR,0.53,0.530800,0.000800,ok
3137HLDB5,10YR,0.2,0.208800,0.008800,ok
3137HLDB5,20YR,-0.04,-0.026700,0.013300,mismatch
3137HLDB5,30YR,0.0,-0.001900,-0.001900,ok
3137HLDB5,Average Life,2.4,2.378200,-0.021800,mismatch
3137HLDB5,LT CPR,17.9,,,api_missing
3137HLDB5,OAS,70.0,71.441700,1.441700,mismatch
3137HLDB5,Z-Spread,131.0,131.174927,0.174927,mismatch
3137HLDB5,Factor,0.88,0.811086,-0.068914,mismatch
3137HLDB5,Life CPR,10.5,,,api_missing
3137HLDB5,GWAC,6.92,,,api_missing
3137HLDB5,WALA,11.0,,,api_missing
3137HLDB5,WALS,248136.0,,,api_missing
3137HLDB5,MaxServicerName,,,,ok
3137HLDB5,MaxServicerPercent,,,,ok
3137HLDB5,Eff. Dur,0.43,0.709000,0.279000,mismatch
3137HLDB5,DV01,0.0,0.007246,0.007246,ok
3137HLDB5,Dollar Return,1.17,1.861827,0.691827,mismatch
3137HLDB5,Eff. Dur.1,0.22,0.864900,0.644900,mismatch
3137HLDB5,DV01.1,0.0,0.008799,0.008799,ok
3137HLDB5,Dollar Return.1,0.92,1.412877,0.492877,mismatch
3137HLDB5,Eff. Dur.2,3.3,3.140400,-0.159600,mismatch
3137HLDB5,DV01.2,0.03,0.030843,0.000843,ok
3137HLDB5,Dollar Return.2,-2.61,-2.038905,0.571095,mismatch
3137HLDB5,Eff. Dur.3,4.23,3.441600,-0.788400,mismatch
3137HLDB5,DV01.3,0.04,0.032599,-0.007401,ok
3137HLDB5,Dollar Return.3,-6.26,-5.462678,0.797322,mismatch
3137HLJN3,Forward Yield,4.71,4.712771,0.002771,ok
3137HLJN3,Effective Duration,1.62,1.761378,0.141378,mismatch
3137HLJN3,Effective Convexity,-2.0,-1.553815,0.446185,mismatch
3137HLJN3,Effective DV01,0.017,0.017858,0.000858,ok
3137HLJN3,Dollar Duration,7359.0,,,api_missing
3137HLJN3,1YR,0.36,0.347500,-0.012500,mismatch
3137HLJN3,2YR,0.36,0.377000,0.017000,mismatch
3137HLJN3,3YR,0.43,0.452300,0.022300,mismatch
3137HLJN3,5YR,0.56,0.595300,0.035300,mismatch
3137HLJN3,10YR,0.12,0.154900,0.034900,mismatch
3137HLJN3,20YR,-0.17,-0.144000,0.026000,mismatch
3137HLJN3,30YR,-0.03,-0.022400,0.007600,ok
3137HLJN3,Average Life,2.8,2.791600,-0.008400,ok
3137HLJN3,LT CPR,19.0,,,api_missing
3137HLJN3,OAS,59.0,61.060900,2.060900,mismatch
3137HLJN3,Z-Spread,114.0,114.891991,0.891991,mismatch
3137HLJN3,Factor,0.89,0.838752,-0.051248,mismatch
3137HLJN3,Life CPR,14.3,,,api_missing
3137HLJN3,GWAC,6.95,,,api_missing
3137HLJN3,WALA,18.0,,,api_missing
3137HLJN3,WALS,260536.0,,,api_missing
3137HLJN3,MaxServicerName,,,,ok
3137HLJN3,MaxServicerPercent,,,,ok
3137HLJN3,Eff. Dur,0.55,0.915200,0.365200,mismatch
3137HLJN3,DV01,0.01,0.009452,-0.000548,ok
3137HLJN3,Dollar Return,1.13,1.921149,0.791149,mismatch
3137HLJN3,Eff. Dur.1,0.22,1.128100,0.908100,mismatch
3137HLJN3,DV01.1,0.0,0.011585,0.011585,mismatch
3137HLJN3,Dollar Return.1,0.79,1.348297,0.558297,mismatch
3137HLJN3,Eff. Dur.2,3.23,3.433600,0.203600,mismatch
3137HLJN3,DV01.2,0.03,0.034089,0.004089,ok
3137HLJN3,Dollar Return.2,-2.52,-2.006948,0.513052,mismatch
3137HLJN3,Eff. Dur.3,4.14,3.724400,-0.415600,mismatch
3137HLJN3,DV01.3,0.04,0.035669,-0.004331,ok
3137HLJN3,Dollar Return.3,-6.14,-5.448663,0.691337,mismatch
31393DYT2,Forward Yield,4.15,4.113445,-0.036555,mismatch
31393DYT2,Effective Duration,1.1,1.191648,0.091648,mismatch
31393DYT2,Effective Convexity,-0.01,-0.014211,-0.004211,ok
31393DYT2,Effective DV01,0.011,0.011813,0.000813,ok
31393DYT2,Dollar Duration,1.0,,,api_missing
31393DYT2,1YR,0.5,0.484200,-0.015800,mismatch
31393DYT2,2YR,0.53,0.608800,0.078800,mismatch
31393DYT2,3YR,0.05,0.090800,0.040800,mismatch
31393DYT2,5YR,0.01,0.008200,-0.001800,ok
31393DYT2,10YR,0.0,-0.001700,-0.001700,ok
31393DYT2,20YR,0.0,0.001400,0.001400,ok
31393DYT2,30YR,0.0,0.000300,0.000300,ok
31393DYT2,Average Life,1.1,1.236100,0.136100,mismatch
31393DYT2,LT CPR,10.6,,,api_missing
31393DYT2,OAS,74.0,71.618200,-2.381800,mismatch
31393DYT2,Z-Spread,73.0,70.600319,-2.399681,mismatch
31393DYT2,Factor,0.0,0.004224,0.004224,ok
31393DYT2,Life CPR,16.3,,,api_missing
31393DYT2,GWAC,5.93,,,api_missing
31393DYT2,WALA,271.0,,,api_missing
31393DYT2,WALS,63054.0,,,api_missing
31393DYT2,MaxServicerName,,,,ok
31393DYT2,MaxServicerPercent,,,,ok
31393DYT2,Eff. Dur,0.97,1.066100,0.096100,mismatch
31393DYT2,DV01,0.01,0.010828,0.000828,ok
31393DYT2,Dollar Return,2.11,2.455534,0.345534,mismatch
31393DYT2,Eff. Dur.1,1.06,1.101700,0.041700,mismatch
31393DYT2,DV01.1,0.01,0.011073,0.001073,ok
31393DYT2,Dollar Return.1,1.08,1.420927,0.340927,mismatch
31393DYT2,Eff. Dur.2,1.13,1.123700,-0.006300,ok
31393DYT2,DV01.2,0.01,0.011043,0.001043,ok
31393DYT2,Dollar Return.2,-1.1,-0.759816,0.340184,mismatch
31393DYT2,Eff. Dur.3,1.14,1.136500,-0.003500,ok
31393DYT2,DV01.3,0.01,0.011039,0.001039,ok
31393DYT2,Dollar Return.3,-2.21,-1.870781,0.339219,mismatch
31397N6V2,Forward Yield,4.91,4.920012,0.010012,mismatch
31397N6V2,Effective Duration,3.52,3.623444,0.103444,mismatch
31397N6V2,Effective Convexity,-0.64,-0.536734,0.103266,mismatch
31397N6V2,Effective DV01,0.036,0.036731,0.000731,ok
31397N6V2,Dollar Duration,18.0,,,api_missing
31397N6V2,1YR,0.2,0.182000,-0.018000,mismatch
31397N6V2,2YR,0.27,0.283900,0.013900,mismatch
31397N6V2,3YR,0.5,0.522400,0.022400,mismatch
31397N6V2,5YR,1.2,1.247400,0.047400,mismatch
31397N6V2,10YR,1.36,1.405000,0.045000,mismatch
31397N6V2,20YR,0.0,0.001800,0.001800,ok
31397N6V2,30YR,-0.02,-0.015300,0.004700,ok
31397N6V2,Average Life,4.6,4.713600,0.113600,mismatch
31397N6V2,LT CPR,9.0,,,api_missing
31397N6V2,OAS,110.0,111.183800,1.183800,mismatch
31397N6V2,Z-Spread,126.0,127.577515,1.577515,mismatch
31397N6V2,Factor,0.0,0.000508,0.000508,ok
31397N6V2,Life CPR,34.9,,,api_missing
31397N6V2,GWAC,5.75,,,api_missing
31397N6V2,WALA,211.0,,,api_missing
31397N6V2,WALS,452158.0,,,api_missing
31397N6V2,MaxServicerName,"BANK OF AMERICA, NATIONAL ASSOCIATION",,,mismatch
31397N6V2,MaxServicerPercent,100,,,mismatch
31397N6V2,Eff. Dur,2.46,2.984200,0.524200,mismatch
31397N6V2,DV01,0.03,0.032196,0.002196,ok
31397N6V2,Dollar Return,5.94,6.568766,0.628766,mismatch
31397N6V2,Eff. Dur.1,2.76,3.316200,0.556200,mismatch
31397N6V2,DV01.1,0.03,0.034830,0.004830,ok
31397N6V2,Dollar Return.1,3.23,3.723752,0.493752,mismatch
31397N6V2,Eff. Dur.2,4.02,4.152600,0.132600,mismatch
31397N6V2,DV01.2,0.04,0.040651,0.000651,ok
31397N6V2,Dollar Return.2,-3.8,-3.380128,0.419872,mismatch
31397N6V2,Eff. Dur.3,4.24,4.182100,-0.057900,mismatch
31397N6V2,DV01.3,0.04,0.039268,-0.000732,ok
31397N6V2,Dollar Return.3,-7.78,-7.359472,0.420528,mismatch
31398FXJ5,Forward Yield,5.06,5.045900,-0.014100,mismatch
31398FXJ5,Effective Duration,5.76,5.838273,0.078273,mismatch
31398FXJ5,Effective Convexity,0.01,0.010819,0.000819,ok
31398FXJ5,Effective DV01,0.054,0.054902,0.000902,ok
31398FXJ5,Dollar Duration,13.0,,,api_missing
31398FXJ5,1YR,0.12,0.102800,-0.017200,mismatch
31398FXJ5,2YR,0.18,0.183700,0.003700,ok
31398FXJ5,3YR,0.38,0.388000,0.008000,ok
31398FXJ5,5YR,1.2,1.216900,0.016900,mismatch
31398FXJ5,10YR,2.47,2.520300,0.050300,mismatch
31398FXJ5,20YR,1.38,1.400500,0.020500,mismatch
31398FXJ5,30YR,0.04,0.038200,-0.001800,ok
31398FXJ5,Average Life,7.2,7.315600,0.115600,mismatch
31398FXJ5,LT CPR,8.3,,,api_missing
31398FXJ5,OAS,112.0,110.349500,-1.650500,mismatch
31398FXJ5,Z-Spread,127.0,126.161484,-0.838516,mismatch
31398FXJ5,Factor,0.03,0.031149,0.001149,ok
31398FXJ5,Life CPR,23.7,,,api_missing
31398FXJ5,GWAC,6.61,,,api_missing
31398FXJ5,WALA,217.0,,,api_missing
31398FXJ5,WALS,186193.0,,,api_missing
31398FXJ5,MaxServicerName,,,,ok
31398FXJ5,MaxServicerPercent,,,,ok
31398FXJ5,Eff. Dur,4.55,4.655000,0.105000,mismatch
31398FXJ5,DV01,0.05,0.048780,-0.001220,ok
31398FXJ5,Dollar Return,10.34,10.808220,0.468220,mismatch
31398FXJ5,Eff. Dur.1,5.23,5.108300,-0.121700,mismatch
31398FXJ5,DV01.1,0.05,0.050959,0.000959,ok
31398FXJ5,Dollar Return.1,5.36,5.786613,0.426613,mismatch
31398FXJ5,Eff. Dur.2,5.97,5.610400,-0.359600,mismatch
31398FXJ5,DV01.2,0.05,0.049908,-0.000092,ok
31398FXJ5,Dollar Return.2,-5.39,-4.989248,0.400752,mismatch
31398FXJ5,Eff. Dur.3,5.96,5.610200,-0.349800,mismatch
31398FXJ5,DV01.3,0.05,0.046993,-0.003007,ok
31398FXJ5,Dollar Return.3,-10.56,-10.168979,0.391021,mismatch
38374VUX5,Forward Yield,4.34,4.476175,0.136175,mismatch
38374VUX5,Effective Duration,0.2,0.229423,0.029423,mismatch
38374VUX5,Effective Convexity,-0.01,0.001177,0.011177,mismatch
38374VUX5,Effective DV01,0.002,0.002294,0.000294,ok
38374VUX5,Dollar Duration,0.0,,,api_missing
38374VUX5,1YR,0.21,0.229400,0.019400,mismatch
38374VUX5,2YR,0.0,0.000000,0.000000,ok
38374VUX5,3YR,0.0,0.000000,0.000000,ok
38374VUX5,5YR,0.0,0.000000,0.000000,ok
38374VUX5,10YR,0.0,0.000000,0.000000,ok
38374VUX5,20YR,0.0,0.000000,0.000000,ok
38374VUX5,30YR,0.0,0.000000,0.000000,ok
38374VUX5,Average Life,0.2,0.230100,0.030100,mismatch
38374VUX5,LT CPR,9.0,,,api_missing
38374VUX5,OAS,69.0,83.000800,14.000800,mismatch
38374VUX5,Z-Spread,65.0,79.961189,14.961189,mismatch
38374VUX5,Factor,0.0,0.001349,0.001349,ok
38374VUX5,Life CPR,22.0,,,api_missing
38374VUX5,GWAC,6.0,,,api_missing
38374VUX5,WALA,209.0,,,api_missing
38374VUX5,WALS,89232.0,,,api_missing
38374VUX5,MaxServicerName,,,,ok
38374VUX5,MaxServicerPercent,,,,ok
38374VUX5,Eff. Dur,0.16,0.163800,0.003800,ok
38374VUX5,DV01,0.0,0.001649,0.001649,ok
38374VUX5,Dollar Return,0.37,0.603030,0.233030,mismatch
38374VUX5,Eff. Dur.1,0.18,0.162900,-0.017100,mismatch
38374VUX5,DV01.1,0.0,0.001637,0.001637,ok
38374VUX5,Dollar Return.1,0.19,0.481183,0.291183,mismatch
38374VUX5,Eff. Dur.2,0.22,0.162200,-0.057800,mismatch
38374VUX5,DV01.2,0.0,0.001625,0.001625,ok
38374VUX5,Dollar Return.2,-0.21,0.238973,0.448973,mismatch
38374VUX5,Eff. Dur.3,0.24,0.162900,-0.077100,mismatch
38374VUX5,DV01.3,0.0,0.001629,0.001629,ok
38374VUX5,Dollar Return.3,-0.44,0.116628,0.556628,mismatch
38376CJT7,Forward Yield,4.02,4.039494,0.019494,mismatch
38376CJT7,Effective Duration,0.51,0.572320,0.062320,mismatch
38376CJT7,Effective Convexity,-0.06,-0.038727,0.021273,mismatch
38376CJT7,Effective DV01,0.005,0.005715,0.000715,ok
38376CJT7,Dollar Duration,0.0,,,api_missing
38376CJT7,1YR,0.52,0.569000,0.049000,mismatch
38376CJT7,2YR,0.0,0.007400,0.007400,ok
38376CJT7,3YR,0.0,-0.000500,-0.000500,ok
38376CJT7,5YR,0.0,-0.002300,-0.002300,ok
38376CJT7,10YR,0.0,-0.000300,-0.000300,ok
38376CJT7,20YR,0.0,-0.000900,-0.000900,ok
38376CJT7,30YR,0.0,-0.000100,-0.000100,ok
38376CJT7,Average Life,0.5,0.590600,0.090600,mismatch
38376CJT7,LT CPR,8.8,,,api_missing
38376CJT7,OAS,47.0,50.310400,3.310400,mismatch
38376CJT7,Z-Spread,44.0,48.434128,4.434128,mismatch
38376CJT7,Factor,0.0,0.003792,0.003792,ok
38376CJT7,Life CPR,17.9,,,api_missing
38376CJT7,GWAC,5.86,,,api_missing
38376CJT7,WALA,197.0,,,api_missing
38376CJT7,WALS,72834.0,,,api_missing
38376CJT7,MaxServicerName,,,,ok
38376CJT7,MaxServicerPercent,,,,ok
38376CJT7,Eff. Dur,0.34,0.451100,0.111100,mismatch
38376CJT7,DV01,0.0,0.004557,0.004557,ok
38376CJT7,Dollar Return,0.88,1.173769,0.293769,mismatch
38376CJT7,Eff. Dur.1,0.45,0.490400,0.040400,mismatch
38376CJT7,DV01.1,0.0,0.004934,0.004934,ok
38376CJT7,Dollar Return.1,0.48,0.788147,0.308147,mismatch
38376CJT7,Eff. Dur.2,0.58,0.534300,-0.045700,mismatch
38376CJT7,DV01.2,0.01,0.005321,-0.004679,ok
38376CJT7,Dollar Return.2,-0.55,-0.163170,0.386830,mismatch
38376CJT7,Eff. Dur.3,0.61,0.544600,-0.065400,mismatch
38376CJT7,DV01.3,0.01,0.005394,-0.004606,ok
38376CJT7,Dollar Return.3,-1.14,-0.678096,0.461904,mismatch
38381NUE6,Forward Yield,4.58,4.589810,0.009810,ok
38381NUE6,Effective Duration,1.41,1.599421,0.189421,mismatch
38381NUE6,Effective Convexity,-1.93,-1.337665,0.592335,mismatch
38381NUE6,Effective DV01,0.014,0.016121,0.002121,ok
38381NUE6,Dollar Duration,4748.0,,,api_missing
38381NUE6,1YR,0.38,0.375400,-0.004600,ok
38381NUE6,2YR,0.35,0.383600,0.033600,mismatch
38381NUE6,3YR,0.36,0.393600,0.033600,mismatch
38381NUE6,5YR,0.4,0.444200,0.044200,mismatch
38381NUE6,10YR,0.02,0.067200,0.047200,mismatch
38381NUE6,20YR,-0.09,-0.054200,0.035800,mismatch
38381NUE6,30YR,-0.01,-0.006100,0.003900,ok
38381NUE6,Average Life,2.0,2.075100,0.075100,mismatch
38381NUE6,LT CPR,17.1,,,api_missing
38381NUE6,OAS,56.0,59.254500,3.254500,mismatch
38381NUE6,Z-Spread,108.0,109.594139,1.594139,mismatch
38381NUE6,Factor,0.94,0.840514,-0.099486,mismatch
38381NUE6,Life CPR,10.0,,,api_missing
38381NUE6,GWAC,6.58,,,api_missing
38381NUE6,WALA,8.0,,,api_missing
38381NUE6,WALS,224624.0,,,api_missing
38381NUE6,MaxServicerName,,,,ok
38381NUE6,MaxServicerPercent,,,,ok
38381NUE6,Eff. Dur,0.33,0.730300,0.400300,mismatch
38381NUE6,DV01,0.0,0.007484,0.007484,ok
38381NUE6,Dollar Return,1.01,1.684657,0.674657,mismatch
38381NUE6,Eff. Dur.1,0.32,0.947800,0.627800,mismatch
38381NUE6,DV01.1,0.0,0.009675,0.009675,ok
38381NUE6,Dollar Return.1,0.74,1.292662,0.552662,mismatch
38381NUE6,Eff. Dur.2,3.04,2.827000,-0.213000,mismatch
38381NUE6,DV01.2,0.03,0.027973,-0.002027,ok
38381NUE6,Dollar Return.2,-2.26,-1.717480,0.542520,mismatch
38381NUE6,Eff. Dur.3,4.23,3.170100,-1.059900,mismatch
38381NUE6,DV01.3,0.04,0.030319,-0.009681,ok
38381NUE6,Dollar Return.3,-5.84,-4.906579,0.933421,mismatch
38381NZP6,Forward Yield,4.81,4.810394,0.000394,ok
38381NZP6,Effective Duration,3.72,3.705095,-0.014905,mismatch
38381NZP6,Effective Convexity,-1.22,-1.128201,0.091799,mismatch
38381NZP6,Effective DV01,0.038,0.037373,-0.000627,ok
38381NZP6,Dollar Duration,31669.0,,,api_missing
38381NZP6,1YR,0.19,0.180500,-0.009500,ok
38381NZP6,2YR,0.28,0.293100,0.013100,mismatch
38381NZP6,3YR,0.52,0.529600,0.009600,ok
38381NZP6,5YR,1.31,1.310700,0.000700,ok
38381NZP6,10YR,1.31,1.281500,-0.028500,mismatch
38381NZP6,20YR,0.13,0.119600,-0.010400,mismatch
38381NZP6,30YR,0.0,0.003300,0.003300,ok
38381NZP6,Average Life,4.6,4.618500,0.018500,mismatch
38381NZP6,LT CPR,11.9,,,api_missing
38381NZP6,OAS,76.0,75.685800,-0.314200,mismatch
38381NZP6,Z-Spread,119.0,119.515282,0.515282,mismatch
38381NZP6,Factor,0.97,0.962508,-0.007492,ok
38381NZP6,Life CPR,3.4,,,api_missing
38381NZP6,GWAC,6.51,,,api_missing
38381NZP6,WALA,15.0,,,api_missing
38381NZP6,WALS,322754.0,,,api_missing
38381NZP6,MaxServicerName,,,,ok
38381NZP6,MaxServicerPercent,,,,ok
38381NZP6,Eff. Dur,2.01,2.135200,0.125200,mismatch
38381NZP6,DV01,0.02,0.022738,0.002738,ok
38381NZP6,Dollar Return,5.45,5.678281,0.228281,mismatch
38381NZP6,Eff. Dur.1,2.5,2.582100,0.082100,mismatch
38381NZP6,DV01.1,0.03,0.026926,-0.003074,ok
38381NZP6,Dollar Return.1,3.15,3.476450,0.326450,mismatch
38381NZP6,Eff. Dur.2,4.88,4.649400,-0.230600,mismatch
38381NZP6,DV01.2,0.05,0.045103,-0.004897,ok
38381NZP6,Dollar Return.2,-4.3,-3.765190,0.534810,mismatch
38381NZP6,Eff. Dur.3,5.66,4.910700,-0.749300,mismatch
38381NZP6,DV01.3,0.05,0.045226,-0.004774,ok
38381NZP6,Dollar Return.3,-9.3,-8.657167,0.642833,mismatch
38381NZR2,Forward Yield,4.75,4.747603,-0.002397,ok
38381NZR2,Effective Duration,4.28,4.175007,-0.104993,mismatch
38381NZR2,Effective Convexity,-0.63,-0.635273,-0.005273,ok
38381NZR2,Effective DV01,0.043,0.042271,-0.000729,ok
38381NZR2,Dollar Duration,21207.0,,,api_missing
38381NZR2,1YR,0.13,0.123500,-0.006500,ok
38381NZR2,2YR,0.25,0.252000,0.002000,ok
38381NZR2,3YR,0.53,0.533500,0.003500,ok
38381NZR2,5YR,1.53,1.508200,-0.021800,mismatch
38381NZR2,10YR,1.72,1.644900,-0.075100,mismatch
38381NZR2,20YR,0.14,0.123900,-0.016100,mismatch
38381NZR2,30YR,0.0,-0.000600,-0.000600,ok
38381NZR2,Average Life,5.4,5.251200,-0.148800,mismatch
38381NZR2,LT CPR,9.5,,,api_missing
38381NZR2,OAS,78.0,77.890800,-0.109200,mismatch
38381NZR2,Z-Spread,109.0,109.792175,0.792175,mismatch
38381NZR2,Factor,0.98,0.957738,-0.022262,mismatch
38381NZR2,Life CPR,2.8,,,api_missing
38381NZR2,GWAC,6.51,,,api_missing
38381NZR2,WALA,12.0,,,api_missing
38381NZR2,WALS,233636.0,,,api_missing
38381NZR2,MaxServicerName,,,,ok
38381NZR2,MaxServicerPercent,,,,ok
38381NZR2,Eff. Dur,2.93,3.023700,0.093700,mismatch
38381NZR2,DV01,0.03,0.032837,0.002837,ok
38381NZR2,Dollar Return,7.39,7.403124,0.013124,mismatch
38381NZR2,Eff. Dur.1,3.47,3.514400,0.044400,mismatch
38381NZR2,DV01.1,0.04,0.037042,-0.002958,ok
38381NZR2,Dollar Return.1,4.0,4.218376,0.218376,mismatch
38381NZR2,Eff. Dur.2,5.08,4.704700,-0.375300,mismatch
38381NZR2,DV01.2,0.05,0.045682,-0.004318,ok
38381NZR2,Dollar Return.2,-4.65,-4.052361,0.597639,mismatch
38381NZR2,Eff. Dur.3,5.74,4.916900,-0.823100,mismatch
38381NZR2,DV01.3,0.05,0.045296,-0.004704,ok
38381NZR2,Dollar Return.3,-9.78,-9.010738,0.769262,mismatch
38381PAZ6,Forward Yield,4.84,4.840165,0.000165,ok
38381PAZ6,Effective Duration,2.05,2.086533,0.036533,mismatch
38381PAZ6,Effective Convexity,-2.14,-1.524712,0.615288,mismatch
38381PAZ6,Effective DV01,0.021,0.020966,-0.000034,ok
38381PAZ6,Dollar Duration,10029.0,,,api_missing
38381PAZ6,1YR,0.35,0.334600,-0.015400,mismatch
38381PAZ6,2YR,0.39,0.403400,0.013400,mismatch
38381PAZ6,3YR,0.44,0.453300,0.013300,mismatch
38381PAZ6,5YR,0.72,0.717000,-0.003000,ok
38381PAZ6,10YR,0.27,0.266800,-0.003200,ok
38381PAZ6,20YR,-0.09,-0.075100,0.014900,mismatch
38381PAZ6,30YR,-0.01,-0.009900,0.000100,ok
38381PAZ6,Average Life,2.9,2.882400,-0.017600,mismatch
38381PAZ6,LT CPR,11.7,,,api_missing
38381PAZ6,OAS,73.0,74.241900,1.241900,mismatch
38381PAZ6,Z-Spread,133.0,133.784714,0.784714,mismatch
38381PAZ6,Factor,0.99,0.955282,-0.034718,mismatch
38381PAZ6,Life CPR,0.6,,,api_missing
38381PAZ6,GWAC,6.06,,,api_missing
38381PAZ6,WALA,7.0,,,api_missing
38381PAZ6,WALS,250276.0,,,api_missing
38381PAZ6,MaxServicerName,,,,ok
38381PAZ6,MaxServicerPercent,,,,ok
38381PAZ6,Eff. Dur,0.21,0.707500,0.497500,mismatch
38381PAZ6,DV01,0.0,0.007239,0.007239,ok
38381PAZ6,Dollar Return,1.14,1.916124,0.776124,mismatch
38381PAZ6,Eff. Dur.1,0.28,1.028000,0.748000,mismatch
38381PAZ6,DV01.1,0.0,0.010488,0.010488,mismatch
38381PAZ6,Dollar Return.1,1.04,1.619537,0.579537,mismatch
38381PAZ6,Eff. Dur.2,3.77,3.429200,-0.340800,mismatch
38381PAZ6,DV01.2,0.04,0.033615,-0.006385,ok
38381PAZ6,Dollar Return.2,-2.97,-2.368997,0.601003,mismatch
38381PAZ6,Eff. Dur.3,4.84,3.686300,-1.153700,mismatch
38381PAZ6,DV01.3,0.05,0.034688,-0.015312,mismatch
38381PAZ6,Dollar Return.3,-7.12,-6.287199,0.832801,mismatch
38381PC84,Forward Yield,4.64,4.637233,-0.002767,ok
38381PC84,Effective Duration,1.68,1.777030,0.097030,mismatch
38381PC84,Effective Convexity,-2.23,-1.538198,0.691802,mismatch
38381PC84,Effective DV01,0.017,0.017918,0.000918,ok
38381PC84,Dollar Duration,12432.0,,,api_missing
38381PC84,1YR,0.37,0.358800,-0.011200,mismatch
38381PC84,2YR,0.35,0.371100,0.021100,mismatch
38381PC84,3YR,0.38,0.401000,0.021000,mismatch
38381PC84,5YR,0.51,0.530400,0.020400,mismatch
38381PC84,10YR,0.16,0.182800,0.022800,mismatch
38381PC84,20YR,-0.08,-0.054400,0.025600,mismatch
38381PC84,30YR,-0.01,-0.007400,0.002600,ok
38381PC84,Average Life,2.4,2.396500,-0.003500,ok
38381PC84,LT CPR,16.7,,,api_missing
38381PC84,OAS,52.0,53.754300,1.754300,mismatch
38381PC84,Z-Spread,112.0,111.884735,-0.115265,mismatch
38381PC84,Factor,0.97,0.908467,-0.061533,mismatch
38381PC84,Life CPR,4.8,,,api_missing
38381PC84,GWAC,6.52,,,api_missing
38381PC84,WALA,7.0,,,api_missing
38381PC84,WALS,260014.0,,,api_missing
38381PC84,MaxServicerName,,,,ok
38381PC84,MaxServicerPercent,,,,ok
38381PC84,Eff. Dur,0.43,0.749200,0.319200,mismatch
38381PC84,DV01,0.0,0.007686,0.007686,ok
38381PC84,Dollar Return,1.21,1.805646,0.595646,mismatch
38381PC84,Eff. Dur.1,0.4,0.971000,0.571000,mismatch
38381PC84,DV01.1,0.0,0.009920,0.009920,ok
38381PC84,Dollar Return.1,0.87,1.384264,0.514264,mismatch
38381PC84,Eff. Dur.2,3.59,3.230800,-0.359200,mismatch
38381PC84,DV01.2,0.04,0.031883,-0.008117,ok
38381PC84,Dollar Return.2,-2.7,-2.039724,0.660276,mismatch
38381PC84,Eff. Dur.3,4.75,3.540900,-1.209100,mismatch
38381PC84,DV01.3,0.04,0.033640,-0.006360,ok
38381PC84,Dollar Return.3,-6.77,-5.663386,1.106614,mismatch
38381PEV1,Forward Yield,4.58,4.595344,0.015344,mismatch
38381PEV1,Effective Duration,1.41,1.665517,0.255517,mismatch
38381PEV1,Effective Convexity,-2.44,-1.677556,0.762444,mismatch
38381PEV1,Effective DV01,0.014,0.016796,0.002796,ok
38381PEV1,Dollar Duration,22257.0,,,api_missing
38381PEV1,1YR,0.4,0.389000,-0.011000,mismatch
38381PEV1,2YR,0.34,0.372000,0.032000,mismatch
38381PEV1,3YR,0.33,0.371500,0.041500,mismatch
38381PEV1,5YR,0.39,0.455100,0.065100,mismatch
38381PEV1,10YR,0.06,0.133800,0.073800,mismatch
38381PEV1,20YR,-0.09,-0.050300,0.039700,mismatch
38381PEV1,30YR,-0.01,-0.006500,0.003500,ok
38381PEV1,Average Life,2.1,2.197300,0.097300,mismatch
38381PEV1,LT CPR,18.3,,,api_missing
38381PEV1,OAS,46.0,50.003800,4.003800,mismatch
38381PEV1,Z-Spread,105.0,107.486610,2.486610,mismatch
38381PEV1,Factor,0.99,0.941047,-0.048953,mismatch
38381PEV1,Life CPR,2.1,,,api_missing
38381PEV1,GWAC,6.5,,,api_missing
38381PEV1,WALA,6.0,,,api_missing
38381PEV1,WALS,256772.0,,,api_missing
38381PEV1,MaxServicerName,,,,ok
38381PEV1,MaxServicerPercent,,,,ok
38381PEV1,Eff. Dur,0.45,0.706800,0.256800,mismatch
38381PEV1,DV01,0.0,0.007240,0.007240,ok
38381PEV1,Dollar Return,0.97,1.658390,0.688390,mismatch
38381PEV1,Eff. Dur.1,0.29,0.884000,0.594000,mismatch
38381PEV1,DV01.1,0.0,0.009021,0.009021,ok
38381PEV1,Dollar Return.1,0.64,1.265241,0.625241,mismatch
38381PEV1,Eff. Dur.2,3.51,3.260600,-0.249400,mismatch
38381PEV1,DV01.2,0.03,0.032201,0.002201,ok
38381PEV1,Dollar Return.2,-2.54,-1.991335,0.548665,mismatch
38381PEV1,Eff. Dur.3,4.75,3.609300,-1.140700,mismatch
38381PEV1,DV01.3,0.04,0.034309,-0.005691,ok
38381PEV1,Dollar Return.3,-6.57,-5.661644,0.908356,mismatch
38381PGX5,Forward Yield,4.78,4.778492,-0.001508,ok
38381PGX5,Effective Duration,2.62,2.731362,0.111362,mismatch
38381PGX5,Effective Convexity,-2.49,-1.872046,0.617954,mismatch
38381PGX5,Effective DV01,0.026,0.027538,0.001538,ok
38381PGX5,Dollar Duration,34548.0,,,api_missing
38381PGX5,1YR,0.3,0.286400,-0.013600,mismatch
38381PGX5,2YR,0.34,0.354200,0.014200,mismatch
38381PGX5,3YR,0.44,0.461200,0.021200,mismatch
38381PGX5,5YR,0.79,0.823500,0.033500,mismatch
38381PGX5,10YR,0.73,0.758600,0.028600,mismatch
38381PGX5,20YR,0.05,0.065500,0.015500,mismatch
38381PGX5,30YR,-0.01,-0.003400,0.006600,ok
38381PGX5,Average Life,3.7,3.734000,0.034000,mismatch
38381PGX5,LT CPR,12.5,,,api_missing
38381PGX5,OAS,51.0,52.655700,1.655700,mismatch
38381PGX5,Z-Spread,120.0,120.323868,0.323868,mismatch
38381PGX5,Factor,0.97,0.938985,-0.031015,mismatch
38381PGX5,Life CPR,5.0,,,api_missing
38381PGX5,GWAC,6.47,,,api_missing
38381PGX5,WALA,8.0,,,api_missing
38381PGX5,WALS,469908.0,,,api_missing
38381PGX5,MaxServicerName,,,,ok
38381PGX5,MaxServicerPercent,,,,ok
38381PGX5,Eff. Dur,0.32,0.942900,0.622900,mismatch
38381PGX5,DV01,0.0,0.009748,0.009748,ok
38381PGX5,Dollar Return,1.86,2.607827,0.747827,mismatch
38381PGX5,Eff. Dur.1,0.62,1.449900,0.829900,mismatch
38381PGX5,DV01.1,0.01,0.014916,0.004916,ok
38381PGX5,Dollar Return.1,1.51,2.110369,0.600369,mismatch
38381PGX5,Eff. Dur.2,4.62,4.315100,-0.304900,mismatch
38381PGX5,DV01.2,0.05,0.042106,-0.007894,ok
38381PGX5,Dollar Return.2,-3.69,-3.128264,0.561736,mismatch
38381PGX5,Eff. Dur.3,5.77,4.869900,-0.900100,mismatch
38381PGX5,DV01.3,0.05,0.045162,-0.004838,ok
38381PGX5,Dollar Return.3,-8.68,-7.913596,0.766404,mismatch
38381PM75,Forward Yield,4.89,4.894456,0.004456,ok
38381PM75,Effective Duration,2.81,2.811371,0.001371,ok
38381PM75,Effective Convexity,-1.51,-1.457824,0.052176,mismatch
38381PM75,Effective DV01,0.028,0.028246,0.000246,ok
38381PM75,Dollar Duration,14050.0,,,api_missing
38381PM75,1YR,0.26,0.239500,-0.020500,mismatch
38381PM75,2YR,0.42,0.427100,0.007100,ok
38381PM75,3YR,0.59,0.600600,0.010600,mismatch
38381PM75,5YR,0.98,0.984400,0.004400,ok
38381PM75,10YR,0.63,0.621500,-0.008500,ok
38381PM75,20YR,-0.04,-0.042000,-0.002000,ok
38381PM75,30YR,-0.01,-0.012000,-0.002000,ok
38381PM75,Average Life,3.9,3.891000,-0.009000,ok
38381PM75,LT CPR,11.6,,,api_missing
38381PM75,OAS,78.0,78.723300,0.723300,mismatch
38381PM75,Z-Spread,134.0,134.796570,0.796570,mismatch
38381PM75,Factor,0.99,0.982534,-0.007466,ok
38381PM75,Life CPR,0.7,,,api_missing
38381PM75,GWAC,6.46,,,api_missing
38381PM75,WALA,7.0,,,api_missing
38381PM75,WALS,219619.0,,,api_missing
38381PM75,MaxServicerName,,,,ok
38381PM75,MaxServicerPercent,,,,ok
38381PM75,Eff. Dur,0.71,1.143500,0.433500,mismatch
38381PM75,DV01,0.01,0.011856,0.001856,ok
38381PM75,Dollar Return,3.01,3.281277,0.271277,mismatch
38381PM75,Eff. Dur.1,1.32,1.633500,0.313500,mismatch
38381PM75,DV01.1,0.01,0.016795,0.006795,ok
38381PM75,Dollar Return.1,2.08,2.420761,0.340761,mismatch
38381PM75,Eff. Dur.2,4.14,4.195100,0.055100,mismatch
38381PM75,DV01.2,0.04,0.040851,0.000851,ok
38381PM75,Dollar Return.2,-3.51,-3.000617,0.509383,mismatch
38381PM75,Eff. Dur.3,4.97,4.254600,-0.715400,mismatch
38381PM75,DV01.3,0.05,0.039611,-0.010389,mismatch
38381PM75,Dollar Return.3,-7.86,-7.260840,0.599160,mismatch
38381PR21,Forward Yield,4.67,4.653573,-0.016427,mismatch
38381PR21,Effective Duration,1.89,1.918671,0.028671,mismatch
38381PR21,Effective Convexity,-2.05,-1.413835,0.636165,mismatch
38381PR21,Effective DV01,0.019,0.019346,0.000346,ok
38381PR21,Dollar Duration,10110.0,,,api_missing
38381PR21,1YR,0.35,0.336300,-0.013700,mismatch
38381PR21,2YR,0.38,0.386200,0.006200,ok
38381PR21,3YR,0.44,0.451500,0.011500,mismatch
38381PR21,5YR,0.6,0.594800,-0.005200,ok
38381PR21,10YR,0.2,0.206600,0.006600,ok
38381PR21,20YR,-0.06,-0.045500,0.014500,mismatch
38381PR21,30YR,-0.01,-0.005800,0.004200,ok
38381PR21,Average Life,2.6,2.502700,-0.097300,mismatch
38381PR21,LT CPR,15.6,,,api_missing
38381PR21,OAS,60.0,60.526900,0.526900,mismatch
38381PR21,Z-Spread,115.0,114.185547,-0.814453,mismatch
38381PR21,Factor,0.99,0.922964,-0.067036,mismatch
38381PR21,Life CPR,0.9,,,api_missing
38381PR21,GWAC,6.51,,,api_missing
38381PR21,WALA,7.0,,,api_missing
38381PR21,WALS,220840.0,,,api_missing
38381PR21,MaxServicerName,,,,ok
38381PR21,MaxServicerPercent,,,,ok
38381PR21,Eff. Dur,0.4,0.842600,0.442600,mismatch
38381PR21,DV01,0.0,0.008666,0.008666,ok
38381PR21,Dollar Return,1.49,2.100527,0.610527,mismatch
38381PR21,Eff. Dur.1,0.56,1.124900,0.564900,mismatch
38381PR21,DV01.1,0.01,0.011512,0.001512,ok
38381PR21,Dollar Return.1,1.08,1.584602,0.504602,mismatch
38381PR21,Eff. Dur.2,3.66,3.186600,-0.473400,mismatch
38381PR21,DV01.2,0.04,0.031413,-0.008587,ok
38381PR21,Dollar Return.2,-2.83,-2.165303,0.664697,mismatch
38381PR21,Eff. Dur.3,4.79,3.503100,-1.286900,mismatch
38381PR21,DV01.3,0.05,0.033239,-0.016761,mismatch
38381PR21,Dollar Return.3,-6.94,-5.852667,1.087333,mismatch
38381PTU7,Forward Yield,4.81,4.805534,-0.004466,ok
38381PTU7,Effective Duration,1.83,1.861957,0.031957,mismatch
38381PTU7,Effective Convexity,-2.21,-1.486020,0.723980,mismatch
38381PTU7,Effective DV01,0.018,0.018713,0.000713,ok
38381PTU7,Dollar Duration,12970.0,,,api_missing
38381PTU7,1YR,0.38,0.361800,-0.018200,mismatch
38381PTU7,2YR,0.38,0.390800,0.010800,mismatch
38381PTU7,3YR,0.41,0.412200,0.002200,ok
38381PTU7,5YR,0.6,0.602400,0.002400,ok
38381PTU7,10YR,0.17,0.178100,0.008100,ok
38381PTU7,20YR,-0.08,-0.066600,0.013400,mismatch
38381PTU7,30YR,-0.01,-0.007900,0.002100,ok
38381PTU7,Average Life,2.6,2.526500,-0.073500,mismatch
38381PTU7,LT CPR,13.0,,,api_missing
38381PTU7,OAS,71.0,71.609600,0.609600,mismatch
38381PTU7,Z-Spread,131.0,131.573227,0.573227,mismatch
38381PTU7,Factor,0.98,0.937477,-0.042523,mismatch
38381PTU7,Life CPR,1.4,,,api_missing
38381PTU7,GWAC,6.07,,,api_missing
38381PTU7,WALA,7.0,,,api_missing
38381PTU7,WALS,262026.0,,,api_missing
38381PTU7,MaxServicerName,,,,ok
38381PTU7,MaxServicerPercent,,,,ok
38381PTU7,Eff. Dur,0.26,0.653400,0.393400,mismatch
38381PTU7,DV01,0.0,0.006674,0.006674,ok
38381PTU7,Dollar Return,0.97,1.726125,0.756125,mismatch
38381PTU7,Eff. Dur.1,0.18,0.904700,0.724700,mismatch
38381PTU7,DV01.1,0.0,0.009215,0.009215,ok
38381PTU7,Dollar Return.1,0.85,1.439120,0.589120,mismatch
38381PTU7,Eff. Dur.2,3.57,3.185900,-0.384100,mismatch
38381PTU7,DV01.2,0.04,0.031315,-0.008685,ok
38381PTU7,Dollar Return.2,-2.76,-2.121700,0.638300,mismatch
38381PTU7,Eff. Dur.3,4.69,3.480800,-1.209200,mismatch
38381PTU7,DV01.3,0.04,0.032928,-0.007072,ok
38381PTU7,Dollar Return.3,-6.76,-5.807848,0.952152,mismatch
38381PUR2,Forward Yield,4.82,4.819769,-0.000231,ok
38381PUR2,Effective Duration,1.74,1.805032,0.065032,mismatch
38381PUR2,Effective Convexity,-2.03,-1.392459,0.637541,mismatch
38381PUR2,Effective DV01,0.018,0.018127,0.000127,ok
38381PUR2,Dollar Duration,9422.0,,,api_missing
38381PUR2,1YR,0.37,0.362700,-0.007300,ok
38381PUR2,2YR,0.38,0.394500,0.014500,mismatch
38381PUR2,3YR,0.4,0.416300,0.016300,mismatch
38381PUR2,5YR,0.58,0.585100,0.005100,ok
38381PUR2,10YR,0.12,0.123100,0.003100,ok
38381PUR2,20YR,-0.07,-0.062600,0.007400,ok
38381PUR2,30YR,-0.01,-0.006800,0.003200,ok
38381PUR2,Average Life,2.4,2.384600,-0.015400,mismatch
38381PUR2,LT CPR,12.8,,,api_missing
38381PUR2,OAS,77.0,79.486100,2.486100,mismatch
38381PUR2,Z-Spread,134.0,134.375626,0.375626,mismatch
38381PUR2,Factor,0.95,0.882708,-0.067292,mismatch
38381PUR2,Life CPR,7.5,,,api_missing
38381PUR2,GWAC,6.06,,,api_missing
38381PUR2,WALA,8.0,,,api_missing
38381PUR2,WALS,220161.0,,,api_missing
38381PUR2,MaxServicerName,,,,ok
38381PUR2,MaxServicerPercent,,,,ok
38381PUR2,Eff. Dur,0.2,0.637800,0.437800,mismatch
38381PUR2,DV01,0.0,0.006508,0.006508,ok
38381PUR2,Dollar Return,0.92,1.653851,0.733851,mismatch
38381PUR2,Eff. Dur.1,0.18,0.904200,0.724200,mismatch
38381PUR2,DV01.1,0.0,0.009202,0.009202,ok
38381PUR2,Dollar Return.1,0.83,1.395479,0.565479,mismatch
38381PUR2,Eff. Dur.2,3.29,2.955200,-0.334800,mismatch
38381PUR2,DV01.2,0.03,0.029067,-0.000933,ok
38381PUR2,Dollar Return.2,-2.58,-1.939487,0.640513,mismatch
38381PUR2,Eff. Dur.3,4.33,3.222400,-1.107600,mismatch
38381PUR2,DV01.3,0.04,0.030580,-0.009420,ok
38381PUR2,Dollar Return.3,-6.27,-5.317242,0.952758,mismatch
38381PYW7,Forward Yield,4.65,4.652135,0.002135,ok
38381PYW7,Effective Duration,1.7,1.846670,0.146670,mismatch
38381PYW7,Effective Convexity,-1.96,-1.405937,0.554063,mismatch
38381PYW7,Effective DV01,0.017,0.018617,0.001617,ok
38381PYW7,Dollar Duration,12389.0,,,api_missing
38381PYW7,1YR,0.35,0.346900,-0.003100,ok
38381PYW7,2YR,0.36,0.379200,0.019200,mismatch
38381PYW7,3YR,0.4,0.429900,0.029900,mismatch
38381PYW7,5YR,0.54,0.570700,0.030700,mismatch
38381PYW7,10YR,0.15,0.186300,0.036300,mismatch
38381PYW7,20YR,-0.08,-0.054400,0.025600,mismatch
38381PYW7,30YR,-0.01,-0.007000,0.003000,ok
38381PYW7,Average Life,2.4,2.457800,0.057800,mismatch
38381PYW7,LT CPR,16.0,,,api_missing
38381PYW7,OAS,57.0,59.399700,2.399700,mismatch
38381PYW7,Z-Spread,113.0,114.173241,1.173241,mismatch
38381PYW7,Factor,0.96,0.878257,-0.081743,mismatch
38381PYW7,Life CPR,8.2,,,api_missing
38381PYW7,GWAC,6.51,,,api_missing
38381PYW7,WALA,9.0,,,api_missing
38381PYW7,WALS,232405.0,,,api_missing
38381PYW7,MaxServicerName,,,,ok
38381PYW7,MaxServicerPercent,,,,ok
38381PYW7,Eff. Dur,0.32,0.773800,0.453800,mismatch
38381PYW7,DV01,0.0,0.007943,0.007943,ok
38381PYW7,Dollar Return,1.18,1.854277,0.674277,mismatch
38381PYW7,Eff. Dur.1,0.39,1.048700,0.658700,mismatch
38381PYW7,DV01.1,0.0,0.010723,0.010723,mismatch
38381PYW7,Dollar Return.1,0.92,1.458811,0.538811,mismatch
38381PYW7,Eff. Dur.2,3.36,3.149900,-0.210100,mismatch
38381PYW7,DV01.2,0.03,0.031079,0.001079,ok
38381PYW7,Dollar Return.2,-2.57,-2.019712,0.550288,mismatch
38381PYW7,Eff. Dur.3,4.49,3.433600,-1.056400,mismatch
38381PYW7,DV01.3,0.04,0.032638,-0.007362,ok
38381PYW7,Dollar Return.3,-6.42,-5.530419,0.889581,mismatch
38381QXN6,Forward Yield,4.71,4.716155,0.006155,ok
38381QXN6,Effective Duration,1.81,1.923122,0.113122,mismatch
38381QXN6,Effective Convexity,-2.26,-1.829341,0.430659,mismatch
38381QXN6,Effective DV01,0.018,0.019360,0.001360,ok
38381QXN6,Dollar Duration,16330.0,,,api_missing
38381QXN6,1YR,0.38,0.369900,-0.010100,mismatch
38381QXN6,2YR,0.37,0.394200,0.024200,mismatch
38381QXN6,3YR,0.39,0.415000,0.025000,mismatch
38381QXN6,5YR,0.52,0.548600,0.028600,mismatch
38381QXN6,10YR,0.2,0.232800,0.032800,mismatch
38381QXN6,20YR,-0.04,-0.027100,0.012900,mismatch
38381QXN6,30YR,-0.01,-0.003300,0.006700,ok
38381QXN6,Average Life,2.4,2.463200,0.063200,mismatch
38381QXN6,LT CPR,17.1,,,api_missing
38381QXN6,OAS,58.0,59.635400,1.635400,mismatch
38381QXN6,Z-Spread,120.0,120.966286,0.966286,mismatch
38381QXN6,Factor,0.99,0.970063,-0.019937,mismatch
38381QXN6,Life CPR,1.9,,,api_missing
38381QXN6,GWAC,6.51,,,api_missing
38381QXN6,WALA,5.0,,,api_missing
38381QXN6,WALS,275933.0,,,api_missing
38381QXN6,MaxServicerName,,,,ok
38381QXN6,MaxServicerPercent,,,,ok
38381QXN6,Eff. Dur,0.57,0.770700,0.200700,mismatch
38381QXN6,DV01,0.01,0.007907,-0.002093,ok
38381QXN6,Dollar Return,1.46,1.985234,0.525234,mismatch
38381QXN6,Eff. Dur.1,0.51,0.937500,0.427500,mismatch
38381QXN6,DV01.1,0.01,0.009568,-0.000432,ok
38381QXN6,Dollar Return.1,0.98,1.456766,0.476766,mismatch
38381QXN6,Eff. Dur.2,3.81,3.583200,-0.226800,mismatch
38381QXN6,DV01.2,0.04,0.035201,-0.004799,ok
38381QXN6,Dollar Return.2,-2.87,-2.330204,0.539796,mismatch
38381QXN6,Eff. Dur.3,5.05,3.971700,-1.078300,mismatch
38381QXN6,DV01.3,0.05,0.037383,-0.012617,mismatch
38381QXN6,Dollar Return.3,-7.16,-6.413393,0.746607,mismatch
38381U5P3,Forward Yield,4.79,4.790232,0.000232,ok
38381U5P3,Effective Duration,3.32,3.539495,0.219495,mismatch
38381U5P3,Effective Convexity,-0.75,-0.595865,0.154135,mismatch
38381U5P3,Effective DV01,0.034,0.035803,0.001803,ok
38381U5P3,Dollar Duration,12756.0,,,api_missing
38381U5P3,1YR,0.24,0.229300,-0.010700,mismatch
38381U5P3,2YR,0.27,0.293100,0.023100,mismatch
38381U5P3,3YR,0.4,0.422800,0.022800,mismatch
38381U5P3,5YR,0.85,0.905300,0.055300,mismatch
38381U5P3,10YR,1.28,1.349000,0.069000,mismatch
38381U5P3,20YR,0.36,0.398800,0.038800,mismatch
38381U5P3,30YR,-0.02,-0.018100,0.001900,ok
38381U5P3,Average Life,6.0,6.031800,0.031800,mismatch
38381U5P3,LT CPR,13.1,,,api_missing
38381U5P3,OAS,51.0,51.359900,0.359900,mismatch
38381U5P3,Z-Spread,108.0,107.830025,-0.169975,mismatch
38381U5P3,Factor,0.99,0.982402,-0.007598,ok
38381U5P3,Life CPR,3.7,,,api_missing
38381U5P3,GWAC,6.52,,,api_missing
38381U5P3,WALA,6.0,,,api_missing
38381U5P3,WALS,438531.0,,,api_missing
38381U5P3,MaxServicerName,,,,ok
38381U5P3,MaxServicerPercent,,,,ok
38381U5P3,Eff. Dur,0.93,1.791300,0.861300,mismatch
38381U5P3,DV01,0.01,0.018954,0.008954,ok
38381U5P3,Dollar Return,4.14,4.726818,0.586818,mismatch
38381U5P3,Eff. Dur.1,1.99,2.956600,0.966600,mismatch
38381U5P3,DV01.1,0.02,0.030871,0.010871,mismatch
38381U5P3,Dollar Return.1,2.8,3.332065,0.532065,mismatch
38381U5P3,Eff. Dur.2,4.9,4.857900,-0.042100,mismatch
38381U5P3,DV01.2,0.05,0.047296,-0.002704,ok
38381U5P3,Dollar Return.2,-4.09,-3.700392,0.389608,mismatch
38381U5P3,Eff. Dur.3,6.1,5.283000,-0.817000,mismatch
38381U5P3,DV01.3,0.06,0.048670,-0.011330,mismatch
38381U5P3,Dollar Return.3,-9.37,-8.918177,0.451823,mismatch
38383B4G4,Forward Yield,4.71,4.716299,0.006299,ok
38383B4G4,Effective Duration,3.02,3.158587,0.138587,mismatch
38383B4G4,Effective Convexity,-0.64,-0.515089,0.124911,mismatch
38383B4G4,Effective DV01,0.03,0.031671,0.001671,ok
38383B4G4,Dollar Duration,10578.0,,,api_missing
38383B4G4,1YR,0.32,0.308900,-0.011100,mismatch
38383B4G4,2YR,0.26,0.275300,0.015300,mismatch
38383B4G4,3YR,0.29,0.303900,0.013900,mismatch
38383B4G4,5YR,0.62,0.665900,0.045900,mismatch
38383B4G4,10YR,0.85,0.914700,0.064700,mismatch
38383B4G4,20YR,0.46,0.504100,0.044100,mismatch
38383B4G4,30YR,0.06,0.062000,0.002000,ok
38383B4G4,Average Life,5.8,5.781400,-0.018600,mismatch
38383B4G4,LT CPR,16.2,,,api_missing
38383B4G4,OAS,47.0,46.305000,-0.695000,mismatch
38383B4G4,Z-Spread,95.0,95.915207,0.915207,mismatch
38383B4G4,Factor,0.99,0.981973,-0.008027,ok
38383B4G4,Life CPR,1.7,,,api_missing
38383B4G4,GWAC,6.53,,,api_missing
38383B4G4,WALA,5.0,,,api_missing
38383B4G4,WALS,223228.0,,,api_missing
38383B4G4,MaxServicerName,,,,ok
38383B4G4,MaxServicerPercent,,,,ok
38383B4G4,Eff. Dur,1.66,2.128900,0.468900,mismatch
38383B4G4,DV01,0.02,0.022499,0.002499,ok
38383B4G4,Dollar Return,5.11,5.469313,0.359313,mismatch
38383B4G4,Eff. Dur.1,2.49,2.832900,0.342900,mismatch
38383B4G4,DV01.1,0.03,0.029364,-0.000636,ok
38383B4G4,Dollar Return.1,3.06,3.448410,0.388410,mismatch
38383B4G4,Eff. Dur.2,3.89,4.660600,0.770600,mismatch
38383B4G4,DV01.2,0.04,0.045262,0.005262,ok
38383B4G4,Dollar Return.2,-3.41,-3.058059,0.351941,mismatch
38383B4G4,Eff. Dur.3,4.71,4.571500,-0.138500,mismatch
38383B4G4,DV01.3,0.04,0.042477,0.002477,ok
38383B4G4,Dollar Return.3,-7.6,-7.237233,0.362767,mismatch
38383BMP4,Forward Yield,4.64,4.629726,-0.010274,mismatch
38383BMP4,Effective Duration,1.87,1.896162,0.026162,mismatch
38383BMP4,Effective Convexity,-2.08,-1.796889,0.283111,mismatch
38383BMP4,Effective DV01,0.019,0.019134,0.000134,ok
38383BMP4,Dollar Duration,9377.0,,,api_missing
38383BMP4,1YR,0.38,0.370900,-0.009100,ok
38383BMP4,2YR,0.37,0.380500,0.010500,mismatch
38383BMP4,3YR,0.4,0.404700,0.004700,ok
38383BMP4,5YR,0.53,0.530500,0.000500,ok
38383BMP4,10YR,0.24,0.250400,0.010400,mismatch
38383BMP4,20YR,-0.05,-0.039800,0.010200,mismatch
38383BMP4,30YR,-0.01,-0.006800,0.003200,ok
38383BMP4,Average Life,2.6,2.585400,-0.014600,mismatch
38383BMP4,LT CPR,17.8,,,api_missing
38383BMP4,OAS,46.0,46.643400,0.643400,mismatch
38383BMP4,Z-Spread,109.0,109.405777,0.405777,mismatch
38383BMP4,Factor,0.99,0.978474,-0.011526,mismatch
38383BMP4,Life CPR,1.6,,,api_missing
38383BMP4,GWAC,6.53,,,api_missing
38383BMP4,WALA,4.0,,,api_missing
38383BMP4,WALS,282058.0,,,api_missing
38383BMP4,MaxServicerName,,,,ok
38383BMP4,MaxServicerPercent,,,,ok
38383BMP4,Eff. Dur,0.68,0.819400,0.139400,mismatch
38383BMP4,DV01,0.01,0.008430,-0.001570,ok
38383BMP4,Dollar Return,1.71,2.042823,0.332823,mismatch
38383BMP4,Eff. Dur.1,0.65,0.977100,0.327100,mismatch
38383BMP4,DV01.1,0.01,0.009994,-0.000006,ok
38383BMP4,Dollar Return.1,1.09,1.446166,0.356166,mismatch
38383BMP4,Eff. Dur.2,3.91,3.756500,-0.153500,mismatch
38383BMP4,DV01.2,0.04,0.036983,-0.003017,ok
38383BMP4,Dollar Return.2,-2.93,-2.366427,0.563573,mismatch
38383BMP4,Eff. Dur.3,5.2,4.140600,-1.059400,mismatch
38383BMP4,DV01.3,0.05,0.039019,-0.010981,mismatch
38383BMP4,Dollar Return.3,-7.36,-6.565982,0.794018,mismatch
38383LY95,Forward Yield,4.36,4.370151,0.010151,mismatch
38383LY95,Effective Duration,1.78,1.823145,0.043145,mismatch
38383LY95,Effective Convexity,-0.55,-0.560726,-0.010726,mismatch
38383LY95,Effective DV01,0.018,0.018265,0.000265,ok
38383LY95,Dollar Duration,3411.0,,,api_missing
38383LY95,1YR,0.32,0.305300,-0.014700,mismatch
38383LY95,2YR,0.48,0.488700,0.008700,ok
38383LY95,3YR,0.71,0.727700,0.017700,mismatch
38383LY95,5YR,0.38,0.413600,0.033600,mismatch
38383LY95,10YR,-0.06,-0.060200,-0.000200,ok
38383LY95,20YR,-0.04,-0.042600,-0.002600,ok
38383LY95,30YR,-0.01,-0.005600,0.004400,ok
38383LY95,Average Life,2.1,2.155100,0.055100,mismatch
38383LY95,LT CPR,9.4,,,api_missing
38383LY95,OAS,80.0,80.670700,0.670700,mismatch
38383LY95,Z-Spread,95.0,96.194466,1.194466,mismatch
38383LY95,Factor,0.62,0.595312,-0.024688,mismatch
38383LY95,Life CPR,5.4,,,api_missing
38383LY95,GWAC,5.05,,,api_missing
38383LY95,WALA,47.0,,,api_missing
38383LY95,WALS,246402.0,,,api_missing
38383LY95,MaxServicerName,,,,ok
38383LY95,MaxServicerPercent,,,,ok
38383LY95,Eff. Dur,-0.53,0.746000,1.276000,mismatch
38383LY95,DV01,-0.01,0.007610,0.017610,mismatch
38383LY95,Dollar Return,1.53,1.892642,0.362642,mismatch
38383LY95,Eff. Dur.1,0.91,1.627700,0.717700,mismatch
38383LY95,DV01.1,0.01,0.016586,0.006586,ok
38383LY95,Dollar Return.1,1.43,1.779085,0.349085,mismatch
38383LY95,Eff. Dur.2,2.26,2.016300,-0.243700,mismatch
38383LY95,DV01.2,0.02,0.019858,-0.000142,ok
38383LY95,Dollar Return.2,-2.02,-1.613052,0.406948,mismatch
38383LY95,Eff. Dur.3,2.76,2.164700,-0.595300,mismatch
38383LY95,DV01.3,0.03,0.020798,-0.009202,ok
38383LY95,Dollar Return.3,-4.45,-4.003147,0.446853,mismatch
38383VP85,Forward Yield,4.96,4.957300,-0.002700,ok
38383VP85,Effective Duration,4.31,4.410397,0.100397,mismatch
38383VP85,Effective Convexity,-1.19,-1.162878,0.027122,mismatch
38383VP85,Effective DV01,0.043,0.043650,0.000650,ok
38383VP85,Dollar Duration,32315.0,,,api_missing
38383VP85,1YR,0.2,0.186300,-0.013700,mismatch
38383VP85,2YR,0.27,0.281900,0.011900,mismatch
38383VP85,3YR,0.44,0.452600,0.012600,mismatch
38383VP85,5YR,0.93,0.956700,0.026700,mismatch
38383VP85,10YR,1.46,1.501300,0.041300,mismatch
38383VP85,20YR,0.94,0.961200,0.021200,mismatch
38383VP85,30YR,0.09,0.092200,0.002200,ok
38383VP85,Average Life,6.3,6.393700,0.093700,mismatch
38383VP85,LT CPR,11.6,,,api_missing
38383VP85,OAS,74.0,73.601600,-0.398400,mismatch
38383VP85,Z-Spread,118.0,117.540916,-0.459084,mismatch
38383VP85,Factor,0.76,0.734053,-0.025947,mismatch
38383VP85,Life CPR,8.3,,,api_missing
38383VP85,GWAC,5.59,,,api_missing
38383VP85,WALA,40.0,,,api_missing
38383VP85,WALS,239457.0,,,api_missing
38383VP85,MaxServicerName,,,,ok
38383VP85,MaxServicerPercent,,,,ok
38383VP85,Eff. Dur,0.9,2.006500,1.106500,mismatch
38383VP85,DV01,0.01,0.021005,0.011005,mismatch
38383VP85,Dollar Return,5.0,5.716007,0.716007,mismatch
38383VP85,Eff. Dur.1,2.41,3.266800,0.856800,mismatch
38383VP85,DV01.1,0.02,0.033605,0.013605,mismatch
38383VP85,Dollar Return.1,3.48,3.932904,0.452904,mismatch
38383VP85,Eff. Dur.2,5.38,5.266800,-0.113200,mismatch
38383VP85,DV01.2,0.05,0.049773,-0.000227,ok
38383VP85,Dollar Return.2,-4.75,-4.294787,0.455213,mismatch
38383VP85,Eff. Dur.3,6.09,5.353700,-0.736300,mismatch
38383VP85,DV01.3,0.05,0.047744,-0.002256,ok
38383VP85,Dollar Return.3,-10.04,-9.531481,0.508519,mismatch
38383VQQ4,Forward Yield,4.85,4.855920,0.005920,ok
38383VQQ4,Effective Duration,4.01,4.099001,0.089001,mismatch
38383VQQ4,Effective Convexity,-1.18,-1.064849,0.115151,mismatch
38383VQQ4,Effective DV01,0.04,0.040803,0.000803,ok
38383VQQ4,Dollar Duration,9085.0,,,api_missing
38383VQQ4,1YR,0.22,0.208700,-0.011300,mismatch
38383VQQ4,2YR,0.27,0.282300,0.012300,mismatch
38383VQQ4,3YR,0.43,0.440100,0.010100,mismatch
38383VQQ4,5YR,0.89,0.915600,0.025600,mismatch
38383VQQ4,10YR,1.33,1.356600,0.026600,mismatch
38383VQQ4,20YR,0.81,0.834900,0.024900,mismatch
38383VQQ4,30YR,0.08,0.080800,0.000800,ok
38383VQQ4,Average Life,5.7,5.748900,0.048900,mismatch
38383VQQ4,LT CPR,13.9,,,api_missing
38383VQQ4,OAS,66.0,66.608500,0.608500,mismatch
38383VQQ4,Z-Spread,109.0,109.673889,0.673889,mismatch
38383VQQ4,Factor,0.76,0.728214,-0.031786,mismatch
38383VQQ4,Life CPR,8.4,,,api_missing
38383VQQ4,GWAC,6.02,,,api_missing
38383VQQ4,WALA,38.0,,,api_missing
38383VQQ4,WALS,174134.0,,,api_missing
38383VQQ4,MaxServicerName,,,,ok
38383VQQ4,MaxServicerPercent,,,,ok
38383VQQ4,Eff. Dur,1.24,2.317900,1.077900,mismatch
38383VQQ4,DV01,0.01,0.024397,0.014397,mismatch
38383VQQ4,Dollar Return,5.04,5.708962,0.668962,mismatch
38383VQQ4,Eff. Dur.1,2.39,3.165900,0.775900,mismatch
38383VQQ4,DV01.1,0.02,0.032687,0.012687,mismatch
38383VQQ4,Dollar Return.1,3.28,3.733282,0.453282,mismatch
38383VQQ4,Eff. Dur.2,5.02,4.933100,-0.086900,mismatch
38383VQQ4,DV01.2,0.05,0.047064,-0.002936,ok
38383VQQ4,Dollar Return.2,-4.46,-3.988130,0.471870,mismatch
38383VQQ4,Eff. Dur.3,5.65,4.973500,-0.676500,mismatch
38383VQQ4,DV01.3,0.05,0.044987,-0.005013,ok
38383VQQ4,Dollar Return.3,-9.44,-8.863360,0.576640,mismatch
38383VUV8,Forward Yield,4.94,4.946276,0.006276,ok
38383VUV8,Effective Duration,3.73,4.035271,0.305271,mismatch
38383VUV8,Effective Convexity,-1.71,-1.450755,0.259245,mismatch
38383VUV8,Effective DV01,0.038,0.040480,0.002480,ok
38383VUV8,Dollar Duration,16684.0,,,api_missing
38383VUV8,1YR,0.24,0.230600,-0.009400,ok
38383VUV8,2YR,0.26,0.285600,0.025600,mismatch
38383VUV8,3YR,0.39,0.422600,0.032600,mismatch
38383VUV8,5YR,0.82,0.887500,0.067500,mismatch
38383VUV8,10YR,1.24,1.343900,0.103900,mismatch
38383VUV8,20YR,0.75,0.814200,0.064200,mismatch
38383VUV8,30YR,0.07,0.074800,0.004800,ok
38383VUV8,Average Life,5.3,5.663900,0.363900,mismatch
38383VUV8,LT CPR,16.3,,,api_missing
38383VUV8,OAS,64.0,65.194800,1.194800,mismatch
38383VUV8,Z-Spread,118.0,119.362518,1.362518,mismatch
38383VUV8,Factor,0.76,0.730051,-0.029949,mismatch
38383VUV8,Life CPR,8.9,,,api_missing
38383VUV8,GWAC,6.56,,,api_missing
38383VUV8,WALA,36.0,,,api_missing
38383VUV8,WALS,335870.0,,,api_missing
38383VUV8,MaxServicerName,,,,ok
38383VUV8,MaxServicerPercent,,,,ok
38383VUV8,Eff. Dur,1.12,2.027100,0.907100,mismatch
38383VUV8,DV01,0.01,0.021403,0.011403,mismatch
38383VUV8,Dollar Return,4.23,5.184520,0.954520,mismatch
38383VUV8,Eff. Dur.1,1.87,2.826800,0.956800,mismatch
38383VUV8,DV01.1,0.02,0.029349,0.009349,ok
38383VUV8,Dollar Return.1,2.84,3.477772,0.637772,mismatch
38383VUV8,Eff. Dur.2,5.14,5.176900,0.036900,mismatch
38383VUV8,DV01.2,0.05,0.049717,-0.000283,ok
38383VUV8,Dollar Return.2,-4.44,-4.074589,0.365411,mismatch
38383VUV8,Eff. Dur.3,5.95,5.620900,-0.329100,mismatch
38383VUV8,DV01.3,0.05,0.050947,0.000947,ok
38383VUV8,Dollar Return.3,-9.66,-9.308261,0.351739,mismatch
38383WBG0,Forward Yield,4.95,4.942982,-0.007018,ok
38383WBG0,Effective Duration,4.5,4.627242,0.127242,mismatch
38383WBG0,Effective Convexity,-0.82,-0.766483,0.053517,mismatch
38383WBG0,Effective DV01,0.044,0.045257,0.001257,ok
38383WBG0,Dollar Duration,15751.0,,,api_missing
38383WBG0,1YR,0.19,0.174900,-0.015100,mismatch
38383WBG0,2YR,0.25,0.260800,0.010800,mismatch
38383WBG0,3YR,0.43,0.443200,0.013200,mismatch
38383WBG0,5YR,0.95,0.987200,0.037200,mismatch
38383WBG0,10YR,1.56,1.612300,0.052300,mismatch
38383WBG0,20YR,1.02,1.053400,0.033400,mismatch
38383WBG0,30YR,0.11,0.116200,0.006200,ok
38383WBG0,Average Life,6.1,6.286400,0.186400,mismatch
38383WBG0,LT CPR,12.5,,,api_missing
38383WBG0,OAS,82.0,81.023600,-0.976400,mismatch
38383WBG0,Z-Spread,118.0,116.863991,-1.136009,mismatch
38383WBG0,Factor,0.66,0.645620,-0.014380,mismatch
38383WBG0,Life CPR,12.1,,,api_missing
38383WBG0,GWAC,5.56,,,api_missing
38383WBG0,WALA,41.0,,,api_missing
38383WBG0,WALS,170174.0,,,api_missing
38383WBG0,MaxServicerName,,,,ok
38383WBG0,MaxServicerPercent,,,,ok
38383WBG0,Eff. Dur,1.64,2.622100,0.982100,mismatch
38383WBG0,DV01,0.02,0.027447,0.007447,ok
38383WBG0,Dollar Return,6.28,6.909293,0.629293,mismatch
38383WBG0,Eff. Dur.1,3.14,3.716600,0.576600,mismatch
38383WBG0,DV01.1,0.03,0.037948,0.007948,ok
38383WBG0,Dollar Return.1,3.88,4.357359,0.477359,mismatch
38383WBG0,Eff. Dur.2,5.4,5.010800,-0.389200,mismatch
38383WBG0,DV01.2,0.05,0.046769,-0.003231,ok
38383WBG0,Dollar Return.2,-4.77,-4.340500,0.429500,mismatch
38383WBG0,Eff. Dur.3,6.01,5.105300,-0.904700,mismatch
38383WBG0,DV01.3,0.05,0.045013,-0.004987,ok
38383WBG0,Dollar Return.3,-9.96,-9.465202,0.494798,mismatch
38383WBJ4,Forward Yield,4.82,4.815626,-0.004374,ok
38383WBJ4,Effective Duration,4.89,4.989433,0.099433,mismatch
38383WBJ4,Effective Convexity,-0.57,-0.505005,0.064995,mismatch
38383WBJ4,Effective DV01,0.048,0.049069,0.001069,ok
38383WBJ4,Dollar Duration,10521.0,,,api_missing
38383WBJ4,1YR,0.16,0.138000,-0.022000,mismatch
38383WBJ4,2YR,0.21,0.219700,0.009700,ok
38383WBJ4,3YR,0.42,0.426500,0.006500,ok
38383WBJ4,5YR,1.06,1.086400,0.026400,mismatch
38383WBJ4,10YR,1.93,1.969600,0.039600,mismatch
38383WBJ4,20YR,1.12,1.143600,0.023600,mismatch
38383WBJ4,30YR,0.02,0.019900,-0.000100,ok
38383WBJ4,Average Life,6.8,6.925700,0.125700,mismatch
38383WBJ4,LT CPR,9.3,,,api_missing
38383WBJ4,OAS,78.0,77.484000,-0.516000,mismatch
38383WBJ4,Z-Spread,100.0,99.602341,-0.397659,mismatch
38383WBJ4,Factor,0.71,0.700196,-0.009804,ok
38383WBJ4,Life CPR,9.2,,,api_missing
38383WBJ4,GWAC,4.94,,,api_missing
38383WBJ4,WALA,87.0,,,api_missing
38383WBJ4,WALS,183860.0,,,api_missing
38383WBJ4,MaxServicerName,,,,ok
38383WBJ4,MaxServicerPercent,,,,ok
38383WBJ4,Eff. Dur,2.2,3.651400,1.451400,mismatch
38383WBJ4,DV01,0.02,0.038887,0.018887,mismatch
38383WBJ4,Dollar Return,7.64,8.177603,0.537603,mismatch
38383WBJ4,Eff. Dur.1,3.82,4.739300,0.919300,mismatch
38383WBJ4,DV01.1,0.04,0.048902,0.008902,ok
38383WBJ4,Dollar Return.1,4.45,4.889003,0.439003,mismatch
38383WBJ4,Eff. Dur.2,5.56,5.295700,-0.264300,mismatch
38383WBJ4,DV01.2,0.05,0.049573,-0.000427,ok
38383WBJ4,Dollar Return.2,-5.05,-4.609896,0.440104,mismatch
38383WBJ4,Eff. Dur.3,6.05,5.303900,-0.746100,mismatch
38383WBJ4,DV01.3,0.05,0.046858,-0.003142,ok
38383WBJ4,Dollar Return.3,-10.33,-9.831040,0.498960,mismatch
38383WBV7,Forward Yield,4.73,4.730338,0.000338,ok
38383WBV7,Effective Duration,4.58,4.703207,0.123207,mismatch
38383WBV7,Effective Convexity,-0.68,-0.598527,0.081473,mismatch
38383WBV7,Effective DV01,0.045,0.046491,0.001491,ok
38383WBV7,Dollar Duration,22275.0,,,api_missing
38383WBV7,1YR,0.18,0.160200,-0.019800,mismatch
38383WBV7,2YR,0.23,0.237100,0.007100,ok
38383WBV7,3YR,0.41,0.427800,0.017800,mismatch
38383WBV7,5YR,1.02,1.049000,0.029000,mismatch
38383WBV7,10YR,1.76,1.815900,0.055900,mismatch
38383WBV7,20YR,0.98,1.012300,0.032300,mismatch
38383WBV7,30YR,0.01,0.015000,0.005000,ok
38383WBV7,Average Life,6.3,6.445700,0.145700,mismatch
38383WBV7,LT CPR,10.5,,,api_missing
38383WBV7,OAS,68.0,67.791300,-0.208700,mismatch
38383WBV7,Z-Spread,93.0,92.315208,-0.684792,mismatch
38383WBV7,Factor,0.7,0.686932,-0.013068,mismatch
38383WBV7,Life CPR,9.9,,,api_missing
38383WBV7,GWAC,5.44,,,api_missing
38383WBV7,WALA,90.0,,,api_missing
38383WBV7,WALS,169737.0,,,api_missing
38383WBV7,MaxServicerName,,,,ok
38383WBV7,MaxServicerPercent,,,,ok
38383WBV7,Eff. Dur,2.06,3.280900,1.220900,mismatch
38383WBV7,DV01,0.02,0.034913,0.014913,mismatch
38383WBV7,Dollar Return,6.97,7.614186,0.644186,mismatch
38383WBV7,Eff. Dur.1,3.45,4.209800,0.759800,mismatch
38383WBV7,DV01.1,0.04,0.043520,0.003520,ok
38383WBV7,Dollar Return.1,4.1,4.590648,0.490648,mismatch
38383WBV7,Eff. Dur.2,5.35,5.146800,-0.203200,mismatch
38383WBV7,DV01.2,0.05,0.048547,-0.001453,ok
38383WBV7,Dollar Return.2,-4.82,-4.428497,0.391503,mismatch
38383WBV7,Eff. Dur.3,5.86,5.179500,-0.680500,mismatch
38383WBV7,DV01.3,0.05,0.046192,-0.003808,ok
38383WBV7,Dollar Return.3,-9.98,-9.549404,0.430596,mismatch
38384MB22,Forward Yield,5.01,4.997520,-0.012480,mismatch
38384MB22,Effective Duration,1.39,1.497043,0.107043,mismatch
38384MB22,Effective Convexity,-2.38,-1.721349,0.658651,mismatch
38384MB22,Effective DV01,0.014,0.015192,0.001192,ok
38384MB22,Dollar Duration,10375.0,,,api_missing
38384MB22,1YR,0.38,0.378000,-0.002000,ok
38384MB22,2YR,0.36,0.379800,0.019800,mismatch
38384MB22,3YR,0.37,0.387200,0.017200,mismatch
38384MB22,5YR,0.52,0.533600,0.013600,mismatch
38384MB22,10YR,0.02,0.045800,0.025800,mismatch
38384MB22,20YR,-0.23,-0.203600,0.026400,mismatch
38384MB22,30YR,-0.04,-0.030500,0.009500,ok
38384MB22,Average Life,2.9,2.803500,-0.096500,mismatch
38384MB22,LT CPR,13.0,,,api_missing
38384MB22,OAS,82.0,82.041700,0.041700,ok
38384MB22,Z-Spread,146.0,144.762634,-1.237366,mismatch
38384MB22,Factor,0.85,0.813524,-0.036476,mismatch
38384MB22,Life CPR,5.4,,,api_missing
38384MB22,GWAC,6.09,,,api_missing
38384MB22,WALA,22.0,,,api_missing
38384MB22,WALS,265514.0,,,api_missing
38384MB22,MaxServicerName,,,,ok
38384MB22,MaxServicerPercent,,,,ok
38384MB22,Eff. Dur,0.04,0.617900,0.577900,mismatch
38384MB22,DV01,0.0,0.006324,0.006324,ok
38384MB22,Dollar Return,-0.02,0.932010,0.952010,mismatch
38384MB22,Eff. Dur.1,-0.39,0.958600,1.348600,mismatch
38384MB22,DV01.1,0.0,0.009819,0.009819,ok
38384MB22,Dollar Return.1,0.36,1.012172,0.652172,mismatch
38384MB22,Eff. Dur.2,3.26,3.270000,0.010000,mismatch
38384MB22,DV01.2,0.03,0.032548,0.002548,ok
38384MB22,Dollar Return.2,-2.44,-1.845766,0.594234,mismatch
38384MB22,Eff. Dur.3,4.34,3.497100,-0.842900,mismatch
38384MB22,DV01.3,0.04,0.033576,-0.006424,ok
38384MB22,Dollar Return.3,-6.18,-5.329697,0.850303,mismatch
38384MJD0,Forward Yield,4.76,4.768194,0.008194,ok
38384MJD0,Effective Duration,1.16,1.379768,0.219768,mismatch
38384MJD0,Effective Convexity,-1.85,-1.347829,0.502171,mismatch
38384MJD0,Effective DV01,0.012,0.014030,0.002030,ok
38384MJD0,Dollar Duration,4404.0,,,api_missing
38384MJD0,1YR,0.38,0.385300,0.005300,ok
38384MJD0,2YR,0.34,0.375200,0.035200,mismatch
38384MJD0,3YR,0.35,0.390500,0.040500,mismatch
38384MJD0,5YR,0.37,0.426800,0.056800,mismatch
38384MJD0,10YR,-0.08,-0.018100,0.061900,mismatch
38384MJD0,20YR,-0.2,-0.163200,0.036800,mismatch
38384MJD0,30YR,-0.03,-0.023900,0.006100,ok
38384MJD0,Average Life,2.3,2.387900,0.087900,mismatch
38384MJD0,LT CPR,17.3,,,api_missing
38384MJD0,OAS,66.0,69.425300,3.425300,mismatch
38384MJD0,Z-Spread,118.0,120.519547,2.519547,mismatch
38384MJD0,Factor,0.75,0.682814,-0.067186,mismatch
38384MJD0,Life CPR,11.9,,,api_missing
38384MJD0,GWAC,6.58,,,api_missing
38384MJD0,WALA,22.0,,,api_missing
38384MJD0,WALS,211153.0,,,api_missing
38384MJD0,MaxServicerName,,,,ok
38384MJD0,MaxServicerPercent,,,,ok
38384MJD0,Eff. Dur,0.16,0.756600,0.596600,mismatch
38384MJD0,DV01,0.0,0.007788,0.007788,ok
38384MJD0,Dollar Return,0.45,1.257058,0.807058,mismatch
38384MJD0,Eff. Dur.1,0.02,1.042900,1.022900,mismatch
38384MJD0,DV01.1,0.0,0.010715,0.010715,mismatch
38384MJD0,Dollar Return.1,0.48,1.074281,0.594281,mismatch
38384MJD0,Eff. Dur.2,2.77,2.988700,0.218700,mismatch
38384MJD0,DV01.2,0.03,0.029897,-0.000103,ok
38384MJD0,Dollar Return.2,-2.04,-1.554139,0.485861,mismatch
38384MJD0,Eff. Dur.3,3.85,3.264200,-0.585800,mismatch
38384MJD0,DV01.3,0.04,0.031620,-0.008380,ok
38384MJD0,Dollar Return.3,-5.33,-4.626206,0.703794,mismatch
38384MJK4,Forward Yield,4.76,4.768194,0.008194,ok
38384MJK4,Effective Duration,1.16,1.379768,0.219768,mismatch
38384MJK4,Effective Convexity,-1.85,-1.347829,0.502171,mismatch
38384MJK4,Effective DV01,0.012,0.014030,0.002030,ok
38384MJK4,Dollar Duration,8081.0,,,api_missing
38384MJK4,1YR,0.38,0.385300,0.005300,ok
38384MJK4,2YR,0.34,0.375200,0.035200,mismatch
38384MJK4,3YR,0.35,0.390500,0.040500,mismatch
38384MJK4,5YR,0.37,0.426800,0.056800,mismatch
38384MJK4,10YR,-0.08,-0.018100,0.061900,mismatch
38384MJK4,20YR,-0.2,-0.163200,0.036800,mismatch
38384MJK4,30YR,-0.03,-0.023900,0.006100,ok
38384MJK4,Average Life,2.3,2.387900,0.087900,mismatch
38384MJK4,LT CPR,17.3,,,api_missing
38384MJK4,OAS,66.0,69.425300,3.425300,mismatch
38384MJK4,Z-Spread,118.0,120.519547,2.519547,mismatch
38384MJK4,Factor,0.75,0.682814,-0.067186,mismatch
38384MJK4,Life CPR,11.9,,,api_missing
38384MJK4,GWAC,6.58,,,api_missing
38384MJK4,WALA,22.0,,,api_missing
38384MJK4,WALS,211153.0,,,api_missing
38384MJK4,MaxServicerName,,,,ok
38384MJK4,MaxServicerPercent,,,,ok
38384MJK4,Eff. Dur,0.16,0.756600,0.596600,mismatch
38384MJK4,DV01,0.0,0.007788,0.007788,ok
38384MJK4,Dollar Return,0.45,1.257058,0.807058,mismatch
38384MJK4,Eff. Dur.1,0.02,1.042900,1.022900,mismatch
38384MJK4,DV01.1,0.0,0.010715,0.010715,mismatch
38384MJK4,Dollar Return.1,0.48,1.074281,0.594281,mismatch
38384MJK4,Eff. Dur.2,2.77,2.988700,0.218700,mismatch
38384MJK4,DV01.2,0.03,0.029897,-0.000103,ok
38384MJK4,Dollar Return.2,-2.04,-1.554139,0.485861,mismatch
38384MJK4,Eff. Dur.3,3.85,3.264200,-0.585800,mismatch
38384MJK4,DV01.3,0.04,0.031620,-0.008380,ok
38384MJK4,Dollar Return.3,-5.33,-4.626206,0.703794,mismatch
38384NGD1,Forward Yield,4.98,4.973461,-0.006539,ok
38384NGD1,Effective Duration,1.76,1.868395,0.108395,mismatch
38384NGD1,Effective Convexity,-2.09,-1.598041,0.491959,mismatch
38384NGD1,Effective DV01,0.018,0.019005,0.001005,ok
38384NGD1,Dollar Duration,10094.0,,,api_missing
38384NGD1,1YR,0.33,0.326500,-0.003500,ok
38384NGD1,2YR,0.36,0.379400,0.019400,mismatch
38384NGD1,3YR,0.46,0.472300,0.012300,mismatch
38384NGD1,5YR,0.72,0.743300,0.023300,mismatch
38384NGD1,10YR,0.15,0.180300,0.030300,mismatch
38384NGD1,20YR,-0.23,-0.203300,0.026700,mismatch
38384NGD1,30YR,-0.04,-0.031800,0.008200,ok
38384NGD1,Average Life,3.2,3.350780,0.150780,mismatch
38384NGD1,LT CPR,13.2,,,api_missing
38384NGD1,OAS,87.0,87.619600,0.619600,mismatch
38384NGD1,Z-Spread,141.0,140.436020,-0.563980,mismatch
38384NGD1,Factor,0.81,0.776046,-0.033954,mismatch
38384NGD1,Life CPR,8.3,,,api_missing
38384NGD1,GWAC,6.1,,,api_missing
38384NGD1,WALA,24.0,,,api_missing
38384NGD1,WALS,234123.0,,,api_missing
38384NGD1,MaxServicerName,,,,ok
38384NGD1,MaxServicerPercent,,,,ok
38384NGD1,Eff. Dur,0.03,0.845200,0.815200,mismatch
38384NGD1,DV01,0.0,0.008724,0.008724,ok
38384NGD1,Dollar Return,0.61,1.561682,0.951682,mismatch
38384NGD1,Eff. Dur.1,0.0,1.327000,1.327000,mismatch
38384NGD1,DV01.1,0.0,0.013680,0.013680,mismatch
38384NGD1,Dollar Return.1,0.81,1.434339,0.624339,mismatch
38384NGD1,Eff. Dur.2,3.35,3.509700,0.159700,mismatch
38384NGD1,DV01.2,0.03,0.034916,0.004916,ok
38384NGD1,Dollar Return.2,-2.67,-2.135431,0.534569,mismatch
38384NGD1,Eff. Dur.3,4.24,3.691100,-0.548900,mismatch
38384NGD1,DV01.3,0.04,0.035382,-0.004618,ok
38384NGD1,Dollar Return.3,-6.4,-5.723813,0.676187,mismatch
38384NJD8,Forward Yield,4.71,4.716694,0.006694,ok
38384NJD8,Effective Duration,1.88,2.015073,0.135073,mismatch
38384NJD8,Effective Convexity,-1.52,-1.211422,0.308578,mismatch
38384NJD8,Effective DV01,0.019,0.020626,0.001626,ok
38384NJD8,Dollar Duration,7128.0,,,api_missing
38384NJD8,1YR,0.32,0.308600,-0.011400,mismatch
38384NJD8,2YR,0.33,0.345000,0.015000,mismatch
38384NJD8,3YR,0.44,0.468100,0.028100,mismatch
38384NJD8,5YR,0.72,0.759400,0.039400,mismatch
38384NJD8,10YR,0.28,0.320700,0.040700,mismatch
38384NJD8,20YR,-0.19,-0.160800,0.029200,mismatch
38384NJD8,30YR,-0.03,-0.029000,0.001000,ok
38384NJD8,Average Life,3.2,3.169200,-0.030800,mismatch
38384NJD8,LT CPR,16.4,,,api_missing
38384NJD8,OAS,67.0,68.590800,1.590800,mismatch
38384NJD8,Z-Spread,109.0,110.339539,1.339539,mismatch
38384NJD8,Factor,0.74,0.698145,-0.041855,mismatch
38384NJD8,Life CPR,13.9,,,api_missing
38384NJD8,GWAC,6.62,,,api_missing
38384NJD8,WALA,32.0,,,api_missing
38384NJD8,WALS,142224.0,,,api_missing
38384NJD8,MaxServicerName,,,,ok
38384NJD8,MaxServicerPercent,,,,ok
38384NJD8,Eff. Dur,0.26,1.236200,0.976200,mismatch
38384NJD8,DV01,0.0,0.012937,0.012937,mismatch
38384NJD8,Dollar Return,1.58,2.297243,0.717243,mismatch
38384NJD8,Eff. Dur.1,0.63,1.749300,1.119300,mismatch
38384NJD8,DV01.1,0.01,0.018209,0.008209,ok
38384NJD8,Dollar Return.1,1.24,1.749364,0.509364,mismatch
38384NJD8,Eff. Dur.2,3.17,3.411500,0.241500,mismatch
38384NJD8,DV01.2,0.03,0.034165,0.004165,ok
38384NJD8,Dollar Return.2,-2.62,-2.122146,0.497854,mismatch
38384NJD8,Eff. Dur.3,3.97,3.605400,-0.364600,mismatch
38384NJD8,DV01.3,0.04,0.034876,-0.005124,ok
38384NJD8,Dollar Return.3,-6.16,-5.471186,0.688814,mismatch
38384NJK2,Forward Yield,5.06,5.062205,0.002205,ok
38384NJK2,Effective Duration,2.46,2.512117,0.052117,mismatch
38384NJK2,Effective Convexity,-1.67,-1.511798,0.158202,mismatch
38384NJK2,Effective DV01,0.025,0.025570,0.000570,ok
38384NJK2,Dollar Duration,17687.0,,,api_missing
38384NJK2,1YR,0.26,0.250600,-0.009400,ok
38384NJK2,2YR,0.36,0.374200,0.014200,mismatch
38384NJK2,3YR,0.54,0.553600,0.013600,mismatch
38384NJK2,5YR,0.98,0.998200,0.018200,mismatch
38384NJK2,10YR,0.54,0.554600,0.014600,mismatch
38384NJK2,20YR,-0.18,-0.175300,0.004700,ok
38384NJK2,30YR,-0.04,-0.034400,0.005600,ok
38384NJK2,Average Life,4.0,3.973200,-0.026800,mismatch
38384NJK2,LT CPR,11.4,,,api_missing
38384NJK2,OAS,97.0,98.101600,1.101600,mismatch
38384NJK2,Z-Spread,145.0,145.672516,0.672516,mismatch
38384NJK2,Factor,0.87,0.843793,-0.026207,mismatch
38384NJK2,Life CPR,5.3,,,api_missing
38384NJK2,GWAC,6.06,,,api_missing
38384NJK2,WALA,31.0,,,api_missing
38384NJK2,WALS,246063.0,,,api_missing
38384NJK2,MaxServicerName,,,,ok
38384NJK2,MaxServicerPercent,,,,ok
38384NJK2,Eff. Dur,0.06,1.121300,1.061300,mismatch
38384NJK2,DV01,0.0,0.011676,0.011676,mismatch
38384NJK2,Dollar Return,1.64,2.368057,0.728057,mismatch
38384NJK2,Eff. Dur.1,0.58,1.892000,1.312000,mismatch
38384NJK2,DV01.1,0.01,0.019637,0.009637,ok
38384NJK2,Dollar Return.1,1.55,2.036946,0.486946,mismatch
38384NJK2,Eff. Dur.2,3.66,3.904400,0.244400,mismatch
38384NJK2,DV01.2,0.04,0.038666,-0.001334,ok
38384NJK2,Dollar Return.2,-3.16,-2.645522,0.514478,mismatch
38384NJK2,Eff. Dur.3,4.36,3.970300,-0.389700,mismatch
38384NJK2,DV01.3,0.04,0.037779,-0.002221,ok
38384NJK2,Dollar Return.3,-7.07,-6.464634,0.605366,mismatch
38384NQP3,Forward Yield,4.96,4.947795,-0.012205,mismatch
38384NQP3,Effective Duration,1.61,1.734645,0.124645,mismatch
38384NQP3,Effective Convexity,-2.2,-1.622037,0.577963,mismatch
38384NQP3,Effective DV01,0.016,0.017653,0.001653,ok
38384NQP3,Dollar Duration,11852.0,,,api_missing
38384NQP3,1YR,0.34,0.336800,-0.003200,ok
38384NQP3,2YR,0.35,0.362800,0.012800,mismatch
38384NQP3,3YR,0.42,0.435300,0.015300,mismatch
38384NQP3,5YR,0.66,0.687300,0.027300,mismatch
38384NQP3,10YR,0.13,0.157000,0.027000,mismatch
38384NQP3,20YR,-0.24,-0.214800,0.025200,mismatch
38384NQP3,30YR,-0.04,-0.033800,0.006200,ok
38384NQP3,Average Life,3.1,3.063000,-0.037000,mismatch
38384NQP3,LT CPR,13.4,,,api_missing
38384NQP3,OAS,82.0,82.239900,0.239900,mismatch
38384NQP3,Z-Spread,137.0,136.963715,-0.036285,ok
38384NQP3,Factor,0.81,0.766116,-0.043884,mismatch
38384NQP3,Life CPR,9.3,,,api_missing
38384NQP3,GWAC,6.1,,,api_missing
38384NQP3,WALA,22.0,,,api_missing
38384NQP3,WALS,245417.0,,,api_missing
38384NQP3,MaxServicerName,,,,ok
38384NQP3,MaxServicerPercent,,,,ok
38384NQP3,Eff. Dur,0.03,0.788500,0.758500,mismatch
38384NQP3,DV01,0.0,0.008126,0.008126,ok
38384NQP3,Dollar Return,0.39,1.331545,0.941545,mismatch
38384NQP3,Eff. Dur.1,-0.12,1.251300,1.371300,mismatch
38384NQP3,DV01.1,0.0,0.012889,0.012889,mismatch
38384NQP3,Dollar Return.1,0.65,1.283154,0.633154,mismatch
38384NQP3,Eff. Dur.2,3.29,3.432800,0.142800,mismatch
38384NQP3,DV01.2,0.03,0.034214,0.004214,ok
38384NQP3,Dollar Return.2,-2.58,-1.998324,0.581676,mismatch
38384NQP3,Eff. Dur.3,4.21,3.610400,-0.599600,mismatch
38384NQP3,DV01.3,0.04,0.034713,-0.005287,ok
38384NQP3,Dollar Return.3,-6.27,-5.456034,0.813966,mismatch
38384NTV7,Forward Yield,4.92,4.960857,0.040857,mismatch
38384NTV7,Effective Duration,2.21,2.472161,0.262161,mismatch
38384NTV7,Effective Convexity,-2.34,-2.015886,0.324114,mismatch
38384NTV7,Effective DV01,0.023,0.025306,0.002306,ok
38384NTV7,Dollar Duration,10779.0,,,api_missing
38384NTV7,1YR,0.3,0.289700,-0.010300,mismatch
38384NTV7,2YR,0.32,0.342100,0.022100,mismatch
38384NTV7,3YR,0.42,0.452000,0.032000,mismatch
38384NTV7,5YR,0.81,0.885400,0.075400,mismatch
38384NTV7,10YR,0.61,0.720600,0.110600,mismatch
38384NTV7,20YR,-0.19,-0.163700,0.026300,mismatch
38384NTV7,30YR,-0.05,-0.046500,0.003500,ok
38384NTV7,Average Life,4.1,4.350100,0.250100,mismatch
38384NTV7,LT CPR,11.4,,,api_missing
38384NTV7,OAS,68.0,71.562800,3.562800,mismatch
38384NTV7,Z-Spread,126.0,129.800858,3.800858,mismatch
38384NTV7,Factor,0.88,0.845436,-0.034564,mismatch
38384NTV7,Life CPR,5.9,,,api_missing
38384NTV7,GWAC,6.07,,,api_missing
38384NTV7,WALA,30.0,,,api_missing
38384NTV7,WALS,452793.0,,,api_missing
38384NTV7,MaxServicerName,,,,ok
38384NTV7,MaxServicerPercent,,,,ok
38384NTV7,Eff. Dur,-0.16,1.007900,1.167900,mismatch
38384NTV7,DV01,0.0,0.010496,0.010496,mismatch
38384NTV7,Dollar Return,0.59,1.760885,1.170885,mismatch
38384NTV7,Eff. Dur.1,-0.09,1.838700,1.928700,mismatch
38384NTV7,DV01.1,0.0,0.019147,0.019147,mismatch
38384NTV7,Dollar Return.1,1.02,1.751984,0.731984,mismatch
38384NTV7,Eff. Dur.2,3.97,4.596800,0.626800,mismatch
38384NTV7,DV01.2,0.04,0.045694,0.005694,ok
38384NTV7,Dollar Return.2,-3.23,-2.849036,0.380964,mismatch
38384NTV7,Eff. Dur.3,4.93,4.896500,-0.033500,mismatch
38384NTV7,DV01.3,0.05,0.046441,-0.003559,ok
38384NTV7,Dollar Return.3,-7.6,-7.286622,0.313378,mismatch
38384NZT5,Forward Yield,4.93,4.903414,-0.026586,mismatch
38384NZT5,Effective Duration,2.35,2.483162,0.133162,mismatch
38384NZT5,Effective Convexity,-2.29,-1.596478,0.693522,mismatch
38384NZT5,Effective DV01,0.024,0.025408,0.001408,ok
38384NZT5,Dollar Duration,10799.0,,,api_missing
38384NZT5,1YR,0.32,0.314300,-0.005700,ok
38384NZT5,2YR,0.28,0.292800,0.012800,mismatch
38384NZT5,3YR,0.35,0.365800,0.015800,mismatch
38384NZT5,5YR,0.54,0.575100,0.035100,mismatch
38384NZT5,10YR,0.54,0.588500,0.048500,mismatch
38384NZT5,20YR,0.29,0.324700,0.034700,mismatch
38384NZT5,30YR,0.01,0.020000,0.010000,ok
38384NZT5,Average Life,4.6,4.417200,-0.182800,mismatch
38384NZT5,LT CPR,21.1,,,api_missing
38384NZT5,OAS,48.0,47.419100,-0.580900,mismatch
38384NZT5,Z-Spread,111.0,108.751328,-2.248672,mismatch
38384NZT5,Factor,0.89,0.832285,-0.057715,mismatch
38384NZT5,Life CPR,11.4,,,api_missing
38384NZT5,GWAC,6.66,,,api_missing
38384NZT5,WALA,21.0,,,api_missing
38384NZT5,WALS,326608.0,,,api_missing
38384NZT5,MaxServicerName,,,,ok
38384NZT5,MaxServicerPercent,,,,ok
38384NZT5,Eff. Dur,0.71,1.376100,0.666100,mismatch
38384NZT5,DV01,0.01,0.014477,0.004477,ok
38384NZT5,Dollar Return,2.1,2.923572,0.823572,mismatch
38384NZT5,Eff. Dur.1,0.74,1.815400,1.075400,mismatch
38384NZT5,DV01.1,0.01,0.018941,0.008941,ok
38384NZT5,Dollar Return.1,1.48,2.064167,0.584167,mismatch
38384NZT5,Eff. Dur.2,4.34,4.581600,0.241600,mismatch
38384NZT5,DV01.2,0.04,0.045534,0.005534,ok
38384NZT5,Dollar Return.2,-3.46,-2.838424,0.621576,mismatch
38384NZT5,Eff. Dur.3,5.59,4.937000,-0.653000,mismatch
38384NZT5,DV01.3,0.05,0.046855,-0.003145,ok
38384NZT5,Dollar Return.3,-8.31,-7.272762,1.037238,mismatch
38384PSK7,Forward Yield,4.57,4.607664,0.037664,mismatch
38384PSK7,Effective Duration,0.76,1.038981,0.278981,mismatch
38384PSK7,Effective Convexity,-1.75,-1.254785,0.495215,mismatch
38384PSK7,Effective DV01,0.008,0.010572,0.002572,ok
38384PSK7,Dollar Duration,1433.0,,,api_missing
38384PSK7,1YR,0.4,0.406800,0.006800,ok
38384PSK7,2YR,0.31,0.344000,0.034000,mismatch
38384PSK7,3YR,0.28,0.321200,0.041200,mismatch
38384PSK7,5YR,0.22,0.301100,0.081100,mismatch
38384PSK7,10YR,-0.22,-0.138500,0.081500,mismatch
38384PSK7,20YR,-0.23,-0.184500,0.045500,mismatch
38384PSK7,30YR,-0.03,-0.026100,0.003900,ok
38384PSK7,Average Life,2.0,2.045600,0.045600,mismatch
38384PSK7,LT CPR,17.8,,,api_missing
38384PSK7,OAS,50.0,54.585000,4.585000,mismatch
38384PSK7,Z-Spread,99.0,103.983673,4.983673,mismatch
38384PSK7,Factor,0.74,0.606243,-0.133757,mismatch
38384PSK7,Life CPR,15.2,,,api_missing
38384PSK7,GWAC,6.58,,,api_missing
38384PSK7,WALA,19.0,,,api_missing
38384PSK7,WALS,197190.0,,,api_missing
38384PSK7,MaxServicerName,,,,ok
38384PSK7,MaxServicerPercent,,,,ok
38384PSK7,Eff. Dur,0.14,0.650600,0.510600,mismatch
38384PSK7,DV01,0.0,0.006678,0.006678,ok
38384PSK7,Dollar Return,0.14,0.809912,0.669912,mismatch
38384PSK7,Eff. Dur.1,-0.1,0.900200,1.000200,mismatch
38384PSK7,DV01.1,0.0,0.009234,0.009234,ok
38384PSK7,Dollar Return.1,0.22,0.752201,0.532201,mismatch
38384PSK7,Eff. Dur.2,2.32,2.714600,0.394600,mismatch
38384PSK7,DV01.2,0.02,0.027301,0.007301,ok
38384PSK7,Dollar Return.2,-1.61,-1.116192,0.493808,mismatch
38384PSK7,Eff. Dur.3,3.44,2.978100,-0.461900,mismatch
38384PSK7,DV01.3,0.03,0.029116,-0.000884,ok
38384PSK7,Dollar Return.3,-4.49,-3.735891,0.754109,mismatch
38384QFS2,Forward Yield,4.8,4.830769,0.030769,mismatch
38384QFS2,Effective Duration,1.15,1.463373,0.313373,mismatch
38384QFS2,Effective Convexity,-2.08,-1.499719,0.580281,mismatch
38384QFS2,Effective DV01,0.012,0.014862,0.002862,ok
38384QFS2,Dollar Duration,4783.0,,,api_missing
38384QFS2,1YR,0.38,0.385700,0.005700,ok
38384QFS2,2YR,0.32,0.357600,0.037600,mismatch
38384QFS2,3YR,0.32,0.376600,0.056600,mismatch
38384QFS2,5YR,0.35,0.433600,0.083600,mismatch
38384QFS2,10YR,-0.03,0.065700,0.095700,mismatch
38384QFS2,20YR,-0.19,-0.140800,0.049200,mismatch
38384QFS2,30YR,-0.03,-0.022200,0.007800,ok
38384QFS2,Average Life,2.4,2.483600,0.083600,mismatch
38384QFS2,LT CPR,18.2,,,api_missing
38384QFS2,OAS,64.0,69.013700,5.013700,mismatch
38384QFS2,Z-Spread,122.0,125.349785,3.349785,mismatch
38384QFS2,Factor,0.81,0.743465,-0.066535,mismatch
38384QFS2,Life CPR,10.6,,,api_missing
38384QFS2,GWAC,6.62,,,api_missing
38384QFS2,WALA,18.0,,,api_missing
38384QFS2,WALS,241886.0,,,api_missing
38384QFS2,MaxServicerName,,,,ok
38384QFS2,MaxServicerPercent,,,,ok
38384QFS2,Eff. Dur,0.23,0.732600,0.502600,mismatch
38384QFS2,DV01,0.0,0.007536,0.007536,ok
38384QFS2,Dollar Return,0.45,1.299904,0.849904,mismatch
38384QFS2,Eff. Dur.1,0.0,0.995300,0.995300,mismatch
38384QFS2,DV01.1,0.0,0.010216,0.010216,mismatch
38384QFS2,Dollar Return.1,0.44,1.092038,0.652038,mismatch
38384QFS2,Eff. Dur.2,2.97,3.249400,0.279400,mismatch
38384QFS2,DV01.2,0.03,0.032419,0.002419,ok
38384QFS2,Dollar Return.2,-2.13,-1.685593,0.444407,mismatch
38384QFS2,Eff. Dur.3,4.19,3.560500,-0.629500,mismatch
38384QFS2,DV01.3,0.04,0.034293,-0.005707,ok
38384QFS2,Dollar Return.3,-5.68,-5.022015,0.657985,mismatch
38384U4K2,Forward Yield,4.6,4.598425,-0.001575,ok
38384U4K2,Effective Duration,2.13,2.262909,0.132909,mismatch
38384U4K2,Effective Convexity,-1.82,-1.353597,0.466403,mismatch
38384U4K2,Effective DV01,0.022,0.022903,0.000903,ok
38384U4K2,Dollar Duration,5364.0,,,api_missing
38384U4K2,1YR,0.3,0.293900,-0.006100,ok
38384U4K2,2YR,0.32,0.339300,0.019300,mismatch
38384U4K2,3YR,0.45,0.470900,0.020900,mismatch
38384U4K2,5YR,0.74,0.784300,0.044300,mismatch
38384U4K2,10YR,0.42,0.457800,0.037800,mismatch
38384U4K2,20YR,-0.08,-0.063200,0.016800,mismatch
38384U4K2,30YR,-0.02,-0.013400,0.006600,ok
38384U4K2,Average Life,3.1,3.107700,0.007700,ok
38384U4K2,LT CPR,16.1,,,api_missing
38384U4K2,OAS,51.0,52.439900,1.439900,mismatch
38384U4K2,Z-Spread,101.0,101.968407,0.968407,mismatch
38384U4K2,Factor,0.84,0.763761,-0.076239,mismatch
38384U4K2,Life CPR,10.3,,,api_missing
38384U4K2,GWAC,6.61,,,api_missing
38384U4K2,WALA,18.0,,,api_missing
38384U4K2,WALS,178494.0,,,api_missing
38384U4K2,MaxServicerName,,,,ok
38384U4K2,MaxServicerPercent,,,,ok
38384U4K2,Eff. Dur,0.32,1.069400,0.749400,mismatch
38384U4K2,DV01,0.0,0.011088,0.011088,mismatch
38384U4K2,Dollar Return,1.7,2.458407,0.758407,mismatch
38384U4K2,Eff. Dur.1,0.64,1.541200,0.901200,mismatch
38384U4K2,DV01.1,0.01,0.015886,0.005886,ok
38384U4K2,Dollar Return.1,1.34,1.865164,0.525164,mismatch
38384U4K2,Eff. Dur.2,3.61,3.581000,-0.029000,mismatch
38384U4K2,DV01.2,0.04,0.035343,-0.004657,ok
38384U4K2,Dollar Return.2,-2.94,-2.394455,0.545545,mismatch
38384U4K2,Eff. Dur.3,4.57,3.827000,-0.743000,mismatch
38384U4K2,DV01.3,0.04,0.036317,-0.003683,ok
38384U4K2,Dollar Return.3,-6.91,-6.087879,0.822121,mismatch
38384UWL9,Forward Yield,4.81,4.819029,0.009029,ok
38384UWL9,Effective Duration,2.21,2.340588,0.130588,mismatch
38384UWL9,Effective Convexity,-2.05,-1.634503,0.415497,mismatch
38384UWL9,Effective DV01,0.022,0.023550,0.001550,ok
38384UWL9,Dollar Duration,18654.0,,,api_missing
38384UWL9,1YR,0.33,0.315500,-0.014500,mismatch
38384UWL9,2YR,0.35,0.370800,0.020800,mismatch
38384UWL9,3YR,0.42,0.447600,0.027600,mismatch
38384UWL9,5YR,0.71,0.743800,0.033800,mismatch
38384UWL9,10YR,0.47,0.510500,0.040500,mismatch
38384UWL9,20YR,-0.04,-0.029300,0.010700,mismatch
38384UWL9,30YR,-0.01,-0.009700,0.000300,ok
38384UWL9,Average Life,3.2,3.289800,0.089800,mismatch
38384UWL9,LT CPR,13.0,,,api_missing
38384UWL9,OAS,66.0,67.584100,1.584100,mismatch
38384UWL9,Z-Spread,125.0,125.938675,0.938675,mismatch
38384UWL9,Factor,0.83,0.802206,-0.027794,mismatch
38384UWL9,Life CPR,8.9,,,api_missing
38384UWL9,GWAC,6.14,,,api_missing
38384UWL9,WALA,19.0,,,api_missing
38384UWL9,WALS,197022.0,,,api_missing
38384UWL9,MaxServicerName,,,,ok
38384UWL9,MaxServicerPercent,,,,ok
38384UWL9,Eff. Dur,0.03,0.777600,0.747600,mismatch
38384UWL9,DV01,0.0,0.007982,0.007982,ok
38384UWL9,Dollar Return,1.17,2.090782,0.920782,mismatch
38384UWL9,Eff. Dur.1,0.29,1.277200,0.987200,mismatch
38384UWL9,DV01.1,0.0,0.013075,0.013075,mismatch
38384UWL9,Dollar Return.1,1.2,1.815740,0.615740,mismatch
38384UWL9,Eff. Dur.2,3.79,3.694500,-0.095500,mismatch
38384UWL9,DV01.2,0.04,0.036176,-0.003824,ok
38384UWL9,Dollar Return.2,-3.07,-2.588178,0.481822,mismatch
38384UWL9,Eff. Dur.3,4.79,3.905200,-0.884800,mismatch
38384UWL9,DV01.3,0.04,0.036655,-0.003345,ok
38384UWL9,Dollar Return.3,-7.2,-6.596172,0.603828,mismatch
38384UWM7,Forward Yield,4.78,4.786360,0.006360,ok
38384UWM7,Effective Duration,2.25,2.329916,0.079916,mismatch
38384UWM7,Effective Convexity,-2.02,-1.616463,0.403537,mismatch
38384UWM7,Effective DV01,0.023,0.023469,0.000469,ok
38384UWM7,Dollar Duration,14679.0,,,api_missing
38384UWM7,1YR,0.32,0.310000,-0.010000,mismatch
38384UWM7,2YR,0.35,0.368800,0.018800,mismatch
38384UWM7,3YR,0.44,0.454600,0.014600,mismatch
38384UWM7,5YR,0.72,0.747600,0.027600,mismatch
38384UWM7,10YR,0.49,0.506900,0.016900,mismatch
38384UWM7,20YR,-0.05,-0.037700,0.012300,mismatch
38384UWM7,30YR,-0.01,-0.011300,-0.001300,ok
38384UWM7,Average Life,3.3,3.323100,0.023100,mismatch
38384UWM7,LT CPR,12.8,,,api_missing
38384UWM7,OAS,63.0,64.655100,1.655100,mismatch
38384UWM7,Z-Spread,121.0,122.148178,1.148178,mismatch
38384UWM7,Factor,0.86,0.829743,-0.030257,mismatch
38384UWM7,Life CPR,7.5,,,api_missing
38384UWM7,GWAC,6.11,,,api_missing
38384UWM7,WALA,21.0,,,api_missing
38384UWM7,WALS,202319.0,,,api_missing
38384UWM7,MaxServicerName,,,,ok
38384UWM7,MaxServicerPercent,,,,ok
38384UWM7,Eff. Dur,0.04,0.811000,0.771000,mismatch
38384UWM7,DV01,0.0,0.008337,0.008337,ok
38384UWM7,Dollar Return,1.22,2.109968,0.889968,mismatch
38384UWM7,Eff. Dur.1,0.32,1.318000,0.998000,mismatch
38384UWM7,DV01.1,0.0,0.013509,0.013509,mismatch
38384UWM7,Dollar Return.1,1.24,1.810390,0.570390,mismatch
38384UWM7,Eff. Dur.2,3.8,3.674800,-0.125200,mismatch
38384UWM7,DV01.2,0.04,0.036032,-0.003968,ok
38384UWM7,Dollar Return.2,-3.1,-2.561053,0.538947,mismatch
38384UWM7,Eff. Dur.3,4.8,3.889300,-0.910700,mismatch
38384UWM7,DV01.3,0.05,0.036566,-0.013434,mismatch
38384UWM7,Dollar Return.3,-7.24,-6.528859,0.711141,mismatch
38384UZY8,Forward Yield,4.73,4.740146,0.010146,mismatch
38384UZY8,Effective Duration,1.57,1.826045,0.256045,mismatch
38384UZY8,Effective Convexity,-2.14,-1.543636,0.596364,mismatch
38384UZY8,Effective DV01,0.016,0.018508,0.002508,ok
38384UZY8,Dollar Duration,9409.0,,,api_missing
38384UZY8,1YR,0.35,0.351800,0.001800,ok
38384UZY8,2YR,0.32,0.353900,0.033900,mismatch
38384UZY8,3YR,0.37,0.410200,0.040200,mismatch
38384UZY8,5YR,0.48,0.547000,0.067000,mismatch
38384UZY8,10YR,0.18,0.258800,0.078800,mismatch
38384UZY8,20YR,-0.12,-0.081200,0.038800,mismatch
38384UZY8,30YR,-0.02,-0.016900,0.003100,ok
38384UZY8,Average Life,2.7,2.791700,0.091700,mismatch
38384UZY8,LT CPR,17.6,,,api_missing
38384UZY8,OAS,52.0,55.735000,3.735000,mismatch
38384UZY8,Z-Spread,114.0,115.724480,1.724480,mismatch
38384UZY8,Factor,0.83,0.761886,-0.068114,mismatch
38384UZY8,Life CPR,10.7,,,api_missing
38384UZY8,GWAC,6.62,,,api_missing
38384UZY8,WALA,18.0,,,api_missing
38384UZY8,WALS,222029.0,,,api_missing
38384UZY8,MaxServicerName,,,,ok
38384UZY8,MaxServicerPercent,,,,ok
38384UZY8,Eff. Dur,0.24,0.804600,0.564600,mismatch
38384UZY8,DV01,0.0,0.008291,0.008291,ok
38384UZY8,Dollar Return,0.84,1.688994,0.848994,mismatch
38384UZY8,Eff. Dur.1,0.17,1.120200,0.950200,mismatch
38384UZY8,DV01.1,0.0,0.011508,0.011508,mismatch
38384UZY8,Dollar Return.1,0.75,1.378659,0.628659,mismatch
38384UZY8,Eff. Dur.2,3.39,3.545800,0.155800,mismatch
38384UZY8,DV01.2,0.03,0.035161,0.005161,ok
38384UZY8,Dollar Return.2,-2.56,-2.077649,0.482351,mismatch
38384UZY8,Eff. Dur.3,4.57,3.842100,-0.727900,mismatch
38384UZY8,DV01.3,0.04,0.036651,-0.003349,ok
38384UZY8,Dollar Return.3,-6.46,-5.733558,0.726442,mismatch
38384VBC0,Forward Yield,4.68,4.680900,0.000900,ok
38384VBC0,Effective Duration,1.92,2.074063,0.154063,mismatch
38384VBC0,Effective Convexity,-2.06,-1.535014,0.524986,mismatch
38384VBC0,Effective DV01,0.019,0.020910,0.001910,ok
38384VBC0,Dollar Duration,9721.0,,,api_missing
38384VBC0,1YR,0.34,0.331100,-0.008900,ok
38384VBC0,2YR,0.34,0.357700,0.017700,mismatch
38384VBC0,3YR,0.4,0.431100,0.031100,mismatch
38384VBC0,5YR,0.57,0.612400,0.042400,mismatch
38384VBC0,10YR,0.32,0.367500,0.047500,mismatch
38384VBC0,20YR,-0.04,-0.010700,0.029300,mismatch
38384VBC0,30YR,-0.01,-0.004700,0.005300,ok
38384VBC0,Average Life,2.7,2.756600,0.056600,mismatch
38384VBC0,LT CPR,17.8,,,api_missing
38384VBC0,OAS,52.0,54.247500,2.247500,mismatch
38384VBC0,Z-Spread,113.0,114.335274,1.335274,mismatch
38384VBC0,Factor,0.82,0.753249,-0.066751,mismatch
38384VBC0,Life CPR,10.7,,,api_missing
38384VBC0,GWAC,6.62,,,api_missing
38384VBC0,WALA,17.0,,,api_missing
38384VBC0,WALS,245441.0,,,api_missing
38384VBC0,MaxServicerName,,,,ok
38384VBC0,MaxServicerPercent,,,,ok
38384VBC0,Eff. Dur,0.32,0.815700,0.495700,mismatch
38384VBC0,DV01,0.0,0.008389,0.008389,ok
38384VBC0,Dollar Return,1.28,2.063340,0.783340,mismatch
38384VBC0,Eff. Dur.1,0.38,1.127700,0.747700,mismatch
38384VBC0,DV01.1,0.0,0.011547,0.011547,mismatch
38384VBC0,Dollar Return.1,1.05,1.619268,0.569268,mismatch
38384VBC0,Eff. Dur.2,3.66,3.450300,-0.209700,mismatch
38384VBC0,DV01.2,0.04,0.033942,-0.006058,ok
38384VBC0,Dollar Return.2,-2.84,-2.328809,0.511191,mismatch
38384VBC0,Eff. Dur.3,4.81,3.787700,-1.022300,mismatch
38384VBC0,DV01.3,0.05,0.035787,-0.014213,mismatch
38384VBC0,Dollar Return.3,-6.94,-6.156040,0.783960,mismatch
38384VNR4,Forward Yield,4.75,4.765276,0.015276,mismatch
38384VNR4,Effective Duration,1.9,2.058313,0.158313,mismatch
38384VNR4,Effective Convexity,-1.95,-1.490829,0.459171,mismatch
38384VNR4,Effective DV01,0.019,0.020692,0.001692,ok
38384VNR4,Dollar Duration,13881.0,,,api_missing
38384VNR4,1YR,0.34,0.334600,-0.005400,ok
38384VNR4,2YR,0.34,0.359900,0.019900,mismatch
38384VNR4,3YR,0.4,0.428900,0.028900,mismatch
38384VNR4,5YR,0.56,0.604000,0.044000,mismatch
38384VNR4,10YR,0.3,0.338600,0.038600,mismatch
38384VNR4,20YR,-0.01,0.006600,0.016600,mismatch
38384VNR4,30YR,0.0,0.000800,0.000800,ok
38384VNR4,Average Life,2.4,2.531700,0.131700,mismatch
38384VNR4,LT CPR,17.8,,,api_missing
38384VNR4,OAS,66.0,68.346600,2.346600,mismatch
38384VNR4,Z-Spread,124.0,126.033249,2.033249,mismatch
38384VNR4,Factor,0.75,0.680250,-0.069750,mismatch
38384VNR4,Life CPR,15.5,,,api_missing
38384VNR4,GWAC,6.67,,,api_missing
38384VNR4,WALA,17.0,,,api_missing
38384VNR4,WALS,234137.0,,,api_missing
38384VNR4,MaxServicerName,,,,ok
38384VNR4,MaxServicerPercent,,,,ok
38384VNR4,Eff. Dur,0.29,0.772500,0.482500,mismatch
38384VNR4,DV01,0.0,0.007923,0.007923,ok
38384VNR4,Dollar Return,1.29,2.036867,0.746867,mismatch
38384VNR4,Eff. Dur.1,0.42,1.074100,0.654100,mismatch
38384VNR4,DV01.1,0.0,0.010969,0.010969,mismatch
38384VNR4,Dollar Return.1,1.05,1.609802,0.559802,mismatch
38384VNR4,Eff. Dur.2,3.51,3.243700,-0.266300,mismatch
38384VNR4,DV01.2,0.03,0.031844,0.001844,ok
38384VNR4,Dollar Return.2,-2.74,-2.211171,0.528829,mismatch
38384VNR4,Eff. Dur.3,4.62,3.577500,-1.042500,mismatch
38384VNR4,DV01.3,0.04,0.033775,-0.006225,ok
38384VNR4,Dollar Return.3,-6.67,-5.850519,0.819481,mismatch
38384VTH0,Forward Yield,4.89,4.896416,0.006416,ok
38384VTH0,Effective Duration,2.69,2.773972,0.083972,mismatch
38384VTH0,Effective Convexity,-1.99,-1.588827,0.401173,mismatch
38384VTH0,Effective DV01,0.027,0.027853,0.000853,ok
38384VTH0,Dollar Duration,12248.0,,,api_missing
38384VTH0,1YR,0.29,0.281700,-0.008300,ok
38384VTH0,2YR,0.34,0.354600,0.014600,mismatch
38384VTH0,3YR,0.46,0.475300,0.015300,mismatch
38384VTH0,5YR,0.81,0.834000,0.024000,mismatch
38384VTH0,10YR,0.74,0.756600,0.016600,mismatch
38384VTH0,20YR,0.08,0.088900,0.008900,ok
38384VTH0,30YR,0.0,-0.002300,-0.002300,ok
38384VTH0,Average Life,3.7,3.739600,0.039600,mismatch
38384VTH0,LT CPR,12.7,,,api_missing
38384VTH0,OAS,70.0,71.170700,1.170700,mismatch
38384VTH0,Z-Spread,130.0,131.154449,1.154449,mismatch
38384VTH0,Factor,0.91,0.873782,-0.036218,mismatch
38384VTH0,Life CPR,5.9,,,api_missing
38384VTH0,GWAC,6.11,,,api_missing
38384VTH0,WALA,16.0,,,api_missing
38384VTH0,WALS,213334.0,,,api_missing
38384VTH0,MaxServicerName,,,,ok
38384VTH0,MaxServicerPercent,,,,ok
38384VTH0,Eff. Dur,0.18,0.945200,0.765200,mismatch
38384VTH0,DV01,0.0,0.009751,0.009751,ok
38384VTH0,Dollar Return,1.87,2.794854,0.924854,mismatch
38384VTH0,Eff. Dur.1,0.65,1.526100,0.876100,mismatch
38384VTH0,DV01.1,0.01,0.015657,0.005657,ok
38384VTH0,Dollar Return.1,1.64,2.231854,0.591854,mismatch
38384VTH0,Eff. Dur.2,4.24,4.060700,-0.179300,mismatch
38384VTH0,DV01.2,0.04,0.039511,-0.000489,ok
38384VTH0,Dollar Return.2,-3.52,-2.984926,0.535074,mismatch
38384VTH0,Eff. Dur.3,5.24,4.306200,-0.933800,mismatch
38384VTH0,DV01.3,0.05,0.039979,-0.010021,mismatch
38384VTH0,Dollar Return.3,-8.04,-7.379137,0.660863,mismatch
38384WJ89,Forward Yield,4.71,4.718258,0.008258,ok
38384WJ89,Effective Duration,2.28,2.427111,0.147111,mismatch
38384WJ89,Effective Convexity,-2.02,-1.564817,0.455183,mismatch
38384WJ89,Effective DV01,0.023,0.024474,0.001474,ok
38384WJ89,Dollar Duration,9554.0,,,api_missing
38384WJ89,1YR,0.31,0.301100,-0.008900,ok
38384WJ89,2YR,0.32,0.343100,0.023100,mismatch
38384WJ89,3YR,0.43,0.457000,0.027000,mismatch
38384WJ89,5YR,0.69,0.732900,0.042900,mismatch
38384WJ89,10YR,0.52,0.560800,0.040800,mismatch
38384WJ89,20YR,0.02,0.046900,0.026900,mismatch
38384WJ89,30YR,-0.01,-0.002600,0.007400,ok
38384WJ89,Average Life,3.1,3.197000,0.097000,mismatch
38384WJ89,LT CPR,16.7,,,api_missing
38384WJ89,OAS,55.0,56.710400,1.710400,mismatch
38384WJ89,Z-Spread,114.0,115.026787,1.026787,mismatch
38384WJ89,Factor,0.83,0.776831,-0.053169,mismatch
38384WJ89,Life CPR,11.1,,,api_missing
38384WJ89,GWAC,6.56,,,api_missing
38384WJ89,WALA,19.0,,,api_missing
38384WJ89,WALS,214078.0,,,api_missing
38384WJ89,MaxServicerName,,,,ok
38384WJ89,MaxServicerPercent,,,,ok
38384WJ89,Eff. Dur,0.36,0.969900,0.609900,mismatch
38384WJ89,DV01,0.0,0.010024,0.010024,mismatch
38384WJ89,Dollar Return,1.76,2.546688,0.786688,mismatch
38384WJ89,Eff. Dur.1,0.62,1.387900,0.767900,mismatch
38384WJ89,DV01.1,0.01,0.014260,0.004260,ok
38384WJ89,Dollar Return.1,1.39,1.953255,0.563255,mismatch
38384WJ89,Eff. Dur.2,3.91,3.749900,-0.160100,mismatch
38384WJ89,DV01.2,0.04,0.036774,-0.003226,ok
38384WJ89,Dollar Return.2,-3.16,-2.653424,0.506576,mismatch
38384WJ89,Eff. Dur.3,4.98,4.025100,-0.954900,mismatch
38384WJ89,DV01.3,0.05,0.037810,-0.012190,mismatch
38384WJ89,Dollar Return.3,-7.44,-6.716150,0.723850,mismatch
38384XAK9,Forward Yield,4.75,4.751719,0.001719,ok
38384XAK9,Effective Duration,2.11,2.180110,0.070110,mismatch
38384XAK9,Effective Convexity,-2.07,-1.523704,0.546296,mismatch
38384XAK9,Effective DV01,0.021,0.021943,0.000943,ok
38384XAK9,Dollar Duration,17600.0,,,api_missing
38384XAK9,1YR,0.33,0.315100,-0.014900,mismatch
38384XAK9,2YR,0.33,0.340400,0.010400,mismatch
38384XAK9,3YR,0.41,0.425700,0.015700,mismatch
38384XAK9,5YR,0.62,0.642000,0.022000,mismatch
38384XAK9,10YR,0.43,0.446500,0.016500,mismatch
38384XAK9,20YR,0.01,0.022400,0.012400,mismatch
38384XAK9,30YR,0.0,-0.001800,-0.001800,ok
38384XAK9,Average Life,2.8,2.823600,0.023600,mismatch
38384XAK9,LT CPR,17.6,,,api_missing
38384XAK9,OAS,59.0,60.370900,1.370900,mismatch
38384XAK9,Z-Spread,120.0,120.968948,0.968948,mismatch
38384XAK9,Factor,0.82,0.740588,-0.079412,mismatch
38384XAK9,Life CPR,11.6,,,api_missing
38384XAK9,GWAC,6.6,,,api_missing
38384XAK9,WALA,17.0,,,api_missing
38384XAK9,WALS,233824.0,,,api_missing
38384XAK9,MaxServicerName,,,,ok
38384XAK9,MaxServicerPercent,,,,ok
38384XAK9,Eff. Dur,0.32,0.831300,0.511300,mismatch
38384XAK9,DV01,0.0,0.008549,0.008549,ok
38384XAK9,Dollar Return,1.48,2.214496,0.734496,mismatch
38384XAK9,Eff. Dur.1,0.47,1.166900,0.696900,mismatch
38384XAK9,DV01.1,0.0,0.011942,0.011942,mismatch
38384XAK9,Dollar Return.1,1.2,1.723724,0.523724,mismatch
38384XAK9,Eff. Dur.2,3.79,3.458400,-0.331600,mismatch
38384XAK9,DV01.2,0.04,0.033941,-0.006059,ok
38384XAK9,Dollar Return.2,-3.0,-2.384748,0.615252,mismatch
38384XAK9,Eff. Dur.3,4.89,3.758800,-1.131200,mismatch
38384XAK9,DV01.3,0.05,0.035430,-0.014570,mismatch
38384XAK9,Dollar Return.3,-7.18,-6.183155,0.996845,mismatch
38384XJW4,Forward Yield,4.57,4.590154,0.020154,mismatch
38384XJW4,Effective Duration,2.08,2.299223,0.219223,mismatch
38384XJW4,Effective Convexity,-1.84,-1.400901,0.439099,mismatch
38384XJW4,Effective DV01,0.021,0.023273,0.002273,ok
38384XJW4,Dollar Duration,12406.0,,,api_missing
38384XJW4,1YR,0.31,0.304600,-0.005400,ok
38384XJW4,2YR,0.32,0.344600,0.024600,mismatch
38384XJW4,3YR,0.44,0.475400,0.035400,mismatch
38384XJW4,5YR,0.72,0.784600,0.064600,mismatch
38384XJW4,10YR,0.39,0.460200,0.070200,mismatch
38384XJW4,20YR,-0.08,-0.049500,0.030500,mismatch
38384XJW4,30YR,-0.02,-0.011100,0.008900,ok
38384XJW4,Average Life,3.0,3.097000,0.097000,mismatch
38384XJW4,LT CPR,17.1,,,api_missing
38384XJW4,OAS,49.0,51.538100,2.538100,mismatch
38384XJW4,Z-Spread,99.0,101.478134,2.478134,mismatch
38384XJW4,Factor,0.78,0.737339,-0.042661,mismatch
38384XJW4,Life CPR,14.7,,,api_missing
38384XJW4,GWAC,6.64,,,api_missing
38384XJW4,WALA,17.0,,,api_missing
38384XJW4,WALS,209942.0,,,api_missing
38384XJW4,MaxServicerName,,,,ok
38384XJW4,MaxServicerPercent,,,,ok
38384XJW4,Eff. Dur,0.39,1.084000,0.694000,mismatch
38384XJW4,DV01,0.0,0.011247,0.011247,mismatch
38384XJW4,Dollar Return,1.72,2.560216,0.840216,mismatch
38384XJW4,Eff. Dur.1,0.64,1.531800,0.891800,mismatch
38384XJW4,DV01.1,0.01,0.015792,0.005792,ok
38384XJW4,Dollar Return.1,1.3,1.911744,0.611744,mismatch
38384XJW4,Eff. Dur.2,3.62,3.662500,0.042500,mismatch
38384XJW4,DV01.2,0.04,0.036119,-0.003881,ok
38384XJW4,Dollar Return.2,-2.91,-2.493288,0.416712,mismatch
38384XJW4,Eff. Dur.3,4.65,3.945700,-0.704300,mismatch
38384XJW4,DV01.3,0.04,0.037361,-0.002639,ok
38384XJW4,Dollar Return.3,-6.92,-6.361419,0.558581,mismatch
38384XLV3,Forward Yield,4.68,4.676875,-0.003125,ok
38384XLV3,Effective Duration,2.14,2.432204,0.292204,mismatch
38384XLV3,Effective Convexity,-3.3,-2.058773,1.241227,mismatch
38384XLV3,Effective DV01,0.022,0.024613,0.002613,ok
38384XLV3,Dollar Duration,10131.0,,,api_missing
38384XLV3,1YR,0.28,0.284800,0.004800,ok
38384XLV3,2YR,0.27,0.313000,0.043000,mismatch
38384XLV3,3YR,0.38,0.431100,0.051100,mismatch
38384XLV3,5YR,0.69,0.767500,0.077500,mismatch
38384XLV3,10YR,0.63,0.719600,0.089600,mismatch
38384XLV3,20YR,-0.03,0.015800,0.045800,mismatch
38384XLV3,30YR,-0.04,-0.030100,0.009900,ok
38384XLV3,Average Life,4.3,4.279300,-0.020700,mismatch
38384XLV3,LT CPR,14.3,,,api_missing
38384XLV3,OAS,53.0,54.975600,1.975600,mismatch
38384XLV3,Z-Spread,106.0,106.046692,0.046692,ok
38384XLV3,Factor,0.89,0.846640,-0.043360,mismatch
38384XLV3,Life CPR,7.3,,,api_missing
38384XLV3,GWAC,6.13,,,api_missing
38384XLV3,WALA,20.0,,,api_missing
38384XLV3,WALS,331738.0,,,api_missing
38384XLV3,MaxServicerName,,,,ok
38384XLV3,MaxServicerPercent,,,,ok
38384XLV3,Eff. Dur,0.51,1.182300,0.672300,mismatch
38384XLV3,DV01,0.01,0.012303,0.002303,ok
38384XLV3,Dollar Return,1.83,2.902530,1.072530,mismatch
38384XLV3,Eff. Dur.1,0.9,1.903100,1.003100,mismatch
38384XLV3,DV01.1,0.01,0.019636,0.009636,ok
38384XLV3,Dollar Return.1,1.38,2.034009,0.654009,mismatch
38384XLV3,Eff. Dur.2,3.92,3.856500,-0.063500,mismatch
38384XLV3,DV01.2,0.04,0.037966,-0.002034,ok
38384XLV3,Dollar Return.2,-3.14,-2.646352,0.493648,mismatch
38384XLV3,Eff. Dur.3,4.83,4.117800,-0.712200,mismatch
38384XLV3,DV01.3,0.05,0.038835,-0.011165,mismatch
38384XLV3,Dollar Return.3,-7.37,-6.737944,0.632056,mismatch
38384XPN7,Forward Yield,4.84,4.838153,-0.001847,ok
38384XPN7,Effective Duration,2.52,2.600489,0.080489,mismatch
38384XPN7,Effective Convexity,-2.15,-1.707794,0.442206,mismatch
38384XPN7,Effective DV01,0.025,0.026171,0.001171,ok
38384XPN7,Dollar Duration,8080.0,,,api_missing
38384XPN7,1YR,0.31,0.297500,-0.012500,mismatch
38384XPN7,2YR,0.34,0.357200,0.017200,mismatch
38384XPN7,3YR,0.44,0.449100,0.009100,ok
38384XPN7,5YR,0.75,0.770100,0.020100,mismatch
38384XPN7,10YR,0.67,0.688800,0.018800,mismatch
38384XPN7,20YR,0.05,0.059500,0.009500,ok
38384XPN7,30YR,-0.01,-0.009400,0.000600,ok
38384XPN7,Average Life,3.7,3.726200,0.026200,mismatch
38384XPN7,LT CPR,13.1,,,api_missing
38384XPN7,OAS,60.0,60.517300,0.517300,mismatch
38384XPN7,Z-Spread,124.0,124.460503,0.460503,mismatch
38384XPN7,Factor,0.86,0.828031,-0.031969,mismatch
38384XPN7,Life CPR,8.5,,,api_missing
38384XPN7,GWAC,6.13,,,api_missing
38384XPN7,WALA,21.0,,,api_missing
38384XPN7,WALS,228444.0,,,api_missing
38384XPN7,MaxServicerName,,,,ok
38384XPN7,MaxServicerPercent,,,,ok
38384XPN7,Eff. Dur,0.09,0.841300,0.751300,mismatch
38384XPN7,DV01,0.0,0.008662,0.008662,ok
38384XPN7,Dollar Return,1.42,2.371217,0.951217,mismatch
38384XPN7,Eff. Dur.1,0.38,1.379100,0.999100,mismatch
38384XPN7,DV01.1,0.0,0.014149,0.014149,mismatch
38384XPN7,Dollar Return.1,1.4,2.010609,0.610609,mismatch
38384XPN7,Eff. Dur.2,4.18,4.088100,-0.091900,mismatch
38384XPN7,DV01.2,0.04,0.039915,-0.000085,ok
38384XPN7,Dollar Return.2,-3.42,-2.892068,0.527932,mismatch
38384XPN7,Eff. Dur.3,5.19,4.329800,-0.860200,mismatch
38384XPN7,DV01.3,0.05,0.040370,-0.009630,ok
38384XPN7,Dollar Return.3,-7.91,-7.243404,0.666596,mismatch
38384XTF0,Forward Yield,4.71,4.713364,0.003364,ok
38384XTF0,Effective Duration,2.29,2.434800,0.144800,mismatch
38384XTF0,Effective Convexity,-1.93,-1.500511,0.429489,mismatch
38384XTF0,Effective DV01,0.023,0.024557,0.001557,ok
38384XTF0,Dollar Duration,13690.0,,,api_missing
38384XTF0,1YR,0.31,0.300500,-0.009500,ok
38384XTF0,2YR,0.31,0.332800,0.022800,mismatch
38384XTF0,3YR,0.42,0.440100,0.020100,mismatch
38384XTF0,5YR,0.68,0.719800,0.039800,mismatch
38384XTF0,10YR,0.54,0.592100,0.052100,mismatch
38384XTF0,20YR,0.04,0.066000,0.026000,mismatch
38384XTF0,30YR,-0.01,-0.002900,0.007100,ok
38384XTF0,Average Life,3.1,3.206600,0.106600,mismatch
38384XTF0,LT CPR,17.1,,,api_missing
38384XTF0,OAS,54.0,55.273100,1.273100,mismatch
38384XTF0,Z-Spread,111.0,112.768387,1.768387,mismatch
38384XTF0,Factor,0.79,0.722765,-0.067235,mismatch
38384XTF0,Life CPR,15.7,,,api_missing
38384XTF0,GWAC,6.6,,,api_missing
38384XTF0,WALA,21.0,,,api_missing
38384XTF0,WALS,195493.0,,,api_missing
38384XTF0,MaxServicerName,,,,ok
38384XTF0,MaxServicerPercent,,,,ok
38384XTF0,Eff. Dur,0.32,0.986900,0.666900,mismatch
38384XTF0,DV01,0.0,0.010203,0.010203,mismatch
38384XTF0,Dollar Return,1.78,2.532129,0.752129,mismatch
38384XTF0,Eff. Dur.1,0.65,1.452200,0.802200,mismatch
38384XTF0,DV01.1,0.01,0.014928,0.004928,ok
38384XTF0,Dollar Return.1,1.42,1.962614,0.542614,mismatch
38384XTF0,Eff. Dur.2,3.88,3.742600,-0.137400,mismatch
38384XTF0,DV01.2,0.04,0.036717,-0.003283,ok
38384XTF0,Dollar Return.2,-3.13,-2.620596,0.509404,mismatch
38384XTF0,Eff. Dur.3,4.91,4.024000,-0.886000,mismatch
38384XTF0,DV01.3,0.05,0.037835,-0.012165,mismatch
38384XTF0,Dollar Return.3,-7.36,-6.609192,0.750808,mismatch
38384YAL5,Forward Yield,4.85,4.855564,0.005564,ok
38384YAL5,Effective Duration,2.5,2.607839,0.107839,mismatch
38384YAL5,Effective Convexity,-1.98,-1.562806,0.417194,mismatch
38384YAL5,Effective DV01,0.025,0.026216,0.001216,ok
38384YAL5,Dollar Duration,22174.0,,,api_missing
38384YAL5,1YR,0.3,0.293300,-0.006700,ok
38384YAL5,2YR,0.34,0.353400,0.013400,mismatch
38384YAL5,3YR,0.44,0.459200,0.019200,mismatch
38384YAL5,5YR,0.76,0.790500,0.030500,mismatch
38384YAL5,10YR,0.65,0.675500,0.025500,mismatch
38384YAL5,20YR,0.04,0.052800,0.012800,mismatch
38384YAL5,30YR,-0.01,-0.005100,0.004900,ok
38384YAL5,Average Life,3.5,3.555400,0.055400,mismatch
38384YAL5,LT CPR,13.3,,,api_missing
38384YAL5,OAS,67.0,68.811900,1.811900,mismatch
38384YAL5,Z-Spread,126.0,127.051300,1.051300,mismatch
38384YAL5,Factor,0.88,0.837351,-0.042649,mismatch
38384YAL5,Life CPR,8.1,,,api_missing
38384YAL5,GWAC,6.11,,,api_missing
38384YAL5,WALA,16.0,,,api_missing
38384YAL5,WALS,195186.0,,,api_missing
38384YAL5,MaxServicerName,,,,ok
38384YAL5,MaxServicerPercent,,,,ok
38384YAL5,Eff. Dur,0.15,0.907100,0.757100,mismatch
38384YAL5,DV01,0.0,0.009349,0.009349,ok
38384YAL5,Dollar Return,1.67,2.564404,0.894404,mismatch
38384YAL5,Eff. Dur.1,0.56,1.462200,0.902200,mismatch
38384YAL5,DV01.1,0.01,0.014997,0.004997,ok
38384YAL5,Dollar Return.1,1.49,2.077117,0.587117,mismatch
38384YAL5,Eff. Dur.2,4.04,3.889400,-0.150600,mismatch
38384YAL5,DV01.2,0.04,0.037959,-0.002041,ok
38384YAL5,Dollar Return.2,-3.33,-2.798479,0.531521,mismatch
38384YAL5,Eff. Dur.3,5.04,4.105700,-0.934300,mismatch
38384YAL5,DV01.3,0.05,0.038321,-0.011679,mismatch
38384YAL5,Dollar Return.3,-7.68,-6.977966,0.702034,mismatch
38384YGR6,Forward Yield,4.81,4.809144,-0.000856,ok
38384YGR6,Effective Duration,2.18,2.295743,0.115743,mismatch
38384YGR6,Effective Convexity,-2.18,-1.655706,0.524294,mismatch
38384YGR6,Effective DV01,0.022,0.023103,0.001103,ok
38384YGR6,Dollar Duration,28954.0,,,api_missing
38384YGR6,1YR,0.33,0.320400,-0.009600,ok
38384YGR6,2YR,0.35,0.367200,0.017200,mismatch
38384YGR6,3YR,0.42,0.440000,0.020000,mismatch
38384YGR6,5YR,0.68,0.713800,0.033800,mismatch
38384YGR6,10YR,0.47,0.490900,0.020900,mismatch
38384YGR6,20YR,-0.03,-0.020600,0.009400,ok
38384YGR6,30YR,-0.01,-0.008600,0.001400,ok
38384YGR6,Average Life,3.2,3.211600,0.011600,mismatch
38384YGR6,LT CPR,13.2,,,api_missing
38384YGR6,OAS,62.0,64.351100,2.351100,mismatch
38384YGR6,Z-Spread,125.0,125.557358,0.557358,mismatch
38384YGR6,Factor,0.88,0.829460,-0.050540,mismatch
38384YGR6,Life CPR,8.5,,,api_missing
38384YGR6,GWAC,6.12,,,api_missing
38384YGR6,WALA,18.0,,,api_missing
38384YGR6,WALS,205092.0,,,api_missing
38384YGR6,MaxServicerName,,,,ok
38384YGR6,MaxServicerPercent,,,,ok
38384YGR6,Eff. Dur,0.13,0.775500,0.645500,mismatch
38384YGR6,DV01,0.0,0.007963,0.007963,ok
38384YGR6,Dollar Return,1.18,2.069232,0.889232,mismatch
38384YGR6,Eff. Dur.1,0.28,1.207600,0.927600,mismatch
38384YGR6,DV01.1,0.0,0.012360,0.012360,mismatch
38384YGR6,Dollar Return.1,1.15,1.752865,0.602865,mismatch
38384YGR6,Eff. Dur.2,3.84,3.692100,-0.147900,mismatch
38384YGR6,DV01.2,0.04,0.036170,-0.003830,ok
38384YGR6,Dollar Return.2,-3.09,-2.533776,0.556224,mismatch
38384YGR6,Eff. Dur.3,4.87,3.935900,-0.934100,mismatch
38384YGR6,DV01.3,0.05,0.036948,-0.013052,mismatch
38384YGR6,Dollar Return.3,-7.29,-6.533293,0.756707,mismatch
38384YSB8,Forward Yield,4.76,4.764533,0.004533,ok
38384YSB8,Effective Duration,2.22,2.380757,0.160757,mismatch
38384YSB8,Effective Convexity,-2.02,-1.580310,0.439690,mismatch
38384YSB8,Effective DV01,0.022,0.023966,0.001966,ok
38384YSB8,Dollar Duration,13953.0,,,api_missing
38384YSB8,1YR,0.32,0.311200,-0.008800,ok
38384YSB8,2YR,0.32,0.344300,0.024300,mismatch
38384YSB8,3YR,0.42,0.445300,0.025300,mismatch
38384YSB8,5YR,0.65,0.693900,0.043900,mismatch
38384YSB8,10YR,0.49,0.537900,0.047900,mismatch
38384YSB8,20YR,0.04,0.060700,0.020700,mismatch
38384YSB8,30YR,0.0,0.000700,0.000700,ok
38384YSB8,Average Life,3.0,3.045200,0.045200,mismatch
38384YSB8,LT CPR,17.6,,,api_missing
38384YSB8,OAS,59.0,61.112800,2.112800,mismatch
38384YSB8,Z-Spread,120.0,121.180687,1.180687,mismatch
38384YSB8,Factor,0.83,0.768206,-0.061794,mismatch
38384YSB8,Life CPR,12.4,,,api_missing
38384YSB8,GWAC,6.62,,,api_missing
38384YSB8,WALA,16.0,,,api_missing
38384YSB8,WALS,225651.0,,,api_missing
38384YSB8,MaxServicerName,,,,ok
38384YSB8,MaxServicerPercent,,,,ok
38384YSB8,Eff. Dur,0.38,0.932300,0.552300,mismatch
38384YSB8,DV01,0.0,0.009618,0.009618,ok
38384YSB8,Dollar Return,1.7,2.495366,0.795366,mismatch
38384YSB8,Eff. Dur.1,0.59,1.302800,0.712800,mismatch
38384YSB8,DV01.1,0.01,0.013359,0.003359,ok
38384YSB8,Dollar Return.1,1.33,1.890374,0.560374,mismatch
38384YSB8,Eff. Dur.2,3.85,3.644900,-0.205100,mismatch
38384YSB8,DV01.2,0.04,0.035701,-0.004299,ok
38384YSB8,Dollar Return.2,-3.08,-2.570722,0.509278,mismatch
38384YSB8,Eff. Dur.3,4.92,3.984200,-0.935800,mismatch
38384YSB8,DV01.3,0.05,0.037388,-0.012612,mismatch
38384YSB8,Dollar Return.3,-7.3,-6.562534,0.737466,mismatch
38385AAW2,Forward Yield,4.94,4.938563,-0.001437,ok
38385AAW2,Effective Duration,2.3,2.381016,0.081016,mismatch
38385AAW2,Effective Convexity,-1.69,-1.425122,0.264878,mismatch
38385AAW2,Effective DV01,0.024,0.024303,0.000303,ok
38385AAW2,Dollar Duration,13408.0,,,api_missing
38385AAW2,1YR,0.29,0.281700,-0.008300,ok
38385AAW2,2YR,0.34,0.356600,0.016600,mismatch
38385AAW2,3YR,0.48,0.496700,0.016700,mismatch
38385AAW2,5YR,0.81,0.834100,0.024100,mismatch
38385AAW2,10YR,0.53,0.556500,0.026500,mismatch
38385AAW2,20YR,-0.12,-0.108000,0.012000,mismatch
38385AAW2,30YR,-0.03,-0.031300,-0.001300,ok
38385AAW2,Average Life,3.8,3.785500,-0.014500,mismatch
38385AAW2,LT CPR,12.3,,,api_missing
38385AAW2,OAS,81.0,82.547700,1.547700,mismatch
38385AAW2,Z-Spread,130.0,130.577988,0.577988,mismatch
38385AAW2,Factor,0.83,0.801366,-0.028634,mismatch
38385AAW2,Life CPR,11.9,,,api_missing
38385AAW2,GWAC,6.12,,,api_missing
38385AAW2,WALA,31.0,,,api_missing
38385AAW2,WALS,127705.0,,,api_missing
38385AAW2,MaxServicerName,,,,ok
38385AAW2,MaxServicerPercent,,,,ok
38385AAW2,Eff. Dur,-0.03,1.206100,1.236100,mismatch
38385AAW2,DV01,0.0,0.012594,0.012594,mismatch
38385AAW2,Dollar Return,1.58,2.389495,0.809495,mismatch
38385AAW2,Eff. Dur.1,0.6,1.920000,1.320000,mismatch
38385AAW2,DV01.1,0.01,0.019970,0.009970,ok
38385AAW2,Dollar Return.1,1.46,1.987287,0.527287,mismatch
38385AAW2,Eff. Dur.2,3.61,3.774700,0.164700,mismatch
38385AAW2,DV01.2,0.04,0.037531,-0.002469,ok
38385AAW2,Dollar Return.2,-3.06,-2.540711,0.519289,mismatch
38385AAW2,Eff. Dur.3,4.4,3.897900,-0.502100,mismatch
38385AAW2,DV01.3,0.04,0.037264,-0.002736,ok
38385AAW2,Dollar Return.3,-6.98,-6.323140,0.656860,mismatch
38385ABA9,Forward Yield,4.94,4.935755,-0.004245,ok
38385ABA9,Effective Duration,1.98,2.084964,0.104964,mismatch
38385ABA9,Effective Convexity,-2.08,-1.721968,0.358032,mismatch
38385ABA9,Effective DV01,0.02,0.021272,0.001272,ok
38385ABA9,Dollar Duration,8083.0,,,api_missing
38385ABA9,1YR,0.32,0.313100,-0.006900,ok
38385ABA9,2YR,0.36,0.371700,0.011700,mismatch
38385ABA9,3YR,0.44,0.458000,0.018000,mismatch
38385ABA9,5YR,0.68,0.710500,0.030500,mismatch
38385ABA9,10YR,0.38,0.408800,0.028800,mismatch
38385ABA9,20YR,-0.16,-0.141400,0.018600,mismatch
38385ABA9,30YR,-0.04,-0.034500,0.005500,ok
38385ABA9,Average Life,3.6,3.607200,0.007200,ok
38385ABA9,LT CPR,12.8,,,api_missing
38385ABA9,OAS,74.0,74.573500,0.573500,mismatch
38385ABA9,Z-Spread,131.0,131.342712,0.342712,mismatch
38385ABA9,Factor,0.81,0.782677,-0.027323,mismatch
38385ABA9,Life CPR,13.1,,,api_missing
38385ABA9,GWAC,6.1,,,api_missing
38385ABA9,WALA,30.0,,,api_missing
38385ABA9,WALS,179609.0,,,api_missing
38385ABA9,MaxServicerName,,,,ok
38385ABA9,MaxServicerPercent,,,,ok
38385ABA9,Eff. Dur,-0.13,0.914000,1.044000,mismatch
38385ABA9,DV01,0.0,0.009471,0.009471,ok
38385ABA9,Dollar Return,0.75,1.631693,0.881693,mismatch
38385ABA9,Eff. Dur.1,0.09,1.521600,1.431600,mismatch
38385ABA9,DV01.1,0.0,0.015755,0.015755,mismatch
38385ABA9,Dollar Return.1,0.99,1.557096,0.567096,mismatch
38385ABA9,Eff. Dur.2,3.59,3.769700,0.179700,mismatch
38385ABA9,DV01.2,0.04,0.037526,-0.002474,ok
38385ABA9,Dollar Return.2,-2.91,-2.379957,0.530043,mismatch
38385ABA9,Eff. Dur.3,4.56,3.957200,-0.602800,mismatch
38385ABA9,DV01.3,0.04,0.037852,-0.002148,ok
38385ABA9,Dollar Return.3,-6.91,-6.216245,0.693755,mismatch
38385CJQ2,Forward Yield,4.74,4.762136,0.022136,mismatch
38385CJQ2,Effective Duration,1.02,1.317579,0.297579,mismatch
38385CJQ2,Effective Convexity,-2.01,-1.368917,0.641083,mismatch
38385CJQ2,Effective DV01,0.01,0.013392,0.003392,ok
38385CJQ2,Dollar Duration,13787.0,,,api_missing
38385CJQ2,1YR,0.4,0.399400,-0.000600,ok
38385CJQ2,2YR,0.33,0.365700,0.035700,mismatch
38385CJQ2,3YR,0.31,0.364000,0.054000,mismatch
38385CJQ2,5YR,0.3,0.380000,0.080000,mismatch
38385CJQ2,10YR,-0.11,-0.023700,0.086300,mismatch
38385CJQ2,20YR,-0.21,-0.155500,0.054500,mismatch
38385CJQ2,30YR,-0.03,-0.022800,0.007200,ok
38385CJQ2,Average Life,2.2,2.306300,0.106300,mismatch
38385CJQ2,LT CPR,18.3,,,api_missing
38385CJQ2,OAS,60.0,64.738200,4.738200,mismatch
38385CJQ2,Z-Spread,116.0,119.125839,3.125839,mismatch
38385CJQ2,Factor,0.87,0.794995,-0.075005,mismatch
38385CJQ2,Life CPR,10.5,,,api_missing
38385CJQ2,GWAC,6.58,,,api_missing
38385CJQ2,WALA,12.0,,,api_missing
38385CJQ2,WALS,253735.0,,,api_missing
38385CJQ2,MaxServicerName,,,,ok
38385CJQ2,MaxServicerPercent,,,,ok
38385CJQ2,Eff. Dur,0.26,0.741100,0.481100,mismatch
38385CJQ2,DV01,0.0,0.007627,0.007627,ok
38385CJQ2,Dollar Return,0.42,1.294633,0.874633,mismatch
38385CJQ2,Eff. Dur.1,0.02,0.979000,0.959000,mismatch
38385CJQ2,DV01.1,0.0,0.010050,0.010050,mismatch
38385CJQ2,Dollar Return.1,0.37,1.039223,0.669223,mismatch
38385CJQ2,Eff. Dur.2,2.84,3.049600,0.209600,mismatch
38385CJQ2,DV01.2,0.03,0.030499,0.000499,ok
38385CJQ2,Dollar Return.2,-1.99,-1.537254,0.452746,mismatch
38385CJQ2,Eff. Dur.3,4.11,3.382100,-0.727900,mismatch
38385CJQ2,DV01.3,0.04,0.032712,-0.007288,ok
38385CJQ2,Dollar Return.3,-5.45,-4.744382,0.705618,mismatch
38385CY69,Forward Yield,4.72,4.723429,0.003429,ok
38385CY69,Effective Duration,1.77,1.894071,0.124071,mismatch
38385CY69,Effective Convexity,-1.77,-1.320115,0.449885,mismatch
38385CY69,Effective DV01,0.018,0.019051,0.001051,ok
38385CY69,Dollar Duration,7467.0,,,api_missing
38385CY69,1YR,0.35,0.349600,-0.000400,ok
38385CY69,2YR,0.36,0.382100,0.022100,mismatch
38385CY69,3YR,0.41,0.442000,0.032000,mismatch
38385CY69,5YR,0.53,0.564800,0.034800,mismatch
38385CY69,10YR,0.17,0.193000,0.023000,mismatch
38385CY69,20YR,-0.04,-0.027500,0.012500,mismatch
38385CY69,30YR,0.0,-0.002300,-0.002300,ok
38385CY69,Average Life,2.3,2.349500,0.049500,mismatch
38385CY69,LT CPR,16.9,,,api_missing
38385CY69,OAS,70.0,73.415800,3.415800,mismatch
38385CY69,Z-Spread,122.0,123.844429,1.844429,mismatch
38385CY69,Factor,0.84,0.770940,-0.069060,mismatch
38385CY69,Life CPR,14.0,,,api_missing
38385CY69,GWAC,6.54,,,api_missing
38385CY69,WALA,16.0,,,api_missing
38385CY69,WALS,223116.0,,,api_missing
38385CY69,MaxServicerName,,,,ok
38385CY69,MaxServicerPercent,,,,ok
38385CY69,Eff. Dur,0.3,0.780100,0.480100,mismatch
38385CY69,DV01,0.0,0.007999,0.007999,ok
38385CY69,Dollar Return,1.24,1.977593,0.737593,mismatch
38385CY69,Eff. Dur.1,0.41,1.060900,0.650900,mismatch
38385CY69,DV01.1,0.0,0.010831,0.010831,mismatch
38385CY69,Dollar Return.1,1.0,1.542411,0.542411,mismatch
38385CY69,Eff. Dur.2,3.26,2.951500,-0.308500,mismatch
38385CY69,DV01.2,0.03,0.029057,-0.000943,ok
38385CY69,Dollar Return.2,-2.55,-2.006707,0.543293,mismatch
38385CY69,Eff. Dur.3,4.33,3.248700,-1.081300,mismatch
38385CY69,DV01.3,0.04,0.030851,-0.009149,ok
38385CY69,Dollar Return.3,-6.23,-5.401929,0.828071,mismatch
38385D3C8,Forward Yield,4.78,4.781584,0.001584,ok
38385D3C8,Effective Duration,2.74,2.904551,0.164551,mismatch
38385D3C8,Effective Convexity,-2.5,-1.846932,0.653068,mismatch
38385D3C8,Effective DV01,0.028,0.029292,0.001292,ok
38385D3C8,Dollar Duration,28434.0,,,api_missing
38385D3C8,1YR,0.29,0.281200,-0.008800,ok
38385D3C8,2YR,0.31,0.331500,0.021500,mismatch
38385D3C8,3YR,0.41,0.437400,0.027400,mismatch
38385D3C8,5YR,0.78,0.826600,0.046600,mismatch
38385D3C8,10YR,0.84,0.889800,0.049800,mismatch
38385D3C8,20YR,0.13,0.157500,0.027500,mismatch
38385D3C8,30YR,-0.01,-0.001700,0.008300,ok
38385D3C8,Average Life,3.9,3.982200,0.082200,mismatch
38385D3C8,LT CPR,13.4,,,api_missing
38385D3C8,OAS,47.0,48.885700,1.885700,mismatch
38385D3C8,Z-Spread,116.0,117.315536,1.315536,mismatch
38385D3C8,Factor,0.93,0.893228,-0.036772,mismatch
38385D3C8,Life CPR,6.9,,,api_missing
38385D3C8,GWAC,6.53,,,api_missing
38385D3C8,WALA,11.0,,,api_missing
38385D3C8,WALS,437899.0,,,api_missing
38385D3C8,MaxServicerName,,,,ok
38385D3C8,MaxServicerPercent,,,,ok
38385D3C8,Eff. Dur,0.19,0.967500,0.777500,mismatch
38385D3C8,DV01,0.0,0.010014,0.010014,mismatch
38385D3C8,Dollar Return,1.74,2.682227,0.942227,mismatch
38385D3C8,Eff. Dur.1,0.53,1.593000,1.063000,mismatch
38385D3C8,DV01.1,0.01,0.016415,0.006415,ok
38385D3C8,Dollar Return.1,1.56,2.228713,0.668713,mismatch
38385D3C8,Eff. Dur.2,4.73,4.454700,-0.275300,mismatch
38385D3C8,DV01.2,0.05,0.043416,-0.006584,ok
38385D3C8,Dollar Return.2,-3.8,-3.255917,0.544083,mismatch
38385D3C8,Eff. Dur.3,5.88,5.010800,-0.869200,mismatch
38385D3C8,DV01.3,0.05,0.046356,-0.003644,ok
38385D3C8,Dollar Return.3,-8.89,-8.119004,0.770996,mismatch
38385DB21,Forward Yield,4.65,4.642648,-0.007352,ok
38385DB21,Effective Duration,1.4,1.566600,0.166600,mismatch
38385DB21,Effective Convexity,-1.95,-1.344573,0.605427,mismatch
38385DB21,Effective DV01,0.014,0.015886,0.001886,ok
38385DB21,Dollar Duration,4926.0,,,api_missing
38385DB21,1YR,0.37,0.368500,-0.001500,ok
38385DB21,2YR,0.33,0.358600,0.028600,mismatch
38385DB21,3YR,0.36,0.385800,0.025800,mismatch
38385DB21,5YR,0.42,0.460500,0.040500,mismatch
38385DB21,10YR,0.06,0.109800,0.049800,mismatch
38385DB21,20YR,-0.14,-0.103400,0.036600,mismatch
38385DB21,30YR,-0.02,-0.015800,0.004200,ok
38385DB21,Average Life,2.4,2.403200,0.003200,ok
38385DB21,LT CPR,17.8,,,api_missing
38385DB21,OAS,52.0,53.258800,1.258800,mismatch
38385DB21,Z-Spread,108.0,108.011383,0.011383,ok
38385DB21,Factor,0.87,0.778034,-0.091966,mismatch
38385DB21,Life CPR,,,,both_missing
38385DB21,GWAC,6.54,,,api_missing
38385DB21,WALA,11.0,,,api_missing
38385DB21,WALS,234689.0,,,api_missing
38385DB21,MaxServicerName,,,,ok
38385DB21,MaxServicerPercent,,,,ok
38385DB21,Eff. Dur,0.31,0.797100,0.487100,mismatch
38385DB21,DV01,0.0,0.008211,0.008211,ok
38385DB21,Dollar Return,0.9,1.617738,0.717738,mismatch
38385DB21,Eff. Dur.1,0.26,1.066800,0.806800,mismatch
38385DB21,DV01.1,0.0,0.010950,0.010950,mismatch
38385DB21,Dollar Return.1,0.71,1.254083,0.544083,mismatch
38385DB21,Eff. Dur.2,3.17,3.102000,-0.068000,mismatch
38385DB21,DV01.2,0.03,0.030875,0.000875,ok
38385DB21,Dollar Return.2,-2.35,-1.771097,0.578903,mismatch
38385DB21,Eff. Dur.3,4.43,3.445800,-0.984200,mismatch
38385DB21,DV01.3,0.04,0.033111,-0.006889,ok
38385DB21,Dollar Return.3,-6.1,-5.125098,0.974902,mismatch
38385DK39,Forward Yield,4.52,4.536621,0.016621,mismatch
38385DK39,Effective Duration,1.79,2.009166,0.219166,mismatch
38385DK39,Effective Convexity,-1.78,-1.314192,0.465808,mismatch
38385DK39,Effective DV01,0.018,0.020335,0.002335,ok
38385DK39,Dollar Duration,8131.0,,,api_missing
38385DK39,1YR,0.33,0.325300,-0.004700,ok
38385DK39,2YR,0.33,0.356600,0.026600,mismatch
38385DK39,3YR,0.43,0.467200,0.037200,mismatch
38385DK39,5YR,0.62,0.689600,0.069600,mismatch
38385DK39,10YR,0.2,0.264600,0.064600,mismatch
38385DK39,20YR,-0.11,-0.077400,0.032600,mismatch
38385DK39,30YR,-0.02,-0.012000,0.008000,ok
38385DK39,Average Life,2.6,2.715400,0.115400,mismatch
38385DK39,LT CPR,17.8,,,api_missing
38385DK39,OAS,48.0,51.146600,3.146600,mismatch
38385DK39,Z-Spread,96.0,98.535294,2.535294,mismatch
38385DK39,Factor,0.9,0.826120,-0.073880,mismatch
38385DK39,Life CPR,11.4,,,api_missing
38385DK39,GWAC,6.57,,,api_missing
38385DK39,WALA,14.0,,,api_missing
38385DK39,WALS,210222.0,,,api_missing
38385DK39,MaxServicerName,,,,ok
38385DK39,MaxServicerPercent,,,,ok
38385DK39,Eff. Dur,0.34,0.980000,0.640000,mismatch
38385DK39,DV01,0.0,0.010135,0.010135,mismatch
38385DK39,Dollar Return,1.42,2.211010,0.791010,mismatch
38385DK39,Eff. Dur.1,0.52,1.356900,0.836900,mismatch
38385DK39,DV01.1,0.01,0.013957,0.003957,ok
38385DK39,Dollar Return.1,1.08,1.666289,0.586289,mismatch
38385DK39,Eff. Dur.2,3.31,3.334600,0.024600,mismatch
38385DK39,DV01.2,0.03,0.032994,0.002994,ok
38385DK39,Dollar Return.2,-2.6,-2.155898,0.444102,mismatch
38385DK39,Eff. Dur.3,4.35,3.626100,-0.723900,mismatch
38385DK39,DV01.3,0.04,0.034566,-0.005434,ok
38385DK39,Dollar Return.3,-6.35,-5.688942,0.661058,mismatch
38385ECL6,Forward Yield,4.67,4.676236,0.006236,ok
38385ECL6,Effective Duration,1.92,2.053847,0.133847,mismatch
38385ECL6,Effective Convexity,-1.78,-1.328258,0.451742,mismatch
38385ECL6,Effective DV01,0.019,0.020703,0.001703,ok
38385ECL6,Dollar Duration,4433.0,,,api_missing
38385ECL6,1YR,0.34,0.328200,-0.011800,mismatch
38385ECL6,2YR,0.36,0.377900,0.017900,mismatch
38385ECL6,3YR,0.44,0.467200,0.027200,mismatch
38385ECL6,5YR,0.61,0.647100,0.037100,mismatch
38385ECL6,10YR,0.25,0.278800,0.028800,mismatch
38385ECL6,20YR,-0.05,-0.034900,0.015100,mismatch
38385ECL6,30YR,-0.01,-0.004700,0.005300,ok
38385ECL6,Average Life,2.6,2.647600,0.047600,mismatch
38385ECL6,LT CPR,15.9,,,api_missing
38385ECL6,OAS,62.0,64.426700,2.426700,mismatch
38385ECL6,Z-Spread,115.0,116.133766,1.133766,mismatch
38385ECL6,Factor,0.91,0.844070,-0.065930,mismatch
38385ECL6,Life CPR,8.9,,,api_missing
38385ECL6,GWAC,6.53,,,api_missing
38385ECL6,WALA,12.0,,,api_missing
38385ECL6,WALS,204194.0,,,api_missing
38385ECL6,MaxServicerName,,,,ok
38385ECL6,MaxServicerPercent,,,,ok
38385ECL6,Eff. Dur,0.29,0.895800,0.605800,mismatch
38385ECL6,DV01,0.0,0.009227,0.009227,ok
38385ECL6,Dollar Return,1.47,2.214325,0.744325,mismatch
38385ECL6,Eff. Dur.1,0.55,1.239600,0.689600,mismatch
38385ECL6,DV01.1,0.01,0.012701,0.002701,ok
38385ECL6,Dollar Return.1,1.15,1.691546,0.541546,mismatch
38385ECL6,Eff. Dur.2,3.45,3.182000,-0.268000,mismatch
38385ECL6,DV01.2,0.03,0.031337,0.001337,ok
38385ECL6,Dollar Return.2,-2.74,-2.199755,0.540245,mismatch
38385ECL6,Eff. Dur.3,4.53,3.503600,-1.026400,mismatch
38385ECL6,DV01.3,0.04,0.033204,-0.006796,ok
38385ECL6,Dollar Return.3,-6.61,-5.823747,0.786253,mismatch
38385EEX8,Forward Yield,4.84,4.844058,0.004058,ok
38385EEX8,Effective Duration,1.79,1.890458,0.100458,mismatch
38385EEX8,Effective Convexity,-1.84,-1.428311,0.411689,mismatch
38385EEX8,Effective DV01,0.018,0.018979,0.000979,ok
38385EEX8,Dollar Duration,10035.0,,,api_missing
38385EEX8,1YR,0.37,0.360300,-0.009700,ok
38385EEX8,2YR,0.38,0.403100,0.023100,mismatch
38385EEX8,3YR,0.42,0.440000,0.020000,mismatch
38385EEX8,5YR,0.61,0.635400,0.025400,mismatch
38385EEX8,10YR,0.12,0.139000,0.019000,mismatch
38385EEX8,20YR,-0.08,-0.071900,0.008100,ok
38385EEX8,30YR,-0.01,-0.008100,0.001900,ok
38385EEX8,Average Life,2.5,2.538900,0.038900,mismatch
38385EEX8,LT CPR,12.4,,,api_missing
38385EEX8,OAS,81.0,82.713400,1.713400,mismatch
38385EEX8,Z-Spread,135.0,136.730545,1.730545,mismatch
38385EEX8,Factor,0.94,0.885482,-0.054518,mismatch
38385EEX8,Life CPR,5.3,,,api_missing
38385EEX8,GWAC,6.05,,,api_missing
38385EEX8,WALA,13.0,,,api_missing
38385EEX8,WALS,236093.0,,,api_missing
38385EEX8,MaxServicerName,,,,ok
38385EEX8,MaxServicerPercent,,,,ok
38385EEX8,Eff. Dur,0.14,0.629300,0.489300,mismatch
38385EEX8,DV01,0.0,0.006419,0.006419,ok
38385EEX8,Dollar Return,0.81,1.648555,0.838555,mismatch
38385EEX8,Eff. Dur.1,0.08,0.938700,0.858700,mismatch
38385EEX8,DV01.1,0.0,0.009555,0.009555,ok
38385EEX8,Dollar Return.1,0.85,1.444281,0.594281,mismatch
38385EEX8,Eff. Dur.2,3.26,3.033900,-0.226100,mismatch
38385EEX8,DV01.2,0.03,0.029800,-0.000200,ok
38385EEX8,Dollar Return.2,-2.57,-2.047334,0.522666,mismatch
38385EEX8,Eff. Dur.3,4.29,3.308600,-0.981400,mismatch
38385EEX8,DV01.3,0.04,0.031317,-0.008683,ok
38385EEX8,Dollar Return.3,-6.23,-5.543193,0.686807,mismatch
38385EKN3,Forward Yield,4.67,4.672992,0.002992,ok
38385EKN3,Effective Duration,1.51,1.711858,0.201858,mismatch
38385EKN3,Effective Convexity,-2.1,-1.459293,0.640707,mismatch
38385EKN3,Effective DV01,0.015,0.017375,0.002375,ok
38385EKN3,Dollar Duration,13788.0,,,api_missing
38385EKN3,1YR,0.36,0.353200,-0.006800,ok
38385EKN3,2YR,0.33,0.360700,0.030700,mismatch
38385EKN3,3YR,0.37,0.406200,0.036200,mismatch
38385EKN3,5YR,0.47,0.518500,0.048500,mismatch
38385EKN3,10YR,0.13,0.189400,0.059400,mismatch
38385EKN3,20YR,-0.14,-0.101800,0.038200,mismatch
38385EKN3,30YR,-0.02,-0.018500,0.001500,ok
38385EKN3,Average Life,2.7,2.679800,-0.020200,mismatch
38385EKN3,LT CPR,17.1,,,api_missing
38385EKN3,OAS,48.0,50.051800,2.051800,mismatch
38385EKN3,Z-Spread,108.0,109.197166,1.197166,mismatch
38385EKN3,Factor,0.9,0.813042,-0.086958,mismatch
38385EKN3,Life CPR,11.5,,,api_missing
38385EKN3,GWAC,6.56,,,api_missing
38385EKN3,WALA,10.0,,,api_missing
38385EKN3,WALS,234944.0,,,api_missing
38385EKN3,MaxServicerName,,,,ok
38385EKN3,MaxServicerPercent,,,,ok
38385EKN3,Eff. Dur,0.29,0.831500,0.541500,mismatch
38385EKN3,DV01,0.0,0.008579,0.008579,ok
38385EKN3,Dollar Return,0.93,1.670515,0.740515,mismatch
38385EKN3,Eff. Dur.1,0.25,1.131000,0.881000,mismatch
38385EKN3,DV01.1,0.0,0.011628,0.011628,mismatch
38385EKN3,Dollar Return.1,0.74,1.316814,0.576814,mismatch
38385EKN3,Eff. Dur.2,3.38,3.400300,0.020300,mismatch
38385EKN3,DV01.2,0.03,0.033812,0.003812,ok
38385EKN3,Dollar Return.2,-2.52,-1.950415,0.569585,mismatch
38385EKN3,Eff. Dur.3,4.62,3.742300,-0.877700,mismatch
38385EKN3,DV01.3,0.04,0.035832,-0.004168,ok
38385EKN3,Dollar Return.3,-6.46,-5.520435,0.939565,mismatch
38385EP81,Forward Yield,4.59,4.612372,0.022372,mismatch
38385EP81,Effective Duration,1.32,1.537536,0.217536,mismatch
38385EP81,Effective Convexity,-1.91,-1.384655,0.525345,mismatch
38385EP81,Effective DV01,0.013,0.015480,0.002480,ok
38385EP81,Dollar Duration,5861.0,,,api_missing
38385EP81,1YR,0.38,0.386200,0.006200,ok
38385EP81,2YR,0.33,0.371100,0.041100,mismatch
38385EP81,3YR,0.33,0.368800,0.038800,mismatch
38385EP81,5YR,0.35,0.408700,0.058700,mismatch
38385EP81,10YR,0.01,0.057300,0.047300,mismatch
38385EP81,20YR,-0.08,-0.047000,0.033000,mismatch
38385EP81,30YR,-0.01,-0.005000,0.005000,ok
38385EP81,Average Life,1.9,1.952400,0.052400,mismatch
38385EP81,LT CPR,17.6,,,api_missing
38385EP81,OAS,59.0,63.082200,4.082200,mismatch
38385EP81,Z-Spread,110.0,112.554237,2.554237,mismatch
38385EP81,Factor,0.92,0.794788,-0.125212,mismatch
38385EP81,Life CPR,11.2,,,api_missing
38385EP81,GWAC,6.59,,,api_missing
38385EP81,WALA,10.0,,,api_missing
38385EP81,WALS,238993.0,,,api_missing
38385EP81,MaxServicerName,,,,ok
38385EP81,MaxServicerPercent,,,,ok
38385EP81,Eff. Dur,0.3,0.665500,0.365500,mismatch
38385EP81,DV01,0.0,0.006803,0.006803,ok
38385EP81,Dollar Return,0.85,1.509669,0.659669,mismatch
38385EP81,Eff. Dur.1,0.22,0.862400,0.642400,mismatch
38385EP81,DV01.1,0.0,0.008787,0.008787,ok
38385EP81,Dollar Return.1,0.65,1.189829,0.539829,mismatch
38385EP81,Eff. Dur.2,2.89,2.754500,-0.135500,mismatch
38385EP81,DV01.2,0.03,0.027249,-0.002751,ok
38385EP81,Dollar Return.2,-2.14,-1.602639,0.537361,mismatch
38385EP81,Eff. Dur.3,4.03,3.058300,-0.971700,mismatch
38385EP81,DV01.3,0.04,0.029273,-0.010727,mismatch
38385EP81,Dollar Return.3,-5.54,-4.632155,0.907845,mismatch
38385FBE0,Forward Yield,4.86,4.860186,0.000186,ok
38385FBE0,Effective Duration,2.62,2.597756,-0.022244,mismatch
38385FBE0,Effective Convexity,-1.59,-1.317881,0.272119,mismatch
38385FBE0,Effective DV01,0.026,0.026079,0.000079,ok
38385FBE0,Dollar Duration,12753.0,,,api_missing
38385FBE0,1YR,0.26,0.257000,-0.003000,ok
38385FBE0,2YR,0.38,0.395300,0.015300,mismatch
38385FBE0,3YR,0.58,0.580700,0.000700,ok
38385FBE0,5YR,0.84,0.828500,-0.011500,mismatch
38385FBE0,10YR,0.53,0.498600,-0.031400,mismatch
38385FBE0,20YR,0.04,0.040900,0.000900,ok
38385FBE0,30YR,0.01,0.006800,-0.003200,ok
38385FBE0,Average Life,3.1,3.025500,-0.074500,mismatch
38385FBE0,LT CPR,15.6,,,api_missing
38385FBE0,OAS,81.0,82.471300,1.471300,mismatch
38385FBE0,Z-Spread,135.0,136.558899,1.558899,mismatch
38385FBE0,Factor,0.97,0.913254,-0.056746,mismatch
38385FBE0,Life CPR,4.3,,,api_missing
38385FBE0,GWAC,6.51,,,api_missing
38385FBE0,WALA,10.0,,,api_missing
38385FBE0,WALS,436454.0,,,api_missing
38385FBE0,MaxServicerName,,,,ok
38385FBE0,MaxServicerPercent,,,,ok
38385FBE0,Eff. Dur,0.89,1.199000,0.309000,mismatch
38385FBE0,DV01,0.01,0.012434,0.002434,ok
38385FBE0,Dollar Return,2.98,3.332393,0.352393,mismatch
38385FBE0,Eff. Dur.1,1.31,1.500000,0.190000,mismatch
38385FBE0,DV01.1,0.01,0.015394,0.005394,ok
38385FBE0,Dollar Return.1,1.93,2.274901,0.344901,mismatch
38385FBE0,Eff. Dur.2,4.11,3.541800,-0.568200,mismatch
38385FBE0,DV01.2,0.04,0.034546,-0.005454,ok
38385FBE0,Dollar Return.2,-3.37,-2.725469,0.644531,mismatch
38385FBE0,Eff. Dur.3,5.15,3.952400,-1.197600,mismatch
38385FBE0,DV01.3,0.05,0.036883,-0.013117,mismatch
38385FBE0,Dollar Return.3,-7.81,-6.871880,0.938120,mismatch
38385G2U2,Forward Yield,4.77,4.783283,0.013283,mismatch
38385G2U2,Effective Duration,1.8,1.946099,0.146099,mismatch
38385G2U2,Effective Convexity,-1.86,-1.335491,0.524509,mismatch
38385G2U2,Effective DV01,0.018,0.019549,0.001549,ok
38385G2U2,Dollar Duration,12202.0,,,api_missing
38385G2U2,1YR,0.35,0.343200,-0.006800,ok
38385G2U2,2YR,0.37,0.391100,0.021100,mismatch
38385G2U2,3YR,0.42,0.451300,0.031300,mismatch
38385G2U2,5YR,0.54,0.581900,0.041900,mismatch
38385G2U2,10YR,0.17,0.199100,0.029100,mismatch
38385G2U2,20YR,-0.03,-0.011100,0.018900,mismatch
38385G2U2,30YR,0.0,0.000300,0.000300,ok
38385G2U2,Average Life,2.2,2.316300,0.116300,mismatch
38385G2U2,LT CPR,16.1,,,api_missing
38385G2U2,OAS,76.0,79.371500,3.371500,mismatch
38385G2U2,Z-Spread,129.0,130.665100,1.665100,mismatch
38385G2U2,Factor,0.97,0.886484,-0.083516,mismatch
38385G2U2,Life CPR,6.5,,,api_missing
38385G2U2,GWAC,6.5,,,api_missing
38385G2U2,WALA,9.0,,,api_missing
38385G2U2,WALS,225720.0,,,api_missing
38385G2U2,MaxServicerName,,,,ok
38385G2U2,MaxServicerPercent,,,,ok
38385G2U2,Eff. Dur,0.33,0.785700,0.455700,mismatch
38385G2U2,DV01,0.0,0.008054,0.008054,ok
38385G2U2,Dollar Return,1.33,2.059180,0.729180,mismatch
38385G2U2,Eff. Dur.1,0.47,1.052800,0.582800,mismatch
38385G2U2,DV01.1,0.0,0.010740,0.010740,mismatch
38385G2U2,Dollar Return.1,1.02,1.586186,0.566186,mismatch
38385G2U2,Eff. Dur.2,3.34,2.987900,-0.352100,mismatch
38385G2U2,DV01.2,0.03,0.029362,-0.000638,ok
38385G2U2,Dollar Return.2,-2.6,-2.037168,0.562832,mismatch
38385G2U2,Eff. Dur.3,4.42,3.298600,-1.121400,mismatch
38385G2U2,DV01.3,0.04,0.031240,-0.008760,ok
38385G2U2,Dollar Return.3,-6.38,-5.485410,0.894590,mismatch
38385G3V9,Forward Yield,4.6,4.592085,-0.007915,ok
38385G3V9,Effective Duration,1.4,1.501548,0.101548,mismatch
38385G3V9,Effective Convexity,-2.05,-1.376173,0.673827,mismatch
38385G3V9,Effective DV01,0.014,0.015134,0.001134,ok
38385G3V9,Dollar Duration,12567.0,,,api_missing
38385G3V9,1YR,0.38,0.379400,-0.000600,ok
38385G3V9,2YR,0.34,0.361700,0.021700,mismatch
38385G3V9,3YR,0.34,0.360100,0.020100,mismatch
38385G3V9,5YR,0.41,0.424200,0.014200,mismatch
38385G3V9,10YR,0.03,0.054600,0.024600,mismatch
38385G3V9,20YR,-0.09,-0.066300,0.023700,mismatch
38385G3V9,30YR,-0.01,-0.007900,0.002100,ok
38385G3V9,Average Life,2.1,2.032300,-0.067700,mismatch
38385G3V9,LT CPR,17.1,,,api_missing
38385G3V9,OAS,54.0,55.910600,1.910600,mismatch
38385G3V9,Z-Spread,109.0,108.928200,-0.071800,ok
38385G3V9,Factor,0.96,0.853239,-0.106761,mismatch
38385G3V9,Life CPR,6.5,,,api_missing
38385G3V9,GWAC,6.53,,,api_missing
38385G3V9,WALA,9.0,,,api_missing
38385G3V9,WALS,265389.0,,,api_missing
38385G3V9,MaxServicerName,,,,ok
38385G3V9,MaxServicerPercent,,,,ok
38385G3V9,Eff. Dur,0.35,0.669500,0.319500,mismatch
38385G3V9,DV01,0.0,0.006849,0.006849,ok
38385G3V9,Dollar Return,0.9,1.533994,0.633994,mismatch
38385G3V9,Eff. Dur.1,0.23,0.856000,0.626000,mismatch
38385G3V9,DV01.1,0.0,0.008726,0.008726,ok
38385G3V9,Dollar Return.1,0.67,1.183528,0.513528,mismatch
38385G3V9,Eff. Dur.2,3.12,2.807500,-0.312500,mismatch
38385G3V9,DV01.2,0.03,0.027800,-0.002200,ok
38385G3V9,Dollar Return.2,-2.3,-1.650296,0.649704,mismatch
38385G3V9,Eff. Dur.3,4.3,3.091600,-1.208400,mismatch
38385G3V9,DV01.3,0.04,0.029618,-0.010382,mismatch
38385G3V9,Dollar Return.3,-5.96,-4.772451,1.187549,mismatch
38385GN54,Forward Yield,4.56,4.568918,0.008918,ok
38385GN54,Effective Duration,1.38,1.531430,0.151430,mismatch
38385GN54,Effective Convexity,-1.78,-1.223584,0.556416,mismatch
38385GN54,Effective DV01,0.014,0.015435,0.001435,ok
38385GN54,Dollar Duration,11086.0,,,api_missing
38385GN54,1YR,0.38,0.379400,-0.000600,ok
38385GN54,2YR,0.35,0.379800,0.029800,mismatch
38385GN54,3YR,0.36,0.383700,0.023700,mismatch
38385GN54,5YR,0.38,0.410900,0.030900,mismatch
38385GN54,10YR,0.01,0.039800,0.029800,mismatch
38385GN54,20YR,-0.08,-0.055900,0.024100,mismatch
38385GN54,30YR,-0.01,-0.006600,0.003400,ok
38385GN54,Average Life,2.0,1.977800,-0.022200,mismatch
38385GN54,LT CPR,17.2,,,api_missing
38385GN54,OAS,58.0,61.071600,3.071600,mismatch
38385GN54,Z-Spread,107.0,107.891891,0.891891,mismatch
38385GN54,Factor,0.93,0.825005,-0.104995,mismatch
38385GN54,Life CPR,11.5,,,api_missing
38385GN54,GWAC,6.52,,,api_missing
38385GN54,WALA,9.0,,,api_missing
38385GN54,WALS,196330.0,,,api_missing
38385GN54,MaxServicerName,,,,ok
38385GN54,MaxServicerPercent,,,,ok
38385GN54,Eff. Dur,0.31,0.721500,0.411500,mismatch
38385GN54,DV01,0.0,0.007390,0.007390,ok
38385GN54,Dollar Return,1.01,1.629144,0.619144,mismatch
38385GN54,Eff. Dur.1,0.34,0.942100,0.602100,mismatch
38385GN54,DV01.1,0.0,0.009613,0.009613,ok
38385GN54,Dollar Return.1,0.75,1.258449,0.508449,mismatch
38385GN54,Eff. Dur.2,2.9,2.671300,-0.228700,mismatch
38385GN54,DV01.2,0.03,0.026462,-0.003538,ok
38385GN54,Dollar Return.2,-2.17,-1.596836,0.573164,mismatch
38385GN54,Eff. Dur.3,4.03,2.984800,-1.045200,mismatch
38385GN54,DV01.3,0.04,0.028634,-0.011366,mismatch
38385GN54,Dollar Return.3,-5.58,-4.591877,0.988123,mismatch
38385GX79,Forward Yield,4.77,4.779691,0.009691,ok
38385GX79,Effective Duration,1.74,1.879914,0.139914,mismatch
38385GX79,Effective Convexity,-1.84,-1.366873,0.473127,mismatch
38385GX79,Effective DV01,0.018,0.018882,0.000882,ok
38385GX79,Dollar Duration,11414.0,,,api_missing
38385GX79,1YR,0.35,0.347400,-0.002600,ok
38385GX79,2YR,0.36,0.381300,0.021300,mismatch
38385GX79,3YR,0.39,0.426400,0.036400,mismatch
38385GX79,5YR,0.51,0.553100,0.043100,mismatch
38385GX79,10YR,0.17,0.194700,0.024700,mismatch
38385GX79,20YR,-0.03,-0.011600,0.018400,mismatch
38385GX79,30YR,0.0,0.000200,0.000200,ok
38385GX79,Average Life,2.2,2.246800,0.046800,mismatch
38385GX79,LT CPR,16.5,,,api_missing
38385GX79,OAS,75.0,77.652300,2.652300,mismatch
38385GX79,Z-Spread,128.0,130.182739,2.182739,mismatch
38385GX79,Factor,0.93,0.823219,-0.106781,mismatch
38385GX79,Life CPR,12.4,,,api_missing
38385GX79,GWAC,6.57,,,api_missing
38385GX79,WALA,10.0,,,api_missing
38385GX79,WALS,222181.0,,,api_missing
38385GX79,MaxServicerName,,,,ok
38385GX79,MaxServicerPercent,,,,ok
38385GX79,Eff. Dur,0.34,0.746000,0.406000,mismatch
38385GX79,DV01,0.0,0.007638,0.007638,ok
38385GX79,Dollar Return,1.27,1.936344,0.666344,mismatch
38385GX79,Eff. Dur.1,0.43,0.990200,0.560200,mismatch
38385GX79,DV01.1,0.0,0.010093,0.010093,mismatch
38385GX79,Dollar Return.1,0.98,1.498895,0.518895,mismatch
38385GX79,Eff. Dur.2,3.29,2.967200,-0.322800,mismatch
38385GX79,DV01.2,0.03,0.029174,-0.000826,ok
38385GX79,Dollar Return.2,-2.54,-1.954870,0.585130,mismatch
38385GX79,Eff. Dur.3,4.38,3.268200,-1.111800,mismatch
38385GX79,DV01.3,0.04,0.030985,-0.009015,ok
38385GX79,Dollar Return.3,-6.27,-5.315706,0.954294,mismatch
38385GZ51,Forward Yield,4.74,4.756442,0.016442,mismatch
38385GZ51,Effective Duration,2.09,2.219290,0.129290,mismatch
38385GZ51,Effective Convexity,-1.51,-1.235988,0.274012,mismatch
38385GZ51,Effective DV01,0.021,0.022329,0.001329,ok
38385GZ51,Dollar Duration,10467.0,,,api_missing
38385GZ51,1YR,0.32,0.313300,-0.006700,ok
38385GZ51,2YR,0.35,0.372500,0.022500,mismatch
38385GZ51,3YR,0.46,0.484300,0.024300,mismatch
38385GZ51,5YR,0.68,0.721500,0.041500,mismatch
38385GZ51,10YR,0.33,0.361100,0.031100,mismatch
38385GZ51,20YR,-0.03,-0.022500,0.007500,ok
38385GZ51,30YR,0.0,-0.003000,-0.003000,ok
38385GZ51,Average Life,2.7,2.786300,0.086300,mismatch
38385GZ51,LT CPR,16.0,,,api_missing
38385GZ51,OAS,75.0,77.575400,2.575400,mismatch
38385GZ51,Z-Spread,122.0,124.252174,2.252174,mismatch
38385GZ51,Factor,0.89,0.838912,-0.051088,mismatch
38385GZ51,Life CPR,15.7,,,api_missing
38385GZ51,GWAC,6.58,,,api_missing
38385GZ51,WALA,30.0,,,api_missing
38385GZ51,WALS,156942.0,,,api_missing
38385GZ51,MaxServicerName,,,,ok
38385GZ51,MaxServicerPercent,,,,ok
38385GZ51,Eff. Dur,0.31,0.980800,0.670800,mismatch
38385GZ51,DV01,0.0,0.010114,0.010114,mismatch
38385GZ51,Dollar Return,1.82,2.519225,0.699225,mismatch
38385GZ51,Eff. Dur.1,0.73,1.385200,0.655200,mismatch
38385GZ51,DV01.1,0.01,0.014195,0.004195,ok
38385GZ51,Dollar Return.1,1.38,1.893458,0.513458,mismatch
38385GZ51,Eff. Dur.2,3.36,3.163900,-0.196100,mismatch
38385GZ51,DV01.2,0.03,0.031073,0.001073,ok
38385GZ51,Dollar Return.2,-2.76,-2.280576,0.479424,mismatch
38385GZ51,Eff. Dur.3,4.19,3.430900,-0.759100,mismatch
38385GZ51,DV01.3,0.04,0.032469,-0.007531,ok
38385GZ51,Dollar Return.3,-6.42,-5.777806,0.642194,mismatch
38385H4T1,Forward Yield,4.68,4.685118,0.005118,ok
38385H4T1,Effective Duration,3.21,3.237236,0.027236,mismatch
38385H4T1,Effective Convexity,-0.7,-0.803724,-0.103724,mismatch
38385H4T1,Effective DV01,0.032,0.032498,0.000498,ok
38385H4T1,Dollar Duration,25768.0,,,api_missing
38385H4T1,1YR,0.26,0.245300,-0.014700,mismatch
38385H4T1,2YR,0.32,0.328000,0.008000,ok
38385H4T1,3YR,0.45,0.444900,-0.005100,ok
38385H4T1,5YR,0.77,0.786200,0.016200,mismatch
38385H4T1,10YR,1.05,1.065500,0.015500,mismatch
38385H4T1,20YR,0.41,0.419700,0.009700,ok
38385H4T1,30YR,0.01,0.014800,0.004800,ok
38385H4T1,Average Life,5.9,5.891300,-0.008700,ok
38385H4T1,LT CPR,12.7,,,api_missing
38385H4T1,OAS,51.0,51.879700,0.879700,mismatch
38385H4T1,Z-Spread,96.0,95.768105,-0.231895,mismatch
38385H4T1,Factor,1.0,0.987784,-0.012216,mismatch
38385H4T1,Life CPR,1.4,,,api_missing
38385H4T1,GWAC,6.1,,,api_missing
38385H4T1,WALA,3.0,,,api_missing
38385H4T1,WALS,235634.0,,,api_missing
38385H4T1,MaxServicerName,,,,ok
38385H4T1,MaxServicerPercent,,,,ok
38385H4T1,Eff. Dur,1.59,2.180800,0.590800,mismatch
38385H4T1,DV01,0.02,0.023050,0.003050,ok
38385H4T1,Dollar Return,5.08,5.365592,0.285592,mismatch
38385H4T1,Eff. Dur.1,2.6,3.216100,0.616100,mismatch
38385H4T1,DV01.1,0.03,0.033333,0.003333,ok
38385H4T1,Dollar Return.1,2.99,3.323824,0.333824,mismatch
38385H4T1,Eff. Dur.2,4.24,4.694200,0.454200,mismatch
38385H4T1,DV01.2,0.04,0.045561,0.005561,ok
38385H4T1,Dollar Return.2,-3.67,-3.239941,0.430059,mismatch
38385H4T1,Eff. Dur.3,4.91,4.616100,-0.293900,mismatch
38385H4T1,DV01.3,0.05,0.042775,-0.007225,ok
38385H4T1,Dollar Return.3,-8.12,-7.618709,0.501291,mismatch
38385HEU7,Forward Yield,4.69,4.689608,-0.000392,ok
38385HEU7,Effective Duration,2.85,3.411240,0.561240,mismatch
38385HEU7,Effective Convexity,1.04,-1.133219,-2.173219,mismatch
38385HEU7,Effective DV01,0.029,0.034210,0.005210,ok
38385HEU7,Dollar Duration,7385.0,,,api_missing
38385HEU7,1YR,0.29,0.252600,-0.037400,mismatch
38385HEU7,2YR,0.28,0.333900,0.053900,mismatch
38385HEU7,3YR,0.39,0.470500,0.080500,mismatch
38385HEU7,5YR,0.76,0.892600,0.132600,mismatch
38385HEU7,10YR,0.87,1.066700,0.196700,mismatch
38385HEU7,20YR,0.3,0.456000,0.156000,mismatch
38385HEU7,30YR,0.0,0.020400,0.020400,mismatch
38385HEU7,Average Life,4.6,4.503400,-0.096600,mismatch
38385HEU7,LT CPR,17.0,,,api_missing
38385HEU7,OAS,42.0,40.175000,-1.825000,mismatch
38385HEU7,Z-Spread,103.0,103.698662,0.698662,mismatch
38385HEU7,Factor,0.99,0.976114,-0.013886,mismatch
38385HEU7,Life CPR,13.3,,,api_missing
38385HEU7,GWAC,6.57,,,api_missing
38385HEU7,WALA,7.0,,,api_missing
38385HEU7,WALS,218759.0,,,api_missing
38385HEU7,MaxServicerName,,,,ok
38385HEU7,MaxServicerPercent,,,,ok
38385HEU7,Eff. Dur,0.85,1.336200,0.486200,mismatch
38385HEU7,DV01,0.01,0.013917,0.003917,ok
38385HEU7,Dollar Return,3.47,3.929418,0.459418,mismatch
38385HEU7,Eff. Dur.1,1.5,1.968700,0.468700,mismatch
38385HEU7,DV01.1,0.02,0.020291,0.000291,ok
38385HEU7,Dollar Return.1,2.4,2.848013,0.448013,mismatch
38385HEU7,Eff. Dur.2,3.7,4.522400,0.822400,mismatch
38385HEU7,DV01.2,0.04,0.043793,0.003793,ok
38385HEU7,Dollar Return.2,-3.13,-3.354346,-0.224346,mismatch
38385HEU7,Eff. Dur.3,4.9,4.816600,-0.083400,mismatch
38385HEU7,DV01.3,0.05,0.044391,-0.005609,ok
38385HEU7,Dollar Return.3,-7.29,-8.005280,-0.715280,mismatch
38385HLW5,Forward Yield,4.71,4.707644,-0.002356,ok
38385HLW5,Effective Duration,3.21,3.294809,0.084809,mismatch
38385HLW5,Effective Convexity,-0.48,-0.788038,-0.308038,mismatch
38385HLW5,Effective DV01,0.032,0.033055,0.001055,ok
38385HLW5,Dollar Duration,7760.0,,,api_missing
38385HLW5,1YR,0.31,0.298700,-0.011300,mismatch
38385HLW5,2YR,0.25,0.275500,0.025500,mismatch
38385HLW5,3YR,0.28,0.315900,0.035900,mismatch
38385HLW5,5YR,0.62,0.677900,0.057900,mismatch
38385HLW5,10YR,0.89,0.964600,0.074600,mismatch
38385HLW5,20YR,0.51,0.553400,0.043400,mismatch
38385HLW5,30YR,0.07,0.073200,0.003200,ok
38385HLW5,Average Life,5.9,5.931500,0.031500,mismatch
38385HLW5,LT CPR,15.8,,,api_missing
38385HLW5,OAS,43.0,43.780400,0.780400,mismatch
38385HLW5,Z-Spread,94.0,95.010132,1.010132,mismatch
38385HLW5,Factor,0.99,0.983843,-0.006157,ok
38385HLW5,Life CPR,2.0,,,api_missing
38385HLW5,GWAC,6.56,,,api_missing
38385HLW5,WALA,5.0,,,api_missing
38385HLW5,WALS,241724.0,,,api_missing
38385HLW5,MaxServicerName,,,,ok
38385HLW5,MaxServicerPercent,,,,ok
38385HLW5,Eff. Dur,1.7,2.183500,0.483500,mismatch
38385HLW5,DV01,0.02,0.023120,0.003120,ok
38385HLW5,Dollar Return,5.24,5.623202,0.383202,mismatch
38385HLW5,Eff. Dur.1,2.52,2.886800,0.366800,mismatch
38385HLW5,DV01.1,0.03,0.029962,-0.000038,ok
38385HLW5,Dollar Return.1,3.16,3.533793,0.373793,mismatch
38385HLW5,Eff. Dur.2,4.11,4.887400,0.777400,mismatch
38385HLW5,DV01.2,0.04,0.047403,0.007403,ok
38385HLW5,Dollar Return.2,-3.62,-3.244365,0.375635,mismatch
38385HLW5,Eff. Dur.3,5.03,4.770200,-0.259800,mismatch
38385HLW5,DV01.3,0.05,0.044176,-0.005824,ok
38385HLW5,Dollar Return.3,-8.03,-7.610407,0.419593,mismatch
38385HM61,Forward Yield,4.79,4.793250,0.003250,ok
38385HM61,Effective Duration,3.29,3.577105,0.287105,mismatch
38385HM61,Effective Convexity,-0.66,-0.744347,-0.084347,mismatch
38385HM61,Effective DV01,0.033,0.035717,0.002717,ok
38385HM61,Dollar Duration,16357.0,,,api_missing
38385HM61,1YR,0.24,0.228000,-0.012000,mismatch
38385HM61,2YR,0.27,0.295200,0.025200,mismatch
38385HM61,3YR,0.4,0.426700,0.026700,mismatch
38385HM61,5YR,0.79,0.834200,0.044200,mismatch
38385HM61,10YR,1.1,1.208700,0.108700,mismatch
38385HM61,20YR,0.53,0.603300,0.073300,mismatch
38385HM61,30YR,0.05,0.059600,0.009600,ok
38385HM61,Average Life,6.2,6.222100,0.022100,mismatch
38385HM61,LT CPR,12.4,,,api_missing
38385HM61,OAS,59.0,58.434900,-0.565100,mismatch
38385HM61,Z-Spread,102.0,101.276733,-0.723267,mismatch
38385HM61,Factor,0.99,0.977979,-0.012021,mismatch
38385HM61,Life CPR,7.1,,,api_missing
38385HM61,GWAC,6.06,,,api_missing
38385HM61,WALA,9.0,,,api_missing
38385HM61,WALS,225721.0,,,api_missing
38385HM61,MaxServicerName,,,,ok
38385HM61,MaxServicerPercent,,,,ok
38385HM61,Eff. Dur,1.17,2.071900,0.901900,mismatch
38385HM61,DV01,0.01,0.021794,0.011794,mismatch
38385HM61,Dollar Return,4.72,5.396791,0.676791,mismatch
38385HM61,Eff. Dur.1,2.46,3.247100,0.787100,mismatch
38385HM61,DV01.1,0.03,0.033548,0.003548,ok
38385HM61,Dollar Return.1,3.02,3.531482,0.511482,mismatch
38385HM61,Eff. Dur.2,4.49,5.000800,0.510800,mismatch
38385HM61,DV01.2,0.04,0.048139,0.008139,ok
38385HM61,Dollar Return.2,-3.84,-3.489780,0.350220,mismatch
38385HM61,Eff. Dur.3,5.09,4.841200,-0.248800,mismatch
38385HM61,DV01.3,0.05,0.044370,-0.005630,ok
38385HM61,Dollar Return.3,-8.44,-8.080830,0.359170,mismatch
38385JKS1,Forward Yield,4.83,4.831445,0.001445,ok
38385JKS1,Effective Duration,4.47,4.480489,0.010489,mismatch
38385JKS1,Effective Convexity,-0.48,-0.371563,0.108437,mismatch
38385JKS1,Effective DV01,0.045,0.044641,-0.000359,ok
38385JKS1,Dollar Duration,11152.0,,,api_missing
38385JKS1,1YR,0.21,0.189200,-0.020800,mismatch
38385JKS1,2YR,0.27,0.278100,0.008100,ok
38385JKS1,3YR,0.41,0.412100,0.002100,ok
38385JKS1,5YR,0.88,0.886900,0.006900,ok
38385JKS1,10YR,1.61,1.621000,0.011000,mismatch
38385JKS1,20YR,0.94,0.961200,0.021200,mismatch
38385JKS1,30YR,0.11,0.114900,0.004900,ok
38385JKS1,Average Life,7.4,7.331100,-0.068900,mismatch
38385JKS1,LT CPR,12.1,,,api_missing
38385JKS1,OAS,59.0,57.618800,-1.381200,mismatch
38385JKS1,Z-Spread,104.0,104.030281,0.030281,ok
38385JKS1,Factor,1.0,0.991576,-0.008424,ok
38385JKS1,Life CPR,1.5,,,api_missing
38385JKS1,GWAC,6.52,,,api_missing
38385JKS1,WALA,3.0,,,api_missing
38385JKS1,WALS,416337.0,,,api_missing
38385JKS1,MaxServicerName,,,,ok
38385JKS1,MaxServicerPercent,,,,ok
38385JKS1,Eff. Dur,2.33,2.857300,0.527300,mismatch
38385JKS1,DV01,0.02,0.030539,0.010539,mismatch
38385JKS1,Dollar Return,7.15,7.310342,0.160342,mismatch
38385JKS1,Eff. Dur.1,3.63,3.984000,0.354000,mismatch
38385JKS1,DV01.1,0.04,0.041429,0.001429,ok
38385JKS1,Dollar Return.1,4.11,4.426335,0.316335,mismatch
38385JKS1,Eff. Dur.2,5.59,5.480300,-0.109700,mismatch
38385JKS1,DV01.2,0.05,0.052150,0.002150,ok
38385JKS1,Dollar Return.2,-4.87,-4.383042,0.486958,mismatch
38385JKS1,Eff. Dur.3,6.66,5.712000,-0.948000,mismatch
38385JKS1,DV01.3,0.06,0.051161,-0.008839,ok
38385JKS1,Dollar Return.3,-10.62,-9.962724,0.657276,mismatch
38385JUY7,Forward Yield,4.54,4.544958,0.004958,ok
38385JUY7,Effective Duration,3.63,3.614049,-0.015951,mismatch
38385JUY7,Effective Convexity,-1.41,-1.395519,0.014481,mismatch
38385JUY7,Effective DV01,0.036,0.036078,0.000078,ok
38385JUY7,Dollar Duration,5190.0,,,api_missing
38385JUY7,1YR,0.18,0.160000,-0.020000,mismatch
38385JUY7,2YR,0.37,0.371300,0.001300,ok
38385JUY7,3YR,0.62,0.629800,0.009800,ok
38385JUY7,5YR,1.23,1.237300,0.007300,ok
38385JUY7,10YR,1.16,1.149700,-0.010300,mismatch
38385JUY7,20YR,0.09,0.085900,-0.004100,ok
38385JUY7,30YR,-0.01,-0.004500,0.005500,ok
38385JUY7,Average Life,4.9,4.835500,-0.064500,mismatch
38385JUY7,LT CPR,9.0,,,api_missing
38385JUY7,OAS,45.0,45.331300,0.331300,mismatch
38385JUY7,Z-Spread,92.0,93.287804,1.287804,mismatch
38385JUY7,Factor,1.0,0.993876,-0.006124,ok
38385JUY7,Life CPR,0.1,,,api_missing
38385JUY7,GWAC,6.01,,,api_missing
38385JUY7,WALA,5.0,,,api_missing
38385JUY7,WALS,243770.0,,,api_missing
38385JUY7,MaxServicerName,,,,ok
38385JUY7,MaxServicerPercent,,,,ok
38385JUY7,Eff. Dur,0.99,1.420700,0.430700,mismatch
38385JUY7,DV01,0.01,0.014814,0.004814,ok
38385JUY7,Dollar Return,4.27,4.513793,0.243793,mismatch
38385JUY7,Eff. Dur.1,2.01,2.311400,0.301400,mismatch
38385JUY7,DV01.1,0.02,0.023787,0.003787,ok
38385JUY7,Dollar Return.1,2.84,3.156376,0.316376,mismatch
38385JUY7,Eff. Dur.2,4.82,4.663700,-0.156300,mismatch
38385JUY7,DV01.2,0.05,0.044779,-0.005221,ok
38385JUY7,Dollar Return.2,-4.2,-3.728190,0.471810,mismatch
38385JUY7,Eff. Dur.3,5.65,4.757800,-0.892200,mismatch
38385JUY7,DV01.3,0.05,0.043371,-0.006629,ok
38385JUY7,Dollar Return.3,-9.13,-8.578439,0.551561,mismatch
