										Original Balance	Current Balance	Can we make this just for one month?	Book Value	Market Value	Book Price	Market Price	MTM												Partial Durations																		-300			-200			-100			+100			+200			+300		
Book	Position ID	CUSIP	Sub Type	PRODUCT_CODE_2052a_Collateral_Class	Issuer	Current Factor	Coupon	Maturity Date	Nominal	CA_NOTIONAL	TOTAL_PAYDOWN_BOOK_VALUE	MTB_BOOK VALUE (Clean)	PV_NET (MV Clean)	MTB_BOOK PRICE (Clean)	PRICE (Mkt)	NPV_DISC (Clean MTM)	Curve Date	Prepay Model	Prepay Rate	Vol Model	Curve Type	Forward Yield	Prospective Yield	Effective Duration	Effective Convexity	Effective DV01	Dollar Duration	1YR	2YR	3YR	5YR	10YR	20YR	30YR	Average Life	LT CPR	OAS	Z-Spread	Factor	Life CPR	GWAC	WALA	WALS	MaxServicerName	MaxServicerPercent	Eff. Dur	DV01	Dollar Return	Eff. Dur	DV01	Dollar Return	Eff. Dur	DV01	Dollar Return	Eff. Dur	DV01	Dollar Return	Eff. Dur	DV01	Dollar Return	Eff. Dur	DV01	Dollar Return
233_PUB_HTM	612346	000416V38	MUNI	IG-2	ABC CA UNIF SCH DIST		3	8/1/2036	 580,000 	 580,000 	 -   	579952.61	554108.86	99.9918	95.53601	-25843.75	6/30/2026	Muni	100	Single	RFRSwap	3.53	3.00	6.47	-0.72	0.063	 363 	-0.01	-0.01	0.66	0.80	4.99	0.04	0.00	6.6	0.0	-87.3	-49	0.00	0.00	0.00	0.00	0.00	0.00	0.00	2.98	0.03	18.73	3.02	0.03	15.34	3.85	0.04	11.69	6.62	0.06	0.65	7.29	0.07	-5.94	7.61	0.06	-12.48
233_PUB_HTM	611322	005104HJ6	MUNI	IG-2	ACUSHNET MA	1	3.5	8/1/2034	935000	 935,000 	 -   	935000	935143.24	100	100.01532	143.24	6/30/2026	Muni	100	Single	RFRSwap	3.50	3.50	0.98	-3.28	0.010	 93 	0.32	0.12	0.12	0.43	0.26	0.00	0.00	1.1	0.0	-152.7	-60	0.00	0.00	0.00	0.00	0.00	0.00	0.00	0.04	0.00	0.46	0.08	0.00	0.41	0.09	0.00	0.32	0.09	0.00	0.14	3.58	0.04	-1.76	4.97	0.05	-6.06
233_PUB_HTM	611540	0054823B8	MUNI	IG-2	ADAMS & ARAPAHOE CNTYS CO JT S		5	12/1/2031	3000000	 3,000,000 	 -   	3034919.15	3031681.5	101.164	101.05605	-3237.65	6/30/2026	Muni	100	Single	RFRSwap	4.78	4.75	0.67	-0.60	0.007	 205 	0.42	0.03	0.03	0.13	0.01	0.00	0.00	0.5	0.0	-166.3	-148	0.00	0.00	0.00	0.00	0.00	0.00	0.00	0.29	0.00	1.92	0.40	0.00	1.61	0.43	0.00	1.16	0.44	0.00	0.29	0.96	0.01	-0.33	2.05	0.02	-1.80
233_PUB_HTM	611962	010824MA5	MUNI	IG-2	ALAMEDA CA UNIF SCH DIST ALAME		3	8/1/2037	1275000	 1,275,000 	 -   	1255865.94	1204630.58	98.4993	94.48083	-51235.36	6/30/2026	Muni	100	Single	RFRSwap	3.61	3.16	6.61	-1.61	0.063	 806 	0.06	0.17	0.28	0.62	4.95	0.55	0.00	6.8	0.0	-82.4	-45	0.00	0.00	0.00	0.00	0.00	0.00	0.00	1.05	0.01	10.66	1.07	0.01	9.55	1.43	0.01	8.36	6.40	0.06	0.52	7.58	0.07	-6.07	8.08	0.07	-12.86
233_PUB_HTM	611859	010824MB3	MUNI	IG-2	ALAMEDA CA UNIF SCH DIST ALAME		3	8/1/2038	1000000	 1,000,000 	 -   	971909.58	936117.9	97.191	93.61179	-35791.68	6/30/2026	Muni	100	Single	RFRSwap	3.66	3.28	7.23	-1.49	0.069	 686 	0.05	0.14	0.26	0.58	5.03	1.16	0.00	7.5	0.0	-79.9	-43	0.00	0.00	0.00	0.00	0.00	0.00	0.00	1.05	0.01	11.50	1.07	0.01	10.39	1.58	0.02	9.17	7.05	0.07	0.37	8.22	0.07	-6.72	8.67	0.07	-13.89
233_PUB_HTM	612147	012104QK4	MUNI	IG-2	ALBANY CA UNIF SCH DIST		4	8/1/2032	280000	 280,000 	 -   	280404.46	280296.66	100.1444	100.10595	-107.8	6/30/2026	Muni	100	Single	RFRSwap	2.72	2.28	0.09	0.00	0.001	 3 	0.09	0.00	0.00	0.00	0.00	0.00	0.00	0.1	0.0	-115.7	-116	0.00	0.00	0.00	0.00	0.00	0.00	0.00	0.04	0.00	0.38	0.08	0.00	0.33	0.09	0.00	0.24	0.09	0.00	0.06	0.09	0.00	-0.03	0.09	0.00	-0.12
233_PUB_HTM	611680	012104QL2	MUNI	IG-2	ALBANY CA UNIF SCH DIST		4	8/1/2033	355000	 355,000 	 -   	355507.69	355376.12	100.143	100.10595	-131.57	6/30/2026	Muni	100	Single	RFRSwap	2.72	2.30	0.09	0.00	0.001	 3 	0.09	0.00	0.00	0.00	0.00	0.00	0.00	0.1	0.0	-115.7	-116	0.00	0.00	0.00	0.00	0.00	0.00	0.00	0.04	0.00	0.38	0.08	0.00	0.33	0.09	0.00	0.24	0.09	0.00	0.06	0.09	0.00	-0.03	0.09	0.00	-0.12
233_PUB_HTM	611725	012104QM0	MUNI	IG-2	ALBANY CA UNIF SCH DIST		4	8/1/2034	410000	 410,000 	 -   	410569.51	410434.39	100.1389	100.10595	-135.12	6/30/2026	Muni	100	Single	RFRSwap	2.72	2.34	0.09	0.00	0.001	 4 	0.09	0.00	0.00	0.00	0.00	0.00	0.00	0.1	0.0	-115.7	-116	0.00	0.00	0.00	0.00	0.00	0.00	0.00	0.04	0.00	0.38	0.08	0.00	0.33	0.09	0.00	0.24	0.09	0.00	0.06	0.09	0.00	-0.03	0.09	0.00	-0.12
233_PUB_HTM	611288	0153023Y6	MUNI	IG-2	ALEXANDRIA VA		3	7/15/2033	4980000	 4,980,000 	 -   	5012865.06	4967432.97	100.6599	99.74765	-45432.09	6/30/2026	Muni	100	Single	RFRSwap	3.04	2.90	2.74	-1.59	0.028	 1,379 	0.47	0.29	0.27	1.15	0.60	0.00	0.00	2.5	0.0	-181.2	-90	0.00	0.00	0.00	0.00	0.00	0.00	0.00	1.03	0.01	6.36	1.04	0.01	5.26	1.04	0.01	4.16	2.65	0.03	0.94	3.94	0.04	-2.40	4.76	0.04	-6.63
233_PUB_HTM	612182	01728VUW8	MUNI	IG-2	ALLEGHENY CNTY PA		2	11/1/2034	460000	 460,000 	 -   	410588.37	394095.48	89.2583	85.67293	-16492.89	6/30/2026	Muni	100	Single	RFRSwap	4.04	3.50	7.28	0.47	0.063	 288 	-0.02	-0.03	-0.06	2.48	4.90	0.00	0.00	7.9	0.0	4.1	7	0.00	0.00	0.00	0.00	0.00	0.00	0.00	4.11	0.05	24.82	5.47	0.06	19.86	6.76	0.07	13.46	7.35	0.06	0.17	7.32	0.06	-5.93	7.27	0.05	-11.57
233_PUB_HTM	611257	01728VUX6	MUNI	IG-2	ALLEGHENY CNTY PA		3	11/1/2035	1000000	 1,000,000 	 -   	1004657.12	947394.3	100.4657	94.73943	-57262.82	6/30/2026	Muni	100	Single	RFRSwap	3.67	2.94	6.78	-0.14	0.065	 646 	-0.01	-0.01	0.20	1.87	4.75	0.00	0.00	7.2	0.0	-56.9	-33	0.00	0.00	0.00	0.00	0.00	0.00	0.00	4.03	0.05	23.26	4.27	0.05	18.54	5.24	0.06	13.30	6.95	0.07	0.58	7.28	0.06	-6.04	7.43	0.06	-12.37
233_PUB_HTM	612565	01728VVB3	MUNI	IG-2	ALLEGHENY CNTY PA		3	11/1/2039	540000	 540,000 	 -   	533827.44	479797.94	98.8569	88.85147	-54029.5	6/30/2026	Muni	100	Single	RFRSwap	4.09	3.11	9.33	0.20	0.083	 450 	-0.01	-0.01	0.06	0.61	5.96	2.71	0.00	10.5	0.0	-23.3	-3	0.00	0.00	0.00	0.00	0.00	0.00	0.00	4.02	0.05	27.50	4.69	0.05	22.76	6.88	0.07	16.49	9.46	0.08	-0.02	9.81	0.08	-8.26	9.84	0.07	-15.85
233_PUB_HTM	611669	021087VQ1	MUNI	IG-2	ALPINE UT SCH DIST		4	3/15/2031	3460000	 3,460,000 	 -   	3500676.13	3487905.59	101.1756	100.80652	-12770.53	6/30/2026	Muni	100	Single	RFRSwap	3.81	3.72	1.28	-0.80	0.013	 453 	0.60	0.13	0.18	0.37	0.00	0.00	0.00	1.1	0.0	-151.5	-115	0.00	0.00	0.00	0.00	0.00	0.00	0.00	0.61	0.01	3.53	0.69	0.01	2.87	0.71	0.01	2.13	0.97	0.01	0.60	1.98	0.02	-0.85	2.93	0.03	-3.32
233_PUB_HTM	611568	021087VT5	MUNI	IG-2	ALPINE UT SCH DIST		3.25	3/15/2034	1540000	 1,540,000 	 -   	1545021.41	1540195.89	100.3261	100.01272	-4825.52	6/30/2026	Muni	100	Single	RFRSwap	3.25	3.20	2.26	-1.90	0.023	 352 	0.48	0.22	0.20	0.79	0.65	0.00	0.00	2.1	0.0	-181.0	-82	0.00	0.00	0.00	0.00	0.00	0.00	0.00	0.61	0.01	4.24	0.69	0.01	3.59	0.71	0.01	2.84	2.17	0.02	0.66	3.96	0.04	-2.44	5.07	0.05	-6.84
233_PUB_HTM	612972	022447K39	MUNI	IG-2	ALVIN TX INDEP SCH DIST		4	2/15/2029	500000	 500,000 	 -   	505205.21	503759.6	101.041	100.75192	-1445.61	6/30/2026	Muni	100	Single	RFRSwap	3.70	3.58	0.92	-0.43	0.009	 47 	0.58	0.21	0.16	0.00	0.00	0.00	0.00	0.9	0.0	-141.8	-121	0.00	0.00	0.00	0.00	0.00	0.00	0.00	0.57	0.01	3.06	0.61	0.01	2.46	0.63	0.01	1.80	0.71	0.01	0.49	1.15	0.01	-0.43	1.71	0.02	-1.89
233_PUB_HTM	612874	022447K47	MUNI	IG-2	ALVIN TX INDEP SCH DIST		4	2/15/2030	250000	 250,000 	 -   	252443.48	251795.28	100.9774	100.71811	-648.21	6/30/2026	Muni	100	Single	RFRSwap	3.79	3.71	1.07	-0.59	0.011	 27 	0.56	0.12	0.29	0.10	0.00	0.00	0.00	1.0	0.0	-146.6	-115	0.00	0.00	0.00	0.00	0.00	0.00	0.00	0.57	0.01	3.12	0.61	0.01	2.51	0.63	0.01	1.86	0.78	0.01	0.53	1.49	0.02	-0.58	2.29	0.02	-2.51
233_PUB_HTM	611200	031069XD4	MUNI	IG-2	AMESBURY MA		2.125	6/1/2037	1665000	 1,665,000 	 -   	1456688.57	1405052.04	87.4888	84.38751	-51636.53	6/30/2026	Muni	100	Single	RFRSwap	3.89	3.51	8.93	0.47	0.076	 1,257 	-0.01	-0.03	0.00	0.09	8.06	0.81	0.00	9.7	0.0	-23.6	-16	0.00	0.00	0.00	0.00	0.00	0.00	0.00	2.77	0.03	24.22	3.95	0.04	20.99	6.89	0.07	15.33	8.90	0.08	0.19	9.04	0.07	-7.10	9.04	0.06	-13.79
233_PUB_HTM	611913	0342854E3	MUNI	IG-2	ANDOVER MA		4	1/15/2027	995000	 995,000 	 -   	995000	995466.56	100	100.04689	466.56	6/30/2026	Muni	100	Single	RFRSwap	3.91	4.00	0.28	-0.26	0.003	 28 	0.28	0.00	0.00	0.00	0.00	0.00	0.00	0.3	0.0	-29.9	-16	0.00	0.00	0.00	0.00	0.00	0.00	0.00	0.15	0.00	0.80	0.16	0.00	0.65	0.17	0.00	0.47	0.17	0.00	0.13	0.38	0.00	-0.12	0.52	0.01	-0.61
233_PUB_HTM	612703	035438HW3	MUNI	IG-2	ANN ARBOR MI		4	5/1/2033	2300000	 2,300,000 	 -   	2384573.46	2367390.23	103.6771	102.93001	-17183.23	6/30/2026	Muni	100	Single	RFRSwap	3.51	3.39	3.60	-0.57	0.037	 858 	0.00	0.23	1.61	1.25	0.51	0.00	0.00	3.5	0.0	-132.4	-105	0.00	0.00	0.00	0.00	0.00	0.00	0.00	2.61	0.03	14.09	2.71	0.03	11.05	2.74	0.03	7.95	3.64	0.04	1.31	4.30	0.04	-2.77	4.79	0.05	-7.27
233_PUB_HTM	612298	035438HX1	MUNI	IG-2	ANN ARBOR MI		4	5/1/2034	2685000	 2,685,000 	 -   	2784711.68	2756776.23	103.7137	102.67323	-27935.45	6/30/2026	Muni	100	Single	RFRSwap	3.60	3.45	3.85	-0.74	0.040	 1,068 	0.00	0.23	1.55	1.17	0.92	0.00	0.00	3.8	0.0	-130.7	-95	0.00	0.00	0.00	0.00	0.00	0.00	0.00	2.61	0.03	14.30	2.71	0.03	11.27	2.77	0.03	8.16	4.07	0.04	1.08	4.90	0.05	-3.51	5.42	0.05	-8.56
233_PUB_HTM	612735	035771Q72	MUNI	IG-2	ANNAPOLIS MD		4	8/1/2028	645000	 645,000 	 -   	646037.88	645650.68	100.1609	100.10088	-387.2	6/30/2026	Muni	100	Single	RFRSwap	3.95	3.92	0.23	-0.22	0.002	 15 	0.13	0.08	0.01	0.00	0.00	0.00	0.00	0.2	0.0	-152.3	-110	0.00	0.00	0.00	0.00	0.00	0.00	0.00	0.04	0.00	0.40	0.08	0.00	0.34	0.09	0.00	0.25	0.09	0.00	0.07	0.41	0.00	-0.10	1.32	0.01	-1.04
233_PUB_HTM	612095	035771Q80	MUNI	IG-2	ANNAPOLIS MD		4	8/1/2029	665000	 665,000 	 -   	666044.59	665621.77	100.1571	100.0935	-422.82	6/30/2026	Muni	100	Single	RFRSwap	3.97	3.94	0.28	-0.43	0.003	 19 	0.13	0.03	0.11	0.00	0.00	0.00	0.00	0.2	0.0	-165.8	-101	0.00	0.00	0.00	0.00	0.00	0.00	0.00	0.04	0.00	0.41	0.08	0.00	0.36	0.09	0.00	0.27	0.09	0.00	0.08	0.73	0.01	-0.17	1.91	0.02	-1.61
233_PUB_HTM	611906	035771Q98	MUNI	IG-2	ANNAPOLIS MD		4	8/1/2030	685000	 685,000 	 -   	686019.14	685613.35	100.1488	100.08954	-405.79	6/30/2026	Muni	100	Single	RFRSwap	3.98	3.96	0.32	-0.66	0.003	 22 	0.13	0.03	0.09	0.07	0.00	0.00	0.00	0.3	0.0	-177.8	-97	0.00	0.00	0.00	0.00	0.00	0.00	0.00	0.04	0.00	0.42	0.08	0.00	0.37	0.09	0.00	0.27	0.09	0.00	0.09	1.09	0.01	-0.31	2.49	0.02	-2.20
233_PUB_HTM	612333	035771R22	MUNI	IG-2	ANNAPOLIS MD		4	8/1/2031	705000	 705,000 	 -   	706028.76	705592.98	100.1459	100.08411	-435.78	6/30/2026	Muni	100	Single	RFRSwap	3.98	3.97	0.36	-0.90	0.004	 26 	0.14	0.03	0.04	0.16	0.00	0.00	0.00	0.3	0.0	-184.2	-90	0.00	0.00	0.00	0.00	0.00	0.00	0.00	0.04	0.00	0.42	0.08	0.00	0.37	0.09	0.00	0.28	0.12	0.00	0.10	1.57	0.02	-0.48	3.10	0.03	-2.91
233_PUB_HTM	611945	035771R30	MUNI	IG-2	ANNAPOLIS MD		4	8/1/2032	275000	 275,000 	 -   	275396.77	275216.29	100.1443	100.07865	-180.49	6/30/2026	Muni	100	Single	RFRSwap	3.98	3.97	0.39	-1.15	0.004	 11 	0.14	0.03	0.04	0.17	0.04	0.00	0.00	0.3	0.0	-190.1	-84	0.00	0.00	0.00	0.00	0.00	0.00	0.00	0.04	0.00	0.43	0.08	0.00	0.38	0.09	0.00	0.29	0.13	0.00	0.11	1.86	0.02	-0.60	3.62	0.04	-3.46
233_PUB_HTM	612698	035771R48	MUNI	IG-2	ANNAPOLIS MD		4	8/1/2033	285000	 285,000 	 -   	285406.23	285208.22	100.1425	100.07306	-198.01	6/30/2026	Muni	100	Single	RFRSwap	3.99	3.98	0.42	-1.41	0.004	 12 	0.14	0.03	0.04	0.16	0.09	0.00	0.00	0.4	0.0	-194.5	-78	0.00	0.00	0.00	0.00	0.00	0.00	0.00	0.04	0.00	0.44	0.08	0.00	0.39	0.09	0.00	0.30	0.18	0.00	0.12	2.35	0.02	-0.89	4.25	0.04	-4.32
233_PUB_HTM	612807	03871LDF7	MUNI	IG-2	ARAPAHOE CNTY CO WTR & WSTWTRP		3	12/1/2037	2000000	 2,000,000 	 -   	1988199.16	1848335.8	99.41	92.41679	-139863.36	6/30/2026	Muni	100	Single	RFRSwap	3.83	3.06	7.81	-0.37	0.072	 1,447 	-0.01	-0.01	0.33	0.71	5.90	0.88	0.00	8.2	0.0	-51.0	-24	0.00	0.00	0.00	0.00	0.00	0.00	0.00	3.22	0.04	21.82	3.44	0.04	18.17	4.98	0.05	13.72	7.95	0.07	0.37	8.47	0.07	-6.99	8.69	0.07	-14.05
233_PUB_HTM	611852	039069JE0	MUNI	IG-2	ARCADIA CA UNIF SCH DIST		2	8/1/2035	575000	 575,000 	 -   	524457.66	492095	91.21	85.58174	-32362.65	6/30/2026	Muni	100	Single	RFRSwap	3.90	3.12	7.67	0.39	0.066	 381 	-0.02	-0.02	-0.02	1.47	6.25	0.00	0.00	8.2	0.0	-14.7	-10	0.00	0.00	0.00	0.00	0.00	0.00	0.00	0.04	0.00	14.66	0.16	0.00	14.61	4.79	0.05	12.47	7.29	0.06	0.35	7.47	0.06	-5.84	7.51	0.06	-11.67
233_PUB_HTM	611193	039069JF7	MUNI	IG-2	ARCADIA CA UNIF SCH DIST		2	8/1/2036	1015000	 1,015,000 	 -   	907475.23	851565.72	89.4064	83.8981	-55909.52	6/30/2026	Muni	100	Single	RFRSwap	3.95	3.24	8.41	0.50	0.071	 723 	-0.02	-0.03	-0.03	0.04	8.36	0.07	0.00	9.1	0.0	-13.4	-8	0.00	0.00	0.00	0.00	0.00	0.00	0.00	0.04	0.00	16.35	0.22	0.00	16.30	5.55	0.05	13.62	8.00	0.07	0.33	8.19	0.06	-6.29	8.23	0.06	-12.47
233_PUB_HTM	612021	040319B61	MUNI	IG-2	ARGYLE TX INDEP SCH DIST		4	8/15/2031	1000000	 1,000,000 	 -   	1017363.38	1011262.2	101.7363	101.12622	-6101.18	6/30/2026	Muni	100	Single	RFRSwap	3.76	3.62	1.77	-0.77	0.018	 181 	0.65	0.31	0.19	0.64	0.01	0.00	0.00	1.7	0.0	-140.7	-108	0.00	0.00	0.00	0.00	0.00	0.00	0.00	1.06	0.01	5.70	1.10	0.01	4.55	1.11	0.01	3.37	1.57	0.02	0.85	2.51	0.03	-1.22	3.28	0.03	-4.13
233_PUB_HTM	612448	040319B79	MUNI	IG-2	ARGYLE TX INDEP SCH DIST		4	8/15/2032	1000000	 1,000,000 	 -   	1017175.76	1009789.8	101.7176	100.97898	-7385.96	6/30/2026	Muni	100	Single	RFRSwap	3.82	3.68	1.97	-1.03	0.020	 202 	0.63	0.30	0.18	0.71	0.16	0.00	0.00	1.8	0.0	-137.9	-94	0.00	0.00	0.00	0.00	0.00	0.00	0.00	1.06	0.01	5.82	1.10	0.01	4.67	1.11	0.01	3.48	1.74	0.02	0.90	2.88	0.03	-1.45	3.84	0.04	-4.83
233_PUB_HTM	612002	041431SD0	MUNI	IG-2	ARLINGTON CNTY VA		4	8/15/2034	5000000	 5,000,000 	 -   	5082788.14	5047110	101.6558	100.9422	-35678.14	6/30/2026	Muni	100	Single	RFRSwap	3.86	3.76	2.26	-1.43	0.023	 1,160 	0.61	0.30	0.19	0.58	0.60	0.00	0.00	2.1	0.0	-147.8	-91	0.00	0.00	0.00	0.00	0.00	0.00	0.00	1.07	0.01	5.98	1.10	0.01	4.82	1.11	0.01	3.64	2.27	0.02	0.76	3.90	0.04	-2.37	5.10	0.05	-6.83
233_PUB_HTM	611744	041609K31	MUNI	IG-2	ARLINGTON MA		3	9/1/2035	2160000	 2,160,000 	 -   	2167077.27	2129232.31	100.3277	98.57557	-37844.95	6/30/2026	Muni	100	Single	RFRSwap	3.18	2.96	4.82	-1.31	0.048	 1,036 	-0.01	0.57	0.52	1.10	2.64	0.00	0.00	4.6	0.0	-148.0	-82	0.00	0.00	0.00	0.00	0.00	0.00	0.00	2.08	0.02	13.01	2.12	0.02	10.69	2.36	0.03	8.31	5.01	0.05	0.81	6.07	0.06	-4.66	6.66	0.06	-10.54
233_PUB_HTM	611808	041609K49	MUNI	IG-2	ARLINGTON MA		3	9/1/2036	2215000	 2,215,000 	 -   	2217146.92	2135235.64	100.0969	96.3989	-81911.28	6/30/2026	Muni	100	Single	RFRSwap	3.42	2.99	5.87	-1.27	0.057	 1,266 	-0.01	0.36	0.43	0.69	4.35	0.07	0.00	5.8	0.0	-109.9	-60	0.00	0.00	0.00	0.00	0.00	0.00	0.00	2.08	0.02	14.26	2.12	0.02	11.97	2.60	0.03	9.53	6.01	0.06	0.71	7.00	0.06	-5.52	7.48	0.06	-11.96
233_PUB_HTM	612027	041609K56	MUNI	IG-2	ARLINGTON MA		3	9/1/2037	625000	 625,000 	 -   	624315.92	593394.44	99.8905	94.94311	-30921.49	6/30/2026	Muni	100	Single	RFRSwap	3.55	3.01	6.68	-1.19	0.064	 401 	-0.01	0.24	0.38	0.67	4.84	0.58	0.00	6.9	0.0	-93.4	-51	0.00	0.00	0.00	0.00	0.00	0.00	0.00	2.07	0.02	15.31	2.12	0.02	13.03	2.85	0.03	10.51	6.79	0.07	0.55	7.75	0.07	-6.27	8.20	0.07	-13.17
233_PUB_HTM	611247	044357PG0	MUNI	IG-2	ASHLAND MA	1	3.5	8/1/2031	240000	 240,000 	 -   	240000	240125.98	100	100.05249	125.98	6/30/2026	Muni	100	Single	RFRSwap	3.48	3.50	0.57	-2.07	0.006	 14 	0.26	0.15	0.16	0.14	0.00	0.00	0.00	0.7	0.0	-128.3	-103	0.00	0.00	0.00	0.00	0.00	0.00	0.00	0.04	0.00	0.40	0.08	0.00	0.35	0.09	0.00	0.26	0.09	0.00	0.08	1.85	0.02	-0.70	2.72	0.03	-3.07
233_PUB_HTM	612068	046558DS8	MUNI	IG-2	ATASCADERO CA UNIF SCH DIST		4	8/1/2031	755000	 755,000 	 -   	767096.97	766130.74	101.6022	101.47427	-966.23	6/30/2026	Muni	100	Single	RFRSwap	3.68	3.65	1.58	-0.70	0.016	 123 	0.72	0.25	0.15	0.48	0.01	0.00	0.00	1.5	0.0	-167.2	-143	0.00	0.00	0.00	0.00	0.00	0.00	0.00	1.05	0.01	5.44	1.07	0.01	4.31	1.07	0.01	3.16	1.40	0.01	0.80	2.23	0.02	-1.04	3.08	0.03	-3.74
233_PUB_HTM	612747	046558DT6	MUNI	IG-2	ATASCADERO CA UNIF SCH DIST		4	8/1/2032	770000	 770,000 	 -   	782111.91	780405.93	101.573	101.35142	-1705.98	6/30/2026	Muni	100	Single	RFRSwap	3.75	3.71	1.75	-0.87	0.018	 139 	0.68	0.27	0.16	0.56	0.13	0.00	0.00	1.6	0.0	-164.1	-132	0.00	0.00	0.00	0.00	0.00	0.00	0.00	1.05	0.01	5.53	1.07	0.01	4.40	1.07	0.01	3.25	1.51	0.02	0.83	2.58	0.03	-1.24	3.58	0.04	-4.36
233_PUB_HTM	611814	047195JC7	MUNI	IG-2	ATHENS OH CITY SCH DIST		4	12/1/2035	600000	 600,000 	 -   	621954.85	609186.48	103.6591	101.53108	-12768.37	6/30/2026	Muni	100	Single	RFRSwap	3.80	3.54	4.03	-1.18	0.041	 246 	0.00	0.70	0.85	0.74	1.74	0.00	0.00	3.9	0.0	-122.6	-66	0.00	0.00	0.00	0.00	0.00	0.00	0.00	2.25	0.03	12.76	2.34	0.03	10.20	2.40	0.03	7.58	4.24	0.04	0.98	5.48	0.05	-3.93	6.23	0.06	-9.52
233_PUB_HTM	612293	0498434S1	MUNI	IG-2	ATTLEBORO MA		3	10/15/2034	2425000	 2,425,000 	 -   	2431412.37	2353659.9	100.2644	97.05814	-77752.48	6/30/2026	Muni	100	Single	RFRSwap	3.41	2.96	5.12	-0.97	0.050	 1,212 	-0.01	0.36	0.53	1.83	2.42	0.00	0.00	4.9	0.0	-100.3	-56	0.00	0.00	0.00	0.00	0.00	0.00	0.00	2.14	0.02	13.84	2.23	0.02	11.48	2.68	0.03	8.91	5.30	0.05	0.69	6.07	0.06	-4.77	6.45	0.06	-10.44
233_PUB_HTM	611502	0498434T9	MUNI	IG-2	ATTLEBORO MA		3	10/15/2035	2575000	 2,575,000 	 -   	2575582.94	2474055.62	100.0226	96.07983	-101527.32	6/30/2026	Muni	100	Single	RFRSwap	3.50	3.00	5.76	-1.02	0.056	 1,435 	-0.01	0.27	0.48	1.27	3.76	0.00	0.00	5.7	0.0	-91.9	-50	0.00	0.00	0.00	0.00	0.00	0.00	0.00	2.13	0.02	14.62	2.23	0.02	12.26	2.81	0.03	9.65	5.87	0.06	0.69	6.70	0.06	-5.30	7.08	0.06	-11.41
233_PUB_HTM	612484	0522492S7	MUNI	IG-2	AUSTIN MN		2.375	12/1/2026	415000	 415,000 	 -   	415000	414404.18	100	99.85643	-595.82	6/30/2026	Muni	100	Single	RFRSwap	2.72	2.37	0.37	-0.21	0.004	 15 	0.37	0.00	0.00	0.00	0.00	0.00	0.00	0.4	0.0	-124.7	-122	0.00	0.00	0.00	0.00	0.00	0.00	0.00	0.04	0.00	0.50	0.08	0.00	0.44	0.09	0.00	0.35	0.14	0.00	0.17	0.41	0.00	-0.14	0.42	0.00	-0.56
233_PUB_HTM	612218	0522492T5	MUNI	IG-2	AUSTIN MN		2.5	12/1/2027	425000	 425,000 	 -   	425000	424226.42	100	99.81798	-773.59	6/30/2026	Muni	100	Single	RFRSwap	2.63	2.50	0.75	-0.96	0.008	 32 	0.54	0.19	0.00	0.00	0.00	0.00	0.00	0.6	0.0	-173.9	-142	0.00	0.00	0.00	0.00	0.00	0.00	0.00	0.05	0.00	0.59	0.08	0.00	0.54	0.09	0.00	0.45	0.19	0.00	0.25	1.01	0.01	-0.33	1.28	0.01	-1.49
233_PUB_HTM	611445	052430PM1	MUNI	IG-2	AUSTIN TX INDEP SCH DIST		4	8/1/2031	2000000	 2,000,000 	 -   	2003020.74	2001710.4	100.151	100.08552	-1310.34	6/30/2026	Muni	100	Single	RFRSwap	3.98	3.97	0.36	-0.89	0.004	 73 	0.14	0.03	0.04	0.16	0.00	0.00	0.00	0.3	0.0	-184.7	-92	0.00	0.00	0.00	0.00	0.00	0.00	0.00	0.04	0.00	0.42	0.08	0.00	0.37	0.09	0.00	0.28	0.12	0.00	0.10	1.56	0.02	-0.47	3.09	0.03	-2.89
233_PUB_HTM	612909	052430PN9	MUNI	IG-2	AUSTIN TX INDEP SCH DIST		4	8/1/2032	2000000	 2,000,000 	 -   	2002994.02	2001464.4	100.1497	100.07322	-1529.62	6/30/2026	Muni	100	Single	RFRSwap	3.99	3.97	0.40	-1.20	0.004	 81 	0.14	0.04	0.04	0.17	0.04	0.00	0.00	0.3	0.0	-188.2	-78	0.00	0.00	0.00	0.00	0.00	0.00	0.00	0.04	0.00	0.44	0.08	0.00	0.39	0.09	0.00	0.29	0.14	0.00	0.11	1.89	0.02	-0.62	3.64	0.04	-3.52
233_PUB_HTM	611244	052430PP4	MUNI	IG-2	AUSTIN TX INDEP SCH DIST		4	8/1/2033	1000000	 1,000,000 	 -   	1001465.44	1000557.9	100.1465	100.05579	-907.54	6/30/2026	Muni	100	Single	RFRSwap	3.99	3.98	0.48	-1.50	0.005	 49 	0.14	0.04	0.04	0.17	0.09	0.00	0.00	0.4	0.0	-189.1	-58	0.00	0.00	0.00	0.00	0.00	0.00	0.00	0.04	0.00	0.46	0.08	0.00	0.40	0.09	0.00	0.31	0.20	0.00	0.13	2.49	0.03	-0.98	4.31	0.04	-4.50
233_PUB_HTM	612193	054141JX5	MUNI	IG-2	AVON MA		3	9/15/2034	830000	 830,000 	 -   	833842.66	820658.52	100.463	98.87452	-13184.14	6/30/2026	Muni	100	Single	RFRSwap	3.16	2.94	4.47	-1.16	0.045	 370 	-0.01	0.60	0.56	1.51	1.80	0.00	0.00	4.3	0.0	-144.7	-81	0.00	0.00	0.00	0.00	0.00	0.00	0.00	2.10	0.02	12.78	2.16	0.02	10.44	2.38	0.03	8.02	4.69	0.05	0.80	5.63	0.05	-4.30	6.13	0.06	-9.78
233_PUB_HTM	612869	054141JY3	MUNI	IG-2	AVON MA		3	9/15/2035	860000	 860,000 	 -   	861960.97	844086.65	100.228	98.14961	-17874.32	6/30/2026	Muni	100	Single	RFRSwap	3.23	2.97	5.02	-1.24	0.050	 427 	-0.01	0.50	0.54	1.16	2.87	0.00	0.00	4.8	0.0	-137.2	-76	0.00	0.00	0.00	0.00	0.00	0.00	0.00	2.10	0.02	13.35	2.16	0.02	11.02	2.45	0.03	8.58	5.21	0.05	0.80	6.23	0.06	-4.80	6.76	0.06	-10.75
233_PUB_HTM	611743	054141JZ0	MUNI	IG-2	AVON MA		3	9/15/2036	880000	 880,000 	 -   	879778.34	837117.25	99.9748	95.12696	-42661.09	6/30/2026	Muni	100	Single	RFRSwap	3.57	3.00	6.33	-1.06	0.061	 534 	-0.01	0.24	0.40	0.70	4.92	0.10	0.00	6.4	0.0	-84.2	-45	0.00	0.00	0.00	0.00	0.00	0.00	0.00	2.09	0.02	15.05	2.16	0.02	12.74	2.84	0.03	10.21	6.42	0.06	0.65	7.28	0.07	-5.80	7.66	0.06	-12.32
233_PUB_HTM	611197	05620PKA0	MUNI	IG-2	BABYLON NY		3	6/1/2032	1015000	 1,015,000 	 -   	1015000	1014999.19	100	99.99992	-0.81	6/30/2026	Muni	100	Single	RFRSwap	3.00	3.00	0.69	-1.93	0.007	 70 	0.13	0.04	0.04	0.26	0.04	0.00	0.00	0.4	0.0	-223.1	-105	0.00	0.00	0.00	0.00	0.00	0.00	0.00	0.05	0.00	0.49	0.08	0.00	0.44	0.09	0.00	0.35	0.24	0.00	0.16	2.36	0.02	-0.95	3.88	0.04	-4.11
233_PUB_HTM	612372	05620PKB8	MUNI	IG-2	BABYLON NY		3	6/1/2033	1045000	 1,045,000 	 -   	1045000	1043703.47	100	99.87593	-1296.53	6/30/2026	Muni	100	Single	RFRSwap	3.02	3.00	1.13	-2.80	0.011	 118 	0.30	0.12	0.13	0.54	0.28	0.00	0.00	1.1	0.0	-211.3	-97	0.00	0.00	0.00	0.00	0.00	0.00	0.00	0.05	0.00	0.61	0.08	0.00	0.55	0.09	0.00	0.46	0.40	0.00	0.23	3.22	0.03	-1.58	4.75	0.04	-5.56
233_PUB_HTM	611931	05620PKC6	MUNI	IG-2	BABYLON NY		3	6/1/2034	940000	 940,000 	 -   	940000	933762.25	100	99.33641	-6237.75	6/30/2026	Muni	100	Single	RFRSwap	3.09	3.00	2.32	-3.28	0.023	 218 	0.33	0.20	0.21	0.90	0.87	0.00	0.00	2.2	0.0	-180.3	-87	0.00	0.00	0.00	0.00	0.00	0.00	0.00	0.05	0.00	1.12	0.08	0.00	1.07	0.09	0.00	0.98	1.68	0.02	0.44	4.77	0.05	-2.98	5.90	0.05	-8.09
233_PUB_HTM	611923	058219VK9	MUNI	IG-2	BALDWIN PARK CA UNIF SCH DIST		3	8/1/2038	300000	 300,000 	 -   	300095.87	280835.37	100.032	93.61179	-19260.5	6/30/2026	Muni	100	Single	RFRSwap	3.66	3.00	7.36	-1.12	0.070	 210 	-0.01	0.20	0.30	0.61	5.08	1.17	0.00	7.6	0.0	-81.0	-43	0.00	0.00	0.00	0.00	0.00	0.00	0.00	2.03	0.02	16.01	2.05	0.02	13.79	3.04	0.03	11.28	7.47	0.07	0.37	8.37	0.07	-6.94	8.73	0.07	-14.18
233_PUB_HTM	612717	05914FB66	MUNI	IG-2	BALTIMORE CNTY MD		3	2/1/2034	2000000	 2,000,000 	 -   	2000000	1978873.8	100	98.94369	-21126.2	6/30/2026	Muni	100	Single	RFRSwap	3.16	3.00	3.02	-2.99	0.030	 606 	0.31	0.26	0.29	1.27	0.99	0.00	0.00	2.9	0.0	-147.7	-80	0.00	0.00	0.00	0.00	0.00	0.00	0.00	0.04	0.00	1.48	0.08	0.00	1.43	0.09	0.00	1.34	2.48	0.02	0.67	5.10	0.05	-3.37	5.90	0.05	-8.62
233_PUB_HTM	611235	05914FQ94	MUNI	IG-2	BALTIMORE CNTY MD		4	3/1/2035	3000000	 3,000,000 	 -   	3072239.87	3038613.3	102.408	101.28711	-33626.57	6/30/2026	Muni	100	Single	RFRSwap	3.82	3.67	2.99	-1.34	0.031	 919 	0.28	0.79	0.27	0.68	0.97	0.00	0.00	2.8	0.0	-137.0	-84	0.00	0.00	0.00	0.00	0.00	0.00	0.00	1.57	0.02	8.82	1.62	0.02	7.08	1.63	0.02	5.30	3.14	0.03	0.90	4.55	0.05	-3.02	5.57	0.05	-7.99
233_PUB_HTM	611847	059189XG0	MUNI	IG-2	BALTIMORE MD		3	10/15/2035	3645000	 3,645,000 	 -   	3651592.78	3483589.56	100.1809	95.57173	-168003.23	6/30/2026	Muni	100	Single	RFRSwap	3.56	2.98	6.28	-0.52	0.060	 2,203 	-0.01	-0.01	0.60	1.52	4.18	0.00	0.00	6.4	0.0	-76.9	-44	0.00	0.00	0.00	0.00	0.00	0.00	0.00	3.08	0.04	19.08	3.21	0.04	15.57	4.08	0.04	11.67	6.43	0.06	0.65	6.99	0.06	-5.67	7.23	0.06	-11.90
233_PUB_HTM	611330	059189XH8	MUNI	IG-2	BALTIMORE MD		3	10/15/2036	1355000	 1,355,000 	 -   	1354504.96	1281139.09	99.9635	94.54901	-73365.87	6/30/2026	Muni	100	Single	RFRSwap	3.64	3.00	6.86	-0.53	0.065	 885 	-0.01	-0.01	0.53	0.84	5.41	0.15	0.00	7.1	0.0	-71.9	-39	0.00	0.00	0.00	0.00	0.00	0.00	0.00	3.08	0.04	19.94	3.23	0.04	16.44	4.29	0.05	12.43	7.00	0.07	0.60	7.61	0.07	-6.19	7.88	0.06	-12.83
233_PUB_HTM	612235	0600956A9	MUNI	IG-2	BANGOR ME		3.75	3/1/2032	300000	 300,000 	 -   	300000	300170.25	100	100.05675	170.25	6/30/2026	Muni	100	Single	RFRSwap	3.74	3.75	0.52	-1.53	0.005	 16 	0.19	0.06	0.06	0.24	0.03	0.00	0.00	0.5	0.0	-156.7	-82	0.00	0.00	0.00	0.00	0.00	0.00	0.00	0.04	0.00	0.44	0.08	0.00	0.39	0.09	0.00	0.30	0.14	0.00	0.12	1.90	0.02	-0.71	3.54	0.03	-3.55
233_PUB_HTM	611622	0600956B7	MUNI	IG-2	BANGOR ME		3.75	3/1/2033	300000	 300,000 	 -   	300000	300154.35	100	100.05145	154.35	6/30/2026	Muni	100	Single	RFRSwap	3.74	3.75	0.59	-1.73	0.006	 18 	0.19	0.06	0.06	0.24	0.09	0.00	0.00	0.5	0.0	-162.2	-76	0.00	0.00	0.00	0.00	0.00	0.00	0.00	0.04	0.00	0.45	0.08	0.00	0.40	0.09	0.00	0.31	0.16	0.00	0.13	2.32	0.02	-0.92	4.11	0.04	-4.24
MTBC_AFS	611091	065437105	Misc_Securities	E-9	BANK OF UTICA	1	0	12/31/2100	255000	 255,000 	 -   	255000	1004999.88	100	394.1176	749999.88	6/30/2026																																														
MTBC_AFS	611094	065437204	Misc_Securities	E-9	BANK OF UTICA	1	0	12/31/2100	1020000	 1,020,000 	 -   	1020000	3810299.76	100	373.5588	2790299.76	6/30/2026																																														
233_PUB_HTM	611707	067032GL0	MUNI	IG-2	BARABOO WI SCH DIST		3.75	4/1/2033	35000	 35,000 	 -   	35000	35009.57	100	100.02734	9.57	6/30/2026	Muni	100	Single	RFRSwap	3.74	3.75	0.65	-2.01	0.007	 2 	0.14	0.04	0.04	0.21	0.07	0.00	0.00	0.4	0.0	-153.4	-47	0.00	0.00	0.00	0.00	0.00	0.00	0.00	0.04	0.00	0.47	0.08	0.00	0.42	0.09	0.00	0.33	0.21	0.00	0.15	2.63	0.03	-1.06	4.32	0.04	-4.61
233_PUB_HTM	611329	067167XM3	MUNI	IG-2	BARBERS HILL TX INDEP SCH DIST		5	2/15/2031	1500000	 1,500,000 	 -   	1565881.04	1556983.95	104.3921	103.79893	-8897.09	6/30/2026	Muni	100	Single	RFRSwap	4.09	3.95	1.76	-0.28	0.019	 279 	0.48	0.92	0.15	0.21	0.00	0.00	0.00	1.8	0.0	-152.3	-145	0.00	0.00	0.00	0.00	0.00	0.00	0.00	1.54	0.02	7.93	1.57	0.02	6.19	1.57	0.02	4.44	1.69	0.02	1.00	2.05	0.02	-0.95	2.56	0.03	-3.33
233_PUB_HTM	611811	067167XN1	MUNI	IG-2	BARBERS HILL TX INDEP SCH DIST		4	2/15/2032	1000000	 1,000,000 	 -   	1025933.82	1015775.3	102.5934	101.57753	-10158.52	6/30/2026	Muni	100	Single	RFRSwap	3.69	3.49	2.31	-0.72	0.024	 238 	0.34	0.82	0.27	0.83	0.10	0.00	0.00	2.2	0.0	-134.5	-105	0.00	0.00	0.00	0.00	0.00	0.00	0.00	1.55	0.02	8.22	1.59	0.02	6.50	1.58	0.02	4.77	2.20	0.02	1.08	3.04	0.03	-1.61	3.70	0.04	-4.99
233_PUB_HTM	612321	067167XP6	MUNI	IG-2	BARBERS HILL TX INDEP SCH DIST		4	2/15/2033	1000000	 1,000,000 	 -   	1025400.24	1013847.4	102.54	101.38474	-11552.84	6/30/2026	Muni	100	Single	RFRSwap	3.76	3.57	2.55	-0.93	0.026	 263 	0.33	0.79	0.26	0.88	0.32	0.00	0.00	2.4	0.0	-132.1	-93	0.00	0.00	0.00	0.00	0.00	0.00	0.00	1.55	0.02	8.37	1.58	0.02	6.65	1.58	0.02	4.92	2.44	0.03	1.10	3.46	0.03	-1.95	4.29	0.04	-5.82
233_PUB_HTM	611838	069338QJ3	MUNI	IG-2	BARTLETT IL		2	12/1/2035	1035000	 1,035,000 	 -   	921457.04	851657.41	89.0297	82.28574	-69799.63	6/30/2026	Muni	100	Single	RFRSwap	4.31	3.37	8.17	0.64	0.067	 697 	-0.02	-0.03	-0.07	0.86	7.43	0.00	0.00	9.0	0.0	28.5	30	0.00	0.00	0.00	0.00	0.00	0.00	0.00	2.28	0.02	23.17	4.22	0.04	20.31	7.13	0.07	14.37	8.17	0.07	0.23	8.16	0.06	-6.25	8.08	0.06	-12.19
233_PUB_HTM	611264	069338QK0	MUNI	IG-2	BARTLETT IL		2	12/1/2036	1055000	 1,055,000 	 -   	926088.17	846949.99	87.7809	80.27962	-79138.18	6/30/2026	Muni	100	Single	RFRSwap	4.38	3.40	8.94	0.78	0.072	 759 	-0.02	-0.03	-0.07	-0.20	8.85	0.40	0.00	10.0	0.0	32.1	34	0.00	0.00	0.00	0.00	0.00	0.00	0.00	2.28	0.02	25.08	4.74	0.05	22.05	7.94	0.08	15.44	8.92	0.07	0.18	8.89	0.07	-6.70	8.80	0.06	-12.95
233_PUB_HTM	612019	069338QL8	MUNI	IG-2	BARTLETT IL		2	12/1/2037	1075000	 1,075,000 	 -   	917263.07	838802.72	85.3268	78.02816	-78460.35	6/30/2026	Muni	100	Single	RFRSwap	4.48	3.58	9.68	0.97	0.076	 814 	-0.02	-0.03	-0.07	-0.24	8.59	1.46	0.00	10.9	0.0	39.0	41	0.00	0.00	0.00	0.00	0.00	0.00	0.00	2.28	0.02	27.15	5.56	0.06	23.79	8.85	0.08	16.33	9.70	0.08	-0.01	9.63	0.07	-7.22	9.50	0.06	-13.69
233_PUB_HTM	611162	069338QM6	MUNI	IG-2	BARTLETT IL		2	12/1/2038	1100000	 1,100,000 	 -   	962199.6	836342.54	87.4727	76.03114	-125857.06	6/30/2026	Muni	100	Single	RFRSwap	4.55	3.23	10.40	1.15	0.079	 872 	-0.02	-0.03	-0.07	-0.26	8.09	2.69	0.00	11.9	0.0	42.5	44	0.00	0.00	0.00	0.00	0.00	0.00	0.00	2.29	0.02	29.06	6.34	0.06	25.35	9.67	0.09	17.11	10.42	0.08	-0.21	10.33	0.07	-7.70	10.17	0.06	-14.37
233_PUB_HTM	612539	069338QN4	MUNI	IG-2	BARTLETT IL		2	12/1/2039	500000	 500,000 	 -   	432238.27	372593.1	86.4477	74.51862	-59645.17	6/30/2026	Muni	100	Single	RFRSwap	4.56	3.25	11.08	1.30	0.083	 414 	-0.02	-0.03	-0.07	-0.26	7.40	4.06	0.00	12.8	0.0	40.2	43	0.00	0.00	0.00	0.00	0.00	0.00	0.00	2.29	0.02	30.63	6.88	0.07	26.67	10.35	0.10	17.86	11.11	0.08	-0.34	10.99	0.07	-8.12	10.80	0.06	-14.99
HTM	613015	07324SCM2	Non-Agency CMBS	N-6	BAYVIEW COMMERCIAL ASSET TRUST	0.041586402	0	11/25/2035	6511000	 270,769 	 33,031.15 	270769.06	386986.99	100	142.92142	116217.93	6/30/2026																																														
HTM	613109	07324SDQ2	Non-Agency CMBS	N-6	BAYVIEW COMMERCIAL ASSET TRUST	0.037488289	0	4/25/2036	3655000	 137,020 	 (42,456.92)	137019.7	419569.88	100	306.21136	282550.18	6/30/2026																																														
HTM	613011	073250BM3	Non-Agency MBS	N-6	BAYVIEW FINANCIAL ACQUISITION	0.094826302	4.76709	2/28/2040	16000000	 1,517,221 	 259,631.13 	1505546.28	1485802.07	99.2305	97.92919	-19744.21	6/30/2026																																														
HTM	612159	073250BR2	Non-Agency MBS	N-6	BAYVIEW FINANCIAL ACQUISITION	0.094828787	0	2/28/2040	26600000	 2,522,446 	 410,701.90 	2522445.73	1696903.98	100	67.27217	-825541.75	6/30/2026																																														
HTM	613338	073250BV3	Non-Agency MBS	N-6	BAYVIEW FINANCIAL REVOLVING MO	0.037261134	0	12/28/2040	40000000	 1,490,445 	 582,848.06 	1490445.36	1654985.01	100	111.03963	164539.65	6/30/2026																																														
HTM	612532	073250BX9	Non-Agency MBS	N-6	BAYVIEW FINANCIAL REVOLVING MO	0.037261134	3.5	12/28/2040	23150000	 862,595 	 333,459.23 	862595.25	4111689.83	100	476.66502	3249094.58	6/30/2026																																														
HTM	612289	073250BY7	Non-Agency MBS	N-6	BAYVIEW FINANCIAL REVOLVING MO	0.037261134	0	12/28/2040	10500000	 391,242 	 162,807.38 	391241.91	2082272.25	100	532.22117	1691030.35	6/30/2026																																														
HTM	613558	07326CAC9	Non-Agency CMO	N-6	BAYVIEW FINANCIAL ASSET TRUST	0.092812979	5.01282	10/25/2037	294731000	 27,354,862 	 5,501,136.34 	25800876.47	26859233.04	94.3192	98.18815	1058356.57	6/30/2026																																														
233_PUB_HTM	611728	073900L59	MUNI	IG-2	BEAUFORT CNTY SC SCH DIST		3	3/1/2037	2500000	 2,500,000 	 -   	2486074.49	2375971.5	99.443	95.03886	-110102.99	6/30/2026	Muni	100	Single	RFRSwap	3.56	3.06	7.05	-0.51	0.068	 1,692 	-0.01	-0.01	0.45	0.96	5.33	0.34	0.00	7.4	0.0	-82.7	-48	0.00	0.00	0.00	0.00	0.00	0.00	0.00	3.49	0.04	21.58	3.60	0.04	17.55	4.65	0.05	13.07	7.22	0.07	0.57	7.81	0.07	-6.45	8.05	0.07	-13.29
233_PUB_HTM	612548	075147CS5	MUNI	IG-2	BEAVER DAM WI UNIF SCH DIST		2.45	4/1/2029	350000	 350,000 	 -   	349562.94	340395.09	99.8751	97.25574	-9167.85	6/30/2026	Muni	100	Single	RFRSwap	3.50	2.50	2.38	-0.25	0.023	 82 	0.08	0.76	1.54	0.00	0.00	0.00	0.00	2.4	0.0	-52.0	-46	0.00	0.00	0.00	0.00	0.00	0.00	0.00	0.04	0.00	3.04	0.08	0.00	2.99	0.09	0.00	2.90	2.23	0.02	1.12	2.51	0.02	-1.24	2.55	0.02	-3.66
233_PUB_HTM	611884	075147CT3	MUNI	IG-2	BEAVER DAM WI UNIF SCH DIST		2.55	4/1/2030	535000	 535,000 	 -   	534182.93	516844.13	99.8473	96.60638	-17338.8	6/30/2026	Muni	100	Single	RFRSwap	3.52	2.59	3.08	-0.41	0.030	 160 	0.06	0.21	1.86	0.96	0.00	0.00	0.00	3.1	0.0	-49.6	-40	0.00	0.00	0.00	0.00	0.00	0.00	0.00	0.04	0.00	3.70	0.08	0.00	3.64	0.09	0.00	3.55	2.91	0.03	1.22	3.33	0.03	-1.86	3.40	0.03	-5.03
233_PUB_HTM	611960	075147CU0	MUNI	IG-2	BEAVER DAM WI UNIF SCH DIST		2.65	4/1/2031	550000	 550,000 	 -   	550000	528144.82	100	96.02633	-21855.19	6/30/2026	Muni	100	Single	RFRSwap	3.57	2.65	3.74	-0.57	0.036	 199 	0.05	0.18	0.76	2.76	0.00	0.00	0.00	3.8	0.0	-46.6	-34	0.00	0.00	0.00	0.00	0.00	0.00	0.00	0.04	0.00	4.28	0.08	0.00	4.23	0.09	0.00	4.14	3.63	0.04	1.17	4.13	0.04	-2.62	4.22	0.04	-6.48
233_PUB_HTM	612623	075147CV8	MUNI	IG-2	BEAVER DAM WI UNIF SCH DIST		2.7	4/1/2032	565000	 565,000 	 -   	564337.46	538083.46	99.8827	95.23601	-26254	6/30/2026	Muni	100	Single	RFRSwap	3.62	2.72	4.44	-0.63	0.043	 241 	0.03	0.14	0.32	3.41	0.55	0.00	0.00	4.5	0.0	-42.4	-29	0.00	0.00	0.00	0.00	0.00	0.00	0.00	0.04	0.00	5.07	0.08	0.00	5.02	0.09	0.00	4.93	4.29	0.04	1.32	4.88	0.05	-3.11	5.01	0.04	-7.61
233_PUB_HTM	611208	07916PCN0	MUNI	IG-2	BELLEVUE KY	1	2.3	2/1/2028	315000	 315,000 	 -   	315000	313864.8	100	99.63962	-1135.2	6/30/2026	Muni	100	Single	RFRSwap	2.63	2.30	0.87	-0.46	0.009	 28 	0.60	0.28	0.00	0.00	0.00	0.00	0.00	0.9	0.0	-148.6	-140	0.00	0.00	0.00	0.00	0.00	0.00	0.00	0.04	0.00	0.73	0.08	0.00	0.68	0.09	0.00	0.59	0.27	0.00	0.41	0.98	0.01	-0.36	1.04	0.01	-1.38
233_PUB_HTM	612048	07916PCP5	MUNI	IG-2	BELLEVUE KY		2.375	2/1/2029	210000	 210,000 	 -   	210000	208545.25	100	99.30726	-1454.75	6/30/2026	Muni	100	Single	RFRSwap	2.65	2.37	1.59	-1.06	0.016	 33 	0.35	0.70	0.59	0.00	0.00	0.00	0.00	1.5	0.0	-161.9	-133	0.00	0.00	0.00	0.00	0.00	0.00	0.00	0.04	0.00	1.08	0.08	0.00	1.03	0.09	0.00	0.94	0.70	0.01	0.69	2.02	0.02	-0.87	2.31	0.02	-3.04
233_PUB_HTM	612715	07916PCQ3	MUNI	IG-2	BELLEVUE KY		2.5	2/1/2030	230000	 230,000 	 -   	230000	228419.74	100	99.31293	-1580.26	6/30/2026	Muni	100	Single	RFRSwap	2.70	2.50	1.84	-1.55	0.019	 43 	0.34	0.29	0.93	0.30	0.00	0.00	0.00	1.7	0.0	-168.4	-123	0.00	0.00	0.00	0.00	0.00	0.00	0.00	0.05	0.00	1.09	0.08	0.00	1.04	0.09	0.00	0.95	0.78	0.01	0.70	2.57	0.03	-1.23	3.05	0.03	-4.02
233_PUB_HTM	611795	07916PCR1	MUNI	IG-2	BELLEVUE KY		2.625	2/1/2031	245000	 245,000 	 -   	245000	240188.4	100	98.03608	-4811.6	6/30/2026	Muni	100	Single	RFRSwap	3.09	2.62	2.97	-1.18	0.029	 72 	0.19	0.30	0.83	1.69	0.00	0.00	0.00	2.8	0.0	-111.5	-83	0.00	0.00	0.00	0.00	0.00	0.00	0.00	0.04	0.00	2.33	0.08	0.00	2.28	0.09	0.00	2.19	2.54	0.03	1.05	3.68	0.04	-2.17	3.98	0.04	-5.85
233_PUB_HTM	611902	081077F20	MUNI	IG-2	BELTON TX INDEP SCH DIST		4	2/15/2031	125000	 125,000 	 -   	125243.17	125152.97	100.1945	100.12238	-90.2	6/30/2026	Muni	100	Single	RFRSwap	3.97	3.95	0.51	-1.02	0.005	 6 	0.20	0.04	0.08	0.17	0.00	0.00	0.00	0.4	0.0	-175.4	-103	0.00	0.00	0.00	0.00	0.00	0.00	0.00	0.07	0.00	0.62	0.12	0.00	0.54	0.14	0.00	0.41	0.16	0.00	0.13	1.43	0.01	-0.48	2.87	0.03	-2.73
233_PUB_HTM	612918	081077F38	MUNI	IG-2	BELTON TX INDEP SCH DIST		4	2/15/2032	110000	 110,000 	 -   	110209.24	110117.71	100.1902	100.10701	-91.53	6/30/2026	Muni	100	Single	RFRSwap	3.98	3.96	0.60	-1.27	0.006	 7 	0.21	0.05	0.06	0.25	0.03	0.00	0.00	0.4	0.0	-178.4	-91	0.00	0.00	0.00	0.00	0.00	0.00	0.00	0.07	0.00	0.64	0.12	0.00	0.56	0.14	0.00	0.42	0.18	0.00	0.15	1.82	0.02	-0.66	3.45	0.03	-3.40
233_PUB_HTM	612440	081077F46	MUNI	IG-2	BELTON TX INDEP SCH DIST		4	2/15/2033	250000	 250,000 	 -   	250464.47	250223.77	100.1858	100.08951	-240.7	6/30/2026	Muni	100	Single	RFRSwap	3.98	3.97	0.70	-1.53	0.007	 18 	0.21	0.06	0.06	0.26	0.10	0.00	0.00	0.6	0.0	-182.2	-77	0.00	0.00	0.00	0.00	0.00	0.00	0.00	0.07	0.00	0.66	0.12	0.00	0.58	0.14	0.00	0.44	0.23	0.00	0.16	2.31	0.02	-0.90	4.05	0.04	-4.19
233_PUB_HTM	611712	081077F53	MUNI	IG-2	BELTON TX INDEP SCH DIST		4	2/15/2034	250000	 250,000 	 -   	250446.89	250155.3	100.1788	100.06212	-291.59	6/30/2026	Muni	100	Single	RFRSwap	3.99	3.97	0.82	-1.80	0.008	 21 	0.22	0.06	0.07	0.25	0.20	0.00	0.00	0.6	0.0	-183.3	-56	0.00	0.00	0.00	0.00	0.00	0.00	0.00	0.07	0.00	0.69	0.12	0.00	0.61	0.14	0.00	0.47	0.36	0.00	0.18	3.05	0.03	-1.40	4.80	0.05	-5.41
233_PUB_HTM	612195	083763WP3	MUNI	IG-2	BERGEN CNTY NJ		2	11/1/2034	2740000	 2,740,000 	 -   	2468356.42	2373372.11	90.086	86.61942	-94984.31	6/30/2026	Muni	100	Single	RFRSwap	3.89	3.37	7.18	0.32	0.062	 1,711 	-0.02	-0.02	-0.01	2.46	4.77	0.00	0.00	7.6	0.0	-12.1	-8	0.00	0.00	0.00	0.00	0.00	0.00	0.00	2.17	0.02	19.69	3.11	0.03	17.22	5.63	0.06	12.67	7.15	0.06	0.23	7.26	0.06	-5.85	7.22	0.05	-11.52
233_PUB_HTM	611391	083763WQ1	MUNI	IG-2	BERGEN CNTY NJ		2	11/1/2035	2125000	 2,125,000 	 -   	1884261.39	1802318.32	88.6711	84.81498	-81943.06	6/30/2026	Muni	100	Single	RFRSwap	3.96	3.43	7.96	0.45	0.068	 1,441 	-0.02	-0.03	-0.03	1.09	6.93	0.00	0.00	8.6	0.0	-8.5	-4	0.00	0.00	0.00	0.00	0.00	0.00	0.00	2.17	0.02	21.40	3.33	0.03	18.89	6.28	0.06	13.88	7.92	0.07	0.29	8.00	0.06	-6.26	7.97	0.06	-12.31
233_PUB_HTM	612420	084113TH2	MUNI	IG-2	BERKELEY CA		3	9/1/2032	810000	 810,000 	 -   	810000	805949.19	100	99.4999	-4050.81	6/30/2026	Muni	100	Single	RFRSwap	3.09	3.00	1.81	-2.63	0.018	 147 	0.31	0.19	0.21	0.96	0.25	0.00	0.00	1.6	0.0	-170.3	-83	0.00	0.00	0.00	0.00	0.00	0.00	0.00	0.05	0.00	0.95	0.08	0.00	0.90	0.09	0.00	0.80	0.86	0.01	0.50	3.45	0.03	-1.76	4.56	0.04	-5.74
233_PUB_HTM	611833	084113TJ8	MUNI	IG-2	BERKELEY CA		3	9/1/2033	445000	 445,000 	 -   	445000	438313.79	100	98.49748	-6686.21	6/30/2026	Muni	100	Single	RFRSwap	3.24	3.00	3.17	-2.54	0.032	 140 	0.25	0.24	0.29	1.52	0.90	0.00	0.00	2.9	0.0	-131.7	-71	0.00	0.00	0.00	0.00	0.00	0.00	0.00	0.04	0.00	1.92	0.08	0.00	1.86	0.09	0.00	1.77	2.56	0.03	0.78	4.88	0.05	-3.12	5.63	0.05	-8.13
233_PUB_HTM	611469	084113TK5	MUNI	IG-2	BERKELEY CA		3	9/1/2034	250000	 250,000 	 -   	250000	244464.9	100	97.78596	-5535.1	6/30/2026	Muni	100	Single	RFRSwap	3.31	3.00	3.98	-2.50	0.039	 98 	0.21	0.25	0.31	1.49	1.81	0.00	0.00	3.7	0.0	-119.1	-66	0.00	0.00	0.00	0.00	0.00	0.00	0.00	0.04	0.00	2.62	0.08	0.00	2.56	0.09	0.00	2.47	3.89	0.04	0.57	5.91	0.06	-4.38	6.49	0.06	-10.10
233_PUB_HTM	612955	084113TL3	MUNI	IG-2	BERKELEY CA		3	9/1/2035	660000	 660,000 	 -   	660000	639438.49	100	96.88462	-20561.51	6/30/2026	Muni	100	Single	RFRSwap	3.40	3.00	4.88	-2.38	0.048	 315 	0.16	0.23	0.31	1.18	3.06	0.00	0.00	4.8	0.0	-106.1	-60	0.00	0.00	0.00	0.00	0.00	0.00	0.00	0.04	0.00	3.51	0.08	0.00	3.45	0.09	0.00	3.36	4.88	0.05	0.61	6.68	0.06	-5.12	7.19	0.06	-11.39
233_PUB_HTM	612854	084113VV8	MUNI	IG-2	BERKELEY CA		3	9/1/2034	460000	 460,000 	 -   	463030.87	455666.94	100.6589	99.05803	-7363.93	6/30/2026	Muni	100	Single	RFRSwap	3.13	2.91	5.07	-0.72	0.051	 233 	-0.01	-0.02	1.12	1.94	2.05	0.00	0.00	5.0	0.0	-135.3	-84	0.00	0.00	0.00	0.00	0.00	0.00	0.00	3.03	0.04	17.22	3.08	0.04	13.72	3.47	0.04	10.12	5.33	0.05	0.79	5.97	0.06	-4.78	6.29	0.06	-10.46
233_PUB_HTM	612452	084113VX4	MUNI	IG-2	BERKELEY CA		3	9/1/2036	495000	 495,000 	 -   	494903.43	484077.68	99.9805	97.79347	-10825.75	6/30/2026	Muni	100	Single	RFRSwap	3.26	3.00	6.03	-0.82	0.060	 295 	-0.01	-0.02	0.92	0.88	4.21	0.07	0.00	6.1	0.0	-131.1	-77	0.00	0.00	0.00	0.00	0.00	0.00	0.00	3.03	0.04	18.41	3.08	0.04	14.91	3.67	0.04	11.24	6.26	0.06	0.75	7.05	0.07	-5.70	7.49	0.06	-12.25
233_PUB_HTM	612498	084113VY2	MUNI	IG-2	BERKELEY CA		3	9/1/2037	460000	 460,000 	 -   	455189.29	440062.91	98.9542	95.66585	-15126.38	6/30/2026	Muni	100	Single	RFRSwap	3.47	3.11	6.87	-0.80	0.066	 306 	-0.01	-0.01	0.66	0.81	4.87	0.57	0.00	7.0	0.0	-102.8	-59	0.00	0.00	0.00	0.00	0.00	0.00	0.00	3.03	0.04	19.51	3.10	0.03	16.05	4.02	0.04	12.24	7.09	0.07	0.56	7.84	0.07	-6.47	8.23	0.07	-13.46
233_PUB_HTM	611570	084113WV7	MUNI	IG-2	BERKELEY CA		3	9/1/2038	770000	 770,000 	 -   	752034.94	726622.44	97.6669	94.36655	-25412.5	6/30/2026	Muni	100	Single	RFRSwap	3.57	3.23	7.54	-0.81	0.072	 554 	-0.01	-0.01	0.53	0.75	5.06	1.24	0.00	7.9	0.0	-92.5	-52	0.00	0.00	0.00	0.00	0.00	0.00	0.00	3.03	0.04	20.43	3.12	0.04	16.98	4.33	0.05	13.04	7.75	0.07	0.36	8.49	0.07	-7.16	8.83	0.07	-14.51
233_PUB_HTM	611925	084113WW5	MUNI	IG-2	BERKELEY CA		3	9/1/2039	650000	 650,000 	 -   	632348.02	606406.77	97.2843	93.29335	-25941.24	6/30/2026	Muni	100	Single	RFRSwap	3.65	3.25	8.14	-0.71	0.077	 499 	-0.01	-0.01	0.47	0.69	5.00	2.01	0.00	8.6	0.0	-86.8	-47	0.00	0.00	0.00	0.00	0.00	0.00	0.00	3.03	0.03	21.31	3.15	0.04	17.86	4.58	0.05	13.78	8.34	0.08	0.23	9.11	0.08	-7.71	9.43	0.07	-15.40
233_PUB_HTM	611979	085797WF1	MUNI	IG-2	BERRYESSA CA UNION SCH DIST		2	8/1/2038	1450000	 1,450,000 	 -   	1244355.72	1144753.68	85.8176	78.94853	-99602.04	6/30/2026	Muni	100	Single	RFRSwap	4.24	3.44	9.99	0.95	0.080	 1,155 	-0.02	-0.03	-0.06	-0.16	8.07	2.18	0.00	11.3	0.0	11.5	15	0.00	0.00	0.00	0.00	0.00	0.00	0.00	2.04	0.02	26.25	4.45	0.05	23.52	8.51	0.08	16.69	9.96	0.08	-0.12	9.94	0.07	-7.68	9.83	0.06	-14.47
233_PUB_HTM	611145	085797WG9	MUNI	IG-2	BERRYESSA CA UNION SCH DIST		2	8/1/2039	1700000	 1,700,000 	 -   	1420328.2	1308099.34	83.5487	76.94702	-112228.86	6/30/2026	Muni	100	Single	RFRSwap	4.33	3.59	10.68	1.12	0.083	 1,412 	-0.01	-0.03	-0.07	-0.20	7.51	3.48	0.00	12.2	0.0	16.3	20	0.00	0.00	0.00	0.00	0.00	0.00	0.00	2.04	0.02	28.14	5.18	0.05	25.15	9.36	0.09	17.52	10.68	0.08	-0.28	10.63	0.07	-8.11	10.48	0.07	-15.09
233_PUB_HTM	611366	085797WH7	MUNI	IG-2	BERRYESSA CA UNION SCH DIST		2	8/1/2040	1850000	 1,850,000 	 -   	1518284.53	1366839.76	82.0694	73.88323	-151444.78	6/30/2026	Muni	100	Single	RFRSwap	4.53	3.64	11.40	1.37	0.085	 1,576 	-0.01	-0.03	-0.07	-0.25	6.78	4.98	0.00	13.3	0.0	34.5	37	0.00	0.00	0.00	0.00	0.00	0.00	0.00	2.05	0.02	30.79	6.61	0.07	27.19	10.56	0.10	18.32	11.41	0.08	-0.40	11.29	0.07	-8.38	11.07	0.07	-15.40
233_PUB_HTM	612148	0876717X5	MUNI	IG-2	BETTENDORF IA		4	6/1/2032	695000	 695,000 	 -   	715071.88	708342.96	102.888	101.91985	-6728.92	6/30/2026	Muni	100	Single	RFRSwap	3.64	3.46	2.66	-0.69	0.027	 189 	0.07	1.18	0.32	0.94	0.17	0.00	0.00	2.5	0.0	-134.9	-106	0.00	0.00	0.00	0.00	0.00	0.00	0.00	1.77	0.02	9.61	1.87	0.02	7.64	1.88	0.02	5.58	2.57	0.03	1.18	3.37	0.03	-1.85	3.98	0.04	-5.48
233_PUB_HTM	612832	0876717Y3	MUNI	IG-2	BETTENDORF IA		4	6/1/2033	725000	 725,000 	 -   	744938.46	737345.52	102.7501	101.70283	-7592.95	6/30/2026	Muni	100	Single	RFRSwap	3.72	3.55	2.90	-0.87	0.030	 215 	0.07	1.12	0.34	0.97	0.45	0.00	0.00	2.8	0.0	-132.5	-94	0.00	0.00	0.00	0.00	0.00	0.00	0.00	1.77	0.02	9.79	1.86	0.02	7.81	1.88	0.02	5.75	2.88	0.03	1.15	3.84	0.04	-2.28	4.60	0.04	-6.43
233_PUB_HTM	611402	0876717Z0	MUNI	IG-2	BETTENDORF IA		4	6/1/2034	755000	 755,000 	 -   	774822.07	766093.44	102.6254	101.46933	-8728.63	6/30/2026	Muni	100	Single	RFRSwap	3.78	3.62	3.16	-1.11	0.032	 243 	0.07	1.06	0.33	0.92	0.81	0.00	0.00	3.0	0.0	-129.8	-82	0.00	0.00	0.00	0.00	0.00	0.00	0.00	1.77	0.02	9.97	1.86	0.02	8.00	1.89	0.02	5.94	3.32	0.03	0.96	4.49	0.04	-2.97	5.30	0.05	-7.73
233_PUB_HTM	612116	0876718A4	MUNI	IG-2	BETTENDORF IA		4	6/1/2035	785000	 785,000 	 -   	805098.25	795150.13	102.5603	101.29301	-9948.12	6/30/2026	Muni	100	Single	RFRSwap	3.83	3.66	3.40	-1.31	0.035	 271 	0.07	1.04	0.32	0.74	1.25	0.00	0.00	3.2	0.0	-129.4	-73	0.00	0.00	0.00	0.00	0.00	0.00	0.00	1.77	0.02	10.15	1.86	0.02	8.18	1.89	0.02	6.12	3.56	0.04	0.94	4.94	0.05	-3.37	5.84	0.05	-8.55
233_PUB_HTM	612412	0876718B2	MUNI	IG-2	BETTENDORF IA		4	6/1/2036	815000	 815,000 	 -   	835836.49	823785.37	102.5566	101.07796	-12051.12	6/30/2026	Muni	100	Single	RFRSwap	3.87	3.69	3.67	-1.47	0.037	 304 	0.07	1.00	0.33	0.48	1.81	0.00	0.00	3.5	0.0	-128.4	-61	0.00	0.00	0.00	0.00	0.00	0.00	0.00	1.77	0.02	10.36	1.86	0.02	8.38	1.90	0.02	6.32	3.85	0.04	0.93	5.39	0.05	-3.72	6.35	0.06	-9.32
233_PUB_HTM	611831	088095T53	MUNI	IG-2	BEVERLY MA		4	10/15/2029	480000	 480,000 	 -   	482498.04	482050.51	100.5204	100.42719	-447.53	6/30/2026	Muni	100	Single	RFRSwap	3.86	3.83	0.63	-0.65	0.006	 31 	0.32	0.06	0.18	0.02	0.00	0.00	0.00	0.5	0.0	-179.4	-138	0.00	0.00	0.00	0.00	0.00	0.00	0.00	0.15	0.00	1.33	0.26	0.00	1.16	0.30	0.00	0.85	0.32	0.00	0.24	0.97	0.01	-0.33	1.87	0.02	-1.75
233_PUB_HTM	611758	088095T61	MUNI	IG-2	BEVERLY MA		3	10/15/2030	1090000	 1,090,000 	 -   	1091729.83	1090065.4	100.1587	100.006	-1664.43	6/30/2026	Muni	100	Single	RFRSwap	3.00	2.96	1.14	-1.29	0.011	 125 	0.35	0.13	0.31	0.34	0.00	0.00	0.00	0.9	0.0	-200.0	-106	0.00	0.00	0.00	0.00	0.00	0.00	0.00	0.15	0.00	1.76	0.27	0.00	1.58	0.30	0.00	1.27	0.81	0.01	0.49	1.80	0.02	-0.82	2.59	0.03	-3.05
233_PUB_HTM	612744	088095T79	MUNI	IG-2	BEVERLY MA		3	10/15/2031	590000	 590,000 	 -   	590801.25	590045.14	100.1358	100.00765	-756.12	6/30/2026	Muni	100	Single	RFRSwap	3.00	2.97	1.25	-1.58	0.013	 74 	0.35	0.12	0.14	0.61	0.03	0.00	0.00	1.0	0.0	-207.8	-106	0.00	0.00	0.00	0.00	0.00	0.00	0.00	0.15	0.00	1.79	0.27	0.00	1.61	0.30	0.00	1.30	0.91	0.01	0.50	2.15	0.02	-1.03	3.13	0.03	-3.67
233_PUB_HTM	612815	088095T87	MUNI	IG-2	BEVERLY MA		3	10/15/2032	1090000	 1,090,000 	 -   	1091103.95	1088773.2	100.1013	99.88745	-2330.75	6/30/2026	Muni	100	Single	RFRSwap	3.02	2.98	1.49	-1.94	0.015	 163 	0.35	0.14	0.15	0.69	0.19	0.00	0.00	1.3	0.0	-204.5	-98	0.00	0.00	0.00	0.00	0.00	0.00	0.00	0.15	0.00	1.92	0.27	0.00	1.75	0.30	0.00	1.44	1.11	0.01	0.56	2.60	0.03	-1.30	3.70	0.04	-4.40
233_PUB_HTM	611201	088095U28	MUNI	IG-2	BEVERLY MA	1	3	10/15/2034	730000	 730,000 	 -   	730458.19	721389.21	100.0628	98.82044	-9068.98	6/30/2026	Muni	100	Single	RFRSwap	3.17	2.99	3.03	-2.68	0.030	 220 	0.30	0.22	0.26	1.20	1.10	0.00	0.00	2.8	0.0	-151.4	-79	0.00	0.00	0.00	0.00	0.00	0.00	0.00	0.15	0.00	2.84	0.27	0.00	2.66	0.30	0.00	2.35	2.42	0.02	0.59	4.21	0.04	-2.74	5.19	0.05	-7.26
233_PUB_HTM	611356	09005PBE9	MUNI	IG-2	BILLERICA MA		3	2/1/2033	2000000	 2,000,000 	 -   	2003472.62	1995414.6	100.1736	99.77073	-8058.02	6/30/2026	Muni	100	Single	RFRSwap	3.04	2.97	2.13	-1.84	0.021	 430 	0.43	0.20	0.21	0.96	0.35	0.00	0.00	1.9	0.0	-186.7	-90	0.00	0.00	0.00	0.00	0.00	0.00	0.00	0.56	0.01	3.78	0.59	0.01	3.19	0.59	0.01	2.58	1.77	0.02	0.76	3.27	0.03	-1.80	4.27	0.04	-5.53
233_PUB_HTM	612686	09088RXW1	MUNI	IG-2	BIRMINGHAM AL		4	12/1/2030	4000000	 4,000,000 	 -   	4000000	4002400.4	100	100.06001	2400.4	6/30/2026	Muni	100	Single	RFRSwap	3.98	4.00	0.32	-1.12	0.003	 127 	0.13	0.03	0.07	0.10	0.00	0.00	0.00	0.3	0.0	-131.3	-58	0.00	0.00	0.00	0.00	0.00	0.00	0.00	0.04	0.00	0.44	0.08	0.00	0.39	0.09	0.00	0.30	0.14	0.00	0.12	1.49	0.01	-0.46	2.79	0.03	-2.66
233_PUB_HTM	611854	092142EF1	MUNI	IG-2	BLACK JACK MO FIRE PROT DIST S	1	3.5	4/15/2032	425000	 425,000 	 -   	425000	425017.55	100	100.00413	17.55	6/30/2026	Muni	100	Single	RFRSwap	3.50	3.50	0.66	-1.86	0.007	 28 	0.16	0.04	0.05	0.26	0.01	0.00	0.00	0.3	0.0	-159.1	-56	0.00	0.00	0.00	0.00	0.00	0.00	0.00	0.04	0.00	0.48	0.08	0.00	0.42	0.09	0.00	0.33	0.19	0.00	0.15	2.20	0.02	-0.87	3.59	0.03	-3.84
233_PUB_HTM	611815	094491SM0	MUNI	IG-2	BLOOMINGTON IL		3.75	6/1/2033	930000	 930,000 	 -   	930000	930003.81	100	100.00041	3.81	6/30/2026	Muni	100	Single	RFRSwap	3.75	3.75	0.74	-2.15	0.007	 69 	0.13	0.04	0.04	0.22	0.08	0.00	0.00	0.4	0.0	-154.1	-30	0.00	0.00	0.00	0.00	0.00	0.00	0.00	0.04	0.00	0.50	0.08	0.00	0.44	0.09	0.00	0.35	0.28	0.00	0.15	2.83	0.03	-1.21	4.43	0.04	-4.83
233_PUB_HTM	611340	094491SN8	MUNI	IG-2	BLOOMINGTON IL		3.75	6/1/2034	1050000	 1,050,000 	 -   	1050000	1047088.77	100	99.72274	-2911.23	6/30/2026	Muni	100	Single	RFRSwap	3.79	3.75	1.58	-3.15	0.016	 166 	0.28	0.13	0.14	0.56	0.53	0.00	0.00	1.4	0.0	-129.1	-17	0.00	0.00	0.00	0.00	0.00	0.00	0.00	0.04	0.00	0.75	0.08	0.00	0.70	0.09	0.00	0.61	0.90	0.01	0.30	4.11	0.04	-2.35	5.49	0.05	-7.05
233_PUB_HTM	611423	095167TC6	MUNI	IG-2	BLOUNT CNTY TN		5	6/1/2030	820000	 820,000 	 -   	820000	820940.29	100	100.11467	940.29	6/30/2026	Muni	100	Single	RFRSwap	4.97	5.00	0.12	-0.25	0.001	 10 	0.08	0.01	0.02	0.01	0.00	0.00	0.00	0.1	0.0	-85.5	-86	0.00	0.00	0.00	0.00	0.00	0.00	0.00	0.03	0.00	0.25	0.05	0.00	0.22	0.06	0.00	0.16	0.06	0.00	0.04	0.30	0.00	-0.10	1.92	0.02	-1.27
233_PUB_HTM	612296	095167TD4	MUNI	IG-2	BLOUNT CNTY TN		5	6/1/2032	3130000	 3,130,000 	 -   	3130000	3133363.5	100	100.10746	3363.5	6/30/2026	Muni	100	Single	RFRSwap	4.98	5.00	0.15	-0.34	0.002	 47 	0.09	0.02	0.02	0.05	0.01	0.00	0.00	0.2	0.0	-85.9	-73	0.00	0.00	0.00	0.00	0.00	0.00	0.00	0.03	0.00	0.26	0.05	0.00	0.23	0.06	0.00	0.17	0.06	0.00	0.04	0.84	0.01	-0.16	2.88	0.03	-2.20
233_PUB_HTM	611563	097437RS8	MUNI	IG-2	BOISE CITY ID INDEP SCH DIST		5	8/1/2032	1000000	 1,000,000 	 -   	1015588.85	1013708.4	101.5589	101.37084	-1880.45	6/30/2026	Muni	100	Single	RFRSwap	4.74	4.70	0.93	-0.67	0.010	 96 	0.55	0.04	0.04	0.19	0.04	0.00	0.00	0.8	0.0	-159.3	-137	0.00	0.00	0.00	0.00	0.00	0.00	0.00	0.55	0.01	2.86	0.58	0.01	2.27	0.59	0.01	1.65	0.63	0.01	0.43	1.30	0.01	-0.48	2.43	0.02	-2.36
233_PUB_HTM	612479	097437RT6	MUNI	IG-2	BOISE CITY ID INDEP SCH DIST		5	8/1/2033	625000	 625,000 	 -   	634685.66	633257.06	101.5497	101.32113	-1428.6	6/30/2026	Muni	100	Single	RFRSwap	4.78	4.74	1.03	-0.87	0.011	 66 	0.55	0.06	0.06	0.23	0.11	0.00	0.00	0.8	0.0	-155.2	-128	0.00	0.00	0.00	0.00	0.00	0.00	0.00	0.55	0.01	2.87	0.58	0.01	2.29	0.59	0.01	1.67	0.68	0.01	0.44	1.53	0.02	-0.64	3.02	0.03	-2.96
233_PUB_HTM	611160	100853SR2	MUNI	IG-2	BOSTON MA		3	3/1/2031	3920000	 3,920,000 	 -   	3920000	3919994.51	100	99.99986	-5.49	6/30/2026	Muni	100	Single	RFRSwap	3.00	3.00	0.64	-1.52	0.006	 253 	0.20	0.08	0.13	0.25	0.00	0.00	0.00	0.6	0.0	-212.8	-105	0.00	0.00	0.00	0.00	0.00	0.00	0.00	0.05	0.00	0.48	0.08	0.00	0.43	0.09	0.00	0.34	0.16	0.00	0.16	1.86	0.02	-0.73	3.19	0.03	-3.34
233_PUB_HTM	612114	101295FV0	MUNI	IG-2	BOTHELL WA		3	12/1/2032	285000	 285,000 	 -   	287315.75	284478.51	100.8125	99.81702	-2837.24	6/30/2026	Muni	100	Single	RFRSwap	3.03	2.86	4.50	-0.33	0.045	 128 	-0.01	-0.02	1.14	2.63	0.75	0.00	0.00	4.5	0.0	-130.1	-90	0.00	0.00	0.00	0.00	0.00	0.00	0.00	3.23	0.04	17.35	3.31	0.04	13.62	3.48	0.04	9.85	4.54	0.05	1.41	4.93	0.05	-3.30	5.15	0.05	-8.07
233_PUB_HTM	612790	101295FX6	MUNI	IG-2	BOTHELL WA		3	12/1/2034	1365000	 1,365,000 	 -   	1374478.45	1349374.44	100.6944	98.85527	-25104.02	6/30/2026	Muni	100	Single	RFRSwap	3.16	2.91	5.38	-0.61	0.053	 727 	-0.01	-0.02	0.97	2.05	2.41	0.00	0.00	5.3	0.0	-130.9	-82	0.00	0.00	0.00	0.00	0.00	0.00	0.00	3.23	0.04	18.46	3.33	0.04	14.72	3.83	0.04	10.79	5.69	0.06	0.77	6.23	0.06	-5.04	6.57	0.06	-10.89
233_PUB_HTM	612606	101295FY4	MUNI	IG-2	BOTHELL WA		3	12/1/2035	1405000	 1,405,000 	 -   	1409739.25	1360497.61	100.3373	96.83257	-49241.64	6/30/2026	Muni	100	Single	RFRSwap	3.40	2.96	6.16	-0.66	0.060	 840 	-0.01	-0.02	0.70	1.46	4.00	0.00	0.00	6.2	0.0	-101.7	-61	0.00	0.00	0.00	0.00	0.00	0.00	0.00	3.23	0.04	19.37	3.34	0.04	15.67	4.07	0.04	11.65	6.38	0.06	0.70	6.97	0.06	-5.62	7.25	0.06	-11.92
233_PUB_HTM	611876	101295FZ1	MUNI	IG-2	BOTHELL WA		3	12/1/2036	1445000	 1,445,000 	 -   	1437778.46	1379964.74	99.5002	95.49929	-57813.72	6/30/2026	Muni	100	Single	RFRSwap	3.52	3.06	6.81	-0.55	0.065	 942 	-0.01	-0.01	0.57	0.89	5.14	0.20	0.00	6.9	0.0	-89.6	-51	0.00	0.00	0.00	0.00	0.00	0.00	0.00	3.22	0.04	20.25	3.36	0.04	16.56	4.32	0.05	12.44	6.97	0.07	0.62	7.62	0.07	-6.20	7.91	0.07	-12.90
233_PUB_HTM	611638	102637UA1	MUNI	IG-2	BOWLING GREEN KY		3.25	6/1/2029	930000	 930,000 	 -   	930000	940796.28	100	101.16089	10796.28	6/30/2026	Muni	100	Single	RFRSwap	2.83	3.25	1.63	-0.72	0.017	 154 	0.35	0.64	0.64	0.00	0.00	0.00	0.00	1.4	0.0	-167.9	-140	0.00	0.00	0.00	0.00	0.00	0.00	0.00	0.05	0.00	1.32	0.08	0.00	1.26	0.09	0.00	1.17	0.92	0.01	0.77	2.02	0.02	-0.88	2.35	0.02	-3.06
233_PUB_HTM	612706	102637UB9	MUNI	IG-2	BOWLING GREEN KY		3.25	6/1/2030	1070000	 1,070,000 	 -   	1070000	1081428.46	100	101.06808	11428.46	6/30/2026	Muni	100	Single	RFRSwap	2.96	3.25	1.87	-1.01	0.019	 202 	0.35	0.53	0.64	0.35	0.00	0.00	0.00	1.6	0.0	-173.3	-135	0.00	0.00	0.00	0.00	0.00	0.00	0.00	0.05	0.00	1.42	0.08	0.00	1.36	0.09	0.00	1.27	1.14	0.01	0.80	2.43	0.02	-1.18	2.92	0.03	-3.86
233_PUB_HTM	611364	102637UY9	MUNI	IG-2	BOWLING GREEN KY		2	9/1/2037	630000	 630,000 	 -   	539042.11	502876.33	85.5622	79.82164	-36165.78	6/30/2026	Muni	100	Single	RFRSwap	4.29	3.58	9.41	0.88	0.076	 477 	-0.02	-0.03	-0.07	-0.17	8.54	1.16	0.00	10.6	0.0	20.5	23	0.00	0.00	0.00	0.00	0.00	0.00	0.00	4.04	0.04	29.65	6.58	0.07	24.30	8.68	0.08	16.40	9.44	0.08	0.04	9.40	0.07	-7.20	9.28	0.06	-13.73
233_PUB_HTM	612456	1050252R0	MUNI	IG-2	BRAINTREE MA		4	6/1/2031	925000	 925,000 	 -   	955232.02	949366.72	103.2683	102.63424	-5865.3	6/30/2026	Muni	100	Single	RFRSwap	3.41	3.27	2.33	-0.48	0.024	 222 	0.09	1.32	0.29	0.66	0.00	0.00	0.00	2.3	0.0	-160.6	-144	0.00	0.00	0.00	0.00	0.00	0.00	0.00	1.78	0.02	9.43	1.87	0.02	7.44	1.88	0.02	5.38	2.31	0.02	1.14	2.85	0.03	-1.51	3.36	0.03	-4.62
233_PUB_HTM	611256	1050252S8	MUNI	IG-2	BRAINTREE MA		4	6/1/2032	945000	 945,000 	 -   	975524.82	968743.03	103.2301	102.51249	-6781.79	6/30/2026	Muni	100	Single	RFRSwap	3.53	3.39	2.52	-0.64	0.026	 244 	0.09	1.29	0.26	0.77	0.14	0.00	0.00	2.4	0.0	-160.4	-138	0.00	0.00	0.00	0.00	0.00	0.00	0.00	1.78	0.02	9.56	1.87	0.02	7.57	1.88	0.02	5.50	2.46	0.03	1.17	3.19	0.03	-1.71	3.85	0.04	-5.22
233_PUB_HTM	611431	1050252T6	MUNI	IG-2	BRAINTREE MA		4	6/1/2033	955000	 955,000 	 -   	984522.61	977820.11	103.0914	102.38954	-6702.5	6/30/2026	Muni	100	Single	RFRSwap	3.61	3.49	2.71	-0.80	0.028	 266 	0.09	1.23	0.28	0.79	0.34	0.00	0.00	2.5	0.0	-160.1	-131	0.00	0.00	0.00	0.00	0.00	0.00	0.00	1.78	0.02	9.68	1.87	0.02	7.69	1.88	0.02	5.62	2.69	0.03	1.13	3.64	0.04	-2.10	4.40	0.04	-6.09
233_PUB_HTM	612031	1050252U3	MUNI	IG-2	BRAINTREE MA		4	6/1/2034	920000	 920,000 	 -   	947284.51	940695.68	102.9657	102.24953	-6588.83	6/30/2026	Muni	100	Single	RFRSwap	3.67	3.57	2.91	-0.97	0.030	 275 	0.07	1.18	0.29	0.75	0.65	0.00	0.00	2.7	0.0	-159.3	-124	0.00	0.00	0.00	0.00	0.00	0.00	0.00	1.78	0.02	9.81	1.87	0.02	7.83	1.89	0.02	5.76	3.05	0.03	1.00	4.16	0.04	-2.70	5.07	0.05	-7.25
233_PUB_HTM	612057	105385YJ1	MUNI	IG-2	BRANFORD CT		2.5	10/15/2037	2500000	 2,500,000 	 -   	2289261.15	2167045.25	91.5704	86.68181	-122215.9	6/30/2026	Muni	100	Single	RFRSwap	3.98	3.41	8.93	0.27	0.078	 1,947 	-0.01	-0.01	0.01	0.15	7.67	1.10	0.00	10.0	0.0	-15.3	-9	0.00	0.00	0.00	0.00	0.00	0.00	0.00	0.04	0.00	13.59	0.08	0.00	13.53	1.19	0.01	13.40	9.12	0.08	0.10	9.26	0.07	-7.59	9.17	0.07	-14.60
233_PUB_HTM	612603	105385YK8	MUNI	IG-2	BRANFORD CT		2.5	10/15/2038	1000000	 1,000,000 	 -   	915094.02	852171.3	91.5094	85.21713	-62922.72	6/30/2026	Muni	100	Single	RFRSwap	4.04	3.35	9.62	0.50	0.083	 825 	-0.01	-0.02	-0.01	0.10	7.40	2.16	0.00	11.0	0.0	-12.1	-6	0.00	0.00	0.00	0.00	0.00	0.00	0.00	0.04	0.00	15.05	0.08	0.00	15.00	2.00	0.02	14.80	9.84	0.08	-0.10	9.93	0.08	-8.19	9.81	0.07	-15.48
233_PUB_HTM	612562	105385YL6	MUNI	IG-2	BRANFORD CT		2.625	10/15/2039	1500000	 1,500,000 	 -   	1373808.38	1275699.75	91.5872	85.04665	-98108.63	6/30/2026	Muni	100	Single	RFRSwap	4.09	3.42	10.07	0.48	0.086	 1,293 	-0.01	-0.01	0.01	0.14	6.75	3.20	0.00	11.7	0.0	-11.0	-3	0.00	0.00	0.00	0.00	0.00	0.00	0.00	0.04	0.00	15.23	0.08	0.00	15.18	1.72	0.02	15.00	10.31	0.09	-0.22	10.44	0.08	-8.66	10.31	0.07	-16.25
233_PUB_HTM	611343	106241F23	MUNI	IG-2	BRAZOSPORT TX INDEP SCH DIST		3	2/15/2037	4985000	 4,985,000 	 -   	5027232.47	4768599.16	100.8472	95.65896	-258633.31	6/30/2026	Muni	100	Single	RFRSwap	3.49	2.91	6.44	-0.99	0.062	 3,108 	-0.01	0.14	0.57	0.71	4.77	0.28	0.00	6.5	0.0	-98.7	-55	0.00	0.00	0.00	0.00	0.00	0.00	0.00	2.53	0.03	16.87	2.57	0.03	14.03	3.30	0.04	10.97	6.59	0.06	0.63	7.43	0.07	-6.02	7.85	0.07	-12.73
233_PUB_HTM	612813	111746DH3	MUNI	IG-2	BROCKTON MA	1	3.75	8/15/2032	310000	 310,000 	 -   	310000	310072.97	100	100.02354	72.97	6/30/2026	Muni	100	Single	RFRSwap	3.74	3.75	0.56	-1.63	0.006	 18 	0.17	0.06	0.09	0.20	0.02	0.00	0.00	0.4	0.0	-140.3	-49	0.00	0.00	0.00	0.00	0.00	0.00	0.00	0.04	0.00	0.46	0.08	0.00	0.41	0.09	0.00	0.32	0.13	0.00	0.14	1.92	0.02	-0.73	3.39	0.03	-3.49
233_PUB_HTM	612802	111746DK6	MUNI	IG-2	BROCKTON MA	1	4	8/15/2034	690000	 690,000 	 -   	690000	690343.21	100	100.04974	343.21	6/30/2026	Muni	100	Single	RFRSwap	3.99	4.00	0.59	-1.99	0.006	 41 	0.17	0.05	0.05	0.19	0.14	0.00	0.00	0.5	0.0	-139.7	-50	0.00	0.00	0.00	0.00	0.00	0.00	0.00	0.04	0.00	0.46	0.08	0.00	0.41	0.09	0.00	0.31	0.22	0.00	0.13	2.93	0.03	-1.26	4.78	0.05	-5.20
233_PUB_HTM	612619	113152E57	MUNI	IG-2	BROOKHAVEN NY		2	9/15/2032	4095000	 4,095,000 	 -   	3955714.56	3718377.53	96.5986	90.80287	-237337.03	6/30/2026	Muni	100	Single	RFRSwap	3.67	2.60	5.40	0.05	0.049	 2,022 	-0.02	0.00	0.08	4.09	1.25	0.00	0.00	5.6	0.0	-30.2	-25	0.00	0.00	0.00	0.00	0.00	0.00	0.00	1.12	0.01	12.80	1.22	0.01	11.63	2.86	0.03	9.74	5.14	0.05	1.34	5.36	0.05	-3.42	5.42	0.05	-8.04
233_PUB_HTM	611240	113709RN1	MUNI	IG-2	BROOKLAND CAYCE SC SCH DIST #2		3	3/1/2032	2000000	 2,000,000 	 -   	2000000	1975395	100	98.76975	-24605	6/30/2026	Muni	100	Single	RFRSwap	3.24	3.00	2.60	-2.10	0.026	 519 	0.27	0.25	0.32	1.61	0.22	0.00	0.00	2.4	0.0	-124.7	-68	0.00	0.00	0.00	0.00	0.00	0.00	0.00	0.04	0.00	1.64	0.08	0.00	1.59	0.09	0.00	1.50	1.76	0.02	0.84	3.82	0.04	-2.13	4.51	0.04	-6.19
233_PUB_HTM	611673	1137452E2	MUNI	IG-2	BROOKLINE MA		4	3/1/2031	350000	 350,000 	 -   	350000	350391.79	100	100.11194	391.79	6/30/2026	Muni	100	Single	RFRSwap	3.97	4.00	0.28	-0.92	0.003	 10 	0.12	0.02	0.03	0.06	0.00	0.00	0.00	0.2	0.0	-147.1	-122	0.00	0.00	0.00	0.00	0.00	0.00	0.00	0.04	0.00	0.40	0.08	0.00	0.35	0.09	0.00	0.26	0.09	0.00	0.08	1.20	0.01	-0.40	2.76	0.03	-2.48
233_PUB_HTM	612450	1137452F9	MUNI	IG-2	BROOKLINE MA		3	3/1/2032	435000	 435,000 	 -   	435000	434997.82	100	99.9995	-2.17	6/30/2026	Muni	100	Single	RFRSwap	3.00	3.00	0.70	-1.78	0.007	 31 	0.20	0.07	0.08	0.33	0.05	0.00	0.00	0.6	0.0	-220.7	-105	0.00	0.00	0.00	0.00	0.00	0.00	0.00	0.05	0.00	0.49	0.08	0.00	0.44	0.09	0.00	0.35	0.17	0.00	0.17	2.20	0.02	-0.88	3.74	0.04	-3.93
233_PUB_HTM	611968	1137452G7	MUNI	IG-2	BROOKLINE MA		3	3/1/2033	450000	 450,000 	 -   	450000	449999.6	100	99.99991	-0.4	6/30/2026	Muni	100	Single	RFRSwap	3.00	3.00	0.76	-2.03	0.008	 35 	0.20	0.07	0.07	0.31	0.12	0.00	0.00	0.7	0.0	-228.4	-105	0.00	0.00	0.00	0.00	0.00	0.00	0.00	0.05	0.00	0.50	0.08	0.00	0.45	0.09	0.00	0.36	0.20	0.00	0.17	2.64	0.03	-1.10	4.34	0.04	-4.65
233_PUB_HTM	611624	1137452H5	MUNI	IG-2	BROOKLINE MA		3	3/1/2034	460000	 460,000 	 -   	460000	459496.02	100	99.89044	-503.98	6/30/2026	Muni	100	Single	RFRSwap	3.02	3.00	1.14	-2.77	0.011	 53 	0.23	0.09	0.10	0.41	0.33	0.00	0.00	1.0	0.0	-219.2	-98	0.00	0.00	0.00	0.00	0.00	0.00	0.00	0.05	0.00	0.60	0.08	0.00	0.55	0.09	0.00	0.46	0.57	0.01	0.23	3.68	0.04	-1.91	5.28	0.05	-6.38
233_PUB_HTM	612306	1137456P3	MUNI	IG-2	BROOKLINE MA		2.375	3/15/2038	3305000	 3,305,000 	 -   	2936778.81	2868632.59	88.8587	86.79675	-68146.22	6/30/2026	Muni	100	Single	RFRSwap	3.78	3.55	8.93	0.17	0.078	 2,583 	-0.02	-0.01	0.08	0.27	7.20	1.41	0.00	9.6	0.0	-43.5	-30	0.00	0.00	0.00	0.00	0.00	0.00	0.00	2.58	0.03	22.59	3.16	0.03	19.70	5.97	0.06	14.99	8.90	0.08	0.12	9.20	0.07	-7.49	9.27	0.07	-14.56
233_PUB_HTM	612817	119535MM1	MUNI	IG-2	BUFFALO GROVE IL		2.75	12/30/2030	750000	 750,000 	 -   	750000	730539.9	100	97.40532	-19460.1	6/30/2026	Muni	100	Single	RFRSwap	3.38	2.75	3.15	-0.94	0.031	 230 	0.15	0.26	0.98	1.81	0.00	0.00	0.00	3.0	0.0	-77.1	-54	0.00	0.00	0.00	0.00	0.00	0.00	0.00	0.04	0.00	2.93	0.08	0.00	2.88	0.09	0.00	2.79	2.86	0.03	1.09	3.74	0.04	-2.20	3.97	0.04	-5.83
233_PUB_HTM	612065	121457KV6	MUNI	IG-2	BURLINGAME CA ELEM SCH DIST		3	8/1/2036	175000	 175,000 	 -   	174985.7	171284.8	99.9918	97.87703	-3700.9	6/30/2026	Muni	100	Single	RFRSwap	3.25	3.00	5.91	-0.85	0.059	 103 	-0.01	-0.02	0.96	0.84	4.14	0.03	0.00	6.0	0.0	-132.7	-78	0.00	0.00	0.00	0.00	0.00	0.00	0.00	2.99	0.04	18.02	3.01	0.03	14.58	3.56	0.04	11.01	6.15	0.06	0.77	6.96	0.07	-5.61	7.38	0.06	-12.10
233_PUB_HTM	612190	121457KW4	MUNI	IG-2	BURLINGAME CA ELEM SCH DIST		3	8/1/2037	150000	 150,000 	 -   	148441.3	143820.28	98.9609	95.88019	-4621.02	6/30/2026	Muni	100	Single	RFRSwap	3.45	3.11	6.73	-0.86	0.065	 98 	-0.01	-0.01	0.72	0.78	4.77	0.51	0.00	6.9	0.0	-106.2	-60	0.00	0.00	0.00	0.00	0.00	0.00	0.00	2.99	0.03	19.08	3.02	0.03	15.67	3.87	0.04	11.99	6.93	0.07	0.58	7.70	0.07	-6.37	8.12	0.07	-13.30
233_PUB_HTM	612360	121457KX2	MUNI	IG-2	BURLINGAME CA ELEM SCH DIST		3	8/1/2038	150000	 150,000 	 -   	146519.29	141882.97	97.6795	94.58865	-4636.31	6/30/2026	Muni	100	Single	RFRSwap	3.55	3.23	7.41	-0.83	0.071	 106 	-0.01	-0.01	0.58	0.73	4.97	1.17	0.00	7.8	0.0	-95.6	-53	0.00	0.00	0.00	0.00	0.00	0.00	0.00	2.98	0.03	20.00	3.04	0.03	16.60	4.17	0.05	12.78	7.59	0.07	0.40	8.39	0.07	-7.06	8.73	0.07	-14.37
233_PUB_HTM	612291	121457KY0	MUNI	IG-2	BURLINGAME CA ELEM SCH DIST		3	8/1/2039	150000	 150,000 	 -   	145946.97	139709.13	97.298	93.13942	-6237.84	6/30/2026	Muni	100	Single	RFRSwap	3.66	3.26	8.10	-0.66	0.076	 115 	-0.01	-0.01	0.47	0.67	5.02	1.97	0.00	8.7	0.0	-83.6	-45	0.00	0.00	0.00	0.00	0.00	0.00	0.00	2.98	0.03	21.03	3.07	0.03	17.64	4.50	0.05	13.66	8.27	0.08	0.23	9.04	0.08	-7.66	9.36	0.07	-15.31
233_PUB_HTM	612140	121457KZ7	MUNI	IG-2	BURLINGAME CA ELEM SCH DIST		3	8/1/2040	100000	 100,000 	 -   	96899.12	90350.22	96.8991	90.35022	-6548.9	6/30/2026	Muni	100	Single	RFRSwap	3.90	3.28	9.04	-0.41	0.083	 83 	-0.01	-0.01	0.28	0.56	5.16	3.07	0.00	9.8	0.0	-54.8	-25	0.00	0.00	0.00	0.00	0.00	0.00	0.00	2.98	0.03	22.76	3.16	0.04	19.40	5.26	0.06	15.03	9.20	0.08	0.02	9.80	0.08	-8.33	10.00	0.08	-16.20
233_PUB_HTM	612470	128019XH4	MUNI	IG-2	CAJON VLY CA UNION SCH DIST		3	8/1/2032	2000000	 2,000,000 	 -   	2001049.86	2000441	100.0525	100.02205	-608.86	6/30/2026	Muni	100	Single	RFRSwap	2.71	2.36	0.09	0.00	0.001	 18 	0.09	0.00	0.00	0.00	0.00	0.00	0.00	0.1	0.0	-116.9	-117	0.00	0.00	0.00	0.00	0.00	0.00	0.00	0.04	0.00	0.38	0.08	0.00	0.33	0.09	0.00	0.24	0.09	0.00	0.06	0.09	0.00	-0.03	0.09	0.00	-0.12
233_PUB_HTM	611594	128199CX2	MUNI	IG-2	CALAVERAS CNTY CA		4	8/1/2031	735000	 735,000 	 -   	735000	735429.17	100	100.05839	429.17	6/30/2026	Muni	100	Single	RFRSwap	3.99	4.00	0.67	-2.51	0.007	 50 	0.27	0.11	0.12	0.35	0.01	0.00	0.00	0.9	0.0	-95.0	-61	0.00	0.00	0.00	0.00	0.00	0.00	0.00	0.04	0.00	0.41	0.08	0.00	0.36	0.09	0.00	0.27	0.09	0.00	0.09	2.42	0.02	-1.01	3.58	0.03	-4.10
233_PUB_HTM	612980	128199CY0	MUNI	IG-2	CALAVERAS CNTY CA		4	8/1/2032	1550000	 1,550,000 	 -   	1550000	1550772.68	100	100.04985	772.68	6/30/2026	Muni	100	Single	RFRSwap	3.99	4.00	0.78	-2.84	0.008	 123 	0.30	0.12	0.12	0.37	0.10	0.00	0.00	0.9	0.0	-101.4	-51	0.00	0.00	0.00	0.00	0.00	0.00	0.00	0.04	0.00	0.42	0.08	0.00	0.37	0.09	0.00	0.28	0.09	0.00	0.10	2.77	0.03	-1.20	4.12	0.04	-4.73
233_PUB_HTM	611210	129451PX2	MUNI	IG-2	CALEDONIA WI		2.65	5/1/2027	305000	 305,000 	 -   	305000	304170.06	100	99.72789	-829.94	6/30/2026	Muni	100	Single	RFRSwap	2.98	2.65	0.66	-0.40	0.007	 20 	0.66	0.00	0.00	0.00	0.00	0.00	0.00	0.6	0.0	-108.6	-103	0.00	0.00	0.00	0.00	0.00	0.00	0.00	0.04	0.00	0.63	0.08	0.00	0.58	0.09	0.00	0.49	0.22	0.00	0.29	0.75	0.01	-0.25	0.81	0.01	-1.04
233_PUB_HTM	612359	129451PY0	MUNI	IG-2	CALEDONIA WI		2.75	5/1/2028	315000	 315,000 	 -   	315000	313153.53	100	99.41382	-1846.47	6/30/2026	Muni	100	Single	RFRSwap	3.08	2.75	1.21	-0.79	0.012	 38 	0.46	0.77	0.00	0.00	0.00	0.00	0.00	1.2	0.0	-114.8	-95	0.00	0.00	0.00	0.00	0.00	0.00	0.00	0.04	0.00	0.96	0.08	0.00	0.91	0.09	0.00	0.82	0.53	0.01	0.56	1.48	0.01	-0.56	1.68	0.02	-2.15
233_PUB_HTM	611796	129451PZ7	MUNI	IG-2	CALEDONIA WI		2.85	5/1/2029	325000	 325,000 	 -   	325000	321170.98	100	98.82184	-3829.02	6/30/2026	Muni	100	Single	RFRSwap	3.29	2.85	1.90	-0.91	0.019	 61 	0.27	0.55	1.10	0.00	0.00	0.00	0.00	1.8	0.0	-91.9	-67	0.00	0.00	0.00	0.00	0.00	0.00	0.00	0.04	0.00	1.54	0.08	0.00	1.49	0.09	0.00	1.40	1.29	0.01	0.84	2.29	0.02	-1.06	2.53	0.02	-3.43
233_PUB_HTM	611149	129451QA1	MUNI	IG-2	CALEDONIA WI		2.9	5/1/2030	335000	 335,000 	 -   	335000	329922.37	100	98.48429	-5077.63	6/30/2026	Muni	100	Single	RFRSwap	3.32	2.90	2.40	-1.17	0.024	 80 	0.25	0.32	1.23	0.67	0.00	0.00	0.00	2.3	0.0	-91.2	-60	0.00	0.00	0.00	0.00	0.00	0.00	0.00	0.04	0.00	1.88	0.08	0.00	1.83	0.09	0.00	1.74	1.79	0.02	0.94	3.01	0.03	-1.57	3.33	0.03	-4.64
233_PUB_HTM	611534	13063CA26	MUNI	IG-2	CALIFORNIA ST		4	9/1/2031	2445000	 2,445,000 	 -   	2451351.2	2448462.12	100.2598	100.1416	-2889.08	6/30/2026	Muni	100	Single	RFRSwap	3.97	3.94	0.63	-1.18	0.006	 157 	0.23	0.06	0.07	0.27	0.01	0.00	0.00	0.5	0.0	-165.9	-75	0.00	0.00	0.00	0.00	0.00	0.00	0.00	0.09	0.00	0.84	0.16	0.00	0.74	0.18	0.00	0.56	0.26	0.00	0.20	1.83	0.02	-0.69	3.30	0.03	-3.35
233_PUB_HTM	612137	13063CD80	MUNI	IG-2	CALIFORNIA ST		4	9/1/2033	1165000	 1,165,000 	 -   	1167901.06	1166293.85	100.249	100.11106	-1607.21	6/30/2026	Muni	100	Single	RFRSwap	3.98	3.96	0.87	-1.63	0.009	 103 	0.22	0.05	0.06	0.25	0.14	0.00	0.00	0.6	0.0	-174.3	-57	0.00	0.00	0.00	0.00	0.00	0.00	0.00	0.09	0.00	0.88	0.16	0.00	0.78	0.18	0.00	0.60	0.40	0.00	0.23	2.81	0.03	-1.23	4.51	0.04	-4.96
233_PUB_HTM	611276	13063CX54	MUNI	IG-2	CALIFORNIA ST		4	9/1/2032	5000000	 5,000,000 	 -   	5012508.89	5006116	100.2502	100.12232	-6392.89	6/30/2026	Muni	100	Single	RFRSwap	3.98	3.95	0.76	-1.42	0.008	 387 	0.22	0.06	0.06	0.27	0.07	0.00	0.00	0.5	0.0	-170.1	-64	0.00	0.00	0.00	0.00	0.00	0.00	0.00	0.09	0.00	0.86	0.16	0.00	0.76	0.18	0.00	0.58	0.30	0.00	0.22	2.20	0.02	-0.88	3.84	0.04	-4.00
233_PUB_HTM	611997	13063CX62	MUNI	IG-2	CALIFORNIA ST		4	9/1/2033	5000000	 5,000,000 	 -   	5012450.87	5005553	100.249	100.11106	-6897.87	6/30/2026	Muni	100	Single	RFRSwap	3.98	3.96	0.87	-1.63	0.009	 442 	0.22	0.05	0.06	0.25	0.14	0.00	0.00	0.6	0.0	-174.3	-57	0.00	0.00	0.00	0.00	0.00	0.00	0.00	0.09	0.00	0.88	0.16	0.00	0.78	0.18	0.00	0.60	0.40	0.00	0.23	2.81	0.03	-1.23	4.51	0.04	-4.96
233_PUB_HTM	611395	13063CX70	MUNI	IG-2	CALIFORNIA ST		4	9/1/2034	5750000	 5,750,000 	 -   	5763755.54	5755660.3	100.2392	100.09844	-8095.24	6/30/2026	Muni	100	Single	RFRSwap	3.99	3.96	0.98	-1.89	0.010	 572 	0.22	0.05	0.06	0.21	0.23	0.00	0.00	0.6	0.0	-177.1	-50	0.00	0.00	0.00	0.00	0.00	0.00	0.00	0.09	0.00	0.90	0.16	0.00	0.80	0.18	0.00	0.62	0.55	0.01	0.21	3.42	0.03	-1.70	5.20	0.05	-6.08
233_PUB_HTM	612627	13063CZ52	MUNI	IG-2	CALIFORNIA ST		4	9/1/2031	500000	 500,000 	 -   	501298.82	500708	100.2598	100.1416	-590.82	6/30/2026	Muni	100	Single	RFRSwap	3.97	3.94	0.63	-1.18	0.006	 32 	0.23	0.06	0.07	0.27	0.01	0.00	0.00	0.5	0.0	-165.9	-75	0.00	0.00	0.00	0.00	0.00	0.00	0.00	0.09	0.00	0.84	0.16	0.00	0.74	0.18	0.00	0.56	0.26	0.00	0.20	1.83	0.02	-0.69	3.30	0.03	-3.35
233_PUB_HTM	612845	13063DAW8	MUNI	IG-2	CALIFORNIA ST		4	11/1/2032	2975000	 2,975,000 	 -   	3031447.78	3018571.55	101.8974	101.46459	-12876.23	6/30/2026	Muni	100	Single	RFRSwap	3.74	3.66	2.12	-0.93	0.022	 643 	0.58	0.49	0.19	0.68	0.19	0.00	0.00	1.9	0.0	-153.8	-118	0.00	0.00	0.00	0.00	0.00	0.00	0.00	1.17	0.01	6.73	1.29	0.01	5.45	1.32	0.01	4.03	1.95	0.02	0.97	2.99	0.03	-1.53	3.92	0.04	-4.98
233_PUB_HTM	611451	13063DBY3	MUNI	IG-2	CALIFORNIA ST		4	11/1/2031	4195000	 4,195,000 	 -   	4277773.4	4260008.24	101.9731	101.54966	-17765.16	6/30/2026	Muni	100	Single	RFRSwap	3.68	3.59	1.95	-0.74	0.020	 834 	0.59	0.50	0.19	0.65	0.04	0.00	0.00	1.8	0.0	-153.0	-125	0.00	0.00	0.00	0.00	0.00	0.00	0.00	1.17	0.01	6.64	1.29	0.01	5.35	1.32	0.01	3.93	1.80	0.02	0.95	2.62	0.03	-1.30	3.39	0.03	-4.32
233_PUB_HTM	611374	13063DCA4	MUNI	IG-2	CALIFORNIA ST		4	11/1/2032	9725000	 9,725,000 	 -   	9909522.58	9867431.38	101.8974	101.46459	-42091.21	6/30/2026	Muni	100	Single	RFRSwap	3.74	3.66	2.12	-0.93	0.022	 2,103 	0.58	0.49	0.19	0.68	0.19	0.00	0.00	1.9	0.0	-153.8	-118	0.00	0.00	0.00	0.00	0.00	0.00	0.00	1.17	0.01	6.73	1.29	0.01	5.45	1.32	0.01	4.03	1.95	0.02	0.97	2.99	0.03	-1.53	3.92	0.04	-4.98
233_PUB_HTM	611598	13063DCC0	MUNI	IG-2	CALIFORNIA ST		4	11/1/2033	8000000	 8,000,000 	 -   	8146722.27	8104720.8	101.834	101.30901	-42001.47	6/30/2026	Muni	100	Single	RFRSwap	3.79	3.71	2.33	-1.11	0.024	 1,902 	0.55	0.48	0.19	0.68	0.41	0.00	0.00	2.1	0.0	-151.2	-106	0.00	0.00	0.00	0.00	0.00	0.00	0.00	1.17	0.01	6.85	1.29	0.01	5.57	1.32	0.01	4.15	2.25	0.02	0.91	3.56	0.04	-2.04	4.61	0.04	-6.08
233_PUB_HTM	611236	13063DCD8	MUNI	IG-2	CALIFORNIA ST		4	11/1/2034	5000000	 5,000,000 	 -   	5090498.07	5057268.5	101.81	101.14537	-33229.57	6/30/2026	Muni	100	Single	RFRSwap	3.84	3.74	2.57	-1.34	0.026	 1,306 	0.52	0.49	0.22	0.63	0.74	0.00	0.00	2.4	0.0	-148.4	-94	0.00	0.00	0.00	0.00	0.00	0.00	0.00	1.17	0.01	6.98	1.29	0.01	5.69	1.32	0.01	4.27	2.61	0.03	0.81	4.18	0.04	-2.61	5.26	0.05	-7.23
233_PUB_HTM	612242	1322858H3	MUNI	IG-2	CAMBRIDGE MA		2	2/15/2040	580000	 580,000 	 -   	478336.79	439888.82	82.4719	75.8429	-38447.97	6/30/2026	Muni	100	Single	RFRSwap	4.37	3.64	11.09	1.25	0.085	 493 	-0.02	-0.03	-0.08	-0.22	7.17	4.27	0.00	12.8	0.0	20.0	23	0.00	0.00	0.00	0.00	0.00	0.00	0.00	4.60	0.05	34.51	8.16	0.09	27.93	10.43	0.10	18.40	11.17	0.09	-0.36	11.05	0.08	-8.39	10.86	0.07	-15.47
233_PUB_HTM	612962	1322858J9	MUNI	IG-2	CAMBRIDGE MA		2	2/15/2041	580000	 580,000 	 -   	469156.4	431590.41	80.889	74.41214	-37565.99	6/30/2026	Muni	100	Single	RFRSwap	4.39	3.70	11.74	1.42	0.088	 512 	-0.02	-0.03	-0.07	-0.23	6.32	5.78	0.00	13.7	0.0	18.5	22	0.00	0.00	0.00	0.00	0.00	0.00	0.00	4.63	0.05	36.01	8.60	0.09	29.19	11.08	0.10	19.14	11.82	0.09	-0.47	11.67	0.08	-8.76	11.45	0.07	-16.01
233_PUB_HTM	611769	134159XJ6	MUNI	IG-2	CAMPBELL CA UNION HIGH SCH DIS		4	8/1/2030	2455000	 2,455,000 	 -   	2479393.69	2477325.28	100.9936	100.90938	-2068.41	6/30/2026	Muni	100	Single	RFRSwap	2.43	2.28	0.58	0.01	0.006	 146 	0.58	0.00	0.00	0.00	0.00	0.00	0.00	0.6	0.0	-156.8	-157	0.00	0.00	0.00	0.00	0.00	0.00	0.00	0.55	0.01	2.81	0.58	0.01	2.22	0.59	0.01	1.60	0.58	0.01	0.39	0.58	0.01	-0.21	0.58	0.01	-0.80
233_PUB_HTM	612910	134159XK3	MUNI	IG-2	CAMPBELL CA UNION HIGH SCH DIS		4	8/1/2031	720000	 720,000 	 -   	726833.58	726547.54	100.9491	100.90938	-286.04	6/30/2026	Muni	100	Single	RFRSwap	2.43	2.36	0.58	0.01	0.006	 43 	0.58	0.00	0.00	0.00	0.00	0.00	0.00	0.6	0.0	-156.8	-157	0.00	0.00	0.00	0.00	0.00	0.00	0.00	0.55	0.01	2.81	0.58	0.01	2.22	0.59	0.01	1.60	0.58	0.01	0.39	0.58	0.01	-0.21	0.58	0.01	-0.80
233_PUB_HTM	611898	139015PP0	MUNI	IG-2	CANYON TX INDEP SCH DIST		5	2/15/2028	1000000	 1,000,000 	 -   	1017907.52	1015214.8	101.7908	101.52148	-2692.72	6/30/2026	Muni	100	Single	RFRSwap	4.02	3.85	0.67	-0.09	0.007	 70 	0.63	0.05	0.00	0.00	0.00	0.00	0.00	0.7	0.0	-148.8	-145	0.00	0.00	0.00	0.00	0.00	0.00	0.00	0.57	0.01	2.98	0.61	0.01	2.37	0.62	0.01	1.71	0.62	0.01	0.42	0.66	0.01	-0.23	0.85	0.01	-0.99
233_PUB_HTM	611492	139015PQ8	MUNI	IG-2	CANYON TX INDEP SCH DIST		5	2/15/2029	1000000	 1,000,000 	 -   	1017532.28	1014635	101.7532	101.4635	-2897.28	6/30/2026	Muni	100	Single	RFRSwap	4.40	4.28	0.73	-0.17	0.008	 75 	0.60	0.07	0.06	0.00	0.00	0.00	0.00	0.7	0.0	-143.5	-136	0.00	0.00	0.00	0.00	0.00	0.00	0.00	0.57	0.01	2.98	0.61	0.01	2.38	0.62	0.01	1.72	0.62	0.01	0.42	0.75	0.01	-0.27	1.19	0.01	-1.25
233_PUB_HTM	611446	139342BJ7	MUNI	IG-2	CAPE COD MA REGL TECH HIGH SCH		4	11/15/2031	1250000	 1,250,000 	 -   	1276554.64	1273222.87	102.1244	101.85783	-3331.76	6/30/2026	Muni	100	Single	RFRSwap	3.62	3.56	1.90	-0.67	0.019	 243 	0.59	0.55	0.17	0.56	0.04	0.00	0.00	1.8	0.0	-165.8	-144	0.00	0.00	0.00	0.00	0.00	0.00	0.00	1.26	0.01	6.81	1.34	0.01	5.44	1.36	0.01	3.97	1.76	0.02	0.96	2.57	0.03	-1.24	3.33	0.03	-4.20
233_PUB_HTM	612590	139342BK4	MUNI	IG-2	CAPE COD MA REGL TECH HIGH SCH		4	11/15/2032	1250000	 1,250,000 	 -   	1276182.68	1272124.5	102.0946	101.76996	-4058.18	6/30/2026	Muni	100	Single	RFRSwap	3.69	3.63	2.05	-0.90	0.021	 262 	0.58	0.54	0.17	0.59	0.17	0.00	0.00	1.9	0.0	-165.4	-137	0.00	0.00	0.00	0.00	0.00	0.00	0.00	1.26	0.01	6.90	1.34	0.01	5.52	1.36	0.01	4.05	1.90	0.02	0.98	2.90	0.03	-1.46	3.86	0.04	-4.84
233_PUB_HTM	612789	139342BL2	MUNI	IG-2	CAPE COD MA REGL TECH HIGH SCH		4	11/15/2033	1250000	 1,250,000 	 -   	1275857.41	1270955.88	102.0686	101.67647	-4901.53	6/30/2026	Muni	100	Single	RFRSwap	3.74	3.68	2.21	-1.08	0.023	 282 	0.57	0.53	0.18	0.58	0.36	0.00	0.00	2.0	0.0	-165.0	-131	0.00	0.00	0.00	0.00	0.00	0.00	0.00	1.26	0.01	6.99	1.34	0.01	5.61	1.36	0.01	4.14	2.17	0.02	0.91	3.45	0.03	-1.91	4.54	0.04	-5.88
233_PUB_HTM	612722	139342BM0	MUNI	IG-2	CAPE COD MA REGL TECH HIGH SCH		4	11/15/2034	1250000	 1,250,000 	 -   	1275599.71	1269687.5	102.048	101.575	-5912.21	6/30/2026	Muni	100	Single	RFRSwap	3.78	3.71	2.39	-1.26	0.024	 305 	0.56	0.52	0.18	0.51	0.61	0.00	0.00	2.2	0.0	-164.4	-123	0.00	0.00	0.00	0.00	0.00	0.00	0.00	1.26	0.01	7.08	1.34	0.01	5.71	1.36	0.01	4.24	2.44	0.03	0.84	3.98	0.04	-2.41	5.13	0.05	-6.91
233_PUB_HTM	611489	142665EW4	MUNI	IG-2	CARLSBAD CA UNIF SCH DIST		4	5/1/2032	530000	 530,000 	 -   	537418.35	535240.59	101.3997	100.98879	-2177.76	6/30/2026	Muni	100	Single	RFRSwap	3.81	3.73	1.54	-0.95	0.016	 83 	0.66	0.13	0.13	0.52	0.08	0.00	0.00	1.3	0.0	-163.5	-121	0.00	0.00	0.00	0.00	0.00	0.00	0.00	0.67	0.01	4.16	0.80	0.01	3.43	0.83	0.01	2.55	1.23	0.01	0.70	2.35	0.02	-1.08	3.46	0.03	-4.00
233_PUB_HTM	611609	142665EX2	MUNI	IG-2	CARLSBAD CA UNIF SCH DIST		4	5/1/2033	605000	 605,000 	 -   	613330.18	610507.25	101.3769	100.91029	-2822.92	6/30/2026	Muni	100	Single	RFRSwap	3.85	3.77	1.72	-1.19	0.017	 106 	0.64	0.15	0.14	0.55	0.23	0.00	0.00	1.4	0.0	-163.0	-112	0.00	0.00	0.00	0.00	0.00	0.00	0.00	0.67	0.01	4.23	0.80	0.01	3.50	0.83	0.01	2.62	1.41	0.01	0.70	2.82	0.03	-1.39	4.09	0.04	-4.85
233_PUB_HTM	611810	142665EY0	MUNI	IG-2	CARLSBAD CA UNIF SCH DIST		4	5/1/2034	525000	 525,000 	 -   	532151.56	529460.82	101.3622	100.84968	-2690.74	6/30/2026	Muni	100	Single	RFRSwap	3.87	3.80	1.87	-1.38	0.019	 100 	0.62	0.17	0.16	0.52	0.45	0.00	0.00	1.7	0.0	-164.1	-105	0.00	0.00	0.00	0.00	0.00	0.00	0.00	0.67	0.01	4.30	0.80	0.01	3.56	0.83	0.01	2.69	1.69	0.02	0.64	3.45	0.03	-1.93	4.78	0.05	-6.00
233_PUB_HTM	611604	144420DQ6	MUNI	IG-2	CARRBORO NC		3	2/1/2031	250000	 250,000 	 -   	250000	249994.57	100	99.99783	-5.43	6/30/2026	Muni	100	Single	RFRSwap	3.00	3.00	0.83	-2.46	0.008	 21 	0.32	0.13	0.22	0.39	0.00	0.00	0.00	0.9	0.0	-185.7	-105	0.00	0.00	0.00	0.00	0.00	0.00	0.00	0.05	0.00	0.46	0.08	0.00	0.41	0.09	0.00	0.32	0.09	0.00	0.14	2.37	0.02	-1.01	3.42	0.03	-3.97
233_PUB_HTM	611827	145814RF8	MUNI	IG-2	CARSON CITY NV SCH DIST		5	6/1/2029	920000	 920,000 	 -   	942686.52	939939.62	102.4659	102.16735	-2746.9	6/30/2026	Muni	100	Single	RFRSwap	4.20	4.09	1.04	-0.21	0.011	 98 	0.82	0.10	0.14	0.00	0.00	0.00	0.00	1.0	0.0	-149.2	-143	0.00	0.00	0.00	0.00	0.00	0.00	0.00	0.79	0.01	4.35	0.89	0.01	3.50	0.92	0.01	2.52	0.93	0.01	0.63	1.12	0.01	-0.41	1.51	0.02	-1.75
233_PUB_HTM	611956	145814RG6	MUNI	IG-2	CARSON CITY NV SCH DIST		5	6/1/2030	960000	 960,000 	 -   	983391.78	980718.62	102.4366	102.15819	-2673.16	6/30/2026	Muni	100	Single	RFRSwap	4.39	4.32	1.11	-0.28	0.011	 110 	0.81	0.09	0.14	0.08	0.00	0.00	0.00	1.1	0.0	-151.8	-142	0.00	0.00	0.00	0.00	0.00	0.00	0.00	0.79	0.01	4.37	0.89	0.01	3.51	0.92	0.01	2.54	0.96	0.01	0.63	1.30	0.01	-0.49	1.90	0.02	-2.09
233_PUB_HTM	611518	145814RJ0	MUNI	IG-2	CARSON CITY NV SCH DIST		4	6/1/2032	1035000	 1,035,000 	 -   	1048283.69	1043382.05	101.2834	100.80986	-4901.64	6/30/2026	Muni	100	Single	RFRSwap	3.85	3.76	1.76	-1.07	0.018	 184 	0.65	0.18	0.17	0.66	0.12	0.00	0.00	1.5	0.0	-141.4	-93	0.00	0.00	0.00	0.00	0.00	0.00	0.00	0.79	0.01	4.71	0.89	0.01	3.86	0.92	0.01	2.90	1.48	0.02	0.80	2.67	0.03	-1.28	3.69	0.04	-4.45
233_PUB_HTM	611258	145814RK7	MUNI	IG-2	CARSON CITY NV SCH DIST		4	6/1/2033	1080000	 1,080,000 	 -   	1093689.24	1087486.99	101.2675	100.69324	-6202.25	6/30/2026	Muni	100	Single	RFRSwap	3.88	3.79	1.96	-1.30	0.020	 214 	0.63	0.18	0.17	0.67	0.31	0.00	0.00	1.7	0.0	-140.5	-80	0.00	0.00	0.00	0.00	0.00	0.00	0.00	0.79	0.01	4.82	0.89	0.01	3.97	0.92	0.01	3.00	1.72	0.02	0.79	3.17	0.03	-1.67	4.34	0.04	-5.39
233_PUB_HTM	611584	147069DS4	MUNI	IG-2	CASA GRANDE AZ		3	8/1/2030	690000	 690,000 	 -   	690249.84	689979.99	100.0362	99.9971	-269.85	6/30/2026	Muni	100	Single	RFRSwap	3.00	2.99	0.58	-1.45	0.006	 41 	0.14	0.04	0.12	0.09	0.00	0.00	0.00	0.3	0.0	-209.2	-105	0.00	0.00	0.00	0.00	0.00	0.00	0.00	0.05	0.00	0.54	0.08	0.00	0.49	0.09	0.00	0.40	0.28	0.00	0.17	1.40	0.01	-0.55	2.37	0.02	-2.47
233_PUB_HTM	612587	148685MM9	MUNI	IG-2	CASTRO VLY CA UNIF SCH DIST		5	8/1/2030	175000	 175,000 	 -   	175433.29	175360.47	100.2476	100.20598	-72.82	6/30/2026	Muni	100	Single	RFRSwap	4.94	4.93	0.24	-0.33	0.002	 4 	0.13	0.02	0.06	0.05	0.00	0.00	0.00	0.2	0.0	-165.3	-133	0.00	0.00	0.00	0.00	0.00	0.00	0.00	0.04	0.00	0.38	0.08	0.00	0.33	0.09	0.00	0.24	0.09	0.00	0.06	0.29	0.00	-0.08	1.49	0.02	-0.89
233_PUB_HTM	612005	148685MN7	MUNI	IG-2	CASTRO VLY CA UNIF SCH DIST		5	8/1/2031	225000	 225,000 	 -   	225544.92	225451.96	100.2422	100.20087	-92.97	6/30/2026	Muni	100	Single	RFRSwap	4.95	4.94	0.27	-0.40	0.003	 6 	0.13	0.02	0.03	0.11	0.00	0.00	0.00	0.2	0.0	-170.9	-127	0.00	0.00	0.00	0.00	0.00	0.00	0.00	0.04	0.00	0.38	0.08	0.00	0.33	0.09	0.00	0.24	0.09	0.00	0.06	0.38	0.00	-0.13	2.06	0.02	-1.40
233_PUB_HTM	611685	148685PX2	MUNI	IG-2	CASTRO VLY CA UNIF SCH DIST		4	8/1/2038	935000	 935,000 	 -   	991091.7	962041.51	105.9991	102.89214	-29050.19	6/30/2026	Muni	100	Single	RFRSwap	3.70	3.39	6.69	-0.48	0.070	 654 	0.00	0.00	0.00	2.44	3.51	0.73	0.00	7.4	0.0	-106.9	-54	0.00	0.00	0.00	0.00	0.00	0.00	0.00	4.74	0.06	26.25	4.74	0.06	20.22	5.14	0.06	14.28	7.03	0.07	0.67	7.70	0.08	-6.81	8.05	0.07	-14.23
233_PUB_HTM	612092	150667GR8	MUNI	IG-2	CEDARBURG WI SCH DIST		4	3/1/2033	1010000	 1,010,000 	 -   	1020585.01	1015787	101.048	100.57297	-4798.01	6/30/2026	Muni	100	Single	RFRSwap	3.90	3.82	1.57	-1.32	0.016	 161 	0.54	0.14	0.14	0.54	0.21	0.00	0.00	1.4	0.0	-147.7	-85	0.00	0.00	0.00	0.00	0.00	0.00	0.00	0.59	0.01	3.50	0.65	0.01	2.87	0.67	0.01	2.17	1.21	0.01	0.64	2.76	0.03	-1.36	4.09	0.04	-4.81
233_PUB_HTM	611296	150667GS6	MUNI	IG-2	CEDARBURG WI SCH DIST		4	3/1/2034	2180000	 2,180,000 	 -   	2202443.13	2190262.57	101.0295	100.47076	-12180.57	6/30/2026	Muni	100	Single	RFRSwap	3.93	3.84	1.78	-1.55	0.018	 395 	0.53	0.14	0.14	0.51	0.40	0.00	0.00	1.5	0.0	-145.7	-69	0.00	0.00	0.00	0.00	0.00	0.00	0.00	0.59	0.01	3.59	0.65	0.01	2.96	0.67	0.01	2.26	1.54	0.02	0.58	3.47	0.03	-1.92	4.87	0.05	-6.09
233_PUB_HTM	611541	150667GT4	MUNI	IG-2	CEDARBURG WI SCH DIST		4	3/1/2035	1810000	 1,810,000 	 -   	1828414.99	1818462.84	101.0174	100.46756	-9952.15	6/30/2026	Muni	100	Single	RFRSwap	3.94	3.86	1.90	-1.76	0.019	 350 	0.52	0.14	0.14	0.41	0.62	0.00	0.00	1.6	0.0	-150.9	-69	0.00	0.00	0.00	0.00	0.00	0.00	0.00	0.59	0.01	3.63	0.65	0.01	3.01	0.67	0.01	2.31	1.71	0.02	0.56	3.89	0.04	-2.27	5.41	0.05	-6.89
233_PUB_HTM	612976	152236MC6	MUNI	IG-2	CENTERVILLE OH	1	4.2	12/1/2032	315000	 315,000 	 -   	315000	315120.68	100	100.03831	120.68	6/30/2026	Muni	100	Single	RFRSwap	4.19	4.20	0.43	-1.35	0.004	 14 	0.13	0.04	0.07	0.12	0.01	0.00	0.00	0.3	0.0	-97.2	-12	0.00	0.00	0.00	0.00	0.00	0.00	0.00	0.04	0.00	0.45	0.08	0.00	0.40	0.09	0.00	0.31	0.16	0.00	0.13	1.76	0.02	-0.60	3.13	0.03	-3.12
233_PUB_HTM	611433	159195ZM1	MUNI	IG-2	CHANNELVIEW TX INDEP SCH DIST		2	8/15/2041	2000000	 2,000,000 	 -   	1609232.93	1476008.4	80.4616	73.80042	-133224.53	6/30/2026	Muni	100	Single	RFRSwap	4.39	3.70	12.03	1.49	0.090	 1,794 	-0.01	-0.03	-0.07	-0.23	5.82	6.57	0.00	14.1	0.0	16.7	21	0.00	0.00	0.00	0.00	0.00	0.00	0.00	4.12	0.05	35.76	8.42	0.09	29.44	11.26	0.11	19.40	12.11	0.09	-0.52	11.96	0.08	-8.92	11.73	0.07	-16.26
233_PUB_HTM	611549	160069XV7	MUNI	IG-2	CHARLESTON CNTY SC		3	11/1/2028	1030000	 1,030,000 	 -   	1030000	1029987.43	100	99.99878	-12.57	6/30/2026	Muni	100	Single	RFRSwap	3.00	3.00	0.47	-1.06	0.005	 48 	0.17	0.16	0.04	0.00	0.00	0.00	0.00	0.3	0.0	-180.1	-106	0.00	0.00	0.00	0.00	0.00	0.00	0.00	0.05	0.00	0.46	0.08	0.00	0.40	0.09	0.00	0.31	0.14	0.00	0.13	1.07	0.01	-0.33	1.81	0.02	-1.84
233_PUB_HTM	611392	160069XW5	MUNI	IG-2	CHARLESTON CNTY SC		3	11/1/2029	1060000	 1,060,000 	 -   	1060000	1059987.07	100	99.99878	-12.93	6/30/2026	Muni	100	Single	RFRSwap	3.00	3.00	0.54	-1.33	0.005	 58 	0.16	0.05	0.20	0.02	0.00	0.00	0.00	0.3	0.0	-194.1	-106	0.00	0.00	0.00	0.00	0.00	0.00	0.00	0.05	0.00	0.47	0.08	0.00	0.42	0.09	0.00	0.33	0.16	0.00	0.15	1.42	0.01	-0.50	2.44	0.02	-2.51
233_PUB_HTM	611837	160069ZJ2	MUNI	IG-2	CHARLESTON CNTY SC		3	11/1/2031	1940000	 1,940,000 	 -   	1955007.15	1930729.52	100.7736	99.52214	-24277.63	6/30/2026	Muni	100	Single	RFRSwap	3.10	2.84	2.74	-0.99	0.027	 531 	0.36	0.45	0.33	1.52	0.09	0.00	0.00	2.5	0.0	-148.2	-82	0.00	0.00	0.00	0.00	0.00	0.00	0.00	1.18	0.01	7.54	1.30	0.01	6.25	1.34	0.01	4.84	2.65	0.03	1.08	3.44	0.03	-1.97	3.96	0.04	-5.57
233_PUB_HTM	611702	164321HJ3	MUNI	IG-2	CHEROKEE CNTY SC SCH DIST #1		4	3/1/2030	1000000	 1,000,000 	 -   	1000000	1000900.8	100	100.09008	900.8	6/30/2026	Muni	100	Single	RFRSwap	2.84	3.95	0.08	0.00	0.001	 8 	0.08	0.00	0.00	0.00	0.00	0.00	0.00	0.1	0.0	-103.5	-104	0.00	0.00	0.00	0.00	0.00	0.00	0.00	0.04	0.00	0.35	0.07	0.00	0.31	0.08	0.00	0.22	0.08	0.00	0.05	0.08	0.00	-0.03	0.08	0.00	-0.12
233_PUB_HTM	612122	166042BM2	MUNI	IG-2	CHESTER TWP NJ BRD OF EDU		3	3/1/2031	600000	 600,000 	 -   	600000	600054.42	100	100.00907	54.42	6/30/2026	Muni	100	Single	RFRSwap	3.00	3.00	0.62	-1.49	0.006	 37 	0.20	0.07	0.12	0.25	0.00	0.00	0.00	0.6	0.0	-214.5	-106	0.00	0.00	0.00	0.00	0.00	0.00	0.00	0.05	0.00	0.48	0.08	0.00	0.43	0.09	0.00	0.33	0.15	0.00	0.15	1.83	0.02	-0.71	3.18	0.03	-3.31
233_PUB_HTM	611301	166042BN0	MUNI	IG-2	CHESTER TWP NJ BRD OF EDU		3	3/1/2032	700000	 700,000 	 -   	700000	700032.55	100	100.00465	32.55	6/30/2026	Muni	100	Single	RFRSwap	3.00	3.00	0.69	-1.76	0.007	 49 	0.20	0.07	0.08	0.32	0.04	0.00	0.00	0.6	0.0	-221.6	-106	0.00	0.00	0.00	0.00	0.00	0.00	0.00	0.05	0.00	0.49	0.08	0.00	0.44	0.09	0.00	0.35	0.16	0.00	0.16	2.18	0.02	-0.87	3.73	0.04	-3.91
233_PUB_HTM	612601	166042BP5	MUNI	IG-2	CHESTER TWP NJ BRD OF EDU		3	3/1/2033	700000	 700,000 	 -   	700000	700001.19	100	100.00017	1.19	6/30/2026	Muni	100	Single	RFRSwap	3.00	3.00	0.76	-2.02	0.008	 54 	0.20	0.07	0.07	0.31	0.12	0.00	0.00	0.7	0.0	-228.4	-105	0.00	0.00	0.00	0.00	0.00	0.00	0.00	0.05	0.00	0.50	0.08	0.00	0.45	0.09	0.00	0.36	0.20	0.00	0.17	2.64	0.03	-1.10	4.34	0.04	-4.65
233_PUB_HTM	611397	1685922A0	MUNI	IG-2	CHICOPEE MA		3	8/15/2034	635000	 635,000 	 -   	635097.17	613769.03	100.0153	96.65654	-21328.14	6/30/2026	Muni	100	Single	RFRSwap	3.48	3.00	4.72	-1.84	0.046	 293 	0.13	0.23	0.34	1.85	2.23	0.00	0.00	4.7	0.0	-87.6	-49	0.00	0.00	0.00	0.00	0.00	0.00	0.00	0.07	0.00	3.95	0.11	0.00	3.87	0.13	0.00	3.74	4.19	0.04	0.60	5.49	0.05	-4.14	6.03	0.05	-9.42
233_PUB_HTM	611988	168592Z97	MUNI	IG-2	CHICOPEE MA		3	8/15/2033	825000	 825,000 	 -   	825241.87	800486.2	100.0293	97.02863	-24755.67	6/30/2026	Muni	100	Single	RFRSwap	3.47	3.00	4.20	-1.65	0.041	 340 	0.15	0.24	0.34	2.20	1.31	0.00	0.00	4.1	0.0	-84.8	-47	0.00	0.00	0.00	0.00	0.00	0.00	0.00	0.07	0.00	3.56	0.11	0.00	3.49	0.13	0.00	3.36	3.49	0.03	0.91	4.80	0.05	-3.24	5.34	0.05	-7.97
233_PUB_HTM	611787	172217E72	MUNI	IG-2	CINCINNATI OH		4	12/1/2032	1460000	 1,460,000 	 -   	1520040.73	1492927.23	104.1124	102.25529	-27113.49	6/30/2026	Muni	100	Single	RFRSwap	3.60	3.28	3.22	-0.62	0.033	 483 	0.00	0.80	0.94	1.16	0.35	0.00	0.00	3.2	0.0	-126.1	-97	0.00	0.00	0.00	0.00	0.00	0.00	0.00	2.25	0.03	12.10	2.34	0.03	9.54	2.36	0.03	6.92	3.20	0.03	1.29	3.92	0.04	-2.35	4.45	0.04	-6.47
233_PUB_HTM	611463	172217E98	MUNI	IG-2	CINCINNATI OH		4	12/1/2034	1330000	 1,330,000 	 -   	1383483.75	1353765.5	104.0213	101.78688	-29718.25	6/30/2026	Muni	100	Single	RFRSwap	3.75	3.45	3.75	-1.02	0.038	 510 	0.00	0.72	0.88	0.99	1.18	0.00	0.00	3.6	0.0	-123.9	-77	0.00	0.00	0.00	0.00	0.00	0.00	0.00	2.25	0.03	12.53	2.34	0.03	9.97	2.39	0.03	7.35	3.97	0.04	0.98	5.04	0.05	-3.59	5.74	0.05	-8.78
233_PUB_HTM	612914	178890LM9	MUNI	IG-2	CLACKAMAS CNTY OR		3	6/1/2030	2000000	 2,000,000 	 -   	2000000	1999955.6	100	99.99778	-44.4	6/30/2026	Muni	100	Single	RFRSwap	3.00	3.00	0.40	-1.29	0.004	 80 	0.10	0.03	0.09	0.06	0.00	0.00	0.00	0.2	0.0	-213.8	-105	0.00	0.00	0.00	0.00	0.00	0.00	0.00	0.03	0.00	0.33	0.05	0.00	0.30	0.06	0.00	0.23	0.13	0.00	0.11	1.53	0.02	-0.48	2.67	0.03	-2.65
233_PUB_HTM	611708	178890LN7	MUNI	IG-2	CLACKAMAS CNTY OR		3	6/1/2031	2000000	 2,000,000 	 -   	2000000	2000019.2	100	100.00096	19.2	6/30/2026	Muni	100	Single	RFRSwap	3.00	3.00	0.43	-1.48	0.004	 86 	0.10	0.03	0.04	0.14	0.00	0.00	0.00	0.2	0.0	-223.0	-105	0.00	0.00	0.00	0.00	0.00	0.00	0.00	0.03	0.00	0.33	0.05	0.00	0.30	0.06	0.00	0.24	0.15	0.00	0.11	1.91	0.02	-0.67	3.28	0.03	-3.33
233_PUB_HTM	611214	180848XZ1	MUNI	IG-2	CLARK CNTY NV		5	12/1/2033	1000000	 1,000,000 	 -   	1060012.75	1050465.5	106.0013	105.04655	-9547.25	6/30/2026	Muni	100	Single	RFRSwap	4.20	4.05	2.87	-0.53	0.030	 303 	0.01	1.00	0.96	0.58	0.34	0.00	0.00	2.9	0.0	-132.6	-117	0.00	0.00	0.00	0.00	0.00	0.00	0.00	2.23	0.03	11.88	2.32	0.03	9.28	2.33	0.03	6.62	2.88	0.03	1.21	3.60	0.04	-2.19	4.31	0.04	-6.20
233_PUB_HTM	612210	180848YV9	MUNI	IG-2	CLARK CNTY NV		5	12/1/2032	2000000	 2,000,000 	 -   	2120912.91	2103096.4	106.0456	105.15482	-17816.51	6/30/2026	Muni	100	Single	RFRSwap	4.08	3.92	2.74	-0.40	0.029	 578 	0.01	1.03	0.97	0.59	0.15	0.00	0.00	2.7	0.0	-133.8	-121	0.00	0.00	0.00	0.00	0.00	0.00	0.00	2.23	0.03	11.81	2.32	0.03	9.21	2.33	0.03	6.56	2.67	0.03	1.27	3.23	0.03	-1.82	3.79	0.04	-5.40
233_PUB_HTM	611983	180848YW7	MUNI	IG-2	CLARK CNTY NV		5	12/1/2033	2000000	 2,000,000 	 -   	2120025.51	2100931	106.0013	105.04655	-19094.51	6/30/2026	Muni	100	Single	RFRSwap	4.20	4.05	2.87	-0.53	0.030	 605 	0.01	1.00	0.96	0.58	0.34	0.00	0.00	2.9	0.0	-132.6	-117	0.00	0.00	0.00	0.00	0.00	0.00	0.00	2.23	0.03	11.88	2.32	0.03	9.28	2.33	0.03	6.62	2.88	0.03	1.21	3.60	0.04	-2.19	4.31	0.04	-6.20
233_PUB_HTM	612502	181144SD9	MUNI	IG-2	CLARK CNTY WA SCH DIST #37 VAN		5	12/1/2030	1000000	 1,000,000 	 -   	1024963.98	1021398.7	102.4964	102.13987	-3565.28	6/30/2026	Muni	100	Single	RFRSwap	4.46	4.37	1.15	-0.35	0.012	 118 	0.81	0.09	0.12	0.14	0.00	0.00	0.00	1.1	0.0	-151.6	-140	0.00	0.00	0.00	0.00	0.00	0.00	0.00	0.79	0.01	4.38	0.89	0.01	3.52	0.92	0.01	2.55	0.98	0.01	0.64	1.41	0.01	-0.54	2.12	0.02	-2.31
233_PUB_HTM	611696	181144SE7	MUNI	IG-2	CLARK CNTY WA SCH DIST #37 VAN		5	12/1/2031	1000000	 1,000,000 	 -   	1024644.08	1020758	102.4644	102.0758	-3886.08	6/30/2026	Muni	100	Single	RFRSwap	4.56	4.48	1.22	-0.51	0.013	 125 	0.80	0.09	0.07	0.25	0.02	0.00	0.00	1.1	0.0	-148.4	-133	0.00	0.00	0.00	0.00	0.00	0.00	0.00	0.79	0.01	4.40	0.89	0.01	3.54	0.92	0.01	2.57	1.01	0.01	0.65	1.62	0.02	-0.64	2.50	0.02	-2.71
233_PUB_HTM	611161	181144SF4	MUNI	IG-2	CLARK CNTY WA SCH DIST #37 VAN		5	12/1/2032	1600000	 1,600,000 	 -   	1639049.59	1632188.64	102.4406	102.01179	-6860.95	6/30/2026	Muni	100	Single	RFRSwap	4.63	4.56	1.29	-0.68	0.013	 212 	0.78	0.09	0.08	0.27	0.08	0.00	0.00	1.2	0.0	-145.7	-126	0.00	0.00	0.00	0.00	0.00	0.00	0.00	0.79	0.01	4.42	0.89	0.01	3.57	0.92	0.01	2.60	1.06	0.01	0.66	1.85	0.02	-0.76	2.91	0.03	-3.16
233_PUB_HTM	611373	181144SG2	MUNI	IG-2	CLARK CNTY WA SCH DIST #37 VAN		5	12/1/2033	1000000	 1,000,000 	 -   	1024255.15	1019387.2	102.4255	101.93872	-4867.95	6/30/2026	Muni	100	Single	RFRSwap	4.69	4.61	1.40	-0.81	0.014	 143 	0.77	0.10	0.08	0.26	0.17	0.00	0.00	1.2	0.0	-142.5	-118	0.00	0.00	0.00	0.00	0.00	0.00	0.00	0.79	0.01	4.45	0.89	0.01	3.60	0.92	0.01	2.63	1.18	0.01	0.66	2.20	0.02	-1.02	3.52	0.03	-3.89
233_PUB_HTM	611972	181216FA5	MUNI	IG-2	CLARK & SKAMANIA CNTYS WA SCHD		4	12/1/2029	500000	 500,000 	 -   	503636.33	502549	100.7273	100.5098	-1087.33	6/30/2026	Muni	100	Single	RFRSwap	3.84	3.77	0.85	-0.60	0.009	 43 	0.44	0.10	0.26	0.05	0.00	0.00	0.00	0.7	0.0	-154.5	-117	0.00	0.00	0.00	0.00	0.00	0.00	0.00	0.29	0.00	2.00	0.40	0.00	1.69	0.43	0.00	1.25	0.52	0.01	0.37	1.24	0.01	-0.45	2.10	0.02	-2.14
233_PUB_HTM	611442	181342HJ8	MUNI	IG-2	CLARK CNTY WA SCH DIST #122 RI		4	12/1/2034	2000000	 2,000,000 	 -   	2028334.38	2012495.8	101.4167	100.62479	-15838.58	6/30/2026	Muni	100	Single	RFRSwap	3.91	3.80	2.21	-1.60	0.022	 445 	0.61	0.18	0.17	0.55	0.68	0.00	0.00	1.9	0.0	-145.6	-72	0.00	0.00	0.00	0.00	0.00	0.00	0.00	0.79	0.01	4.94	0.89	0.01	4.09	0.92	0.01	3.12	2.17	0.02	0.67	4.01	0.04	-2.41	5.31	0.05	-6.97
233_PUB_HTM	611697	182846CE3	MUNI	IG-2	CLATSOP CNTY OR SCH DIST #10 S		5	6/15/2031	1000000	 1,000,000 	 -   	1025771.99	1021733.1	102.5772	102.17331	-4038.89	6/30/2026	Muni	100	Single	RFRSwap	4.51	4.42	1.24	-0.44	0.013	 126 	0.82	0.10	0.08	0.24	0.00	0.00	0.00	1.1	0.0	-148.1	-134	0.00	0.00	0.00	0.00	0.00	0.00	0.00	0.81	0.01	4.56	0.93	0.01	3.68	0.95	0.01	2.67	1.04	0.01	0.67	1.58	0.02	-0.63	2.37	0.02	-2.61
233_PUB_HTM	611144	184541BF6	MUNI	IG-2	CLEAR CREEK TX INDEP SCH DIST		5	2/15/2030	2000000	 2,000,000 	 -   	2033841.12	2029151.4	101.6921	101.45757	-4689.72	6/30/2026	Muni	100	Single	RFRSwap	4.56	4.49	0.77	-0.32	0.008	 160 	0.59	0.05	0.11	0.04	0.00	0.00	0.00	0.7	0.0	-146.3	-135	0.00	0.00	0.00	0.00	0.00	0.00	0.00	0.57	0.01	3.00	0.61	0.01	2.39	0.62	0.01	1.73	0.63	0.01	0.44	0.92	0.01	-0.31	1.59	0.02	-1.58
233_PUB_HTM	611223	184541BG4	MUNI	IG-2	CLEAR CREEK TX INDEP SCH DIST		5	2/15/2031	1000000	 1,000,000 	 -   	1016784.31	1014056.5	101.6784	101.40565	-2727.81	6/30/2026	Muni	100	Single	RFRSwap	4.66	4.59	0.86	-0.49	0.009	 88 	0.58	0.05	0.07	0.13	0.00	0.00	0.00	0.8	0.0	-143.0	-127	0.00	0.00	0.00	0.00	0.00	0.00	0.00	0.57	0.01	3.01	0.61	0.01	2.41	0.62	0.01	1.75	0.66	0.01	0.45	1.16	0.01	-0.42	2.03	0.02	-2.02
233_PUB_HTM	611953	184541BH2	MUNI	IG-2	CLEAR CREEK TX INDEP SCH DIST		5	2/15/2032	1000000	 1,000,000 	 -   	1016571.93	1013696.2	101.6572	101.36962	-2875.73	6/30/2026	Muni	100	Single	RFRSwap	4.72	4.66	0.95	-0.64	0.010	 98 	0.58	0.05	0.05	0.20	0.02	0.00	0.00	0.8	0.0	-141.3	-121	0.00	0.00	0.00	0.00	0.00	0.00	0.00	0.57	0.01	3.03	0.61	0.01	2.42	0.62	0.01	1.76	0.69	0.01	0.46	1.34	0.01	-0.51	2.43	0.02	-2.43
233_PUB_HTM	612464	184541BJ8	MUNI	IG-2	CLEAR CREEK TX INDEP SCH DIST		5	2/15/2033	1000000	 1,000,000 	 -   	1016542.1	1013455.2	101.6542	101.34552	-3086.9	6/30/2026	Muni	100	Single	RFRSwap	4.76	4.71	1.04	-0.81	0.011	 107 	0.58	0.06	0.06	0.23	0.08	0.00	0.00	0.8	0.0	-141.3	-117	0.00	0.00	0.00	0.00	0.00	0.00	0.00	0.57	0.01	3.04	0.61	0.01	2.43	0.62	0.01	1.78	0.72	0.01	0.47	1.54	0.02	-0.63	2.91	0.03	-2.90
AFS	611106	185991932	Misc_Securities	E-9	CLEMCAP		0	12/31/2100	1	 1 	 -   	1	1	100	100	0	6/30/2026																																														
233_PUB_HTM	611174	192450XN9	MUNI	IG-2	COHASSET MA	1	3	8/1/2030	405000	 405,000 	 -   	405000	405039.69	100	100.0098	39.69	6/30/2026	Muni	100	Single	RFRSwap	3.00	3.00	0.65	-1.94	0.007	 27 	0.33	0.21	0.24	0.08	0.00	0.00	0.00	0.7	0.0	-170.0	-106	0.00	0.00	0.00	0.00	0.00	0.00	0.00	0.05	0.00	0.44	0.08	0.00	0.39	0.09	0.00	0.29	0.09	0.00	0.11	1.70	0.02	-0.63	2.45	0.02	-2.77
233_PUB_HTM	612303	192450XQ2	MUNI	IG-2	COHASSET MA	1	3	8/1/2032	285000	 285,000 	 -   	285000	284991.51	100	99.99702	-8.49	6/30/2026	Muni	100	Single	RFRSwap	3.00	3.00	0.92	-2.84	0.009	 27 	0.32	0.13	0.13	0.50	0.07	0.00	0.00	1.0	0.0	-191.4	-105	0.00	0.00	0.00	0.00	0.00	0.00	0.00	0.05	0.00	0.47	0.08	0.00	0.42	0.09	0.00	0.33	0.09	0.00	0.15	2.80	0.03	-1.24	4.05	0.04	-4.73
233_PUB_HTM	611318	195864VP5	MUNI	IG-2	COLONIAL PA SCH DIST		3	2/15/2040	395000	 395,000 	 -   	392518.45	354261.64	99.3718	89.68649	-38256.82	6/30/2026	Muni	100	Single	RFRSwap	3.99	3.06	8.98	-0.34	0.082	 322 	-0.01	0.03	0.21	0.50	5.49	2.79	0.00	10.0	0.0	-39.5	-14	0.00	0.00	0.00	0.00	0.00	0.00	0.00	2.52	0.03	21.05	2.67	0.03	18.26	4.83	0.05	14.49	9.08	0.08	0.04	9.65	0.08	-8.13	9.83	0.07	-15.82
AFS	611127	20368N103	CRA_INV_FUND	E-7	CRAQLFINV		0	12/31/2100	22128930.9	 22,128,931 	 -   	22128930.9	19920537.85	100	90.02033557	-2208393.05	6/30/2026																																														
233_PUB_HTM	611452	206849GJ4	MUNI	IG-2	CONEJO VLY CA UNIF SCH DIST		2.125	8/1/2034	1785000	 1,785,000 	 -   	1653129.28	1585494.12	92.6123	88.8232	-67635.16	6/30/2026	Muni	100	Single	RFRSwap	3.74	3.17	6.86	0.25	0.062	 1,098 	-0.02	-0.03	0.01	2.79	4.08	0.00	0.00	7.3	0.0	-28.6	-23	0.00	0.00	0.00	0.00	0.00	0.00	0.00	3.96	0.04	23.32	4.70	0.05	18.70	5.99	0.06	13.00	6.92	0.06	0.31	6.98	0.06	-5.75	6.97	0.05	-11.41
233_PUB_HTM	612462	208418R54	MUNI	IG-2	CONROE TX INDEP SCH DIST		3	2/15/2036	1870000	 1,870,000 	 -   	1895149.42	1786348.73	101.3449	95.52667	-108800.69	6/30/2026	Muni	100	Single	RFRSwap	3.55	2.84	6.51	-0.46	0.063	 1,177 	-0.01	-0.01	0.49	1.35	4.69	0.00	0.00	6.7	0.0	-78.0	-46	0.00	0.00	0.00	0.00	0.00	0.00	0.00	3.47	0.04	20.70	3.55	0.04	16.71	4.44	0.05	12.37	6.70	0.07	0.65	7.21	0.07	-5.91	7.43	0.06	-12.33
233_PUB_HTM	612332	213417EN4	MUNI	IG-2	COOK CNTY IL SCH DIST #30		2.25	12/1/2036	785000	 785,000 	 -   	716176.42	652562.65	91.2327	83.129	-63613.77	6/30/2026	Muni	100	Single	RFRSwap	4.27	3.25	8.71	0.65	0.073	 570 	-0.02	-0.03	-0.04	-0.01	8.43	0.37	0.00	9.7	0.0	20.0	24	0.00	0.00	0.00	0.00	0.00	0.00	0.00	3.24	0.04	25.67	4.86	0.05	21.76	7.41	0.07	15.32	8.71	0.07	0.22	8.73	0.07	-6.76	8.67	0.06	-13.14
233_PUB_HTM	612852	213417EP9	MUNI	IG-2	COOK CNTY IL SCH DIST #30		2.25	12/1/2037	805000	 805,000 	 -   	713698.14	654319.86	88.6582	81.28197	-59378.28	6/30/2026	Muni	100	Single	RFRSwap	4.35	3.46	9.42	0.79	0.077	 618 	-0.02	-0.03	-0.04	-0.07	8.22	1.36	0.00	10.6	0.0	24.0	28	0.00	0.00	0.00	0.00	0.00	0.00	0.00	3.24	0.04	27.37	5.33	0.06	23.27	8.15	0.08	16.23	9.44	0.08	0.03	9.44	0.07	-7.31	9.34	0.06	-13.96
233_PUB_HTM	611651	2174897F4	MUNI	IG-2	COPPELL TX INDEP SCH DIST		5	8/15/2030	500000	 500,000 	 -   	528769.42	524510	105.7539	104.902	-4259.42	6/30/2026	Muni	100	Single	RFRSwap	3.71	3.49	2.16	-0.16	0.023	 116 	0.01	1.48	0.52	0.18	0.00	0.00	0.00	2.2	0.0	-145.1	-140	0.00	0.00	0.00	0.00	0.00	0.00	0.00	2.01	0.02	10.34	2.04	0.02	8.01	2.03	0.02	5.69	2.13	0.02	1.18	2.36	0.02	-1.21	2.66	0.03	-3.83
233_PUB_HTM	612752	2174897G2	MUNI	IG-2	COPPELL TX INDEP SCH DIST		5	8/15/2031	610000	 610,000 	 -   	644669.46	638832.26	105.6835	104.7266	-5837.2	6/30/2026	Muni	100	Single	RFRSwap	3.97	3.77	2.27	-0.29	0.024	 147 	0.01	1.43	0.42	0.42	0.01	0.00	0.00	2.3	0.0	-140.0	-132	0.00	0.00	0.00	0.00	0.00	0.00	0.00	2.01	0.02	10.38	2.04	0.02	8.05	2.03	0.02	5.73	2.23	0.02	1.18	2.62	0.03	-1.38	3.08	0.03	-4.34
233_PUB_HTM	611419	2174897H0	MUNI	IG-2	COPPELL TX INDEP SCH DIST		5	8/15/2032	500000	 500,000 	 -   	528204.17	522754.5	105.6408	104.5509	-5449.67	6/30/2026	Muni	100	Single	RFRSwap	4.15	3.95	2.40	-0.41	0.026	 128 	0.01	1.39	0.42	0.49	0.10	0.00	0.00	2.4	0.0	-135.1	-123	0.00	0.00	0.00	0.00	0.00	0.00	0.00	2.01	0.02	10.43	2.04	0.02	8.11	2.03	0.02	5.79	2.31	0.02	1.20	2.86	0.03	-1.53	3.46	0.04	-4.80
233_PUB_HTM	611940	2174897J6	MUNI	IG-2	COPPELL TX INDEP SCH DIST		4	8/15/2033	500000	 500,000 	 -   	516294.28	509061.6	103.2589	101.81232	-7232.68	6/30/2026	Muni	100	Single	RFRSwap	3.71	3.48	3.11	-0.84	0.032	 160 	0.00	1.05	0.53	1.03	0.54	0.00	0.00	3.0	0.0	-127.7	-90	0.00	0.00	0.00	0.00	0.00	0.00	0.00	2.03	0.02	10.89	2.06	0.02	8.60	2.06	0.02	6.31	3.13	0.03	1.16	4.07	0.04	-2.56	4.78	0.05	-6.94
233_PUB_HTM	612102	219764QT7	MUNI	IG-2	CORONA-NORCO CA UNIF SCH DIST		4	8/1/2032	270000	 270,000 	 -   	278598.71	276927.93	103.1847	102.5659	-1670.78	6/30/2026	Muni	100	Single	RFRSwap	3.53	3.42	2.69	-0.62	0.028	 76 	0.00	1.24	0.44	0.86	0.18	0.00	0.00	2.6	0.0	-152.4	-129	0.00	0.00	0.00	0.00	0.00	0.00	0.00	2.01	0.02	10.48	2.03	0.02	8.20	2.02	0.02	5.95	2.63	0.03	1.22	3.36	0.03	-1.89	3.98	0.04	-5.60
233_PUB_HTM	612937	219764QU4	MUNI	IG-2	CORONA-NORCO CA UNIF SCH DIST		4	8/1/2033	375000	 375,000 	 -   	386775.73	383656.42	103.1402	102.30838	-3119.31	6/30/2026	Muni	100	Single	RFRSwap	3.63	3.50	2.93	-0.80	0.030	 114 	0.00	1.17	0.44	0.89	0.45	0.00	0.00	2.8	0.0	-147.5	-116	0.00	0.00	0.00	0.00	0.00	0.00	0.00	2.01	0.02	10.64	2.03	0.02	8.36	2.02	0.02	6.11	2.94	0.03	1.16	3.88	0.04	-2.37	4.59	0.04	-6.61
233_PUB_HTM	612960	2201476E7	MUNI	IG-2	CORPUS CHRISTI TX INDEP SCH DI		3	8/15/2036	1250000	 1,250,000 	 -   	1257370	1200133.12	100.5896	96.01065	-57236.87	6/30/2026	Muni	100	Single	RFRSwap	3.47	2.93	5.96	-1.23	0.058	 723 	-0.01	0.33	0.41	0.68	4.52	0.05	0.00	5.8	0.0	-101.3	-55	0.00	0.00	0.00	0.00	0.00	0.00	0.00	2.05	0.02	14.24	2.08	0.02	11.98	2.58	0.03	9.59	6.05	0.06	0.69	7.03	0.06	-5.57	7.49	0.06	-12.01
233_PUB_HTM	611225	222147KM1	MUNI	IG-2	COUNCIL BLUFFS IA CMNTY SCH DI		3	5/1/2034	2000000	 2,000,000 	 -   	2006159.65	1925554.4	100.308	96.27772	-80605.25	6/30/2026	Muni	100	Single	RFRSwap	3.55	2.96	4.81	-1.47	0.047	 931 	0.12	0.22	0.33	2.08	2.08	0.00	0.00	4.6	0.0	-77.1	-41	0.00	0.00	0.00	0.00	0.00	0.00	0.00	0.67	0.01	7.55	0.80	0.01	6.83	0.96	0.01	5.96	4.58	0.04	0.69	5.63	0.05	-4.24	6.10	0.05	-9.55
233_PUB_HTM	611152	226003EP2	MUNI	IG-2	CRESSKILL NJ SCH DIST		2.8	2/1/2029	350000	 350,000 	 -   	350000	349002.22	100	99.71492	-997.78	6/30/2026	Muni	100	Single	RFRSwap	2.91	2.80	1.19	-1.58	0.012	 42 	0.40	0.51	0.40	0.00	0.00	0.00	0.00	1.2	0.0	-151.3	-107	0.00	0.00	0.00	0.00	0.00	0.00	0.00	0.04	0.00	0.70	0.08	0.00	0.65	0.09	0.00	0.56	0.19	0.00	0.38	1.76	0.02	-0.71	2.21	0.02	-2.74
233_PUB_HTM	612611	226003EQ0	MUNI	IG-2	CRESSKILL NJ SCH DIST		2.8	2/1/2030	350000	 350,000 	 -   	350000	347949.77	100	99.41422	-2050.23	6/30/2026	Muni	100	Single	RFRSwap	2.97	2.80	1.75	-1.59	0.018	 62 	0.34	0.27	0.86	0.27	0.00	0.00	0.00	1.5	0.0	-144.8	-96	0.00	0.00	0.00	0.00	0.00	0.00	0.00	0.04	0.00	0.99	0.08	0.00	0.94	0.09	0.00	0.85	0.61	0.01	0.66	2.49	0.02	-1.17	3.00	0.03	-3.92
233_PUB_HTM	612138	226003ER8	MUNI	IG-2	CRESSKILL NJ SCH DIST		2.85	2/1/2031	350000	 350,000 	 -   	350000	346968.93	100	99.13398	-3031.07	6/30/2026	Muni	100	Single	RFRSwap	3.05	2.85	2.22	-1.88	0.022	 78 	0.33	0.29	0.59	1.10	0.00	0.00	0.00	2.1	0.0	-136.8	-86	0.00	0.00	0.00	0.00	0.00	0.00	0.00	0.04	0.00	1.27	0.08	0.00	1.22	0.09	0.00	1.13	1.29	0.01	0.76	3.25	0.03	-1.75	3.79	0.04	-5.21
233_PUB_HTM	612369	229255GZ1	MUNI	IG-2	CRYSTAL LAKE IL		2.5	12/15/2030	295000	 295,000 	 -   	295000	285605.46	100	96.81541	-9394.54	6/30/2026	Muni	100	Single	RFRSwap	3.27	2.50	3.37	-0.74	0.033	 96 	0.10	0.22	1.08	1.98	0.00	0.00	0.00	3.3	0.0	-81.0	-64	0.00	0.00	0.00	0.00	0.00	0.00	0.00	0.04	0.00	3.51	0.08	0.00	3.46	0.09	0.00	3.37	3.14	0.03	1.15	3.83	0.04	-2.30	3.99	0.04	-5.95
233_PUB_HTM	612940	229255HA5	MUNI	IG-2	CRYSTAL LAKE IL		2.5	12/15/2031	300000	 300,000 	 -   	300000	286871.31	100	95.62377	-13128.69	6/30/2026	Muni	100	Single	RFRSwap	3.38	2.50	4.21	-0.69	0.040	 121 	0.05	0.16	0.34	3.36	0.31	0.00	0.00	4.2	0.0	-67.5	-53	0.00	0.00	0.00	0.00	0.00	0.00	0.00	0.04	0.00	4.69	0.08	0.00	4.64	0.09	0.00	4.55	4.05	0.04	1.26	4.69	0.04	-2.97	4.83	0.04	-7.30
233_PUB_HTM	611334	229255HB3	MUNI	IG-2	CRYSTAL LAKE IL		2.625	12/15/2032	310000	 310,000 	 -   	310000	295009.48	100	95.16435	-14990.52	6/30/2026	Muni	100	Single	RFRSwap	3.47	2.62	4.80	-0.85	0.046	 142 	0.05	0.15	0.30	3.17	1.16	0.00	0.00	4.8	0.0	-63.4	-46	0.00	0.00	0.00	0.00	0.00	0.00	0.00	0.04	0.00	5.16	0.08	0.00	5.10	0.09	0.00	5.02	4.64	0.04	1.29	5.40	0.05	-3.53	5.58	0.05	-8.46
233_PUB_HTM	612015	231237K31	MUNI	IG-2	CUPERTINO CA UNION SCH DIST		3.25	8/1/2032	920000	 920,000 	 -   	920685.76	920149.41	100.0745	100.01624	-536.35	6/30/2026	Muni	100	Single	RFRSwap	3.25	3.24	0.62	-1.74	0.006	 57 	0.13	0.04	0.04	0.19	0.04	0.00	0.00	0.4	0.0	-213.2	-85	0.00	0.00	0.00	0.00	0.00	0.00	0.00	0.05	0.00	0.52	0.08	0.00	0.47	0.09	0.00	0.38	0.28	0.00	0.17	2.00	0.02	-0.80	3.45	0.03	-3.59
233_PUB_HTM	612973	231237K49	MUNI	IG-2	CUPERTINO CA UNION SCH DIST		3.25	8/1/2033	1000000	 1,000,000 	 -   	1000709.44	1000098.3	100.0709	100.00983	-611.14	6/30/2026	Muni	100	Single	RFRSwap	3.25	3.24	0.71	-2.06	0.007	 72 	0.13	0.04	0.04	0.17	0.10	0.00	0.00	0.4	0.0	-216.2	-81	0.00	0.00	0.00	0.00	0.00	0.00	0.00	0.05	0.00	0.54	0.08	0.00	0.49	0.09	0.00	0.40	0.37	0.00	0.16	2.41	0.02	-1.10	4.02	0.04	-4.38
233_PUB_HTM	611327	231237K56	MUNI	IG-2	CUPERTINO CA UNION SCH DIST		3.25	8/1/2034	1000000	 1,000,000 	 -   	1000618.02	999627.1	100.0618	99.96271	-990.92	6/30/2026	Muni	100	Single	RFRSwap	3.26	3.24	1.01	-2.82	0.010	 103 	0.21	0.07	0.08	0.30	0.32	0.00	0.00	0.4	0.0	-207.5	-78	0.00	0.00	0.00	0.00	0.00	0.00	0.00	0.05	0.00	0.59	0.08	0.00	0.53	0.09	0.00	0.44	0.50	0.01	0.15	3.18	0.03	-1.70	4.73	0.05	-5.67
233_PUB_HTM	611856	23223PFB8	MUNI	IG-2	CUYAHOGA CNTY OH		3	12/1/2034	750000	 750,000 	 -   	750972.71	736347.08	100.1297	98.17961	-14625.64	6/30/2026	Muni	100	Single	RFRSwap	3.25	2.98	4.59	-1.27	0.045	 339 	0.02	0.59	0.40	1.51	2.10	0.00	0.00	4.3	0.0	-133.0	-73	0.00	0.00	0.00	0.00	0.00	0.00	0.00	1.79	0.02	11.69	1.88	0.02	9.73	2.12	0.02	7.64	4.78	0.05	0.75	5.77	0.05	-4.40	6.33	0.06	-9.95
233_PUB_HTM	611466	23223PFC6	MUNI	IG-2	CUYAHOGA CNTY OH		3	12/1/2035	500000	 500,000 	 -   	498307.5	481106.75	99.6615	96.22135	-17200.75	6/30/2026	Muni	100	Single	RFRSwap	3.47	3.04	5.62	-1.26	0.054	 271 	0.01	0.39	0.36	1.12	3.75	0.00	0.00	5.5	0.0	-98.2	-53	0.00	0.00	0.00	0.00	0.00	0.00	0.00	1.79	0.02	12.90	1.88	0.02	10.96	2.32	0.02	8.82	5.71	0.06	0.69	6.68	0.06	-5.18	7.12	0.06	-11.30
233_PUB_HTM	611587	232769EV7	MUNI	IG-2	CYPRESS-FAIRBANKS TX INDEP SCH		4	2/15/2034	1200000	 1,200,000 	 -   	1248648.12	1226123.28	104.054	102.17694	-22524.84	6/30/2026	Muni	100	Single	RFRSwap	3.67	3.39	3.66	-0.75	0.038	 455 	0.00	0.48	1.20	1.17	0.83	0.00	0.00	3.6	0.0	-122.4	-85	0.00	0.00	0.00	0.00	0.00	0.00	0.00	2.50	0.03	13.39	2.52	0.03	10.51	2.55	0.03	7.65	3.83	0.04	1.10	4.67	0.05	-3.27	5.27	0.05	-8.17
233_PUB_HTM	611927	234554HH9	MUNI	IG-2	DALLAS CENTER IA GRIMES CMNTY		4	6/1/2034	1600000	 1,600,000 	 -   	1646235.56	1626194.56	102.8897	101.63716	-20041	6/30/2026	Muni	100	Single	RFRSwap	3.76	3.58	3.10	-1.07	0.032	 506 	0.07	1.09	0.33	0.88	0.78	0.00	0.00	2.9	0.0	-136.0	-91	0.00	0.00	0.00	0.00	0.00	0.00	0.00	1.77	0.02	9.94	1.87	0.02	7.96	1.89	0.02	5.90	3.26	0.03	0.97	4.43	0.04	-2.91	5.25	0.05	-7.63
233_PUB_HTM	611479	235866DG2	MUNI	IG-2	DANBURY CT		3	11/1/2035	915000	 915,000 	 -   	916233.4	899905.06	100.1348	98.35028	-16328.33	6/30/2026	Muni	100	Single	RFRSwap	3.21	2.98	3.79	-3.03	0.037	 343 	0.25	0.23	0.28	0.80	2.27	0.00	0.00	3.5	0.0	-148.7	-80	0.00	0.00	0.00	0.00	0.00	0.00	0.00	0.17	0.00	3.57	0.31	0.00	3.37	0.35	0.00	3.01	3.15	0.03	0.59	5.10	0.05	-3.53	6.10	0.05	-8.78
233_PUB_HTM	612620	235866DH0	MUNI	IG-2	DANBURY CT		3	11/1/2036	2100000	 2,100,000 	 -   	2102734.53	2025027.48	100.1302	96.42988	-77707.05	6/30/2026	Muni	100	Single	RFRSwap	3.41	2.98	5.57	-2.54	0.054	 1,134 	0.13	0.21	0.32	0.61	4.22	0.13	0.00	5.6	0.0	-105.1	-62	0.00	0.00	0.00	0.00	0.00	0.00	0.00	0.17	0.00	5.30	0.31	0.00	5.10	0.35	0.00	4.75	4.71	0.05	0.59	6.38	0.06	-4.79	7.14	0.06	-10.86
233_PUB_HTM	611649	2364696G2	MUNI	IG-2	DANVERS MA		2	7/1/2033	1435000	 1,435,000 	 -   	1325535.16	1302143.11	92.3718	90.74168	-23392.05	6/30/2026	Muni	100	Single	RFRSwap	3.50	3.23	6.01	0.17	0.055	 791 	-0.01	-0.03	0.06	3.74	2.26	0.00	0.00	6.3	0.0	-49.8	-44	0.00	0.00	0.00	0.00	0.00	0.00	0.00	3.93	0.04	21.63	4.19	0.05	17.22	5.12	0.05	12.25	6.01	0.06	1.08	6.10	0.05	-4.38	6.11	0.05	-9.56
233_PUB_HTM	612754	2364696H0	MUNI	IG-2	DANVERS MA		2	7/1/2034	1460000	 1,460,000 	 -   	1319361.98	1299692.15	90.3673	89.02001	-19669.83	6/30/2026	Muni	100	Single	RFRSwap	3.59	3.38	6.79	0.22	0.061	 892 	-0.01	-0.03	0.02	2.88	3.91	0.00	0.00	7.2	0.0	-43.8	-37	0.00	0.00	0.00	0.00	0.00	0.00	0.00	3.93	0.04	23.10	4.62	0.05	18.53	5.90	0.06	12.92	6.86	0.06	0.34	6.93	0.06	-5.69	6.93	0.05	-11.34
233_PUB_HTM	611628	2364696J6	MUNI	IG-2	DANVERS MA		2	7/1/2035	1495000	 1,495,000 	 -   	1322025.47	1304348.78	88.4298	87.24741	-17676.69	6/30/2026	Muni	100	Single	RFRSwap	3.68	3.51	7.55	0.35	0.067	 997 	-0.02	-0.03	-0.01	1.69	5.91	0.00	0.00	8.0	0.0	-38.2	-31	0.00	0.00	0.00	0.00	0.00	0.00	0.00	3.93	0.04	24.62	4.83	0.05	20.00	6.43	0.07	14.00	7.58	0.07	0.29	7.68	0.06	-6.23	7.65	0.06	-12.28
233_PUB_HTM	611299	238640CM6	MUNI	IG-2	DAVIDSON NC		2	6/1/2036	850000	 850,000 	 -   	742143.67	725662.42	87.311	85.37205	-16481.24	6/30/2026	Muni	100	Single	RFRSwap	3.78	3.53	8.40	0.53	0.072	 610 	-0.02	-0.03	-0.08	0.30	8.19	0.00	0.00	9.0	0.0	-29.6	-24	0.00	0.00	0.00	0.00	0.00	0.00	0.00	4.70	0.05	28.21	5.96	0.06	22.55	7.53	0.08	15.41	8.45	0.07	0.28	8.48	0.07	-6.69	8.44	0.06	-13.09
233_PUB_HTM	611982	238640CN4	MUNI	IG-2	DAVIDSON NC		2	6/1/2037	745000	 745,000 	 -   	642349.24	620631.86	86.2214	83.30629	-21717.38	6/30/2026	Muni	100	Single	RFRSwap	3.89	3.53	9.14	0.69	0.076	 569 	-0.02	-0.03	-0.08	0.04	8.37	0.85	0.00	9.9	0.0	-21.8	-16	0.00	0.00	0.00	0.00	0.00	0.00	0.00	4.71	0.05	29.84	6.37	0.07	24.02	8.18	0.08	16.34	9.19	0.08	0.13	9.23	0.07	-7.23	9.16	0.06	-13.93
233_PUB_HTM	611544	238640CP9	MUNI	IG-2	DAVIDSON NC		2	6/1/2038	845000	 845,000 	 -   	718793.56	687990.8	85.0643	81.41903	-30802.75	6/30/2026	Muni	100	Single	RFRSwap	3.97	3.55	9.87	0.85	0.081	 680 	-0.02	-0.03	-0.08	-0.03	8.08	1.93	0.00	10.8	0.0	-17.1	-11	0.00	0.00	0.00	0.00	0.00	0.00	0.00	4.73	0.05	31.47	6.83	0.07	25.42	8.87	0.09	17.18	9.94	0.08	-0.08	9.94	0.07	-7.80	9.85	0.07	-14.76
233_PUB_HTM	611800	238640CQ7	MUNI	IG-2	DAVIDSON NC		2	6/1/2039	845000	 845,000 	 -   	709193.27	672484.55	83.9282	79.58397	-36708.72	6/30/2026	Muni	100	Single	RFRSwap	4.04	3.56	10.57	0.99	0.084	 712 	-0.02	-0.03	-0.08	-0.08	7.60	3.17	0.00	11.7	0.0	-13.2	-7	0.00	0.00	0.00	0.00	0.00	0.00	0.00	4.76	0.05	33.07	7.31	0.08	26.79	9.57	0.09	17.99	10.64	0.08	-0.25	10.65	0.08	-8.29	10.52	0.07	-15.46
233_PUB_HTM	611981	238640CR5	MUNI	IG-2	DAVIDSON NC		2	6/1/2040	845000	 845,000 	 -   	697763.25	657260.94	82.5755	77.78236	-40502.31	6/30/2026	Muni	100	Single	RFRSwap	4.11	3.60	11.25	1.16	0.088	 741 	-0.02	-0.03	-0.08	-0.12	6.91	4.59	0.00	12.7	0.0	-9.5	-4	0.00	0.00	0.00	0.00	0.00	0.00	0.00	4.79	0.05	34.67	7.79	0.08	28.13	10.26	0.10	18.76	11.35	0.09	-0.38	11.30	0.08	-8.69	11.15	0.07	-16.05
233_PUB_HTM	611496	239019N32	MUNI	IG-2	DAVIS CNTY UT SCH DIST		4	6/1/2031	2000000	 2,000,000 	 -   	2000000	2001537	100	100.07685	1537	6/30/2026	Muni	100	Single	RFRSwap	3.98	4.00	0.32	-1.05	0.003	 63 	0.13	0.03	0.04	0.12	0.00	0.00	0.00	0.3	0.0	-141.2	-78	0.00	0.00	0.00	0.00	0.00	0.00	0.00	0.04	0.00	0.43	0.08	0.00	0.38	0.09	0.00	0.29	0.14	0.00	0.11	1.57	0.02	-0.48	3.00	0.03	-2.82
233_PUB_HTM	612046	240451YK4	MUNI	IG-2	DE KALB CNTY GA		4	12/1/2029	1000000	 1,000,000 	 -   	1007480.4	1004296.7	100.748	100.42967	-3183.7	6/30/2026	Muni	100	Single	RFRSwap	3.86	3.76	0.89	-0.67	0.009	 89 	0.43	0.10	0.29	0.06	0.00	0.00	0.00	0.7	0.0	-143.0	-97	0.00	0.00	0.00	0.00	0.00	0.00	0.00	0.29	0.00	2.03	0.40	0.00	1.72	0.43	0.00	1.28	0.54	0.01	0.39	1.33	0.01	-0.50	2.18	0.02	-2.27
233_PUB_HTM	612574	240451YL2	MUNI	IG-2	DE KALB CNTY GA		4	12/1/2030	1000000	 1,000,000 	 -   	1007218.88	1003662.1	100.7219	100.36621	-3556.78	6/30/2026	Muni	100	Single	RFRSwap	3.91	3.82	1.02	-0.95	0.010	 103 	0.43	0.12	0.22	0.29	0.00	0.00	0.00	0.9	0.0	-144.3	-82	0.00	0.00	0.00	0.00	0.00	0.00	0.00	0.29	0.00	2.09	0.40	0.00	1.78	0.43	0.00	1.34	0.66	0.01	0.42	1.79	0.02	-0.74	2.81	0.03	-3.05
233_PUB_HTM	611766	243109GY5	MUNI	IG-2	DECATUR GA		3	8/1/2033	3215000	 3,215,000 	 -   	3215000	3194257.46	100	99.35482	-20742.54	6/30/2026	Muni	100	Single	RFRSwap	3.10	3.00	2.43	-3.28	0.024	 786 	0.33	0.22	0.24	1.08	0.58	0.00	0.00	2.2	0.0	-160.8	-84	0.00	0.00	0.00	0.00	0.00	0.00	0.00	0.04	0.00	1.08	0.08	0.00	1.03	0.09	0.00	0.94	1.31	0.01	0.63	4.42	0.04	-2.59	5.38	0.05	-7.37
233_PUB_HTM	611315	243667XA5	MUNI	IG-2	DEDHAM MA		3.375	11/15/2027	350000	 350,000 	 -   	350000	350213.57	100	100.06102	213.57	6/30/2026	Muni	100	Single	RFRSwap	3.33	3.37	0.20	-0.44	0.002	 7 	0.17	0.03	0.00	0.00	0.00	0.00	0.00	0.2	0.0	-153.1	-123	0.00	0.00	0.00	0.00	0.00	0.00	0.00	0.04	0.00	0.40	0.08	0.00	0.35	0.09	0.00	0.26	0.09	0.00	0.08	0.45	0.00	-0.10	1.05	0.01	-0.93
233_PUB_HTM	611889	244127L79	MUNI	IG-2	DEER PARK TX INDEP SCH DIST		5	8/15/2030	500000	 500,000 	 -   	501680.62	501381.25	100.3361	100.27625	-299.37	6/30/2026	Muni	100	Single	RFRSwap	4.92	4.91	0.34	-0.41	0.004	 18 	0.17	0.03	0.08	0.07	0.00	0.00	0.00	0.3	0.0	-152.9	-115	0.00	0.00	0.00	0.00	0.00	0.00	0.00	0.07	0.00	0.55	0.11	0.00	0.48	0.13	0.00	0.35	0.13	0.00	0.08	0.42	0.00	-0.14	1.72	0.02	-1.22
233_PUB_HTM	611294	244127L87	MUNI	IG-2	DEER PARK TX INDEP SCH DIST		5	8/15/2031	500000	 500,000 	 -   	501680.34	501287.95	100.3361	100.25759	-392.39	6/30/2026	Muni	100	Single	RFRSwap	4.94	4.92	0.40	-0.46	0.004	 20 	0.17	0.03	0.03	0.14	0.00	0.00	0.00	0.3	0.0	-154.1	-100	0.00	0.00	0.00	0.00	0.00	0.00	0.00	0.07	0.00	0.56	0.11	0.00	0.48	0.13	0.00	0.35	0.13	0.00	0.09	0.78	0.01	-0.23	2.37	0.02	-1.89
233_PUB_HTM	612219	244487BX1	MUNI	IG-2	DEERFIELD MA		4	12/15/2030	245000	 245,000 	 -   	245000	245029.84	100	100.01218	29.84	6/30/2026	Muni	100	Single	RFRSwap	4.00	4.00	0.38	-1.40	0.004	 9 	0.10	0.03	0.06	0.09	0.00	0.00	0.00	0.2	0.0	-119.8	-8	0.00	0.00	0.00	0.00	0.00	0.00	0.00	0.03	0.00	0.32	0.05	0.00	0.28	0.06	0.00	0.22	0.12	0.00	0.10	1.64	0.02	-0.56	2.94	0.03	-2.92
233_PUB_HTM	612415	244487BY9	MUNI	IG-2	DEERFIELD MA		4	12/15/2031	245000	 245,000 	 -   	245000	245029.89	100	100.0122	29.89	6/30/2026	Muni	100	Single	RFRSwap	4.00	4.00	0.44	-1.64	0.004	 11 	0.10	0.03	0.03	0.14	0.01	0.00	0.00	0.2	0.0	-126.7	-8	0.00	0.00	0.00	0.00	0.00	0.00	0.00	0.03	0.00	0.32	0.05	0.00	0.29	0.06	0.00	0.23	0.13	0.00	0.11	1.96	0.02	-0.71	3.48	0.03	-3.51
233_PUB_HTM	612200	244487BZ6	MUNI	IG-2	DEERFIELD MA		4	12/15/2032	245000	 245,000 	 -   	245000	245027.1	100	100.01106	27.1	6/30/2026	Muni	100	Single	RFRSwap	4.00	4.00	0.49	-1.88	0.005	 12 	0.10	0.03	0.03	0.13	0.04	0.00	0.00	0.3	0.0	-133.5	-6	0.00	0.00	0.00	0.00	0.00	0.00	0.00	0.03	0.00	0.33	0.05	0.00	0.29	0.06	0.00	0.23	0.15	0.00	0.11	2.32	0.02	-0.88	4.01	0.04	-4.10
233_PUB_HTM	612454	248866X59	MUNI	IG-2	DENTON TX		3	2/15/2030	850000	 850,000 	 -   	853671.12	850671.58	100.4319	100.07901	-2999.54	6/30/2026	Muni	100	Single	RFRSwap	2.98	2.87	1.43	-0.96	0.014	 123 	0.51	0.22	0.56	0.20	0.00	0.00	0.00	1.3	0.0	-176.3	-112	0.00	0.00	0.00	0.00	0.00	0.00	0.00	0.57	0.01	3.53	0.62	0.01	2.93	0.63	0.01	2.27	1.22	0.01	0.69	1.95	0.02	-0.91	2.53	0.02	-3.16
233_PUB_HTM	611303	248866X67	MUNI	IG-2	DENTON TX		3	2/15/2031	860000	 860,000 	 -   	862845.12	860055.13	100.3308	100.00641	-2789.99	6/30/2026	Muni	100	Single	RFRSwap	3.00	2.92	1.65	-1.22	0.017	 143 	0.48	0.22	0.36	0.68	0.00	0.00	0.00	1.5	0.0	-182.0	-106	0.00	0.00	0.00	0.00	0.00	0.00	0.00	0.57	0.01	3.67	0.62	0.01	3.06	0.63	0.01	2.40	1.40	0.01	0.71	2.41	0.02	-1.24	3.14	0.03	-4.02
233_PUB_HTM	612948	248866X91	MUNI	IG-2	DENTON TX		3.25	2/15/2034	1015000	 1,015,000 	 -   	1019404.25	1014136.84	100.4339	99.91496	-5267.4	6/30/2026	Muni	100	Single	RFRSwap	3.26	3.19	2.20	-1.96	0.022	 226 	0.46	0.20	0.20	0.80	0.62	0.00	0.00	2.0	0.0	-179.1	-75	0.00	0.00	0.00	0.00	0.00	0.00	0.00	0.57	0.01	3.86	0.62	0.01	3.26	0.63	0.01	2.60	2.04	0.02	0.64	3.87	0.04	-2.36	5.00	0.05	-6.70
233_PUB_HTM	612945	249174VK6	MUNI	IG-2	DENVER CITY & CNTY CO SCH DIST		5	12/1/2031	2000000	 2,000,000 	 -   	2022845.86	2020870	101.1423	101.0435	-1975.86	6/30/2026	Muni	100	Single	RFRSwap	4.78	4.76	0.69	-0.62	0.007	 139 	0.42	0.03	0.03	0.14	0.01	0.00	0.00	0.5	0.0	-163.9	-145	0.00	0.00	0.00	0.00	0.00	0.00	0.00	0.29	0.00	1.92	0.40	0.00	1.61	0.43	0.00	1.17	0.44	0.00	0.29	0.98	0.01	-0.34	2.07	0.02	-1.83
233_PUB_HTM	611471	249174VL4	MUNI	IG-2	DENVER CITY & CNTY CO SCH DIST		5	12/1/2032	2000000	 2,000,000 	 -   	2022637.83	2020284.2	101.1319	101.01421	-2353.63	6/30/2026	Muni	100	Single	RFRSwap	4.81	4.79	0.78	-0.78	0.008	 158 	0.43	0.04	0.04	0.18	0.04	0.00	0.00	0.6	0.0	-161.3	-138	0.00	0.00	0.00	0.00	0.00	0.00	0.00	0.29	0.00	1.93	0.40	0.00	1.62	0.43	0.00	1.17	0.46	0.00	0.30	1.17	0.01	-0.42	2.52	0.02	-2.26
233_PUB_HTM	612844	249739TN3	MUNI	IG-2	DERBY CT		3.375	9/1/2031	430000	 430,000 	 -   	430000	430102.86	100	100.02392	102.86	6/30/2026	Muni	100	Single	RFRSwap	3.37	3.37	0.60	-1.55	0.006	 26 	0.20	0.07	0.07	0.29	0.01	0.00	0.00	0.5	0.0	-183.0	-81	0.00	0.00	0.00	0.00	0.00	0.00	0.00	0.05	0.00	0.47	0.08	0.00	0.42	0.09	0.00	0.32	0.15	0.00	0.14	1.94	0.02	-0.75	3.41	0.03	-3.53
233_PUB_HTM	612614	249739TP8	MUNI	IG-2	DERBY CT		3.5	9/1/2032	425000	 425,000 	 -   	425000	425097.15	100	100.02286	97.15	6/30/2026	Muni	100	Single	RFRSwap	3.50	3.50	0.66	-1.78	0.007	 28 	0.20	0.06	0.07	0.29	0.07	0.00	0.00	0.5	0.0	-177.8	-68	0.00	0.00	0.00	0.00	0.00	0.00	0.00	0.05	0.00	0.47	0.08	0.00	0.42	0.09	0.00	0.33	0.16	0.00	0.15	2.25	0.02	-0.89	3.92	0.04	-4.07
233_PUB_HTM	612364	250353BL2	MUNI	IG-2	DESCHUTES OR PUBLIC LIBRARY DI	1	3	12/1/2041	5000000	 5,000,000 	 -   	4911481.09	4424825	98.2296	88.4965	-486656.09	6/30/2026	Muni	100	Single	RFRSwap	4.02	3.15	10.21	0.31	0.091	 4,531 	-0.01	-0.01	-0.02	0.68	5.00	4.57	0.00	11.7	0.0	-39.8	-15	0.00	0.00	0.00	0.00	0.00	0.00	0.00	4.60	0.05	30.78	5.38	0.06	25.22	7.69	0.08	18.03	10.42	0.09	-0.20	10.76	0.09	-9.14	10.81	0.08	-17.28
233_PUB_HTM	611959	254278KP8	MUNI	IG-2	DILWORTH-GLYNDON-FELTON MN IND		3	2/1/2036	500000	 500,000 	 -   	500000	480215	100	96.043	-19785	6/30/2026	Muni	100	Single	RFRSwap	3.49	3.00	5.59	-1.98	0.054	 272 	0.09	0.21	0.32	1.01	4.00	0.00	0.00	5.6	0.0	-88.7	-52	0.00	0.00	0.00	0.00	0.00	0.00	0.00	0.04	0.00	4.33	0.08	0.00	4.28	0.09	0.00	4.19	5.74	0.06	0.62	7.16	0.07	-5.66	7.54	0.06	-12.20
233_PUB_HTM	611387	254278KQ6	MUNI	IG-2	DILWORTH-GLYNDON-FELTON MN IND		3	2/1/2037	500000	 500,000 	 -   	500000	473531.75	100	94.70635	-26468.25	6/30/2026	Muni	100	Single	RFRSwap	3.61	3.00	6.52	-1.69	0.063	 313 	0.05	0.16	0.28	0.64	5.11	0.29	0.00	6.8	0.0	-74.4	-43	0.00	0.00	0.00	0.00	0.00	0.00	0.00	0.04	0.00	5.66	0.08	0.00	5.61	0.09	0.00	5.51	6.76	0.07	0.52	7.94	0.07	-6.43	8.21	0.07	-13.42
233_PUB_HTM	612126	258885P48	MUNI	IG-2	DOUGLAS CNTY CO SCH DIST #RE-1		4	12/15/2034	1000000	 1,000,000 	 -   	1036036.41	1018125.8	103.6036	101.81258	-17910.61	6/30/2026	Muni	100	Single	RFRSwap	3.75	3.50	3.81	-1.02	0.039	 388 	0.00	0.68	0.93	1.00	1.22	0.00	0.00	3.6	0.0	-123.6	-76	0.00	0.00	0.00	0.00	0.00	0.00	0.00	2.28	0.03	12.72	2.38	0.03	10.12	2.43	0.03	7.45	4.02	0.04	0.98	5.08	0.05	-3.64	5.77	0.05	-8.86
233_PUB_HTM	612749	259291NE8	MUNI	IG-2	DOUGLAS CNTY NE SCH DIST #1		5	12/15/2029	2000000	 2,000,000 	 -   	2026301.17	2020996.2	101.3151	101.04981	-5304.97	6/30/2026	Muni	100	Single	RFRSwap	4.67	4.58	0.65	-0.44	0.007	 132 	0.46	0.04	0.10	0.02	0.00	0.00	0.00	0.6	0.0	-141.5	-127	0.00	0.00	0.00	0.00	0.00	0.00	0.00	0.31	0.00	2.09	0.43	0.00	1.75	0.47	0.00	1.27	0.46	0.00	0.32	0.78	0.01	-0.26	1.50	0.01	-1.38
233_PUB_HTM	612040	259309M74	MUNI	IG-2	DOUGLAS CNTY NE SCH DIST #10		4	12/15/2033	375000	 375,000 	 -   	393204.88	383689.24	104.8546	102.31713	-9515.64	6/30/2026	Muni	100	Single	RFRSwap	3.64	3.26	4.40	-0.49	0.045	 169 	0.00	0.00	1.40	1.98	1.02	0.00	0.00	4.5	0.0	-99.0	-65	0.00	0.00	0.00	0.00	0.00	0.00	0.00	3.21	0.04	17.19	3.29	0.04	13.41	3.40	0.04	9.60	4.56	0.05	1.16	5.15	0.05	-3.77	5.53	0.05	-8.92
233_PUB_HTM	612497	259327T79	MUNI	IG-2	DOUGLAS CNTY NE SCH DIST #17		2	12/15/2038	3170000	 3,170,000 	 -   	2666871.89	2456687.23	84.1285	77.49802	-210184.65	6/30/2026	Muni	100	Single	RFRSwap	4.36	3.59	10.40	1.08	0.081	 2,558 	-0.02	-0.03	-0.08	-0.22	8.04	2.70	0.00	11.8	0.0	22.7	26	0.00	0.00	0.00	0.00	0.00	0.00	0.00	4.33	0.05	32.33	7.57	0.08	26.30	9.75	0.09	17.45	10.46	0.08	-0.21	10.38	0.07	-7.87	10.23	0.06	-14.70
233_PUB_HTM	611899	260183D21	MUNI	IG-2	DOVER NH		3	6/15/2034	2000000	 2,000,000 	 -   	2000000	1949301.4	100	97.46507	-50698.6	6/30/2026	Muni	100	Single	RFRSwap	3.37	3.00	6.97	0.59	0.068	 1,360 	-0.01	-0.02	-0.04	2.80	4.23	0.00	0.00	8.0	0.0	-59.5	-60	0.00	0.00	0.00	0.00	0.00	0.00	0.00	7.42	0.10	33.12	7.34	0.09	23.83	7.25	0.08	15.29	7.04	0.07	0.26	6.94	0.06	-6.34	6.83	0.06	-12.41
233_PUB_HTM	611887	260741QP1	MUNI	IG-2	DOWNERS GROVE IL		3.5	1/1/2032	1115000	 1,115,000 	 -   	1115000	1115063.78	100	100.00572	63.78	6/30/2026	Muni	100	Single	RFRSwap	3.50	3.50	0.86	-1.95	0.009	 98 	0.25	0.08	0.09	0.41	0.03	0.00	0.00	0.6	0.0	-157.3	-56	0.00	0.00	0.00	0.00	0.00	0.00	0.00	0.13	0.00	0.76	0.13	0.00	0.63	0.13	0.00	0.49	0.23	0.00	0.22	2.40	0.02	-0.96	3.73	0.04	-4.12
233_PUB_HTM	611924	261005PA4	MUNI	IG-2	DOWNEY CA UNIF SCH DIST		4	8/1/2034	1055000	 1,055,000 	 -   	1086696.7	1076666.54	103.0044	102.0537	-10030.17	6/30/2026	Muni	100	Single	RFRSwap	3.70	3.57	3.17	-0.97	0.033	 347 	0.00	1.11	0.47	0.83	0.81	0.00	0.00	3.1	0.0	-143.8	-104	0.00	0.00	0.00	0.00	0.00	0.00	0.00	2.01	0.02	10.82	2.02	0.02	8.54	2.03	0.02	6.29	3.35	0.04	0.99	4.46	0.04	-3.03	5.27	0.05	-7.85
233_PUB_HTM	611790	261005PC0	MUNI	IG-2	DOWNEY CA UNIF SCH DIST		4	8/1/2036	2065000	 2,065,000 	 -   	2123384.32	2096392.54	102.8273	101.52022	-26991.77	6/30/2026	Muni	100	Single	RFRSwap	3.82	3.66	3.69	-1.40	0.038	 787 	0.00	1.02	0.44	0.48	1.77	0.01	0.00	3.6	0.0	-137.0	-77	0.00	0.00	0.00	0.00	0.00	0.00	0.00	2.01	0.02	11.21	2.02	0.02	8.94	2.03	0.02	6.69	3.89	0.04	0.96	5.36	0.05	-3.78	6.30	0.06	-9.44
233_PUB_HTM	611344	261399XY0	MUNI	IG-2	DRACUT MA		2	10/15/2034	450000	 450,000 	 -   	401238.58	390987.23	89.1641	86.88605	-10251.35	6/30/2026	Muni	100	Single	RFRSwap	3.86	3.52	7.14	0.33	0.062	 281 	-0.02	-0.03	0.00	2.52	4.67	0.00	0.00	7.6	0.0	-15.2	-11	0.00	0.00	0.00	0.00	0.00	0.00	0.00	3.12	0.03	22.03	4.19	0.04	18.39	6.07	0.06	12.99	7.16	0.06	0.23	7.24	0.06	-5.87	7.20	0.05	-11.54
233_PUB_HTM	611878	261399XZ7	MUNI	IG-2	DRACUT MA		2	10/15/2035	430000	 430,000 	 -   	376427.18	366123.63	87.5412	85.14503	-10303.55	6/30/2026	Muni	100	Single	RFRSwap	3.92	3.59	7.91	0.45	0.068	 291 	-0.02	-0.03	-0.03	1.18	6.79	0.00	0.00	8.5	0.0	-12.5	-8	0.00	0.00	0.00	0.00	0.00	0.00	0.00	3.12	0.03	23.67	4.42	0.05	19.97	6.65	0.07	14.16	7.92	0.07	0.29	7.97	0.06	-6.28	7.94	0.06	-12.34
233_PUB_HTM	611348	261399YA1	MUNI	IG-2	DRACUT MA		2	10/15/2036	425000	 425,000 	 -   	367146.95	353120.43	86.3875	83.08716	-14026.52	6/30/2026	Muni	100	Single	RFRSwap	4.02	3.59	8.68	0.63	0.073	 308 	-0.02	-0.03	-0.04	-0.04	8.54	0.26	0.00	9.4	0.0	-5.5	-1	0.00	0.00	0.00	0.00	0.00	0.00	0.00	3.12	0.03	25.47	4.81	0.05	21.64	7.34	0.07	15.27	8.67	0.07	0.23	8.71	0.07	-6.75	8.66	0.06	-13.14
233_PUB_HTM	611513	261399YB9	MUNI	IG-2	DRACUT MA		2	10/15/2037	415000	 415,000 	 -   	353724.63	336171.87	85.2349	81.00527	-17552.76	6/30/2026	Muni	100	Single	RFRSwap	4.12	3.60	9.43	0.78	0.077	 319 	-0.02	-0.03	-0.06	-0.10	8.38	1.25	0.00	10.4	0.0	1.1	5	0.00	0.00	0.00	0.00	0.00	0.00	0.00	3.12	0.03	27.30	5.33	0.06	23.28	8.14	0.08	16.22	9.44	0.08	0.05	9.46	0.07	-7.30	9.37	0.06	-13.96
233_PUB_HTM	611302	261399YC7	MUNI	IG-2	DRACUT MA		2	10/15/2038	415000	 415,000 	 -   	347443.8	328222.42	83.7214	79.08974	-19221.38	6/30/2026	Muni	100	Single	RFRSwap	4.19	3.66	10.15	0.94	0.081	 335 	-0.02	-0.03	-0.06	-0.14	7.99	2.42	0.00	11.3	0.0	5.2	10	0.00	0.00	0.00	0.00	0.00	0.00	0.00	3.13	0.03	29.07	5.91	0.06	24.79	8.94	0.09	17.07	10.16	0.08	-0.16	10.17	0.07	-7.84	10.05	0.07	-14.73
233_PUB_HTM	611324	261399YD5	MUNI	IG-2	DRACUT MA		2	10/15/2039	415000	 415,000 	 -   	342590.99	320006.25	82.552	77.10994	-22584.73	6/30/2026	Muni	100	Single	RFRSwap	4.28	3.67	10.86	1.12	0.084	 349 	-0.02	-0.03	-0.07	-0.19	7.41	3.76	0.00	12.4	0.0	10.2	14	0.00	0.00	0.00	0.00	0.00	0.00	0.00	3.14	0.03	30.86	6.52	0.07	26.31	9.74	0.09	17.89	10.90	0.08	-0.30	10.84	0.08	-8.27	10.69	0.07	-15.34
233_PUB_HTM	611394	261399YE3	MUNI	IG-2	DRACUT MA		2	10/15/2040	415000	 415,000 	 -   	337859.24	312277.62	81.4119	75.24762	-25581.62	6/30/2026	Muni	100	Single	RFRSwap	4.34	3.68	11.53	1.32	0.087	 362 	-0.02	-0.03	-0.07	-0.20	6.62	5.22	0.00	13.2	0.0	13.9	18	0.00	0.00	0.00	0.00	0.00	0.00	0.00	3.16	0.03	32.58	7.17	0.07	27.72	10.49	0.10	18.64	11.57	0.09	-0.42	11.49	0.08	-8.62	11.30	0.07	-15.84
233_PUB_HTM	612501	262061QK3	MUNI	IG-2	DRIPPING SPRINGS TX INDEP SCHD		4	2/15/2034	1500000	 1,500,000 	 -   	1538646.98	1520735.4	102.5765	101.38236	-17911.58	6/30/2026	Muni	100	Single	RFRSwap	3.79	3.61	2.72	-1.13	0.028	 420 	0.32	0.78	0.26	0.80	0.59	0.00	0.00	2.6	0.0	-138.0	-92	0.00	0.00	0.00	0.00	0.00	0.00	0.00	1.55	0.02	8.48	1.59	0.02	6.76	1.59	0.02	5.03	2.76	0.03	0.96	4.02	0.04	-2.51	4.93	0.05	-6.94
233_PUB_HTM	612861	262548GA2	MUNI	IG-2	DU PAGE & COOK CNTYS IL TWP HI		3	1/15/2031	675000	 675,000 	 -   	678689.16	677799.29	100.5465	100.41471	-889.86	6/30/2026	Muni	100	Single	RFRSwap	2.90	2.87	2.36	-0.69	0.024	 162 	0.35	0.66	0.54	0.83	0.00	0.00	0.00	2.2	0.0	-173.6	-133	0.00	0.00	0.00	0.00	0.00	0.00	0.00	1.53	0.02	8.21	1.53	0.02	6.55	1.53	0.02	4.91	2.37	0.02	1.08	2.94	0.03	-1.63	3.37	0.03	-4.78
233_PUB_HTM	612583	262548GB0	MUNI	IG-2	DU PAGE & COOK CNTYS IL TWP HI		3	1/15/2032	695000	 695,000 	 -   	698529.66	696681.2	100.5079	100.2419	-1848.45	6/30/2026	Muni	100	Single	RFRSwap	2.95	2.90	2.67	-0.91	0.027	 189 	0.32	0.64	0.32	1.30	0.13	0.00	0.00	2.4	0.0	-175.6	-122	0.00	0.00	0.00	0.00	0.00	0.00	0.00	1.53	0.02	8.47	1.53	0.02	6.81	1.53	0.02	5.16	2.62	0.03	1.13	3.43	0.03	-1.96	3.97	0.04	-5.60
233_PUB_HTM	611155	262548GC8	MUNI	IG-2	DU PAGE & COOK CNTYS IL TWP HI		3	1/15/2033	715000	 715,000 	 -   	718371.73	711555.49	100.4716	99.51825	-6816.24	6/30/2026	Muni	100	Single	RFRSwap	3.08	2.92	3.21	-1.19	0.032	 232 	0.25	0.57	0.34	1.54	0.55	0.00	0.00	3.0	0.0	-157.4	-85	0.00	0.00	0.00	0.00	0.00	0.00	0.00	1.53	0.02	8.94	1.53	0.02	7.28	1.55	0.02	5.64	3.13	0.03	1.17	4.11	0.04	-2.49	4.70	0.04	-6.75
233_PUB_HTM	611545	262548GD6	MUNI	IG-2	DU PAGE & COOK CNTYS IL TWP HI		3	1/15/2034	740000	 740,000 	 -   	743279.46	723532.56	100.4432	97.77467	-19746.91	6/30/2026	Muni	100	Single	RFRSwap	3.34	2.93	4.22	-1.31	0.042	 310 	0.13	0.41	0.37	1.88	1.48	0.00	0.00	4.0	0.0	-112.8	-62	0.00	0.00	0.00	0.00	0.00	0.00	0.00	1.52	0.02	9.94	1.52	0.02	8.29	1.65	0.02	6.65	4.23	0.04	0.88	5.21	0.05	-3.77	5.71	0.05	-8.87
233_PUB_HTM	612699	262741FL0	MUNI	IG-2	DU PAGE CNTY IL SCH DIST #10		3	1/1/2039	1170000	 1,170,000 	 -   	1173888.87	1070046.78	100.3324	91.45699	-103842.09	6/30/2026	Muni	100	Single	RFRSwap	3.87	2.97	8.32	-0.30	0.077	 905 	-0.01	-0.01	0.27	0.68	5.73	1.72	0.00	9.2	0.0	-50.1	-23	0.00	0.00	0.00	0.00	0.00	0.00	0.00	3.40	0.04	23.23	3.57	0.04	19.33	5.33	0.06	14.59	8.47	0.08	0.20	9.02	0.08	-7.65	9.16	0.07	-15.07
233_PUB_HTM	612842	262741FM8	MUNI	IG-2	DU PAGE CNTY IL SCH DIST #10		3	1/1/2040	1200000	 1,200,000 	 -   	1203168.49	1066492.32	100.264	88.87436	-136676.17	6/30/2026	Muni	100	Single	RFRSwap	4.08	2.98	9.18	-0.03	0.083	 996 	-0.01	-0.01	0.16	0.49	5.75	2.80	0.00	10.3	0.0	-26.1	-5	0.00	0.00	0.00	0.00	0.00	0.00	0.00	3.40	0.04	24.82	3.73	0.04	20.93	6.04	0.06	15.75	9.29	0.08	-0.01	9.72	0.08	-8.24	9.77	0.07	-15.88
233_PUB_HTM	612153	262741FN6	MUNI	IG-2	DU PAGE CNTY IL SCH DIST #10		3	1/1/2041	1240000	 1,240,000 	 -   	1242517.15	1083895.66	100.203	87.41094	-158621.5	6/30/2026	Muni	100	Single	RFRSwap	4.17	2.98	9.78	0.12	0.087	 1,079 	-0.01	-0.01	0.11	0.44	5.37	3.87	0.00	11.3	0.0	-19.5	1	0.00	0.00	0.00	0.00	0.00	0.00	0.00	3.40	0.04	26.01	3.84	0.04	22.10	6.55	0.07	16.60	9.92	0.09	-0.14	10.25	0.08	-8.69	10.28	0.07	-16.54
233_PUB_HTM	612492	26362VMG0	MUNI	IG-2	DUBLIN CA UNIF SCH DIST		5	8/1/2034	2440000	 2,440,000 	 -   	2514590.98	2499595.29	103.057	102.44243	-14995.68	6/30/2026	Muni	100	Single	RFRSwap	4.63	4.54	1.53	-0.81	0.016	 390 	0.79	0.19	0.09	0.24	0.23	0.00	0.00	1.4	0.0	-155.7	-134	0.00	0.00	0.00	0.00	0.00	0.00	0.00	1.04	0.01	5.36	1.06	0.01	4.23	1.06	0.01	3.07	1.36	0.01	0.73	2.41	0.02	-1.19	3.75	0.04	-4.35
233_PUB_HTM	611406	26362VMH8	MUNI	IG-2	DUBLIN CA UNIF SCH DIST		3	8/1/2035	2560000	 2,560,000 	 -   	2569669.02	2501915.9	100.3777	97.73109	-67753.12	6/30/2026	Muni	100	Single	RFRSwap	3.29	2.95	4.47	-1.95	0.044	 1,133 	0.23	0.28	0.31	1.10	2.56	0.00	0.00	4.2	0.0	-131.9	-70	0.00	0.00	0.00	0.00	0.00	0.00	0.00	1.05	0.01	8.04	1.08	0.01	6.92	1.15	0.01	5.78	4.39	0.04	0.71	5.79	0.05	-4.32	6.50	0.06	-10.01
233_PUB_HTM	611577	26371GTV2	MUNI	IG-2	DUBLIN OH CITY SCH DIST		4	12/1/2035	975000	 975,000 	 -   	1013008.59	990967.48	103.8983	101.63769	-22041.11	6/30/2026	Muni	100	Single	RFRSwap	3.79	3.51	4.00	-1.19	0.041	 397 	0.00	0.71	0.85	0.73	1.71	0.00	0.00	3.9	0.0	-125.7	-70	0.00	0.00	0.00	0.00	0.00	0.00	0.00	2.25	0.03	12.74	2.34	0.03	10.18	2.39	0.03	7.55	4.21	0.04	0.99	5.45	0.05	-3.90	6.21	0.06	-9.47
233_PUB_HTM	611918	266765KG0	MUNI	IG-2	DURHAM NH		2.35	8/15/2027	185000	 185,000 	 -   	185000	184740.56	100	99.85976	-259.44	6/30/2026	Muni	100	Single	RFRSwap	2.48	2.35	0.59	-0.72	0.006	 11 	0.55	0.05	0.00	0.00	0.00	0.00	0.00	0.6	0.0	-181.7	-157	0.00	0.00	0.00	0.00	0.00	0.00	0.00	0.05	0.00	0.54	0.08	0.00	0.49	0.09	0.00	0.40	0.15	0.00	0.22	0.80	0.01	-0.26	1.04	0.01	-1.22
233_PUB_HTM	611221	266765KH8	MUNI	IG-2	DURHAM NH		2.4	8/15/2028	130000	 130,000 	 -   	130000	129477.27	100	99.5979	-522.73	6/30/2026	Muni	100	Single	RFRSwap	2.60	2.40	1.08	-1.07	0.011	 14 	0.34	0.70	0.08	0.00	0.00	0.00	0.00	1.0	0.0	-179.5	-142	0.00	0.00	0.00	0.00	0.00	0.00	0.00	0.05	0.00	0.81	0.08	0.00	0.75	0.09	0.00	0.66	0.39	0.00	0.43	1.49	0.01	-0.56	1.86	0.02	-2.27
233_PUB_HTM	612974	266765KJ4	MUNI	IG-2	DURHAM NH		2.5	8/15/2029	130000	 130,000 	 -   	130000	129342.45	100	99.49419	-657.55	6/30/2026	Muni	100	Single	RFRSwap	2.67	2.50	1.38	-1.44	0.014	 18 	0.31	0.26	0.82	0.05	0.00	0.00	0.00	1.2	0.0	-181.6	-128	0.00	0.00	0.00	0.00	0.00	0.00	0.00	0.05	0.00	0.92	0.08	0.00	0.87	0.09	0.00	0.78	0.58	0.01	0.51	2.08	0.02	-0.89	2.61	0.03	-3.26
233_PUB_HTM	612059	266765KK1	MUNI	IG-2	DURHAM NH		2.6	8/15/2030	130000	 130,000 	 -   	130000	127522.97	100	98.09459	-2477.03	6/30/2026	Muni	100	Single	RFRSwap	3.10	2.60	2.70	-1.08	0.027	 35 	0.20	0.28	1.16	1.08	0.00	0.00	0.00	2.5	0.0	-110.5	-82	0.00	0.00	0.00	0.00	0.00	0.00	0.00	0.04	0.00	2.27	0.08	0.00	2.21	0.09	0.00	2.12	2.19	0.02	1.03	3.31	0.03	-1.83	3.60	0.03	-5.16
233_PUB_HTM	611192	266765KL9	MUNI	IG-2	DURHAM NH		2.7	8/15/2031	130000	 130,000 	 -   	130000	127411.76	100	98.00905	-2588.24	6/30/2026	Muni	100	Single	RFRSwap	3.12	2.70	3.08	-1.47	0.030	 40 	0.20	0.27	0.39	2.19	0.05	0.00	0.00	2.9	0.0	-114.4	-79	0.00	0.00	0.00	0.00	0.00	0.00	0.00	0.04	0.00	2.36	0.08	0.00	2.31	0.09	0.00	2.22	2.55	0.03	1.01	3.96	0.04	-2.36	4.35	0.04	-6.34
233_PUB_HTM	611533	266765KM7	MUNI	IG-2	DURHAM NH		2.75	8/15/2032	130000	 130,000 	 -   	130000	125956.38	100	96.88952	-4043.62	6/30/2026	Muni	100	Single	RFRSwap	3.31	2.75	3.99	-1.31	0.039	 51 	0.13	0.24	0.36	2.64	0.67	0.00	0.00	3.9	0.0	-89.2	-61	0.00	0.00	0.00	0.00	0.00	0.00	0.00	0.04	0.00	3.46	0.08	0.00	3.41	0.09	0.00	3.32	3.61	0.04	1.23	4.82	0.05	-3.01	5.15	0.05	-7.66
233_PUB_HTM	611964	266765LC8	MUNI	IG-2	DURHAM NH		4	9/1/2028	175000	 175,000 	 -   	175000	175161.93	100	100.09253	161.93	6/30/2026	Muni	100	Single	RFRSwap	3.95	4.00	0.22	-0.57	0.002	 4 	0.12	0.06	0.01	0.00	0.00	0.00	0.00	0.2	0.0	-119.5	-99	0.00	0.00	0.00	0.00	0.00	0.00	0.00	0.04	0.00	0.40	0.08	0.00	0.34	0.09	0.00	0.25	0.09	0.00	0.07	0.59	0.01	-0.16	1.42	0.01	-1.21
233_PUB_HTM	612076	266765LD6	MUNI	IG-2	DURHAM NH		4	9/1/2029	185000	 185,000 	 -   	185000	185141.91	100	100.07671	141.91	6/30/2026	Muni	100	Single	RFRSwap	3.97	4.00	0.34	-0.94	0.003	 6 	0.16	0.05	0.13	0.01	0.00	0.00	0.00	0.2	0.0	-119.7	-81	0.00	0.00	0.00	0.00	0.00	0.00	0.00	0.04	0.00	0.41	0.08	0.00	0.36	0.09	0.00	0.27	0.10	0.00	0.09	0.95	0.01	-0.32	2.07	0.02	-1.91
233_PUB_HTM	612542	266765LE4	MUNI	IG-2	DURHAM NH		4	9/1/2030	190000	 190,000 	 -   	190000	190035.49	100	100.01868	35.49	6/30/2026	Muni	100	Single	RFRSwap	3.99	4.00	0.55	-1.30	0.006	 11 	0.20	0.07	0.16	0.14	0.00	0.00	0.00	0.4	0.0	-112.1	-15	0.00	0.00	0.00	0.00	0.00	0.00	0.00	0.04	0.00	0.46	0.08	0.00	0.41	0.09	0.00	0.32	0.14	0.00	0.14	1.55	0.02	-0.56	2.78	0.03	-2.83
233_PUB_HTM	612428	266765LF1	MUNI	IG-2	DURHAM NH		4	9/1/2031	200000	 200,000 	 -   	200000	200035.32	100	100.01766	35.32	6/30/2026	Muni	100	Single	RFRSwap	4.00	4.00	0.61	-1.55	0.006	 12 	0.20	0.07	0.07	0.29	0.01	0.00	0.00	0.5	0.0	-118.5	-14	0.00	0.00	0.00	0.00	0.00	0.00	0.00	0.04	0.00	0.47	0.08	0.00	0.42	0.09	0.00	0.33	0.15	0.00	0.15	1.93	0.02	-0.76	3.37	0.03	-3.51
233_PUB_HTM	612572	271227MV9	MUNI	IG-2	EAST BRIDGEWATER MA		4	9/15/2028	185000	 185,000 	 -   	185000	185032.62	100	100.01763	32.62	6/30/2026	Muni	100	Single	RFRSwap	3.99	4.00	0.44	-0.97	0.004	 8 	0.21	0.20	0.04	0.00	0.00	0.00	0.00	0.5	0.0	-83.7	-11	0.00	0.00	0.00	0.00	0.00	0.00	0.00	0.04	0.00	0.44	0.08	0.00	0.39	0.09	0.00	0.30	0.10	0.00	0.12	0.94	0.01	-0.30	1.66	0.02	-1.67
233_PUB_HTM	611220	271227MW7	MUNI	IG-2	EAST BRIDGEWATER MA		4	9/15/2029	260000	 260,000 	 -   	260000	260024.28	100	100.00934	24.28	6/30/2026	Muni	100	Single	RFRSwap	4.00	4.00	0.54	-1.26	0.005	 14 	0.22	0.10	0.24	0.03	0.00	0.00	0.00	0.5	0.0	-95.9	-6	0.00	0.00	0.00	0.00	0.00	0.00	0.00	0.04	0.00	0.46	0.08	0.00	0.41	0.09	0.00	0.32	0.12	0.00	0.14	1.32	0.01	-0.45	2.27	0.02	-2.34
233_PUB_HTM	612805	271227MY3	MUNI	IG-2	EAST BRIDGEWATER MA	1	4	9/15/2031	555000	 555,000 	 -   	555000	555027.64	100	100.00498	27.64	6/30/2026	Muni	100	Single	RFRSwap	4.00	4.00	0.66	-1.71	0.007	 37 	0.22	0.09	0.14	0.25	0.01	0.00	0.00	0.6	0.0	-105.6	-6	0.00	0.00	0.00	0.00	0.00	0.00	0.00	0.04	0.00	0.47	0.08	0.00	0.42	0.09	0.00	0.33	0.15	0.00	0.15	1.94	0.02	-0.77	3.21	0.03	-3.43
233_PUB_HTM	612014	272407JH1	MUNI	IG-2	EAST GRANBY CT		2.7	4/1/2027	250000	 250,000 	 -   	250000	249878.12	100	99.95125	-121.88	6/30/2026	Muni	100	Single	RFRSwap	2.76	2.70	0.37	-0.59	0.004	 9 	0.37	0.00	0.00	0.00	0.00	0.00	0.00	0.4	0.0	-143.1	-123	0.00	0.00	0.00	0.00	0.00	0.00	0.00	0.04	0.00	0.45	0.08	0.00	0.39	0.09	0.00	0.30	0.11	0.00	0.12	0.56	0.01	-0.17	0.72	0.01	-0.84
233_PUB_HTM	611273	272623JP5	MUNI	IG-2	EAST HADDAM CT	1	3	12/1/2037	295000	 295,000 	 -   	296784.84	279062.33	100.605	94.5974	-17722.51	6/30/2026	Muni	100	Single	RFRSwap	3.60	2.93	6.82	-0.96	0.065	 191 	-0.01	0.16	0.43	0.68	5.12	0.48	0.00	7.0	0.0	-83.8	-45	0.00	0.00	0.00	0.00	0.00	0.00	0.00	2.27	0.03	16.48	2.37	0.03	13.97	3.27	0.03	11.10	6.91	0.07	0.55	7.81	0.07	-6.28	8.18	0.07	-13.10
233_PUB_HTM	611432	272623JQ3	MUNI	IG-2	EAST HADDAM CT	1	3	12/1/2040	250000	 250,000 	 -   	250411.75	223502.22	100.1647	89.40089	-26909.52	6/30/2026	Muni	100	Single	RFRSwap	4.07	2.98	8.81	-0.23	0.079	 197 	-0.01	0.04	0.17	0.46	5.98	2.17	0.00	9.7	0.0	-25.4	-4	0.00	0.00	0.00	0.00	0.00	0.00	0.00	2.26	0.02	20.03	2.47	0.03	17.56	4.66	0.05	14.04	8.85	0.08	0.09	9.40	0.08	-7.78	9.55	0.07	-15.20
233_PUB_HTM	611992	272659NY5	MUNI	IG-2	EAST HAMPTON CT		4	8/15/2029	160000	 160,000 	 -   	160000	160021.5	100	100.01344	21.5	6/30/2026	Muni	100	Single	RFRSwap	3.99	4.00	0.46	-1.13	0.005	 7 	0.18	0.07	0.19	0.01	0.00	0.00	0.00	0.4	0.0	-100.6	-15	0.00	0.00	0.00	0.00	0.00	0.00	0.00	0.04	0.00	0.46	0.08	0.00	0.41	0.09	0.00	0.32	0.11	0.00	0.14	1.22	0.01	-0.39	2.18	0.02	-2.17
233_PUB_HTM	611601	272659NZ2	MUNI	IG-2	EAST HAMPTON CT		4	8/15/2030	160000	 160,000 	 -   	160000	160012.69	100	100.00793	12.69	6/30/2026	Muni	100	Single	RFRSwap	4.00	4.00	0.54	-1.40	0.006	 9 	0.17	0.06	0.15	0.12	0.00	0.00	0.00	0.4	0.0	-108.5	-10	0.00	0.00	0.00	0.00	0.00	0.00	0.00	0.04	0.00	0.47	0.08	0.00	0.42	0.09	0.00	0.33	0.13	0.00	0.15	1.58	0.02	-0.57	2.78	0.03	-2.85
233_PUB_HTM	612486	272659PA5	MUNI	IG-2	EAST HAMPTON CT		4	8/15/2031	160000	 160,000 	 -   	160000	160006.9	100	100.00431	6.9	6/30/2026	Muni	100	Single	RFRSwap	4.00	4.00	0.62	-1.67	0.006	 10 	0.17	0.06	0.07	0.25	0.01	0.00	0.00	0.5	0.0	-114.4	-7	0.00	0.00	0.00	0.00	0.00	0.00	0.00	0.04	0.00	0.48	0.08	0.00	0.43	0.09	0.00	0.34	0.16	0.00	0.16	1.99	0.02	-0.79	3.39	0.03	-3.57
233_PUB_HTM	611849	272659PB3	MUNI	IG-2	EAST HAMPTON CT		4	8/15/2032	160000	 160,000 	 -   	160000	160004.83	100	100.00302	4.83	6/30/2026	Muni	100	Single	RFRSwap	4.00	4.00	0.68	-1.92	0.007	 11 	0.17	0.05	0.06	0.25	0.06	0.00	0.00	0.5	0.0	-121.8	-6	0.00	0.00	0.00	0.00	0.00	0.00	0.00	0.04	0.00	0.49	0.08	0.00	0.44	0.09	0.00	0.35	0.18	0.00	0.16	2.30	0.02	-0.92	3.89	0.04	-4.12
233_PUB_HTM	611158	272659PC1	MUNI	IG-2	EAST HAMPTON CT		4	8/15/2033	160000	 160,000 	 -   	160000	160001.38	100	100.00086	1.38	6/30/2026	Muni	100	Single	RFRSwap	4.00	4.00	0.75	-2.17	0.008	 12 	0.17	0.05	0.06	0.23	0.13	0.00	0.00	0.5	0.0	-127.9	-6	0.00	0.00	0.00	0.00	0.00	0.00	0.00	0.04	0.00	0.50	0.08	0.00	0.44	0.09	0.00	0.35	0.26	0.00	0.17	2.84	0.03	-1.23	4.54	0.04	-5.02
233_PUB_HTM	612342	272659PU1	MUNI	IG-2	EAST HAMPTON CT		3	7/15/2030	895000	 895,000 	 -   	895000	895127.72	100	100.01427	127.72	6/30/2026	Muni	100	Single	RFRSwap	3.00	3.00	0.82	-1.42	0.008	 75 	0.27	0.10	0.25	0.18	0.00	0.00	0.00	0.6	0.0	-197.3	-106	0.00	0.00	0.00	0.00	0.00	0.00	0.00	0.15	0.00	0.95	0.17	0.00	0.80	0.17	0.00	0.62	0.26	0.00	0.26	1.77	0.02	-0.69	2.88	0.03	-3.10
233_PUB_HTM	612951	272659PV9	MUNI	IG-2	EAST HAMPTON CT		3	7/15/2031	1065000	 1,065,000 	 -   	1065000	1065044.62	100	100.00419	44.62	6/30/2026	Muni	100	Single	RFRSwap	3.00	3.00	0.92	-1.75	0.009	 100 	0.27	0.09	0.11	0.45	0.00	0.00	0.00	0.7	0.0	-203.2	-106	0.00	0.00	0.00	0.00	0.00	0.00	0.00	0.15	0.00	0.97	0.17	0.00	0.82	0.17	0.00	0.64	0.34	0.00	0.27	2.30	0.02	-0.95	3.54	0.03	-3.93
233_PUB_HTM	612563	272659PW7	MUNI	IG-2	EAST HAMPTON CT		3	7/15/2032	745000	 745,000 	 -   	745000	744369.8	100	99.91541	-630.2	6/30/2026	Muni	100	Single	RFRSwap	3.02	3.00	1.16	-2.20	0.012	 87 	0.29	0.12	0.13	0.55	0.12	0.00	0.00	1.0	0.0	-200.8	-100	0.00	0.00	0.00	0.00	0.00	0.00	0.00	0.15	0.00	1.06	0.17	0.00	0.90	0.17	0.00	0.73	0.48	0.00	0.34	2.80	0.03	-1.25	4.20	0.04	-4.82
233_PUB_HTM	612439	277317NN9	MUNI	IG-2	EASTHAMPTON MA		3	6/1/2034	2300000	 2,300,000 	 -   	2304675.93	2278417.26	100.2033	99.06162	-26258.68	6/30/2026	Muni	100	Single	RFRSwap	3.13	2.97	3.27	-1.90	0.033	 748 	0.40	0.25	0.28	1.18	1.17	0.00	0.00	2.9	0.0	-165.0	-83	0.00	0.00	0.00	0.00	0.00	0.00	0.00	0.80	0.01	6.10	0.90	0.01	5.25	0.93	0.01	4.28	3.27	0.03	0.71	4.69	0.05	-3.24	5.55	0.05	-8.09
233_PUB_HTM	611176	277317NP4	MUNI	IG-2	EASTHAMPTON MA		3	6/1/2035	2300000	 2,300,000 	 -   	2302327.55	2262890.42	100.1012	98.38654	-39437.13	6/30/2026	Muni	100	Single	RFRSwap	3.21	2.99	3.94	-2.09	0.039	 895 	0.31	0.28	0.31	1.05	2.09	0.00	0.00	3.7	0.0	-151.7	-78	0.00	0.00	0.00	0.00	0.00	0.00	0.00	0.79	0.01	6.65	0.90	0.01	5.80	0.95	0.01	4.84	3.83	0.04	0.68	5.43	0.05	-3.90	6.29	0.06	-9.33
233_PUB_HTM	612074	2784436G6	MUNI	IG-2	EAU CLAIRE WI		2.375	4/1/2029	335000	 335,000 	 -   	334360.69	326771.06	99.8092	97.5436	-7589.63	6/30/2026	Muni	100	Single	RFRSwap	3.32	2.45	2.33	-0.33	0.023	 77 	0.10	0.76	1.46	0.00	0.00	0.00	0.00	2.3	0.0	-72.7	-65	0.00	0.00	0.00	0.00	0.00	0.00	0.00	0.04	0.00	2.76	0.08	0.00	2.71	0.09	0.00	2.62	2.12	0.02	1.10	2.49	0.02	-1.22	2.55	0.02	-3.64
233_PUB_HTM	611750	2784436H4	MUNI	IG-2	EAU CLAIRE WI		2.5	4/1/2030	345000	 345,000 	 -   	345000	334978.65	100	97.09526	-10021.35	6/30/2026	Muni	100	Single	RFRSwap	3.33	2.50	2.95	-0.55	0.029	 100 	0.10	0.25	1.75	0.88	0.00	0.00	0.00	2.9	0.0	-72.6	-60	0.00	0.00	0.00	0.00	0.00	0.00	0.00	0.04	0.00	3.22	0.08	0.00	3.17	0.09	0.00	3.08	2.72	0.03	1.18	3.27	0.03	-1.81	3.39	0.03	-4.97
233_PUB_HTM	611389	2784436J0	MUNI	IG-2	EAU CLAIRE WI		2.5	4/1/2031	360000	 360,000 	 -   	358401.38	346535.71	99.5559	96.25992	-11865.67	6/30/2026	Muni	100	Single	RFRSwap	3.36	2.60	3.69	-0.64	0.036	 129 	0.06	0.19	0.76	2.69	0.00	0.00	0.00	3.6	0.0	-69.1	-55	0.00	0.00	0.00	0.00	0.00	0.00	0.00	0.04	0.00	4.05	0.08	0.00	4.00	0.09	0.00	3.91	3.54	0.03	1.16	4.12	0.04	-2.60	4.23	0.04	-6.47
233_PUB_HTM	611980	2784436K7	MUNI	IG-2	EAU CLAIRE WI		2.625	4/1/2032	370000	 370,000 	 -   	368100.38	355451.49	99.4866	96.06797	-12648.89	6/30/2026	Muni	100	Single	RFRSwap	3.38	2.72	4.20	-0.89	0.041	 150 	0.07	0.19	0.36	3.11	0.49	0.00	0.00	4.1	0.0	-72.1	-53	0.00	0.00	0.00	0.00	0.00	0.00	0.00	0.04	0.00	4.26	0.08	0.00	4.21	0.09	0.00	4.12	3.96	0.04	1.29	4.78	0.04	-3.01	4.98	0.04	-7.49
233_PUB_HTM	611690	280659UQ4	MUNI	IG-2	EDINA MN INDEP SCH DIST #273		3	2/1/2033	2735000	 2,735,000 	 -   	2742881.68	2713305.98	100.2882	99.2068	-29575.7	6/30/2026	Muni	100	Single	RFRSwap	3.13	2.95	2.61	-1.91	0.026	 717 	0.36	0.24	0.26	1.27	0.48	0.00	0.00	2.3	0.0	-156.9	-80	0.00	0.00	0.00	0.00	0.00	0.00	0.00	0.56	0.01	4.15	0.59	0.01	3.56	0.59	0.01	2.94	2.16	0.02	0.86	3.67	0.04	-2.10	4.53	0.04	-6.09
233_PUB_HTM	611283	280659UR2	MUNI	IG-2	EDINA MN INDEP SCH DIST #273		3	2/1/2034	2265000	 2,265,000 	 -   	2270631.4	2234793.51	100.2486	98.66638	-35837.89	6/30/2026	Muni	100	Single	RFRSwap	3.20	2.96	3.26	-2.16	0.033	 738 	0.30	0.26	0.30	1.38	1.10	0.00	0.00	3.1	0.0	-144.3	-75	0.00	0.00	0.00	0.00	0.00	0.00	0.00	0.56	0.01	4.62	0.59	0.01	4.04	0.59	0.01	3.42	2.94	0.03	0.71	4.52	0.04	-3.05	5.36	0.05	-7.78
233_PUB_HTM	612004	283461G21	MUNI	IG-2	EL PASO CNTY CO SCH DIST #20		4	12/15/2032	2100000	 2,100,000 	 -   	2115334.28	2108626.38	100.7302	100.41078	-6707.9	6/30/2026	Muni	100	Single	RFRSwap	3.93	3.87	1.28	-1.34	0.013	 271 	0.44	0.12	0.12	0.48	0.16	0.00	0.00	1.1	0.0	-159.9	-86	0.00	0.00	0.00	0.00	0.00	0.00	0.00	0.31	0.00	2.33	0.43	0.00	1.99	0.47	0.00	1.51	0.85	0.01	0.48	2.43	0.02	-1.12	3.91	0.04	-4.30
233_PUB_HTM	612083	283770JU0	MUNI	IG-2	EL PASO TX INDEP SCH DIST		4	8/15/2030	510000	 510,000 	 -   	511079.23	510712.16	100.2116	100.13964	-367.07	6/30/2026	Muni	100	Single	RFRSwap	2.84	2.27	0.13	0.00	0.001	 7 	0.13	0.00	0.00	0.00	0.00	0.00	0.00	0.1	0.0	-104.0	-104	0.00	0.00	0.00	0.00	0.00	0.00	0.00	0.07	0.00	0.55	0.11	0.00	0.48	0.13	0.00	0.34	0.13	0.00	0.08	0.13	0.00	-0.05	0.13	0.00	-0.18
233_PUB_HTM	612341	283770JV8	MUNI	IG-2	EL PASO TX INDEP SCH DIST		4	8/15/2031	650000	 650,000 	 -   	651322.98	650907.66	100.2035	100.13964	-415.32	6/30/2026	Muni	100	Single	RFRSwap	2.84	2.33	0.13	0.00	0.001	 8 	0.13	0.00	0.00	0.00	0.00	0.00	0.00	0.1	0.0	-104.0	-104	0.00	0.00	0.00	0.00	0.00	0.00	0.00	0.07	0.00	0.55	0.11	0.00	0.48	0.13	0.00	0.34	0.13	0.00	0.08	0.13	0.00	-0.05	0.13	0.00	-0.18
233_PUB_HTM	612245	283770JX4	MUNI	IG-2	EL PASO TX INDEP SCH DIST		4	8/15/2033	1000000	 1,000,000 	 -   	1001934.15	1001396.4	100.1934	100.13964	-537.75	6/30/2026	Muni	100	Single	RFRSwap	2.84	2.41	0.13	0.00	0.001	 13 	0.13	0.00	0.00	0.00	0.00	0.00	0.00	0.1	0.0	-104.0	-104	0.00	0.00	0.00	0.00	0.00	0.00	0.00	0.07	0.00	0.55	0.11	0.00	0.48	0.13	0.00	0.34	0.13	0.00	0.08	0.13	0.00	-0.05	0.13	0.00	-0.18
233_PUB_HTM	612584	283770JY2	MUNI	IG-2	EL PASO TX INDEP SCH DIST		4	8/15/2034	1840000	 1,840,000 	 -   	1843429.04	1842569.38	100.1864	100.13964	-859.66	6/30/2026	Muni	100	Single	RFRSwap	2.84	2.47	0.13	0.00	0.001	 24 	0.13	0.00	0.00	0.00	0.00	0.00	0.00	0.1	0.0	-104.0	-104	0.00	0.00	0.00	0.00	0.00	0.00	0.00	0.07	0.00	0.55	0.11	0.00	0.48	0.13	0.00	0.34	0.13	0.00	0.08	0.13	0.00	-0.05	0.13	0.00	-0.18
233_PUB_HTM	612249	286875EF2	MUNI	IG-2	ELIZABETHTOWN KY		2.5	7/1/2028	360000	 360,000 	 -   	360000	359174.74	100	99.77076	-825.26	6/30/2026	Muni	100	Single	RFRSwap	2.62	2.50	0.91	-1.09	0.009	 33 	0.33	0.60	0.00	0.00	0.00	0.00	0.00	0.9	0.0	-178.8	-140	0.00	0.00	0.00	0.00	0.00	0.00	0.00	0.13	0.00	0.89	0.13	0.00	0.76	0.13	0.00	0.63	0.31	0.00	0.36	1.35	0.01	-0.50	1.75	0.02	-2.10
233_PUB_HTM	612337	286875EG0	MUNI	IG-2	ELIZABETHTOWN KY		2.5	7/1/2029	370000	 370,000 	 -   	370000	366116.26	100	98.95034	-3883.74	6/30/2026	Muni	100	Single	RFRSwap	2.87	2.50	1.89	-0.99	0.019	 70 	0.29	0.35	1.27	0.00	0.00	0.00	0.00	1.8	0.0	-138.3	-109	0.00	0.00	0.00	0.00	0.00	0.00	0.00	0.13	0.00	1.66	0.13	0.00	1.53	0.13	0.00	1.40	1.19	0.01	0.82	2.35	0.02	-1.10	2.64	0.03	-3.58
233_PUB_HTM	612838	286875EH8	MUNI	IG-2	ELIZABETHTOWN KY		2.5	7/1/2030	380000	 380,000 	 -   	380000	374966.41	100	98.67537	-5033.59	6/30/2026	Muni	100	Single	RFRSwap	2.85	2.50	2.36	-1.31	0.024	 90 	0.26	0.29	1.05	0.77	0.00	0.00	0.00	2.2	0.0	-143.4	-107	0.00	0.00	0.00	0.00	0.00	0.00	0.00	0.13	0.00	1.94	0.13	0.00	1.81	0.13	0.00	1.68	1.64	0.02	0.91	3.05	0.03	-1.61	3.43	0.03	-4.78
233_PUB_HTM	611371	286875EJ4	MUNI	IG-2	ELIZABETHTOWN KY		2.5	7/1/2031	390000	 390,000 	 -   	390000	382484.66	100	98.07299	-7515.34	6/30/2026	Muni	100	Single	RFRSwap	2.92	2.50	3.03	-1.41	0.030	 117 	0.21	0.28	0.41	2.17	0.00	0.00	0.00	2.9	0.0	-134.3	-99	0.00	0.00	0.00	0.00	0.00	0.00	0.00	0.13	0.00	2.53	0.13	0.00	2.40	0.13	0.00	2.27	2.55	0.03	1.01	3.89	0.04	-2.33	4.27	0.04	-6.25
233_PUB_HTM	612736	286875EK1	MUNI	IG-2	ELIZABETHTOWN KY		2.5	7/1/2032	400000	 400,000 	 -   	400000	386067.84	100	96.51696	-13932.16	6/30/2026	Muni	100	Single	RFRSwap	3.14	2.50	4.13	-1.13	0.040	 162 	0.10	0.22	0.36	2.85	0.63	0.00	0.00	4.1	0.0	-101.6	-78	0.00	0.00	0.00	0.00	0.00	0.00	0.00	0.13	0.00	4.05	0.13	0.00	3.92	0.13	0.00	3.78	3.83	0.04	1.28	4.85	0.05	-3.05	5.12	0.05	-7.69
233_PUB_HTM	612010	287281VZ9	MUNI	IG-2	ELK GROVE CA UNIF SCH DIST		3	8/1/2033	1995000	 1,995,000 	 -   	1995582.9	1983635.88	100.0292	99.43037	-11947.02	6/30/2026	Muni	100	Single	RFRSwap	3.09	3.00	2.05	-3.06	0.021	 413 	0.31	0.19	0.21	0.95	0.52	0.00	0.00	1.9	0.0	-177.0	-85	0.00	0.00	0.00	0.00	0.00	0.00	0.00	0.05	0.00	1.08	0.08	0.00	1.03	0.09	0.00	0.94	1.12	0.01	0.51	3.34	0.03	-1.88	4.46	0.04	-5.74
233_PUB_HTM	611365	287281WA3	MUNI	IG-2	ELK GROVE CA UNIF SCH DIST		3.25	8/1/2034	2215000	 2,215,000 	 -   	2215894.71	2214174.03	100.0404	99.96271	-1720.69	6/30/2026	Muni	100	Single	RFRSwap	3.26	3.24	1.01	-2.82	0.010	 227 	0.21	0.07	0.08	0.30	0.32	0.00	0.00	0.4	0.0	-207.5	-78	0.00	0.00	0.00	0.00	0.00	0.00	0.00	0.05	0.00	0.59	0.08	0.00	0.53	0.09	0.00	0.44	0.50	0.01	0.15	3.18	0.03	-1.70	4.73	0.05	-5.67
233_PUB_HTM	611867	287425P63	MUNI	IG-2	ELK RIVER MN INDEP SCH DIST #7		2	2/1/2038	1080000	 1,080,000 	 -   	911436.61	869009.9	84.3923	80.46388	-42426.71	6/30/2026	Muni	100	Single	RFRSwap	4.14	3.67	9.60	0.82	0.078	 843 	-0.02	-0.03	-0.06	-0.12	8.25	1.58	0.00	10.7	0.0	1.9	6	0.00	0.00	0.00	0.00	0.00	0.00	0.00	2.53	0.03	26.21	4.63	0.05	22.96	8.08	0.08	16.30	9.59	0.08	-0.01	9.60	0.07	-7.46	9.51	0.06	-14.19
233_PUB_HTM	611736	289425UX6	MUNI	IG-2	ELMHURST IL		3	3/1/2030	1000000	 1,000,000 	 -   	1000000	999981.3	100	99.99813	-18.7	6/30/2026	Muni	100	Single	RFRSwap	3.00	3.00	0.58	-1.26	0.006	 58 	0.21	0.08	0.22	0.09	0.00	0.00	0.00	0.5	0.0	-204.0	-105	0.00	0.00	0.00	0.00	0.00	0.00	0.00	0.05	0.00	0.48	0.08	0.00	0.43	0.09	0.00	0.34	0.14	0.00	0.16	1.45	0.01	-0.51	2.56	0.03	-2.61
233_PUB_HTM	612495	289425UY4	MUNI	IG-2	ELMHURST IL		3	3/1/2031	1770000	 1,770,000 	 -   	1770000	1763314.18	100	99.62227	-6685.82	6/30/2026	Muni	100	Single	RFRSwap	3.09	3.00	1.43	-2.06	0.014	 255 	0.27	0.16	0.31	0.67	0.00	0.00	0.00	1.1	0.0	-163.8	-83	0.00	0.00	0.00	0.00	0.00	0.00	0.00	0.05	0.00	0.82	0.08	0.00	0.77	0.09	0.00	0.68	0.61	0.01	0.42	2.68	0.03	-1.30	3.57	0.03	-4.44
233_PUB_HTM	611494	289425UZ1	MUNI	IG-2	ELMHURST IL		3	3/1/2032	1230000	 1,230,000 	 -   	1230000	1220168.36	100	99.20068	-9831.64	6/30/2026	Muni	100	Single	RFRSwap	3.15	3.00	2.15	-2.33	0.022	 265 	0.29	0.21	0.25	1.27	0.16	0.00	0.00	1.9	0.0	-146.8	-76	0.00	0.00	0.00	0.00	0.00	0.00	0.00	0.04	0.00	1.23	0.08	0.00	1.17	0.09	0.00	1.08	1.20	0.01	0.66	3.53	0.03	-1.87	4.38	0.04	-5.76
233_PUB_HTM	612141	290047ET2	MUNI	IG-2	ELMWOOD PARK IL		2.75	12/1/2031	930000	 930,000 	 -   	926993.57	903587.72	99.6767	97.15997	-23405.85	6/30/2026	Muni	100	Single	RFRSwap	3.33	2.81	3.60	-1.20	0.035	 326 	0.14	0.24	0.38	2.65	0.22	0.00	0.00	3.4	0.0	-86.2	-59	0.00	0.00	0.00	0.00	0.00	0.00	0.00	0.04	0.00	3.19	0.08	0.00	3.14	0.09	0.00	3.05	3.24	0.03	1.14	4.35	0.04	-2.66	4.66	0.04	-6.87
233_PUB_HTM	612224	290047EU9	MUNI	IG-2	ELMWOOD PARK IL		3	12/1/2032	955000	 955,000 	 -   	955000	941020.71	100	98.5362	-13979.29	6/30/2026	Muni	100	Single	RFRSwap	3.25	3.00	2.97	-2.16	0.029	 280 	0.26	0.23	0.30	1.66	0.54	0.00	0.00	2.7	0.0	-125.9	-67	0.00	0.00	0.00	0.00	0.00	0.00	0.00	0.04	0.00	1.87	0.08	0.00	1.82	0.09	0.00	1.73	2.24	0.02	0.91	4.35	0.04	-2.52	5.08	0.05	-7.02
233_PUB_HTM	611892	300569HP8	MUNI	IG-2	EWING TWP NJ SCH DIST		4	7/15/2033	2000000	 2,000,000 	 -   	2058672.2	2028849	102.9336	101.44245	-29823.2	6/30/2026	Muni	100	Single	RFRSwap	3.76	3.53	3.09	-0.91	0.032	 638 	0.00	1.08	0.41	1.08	0.53	0.00	0.00	3.0	0.0	-117.1	-75	0.00	0.00	0.00	0.00	0.00	0.00	0.00	1.99	0.02	10.56	1.98	0.02	8.33	1.97	0.02	6.15	3.09	0.03	1.15	4.06	0.04	-2.52	4.75	0.05	-6.89
233_PUB_HTM	612410	303171DE9	MUNI	IG-2	FAIR HAVEN BORO NJ SCH DIST		3	6/1/2029	405000	 405,000 	 -   	405000	405022.23	100	100.00549	22.23	6/30/2026	Muni	100	Single	RFRSwap	3.00	3.00	0.47	-1.11	0.005	 19 	0.13	0.06	0.15	0.00	0.00	0.00	0.00	0.3	0.0	-197.0	-106	0.00	0.00	0.00	0.00	0.00	0.00	0.00	0.05	0.00	0.46	0.08	0.00	0.41	0.09	0.00	0.32	0.16	0.00	0.14	1.24	0.01	-0.40	2.11	0.02	-2.12
233_PUB_HTM	611629	303171DF6	MUNI	IG-2	FAIR HAVEN BORO NJ SCH DIST		3	6/1/2030	400000	 400,000 	 -   	400000	400015.6	100	100.0039	15.6	6/30/2026	Muni	100	Single	RFRSwap	3.00	3.00	0.54	-1.36	0.005	 22 	0.13	0.04	0.12	0.07	0.00	0.00	0.00	0.3	0.0	-208.2	-106	0.00	0.00	0.00	0.00	0.00	0.00	0.00	0.05	0.00	0.48	0.08	0.00	0.42	0.09	0.00	0.33	0.18	0.00	0.15	1.61	0.02	-0.57	2.72	0.03	-2.79
233_PUB_HTM	611698	3042437G7	MUNI	IG-2	FAIRFIELD CT		2	7/1/2035	1405000	 1,405,000 	 -   	1250317.4	1199275.54	88.9906	85.35769	-51041.86	6/30/2026	Muni	100	Single	RFRSwap	3.95	3.43	7.64	0.42	0.066	 927 	-0.01	-0.03	-0.03	1.57	6.14	0.00	0.00	8.3	0.0	-8.5	-4	0.00	0.00	0.00	0.00	0.00	0.00	0.00	1.01	0.01	17.50	1.46	0.02	16.42	5.29	0.05	13.00	7.50	0.06	0.28	7.62	0.06	-6.04	7.61	0.06	-11.93
233_PUB_HTM	612809	3042437H5	MUNI	IG-2	FAIRFIELD CT		2	7/1/2036	1420000	 1,420,000 	 -   	1239906.1	1183064.34	87.3173	83.31439	-56841.76	6/30/2026	Muni	100	Single	RFRSwap	4.04	3.51	8.42	0.56	0.071	 1,009 	-0.01	-0.03	-0.05	-0.04	8.53	0.00	0.00	9.3	0.0	-1.7	2	0.00	0.00	0.00	0.00	0.00	0.00	0.00	1.01	0.01	19.46	1.74	0.02	18.35	6.17	0.06	14.28	8.27	0.07	0.28	8.35	0.06	-6.48	8.33	0.06	-12.72
233_PUB_HTM	611382	3042437J1	MUNI	IG-2	FAIRFIELD CT		2	7/1/2037	1420000	 1,420,000 	 -   	1221746.91	1152432.38	86.0385	81.15721	-69314.52	6/30/2026	Muni	100	Single	RFRSwap	4.15	3.54	9.18	0.74	0.075	 1,071 	-0.01	-0.03	-0.06	-0.11	8.44	0.95	0.00	10.2	0.0	5.7	10	0.00	0.00	0.00	0.00	0.00	0.00	0.00	1.01	0.01	21.53	2.18	0.02	20.34	7.13	0.07	15.41	9.06	0.07	0.12	9.09	0.07	-7.02	9.04	0.06	-13.54
233_PUB_HTM	611824	304279TQ5	MUNI	IG-2	FAIRFIELD CNTY OH		4	12/1/2026	500000	 500,000 	 -   	500000	500444.45	100	100.08889	 444.45 	6/30/2026	Muni	100	Single	RFRSwap	3.77	3.99	0.09	-0.05	0.001	 5 	0.09	0.00	0.00	0.00	0.00	0.00	0.00	0.1	0.0	-92.0	-92	0.00	0.00	0.00	0.00	0.00	0.00	0.00	0.04	0.00	0.37	0.08	0.00	0.32	0.09	0.00	0.23	0.09	0.00	0.05	0.12	0.00	-0.04	0.36	0.00	-0.28
233_PUB_HTM	611871	304747GZ5	MUNI	IG-2	FAIRFIELD-SUISUN CA UNIF SCH D		4	8/1/2035	3590000	 3,590,000 	 -   	3595184.86	3594107.32	100.1444	100.11441	 (1,077.54)	6/30/2026	Muni	100	Single	RFRSwap	2.62	2.28	0.09	0.00	0.001	 32 	0.09	0.00	0.00	0.00	0.00	0.00	0.00	0.1	0.0	-125.4	-125	0.00	0.00	0.00	0.00	0.00	0.00	0.00	0.04	0.00	0.38	0.08	0.00	0.33	0.09	0.00	0.24	0.09	0.00	0.06	0.09	0.00	-0.03	0.09	0.00	-0.12
233_PUB_HTM	611530	304747JJ8	MUNI	IG-2	FAIRFIELD-SUISUN CA UNIF SCH D		2.125	8/1/2038	1410000	 1,410,000 	 -   	1218873.8	1141380.76	86.445	80.94899	-77493.04	6/30/2026	Muni	100	Single	RFRSwap	4.14	3.51	9.80	0.77	0.080	 1,131 	-0.01	-0.03	-0.05	-0.07	7.87	2.09	0.00	11.0	0.0	-0.1	5	0.00	0.00	0.00	0.00	0.00	0.00	0.00	2.04	0.02	24.80	3.62	0.04	22.33	7.74	0.08	16.36	9.75	0.08	-0.07	9.82	0.07	-7.71	9.73	0.07	-14.61
233_PUB_HTM	611593	306567SP4	MUNI	IG-2	FALLS CHURCH VA		3	7/15/2036	3885000	 3,885,000 	 -   	3885831.1	3796747.17	100.0214	97.72837	 (89,083.92)	6/30/2026	Muni	100	Single	RFRSwap	3.27	3.00	4.53	-3.09	0.045	 1,744 	0.21	0.25	0.30	0.57	3.29	0.01	0.00	4.5	0.0	-133.6	-75	0.00	0.00	0.00	0.00	0.00	0.00	0.00	0.15	0.00	3.25	0.17	0.00	3.10	0.17	0.00	2.92	3.75	0.04	0.58	5.71	0.05	-4.14	6.63	0.06	-9.88
233_PUB_HTM	611589	306783MG3	MUNI	IG-2	FALMOUTH ME		4	11/15/2030	850000	 850,000 	 -   	869902.19	865563.24	102.3414	101.83097	 (4,338.95)	6/30/2026	Muni	100	Single	RFRSwap	3.54	3.42	1.77	-0.50	0.018	 154 	0.60	0.56	0.30	0.33	0.00	0.00	0.00	1.7	0.0	-159.3	-142	0.00	0.00	0.00	0.00	0.00	0.00	0.00	1.26	0.01	6.74	1.34	0.01	5.37	1.36	0.01	3.91	1.65	0.02	0.94	2.28	0.02	-1.05	2.85	0.03	-3.62
233_PUB_HTM	611485	306783MH1	MUNI	IG-2	FALMOUTH ME		3	11/15/2031	775000	 775,000 	 -   	777858.2	775641.08	100.3688	100.08272	 (2,217.12)	6/30/2026	Muni	100	Single	RFRSwap	2.98	2.92	2.55	-1.03	0.026	 199 	0.40	0.51	0.32	1.27	0.09	0.00	0.00	2.3	0.0	-171.2	-112	0.00	0.00	0.00	0.00	0.00	0.00	0.00	1.27	0.01	7.53	1.35	0.01	6.16	1.38	0.01	4.70	2.49	0.03	1.08	3.34	0.03	-1.86	3.91	0.04	-5.40
233_PUB_HTM	612416	311001FV8	MUNI	IG-2	FARMERSVILLE TX	1	3.75	2/15/2031	265000	 265,000 	 -   	265000	265048.36	100	100.01825	48.36	6/30/2026	Muni	100	Single	RFRSwap	3.74	3.75	0.48	-1.28	0.005	 13 	0.17	0.08	0.13	0.08	0.00	0.00	0.00	0.4	0.0	-127.9	-44	0.00	0.00	0.00	0.00	0.00	0.00	0.00	0.04	0.00	0.46	0.08	0.00	0.41	0.09	0.00	0.31	0.11	0.00	0.13	1.43	0.01	-0.49	2.55	0.03	-2.56
233_PUB_HTM	612739	311117HG3	MUNI	IG-2	FARMINGDALE NY UNION FREE SCHD		2	9/15/2037	970000	 970,000 	 -   	832717.34	774329.27	85.8471	79.82776	 (58,388.06)	6/30/2026	Muni	100	Single	RFRSwap	4.28	3.54	9.43	0.87	0.076	 735 	-0.02	-0.03	-0.07	-0.17	8.52	1.19	0.00	10.6	0.0	19.4	22	0.00	0.00	0.00	0.00	0.00	0.00	0.00	2.10	0.02	25.42	4.42	0.05	22.66	8.13	0.08	16.05	9.41	0.08	0.05	9.39	0.07	-7.18	9.28	0.06	-13.71
233_PUB_HTM	611405	311117HH1	MUNI	IG-2	FARMINGDALE NY UNION FREE SCHD		2	9/15/2038	2000000	 2,000,000 	 -   	1691615	1557251	84.5807	77.86255	 (134,364.00)	6/30/2026	Muni	100	Single	RFRSwap	4.36	3.57	10.15	1.03	0.080	 1,592 	-0.02	-0.03	-0.07	-0.21	8.10	2.36	0.00	11.5	0.0	23.2	26	0.00	0.00	0.00	0.00	0.00	0.00	0.00	2.10	0.02	27.29	5.10	0.05	24.28	8.97	0.09	16.90	10.15	0.08	-0.15	10.10	0.07	-7.70	9.97	0.06	-14.45
233_PUB_HTM	612066	311117HJ7	MUNI	IG-2	FARMINGDALE NY UNION FREE SCHD		2	9/15/2039	2030000	 2,030,000 	 -   	1696295.8	1546179.34	83.5614	76.16647	 (150,116.46)	6/30/2026	Muni	100	Single	RFRSwap	4.40	3.57	10.82	1.19	0.083	 1,686 	-0.02	-0.03	-0.07	-0.22	7.48	3.67	0.00	12.4	0.0	23.8	27	0.00	0.00	0.00	0.00	0.00	0.00	0.00	2.10	0.02	28.97	5.68	0.06	25.73	9.73	0.09	17.69	10.84	0.08	-0.30	10.76	0.07	-8.13	10.60	0.07	-15.09
AFS	614792	31287TTT2	Agency MBS 30yr	G-2-Q	FREDDIE MAC	0.00817359	6.5	6/1/2032	2212800	 18,087 	 4,204.19 	19074.01	18735.73	105.4598	103.5894635	 (338.28)	6/30/2026	Model2501	100	LMMSOFRFLAT	RFRSwap	4.51	3.55	1.83	0.05	0.019	 3 	0.30	0.43	0.78	0.33	0.00	0.00	0.00	2.0	11.2	53.6	40	0.01	14.77	7.00	290.00	18086.52	NA	NA	1.81	0.02	5.89	1.83	0.02	3.90	1.84	0.02	1.93	1.81	0.02	-1.88	1.79	0.02	-3.70	1.79	0.02	-5.48
AFS	612885	31288ED61	Agency MBS 30yr	G-2-Q	FREDDIE MAC	0.01536139	5.5	11/1/2032	3203315	 49,207 	 7,847.73 	51786.31	49438.92	105.241	100.4705605	 (2,347.39)	6/30/2026	Model2501	100	LMMSOFRFLAT	RFRSwap	5.24	3.08	2.11	0.04	0.021	 10 	0.26	0.38	0.74	0.72	0.01	0.00	0.00	2.4	11.0	125.1	111	0.02	12.79	5.88	285.00	49207.37	NA	NA	1.94	0.02	6.42	2.03	0.02	4.31	2.10	0.02	2.15	2.12	0.02	-2.11	2.11	0.02	-4.18	2.11	0.02	-6.20
AFS	613772	31288Q6G0	Agency MBS ARM	G-2-Q	FREDDIE MAC	0.61480674	4.304	7/1/2054	26433638	 16,251,579 	 4,675,110.10 	16204268.03	16136199.05	99.7089	99.2900397	-68068.99	6/30/2026	Model2501	100	LMMSOFRFLAT	RFRSwap	4.98	4.85	2.25	-0.49	0.022	 3,647 	0.18	0.47	0.92	0.90	-0.12	-0.10	-0.05	3.8	22.9	79.5	90	0.61	20.34	4.94	38.00	416916.84	#SPILL!	#SPILL!	1.05	0.01	3.96	0.83	0.01	3.06	1.52	0.02	1.93	2.71	0.03	-2.45	3.11	0.03	-5.25	3.55	0.03	-8.33
AFS	613617	31288QWN6	Agency MBS ARM	G-2-Q	FREDDIE MAC	0.69158188	4.378	2/1/2053	28850491	 19,952,477 	 3,248,210.22 	19607022.84	19842257.01	98.2686	99.4475884	 235,234.16 	6/30/2026	Model2501	100	LMMSOFRFLAT	RFRSwap	4.96	5.34	2.14	-0.40	0.021	 4,259 	0.18	0.37	1.27	0.56	-0.15	-0.11	-0.05	3.8	23.2	80.5	87	0.69	9.23	5.00	44.00	370111.16	#SPILL!	#SPILL!	1.06	0.01	3.97	0.86	0.01	3.04	1.52	0.02	1.88	2.51	0.02	-2.30	2.83	0.03	-4.88	3.21	0.03	-7.69
AFS	613745	31288QXK1	Agency MBS ARM	G-2-Q	FREDDIE MAC	0.76648818	4.469	2/1/2053	50000000	 38,324,409 	 5,768,354.64 	37529733.8	38022577.87	97.9265	99.2124311	 492,844.08 	6/30/2026	Model2501	100	LMMSOFRFLAT	RFRSwap	4.96	5.39	2.14	-0.42	0.021	 8,176 	0.20	0.29	1.28	0.67	-0.18	-0.11	-0.05	3.5	24.0	80.5	89	0.77	7.23	5.10	41.00	398056.28	#SPILL!	#SPILL!	1.17	0.01	4.04	0.95	0.01	3.01	1.46	0.01	1.85	2.50	0.02	-2.30	2.79	0.03	-4.85	3.16	0.03	-7.61
AFS	614593	31288QXL9	Agency MBS ARM	G-2-Q	FREDDIE MAC	0.69738017	4.566	2/1/2053	14246371	 9,935,137 	 1,957,618.94 	9785535.66	9893241.72	98.4942	99.5783157	 107,706.06 	6/30/2026	Model2501	100	LMMSOFRFLAT	RFRSwap	4.95	5.31	2.02	-0.45	0.020	 2,009 	0.22	0.32	1.23	0.55	-0.17	-0.11	-0.05	3.5	24.2	78.4	87	0.70	10.21	5.19	42.00	391667.91	#SPILL!	#SPILL!	1.16	0.01	3.82	0.90	0.01	2.80	1.35	0.01	1.72	2.41	0.02	-2.21	2.69	0.03	-4.67	3.03	0.03	-7.35
AFS	614741	31288RE95	Agency MBS ARM	G-2-Q	FREDDIE MAC	0.88023694	5.18	5/1/2055	70000000	 61,616,586 	 7,589,194.90 	61399041.15	61983192.66	99.6469	100.5949808	 584,151.50 	6/30/2026	Model2501	100	LMMSOFRFLAT	RFRSwap	4.96	5.25	2.16	-1.15	0.022	 13,438 	0.27	0.34	0.49	1.25	0.03	-0.18	-0.05	3.8	22.6	63.1	91	0.88	9.97	5.84	14.00	494545.56	#SPILL!	#SPILL!	1.42	0.01	3.97	1.02	0.01	2.67	1.18	0.01	1.64	3.06	0.03	-2.65	3.53	0.03	-5.87	3.86	0.04	-9.32
AFS	613484	3128HDN21	Agency MBS ARM	G-2-Q	FREDDIE MAC	0.00003294	5.89	7/1/2028	2310000	 76 	 440.04 	76.14	75.74	100.0589	99.5362928	 (0.39)	6/30/2026	Model2501	100	LMMSOFRFLAT	RFRSwap	4.38	1.20	0.17	0.00	0.002	 0 	0.17	0.00	0.00	0.00	0.00	0.00	0.00	0.2	19.6	50.7	46	0.00	21.65	6.38	346.00	NA	FIFTH THIRD BANK, NATIONAL ASSOCIATION	100.00	0.17	0.00	0.50	0.17	0.00	0.34	0.17	0.00	0.17	0.17	0.00	-0.17	0.17	0.00	-0.33	0.17	0.00	-0.50
AFS	614033	3128HDW88	Agency MBS ARM	G-2-Q	FREDDIE MAC	0.00027582	6.25	1/1/2032	10004677	 2,759 	 465.49 	2764.22	2800.13	100.1715	101.4727469	 35.90 	6/30/2026	Model2501	100	LMMSOFRFLAT	RFRSwap	5.27	5.92	1.00	-0.07	0.010	 0 	0.79	0.01	0.07	0.12	0.00	-0.01	0.00	2.2	13.4	127.5	120	0.00	25.16	6.88	298.00	29735.71	JPMORGAN CHASE BANK, NATIONAL ASSOCIATIO	100.00	1.38	0.01	3.42	1.12	0.01	2.10	1.01	0.01	1.01	1.12	0.01	-1.06	1.34	0.01	-2.29	1.52	0.01	-3.71
AFS	614637	3128JMXY8	Agency MBS ARM	G-2-Q	FREDDIE MAC	0.00149931	6.5	10/1/2034	15092002	 22,628 	 3,132.57 	22948.11	23148.85	101.4165	102.3036553	 200.74 	6/30/2026	Model2501	100	LMMSOFRFLAT	RFRSwap	5.51	5.80	0.39	-0.01	0.004	 1 	-0.31	0.05	0.13	0.32	0.17	0.00	0.00	3.6	8.8	150.7	156	0.00	23.16	7.00	260.00	22627.59	JPMORGAN CHASE BANK, NATIONAL ASSOCIATIO	100.00	1.53	0.02	2.24	0.83	0.01	0.92	0.40	0.00	0.40	0.41	0.00	-0.41	0.85	0.01	-0.95	1.44	0.01	-2.19
AFS	612640	3128JNJ22	Agency MBS ARM	G-2-Q	FREDDIE MAC	0.00454792	6.524	9/1/2036	24593053	 111,847 	 225,453.81 	120280.48	114846.87	107.54	102.6818987	 (5,433.61)	6/30/2026	Model2501	100	LMMSOFRFLAT	RFRSwap	5.43	3.99	0.27	-0.03	0.003	 3 	-0.38	0.11	0.18	0.20	0.16	-0.03	-0.01	3.7	12.9	140.4	147	0.00	21.54	7.00	237.00	58508.69	#SPILL!	#SPILL!	1.34	0.01	1.90	0.75	0.01	0.66	0.29	0.00	0.29	0.29	0.00	-0.29	0.68	0.01	-0.64	1.32	0.01	-1.81
AFS	614354	3128JPAB6	Agency MBS ARM	G-2-Q	FREDDIE MAC	0.00268753	5.875	1/1/2038	42322221	 113,742 	 6,499.31 	117393.08	116377.12	103.2097	102.3165361	 (1,015.96)	6/30/2026	Model2501	100	LMMSOFRFLAT	RFRSwap	5.44	5.18	0.63	-0.08	0.006	 7 	0.02	0.04	0.13	0.14	0.25	-0.02	-0.01	4.1	12.2	139.0	145	0.00	25.39	6.50	221.00	60592.40	JPMORGAN CHASE BANK, NATIONAL ASSOCIATIO	100.00	1.30	0.01	2.32	0.73	0.01	1.29	0.61	0.01	0.63	0.82	0.01	-0.71	1.37	0.01	-1.82	1.81	0.02	-3.41
AFS	613863	3128JR3S3	Agency MBS ARM	G-2-Q	FREDDIE MAC	0.00361889	5.939	1/1/2037	23348935	 84,497 	 9,747.83 	87396.42	86370.56	103.4311	102.2170344	 (1,025.86)	6/30/2026	Model2501	100	LMMSOFRFLAT	RFRSwap	5.45	5.08	0.57	-0.08	0.006	 5 	0.00	0.04	0.13	0.16	0.22	-0.03	-0.01	3.8	12.8	140.8	147	0.00	24.96	6.49	233.00	84911.93	JPMORGAN CHASE BANK, NATIONAL ASSOCIATIO	100.00	1.24	0.01	2.15	0.68	0.01	1.17	0.55	0.01	0.56	0.75	0.01	-0.65	1.31	0.01	-1.69	1.71	0.02	-3.21
AFS	614456	3128JRRJ7	Agency MBS ARM	G-2-Q	FREDDIE MAC	0.02029666	6.162	1/1/2037	9515201	 193,127 	 12,123.03 	198684.71	198240.85	102.8779	102.6480295	 (443.85)	6/30/2026	Model2501	100	LMMSOFRFLAT	RFRSwap	5.44	5.36	0.60	-0.12	0.006	 12 	0.14	0.06	0.17	0.09	0.13	-0.06	-0.02	3.4	15.3	138.6	147	0.02	15.72	6.50	232.00	193126.83	ROCKET MORTGAGE, LLC	100.00	1.19	0.01	2.12	0.67	0.01	1.17	0.54	0.01	0.57	0.81	0.01	-0.69	1.32	0.01	-1.78	1.73	0.02	-3.31
AFS	612524	3128JRXD3	Agency MBS ARM	G-2-Q	FREDDIE MAC	0.006699	6.371	2/1/2038	20000000	 133,980 	 7,710.59 	138157.9	137959.42	103.1183	102.9701573	 (198.48)	6/30/2026	Model2501	100	LMMSOFRFLAT	RFRSwap	5.51	5.47	0.53	-0.06	0.005	 7 	-0.04	0.06	0.17	0.12	0.19	-0.04	-0.01	4.0	12.8	146.4	154	0.01	21.64	6.71	222.00	87460.89	#SPILL!	#SPILL!	1.22	0.01	2.12	0.70	0.01	1.11	0.51	0.01	0.53	0.66	0.01	-0.59	1.15	0.01	-1.48	1.65	0.02	-2.93
AFS	612764	3128KRY32	Agency MBS 30yr	G-2-Q	FREDDIE MAC	0.03082876	6	1/1/2037	3444017	 106,175 	 39,288.34 	113500.82	108745.04	106.9	102.4207925	 (4,755.78)	6/30/2026	Model2501	100	LMMSOFRFLAT	RFRSwap	4.86	2.93	2.16	0.05	0.022	 24 	0.26	0.38	0.74	0.78	0.02	0.00	0.00	2.4	10.8	88.8	73	0.03	12.10	6.44	288.00	53087.39	NA	NA	1.90	0.02	6.57	2.02	0.02	4.45	2.13	0.02	2.24	2.16	0.02	-2.20	2.15	0.02	-4.35	2.14	0.02	-6.44
AFS	612670	3128KWVU4	Agency MBS 30yr	G-2-Q	FREDDIE MAC	0.01299074	5.5	8/1/2037	1828883	 23,759 	 1,580.53 	25597.64	24198.89	107.7408	101.8534442	 (1,398.75)	6/30/2026	Model2501	100	LMMSOFRFLAT	RFRSwap	5.00	3.49	3.60	0.09	0.037	 9 	0.17	0.25	0.52	1.43	1.22	0.00	0.00	4.4	9.2	99.2	75	0.01	18.33	6.25	229.00	23758.54	NA	NA	2.87	0.03	10.75	3.23	0.04	7.35	3.50	0.04	3.71	3.63	0.04	-3.63	3.65	0.03	-7.16	3.64	0.03	-10.56
AFS	612999	3128L7EG8	Agency MBS 30yr	G-2-Q	FREDDIE MAC	0.04346185	5	2/1/2038	3228512	 140,317 	 12,090.48 	149619.61	141144.88	106.6296	100.5899349	 (8,474.72)	6/30/2026	Model2501	100	LMMSOFRFLAT	RFRSwap	4.83	3.17	3.27	-0.11	0.033	 46 	0.18	0.28	0.56	1.44	0.84	-0.03	-0.01	4.0	8.3	79.5	59	0.04	13.30	5.62	221.00	70158.55	NA	NA	1.69	0.02	8.04	2.25	0.02	5.94	2.91	0.03	3.20	3.41	0.03	-3.33	3.45	0.03	-6.62	3.48	0.03	-9.83
AFS	614078	3128LCJU1	Agency MBS 30yr	G-2-Q	FREDDIE MAC	0.22762501	5.5	11/1/2037	1203300	 273,901 	 23,962.78 	294193.98	280849.4	107.4088	102.536765	 (13,344.58)	6/30/2026	Model2501	100	LMMSOFRFLAT	RFRSwap	4.76	3.43	3.23	-0.11	0.033	 91 	0.19	0.28	0.55	1.40	0.85	-0.03	-0.01	4.0	8.9	74.0	53	0.23	4.78	6.06	236.00	91300.39	NA	NA	2.18	0.02	8.55	2.38	0.03	6.08	2.91	0.03	3.23	3.37	0.03	-3.35	3.42	0.03	-6.69	3.45	0.03	-9.93
AFS	613357	3128LLCD6	Agency MBS ARM	G-2-Q	FREDDIE MAC	0.01180364	6.14	12/1/2041	40309953	 475,804 	 24,438.19 	490784.75	494659.06	103.1485	103.9627404	 3,874.31 	6/30/2026	Model2501	100	LMMSOFRFLAT	RFRSwap	5.11	5.36	0.93	-0.84	0.010	 46 	0.14	0.29	0.36	0.09	0.19	-0.13	-0.06	3.8	17.4	80.0	113	0.01	23.84	6.50	173.00	180990.28	WELLS FARGO BANK, NATIONAL ASSOCIATION	100.00	0.87	0.01	1.64	0.41	0.00	0.97	0.39	0.00	0.64	1.95	0.02	-1.46	3.05	0.03	-4.03	3.81	0.04	-7.46
AFS	612158	3128LLK21	Agency MBS ARM	G-2-Q	FREDDIE MAC	0.01066696	6.14	3/1/2042	40040026	 427,105 	 132,151.44 	438048.68	440789.56	102.5622	103.2039407	 2,740.87 	6/30/2026	Model2501	100	LMMSOFRFLAT	RFRSwap	5.28	5.48	0.94	-0.60	0.010	 42 	0.31	0.22	0.32	0.06	0.17	-0.12	-0.05	3.8	18.2	102.9	130	0.01	24.84	6.50	170.00	177093.78	WELLS FARGO BANK, NATIONAL ASSOCIATION	100.00	0.91	0.01	1.99	0.51	0.01	1.23	0.55	0.01	0.75	1.80	0.02	-1.37	2.83	0.03	-3.75	3.60	0.03	-6.94
AFS	614400	3128LLLF1	Agency MBS ARM	G-2-Q	FREDDIE MAC	0.01891935	5.962	3/1/2042	49913925	 944,339 	 33,817.89 	970890.22	978547.45	102.8116	103.6224741	 7,657.23 	6/30/2026	Model2501	100	LMMSOFRFLAT	RFRSwap	5.29	5.50	1.25	-0.82	0.013	 123 	0.28	0.19	0.30	0.09	0.43	-0.04	-0.06	4.7	13.0	98.9	127	0.02	21.82	6.46	170.00	152486.17	JPMORGAN CHASE BANK, NATIONAL ASSOCIATIO	100.00	0.86	0.01	2.29	0.49	0.01	1.59	0.73	0.01	1.00	2.25	0.02	-1.77	3.31	0.03	-4.62	4.01	0.04	-8.23
AFS	614624	3128LUL46	Agency MBS ARM	G-2-Q	FREDDIE MAC	0.007878	5.75	3/1/2037	25166459	 198,261 	 12,381.40 	203800.85	202099.81	102.794	101.9360547	 (1,701.04)	6/30/2026	Model2501	100	LMMSOFRFLAT	RFRSwap	5.38	5.10	0.70	-0.14	0.007	 14 	0.25	0.06	0.18	0.06	0.14	-0.08	-0.02	3.5	14.3	133.0	142	0.01	20.70	6.38	231.00	198261.36	ROCKET MORTGAGE, LLC	100.00	1.15	0.01	2.31	0.74	0.01	1.35	0.63	0.01	0.67	0.95	0.01	-0.80	1.43	0.01	-2.02	1.84	0.02	-3.63
AFS	613349	3128LUUV6	Agency MBS ARM	G-2-Q	FREDDIE MAC	0.00470912	6.835	9/1/2037	50007981	 235,494 	 13,549.41 	243032.79	243994.91	103.2015	103.6100035	962.12	6/30/2026	Model2501	100	LMMSOFRFLAT	RFRSwap	5.63	5.74	0.27	-0.09	0.003	 7 	-0.36	0.14	0.21	0.16	0.16	-0.06	-0.02	4.3	9.7	156.3	166	0.00	23.37	7.09	225.00	235493.58	ROCKET MORTGAGE, LLC	100.00	1.28	0.01	1.76	0.69	0.01	0.60	0.26	0.00	0.26	0.31	0.00	-0.31	0.76	0.01	-0.71	1.50	0.02	-2.01
AFS	612760	3128LUXG6	Agency MBS ARM	G-2-Q	FREDDIE MAC	0.00505406	6.5	10/1/2037	50093496	 253,176 	 14,651.17 	261700.64	259469.09	103.3673	102.4858475	 (2,231.55)	6/30/2026	Model2501	100	LMMSOFRFLAT	RFRSwap	5.51	5.25	0.33	-0.09	0.003	 9 	-0.22	0.13	0.20	0.14	0.10	-0.06	-0.02	3.8	13.1	145.4	154	0.01	23.29	7.00	224.00	253175.53	JPMORGAN CHASE BANK, NATIONAL ASSOCIATIO	100.00	1.30	0.01	1.81	0.67	0.01	0.71	0.30	0.00	0.32	0.37	0.00	-0.36	0.78	0.01	-0.86	1.36	0.01	-2.02
AFS	613195	3128M83G7	Agency MBS 30yr	G-2-Q	FREDDIE MAC	0.05837352	3.5	11/1/2041	10021619	 584,997 	 64,388.98 	588194.5	547949.02	100.5466	93.6669519	 (40,245.48)	6/30/2026	Model2501	100	LMMSOFRFLAT	RFRSwap	4.91	3.38	4.48	-0.05	0.042	 246 	0.12	0.20	0.47	1.40	2.06	0.24	0.00	5.4	7.3	82.4	59	0.06	15.34	4.21	177.00	142205.47	NA	NA	1.80	0.02	10.59	3.30	0.03	7.95	4.13	0.04	4.16	4.71	0.04	-4.22	4.97	0.04	-8.46	5.13	0.04	-12.69
AFS	613708	3128M9SX1	Agency MBS 30yr	G-2-Q	FREDDIE MAC	0.13673305	3.5	7/1/2043	28753228	 3,931,517 	 565,428.70 	3944642.43	3667807.8	100.3339	93.2924417	 (276,834.63)	6/30/2026	Model2501	100	LMMSOFRFLAT	RFRSwap	4.90	3.43	4.86	-0.10	0.045	 1,788 	0.11	0.18	0.44	1.37	2.31	0.46	0.01	5.9	7.3	77.1	56	0.14	11.90	3.90	157.00	178752.30	NA	NA	1.98	0.02	11.50	3.59	0.04	8.56	4.44	0.04	4.48	5.19	0.05	-4.59	5.51	0.05	-9.22	5.63	0.04	-13.82
AFS	613289	3128MD3G6	Agency MBS 15yr	G-2-Q	FREDDIE MAC	0.03353982	2.5	9/1/2028	307004965	 10,296,891 	 8,166,531.60 	10311328.14	10130248.2	100.1402	98.3816177	 (181,079.94)	6/30/2026	Model2501	100	LMMSOFRFLAT	RFRSwap	4.46	2.21	0.80	-0.01	0.008	 813 	0.57	0.22	0.00	0.02	0.00	0.00	0.00	0.8	19.7	43.9	47	0.03	11.86	2.97	157.00	17599.70	NA	NA	0.77	0.01	2.35	0.78	0.01	1.57	0.79	0.01	0.79	0.82	0.01	-0.79	0.83	0.01	-1.60	0.82	0.01	-2.40
AFS	613820	3128MD3H4	Agency MBS 15yr	G-2-Q	FREDDIE MAC	0.02933802	2.5	7/1/2028	184796697	 5,421,569 	 5,064,106.70 	5430453.32	5339217.79	100.1639	98.4810412	 (91,235.53)	6/30/2026	Model2501	100	LMMSOFRFLAT	RFRSwap	4.40	2.17	0.77	0.00	0.008	 413 	0.57	0.18	0.00	0.01	0.00	0.00	0.00	0.8	18.8	37.6	41	0.03	12.52	2.94	158.00	20101.23	NA	NA	0.75	0.01	2.28	0.76	0.01	1.52	0.76	0.01	0.76	0.79	0.01	-0.77	0.79	0.01	-1.54	0.79	0.01	-2.30
AFS	614803	3128MD4E0	Agency MBS 15yr	G-2-Q	FREDDIE MAC	0.03153446	2.5	7/1/2029	532771	 16,801 	 14,155.47 	16815.22	16523.73	100.0868	98.3517274	 (291.50)	6/30/2026	Model2501	100	LMMSOFRFLAT	RFRSwap	4.38	2.30	0.85	0.00	0.008	 1 	0.56	0.27	0.00	0.01	0.00	0.00	0.00	0.9	16.0	35.3	37	0.03	12.54	2.95	156.00	32504.27	NA	NA	0.83	0.01	2.51	0.84	0.01	1.67	0.84	0.01	0.84	0.86	0.01	-0.84	0.87	0.01	-1.68	0.86	0.01	-2.52
AFS	614061	3128MD5V1	Agency MBS 15yr	G-2-Q	FREDDIE MAC	0.0401488	2.5	8/1/2029	14000000	 562,083 	 394,066.54 	562459.4	548579.52	100.0669	97.5975664	 (13,879.87)	6/30/2026	Model2501	100	LMMSOFRFLAT	RFRSwap	4.73	2.36	1.08	-0.01	0.011	 59 	0.47	0.50	0.08	0.02	0.00	0.00	0.00	1.1	16.2	69.3	67	0.04	13.17	3.11	147.00	42919.33	NA	NA	1.03	0.01	3.14	1.05	0.01	2.10	1.06	0.01	1.05	1.10	0.01	-1.06	1.12	0.01	-2.13	1.12	0.01	-3.20
AFS	613947	3128MDKT9	Agency MBS 15yr	G-2-Q	FREDDIE MAC	0.01437477	2.5	11/1/2027	93230000	 1,340,160 	 1,664,836.62 	1337842.17	1325056.79	99.8271	98.8730438	 (12,785.38)	6/30/2026	Model2501	100	LMMSOFRFLAT	RFRSwap	4.39	2.65	0.56	0.00	0.006	 74 	0.53	0.02	0.00	0.01	0.00	0.00	0.00	0.6	22.7	39.9	43	0.01	12.15	3.04	164.00	12433.46	NA	NA	0.55	0.01	1.66	0.55	0.01	1.11	0.55	0.01	0.55	0.57	0.01	-0.56	0.57	0.01	-1.11	0.57	0.01	-1.67
PUB_HTM	613895	3128MDQZ9	Agency MBS 15yr	G-2-Q	FREDDIE MAC	0.00793696	3	4/1/2028	75675000	 600,629 	 1,149,221.18 	601372.13	596851.21	100.1237	99.3709534	 (4,520.92)	6/30/2026	Model2501	100	LMMSOFRFLAT	RFRSwap	4.38	2.39	0.38	0.00	0.004	 23 	0.38	0.00	0.00	0.00	0.00	0.00	0.00	0.4	25.0	42.5	42	0.01	13.62	3.47	170.00	16349.27	NA	NA	0.38	0.00	1.15	0.38	0.00	0.77	0.38	0.00	0.38	0.38	0.00	-0.38	0.39	0.00	-0.76	0.38	0.00	-1.14
AFS	613943	3128MDTZ6	Agency MBS 15yr	G-2-Q	FREDDIE MAC	0.02836362	2.5	6/1/2028	193221104	 5,480,450 	 5,071,054.99 	5488782.94	5400528.8	100.152	98.5417042	 (88,254.14)	6/30/2026	Model2501	100	LMMSOFRFLAT	RFRSwap	4.41	2.17	0.74	0.00	0.007	 398 	0.57	0.14	0.00	0.01	0.00	0.00	0.00	0.7	19.9	39.0	43	0.03	11.57	2.91	159.00	17514.42	NA	NA	0.71	0.01	2.17	0.72	0.01	1.45	0.73	0.01	0.72	0.75	0.01	-0.73	0.76	0.01	-1.47	0.75	0.01	-2.20
AFS	614599	3128MDYC1	Agency MBS 15yr	G-2-Q	FREDDIE MAC	0.04042968	2.5	2/1/2029	50000000	 2,021,484 	 1,457,432.81 	2021484	1986772.04	100	98.2828477	 (34,711.96)	6/30/2026	Model2501	100	LMMSOFRFLAT	RFRSwap	4.38	2.40	0.89	0.00	0.009	 176 	0.55	0.32	0.00	0.01	0.00	0.00	0.00	0.9	15.6	35.8	37	0.04	10.83	2.94	155.00	34640.25	NA	NA	0.86	0.01	2.61	0.87	0.01	1.74	0.88	0.01	0.87	0.90	0.01	-0.87	0.91	0.01	-1.75	0.90	0.01	-2.62
AFS	614415	3128MDYH0	Agency MBS 15yr	G-2-Q	FREDDIE MAC	0.03428318	2.5	1/1/2029	58500000	 2,005,566 	 1,580,022.60 	2005566.03	1969740.05	100	98.2136722	 (35,825.98)	6/30/2026	Model2501	100	LMMSOFRFLAT	RFRSwap	4.40	2.41	0.92	0.00	0.009	 181 	0.53	0.37	0.01	0.01	0.00	0.00	0.00	0.9	15.8	37.0	37	0.03	12.75	3.00	153.00	34513.39	NA	NA	0.89	0.01	2.71	0.90	0.01	1.80	0.91	0.01	0.90	0.93	0.01	-0.91	0.94	0.01	-1.82	0.94	0.01	-2.72
AFS	614165	3128MDYL1	Agency MBS 15yr	G-2-Q	FREDDIE MAC	0.03472743	2.5	2/1/2029	50000000	 1,736,372 	 1,260,607.27 	1736371.5	1705349.97	100	98.213428	 (31,021.53)	6/30/2026	Model2501	100	LMMSOFRFLAT	RFRSwap	4.40	2.41	0.92	0.00	0.009	 157 	0.53	0.36	0.01	0.01	0.00	0.00	0.00	0.9	16.0	37.2	38	0.03	11.96	3.04	154.00	42966.40	NA	NA	0.89	0.01	2.70	0.90	0.01	1.80	0.91	0.01	0.90	0.93	0.01	-0.90	0.94	0.01	-1.82	0.94	0.01	-2.72
AFS	613937	3128MDZG1	Agency MBS 15yr	G-2-Q	FREDDIE MAC	0.02917398	2.5	3/1/2029	78499388	 2,290,140 	 1,966,729.41 	2288495.51	2253872.91	99.9282	98.4163993	 (34,622.60)	6/30/2026	Model2501	100	LMMSOFRFLAT	RFRSwap	4.38	2.48	0.81	0.00	0.008	 184 	0.57	0.23	0.00	0.01	0.00	0.00	0.00	0.8	16.8	35.6	38	0.03	12.75	2.95	156.00	29474.38	NA	NA	0.79	0.01	2.41	0.80	0.01	1.60	0.81	0.01	0.80	0.83	0.01	-0.80	0.83	0.01	-1.61	0.83	0.01	-2.42
AFS	612779	3128MEAH4	Agency MBS 15yr	G-2-Q	FREDDIE MAC	0.04839647	2.5	11/1/2029	442518	 21,416 	 11,617.32 	21574.37	20843.43	100.7381	97.3250264	 (730.95)	6/30/2026	Model2501	100	LMMSOFRFLAT	RFRSwap	4.60	1.86	1.28	-0.01	0.012	 3 	0.41	0.54	0.30	0.03	0.00	0.01	0.00	1.3	14.5	57.3	52	0.05	13.40	3.21	142.00	49797.41	NA	NA	1.21	0.01	3.73	1.24	0.01	2.49	1.26	0.01	1.24	1.31	0.01	-1.25	1.34	0.01	-2.52	1.34	0.01	-3.78
HTM	613389	3128MFBQ0	Agency MBS 15yr	G-2-Q	FREDDIE MAC	0.14995357	2	4/1/2032	25000000	 3,748,839 	 1,076,248.01 	3704599.13	3553888.07	98.8199	94.7996921	 (150,711.07)	6/30/2026	Model2501	100	LMMSOFRFLAT	RFRSwap	4.61	2.55	2.10	-0.01	0.020	 747 	0.26	0.40	0.79	0.62	0.01	0.02	0.00	2.1	10.4	60.9	49	0.15	10.35	2.60	116.00	89747.63	NA	NA	1.85	0.02	5.90	1.99	0.02	3.96	2.04	0.02	1.99	2.17	0.02	-2.00	2.22	0.02	-4.03	2.20	0.02	-6.01
PUB_HTM	614613	3128MFPL6	Agency MBS 15yr	G-2-Q	FREDDIE MAC	0.04621605	3	6/1/2028	27906777	 1,289,741 	 1,418,558.57 	1292478.8	1276823.11	100.2123	98.9984123	 (15,655.69)	6/30/2026	Model2501	100	LMMSOFRFLAT	RFRSwap	4.40	2.51	0.65	0.00	0.006	 83 	0.56	0.08	0.00	0.01	0.00	0.00	0.00	0.7	23.8	39.5	43	0.05	15.70	3.59	102.00	38229.07	NA	NA	0.64	0.01	1.94	0.64	0.01	1.29	0.64	0.01	0.64	0.65	0.01	-0.64	0.66	0.01	-1.29	0.67	0.01	-1.94
PUB_HTM	614251	3128MFQ76	Agency MBS 15yr	G-2-Q	FREDDIE MAC	0.03991575	3.5	7/1/2028	20000000	 798,315 	 633,378.39 	804108.14	792800.84	100.7257	99.3092753	-11307.3	6/30/2026	Model2501	100	LMMSOFRFLAT	RFRSwap	4.26	2.40	0.76	0.00	0.008	 61 	0.56	0.20	0.00	0.00	0.00	0.00	0.00	0.8	24.2	24.1	26	0.04	19.79	4.18	98.00	30663.54	NA	NA	0.74	0.01	2.28	0.75	0.01	1.52	0.76	0.01	0.76	0.77	0.01	-0.76	0.78	0.01	-1.52	0.79	0.01	-2.29
PUB_HTM	614191	3128MFS41	Agency MBS 15yr	G-2-Q	FREDDIE MAC	0.15568223	3	9/1/2033	20784640	 3,235,799 	 963,296.20 	3257113.86	3124478.37	100.6587	96.5597144	-132635.48	6/30/2026	Model2501	100	LMMSOFRFLAT	RFRSwap	4.63	2.66	2.15	-0.01	0.021	 673 	0.26	0.37	0.71	0.77	0.03	0.01	0.00	2.3	13.5	63.1	50	0.16	14.10	3.56	106.00	57446.32	NA	NA	1.82	0.02	6.09	2.01	0.02	4.13	2.09	0.02	2.07	2.23	0.02	-2.09	2.32	0.02	-4.23	2.37	0.02	-6.38
PUB_HTM	614090	3128MFT57	Agency MBS 15yr	G-2-Q	FREDDIE MAC	0.1431974	3	3/1/2033	16109568	 2,306,848 	 735,723.23 	2324114.92	2227797.62	100.7485	96.573219	-96317.31	6/30/2026	Model2501	100	LMMSOFRFLAT	RFRSwap	4.64	2.61	2.13	-0.03	0.021	 477 	0.27	0.37	0.69	0.76	0.03	0.01	0.00	2.2	14.6	63.9	52	0.14	15.23	3.51	105.00	44757.27	NA	NA	1.79	0.02	5.99	1.97	0.02	4.07	2.06	0.02	2.05	2.23	0.02	-2.09	2.33	0.02	-4.22	2.39	0.02	-6.39
PUB_HTM	613036	3128MFVL9	Agency MBS 15yr	G-2-Q	FREDDIE MAC	0.17112177	3	1/1/2033	29998249	 5,133,353 	 1,409,411.54 	5169943.65	4956859.07	100.7128	96.5618109	-213084.59	6/30/2026	Model2501	100	LMMSOFRFLAT	RFRSwap	4.60	2.64	2.18	-0.01	0.021	 1,086 	0.26	0.37	0.71	0.80	0.04	0.01	0.00	2.3	13.1	60.4	47	0.17	13.22	3.56	107.00	57417.41	NA	NA	1.87	0.02	6.21	2.05	0.02	4.20	2.13	0.02	2.11	2.26	0.02	-2.13	2.36	0.02	-4.29	2.41	0.02	-6.47
PUB_HTM	614773	3128MFVU9	Agency MBS 15yr	G-2-Q	FREDDIE MAC	0.13229644	3	3/1/2032	15000000	 1,984,447 	 926,638.38 	1995835.24	1927341.22	100.5739	97.1223523	-68494.02	6/30/2026	Model2501	100	LMMSOFRFLAT	RFRSwap	4.65	2.62	1.75	-0.01	0.017	 338 	0.31	0.44	0.71	0.28	0.00	0.01	0.00	1.8	14.3	64.4	55	0.13	14.17	3.56	121.00	44105.80	NA	NA	1.58	0.02	5.04	1.67	0.02	3.39	1.71	0.02	1.70	1.81	0.02	-1.72	1.87	0.02	-3.46	1.90	0.02	-5.22
AFS	613823	3128MJAK6	Agency MBS 30yr	G-2-Q	FREDDIE MAC	0.00717591	5	9/1/2034	192369	 1,380 	 421.32 	1399.65	1385.1	101.3926	100.3388501	-14.54	6/30/2026	Model2501	100	LMMSOFRFLAT	RFRSwap	4.85	4.46	2.62	0.05	0.026	 0 	0.22	0.32	0.65	1.26	0.18	0.00	0.00	3.0	9.1	87.5	69	0.01	17.26	5.51	264.00	72680.89	NA	NA	2.28	0.02	7.84	2.45	0.03	5.31	2.58	0.03	2.66	2.63	0.03	-2.61	2.61	0.02	-5.15	2.61	0.02	-7.61
AFS	613731	3128MJAQ3	Agency MBS 30yr	G-2-Q	FREDDIE MAC	0.00905896	5	10/1/2034	200000	 1,812 	 422.62 	1839.51	1817.66	101.5297	100.3241491	-21.84	6/30/2026	Model2501	100	LMMSOFRFLAT	RFRSwap	4.87	4.44	2.76	0.06	0.028	 1 	0.21	0.30	0.62	1.35	0.29	0.00	0.00	3.2	9.6	88.8	69	0.01	16.52	5.66	261.00	67612.29	NA	NA	2.37	0.03	8.22	2.56	0.03	5.57	2.71	0.03	2.80	2.76	0.03	-2.74	2.74	0.03	-5.40	2.74	0.03	-7.98
AFS	614734	3128MJQU7	Agency MBS 30yr	G-2-Q	FREDDIE MAC	0.05879145	3.5	11/1/2041	65052482	 3,824,530 	 562,200.08 	3849863.31	3581547.88	100.6624	93.6467518	-268315.43	6/30/2026	Model2501	100	LMMSOFRFLAT	RFRSwap	4.91	3.36	4.49	-0.08	0.042	 1,613 	0.12	0.20	0.47	1.40	2.06	0.24	0.00	5.5	7.2	82.0	59	0.06	15.23	3.92	176.00	147664.34	NA	NA	1.52	0.02	10.31	3.19	0.03	7.87	4.10	0.04	4.15	4.76	0.04	-4.25	5.02	0.04	-8.53	5.14	0.04	-12.77
HTM	613421	3128MJRJ1	Agency MBS 30yr	G-2-Q	FREDDIE MAC	0.07704838	3.5	4/1/2042	87263188	 6,723,487 	 818,240.89 	6794398.85	6292112.47	101.0547	93.5840616	-502286.38	6/30/2026	Model2501	100	LMMSOFRFLAT	RFRSwap	4.91	3.28	4.57	-0.09	0.043	 2,885 	0.12	0.19	0.47	1.39	2.12	0.28	0.00	5.6	7.2	80.4	58	0.08	14.12	3.93	171.00	164125.92	NA	NA	1.57	0.02	10.53	3.26	0.03	8.01	4.17	0.04	4.22	4.86	0.04	-4.32	5.13	0.04	-8.69	5.25	0.04	-13.01
AFS	613902	3128MJT67	Agency MBS 30yr	G-2-Q	FREDDIE MAC	0.07673992	3.5	2/1/2044	39095182	 3,000,161 	 372,057.87 	3008648.95	2795464.82	100.2829	93.1771558	-213184.14	6/30/2026	Model2501	100	LMMSOFRFLAT	RFRSwap	4.90	3.44	4.87	-0.10	0.046	 1,365 	0.11	0.18	0.44	1.33	2.30	0.52	0.00	6.0	7.4	75.6	54	0.08	16.68	4.20	150.00	157219.13	NA	NA	1.75	0.02	11.14	3.42	0.03	8.47	4.42	0.04	4.47	5.20	0.05	-4.59	5.55	0.05	-9.24	5.77	0.05	-13.89
AFS	614117	3128MJUA6	Agency MBS 30yr	G-2-Q	FREDDIE MAC	0.07979315	3.5	3/1/2044	23000000	 1,835,242 	 168,963.55 	1841350.65	1709641.51	100.3328	93.1561666	-131709.13	6/30/2026	Model2501	100	LMMSOFRFLAT	RFRSwap	4.90	3.44	4.87	-0.12	0.046	 835 	0.11	0.18	0.44	1.32	2.29	0.53	0.00	6.0	7.5	75.3	54	0.08	16.55	4.22	149.00	173625.73	NA	NA	1.73	0.02	11.05	3.38	0.03	8.43	4.40	0.04	4.46	5.22	0.05	-4.60	5.58	0.05	-9.27	5.82	0.05	-13.95
AFS	614202	3128MJV56	Agency MBS 30yr	G-2-Q	FREDDIE MAC	0.13765341	3	4/1/2045	50205650	 6,910,979 	 700,337.06 	6907619.14	6235747.58	99.9514	90.2295847	-671871.56	6/30/2026	Model2501	100	LMMSOFRFLAT	RFRSwap	4.91	3.01	5.37	-0.13	0.049	 3,355 	0.10	0.15	0.40	1.34	2.58	0.79	0.02	6.5	7.2	73.8	54	0.14	14.06	3.71	135.00	192053.91	NA	NA	2.34	0.02	12.51	4.05	0.04	9.20	4.90	0.05	4.78	5.77	0.05	-4.90	6.15	0.05	-9.86	6.24	0.05	-14.73
AFS	613995	3128MJWA4	Agency MBS 30yr	G-2-Q	FREDDIE MAC	0.14067489	3	5/1/2045	225495498	 31,721,554 	 3,177,084.60 	31741187.05	28615609.5	100.0619	90.2087242	-3125577.54	6/30/2026	Model2501	100	LMMSOFRFLAT	RFRSwap	4.91	2.99	5.39	-0.13	0.049	 15,463 	0.10	0.15	0.39	1.34	2.60	0.81	0.02	6.5	7.1	73.2	53	0.14	14.02	3.71	135.00	192844.95	NA	NA	2.33	0.02	12.55	4.06	0.04	9.23	4.92	0.05	4.80	5.80	0.05	-4.92	6.18	0.05	-9.90	6.27	0.05	-14.79
AFS	613630	3128MJWJ5	Agency MBS 30yr	G-2-Q	FREDDIE MAC	0.14927081	3	6/1/2045	23000000	 3,433,229 	 332,126.98 	3442568.6	3072275.67	100.272	89.4864864	-370292.93	6/30/2026	Model2501	100	LMMSOFRFLAT	RFRSwap	5.06	2.95	5.42	-0.12	0.049	 1,669 	0.10	0.15	0.39	1.33	2.61	0.83	0.02	6.5	7.1	87.8	68	0.15	13.67	3.71	133.00	198510.63	NA	NA	2.51	0.03	12.69	4.15	0.04	9.26	4.97	0.05	4.79	5.83	0.05	-4.91	6.21	0.05	-9.87	6.29	0.05	-14.73
AFS	614339	3128MJWU0	Agency MBS 30yr	G-2-Q	FREDDIE MAC	0.15674697	3	8/1/2045	25000000	 3,918,674 	 400,768.00 	3918674.25	3527885.59	100	90.0275289	-390788.66	6/30/2026	Model2501	100	LMMSOFRFLAT	RFRSwap	4.94	3.00	5.41	-0.12	0.049	 1,914 	0.10	0.15	0.39	1.32	2.60	0.84	0.02	6.5	7.1	75.6	56	0.16	13.55	3.80	132.00	189765.80	NA	NA	2.40	0.02	12.63	4.09	0.04	9.28	4.95	0.05	4.82	5.82	0.05	-4.93	6.22	0.05	-9.92	6.33	0.05	-14.83
PUB_HTM	613818	3128MJZB9	Agency MBS 30yr	G-2-Q	FREDDIE MAC	0.18605713	3	12/1/2046	5000000	 930,286 	 88,474.44 	925719.78	830002.35	99.5092	89.2201604	-95717.43	6/30/2026	Model2501	100	LMMSOFRFLAT	RFRSwap	5.02	3.08	5.75	-0.15	0.051	 478 	0.09	0.14	0.37	1.29	2.71	1.14	0.03	7.0	7.2	79.7	62	0.19	13.99	3.64	116.00	221425.83	NA	NA	2.61	0.03	13.31	4.33	0.04	9.73	5.21	0.05	5.05	6.21	0.05	-5.20	6.63	0.05	-10.45	6.71	0.05	-15.57
HTM	612887	3128MJZF0	Agency MBS 30yr	G-2-Q	FREDDIE MAC	0.19547819	3	1/1/2047	25000000	 4,886,955 	 470,275.97 	4848073.3	4359108.81	99.2044	89.198878	-488964.5	6/30/2026	Model2501	100	LMMSOFRFLAT	RFRSwap	5.01	3.13	5.76	-0.14	0.052	 2,519 	0.09	0.14	0.36	1.29	2.72	1.15	0.03	7.0	7.1	79.5	62	0.20	13.66	3.58	115.00	207348.55	NA	NA	2.65	0.03	13.40	4.36	0.04	9.77	5.24	0.05	5.07	6.22	0.05	-5.20	6.62	0.05	-10.46	6.69	0.05	-15.56
AFS	612165	3128MMQ55	Agency MBS 15yr	G-2-Q	FREDDIE MAC	0.03425511	2.5	8/1/2028	68821800	 2,357,498 	 1,843,059.75 	2359694.73	2318499.27	100.0932	98.3457439	-41195.46	6/30/2026	Model2501	100	LMMSOFRFLAT	RFRSwap	4.38	2.29	0.85	0.00	0.008	 198 	0.56	0.27	0.00	0.01	0.00	0.00	0.00	0.9	16.0	35.8	38	0.03	11.63	2.94	155.00	32231.95	NA	NA	0.83	0.01	2.51	0.84	0.01	1.68	0.84	0.01	0.84	0.86	0.01	-0.84	0.87	0.01	-1.68	0.86	0.01	-2.52
AFS	613251	3128MMQY2	Agency MBS 15yr	G-2-Q	FREDDIE MAC	0.03064085	2.5	6/1/2028	6544297	 200,523 	 162,515.73 	200714.37	197337.1	100.0955	98.4112934	-3377.27	6/30/2026	Model2501	100	LMMSOFRFLAT	RFRSwap	4.38	2.28	0.81	0.00	0.008	 16 	0.57	0.23	0.00	0.01	0.00	0.00	0.00	0.8	16.4	36.0	39	0.03	11.70	2.94	157.00	34436.78	NA	NA	0.79	0.01	2.41	0.80	0.01	1.61	0.81	0.01	0.80	0.83	0.01	-0.81	0.83	0.01	-1.61	0.83	0.01	-2.42
AFS	614642	3128MMR54	Agency MBS 15yr	G-2-Q	FREDDIE MAC	0.03199603	2.5	3/1/2029	6128209	 196,078 	 131,301.04 	196368.79	191217.29	100.1481	97.5208554	-5151.5	6/30/2026	Model2501	100	LMMSOFRFLAT	RFRSwap	4.73	2.29	1.11	-0.01	0.011	 21 	0.45	0.52	0.11	0.03	0.00	0.01	0.00	1.1	15.6	69.2	66	0.03	13.99	3.05	148.00	47391.92	NA	NA	1.07	0.01	3.25	1.09	0.01	2.17	1.10	0.01	1.09	1.14	0.01	-1.09	1.16	0.01	-2.20	1.15	0.01	-3.30
AFS	613939	3128MMR88	Agency MBS 15yr	G-2-Q	FREDDIE MAC	0.03412709	2.5	4/1/2029	37000000	 1,262,702 	 586,771.10 	1261014.75	1233512.07	99.8664	97.6882703	-27502.69	6/30/2026	Model2501	100	LMMSOFRFLAT	RFRSwap	4.56	2.55	1.12	-0.01	0.011	 138 	0.45	0.53	0.11	0.02	0.00	0.00	0.00	1.1	15.0	52.8	49	0.03	14.22	3.07	147.00	55090.52	NA	NA	1.07	0.01	3.27	1.09	0.01	2.18	1.10	0.01	1.09	1.14	0.01	-1.10	1.16	0.01	-2.20	1.15	0.01	-3.31
AFS	614141	3128MMR96	Agency MBS 15yr	G-2-Q	FREDDIE MAC	0.03319917	2.5	5/1/2029	73452509	 2,438,562 	 1,348,810.52 	2442095.8	2380385.72	100.1449	97.6143069	-61710.08	6/30/2026	Model2501	100	LMMSOFRFLAT	RFRSwap	4.57	2.30	1.15	0.00	0.011	 274 	0.44	0.54	0.14	0.02	0.00	0.00	0.00	1.2	15.0	53.8	50	0.03	14.75	3.22	146.00	58127.59	NA	NA	1.10	0.01	3.36	1.12	0.01	2.24	1.13	0.01	1.12	1.17	0.01	-1.13	1.20	0.01	-2.27	1.19	0.01	-3.40
AFS	613042	3128MMRD7	Agency MBS 15yr	G-2-Q	FREDDIE MAC	0.03395087	2.5	9/1/2028	9351949	 317,507 	 236,156.93 	317506.8	312033.55	100	98.2761785	-5473.25	6/30/2026	Model2501	100	LMMSOFRFLAT	RFRSwap	4.39	2.40	0.88	0.00	0.009	 28 	0.55	0.32	0.00	0.01	0.00	0.00	0.00	0.9	15.8	36.7	38	0.03	11.80	2.96	155.00	31861.98	NA	NA	0.86	0.01	2.61	0.87	0.01	1.74	0.88	0.01	0.87	0.90	0.01	-0.87	0.91	0.01	-1.75	0.90	0.01	-2.62
AFS	614356	3128MMRQ8	Agency MBS 15yr	G-2-Q	FREDDIE MAC	0.03665193	2.5	1/1/2029	18656717	 683,805 	 408,842.72 	683804.69	670587.34	100	98.0670882	-13217.34	6/30/2026	Model2501	100	LMMSOFRFLAT	RFRSwap	4.43	2.41	0.98	0.00	0.010	 66 	0.50	0.44	0.02	0.02	0.00	0.00	0.00	1.0	15.8	40.1	39	0.04	12.29	3.05	151.00	42387.91	NA	NA	0.95	0.01	2.89	0.96	0.01	1.93	0.97	0.01	0.96	1.00	0.01	-0.97	1.01	0.01	-1.94	1.01	0.01	-2.92
AFS	613320	3128MMRX3	Agency MBS 15yr	G-2-Q	FREDDIE MAC	0.03712325	2.5	2/1/2029	14000000	 519,726 	 325,409.08 	519742.05	508461.34	100.0032	97.8326706	-11280.71	6/30/2026	Model2501	100	LMMSOFRFLAT	RFRSwap	4.54	2.42	1.05	0.00	0.010	 53 	0.48	0.49	0.06	0.02	0.00	0.00	0.00	1.1	15.4	51.2	49	0.04	12.21	3.10	150.00	55152.50	NA	NA	1.01	0.01	3.08	1.03	0.01	2.05	1.04	0.01	1.03	1.07	0.01	-1.03	1.09	0.01	-2.08	1.08	0.01	-3.11
AFS	613184	3128MMS20	Agency MBS 15yr	G-2-Q	FREDDIE MAC	0.05314279	2.5	1/1/2030	265448168	 14,106,656 	 6,539,448.27 	14235146.42	13697633.61	100.9108	97.100499	-537512.82	6/30/2026	Model2501	100	LMMSOFRFLAT	RFRSwap	4.62	1.78	1.38	-0.01	0.013	 1,893 	0.38	0.52	0.43	0.04	0.00	0.01	0.00	1.4	13.7	59.5	53	0.05	13.52	3.18	138.00	55293.86	NA	NA	1.30	0.01	4.01	1.34	0.01	2.68	1.36	0.01	1.34	1.41	0.01	-1.35	1.45	0.01	-2.71	1.44	0.01	-4.07
AFS	613934	3128MMS61	Agency MBS 15yr	G-2-Q	FREDDIE MAC	0.05355384	2.5	2/1/2030	875288044	 46,875,036 	 21,329,296.39 	47287538.19	45482131.05	100.88	97.028472	-1805407.15	6/30/2026	Model2501	100	LMMSOFRFLAT	RFRSwap	4.62	1.82	1.41	-0.01	0.014	 6,434 	0.38	0.51	0.47	0.05	0.00	0.01	0.00	1.5	13.5	60.3	53	0.05	13.71	3.15	137.00	61569.53	NA	NA	1.32	0.01	4.10	1.37	0.01	2.74	1.39	0.01	1.37	1.45	0.01	-1.38	1.48	0.01	-2.78	1.48	0.01	-4.17
AFS	613900	3128MMSD6	Agency MBS 15yr	G-2-Q	FREDDIE MAC	0.0407632	2.5	6/1/2029	145984369	 5,950,790 	 3,350,704.77 	5960769.05	5804539.81	100.1677	97.5423394	-156229.25	6/30/2026	Model2501	100	LMMSOFRFLAT	RFRSwap	4.58	2.29	1.18	0.00	0.012	 686 	0.43	0.54	0.17	0.02	0.00	0.00	0.00	1.2	14.8	54.8	50	0.04	13.57	3.18	145.00	50047.19	NA	NA	1.13	0.01	3.45	1.15	0.01	2.30	1.16	0.01	1.15	1.21	0.01	-1.16	1.23	0.01	-2.33	1.23	0.01	-3.50
AFS	613990	3128MMSF1	Agency MBS 15yr	G-2-Q	FREDDIE MAC	0.0391186	2.5	7/1/2029	276056904	 10,798,960 	 5,642,183.49 	10831044.45	10525778.64	100.2971	97.4703029	-305265.81	6/30/2026	Model2501	100	LMMSOFRFLAT	RFRSwap	4.59	2.19	1.21	-0.01	0.012	 1,278 	0.43	0.54	0.21	0.03	0.00	0.01	0.00	1.2	14.8	55.9	51	0.04	14.14	3.15	144.00	52118.23	NA	NA	1.15	0.01	3.54	1.18	0.01	2.36	1.19	0.01	1.18	1.24	0.01	-1.19	1.27	0.01	-2.39	1.26	0.01	-3.59
AFS	613018	3128MMSJ3	Agency MBS 15yr	G-2-Q	FREDDIE MAC	0.04044381	2.5	8/1/2029	327315707	 13,237,894 	 6,846,411.79 	13264103.19	12903019.95	100.198	97.4703355	-361083.24	6/30/2026	Model2501	100	LMMSOFRFLAT	RFRSwap	4.58	2.27	1.21	-0.01	0.012	 1,570 	0.42	0.55	0.21	0.03	0.00	0.00	0.00	1.2	14.6	55.4	50	0.04	14.18	3.15	143.00	50192.13	NA	NA	1.16	0.01	3.55	1.18	0.01	2.37	1.20	0.01	1.18	1.24	0.01	-1.19	1.27	0.01	-2.39	1.26	0.01	-3.60
PUB_HTM	613793	3128MMT37	Agency MBS 15yr	G-2-Q	FREDDIE MAC	0.06768642	3	9/1/2030	106175001	 7,186,606 	 2,741,456.81 	7228105.65	7006726.21	100.5775	97.4970173	-221379.45	6/30/2026	Model2501	100	LMMSOFRFLAT	RFRSwap	4.57	2.58	1.58	0.00	0.015	 1,113 	0.34	0.47	0.64	0.12	0.00	0.01	0.00	1.7	12.8	55.7	47	0.07	13.79	3.50	130.00	69367.46	NA	NA	1.42	0.01	4.60	1.53	0.02	3.10	1.56	0.02	1.55	1.62	0.02	-1.55	1.67	0.02	-3.12	1.68	0.02	-4.70
PUB_AFS	614854	3128MMT60	Agency MBS 15yr	G-2-Q	FREDDIE MAC	0.06970481	3	10/1/2030	75421514	 5,257,242 	 1,948,475.71 	5280994.69	5121173.16	100.4518	97.4117773	-159821.52	6/30/2026	Model2501	100	LMMSOFRFLAT	RFRSwap	4.59	2.67	1.61	0.00	0.016	 829 	0.33	0.47	0.66	0.14	0.00	0.01	0.00	1.7	12.7	58.4	49	0.07	13.82	3.56	129.00	67553.40	NA	NA	1.45	0.01	4.69	1.55	0.02	3.15	1.59	0.02	1.58	1.65	0.02	-1.58	1.70	0.02	-3.18	1.72	0.02	-4.79
PUB_HTM	613509	3128MMT94	Agency MBS 15yr	G-2-Q	FREDDIE MAC	0.0716343	3	11/1/2030	9642882	 690,761 	 262,196.32 	693942.1	672573.05	100.4605	97.3669547	-21369.05	6/30/2026	Model2501	100	LMMSOFRFLAT	RFRSwap	4.59	2.67	1.65	0.00	0.016	 111 	0.33	0.46	0.68	0.17	0.00	0.01	0.00	1.7	12.4	58.1	48	0.07	13.82	3.48	128.00	70371.77	NA	NA	1.46	0.01	4.78	1.58	0.02	3.22	1.62	0.02	1.61	1.69	0.02	-1.61	1.74	0.02	-3.25	1.75	0.02	-4.89
AFS	614727	3128MMTF0	Agency MBS 15yr	G-2-Q	FREDDIE MAC	0.06861557	2.5	4/1/2030	100517432	 6,897,061 	 2,869,843.00 	6938666.38	6687942.08	100.6032	96.9680011	-250724.3	6/30/2026	Model2501	100	LMMSOFRFLAT	RFRSwap	4.57	2.04	1.48	-0.01	0.014	 993 	0.36	0.50	0.54	0.07	0.00	0.01	0.00	1.5	12.9	55.1	47	0.07	12.26	3.03	135.00	67456.50	NA	NA	1.37	0.01	4.30	1.43	0.01	2.87	1.46	0.01	1.44	1.52	0.01	-1.45	1.56	0.01	-2.91	1.55	0.01	-4.37
AFS	614714	3128MMTK9	Agency MBS 15yr	G-2-Q	FREDDIE MAC	0.07014825	2.5	5/1/2030	252000000	 17,677,359 	 7,281,415.31 	17778877.96	17126728.23	100.5743	96.8851073	-652149.72	6/30/2026	Model2501	100	LMMSOFRFLAT	RFRSwap	4.63	2.06	1.48	-0.01	0.014	 2,544 	0.36	0.50	0.54	0.07	0.00	0.01	0.00	1.5	12.9	61.0	53	0.07	12.34	3.06	134.00	65168.53	NA	NA	1.38	0.01	4.30	1.44	0.01	2.87	1.46	0.01	1.44	1.52	0.01	-1.45	1.56	0.01	-2.91	1.55	0.01	-4.36
AFS	612173	3128MMTN3	Agency MBS 15yr	G-2-Q	FREDDIE MAC	0.07491933	2.5	6/1/2030	210322268	 15,757,203 	 6,420,084.16 	15817895.54	15255114.96	100.3852	96.8135942	-562780.57	6/30/2026	Model2501	100	LMMSOFRFLAT	RFRSwap	4.63	2.19	1.52	-0.01	0.015	 2,317 	0.35	0.49	0.57	0.09	0.00	0.01	0.00	1.6	12.7	61.5	54	0.07	12.05	3.01	133.00	63972.61	NA	NA	1.40	0.01	4.39	1.47	0.01	2.94	1.49	0.01	1.47	1.55	0.01	-1.48	1.59	0.01	-2.97	1.59	0.01	-4.46
AFS	613097	3128MMTS2	Agency MBS 15yr	G-2-Q	FREDDIE MAC	0.0749393	2.5	7/1/2030	50000000	 3,746,965 	 1,528,751.00 	3752966.86	3624831.93	100.1602	96.74048	-128134.93	6/30/2026	Model2501	100	LMMSOFRFLAT	RFRSwap	4.64	2.35	1.55	-0.01	0.015	 562 	0.35	0.49	0.60	0.10	0.00	0.01	0.00	1.6	12.7	62.3	54	0.07	12.31	3.05	132.00	65787.87	NA	NA	1.43	0.01	4.47	1.50	0.01	2.99	1.52	0.01	1.50	1.59	0.02	-1.51	1.63	0.02	-3.03	1.62	0.01	-4.55
AFS	613645	3128MMTW3	Agency MBS 15yr	G-2-Q	FREDDIE MAC	0.07897136	2.5	8/1/2030	25000000	 1,974,284 	 784,576.27 	1979168.31	1908491.45	100.2474	96.6675233	-70676.86	6/30/2026	Model2501	100	LMMSOFRFLAT	RFRSwap	4.65	2.29	1.58	-0.01	0.015	 302 	0.34	0.48	0.62	0.12	0.00	0.01	0.00	1.6	12.7	63.4	55	0.08	12.14	3.09	131.00	69843.96	NA	NA	1.45	0.01	4.55	1.52	0.02	3.05	1.55	0.02	1.52	1.62	0.02	-1.54	1.66	0.02	-3.09	1.66	0.02	-4.64
AFS	613716	3128MMUB7	Agency MBS 15yr	G-2-Q	FREDDIE MAC	0.08901222	2.5	12/1/2030	2026036	 180,342 	 66,530.82 	181898.62	173814.38	100.8632	96.3804443	-8084.24	6/30/2026	Model2501	100	LMMSOFRFLAT	RFRSwap	4.67	1.95	1.70	-0.01	0.016	 30 	0.32	0.46	0.71	0.21	0.00	0.01	0.00	1.8	12.3	66.4	57	0.09	12.09	3.02	127.00	73737.68	NA	NA	1.53	0.02	4.89	1.64	0.02	3.28	1.67	0.02	1.64	1.75	0.02	-1.65	1.80	0.02	-3.33	1.80	0.02	-4.99
AFS	613908	3128MMUF8	Agency MBS 15yr	G-2-Q	FREDDIE MAC	0.08617073	2.5	1/1/2031	50000000	 4,308,537 	 1,616,798.54 	4316192.49	4149037.69	100.1777	96.2980746	-167154.8	6/30/2026	Model2501	100	LMMSOFRFLAT	RFRSwap	4.69	2.35	1.73	-0.01	0.017	 721 	0.31	0.45	0.72	0.23	0.00	0.01	0.00	1.8	12.2	67.6	58	0.09	12.62	3.07	126.00	71281.23	NA	NA	1.56	0.02	4.97	1.67	0.02	3.34	1.70	0.02	1.67	1.78	0.02	-1.68	1.84	0.02	-3.38	1.83	0.02	-5.08
PUB_HTM	613179	3128MMUG6	Agency MBS 15yr	G-2-Q	FREDDIE MAC	0.07455069	3	1/1/2031	40000000	 2,982,028 	 1,040,016.61 	3000072.35	2898365.12	100.6051	97.1944432	-101707.23	6/30/2026	Model2501	100	LMMSOFRFLAT	RFRSwap	4.64	2.60	1.71	0.00	0.017	 497 	0.32	0.45	0.72	0.22	0.00	0.01	0.00	1.8	12.3	63.2	53	0.07	14.00	3.52	126.00	72811.34	NA	NA	1.50	0.02	4.93	1.64	0.02	3.33	1.68	0.02	1.67	1.75	0.02	-1.67	1.81	0.02	-3.36	1.83	0.02	-5.06
PUB_HTM	613922	3128MMUH4	Agency MBS 15yr	G-2-Q	FREDDIE MAC	0.06714606	3.5	1/1/2031	3000000	 201,438 	 74,037.11 	204589.82	197863.29	101.5646	98.2253146	-6726.54	6/30/2026	Model2501	100	LMMSOFRFLAT	RFRSwap	4.50	2.54	1.71	0.00	0.017	 34 	0.32	0.45	0.71	0.22	0.00	0.00	0.00	1.8	13.0	50.1	40	0.07	14.98	4.14	126.00	76129.22	NA	NA	1.47	0.02	4.92	1.60	0.02	3.34	1.67	0.02	1.68	1.75	0.02	-1.69	1.81	0.02	-3.39	1.85	0.02	-5.12
AFS	613062	3128MMUL5	Agency MBS 15yr	G-2-Q	FREDDIE MAC	0.08501132	2.5	2/1/2031	81000000	 6,885,917 	 2,689,900.35 	6944054.03	6630929.57	100.8443	96.2969732	-313124.46	6/30/2026	Model2501	100	LMMSOFRFLAT	RFRSwap	4.68	1.97	1.74	-0.01	0.017	 1,154 	0.31	0.45	0.72	0.23	0.00	0.01	0.00	1.8	12.0	67.2	58	0.09	12.99	3.11	126.00	75785.23	NA	NA	1.56	0.02	4.98	1.67	0.02	3.34	1.70	0.02	1.67	1.79	0.02	-1.68	1.84	0.02	-3.39	1.84	0.02	-5.09
PUB_AFS	614397	3128MMUM3	Agency MBS 15yr	G-2-Q	FREDDIE MAC	0.07850258	3	2/1/2031	12237170	 960,649 	 329,075.75 	966501.7	933148.69	100.6092	97.1372779	-33353	6/30/2026	Model2501	100	LMMSOFRFLAT	RFRSwap	4.65	2.60	1.74	0.00	0.017	 163 	0.31	0.45	0.73	0.24	0.00	0.01	0.00	1.8	12.3	64.3	54	0.08	13.83	3.57	125.00	76740.73	NA	NA	1.51	0.02	5.00	1.66	0.02	3.38	1.71	0.02	1.69	1.78	0.02	-1.70	1.84	0.02	-3.42	1.86	0.02	-5.14
AFS	613254	3128MMUQ4	Agency MBS 15yr	G-2-Q	FREDDIE MAC	0.08446043	2.5	3/1/2031	50000000	 4,223,022 	 1,461,304.45 	4260171.4	4060815.28	100.8797	96.1590008	-199356.12	6/30/2026	Model2501	100	LMMSOFRFLAT	RFRSwap	4.69	1.97	1.80	-0.01	0.017	 732 	0.30	0.44	0.75	0.29	0.00	0.01	0.00	1.9	11.9	68.3	58	0.08	13.29	3.12	124.00	80169.88	NA	NA	1.59	0.02	5.14	1.72	0.02	3.46	1.76	0.02	1.73	1.85	0.02	-1.74	1.91	0.02	-3.51	1.91	0.02	-5.27
HTM	614476	3128MMV42	Agency MBS 15yr	G-2-Q	FREDDIE MAC	0.15282494	2	3/1/2032	25000000	 3,820,624 	 1,215,924.54 	3766051.52	3616295.4	98.5716	94.6519698	-149756.12	6/30/2026	Model2501	100	LMMSOFRFLAT	RFRSwap	4.67	2.67	2.12	-0.01	0.020	 767 	0.26	0.39	0.78	0.65	0.01	0.02	0.00	2.2	10.7	66.6	55	0.15	10.18	2.61	114.00	92783.13	NA	NA	1.86	0.02	5.93	2.00	0.02	3.99	2.06	0.02	2.00	2.19	0.02	-2.02	2.24	0.02	-4.06	2.22	0.02	-6.06
HTM	614327	3128MMVL4	Agency MBS 15yr	G-2-Q	FREDDIE MAC	0.13903736	2	11/1/2031	25669926	 3,569,079 	 1,002,988.25 	3520471.05	3389535.47	98.6381	94.9694785	-130935.58	6/30/2026	Model2501	100	LMMSOFRFLAT	RFRSwap	4.60	2.66	2.03	-0.01	0.019	 690 	0.27	0.41	0.80	0.53	0.01	0.01	0.00	2.1	10.5	59.6	48	0.14	10.28	2.60	117.00	75120.93	NA	NA	1.82	0.02	5.74	1.94	0.02	3.85	1.98	0.02	1.93	2.10	0.02	-1.94	2.14	0.02	-3.91	2.13	0.02	-5.83
AFS	614229	3128MMVL4	Agency MBS 15yr	G-2-Q	FREDDIE MAC	0.13903736	2	11/1/2031	106646762	 14,827,884 	 4,240,051.61 	14842488.76	14081964.34	100.0985	94.9694785	-760524.43	6/30/2026	Model2501	100	LMMSOFRFLAT	RFRSwap	4.60	1.92	2.03	-0.01	0.019	 2,867 	0.27	0.41	0.80	0.53	0.01	0.01	0.00	2.1	10.5	59.6	48	0.14	10.28	2.60	117.00	75120.93	NA	NA	1.82	0.02	5.74	1.94	0.02	3.85	1.98	0.02	1.93	2.10	0.02	-1.94	2.14	0.02	-3.91	2.13	0.02	-5.83
HTM	613967	3128MMVW0	Agency MBS 15yr	G-2-Q	FREDDIE MAC	0.13748309	2	12/1/2031	45734889	 6,287,774 	 1,877,989.12 	6224214.76	5966902.94	98.9892	94.8969075	-257311.81	6/30/2026	Model2501	100	LMMSOFRFLAT	RFRSwap	4.60	2.47	2.06	-0.01	0.020	 1,233 	0.27	0.40	0.79	0.57	0.01	0.01	0.00	2.1	10.5	59.8	48	0.14	10.61	2.59	116.00	80006.16	NA	NA	1.84	0.02	5.82	1.96	0.02	3.90	2.01	0.02	1.96	2.13	0.02	-1.97	2.18	0.02	-3.96	2.16	0.02	-5.92
HTM	613075	3128MMVX8	Agency MBS 15yr	G-2-Q	FREDDIE MAC	0.15221167	2	1/1/2032	251282555	 38,248,137 	 10,229,226.80 	37807072.89	36241985.74	98.8468	94.7549038	-1565087.15	6/30/2026	Model2501	100	LMMSOFRFLAT	RFRSwap	4.63	2.54	2.10	-0.01	0.020	 7,622 	0.26	0.40	0.79	0.62	0.01	0.02	0.00	2.1	10.4	63.1	51	0.15	9.87	2.59	115.00	87978.18	NA	NA	1.85	0.02	5.90	1.99	0.02	3.96	2.04	0.02	1.99	2.17	0.02	-2.00	2.22	0.02	-4.03	2.20	0.02	-6.02
HTM	614269	3128MMVY6	Agency MBS 15yr	G-2-Q	FREDDIE MAC	0.16003175	2	2/1/2032	20000000	 3,200,635 	 875,575.95 	3160863.28	3023934.03	98.7574	94.4791901	-136929.25	6/30/2026	Model2501	100	LMMSOFRFLAT	RFRSwap	4.69	2.56	2.17	-0.01	0.021	 657 	0.25	0.39	0.78	0.71	0.02	0.02	0.00	2.2	10.1	69.1	57	0.16	9.60	2.59	115.00	100892.73	NA	NA	1.91	0.02	6.07	2.05	0.02	4.08	2.11	0.02	2.05	2.25	0.02	-2.06	2.29	0.02	-4.15	2.27	0.02	-6.19
HTM	613892	3128MMW74	Agency MBS 15yr	G-2-Q	FREDDIE MAC	0.1295203	2.5	12/1/2032	124662894	 16,146,375 	 4,203,265.03 	16146375.43	15392184.69	100	95.32904	-754190.74	6/30/2026	Model2501	100	LMMSOFRFLAT	RFRSwap	4.58	2.47	2.34	-0.02	0.022	 3,607 	0.24	0.36	0.73	0.95	0.05	0.01	0.00	2.4	10.7	58.3	44	0.13	14.18	3.09	105.00	111865.78	NA	NA	1.78	0.02	6.41	2.13	0.02	4.41	2.26	0.02	2.22	2.43	0.02	-2.25	2.53	0.02	-4.54	2.52	0.02	-6.81
HTM	613946	3128MMXA6	Agency MBS 15yr	G-2-Q	FREDDIE MAC	0.13450624	2.5	1/1/2033	104879788	 14,106,986 	 3,424,254.81 	14106985.94	13368484.02	100	94.7649915	-738501.92	6/30/2026	Model2501	100	LMMSOFRFLAT	RFRSwap	4.79	2.47	2.40	-0.02	0.023	 3,220 	0.23	0.35	0.72	1.02	0.07	0.02	0.00	2.5	10.6	78.6	65	0.13	14.06	3.12	103.00	110718.65	NA	NA	1.87	0.02	6.58	2.20	0.02	4.51	2.33	0.02	2.27	2.50	0.02	-2.30	2.60	0.02	-4.64	2.60	0.02	-6.97
PUB_HTM	614673	3128MMXF5	Agency MBS 15yr	G-2-Q	FREDDIE MAC	0.10892974	3	2/1/2033	9634000	 1,049,429 	 273,980.37 	1055426.85	1012207.03	100.5715	96.453111	-43219.82	6/30/2026	Model2501	100	LMMSOFRFLAT	RFRSwap	4.52	2.73	2.37	-0.01	0.023	 241 	0.23	0.35	0.71	1.00	0.07	0.01	0.00	2.5	10.8	52.5	37	0.11	16.58	3.55	102.00	110044.16	NA	NA	1.67	0.02	6.45	2.11	0.02	4.51	2.29	0.02	2.29	2.46	0.02	-2.31	2.57	0.02	-4.65	2.60	0.02	-7.01
PUB_HTM	613382	3128MMXK4	Agency MBS 15yr	G-2-Q	FREDDIE MAC	0.10519272	3	3/1/2033	17000000	 1,788,276 	 487,576.82 	1801275.94	1724858.27	100.7269	96.4536816	-76417.67	6/30/2026	Model2501	100	LMMSOFRFLAT	RFRSwap	4.52	2.66	2.37	-0.02	0.023	 410 	0.24	0.35	0.71	1.00	0.06	0.01	0.00	2.5	10.8	52.6	38	0.11	17.19	3.52	101.00	114628.28	NA	NA	1.62	0.02	6.40	2.09	0.02	4.49	2.29	0.02	2.28	2.46	0.02	-2.31	2.57	0.02	-4.65	2.60	0.02	-7.01
PUB_HTM	613887	3128MMXZ1	Agency MBS 15yr	G-2-Q	FREDDIE MAC	0.08059644	3	7/1/2033	23922866	 1,928,098 	 492,967.47 	1942459.76	1857918.14	100.7449	96.3601593	-84541.61	6/30/2026	Model2501	100	LMMSOFRFLAT	RFRSwap	4.53	2.66	2.42	-0.03	0.023	 450 	0.23	0.34	0.69	1.05	0.09	0.01	0.00	2.6	11.4	53.5	38	0.08	21.05	3.79	97.00	117287.88	NA	NA	1.54	0.02	6.36	2.05	0.02	4.52	2.31	0.02	2.32	2.52	0.02	-2.35	2.64	0.02	-4.75	2.71	0.02	-7.19
AFS	612174	3128NH7K3	Agency MBS ARM	G-2-Q	FREDDIE MAC	0.0136547	5.82	12/1/2036	12415753	 169,533 	 10,297.02 	174013.14	172417.78	102.6424	101.7013723	-1595.36	6/30/2026	Model2501	100	LMMSOFRFLAT	RFRSwap	5.39	5.10	0.54	-0.01	0.005	 9 	-0.04	0.06	0.14	0.15	0.21	-0.03	-0.01	3.7	13.2	136.3	141	0.01	18.61	6.63	234.00	88137.05	#SPILL!	#SPILL!	1.33	0.01	2.22	0.72	0.01	1.17	0.56	0.01	0.56	0.62	0.01	-0.57	1.11	0.01	-1.43	1.42	0.01	-2.72
AFS	613417	3128NJBS7	Agency MBS ARM	G-2-Q	FREDDIE MAC	0.02123449	6.635	8/1/2038	15244648	 323,712 	 16,226.22 	333462.42	333714.25	103.012	103.0897581	251.84	6/30/2026	Model2501	100	LMMSOFRFLAT	RFRSwap	5.48	5.51	0.10	-0.14	0.001	 3 	-0.27	0.19	0.27	0.07	-0.03	-0.14	-0.04	3.8	13.5	135.5	150	0.02	18.04	7.00	213.00	268028.63	ROCKET MORTGAGE, LLC	100.00	1.08	0.01	0.98	0.39	0.00	0.07	0.00	0.00	0.05	0.25	0.00	-0.17	0.98	0.01	-0.64	2.14	0.02	-2.37
AFS	614161	3128NKFV3	Agency MBS ARM	G-2-Q	FREDDIE MAC	0.01125111	5.064	9/1/2037	50029585	 562,888 	 31,022.14 	568911.25	556401.13	101.07	98.8475091	-12510.13	6/30/2026	Model2501	100	LMMSOFRFLAT	RFRSwap	5.24	4.52	0.35	0.01	0.003	 20 	-0.25	0.04	0.09	0.19	0.22	0.02	0.00	3.6	15.7	120.9	125	0.01	20.04	7.26	224.00	196167.98	#SPILL!	#SPILL!	1.44	0.01	2.07	0.81	0.01	0.84	0.38	0.00	0.36	0.34	0.00	-0.34	0.75	0.01	-0.79	1.25	0.01	-1.86
AFS	613301	3128NKJJ6	Agency MBS ARM	G-2-Q	FREDDIE MAC	0.01354551	5.86	11/1/2037	18169303	 246,112 	 14,350.52 	253509.33	249003.43	103.0055	101.1746473	-4505.89	6/30/2026	Model2501	100	LMMSOFRFLAT	RFRSwap	5.21	4.64	0.95	-0.10	0.010	 24 	0.41	0.15	0.19	0.15	0.11	-0.05	-0.01	3.6	14.5	116.5	128	0.01	19.25	7.00	226.00	246112.47	ROCKET MORTGAGE, LLC	100.00	1.46	0.02	3.32	1.14	0.01	1.97	0.92	0.01	0.94	1.11	0.01	-1.03	1.43	0.01	-2.30	1.83	0.02	-3.91
AFS	612644	3128NUBW3	Agency MBS ARM	G-2-Q	FREDDIE MAC	0.00451972	6.058	10/1/2036	19659784	 88,857 	 48,886.15 	91573.07	91201.35	103.057	102.6386609	-371.73	6/30/2026	Model2501	100	LMMSOFRFLAT	RFRSwap	5.39	5.27	0.24	-0.10	0.003	 2 	0.12	0.07	0.11	0.02	-0.04	-0.10	-0.02	3.8	11.4	132.3	116	0.00	22.41	6.67	236.00	189212.25	WELLS FARGO BANK, NATIONAL ASSOCIATION	100.00	1.05	0.01	1.33	0.49	0.01	0.48	0.20	0.00	0.22	0.34	0.00	-0.29	1.03	0.01	-0.89	1.88	0.02	-2.45
PUB_HTM	613144	3128P8B67	Agency MBS 20yr	G-2-Q	FREDDIE MAC	0.1249254	3	1/1/2036	14000000	 1,748,956 	 306,622.50 	1748337.89	1655275.21	99.9647	94.6436381	-93062.68	6/30/2026	Model2501	100	LMMSOFRFLAT	RFRSwap	4.73	2.99	3.18	0.03	0.030	 527 	0.18	0.27	0.60	1.54	0.58	0.01	0.00	3.5	9.4	72.9	52	0.12	13.56	3.77	127.00	107451.99	NA	NA	2.18	0.02	8.61	2.84	0.03	6.00	3.09	0.03	3.02	3.28	0.03	-3.01	3.45	0.03	-6.05	3.49	0.03	-9.09
PUB_HTM	613806	3128P8B91	Agency MBS 20yr	G-2-Q	FREDDIE MAC	0.13316525	3	2/1/2036	10000000	 1,331,653 	 234,871.13 	1331187.91	1259220.48	99.9651	94.5607414	-71967.43	6/30/2026	Model2501	100	LMMSOFRFLAT	RFRSwap	4.73	2.99	3.22	0.03	0.031	 407 	0.17	0.27	0.59	1.55	0.63	0.01	0.00	3.6	9.4	72.9	52	0.13	13.20	3.80	126.00	112946.66	NA	NA	2.21	0.02	8.73	2.88	0.03	6.08	3.13	0.03	3.07	3.34	0.03	-3.05	3.51	0.03	-6.14	3.56	0.03	-9.24
PUB_HTM	612171	3128PXT71	Agency MBS 15yr	G-2-Q	FREDDIE MAC	0.0028928	3	1/1/2027	30500000	 88,230 	 271,281.15 	88282.59	87891.81	100.0592	99.6162405	-390.79	6/30/2026	Model2501	100	LMMSOFRFLAT	RFRSwap	4.17	2.26	0.23	0.00	0.002	 2 	0.23	0.00	0.00	0.00	0.00	0.00	0.00	0.2	31.3	27.9	29	0.00	17.04	3.52	175.00	10962.94	NA	NA	0.24	0.00	0.71	0.24	0.00	0.47	0.24	0.00	0.24	0.23	0.00	-0.23	0.23	0.00	-0.47	0.23	0.00	-0.70
AFS	614679	3128Q02X4	Agency MBS 15yr	G-2-Q	FREDDIE MAC	0.00814117	2.5	7/1/2027	2695049	 21,941 	 70,367.13 	21954.01	21719.88	100.06	98.9928575	-234.13	6/30/2026	Model2501	100	LMMSOFRFLAT	RFRSwap	4.69	2.14	0.43	0.00	0.004	 1 	0.42	0.00	0.00	0.00	0.00	0.00	0.00	0.4	20.3	72.4	73	0.01	15.32	3.19	169.00	12883.08	NA	NA	0.42	0.00	1.27	0.42	0.00	0.85	0.42	0.00	0.42	0.43	0.00	-0.42	0.43	0.00	-0.84	0.43	0.00	-1.26
AFS	612666	3128QJLN4	Agency MBS ARM	G-2-Q	FREDDIE MAC	0.00525673	6.586	10/1/2036	31500000	 165,587 	 34,744.04 	171128.2	169987.71	103.3464	102.657644	-1140.48	6/30/2026	Model2501	100	LMMSOFRFLAT	RFRSwap	5.51	5.30	0.26	-0.06	0.003	 4 	-0.34	0.15	0.21	0.16	0.11	-0.06	-0.01	3.7	12.4	147.0	156	0.01	21.30	6.93	237.00	108232.91	#SPILL!	#SPILL!	1.15	0.01	1.64	0.63	0.01	0.57	0.26	0.00	0.26	0.28	0.00	-0.28	0.74	0.01	-0.65	1.43	0.01	-1.90
AFS	613093	3128QJT63	Agency MBS ARM	G-2-Q	FREDDIE MAC	0.00567196	5.875	1/1/2037	23052995	 130,756 	 7,662.53 	133461.91	133603.73	102.0697	102.1781563	141.82	6/30/2026	Model2501	100	LMMSOFRFLAT	RFRSwap	5.48	5.51	0.61	-0.06	0.006	 8 	0.03	0.04	0.13	0.12	0.27	-0.03	-0.01	4.1	10.1	144.4	150	0.01	21.54	6.50	233.00	130755.66	NEW RESIDENTIAL MORTGAGE LLC	100.00	1.21	0.01	2.24	0.70	0.01	1.26	0.60	0.01	0.62	0.80	0.01	-0.69	1.33	0.01	-1.77	1.72	0.02	-3.31
AFS	613322	3128QJXK7	Agency MBS ARM	G-2-Q	FREDDIE MAC	0.00552988	5.756	3/1/2037	62937127	 348,035 	 23,220.28 	357157.67	356567.97	102.6213	102.4518271	-589.7	6/30/2026	Model2501	100	LMMSOFRFLAT	RFRSwap	5.35	5.31	0.80	-0.10	0.008	 29 	0.21	-0.05	0.08	0.09	0.36	-0.02	-0.01	4.3	10.0	132.2	138	0.01	21.79	6.48	231.00	92414.64	#SPILL!	#SPILL!	1.38	0.01	2.84	0.90	0.01	1.68	0.79	0.01	0.81	1.04	0.01	-0.90	1.51	0.02	-2.21	1.88	0.02	-3.90
AFS	612667	3128QLSA0	Agency MBS ARM	G-2-Q	FREDDIE MAC	0.00437615	5.851	5/1/2036	21352480	 93,442 	 6,554.93 	96107.84	96068.34	102.8533	102.8110462	-39.5	6/30/2026	Model2501	100	LMMSOFRFLAT	RFRSwap	5.45	5.44	0.91	-0.14	0.009	 9 	0.68	0.06	0.13	0.07	0.04	-0.06	-0.01	4.1	8.4	140.9	122	0.00	22.03	6.35	240.00	167004.16	WELLS FARGO BANK, NATIONAL ASSOCIATION	100.00	1.20	0.01	2.82	0.85	0.01	1.78	0.85	0.01	0.89	1.17	0.01	-1.04	1.60	0.02	-2.45	2.05	0.02	-4.27
AFS	613463	3128QUA68	Agency MBS ARM	G-2-Q	FREDDIE MAC	0.00881498	5.48	5/1/2037	10194731	 89,866 	 4,940.09 	91849.36	90826.87	102.2066	101.0688345	-1022.49	6/30/2026	Model2501	100	LMMSOFRFLAT	RFRSwap	5.35	4.98	0.87	-0.11	0.009	 8 	0.39	-0.01	0.13	0.12	0.19	-0.06	-0.01	3.5	15.4	130.8	139	0.01	20.08	6.38	229.00	204461.09	ROCKET MORTGAGE, LLC	100.00	1.26	0.01	2.83	0.93	0.01	1.72	0.81	0.01	0.85	1.13	0.01	-0.98	1.56	0.02	-2.33	1.94	0.02	-4.04
AFS	614579	3128S4F28	Agency MBS ARM	G-2-Q	FREDDIE MAC	0.00180596	6.233	12/1/2036	25000000	 45,149 	 2,955.85 	46588.07	46340.9	103.1874	102.6399292	-247.16	6/30/2026	Model2501	100	LMMSOFRFLAT	RFRSwap	5.48	5.32	0.44	-0.12	0.005	 2 	-0.15	0.07	0.17	0.16	0.19	-0.05	-0.01	4.0	10.5	142.0	150	0.00	25.93	6.75	235.00	107238.88	NEW RESIDENTIAL MORTGAGE LLC	100.00	1.22	0.01	1.89	0.63	0.01	0.89	0.41	0.00	0.42	0.54	0.01	-0.49	1.15	0.01	-1.30	1.70	0.02	-2.77
AFS	614208	31292GX68	Agency MBS 30yr	G-2-Q	FREDDIE MAC	0.00048169	6.5	1/1/2029	3778918	 1,820 	 1,323.00 	1887.96	1885.6	103.7187	103.5894635	-2.35	6/30/2026	Model2501	100	LMMSOFRFLAT	RFRSwap	2.63	2.50	0.96	0.02	0.010	 0 	0.51	0.43	0.02	0.00	0.00	0.00	0.00	1.0	17.0	-135.7	-141	0.00	19.29	6.99	331.00	16411.52	NA	NA	0.99	0.01	3.08	0.98	0.01	2.03	0.97	0.01	1.01	0.94	0.01	-0.99	0.93	0.01	-1.95	0.93	0.01	-2.89
AFS	614075	31292GXD3	Agency MBS 30yr	G-2-Q	FREDDIE MAC	0.00033066	6.5	11/1/2028	1917025	 634 	 496.68 	657.1	656.64	103.663	103.5894635	-0.47	6/30/2026	Model2501	100	LMMSOFRFLAT	RFRSwap	2.29	2.22	0.88	0.02	0.009	 0 	0.53	0.35	0.00	0.00	0.00	0.00	0.00	0.9	18.9	-168.1	-173	0.00	19.98	7.01	333.00	13643.33	NA	NA	0.91	0.01	2.83	0.90	0.01	1.87	0.89	0.01	0.93	0.87	0.01	-0.91	0.86	0.01	-1.80	0.86	0.01	-2.67
AFS	614281	31292GXS0	Agency MBS 30yr	G-2-Q	FREDDIE MAC	0.00041916	6.5	12/1/2028	1220400	 512 	 320.35 	531.13	529.9	103.8296	103.5894635	-1.23	6/30/2026	Model2501	100	LMMSOFRFLAT	RFRSwap	2.54	2.30	0.94	0.02	0.010	 0 	0.50	0.42	0.02	0.00	0.00	0.00	0.00	1.0	19.5	-144.0	-150	0.00	19.55	6.96	332.00	18170.75	NA	NA	0.97	0.01	3.01	0.95	0.01	1.99	0.95	0.01	0.99	0.92	0.01	-0.97	0.91	0.01	-1.91	0.91	0.01	-2.83
AFS	613918	31292GYH3	Agency MBS 30yr	G-2-Q	FREDDIE MAC	0.00050988	6.5	2/1/2029	1826700	 931 	 564.31 	966.11	964.83	103.727	103.5894635	-1.28	6/30/2026	Model2501	100	LMMSOFRFLAT	RFRSwap	2.76	2.63	0.99	0.02	0.010	 0 	0.49	0.47	0.04	0.00	0.00	0.00	0.00	1.0	16.4	-122.2	-128	0.00	19.29	6.99	329.00	17667.71	NA	NA	1.02	0.01	3.20	1.01	0.01	2.11	1.00	0.01	1.04	0.98	0.01	-1.02	0.96	0.01	-2.02	0.96	0.01	-3.00
HTM	612284	31292LFZ3	Agency MBS 30yr	G-2-Q	FREDDIE MAC	0.07295003	3.5	4/1/2042	5000000	 364,750 	 37,834.67 	368494.91	341956.93	101.0267	93.751005	-26537.98	6/30/2026	Model2501	100	LMMSOFRFLAT	RFRSwap	4.95	3.27	4.32	-0.10	0.041	 148 	0.14	0.19	0.46	1.38	1.95	0.20	0.00	5.2	7.7	85.7	64	0.07	14.15	3.85	174.00	174172.66	NA	NA	1.48	0.02	9.90	3.06	0.03	7.55	3.93	0.04	3.98	4.59	0.04	-4.10	4.83	0.04	-8.24	4.92	0.04	-12.34
AFS	613981	3129407K9	Agency MBS 30yr	G-2-Q	FREDDIE MAC	0.15009794	4.5	6/1/2040	2526389	 379,206 	 20,179.96 	402262.88	375124.03	106.0804	98.9236032	-27138.85	6/30/2026	Model2501	100	LMMSOFRFLAT	RFRSwap	4.75	3.21	4.18	-0.10	0.042	 157 	0.14	0.22	0.50	1.35	1.84	0.14	-0.01	5.3	7.6	66.2	44	0.15	8.73	5.04	194.00	99297.55	NA	NA	1.65	0.02	9.84	2.75	0.03	7.51	3.73	0.04	4.05	4.37	0.04	-4.17	4.51	0.04	-8.30	4.66	0.04	-12.38
AFS	612905	312941RR0	Agency MBS 30yr	G-2-Q	FREDDIE MAC	0.10665748	4.5	7/1/2040	1570299	 167,484 	 11,835.18 	176464.35	165834.61	105.3618	99.0151146	-10629.75	6/30/2026	Model2501	100	LMMSOFRFLAT	RFRSwap	4.74	3.25	3.86	-0.07	0.038	 64 	0.15	0.24	0.51	1.39	1.54	0.04	-0.01	4.8	7.6	68.8	46	0.11	10.71	5.03	193.00	83742.07	NA	NA	1.66	0.02	9.32	2.66	0.03	7.02	3.49	0.04	3.75	4.02	0.04	-3.85	4.10	0.04	-7.65	4.21	0.04	-11.39
AFS	614831	312941RS8	Agency MBS 30yr	G-2-Q	FREDDIE MAC	0.10458109	4.5	7/1/2040	1671841	 174,843 	 12,026.67 	186572.51	173119.69	106.7086	99.0143912	-13452.82	6/30/2026	Model2501	100	LMMSOFRFLAT	RFRSwap	4.72	3.10	4.20	-0.10	0.042	 73 	0.14	0.22	0.50	1.34	1.87	0.15	-0.01	5.3	7.4	64.0	41	0.10	10.89	5.02	193.00	87421.48	NA	NA	1.44	0.02	9.68	2.68	0.03	7.51	3.73	0.04	4.06	4.39	0.04	-4.19	4.52	0.04	-8.34	4.67	0.04	-12.43
AFS	613370	31294NYT0	Agency MBS 15yr	G-2-Q	FREDDIE MAC	0.02034623	2.5	3/1/2028	14119357	 287,276 	 263,143.63 	287679.24	283221.6	100.1405	98.5887815	-4457.64	6/30/2026	Model2501	100	LMMSOFRFLAT	RFRSwap	4.48	2.16	0.68	0.00	0.007	 19 	0.58	0.09	0.00	0.01	0.00	0.00	0.00	0.7	15.6	46.2	50	0.02	13.18	2.94	161.00	23546.32	NA	NA	0.67	0.01	2.03	0.68	0.01	1.35	0.68	0.01	0.67	0.69	0.01	-0.67	0.69	0.01	-1.35	0.68	0.01	-2.02
AFS	612528	31295NF78	Agency MBS ARM	G-2-Q	FREDDIE MAC	0.00096289	5.729	4/1/2032	5000000	 4,814 	 639.61 	4831.49	4876.08	100.354	101.2800129	44.58	6/30/2026	Model2501	100	LMMSOFRFLAT	RFRSwap	5.38	5.78	0.85	-0.02	0.009	 0 	0.62	0.00	0.07	0.15	0.01	-0.01	0.00	2.5	12.0	137.7	124	0.00	21.46	6.25	290.00	37481.34	ROCKET MORTGAGE, LLC	100.00	1.39	0.01	2.99	0.98	0.01	1.78	0.84	0.01	0.85	1.05	0.01	-0.93	1.41	0.01	-2.17	1.71	0.02	-3.70
AFS	614553	31295NRT7	Agency MBS ARM	G-2-Q	FREDDIE MAC	0.00020689	6.229	7/1/2032	5000000	 1,034 	 135.66 	1037.16	1052	100.262	101.69656	14.84	6/30/2026	Model2501	100	LMMSOFRFLAT	RFRSwap	5.27	5.91	0.96	-0.05	0.010	 0 	0.74	0.00	0.06	0.14	0.01	0.00	0.00	2.5	14.1	128.2	119	0.00	26.74	6.75	287.00	15586.96	ROCKET MORTGAGE, LLC	100.00	1.49	0.02	3.43	1.14	0.01	2.06	0.98	0.01	0.98	1.09	0.01	-1.02	1.37	0.01	-2.27	1.62	0.02	-3.75
AFS	613200	31296JS64	Agency MBS 30yr	G-2-Q	FREDDIE MAC	0.09772199	5	6/1/2033	2136164	 208,750 	 25,454.85 	219906.62	206922.38	105.3444	99.1243988	-12984.25	6/30/2026	Model2501	100	LMMSOFRFLAT	RFRSwap	5.32	3.00	2.59	0.06	0.026	 54 	0.22	0.32	0.68	1.22	0.16	0.00	0.00	2.9	9.8	133.1	116	0.10	6.00	5.88	277.00	69583.40	NA	NA	2.37	0.03	7.79	2.48	0.03	5.22	2.57	0.03	2.60	2.60	0.03	-2.55	2.58	0.02	-5.03	2.58	0.02	-7.44
AFS	614271	31296M2M0	Agency MBS 30yr	G-2-Q	FREDDIE MAC	0.01256436	5.5	9/1/2033	130000	 1,633 	 317.89 	1675.51	1656.02	102.5803	101.3869478	-19.49	6/30/2026	Model2501	100	LMMSOFRFLAT	RFRSwap	4.93	4.47	2.51	0.06	0.026	 0 	0.22	0.33	0.69	1.15	0.11	0.00	0.00	2.9	9.2	95.7	78	0.01	14.27	6.02	276.00	76858.65	NA	NA	2.29	0.03	7.72	2.41	0.03	5.17	2.49	0.03	2.58	2.50	0.02	-2.52	2.48	0.02	-4.96	2.48	0.02	-7.33
AFS	614041	31296QFM7	Agency MBS 30yr	G-2-Q	FREDDIE MAC	0.0152959	6	10/1/2033	1055064	 16,138 	 4,949.66 	16455.43	16528.82	101.966	102.4207925	73.4	6/30/2026	Model2501	100	LMMSOFRFLAT	RFRSwap	4.09	4.42	1.32	0.03	0.014	 2 	0.39	0.55	0.38	-0.01	0.00	0.00	0.00	1.4	10.7	8.6	0	0.02	13.79	6.38	274.00	16138.15	NA	NA	1.32	0.01	4.17	1.32	0.01	2.77	1.33	0.01	1.37	1.31	0.01	-1.34	1.30	0.01	-2.66	1.30	0.01	-3.95
AFS	613003	31296WN86	Agency MBS 30yr	G-2-Q	FREDDIE MAC	0.039868	5	3/1/2034	1311533	 52,288 	 7,539.68 	52991.43	52146.37	101.3449	99.728752	-845.06	6/30/2026	Model2501	100	LMMSOFRFLAT	RFRSwap	5.09	4.39	2.28	0.05	0.023	 12 	0.24	0.36	0.72	0.93	0.03	0.00	0.00	2.6	9.3	110.4	95	0.04	9.98	5.50	268.00	52288.20	NA	NA	2.05	0.02	6.86	2.18	0.02	4.62	2.26	0.02	2.31	2.28	0.02	-2.26	2.26	0.02	-4.46	2.26	0.02	-6.60
AFS	613782	31296WPC5	Agency MBS 30yr	G-2-Q	FREDDIE MAC	0.00431586	5	4/1/2034	210000	 906 	 126.26 	919.34	904.46	101.435	99.7931314	-14.88	6/30/2026	Model2501	100	LMMSOFRFLAT	RFRSwap	5.06	4.44	2.60	0.05	0.026	 0 	0.22	0.32	0.66	1.23	0.17	0.00	0.00	3.0	9.2	107.6	89	0.00	18.64	5.51	267.00	82909.09	NA	NA	2.24	0.02	7.70	2.42	0.03	5.22	2.55	0.03	2.62	2.60	0.03	-2.58	2.59	0.02	-5.08	2.60	0.02	-7.51
AFS	613291	31297AV27	Agency MBS 30yr	G-2-Q	FREDDIE MAC	0.04778468	5.5	5/1/2034	1628383	 77,812 	 18,541.46 	79726.68	78177.91	102.461	100.4705605	-1548.76	6/30/2026	Model2501	100	LMMSOFRFLAT	RFRSwap	5.31	4.58	2.66	0.06	0.027	 21 	0.22	0.32	0.64	1.26	0.23	0.00	0.00	3.1	10.4	132.1	114	0.05	9.70	5.75	266.00	38905.88	NA	NA	2.46	0.03	8.18	2.58	0.03	5.46	2.64	0.03	2.72	2.67	0.03	-2.66	2.66	0.03	-5.25	2.66	0.02	-7.76
AFS	614695	31297FUP6	Agency MBS 30yr	G-2-Q	FREDDIE MAC	0.00472354	5	10/1/2034	200000	 945 	 239.25 	959.44	947.81	101.5598	100.3287004	-11.63	6/30/2026	Model2501	100	LMMSOFRFLAT	RFRSwap	4.86	4.42	2.70	0.03	0.027	 0 	0.22	0.31	0.62	1.30	0.25	-0.01	0.00	3.1	9.8	87.9	69	0.00	19.05	5.75	262.00	91352.75	NA	NA	2.11	0.02	7.71	2.36	0.03	5.33	2.60	0.03	2.71	2.72	0.03	-2.70	2.71	0.03	-5.33	2.72	0.03	-7.88
AFS	613664	31297LHN3	Agency MBS 30yr	G-2-Q	FREDDIE MAC	0.01064354	5.5	1/1/2035	2059908	 21,925 	 2,928.48 	22412.43	22027.88	102.2245	100.4705605	-384.55	6/30/2026	Model2501	100	LMMSOFRFLAT	RFRSwap	5.28	4.58	2.45	0.07	0.025	 5 	0.23	0.34	0.68	1.10	0.10	0.00	0.00	2.8	9.6	130.2	113	0.01	16.31	5.88	259.00	21924.71	NA	NA	2.41	0.03	7.68	2.44	0.03	5.07	2.45	0.03	2.50	2.44	0.02	-2.43	2.43	0.02	-4.81	2.43	0.02	-7.11
AFS	613524	31297NFU5	Agency MBS 30yr	G-2-Q	FREDDIE MAC	0.03107061	5.5	4/1/2035	1704722	 52,967 	 9,114.45 	54129.46	53215.99	102.1952	100.4705605	-913.48	6/30/2026	Model2501	100	LMMSOFRFLAT	RFRSwap	5.28	4.60	2.44	0.03	0.025	 13 	0.24	0.34	0.66	1.10	0.12	0.00	0.00	2.8	10.7	129.7	113	0.03	12.26	6.00	255.00	52966.75	NA	NA	1.93	0.02	7.07	2.19	0.02	4.87	2.38	0.02	2.47	2.46	0.02	-2.44	2.46	0.02	-4.84	2.46	0.02	-7.17
AFS	614304	31297QX61	Agency MBS 30yr	G-2-Q	FREDDIE MAC	0.01318239	5.5	5/1/2035	4323985	 57,000 	 5,688.06 	58392.12	57268.68	102.4415	100.4705605	-1123.43	6/30/2026	Model2501	100	LMMSOFRFLAT	RFRSwap	5.32	4.65	2.84	0.04	0.029	 16 	0.21	0.30	0.61	1.37	0.35	0.00	0.00	3.3	9.5	133.2	114	0.01	15.84	6.00	255.00	57000.46	NA	NA	2.37	0.03	8.37	2.59	0.03	5.69	2.76	0.03	2.87	2.87	0.03	-2.84	2.85	0.03	-5.61	2.85	0.03	-8.29
AFS	613138	31298BP70	Agency MBS 30yr	G-2-Q	FREDDIE MAC	0.00239727	7.5	11/1/2029	1997710	 4,789 	 2,470.15 	4789.05	4835.88	100	100.9778511	46.83	6/30/2026	Model2501	100	LMMSOFRFLAT	RFRSwap	5.94	7.23	0.76	0.01	0.008	 0 	0.58	0.19	0.00	0.00	0.00	0.00	0.00	0.8	16.8	188.7	195	0.00	15.61	7.88	322.00	NA	NA	NA	0.79	0.01	2.39	0.78	0.01	1.58	0.77	0.01	0.78	0.75	0.01	-0.77	0.75	0.01	-1.52	0.74	0.01	-2.27
AFS	613373	31307BMB3	Agency MBS 15yr	G-2-Q	FREDDIE MAC	0.03002848	2.5	4/1/2028	2630258	 78,983 	 63,464.11 	79098.92	77894.05	100.1472	98.6217254	-1204.87	6/30/2026	Model2501	100	LMMSOFRFLAT	RFRSwap	4.35	2.17	0.71	0.00	0.007	 6 	0.58	0.12	0.00	0.01	0.00	0.00	0.00	0.7	17.2	33.2	37	0.03	10.99	2.90	160.00	36221.49	NA	NA	0.70	0.01	2.11	0.70	0.01	1.41	0.71	0.01	0.70	0.72	0.01	-0.70	0.72	0.01	-1.41	0.72	0.01	-2.11
AFS	613112	31307C4J4	Agency MBS 15yr	G-2-Q	FREDDIE MAC	0.02617071	2.5	6/1/2028	5520022	 144,463 	 149,818.85 	144524.26	142000.84	100.0425	98.2957167	-2523.42	6/30/2026	Model2501	100	LMMSOFRFLAT	RFRSwap	4.51	2.34	0.82	0.00	0.008	 12 	0.57	0.23	0.00	0.01	0.00	0.00	0.00	0.8	15.2	48.5	51	0.03	13.02	3.01	157.00	34964.27	NA	NA	0.81	0.01	2.43	0.81	0.01	1.62	0.82	0.01	0.81	0.83	0.01	-0.81	0.84	0.01	-1.62	0.83	0.01	-2.43
AFS	614602	31307CLF3	Agency MBS 15yr	G-2-Q	FREDDIE MAC	0.03101928	2.5	5/1/2028	5609021	 173,988 	 108,163.69 	174054.28	171251.36	100.0382	98.4272278	-2802.92	6/30/2026	Model2501	100	LMMSOFRFLAT	RFRSwap	4.36	2.35	0.81	0.00	0.008	 14 	0.57	0.23	0.00	0.01	0.00	0.00	0.00	0.8	16.8	34.1	37	0.03	11.02	3.07	158.00	30688.36	NA	NA	0.79	0.01	2.41	0.80	0.01	1.60	0.81	0.01	0.80	0.82	0.01	-0.80	0.83	0.01	-1.61	0.83	0.01	-2.42
AFS	613784	31307CQK7	Agency MBS 15yr	G-2-Q	FREDDIE MAC	0.04112765	2.5	6/1/2028	26492756	 1,089,585 	 761,392.11 	1088140.3	1072452	99.8674	98.4275848	-15688.3	6/30/2026	Model2501	100	LMMSOFRFLAT	RFRSwap	4.35	2.56	0.82	0.00	0.008	 88 	0.57	0.23	0.00	0.01	0.00	0.00	0.00	0.8	15.6	32.5	35	0.04	9.61	2.99	158.00	40380.90	NA	NA	0.81	0.01	2.43	0.81	0.01	1.62	0.81	0.01	0.81	0.83	0.01	-0.81	0.84	0.01	-1.63	0.83	0.01	-2.44
AFS	613433	31307CYB8	Agency MBS 15yr	G-2-Q	FREDDIE MAC	0.03702314	2.5	6/1/2028	11326019	 419,325 	 297,139.68 	419056.45	412731.47	99.936	98.427635	-6324.98	6/30/2026	Model2501	100	LMMSOFRFLAT	RFRSwap	4.36	2.47	0.82	0.00	0.008	 34 	0.57	0.23	0.00	0.01	0.00	0.00	0.00	0.8	16.4	33.4	36	0.04	9.87	2.99	157.00	35738.01	NA	NA	0.80	0.01	2.42	0.80	0.01	1.61	0.81	0.01	0.80	0.83	0.01	-0.81	0.84	0.01	-1.62	0.83	0.01	-2.43
AFS	613905	31307CYN2	Agency MBS 15yr	G-2-Q	FREDDIE MAC	0.02672071	2.5	6/1/2028	105365778	 2,815,448 	 2,275,509.55 	2815572.57	2771173.22	100.0044	98.4274199	-44399.35	6/30/2026	Model2501	100	LMMSOFRFLAT	RFRSwap	4.36	2.39	0.81	0.00	0.008	 226 	0.57	0.23	0.00	0.01	0.00	0.00	0.00	0.8	16.4	33.7	36	0.03	12.40	3.02	157.00	32621.88	NA	NA	0.79	0.01	2.41	0.80	0.01	1.61	0.81	0.01	0.80	0.83	0.01	-0.81	0.84	0.01	-1.62	0.83	0.01	-2.42
AFS	613481	31307CZG6	Agency MBS 15yr	G-2-Q	FREDDIE MAC	0.02839221	2.5	6/1/2028	4879377	 138,536 	 117,884.75 	138771.73	136175.67	100.1699	98.2960241	-2596.05	6/30/2026	Model2501	100	LMMSOFRFLAT	RFRSwap	4.60	2.17	0.80	-0.01	0.008	 11 	0.56	0.21	0.00	0.02	0.00	0.00	0.00	0.8	21.1	56.7	60	0.03	12.22	2.94	158.00	13611.93	NA	NA	0.76	0.01	2.33	0.77	0.01	1.56	0.78	0.01	0.78	0.81	0.01	-0.79	0.83	0.01	-1.59	0.82	0.01	-2.38
AFS	613492	31307DBS4	Agency MBS 15yr	G-2-Q	FREDDIE MAC	0.0307571	2.5	7/1/2028	23187625	 713,184 	 486,253.98 	713816.33	701508.61	100.0886	98.3629066	-12307.71	6/30/2026	Model2501	100	LMMSOFRFLAT	RFRSwap	4.37	2.29	0.85	0.00	0.008	 60 	0.56	0.27	0.00	0.01	0.00	0.00	0.00	0.9	16.2	34.1	36	0.03	11.66	2.93	157.00	29511.12	NA	NA	0.83	0.01	2.51	0.84	0.01	1.67	0.84	0.01	0.84	0.86	0.01	-0.84	0.87	0.01	-1.68	0.86	0.01	-2.52
PUB_HTM	614463	31307EWD2	Agency MBS 15yr	G-2-Q	FREDDIE MAC	0.03081091	3	10/1/2028	35000000	 1,078,382 	 850,688.74 	1082348.7	1064345.24	100.3679	98.6983634	-18003.46	6/30/2026	Model2501	100	LMMSOFRFLAT	RFRSwap	4.39	2.47	0.88	0.00	0.009	 94 	0.55	0.32	0.00	0.01	0.00	0.00	0.00	0.9	16.0	36.4	37	0.03	13.24	3.55	154.00	34056.22	NA	NA	0.86	0.01	2.61	0.87	0.01	1.74	0.87	0.01	0.87	0.89	0.01	-0.87	0.90	0.01	-1.74	0.90	0.01	-2.61
AFS	613096	31307FDM0	Agency MBS 15yr	G-2-Q	FREDDIE MAC	0.04376353	2.5	11/1/2028	4374699	 191,452 	 133,243.88 	191675.3	187611.35	100.1165	97.9937976	-4063.95	6/30/2026	Model2501	100	LMMSOFRFLAT	RFRSwap	4.59	2.29	0.95	-0.01	0.009	 18 	0.51	0.40	0.01	0.02	0.00	0.00	0.00	1.0	16.4	55.5	56	0.04	10.69	3.00	152.00	26765.06	NA	NA	0.92	0.01	2.78	0.93	0.01	1.85	0.93	0.01	0.93	0.96	0.01	-0.93	0.98	0.01	-1.87	0.97	0.01	-2.81
AFS	612282	31307H2G1	Agency MBS 15yr	G-2-Q	FREDDIE MAC	0.06912684	2.5	8/1/2029	5000000	 345,634 	 142,533.88 	346390.54	335728.68	100.2188	97.1341035	-10661.86	6/30/2026	Model2501	100	LMMSOFRFLAT	RFRSwap	4.76	2.26	1.28	-0.01	0.012	 43 	0.41	0.54	0.30	0.03	0.00	0.01	0.00	1.3	14.5	72.9	68	0.07	10.36	3.16	144.00	49852.96	NA	NA	1.22	0.01	3.72	1.24	0.01	2.49	1.26	0.01	1.24	1.32	0.01	-1.26	1.35	0.01	-2.53	1.34	0.01	-3.80
AFS	614224	31307H6G7	Agency MBS 15yr	G-2-Q	FREDDIE MAC	0.06073077	2.5	8/1/2029	8000000	 485,846 	 271,544.22 	486673.93	471917.97	100.1704	97.13321	-14755.96	6/30/2026	Model2501	100	LMMSOFRFLAT	RFRSwap	4.75	2.30	1.28	-0.01	0.012	 61 	0.41	0.54	0.30	0.03	0.00	0.01	0.00	1.3	14.4	72.7	67	0.06	11.03	3.23	143.00	74080.76	NA	NA	1.21	0.01	3.72	1.24	0.01	2.49	1.26	0.01	1.24	1.31	0.01	-1.25	1.34	0.01	-2.52	1.34	0.01	-3.79
AFS	613690	31307HQ34	Agency MBS 15yr	G-2-Q	FREDDIE MAC	0.05194108	2.5	7/1/2029	3207668	 166,610 	 185,164.19 	167061.74	162201.65	100.2713	97.3542392	-4860.09	6/30/2026	Model2501	100	LMMSOFRFLAT	RFRSwap	4.68	2.21	1.21	-0.01	0.012	 20 	0.43	0.54	0.21	0.03	0.00	0.01	0.00	1.2	14.8	65.6	61	0.05	12.07	3.32	145.00	89421.36	NA	NA	1.15	0.01	3.54	1.18	0.01	2.36	1.20	0.01	1.18	1.25	0.01	-1.19	1.27	0.01	-2.40	1.27	0.01	-3.61
AFS	614454	31307HXN2	Agency MBS 15yr	G-2-Q	FREDDIE MAC	0.00882534	2.5	7/1/2029	1762606	 15,556 	 69,728.74 	15559.11	15401.95	100.0226	99.0122528	-157.16	6/30/2026	Model2501	100	LMMSOFRFLAT	RFRSwap	4.45	2.26	0.47	0.00	0.005	 1 	0.46	0.00	0.00	0.00	0.00	0.00	0.00	0.5	15.6	47.4	48	0.01	24.23	3.13	145.00	15555.60	NA	NA	0.47	0.00	1.40	0.47	0.00	0.93	0.47	0.00	0.46	0.47	0.00	-0.46	0.47	0.00	-0.92	0.46	0.00	-1.38
AFS	612782	31307HYS0	Agency MBS 15yr	G-2-Q	FREDDIE MAC	0.10097397	2.5	7/1/2029	2279187	 230,139 	 74,229.19 	230701.04	223705.23	100.2444	97.2045861	-6995.81	6/30/2026	Model2501	100	LMMSOFRFLAT	RFRSwap	4.85	2.23	1.22	-0.03	0.012	 27 	0.42	0.50	0.25	0.05	0.00	0.01	0.00	1.2	20.5	81.4	78	0.10	7.23	3.24	144.00	33400.15	NA	NA	1.12	0.01	3.48	1.16	0.01	2.34	1.18	0.01	1.18	1.27	0.01	-1.20	1.31	0.01	-2.44	1.31	0.01	-3.68
AFS	614058	31307HYT8	Agency MBS 15yr	G-2-Q	FREDDIE MAC	0.03433755	2.5	8/1/2029	2136741	 73,370 	 39,849.18 	73479.01	72075.98	100.148	98.2357002	-1403.04	6/30/2026	Model2501	100	LMMSOFRFLAT	RFRSwap	4.40	2.24	0.91	0.00	0.009	 7 	0.53	0.36	0.01	0.01	0.00	0.00	0.00	0.9	17.6	37.0	37	0.03	15.22	3.20	144.00	27733.92	NA	NA	0.88	0.01	2.67	0.89	0.01	1.78	0.90	0.01	0.89	0.92	0.01	-0.89	0.94	0.01	-1.80	0.94	0.01	-2.70
AFS	613646	31307LCE6	Agency MBS 15yr	G-2-Q	FREDDIE MAC	0.05365327	2.5	11/1/2029	701461	 37,636 	 13,520.34 	37924.76	36366.23	100.7681	96.6270076	-1558.54	6/30/2026	Model2501	100	LMMSOFRFLAT	RFRSwap	4.98	1.89	1.40	-0.02	0.014	 5 	0.38	0.50	0.44	0.06	0.00	0.01	0.00	1.4	15.2	94.5	89	0.05	13.11	3.09	140.00	66317.56	NA	NA	1.30	0.01	4.01	1.34	0.01	2.69	1.37	0.01	1.35	1.44	0.01	-1.36	1.48	0.01	-2.75	1.47	0.01	-4.14
AFS	614212	31307LUJ5	Agency MBS 15yr	G-2-Q	FREDDIE MAC	0.03056274	2.5	1/1/2030	25823392	 789,234 	 361,642.88 	797195.69	765920.22	101.0088	97.0460712	-31275.47	6/30/2026	Model2501	100	LMMSOFRFLAT	RFRSwap	4.77	1.67	1.31	-0.01	0.013	 101 	0.40	0.53	0.34	0.03	0.00	0.01	0.00	1.3	14.4	74.6	69	0.03	17.67	3.38	139.00	90053.64	NA	NA	1.22	0.01	3.80	1.27	0.01	2.54	1.29	0.01	1.27	1.35	0.01	-1.28	1.38	0.01	-2.58	1.38	0.01	-3.88
AFS	613367	31307LXC7	Agency MBS 15yr	G-2-Q	FREDDIE MAC	0.06217875	2.5	2/1/2030	7000354	 435,273 	 218,120.64 	439047.03	422085.69	100.867	96.9702781	-16961.34	6/30/2026	Model2501	100	LMMSOFRFLAT	RFRSwap	4.83	1.78	1.32	-0.01	0.013	 56 	0.40	0.51	0.36	0.04	0.00	0.01	0.00	1.4	16.0	79.8	74	0.06	12.74	3.27	137.00	28993.38	NA	NA	1.24	0.01	3.82	1.27	0.01	2.56	1.30	0.01	1.28	1.37	0.01	-1.30	1.40	0.01	-2.62	1.40	0.01	-3.94
AFS	614578	31307LZA9	Agency MBS 15yr	G-2-Q	FREDDIE MAC	0.04581245	2.5	2/1/2030	3000000	 137,437 	 87,958.32 	138726.25	133165.73	100.9378	96.8919481	-5560.52	6/30/2026	Model2501	100	LMMSOFRFLAT	RFRSwap	4.80	1.76	1.37	0.00	0.013	 18 	0.39	0.51	0.42	0.04	0.00	0.01	0.00	1.4	14.5	77.2	71	0.05	14.83	3.33	139.00	73046.15	NA	NA	1.30	0.01	3.98	1.33	0.01	2.66	1.35	0.01	1.33	1.40	0.01	-1.33	1.44	0.01	-2.68	1.45	0.01	-4.04
PUB_HTM	613210	31307M7M2	Agency MBS 15yr	G-2-Q	FREDDIE MAC	0.06401731	3	6/1/2030	45177670	 2,892,153 	 1,254,262.44 	2908292.5	2827244.3	100.558	97.7556995	-81048.2	6/30/2026	Model2501	100	LMMSOFRFLAT	RFRSwap	4.48	2.57	1.50	0.00	0.015	 424 	0.36	0.50	0.57	0.07	0.00	0.00	0.00	1.6	12.9	46.5	38	0.06	13.17	3.33	134.00	89534.95	NA	NA	1.34	0.01	4.36	1.44	0.01	2.93	1.47	0.01	1.47	1.53	0.01	-1.47	1.57	0.01	-2.96	1.58	0.01	-4.45
PUB_HTM	614855	31307MUR5	Agency MBS 15yr	G-2-Q	FREDDIE MAC	0.06380168	3	5/1/2030	27532071	 1,756,592 	 845,775.39 	1765902.26	1718995.42	100.53	97.8596651	-46906.83	6/30/2026	Model2501	100	LMMSOFRFLAT	RFRSwap	4.48	2.56	1.42	0.00	0.014	 245 	0.37	0.50	0.49	0.05	0.00	0.00	0.00	1.5	13.8	46.2	38	0.06	12.91	3.54	136.00	64717.71	NA	NA	1.31	0.01	4.15	1.38	0.01	2.79	1.40	0.01	1.39	1.45	0.01	-1.40	1.49	0.01	-2.81	1.50	0.01	-4.23
AFS	613550	31307MXT8	Agency MBS 15yr	G-2-Q	FREDDIE MAC	0.06720439	2.5	5/1/2030	21000000	 1,411,292 	 551,844.56 	1421327.85	1369797.45	100.7111	97.0598053	-51530.4	6/30/2026	Model2501	100	LMMSOFRFLAT	RFRSwap	4.59	1.94	1.42	-0.01	0.014	 194 	0.37	0.51	0.47	0.05	0.00	0.01	0.00	1.5	13.2	57.5	50	0.07	12.77	2.96	134.00	69094.33	NA	NA	1.32	0.01	4.12	1.38	0.01	2.75	1.39	0.01	1.37	1.45	0.01	-1.38	1.48	0.01	-2.78	1.48	0.01	-4.17
AFS	614802	31307MY83	Agency MBS 15yr	G-2-Q	FREDDIE MAC	0.07582161	2.5	5/1/2030	2000000	 151,643 	 60,945.22 	152428.82	146967.94	100.5181	96.91692	-5460.88	6/30/2026	Model2501	100	LMMSOFRFLAT	RFRSwap	4.61	2.09	1.48	-0.01	0.014	 22 	0.36	0.50	0.54	0.08	0.00	0.01	0.00	1.5	13.1	59.3	52	0.08	11.54	2.92	135.00	79418.92	NA	NA	1.36	0.01	4.28	1.43	0.01	2.86	1.45	0.01	1.43	1.52	0.01	-1.45	1.56	0.01	-2.91	1.55	0.01	-4.36
AFS	613705	31307NAN4	Agency MBS 15yr	G-2-Q	FREDDIE MAC	0.0629159	2.5	6/1/2030	25097201	 1,579,013 	 747,969.27 	1584427.89	1526913.33	100.3429	96.7004919	-57514.56	6/30/2026	Model2501	100	LMMSOFRFLAT	RFRSwap	4.64	2.23	1.57	-0.01	0.015	 240 	0.34	0.48	0.62	0.12	0.00	0.01	0.00	1.6	13.0	62.2	54	0.06	13.32	3.00	134.00	62710.76	NA	NA	1.46	0.01	4.54	1.52	0.02	3.04	1.54	0.02	1.52	1.61	0.02	-1.53	1.65	0.02	-3.07	1.65	0.02	-4.62
AFS	613588	31307NAZ7	Agency MBS 15yr	G-2-Q	FREDDIE MAC	0.10948927	2.5	6/1/2030	25000000	 2,737,232 	 905,838.22 	2741081.23	2650837.59	100.1406	96.8437395	-90243.64	6/30/2026	Model2501	100	LMMSOFRFLAT	RFRSwap	4.59	2.36	1.53	-0.01	0.015	 407 	0.35	0.50	0.59	0.09	0.00	0.01	0.00	1.6	11.8	57.2	49	0.11	8.96	3.01	133.00	63651.06	NA	NA	1.43	0.01	4.44	1.48	0.01	2.97	1.51	0.01	1.48	1.57	0.02	-1.49	1.60	0.02	-3.00	1.59	0.01	-4.49
AFS	612772	31307ND35	Agency MBS 15yr	G-2-Q	FREDDIE MAC	0.05933696	2.5	6/1/2030	14677732	 870,932 	 303,974.44 	875130.89	839884.91	100.4821	96.4351886	-35245.97	6/30/2026	Model2501	100	LMMSOFRFLAT	RFRSwap	4.81	2.14	1.58	-0.01	0.015	 133 	0.34	0.48	0.62	0.12	0.00	0.01	0.00	1.6	12.7	79.1	71	0.06	14.03	3.05	133.00	76525.33	NA	NA	1.45	0.01	4.55	1.52	0.02	3.04	1.55	0.02	1.52	1.62	0.02	-1.53	1.66	0.02	-3.08	1.66	0.02	-4.63
PUB_HTM	613574	31307NQE7	Agency MBS 15yr	G-2-Q	FREDDIE MAC	0.07587231	3	7/1/2030	18001662	 1,365,828 	 575,998.84 	1373377.73	1334440.63	100.5528	97.7019759	-38937.1	6/30/2026	Model2501	100	LMMSOFRFLAT	RFRSwap	4.47	2.58	1.53	0.01	0.015	 205 	0.35	0.49	0.60	0.09	0.00	0.00	0.00	1.6	12.3	46.5	37	0.08	12.27	3.53	133.00	75384.88	NA	NA	1.41	0.01	4.49	1.49	0.02	3.01	1.52	0.02	1.50	1.56	0.02	-1.50	1.60	0.02	-3.01	1.62	0.02	-4.53
PUB_HTM	613076	31307NY65	Agency MBS 15yr	G-2-Q	FREDDIE MAC	0.07294486	3	8/1/2030	50000000	 3,647,243 	 1,420,171.62 	3667693.79	3559089.95	100.5607	97.5830223	-108603.84	6/30/2026	Model2501	100	LMMSOFRFLAT	RFRSwap	4.55	2.58	1.54	0.00	0.015	 551 	0.35	0.48	0.61	0.11	0.00	0.01	0.00	1.6	13.5	53.9	45	0.07	12.94	3.50	132.00	89971.26	NA	NA	1.39	0.01	4.48	1.49	0.01	3.02	1.52	0.02	1.51	1.59	0.02	-1.52	1.63	0.02	-3.06	1.65	0.02	-4.60
AFS	612512	31307NYD0	Agency MBS 15yr	G-2-Q	FREDDIE MAC	0.08670614	2.5	8/1/2030	25000000	 2,167,654 	 825,002.87 	2174233.64	2097641.37	100.3036	96.770142	-76592.26	6/30/2026	Model2501	100	LMMSOFRFLAT	RFRSwap	4.63	2.25	1.54	-0.01	0.015	 324 	0.35	0.49	0.60	0.10	0.00	0.01	0.00	1.6	13.0	61.0	53	0.09	11.39	3.10	132.00	65783.70	NA	NA	1.41	0.01	4.45	1.49	0.01	2.98	1.52	0.01	1.49	1.58	0.02	-1.50	1.62	0.02	-3.02	1.62	0.01	-4.54
AFS	614696	31307P5P0	Agency MBS 15yr	G-2-Q	FREDDIE MAC	0.09335384	2.5	1/1/2031	15065550	 1,406,427 	 692,849.12 	1418666	1355817.18	100.8702	96.4015365	-62848.81	6/30/2026	Model2501	100	LMMSOFRFLAT	RFRSwap	4.68	1.94	1.69	-0.01	0.016	 230 	0.32	0.46	0.70	0.20	0.00	0.01	0.00	1.7	12.9	66.5	57	0.09	12.10	3.18	126.00	74106.47	NA	NA	1.50	0.02	4.84	1.62	0.02	3.25	1.66	0.02	1.63	1.74	0.02	-1.64	1.80	0.02	-3.31	1.80	0.02	-4.97
PUB_HTM	613005	31307PBJ7	Agency MBS 15yr	G-2-Q	FREDDIE MAC	0.0705828	3	9/1/2030	33693383	 2,378,173 	 1,196,825.36 	2391057.31	2324758.56	100.5418	97.7539588	-66298.74	6/30/2026	Model2501	100	LMMSOFRFLAT	RFRSwap	4.51	2.57	1.47	0.00	0.014	 342 	0.36	0.49	0.54	0.07	0.00	0.00	0.00	1.5	14.6	49.5	41	0.07	13.49	3.61	130.00	45865.07	NA	NA	1.36	0.01	4.29	1.42	0.01	2.87	1.44	0.01	1.44	1.50	0.01	-1.44	1.55	0.01	-2.91	1.57	0.01	-4.38
PUB_HTM	614234	31307PDX4	Agency MBS 15yr	G-2-Q	FREDDIE MAC	0.07535992	3	9/1/2030	53488929	 4,030,921 	 1,396,297.45 	4054497.39	3932403.92	100.5849	97.5559561	-122093.47	6/30/2026	Model2501	100	LMMSOFRFLAT	RFRSwap	4.50	2.58	1.61	0.00	0.016	 635 	0.33	0.47	0.66	0.14	0.00	0.01	0.00	1.7	12.9	49.6	40	0.08	12.94	3.50	131.00	80826.45	NA	NA	1.42	0.01	4.66	1.54	0.02	3.15	1.58	0.02	1.57	1.65	0.02	-1.58	1.70	0.02	-3.18	1.72	0.02	-4.78
PUB_HTM	613437	31307PLP2	Agency MBS 15yr	G-2-Q	FREDDIE MAC	0.07505985	3	10/1/2030	74502780	 5,592,167 	 1,683,242.12 	5625845.56	5452524.5	100.6022	97.5028825	-173321.06	6/30/2026	Model2501	100	LMMSOFRFLAT	RFRSwap	4.51	2.58	1.64	0.00	0.016	 897 	0.33	0.46	0.68	0.16	0.00	0.01	0.00	1.7	12.8	50.2	41	0.08	13.22	3.53	130.00	88372.54	NA	NA	1.41	0.01	4.73	1.56	0.02	3.20	1.61	0.02	1.60	1.68	0.02	-1.61	1.74	0.02	-3.24	1.75	0.02	-4.88
AFS	614102	31307QB48	Agency MBS 15yr	G-2-Q	FREDDIE MAC	0.15637756	2.5	2/1/2031	95191	 14,886 	 3,563.14 	15016.07	14226.72	100.8756	95.5728643	-789.35	6/30/2026	Model2501	100	LMMSOFRFLAT	RFRSwap	5.02	1.98	1.83	-0.02	0.018	 3 	0.30	0.44	0.75	0.33	0.01	0.01	0.00	1.9	12.2	100.0	91	0.16	7.77	3.07	125.00	55428.91	NA	NA	1.68	0.02	5.22	1.75	0.02	3.49	1.79	0.02	1.75	1.89	0.02	-1.77	1.94	0.02	-3.55	1.93	0.02	-5.33
AFS	613465	31307QCA3	Agency MBS 15yr	G-2-Q	FREDDIE MAC	0.08941489	2.5	2/1/2031	904809	 80,903 	 22,039.29 	81580.65	77697.66	100.8371	96.0375731	-3882.99	6/30/2026	Model2501	100	LMMSOFRFLAT	RFRSwap	5.00	1.94	1.63	-0.01	0.016	 13 	0.33	0.47	0.66	0.16	0.00	0.01	0.00	1.7	13.1	98.0	90	0.09	12.70	3.20	125.00	52683.43	NA	NA	1.45	0.01	4.65	1.56	0.02	3.13	1.60	0.02	1.57	1.68	0.02	-1.58	1.73	0.02	-3.18	1.74	0.02	-4.79
HTM	614646	31307S2B8	Agency MBS 15yr	G-2-Q	FREDDIE MAC	0.14021518	2	1/1/2032	25000000	 3,505,380 	 787,419.02 	3469064.33	3322442.62	98.964	94.7812532	-146621.71	6/30/2026	Model2501	100	LMMSOFRFLAT	RFRSwap	4.63	2.48	2.09	-0.01	0.020	 694 	0.27	0.39	0.76	0.64	0.01	0.01	0.00	2.1	11.4	63.2	51	0.14	10.87	2.60	115.00	95224.27	NA	NA	1.87	0.02	5.88	1.99	0.02	3.94	2.03	0.02	1.98	2.16	0.02	-1.99	2.21	0.02	-4.01	2.20	0.02	-5.99
AFS	612776	31307SD26	Agency MBS 15yr	G-2-Q	FREDDIE MAC	0.17167431	2	10/1/2031	38318045	 6,578,224 	 1,633,066.43 	6586058.68	6255637.8	100.1191	95.0961515	-330420.88	6/30/2026	Model2501	100	LMMSOFRFLAT	RFRSwap	4.57	1.91	2.00	-0.01	0.019	 1,252 	0.28	0.41	0.79	0.49	0.01	0.01	0.00	2.0	10.8	57.3	46	0.17	8.31	2.61	117.00	94369.44	NA	NA	1.78	0.02	5.64	1.90	0.02	3.79	1.95	0.02	1.90	2.07	0.02	-1.92	2.11	0.02	-3.85	2.09	0.02	-5.75
HTM	613376	31307VB96	Agency MBS 15yr	G-2-Q	FREDDIE MAC	0.16259118	2.5	12/1/2032	21274677	 3,459,075 	 765,374.80 	3459074.84	3290218.52	100	95.1184544	-168856.32	6/30/2026	Model2501	100	LMMSOFRFLAT	RFRSwap	4.59	2.47	2.44	-0.02	0.023	 805 	0.23	0.35	0.72	1.06	0.08	0.01	0.00	2.6	10.2	59.3	45	0.16	11.90	2.95	104.00	125147.68	NA	NA	1.91	0.02	6.73	2.25	0.02	4.60	2.36	0.02	2.32	2.54	0.02	-2.34	2.63	0.02	-4.72	2.62	0.02	-7.07
AFS	613985	31326FQ35	Agency MBS ARM	G-2-Q	FREDDIE MAC	0.03899675	5.995	5/1/2043	30315728	 1,182,215 	 186,426.39 	1194321.61	1222546.93	101.0241	103.4115682	28225.32	6/30/2026	Model2501	100	LMMSOFRFLAT	RFRSwap	5.07	5.77	1.22	-0.89	0.013	 150 	0.39	0.23	0.30	0.08	0.29	-0.06	-0.05	4.0	17.2	72.6	106	0.04	19.48	6.63	156.00	174722.27	#SPILL!	#SPILL!	0.98	0.01	2.42	0.68	0.01	1.53	0.64	0.01	0.92	2.19	0.02	-1.74	3.17	0.03	-4.44	3.92	0.04	-7.94
AFS	614417	3132CW2P8	Agency MBS 15yr	G-2-Q	FREDDIE MAC	0.55811645	4.5	1/1/2038	33111438	 18,480,038 	 4,039,458.09 	18296930.94	18318793.41	99.0092	99.1274649	21862.47	6/30/2026	Model2501	100	LMMSOFRFLAT	RFRSwap	4.71	4.75	2.95	-0.47	0.029	 5,418 	0.22	0.32	0.57	1.14	0.74	-0.03	-0.01	3.6	11.9	57.6	49	0.56	10.56	5.13	45.00	209215.16	NA	NA	1.30	0.01	5.67	1.30	0.01	4.36	2.17	0.02	2.62	3.37	0.03	-3.11	3.70	0.03	-6.47	3.98	0.04	-9.98
PUB_HTM	613304	3132CWHE7	Agency MBS 15yr	G-2-Q	FREDDIE MAC	0.2387759	2.5	1/1/2035	25000000	 5,969,398 	 1,484,156.72 	5924267.78	5603552.92	99.244	93.8713316	-320714.86	6/30/2026	Model2501	100	LMMSOFRFLAT	RFRSwap	4.61	2.71	3.05	-0.06	0.029	 1,714 	0.19	0.29	0.63	1.53	0.40	0.02	0.01	3.2	9.7	60.6	44	0.24	13.69	3.20	79.00	160524.42	NA	NA	2.08	0.02	8.00	2.64	0.03	5.58	2.89	0.03	2.84	3.22	0.03	-2.90	3.35	0.03	-5.86	3.34	0.03	-8.77
PUB_HTM	613729	3132D53K6	Agency MBS 15yr	G-2-Q	FREDDIE MAC	0.09803538	3	8/1/2034	25000000	 2,450,885 	 553,613.68 	2468141.48	2341869.76	100.7041	95.5520246	-126271.72	6/30/2026	Model2501	100	LMMSOFRFLAT	RFRSwap	4.59	2.70	2.82	-0.05	0.027	 663 	0.20	0.30	0.64	1.37	0.29	0.01	0.00	3.0	10.5	58.5	41	0.10	23.12	3.72	84.00	144036.56	NA	NA	1.68	0.02	7.26	2.33	0.02	5.20	2.67	0.03	2.67	2.97	0.03	-2.73	3.12	0.03	-5.52	3.18	0.03	-8.34
PUB_HTM	612652	3132D53U4	Agency MBS 15yr	G-2-Q	FREDDIE MAC	0.11947495	3	10/1/2034	15000000	 1,792,124 	 424,357.26 	1804991.91	1711819.47	100.718	95.5190172	-93172.44	6/30/2026	Model2501	100	LMMSOFRFLAT	RFRSwap	4.57	2.70	2.88	-0.05	0.028	 494 	0.20	0.30	0.64	1.42	0.32	0.01	0.00	3.1	10.0	56.8	39	0.12	21.47	3.62	82.00	144034.61	NA	NA	1.75	0.02	7.46	2.40	0.02	5.32	2.73	0.03	2.73	3.03	0.03	-2.78	3.18	0.03	-5.63	3.22	0.03	-8.48
PUB_HTM	613453	3132D54D1	Agency MBS 15yr	G-2-Q	FREDDIE MAC	0.16435411	2.5	12/1/2034	77014698	 12,657,682 	 2,624,356.85 	12562881.35	11882397.31	99.251	93.8749857	-680484.05	6/30/2026	Model2501	100	LMMSOFRFLAT	RFRSwap	4.60	2.71	3.07	-0.05	0.029	 3,655 	0.18	0.29	0.63	1.54	0.41	0.02	0.01	3.2	9.4	59.2	42	0.16	18.18	3.14	80.00	160906.38	NA	NA	2.04	0.02	8.01	2.64	0.03	5.60	2.91	0.03	2.86	3.23	0.03	-2.92	3.35	0.03	-5.88	3.34	0.03	-8.79
PUB_HTM	612506	3132D54K5	Agency MBS 15yr	G-2-Q	FREDDIE MAC	0.17271006	2.5	1/1/2035	95219387	 16,445,346 	 3,276,261.50 	16321147.66	15430113.18	99.2448	93.8266251	-891034.49	6/30/2026	Model2501	100	LMMSOFRFLAT	RFRSwap	4.59	2.71	3.10	-0.05	0.029	 4,797 	0.18	0.28	0.62	1.56	0.43	0.02	0.01	3.3	9.3	58.6	41	0.17	17.86	3.12	79.00	160509.94	NA	NA	2.05	0.02	8.08	2.67	0.03	5.66	2.94	0.03	2.88	3.27	0.03	-2.95	3.39	0.03	-5.93	3.37	0.03	-8.87
PUB_HTM	614621	3132D54Q2	Agency MBS 15yr	G-2-Q	FREDDIE MAC	0.17524686	2.5	2/1/2035	175000000	 30,668,201 	 6,079,007.51 	30436437.01	28742753.72	99.2443	93.7216832	-1693683.3	6/30/2026	Model2501	100	LMMSOFRFLAT	RFRSwap	4.62	2.71	3.12	-0.06	0.029	 8,995 	0.18	0.28	0.62	1.57	0.45	0.02	0.01	3.3	9.4	61.1	44	0.18	18.00	3.14	78.00	168511.27	NA	NA	2.03	0.02	8.09	2.67	0.03	5.68	2.95	0.03	2.90	3.29	0.03	-2.96	3.42	0.03	-5.97	3.40	0.03	-8.93
PUB_HTM	613113	3132D54U3	Agency MBS 15yr	G-2-Q	FREDDIE MAC	0.17362822	2.5	3/1/2035	50000000	 8,681,411 	 1,653,189.98 	8615736.03	8132100.99	99.2435	93.6725722	-483635.05	6/30/2026	Model2501	100	LMMSOFRFLAT	RFRSwap	4.61	2.70	3.16	-0.06	0.030	 2,573 	0.18	0.28	0.62	1.59	0.47	0.02	0.01	3.3	9.3	60.3	43	0.17	18.44	3.13	77.00	171693.44	NA	NA	2.04	0.02	8.16	2.69	0.03	5.73	2.98	0.03	2.93	3.33	0.03	-2.99	3.45	0.03	-6.03	3.43	0.03	-9.01
PUB_HTM	613551	3132D56D9	Agency MBS 15yr	G-2-Q	FREDDIE MAC	0.39980044	1.5	10/1/2035	50000000	 19,990,022 	 3,091,072.96 	19250700.19	17941459.58	96.3015	89.7520752	-1309240.62	6/30/2026	Model2501	100	LMMSOFRFLAT	RFRSwap	4.66	2.56	3.66	-0.01	0.033	 6,573 	0.14	0.24	0.58	1.84	0.79	0.05	0.01	3.7	7.6	63.8	46	0.40	8.24	2.35	70.00	199216.13	NA	NA	2.78	0.03	9.41	3.22	0.03	6.45	3.48	0.03	3.27	3.78	0.03	-3.29	3.81	0.03	-6.52	3.74	0.03	-9.61
PUB_HTM	614353	3132D57J5	Agency MBS 15yr	G-2-Q	FREDDIE MAC	0.52337292	1.5	4/1/2036	25000000	 13,084,323 	 1,847,911.37 	12593552.2	11686314.39	96.2492	89.3153921	-907237.81	6/30/2026	Model2501	100	LMMSOFRFLAT	RFRSwap	4.61	2.51	3.87	0.01	0.035	 4,523 	0.13	0.23	0.55	1.87	1.03	0.05	0.02	3.9	7.1	58.4	39	0.52	4.99	2.20	64.00	211204.05	NA	NA	2.93	0.03	9.95	3.42	0.03	6.82	3.68	0.03	3.45	3.99	0.03	-3.45	4.02	0.03	-6.84	3.94	0.03	-10.07
PUB_HTM	614823	3132D6A42	Agency MBS 15yr	G-2-Q	FREDDIE MAC	0.59245995	1.5	11/1/2036	30000000	 17,773,799 	 2,444,065.79 	17092463.5	15840409.86	96.1666	89.1222541	-1252053.64	6/30/2026	Model2501	100	LMMSOFRFLAT	RFRSwap	4.49	2.48	4.08	0.00	0.036	 6,475 	0.12	0.21	0.52	1.85	1.31	0.06	0.02	4.2	6.9	45.8	26	0.59	4.11	2.12	57.00	222056.28	NA	NA	3.04	0.03	10.47	3.59	0.03	7.18	3.89	0.04	3.63	4.24	0.04	-3.64	4.27	0.04	-7.22	4.19	0.03	-10.62
HTM	614565	3132D6A83	Agency MBS 15yr	G-2-Q	FREDDIE MAC	0.6004677	1.5	12/1/2036	25000000	 15,011,693 	 2,117,152.13 	15051310.72	13378640.32	100.2639	89.1214653	-1672670.4	6/30/2026	Model2501	100	LMMSOFRFLAT	RFRSwap	4.48	1.41	4.10	-0.01	0.037	 5,496 	0.12	0.21	0.52	1.84	1.34	0.06	0.02	4.2	7.0	44.5	25	0.60	4.05	2.13	56.00	214888.41	NA	NA	3.06	0.03	10.52	3.60	0.03	7.21	3.90	0.04	3.65	4.27	0.04	-3.66	4.30	0.04	-7.26	4.22	0.03	-10.69
PUB_HTM	614160	3132D6BJ8	Agency MBS 15yr	G-2-Q	FREDDIE MAC	0.59407288	2	2/1/2037	50000000	 29,703,644 	 4,263,854.07 	29074603	27065248.24	97.8823	91.1176024	-2009354.76	6/30/2026	Model2501	100	LMMSOFRFLAT	RFRSwap	4.46	2.53	3.96	-0.06	0.036	 10,745 	0.13	0.22	0.52	1.76	1.28	0.05	0.02	4.1	7.9	41.8	23	0.59	4.93	2.57	54.00	207405.69	NA	NA	2.70	0.03	10.10	3.37	0.03	7.02	3.72	0.04	3.58	4.19	0.04	-3.65	4.29	0.04	-7.30	4.23	0.03	-10.81
HTM	614346	3132D6BY5	Agency MBS 15yr	G-2-Q	FREDDIE MAC	0.58040359	3	5/1/2037	75000000	 43,530,269 	 7,849,498.89 	43834375.68	41149176.15	100.6986	94.530029	-2685199.54	6/30/2026	Model2501	100	LMMSOFRFLAT	RFRSwap	4.53	2.77	3.68	-0.15	0.035	 15,175 	0.15	0.24	0.54	1.57	1.15	0.02	0.01	4.1	9.4	47.4	29	0.58	6.59	3.51	51.00	202169.53	NA	NA	1.77	0.02	8.87	2.79	0.03	6.51	3.36	0.03	3.40	3.95	0.04	-3.55	4.20	0.04	-7.20	4.23	0.04	-10.83
HTM	614088	3132D6C32	Agency MBS 15yr	G-2-Q	FREDDIE MAC	0.51269369	4.5	11/1/2037	67571609	 34,643,538 	 7,259,637.27 	34324210.15	34334150.67	99.0782	99.106942	9940.52	6/30/2026	Model2501	100	LMMSOFRFLAT	RFRSwap	4.72	4.73	2.92	-0.47	0.029	 10,065 	0.22	0.32	0.57	1.13	0.73	-0.03	-0.01	3.6	12.2	58.2	49	0.51	12.07	5.16	45.00	202423.50	NA	NA	1.29	0.01	5.61	1.29	0.01	4.31	2.14	0.02	2.59	3.35	0.03	-3.09	3.67	0.03	-6.41	3.95	0.04	-9.90
HTM	614573	3132D6C40	Agency MBS 15yr	G-2-Q	FREDDIE MAC	0.50234892	4.5	10/1/2037	35877478	 18,023,012 	 4,002,665.85 	17883542.66	17862063.11	99.2262	99.1069794	-21479.54	6/30/2026	Model2501	100	LMMSOFRFLAT	RFRSwap	4.72	4.69	2.92	-0.46	0.029	 5,231 	0.22	0.32	0.56	1.13	0.72	-0.03	-0.01	3.6	12.2	58.4	50	0.50	12.13	5.17	46.00	208362.42	NA	NA	1.32	0.01	5.67	1.32	0.01	4.33	2.15	0.02	2.59	3.34	0.03	-3.08	3.66	0.03	-6.40	3.93	0.04	-9.88
HTM	613436	3132DN5B5	Agency MBS 30yr	G-2-Q	FREDDIE MAC	0.72190972	5	10/1/2052	26609374	 19,209,566 	 1,923,424.51 	19132940.35	19100487.73	99.6011	99.4321683	-32452.62	6/30/2026	Model2501	100	LMMSOFRFLAT	RFRSwap	5.10	5.06	4.32	-1.02	0.043	 8,281 	0.16	0.27	0.51	1.05	1.50	0.82	0.03	6.7	10.3	61.7	68	0.72	7.17	5.73	46.00	214210.44	NA	NA	0.78	0.01	5.75	0.58	0.01	5.25	2.67	0.03	3.65	5.28	0.05	-4.72	6.04	0.05	-9.96	6.66	0.06	-15.50
HTM	613356	3132DNUZ4	Agency MBS 30yr	G-2-Q	FREDDIE MAC	0.64047524	5	6/1/2052	29770592	 19,067,327 	 1,606,733.27 	18991173.37	18980400.81	99.6006	99.5441089	-10772.55	6/30/2026	Model2501	100	LMMSOFRFLAT	RFRSwap	5.08	5.07	4.49	-0.64	0.045	 8,558 	0.15	0.23	0.49	1.12	1.63	0.85	0.03	6.7	10.6	68.6	66	0.64	9.64	5.69	50.00	213444.16	NA	NA	0.29	0.00	7.20	1.34	0.01	6.58	3.33	0.03	4.05	5.24	0.05	-4.76	5.91	0.05	-9.93	6.49	0.05	-15.34
HTM	613268	3132DNY23	Agency MBS 30yr	G-2-Q	FREDDIE MAC	0.71732128	5	9/1/2052	98257427	 70,482,143 	 6,415,867.43 	69617255.66	69859416.65	98.7729	99.116476	242160.99	6/30/2026	Model2501	100	LMMSOFRFLAT	RFRSwap	5.16	5.22	4.21	-1.11	0.042	 29,514 	0.17	0.28	0.50	1.02	1.44	0.78	0.03	6.5	10.9	65.0	76	0.72	7.19	5.92	47.00	268421.06	NA	NA	1.01	0.01	5.64	0.61	0.01	4.87	2.43	0.02	3.46	5.23	0.05	-4.63	5.99	0.05	-9.81	6.63	0.06	-15.31
HTM	614006	3132DNYP2	Agency MBS 30yr	G-2-Q	FREDDIE MAC	0.72179579	5	9/1/2052	27422248	 19,793,263 	 2,478,339.43 	19650430.67	19607582.62	99.2784	99.0619003	-42848.05	6/30/2026	Model2501	100	LMMSOFRFLAT	RFRSwap	5.17	5.13	4.21	-1.07	0.042	 8,295 	0.17	0.28	0.50	1.02	1.45	0.78	0.03	6.5	10.9	66.7	77	0.72	7.03	5.94	47.00	242124.17	NA	NA	0.97	0.01	5.68	0.63	0.01	4.94	2.46	0.03	3.48	5.22	0.05	-4.62	5.95	0.05	-9.78	6.57	0.06	-15.23
HTM	614310	3132DPCB2	Agency MBS 30yr	G-2-Q	FREDDIE MAC	0.73949829	5	11/1/2052	60646643	 44,848,089 	 4,028,592.65 	44361493.46	44527842.22	98.915	99.2859304	166348.77	6/30/2026	Model2501	100	LMMSOFRFLAT	RFRSwap	5.13	5.20	4.19	-1.12	0.042	 18,748 	0.17	0.28	0.50	1.01	1.42	0.79	0.04	6.5	11.1	61.4	72	0.74	6.74	5.73	46.00	244206.17	NA	NA	0.90	0.01	5.37	0.46	0.00	4.79	2.41	0.02	3.44	5.26	0.05	-4.65	6.04	0.05	-9.87	6.67	0.06	-15.42
HTM	613998	3132DPGE2	Agency MBS 30yr	G-2-Q	FREDDIE MAC	0.71613759	5	11/1/2052	63399076	 45,402,461 	 5,607,238.65 	46014993.2	45212565.29	101.3491	99.5817491	-802427.91	6/30/2026	Model2501	100	LMMSOFRFLAT	RFRSwap	5.07	4.74	4.24	-0.98	0.042	 19,257 	0.16	0.27	0.51	1.05	1.47	0.77	0.03	6.5	10.9	60.3	66	0.72	7.78	5.84	46.00	196257.63	NA	NA	0.82	0.01	5.85	0.68	0.01	5.26	2.66	0.03	3.60	5.17	0.05	-4.63	5.91	0.05	-9.77	6.54	0.06	-15.23
HTM	614398	3132DPGF9	Agency MBS 30yr	G-2-Q	FREDDIE MAC	0.73017844	5	12/1/2052	66951714	 48,886,698 	 6,409,218.44 	49424661.76	48493489.32	101.1004	99.1956733	-931172.44	6/30/2026	Model2501	100	LMMSOFRFLAT	RFRSwap	5.14	4.79	4.35	-1.02	0.043	 21,164 	0.16	0.27	0.51	1.04	1.52	0.83	0.04	6.7	10.2	65.4	72	0.73	7.24	5.69	45.00	220690.83	NA	NA	0.81	0.01	5.72	0.53	0.01	5.20	2.65	0.03	3.65	5.32	0.05	-4.74	6.07	0.05	-9.99	6.67	0.06	-15.53
HTM	614384	3132DPGT9	Agency MBS 30yr	G-2-Q	FREDDIE MAC	0.68419982	5	12/1/2052	59663494	 40,821,752 	 6,260,224.72 	41564194.33	40675020.44	101.8187	99.6405558	-889173.9	6/30/2026	Model2501	100	LMMSOFRFLAT	RFRSwap	5.06	4.66	4.43	-0.92	0.044	 18,075 	0.15	0.26	0.51	1.08	1.57	0.85	0.03	6.8	10.1	60.7	64	0.68	8.93	5.58	45.00	174434.95	NA	NA	0.50	0.01	6.00	0.65	0.01	5.68	2.91	0.03	3.83	5.32	0.05	-4.79	6.04	0.05	-10.06	6.63	0.06	-15.59
HTM	614105	3132DPHH4	Agency MBS 30yr	G-2-Q	FREDDIE MAC	0.70974116	5	12/1/2052	81043860	 57,520,163 	 8,782,102.06 	58334894.41	57261786.2	101.4164	99.5508062	-1073108.21	6/30/2026	Model2501	100	LMMSOFRFLAT	RFRSwap	5.07	4.73	4.34	-1.00	0.043	 24,963 	0.16	0.27	0.51	1.06	1.52	0.82	0.03	6.7	10.3	60.5	66	0.71	7.98	5.65	46.00	197151.84	NA	NA	0.70	0.01	5.76	0.56	0.01	5.33	2.72	0.03	3.69	5.28	0.05	-4.73	6.03	0.05	-9.98	6.63	0.06	-15.50
HTM	614611	3132DPHJ0	Agency MBS 30yr	G-2-Q	FREDDIE MAC	0.72602959	5	12/1/2052	17052198	 12,380,400 	 1,514,982.67 	12516131.5	12310099.48	101.0963	99.4321602	-206032.02	6/30/2026	Model2501	100	LMMSOFRFLAT	RFRSwap	5.10	4.78	4.20	-1.09	0.042	 5,191 	0.17	0.28	0.51	1.03	1.44	0.76	0.03	6.5	10.9	59.5	70	0.73	7.45	5.84	44.00	217083.23	NA	NA	1.01	0.01	5.68	0.62	0.01	4.91	2.44	0.03	3.47	5.22	0.05	-4.64	5.97	0.05	-9.82	6.60	0.06	-15.32
AFS	613723	3132DPMF2	Agency MBS 30yr	G-2-Q	FREDDIE MAC	0.64472738	5	12/1/2052	10760884	 6,937,837 	 1,706,577.46 	6835473.99	6863728.28	98.5246	98.9318245	28254.29	6/30/2026	Model2501	100	LMMSOFRFLAT	RFRSwap	5.19	5.26	4.49	-1.00	0.045	 3,091 	0.15	0.26	0.50	1.07	1.60	0.89	0.04	6.8	9.8	68.9	76	0.64	10.54	5.78	44.00	317222.03	NA	NA	1.09	0.01	6.50	0.86	0.01	5.61	2.84	0.03	3.80	5.54	0.05	-4.88	6.48	0.06	-10.40	7.21	0.06	-16.31
AFS	614142	3132DPUE6	Agency MBS 30yr	G-2-Q	FREDDIE MAC	0.68900743	5.5	3/1/2053	35000000	 24,115,260 	 4,062,083.71 	24157846.51	24449328.7	100.1766	101.3852998	291482.19	6/30/2026	Model2501	100	LMMSOFRFLAT	RFRSwap	5.19	5.45	3.26	-1.59	0.033	 8,001 	0.24	0.33	0.49	0.84	0.95	0.44	-0.01	5.6	13.1	57.5	81	0.69	9.43	6.41	42.00	221732.88	NA	NA	0.96	0.01	3.90	0.56	0.01	3.04	1.27	0.01	2.34	4.58	0.04	-3.97	5.42	0.05	-8.78	6.12	0.05	-14.01
AFS	613234	3132DSTQ5	Agency MBS 30yr	G-2-Q	FREDDIE MAC	0.81085699	5.5	3/1/2054	57239329	 46,412,910 	 6,436,098.59 	46414711.19	47124148.19	100.0039	101.5324145	709436.99	6/30/2026	Model2501	100	LMMSOFRFLAT	RFRSwap	5.18	5.49	3.20	-1.80	0.033	 15,139 	0.25	0.34	0.48	0.82	0.91	0.43	0.00	5.7	12.6	50.1	79	0.81	7.78	6.46	31.00	247539.19	NA	NA	1.03	0.01	3.94	0.75	0.01	2.94	1.15	0.01	2.20	4.64	0.05	-3.99	5.54	0.05	-8.90	6.29	0.06	-14.25
AFS	614274	3132DSU59	Agency MBS 30yr	G-2-Q	FREDDIE MAC	0.81445674	5	3/1/2054	55528175	 45,225,296 	 4,804,194.07 	45288479.14	44993399.11	100.1397	99.4872399	-295080.02	6/30/2026	Model2501	100	LMMSOFRFLAT	RFRSwap	5.09	4.96	4.08	-1.17	0.041	 18,411 	0.18	0.29	0.51	1.00	1.36	0.72	0.03	6.3	11.3	55.5	69	0.81	7.45	5.96	33.00	176216.88	NA	NA	1.10	0.01	5.60	0.72	0.01	4.66	2.25	0.02	3.30	5.14	0.05	-4.55	5.90	0.05	-9.67	6.58	0.06	-15.14
AFS	614182	3132DSYM8	Agency MBS 30yr	G-2-Q	FREDDIE MAC	0.8027141	5.5	4/1/2054	54000000	 43,346,561 	 5,506,621.51 	43491942.92	44077952.14	100.3354	101.6873097	586009.22	6/30/2026	Model2501	100	LMMSOFRFLAT	RFRSwap	5.14	5.42	3.23	-1.65	0.033	 14,312 	0.24	0.34	0.49	0.83	0.93	0.43	-0.01	5.7	12.8	50.5	75	0.80	8.48	6.48	35.00	199254.88	NA	NA	0.98	0.01	3.85	0.56	0.01	2.97	1.23	0.01	2.30	4.58	0.04	-3.98	5.42	0.05	-8.80	6.11	0.05	-14.04
AFS	613085	3132DTFP0	Agency MBS 30yr	G-2-Q	FREDDIE MAC	0.82362115	5	5/1/2054	28161532	 23,194,433 	 2,656,813.56 	23136660.42	23017274.15	99.7509	99.2361994	-119386.27	6/30/2026	Model2501	100	LMMSOFRFLAT	RFRSwap	5.14	5.04	4.05	-1.31	0.040	 9,352 	0.19	0.30	0.50	0.98	1.32	0.73	0.05	6.3	11.4	56.0	74	0.82	7.67	5.97	30.00	222954.66	NA	NA	1.21	0.01	5.57	0.83	0.01	4.46	2.10	0.02	3.18	5.23	0.05	-4.57	6.03	0.05	-9.78	6.74	0.06	-15.36
AFS	614769	3132DTH78	Agency MBS 30yr	G-2-Q	FREDDIE MAC	0.81278146	5.5	5/1/2054	25000000	 20,319,537 	 2,611,289.16 	20392009.21	20587749.73	100.3567	101.3199771	195740.52	6/30/2026	Model2501	100	LMMSOFRFLAT	RFRSwap	5.22	5.42	3.32	-1.66	0.034	 6,863 	0.23	0.34	0.49	0.86	0.96	0.45	0.00	5.8	12.3	57.7	84	0.81	8.74	6.50	29.00	202977.56	NA	NA	1.02	0.01	4.11	0.70	0.01	3.15	1.30	0.01	2.37	4.66	0.05	-4.05	5.48	0.05	-8.91	6.18	0.05	-14.18
AFS	614153	3132DTHH6	Agency MBS 30yr	G-2-Q	FREDDIE MAC	0.72467534	6	5/1/2054	65856969	 47,724,921 	 10,532,046.99 	48599972.83	49460305.06	101.8335	103.6362211	860332.23	6/30/2026	Model2501	100	LMMSOFRFLAT	RFRSwap	5.16	5.56	2.15	-2.18	0.022	 10,696 	0.30	0.35	0.45	0.58	0.43	0.10	-0.05	5.0	15.4	38.0	76	0.72	13.92	6.99	30.00	225456.16	NA	NA	1.04	0.01	2.57	0.66	0.01	1.66	0.49	0.01	1.20	3.89	0.04	-3.19	4.89	0.05	-7.58	5.60	0.05	-12.52
AFS	613884	3132DTJA9	Agency MBS 30yr	G-2-Q	FREDDIE MAC	0.85534812	5.5	6/1/2054	24086178	 20,602,067 	 1,659,590.41 	20585532.79	20915079.67	99.9197	101.5193262	329546.88	6/30/2026	Model2501	100	LMMSOFRFLAT	RFRSwap	5.20	5.51	3.39	-1.70	0.035	 7,120 	0.23	0.33	0.49	0.87	1.00	0.49	0.00	6.1	11.6	53.2	80	0.86	6.33	6.46	32.00	251472.67	NA	NA	1.03	0.01	4.08	0.67	0.01	3.12	1.26	0.01	2.40	4.78	0.05	-4.15	5.62	0.05	-9.14	6.34	0.06	-14.53
AFS	612396	3132DTK33	Agency MBS 30yr	G-2-Q	FREDDIE MAC	0.82016349	5	3/1/2054	20000000	 16,403,270 	 2,013,113.60 	16403269.8	16284344.68	100	99.2749914	-118925.12	6/30/2026	Model2501	100	LMMSOFRFLAT	RFRSwap	5.13	4.99	4.11	-1.24	0.041	 6,726 	0.18	0.30	0.51	1.00	1.37	0.74	0.04	6.4	11.1	58.1	73	0.82	8.15	5.97	33.00	198056.52	NA	NA	1.19	0.01	5.72	0.80	0.01	4.66	2.23	0.02	3.30	5.23	0.05	-4.60	6.01	0.05	-9.80	6.71	0.06	-15.36
AFS	613220	3132DTKA7	Agency MBS 30yr	G-2-Q	FREDDIE MAC	0.76660077	6	5/1/2054	46713433	 35,810,554 	 6,807,779.70 	36522473.52	37216853.31	101.988	103.9270535	694379.79	6/30/2026	Model2501	100	LMMSOFRFLAT	RFRSwap	5.09	5.52	2.19	-2.15	0.023	 8,186 	0.30	0.35	0.45	0.60	0.44	0.10	-0.05	5.1	15.3	34.5	70	0.77	11.46	6.97	29.00	226747.95	NA	NA	1.01	0.01	2.47	0.59	0.01	1.59	0.44	0.00	1.23	3.88	0.04	-3.22	4.87	0.05	-7.60	5.59	0.05	-12.54
AFS	614063	3132DTLL2	Agency MBS 30yr	G-2-Q	FREDDIE MAC	0.83138462	5	10/1/2053	20538207	 17,075,149 	 1,944,901.97 	17027288.15	16987876.63	99.7197	99.48889	-39411.52	6/30/2026	Model2501	100	LMMSOFRFLAT	RFRSwap	5.09	5.04	4.18	-1.16	0.042	 7,131 	0.17	0.29	0.51	1.02	1.42	0.76	0.03	6.5	10.8	56.8	68	0.83	7.45	5.88	40.00	198532.70	NA	NA	0.98	0.01	5.47	0.54	0.01	4.73	2.34	0.02	3.41	5.23	0.05	-4.64	6.00	0.05	-9.85	6.64	0.06	-15.38
AFS	613543	3132DTR51	Agency MBS 30yr	G-2-Q	FREDDIE MAC	0.79325973	5	3/1/2054	35259937	 27,970,288 	 3,797,028.84 	27719865.71	27660518.03	99.1047	98.8925031	-59347.69	6/30/2026	Model2501	100	LMMSOFRFLAT	RFRSwap	5.21	5.17	4.02	-1.33	0.040	 11,172 	0.19	0.30	0.49	0.97	1.32	0.73	0.05	6.1	12.0	64.1	83	0.79	10.12	5.98	35.00	222672.86	NA	NA	1.11	0.01	5.41	0.78	0.01	4.38	2.07	0.02	3.15	5.26	0.05	-4.54	6.06	0.05	-9.78	6.77	0.06	-15.36
AFS	613975	3132DTRN2	Agency MBS 30yr	G-2-Q	FREDDIE MAC	0.81594802	5.5	3/1/2054	81459873	 66,467,022 	 8,332,336.37 	66473901.75	67485580.74	100.0104	101.5324271	1011678.99	6/30/2026	Model2501	100	LMMSOFRFLAT	RFRSwap	5.18	5.49	3.15	-1.84	0.032	 21,384 	0.25	0.34	0.48	0.80	0.88	0.42	-0.01	5.7	12.3	49.1	79	0.82	8.93	6.49	32.00	249104.19	NA	NA	0.98	0.01	3.69	0.69	0.01	2.78	1.04	0.01	2.13	4.62	0.05	-3.97	5.51	0.05	-8.84	6.26	0.05	-14.17
AFS	614631	3132DTWB2	Agency MBS 30yr	G-2-Q	FREDDIE MAC	0.83135775	5.5	8/1/2054	119428929	 99,288,166 	 12,319,757.14 	99397226.92	100817827.2	100.1098	101.5406282	1420600.26	6/30/2026	Model2501	100	LMMSOFRFLAT	RFRSwap	5.19	5.47	3.30	-1.80	0.034	 33,398 	0.24	0.34	0.49	0.84	0.95	0.46	0.00	6.0	11.8	50.7	79	0.83	8.46	6.46	28.00	225782.81	NA	NA	0.99	0.01	3.86	0.65	0.01	2.94	1.15	0.01	2.28	4.75	0.05	-4.10	5.63	0.05	-9.09	6.36	0.06	-14.50
AFS	613740	3132DUQS9	Agency MBS 30yr	G-2-Q	FREDDIE MAC	0.85704334	5.5	10/1/2054	49587305	 42,498,470 	 4,356,219.09 	42628107.82	43127486.07	100.305	101.4800923	499378.25	6/30/2026	Model2501	100	LMMSOFRFLAT	RFRSwap	5.21	5.43	3.19	-1.90	0.033	 13,815 	0.25	0.35	0.49	0.81	0.88	0.44	0.00	5.9	11.9	48.2	81	0.86	7.76	6.49	22.00	252904.94	NA	NA	0.97	0.01	3.63	0.66	0.01	2.74	1.02	0.01	2.13	4.71	0.05	-4.03	5.62	0.05	-8.99	6.38	0.06	-14.41
AFS	613865	3132DURX7	Agency MBS 30yr	G-2-Q	FREDDIE MAC	0.72916181	6	9/1/2054	35397364	 25,810,406 	 7,177,604.88 	26292194.33	26824005.24	101.8666	103.9270953	531810.91	6/30/2026	Model2501	100	LMMSOFRFLAT	RFRSwap	5.09	5.55	2.12	-2.22	0.022	 5,704 	0.30	0.35	0.45	0.58	0.40	0.09	-0.05	5.1	15.3	32.6	70	0.73	16.32	6.94	26.00	227048.73	NA	NA	1.00	0.01	2.32	0.57	0.01	1.47	0.38	0.00	1.14	3.87	0.04	-3.17	4.89	0.05	-7.57	5.62	0.05	-12.53
AFS	613485	3132DUUL9	Agency MBS 30yr	G-2-Q	FREDDIE MAC	0.83078835	5.5	11/1/2054	76918257	 63,902,792 	 9,531,863.43 	63957671.64	64726122.93	100.0859	101.2884118	768451.29	6/30/2026	Model2501	100	LMMSOFRFLAT	RFRSwap	5.23	5.47	3.15	-1.97	0.032	 20,456 	0.25	0.34	0.48	0.79	0.86	0.44	0.01	5.7	12.4	50.6	84	0.83	9.99	6.52	22.00	276600.47	NA	NA	1.00	0.01	3.71	0.73	0.01	2.78	1.04	0.01	2.10	4.69	0.05	-3.99	5.63	0.05	-8.95	6.39	0.06	-14.36
AFS	613828	3132DUUT2	Agency MBS 30yr	G-2-Q	FREDDIE MAC	0.8282254	5.5	10/1/2054	114133449	 94,528,221 	 12,778,987.25 	94590841.51	95795385.68	100.0662	101.3405142	1204544.17	6/30/2026	Model2501	100	LMMSOFRFLAT	RFRSwap	5.23	5.48	3.13	-1.96	0.032	 30,141 	0.25	0.34	0.48	0.79	0.87	0.43	0.00	5.7	12.2	50.3	83	0.83	10.12	6.52	27.00	274508.72	NA	NA	0.99	0.01	3.66	0.72	0.01	2.74	1.01	0.01	2.07	4.67	0.05	-3.98	5.58	0.05	-8.91	6.32	0.06	-14.28
PUB_HTM	613852	3132DV7B5	Agency MBS 30yr	G-2-Q	FREDDIE MAC	0.5626371	2	9/1/2050	75000000	 42,197,783 	 2,909,484.55 	39618606.7	34059701.69	93.8879	80.7144349	-5558905.01	6/30/2026	Model2501	100	LMMSOFRFLAT	RFRSwap	5.09	2.86	7.40	0.04	0.060	 25,251 	0.05	0.09	0.24	1.15	3.29	2.41	0.20	8.5	6.0	79.3	66	0.56	7.14	2.96	71.00	310899.72	NA	NA	4.57	0.04	16.92	6.00	0.06	11.79	6.83	0.06	5.97	7.88	0.06	-5.95	8.16	0.06	-11.75	8.07	0.05	-17.16
PUB_HTM	612408	3132DV7J8	Agency MBS 30yr	G-2-Q	FREDDIE MAC	0.51821501	2	8/1/2050	50000000	 25,910,751 	 1,843,739.80 	24321579.25	20884904.49	93.8667	80.6032403	-3436674.76	6/30/2026	Model2501	100	LMMSOFRFLAT	RFRSwap	5.13	2.86	7.37	0.04	0.060	 15,432 	0.05	0.09	0.25	1.16	3.28	2.38	0.20	8.5	6.0	83.1	69	0.52	8.31	3.01	72.00	308080.66	NA	NA	4.60	0.04	16.88	6.00	0.06	11.74	6.82	0.06	5.95	7.86	0.06	-5.92	8.14	0.06	-11.70	8.07	0.05	-17.10
PUB_HTM	614376	3132DV7K5	Agency MBS 30yr	G-2-Q	FREDDIE MAC	0.59937718	2	10/1/2050	50000000	 29,968,859 	 2,063,035.40 	28135693.83	24205328.59	93.8831	80.7682688	-3930365.24	6/30/2026	Model2501	100	LMMSOFRFLAT	RFRSwap	5.06	2.85	7.43	0.05	0.060	 18,022 	0.05	0.09	0.24	1.15	3.29	2.44	0.21	8.6	5.9	76.1	62	0.60	6.24	2.91	70.00	315967.00	NA	NA	4.58	0.04	16.98	6.02	0.06	11.84	6.85	0.06	6.00	7.91	0.06	-5.98	8.17	0.06	-11.80	8.07	0.05	-17.20
PUB_HTM	613275	3132DWAM5	Agency MBS 30yr	G-2-Q	FREDDIE MAC	0.68308469	1.5	12/1/2050	65000000	 44,400,505 	 2,709,522.48 	40186238.87	34106506.83	90.5085	76.8155834	-6079732.04	6/30/2026	Model2501	100	LMMSOFRFLAT	RFRSwap	5.13	2.80	7.92	0.20	0.061	 27,043 	0.04	0.07	0.21	1.10	3.49	2.77	0.27	8.8	5.5	82.1	70	0.68	4.16	2.54	68.00	316341.09	NA	NA	5.64	0.05	18.00	6.75	0.06	12.27	7.41	0.06	6.14	8.36	0.06	-6.02	8.51	0.06	-11.78	8.33	0.05	-17.05
HTM	614834	3132DWBH5	Agency MBS 30yr	G-2-Q	FREDDIE MAC	0.67936302	2	4/1/2051	75000000	 50,952,227 	 3,707,273.66 	50994835.14	40998614.49	100.0836	80.4648144	-9996220.65	6/30/2026	Model2501	100	LMMSOFRFLAT	RFRSwap	5.05	1.98	7.61	0.07	0.061	 31,275 	0.05	0.09	0.24	1.10	3.28	2.63	0.26	8.8	5.8	73.0	60	0.68	4.80	2.84	64.00	323825.84	NA	NA	4.76	0.05	17.38	6.20	0.06	12.09	7.01	0.06	6.13	8.11	0.06	-6.10	8.33	0.06	-12.01	8.20	0.05	-17.47
PUB_HTM	613678	3132DWBJ1	Agency MBS 30yr	G-2-Q	FREDDIE MAC	0.62344901	2.5	4/1/2051	9043747	 5,638,315 	 415,376.85 	5418267.45	4749614.29	96.0973	84.2381846	-668653.16	6/30/2026	Model2501	100	LMMSOFRFLAT	RFRSwap	4.99	3.04	7.17	-0.06	0.061	 3,416 	0.06	0.10	0.27	1.13	3.07	2.36	0.21	8.7	6.1	68.3	54	0.62	6.42	3.09	64.00	312773.66	NA	NA	3.87	0.04	16.39	5.55	0.05	11.67	6.51	0.06	6.00	7.72	0.06	-6.07	8.01	0.06	-12.02	7.96	0.05	-17.60
PUB_HTM	613504	3132DWBP7	Agency MBS 30yr	G-2-Q	FREDDIE MAC	0.68594429	2	5/1/2051	50000000	 34,297,215 	 2,422,698.61 	32113972.57	27617470.07	93.6343	80.5239448	-4496502.49	6/30/2026	Model2501	100	LMMSOFRFLAT	RFRSwap	5.05	2.87	7.59	0.05	0.061	 21,014 	0.05	0.09	0.24	1.10	3.25	2.63	0.26	8.8	5.9	72.9	60	0.69	4.76	2.87	63.00	322058.84	NA	NA	4.74	0.05	17.32	6.17	0.06	12.06	6.99	0.06	6.11	8.11	0.06	-6.10	8.35	0.06	-12.02	8.22	0.05	-17.49
PUB_HTM	613775	3132DWCH4	Agency MBS 30yr	G-2-Q	FREDDIE MAC	0.74066056	2	10/1/2051	15000000	 11,109,908 	 774,173.54 	10401230.93	8918410.94	93.6212	80.2743877	-1482819.98	6/30/2026	Model2501	100	LMMSOFRFLAT	RFRSwap	5.06	2.86	7.70	0.04	0.062	 6,885 	0.05	0.09	0.24	1.09	3.23	2.73	0.31	9.0	5.9	72.9	61	0.74	3.85	2.86	58.00	340523.56	NA	NA	4.78	0.05	17.47	6.24	0.06	12.16	7.06	0.06	6.17	8.23	0.06	-6.17	8.47	0.06	-12.15	8.33	0.05	-17.67
HTM	613350	3132DWCN1	Agency MBS 30yr	G-2-Q	FREDDIE MAC	0.74966222	2	11/1/2051	25076030	 18,798,552 	 1,363,053.92 	18704696.64	15084818.32	99.5007	80.2445745	-3619878.33	6/30/2026	Model2501	100	LMMSOFRFLAT	RFRSwap	5.05	2.06	7.75	0.04	0.062	 11,709 	0.05	0.09	0.24	1.08	3.24	2.77	0.32	9.0	5.8	71.3	60	0.75	3.70	2.83	57.00	346530.34	NA	NA	4.80	0.05	17.56	6.27	0.06	12.22	7.09	0.06	6.21	8.26	0.06	-6.20	8.49	0.06	-12.18	8.33	0.05	-17.71
PUB_HTM	613959	3132DWCP6	Agency MBS 30yr	G-2-Q	FREDDIE MAC	0.70630831	2.5	11/1/2051	40000000	 28,252,332 	 2,343,385.53 	27130636.51	23773417.2	96.0297	84.1467418	-3357219.31	6/30/2026	Model2501	100	LMMSOFRFLAT	RFRSwap	5.03	3.06	7.18	-0.13	0.061	 17,121 	0.06	0.10	0.28	1.11	2.99	2.41	0.26	8.6	6.5	70.5	58	0.71	5.05	3.19	57.00	332382.13	NA	NA	3.86	0.04	16.30	5.52	0.05	11.60	6.47	0.06	5.97	7.80	0.06	-6.10	8.14	0.06	-12.12	8.08	0.05	-17.77
HTM	614678	3132DWCT8	Agency MBS 30yr	G-2-Q	FREDDIE MAC	0.75638379	2	12/1/2051	25081112	 18,970,947 	 1,350,698.66 	18893315.96	15228724.56	99.5908	80.2739311	-3664591.39	6/30/2026	Model2501	100	LMMSOFRFLAT	RFRSwap	5.04	2.04	7.76	0.03	0.062	 11,840 	0.05	0.09	0.24	1.08	3.24	2.78	0.33	9.0	5.8	70.1	58	0.76	3.64	2.86	56.00	351388.00	NA	NA	4.78	0.05	17.56	6.26	0.06	12.24	7.10	0.06	6.21	8.28	0.06	-6.21	8.52	0.06	-12.22	8.37	0.05	-17.76
HTM	613244	3132DWCZ4	Agency MBS 30yr	G-2-Q	FREDDIE MAC	0.76182475	2	1/1/2052	25000000	 19,045,619 	 1,371,644.61 	18967543.81	15286678	99.5901	80.2634884	-3680865.82	6/30/2026	Model2501	100	LMMSOFRFLAT	RFRSwap	5.05	2.04	7.74	0.01	0.062	 11,857 	0.05	0.09	0.24	1.08	3.22	2.76	0.33	9.0	6.0	71.6	60	0.76	3.62	2.91	55.00	347435.00	NA	NA	4.76	0.05	17.49	6.23	0.06	12.19	7.07	0.06	6.19	8.29	0.06	-6.21	8.54	0.06	-12.22	8.40	0.05	-17.78
AFS	613872	3132E0BY7	Agency MBS 30yr	G-2-Q	FREDDIE MAC	0.71931087	5	8/1/2053	50000000	 35,965,544 	 5,208,391.23 	35843026.8	35910874.4	99.6593	99.8479959	67847.6	6/30/2026	Model2501	100	LMMSOFRFLAT	RFRSwap	5.01	5.05	4.12	-0.77	0.041	 14,854 	0.17	0.27	0.52	1.06	1.43	0.68	0.02	6.1	12.5	60.9	63	0.72	9.66	5.77	41.00	91120.02	NA	NA	0.56	0.01	6.31	1.06	0.01	5.61	2.81	0.03	3.61	4.91	0.05	-4.45	5.48	0.05	-9.31	6.01	0.05	-14.39
AFS	613353	3132E0G48	Agency MBS 30yr	G-2-Q	FREDDIE MAC	0.79183413	5.5	5/1/2053	30676273	 24,290,520 	 2,519,097.40 	24328139.86	24719019.6	100.1549	101.7640613	390879.74	6/30/2026	Model2501	100	LMMSOFRFLAT	RFRSwap	5.11	5.45	3.24	-1.54	0.033	 8,036 	0.24	0.33	0.49	0.85	0.95	0.41	-0.02	5.7	12.9	51.0	73	0.79	6.91	6.43	41.00	217366.41	NA	NA	0.97	0.01	3.86	0.50	0.01	3.02	1.27	0.01	2.35	4.51	0.04	-3.94	5.31	0.05	-8.68	6.00	0.05	-13.83
AFS	613201	3132E0N99	Agency MBS 30yr	G-2-Q	FREDDIE MAC	0.75341362	5.5	10/1/2053	55000000	 41,437,749 	 6,873,967.55 	41629917.32	42136291.26	100.4638	101.6857628	506373.94	6/30/2026	Model2501	100	LMMSOFRFLAT	RFRSwap	5.14	5.39	3.28	-1.62	0.033	 13,870 	0.24	0.34	0.49	0.85	0.96	0.43	-0.01	5.8	12.8	51.6	75	0.75	8.65	6.46	37.00	197610.83	NA	NA	0.96	0.01	3.85	0.51	0.01	3.01	1.26	0.01	2.35	4.61	0.05	-4.01	5.45	0.05	-8.86	6.14	0.05	-14.12
AFS	613883	3132GKF43	Agency MBS 30yr	G-2-Q	FREDDIE MAC	0.04069258	3.5	10/1/2041	25038289	 1,018,873 	 104,473.93 	1025953.7	954560.81	100.695	93.6879475	-71392.9	6/30/2026	Model2501	100	LMMSOFRFLAT	RFRSwap	4.91	3.35	4.46	-0.08	0.042	 427 	0.12	0.20	0.48	1.40	2.04	0.22	0.00	5.4	7.2	81.7	59	0.04	17.31	4.13	177.00	165780.20	NA	NA	1.55	0.02	10.18	3.13	0.03	7.79	4.07	0.04	4.12	4.71	0.04	-4.21	4.97	0.04	-8.46	5.12	0.04	-12.68
HTM	612519	3132GKF50	Agency MBS 30yr	G-2-Q	FREDDIE MAC	0.03932363	3.5	10/1/2041	34245838	 1,346,671 	 181,092.13 	1362947.61	1260895.69	101.2087	93.6305902	-102051.92	6/30/2026	Model2501	100	LMMSOFRFLAT	RFRSwap	4.93	3.24	4.43	-0.08	0.042	 560 	0.13	0.20	0.48	1.38	2.01	0.24	0.00	5.4	7.6	83.3	61	0.04	17.49	4.15	178.00	157597.38	NA	NA	1.54	0.02	10.09	3.10	0.03	7.73	4.04	0.04	4.09	4.69	0.04	-4.19	4.97	0.04	-8.42	5.15	0.04	-12.65
AFS	613791	3132GKKR6	Agency MBS 30yr	G-2-Q	FREDDIE MAC	0.03873095	3.5	10/1/2041	25035524	 969,650 	 133,370.99 	978075.59	907889.95	100.869	93.630722	-70185.64	6/30/2026	Model2501	100	LMMSOFRFLAT	RFRSwap	4.93	3.31	4.41	-0.11	0.041	 402 	0.13	0.20	0.48	1.38	1.99	0.24	0.00	5.4	7.6	83.4	62	0.04	17.56	4.09	177.00	167501.66	NA	NA	1.39	0.01	9.85	3.00	0.03	7.63	3.99	0.04	4.06	4.69	0.04	-4.18	4.98	0.04	-8.42	5.16	0.04	-12.66
HTM	613379	3132GKVQ6	Agency MBS 30yr	G-2-Q	FREDDIE MAC	0.0253928	3.5	11/1/2041	26338114	 668,798 	 125,563.64 	676516.77	626581.9	101.1541	93.687701	-49934.87	6/30/2026	Model2501	100	LMMSOFRFLAT	RFRSwap	4.92	3.25	4.43	-0.05	0.042	 279 	0.12	0.20	0.47	1.40	2.02	0.22	0.00	5.4	7.4	83.1	60	0.03	20.04	4.25	177.00	150149.69	NA	NA	1.73	0.02	10.38	3.21	0.03	7.82	4.08	0.04	4.11	4.66	0.04	-4.18	4.91	0.04	-8.37	5.10	0.04	-12.57
AFS	613438	3132GLAC8	Agency MBS 30yr	G-2-Q	FREDDIE MAC	0.03995009	3.5	11/1/2041	75000000	 2,996,257 	 438,436.64 	3021750.93	2805876.24	100.8509	93.646055	-215874.68	6/30/2026	Model2501	100	LMMSOFRFLAT	RFRSwap	4.92	3.32	4.45	-0.10	0.042	 1,253 	0.12	0.20	0.48	1.39	2.03	0.24	0.00	5.4	7.4	81.7	60	0.04	17.54	4.25	177.00	185557.17	NA	NA	1.49	0.02	10.01	3.04	0.03	7.71	4.03	0.04	4.10	4.74	0.04	-4.22	5.02	0.04	-8.49	5.19	0.04	-12.75
HTM	613217	3132GSJ34	Agency MBS 30yr	G-2-Q	FREDDIE MAC	0.10399796	3.5	4/1/2042	25001788	 2,600,135 	 212,915.11 	2632193.14	2432908.97	101.2329	93.5685656	-199284.17	6/30/2026	Model2501	100	LMMSOFRFLAT	RFRSwap	4.90	3.25	4.65	-0.06	0.044	 1,136 	0.12	0.19	0.46	1.40	2.19	0.30	0.00	5.6	7.1	80.0	57	0.10	12.16	3.85	171.00	151437.66	NA	NA	1.90	0.02	11.16	3.51	0.04	8.29	4.30	0.04	4.32	4.92	0.04	-4.39	5.18	0.04	-8.80	5.27	0.04	-13.16
HTM	614055	3132GSMA4	Agency MBS 30yr	G-2-Q	FREDDIE MAC	0.07954757	3.5	4/1/2042	25002901	 1,988,920 	 274,215.97 	2012268.2	1864632.88	101.1739	93.7510239	-147635.32	6/30/2026	Model2501	100	LMMSOFRFLAT	RFRSwap	4.91	3.25	4.44	-0.10	0.042	 831 	0.12	0.20	0.48	1.41	2.03	0.21	0.00	5.4	7.0	81.5	59	0.08	13.81	3.84	171.00	181418.16	NA	NA	1.41	0.01	10.10	3.12	0.03	7.76	4.04	0.04	4.10	4.72	0.04	-4.22	4.97	0.04	-8.47	5.07	0.04	-12.68
HTM	614450	3132GSWQ8	Agency MBS 30yr	G-2-Q	FREDDIE MAC	0.08559245	3.5	4/1/2042	6105463	 522,582 	 56,896.94 	528518.51	489598.34	101.1361	93.6884118	-38920.16	6/30/2026	Model2501	100	LMMSOFRFLAT	RFRSwap	4.99	3.24	4.30	-0.01	0.040	 211 	0.13	0.21	0.47	1.39	1.89	0.21	0.00	5.2	8.4	90.5	68	0.09	13.49	3.91	172.00	118296.89	NA	NA	2.19	0.02	10.76	3.43	0.03	7.80	4.04	0.04	4.02	4.50	0.04	-4.04	4.78	0.04	-8.12	4.99	0.04	-12.23
HTM	613671	3132GSZR3	Agency MBS 30yr	G-2-Q	FREDDIE MAC	0.09988007	3.5	4/1/2042	45000000	 4,494,603 	 656,284.59 	4531283.68	4206240.02	100.8161	93.584236	-325043.66	6/30/2026	Model2501	100	LMMSOFRFLAT	RFRSwap	4.93	3.33	4.52	-0.10	0.042	 1,905 	0.12	0.19	0.47	1.39	2.07	0.27	0.00	5.5	7.6	82.6	61	0.10	12.54	3.85	171.00	172115.20	NA	NA	1.51	0.02	10.36	3.21	0.03	7.89	4.11	0.04	4.16	4.81	0.04	-4.28	5.09	0.04	-8.61	5.24	0.04	-12.92
AFS	613928	3132HNLY3	Agency MBS 30yr	G-2-Q	FREDDIE MAC	0.10342695	3.5	10/1/2042	32615111	 3,373,281 	 502,958.87 	3384652.9	3151926.15	100.3371	93.4379828	-232726.75	6/30/2026	Model2501	100	LMMSOFRFLAT	RFRSwap	4.91	3.43	4.72	-0.02	0.044	 1,492 	0.12	0.18	0.43	1.37	2.23	0.39	0.00	5.7	7.5	80.3	58	0.10	12.88	3.94	165.00	140582.81	NA	NA	2.34	0.02	11.69	3.70	0.04	8.50	4.40	0.04	4.39	4.98	0.04	-4.43	5.26	0.04	-8.89	5.41	0.04	-13.32
AFS	613476	3132JAQ65	Agency MBS 30yr	G-2-Q	FREDDIE MAC	0.07824894	3.5	6/1/2043	31048886	 2,429,542 	 292,800.35 	2435124.45	2266573.7	100.2298	93.2922052	-168550.76	6/30/2026	Model2501	100	LMMSOFRFLAT	RFRSwap	4.88	3.45	4.93	-0.07	0.046	 1,122 	0.11	0.17	0.43	1.37	2.38	0.48	0.01	6.0	7.0	75.4	53	0.08	15.52	4.01	157.00	184807.98	NA	NA	2.18	0.02	11.86	3.71	0.04	8.75	4.54	0.04	4.56	5.25	0.05	-4.65	5.56	0.05	-9.33	5.66	0.05	-13.95
AFS	614736	3132KEG25	Agency MBS 15yr	G-2-Q	FREDDIE MAC	0.03445085	2.5	8/1/2028	40327355	 1,389,312 	 1,093,321.57 	1387889.13	1366569.45	99.8976	98.3630596	-21319.67	6/30/2026	Model2501	100	LMMSOFRFLAT	RFRSwap	4.41	2.52	0.84	-0.01	0.008	 114 	0.56	0.26	0.00	0.02	0.00	0.00	0.00	0.8	19.1	38.2	40	0.03	11.23	2.91	156.00	18779.76	NA	NA	0.80	0.01	2.45	0.81	0.01	1.64	0.82	0.01	0.82	0.85	0.01	-0.83	0.86	0.01	-1.66	0.86	0.01	-2.50
AFS	613817	3132KEJW6	Agency MBS 15yr	G-2-Q	FREDDIE MAC	0.0278084	2.5	8/1/2028	15461934	 429,972 	 344,696.51 	430765.43	422328.84	100.1846	98.222487	-8436.59	6/30/2026	Model2501	100	LMMSOFRFLAT	RFRSwap	4.50	2.19	0.86	0.00	0.008	 36 	0.56	0.28	0.00	0.01	0.00	0.00	0.00	0.9	13.7	47.5	50	0.03	13.28	2.88	155.00	39446.28	NA	NA	0.85	0.01	2.56	0.85	0.01	1.70	0.86	0.01	0.85	0.87	0.01	-0.85	0.88	0.01	-1.69	0.87	0.01	-2.54
AFS	613094	3132KEKD6	Agency MBS 15yr	G-2-Q	FREDDIE MAC	0.03824919	2.5	9/1/2028	12360645	 472,785 	 434,595.55 	472407.17	464008.3	99.9202	98.1436871	-8398.88	6/30/2026	Model2501	100	LMMSOFRFLAT	RFRSwap	4.61	2.49	0.87	-0.01	0.009	 40 	0.54	0.30	0.00	0.02	0.00	0.00	0.00	0.9	19.5	57.5	59	0.04	11.23	3.03	155.00	17560.47	NA	NA	0.83	0.01	2.54	0.84	0.01	1.69	0.85	0.01	0.85	0.89	0.01	-0.86	0.90	0.01	-1.73	0.89	0.01	-2.60
AFS	614429	3132KES22	Agency MBS 15yr	G-2-Q	FREDDIE MAC	0.05072946	2.5	6/1/2029	50521358	 2,562,921 	 1,310,500.49 	2567497.56	2500533.16	100.1786	97.5657447	-66964.4	6/30/2026	Model2501	100	LMMSOFRFLAT	RFRSwap	4.59	2.27	1.16	-0.01	0.011	 291 	0.44	0.53	0.16	0.03	0.00	0.01	0.00	1.2	16.8	56.5	52	0.05	11.71	3.21	146.00	31238.27	NA	NA	1.10	0.01	3.38	1.13	0.01	2.26	1.14	0.01	1.13	1.20	0.01	-1.15	1.22	0.01	-2.31	1.22	0.01	-3.47
AFS	613288	3132KEUD5	Agency MBS 15yr	G-2-Q	FREDDIE MAC	0.03640741	2.5	7/1/2029	82819884	 3,015,257 	 1,590,541.25 	3023542.25	2939711.91	100.2748	97.4945567	-83830.34	6/30/2026	Model2501	100	LMMSOFRFLAT	RFRSwap	4.56	2.20	1.21	-0.01	0.012	 357 	0.43	0.54	0.21	0.03	0.00	0.00	0.00	1.2	14.6	53.5	49	0.04	14.38	3.17	144.00	49241.36	NA	NA	1.15	0.01	3.54	1.18	0.01	2.37	1.20	0.01	1.18	1.24	0.01	-1.19	1.27	0.01	-2.39	1.26	0.01	-3.59
AFS	613566	3132KEUE3	Agency MBS 15yr	G-2-Q	FREDDIE MAC	0.03592342	2.5	7/1/2029	50003005	 1,796,279 	 965,107.49 	1800497.34	1749987.62	100.2348	97.4229322	-50509.72	6/30/2026	Model2501	100	LMMSOFRFLAT	RFRSwap	4.57	2.24	1.24	-0.01	0.012	 218 	0.42	0.54	0.25	0.03	0.00	0.01	0.00	1.3	14.6	54.6	49	0.04	14.91	3.17	144.00	52082.55	NA	NA	1.18	0.01	3.63	1.21	0.01	2.42	1.23	0.01	1.21	1.27	0.01	-1.22	1.30	0.01	-2.46	1.30	0.01	-3.69
AFS	613770	3132KEUU7	Agency MBS 15yr	G-2-Q	FREDDIE MAC	0.04289373	2.5	8/1/2029	75000073	 3,217,033 	 1,397,137.98 	3224986.86	3134130.95	100.2472	97.4230312	-90855.91	6/30/2026	Model2501	100	LMMSOFRFLAT	RFRSwap	4.59	2.23	1.23	-0.01	0.012	 388 	0.42	0.54	0.25	0.03	0.00	0.01	0.00	1.3	15.6	56.5	51	0.04	13.48	3.15	143.00	45143.24	NA	NA	1.17	0.01	3.60	1.20	0.01	2.40	1.22	0.01	1.20	1.27	0.01	-1.21	1.29	0.01	-2.44	1.29	0.01	-3.67
AFS	614707	3132WWYD8	Agency CMBS	G-2-Q	FREDDIE MAC	0.86640763	3.6	4/1/2030	2300000	 1,992,738 	 39,656.01 	1940559.32	1934631.96	97.3816	97.0841325	-5927.35	6/30/2026	CPY	0	LMMSOFRFLAT	RFRSwap	4.49	4.40	3.33	0.15	0.032	 646 	0.03	0.04	1.94	1.32	0.00	0.00	0.00	3.7	NA	55.3	52	0.87	0.00	5.19	146.00	28789672.00	NA	NA	3.45	0.04	10.43	3.41	0.04	6.79	3.37	0.03	3.32	3.29	0.03	-3.17	3.25	0.03	-6.21	3.22	0.03	-9.11
HTM	613432	3132XFJ25	Agency CMBS	G-2-Q	FREDDIE MAC	1	3.85	9/1/2032	15714000	 15,714,000 	 -   	15525137.66	15127554.48	98.7981	96.2680061	-397583.18	6/30/2026	CPY	0	LMMSOFRFLAT	RFRSwap	4.59	4.12	5.39	0.37	0.052	 8,186 	0.01	0.00	0.00	4.05	1.33	0.00	0.00	6.2	NA	65.5	63	1.00	0.00	4.38	45.00	NA	NA	NA	5.62	0.06	17.35	5.55	0.06	11.16	5.47	0.06	5.39	5.32	0.05	-5.04	5.25	0.05	-9.75	5.17	0.04	-14.15
HTM	613956	3132XFJ41	Agency CMBS	G-2-Q	FREDDIE MAC	1	3.9	10/1/2029	28657000	 28,657,000 	 -   	28518458.09	28153834.32	99.5166	98.2441788	-364623.77	6/30/2026	CPY	0	LMMSOFRFLAT	RFRSwap	4.49	4.06	3.04	0.12	0.030	 8,582 	0.01	0.00	2.54	0.49	0.00	0.00	0.00	3.3	NA	53.3	50	1.00	0.00	4.72	44.00	NA	NA	NA	3.14	0.03	9.56	3.10	0.03	6.24	3.07	0.03	3.06	3.01	0.03	-2.93	2.98	0.03	-5.75	2.95	0.03	-8.46
HTM	614474	3132XFJX7	Agency CMBS	G-2-Q	FREDDIE MAC	1	3.9	9/1/2032	10365000	 10,365,000 	 -   	10264449.05	10006350.59	99.0299	96.5398031	-258098.45	6/30/2026	CPY	0	LMMSOFRFLAT	RFRSwap	4.59	4.12	5.39	0.36	0.052	 5,408 	0.01	0.00	0.01	4.04	1.33	0.00	0.00	6.2	NA	65.5	63	1.00	0.00	4.45	45.00	NA	NA	NA	5.62	0.06	17.38	5.54	0.06	11.18	5.46	0.06	5.40	5.31	0.05	-5.04	5.24	0.05	-9.76	5.17	0.04	-14.18
HTM	614318	3132XFJY5	Agency CMBS	G-2-Q	FREDDIE MAC	1	4.05	9/1/2032	21258000	 21,258,000 	 -   	21356190.65	20706929.57	100.4619	97.4077033	-649261.08	6/30/2026	CPY	0	LMMSOFRFLAT	RFRSwap	4.58	4.01	5.37	0.36	0.052	 11,149 	0.01	0.01	0.01	4.02	1.32	0.00	0.00	6.2	NA	64.5	62	1.00	0.00	4.70	45.00	NA	NA	NA	5.60	0.06	17.46	5.52	0.06	11.24	5.44	0.06	5.43	5.29	0.05	-5.07	5.22	0.05	-9.81	5.14	0.04	-14.25
AFS	612638	3132XFKJ6	Agency CMBS	G-2-Q	FREDDIE MAC	1	3.9	12/1/2029	45911000	 45,911,000 	 -   	45534816.99	45067976.98	99.1806	98.1637886	-466840.01	6/30/2026	CPY	0	LMMSOFRFLAT	RFRSwap	4.49	4.17	3.18	0.13	0.031	 14,382 	0.01	0.00	2.40	0.78	0.00	0.00	0.00	3.5	NA	54.3	51	1.00	0.00	5.44	42.00	NA	NA	NA	3.28	0.04	10.03	3.25	0.03	6.54	3.21	0.03	3.20	3.15	0.03	-3.07	3.12	0.03	-6.01	3.08	0.03	-8.83
AFS	613568	3132XFN38	Agency CMBS	G-2-Q	FREDDIE MAC	1	4.3	9/1/2028	84958000	 84,958,000 	 -   	83911261.59	84547717.26	98.7679	99.5170758	636455.67	6/30/2026	CPY	0	LMMSOFRFLAT	RFRSwap	4.50	4.86	2.09	0.06	0.021	 17,692 	0.01	1.57	0.50	0.00	0.00	0.00	0.00	2.2	NA	49.1	46	1.00	0.00	5.94	33.00	NA	NA	NA	2.15	0.02	6.54	2.13	0.02	4.29	2.11	0.02	2.11	2.07	0.02	-2.05	2.05	0.02	-4.04	2.03	0.02	-5.97
AFS	614416	3132XG5P7	Agency CMBS	G-2-Q	FREDDIE MAC	1	3.75	12/1/2031	36451000	 36,451,000 	 -   	35011762.34	35139964.15	96.0516	96.4032925	128201.81	6/30/2026	CPY	0	LMMSOFRFLAT	RFRSwap	4.54	4.61	4.81	0.29	0.047	 16,954 	0.01	0.00	0.02	4.32	0.46	0.00	0.00	5.5	NA	61.5	59	1.00	0.00	4.72	18.00	NA	NA	NA	5.00	0.06	15.32	4.93	0.05	9.90	4.87	0.05	4.80	4.75	0.04	-4.51	4.69	0.04	-8.76	4.63	0.04	-12.77
AFS	614012	3132XG5S1	Agency CMBS	G-2-Q	FREDDIE MAC	1	4	9/1/2031	84500000	 84,500,000 	 -   	82375685.75	82833240.71	97.486	98.0275038	457554.96	6/30/2026	CPY	0	LMMSOFRFLAT	RFRSwap	4.47	4.59	4.54	0.26	0.045	 37,699 	0.01	0.02	0.06	4.23	0.21	0.00	0.00	5.2	NA	54.8	52	1.00	0.00	5.07	21.00	NA	NA	NA	4.72	0.05	14.64	4.66	0.05	9.47	4.60	0.05	4.59	4.48	0.04	-4.33	4.42	0.04	-8.43	4.36	0.04	-12.29
AFS	847836	3132XGAC0	Agency CMBS	G-2-Q	FREDDIE MAC	1	4.45	2/1/2033	8691000	 8,691,000 	 -   	8626503.17	8636542.06	99.2579	99.3733985	10038.9	6/30/2026	CPY	0	LMMSOFRFLAT	RFRSwap	4.62	4.64	5.62	0.40	0.056	 4,870 	0.01	0.01	0.03	3.73	1.83	0.00	0.00	6.7	NA	67.4	65	1.00	NA	5.50	4.00	NA	NA	NA	5.88	0.07	18.76	5.79	0.06	12.05	5.70	0.06	5.81	5.54	0.05	-5.41	5.45	0.05	-10.45	5.37	0.05	-15.15
PUB_HTM	614620	3132XGJS6	Agency CMBS	G-2-Q	FREDDIE MAC	0.98881299	1.21	10/1/2030	50000000	 49,440,650 	 515,002.60 	46200931.4	43448900.45	93.4473	87.8809257	-2752030.95	6/30/2026	CPY	0	LMMSOFRFLAT	RFRSwap	4.45	2.90	3.93	0.20	0.035	 17,095 	0.00	-0.01	1.32	2.62	0.00	0.00	0.00	4.2	NA	52.7	50	0.99	0.00	2.76	68.00	NA	NA	NA	4.06	0.04	11.21	4.02	0.04	7.28	3.97	0.04	3.55	3.89	0.03	-3.37	3.84	0.03	-6.58	3.80	0.03	-9.63
PUB_HTM	614779	3132XGKD7	Agency CMBS	G-2-Q	FREDDIE MAC	0.97139284	1.51	12/1/2030	49852000	 48,425,876 	 892,683.20 	45681267.37	42469620.49	94.3324	87.700263	-3211646.88	6/30/2026	CPY	0	LMMSOFRFLAT	RFRSwap	4.74	2.94	4.01	0.21	0.035	 17,044 	0.01	0.00	1.03	2.97	0.00	0.00	0.00	4.3	NA	81.4	79	0.97	0.00	3.45	66.00	NA	NA	NA	4.15	0.04	11.43	4.10	0.04	7.42	4.05	0.04	3.61	3.96	0.03	-3.43	3.92	0.03	-6.69	3.87	0.03	-9.79
HTM	613311	3132XGQN9	Agency CMBS	G-2-Q	FREDDIE MAC	1	4	9/1/2032	18969000	 18,969,000 	 -   	18999976.95	18393527.75	100.1633	96.9662489	-606449.19	6/30/2026	CPY	0	LMMSOFRFLAT	RFRSwap	4.63	4.01	5.21	0.35	0.051	 9,623 	0.01	0.03	0.08	3.85	1.23	0.00	0.00	6.0	NA	69.2	67	1.00	0.00	4.72	45.00	NA	NA	NA	5.45	0.06	16.87	5.37	0.06	10.86	5.29	0.05	5.25	5.14	0.05	-4.91	5.06	0.04	-9.50	4.99	0.04	-13.80
HTM	614019	3132XGRE8	Agency CMBS	G-2-Q	FREDDIE MAC	1	3.6	10/1/2032	29345000	 29,345,000 	 -   	28720512.71	27754295.23	97.8719	94.5792988	-966217.48	6/30/2026	CPY	0	LMMSOFRFLAT	RFRSwap	4.67	4.04	5.32	0.36	0.051	 14,822 	0.01	0.03	0.07	3.87	1.35	0.00	0.00	6.1	NA	73.4	71	1.00	0.00	4.54	44.00	NA	NA	NA	5.56	0.06	16.82	5.48	0.06	10.82	5.40	0.05	5.23	5.25	0.05	-4.88	5.17	0.04	-9.45	5.10	0.04	-13.73
HTM	613886	3132XGRP3	Agency CMBS	G-2-Q	FREDDIE MAC	1	3.25	11/1/2032	43614000	 43,614,000 	 -   	41765096.43	40598995.89	95.7608	93.0870727	-1166100.55	6/30/2026	CPY	0	LMMSOFRFLAT	RFRSwap	4.59	4.07	5.43	0.37	0.051	 22,110 	0.01	0.02	0.06	3.86	1.48	0.00	0.00	6.2	NA	64.8	62	1.00	0.00	4.19	43.00	NA	NA	NA	5.67	0.06	16.90	5.59	0.06	10.87	5.51	0.05	5.25	5.35	0.05	-4.90	5.28	0.04	-9.48	5.20	0.04	-13.76
HTM	613317	3132XGRS7	Agency CMBS	G-2-Q	FREDDIE MAC	0.98343575	4.17	11/1/2029	41469000	 40,782,097 	 438,923.18 	40915285.2	40391854.21	100.3266	99.0431024	-523430.98	6/30/2026	CPY	0	LMMSOFRFLAT	RFRSwap	4.50	4.07	3.04	0.13	0.030	 12,320 	0.02	0.03	2.38	0.61	0.00	0.00	0.00	3.3	NA	54.3	51	0.98	0.00	4.95	43.00	NA	NA	NA	3.14	0.03	9.65	3.11	0.03	6.30	3.07	0.03	3.08	3.01	0.03	-2.96	2.97	0.03	-5.80	2.94	0.03	-8.53
AFS	614352	3132XGRW8	Agency CMBS	G-2-Q	FREDDIE MAC	0.99553304	3.9	12/1/2029	11321000	 11,270,430 	 50,052.25 	11172957.57	11063573.52	99.1352	98.1646128	-109384.04	6/30/2026	CPY	0	LMMSOFRFLAT	RFRSwap	4.50	4.18	3.13	0.13	0.031	 3,474 	0.02	0.02	2.34	0.75	0.00	0.00	0.00	3.4	NA	54.9	52	1.00	0.00	5.50	42.00	NA	NA	NA	3.23	0.04	9.86	3.20	0.03	6.43	3.16	0.03	3.15	3.10	0.03	-3.02	3.06	0.03	-5.91	3.03	0.03	-8.69
AFS	614249	3132XGST4	Agency CMBS	G-2-Q	FREDDIE MAC	0.99472341	4.1	1/1/2030	23099000	 22,977,116 	 119,787.32 	22649608.04	22718798.42	98.5746	98.8757613	69190.37	6/30/2026	CPY	0	LMMSOFRFLAT	RFRSwap	4.47	4.56	3.17	0.14	0.031	 7,224 	0.02	0.03	2.23	0.89	0.00	0.00	0.00	3.5	NA	52.2	49	0.99	0.00	5.59	41.00	NA	NA	NA	3.28	0.04	10.07	3.24	0.03	6.57	3.20	0.03	3.21	3.13	0.03	-3.08	3.10	0.03	-6.03	3.07	0.03	-8.86
AFS	613749	3132XGSZ0	Agency CMBS	G-2-Q	FREDDIE MAC	0.99502955	4.2	1/1/2030	21224000	 21,118,507 	 104,088.89 	20882728.61	20948445.07	98.8835	99.1947248	65716.46	6/30/2026	CPY	0	LMMSOFRFLAT	RFRSwap	4.47	4.57	3.17	0.14	0.032	 6,660 	0.02	0.03	2.23	0.89	0.00	0.00	0.00	3.5	NA	52.2	49	1.00	0.00	5.89	41.00	NA	NA	NA	3.28	0.04	10.10	3.24	0.03	6.59	3.20	0.03	3.22	3.13	0.03	-3.09	3.10	0.03	-6.05	3.07	0.03	-8.88
AFS	614703	3132XGT48	Agency CMBS	G-2-Q	FREDDIE MAC	0.99502955	4.25	1/1/2030	10526000	 10,473,681 	 52,687.57 	10526444.25	10373131.6	100.5038	99.0399799	-153312.65	6/30/2026	CPY	0	LMMSOFRFLAT	RFRSwap	4.57	4.11	3.17	0.14	0.031	 3,295 	0.02	0.03	2.22	0.89	0.00	0.00	0.00	3.5	NA	62.0	59	1.00	0.00	5.89	41.00	NA	NA	NA	3.27	0.04	10.08	3.24	0.03	6.57	3.20	0.03	3.21	3.13	0.03	-3.08	3.10	0.03	-6.03	3.06	0.03	-8.86
AFS	613540	3132XGX92	Agency CMBS	G-2-Q	FREDDIE MAC	1	4.83	11/1/2028	49166000	 49,166,000 	 -   	49212863.69	49568314.66	100.0953	100.8182782	355450.97	6/30/2026	CPY	0	LMMSOFRFLAT	RFRSwap	4.44	4.77	2.21	0.07	0.022	 10,986 	0.02	1.29	0.89	0.00	0.00	0.00	0.00	2.4	NA	44.3	41	1.00	0.00	6.30	31.00	NA	NA	NA	2.27	0.02	7.04	2.25	0.02	4.61	2.23	0.02	2.27	2.19	0.02	-2.20	2.17	0.02	-4.33	2.15	0.02	-6.40
AFS	613044	3132XGYZ3	Agency CMBS	G-2-Q	FREDDIE MAC	1	4.5	12/1/2028	32020000	 32,020,000 	 -   	31763819.86	32040754.85	99.1999	100.0648184	276934.99	6/30/2026	CPY	0	LMMSOFRFLAT	RFRSwap	4.45	4.83	2.29	0.07	0.023	 7,354 	0.02	1.16	1.10	0.00	0.00	0.00	0.00	2.5	NA	46.0	43	1.00	0.00	6.06	30.00	NA	NA	NA	2.35	0.03	7.24	2.33	0.02	4.75	2.31	0.02	2.33	2.26	0.02	-2.26	2.24	0.02	-4.45	2.22	0.02	-6.57
AFS	612783	3132XGZJ8	Agency CMBS	G-2-Q	FREDDIE MAC	1	4.5	12/1/2028	76953000	 76,953,000 	 -   	75865355.14	77002902.02	98.5866	100.0648474	1137546.88	6/30/2026	CPY	0	LMMSOFRFLAT	RFRSwap	4.45	5.10	2.29	0.07	0.023	 17,674 	0.02	1.16	1.10	0.00	0.00	0.00	0.00	2.5	NA	46.0	43	1.00	0.00	6.12	30.00	NA	NA	NA	2.36	0.03	7.24	2.33	0.02	4.75	2.31	0.02	2.33	2.27	0.02	-2.26	2.24	0.02	-4.45	2.22	0.02	-6.57
PUB_HTM	613602	3132XHLC6	Agency CMBS	G-2-Q	FREDDIE MAC	0.91402927	2.32	8/1/2031	16150000	 14,761,573 	 302,995.23 	14414543.3	13383093.65	97.6491	90.661706	-1031449.65	6/30/2026	CPY	0	LMMSOFRFLAT	RFRSwap	4.51	2.86	4.43	0.25	0.040	 5,938 	0.02	0.02	0.06	4.19	0.13	0.00	0.00	4.8	NA	59.2	56	0.91	0.00	4.21	82.00	NA	NA	NA	4.61	0.05	13.18	4.55	0.05	8.53	4.49	0.04	4.14	4.37	0.04	-3.91	4.31	0.04	-7.60	4.26	0.03	-11.09
AFS	613528	3132XKR66	Agency CMBS	G-2-Q	FREDDIE MAC	1	4.05	3/1/2029	27915000	 27,915,000 	 -   	27786542.36	27544127.14	99.5398	98.6714209	-242415.22	6/30/2026	CPY	0	LMMSOFRFLAT	RFRSwap	4.57	4.22	2.51	0.09	0.025	 6,930 	0.02	0.67	1.82	0.00	0.00	0.00	0.00	2.7	NA	58.8	56	1.00	0.00	5.76	27.00	NA	NA	NA	2.59	0.03	7.86	2.56	0.03	5.14	2.53	0.03	2.53	2.48	0.02	-2.44	2.46	0.02	-4.80	2.43	0.02	-7.07
AFS	614796	3132XKR74	Agency CMBS	G-2-Q	FREDDIE MAC	1	4.05	3/1/2029	12525000	 12,525,000 	 -   	12467363.18	12358595.47	99.5398	98.6714209	-108767.72	6/30/2026	CPY	0	LMMSOFRFLAT	RFRSwap	4.57	4.22	2.51	0.09	0.025	 3,109 	0.02	0.67	1.82	0.00	0.00	0.00	0.00	2.7	NA	58.8	56	1.00	0.00	5.76	27.00	NA	NA	NA	2.59	0.03	7.86	2.56	0.03	5.14	2.53	0.03	2.53	2.48	0.02	-2.44	2.46	0.02	-4.80	2.43	0.02	-7.07
AFS	614076	3132XKR82	Agency CMBS	G-2-Q	FREDDIE MAC	1	4.12	6/1/2029	98320000	 98,320,000 	 -   	98265252.7	97411692.9	99.9443	99.0761726	-853559.8	6/30/2026	CPY	0	LMMSOFRFLAT	RFRSwap	4.46	4.14	2.70	0.10	0.027	 26,431 	0.02	0.06	2.63	0.00	0.00	0.00	0.00	2.9	NA	49.2	46	1.00	0.00	5.59	24.00	NA	NA	NA	2.80	0.03	8.55	2.76	0.03	5.59	2.73	0.03	2.74	2.67	0.03	-2.64	2.65	0.02	-5.18	2.62	0.02	-7.63
AFS	613381	3132XKRY5	Agency CMBS	G-2-Q	FREDDIE MAC	1	4.41	3/1/2029	17475000	 17,475,000 	 -   	17470904.3	17409855.42	99.9766	99.6272127	-61048.88	6/30/2026	CPY	0	LMMSOFRFLAT	RFRSwap	4.55	4.41	2.50	0.09	0.025	 4,362 	0.02	0.67	1.81	0.00	0.00	0.00	0.00	2.7	NA	56.9	54	1.00	0.00	5.76	27.00	NA	NA	NA	2.57	0.03	7.90	2.55	0.03	5.17	2.52	0.03	2.54	2.47	0.02	-2.45	2.45	0.02	-4.82	2.42	0.02	-7.11
AFS	614240	3132XKRZ2	Agency CMBS	G-2-Q	FREDDIE MAC	1	4.38	6/1/2029	35270000	 35,270,000 	 -   	35356577.34	35107945.46	100.2455	99.5405315	-248631.87	6/30/2026	CPY	0	LMMSOFRFLAT	RFRSwap	4.55	4.29	2.72	0.10	0.027	 9,569 	0.02	0.06	2.64	0.00	0.00	0.00	0.00	3.0	NA	58.0	55	1.00	0.00	5.86	24.00	NA	NA	NA	2.81	0.03	8.63	2.78	0.03	5.64	2.75	0.03	2.77	2.69	0.03	-2.66	2.66	0.03	-5.23	2.63	0.02	-7.70
AFS	613100	3132XKTB3	Agency CMBS	G-2-Q	FREDDIE MAC	1	3.83	7/1/2029	47530000	 47,530,000 	 -   	47319091.76	46686718.65	99.5563	98.2257914	-632373.1	6/30/2026	CPY	0	LMMSOFRFLAT	RFRSwap	4.46	3.98	2.81	0.11	0.028	 13,150 	0.01	0.02	2.68	0.10	0.00	0.00	0.00	3.1	NA	49.9	47	1.00	0.00	5.74	23.00	NA	NA	NA	2.90	0.03	8.81	2.87	0.03	5.75	2.84	0.03	2.82	2.78	0.03	-2.71	2.75	0.03	-5.33	2.72	0.02	-7.84
AFS	614367	3133A0J21	Agency MBS 30yr	G-2-Q	FREDDIE MAC	0.27914668	3	12/1/2049	3303659	 922,205 	 219,030.00 	937400.25	821984.31	101.6477	89.1324505	-115415.94	6/30/2026	Model2501	100	LMMSOFRFLAT	RFRSwap	4.83	2.74	6.24	-0.02	0.056	 514 	0.07	0.12	0.33	1.23	2.94	1.54	0.03	7.7	6.0	61.5	41	0.28	16.00	3.78	80.00	132303.92	NA	NA	3.37	0.04	15.10	4.91	0.05	10.80	5.76	0.05	5.54	6.61	0.06	-5.57	6.94	0.05	-11.07	7.01	0.05	-16.37
PUB_HTM	614219	3133AALF7	Agency MBS 30yr	G-2-Q	FREDDIE MAC	0.61267986	2	10/1/2050	23550000	 14,428,611 	 1,246,253.28 	13537779.52	11650690.77	93.8259	80.747142	-1887088.74	6/30/2026	Model2501	100	LMMSOFRFLAT	RFRSwap	5.07	2.86	7.41	0.04	0.060	 8,653 	0.06	0.09	0.24	1.14	3.27	2.44	0.21	8.6	5.9	77.0	63	0.61	5.91	2.95	70.00	330504.41	NA	NA	4.57	0.04	16.92	6.00	0.06	11.80	6.83	0.06	5.98	7.90	0.06	-5.97	8.16	0.06	-11.77	8.08	0.05	-17.18
PUB_HTM	613859	3133AD6L5	Agency MBS 30yr	G-2-Q	FREDDIE MAC	0.65501989	2	1/1/2051	42156491	 27,613,340 	 1,453,950.57 	25897608.07	22262460.36	93.7866	80.6221206	-3635147.72	6/30/2026	Model2501	100	LMMSOFRFLAT	RFRSwap	5.11	2.87	7.45	0.08	0.060	 16,628 	0.06	0.09	0.25	1.13	3.24	2.49	0.24	8.6	6.2	80.1	67	0.66	5.13	2.88	67.00	256091.20	NA	NA	4.81	0.05	17.18	6.13	0.06	11.90	6.90	0.06	6.03	7.97	0.06	-6.00	8.24	0.06	-11.85	8.15	0.05	-17.29
PUB_HTM	613640	3133AEEG5	Agency MBS 30yr	G-2-Q	FREDDIE MAC	0.69304422	2	1/1/2051	46077356	 31,933,645 	 2,046,411.39 	29940915.66	25770989.19	93.7598	80.7016831	-4169926.46	6/30/2026	Model2501	100	LMMSOFRFLAT	RFRSwap	5.16	2.89	7.31	0.09	0.059	 18,874 	0.06	0.10	0.27	1.16	3.15	2.39	0.22	8.4	6.3	86.1	73	0.69	4.11	2.83	67.00	277683.88	NA	NA	4.83	0.05	16.86	6.02	0.06	11.65	6.75	0.06	5.91	7.83	0.06	-5.89	8.19	0.06	-11.69	8.13	0.05	-17.12
PUB_HTM	613689	3133ARR72	Agency MBS 30yr	G-2-Q	FREDDIE MAC	0.76351777	2	9/1/2051	50000000	 38,175,889 	 2,277,167.34 	35736265.26	30670590.56	93.6095	80.3402141	-5065674.7	6/30/2026	Model2501	100	LMMSOFRFLAT	RFRSwap	5.09	2.88	7.63	0.02	0.061	 23,441 	0.06	0.09	0.24	1.09	3.18	2.70	0.31	8.9	6.1	75.6	63	0.76	3.27	2.94	58.00	343448.44	NA	NA	4.78	0.05	17.31	6.18	0.06	12.04	6.99	0.06	6.11	8.20	0.06	-6.13	8.48	0.06	-12.11	8.36	0.05	-17.65
PUB_HTM	613352	3133ASLA9	Agency MBS 30yr	G-2-Q	FREDDIE MAC	0.71012523	2.5	9/1/2051	20061168	 14,245,942 	 1,809,826.99 	13684487.06	12155436.8	96.0588	85.325612	-1529050.26	6/30/2026	Model2501	100	LMMSOFRFLAT	RFRSwap	4.90	3.07	6.91	-0.04	0.059	 8,421 	0.07	0.11	0.29	1.14	2.92	2.21	0.21	8.3	6.9	60.1	46	0.71	4.82	3.34	58.00	187763.06	NA	NA	4.14	0.04	16.32	5.50	0.05	11.46	6.32	0.06	5.87	7.49	0.06	-5.93	7.98	0.06	-11.89	8.04	0.05	-17.57
PUB_HTM	613695	3133AUFA1	Agency MBS 30yr	G-2-Q	FREDDIE MAC	0.66248283	3	10/1/2051	20000000	 13,249,657 	 1,206,942.82 	13005766.99	11593934.46	98.1593	87.50366	-1411832.53	6/30/2026	Model2501	100	LMMSOFRFLAT	RFRSwap	5.08	3.27	6.63	-0.24	0.058	 7,712 	0.08	0.12	0.32	1.13	2.73	2.06	0.21	8.3	7.3	75.8	64	0.66	6.47	3.62	58.00	350097.50	NA	NA	3.26	0.03	15.19	4.95	0.05	10.96	5.92	0.06	5.69	7.31	0.06	-5.91	7.77	0.06	-11.89	7.81	0.05	-17.60
PUB_HTM	612762	3133AUQF8	Agency MBS 30yr	G-2-Q	FREDDIE MAC	0.68836867	2.5	10/1/2051	15000000	 10,325,530 	 1,449,687.88 	9913385.82	8752182.32	96.0085	84.7625476	-1161203.49	6/30/2026	Model2501	100	LMMSOFRFLAT	RFRSwap	4.98	3.07	7.04	-0.08	0.060	 6,173 	0.07	0.12	0.29	1.13	2.89	2.32	0.25	8.5	6.9	65.7	53	0.69	5.55	3.10	57.00	302468.94	NA	NA	4.02	0.04	16.27	5.50	0.05	11.48	6.36	0.06	5.90	7.66	0.06	-6.01	8.11	0.06	-12.03	8.11	0.05	-17.74
PUB_HTM	613567	3133AXLG5	Agency MBS 30yr	G-2-Q	FREDDIE MAC	0.75988195	2	11/1/2051	34429847	 26,162,619 	 1,871,755.82 	24496137.69	21112887.02	93.6303	80.6986747	-3383250.67	6/30/2026	Model2501	100	LMMSOFRFLAT	RFRSwap	5.07	2.89	7.52	0.03	0.061	 15,903 	0.06	0.10	0.27	1.11	3.10	2.62	0.30	8.7	6.3	74.6	63	0.76	3.53	2.83	57.00	316735.31	NA	NA	4.83	0.05	17.22	6.13	0.06	11.94	6.91	0.06	6.06	8.12	0.06	-6.08	8.47	0.06	-12.07	8.38	0.05	-17.64
AFS	613679	3133BKLB3	Agency MBS 30yr	G-2-Q	FREDDIE MAC	0.77727134	5	9/1/2052	9639374	 7,492,409 	 953,211.96 	7367730.89	7443332.13	98.3359	99.3449768	75601.24	6/30/2026	Model2501	100	LMMSOFRFLAT	RFRSwap	5.10	5.27	4.93	-0.90	0.049	 3,682 	0.14	0.21	0.43	1.03	1.92	1.16	0.05	7.8	7.8	61.2	63	0.78	5.05	5.92	47.00	394337.31	NA	NA	1.34	0.01	7.74	1.23	0.01	6.54	3.28	0.03	4.29	5.86	0.06	-5.28	6.51	0.06	-10.96	6.85	0.06	-16.73
HTM	614799	3133BQWK8	Agency MBS 30yr	G-2-Q	FREDDIE MAC	0.77950604	5.5	11/1/2052	29725134	 23,170,921 	 1,431,406.56 	23364714.87	23420126.51	100.8364	101.0755076	55411.65	6/30/2026	Model2501	100	LMMSOFRFLAT	RFRSwap	5.29	5.34	4.01	-1.27	0.041	 9,422 	0.18	0.29	0.50	1.01	1.35	0.68	0.01	6.6	10.5	73.2	87	0.78	5.44	6.05	45.00	393787.53	NA	NA	1.18	0.01	5.64	0.78	0.01	4.60	2.16	0.02	3.27	5.17	0.05	-4.59	6.11	0.06	-9.91	6.88	0.06	-15.70
HTM	614085	3133BQY59	Agency MBS 30yr	G-2-Q	FREDDIE MAC	0.76528137	5	11/1/2052	17608802	 13,475,688 	 1,268,907.20 	13359675.67	13445599.97	99.1391	99.7767227	85924.3	6/30/2026	Model2501	100	LMMSOFRFLAT	RFRSwap	5.03	5.15	4.13	-1.07	0.041	 5,581 	0.17	0.29	0.51	1.00	1.41	0.75	0.02	6.5	10.7	53.2	62	0.77	5.88	5.79	44.00	176072.42	NA	NA	0.78	0.01	5.17	0.38	0.00	4.67	2.34	0.02	3.41	5.12	0.05	-4.58	5.83	0.05	-9.67	6.43	0.05	-15.07
HTM	614649	3133BRCV4	Agency MBS 30yr	G-2-Q	FREDDIE MAC	0.62138012	5	11/1/2052	6349088	 3,945,197 	 334,365.54 	3911186.64	3910383.27	99.1379	99.1175652	-803.37	6/30/2026	Model2501	100	LMMSOFRFLAT	RFRSwap	5.15	5.15	4.42	-1.07	0.044	 1,737 	0.15	0.28	0.52	1.04	1.54	0.88	0.03	7.0	9.2	64.4	72	0.62	11.13	5.57	45.00	246900.59	NA	NA	0.75	0.01	5.39	0.28	0.00	5.02	2.59	0.03	3.67	5.43	0.05	-4.83	6.22	0.06	-10.19	6.83	0.06	-15.86
AFS	613403	3133BRJG0	Agency MBS 30yr	G-2-Q	FREDDIE MAC	0.81810183	5	11/1/2052	9938867	 8,131,005 	 1,408,090.40 	7989126.25	8060961.15	98.2551	99.1385551	71834.89	6/30/2026	Model2501	100	LMMSOFRFLAT	RFRSwap	5.13	5.27	5.23	-1.08	0.052	 4,232 	0.11	0.22	0.47	1.11	2.03	1.25	0.06	8.5	6.7	61.4	65	0.82	4.06	5.63	45.00	427947.66	NA	NA	0.98	0.01	6.94	0.53	0.01	6.41	3.33	0.03	4.47	6.28	0.06	-5.62	7.03	0.06	-11.68	7.36	0.06	-17.82
HTM	613180	3133BULH8	Agency MBS 30yr	G-2-Q	FREDDIE MAC	0.7379382	5	2/1/2053	20755389	 15,316,194 	 1,566,883.58 	15415776.66	15160817.61	100.6502	98.9855392	-254959.05	6/30/2026	Model2501	100	LMMSOFRFLAT	RFRSwap	5.19	4.86	4.04	-1.26	0.040	 6,143 	0.18	0.30	0.50	0.98	1.34	0.72	0.04	6.2	11.5	63.7	80	0.74	7.26	5.97	42.00	243456.75	NA	NA	1.10	0.01	5.48	0.81	0.01	4.46	2.12	0.02	3.19	5.16	0.05	-4.52	5.93	0.05	-9.65	6.62	0.06	-15.12
PUB_HTM	613228	3133D4PQ0	Agency MBS 20yr	G-2-Q	FREDDIE MAC	0.61609129	2	1/1/2042	18289955	 11,268,282 	 1,671,073.61 	10714084.91	9782470.96	95.0818	86.8142188	-931613.94	6/30/2026	Model2501	100	LMMSOFRFLAT	RFRSwap	4.86	2.98	5.26	-0.05	0.046	 5,153 	0.09	0.16	0.39	1.56	2.58	0.46	0.04	5.7	7.8	72.4	55	0.62	6.43	2.92	54.00	130210.32	NA	NA	3.79	0.04	13.14	4.54	0.04	9.01	4.94	0.05	4.55	5.60	0.05	-4.60	5.80	0.05	-9.18	5.78	0.04	-13.57
PUB_HTM	613571	3133GA6B7	Agency MBS 15yr	G-2-Q	FREDDIE MAC	0.46153581	1.5	12/1/2035	25000000	 11,538,395 	 1,851,202.01 	11113677.52	10355853.83	96.3191	89.7512488	-757823.69	6/30/2026	Model2501	100	LMMSOFRFLAT	RFRSwap	4.65	2.55	3.68	-0.01	0.033	 3,814 	0.14	0.24	0.58	1.84	0.82	0.05	0.02	3.7	7.7	62.9	45	0.46	6.48	2.33	67.00	208577.28	NA	NA	2.83	0.03	9.48	3.25	0.03	6.48	3.49	0.03	3.28	3.81	0.03	-3.31	3.84	0.03	-6.57	3.77	0.03	-9.68
PUB_HTM	614472	3133GCT28	Agency MBS 15yr	G-2-Q	FREDDIE MAC	0.48273492	1.5	4/1/2036	42797538	 20,659,866 	 3,880,239.73 	19883018.96	18477269.72	96.2398	89.4355735	-1405749.24	6/30/2026	Model2501	100	LMMSOFRFLAT	RFRSwap	4.58	2.52	3.86	0.00	0.035	 7,134 	0.13	0.23	0.55	1.86	1.02	0.05	0.02	3.9	7.3	55.8	37	0.48	6.72	2.31	64.00	238450.33	NA	NA	2.90	0.03	9.89	3.39	0.03	6.79	3.66	0.03	3.44	4.00	0.03	-3.45	4.04	0.03	-6.85	3.96	0.03	-10.10
PUB_HTM	613065	3133GGFV0	Agency MBS 15yr	G-2-Q	FREDDIE MAC	0.53677155	2	1/1/2037	14300167	 7,675,923 	 1,945,768.69 	7508634.58	6998819.31	97.8206	91.1788652	-509815.28	6/30/2026	Model2501	100	LMMSOFRFLAT	RFRSwap	4.50	2.56	3.89	-0.06	0.036	 2,730 	0.14	0.23	0.53	1.72	1.23	0.05	0.02	4.1	8.7	45.2	27	0.54	7.10	2.49	54.00	150641.17	NA	NA	3.01	0.03	10.23	3.44	0.03	6.98	3.69	0.03	3.53	4.12	0.04	-3.59	4.27	0.04	-7.21	4.24	0.03	-10.72
AFS	613781	3133KHE93	Agency MBS 30yr	G-2-Q	FREDDIE MAC	0.46603926	2.5	12/1/2049	2465413	 1,148,979 	 44,888.91 	1148979.25	971445.38	100	84.5485574	-177533.87	6/30/2026	Model2501	100	LMMSOFRFLAT	RFRSwap	4.93	2.49	7.05	0.05	0.060	 686 	0.06	0.10	0.28	1.15	3.14	2.22	0.12	8.6	5.7	66.7	48	0.47	9.00	3.44	80.00	193040.80	NA	NA	4.06	0.04	16.58	5.66	0.05	11.68	6.49	0.06	5.95	7.45	0.06	-5.93	7.78	0.06	-11.73	7.79	0.05	-17.21
AFS	613500	3133KHFD3	Agency MBS 30yr	G-2-Q	FREDDIE MAC	0.27456558	3	12/1/2049	1671940	 459,057 	 11,937.97 	467171.99	403759.87	101.7677	87.9541582	-63412.11	6/30/2026	Model2501	100	LMMSOFRFLAT	RFRSwap	4.85	2.75	6.85	-0.09	0.060	 278 	0.07	0.11	0.30	1.14	2.98	2.16	0.12	8.8	5.8	57.3	38	0.27	16.24	3.91	79.00	229528.59	NA	NA	3.04	0.03	15.78	5.12	0.05	11.52	6.20	0.06	5.96	7.33	0.06	-6.05	7.72	0.06	-12.01	7.79	0.05	-17.71
PUB_HTM	613227	3133KK5P0	Agency MBS 30yr	G-2-Q	FREDDIE MAC	0.62046075	2	2/1/2051	15000000	 9,306,911 	 682,909.15 	8729501.65	7510808.78	93.7959	80.7014119	-1218692.87	6/30/2026	Model2501	100	LMMSOFRFLAT	RFRSwap	5.17	2.89	7.30	0.08	0.059	 5,491 	0.06	0.10	0.27	1.16	3.14	2.38	0.22	8.4	6.4	86.3	73	0.62	6.17	2.87	66.00	282670.91	NA	NA	4.80	0.05	16.81	6.00	0.06	11.62	6.73	0.06	5.89	7.82	0.06	-5.88	8.20	0.06	-11.68	8.15	0.05	-17.12
PUB_HTM	613976	3133KKD63	Agency MBS 30yr	G-2-Q	FREDDIE MAC	0.56670613	2	10/1/2050	10000000	 5,667,061 	 611,112.50 	5314734.01	4578374.58	93.7829	80.7892193	-736359.43	6/30/2026	Model2501	100	LMMSOFRFLAT	RFRSwap	5.19	2.90	7.21	0.06	0.058	 3,308 	0.06	0.10	0.27	1.19	3.16	2.28	0.19	8.3	6.4	89.6	77	0.57	7.16	2.90	70.00	285510.13	NA	NA	4.72	0.05	16.60	5.92	0.05	11.48	6.65	0.06	5.82	7.70	0.06	-5.81	8.08	0.06	-11.54	8.03	0.05	-16.93
PUB_HTM	613133	3133KMNY7	Agency MBS 30yr	G-2-Q	FREDDIE MAC	0.6742498	2	9/1/2051	10000000	 6,742,498 	 517,233.08 	6316096.87	5441146.51	93.6759	80.6992677	-874950.36	6/30/2026	Model2501	100	LMMSOFRFLAT	RFRSwap	5.11	2.89	7.44	0.01	0.060	 4,055 	0.06	0.10	0.26	1.13	3.12	2.52	0.27	8.6	6.3	78.8	67	0.67	5.61	2.90	59.00	318045.06	NA	NA	4.73	0.05	16.96	6.03	0.06	11.78	6.81	0.06	5.98	8.03	0.06	-6.01	8.42	0.06	-11.96	8.36	0.05	-17.52
PUB_HTM	613160	3133KMP74	Agency MBS 30yr	G-2-Q	FREDDIE MAC	0.70756317	2	9/1/2051	60000000	 42,453,790 	 2,848,610.72 	39739772.95	34259818.37	93.6071	80.6990806	-5479954.58	6/30/2026	Model2501	100	LMMSOFRFLAT	RFRSwap	5.10	2.90	7.45	0.03	0.060	 25,560 	0.06	0.10	0.26	1.13	3.11	2.54	0.28	8.6	6.3	78.0	66	0.71	4.67	2.90	59.00	325551.13	NA	NA	4.76	0.05	17.00	6.05	0.06	11.80	6.82	0.06	5.99	8.04	0.06	-6.02	8.42	0.06	-11.97	8.36	0.05	-17.53
AFS	614211	3133KRB52	Agency MBS 30yr	G-2-Q	FREDDIE MAC	0.74766769	5.5	5/1/2053	40000000	 29,906,708 	 4,409,178.34 	29818806.97	30383178.54	99.7061	101.5931909	564371.58	6/30/2026	Model2501	100	LMMSOFRFLAT	RFRSwap	5.14	5.55	3.17	-1.67	0.032	 9,672 	0.25	0.34	0.48	0.82	0.90	0.41	-0.01	5.6	13.4	51.5	77	0.75	7.86	6.46	39.00	221952.89	NA	NA	0.95	0.01	3.70	0.52	0.01	2.86	1.17	0.01	2.23	4.55	0.04	-3.92	5.43	0.05	-8.73	6.14	0.05	-13.98
AFS	613541	3133KRJL9	Agency MBS 30yr	G-2-Q	FREDDIE MAC	0.84577598	5.5	6/1/2053	17407906	 14,723,189 	 1,204,699.48 	14760429.46	14948588.22	100.2529	101.5309147	188158.76	6/30/2026	Model2501	100	LMMSOFRFLAT	RFRSwap	5.15	5.43	3.10	-1.77	0.032	 4,649 	0.25	0.34	0.48	0.79	0.86	0.40	0.00	5.5	13.6	50.1	78	0.85	4.26	6.45	37.00	249639.05	NA	NA	0.93	0.01	3.56	0.56	0.01	2.71	1.07	0.01	2.13	4.53	0.04	-3.88	5.45	0.05	-8.70	6.17	0.05	-13.97
PUB_HTM	614095	3133KTZF0	Agency MBS 20yr	G-2-Q	FREDDIE MAC	0.67684224	2	1/1/2042	20000000	 13,536,845 	 1,475,226.86 	12823159.05	11761121.42	94.7278	86.8822949	-1062037.63	6/30/2026	Model2501	100	LMMSOFRFLAT	RFRSwap	4.89	3.07	5.17	-0.04	0.045	 6,097 	0.09	0.15	0.39	1.55	2.53	0.45	0.04	5.6	8.0	75.3	58	0.68	4.38	2.88	55.00	131106.80	NA	NA	3.66	0.04	12.89	4.45	0.04	8.86	4.86	0.04	4.48	5.50	0.05	-4.52	5.68	0.04	-9.03	5.65	0.04	-13.34
AFS	613527	3133KY2Z1	Agency MBS 20yr	G-2-Q	FREDDIE MAC	0.5266111	5.5	5/1/2044	29290549	 15,424,728 	 6,360,619.79 	15376877.14	15586812.58	99.6898	101.0508085	209935.44	6/30/2026	Model2501	100	LMMSOFRFLAT	RFRSwap	5.17	5.55	2.71	-1.41	0.028	 4,244 	0.27	0.31	0.47	0.74	0.84	0.11	-0.02	4.1	16.8	68.7	87	0.53	23.56	6.45	27.00	289281.34	NA	NA	1.36	0.01	4.74	1.16	0.01	3.44	1.54	0.02	2.09	3.86	0.04	-3.34	4.53	0.04	-7.40	5.03	0.05	-11.81
PUB_HTM	613121	3133KYSV2	Agency MBS 20yr	G-2-Q	FREDDIE MAC	0.20993698	2.5	2/1/2040	75858759	 15,925,559 	 1,850,960.83 	15499276.27	14334337.97	97.3233	90.0083832	-1164938.3	6/30/2026	Model2501	100	LMMSOFRFLAT	RFRSwap	4.86	3.08	4.57	-0.09	0.041	 6,572 	0.11	0.18	0.45	1.60	2.04	0.17	0.02	5.1	7.8	77.3	58	0.21	18.00	3.49	79.00	191463.75	NA	NA	2.66	0.03	11.26	3.77	0.04	7.99	4.27	0.04	4.08	4.88	0.04	-4.17	5.08	0.04	-8.36	5.07	0.04	-12.42
PUB_HTM	614427	3133KYUP2	Agency MBS 20yr	G-2-Q	FREDDIE MAC	0.55955139	2	12/1/2040	10000000	 5,595,514 	 539,261.59 	5311740	4876734.23	94.9285	87.1543582	-435005.77	6/30/2026	Model2501	100	LMMSOFRFLAT	RFRSwap	4.83	3.03	5.14	-0.05	0.045	 2,511 	0.09	0.16	0.40	1.64	2.51	0.32	0.03	5.5	6.9	71.2	52	0.56	5.66	2.88	68.00	220910.34	NA	NA	3.27	0.03	12.51	4.29	0.04	8.74	4.79	0.04	4.45	5.40	0.04	-4.49	5.51	0.04	-8.90	5.43	0.04	-13.08
HTM	614171	3133KYVC0	Agency MBS 20yr	G-2-Q	FREDDIE MAC	0.63527574	2	5/1/2041	50000000	 31,763,787 	 3,155,952.95 	32227848.18	27325091.49	101.461	86.0259247	-4902756.69	6/30/2026	Model2501	100	LMMSOFRFLAT	RFRSwap	5.01	1.71	5.34	0.00	0.046	 14,606 	0.08	0.15	0.39	1.63	2.67	0.40	0.04	5.7	6.7	87.9	70	0.64	4.16	2.79	63.00	220585.39	NA	NA	3.55	0.04	12.98	4.49	0.04	9.00	4.99	0.05	4.57	5.58	0.05	-4.59	5.67	0.04	-9.07	5.58	0.04	-13.29
PUB_HTM	613493	3133KYVF3	Agency MBS 20yr	G-2-Q	FREDDIE MAC	0.63350176	2	6/1/2041	146141505	 92,580,901 	 8,801,302.70 	87879260.76	80369750.08	94.9216	86.8102919	-7509510.68	6/30/2026	Model2501	100	LMMSOFRFLAT	RFRSwap	4.82	3.00	5.31	-0.02	0.046	 42,746 	0.09	0.15	0.39	1.61	2.66	0.40	0.04	5.7	6.7	69.7	51	0.63	4.38	2.82	62.00	225393.38	NA	NA	3.32	0.03	12.83	4.39	0.04	8.98	4.94	0.05	4.58	5.57	0.05	-4.61	5.67	0.04	-9.13	5.58	0.04	-13.40
HTM	614311	3133KYVN6	Agency MBS 20yr	G-2-Q	FREDDIE MAC	0.65570883	2	8/1/2041	34437238	 22,580,801 	 2,254,746.35 	23100955.44	19512376.62	102.3035	86.4113571	-3588578.82	6/30/2026	Model2501	100	LMMSOFRFLAT	RFRSwap	4.91	1.55	5.34	-0.03	0.046	 10,436 	0.09	0.15	0.39	1.60	2.67	0.42	0.04	5.8	6.8	77.8	60	0.66	4.06	2.89	60.00	219602.80	NA	NA	3.43	0.03	12.91	4.45	0.04	9.00	4.97	0.05	4.59	5.61	0.05	-4.62	5.73	0.04	-9.16	5.64	0.04	-13.44
HTM	614491	3133KYVS5	Agency MBS 20yr	G-2-Q	FREDDIE MAC	0.65216766	2	9/1/2041	40000000	 26,086,706 	 2,806,542.78 	26637285.1	22580305.09	102.1106	86.5586661	-4056980.01	6/30/2026	Model2501	100	LMMSOFRFLAT	RFRSwap	4.86	1.59	5.38	-0.03	0.047	 12,160 	0.08	0.15	0.38	1.59	2.70	0.45	0.04	5.8	6.9	72.2	54	0.65	4.32	2.88	59.00	223354.58	NA	NA	3.39	0.03	12.96	4.45	0.04	9.06	4.99	0.05	4.62	5.66	0.05	-4.66	5.78	0.04	-9.24	5.69	0.04	-13.57
PUB_HTM	612405	3133KYVY2	Agency MBS 20yr	G-2-Q	FREDDIE MAC	0.66462462	2	10/1/2041	25000000	 16,615,616 	 1,532,813.34 	15756589.88	14364199.65	94.83	86.4500003	-1392390.23	6/30/2026	Model2501	100	LMMSOFRFLAT	RFRSwap	4.86	3.00	5.42	-0.03	0.047	 7,803 	0.08	0.15	0.38	1.59	2.73	0.47	0.04	5.9	6.9	72.1	54	0.66	4.08	2.85	58.00	227783.39	NA	NA	3.43	0.03	13.07	4.48	0.04	9.13	5.04	0.05	4.66	5.70	0.05	-4.69	5.82	0.05	-9.30	5.73	0.04	-13.65
HTM	613342	3133KYVY2	Agency MBS 20yr	G-2-Q	FREDDIE MAC	0.66462462	2	10/1/2041	50000000	 33,231,231 	 3,311,238.20 	33887330.54	28728399.3	101.9743	86.4500003	-5158931.24	6/30/2026	Model2501	100	LMMSOFRFLAT	RFRSwap	4.86	1.62	5.42	-0.03	0.047	 15,606 	0.08	0.15	0.38	1.59	2.73	0.47	0.04	5.9	6.9	72.1	54	0.66	4.08	2.85	58.00	227783.39	NA	NA	3.43	0.03	13.07	4.48	0.04	9.13	5.04	0.05	4.66	5.70	0.05	-4.69	5.82	0.05	-9.30	5.73	0.04	-13.65
HTM	612156	3133KYWE5	Agency MBS 20yr	G-2-Q	FREDDIE MAC	0.7007929	2	2/1/2042	86679343	 60,744,268 	 5,791,997.75 	60159191.12	52382291.95	99.0368	86.2341313	-7776899.17	6/30/2026	Model2501	100	LMMSOFRFLAT	RFRSwap	4.85	2.16	5.54	-0.03	0.048	 29,049 	0.08	0.14	0.37	1.56	2.82	0.53	0.04	6.0	6.7	70.1	53	0.70	3.59	2.79	54.00	243875.28	NA	NA	3.41	0.03	13.22	4.53	0.04	9.28	5.13	0.05	4.74	5.82	0.05	-4.78	5.92	0.05	-9.45	5.82	0.04	-13.84
HTM	613579	3133KYWJ4	Agency MBS 20yr	G-2-Q	FREDDIE MAC	0.69345414	2.5	3/1/2042	77164621	 53,510,126 	 5,503,159.37 	53152134.49	47513034.02	99.331	88.7926037	-5639100.46	6/30/2026	Model2501	100	LMMSOFRFLAT	RFRSwap	4.84	2.61	5.31	-0.10	0.047	 25,273 	0.09	0.15	0.39	1.51	2.65	0.49	0.03	5.9	7.1	69.3	52	0.69	4.10	3.08	53.00	218768.80	NA	NA	2.82	0.03	12.56	4.17	0.04	9.01	4.85	0.05	4.65	5.64	0.05	-4.75	5.81	0.05	-9.46	5.75	0.04	-13.93
HTM	613364	3133KYWT2	Agency MBS 20yr	G-2-Q	FREDDIE MAC	0.67273327	3	4/1/2042	40000000	 26,909,331 	 3,229,988.41 	27003246.46	24803444.84	100.349	92.1741422	-2199801.63	6/30/2026	Model2501	100	LMMSOFRFLAT	RFRSwap	4.65	2.91	4.96	-0.22	0.046	 12,341 	0.10	0.17	0.44	1.43	2.38	0.43	0.02	5.8	8.0	50.1	32	0.67	5.19	3.63	52.00	213283.91	NA	NA	1.85	0.02	11.11	3.45	0.03	8.40	4.41	0.04	4.45	5.40	0.05	-4.67	5.68	0.05	-9.42	5.71	0.04	-14.03
HTM	613596	3133KYXY0	Agency MBS 20yr	G-2-Q	FREDDIE MAC	0.65623474	4.5	11/1/2042	41898730	 27,495,402 	 3,464,578.53 	26934665.17	26789049.32	97.9606	97.4310146	-145615.85	6/30/2026	Model2501	100	LMMSOFRFLAT	RFRSwap	5.06	4.93	3.89	-0.64	0.038	 10,467 	0.17	0.27	0.52	1.17	1.56	0.22	-0.01	5.0	9.4	80.5	73	0.66	7.77	5.08	45.00	229400.88	NA	NA	1.36	0.01	6.85	1.44	0.01	5.46	2.77	0.03	3.38	4.53	0.04	-4.05	5.04	0.05	-8.44	5.36	0.05	-12.99
AFS	612160	3133KYYE3	Agency MBS 20yr	G-2-Q	FREDDIE MAC	0.63190402	5	12/1/2042	20027254	 12,655,302 	 1,950,051.10 	12455910.48	12670638.22	98.4244	100.1211817	214727.75	6/30/2026	Model2501	100	LMMSOFRFLAT	RFRSwap	4.95	5.34	3.33	-0.97	0.033	 4,232 	0.22	0.31	0.52	0.96	1.22	0.13	-0.02	4.7	10.4	61.1	63	0.63	9.13	5.58	45.00	224343.75	NA	NA	1.26	0.01	5.49	1.15	0.01	4.21	1.96	0.02	2.73	4.13	0.04	-3.72	4.68	0.04	-7.90	5.10	0.04	-12.34
PUB_HTM	613104	3133L73V7	Agency MBS 15yr	G-2-Q	FREDDIE MAC	0.43336564	1.5	12/1/2035	5000000	 2,166,828 	 362,663.61 	2087622.83	1944714.6	96.3446	89.7493674	-142908.23	6/30/2026	Model2501	100	LMMSOFRFLAT	RFRSwap	4.65	2.54	3.68	-0.04	0.033	 716 	0.14	0.24	0.57	1.81	0.85	0.05	0.02	3.7	8.2	62.3	45	0.43	7.41	2.36	68.00	198853.03	NA	NA	2.86	0.03	9.50	3.26	0.03	6.48	3.49	0.03	3.28	3.83	0.03	-3.32	3.92	0.03	-6.62	3.85	0.03	-9.79
PUB_HTM	613310	3133L73Z8	Agency MBS 15yr	G-2-Q	FREDDIE MAC	0.45172683	1.5	12/1/2035	25000000	 11,293,171 	 1,693,965.83 	10867299.56	10100716.62	96.2289	89.4409271	-766582.94	6/30/2026	Model2501	100	LMMSOFRFLAT	RFRSwap	4.63	2.54	3.77	0.01	0.034	 3,817 	0.14	0.23	0.55	1.86	0.95	0.05	0.01	3.8	7.1	61.2	42	0.45	6.72	2.37	68.00	210568.55	NA	NA	2.97	0.03	9.82	3.38	0.03	6.68	3.61	0.03	3.37	3.91	0.03	-3.38	3.95	0.03	-6.71	3.86	0.03	-9.89
HTM	613843	3133L9BJ1	Agency MBS 15yr	G-2-Q	FREDDIE MAC	0.46607194	4.5	11/1/2037	8445012	 3,935,983 	 1,222,275.13 	3898844.04	3918234.66	99.0564	99.5490715	19390.62	6/30/2026	Model2501	100	LMMSOFRFLAT	RFRSwap	4.59	4.74	2.92	-0.42	0.029	 1,148 	0.22	0.32	0.57	1.13	0.72	-0.03	-0.01	3.6	13.3	46.6	36	0.47	14.33	5.29	45.00	136934.20	NA	NA	1.17	0.01	5.70	1.34	0.01	4.46	2.22	0.02	2.64	3.31	0.03	-3.08	3.59	0.03	-6.37	3.85	0.03	-9.78
PUB_HTM	613575	3133N3W91	Agency MBS Other	G-2-Q	FREDDIE MAC	0.60602746	2	11/1/2050	39199446	 23,755,941 	 1,426,151.30 	22052149.95	18632020.97	92.8279	78.4309963	-3420128.98	6/30/2026	Model2501	100	LMMSOFRFLAT	RFRSwap	5.32	2.96	7.86	0.09	0.062	 14,678 	0.05	0.07	0.19	1.09	3.48	2.75	0.27	9.0	5.2	101.6	88	0.61	6.20	2.91	69.00	537430.25	NA	NA	5.01	0.05	17.81	6.44	0.06	12.31	7.29	0.06	6.18	8.22	0.06	-6.09	8.36	0.06	-11.88	8.15	0.05	-17.18
PUB_HTM	613637	3133N3XM1	Agency MBS Other	G-2-Q	FREDDIE MAC	0.71895097	1.5	12/1/2050	88439269	 63,583,498 	 3,081,782.61 	57011016.64	47407342.72	89.6632	74.5591923	-9603673.91	6/30/2026	Model2501	100	LMMSOFRFLAT	RFRSwap	5.37	2.85	8.33	0.42	0.062	 39,542 	0.04	0.06	0.16	1.04	3.69	3.05	0.33	9.2	4.9	106.9	93	0.72	3.28	2.55	68.00	545026.63	NA	NA	6.23	0.06	18.87	7.23	0.06	12.73	7.83	0.06	6.30	8.57	0.06	-6.05	8.61	0.05	-11.72	8.31	0.05	-16.84
HTM	614587	3133WJDK2	Agency MBS 15yr	G-2-Q	FREDDIE MAC	0.64465928	3	4/1/2037	57000000	 36,745,579 	 5,303,145.92 	37061408.13	34735606.45	100.8595	94.530029	-2325801.68	6/30/2026	Model2501	100	LMMSOFRFLAT	RFRSwap	4.49	2.74	3.75	-0.13	0.036	 13,067 	0.15	0.23	0.54	1.59	1.22	0.02	0.01	4.2	8.8	44.3	26	0.64	4.24	3.47	51.00	250515.73	NA	NA	1.86	0.02	9.17	2.90	0.03	6.69	3.45	0.03	3.48	4.01	0.04	-3.61	4.24	0.04	-7.30	4.26	0.04	-10.96
HTM	614851	3133WKAR7	Agency MBS 15yr	G-2-Q	FREDDIE MAC	0.63696344	4.5	9/1/2037	6661635	 4,243,218 	 518,949.45 	4203855.08	4220331.92	99.0723	99.4606445	16476.83	6/30/2026	Model2501	100	LMMSOFRFLAT	RFRSwap	4.62	4.74	2.94	-0.37	0.029	 1,246 	0.22	0.30	0.56	1.15	0.75	-0.03	-0.01	3.6	13.0	50.8	39	0.64	6.36	5.27	47.00	151880.64	NA	NA	1.28	0.01	5.93	1.43	0.01	4.61	2.30	0.02	2.69	3.29	0.03	-3.08	3.54	0.03	-6.33	3.78	0.03	-9.69
AFS	614233	31348SK60	Agency MBS ARM	G-2-Q	FREDDIE MAC	0.00006473	5.829	11/1/2026	2200000	 142 	 319.97 	142.41	141.84	100	99.6056751	-0.56	6/30/2026	Model2501	100	LMMSOFRFLAT	RFRSwap	4.88	3.61	0.32	0.00	0.003	 0 	0.32	0.00	0.00	0.00	0.00	0.00	0.00	0.3	30.7	94.3	92	0.00	18.51	6.43	354.00	NA	JPMORGAN CHASE BANK, NATIONAL ASSOCIATIO	100.00	0.32	0.00	0.96	0.32	0.00	0.64	0.32	0.00	0.32	0.32	0.00	-0.32	0.31	0.00	-0.63	0.31	0.00	-0.94
AFS	614108	31348SPF5	Agency MBS ARM	G-2-Q	FREDDIE MAC	0.00039433	5.638	5/1/2027	5000000	 1,972 	 3,224.89 	1971.65	1967	100	99.7640542	-4.65	6/30/2026	Model2501	100	LMMSOFRFLAT	RFRSwap	4.71	4.20	0.46	0.01	0.005	 0 	0.46	0.00	0.00	0.00	0.00	0.00	0.00	0.5	23.4	74.4	72	0.00	16.01	6.26	350.00	NA	WELLS FARGO BANK, NATIONAL ASSOCIATION	100.00	0.47	0.00	1.42	0.47	0.00	0.94	0.47	0.00	0.47	0.46	0.00	-0.46	0.46	0.00	-0.92	0.45	0.00	-1.37
AFS	614757	31349S5P4	Agency MBS ARM	G-2-Q	FREDDIE MAC	0.00177412	6.026	7/1/2034	19586813	 34,749 	 4,172.36 	35927.69	35530.26	103.3909	102.2472574	-397.42	6/30/2026	Model2501	100	LMMSOFRFLAT	RFRSwap	5.48	5.12	0.65	-0.05	0.007	 2 	0.40	-0.03	0.06	0.16	0.06	-0.02	0.00	3.5	8.6	146.3	130	0.00	22.15	6.53	264.00	71035.25	#SPILL!	#SPILL!	1.45	0.02	2.65	0.89	0.01	1.42	0.66	0.01	0.66	0.80	0.01	-0.71	1.42	0.01	-1.80	2.00	0.02	-3.55
AFS	614657	31349UDY1	Agency MBS ARM	G-2-Q	FREDDIE MAC	0.00187421	6.125	11/1/2034	30845249	 57,810 	 5,145.62 	59476.88	59133.42	102.8825	102.2884121	-343.47	6/30/2026	Model2501	100	LMMSOFRFLAT	RFRSwap	5.47	5.27	0.35	-0.11	0.004	 2 	0.19	0.04	0.08	0.07	-0.04	-0.06	-0.01	3.3	10.7	141.6	128	0.00	22.43	6.63	259.00	94357.57	WELLS FARGO BANK, NATIONAL ASSOCIATION	100.00	1.08	0.01	1.66	0.63	0.01	0.72	0.30	0.00	0.32	0.47	0.00	-0.41	1.13	0.01	-1.14	1.85	0.02	-2.69
AFS	614519	31349UEL8	Agency MBS ARM	G-2-Q	FREDDIE MAC	0.00430295	5.991	11/1/2034	50427471	 216,987 	 19,801.26 	222930.34	222127.08	102.7391	102.3688962	-803.26	6/30/2026	Model2501	100	LMMSOFRFLAT	RFRSwap	5.47	5.36	0.48	-0.05	0.005	 11 	0.26	0.01	0.06	0.12	0.03	-0.04	-0.01	3.5	9.5	143.8	128	0.00	19.36	6.49	258.00	78100.58	WELLS FARGO BANK, NATIONAL ASSOCIATION	100.00	1.21	0.01	2.05	0.70	0.01	1.02	0.46	0.00	0.47	0.62	0.01	-0.54	1.29	0.01	-1.47	1.93	0.02	-3.12
HTM	611107	313586109	Misc_Securities	E-9	FANNIE MAE		0	12/31/2100	6.4	 6 	 -   	6.4	6.4	100	100	0	6/30/2026																																														
AFS	614302	31362VFC7	Agency MBS ARM	G-2-Q	FANNIE MAE	0.00007903	5.25	2/1/2028	2000827	 158 	 226.56 	158.13	157.86	100	99.8328681	-0.27	6/30/2026	Model2501	100	LMMSOFRFLAT	RFRSwap	4.70	4.15	0.30	0.01	0.003	 0 	0.30	0.00	0.00	0.00	0.00	0.00	0.00	0.3	55.9	76.9	73	0.00	NA	6.00	472.00	NA	JPMORGAN CHASE BANK, NATIONAL ASSOCIATIO	100.00	0.31	0.00	0.93	0.31	0.00	0.62	0.31	0.00	0.31	0.25	0.00	-0.29	0.14	0.00	-0.47	0.14	0.00	-0.61
PUB_HTM	613580	3136BDL55	Agency CMO	G-3-Q	FANNIE MAE	0.74148433	1.25	2/1/2051	100000000	 74,148,433 	 4,258,793.27 	66569013.84	56890400.05	89.778	76.72502	-9678613.79	6/30/2026	Model2501	100	LMMSOFRFLAT	RFRSwap	4.57	2.54	8.39	0.30	0.064	 47,813 	0.03	0.06	0.18	0.99	3.61	3.27	0.28	9.5	4.6	27.7	48	0.74	3.00	#SPILL!	#SPILL!	#SPILL!	#SPILL!	#SPILL!	6.10	0.06	19.39	7.24	0.07	13.12	7.92	0.07	6.54	8.71	0.06	-6.32	8.78	0.06	-12.24	8.57	0.05	-17.61
PUB_HTM	614461	3136BDM39	Agency CMO	G-3-Q	FANNIE MAE	0.72561206	1.5	2/1/2051	50000000	 36,280,603 	 2,257,049.43 	32919501.12	27236269.53	90.7358	75.07116	-5683231.59	6/30/2026	Model2501	100	LMMSOFRFLAT	RFRSwap	5.03	2.63	8.53	0.44	0.064	 23,257 	0.03	0.06	0.18	0.97	3.61	3.39	0.33	9.8	4.2	73.7	95	0.73	3.42	2.89	66.00	568400.56	#SPILL!	#SPILL!	6.18	0.06	19.36	7.43	0.07	13.12	8.06	0.07	6.53	8.75	0.06	-6.23	8.74	0.06	-12.03	8.46	0.05	-17.24
PUB_HTM	613898	3136BDV54	Agency CMO	G-3-Q	FANNIE MAE	0.60068934	1.25	2/1/2051	42649533	 25,619,120 	 2,728,116.12 	22959427.09	19519355.99	89.6183	76.19058	-3440071.09	6/30/2026	Model2501	100	LMMSOFRFLAT	RFRSwap	5.38	2.81	7.60	-0.01	0.058	 14,860 	0.05	0.09	0.25	1.17	3.31	2.51	0.27	8.0	7.2	104.4	133	0.60	6.71	2.88	66.00	270458.47	#SPILL!	#SPILL!	5.67	0.05	17.07	6.46	0.06	11.55	7.06	0.06	5.80	8.31	0.06	-5.83	8.68	0.06	-11.61	8.55	0.05	-16.97
PUB_HTM	610758	3136BDZA9	Structured Agency CMBS	G-3-Q	FANNIE MAE	1	1.465	2/1/2031	58881000	 58,881,000 	 -   	55351133.88	51768245.86	94.0051	87.92012	-3582888.02	6/30/2026	CPY	0	LMMSOFRFLAT	RFRSwap	4.51	2.92	4.18	0.22	0.037	 21,651 	-0.02	-0.01	0.97	3.23	0.00	0.00	0.00	4.4	NA	58.7	56	1.00	1.07	3.00	66.00	NA	NA	NA	4.31	0.04	11.95	4.27	0.04	7.76	4.22	0.04	3.78	4.13	0.03	-3.58	4.09	0.03	-6.98	4.05	0.03	-10.21
PUB_HTM	610769	3136BF4D2	Structured Agency CMBS	G-3-Q	FANNIE MAE	1	1.50544	3/1/2031	28288684	 28,288,684 	 -   	26759447.11	24682001.26	94.5942	87.25044	-2077445.84	6/30/2026	CPY	0	LMMSOFRFLAT	RFRSwap	4.53	2.70	4.39	0.24	0.038	 10,846 	-0.02	-0.04	0.63	3.82	0.00	0.00	0.00	4.7	NA	60.9	58	1.00	0.32	2.98	63.00	NA	NA	NA	4.53	0.05	12.50	4.48	0.04	8.10	4.43	0.04	3.94	4.34	0.04	-3.73	4.30	0.03	-7.27	4.25	0.03	-10.62
PUB_HTM	613792	3136BFCB7	Agency CMO	G-3-Q	FANNIE MAE	0.76005022	1.25	3/1/2051	25000000	 19,001,256 	 1,116,008.04 	16946364.7	14030154.64	89.1855	73.83804	-2916210.06	6/30/2026	Model2501	100	LMMSOFRFLAT	RFRSwap	4.95	2.57	8.62	0.51	0.064	 12,110 	0.03	0.06	0.17	0.96	3.69	3.42	0.32	9.7	4.1	66.6	87	0.76	2.60	2.72	66.00	547293.50	#SPILL!	#SPILL!	6.46	0.06	19.50	7.61	0.07	13.14	8.20	0.07	6.52	8.81	0.06	-6.18	8.78	0.05	-11.90	8.50	0.05	-17.04
PUB_HTM	610759	3136BFRV7	Structured Agency CMBS	G-3-Q	FANNIE MAE	1	1.468	11/1/2030	16000000	 16,000,000 	 -   	15087883.77	14128582.4	94.2993	88.30364	-959301.37	6/30/2026	CPY	0	LMMSOFRFLAT	RFRSwap	4.47	2.87	4.09	0.21	0.036	 5,791 	-0.02	-0.04	1.30	2.86	0.00	0.00	0.00	4.3	NA	54.3	51	1.00	0.66	2.77	69.00	NA	NA	NA	4.22	0.04	11.75	4.18	0.04	7.63	4.14	0.04	3.71	4.05	0.03	-3.53	4.01	0.03	-6.88	3.97	0.03	-10.07
PUB_HTM	610768	3136BHB73	Structured Agency CMBS	G-3-Q	FANNIE MAE	1	1.42106	3/1/2031	7000000	 7,000,000 	 -   	6555150.52	6116436.2	93.645	87.37766	-438714.32	6/30/2026	CPY	0	LMMSOFRFLAT	RFRSwap	4.51	2.90	4.26	0.22	0.037	 2,607 	-0.02	-0.05	0.97	3.35	0.00	0.00	0.00	4.5	NA	58.7	56	1.00	0.00	2.84	65.00	NA	NA	NA	4.39	0.04	12.11	4.35	0.04	7.86	4.30	0.04	3.82	4.21	0.04	-3.63	4.17	0.03	-7.07	4.13	0.03	-10.34
PUB_HTM	610762	3136BHMX4	Structured Agency CMBS	G-3-Q	FANNIE MAE	1	1.599	4/1/2031	20000000	 20,000,000 	 -   	19004413.59	17562142	95.0221	87.81071	-1442271.59	6/30/2026	CPY	0	LMMSOFRFLAT	RFRSwap	4.50	2.74	4.43	0.24	0.039	 7,798 	-0.02	-0.04	0.50	4.00	0.00	0.00	0.00	4.7	NA	58.0	55	1.00	0.18	3.23	63.00	NA	NA	NA	4.58	0.05	12.73	4.53	0.04	8.25	4.48	0.04	4.01	4.39	0.04	-3.79	4.34	0.03	-7.39	4.30	0.03	-10.79
HTM	606898	3136BPSC6	Structured Agency CMBS	G-3-Q	FANNIE MAE	0.906979338	4.39897	5/1/2033	177334422	 160,838,657 	 15,917,582.23 	163414221.6	156866601.3	101.6013	97.53041	-6547620.28	6/30/2026	CPY	0	LMMSOFRFLAT	RFRSwap	4.79	4.02	5.31	0.36	0.052	 83,596 	0.02	0.03	0.07	3.73	1.46	0.00	0.00	6.2	NA	84.2	82	0.91	2.67	#SPILL!	#SPILL!	NA	NA	NA	5.56	0.06	17.33	5.48	0.06	11.15	5.39	0.06	5.38	5.23	0.05	-5.02	5.15	0.05	-9.72	5.07	0.04	-14.11
AFS	607827	3136BQL64	Structured Agency CMBS	G-3-Q	FANNIE MAE	1	4.55	1/1/2031	100000000	 100,000,000 	 -   	99464352.15	99986370	99.4644	99.98637	522017.85	6/30/2026	CPY	0	LMMSOFRFLAT	RFRSwap	4.52	4.65	3.81	0.19	0.038	 38,273 	0.01	0.01	1.33	2.46	0.00	0.00	0.00	4.3	NA	59.0	56	1.00	0.54	#SPILL!	#SPILL!	NA	NA	NA	3.95	0.04	12.40	3.91	0.04	8.05	3.86	0.04	3.92	3.77	0.04	-3.73	3.73	0.03	-7.29	3.68	0.03	-10.67
AFS	612988	3136BR3G0	Agency CMO	G-3-Q	FANNIE MAE	0.62586526	5.5	11/1/2047	128408000	 80,366,106 	 24,486,305.09 	80051349.29	81140867.72	99.6083	100.96404	1089518.43	6/30/2026	Model2501	100	LMMSOFRFLAT	RFRSwap	5.02	5.57	1.52	-1.33	0.015	 12,425 	0.35	0.42	0.51	0.51	-0.10	-0.14	-0.02	2.5	16.1	58.2	102	0.63	15.28	6.95	39.00	227219.64	#SPILL!	#SPILL!	0.62	0.01	1.64	0.37	0.00	1.10	0.34	0.00	0.88	2.60	0.03	-2.12	3.33	0.03	-5.05	3.90	0.04	-8.47
AFS	613938	3136BR4M6	Agency CMO	G-3-Q	FANNIE MAE	0.63375045	5.5	1/1/2047	30000000	 19,012,514 	 6,940,380.24 	18917217.89	19184036.79	99.4988	100.90216	266818.9	6/30/2026	Model2501	100	LMMSOFRFLAT	RFRSwap	5.04	5.62	1.39	-1.46	0.014	 2,673 	0.36	0.43	0.48	0.43	-0.14	-0.15	-0.02	2.4	15.8	54.5	104	0.63	14.46	6.96	30.00	248772.81	#SPILL!	#SPILL!	0.59	0.01	1.41	0.39	0.00	0.91	0.20	0.00	0.69	2.57	0.03	-2.04	3.32	0.03	-4.95	3.89	0.04	-8.36
AFS	614798	3136BSA47	Agency CMO	G-3-Q	FANNIE MAE	0.61972715	5	11/1/2050	31280000	 19,385,065 	 8,923,235.17 	19290231.85	19444873.99	99.5108	100.30853	154642.15	6/30/2026	Model2501	100	LMMSOFRFLAT	RFRSwap	4.75	5.13	1.38	-1.34	0.014	 2,694 	0.40	0.43	0.41	0.34	-0.08	-0.09	-0.01	2.1	15.3	23.5	74	0.62	14.51	#SPILL!	#SPILL!	#SPILL!	#SPILL!	#SPILL!	0.44	0.00	1.27	0.31	0.00	0.89	0.16	0.00	0.70	2.49	0.02	-1.97	3.26	0.03	-4.80	4.00	0.04	-8.20
AFS	613038	3136BSC29	Agency CMO	G-3-Q	FANNIE MAE	0.61431949	5.25	1/1/2051	50000000	 30,715,975 	 13,435,113.87 	30736450.95	30890677.75	100.0667	100.56877	154226.79	6/30/2026	Model2501	100	LMMSOFRFLAT	RFRSwap	4.87	5.11	1.25	-1.44	0.013	 3,878 	0.40	0.42	0.39	0.30	-0.13	-0.12	-0.01	2.1	15.7	33.9	85	0.61	14.99	6.99	24.00	276762.53	#SPILL!	#SPILL!	0.45	0.00	1.11	0.30	0.00	0.73	0.08	0.00	0.57	2.44	0.02	-1.89	3.26	0.03	-4.71	4.01	0.04	-8.14
AFS	613717	3136BSC60	Agency CMO	G-3-Q	FANNIE MAE	0.6143195	5	1/1/2051	37779000	 23,208,376 	 10,091,211.89 	23095231.13	23288380.31	99.5125	100.34472	193149.18	6/30/2026	Model2501	100	LMMSOFRFLAT	RFRSwap	4.73	5.13	1.38	-1.37	0.014	 3,226 	0.40	0.43	0.41	0.34	-0.08	-0.09	-0.01	2.1	15.7	21.4	72	0.61	14.99	6.99	24.00	276762.53	#SPILL!	#SPILL!	0.46	0.00	1.29	0.31	0.00	0.90	0.17	0.00	0.70	2.52	0.02	-1.99	3.33	0.03	-4.87	4.09	0.04	-8.35
AFS	613151	3136BSK46	Agency CMO	G-3-Q	FANNIE MAE	0.65593325	5	1/1/2051	53063919	 34,806,389 	 13,666,503.56 	34806388.85	34598142.22	100	99.4017	-208246.62	6/30/2026	Model2501	100	LMMSOFRFLAT	RFRSwap	5.18	4.90	1.91	-1.07	0.019	 6,624 	0.36	0.44	0.46	0.52	0.14	0.00	0.00	2.2	15.5	69.8	118	0.66	13.16	6.98	24.00	256400.16	#SPILL!	#SPILL!	0.48	0.00	2.06	0.40	0.00	1.62	0.56	0.01	1.24	2.86	0.03	-2.38	3.59	0.03	-5.49	4.31	0.04	-9.13
AFS	613039	3136BSM77	Agency CMO	G-3-Q	FANNIE MAE	0.62646931	5	1/1/2051	37096662	 23,239,920 	 10,274,770.32 	23126496.04	23305858.87	99.5119	100.28373	179362.84	6/30/2026	Model2501	100	LMMSOFRFLAT	RFRSwap	4.76	5.13	1.41	-1.35	0.014	 3,298 	0.39	0.42	0.41	0.35	-0.06	-0.09	-0.01	2.1	15.8	24.4	75	0.63	14.53	#SPILL!	#SPILL!	#SPILL!	#SPILL!	#SPILL!	0.46	0.00	1.34	0.32	0.00	0.95	0.20	0.00	0.73	2.55	0.03	-2.01	3.35	0.03	-4.91	4.10	0.04	-8.39
AFS	613023	3136BSVV4	Agency CMO	G-3-Q	FANNIE MAE	0.6621802	5.5	2/1/2051	47888000	 31,710,485 	 10,327,862.61 	31409016.43	31834276.81	99.0493	100.39038	425260.38	6/30/2026	Model2501	100	LMMSOFRFLAT	RFRSwap	5.20	5.84	1.39	-1.30	0.014	 4,457 	0.39	0.44	0.42	0.34	-0.08	-0.09	-0.01	2.2	16.1	70.5	120	0.66	12.44	6.93	31.00	249336.69	#SPILL!	#SPILL!	0.47	0.00	1.34	0.33	0.00	0.93	0.21	0.00	0.74	2.51	0.02	-1.99	3.34	0.03	-4.86	4.06	0.04	-8.34
AFS	612661	3136BSY25	Agency CMO	G-3-Q	FANNIE MAE	0.67362994	5.25	12/1/2047	20000000	 13,472,599 	 5,247,782.02 	13517846.24	13541916.67	100.3358	100.51451	24070.43	6/30/2026	Model2501	100	LMMSOFRFLAT	RFRSwap	4.96	5.03	1.62	-1.42	0.016	 2,198 	0.35	0.42	0.48	0.52	-0.01	-0.11	-0.02	2.5	16.2	45.3	96	0.67	15.29	6.96	24.00	283600.81	#SPILL!	#SPILL!	0.60	0.01	1.74	0.42	0.00	1.22	0.36	0.00	0.91	2.82	0.03	-2.26	3.60	0.03	-5.41	4.19	0.04	-9.06
AFS	613164	3136BTJZ7	Agency CMO	G-3-Q	FANNIE MAE	0.89353528	5.5	11/1/2054	69264258	 61,890,058 	 5,389,257.30 	62008604.43	62320398.31	100.1915	100.69533	311793.87	6/30/2026	Model2501	100	LMMSOFRFLAT	RFRSwap	5.31	5.43	2.92	-1.91	0.029	 18,248 	0.24	0.33	0.56	0.86	0.77	0.16	-0.01	5.1	12.2	84.4	127	0.89	7.77	6.54	21.00	274975.28	#SPILL!	#SPILL!	1.20	0.01	4.48	1.05	0.01	3.29	1.35	0.01	2.12	4.10	0.04	-3.58	4.81	0.04	-7.85	5.49	0.05	-12.54
AFS	614419	3136BTMG5	Agency CMO	G-3-Q	FANNIE MAE	0.83039605	5	10/1/2054	50000000	 41,519,803 	 5,295,789.76 	41475811.54	41541895.19	99.894	100.05321	66083.64	6/30/2026	Model2501	100	LMMSOFRFLAT	RFRSwap	4.97	5.00	3.23	-1.09	0.032	 13,459 	0.22	0.35	0.53	0.89	1.02	0.29	-0.02	5.3	12.7	52.6	91	0.83	10.66	6.45	40.00	218898.52	#SPILL!	#SPILL!	1.11	0.01	4.90	0.92	0.01	3.81	1.77	0.02	2.54	4.07	0.04	-3.65	4.74	0.04	-7.83	5.41	0.05	-12.41
AFS	614651	3136BTZA4	Agency CMO	G-3-Q	FANNIE MAE	0.76386336	5	3/1/2051	44601547	 34,069,488 	 7,496,111.96 	33546721.83	33785872.7	98.4656	99.16754	239150.87	6/30/2026	Model2501	100	LMMSOFRFLAT	RFRSwap	5.27	5.58	2.05	-0.93	0.020	 6,947 	0.33	0.44	0.51	0.60	0.17	0.00	0.00	2.3	15.4	85.1	128	0.76	9.87	6.97	21.00	181835.13	#SPILL!	#SPILL!	0.54	0.01	2.45	0.43	0.00	1.95	0.82	0.01	1.47	2.90	0.03	-2.46	3.57	0.03	-5.57	4.30	0.04	-9.18
AFS	614676	3136BUWF3	Agency CMO	G-3-Q	FANNIE MAE	0.71563053	5.5	5/1/2051	39000000	 27,909,591 	 8,374,686.68 	27871996.19	28168320.95	99.8653	100.92703	296324.76	6/30/2026	Model2501	100	LMMSOFRFLAT	RFRSwap	5.00	5.46	1.27	-1.46	0.013	 3,582 	0.39	0.44	0.44	0.34	-0.17	-0.15	-0.02	2.3	15.0	48.3	99	0.72	13.54	#SPILL!	#SPILL!	#SPILL!	#SPILL!	#SPILL!	0.49	0.00	1.06	0.26	0.00	0.65	0.09	0.00	0.59	2.47	0.02	-1.93	3.27	0.03	-4.77	4.03	0.04	-8.23
AFS	614112	3136BUY46	Agency CMO	G-3-Q	FANNIE MAE	0.77190912	5.5	3/1/2051	100000000	 77,190,912 	 18,728,353.26 	77292093.27	78047669.37	100.1311	101.10992	755576.1	6/30/2026	Model2501	100	LMMSOFRFLAT	RFRSwap	4.97	5.36	1.29	-1.59	0.013	 10,076 	0.38	0.45	0.45	0.39	-0.18	-0.18	-0.02	2.5	14.1	42.6	97	0.77	10.99	6.85	17.00	236638.63	#SPILL!	#SPILL!	0.49	0.00	0.95	0.24	0.00	0.54	0.04	0.00	0.56	2.59	0.03	-2.00	3.43	0.03	-4.98	4.22	0.04	-8.60
AFS	613341	3136BVAL2	Agency CMO	G-3-Q	FANNIE MAE	0.71281354	5.5	2/1/2052	56793000	 40,482,819 	 13,656,602.85 	40415622.26	40869430.3	99.834	100.955	453808.04	6/30/2026	Model2501	100	LMMSOFRFLAT	RFRSwap	5.02	5.48	1.40	-1.53	0.014	 5,729 	0.37	0.44	0.45	0.40	-0.10	-0.15	-0.02	2.5	15.4	48.8	101	0.71	15.56	6.92	31.00	243797.44	#SPILL!	#SPILL!	0.53	0.01	1.25	0.31	0.00	0.81	0.19	0.00	0.69	2.67	0.03	-2.09	3.56	0.03	-5.17	4.33	0.04	-8.88
AFS	613835	3136BVVM7	Agency CMO	G-3-Q	FANNIE MAE	0.82447586	5.5	12/1/2051	119833351	 98,799,705 	 18,901,775.40 	98697461.92	99455448.65	99.8965	100.66371	757986.73	6/30/2026	Model2501	100	LMMSOFRFLAT	RFRSwap	5.31	5.50	2.38	-2.01	0.024	 23,765 	0.28	0.40	0.52	0.81	0.52	-0.10	-0.03	4.1	10.0	66.6	130	0.82	9.98	6.86	18.00	389359.47	#SPILL!	#SPILL!	0.60	0.01	1.95	0.24	0.00	1.49	0.43	0.00	1.35	4.00	0.04	-3.27	5.05	0.05	-7.63	5.85	0.05	-12.61
AFS	612900	3136BWLU8	Agency CMO	G-3-Q	FANNIE MAE	0.77940242	5.25	2/1/2052	67136000	 52,325,961 	 13,881,109.30 	51921218.72	51995250.33	99.2265	99.36798	74031.61	6/30/2026	Model2501	100	LMMSOFRFLAT	RFRSwap	5.42	5.48	2.12	-1.14	0.021	 11,044 	0.32	0.44	0.52	0.65	0.22	-0.01	0.00	2.6	15.0	95.3	144	0.78	14.00	6.94	23.00	218236.88	#SPILL!	#SPILL!	0.57	0.01	2.48	0.45	0.00	1.95	0.82	0.01	1.46	3.12	0.03	-2.62	3.86	0.04	-5.97	4.62	0.04	-9.85
AFS	613779	31371H4K1	Agency MBS 30yr	G-2-Q	FANNIE MAE	0.00034055	8	12/1/2029	18000	 6 	 2.64 	6.41	6.24	104.6257	101.7444906	-0.18	6/30/2026	Model2501	100	LMMSOFRFLAT	RFRSwap	6.11	3.68	1.14	0.03	0.012	 0 	0.46	0.54	0.15	0.00	0.00	0.00	0.00	1.2	15.2	206.7	205	0.00	22.17	8.37	321.00	21006.26	NA	NA	1.17	0.01	3.61	1.16	0.01	2.38	1.15	0.01	1.18	1.12	0.01	-1.15	1.11	0.01	-2.27	1.10	0.01	-3.37
AFS	614652	31371JBD5	Agency MBS 30yr	G-2-Q	FANNIE MAE	0.00045922	7	2/1/2030	3000000	 1,378 	 408.93 	1439.14	1454.86	104.4627	105.603686	15.72	6/30/2026	Model2501	100	LMMSOFRFLAT	RFRSwap	2.68	3.48	1.35	0.03	0.014	 0 	0.40	0.52	0.43	0.01	0.00	0.00	0.00	1.4	15.6	-127.9	-140	0.00	21.33	7.58	318.00	16903.87	NA	NA	1.38	0.02	4.45	1.37	0.01	2.94	1.37	0.01	1.45	1.33	0.01	-1.42	1.30	0.01	-2.79	1.30	0.01	-4.12
AFS	613064	31371JW91	Agency MBS 30yr	G-2-Q	FANNIE MAE	0.00067272	7	3/1/2031	5030321	 3,384 	 869.61 	3562.35	3573.63	105.2706	105.603686	11.27	6/30/2026	Model2501	100	LMMSOFRFLAT	RFRSwap	3.60	3.79	1.71	0.04	0.018	 1 	0.32	0.46	0.74	0.19	0.00	0.00	0.00	1.9	12.5	-36.1	-50	0.00	21.62	7.74	306.00	24100.23	NA	NA	1.71	0.02	5.59	1.71	0.02	3.70	1.72	0.02	1.83	1.68	0.02	-1.79	1.65	0.02	-3.51	1.64	0.02	-5.19
AFS	613593	31371KHY0	Agency MBS 30yr	G-2-Q	FANNIE MAE	0.00149964	6.5	1/1/2032	2210415	 3,315 	 1,333.22 	3567.31	3438.36	107.6168	103.726757	-128.95	6/30/2026	Model2501	100	LMMSOFRFLAT	RFRSwap	4.48	2.64	1.96	0.06	0.020	 1 	0.29	0.41	0.76	0.50	0.00	0.00	0.00	2.2	12.3	51.4	37	0.00	20.02	6.95	295.00	30875.71	NA	NA	1.94	0.02	6.30	1.95	0.02	4.17	1.97	0.02	2.07	1.93	0.02	-2.01	1.92	0.02	-3.95	1.91	0.02	-5.85
AFS	613235	31371MPX9	Agency MBS Other	G-2-Q	FANNIE MAE	0.00468508	5	1/1/2036	10000000	 46,851 	 5,638.41 	48492.9	46388.02	103.505	99.0122239	-2104.88	6/30/2026	Model2501	100	LMMSOFRFLAT	RFRSwap	5.27	3.82	3.01	0.08	0.030	 14 	0.19	0.29	0.60	1.48	0.44	0.00	0.00	3.5	8.2	128.2	108	0.00	21.87	5.88	249.00	84957.70	NA	NA	2.67	0.03	9.02	2.85	0.03	6.06	2.97	0.03	3.02	3.01	0.03	-2.95	2.99	0.03	-5.81	3.01	0.03	-8.57
AFS	614050	31371NRS6	Agency MBS Other	G-2-Q	FANNIE MAE	0.00320422	5.5	2/1/2038	10749972	 34,445 	 9,867.66 	36710.38	34658.63	106.5759	100.6193884	-2051.75	6/30/2026	Model2501	100	LMMSOFRFLAT	RFRSwap	5.31	3.88	3.75	-0.05	0.038	 13 	0.16	0.25	0.52	1.40	1.42	0.01	-0.01	4.7	7.5	125.3	104	0.00	25.48	6.18	222.00	176562.38	NA	NA	2.87	0.03	10.48	3.08	0.03	7.24	3.48	0.04	3.74	3.89	0.04	-3.80	3.94	0.04	-7.54	4.00	0.04	-11.17
AFS	613569	31374GB97	Agency MBS ARM	G-2-Q	FANNIE MAE	0.00000638	6.102	1/1/2027	17000000	 108 	 548.17 	108.46	108.27	100	99.8271967	-0.19	6/30/2026	Model2501	100	LMMSOFRFLAT	RFRSwap	4.58	3.40	0.15	0.00	0.002	 0 	0.15	0.00	0.00	0.00	0.00	0.00	0.00	0.2	27.5	72.8	66	0.00	24.37	6.75	357.00	NA	NEW RESIDENTIAL MORTGAGE LLC	100.00	0.15	0.00	0.45	0.15	0.00	0.30	0.15	0.00	0.15	0.15	0.00	-0.15	0.15	0.00	-0.30	0.15	0.00	-0.45
AFS	613185	31376FLZ8	Agency MBS ARM	G-2-Q	FANNIE MAE	0.00006783	6.33	9/1/2026	6080494	 412 	 1,578.73 	412.44	411.8	100	99.8449561	-0.64	6/30/2026	Model2501	100	LMMSOFRFLAT	RFRSwap	4.58	3.52	0.15	0.00	0.001	 0 	0.15	0.00	0.00	0.00	0.00	0.00	0.00	0.1	32.6	72.8	66	0.00	NA	7.00	357.00	NA	JPMORGAN CHASE BANK, NATIONAL ASSOCIATIO	100.00	0.15	0.00	0.45	0.15	0.00	0.30	0.15	0.00	0.15	0.15	0.00	-0.15	0.15	0.00	-0.30	0.15	0.00	-0.45
AFS	614388	31379PCG5	Agency MBS ARM	G-2-Q	FANNIE MAE	0.00097511	6.192	4/1/2028	15374771	 14,992 	 7,785.54 	14992.09	15061.05	100	100.4599451	68.95	6/30/2026	Model2501	100	LMMSOFRFLAT	RFRSwap	5.16	5.76	0.21	0.00	0.002	 0 	0.15	0.06	-0.01	0.00	0.00	0.00	0.00	0.8	22.0	112.0	107	0.00	15.51	6.67	339.00	NA	BANK OF AMERICA, NATIONAL ASSOCIATION	100.00	0.77	0.01	1.72	0.74	0.01	0.95	0.47	0.00	0.27	0.47	0.00	-0.27	0.73	0.01	-0.94	0.74	0.01	-1.68
PUB_HTM	610739	3137F9CT6	Structured Agency CMBS	G-3-Q	FREDDIE MAC	1	1.658	12/1/2030	27238000	 27,238,000 	 -   	25880425.97	24175214.92	95.0159	88.75547	-1705211.06	6/30/2026	CPY	0	LMMSOFRFLAT	RFRSwap	4.46	2.84	4.17	0.22	0.037	 10,105 	-0.02	-0.04	1.10	3.13	0.00	0.00	0.00	4.4	0.0	53.9	51	1.00	NA	2.85	65.00	NA	NA	NA	4.31	0.04	12.06	4.26	0.04	7.82	4.22	0.04	3.81	4.13	0.04	-3.62	4.09	0.03	-7.05	4.05	0.03	-10.31
PUB_HTM	612505	3137F9L58	Agency CMO	G-3-Q	FREDDIE MAC	0.61826855	1.25	2/1/2051	15000000	 9,274,028 	 635,743.09 	8268504.32	7124437.41	89.1576	76.82139	-1144066.91	6/30/2026	Model2501	100	LMMSOFRFLAT	RFRSwap	4.93	2.77	8.22	-0.03	0.063	 5,865 	0.04	0.07	0.19	1.08	3.63	2.96	0.31	8.6	6.3	57.2	87	0.62	6.41	#SPILL!	#SPILL!	#SPILL!	#SPILL!	#SPILL!	5.66	0.05	18.25	6.73	0.06	12.48	7.53	0.06	6.30	8.99	0.06	-6.34	9.35	0.06	-12.57	9.14	0.05	-18.28
PUB_HTM	614278	3137FFF69	Agency CMO	G-3-Q	FREDDIE MAC	0.62277205	1.5	3/1/2051	25000000	 15,569,301 	 1,111,543.55 	14223896.83	12088934.98	91.3586	77.64597	-2134961.85	6/30/2026	Model2501	100	LMMSOFRFLAT	RFRSwap	5.17	2.73	7.61	0.15	0.059	 9,211 	0.05	0.09	0.25	1.15	3.29	2.56	0.25	8.4	6.4	85.9	110	0.62	6.22	2.87	65.00	282670.91	#SPILL!	#SPILL!	5.47	0.05	17.34	6.44	0.06	11.81	7.07	0.06	5.94	8.15	0.06	-5.88	8.55	0.06	-11.68	8.48	0.05	-17.09
PUB_HTM	613226	3137FFFL6	Agency CMO	G-3-Q	FREDDIE MAC	0.66518158	1.5	3/1/2051	25000000	 16,629,540 	 1,089,418.82 	15129791.94	12700343.5	90.9814	76.37219	-2429448.43	6/30/2026	Model2501	100	LMMSOFRFLAT	RFRSwap	5.25	2.73	7.94	0.17	0.061	 10,104 	0.04	0.07	0.21	1.08	3.47	2.82	0.30	8.8	5.8	92.7	118	0.67	5.07	2.83	64.00	318657.59	#SPILL!	#SPILL!	5.75	0.05	18.04	6.81	0.06	12.25	7.44	0.06	6.12	8.45	0.06	-6.02	8.66	0.06	-11.83	8.49	0.05	-17.16
PUB_HTM	614037	3137FFHX8	Agency CMO	G-3-Q	FREDDIE MAC	0.6161514	1.5	11/1/2050	50000000	 30,807,570 	 1,779,966.08 	27939103.22	23318758.06	90.6891	75.69165	-4620345.16	6/30/2026	Model2501	100	LMMSOFRFLAT	RFRSwap	5.53	2.82	8.09	-0.01	0.061	 18,891 	0.04	0.07	0.20	1.11	3.61	2.80	0.31	8.5	6.5	116.5	148	0.62	6.60	3.48	67.00	275413.50	#SPILL!	#SPILL!	5.92	0.06	18.00	6.78	0.06	12.19	7.46	0.06	6.12	8.85	0.06	-6.15	9.23	0.06	-12.22	9.00	0.05	-17.78
HTM	606899	3137FHQ71	Structured Agency CMBS	G-3-Q	FREDDIE MAC	1	3.99	8/1/2033	12640000	 12,640,000 	 -   	12582922.94	12121263.25	99.5484	95.89607	-461659.69	6/30/2026	CPY	0	LMMSOFRFLAT	RFRSwap	4.67	4.05	6.02	0.45	0.058	 7,323 	0.01	0.00	0.01	3.48	2.52	0.00	0.00	7.1	0.0	71.7	69	1.00	NA	#SPILL!	#SPILL!	NA	NA	NA	6.30	0.07	19.53	6.21	0.07	12.52	6.11	0.06	6.02	5.93	0.05	-5.58	5.84	0.05	-10.76	5.75	0.05	-15.57
PUB_HTM	614583	3137FYA63	Agency CMO	G-3-Q	FREDDIE MAC	0.52463764	2	9/1/2050	25000000	 13,115,941 	 1,032,340.14 	12416685.79	10699597.75	94.6687	81.57705	-1717088.05	6/30/2026	Model2501	100	LMMSOFRFLAT	RFRSwap	5.07	2.77	7.36	-0.18	0.060	 7,890 	0.05	0.09	0.26	1.16	3.26	2.37	0.21	8.2	6.9	73.3	99	0.52	9.62	3.96	70.00	270115.19	#SPILL!	#SPILL!	4.56	0.04	16.70	5.86	0.05	11.63	6.68	0.06	5.94	8.10	0.06	-6.08	8.69	0.06	-12.21	8.66	0.06	-18.02
PUB_HTM	614782	3137FYGW0	Agency CMO	G-3-Q	FREDDIE MAC	0.45492435	1.5	4/1/2051	25000000	 11,373,109 	 1,482,745.59 	10666838.44	9576425.97	93.79	84.20236	-1090412.47	6/30/2026	Model2501	100	LMMSOFRFLAT	RFRSwap	5.12	2.79	4.87	0.16	0.041	 4,668 	0.11	0.16	0.39	1.44	2.32	0.42	0.04	5.4	9.0	103.0	109	0.45	10.47	#SPILL!	#SPILL!	#SPILL!	#SPILL!	#SPILL!	4.18	0.04	12.76	4.69	0.04	8.50	4.82	0.04	4.18	5.01	0.04	-4.05	5.30	0.04	-8.07	5.60	0.04	-12.13
PUB_HTM	613786	3137FYNM4	Agency CMO	G-3-Q	FREDDIE MAC	0.61100393	1.75	4/1/2051	50000000	 30,550,197 	 1,965,813.13 	28005874.4	24361307.14	91.6717	79.7419	-3644567.26	6/30/2026	Model2501	100	LMMSOFRFLAT	RFRSwap	5.20	3.00	7.26	-0.04	0.058	 17,725 	0.06	0.10	0.26	1.14	3.11	2.38	0.25	8.1	7.2	88.1	113	0.61	6.85	#SPILL!	#SPILL!	#SPILL!	#SPILL!	#SPILL!	5.01	0.05	16.67	6.04	0.06	11.43	6.69	0.06	5.77	7.90	0.06	-5.82	8.48	0.06	-11.68	8.49	0.05	-17.25
HTM	606900	3137H9JG5	Structured Agency CMBS	G-3-Q	FREDDIE MAC	1	3.8	10/1/2032	20000000	 20,000,000 	 -   	19816369.37	19157598	99.0818	95.78799	-658771.37	6/30/2026	CPY	0	LMMSOFRFLAT	RFRSwap	4.57	3.95	5.46	0.37	0.052	 10,488 	0.01	0.00	0.00	4.03	1.42	0.00	0.00	6.3	0.0	62.9	60	1.00	NA	4.62	43.00	NA	NA	NA	5.69	0.06	17.48	5.61	0.06	11.24	5.53	0.06	5.43	5.38	0.05	-5.07	5.31	0.05	-9.81	5.23	0.04	-14.24
HTM	606897	3137H9M89	Structured Agency CMBS	G-3-Q	FREDDIE MAC	1	3.78	11/1/2032	30000000	 30,000,000 	 -   	29679966.54	28724055	98.9332	95.74685	-955911.54	6/30/2026	CPY	0	LMMSOFRFLAT	RFRSwap	4.56	3.96	5.40	0.37	0.052	 15,555 	0.01	0.00	0.05	3.96	1.38	0.00	0.00	6.2	0.0	62.5	60	1.00	NA	4.57	43.00	NA	NA	NA	5.63	0.06	17.27	5.55	0.06	11.11	5.47	0.06	5.37	5.32	0.05	-5.01	5.25	0.05	-9.70	5.18	0.04	-14.09
AFS	607940	3137HA4B9	Structured Agency CMBS	G-3-Q	FREDDIE MAC	1	4.412	3/1/2030	25000000	 25,000,000 	 -   	24659901.21	24938652.5	98.6396	99.75461	278751.29	6/30/2026	CPY	0	LMMSOFRFLAT	RFRSwap	4.44	4.80	3.06	0.13	0.031	 7,665 	0.01	0.05	2.38	0.62	0.00	0.00	0.00	3.4	0.0	48.7	46	1.00	NA	#SPILL!	#SPILL!	NA	NA	NA	3.16	0.03	9.80	3.13	0.03	6.39	3.10	0.03	3.13	3.03	0.03	-3.00	3.00	0.03	-5.89	2.97	0.03	-8.66
AFS	613756	3137HBSS4	Agency CMO	G-3-Q	FREDDIE MAC	0.71615206	5.5	5/1/2051	36447161	 26,101,709 	 5,679,618.24 	25914102.56	26148572.44	99.2812	100.17954	234469.88	6/30/2026	Model2501	100	LMMSOFRFLAT	RFRSwap	5.34	5.71	1.68	-1.36	0.017	 4,415 	0.35	0.42	0.47	0.53	0.02	-0.11	-0.01	2.6	15.5	86.6	134	0.72	14.33	#SPILL!	#SPILL!	#SPILL!	#SPILL!	#SPILL!	0.59	0.01	1.97	0.43	0.00	1.45	0.57	0.01	1.08	2.84	0.03	-2.31	3.63	0.03	-5.47	4.38	0.04	-9.18
AFS	613177	3137HCS94	Agency CMO	G-3-Q	FREDDIE MAC	0.49501988	5.5	12/1/2048	30370319	 15,033,912 	 9,269,657.10 	14922245.33	15059317.47	99.2572	100.16899	137072.15	6/30/2026	Model2501	100	LMMSOFRFLAT	RFRSwap	5.19	5.83	0.97	-1.12	0.010	 1,469 	0.47	0.41	0.30	0.00	-0.12	-0.06	-0.01	1.4	15.4	83.5	115	0.50	14.40	6.99	27.00	259347.56	#SPILL!	#SPILL!	0.33	0.00	0.91	0.24	0.00	0.63	0.15	0.00	0.45	1.72	0.02	-1.40	2.20	0.02	-3.34	2.75	0.03	-5.70
AFS	614333	3137HCVM1	Agency CMO	G-3-Q	FREDDIE MAC	0.5864886	5.5	7/1/2049	45000000	 26,391,987 	 9,536,903.75 	26070551.62	26395293.92	98.7821	100.01253	324742.29	6/30/2026	Model2501	100	LMMSOFRFLAT	RFRSwap	5.34	6.07	1.31	-0.98	0.013	 3,476 	0.42	0.45	0.40	0.19	-0.08	-0.05	-0.01	1.7	15.1	98.2	132	0.59	12.01	6.89	35.00	224140.42	#SPILL!	#SPILL!	0.41	0.00	1.36	0.29	0.00	0.99	0.31	0.00	0.76	2.10	0.02	-1.73	2.69	0.03	-4.09	3.30	0.03	-6.91
AFS	607912	3137HCXK3	Structured Agency CMBS	G-3-Q	FREDDIE MAC	1	5	3/1/2034	39910000	 39,910,000 	 -   	40296688.57	40807532	100.9689	102.24889	510843.43	6/30/2026	CPY	0	LMMSOFRFLAT	RFRSwap	4.64	4.84	6.17	0.48	0.063	 25,260 	0.02	0.02	0.04	3.03	3.05	0.00	0.00	7.5	0.0	67.5	65	1.00	NA	5.93	28.00	NA	NA	NA	6.48	0.08	21.44	6.38	0.07	13.71	6.27	0.07	6.59	6.06	0.06	-6.09	5.96	0.05	-11.72	5.86	0.05	-16.94
AFS	613549	3137HD2K5	Agency CMO	G-3-Q	FREDDIE MAC	0.63447484	5.5	7/1/2046	70000000	 44,413,239 	 14,743,388.91 	44194992.17	44680748.62	99.5086	100.60232	485756.45	6/30/2026	Model2501	100	LMMSOFRFLAT	RFRSwap	5.16	5.62	1.53	-1.36	0.015	 6,868 	0.35	0.43	0.50	0.49	-0.11	-0.12	-0.02	2.4	15.3	70.4	116	0.63	14.15	6.98	26.00	261044.47	#SPILL!	#SPILL!	0.60	0.01	1.64	0.41	0.00	1.12	0.31	0.00	0.85	2.62	0.03	-2.13	3.28	0.03	-5.03	3.85	0.04	-8.39
AFS	614444	3137HDGR5	Agency CMO	G-3-Q	FREDDIE MAC	0.60083889	5.5	11/1/2050	72000000	 43,260,400 	 15,798,631.47 	43028624.31	43248486.17	99.4642	99.97246	219861.85	6/30/2026	Model2501	100	LMMSOFRFLAT	RFRSwap	5.40	5.64	1.56	-1.15	0.016	 6,773 	0.38	0.44	0.44	0.40	-0.02	-0.06	-0.01	2.1	15.2	94.9	140	0.60	13.89	#SPILL!	#SPILL!	#SPILL!	#SPILL!	#SPILL!	0.46	0.00	1.61	0.35	0.00	1.20	0.36	0.00	0.94	2.54	0.02	-2.07	3.26	0.03	-4.90	3.95	0.04	-8.27
AFS	607927	3137HHJG7	Structured Agency CMBS	G-3-Q	FREDDIE MAC	1	4.68	10/1/2031	15000000	 15,000,000 	 -   	14938191.14	15060373.5	99.5879	100.40249	122182.36	6/30/2026	CPY	0	LMMSOFRFLAT	RFRSwap	4.57	4.75	4.61	0.27	0.046	 6,962 	0.01	0.01	0.03	4.25	0.29	0.00	0.00	5.3	0.0	64.7	62	1.00	NA	5.41	20.00	NA	NA	NA	4.79	0.06	15.25	4.73	0.05	9.86	4.67	0.05	4.78	4.55	0.04	-4.51	4.49	0.04	-8.76	4.43	0.04	-12.77
AFS	607937	3137HHJL6	Structured Agency CMBS	G-3-Q	FREDDIE MAC	1	4.792	9/1/2029	28750000	 28,750,000 	 -   	28885262.94	28973853.25	100.4705	100.77862	88590.32	6/30/2026	CPY	0	LMMSOFRFLAT	RFRSwap	4.46	4.57	2.89	0.11	0.029	 8,401 	0.02	0.02	2.59	0.27	0.00	0.00	0.00	3.2	0.0	50.4	47	1.00	NA	5.65	21.00	NA	NA	NA	2.98	0.03	9.31	2.95	0.03	6.08	2.92	0.03	2.98	2.86	0.03	-2.87	2.83	0.03	-5.62	2.80	0.03	-8.27
AFS	613741	3137HHMA6	Agency CMO	G-3-Q	FREDDIE MAC	0.72446542	5.5	8/1/2050	42117000	 30,512,310 	 8,626,946.97 	30557150.5	30606626.7	100.147	100.30911	49476.2	6/30/2026	Model2501	100	LMMSOFRFLAT	RFRSwap	5.31	5.37	1.58	-1.35	0.016	 4,846 	0.36	0.45	0.48	0.51	-0.07	-0.12	-0.02	2.5	12.3	80.6	132	0.72	11.12	6.55	24.00	263020.91	#SPILL!	#SPILL!	0.43	0.00	1.29	0.26	0.00	0.92	0.20	0.00	0.86	2.68	0.03	-2.17	3.44	0.03	-5.15	4.24	0.04	-8.74
AFS	607939	3137HHUX7	Structured Agency CMBS	G-3-Q	FREDDIE MAC	1	4.25	11/1/2029	50000000	 50,000,000 	 -   	49253139.56	49670845	98.5063	99.34169	417705.44	6/30/2026	CPY	0	LMMSOFRFLAT	RFRSwap	4.41	4.69	3.04	0.12	0.030	 15,150 	0.01	0.01	2.51	0.52	0.00	0.00	0.00	3.3	0.0	46.0	43	1.00	NA	5.16	19.00	NA	NA	NA	3.14	0.03	9.68	3.10	0.03	6.32	3.07	0.03	3.09	3.01	0.03	-2.97	2.98	0.03	-5.82	2.95	0.03	-8.56
AFS	607935	3137HHW23	Structured Agency CMBS	G-3-Q	FREDDIE MAC	1	4.23	12/1/2029	30000000	 30,000,000 	 -   	29427000.15	29767113	98.09	99.22371	340112.85	6/30/2026	CPY	0	LMMSOFRFLAT	RFRSwap	4.43	4.80	3.09	0.13	0.031	 9,232 	0.01	0.01	2.46	0.62	0.00	0.00	0.00	3.4	0.0	47.7	45	1.00	NA	5.13	18.00	NA	NA	NA	3.18	0.03	9.83	3.16	0.03	6.42	3.12	0.03	3.14	3.06	0.03	-3.01	3.03	0.03	-5.91	3.00	0.03	-8.69
AFS	613961	3137HJEG8	Agency CMO	G-3-Q	FREDDIE MAC	0.71517703	5.5	2/1/2051	120000000	 85,821,244 	 27,025,926.75 	85904953.39	86599127.35	100.0975	100.9064	694173.97	6/30/2026	Model2501	100	LMMSOFRFLAT	RFRSwap	4.98	5.35	1.19	-1.46	0.012	 10,385 	0.40	0.44	0.42	0.30	-0.19	-0.15	-0.02	2.2	15.1	47.2	97	0.72	13.25	6.92	18.00	244490.33	#SPILL!	#SPILL!	0.48	0.00	1.01	0.27	0.00	0.60	0.06	0.00	0.54	2.40	0.02	-1.85	3.20	0.03	-4.63	3.96	0.04	-8.03
AFS	614395	3137HJTQ0	Agency CMO	G-3-Q	FREDDIE MAC	0.71353258	5.5	5/1/2051	74944000	 53,474,986 	 17,173,835.62 	53638195.2	53982821.57	100.3052	100.94967	344626.37	6/30/2026	Model2501	100	LMMSOFRFLAT	RFRSwap	5.01	5.28	1.29	-1.54	0.013	 6,991 	0.39	0.44	0.44	0.37	-0.16	-0.16	-0.02	2.4	14.6	47.5	100	0.71	13.69	6.93	21.00	249725.41	#SPILL!	#SPILL!	0.48	0.00	1.05	0.28	0.00	0.64	0.07	0.00	0.58	2.57	0.03	-1.99	3.40	0.03	-4.94	4.19	0.04	-8.52
AFS	613692	3137HK5V2	Agency CMO	G-3-Q	FREDDIE MAC	0.80231468	5.5	11/1/2050	51313000	 41,169,173 	 7,999,333.74 	41185975.85	41295307.29	100.0408	100.30638	109331.43	6/30/2026	Model2501	100	LMMSOFRFLAT	RFRSwap	5.32	5.42	1.76	-1.42	0.018	 7,301 	0.34	0.45	0.51	0.59	0.01	-0.12	-0.02	2.8	12.2	82.4	134	0.80	9.08	#SPILL!	#SPILL!	#SPILL!	#SPILL!	#SPILL!	0.45	0.00	1.45	0.22	0.00	1.05	0.30	0.00	1.00	2.94	0.03	-2.39	3.76	0.04	-5.64	4.60	0.04	-9.52
AFS	613124	3137HK5Z3	Agency CMO	G-3-Q	FREDDIE MAC	0.72379025	5.25	2/1/2051	76146000	 55,113,732 	 17,778,535.95 	54894593.16	54814062.48	99.6024	99.45627	-80530.69	6/30/2026	Model2501	100	LMMSOFRFLAT	RFRSwap	5.39	5.33	1.88	-1.05	0.019	 10,355 	0.36	0.44	0.48	0.53	0.11	-0.02	0.00	2.3	14.9	92.3	140	0.72	13.59	6.93	17.00	259497.03	#SPILL!	#SPILL!	0.48	0.00	2.02	0.39	0.00	1.59	0.55	0.01	1.23	2.83	0.03	-2.35	3.53	0.03	-5.42	4.31	0.04	-9.04
AFS	613563	3137HKCN2	Agency CMO	G-3-Q	FREDDIE MAC	0.71859745	5.5	9/1/2051	65734000	 47,236,285 	 15,317,916.86 	47277285.94	47536858.71	100.0868	100.63632	259572.76	6/30/2026	Model2501	100	LMMSOFRFLAT	RFRSwap	5.15	5.38	1.45	-1.47	0.015	 6,940 	0.37	0.44	0.45	0.43	-0.08	-0.13	-0.02	2.5	14.6	62.0	115	0.72	14.57	6.95	23.00	239136.52	#SPILL!	#SPILL!	0.49	0.01	1.30	0.31	0.00	0.88	0.20	0.00	0.75	2.68	0.03	-2.12	3.48	0.03	-5.14	4.24	0.04	-8.76
AFS	607946	3137HKDD3	Structured Agency CMBS	G-3-Q	FREDDIE MAC	1	4.55	1/1/2032	61189000	 61,189,000 	 -   	61281578.76	61219074.39	100.1513	100.04915	-62504.37	6/30/2026	CPY	0	LMMSOFRFLAT	RFRSwap	4.52	4.50	4.72	0.28	0.047	 29,014 	0.01	0.01	0.03	4.24	0.43	0.00	0.00	5.5	0.0	59.4	57	1.00	NA	5.27	17.00	NA	NA	NA	4.91	0.06	15.61	4.85	0.05	10.08	4.78	0.05	4.89	4.66	0.04	-4.60	4.60	0.04	-8.94	4.54	0.04	-13.02
AFS	613591	3137HL3K6	Agency CMO	G-3-Q	FREDDIE MAC	0.84991854	5	2/1/2052	50000000	 42,495,927 	 6,915,816.62 	41889407.55	42203427.53	98.5728	99.3117	314019.98	6/30/2026	Model2501	100	LMMSOFRFLAT	RFRSwap	5.13	5.29	3.13	-1.82	0.031	 13,267 	0.23	0.36	0.53	0.98	0.97	0.09	-0.01	4.5	9.1	55.0	113	0.85	8.53	#SPILL!	#SPILL!	#SPILL!	#SPILL!	#SPILL!	0.68	0.01	3.30	0.46	0.00	2.71	1.13	0.01	2.13	4.57	0.04	-3.85	5.58	0.05	-8.63	6.30	0.05	-13.91
AFS	612395	3137HLB43	Agency CMO	G-3-Q	FREDDIE MAC	0.78287457	5	2/1/2052	25000000	 19,571,864 	 5,015,742.84 	19495816.45	19424036	99.6114	99.24469	-71780.45	6/30/2026	Model2501	100	LMMSOFRFLAT	RFRSwap	5.20	5.07	2.29	-1.23	0.023	 4,460 	0.31	0.43	0.52	0.72	0.33	0.00	0.00	2.8	14.0	70.7	123	0.78	12.91	#SPILL!	#SPILL!	#SPILL!	#SPILL!	#SPILL!	0.56	0.01	2.57	0.45	0.00	2.06	0.86	0.01	1.57	3.39	0.03	-2.83	4.17	0.04	-6.43	4.98	0.04	-10.59
AFS	612520	3137HLDB5	Agency CMO	G-3-Q	FREDDIE MAC	0.76804184	5	10/1/2051	27466000	 21,095,037 	 5,725,525.50 	20802340.87	20951133.16	98.6125	99.31783	148792.29	6/30/2026	Model2501	100	LMMSOFRFLAT	RFRSwap	5.19	5.47	2.13	-1.17	0.021	 4,478 	0.33	0.43	0.50	0.65	0.24	-0.01	0.00	2.6	14.5	68.9	121	0.77	13.39	6.91	16.00	246416.56	#SPILL!	#SPILL!	0.51	0.01	2.32	0.42	0.00	1.85	0.73	0.01	1.43	3.19	0.03	-2.65	3.96	0.04	-6.08	4.75	0.04	-10.05
AFS	612767	3137HLJN3	Agency CMO	G-3-Q	FREDDIE MAC	0.77058217	5.25	3/1/2049	50000000	 38,529,109 	 10,732,110.57 	38416969.9	38580922.45	99.709	100.13448	163952.55	6/30/2026	Model2501	100	LMMSOFRFLAT	RFRSwap	5.14	5.29	2.08	-1.37	0.021	 8,073 	0.30	0.41	0.54	0.73	0.22	-0.09	-0.01	3.0	15.1	65.4	115	0.77	16.92	6.95	23.00	258393.36	#SPILL!	#SPILL!	0.70	0.01	2.44	0.50	0.01	1.83	0.69	0.01	1.35	3.24	0.03	-2.70	3.96	0.04	-6.19	4.62	0.04	-10.14
AFS	614554	31380RME2	Agency MBS 30yr	G-2-Q	FANNIE MAE	0.01800848	6.5	11/1/2028	815775	 14,691 	 11,611.79 	15006.19	15202.14	102.1464	103.480238	195.96	6/30/2026	Model2501	100	LMMSOFRFLAT	RFRSwap	0.72	2.67	0.66	0.01	0.007	 1 	0.59	0.07	0.00	0.00	0.00	0.00	0.00	0.7	19.1	-320.9	-325	0.02	7.97	6.75	332.00	14690.87	NA	NA	0.67	0.01	2.09	0.66	0.01	1.38	0.66	0.01	0.69	0.65	0.01	-0.68	0.64	0.01	-1.34	0.64	0.01	-1.99
AFS	613216	31382QYB5	Agency MBS 30yr	G-2-Q	FANNIE MAE	0.00096575	7	7/1/2029	5000000	 4,829 	 1,513.84 	4982.65	5099.34	103.1871	105.603686	116.69	6/30/2026	Model2501	100	LMMSOFRFLAT	RFRSwap	2.08	4.02	1.19	0.03	0.013	 1 	0.44	0.52	0.23	0.00	0.00	0.00	0.00	1.3	19.8	-187.6	-199	0.00	18.21	7.50	325.00	17316.44	NA	NA	1.23	0.01	3.91	1.21	0.01	2.58	1.20	0.01	1.28	1.17	0.01	-1.25	1.15	0.01	-2.45	1.14	0.01	-3.63
AFS	614759	31383JZL7	Agency MBS 30yr	G-2-Q	FANNIE MAE	0.00389787	7	7/1/2029	4000000	 15,591 	 5,739.72 	15864.54	16465.18	101.7514	105.603686	600.64	6/30/2026	Model2501	100	LMMSOFRFLAT	RFRSwap	1.66	5.04	1.10	0.02	0.012	 2 	0.47	0.53	0.09	0.00	0.00	0.00	0.00	1.2	15.4	-229.8	-240	0.00	13.69	7.25	324.00	17820.27	NA	NA	1.13	0.01	3.60	1.12	0.01	2.37	1.10	0.01	1.17	1.08	0.01	-1.15	1.05	0.01	-2.26	1.06	0.01	-3.35
AFS	614551	31383WH87	Agency MBS 30yr	G-2-Q	FANNIE MAE	0.0078845	7	9/1/2029	1290479	 10,175 	 2,874.83 	10174.78	10744.94	100	105.603686	570.16	6/30/2026	Model2501	100	LMMSOFRFLAT	RFRSwap	2.47	6.73	1.29	0.03	0.014	 1 	0.41	0.53	0.34	0.00	0.00	0.00	0.00	1.4	16.3	-149.4	-162	0.01	11.97	7.75	322.00	10174.78	NA	NA	1.33	0.01	4.25	1.31	0.01	2.80	1.30	0.01	1.39	1.27	0.01	-1.35	1.25	0.01	-2.66	1.23	0.01	-3.94
AFS	614348	31384U4H4	Agency MBS 30yr	G-2-Q	FANNIE MAE	0.00062917	6.5	11/1/2029	3675318	 2,312 	 10,318.70 	2323.57	2392.88	100.4828	103.480238	69.31	6/30/2026	Model2501	100	LMMSOFRFLAT	RFRSwap	-7.56	3.12	0.27	0.00	0.003	 0 	0.27	0.00	0.00	0.00	0.00	0.00	0.00	0.3	18.8	-1119.4	-1146	0.00	19.73	6.88	324.00	NA	NA	NA	0.27	0.00	0.85	0.27	0.00	0.57	0.27	0.00	0.28	0.27	0.00	-0.28	0.27	0.00	-0.56	0.27	0.00	-0.83
AFS	613318	31384VQL9	Agency MBS 30yr	G-2-Q	FANNIE MAE	0.00042119	7	2/1/2030	4985780	 2,100 	 937.74 	2227.66	2217.64	106.081	105.603686	-10.02	6/30/2026	Model2501	100	LMMSOFRFLAT	RFRSwap	2.49	2.14	1.29	0.03	0.014	 0 	0.41	0.54	0.35	0.00	0.00	0.00	0.00	1.4	15.9	-147.6	-160	0.00	21.48	7.65	321.00	22954.63	NA	NA	1.32	0.01	4.25	1.31	0.01	2.81	1.31	0.01	1.39	1.27	0.01	-1.36	1.25	0.01	-2.67	1.24	0.01	-3.95
AFS	613581	31384YDB9	Agency MBS 30yr	G-2-Q	FANNIE MAE	0.00088799	6.75	9/1/2029	99585089	 88,431 	 37,186.43 	88135.48	91508.16	99.6663	103.480238	3372.68	6/30/2026	Model2501	100	LMMSOFRFLAT	RFRSwap	2.94	6.73	0.99	0.02	0.010	 9 	0.50	0.46	0.04	-0.01	0.00	0.00	0.00	1.1	18.9	-104.4	-110	0.00	16.56	7.20	332.00	NA	NA	NA	1.03	0.01	3.20	1.01	0.01	2.11	1.00	0.01	1.05	0.98	0.01	-1.02	0.97	0.01	-2.02	0.97	0.01	-3.01
AFS	613572	31384YDE3	Agency MBS 30yr	G-2-Q	FANNIE MAE	0.00116466	6.25	5/1/2029	20353214	 23,705 	 9,877.25 	23556.19	24252.52	99.374	102.311567	696.33	6/30/2026	Model2501	100	LMMSOFRFLAT	RFRSwap	3.44	6.56	0.94	0.02	0.010	 2 	0.52	0.40	0.02	0.00	0.00	0.00	0.00	1.0	22.5	-55.5	-59	0.00	12.65	6.74	334.00	NA	NA	NA	0.97	0.01	2.97	0.95	0.01	1.96	0.95	0.01	0.97	0.93	0.01	-0.95	0.92	0.01	-1.89	0.91	0.01	-2.81
AFS	613040	31384YDN3	Agency MBS 30yr	G-2-Q	FANNIE MAE	0.00059151	8	7/1/2027	5194895	 3,073 	 6,804.74 	3072.83	3097.26	100	100.7949896	24.43	6/30/2026	Model2501	100	LMMSOFRFLAT	RFRSwap	5.25	6.97	0.47	0.01	0.005	 0 	0.47	0.00	0.00	0.00	0.00	0.00	0.00	0.5	28.1	126.9	129	0.00	10.50	8.50	349.00	NA	NA	NA	0.48	0.00	1.45	0.47	0.00	0.96	0.47	0.00	0.48	0.46	0.00	-0.47	0.46	0.00	-0.94	0.46	0.00	-1.40
AFS	612989	31385DRS2	Agency MBS 30yr	G-2-Q	FANNIE MAE	0.00054239	7	1/1/2031	4000000	 2,170 	 419.12 	2315.13	2291.14	106.7098	105.603686	-24	6/30/2026	Model2501	100	LMMSOFRFLAT	RFRSwap	3.70	3.12	1.76	0.04	0.019	 0 	0.32	0.44	0.72	0.28	0.00	0.00	0.00	1.9	15.4	-25.7	-41	0.00	22.20	7.50	306.00	25736.73	NA	NA	1.70	0.02	5.68	1.73	0.02	3.79	1.76	0.02	1.88	1.73	0.02	-1.84	1.70	0.02	-3.61	1.70	0.02	-5.34
AFS	614661	31385JDB1	Agency MBS ARM	G-2-Q	FANNIE MAE	0.00745377	5.764	3/1/2032	5000000	 37,269 	 5,170.44 	37510.83	37892.1	100.6493	101.6723155	381.28	6/30/2026	Model2501	100	LMMSOFRFLAT	RFRSwap	5.35	5.82	0.62	-0.06	0.006	 2 	0.48	0.00	0.07	0.09	-0.01	-0.01	0.00	2.4	13.1	134.8	121	0.01	14.66	6.26	291.00	65645.70	#SPILL!	#SPILL!	1.22	0.01	2.34	0.76	0.01	1.33	0.64	0.01	0.63	0.80	0.01	-0.69	1.22	0.01	-1.71	1.48	0.01	-3.07
AFS	612882	31385SB49	Agency MBS ARM	G-2-Q	FANNIE MAE	0.00060854	6.495	8/1/2029	6172203	 3,756 	 5,155.01 	3764.74	3808.81	100.2319	101.4051263	44.07	6/30/2026	Model2501	100	LMMSOFRFLAT	RFRSwap	5.13	6.22	0.53	-0.01	0.005	 0 	0.42	0.11	-0.01	0.00	0.00	0.00	0.00	1.1	21.5	109.7	100	0.00	17.79	6.88	328.00	NA	CITIZENS BANK, NATIONAL ASSOCIATION	100.00	0.93	0.01	1.93	0.63	0.01	1.12	0.54	0.01	0.54	0.60	0.01	-0.55	0.86	0.01	-1.29	0.97	0.01	-2.22
AFS	614158	31385SB64	Agency MBS ARM	G-2-Q	FANNIE MAE	0.00231263	6.51	11/1/2028	2000000	 4,625 	 4,042.92 	4641.63	4646.95	100.3539	100.4689328	5.32	6/30/2026	Model2501	100	LMMSOFRFLAT	RFRSwap	5.04	5.25	0.27	0.00	0.003	 0 	0.29	-0.02	0.00	0.00	0.00	0.00	0.00	0.6	27.1	104.1	100	0.00	9.62	6.89	345.00	NA	CITIZENS BANK, NATIONAL ASSOCIATION	100.00	0.58	0.01	1.10	0.39	0.00	0.57	0.27	0.00	0.27	0.27	0.00	-0.27	0.44	0.00	-0.59	0.55	0.01	-1.12
AFS	613873	31385SMK1	Agency MBS 30yr	G-2-Q	FANNIE MAE	0.00107386	7.5	9/1/2030	3693014	 3,966 	 946.14 	4156.16	4011.49	104.8006	101.1526686	-144.67	6/30/2026	Model2501	100	LMMSOFRFLAT	RFRSwap	6.43	3.91	1.39	0.03	0.014	 1 	0.41	0.43	0.50	0.05	0.00	0.00	0.00	1.5	19.0	238.9	234	0.00	19.76	8.25	312.00	35563.08	NA	NA	1.39	0.01	4.34	1.39	0.01	2.88	1.40	0.01	1.43	1.38	0.01	-1.40	1.38	0.01	-2.78	1.38	0.01	-4.13
AFS	613814	31385Y2E4	Agency MBS ARM	G-2-Q	FANNIE MAE	0.00214076	5.145	6/1/2040	615000	 1,317 	 580.61 	1320.35	1321.88	100.2871	100.4036627	1.53	6/30/2026	Model2501	100	LMMSOFRFLAT	RFRSwap	5.01	5.08	0.55	0.01	0.006	 0 	0.30	0.04	0.11	0.10	0.00	0.00	0.00	1.9	20.4	102.2	74	0.00	17.61	6.41	315.00	19947.17	JPMORGAN CHASE BANK, NATIONAL ASSOCIATIO	100.00	0.68	0.01	1.79	0.59	0.01	1.15	0.57	0.01	0.57	0.55	0.01	-0.56	0.56	0.01	-1.11	0.63	0.01	-1.68
AFS	613491	31386EG51	Agency MBS 30yr	G-2-Q	FANNIE MAE	0.00228231	7.5	12/1/2030	5000000	 11,412 	 2,678.31 	11846.09	11614.39	103.8079	101.7775374	-231.69	6/30/2026	Model2501	100	LMMSOFRFLAT	RFRSwap	6.13	4.86	1.53	0.03	0.016	 2 	0.36	0.48	0.62	0.08	0.00	0.00	0.00	1.7	12.8	210.5	203	0.00	17.73	8.25	307.00	45111.39	NA	NA	1.49	0.02	4.77	1.51	0.02	3.18	1.53	0.02	1.58	1.52	0.02	-1.55	1.51	0.01	-3.06	1.50	0.01	-4.55
AFS	612157	31386Y5B6	Agency MBS ARM	G-2-Q	FANNIE MAE	0.000494	5.865	11/1/2029	5202000	 2,570 	 3,064.87 	2577.96	2588.19	100.318	100.7162597	10.23	6/30/2026	Model2501	100	LMMSOFRFLAT	RFRSwap	5.18	5.55	0.47	-0.01	0.005	 0 	0.37	0.13	-0.01	-0.01	0.00	0.00	0.00	1.1	18.9	114.6	105	0.00	20.70	6.38	329.00	35102.63	JPMORGAN CHASE BANK, NATIONAL ASSOCIATIO	100.00	0.83	0.01	1.69	0.56	0.01	0.98	0.47	0.00	0.47	0.53	0.01	-0.49	0.83	0.01	-1.17	0.97	0.01	-2.09
AFS	613168	31387N3S4	Agency MBS 30yr	G-2-Q	FANNIE MAE	0.00021584	7	8/1/2031	8415354	 1,816 	 712.72 	1859.73	1918.15	102.3871	105.603686	58.42	6/30/2026	Model2501	100	LMMSOFRFLAT	RFRSwap	-0.76	3.28	0.64	0.01	0.007	 0 	0.52	0.21	0.00	-0.03	-0.04	-0.02	0.00	0.8	49.4	-466.0	-478	0.00	25.74	7.75	299.00	17267.71	NA	NA	0.75	0.01	2.26	0.72	0.01	1.47	0.69	0.01	0.70	0.62	0.01	-0.66	0.70	0.01	-1.36	0.72	0.01	-2.10
AFS	614690	31388B2M3	Agency MBS 30yr	G-2-Q	FANNIE MAE	0.00016735	6.5	8/1/2031	3515640	 588 	 154.16 	625.93	608.82	106.3893	103.480238	-17.11	6/30/2026	Model2501	100	LMMSOFRFLAT	RFRSwap	4.53	3.08	1.89	0.06	0.020	 0 	0.30	0.42	0.77	0.40	0.00	0.00	0.00	2.1	12.2	55.7	42	0.00	26.40	7.00	300.00	27291.20	NA	NA	1.91	0.02	6.12	1.91	0.02	4.04	1.91	0.02	1.99	1.86	0.02	-1.93	1.84	0.02	-3.80	1.83	0.02	-5.63
AFS	614204	31388DZ68	Agency MBS 30yr	G-2-Q	FANNIE MAE	0.00087388	7	9/1/2031	4523466	 3,953 	 863.45 	4226.29	4174.48	106.9143	105.603686	-51.8	6/30/2026	Model2501	100	LMMSOFRFLAT	RFRSwap	3.84	3.18	1.82	0.03	0.019	 1 	0.31	0.44	0.78	0.30	0.00	0.00	0.00	2.0	11.6	-12.1	-27	0.00	21.59	7.59	299.00	40753.13	NA	NA	1.74	0.02	5.84	1.77	0.02	3.90	1.81	0.02	1.94	1.80	0.02	-1.91	1.78	0.02	-3.76	1.77	0.02	-5.56
AFS	613761	31388FFX6	Agency MBS 30yr	G-2-Q	FANNIE MAE	0.00031015	7	9/1/2031	9458309	 2,933 	 751.86 	3172.65	3097.88	108.1526	105.603686	-74.77	6/30/2026	Model2501	100	LMMSOFRFLAT	RFRSwap	3.73	2.40	1.77	0.04	0.019	 1 	0.32	0.45	0.76	0.24	0.00	0.00	0.00	1.9	12.0	-23.7	-38	0.00	24.77	7.44	299.00	28972.67	NA	NA	1.72	0.02	5.73	1.74	0.02	3.81	1.77	0.02	1.90	1.74	0.02	-1.85	1.71	0.02	-3.64	1.71	0.02	-5.37
AFS	613490	31388KK92	Agency MBS 30yr	G-2-Q	FANNIE MAE	0.00102197	6.5	10/1/2031	13800000	 14,103 	 2,321.89 	15120.75	14639.64	107.2151	103.8037608	-481.12	6/30/2026	Model2501	100	LMMSOFRFLAT	RFRSwap	4.00	2.06	1.58	0.01	0.016	 2 	0.40	0.29	0.50	0.41	-0.01	-0.01	0.00	1.8	26.0	3.6	-10	0.00	21.06	6.88	297.00	32959.24	NA	NA	1.50	0.02	4.96	1.53	0.02	3.31	1.57	0.02	1.66	1.59	0.02	-1.64	1.60	0.02	-3.26	1.62	0.02	-4.88
AFS	614386	31388PR37	Agency MBS 30yr	G-2-Q	FANNIE MAE	0.00181502	6.5	11/1/2031	3468074	 6,295 	 1,493.57 	6670.24	6513.69	105.9673	103.480238	-156.56	6/30/2026	Model2501	100	LMMSOFRFLAT	RFRSwap	4.47	3.18	1.82	0.05	0.019	 1 	0.30	0.44	0.79	0.29	0.00	0.00	0.00	2.0	10.5	48.8	35	0.00	19.34	7.24	296.00	43823.70	NA	NA	1.82	0.02	5.86	1.83	0.02	3.88	1.83	0.02	1.92	1.80	0.02	-1.87	1.79	0.02	-3.68	1.78	0.02	-5.45
AFS	614735	31389C4C0	Agency MBS 30yr	G-2-Q	FANNIE MAE	0.00042075	6.5	1/1/2032	4000300	 1,683 	 32,510.88 	1685.94	1741.7	100.1674	103.480238	55.76	6/30/2026	Model2501	100	LMMSOFRFLAT	RFRSwap	-26.20	1.08	0.11	0.00	0.001	 0 	0.11	0.00	0.00	0.00	0.00	0.00	0.00	0.1	0.0	-2950.9	-3003	0.00	24.09	6.88	295.00	NA	NA	NA	0.11	0.00	0.35	0.11	0.00	0.23	0.11	0.00	0.12	0.11	0.00	-0.11	0.11	0.00	-0.23	0.11	0.00	-0.34
AFS	614839	31389C4H9	Agency MBS 30yr	G-2-Q	FANNIE MAE	0.0111772	6.5	1/1/2032	10000979	 111,783 	 25,318.40 	118376.31	115673.25	105.8984	103.480238	-2703.06	6/30/2026	Model2501	100	LMMSOFRFLAT	RFRSwap	4.41	3.13	1.77	0.04	0.018	 21 	0.31	0.45	0.77	0.25	0.00	0.00	0.00	2.0	11.1	43.0	30	0.01	13.14	6.86	294.00	53209.30	NA	NA	1.70	0.02	5.61	1.74	0.02	3.74	1.77	0.02	1.86	1.75	0.02	-1.82	1.74	0.02	-3.59	1.73	0.02	-5.31
AFS	613203	31389DYC5	Agency MBS 30yr	G-2-Q	FANNIE MAE	0.00019725	6.5	1/1/2032	7000700	 1,381 	 540.47 	1436.3	1428.95	104.0126	103.480238	-7.35	6/30/2026	Model2501	100	LMMSOFRFLAT	RFRSwap	3.37	2.95	1.20	0.02	0.013	 0 	0.44	0.59	0.17	0.00	0.00	0.00	0.00	1.3	10.0	-62.0	-70	0.00	26.44	6.75	295.00	28077.97	NA	NA	1.18	0.01	3.80	1.19	0.01	2.53	1.21	0.01	1.26	1.19	0.01	-1.24	1.17	0.01	-2.44	1.17	0.01	-3.62
AFS	614359	31389FES7	Agency MBS 30yr	G-2-Q	FANNIE MAE	0.00954314	6.5	1/1/2032	3999600	 38,169 	 7,788.50 	40204.97	39497.11	105.3348	103.480238	-707.86	6/30/2026	Model2501	100	LMMSOFRFLAT	RFRSwap	4.41	3.43	1.78	0.04	0.019	 7 	0.31	0.45	0.77	0.25	0.00	0.00	0.00	2.0	11.0	43.6	31	0.01	13.74	7.00	295.00	43611.43	NA	NA	1.74	0.02	5.67	1.76	0.02	3.76	1.78	0.02	1.87	1.76	0.02	-1.82	1.74	0.02	-3.60	1.73	0.02	-5.33
AFS	613665	31389FJ60	Agency MBS 30yr	G-2-Q	FANNIE MAE	0.00071208	6.5	1/1/2032	13795000	 9,823 	 5,594.84 	10364.57	10165.01	105.5117	103.480238	-199.56	6/30/2026	Model2501	100	LMMSOFRFLAT	RFRSwap	4.20	3.02	1.63	0.05	0.017	 2 	0.34	0.49	0.70	0.11	0.00	0.00	0.00	1.8	10.5	22.0	10	0.00	22.52	6.83	295.00	23160.44	NA	NA	1.62	0.02	5.22	1.63	0.02	3.46	1.64	0.02	1.71	1.60	0.02	-1.67	1.59	0.02	-3.28	1.58	0.02	-4.86
AFS	614106	31389FJX1	Agency MBS 30yr	G-2-Q	FANNIE MAE	0.00052732	6.5	12/1/2031	5165553	 2,724 	 492.79 	2903.84	2818.7	106.6059	103.480238	-85.14	6/30/2026	Model2501	100	LMMSOFRFLAT	RFRSwap	4.63	3.15	1.97	0.04	0.020	 1 	0.29	0.41	0.77	0.50	0.00	0.00	0.00	2.2	11.4	65.4	51	0.00	23.42	6.75	295.00	50411.09	NA	NA	1.71	0.02	6.00	1.83	0.02	4.08	1.94	0.02	2.06	1.95	0.02	-2.02	1.94	0.02	-3.99	1.93	0.02	-5.91
AFS	613639	31389FQS4	Agency MBS 30yr	G-2-Q	FANNIE MAE	0.00058456	7	1/1/2032	6051399	 3,537 	 4,742.76 	3634.75	3735.63	102.7518	105.603686	100.88	6/30/2026	Model2501	100	LMMSOFRFLAT	RFRSwap	1.69	4.16	1.10	0.02	0.012	 0 	0.48	0.55	0.07	0.00	0.00	0.00	0.00	1.2	11.5	-227.5	-237	0.00	23.20	7.50	295.00	13064.24	NA	NA	1.12	0.01	3.60	1.12	0.01	2.38	1.11	0.01	1.18	1.08	0.01	-1.15	1.07	0.01	-2.28	1.06	0.01	-3.37
AFS	613272	31389FTM4	Agency MBS 30yr	G-2-Q	FANNIE MAE	0.00248574	7	2/1/2032	5000000	 12,429 	 1,828.27 	13167.47	13125.17	105.944	105.603686	-42.3	6/30/2026	Model2501	100	LMMSOFRFLAT	RFRSwap	4.23	4.07	2.07	0.04	0.022	 3 	0.28	0.40	0.72	0.67	0.02	0.00	0.00	2.3	14.3	26.7	10	0.00	18.57	7.38	293.00	24855.60	NA	NA	1.94	0.02	6.64	2.00	0.02	4.44	2.05	0.02	2.22	2.05	0.02	-2.17	2.02	0.02	-4.26	2.02	0.02	-6.29
AFS	613343	31389GLF5	Agency MBS 30yr	G-2-Q	FANNIE MAE	0.00082788	6.5	1/1/2032	2000000	 1,656 	 790.30 	1769.49	1713.38	106.8685	103.480238	-56.1	6/30/2026	Model2501	100	LMMSOFRFLAT	RFRSwap	4.71	3.18	2.06	0.06	0.021	 0 	0.28	0.40	0.75	0.64	0.01	0.00	0.00	2.3	12.0	73.9	59	0.00	22.07	7.13	295.00	52685.30	NA	NA	1.98	0.02	6.56	2.02	0.02	4.37	2.06	0.02	2.17	2.04	0.02	-2.11	2.03	0.02	-4.16	2.02	0.02	-6.16
AFS	614426	31389PTV2	Agency MBS ARM	G-2-Q	FANNIE MAE	0.00337514	5.9	3/1/2032	7053778	 23,807 	 3,646.92 	23986.93	24250.27	100.7537	101.8598586	263.34	6/30/2026	Model2501	100	LMMSOFRFLAT	RFRSwap	5.33	5.84	0.57	-0.03	0.006	 1 	0.40	-0.02	0.06	0.12	0.00	0.00	0.00	2.4	12.3	133.6	119	0.00	17.45	6.38	292.00	23807.49	NEW RESIDENTIAL MORTGAGE LLC	100.00	1.31	0.01	2.33	0.76	0.01	1.26	0.59	0.01	0.59	0.69	0.01	-0.61	1.15	0.01	-1.53	1.45	0.01	-2.85
AFS	614685	31389QUN6	Agency MBS 30yr	G-2-Q	FANNIE MAE	0.00657093	6.5	1/1/2032	1680561	 11,043 	 2,066.82 	11651.79	11459.8	105.5143	103.7757794	-191.99	6/30/2026	Model2501	100	LMMSOFRFLAT	RFRSwap	4.35	3.47	1.86	0.06	0.019	 2 	0.31	0.43	0.73	0.40	0.00	0.00	0.00	2.1	14.7	37.8	24	0.01	15.17	6.88	297.00	11042.85	NA	NA	1.87	0.02	6.06	1.89	0.02	4.00	1.88	0.02	1.97	1.83	0.02	-1.91	1.82	0.02	-3.76	1.81	0.02	-5.57
AFS	613966	31389TJ29	Agency MBS ARM	G-2-Q	FANNIE MAE	0.00253195	5.787	3/1/2032	5000000	 12,660 	 2,696.96 	12764.07	12887.76	100.824	101.8010564	123.69	6/30/2026	Model2501	100	LMMSOFRFLAT	RFRSwap	5.34	5.78	0.64	-0.05	0.007	 1 	0.48	-0.02	0.06	0.12	0.00	0.00	0.00	2.4	12.3	134.5	120	0.00	18.42	6.25	291.00	21969.35	ROCKET MORTGAGE, LLC	100.00	1.32	0.01	2.47	0.81	0.01	1.40	0.67	0.01	0.66	0.82	0.01	-0.71	1.24	0.01	-1.76	1.50	0.01	-3.13
AFS	613984	3138A2BQ1	Agency MBS 30yr	G-2-Q	FANNIE MAE	0.03858421	4	12/1/2040	21000767	 810,298 	 101,269.27 	810298	786095.91	100	97.0131857	-24202.09	6/30/2026	Model2501	100	LMMSOFRFLAT	RFRSwap	4.66	3.97	4.20	-0.10	0.041	 331 	0.14	0.22	0.50	1.38	1.84	0.13	-0.01	5.2	7.4	58.1	35	0.04	16.60	4.45	187.00	155102.16	NA	NA	1.20	0.01	9.39	2.69	0.03	7.39	3.76	0.04	3.99	4.42	0.04	-4.11	4.63	0.04	-8.24	4.79	0.04	-12.34
AFS	613899	3138A2WW5	Agency MBS 30yr	G-2-Q	FANNIE MAE	0.05119419	4	1/1/2041	17826055	 912,590 	 110,950.93 	911589.37	885760.5	99.8903	97.0600233	-25828.87	6/30/2026	Model2501	100	LMMSOFRFLAT	RFRSwap	4.66	4.00	4.15	-0.05	0.040	 369 	0.14	0.22	0.50	1.40	1.79	0.11	-0.01	5.1	7.4	59.6	36	0.05	15.04	4.38	187.00	123660.43	NA	NA	1.45	0.02	9.74	2.86	0.03	7.47	3.78	0.04	3.97	4.33	0.04	-4.05	4.51	0.04	-8.08	4.66	0.04	-12.09
AFS	614564	3138A36S1	Agency MBS 30yr	G-2-Q	FANNIE MAE	0.04485644	3.5	1/1/2041	25933425	 1,163,281 	 222,331.94 	1166944.13	1091667.31	100.3149	93.8438083	-75276.82	6/30/2026	Model2501	100	LMMSOFRFLAT	RFRSwap	4.93	3.40	4.25	0.00	0.040	 466 	0.13	0.21	0.49	1.44	1.86	0.13	0.00	5.1	7.4	86.5	63	0.04	15.67	4.04	187.00	126258.33	NA	NA	1.93	0.02	10.36	3.26	0.03	7.65	3.98	0.04	3.98	4.42	0.04	-4.00	4.63	0.04	-7.98	4.78	0.04	-11.95
AFS	613871	3138A4XY6	Agency MBS 30yr	G-2-Q	FANNIE MAE	0.04626542	4	1/1/2041	19365867	 895,970 	 130,523.11 	894992.59	865578.16	99.8909	96.6079428	-29414.42	6/30/2026	Model2501	100	LMMSOFRFLAT	RFRSwap	4.76	4.00	4.19	-0.09	0.041	 364 	0.14	0.22	0.50	1.39	1.83	0.13	-0.01	5.2	7.4	68.1	45	0.05	15.71	4.42	187.00	146103.20	NA	NA	1.31	0.01	9.51	2.76	0.03	7.41	3.78	0.04	3.97	4.40	0.04	-4.08	4.61	0.04	-8.17	4.77	0.04	-12.24
AFS	614299	3138A52K7	Agency MBS 30yr	G-2-Q	FANNIE MAE	0.04835089	4	2/1/2041	31313250	 1,514,024 	 124,052.14 	1514023.51	1464583.72	100	96.7345427	-49439.79	6/30/2026	Model2501	100	LMMSOFRFLAT	RFRSwap	4.71	3.97	4.28	-0.10	0.042	 629 	0.13	0.22	0.50	1.37	1.91	0.17	-0.01	5.3	7.4	62.4	40	0.05	15.54	4.40	186.00	162382.20	NA	NA	1.27	0.01	9.60	2.76	0.03	7.53	3.83	0.04	4.06	4.51	0.04	-4.18	4.72	0.04	-8.37	4.89	0.04	-12.54
AFS	613945	3138A5M58	Agency MBS 30yr	G-2-Q	FANNIE MAE	0.04082453	4	2/1/2041	26299040	 1,073,646 	 110,893.56 	1071690.39	1039084.74	99.8179	96.7809494	-32605.65	6/30/2026	Model2501	100	LMMSOFRFLAT	RFRSwap	4.69	4.02	4.27	-0.15	0.041	 445 	0.13	0.22	0.51	1.37	1.90	0.16	-0.01	5.3	7.2	59.9	38	0.04	16.49	4.45	186.00	169074.27	NA	NA	1.01	0.01	9.07	2.51	0.03	7.31	3.74	0.04	4.01	4.54	0.04	-4.19	4.77	0.04	-8.42	4.93	0.04	-12.63
AFS	614391	3138A7QM3	Agency MBS 30yr	G-2-Q	FANNIE MAE	0.04644122	4	2/1/2041	17303051	 803,575 	 110,585.35 	804419.77	779572.69	100.1052	97.0130829	-24847.09	6/30/2026	Model2501	100	LMMSOFRFLAT	RFRSwap	4.66	3.95	4.20	-0.07	0.041	 328 	0.14	0.22	0.50	1.38	1.84	0.13	-0.01	5.2	7.4	58.6	35	0.05	15.81	4.56	185.00	132574.70	NA	NA	1.43	0.02	9.69	2.81	0.03	7.48	3.79	0.04	4.00	4.39	0.04	-4.10	4.58	0.04	-8.18	4.75	0.04	-12.25
AFS	612531	3138A8J56	Agency MBS 30yr	G-2-Q	FANNIE MAE	0.03777683	4	3/1/2041	8428965	 318,420 	 37,702.59 	318419.58	308613.29	100	96.9203258	-9806.29	6/30/2026	Model2501	100	LMMSOFRFLAT	RFRSwap	4.68	3.97	4.19	-0.12	0.041	 130 	0.14	0.22	0.51	1.36	1.83	0.14	-0.01	5.2	7.5	59.6	37	0.04	16.92	4.42	185.00	164749.20	NA	NA	1.10	0.01	9.08	2.54	0.03	7.27	3.71	0.04	3.96	4.43	0.04	-4.11	4.65	0.04	-8.24	4.83	0.04	-12.37
AFS	613302	3138A8LD6	Agency MBS 30yr	G-2-Q	FANNIE MAE	0.04383428	4	3/1/2041	16517464	 724,031 	 111,626.65 	724954.01	698706.1	100.1275	96.5022166	-26247.91	6/30/2026	Model2501	100	LMMSOFRFLAT	RFRSwap	4.74	3.95	4.37	-0.14	0.042	 306 	0.13	0.21	0.50	1.36	1.98	0.21	-0.01	5.5	7.3	64.4	42	0.04	16.13	4.43	185.00	172627.42	NA	NA	1.13	0.01	9.42	2.64	0.03	7.54	3.86	0.04	4.11	4.64	0.04	-4.27	4.87	0.04	-8.57	5.04	0.04	-12.85
AFS	614264	3138A8RD0	Agency MBS 30yr	G-2-Q	FANNIE MAE	0.05220894	4	3/1/2041	25250390	 1,318,296 	 191,268.30 	1314827.46	1277696.43	99.7369	96.9202926	-37131.03	6/30/2026	Model2501	100	LMMSOFRFLAT	RFRSwap	4.67	4.03	4.23	-0.13	0.041	 543 	0.13	0.22	0.51	1.38	1.87	0.14	-0.01	5.3	7.2	58.6	36	0.05	15.24	4.45	185.00	155601.39	NA	NA	1.14	0.01	9.21	2.57	0.03	7.35	3.75	0.04	4.00	4.48	0.04	-4.15	4.70	0.04	-8.33	4.86	0.04	-12.49
AFS	614286	3138A8YD2	Agency MBS 30yr	G-2-Q	FANNIE MAE	0.0506966	4	3/1/2041	22315518	 1,131,321 	 158,929.41 	1130087.76	1089623.09	99.891	96.3142378	-40464.67	6/30/2026	Model2501	100	LMMSOFRFLAT	RFRSwap	4.82	4.00	4.22	-0.07	0.041	 461 	0.14	0.22	0.50	1.39	1.84	0.14	-0.01	5.2	7.4	74.5	52	0.05	15.40	4.52	185.00	130127.94	NA	NA	1.47	0.02	9.72	2.85	0.03	7.48	3.82	0.04	3.99	4.42	0.04	-4.09	4.61	0.04	-8.17	4.79	0.04	-12.24
AFS	614246	3138A9CW2	Agency MBS 30yr	G-2-Q	FANNIE MAE	0.05481291	4	3/1/2041	24188723	 1,325,854 	 136,128.70 	1323444.97	1283173.37	99.8183	96.7808733	-40271.59	6/30/2026	Model2501	100	LMMSOFRFLAT	RFRSwap	4.71	4.01	4.19	-0.13	0.041	 539 	0.14	0.22	0.50	1.34	1.84	0.16	-0.01	5.2	7.8	62.1	40	0.05	15.00	4.52	185.00	159706.72	NA	NA	1.23	0.01	9.16	2.56	0.03	7.26	3.71	0.04	3.95	4.43	0.04	-4.10	4.64	0.04	-8.23	4.83	0.04	-12.34
AFS	614262	3138AB7J2	Agency MBS 30yr	G-2-Q	FANNIE MAE	0.02386607	4	4/1/2041	31260373	 746,062 	 74,407.79 	746743.39	722814.71	100.0913	96.8839676	-23928.68	6/30/2026	Model2501	100	LMMSOFRFLAT	RFRSwap	4.71	3.95	4.10	-0.03	0.040	 298 	0.14	0.22	0.50	1.40	1.75	0.10	0.00	5.0	7.5	65.0	41	0.02	19.42	4.64	184.00	109675.90	NA	NA	1.76	0.02	9.92	2.94	0.03	7.44	3.76	0.04	3.93	4.25	0.04	-3.98	4.39	0.04	-7.91	4.56	0.04	-11.82
AFS	613398	3138ABBW8	Agency MBS 30yr	G-2-Q	FANNIE MAE	0.04963359	4	4/1/2041	39615303	 1,966,250 	 185,295.03 	1968327.46	1901125.6	100.1057	96.6879023	-67201.86	6/30/2026	Model2501	100	LMMSOFRFLAT	RFRSwap	4.71	3.95	4.37	-0.07	0.042	 833 	0.13	0.21	0.49	1.38	1.98	0.19	-0.01	5.4	7.1	62.2	39	0.05	15.57	4.58	184.00	140758.36	NA	NA	1.45	0.02	9.98	2.88	0.03	7.74	3.94	0.04	4.15	4.57	0.04	-4.25	4.77	0.04	-8.48	4.95	0.04	-12.69
AFS	613661	3138ABMW6	Agency MBS 30yr	G-2-Q	FANNIE MAE	0.05632898	4	4/1/2041	31217127	 1,758,429 	 505,625.94 	1774156.75	1702641.46	100.8944	96.8274259	-71515.29	6/30/2026	Model2501	100	LMMSOFRFLAT	RFRSwap	4.70	3.78	4.23	-0.12	0.041	 723 	0.13	0.22	0.50	1.37	1.86	0.15	-0.01	5.2	7.6	61.0	39	0.06	14.84	4.42	183.00	157653.66	NA	NA	1.25	0.01	9.37	2.65	0.03	7.40	3.77	0.04	4.00	4.48	0.04	-4.15	4.70	0.04	-8.32	4.88	0.04	-12.48
AFS	614795	3138ADBZ7	Agency MBS 30yr	G-2-Q	FANNIE MAE	0.04085016	4	7/1/2041	11016665	 450,033 	 80,267.45 	450627.35	434104.41	100.1322	96.4606747	-16522.94	6/30/2026	Model2501	100	LMMSOFRFLAT	RFRSwap	4.74	3.95	4.41	-0.13	0.043	 192 	0.13	0.21	0.50	1.36	2.01	0.22	-0.01	5.6	7.1	64.1	42	0.04	17.07	4.54	180.00	176793.39	NA	NA	1.17	0.01	9.50	2.66	0.03	7.61	3.90	0.04	4.15	4.66	0.04	-4.30	4.89	0.04	-8.61	5.08	0.04	-12.91
AFS	614630	3138AKRT8	Agency MBS 30yr	G-2-Q	FANNIE MAE	0.04032382	4	7/1/2041	9636240	 388,570 	 268,094.36 	388146.78	374242.36	99.8911	96.3127237	-13904.42	6/30/2026	Model2501	100	LMMSOFRFLAT	RFRSwap	4.76	4.00	4.40	-0.27	0.043	 165 	0.13	0.22	0.51	1.33	2.00	0.23	-0.01	5.6	6.8	62.5	42	0.04	17.12	4.44	183.00	221114.64	NA	NA	1.17	0.01	8.48	2.04	0.02	7.09	3.69	0.04	4.05	4.76	0.04	-4.34	5.03	0.04	-8.75	5.19	0.04	-13.14
AFS	614150	3138ALMD6	Agency MBS 30yr	G-2-Q	FANNIE MAE	0.02859725	4	8/1/2041	50000000	 1,429,863 	 202,233.73 	1450173.57	1381840.19	101.4205	96.6414733	-68333.39	6/30/2026	Model2501	100	LMMSOFRFLAT	RFRSwap	4.72	3.67	4.33	-0.11	0.042	 601 	0.13	0.21	0.50	1.37	1.95	0.19	-0.01	5.4	7.2	62.6	40	0.03	19.12	4.55	180.00	155543.16	NA	NA	1.24	0.01	9.59	2.73	0.03	7.56	3.85	0.04	4.09	4.57	0.04	-4.23	4.79	0.04	-8.48	4.98	0.04	-12.70
AFS	613554	3138AMFT7	Agency MBS 30yr	G-2-Q	FANNIE MAE	0.0404939	4	8/1/2041	15551208	 629,729 	 246,747.28 	630264.74	605246.22	100.0851	96.1121632	-25018.53	6/30/2026	Model2501	100	LMMSOFRFLAT	RFRSwap	4.81	3.96	4.49	-0.14	0.043	 273 	0.12	0.21	0.48	1.36	2.07	0.26	-0.01	5.7	6.9	69.6	47	0.04	17.22	4.50	179.00	162614.44	NA	NA	1.19	0.01	9.72	2.74	0.03	7.73	3.96	0.04	4.21	4.77	0.04	-4.37	5.01	0.04	-8.77	5.18	0.04	-13.13
AFS	612177	3138ANCG6	Agency MBS 30yr	G-2-Q	FANNIE MAE	0.04874153	4	8/1/2041	2750548	 134,066 	 10,091.97 	140100.04	129292.99	104.5009	96.4398653	-10807.04	6/30/2026	Model2501	100	LMMSOFRFLAT	RFRSwap	4.73	3.09	4.52	-0.10	0.044	 59 	0.12	0.20	0.48	1.37	2.10	0.25	-0.01	5.7	6.6	62.8	40	0.05	16.16	4.63	180.00	134065.92	NA	NA	1.47	0.02	10.13	2.89	0.03	7.89	4.02	0.04	4.26	4.75	0.04	-4.39	4.95	0.04	-8.77	5.12	0.04	-13.09
AFS	613926	3138ANDY6	Agency MBS 30yr	G-2-Q	FANNIE MAE	0.04015024	4	8/1/2041	50000000	 2,007,512 	 157,255.58 	2010886.42	1938224.87	100.1681	96.5486068	-72661.55	6/30/2026	Model2501	100	LMMSOFRFLAT	RFRSwap	4.74	3.94	4.26	-0.17	0.041	 828 	0.13	0.22	0.51	1.34	1.88	0.19	-0.01	5.3	7.6	63.9	43	0.04	17.27	4.50	179.00	169451.44	NA	NA	0.98	0.01	8.89	2.42	0.03	7.22	3.71	0.04	3.98	4.54	0.04	-4.18	4.80	0.04	-8.41	5.00	0.04	-12.65
AFS	613802	3138AQBN5	Agency MBS 30yr	G-2-Q	FANNIE MAE	0.04895053	3.5	10/1/2041	25000000	 1,223,763 	 168,899.54 	1227951.51	1147153.38	100.3422	93.7398131	-80798.12	6/30/2026	Model2501	100	LMMSOFRFLAT	RFRSwap	4.91	3.40	4.37	-0.05	0.041	 503 	0.13	0.20	0.48	1.43	1.96	0.17	0.00	5.3	7.1	83.4	60	0.05	16.10	4.06	178.00	160456.28	NA	NA	1.70	0.02	10.26	3.19	0.03	7.73	4.03	0.04	4.05	4.59	0.04	-4.12	4.83	0.04	-8.26	4.96	0.04	-12.37
AFS	613119	3138AQCB0	Agency MBS 30yr	G-2-Q	FANNIE MAE	0.02742319	3.5	10/1/2041	25012348	 685,918 	 88,053.13 	688140.08	640798.79	100.3239	93.4220193	-47341.29	6/30/2026	Model2501	100	LMMSOFRFLAT	RFRSwap	4.89	3.41	4.65	-0.08	0.044	 299 	0.12	0.19	0.46	1.39	2.19	0.31	0.00	5.7	7.0	78.6	56	0.03	19.38	4.00	177.00	166885.45	NA	NA	1.61	0.02	10.64	3.28	0.03	8.13	4.24	0.04	4.29	4.92	0.04	-4.38	5.18	0.04	-8.78	5.32	0.04	-13.14
AFS	614029	3138ASRT1	Agency MBS 30yr	G-2-Q	FANNIE MAE	0.03321199	3.5	9/1/2041	25000000	 830,300 	 158,630.34 	832738.81	777283.05	100.2938	93.6147523	-55455.76	6/30/2026	Model2501	100	LMMSOFRFLAT	RFRSwap	4.95	3.41	4.36	0.04	0.041	 340 	0.13	0.21	0.47	1.39	1.95	0.20	0.00	5.3	7.9	87.8	64	0.03	18.30	4.10	179.00	128116.20	NA	NA	2.22	0.02	10.92	3.48	0.04	7.93	4.12	0.04	4.08	4.50	0.04	-4.07	4.70	0.04	-8.10	4.91	0.04	-12.13
AFS	613570	3138AV5V3	Agency MBS 30yr	G-2-Q	FANNIE MAE	0.03667867	3.5	11/1/2041	50000000	 1,833,934 	 207,965.18 	1840099.11	1714735.4	100.3362	93.5004131	-125363.71	6/30/2026	Model2501	100	LMMSOFRFLAT	RFRSwap	4.93	3.41	4.50	-0.05	0.042	 773 	0.13	0.19	0.46	1.38	2.07	0.26	0.00	5.5	7.5	83.7	61	0.04	17.96	3.96	176.00	167433.78	NA	NA	1.75	0.02	10.61	3.32	0.03	7.97	4.15	0.04	4.17	4.73	0.04	-4.23	4.99	0.04	-8.48	5.14	0.04	-12.71
AFS	614584	3138AVGA7	Agency MBS 30yr	G-2-Q	FANNIE MAE	0.03574496	3.5	11/1/2041	50000000	 1,787,248 	 637,749.04 	1794978.66	1671361.52	100.4325	93.515926	-123617.14	6/30/2026	Model2501	100	LMMSOFRFLAT	RFRSwap	4.91	3.39	4.55	-0.05	0.043	 764 	0.12	0.19	0.47	1.40	2.11	0.26	0.00	5.5	7.2	81.4	58	0.04	18.10	4.03	176.00	167192.14	NA	NA	1.75	0.02	10.70	3.34	0.03	8.05	4.19	0.04	4.22	4.80	0.04	-4.29	5.06	0.04	-8.60	5.19	0.04	-12.87
PUB_HTM	613880	3138AVRK3	Agency MBS 15yr	G-2-Q	FANNIE MAE	0.00091147	3.5	10/1/2026	42838818	 39,046 	 282,116.68 	39079.05	38909.38	100.0839	99.6493583	-169.66	6/30/2026	Model2501	100	LMMSOFRFLAT	RFRSwap	4.18	1.78	0.18	0.00	0.002	 1 	0.18	0.00	0.00	0.00	0.00	0.00	0.00	0.2	50.0	32.3	33	0.00	16.05	3.90	177.00	NA	NA	NA	0.18	0.00	0.55	0.18	0.00	0.37	0.18	0.00	0.18	0.18	0.00	-0.18	0.18	0.00	-0.36	0.18	0.00	-0.55
AFS	613666	3138AWFP3	Agency MBS 30yr	G-2-Q	FANNIE MAE	0.02992874	3.5	11/1/2041	50023258	 1,497,133 	 108,733.36 	1504113.13	1399356.45	100.4662	93.4690752	-104756.69	6/30/2026	Model2501	100	LMMSOFRFLAT	RFRSwap	4.90	3.38	4.60	-0.05	0.043	 646 	0.12	0.19	0.47	1.40	2.15	0.28	0.00	5.6	7.1	80.3	57	0.03	18.98	3.96	176.00	152427.38	NA	NA	1.71	0.02	10.76	3.35	0.03	8.13	4.23	0.04	4.26	4.85	0.04	-4.33	5.10	0.04	-8.67	5.24	0.04	-12.98
AFS	613999	3138AXSU6	Agency MBS 30yr	G-2-Q	FANNIE MAE	0.04202326	3.5	12/1/2041	25000000	 1,050,582 	 280,085.72 	1054228.3	982131.38	100.3471	93.4845489	-72096.93	6/30/2026	Model2501	100	LMMSOFRFLAT	RFRSwap	4.88	3.41	4.69	-0.04	0.044	 462 	0.12	0.19	0.46	1.41	2.23	0.29	0.00	5.7	6.8	78.5	55	0.04	17.21	4.05	176.00	166849.11	NA	NA	1.87	0.02	11.13	3.49	0.04	8.32	4.33	0.04	4.34	4.94	0.04	-4.41	5.18	0.04	-8.82	5.26	0.04	-13.16
AFS	614259	3138AXVP3	Agency MBS 30yr	G-2-Q	FANNIE MAE	0.04787478	3.5	11/1/2041	75000000	 3,590,609 	 259,983.14 	3600410.17	3358352.33	100.273	93.5315652	-242057.84	6/30/2026	Model2501	100	LMMSOFRFLAT	RFRSwap	4.93	3.42	4.49	-0.01	0.042	 1,514 	0.13	0.20	0.47	1.40	2.06	0.25	0.00	5.4	7.5	84.1	61	0.05	16.46	4.05	176.00	127557.73	NA	NA	2.00	0.02	10.91	3.44	0.04	8.06	4.19	0.04	4.18	4.70	0.04	-4.21	4.95	0.04	-8.43	5.13	0.04	-12.64
AFS	613870	3138E0SX8	Agency MBS ARM	G-2-Q	FANNIE MAE	0.01097563	6.106	12/1/2041	50455651	 553,783 	 39,757.40 	572166.41	574500.76	103.3197	103.7412159	2334.35	6/30/2026	Model2501	100	LMMSOFRFLAT	RFRSwap	5.51	5.62	1.19	-0.88	0.012	 69 	-0.05	0.17	0.27	0.25	0.55	0.01	-0.04	4.9	11.6	116.9	148	0.01	24.25	6.54	174.00	139609.39	WELLS FARGO BANK, NATIONAL ASSOCIATION	100.00	0.98	0.01	2.17	0.50	0.01	1.40	0.62	0.01	0.88	2.43	0.02	-1.82	3.50	0.03	-4.87	4.03	0.04	-8.58
AFS	614308	3138E6TZ9	Agency MBS 30yr	G-2-Q	FANNIE MAE	0.1708601	3.5	2/1/2042	5110099	 873,112 	 179,259.49 	899704.84	815679.42	103.0458	93.422081	-84025.41	6/30/2026	Model2501	100	LMMSOFRFLAT	RFRSwap	4.84	2.90	4.92	0.02	0.046	 403 	0.11	0.17	0.42	1.42	2.43	0.36	0.00	6.0	6.2	75.2	50	0.17	9.05	3.97	174.00	165557.69	NA	NA	2.56	0.03	12.51	4.00	0.04	8.99	4.63	0.05	4.60	5.14	0.05	-4.60	5.32	0.05	-9.14	5.33	0.04	-13.54
AFS	612673	3138E9AD2	Agency MBS ARM	G-2-Q	FANNIE MAE	0.00099336	6.055	3/1/2042	50021455	 49,689 	 2,486.38 	51227.78	51285.42	103.0962	103.2121699	57.63	6/30/2026	Model2501	100	LMMSOFRFLAT	RFRSwap	5.67	5.70	1.38	-0.66	0.014	 7 	0.14	0.07	0.14	0.23	0.66	0.13	-0.02	5.3	10.5	138.6	162	0.00	36.39	6.50	171.00	49689.31	WELLS FARGO BANK, NATIONAL ASSOCIATION	100.00	1.39	0.01	3.41	0.97	0.01	2.19	1.01	0.01	1.18	2.39	0.02	-1.89	3.28	0.03	-4.79	3.83	0.04	-8.26
AFS	614366	3138EH6U1	Agency MBS ARM	G-2-Q	FANNIE MAE	0.00130329	5.818	5/1/2042	32483119	 42,335 	 57,565.11 	44746.53	43531.54	105.6965	102.8265423	-1214.99	6/30/2026	Model2501	100	LMMSOFRFLAT	RFRSwap	5.70	5.10	1.79	-1.06	0.018	 8 	0.22	0.07	0.11	0.24	0.92	0.20	-0.02	5.8	8.7	134.2	163	0.00	35.35	6.38	170.00	42334.88	CITIZENS BANK, NATIONAL ASSOCIATION	100.00	1.47	0.02	4.03	1.14	0.01	2.68	1.21	0.01	1.47	2.90	0.03	-2.38	3.69	0.04	-5.69	4.19	0.04	-9.49
PUB_HTM	612987	3138EJRG5	Agency MBS 15yr	G-2-Q	FANNIE MAE	0.00561661	3	9/1/2027	77000000	 432,479 	 900,469.46 	432714.71	429730.61	100.0545	99.3645092	-2984.1	6/30/2026	Model2501	100	LMMSOFRFLAT	RFRSwap	4.20	2.34	0.37	0.00	0.004	 16 	0.37	0.00	0.00	0.00	0.00	0.00	0.00	0.4	25.0	26.1	25	0.01	14.72	3.45	171.00	15926.97	NA	NA	0.37	0.00	1.13	0.37	0.00	0.75	0.37	0.00	0.37	0.38	0.00	-0.37	0.38	0.00	-0.74	0.37	0.00	-1.11
AFS	613681	3138EKHE8	Agency MBS 15yr	G-2-Q	FANNIE MAE	0.02128639	2.5	12/1/2027	28141939	 599,040 	 634,354.95 	597515.29	590698.37	99.7454	98.6074523	-6816.92	6/30/2026	Model2501	100	LMMSOFRFLAT	RFRSwap	4.38	2.65	0.67	0.00	0.007	 39 	0.59	0.07	0.00	0.01	0.00	0.00	0.00	0.7	18.0	37.9	41	0.02	12.05	2.88	163.00	28679.27	NA	NA	0.66	0.01	1.98	0.66	0.01	1.32	0.66	0.01	0.66	0.67	0.01	-0.66	0.68	0.01	-1.32	0.67	0.01	-1.98
AFS	614288	3138EKX26	Agency MBS 15yr	G-2-Q	FANNIE MAE	0.01392625	2.5	3/1/2028	80000000	 1,114,100 	 1,339,249.75 	1117834.09	1098184.82	100.3352	98.5714768	-19649.27	6/30/2026	Model2501	100	LMMSOFRFLAT	RFRSwap	4.51	1.73	0.65	0.00	0.006	 71 	0.57	0.07	0.00	0.01	0.00	0.00	0.00	0.7	24.6	50.5	54	0.01	12.77	3.00	162.00	NA	NA	NA	0.63	0.01	1.91	0.63	0.01	1.27	0.64	0.01	0.64	0.66	0.01	-0.64	0.67	0.01	-1.29	0.66	0.01	-1.94
HTM	613207	3138EKX42	Agency MBS 15yr	G-2-Q	FANNIE MAE	0.02140957	2.5	3/1/2028	43769554	 937,087 	 1,044,790.80 	935060.32	922252.21	99.7837	98.4168903	-12808.11	6/30/2026	Model2501	100	LMMSOFRFLAT	RFRSwap	4.54	2.58	0.71	0.00	0.007	 66 	0.60	0.10	0.00	0.01	0.00	0.00	0.00	0.7	14.8	52.4	56	0.02	12.37	3.03	162.00	28404.07	NA	NA	0.71	0.01	2.12	0.71	0.01	1.41	0.71	0.01	0.70	0.72	0.01	-0.70	0.72	0.01	-1.40	0.71	0.01	-2.09
AFS	614002	3138EKXN0	Agency MBS ARM	G-2-Q	FANNIE MAE	0.00331704	5.752	3/1/2043	25925797	 85,997 	 2,706.85 	86999.72	88355.54	101.1661	102.7427025	1355.83	6/30/2026	Model2501	100	LMMSOFRFLAT	RFRSwap	5.54	5.92	1.48	-0.98	0.015	 13 	0.05	0.11	0.14	0.30	0.70	0.19	-0.01	5.2	11.8	119.7	147	0.00	32.92	6.43	160.00	42998.46	NEW RESIDENTIAL MORTGAGE LLC	100.00	1.35	0.01	3.30	0.91	0.01	2.14	0.96	0.01	1.19	2.60	0.03	-2.08	3.39	0.03	-5.10	3.88	0.04	-8.63
AFS	614531	3138EKXP5	Agency MBS ARM	G-2-Q	FANNIE MAE	0.00489997	5.702	3/1/2043	21977383	 107,689 	 317,233.34 	108898.55	110242.42	101.1236	102.3715654	1343.87	6/30/2026	Model2501	100	LMMSOFRFLAT	RFRSwap	5.54	5.86	1.19	-0.65	0.012	 13 	0.11	0.09	0.17	0.21	0.49	0.11	-0.02	4.7	13.4	124.8	148	0.00	30.90	6.41	160.00	66829.54	#SPILL!	#SPILL!	1.10	0.01	2.73	0.77	0.01	1.78	0.82	0.01	0.99	2.08	0.02	-1.62	3.06	0.03	-4.23	3.70	0.04	-7.53
PUB_HTM	613565	3138ELDS9	Agency MBS 15yr	G-2-Q	FANNIE MAE	0.01597842	3	5/1/2028	31729508	 506,987 	 648,332.68 	508145.15	500594.56	100.2284	98.7390534	-7550.59	6/30/2026	Model2501	100	LMMSOFRFLAT	RFRSwap	4.59	2.39	0.69	0.00	0.007	 34 	0.58	0.09	0.00	0.01	0.00	0.00	0.00	0.7	21.1	57.7	62	0.02	12.87	3.56	163.00	19729.04	NA	NA	0.67	0.01	2.04	0.68	0.01	1.36	0.68	0.01	0.68	0.70	0.01	-0.68	0.71	0.01	-1.37	0.71	0.01	-2.06
PUB_HTM	614365	3138ELE66	Agency MBS 15yr	G-2-Q	FANNIE MAE	0.01450608	3	6/1/2028	92219923	 1,337,750 	 1,460,259.62 	1340850.27	1322084.15	100.2318	98.8289712	-18766.12	6/30/2026	Model2501	100	LMMSOFRFLAT	RFRSwap	4.37	2.43	0.73	0.00	0.007	 96 	0.59	0.13	0.00	0.01	0.00	0.00	0.00	0.7	18.8	35.7	39	0.01	13.98	3.61	161.00	33084.48	NA	NA	0.71	0.01	2.17	0.72	0.01	1.45	0.72	0.01	0.72	0.74	0.01	-0.72	0.74	0.01	-1.45	0.74	0.01	-2.17
PUB_HTM	614598	3138ELFP3	Agency MBS 15yr	G-2-Q	FANNIE MAE	0.01356975	3	6/1/2028	99943391	 1,356,207 	 1,742,939.85 	1358327.6	1342981.39	100.1564	99.0248216	-15346.2	6/30/2026	Model2501	100	LMMSOFRFLAT	RFRSwap	4.36	2.41	0.58	0.00	0.006	 79 	0.55	0.03	0.00	0.00	0.00	0.00	0.00	0.6	21.9	36.9	39	0.01	13.47	3.55	164.00	16517.89	NA	NA	0.58	0.01	1.75	0.58	0.01	1.16	0.58	0.01	0.58	0.59	0.01	-0.58	0.60	0.01	-1.16	0.59	0.01	-1.75
PUB_HTM	612639	3138ELGM9	Agency MBS 15yr	G-2-Q	FANNIE MAE	0.0074432	3	6/1/2028	66412000	 494,318 	 981,877.22 	494584.24	490807.95	100.0539	99.2899619	-3776.28	6/30/2026	Model2501	100	LMMSOFRFLAT	RFRSwap	4.28	2.40	0.41	0.00	0.004	 20 	0.41	0.00	0.00	0.00	0.00	0.00	0.00	0.4	25.0	33.5	33	0.01	13.07	3.46	170.00	15847.66	NA	NA	0.41	0.00	1.23	0.41	0.00	0.82	0.41	0.00	0.41	0.41	0.00	-0.41	0.41	0.00	-0.81	0.41	0.00	-1.22
PUB_HTM	613307	3138ELUN1	Agency MBS 15yr	G-2-Q	FANNIE MAE	0.00131809	3.5	11/1/2027	27331580	 36,025 	 171,822.66 	36148.52	35801.12	100.3415	99.377202	-347.41	6/30/2026	Model2501	100	LMMSOFRFLAT	RFRSwap	4.50	2.11	0.41	0.00	0.004	 1 	0.40	0.00	0.00	0.00	0.00	0.00	0.00	0.4	26.6	54.6	54	0.00	NA	3.96	170.00	10296.41	NA	NA	0.40	0.00	1.22	0.40	0.00	0.81	0.41	0.00	0.41	0.41	0.00	-0.40	0.41	0.00	-0.81	0.41	0.00	-1.21
PUB_HTM	613848	3138ELUU5	Agency MBS 15yr	G-2-Q	FANNIE MAE	0.02510878	3.5	10/1/2028	57954578	 1,455,169 	 1,120,894.63 	1468309.81	1440885.51	100.9031	99.0184477	-27424.3	6/30/2026	Model2501	100	LMMSOFRFLAT	RFRSwap	4.43	2.18	0.84	0.00	0.008	 122 	0.56	0.27	0.00	0.01	0.00	0.00	0.00	0.9	20.7	40.4	42	0.03	13.78	4.00	155.00	18952.87	NA	NA	0.81	0.01	2.50	0.83	0.01	1.67	0.83	0.01	0.83	0.85	0.01	-0.84	0.87	0.01	-1.68	0.88	0.01	-2.53
AFS	613561	3138EM6H9	Agency MBS 15yr	G-2-Q	FANNIE MAE	0.04016558	2.5	5/1/2029	25000000	 1,004,140 	 639,346.75 	1004139.5	983653.42	100	97.9598369	-20486.08	6/30/2026	Model2501	100	LMMSOFRFLAT	RFRSwap	4.41	2.35	1.01	0.00	0.010	 100 	0.51	0.46	0.03	0.02	0.00	0.00	0.00	1.0	15.6	38.7	37	0.04	12.17	3.03	151.00	45644.12	NA	NA	0.98	0.01	2.98	0.99	0.01	1.98	1.00	0.01	0.99	1.03	0.01	-0.99	1.04	0.01	-1.99	1.03	0.01	-2.99
AFS	614702	3138EMQD6	Agency MBS 15yr	G-2-Q	FANNIE MAE	0.03480336	2.5	2/1/2029	100000000	 3,480,336 	 2,600,390.00 	3480336	3413865.24	100	98.0901052	-66470.76	6/30/2026	Model2501	100	LMMSOFRFLAT	RFRSwap	4.47	2.33	0.91	0.00	0.009	 311 	0.55	0.34	0.00	0.01	0.00	0.00	0.00	0.9	16.0	44.6	45	0.03	11.92	2.98	155.00	34424.96	NA	NA	0.89	0.01	2.69	0.90	0.01	1.79	0.90	0.01	0.89	0.92	0.01	-0.90	0.93	0.01	-1.80	0.93	0.01	-2.69
AFS	613278	3138EMTZ4	Agency MBS 15yr	G-2-Q	FANNIE MAE	0.03917867	2.5	3/1/2029	65000000	 2,546,614 	 1,954,500.60 	2546613.55	2497983.7	100	98.0904109	-48629.85	6/30/2026	Model2501	100	LMMSOFRFLAT	RFRSwap	4.47	2.33	0.91	0.00	0.009	 229 	0.55	0.34	0.00	0.01	0.00	0.00	0.00	0.9	15.4	43.9	45	0.04	11.41	2.94	155.00	33050.23	NA	NA	0.89	0.01	2.70	0.90	0.01	1.80	0.91	0.01	0.90	0.93	0.01	-0.90	0.94	0.01	-1.80	0.93	0.01	-2.70
AFS	613171	3138EMUC3	Agency MBS 15yr	G-2-Q	FANNIE MAE	0.04099392	2.5	3/1/2029	100000000	 4,099,392 	 2,830,876.71 	4099392	4016266.94	100	97.9722589	-83125.05	6/30/2026	Model2501	100	LMMSOFRFLAT	RFRSwap	4.55	2.33	0.94	0.00	0.009	 378 	0.53	0.38	0.01	0.02	0.00	0.00	0.00	1.0	17.0	52.2	53	0.04	11.11	3.01	154.00	28791.38	NA	NA	0.91	0.01	2.76	0.92	0.01	1.84	0.93	0.01	0.92	0.96	0.01	-0.93	0.97	0.01	-1.86	0.96	0.01	-2.78
AFS	614156	3138EMY96	Agency MBS 15yr	G-2-Q	FANNIE MAE	0.03490836	2.5	5/1/2029	59000000	 2,059,593 	 1,525,883.26 	2058032.97	2022733.4	99.9242	98.2103341	-35299.56	6/30/2026	Model2501	100	LMMSOFRFLAT	RFRSwap	4.41	2.41	0.88	0.00	0.009	 178 	0.57	0.29	0.00	0.01	0.00	0.00	0.00	0.9	16.0	38.2	40	0.03	12.11	2.97	156.00	35586.93	NA	NA	0.85	0.01	2.59	0.86	0.01	1.73	0.87	0.01	0.86	0.89	0.01	-0.86	0.90	0.01	-1.73	0.89	0.01	-2.59
AFS	612659	3138EMZC8	Agency MBS 15yr	G-2-Q	FANNIE MAE	0.03679406	2.5	5/1/2029	50000000	 1,839,703 	 1,361,355.50 	1839703	1806296.42	100	98.1841317	-33406.58	6/30/2026	Model2501	100	LMMSOFRFLAT	RFRSwap	4.37	2.33	0.91	0.00	0.009	 165 	0.55	0.34	0.00	0.01	0.00	0.00	0.00	0.9	16.0	34.3	35	0.04	11.99	2.98	154.00	33512.71	NA	NA	0.89	0.01	2.69	0.90	0.01	1.79	0.90	0.01	0.89	0.92	0.01	-0.90	0.93	0.01	-1.80	0.93	0.01	-2.69
AFS	612278	3138EMZQ7	Agency MBS 15yr	G-2-Q	FANNIE MAE	0.03193795	2.5	10/1/2028	75608597	 2,414,784 	 2,065,763.20 	2413867.49	2375703.76	99.9621	98.3816426	-38163.73	6/30/2026	Model2501	100	LMMSOFRFLAT	RFRSwap	4.35	2.35	0.81	0.00	0.008	 192 	0.59	0.21	0.00	0.01	0.00	0.00	0.00	0.8	16.4	32.6	35	0.03	11.92	2.96	158.00	29418.26	NA	NA	0.79	0.01	2.40	0.80	0.01	1.59	0.80	0.01	0.80	0.82	0.01	-0.80	0.82	0.01	-1.60	0.82	0.01	-2.39
AFS	614155	3138EN4L0	Agency MBS 15yr	G-2-Q	FANNIE MAE	0.04946666	2.5	1/1/2030	36991303	 1,829,836 	 873,268.38 	1836221.76	1778975.65	100.349	97.2204856	-57246.11	6/30/2026	Model2501	100	LMMSOFRFLAT	RFRSwap	4.58	2.12	1.30	-0.01	0.013	 232 	0.41	0.54	0.32	0.03	0.00	0.01	0.00	1.3	14.5	56.2	50	0.05	13.50	3.16	141.00	65616.15	NA	NA	1.23	0.01	3.80	1.27	0.01	2.54	1.29	0.01	1.27	1.33	0.01	-1.28	1.36	0.01	-2.57	1.36	0.01	-3.85
AFS	614671	3138LY4M6	Agency MBS 30yr	G-2-Q	FANNIE MAE	0.18310193	3.5	7/1/2042	31072837	 5,689,496 	 775,126.45 	5842527.59	5317918	102.6897	93.4690455	-524609.59	6/30/2026	Model2501	100	LMMSOFRFLAT	RFRSwap	4.86	2.95	4.79	0.01	0.045	 2,557 	0.11	0.18	0.44	1.42	2.33	0.32	0.00	5.8	6.4	76.9	52	0.18	8.97	3.98	169.00	136909.55	NA	NA	2.36	0.02	11.94	3.79	0.04	8.68	4.49	0.04	4.47	5.02	0.04	-4.49	5.24	0.04	-8.95	5.30	0.04	-13.32
AFS	614595	3138M5KJ7	Agency MBS 30yr	G-2-Q	FANNIE MAE	0.21760154	3	8/1/2042	5473812	 1,191,110 	 78,001.32 	1202221.31	1079965.36	100.9329	90.6688243	-122255.95	6/30/2026	Model2501	100	LMMSOFRFLAT	RFRSwap	4.94	2.80	4.99	0.07	0.045	 540 	0.11	0.17	0.41	1.43	2.47	0.40	0.01	5.9	6.5	84.9	60	0.22	7.76	3.53	168.00	101286.99	NA	NA	3.31	0.03	13.02	4.34	0.04	9.05	4.78	0.05	4.56	5.18	0.04	-4.50	5.39	0.04	-8.96	5.41	0.04	-13.28
AFS	613136	3138M5KN8	Agency MBS 30yr	G-2-Q	FANNIE MAE	0.18793026	3.5	8/1/2042	23346752	 4,387,561 	 270,409.90 	4519566.03	4096209.03	103.0086	93.3595879	-423357.01	6/30/2026	Model2501	100	LMMSOFRFLAT	RFRSwap	4.85	2.91	4.92	0.00	0.046	 2,020 	0.11	0.17	0.43	1.40	2.41	0.40	0.00	6.0	6.4	75.0	51	0.19	8.85	3.91	168.00	142653.03	NA	NA	2.37	0.03	12.22	3.88	0.04	8.89	4.60	0.05	4.58	5.15	0.05	-4.60	5.38	0.05	-9.17	5.43	0.04	-13.64
AFS	614508	3138MBJW7	Agency MBS 30yr	G-2-Q	FANNIE MAE	0.13213184	3.5	9/1/2042	14405186	 1,903,384 	 111,158.51 	1959540.4	1779075.74	102.9504	93.4691049	-180464.67	6/30/2026	Model2501	100	LMMSOFRFLAT	RFRSwap	4.85	2.91	4.87	0.01	0.046	 870 	0.11	0.17	0.42	1.43	2.40	0.34	0.00	5.9	6.3	76.0	52	0.13	11.24	3.95	167.00	158644.77	NA	NA	2.67	0.03	12.50	4.00	0.04	8.93	4.60	0.05	4.56	5.10	0.05	-4.56	5.30	0.04	-9.09	5.31	0.04	-13.48
AFS	613878	3138MRML2	Agency MBS 15yr	G-2-Q	FANNIE MAE	0.02081312	2.5	1/1/2028	88715000	 1,846,436 	 1,976,820.95 	1843703.12	1821467.15	99.852	98.6477305	-22235.96	6/30/2026	Model2501	100	LMMSOFRFLAT	RFRSwap	4.32	2.48	0.67	0.00	0.007	 122 	0.59	0.07	0.00	0.01	0.00	0.00	0.00	0.7	18.0	31.7	35	0.02	12.30	2.86	163.00	29630.53	NA	NA	0.66	0.01	1.98	0.66	0.01	1.32	0.66	0.01	0.66	0.67	0.01	-0.66	0.68	0.01	-1.32	0.67	0.01	-1.98
AFS	613021	3138MSCC1	Agency MBS 15yr	G-2-Q	FANNIE MAE	0.01810403	2.5	1/1/2028	114757175	 2,077,567 	 2,049,139.69 	2077567.34	2049468.59	100	98.6475169	-28098.75	6/30/2026	Model2501	100	LMMSOFRFLAT	RFRSwap	4.33	2.26	0.67	0.00	0.007	 137 	0.58	0.07	0.00	0.01	0.00	0.00	0.00	0.7	18.4	32.2	35	0.02	13.24	2.95	163.00	31618.19	NA	NA	0.65	0.01	1.98	0.66	0.01	1.32	0.66	0.01	0.66	0.67	0.01	-0.66	0.68	0.01	-1.32	0.67	0.01	-1.97
AFS	614074	3138W5J82	Agency MBS 15yr	G-2-Q	FANNIE MAE	0.02251077	2.5	2/1/2028	27518352	 619,459 	 758,112.69 	618400.47	610063.56	99.8291	98.4832365	-8336.91	6/30/2026	Model2501	100	LMMSOFRFLAT	RFRSwap	4.46	2.52	0.71	0.00	0.007	 43 	0.59	0.10	0.00	0.01	0.00	0.00	0.00	0.7	16.4	44.7	48	0.02	12.56	3.05	161.00	28603.53	NA	NA	0.70	0.01	2.10	0.70	0.01	1.40	0.70	0.01	0.70	0.71	0.01	-0.70	0.72	0.01	-1.39	0.71	0.01	-2.09
AFS	614068	3138W6T89	Agency MBS 15yr	G-2-Q	FANNIE MAE	0.02185752	2.5	4/1/2028	26777300	 585,285 	 681,855.18 	584361.25	576408.6	99.8421	98.4833428	-7952.65	6/30/2026	Model2501	100	LMMSOFRFLAT	RFRSwap	4.49	2.50	0.70	0.00	0.007	 40 	0.59	0.10	0.00	0.01	0.00	0.00	0.00	0.7	18.8	47.4	51	0.02	12.85	3.02	160.00	12752.66	NA	NA	0.69	0.01	2.07	0.69	0.01	1.38	0.69	0.01	0.69	0.71	0.01	-0.69	0.71	0.01	-1.38	0.71	0.01	-2.07
AFS	613553	3138W96B1	Agency MBS 15yr	G-2-Q	FANNIE MAE	0.03439879	2.5	10/1/2028	25838766	 888,822 	 715,188.12 	887766.74	872726.2	99.8812	98.1890549	-15040.53	6/30/2026	Model2501	100	LMMSOFRFLAT	RFRSwap	4.36	2.46	0.91	0.00	0.009	 79 	0.55	0.34	0.00	0.01	0.00	0.00	0.00	0.9	16.2	33.9	35	0.03	11.80	2.92	155.00	39217.25	NA	NA	0.88	0.01	2.68	0.89	0.01	1.79	0.90	0.01	0.89	0.92	0.01	-0.90	0.93	0.01	-1.80	0.92	0.01	-2.69
AFS	613626	3138W9AF7	Agency MBS 15yr	G-2-Q	FANNIE MAE	0.03787618	2.5	7/1/2028	15925964	 603,215 	 443,727.14 	603214.68	592706.13	100	98.2579091	-10508.55	6/30/2026	Model2501	100	LMMSOFRFLAT	RFRSwap	4.35	2.32	0.88	0.00	0.009	 52 	0.57	0.29	0.00	0.01	0.00	0.00	0.00	0.9	16.2	32.8	34	0.04	10.48	2.88	157.00	33848.21	NA	NA	0.85	0.01	2.59	0.86	0.01	1.72	0.87	0.01	0.86	0.89	0.01	-0.86	0.90	0.01	-1.73	0.89	0.01	-2.59
AFS	613680	3138W9RP7	Agency MBS 15yr	G-2-Q	FANNIE MAE	0.0341815	2.5	9/1/2028	17241913	 589,354 	 464,137.30 	589354.45	578682.02	100	98.1891316	-10672.44	6/30/2026	Model2501	100	LMMSOFRFLAT	RFRSwap	4.37	2.33	0.91	0.00	0.009	 52 	0.55	0.34	0.00	0.01	0.00	0.00	0.00	0.9	16.8	34.6	35	0.03	11.89	2.96	155.00	29444.17	NA	NA	0.88	0.01	2.67	0.89	0.01	1.78	0.90	0.01	0.89	0.92	0.01	-0.89	0.93	0.01	-1.79	0.92	0.01	-2.68
AFS	614719	3138WA4Z7	Agency MBS 15yr	G-2-Q	FANNIE MAE	0.03327036	2.5	2/1/2029	58407481	 1,943,238 	 1,379,413.57 	1943237.92	1902847.21	100	97.9214736	-40390.72	6/30/2026	Model2501	100	LMMSOFRFLAT	RFRSwap	4.39	2.35	1.04	0.00	0.010	 199 	0.49	0.48	0.05	0.02	0.00	0.00	0.00	1.1	15.6	37.0	35	0.03	13.68	3.08	150.00	44642.09	NA	NA	1.01	0.01	3.07	1.02	0.01	2.04	1.03	0.01	1.02	1.06	0.01	-1.03	1.08	0.01	-2.06	1.07	0.01	-3.09
AFS	613329	3138WAQH3	Agency MBS 15yr	G-2-Q	FANNIE MAE	0.0427767	2.5	12/1/2028	25754999	 1,101,714 	 712,467.89 	1100840.88	1079481.62	99.9208	97.9820309	-21359.26	6/30/2026	Model2501	100	LMMSOFRFLAT	RFRSwap	4.39	2.43	1.01	0.00	0.010	 109 	0.51	0.46	0.03	0.02	0.00	0.00	0.00	1.0	15.4	36.2	35	0.04	11.10	3.03	153.00	46602.20	NA	NA	0.98	0.01	2.98	0.99	0.01	1.99	1.00	0.01	0.99	1.03	0.01	-1.00	1.04	0.01	-2.00	1.03	0.01	-2.99
AFS	614379	3138WAVN4	Agency MBS 15yr	G-2-Q	FANNIE MAE	0.03452469	2.5	1/1/2029	34272353	 1,183,242 	 622,742.36 	1183242.36	1156487.28	100	97.7388335	-26755.08	6/30/2026	Model2501	100	LMMSOFRFLAT	RFRSwap	4.51	2.36	1.08	0.00	0.011	 125 	0.48	0.51	0.07	0.02	0.00	0.00	0.00	1.1	15.0	48.1	45	0.03	13.12	3.05	151.00	50154.41	NA	NA	1.04	0.01	3.17	1.06	0.01	2.11	1.07	0.01	1.06	1.10	0.01	-1.06	1.11	0.01	-2.13	1.11	0.01	-3.19
AFS	614316	3138WBFR1	Agency MBS 15yr	G-2-Q	FANNIE MAE	0.0507813	2.5	3/1/2029	21343031	 1,083,827 	 510,496.06 	1083826.86	1058651.98	100	97.6772234	-25174.88	6/30/2026	Model2501	100	LMMSOFRFLAT	RFRSwap	4.50	2.36	1.12	0.00	0.011	 118 	0.47	0.53	0.09	0.02	0.00	0.00	0.00	1.1	14.5	47.3	44	0.05	10.97	3.09	149.00	66543.70	NA	NA	1.08	0.01	3.28	1.09	0.01	2.18	1.10	0.01	1.09	1.14	0.01	-1.10	1.16	0.01	-2.20	1.15	0.01	-3.30
AFS	613110	3138WBLG8	Agency MBS 30yr	G-2-Q	FANNIE MAE	0.13597362	4	4/1/2044	16660118	 2,265,337 	 215,305.69 	2331922.68	2180444.03	102.9393	96.2525425	-151478.65	6/30/2026	Model2501	100	LMMSOFRFLAT	RFRSwap	4.73	3.42	4.80	-0.10	0.046	 1,051 	0.11	0.19	0.45	1.34	2.28	0.45	-0.01	6.1	7.0	60.2	38	0.14	12.95	4.64	148.00	121882.99	NA	NA	1.73	0.02	11.19	3.28	0.03	8.53	4.32	0.04	4.54	5.08	0.05	-4.67	5.35	0.05	-9.34	5.57	0.05	-13.98
AFS	614750	3138WBV69	Agency MBS 30yr	G-2-Q	FANNIE MAE	0.13054287	4	5/1/2044	4569625	 596,532 	 81,779.85 	617562.14	569531.51	103.5254	95.4737634	-48030.63	6/30/2026	Model2501	100	LMMSOFRFLAT	RFRSwap	4.86	3.35	5.01	-0.10	0.048	 286 	0.11	0.18	0.43	1.30	2.33	0.66	-0.01	6.5	7.4	69.5	48	0.13	13.35	4.63	147.00	121508.98	NA	NA	1.76	0.02	11.47	3.36	0.04	8.76	4.47	0.04	4.69	5.31	0.05	-4.82	5.59	0.05	-9.64	5.85	0.05	-14.44
PUB_HTM	614822	3138WD2P5	Agency MBS 15yr	G-2-Q	FANNIE MAE	0.0444891	3	2/1/2030	50585264	 2,250,493 	 1,002,347.64 	2261135.62	2199774.2	100.4729	97.7463305	-61361.42	6/30/2026	Model2501	100	LMMSOFRFLAT	RFRSwap	4.47	2.55	1.45	0.00	0.014	 319 	0.38	0.51	0.51	0.05	0.00	0.00	0.00	1.5	13.9	45.9	38	0.04	15.09	3.48	138.00	82106.92	NA	NA	1.33	0.01	4.23	1.40	0.01	2.84	1.43	0.01	1.42	1.48	0.01	-1.42	1.52	0.01	-2.86	1.53	0.01	-4.31
AFS	613642	3138WD7C9	Agency MBS 15yr	G-2-Q	FANNIE MAE	0.04434396	2.5	2/1/2030	19236056	 853,003 	 473,990.64 	856309.72	827624.23	100.3877	97.0247857	-28685.48	6/30/2026	Model2501	100	LMMSOFRFLAT	RFRSwap	4.59	2.12	1.41	-0.01	0.014	 117 	0.39	0.52	0.44	0.05	0.00	0.01	0.00	1.4	13.9	56.7	50	0.04	15.11	3.07	138.00	73664.01	NA	NA	1.31	0.01	4.07	1.36	0.01	2.73	1.38	0.01	1.36	1.44	0.01	-1.37	1.48	0.01	-2.76	1.47	0.01	-4.15
PUB_AFS	614221	3138WE3R8	Agency MBS 15yr	G-2-Q	FANNIE MAE	0.05697346	3	7/1/2030	50000000	 2,848,673 	 1,131,633.59 	2862079.98	2780024.07	100.4706	97.5901434	-82055.91	6/30/2026	Model2501	100	LMMSOFRFLAT	RFRSwap	4.51	2.58	1.52	0.00	0.015	 422 	0.36	0.50	0.58	0.08	0.00	0.00	0.00	1.6	13.3	50.4	42	0.06	14.47	3.39	133.00	60073.57	NA	NA	1.40	0.01	4.43	1.47	0.01	2.97	1.49	0.01	1.48	1.55	0.01	-1.49	1.59	0.02	-2.99	1.60	0.01	-4.50
PUB_AFS	613829	3138WF6L5	Agency MBS 15yr	G-2-Q	FANNIE MAE	0.09397626	3	12/1/2030	35268576	 3,314,409 	 1,279,943.88 	3331174.1	3227408.42	100.5058	97.3750839	-103765.69	6/30/2026	Model2501	100	LMMSOFRFLAT	RFRSwap	4.58	2.58	1.60	-0.01	0.016	 519 	0.34	0.47	0.64	0.15	0.00	0.01	0.00	1.7	14.7	57.0	48	0.09	11.54	3.38	128.00	40614.39	NA	NA	1.47	0.02	4.65	1.54	0.02	3.12	1.57	0.02	1.56	1.66	0.02	-1.58	1.71	0.02	-3.18	1.72	0.02	-4.79
PUB_AFS	614447	3138WFE93	Agency MBS 15yr	G-2-Q	FANNIE MAE	0.05794354	3	8/1/2030	100000000	 5,794,354 	 2,552,859.57 	5822353.98	5651618.49	100.4832	97.5366449	-170735.5	6/30/2026	Model2501	100	LMMSOFRFLAT	RFRSwap	4.52	2.58	1.55	0.00	0.015	 878 	0.35	0.49	0.61	0.09	0.00	0.00	0.00	1.6	13.0	50.8	42	0.06	14.59	3.38	132.00	70296.23	NA	NA	1.41	0.01	4.51	1.50	0.02	3.03	1.53	0.02	1.52	1.59	0.02	-1.52	1.63	0.02	-3.05	1.64	0.02	-4.59
PUB_AFS	613582	3138WFHB5	Agency MBS 15yr	G-2-Q	FANNIE MAE	0.07567477	3	8/1/2030	50319614	 3,807,925 	 1,807,103.93 	3827634.51	3712040.43	100.5176	97.4819678	-115594.07	6/30/2026	Model2501	100	LMMSOFRFLAT	RFRSwap	4.57	2.55	1.54	-0.01	0.015	 574 	0.36	0.48	0.59	0.11	0.00	0.01	0.00	1.6	15.0	55.6	47	0.08	12.49	3.43	132.00	46958.82	NA	NA	1.42	0.01	4.49	1.48	0.01	3.01	1.51	0.02	1.51	1.59	0.02	-1.52	1.64	0.02	-3.06	1.66	0.02	-4.61
PUB_HTM	614070	3138WFNT9	Agency MBS 15yr	G-2-Q	FANNIE MAE	0.05728017	3	9/1/2030	50000000	 2,864,009 	 1,318,751.87 	2878580.7	2790376	100.5088	97.4290403	-88204.71	6/30/2026	Model2501	100	LMMSOFRFLAT	RFRSwap	4.53	2.58	1.61	-0.01	0.016	 451 	0.34	0.48	0.65	0.13	0.00	0.01	0.00	1.7	12.9	52.4	43	0.06	14.94	3.38	131.00	94741.64	NA	NA	1.41	0.01	4.65	1.54	0.02	3.14	1.58	0.02	1.57	1.66	0.02	-1.58	1.70	0.02	-3.18	1.71	0.02	-4.79
PUB_HTM	613555	3138WFST4	Agency MBS 15yr	G-2-Q	FANNIE MAE	0.05517482	3	10/1/2030	35133380	 1,938,478 	 720,724.71 	1948913.65	1888144.97	100.5383	97.4034808	-60768.68	6/30/2026	Model2501	100	LMMSOFRFLAT	RFRSwap	4.49	2.58	1.67	0.00	0.016	 316 	0.33	0.47	0.69	0.17	0.00	0.01	0.00	1.7	12.8	49.1	39	0.06	15.49	3.38	130.00	90186.41	NA	NA	1.44	0.01	4.81	1.60	0.02	3.25	1.64	0.02	1.63	1.71	0.02	-1.64	1.76	0.02	-3.29	1.77	0.02	-4.94
PUB_HTM	613510	3138WFWY8	Agency MBS 15yr	G-2-Q	FANNIE MAE	0.05431972	3	10/1/2030	30000000	 1,629,592 	 602,893.20 	1637746	1586812.57	100.5004	97.3748622	-50933.42	6/30/2026	Model2501	100	LMMSOFRFLAT	RFRSwap	4.54	2.59	1.64	0.00	0.016	 261 	0.34	0.47	0.67	0.15	0.00	0.01	0.00	1.7	12.8	53.3	44	0.05	15.61	3.39	130.00	91357.80	NA	NA	1.42	0.01	4.73	1.57	0.02	3.20	1.61	0.02	1.60	1.68	0.02	-1.61	1.73	0.02	-3.23	1.74	0.02	-4.86
PUB_HTM	614103	3138WFXY7	Agency MBS 15yr	G-2-Q	FANNIE MAE	0.07148364	3	10/1/2030	30163080	 2,156,167 	 921,874.51 	2166636.86	2101881.25	100.4856	97.4823143	-64755.62	6/30/2026	Model2501	100	LMMSOFRFLAT	RFRSwap	4.54	2.58	1.57	0.00	0.015	 330 	0.35	0.48	0.62	0.11	0.00	0.01	0.00	1.6	13.6	52.9	44	0.07	13.57	3.42	130.00	51959.89	NA	NA	1.44	0.01	4.57	1.52	0.02	3.06	1.54	0.02	1.53	1.61	0.02	-1.54	1.65	0.02	-3.09	1.67	0.02	-4.65
PUB_AFS	613117	3138WFYS9	Agency MBS 15yr	G-2-Q	FANNIE MAE	0.05584599	3	11/1/2030	35000000	 1,954,610 	 694,617.40 	1964493.24	1903843.17	100.5057	97.4027305	-60650.07	6/30/2026	Model2501	100	LMMSOFRFLAT	RFRSwap	4.49	2.60	1.67	0.00	0.016	 319 	0.33	0.47	0.69	0.17	0.00	0.01	0.00	1.7	12.7	49.0	39	0.06	15.65	3.42	129.00	85430.77	NA	NA	1.44	0.01	4.82	1.60	0.02	3.26	1.64	0.02	1.63	1.71	0.02	-1.64	1.76	0.02	-3.29	1.78	0.02	-4.95
PUB_HTM	614408	3138WGJP0	Agency MBS 15yr	G-2-Q	FANNIE MAE	0.05558152	3	1/1/2031	37700000	 2,095,423 	 963,457.55 	2106691.49	2039940.64	100.5378	97.3521976	-66750.86	6/30/2026	Model2501	100	LMMSOFRFLAT	RFRSwap	4.50	2.58	1.70	0.00	0.017	 347 	0.33	0.45	0.71	0.20	0.00	0.01	0.00	1.8	12.7	50.0	40	0.06	16.44	3.38	126.00	84827.70	NA	NA	1.47	0.02	4.90	1.62	0.02	3.31	1.67	0.02	1.66	1.74	0.02	-1.66	1.78	0.02	-3.33	1.79	0.02	-5.01
PUB_HTM	614518	3138WGKX1	Agency MBS 15yr	G-2-Q	FANNIE MAE	0.07796843	3	2/1/2031	35000000	 2,728,895 	 918,481.09 	2743601.76	2649019.4	100.5389	97.0729672	-94582.37	6/30/2026	Model2501	100	LMMSOFRFLAT	RFRSwap	4.62	2.60	1.76	0.00	0.017	 467 	0.32	0.45	0.73	0.25	0.00	0.01	0.00	1.8	12.7	61.7	51	0.08	13.70	3.44	126.00	92956.99	NA	NA	1.50	0.02	5.03	1.67	0.02	3.41	1.73	0.02	1.71	1.81	0.02	-1.72	1.87	0.02	-3.46	1.88	0.02	-5.21
PUB_HTM	614470	3138WGPJ7	Agency MBS 15yr	G-2-Q	FANNIE MAE	0.08550356	3	2/1/2031	30214687	 2,583,463 	 1,015,422.94 	2597823.83	2507837.88	100.5559	97.0727117	-89985.94	6/30/2026	Model2501	100	LMMSOFRFLAT	RFRSwap	4.63	2.58	1.74	0.00	0.017	 438 	0.32	0.45	0.72	0.25	0.00	0.01	0.00	1.8	13.3	63.0	53	0.09	13.06	3.45	126.00	58984.83	NA	NA	1.58	0.02	5.04	1.67	0.02	3.39	1.71	0.02	1.70	1.79	0.02	-1.70	1.85	0.02	-3.43	1.87	0.02	-5.16
PUB_HTM	613624	3138WGVP6	Agency MBS 15yr	G-2-Q	FANNIE MAE	0.0636056	3	3/1/2031	40000000	 2,544,224 	 800,192.42 	2558023.78	2468413.83	100.5424	97.0203027	-89609.96	6/30/2026	Model2501	100	LMMSOFRFLAT	RFRSwap	4.61	2.61	1.80	0.00	0.018	 446 	0.31	0.44	0.75	0.28	0.00	0.01	0.00	1.9	12.0	61.0	50	0.06	15.77	3.45	124.00	102270.96	NA	NA	1.50	0.02	5.13	1.70	0.02	3.49	1.77	0.02	1.75	1.85	0.02	-1.76	1.91	0.02	-3.54	1.92	0.02	-5.32
AFS	613213	3138WH2R2	Agency MBS 15yr	G-2-Q	FANNIE MAE	0.13082906	2	9/1/2031	194859013	 25,493,222 	 7,468,919.76 	25585352.7	24227070.86	100.3614	95.0333831	-1358281.85	6/30/2026	Model2501	100	LMMSOFRFLAT	RFRSwap	4.54	1.76	2.03	-0.01	0.019	 4,918 	0.28	0.42	0.80	0.51	0.01	0.01	0.00	2.1	10.7	54.2	43	0.13	10.62	2.58	118.00	83661.09	NA	NA	1.79	0.02	5.71	1.92	0.02	3.84	1.97	0.02	1.92	2.09	0.02	-1.94	2.14	0.02	-3.90	2.12	0.02	-5.82
AFS	613032	3138WH5D0	Agency MBS 15yr	G-2-Q	FANNIE MAE	0.14526327	2	10/1/2031	200789987	 29,167,410 	 8,385,901.39 	29284480.46	27718756.04	100.4014	95.0333127	-1565724.42	6/30/2026	Model2501	100	LMMSOFRFLAT	RFRSwap	4.54	1.74	2.02	-0.01	0.019	 5,607 	0.28	0.42	0.80	0.50	0.01	0.01	0.00	2.1	10.8	54.6	43	0.15	9.75	2.59	118.00	71928.20	NA	NA	1.83	0.02	5.72	1.93	0.02	3.83	1.97	0.02	1.92	2.08	0.02	-1.93	2.13	0.02	-3.88	2.12	0.02	-5.80
AFS	613461	3138WH5F5	Agency MBS 15yr	G-2-Q	FANNIE MAE	0.13970726	2	10/1/2031	100000000	 13,970,726 	 4,143,742.43 	14019510.08	13256849.23	100.3492	94.8901956	-762660.85	6/30/2026	Model2501	100	LMMSOFRFLAT	RFRSwap	4.55	1.77	2.09	-0.01	0.020	 2,771 	0.27	0.41	0.80	0.59	0.01	0.01	0.00	2.1	10.7	54.8	43	0.14	10.11	2.58	118.00	81118.33	NA	NA	1.83	0.02	5.86	1.98	0.02	3.94	2.03	0.02	1.98	2.16	0.02	-1.99	2.20	0.02	-4.01	2.18	0.02	-5.98
AFS	614059	3138WH6E7	Agency MBS 15yr	G-2-Q	FANNIE MAE	0.14636903	2	10/1/2031	200674306	 29,372,504 	 7,897,603.64 	29519028.15	27871583.59	100.4988	94.8900511	-1647444.56	6/30/2026	Model2501	100	LMMSOFRFLAT	RFRSwap	4.54	1.70	2.09	-0.01	0.020	 5,825 	0.27	0.41	0.80	0.59	0.01	0.01	0.00	2.1	10.6	54.6	43	0.15	9.68	2.58	118.00	80849.28	NA	NA	1.85	0.02	5.88	1.98	0.02	3.95	2.03	0.02	1.98	2.16	0.02	-1.99	2.20	0.02	-4.01	2.19	0.02	-5.98
HTM	614812	3138WHWR9	Agency MBS 15yr	G-2-Q	FANNIE MAE	0.12077913	2	9/1/2031	26122291	 3,155,028 	 963,600.36 	3120705.6	2996051.13	98.9121	94.9611709	-124654.46	6/30/2026	Model2501	100	LMMSOFRFLAT	RFRSwap	4.55	2.49	2.05	-0.01	0.020	 616 	0.27	0.41	0.80	0.54	0.01	0.01	0.00	2.1	10.8	55.0	43	0.12	11.22	2.59	119.00	87054.98	NA	NA	1.81	0.02	5.78	1.95	0.02	3.88	2.00	0.02	1.95	2.12	0.02	-1.96	2.17	0.02	-3.95	2.15	0.02	-5.89
PUB_HTM	612387	3138WJ4N5	Agency MBS 15yr	G-2-Q	FANNIE MAE	0.15044966	3	3/1/2032	25000000	 3,761,242 	 761,052.76 	3783684.62	3632263.83	100.5967	96.5708751	-151420.79	6/30/2026	Model2501	100	LMMSOFRFLAT	RFRSwap	4.66	2.63	2.05	-0.01	0.020	 746 	0.28	0.40	0.74	0.61	0.01	0.01	0.00	2.2	12.8	65.8	54	0.15	10.84	3.41	113.00	63911.73	NA	NA	1.73	0.02	5.82	1.92	0.02	3.95	2.00	0.02	1.98	2.12	0.02	-1.99	2.19	0.02	-4.01	2.22	0.02	-6.05
AFS	614783	3138WJEF1	Agency MBS 15yr	G-2-Q	FANNIE MAE	0.14149404	2	11/1/2031	176201763	 24,931,499 	 6,990,898.44 	24975760.56	23675204.24	100.1775	94.9610128	-1300556.31	6/30/2026	Model2501	100	LMMSOFRFLAT	RFRSwap	4.53	1.86	2.06	-0.01	0.020	 4,886 	0.27	0.41	0.80	0.55	0.01	0.01	0.00	2.1	10.5	53.8	42	0.14	10.12	2.60	117.00	81436.98	NA	NA	1.83	0.02	5.81	1.96	0.02	3.90	2.01	0.02	1.95	2.13	0.02	-1.97	2.17	0.02	-3.96	2.15	0.02	-5.91
AFS	614733	3138WJEY0	Agency MBS 15yr	G-2-Q	FANNIE MAE	0.15596562	2	11/1/2031	95000000	 14,816,734 	 3,731,340.77 	14823454.59	14049090.36	100.0454	94.8190772	-774364.24	6/30/2026	Model2501	100	LMMSOFRFLAT	RFRSwap	4.55	1.92	2.12	-0.01	0.020	 2,978 	0.27	0.40	0.79	0.63	0.01	0.02	0.00	2.2	10.7	55.2	43	0.16	9.30	2.58	117.00	89947.91	NA	NA	1.85	0.02	5.94	2.00	0.02	4.00	2.06	0.02	2.00	2.19	0.02	-2.02	2.23	0.02	-4.06	2.22	0.02	-6.06
HTM	614682	3138WJF94	Agency MBS 15yr	G-2-Q	FANNIE MAE	0.14036624	2	11/1/2031	5000000	 701,831 	 197,393.33 	696221.29	665970.64	99.2007	94.8904298	-30250.64	6/30/2026	Model2501	100	LMMSOFRFLAT	RFRSwap	4.54	2.33	2.09	-0.01	0.020	 139 	0.27	0.41	0.80	0.59	0.01	0.01	0.00	2.1	10.5	54.0	42	0.14	10.28	2.57	117.00	84227.58	NA	NA	1.86	0.02	5.89	1.99	0.02	3.96	2.04	0.02	1.98	2.16	0.02	-2.00	2.20	0.02	-4.01	2.19	0.02	-5.99
HTM	612162	3138WJKT4	Agency MBS 15yr	G-2-Q	FANNIE MAE	0.14247125	2	11/1/2031	25162207	 3,584,891 	 1,068,792.72 	3555722.34	3401721.15	99.1863	94.8905022	-154001.19	6/30/2026	Model2501	100	LMMSOFRFLAT	RFRSwap	4.54	2.34	2.09	-0.01	0.020	 712 	0.27	0.41	0.80	0.59	0.01	0.01	0.00	2.1	10.5	54.1	42	0.14	10.27	2.57	117.00	85151.92	NA	NA	1.85	0.02	5.89	1.99	0.02	3.96	2.04	0.02	1.98	2.16	0.02	-2.00	2.20	0.02	-4.01	2.18	0.02	-5.99
HTM	613715	3138WJRM2	Agency MBS 15yr	G-2-Q	FANNIE MAE	0.16568521	2	1/1/2032	25141107	 4,165,510 	 1,049,970.80 	4123177.78	3945130.67	98.9838	94.7094366	-178047.11	6/30/2026	Model2501	100	LMMSOFRFLAT	RFRSwap	4.55	2.43	2.16	-0.01	0.020	 852 	0.26	0.40	0.79	0.68	0.01	0.02	0.00	2.2	10.3	55.8	43	0.17	9.05	2.56	116.00	83912.91	NA	NA	1.90	0.02	6.06	2.05	0.02	4.07	2.10	0.02	2.04	2.23	0.02	-2.06	2.27	0.02	-4.13	2.25	0.02	-6.16
HTM	614100	3138WJU63	Agency MBS 15yr	G-2-Q	FANNIE MAE	0.159964	2	2/1/2032	80181978	 12,826,230 	 3,685,470.42 	12646181.11	12127130.55	98.5962	94.5494554	-519050.57	6/30/2026	Model2501	100	LMMSOFRFLAT	RFRSwap	4.64	2.61	2.16	-0.01	0.020	 2,619 	0.26	0.40	0.79	0.68	0.01	0.02	0.00	2.2	10.3	64.0	52	0.16	9.61	2.57	115.00	87359.63	NA	NA	1.90	0.02	6.05	2.04	0.02	4.07	2.10	0.02	2.04	2.23	0.02	-2.05	2.28	0.02	-4.12	2.26	0.02	-6.15
PUB_HTM	612902	3138WKMQ5	Agency MBS 15yr	G-2-Q	FANNIE MAE	0.12720793	3	4/1/2032	25133491	 3,197,179 	 1,016,586.02 	3217214.65	3084665.42	100.6267	96.4808372	-132549.24	6/30/2026	Model2501	100	LMMSOFRFLAT	RFRSwap	4.65	2.63	2.11	-0.01	0.020	 652 	0.27	0.39	0.74	0.69	0.02	0.01	0.00	2.2	12.5	65.7	53	0.13	12.66	3.45	112.00	76431.83	NA	NA	1.72	0.02	5.95	1.97	0.02	4.05	2.06	0.02	2.04	2.18	0.02	-2.05	2.26	0.02	-4.13	2.30	0.02	-6.22
AFS	614216	3138WP7F5	Agency MBS 30yr	G-2-Q	FANNIE MAE	0.2262496	3	5/1/2043	30410456	 6,880,354 	 886,585.20 	6942788.42	6219319.89	100.9074	90.3924469	-723468.53	6/30/2026	Model2501	100	LMMSOFRFLAT	RFRSwap	4.90	2.82	5.28	0.02	0.048	 3,296 	0.10	0.15	0.39	1.40	2.67	0.57	0.01	6.3	6.2	77.9	54	0.23	8.16	3.62	159.00	139474.92	NA	NA	3.20	0.03	13.44	4.45	0.04	9.45	5.00	0.05	4.79	5.54	0.05	-4.77	5.76	0.05	-9.50	5.74	0.04	-14.04
AFS	613446	3138WPJX3	Agency MBS ARM	G-2-Q	FANNIE MAE	0.01913731	5.824	5/1/2043	50187171	 960,447 	 571,873.22 	968517.49	993909.16	100.8402	103.4839707	25391.66	6/30/2026	Model2501	100	LMMSOFRFLAT	RFRSwap	5.11	5.88	1.40	-1.07	0.015	 139 	0.35	0.23	0.29	0.15	0.40	-0.04	-0.05	4.2	16.1	68.4	109	0.02	23.66	6.51	157.00	162601.17	WELLS FARGO BANK, NATIONAL ASSOCIATION	100.00	0.86	0.01	2.37	0.62	0.01	1.60	0.66	0.01	0.99	2.50	0.03	-2.00	3.45	0.03	-5.02	4.05	0.04	-8.69
AFS	612674	3138WQBY7	Agency MBS 15yr	G-2-Q	FANNIE MAE	0.03077654	2.5	5/1/2028	13516848	 416,002 	 295,421.58 	417463.28	408778.4	100.3513	98.2636107	-8684.87	6/30/2026	Model2501	100	LMMSOFRFLAT	RFRSwap	4.50	1.87	0.81	0.00	0.008	 33 	0.59	0.20	0.00	0.01	0.00	0.00	0.00	0.8	16.8	47.8	51	0.03	11.31	2.99	158.00	22043.29	NA	NA	0.79	0.01	2.39	0.80	0.01	1.59	0.80	0.01	0.79	0.82	0.01	-0.80	0.83	0.01	-1.60	0.82	0.01	-2.39
HTM	613410	3138WRWC0	Agency MBS 15yr	G-2-Q	FANNIE MAE	0.02492789	2.5	5/1/2028	31801897	 792,754 	 659,044.77 	790855.39	779962.7	99.7605	98.3864497	-10892.68	6/30/2026	Model2501	100	LMMSOFRFLAT	RFRSwap	4.35	2.60	0.80	0.00	0.008	 63 	0.59	0.20	0.00	0.01	0.00	0.00	0.00	0.8	17.6	33.0	36	0.02	12.76	3.04	158.00	34758.16	NA	NA	0.78	0.01	2.38	0.79	0.01	1.59	0.80	0.01	0.79	0.81	0.01	-0.79	0.82	0.01	-1.59	0.82	0.01	-2.39
AFS	614301	3138WTHF6	Agency MBS 15yr	G-2-Q	FANNIE MAE	0.03978133	2.5	5/1/2028	26841763	 1,067,801 	 720,849.08 	1067182.03	1049883.66	99.942	98.3220307	-17298.38	6/30/2026	Model2501	100	LMMSOFRFLAT	RFRSwap	4.35	2.38	0.84	0.00	0.008	 88 	0.58	0.24	0.00	0.01	0.00	0.00	0.00	0.9	17.2	33.2	35	0.04	9.85	3.07	158.00	40108.82	NA	NA	0.82	0.01	2.48	0.83	0.01	1.65	0.83	0.01	0.83	0.85	0.01	-0.83	0.86	0.01	-1.66	0.85	0.01	-2.49
AFS	612510	3138WVXA4	Agency MBS 15yr	G-2-Q	FANNIE MAE	0.04236564	2.5	6/1/2028	22410962	 949,455 	 671,994.94 	953174.6	932277.39	100.3918	98.1908189	-20897.2	6/30/2026	Model2501	100	LMMSOFRFLAT	RFRSwap	4.51	1.85	0.84	0.00	0.008	 79 	0.58	0.24	0.00	0.01	0.00	0.00	0.00	0.9	16.8	48.8	51	0.04	9.74	3.00	157.00	24166.49	NA	NA	0.82	0.01	2.49	0.83	0.01	1.65	0.83	0.01	0.83	0.86	0.01	-0.83	0.86	0.01	-1.67	0.86	0.01	-2.50
AFS	613029	3138WZTM4	Agency MBS 15yr	G-2-Q	FANNIE MAE	0.03864103	2.5	8/1/2028	11526990	 445,415 	 391,272.97 	445414.77	437347.35	100	98.1887849	-8067.42	6/30/2026	Model2501	100	LMMSOFRFLAT	RFRSwap	4.38	2.33	0.90	0.00	0.009	 40 	0.55	0.33	0.00	0.01	0.00	0.00	0.00	0.9	17.2	35.1	36	0.04	10.98	3.02	155.00	24342.54	NA	NA	0.88	0.01	2.67	0.89	0.01	1.78	0.89	0.01	0.89	0.92	0.01	-0.89	0.93	0.01	-1.79	0.92	0.01	-2.68
AFS	614266	3138X17J9	Agency MBS 15yr	G-2-Q	FANNIE MAE	0.02804234	2.5	8/1/2028	26544742	 744,377 	 585,776.32 	743207.87	731891.93	99.843	98.3227917	-11315.94	6/30/2026	Model2501	100	LMMSOFRFLAT	RFRSwap	4.34	2.50	0.84	0.00	0.008	 62 	0.58	0.25	0.00	0.01	0.00	0.00	0.00	0.9	16.0	31.8	34	0.03	12.88	2.91	156.00	29850.62	NA	NA	0.83	0.01	2.50	0.83	0.01	1.66	0.84	0.01	0.83	0.85	0.01	-0.83	0.86	0.01	-1.67	0.85	0.01	-2.50
AFS	613658	3138X1BG0	Agency MBS 15yr	G-2-Q	FANNIE MAE	0.03363768	2.5	8/1/2028	14504715	 487,905 	 338,224.42 	487904.96	477970.17	100	97.9637845	-9934.8	6/30/2026	Model2501	100	LMMSOFRFLAT	RFRSwap	4.55	2.33	0.94	0.00	0.009	 45 	0.54	0.38	0.01	0.02	0.00	0.00	0.00	1.0	16.4	52.5	53	0.03	11.98	2.95	155.00	36926.66	NA	NA	0.91	0.01	2.77	0.92	0.01	1.85	0.93	0.01	0.92	0.96	0.01	-0.93	0.97	0.01	-1.86	0.96	0.01	-2.79
AFS	613423	3138X6M36	Agency MBS 15yr	G-2-Q	FANNIE MAE	0.03146208	2.5	9/1/2028	17649387	 555,286 	 443,027.44 	555286.43	545230.75	100	98.1891008	-10055.68	6/30/2026	Model2501	100	LMMSOFRFLAT	RFRSwap	4.36	2.33	0.91	0.00	0.009	 50 	0.55	0.34	0.00	0.01	0.00	0.00	0.00	0.9	15.8	33.4	34	0.03	12.55	2.94	155.00	29638.84	NA	NA	0.89	0.01	2.69	0.90	0.01	1.79	0.90	0.01	0.90	0.92	0.01	-0.90	0.93	0.01	-1.80	0.93	0.01	-2.70
PUB_HTM	613683	3138X6M77	Agency MBS 15yr	G-2-Q	FANNIE MAE	0.02478384	3	9/1/2028	100000000	 2,478,384 	 1,987,212.03 	2484475.97	2443600.8	100.2458	98.596537	-40875.17	6/30/2026	Model2501	100	LMMSOFRFLAT	RFRSwap	4.38	2.52	0.90	0.00	0.009	 220 	0.55	0.34	0.00	0.01	0.00	0.00	0.00	0.9	17.0	35.7	36	0.02	14.37	3.45	154.00	37356.54	NA	NA	0.87	0.01	2.67	0.89	0.01	1.78	0.89	0.01	0.89	0.91	0.01	-0.89	0.92	0.01	-1.78	0.92	0.01	-2.68
PUB_HTM	613274	3138X6M85	Agency MBS 15yr	G-2-Q	FANNIE MAE	0.02424646	3	9/1/2028	72085404	 1,747,816 	 1,383,936.12 	1752912.62	1723287.92	100.2916	98.5966514	-29624.71	6/30/2026	Model2501	100	LMMSOFRFLAT	RFRSwap	4.38	2.47	0.90	0.00	0.009	 155 	0.55	0.34	0.00	0.01	0.00	0.00	0.00	0.9	16.8	35.5	36	0.02	14.52	3.45	154.00	36994.18	NA	NA	0.87	0.01	2.67	0.89	0.01	1.78	0.89	0.01	0.89	0.91	0.01	-0.89	0.92	0.01	-1.78	0.92	0.01	-2.68
PUB_HTM	613299	3138XB5J9	Agency MBS 15yr	G-2-Q	FANNIE MAE	0.02502026	3	10/1/2028	70000000	 1,751,418 	 1,443,190.68 	1757142.89	1725920.65	100.3269	98.5441772	-31222.23	6/30/2026	Model2501	100	LMMSOFRFLAT	RFRSwap	4.39	2.45	0.93	0.00	0.009	 160 	0.53	0.38	0.01	0.01	0.00	0.00	0.00	1.0	17.2	37.0	37	0.03	14.67	3.53	154.00	31683.07	NA	NA	0.90	0.01	2.75	0.91	0.01	1.84	0.92	0.01	0.92	0.94	0.01	-0.92	0.96	0.01	-1.84	0.96	0.01	-2.77
PUB_HTM	613746	3138XCCG5	Agency MBS 15yr	G-2-Q	FANNIE MAE	0.00119842	3	12/1/2026	54202000	 64,957 	 677,020.77 	64956.76	64692.81	100	99.5936479	-263.95	6/30/2026	Model2501	100	LMMSOFRFLAT	RFRSwap	4.14	1.94	0.19	0.00	0.002	 1 	0.19	0.00	0.00	0.00	0.00	0.00	0.00	0.2	31.3	28.5	29	0.00	9.69	3.51	177.00	NA	NA	NA	0.19	0.00	0.56	0.19	0.00	0.38	0.19	0.00	0.19	0.19	0.00	-0.19	0.19	0.00	-0.37	0.19	0.00	-0.56
AFS	614172	3138XGTL7	Agency MBS 15yr	G-2-Q	FANNIE MAE	0.06333899	3	2/1/2029	2429672	 153,893 	 262,906.80 	155958.2	151194.17	101.342	98.246315	-4764.03	6/30/2026	Model2501	100	LMMSOFRFLAT	RFRSwap	4.65	1.44	0.97	0.00	0.010	 15 	0.52	0.42	0.02	0.01	0.00	0.00	0.00	1.0	16.0	62.4	62	0.06	9.37	3.56	149.00	44912.27	NA	NA	0.94	0.01	2.87	0.96	0.01	1.91	0.96	0.01	0.96	0.98	0.01	-0.95	1.00	0.01	-1.92	1.00	0.01	-2.88
AFS	614280	3138XGTQ6	Agency MBS 15yr	G-2-Q	FANNIE MAE	0.02548804	2.5	2/1/2029	8000000	 203,904 	 253,534.64 	203904.32	200130.69	100	98.1493124	-3773.63	6/30/2026	Model2501	100	LMMSOFRFLAT	RFRSwap	4.39	2.33	0.92	0.00	0.009	 18 	0.55	0.35	0.00	0.01	0.00	0.00	0.00	0.9	14.8	36.4	37	0.03	15.24	2.91	152.00	38157.04	NA	NA	0.90	0.01	2.72	0.91	0.01	1.81	0.91	0.01	0.90	0.93	0.01	-0.90	0.94	0.01	-1.81	0.93	0.01	-2.71
AFS	614675	3138XJ4D6	Agency MBS 15yr	G-2-Q	FANNIE MAE	0.02852159	3.5	3/1/2029	1404481	 40,058 	 20,996.73 	40545.9	39423.82	101.2179	98.4167795	-1122.07	6/30/2026	Model2501	100	LMMSOFRFLAT	RFRSwap	4.73	2.26	1.14	0.00	0.011	 5 	0.45	0.53	0.14	0.01	0.00	0.00	0.00	1.2	17.0	70.5	67	0.03	15.67	3.97	148.00	20989.63	NA	NA	1.09	0.01	3.36	1.11	0.01	2.24	1.12	0.01	1.12	1.16	0.01	-1.13	1.19	0.01	-2.27	1.20	0.01	-3.42
AFS	612382	3138XMKS8	Agency MBS 15yr	G-2-Q	FANNIE MAE	0.0156578	3	2/1/2029	1903424	 29,803 	 24,010.07 	30006.66	29325.99	100.6819	98.3980232	-680.67	6/30/2026	Model2501	100	LMMSOFRFLAT	RFRSwap	4.68	2.00	0.86	0.00	0.008	 3 	0.56	0.28	0.00	0.01	0.00	0.00	0.00	0.9	18.2	65.1	67	0.02	18.93	3.75	150.00	14901.72	NA	NA	0.84	0.01	2.55	0.85	0.01	1.70	0.85	0.01	0.85	0.88	0.01	-0.85	0.89	0.01	-1.71	0.89	0.01	-2.58
AFS	613267	3138XMKT6	Agency MBS 15yr	G-2-Q	FANNIE MAE	0.00164173	3.5	1/1/2029	1089637	 1,789 	 11,147.79 	1789.9	1783.76	100.0564	99.7134928	-6.13	6/30/2026	Model2501	100	LMMSOFRFLAT	RFRSwap	4.02	0.88	0.11	0.00	0.001	 0 	0.11	0.00	0.00	0.00	0.00	0.00	0.00	0.1	0.0	20.1	19	0.00	32.26	3.75	151.00	NA	NA	NA	0.11	0.00	0.33	0.11	0.00	0.22	0.11	0.00	0.11	0.11	0.00	-0.11	0.11	0.00	-0.22	0.11	0.00	-0.33
AFS	613856	3138XQBB6	Agency MBS 15yr	G-2-Q	FANNIE MAE	0.03197529	3	4/1/2029	1366060	 43,680 	 26,130.51 	43865.62	42895.21	100.4246	98.2029562	-970.41	6/30/2026	Model2501	100	LMMSOFRFLAT	RFRSwap	4.77	2.35	0.93	0.00	0.009	 4 	0.53	0.38	0.01	0.01	0.00	0.00	0.00	1.0	17.2	74.0	75	0.03	15.05	3.82	147.00	29202.29	NA	NA	0.90	0.01	2.75	0.92	0.01	1.83	0.92	0.01	0.92	0.94	0.01	-0.92	0.96	0.01	-1.84	0.96	0.01	-2.77
AFS	614710	3138XQC41	Agency MBS 30yr	G-2-Q	FANNIE MAE	0.17426297	4	5/1/2044	1152752	 200,882 	 7,198.27 	207690.16	191878.44	103.3891	95.5179918	-15811.73	6/30/2026	Model2501	100	LMMSOFRFLAT	RFRSwap	5.10	3.18	3.96	-0.14	0.038	 76 	0.26	0.15	0.32	0.97	1.74	0.53	0.01	5.0	12.8	94.7	74	0.17	11.38	4.80	146.00	103680.84	NA	NA	2.05	0.02	9.67	2.96	0.03	7.05	3.59	0.04	3.70	4.22	0.04	-3.84	4.50	0.04	-7.77	4.67	0.04	-11.73
AFS	614404	3138XTAA3	Agency MBS 30yr	G-2-Q	FANNIE MAE	0.12239455	3.5	6/1/2044	3296656	 403,493 	 21,092.82 	415512.76	375429.61	102.979	93.0449499	-40083.15	6/30/2026	Model2501	100	LMMSOFRFLAT	RFRSwap	4.83	2.95	5.14	-0.09	0.048	 193 	0.10	0.17	0.43	1.36	2.54	0.55	0.00	6.4	6.1	69.0	46	0.12	13.97	4.31	145.00	202215.06	NA	NA	1.79	0.02	11.77	3.63	0.04	8.95	4.67	0.05	4.72	5.48	0.05	-4.83	5.77	0.05	-9.67	5.84	0.05	-14.41
AFS	614173	3138XTAB1	Agency MBS 30yr	G-2-Q	FANNIE MAE	0.12662859	4	6/1/2044	14352323	 1,817,414 	 89,001.56 	1905978.98	1745172.75	104.8731	96.0250304	-160806.22	6/30/2026	Model2501	100	LMMSOFRFLAT	RFRSwap	4.76	3.09	5.00	-0.04	0.048	 875 	0.11	0.18	0.42	1.32	2.42	0.56	-0.01	6.3	6.9	63.0	40	0.13	13.80	4.70	146.00	121792.74	NA	NA	2.34	0.03	12.32	3.68	0.04	9.08	4.58	0.05	4.76	5.25	0.05	-4.82	5.52	0.05	-9.62	5.72	0.05	-14.37
AFS	613604	3138XTD36	Agency MBS 30yr	G-2-Q	FANNIE MAE	0.11256179	4	5/1/2044	5520927	 621,445 	 29,157.50 	642282.89	594978.19	103.3531	95.7410201	-47304.7	6/30/2026	Model2501	100	LMMSOFRFLAT	RFRSwap	4.86	3.33	4.71	-0.14	0.045	 281 	0.14	0.18	0.42	1.25	2.18	0.55	0.00	6.0	8.2	70.7	50	0.11	14.46	4.70	147.00	156435.22	NA	NA	1.90	0.02	10.90	3.20	0.03	8.23	4.18	0.04	4.40	5.02	0.05	-4.57	5.31	0.05	-9.17	5.56	0.05	-13.78
AFS	614590	3138XTFX8	Agency MBS 30yr	G-2-Q	FANNIE MAE	0.19430889	4	4/1/2044	1777184	 345,323 	 16,097.92 	356314.7	330278.1	103.1831	95.6433359	-26036.6	6/30/2026	Model2501	100	LMMSOFRFLAT	RFRSwap	4.87	3.37	4.67	-0.15	0.045	 155 	0.12	0.20	0.47	1.33	2.17	0.40	-0.01	5.9	7.1	73.4	53	0.19	10.46	4.62	147.00	172877.70	NA	NA	1.46	0.02	10.32	2.96	0.03	8.05	4.12	0.04	4.36	4.98	0.05	-4.53	5.26	0.05	-9.10	5.51	0.05	-13.66
AFS	613737	3138XTSB2	Agency MBS 30yr	G-2-Q	FANNIE MAE	0.03740571	4	3/1/2044	2085949	 78,026 	 2,897.58 	80803.73	74541.71	103.5595	95.5339518	-6262.02	6/30/2026	Model2501	100	LMMSOFRFLAT	RFRSwap	5.29	3.00	3.39	-0.10	0.033	 25 	0.34	0.14	0.26	0.81	1.43	0.41	0.01	4.2	16.2	115.0	95	0.04	21.82	4.63	149.00	78026.41	NA	NA	1.90	0.02	8.52	2.67	0.03	6.14	3.14	0.03	3.19	3.58	0.03	-3.29	3.76	0.03	-6.63	3.86	0.03	-9.97
AFS	613768	3138XUW57	Agency MBS 30yr	G-2-Q	FANNIE MAE	0.17891139	4	4/1/2044	1049143	 187,704 	 6,989.33 	196152.59	179368.93	104.5012	95.5596466	-16783.66	6/30/2026	Model2501	100	LMMSOFRFLAT	RFRSwap	5.06	2.96	3.96	-0.22	0.038	 71 	0.27	0.16	0.33	0.95	1.74	0.52	0.00	5.1	12.1	89.0	70	0.18	11.16	4.63	148.00	187703.63	NA	NA	1.36	0.01	8.73	2.55	0.03	6.74	3.46	0.03	3.65	4.35	0.04	-3.90	4.73	0.04	-7.99	4.89	0.04	-12.13
PUB_HTM	613623	3138XV5X4	Agency MBS 15yr	G-2-Q	FANNIE MAE	0.04388927	3.5	6/1/2029	33219841	 1,457,995 	 755,672.85 	1474242.46	1440123.19	101.1144	98.7742492	-34119.27	6/30/2026	Model2501	100	LMMSOFRFLAT	RFRSwap	4.39	2.37	1.15	0.01	0.011	 167 	0.45	0.54	0.15	0.01	0.00	0.00	0.00	1.2	15.2	37.5	32	0.04	13.46	4.28	145.00	37852.95	NA	NA	1.12	0.01	3.44	1.13	0.01	2.29	1.15	0.01	1.15	1.17	0.01	-1.14	1.19	0.01	-2.29	1.21	0.01	-3.44
PUB_HTM	613458	3138XXGD2	Agency MBS 15yr	G-2-Q	FANNIE MAE	0.00542043	3	2/1/2027	104128300	 564,420 	 1,867,807.90 	564420.16	561678.72	100	99.5142908	-2741.44	6/30/2026	Model2501	100	LMMSOFRFLAT	RFRSwap	4.13	2.25	0.26	0.00	0.003	 15 	0.26	0.00	0.00	0.00	0.00	0.00	0.00	0.3	31.3	23.8	24	0.01	3.79	3.37	175.00	NA	NA	NA	0.26	0.00	0.79	0.26	0.00	0.52	0.26	0.00	0.26	0.26	0.00	-0.26	0.26	0.00	-0.52	0.26	0.00	-0.78
PUB_HTM	613851	3138Y3YF2	Agency MBS 15yr	G-2-Q	FANNIE MAE	0.04564359	3	10/1/2029	30000000	 1,369,308 	 686,896.96 	1375296.15	1342327.89	100.4373	98.0296748	-32968.26	6/30/2026	Model2501	100	LMMSOFRFLAT	RFRSwap	4.42	2.53	1.29	0.00	0.013	 174 	0.41	0.54	0.32	0.02	0.00	0.00	0.00	1.3	14.3	39.9	33	0.05	14.13	3.55	141.00	56264.41	NA	NA	1.22	0.01	3.81	1.26	0.01	2.55	1.28	0.01	1.27	1.32	0.01	-1.27	1.35	0.01	-2.56	1.36	0.01	-3.85
PUB_HTM	614091	3138Y6PJ7	Agency MBS 15yr	G-2-Q	FANNIE MAE	0.05240174	3	12/1/2029	97019290	 5,083,980 	 2,777,445.94 	5113902.45	4978550.81	100.5886	97.9262545	-135351.64	6/30/2026	Model2501	100	LMMSOFRFLAT	RFRSwap	4.46	2.43	1.33	0.00	0.013	 662 	0.40	0.54	0.36	0.02	0.00	0.00	0.00	1.4	14.0	44.4	37	0.05	13.65	3.56	139.00	59514.87	NA	NA	1.24	0.01	3.90	1.30	0.01	2.61	1.31	0.01	1.30	1.35	0.01	-1.31	1.39	0.01	-2.62	1.39	0.01	-3.94
PUB_HTM	614497	3138YBXX6	Agency MBS 15yr	G-2-Q	FANNIE MAE	0.07019944	3	7/1/2030	28268213	 1,984,413 	 800,477.41 	1993669.38	1936587.74	100.4665	97.5899682	-57081.63	6/30/2026	Model2501	100	LMMSOFRFLAT	RFRSwap	4.51	2.58	1.52	0.00	0.015	 295 	0.36	0.50	0.58	0.08	0.00	0.00	0.00	1.6	12.9	49.8	41	0.07	13.01	3.41	132.00	66980.11	NA	NA	1.39	0.01	4.44	1.48	0.01	2.98	1.50	0.01	1.49	1.56	0.01	-1.49	1.60	0.02	-3.00	1.61	0.01	-4.51
AFS	614371	3138YD6G9	Agency MBS 15yr	G-2-Q	FANNIE MAE	0.02780222	2.5	1/1/2030	20388819	 566,854 	 385,750.96 	569124	548222.56	100.4004	96.7131125	-20901.44	6/30/2026	Model2501	100	LMMSOFRFLAT	RFRSwap	4.78	2.11	1.43	-0.01	0.014	 79 	0.38	0.51	0.48	0.06	0.00	0.01	0.00	1.5	14.1	75.9	69	0.03	18.40	3.12	138.00	75795.26	NA	NA	1.34	0.01	4.15	1.39	0.01	2.77	1.41	0.01	1.39	1.47	0.01	-1.39	1.51	0.01	-2.81	1.50	0.01	-4.22
AFS	614047	3138YGZJ4	Agency MBS 30yr	G-2-Q	FANNIE MAE	0.2585758	3.5	5/1/2045	27194252	 7,031,775 	 817,923.50 	7209658.63	6537282.96	102.5297	92.9677432	-672375.68	6/30/2026	Model2501	100	LMMSOFRFLAT	RFRSwap	4.81	3.04	5.40	-0.05	0.050	 3,540 	0.10	0.15	0.38	1.31	2.68	0.78	0.01	6.7	6.4	65.3	43	0.26	9.32	4.23	135.00	179171.91	NA	NA	2.60	0.03	13.23	4.15	0.04	9.64	4.98	0.05	4.99	5.74	0.05	-5.05	6.04	0.05	-10.11	6.08	0.05	-15.02
PUB_HTM	613911	3138YHVL1	Agency MBS 15yr	G-2-Q	FANNIE MAE	0.07089153	3	5/1/2030	35000000	 2,481,204 	 1,066,886.16 	2492629.73	2420875.42	100.4605	97.5685941	-71754.31	6/30/2026	Model2501	100	LMMSOFRFLAT	RFRSwap	4.55	2.58	1.49	0.00	0.015	 361 	0.37	0.50	0.55	0.06	0.00	0.00	0.00	1.6	13.1	54.3	46	0.07	12.32	3.55	134.00	70573.43	NA	NA	1.36	0.01	4.35	1.45	0.01	2.92	1.47	0.01	1.46	1.52	0.01	-1.46	1.56	0.01	-2.94	1.57	0.01	-4.42
AFS	612277	3138YHW63	Agency MBS 30yr	G-2-Q	FANNIE MAE	0.20245218	3	6/1/2045	7777214	 1,574,514 	 64,306.06 	1587287.43	1414676.21	100.8113	89.8484406	-172611.23	6/30/2026	Model2501	100	LMMSOFRFLAT	RFRSwap	4.83	2.85	5.85	-0.06	0.053	 830 	0.08	0.13	0.35	1.31	2.90	1.07	0.02	7.1	6.3	64.2	43	0.20	11.27	3.80	134.00	179967.16	NA	NA	3.03	0.03	14.21	4.64	0.05	10.19	5.41	0.05	5.23	6.22	0.05	-5.28	6.50	0.05	-10.53	6.52	0.05	-15.55
AFS	614423	3138YHWT3	Agency MBS 30yr	G-2-Q	FANNIE MAE	0.13030145	3.5	6/1/2045	11977014	 1,560,622 	 541,725.23 	1608404.66	1450873.57	103.0618	92.9676309	-157531.09	6/30/2026	Model2501	100	LMMSOFRFLAT	RFRSwap	4.81	2.95	5.38	-0.02	0.050	 783 	0.10	0.16	0.39	1.32	2.65	0.78	0.01	6.7	6.5	65.8	43	0.13	14.87	4.21	134.00	138326.28	NA	NA	2.76	0.03	13.32	4.18	0.04	9.65	4.99	0.05	4.98	5.69	0.05	-5.02	6.01	0.05	-10.04	6.13	0.05	-14.96
PUB_HTM	613633	3138YKKD4	Agency MBS 15yr	G-2-Q	FANNIE MAE	0.06475845	3	3/1/2030	31663817	 2,050,500 	 761,603.34 	2059931.15	2004274.88	100.46	97.7456797	-55656.27	6/30/2026	Model2501	100	LMMSOFRFLAT	RFRSwap	4.44	2.57	1.47	0.01	0.014	 296 	0.37	0.52	0.53	0.05	0.00	0.00	0.00	1.5	12.2	43.3	35	0.06	12.81	3.62	136.00	68888.02	NA	NA	1.38	0.01	4.33	1.44	0.01	2.90	1.46	0.01	1.45	1.50	0.01	-1.44	1.53	0.01	-2.90	1.55	0.01	-4.35
PUB_HTM	612266	3138YKMY6	Agency MBS 15yr	G-2-Q	FANNIE MAE	0.07379778	3	4/1/2030	31017520	 2,289,024 	 972,390.03 	2300203.76	2233792.86	100.4884	97.5871263	-66410.91	6/30/2026	Model2501	100	LMMSOFRFLAT	RFRSwap	4.50	2.57	1.52	0.00	0.015	 341 	0.36	0.50	0.59	0.08	0.00	0.00	0.00	1.6	12.7	49.6	41	0.07	12.04	3.61	135.00	70913.52	NA	NA	1.40	0.01	4.44	1.47	0.01	2.98	1.50	0.01	1.49	1.55	0.01	-1.49	1.59	0.02	-2.99	1.61	0.01	-4.50
PUB_HTM	614439	3138YLZL8	Agency MBS 15yr	G-2-Q	FANNIE MAE	0.04344157	3	4/1/2030	56036451	 2,434,311 	 1,216,440.67 	2445215.51	2380723.86	100.4479	97.7986566	-64491.65	6/30/2026	Model2501	100	LMMSOFRFLAT	RFRSwap	4.46	2.56	1.42	0.00	0.014	 340 	0.38	0.52	0.48	0.04	0.00	0.00	0.00	1.5	13.5	44.4	36	0.04	15.66	3.52	137.00	68122.60	NA	NA	1.32	0.01	4.17	1.38	0.01	2.80	1.41	0.01	1.40	1.45	0.01	-1.40	1.49	0.01	-2.81	1.50	0.01	-4.22
PUB_HTM	613921	3138YNL62	Agency MBS 15yr	G-2-Q	FANNIE MAE	0.08718891	3	8/1/2030	40618255	 3,541,461 	 1,223,540.23 	3558932.47	3451624.97	100.4933	97.4632954	-107307.51	6/30/2026	Model2501	100	LMMSOFRFLAT	RFRSwap	4.53	2.58	1.59	0.00	0.015	 549 	0.35	0.49	0.64	0.11	0.00	0.00	0.00	1.7	12.6	52.3	43	0.09	11.49	3.49	132.00	74584.90	NA	NA	1.44	0.01	4.63	1.54	0.02	3.11	1.57	0.02	1.55	1.63	0.02	-1.55	1.67	0.02	-3.13	1.68	0.02	-4.70
PUB_AFS	614334	3138YR6Y9	Agency MBS 15yr	G-2-Q	FANNIE MAE	0.07029598	3	7/1/2030	175000000	 12,301,797 	 5,489,842.61 	12360493.58	11996177.75	100.4771	97.5156576	-364315.83	6/30/2026	Model2501	100	LMMSOFRFLAT	RFRSwap	4.56	2.57	1.52	0.00	0.015	 1,834 	0.36	0.50	0.58	0.08	0.00	0.00	0.00	1.6	12.8	54.5	46	0.07	12.95	3.38	133.00	70375.08	NA	NA	1.41	0.01	4.46	1.48	0.01	2.99	1.51	0.01	1.49	1.56	0.02	-1.49	1.60	0.02	-3.00	1.61	0.01	-4.52
AFS	614662	3138YUGY1	Agency MBS 30yr	G-2-Q	FANNIE MAE	0.28775671	4	9/1/2045	2363404	 680,085 	 23,282.75 	717212.02	648125.23	105.4591	95.3005713	-69086.79	6/30/2026	Model2501	100	LMMSOFRFLAT	RFRSwap	4.86	3.05	5.24	-0.10	0.050	 341 	0.10	0.17	0.40	1.26	2.42	0.88	0.00	6.8	7.5	67.9	47	0.29	8.89	4.64	131.00	136017.08	NA	NA	2.24	0.02	12.42	3.69	0.04	9.25	4.69	0.05	4.90	5.58	0.05	-5.04	5.91	0.05	-10.10	6.18	0.05	-15.13
PUB_HTM	613198	3138YUH79	Agency MBS 15yr	G-2-Q	FANNIE MAE	0.06558675	3	9/1/2030	57283337	 3,757,028 	 1,642,530.50 	3775163.69	3661583.24	100.4827	97.45957	-113580.45	6/30/2026	Model2501	100	LMMSOFRFLAT	RFRSwap	4.57	2.58	1.55	0.00	0.015	 570 	0.35	0.49	0.61	0.09	0.00	0.00	0.00	1.6	12.9	55.8	47	0.07	14.02	3.44	131.00	73024.08	NA	NA	1.39	0.01	4.52	1.50	0.02	3.04	1.53	0.02	1.52	1.59	0.02	-1.52	1.63	0.02	-3.06	1.64	0.02	-4.60
AFS	612290	3138YUHB0	Agency MBS 30yr	G-2-Q	FANNIE MAE	0.2585372	3.5	9/1/2045	7978871	 2,062,835 	 298,491.68 	2107270.76	1917748.67	102.1541	92.9666549	-189522.1	6/30/2026	Model2501	100	LMMSOFRFLAT	RFRSwap	4.78	3.12	5.47	-0.09	0.051	 1,053 	0.09	0.15	0.39	1.30	2.66	0.88	0.00	6.9	6.4	60.7	38	0.26	9.65	4.11	131.00	147345.36	NA	NA	2.24	0.02	12.86	3.95	0.04	9.59	4.98	0.05	5.03	5.83	0.05	-5.13	6.17	0.05	-10.27	6.28	0.05	-15.30
AFS	614220	3138YUHC8	Agency MBS 30yr	G-2-Q	FANNIE MAE	0.25150225	3.5	9/1/2045	1196977	 301,042 	 16,766.37 	310108.59	279673.46	103.0116	92.9016829	-30435.13	6/30/2026	Model2501	100	LMMSOFRFLAT	RFRSwap	4.85	2.95	5.26	-0.10	0.049	 148 	0.10	0.16	0.40	1.31	2.51	0.79	0.01	6.6	7.2	67.8	47	0.25	9.89	4.17	131.00	150521.20	NA	NA	2.22	0.02	12.41	3.84	0.04	9.22	4.79	0.05	4.83	5.62	0.05	-4.94	5.98	0.05	-9.91	6.18	0.05	-14.85
PUB_AFS	613193	3138YUNP2	Agency MBS 15yr	G-2-Q	FANNIE MAE	0.06174196	3	8/1/2030	44517560	 2,748,601 	 1,213,562.93 	2761841.17	2682356.02	100.4817	97.589851	-79485.15	6/30/2026	Model2501	100	LMMSOFRFLAT	RFRSwap	4.54	2.56	1.49	0.00	0.015	 401 	0.36	0.48	0.56	0.08	0.00	0.00	0.00	1.6	14.6	52.9	44	0.06	14.26	3.42	131.00	65802.64	NA	NA	1.36	0.01	4.35	1.45	0.01	2.92	1.47	0.01	1.46	1.52	0.01	-1.46	1.56	0.01	-2.94	1.57	0.01	-4.42
AFS	613145	3138YWH34	Agency MBS 30yr	G-2-Q	FANNIE MAE	0.27345543	3.5	10/1/2045	6226894	 1,702,778 	 96,531.57 	1754339.06	1583031.69	103.0281	92.9675922	-171307.38	6/30/2026	Model2501	100	LMMSOFRFLAT	RFRSwap	4.85	2.94	5.17	-0.05	0.048	 821 	0.10	0.17	0.40	1.31	2.48	0.71	0.01	6.4	7.1	70.2	48	0.27	9.30	4.22	130.00	114506.01	NA	NA	2.39	0.03	12.44	3.87	0.04	9.15	4.75	0.05	4.77	5.48	0.05	-4.84	5.82	0.05	-9.69	6.05	0.05	-14.52
PUB_HTM	613482	3138YWKG1	Agency MBS 15yr	G-2-Q	FANNIE MAE	0.0725905	3	10/1/2030	100000000	 7,259,050 	 2,914,406.27 	7295315.56	7070965.74	100.4996	97.4089687	-224349.82	6/30/2026	Model2501	100	LMMSOFRFLAT	RFRSwap	4.54	2.59	1.61	0.00	0.016	 1,143 	0.34	0.48	0.66	0.13	0.00	0.01	0.00	1.7	12.7	53.4	44	0.07	13.47	3.49	129.00	72310.09	NA	NA	1.44	0.01	4.69	1.56	0.02	3.15	1.59	0.02	1.58	1.65	0.02	-1.58	1.70	0.02	-3.17	1.71	0.02	-4.78
AFS	613858	31390KSP4	Agency MBS Other	G-2-Q	FANNIE MAE	0.00018542	7.5	5/1/2032	1000000	 185 	 134.18 	188.08	186.78	101.4324	100.733493	-1.3	6/30/2026	Model2501	100	LMMSOFRFLAT	RFRSwap	5.85	4.86	0.70	0.01	0.007	 0 	0.60	0.10	0.00	0.00	0.00	0.00	0.00	0.7	14.1	180.5	187	0.00	27.59	8.25	291.00	NA	NA	NA	0.72	0.01	2.19	0.71	0.01	1.45	0.71	0.01	0.72	0.70	0.01	-0.71	0.69	0.01	-1.40	0.68	0.01	-2.08
AFS	613157	31390VEC4	Agency MBS 30yr	G-2-Q	FANNIE MAE	0.0307164	6	9/1/2032	1714956	 52,677 	 7,291.27 	56537.81	53894.94	107.3286	102.311567	-2642.86	6/30/2026	Model2501	100	LMMSOFRFLAT	RFRSwap	4.91	2.89	2.30	0.04	0.024	 12 	0.25	0.37	0.72	0.92	0.05	0.00	0.00	2.6	11.5	93.7	77	0.03	10.10	6.63	287.00	52677.27	NA	NA	1.91	0.02	6.83	2.07	0.02	4.67	2.24	0.02	2.37	2.29	0.02	-2.34	2.29	0.02	-4.61	2.27	0.02	-6.83
AFS	614458	31391SRQ5	Agency MBS 30yr	G-2-Q	FANNIE MAE	0.02284395	6	12/1/2032	1061215	 24,242 	 17,645.55 	24350.8	24802.72	100.4474	102.311567	451.92	6/30/2026	Model2501	100	LMMSOFRFLAT	RFRSwap	1.98	4.77	0.65	0.01	0.007	 2 	0.60	0.06	0.00	0.00	0.00	0.00	0.00	0.7	7.8	-197.4	-199	0.02	11.44	6.25	283.00	24242.34	NA	NA	0.67	0.01	2.05	0.66	0.01	1.36	0.66	0.01	0.68	0.65	0.01	-0.67	0.64	0.01	-1.33	0.64	0.01	-1.98
AFS	614797	31393DYT2	Agency CMO	G-3-Q	FANNIE MAE	0.00378679	3.5	8/1/2033	2000000	 7,574 	 4,147.27 	7850.13	7475.24	103.6516	98.70156	-374.89	6/30/2026	Model2501	100	LMMSOFRFLAT	RFRSwap	4.84	-1.04	0.83	-0.01	0.008	 1 	0.60	0.22	0.00	0.02	0.00	0.00	0.00	0.9	11.7	80.2	78	0.00	16.15	5.93	276.00	59936.63	#SPILL!	#SPILL!	0.72	0.01	2.37	0.78	0.01	1.62	0.82	0.01	0.82	0.86	0.01	-0.84	0.86	0.01	-1.67	0.87	0.01	-2.51
AFS	613324	31397N6V2	Agency CMO	G-3-Q	FANNIE MAE	0.00050274	5.25	7/1/2039	100000000	 50,274 	 3,048.93 	53835.55	50039.52	107.0843	99.5336	-3796.02	6/30/2026	Model2501	100	LMMSOFRFLAT	RFRSwap	5.34	3.55	3.56	-0.36	0.036	 18 	0.18	0.27	0.52	1.28	1.31	0.00	-0.01	4.6	8.0	119.6	133	0.00	34.20	5.75	216.00	441613.13	BANK OF AMERICA, NATIONAL ASSOCIATION	100.00	2.31	0.03	8.59	2.43	0.03	6.05	2.91	0.03	3.31	3.92	0.04	-3.69	4.08	0.04	-7.48	4.22	0.04	-11.24
AFS	613735	31398FXJ5	Agency CMO	G-3-Q	FANNIE MAE	0.03099826	4	11/1/2049	777178	 24,091 	 718.14 	25241.58	22262.41	104.7753	92.409	-2979.18	6/30/2026	Model2501	100	LMMSOFRFLAT	RFRSwap	5.38	3.20	5.62	0.05	0.052	 13 	0.11	0.17	0.38	1.21	2.47	1.26	0.03	7.1	7.8	118.7	131	0.03	23.19	6.61	222.00	184359.61	#SPILL!	#SPILL!	4.06	0.04	14.58	4.55	0.05	10.09	5.20	0.05	5.19	5.79	0.05	-5.16	5.77	0.05	-10.08	5.90	0.05	-14.75
REG_STCK	611079	313990103	Regulatory_Stock	CB-4	FEDERAL RESERVE BANK		4.538	12/31/2100	577270850	 577,270,850 	 -   	577270850	577270850	100	100	0	6/30/2026																																														
WTNA_REG_STCK	611082	313992033	Regulatory_Stock	CB-4	FEDERAL RESERVE BANK		6	12/31/2100	10913400	 10,913,400 	 -   	10913400	10913400	100	100	0	6/30/2026																																														
REG_STCK	611090	313993034	Regulatory_Stock	CB-4	FEDERAL RESERVE BANK		4.538	12/31/2100	499150	 499,150 	 -   	499150	499150	100	100	0	6/30/2026																																														
AFS	614501	31400APE2	Agency MBS 30yr	G-2-Q	FANNIE MAE	0.02539542	5.5	2/1/2033	1241230	 31,522 	 4,635.49 	33250.74	32052.59	105.4857	101.6846795	-1198.14	6/30/2026	Model2501	100	LMMSOFRFLAT	RFRSwap	4.67	3.09	2.28	0.06	0.023	 7 	0.25	0.37	0.73	0.90	0.04	0.00	0.00	2.6	10.7	70.1	53	0.03	11.05	6.00	282.00	31521.56	NA	NA	2.08	0.02	7.06	2.21	0.02	4.74	2.28	0.02	2.36	2.27	0.02	-2.30	2.26	0.02	-4.53	2.25	0.02	-6.71
AFS	613691	31400JTW9	Agency MBS 30yr	G-2-Q	FANNIE MAE	0.01619328	5.5	2/1/2033	1655233	 26,804 	 3,212.95 	26821.89	26900.5	100.068	100.361335	78.61	6/30/2026	Model2501	100	LMMSOFRFLAT	RFRSwap	5.28	5.39	2.54	0.08	0.026	 7 	0.22	0.34	0.71	1.16	0.12	0.00	0.00	2.9	9.1	130.0	112	0.02	12.78	6.13	282.00	26803.65	NA	NA	2.54	0.03	8.01	2.55	0.03	5.27	2.55	0.03	2.60	2.51	0.02	-2.51	2.48	0.02	-4.93	2.46	0.02	-7.26
AFS	613888	31400STF6	Agency MBS 30yr	G-2-Q	FANNIE MAE	0.02622213	6	3/1/2033	1472736	 38,618 	 6,519.86 	39210.13	39697.75	101.5326	102.7952494	487.62	6/30/2026	Model2501	100	LMMSOFRFLAT	RFRSwap	4.54	5.14	2.05	0.05	0.021	 8 	0.27	0.40	0.79	0.59	0.00	0.00	0.00	2.3	9.7	56.7	42	0.03	11.09	6.25	281.00	38618.27	NA	NA	1.99	0.02	6.50	2.03	0.02	4.31	2.05	0.02	2.14	2.04	0.02	-2.09	2.03	0.02	-4.12	2.02	0.02	-6.11
AFS	614547	31401MBC4	Agency MBS 30yr	G-2-Q	FANNIE MAE	0.01663379	5.5	6/1/2033	2010006	 33,434 	 8,693.14 	34555	34076.8	103.3528	101.9225546	-478.2	6/30/2026	Model2501	100	LMMSOFRFLAT	RFRSwap	4.14	3.28	1.59	0.04	0.016	 5 	0.34	0.50	0.68	0.07	0.00	0.00	0.00	1.7	9.0	15.1	4	0.02	13.02	5.88	278.00	33434.02	NA	NA	1.54	0.02	4.97	1.58	0.02	3.31	1.59	0.02	1.64	1.58	0.02	-1.61	1.57	0.02	-3.18	1.56	0.02	-4.72
AFS	613265	31402BBE3	Agency MBS 30yr	G-2-Q	FANNIE MAE	0.04539505	5	8/1/2033	1893078	 85,936 	 14,332.70 	90116.2	85439.62	104.8639	99.4219548	-4676.59	6/30/2026	Model2501	100	LMMSOFRFLAT	RFRSwap	5.15	2.97	2.40	0.05	0.024	 21 	0.24	0.35	0.72	1.03	0.06	0.00	0.00	2.7	9.0	117.3	101	0.05	9.08	5.50	276.00	42968.18	NA	NA	2.22	0.02	7.26	2.32	0.02	4.86	2.38	0.02	2.42	2.39	0.02	-2.36	2.37	0.02	-4.66	2.37	0.02	-6.89
AFS	614589	31402DLZ1	Agency MBS ARM	G-2-Q	FANNIE MAE	0.00992227	5.451	8/1/2034	24181430	 239,935 	 81,003.38 	246024.05	243301.96	102.5379	101.4034151	-2722.09	6/30/2026	Model2501	100	LMMSOFRFLAT	RFRSwap	5.15	4.76	0.40	-0.17	0.004	 10 	0.05	-0.07	0.01	0.16	0.07	-0.02	0.00	3.2	10.1	114.8	111	0.01	16.02	6.06	265.00	86309.29	NEW RESIDENTIAL MORTGAGE LLC	100.00	1.22	0.01	2.14	0.88	0.01	1.06	0.44	0.00	0.38	0.84	0.01	-0.59	1.22	0.01	-1.65	1.57	0.02	-3.03
AFS	614552	31403RMG0	Agency MBS 30yr	G-2-Q	FANNIE MAE	0.03475406	5	10/1/2033	1789149	 62,180 	 9,250.73 	65741.35	61816.8	105.7272	99.4155876	-3924.54	6/30/2026	Model2501	100	LMMSOFRFLAT	RFRSwap	5.15	2.90	2.67	0.04	0.027	 17 	0.22	0.32	0.66	1.27	0.20	0.00	0.00	3.0	10.0	116.2	98	0.03	10.29	5.25	274.00	62180.19	NA	NA	2.18	0.02	7.77	2.44	0.03	5.31	2.61	0.03	2.68	2.68	0.03	-2.64	2.67	0.03	-5.20	2.68	0.02	-7.69
AFS	614275	31403RS66	Agency MBS 30yr	G-2-Q	FANNIE MAE	0.04549867	5.5	12/1/2033	605065	 27,530 	 2,995.76 	29155.14	27629.13	105.9045	100.361335	-1526.01	6/30/2026	Model2501	100	LMMSOFRFLAT	RFRSwap	5.29	3.29	2.65	0.07	0.027	 7 	0.22	0.32	0.65	1.23	0.23	0.00	0.00	3.0	11.8	130.4	112	0.05	9.53	6.13	271.00	27529.65	NA	NA	2.44	0.03	8.13	2.56	0.03	5.44	2.64	0.03	2.70	2.66	0.03	-2.64	2.66	0.03	-5.22	2.66	0.02	-7.72
AFS	613323	31403YC27	Agency MBS 30yr	G-2-Q	FANNIE MAE	0.03958162	4.75	8/1/2033	937508	 37,108 	 4,394.97 	36291.34	36830.99	97.799	99.2532676	539.64	6/30/2026	Model2501	100	LMMSOFRFLAT	RFRSwap	4.96	5.53	2.60	0.08	0.026	 10 	0.22	0.33	0.69	1.22	0.14	0.00	0.00	2.9	8.9	98.9	80	0.04	9.70	5.13	275.00	37108.09	NA	NA	2.51	0.03	8.00	2.56	0.03	5.30	2.60	0.03	2.63	2.58	0.03	-2.55	2.57	0.02	-5.02	2.59	0.02	-7.43
AFS	613333	31403YC43	Agency MBS 30yr	G-2-Q	FANNIE MAE	0.01114231	5.25	8/1/2033	14992196	 167,048 	 47,344.22 	165150.63	168105.19	98.8644	100.6330468	2954.55	6/30/2026	Model2501	100	LMMSOFRFLAT	RFRSwap	4.93	5.62	2.56	0.07	0.026	 43 	0.22	0.33	0.69	1.19	0.13	0.00	0.00	2.9	9.1	95.2	77	0.01	14.66	5.66	276.00	38827.09	NA	NA	2.46	0.03	7.99	2.53	0.03	5.30	2.56	0.03	2.62	2.55	0.03	-2.55	2.53	0.02	-5.02	2.53	0.02	-7.42
AFS	613608	31403YC76	Agency MBS Other	G-2-Q	FANNIE MAE	0.05251197	5.5	8/1/2033	992043	 52,094 	 5,973.90 	51758.87	51711.04	99.3564	99.2646225	-47.83	6/30/2026	Model2501	100	LMMSOFRFLAT	RFRSwap	5.71	5.67	2.51	0.07	0.025	 13 	0.23	0.34	0.69	1.12	0.14	0.00	0.00	2.9	11.1	171.8	155	0.05	8.70	5.89	278.00	26047.07	NA	NA	2.46	0.03	7.76	2.50	0.03	5.13	2.51	0.03	2.54	2.50	0.02	-2.47	2.49	0.02	-4.86	2.50	0.02	-7.20
AFS	612285	31403YC84	Agency MBS 30yr	G-2-Q	FANNIE MAE	0.01121005	5.75	8/1/2033	4601005	 51,578 	 11,857.90 	51445.19	51793.49	99.7435	100.418783	348.31	6/30/2026	Model2501	100	LMMSOFRFLAT	RFRSwap	5.45	5.76	2.20	0.05	0.022	 11 	0.31	0.31	0.61	0.90	0.07	0.00	0.00	2.5	15.0	146.6	131	0.01	14.61	6.16	279.00	17192.50	NA	NA	2.20	0.02	6.90	2.21	0.02	4.55	2.21	0.02	2.25	2.19	0.02	-2.19	2.19	0.02	-4.33	2.19	0.02	-6.42
AFS	613334	31403YC92	Agency MBS 30yr	G-2-Q	FANNIE MAE	0.00997573	5.75	8/1/2033	25149286	 250,882 	 47,845.87 	250021.24	254839.87	99.6567	101.5773857	4818.63	6/30/2026	Model2501	100	LMMSOFRFLAT	RFRSwap	4.98	5.80	2.31	0.06	0.024	 59 	0.24	0.36	0.74	0.93	0.04	0.00	0.00	2.6	9.1	100.2	84	0.01	15.09	6.13	279.00	41899.39	NA	NA	2.25	0.02	7.28	2.29	0.02	4.82	2.31	0.02	2.39	2.30	0.02	-2.32	2.28	0.02	-4.58	2.27	0.02	-6.78
AFS	614167	31403YCJ0	Agency MBS Other	G-2-Q	FANNIE MAE	0.01284529	5.25	5/1/2028	3487901	 44,803 	 38,719.84 	44512.97	44772.96	99.3524	99.9327183	259.99	6/30/2026	Model2501	100	LMMSOFRFLAT	RFRSwap	4.98	5.66	0.86	0.01	0.009	 4 	0.59	0.28	0.00	0.00	0.00	0.00	0.00	0.9	9.4	94.4	97	0.01	9.65	5.62	275.00	NA	NA	NA	0.88	0.01	2.66	0.87	0.01	1.76	0.87	0.01	0.87	0.86	0.01	-0.86	0.85	0.01	-1.70	0.85	0.01	-2.54
AFS	614170	31403YCL5	Agency MBS Other	G-2-Q	FANNIE MAE	0.00306014	5.75	11/1/2027	8098232	 24,782 	 23,387.03 	24692.53	24756.02	99.6401	99.8962704	63.49	6/30/2026	Model2501	100	LMMSOFRFLAT	RFRSwap	5.25	5.77	0.50	0.01	0.005	 1 	0.50	0.00	0.00	0.00	0.00	0.00	0.00	0.5	9.4	126.3	129	0.00	NA	6.12	280.00	NA	NA	NA	0.51	0.01	1.53	0.51	0.01	1.02	0.50	0.01	0.51	0.50	0.00	-0.50	0.49	0.00	-0.99	0.49	0.00	-1.48
AFS	612163	31403YCN1	Agency MBS Other	G-2-Q	FANNIE MAE	0.00172334	6.25	2/1/2027	4574137	 7,883 	 11,460.73 	7882.79	7866.48	100	99.7930624	-16.31	6/30/2026	Model2501	100	LMMSOFRFLAT	RFRSwap	5.72	5.12	0.35	0.00	0.004	 0 	0.35	0.00	0.00	0.00	0.00	0.00	0.00	0.4	9.4	175.1	178	0.00	1.39	6.63	279.00	NA	NA	NA	0.36	0.00	1.07	0.35	0.00	0.71	0.35	0.00	0.35	0.35	0.00	-0.35	0.35	0.00	-0.70	0.34	0.00	-1.04
AFS	614814	31403YDE0	Agency MBS 30yr	G-2-Q	FANNIE MAE	0.00480901	6.25	8/1/2033	5971174	 28,715 	 3,180.78 	28795.26	29379.21	100.278	102.311567	583.94	6/30/2026	Model2501	100	LMMSOFRFLAT	RFRSwap	5.29	6.06	2.58	0.08	0.027	 8 	0.22	0.33	0.69	1.19	0.15	0.00	0.00	3.0	9.8	130.9	113	0.00	18.01	6.63	278.00	28715.44	NA	NA	2.60	0.03	8.35	2.61	0.03	5.49	2.60	0.03	2.70	2.56	0.03	-2.61	2.54	0.02	-5.14	2.53	0.02	-7.59
AFS	614596	31403YDQ3	Agency MBS 30yr	G-2-Q	FANNIE MAE	0.11764176	4.25	8/1/2033	757179	 89,076 	 9,752.10 	85794.17	87814.11	96.3158	98.5835018	2019.94	6/30/2026	Model2501	100	LMMSOFRFLAT	RFRSwap	4.70	5.55	2.75	0.09	0.027	 24 	0.21	0.31	0.68	1.35	0.22	0.00	0.00	3.1	8.6	73.2	53	0.12	5.10	4.80	275.00	89075.87	NA	NA	2.36	0.03	8.18	2.62	0.03	5.54	2.74	0.03	2.76	2.74	0.03	-2.68	2.75	0.03	-5.28	2.77	0.03	-7.83
AFS	614036	31404JJ55	Agency MBS 30yr	G-2-Q	FANNIE MAE	0.03481424	5.5	3/1/2034	3064743	 106,697 	 14,264.72 	113171.21	107082.23	106.0681	100.361335	-6088.97	6/30/2026	Model2501	100	LMMSOFRFLAT	RFRSwap	5.27	3.09	2.48	0.05	0.025	 27 	0.23	0.34	0.69	1.12	0.11	0.00	0.00	2.8	9.6	128.7	112	0.03	10.78	5.82	268.00	53348.35	NA	NA	2.31	0.03	7.60	2.40	0.03	5.07	2.46	0.03	2.52	2.49	0.02	-2.47	2.47	0.02	-4.88	2.47	0.02	-7.22
AFS	614186	31404M6A1	Agency MBS 30yr	G-2-Q	FANNIE MAE	0.03508601	5	6/1/2034	1031569	 36,194 	 6,561.89 	37754.62	36335.59	104.3128	100.3922079	-1419.02	6/30/2026	Model2501	100	LMMSOFRFLAT	RFRSwap	4.72	2.98	2.16	0.04	0.022	 8 	0.26	0.38	0.75	0.77	0.01	0.00	0.00	2.4	9.8	74.2	59	0.04	10.93	5.63	265.00	36193.64	NA	NA	1.92	0.02	6.51	2.06	0.02	4.39	2.14	0.02	2.20	2.17	0.02	-2.16	2.16	0.02	-4.28	2.16	0.02	-6.34
AFS	614380	31404XLY8	Agency MBS 30yr	G-2-Q	FANNIE MAE	0.02379255	5.5	2/1/2035	3235934	 76,991 	 7,172.65 	82730.06	78389.51	107.454	101.8163028	-4340.55	6/30/2026	Model2501	100	LMMSOFRFLAT	RFRSwap	4.85	3.12	2.97	0.00	0.030	 23 	0.20	0.30	0.59	1.40	0.50	-0.01	0.00	3.5	10.1	85.7	65	0.02	13.13	5.88	257.00	76991.13	NA	NA	2.36	0.03	8.62	2.59	0.03	5.92	2.83	0.03	3.02	3.03	0.03	-3.03	3.04	0.03	-5.99	3.05	0.03	-8.88
AFS	614357	31404XT61	Agency MBS 30yr	G-2-Q	FANNIE MAE	0.03115197	5.5	1/1/2035	6848996	 213,360 	 22,251.07 	229609.42	214130.66	107.6161	100.361335	-15478.76	6/30/2026	Model2501	100	LMMSOFRFLAT	RFRSwap	5.32	3.00	2.92	0.05	0.029	 63 	0.20	0.30	0.61	1.43	0.39	0.00	0.00	3.4	8.9	132.6	113	0.03	11.95	5.88	259.00	71119.91	NA	NA	2.52	0.03	8.70	2.69	0.03	5.89	2.85	0.03	2.96	2.94	0.03	-2.91	2.93	0.03	-5.74	2.93	0.03	-8.49
AFS	614336	31405FGE6	Agency MBS ARM	G-2-Q	FANNIE MAE	0.00180647	6.152	7/1/2034	9000000	 16,258 	 1,492.48 	16358.3	16634.77	100.6155	102.3159829	276.47	6/30/2026	Model2501	100	LMMSOFRFLAT	RFRSwap	5.45	6.06	0.91	-0.09	0.009	 2 	0.36	-0.10	0.04	0.33	0.18	-0.01	0.00	3.2	11.2	143.3	150	0.00	21.85	6.75	265.00	31775.96	NEW RESIDENTIAL MORTGAGE LLC	100.00	1.44	0.02	3.17	1.03	0.01	1.89	0.88	0.01	0.91	1.09	0.01	-1.00	1.50	0.02	-2.29	1.91	0.02	-3.99
AFS	614721	31406ELK8	Agency MBS 30yr	G-2-Q	FANNIE MAE	0.01229465	5.5	12/1/2034	3854574	 47,391 	 4,501.44 	50647.8	48327.14	106.873	101.9761306	-2320.66	6/30/2026	Model2501	100	LMMSOFRFLAT	RFRSwap	4.80	3.29	3.01	0.06	0.031	 15 	0.20	0.29	0.60	1.44	0.49	-0.01	0.00	3.5	9.6	81.8	60	0.01	15.58	5.88	259.00	47390.64	NA	NA	2.53	0.03	9.08	2.77	0.03	6.17	2.94	0.03	3.10	3.03	0.03	-3.05	3.02	0.03	-6.01	3.02	0.03	-8.87
AFS	614412	31406MKA3	Agency MBS 30yr	G-2-Q	FANNIE MAE	0.02604966	5	6/1/2035	4002072	 104,253 	 9,393.40 	110833.6	104738.26	106.3125	100.4658349	-6095.34	6/30/2026	Model2501	100	LMMSOFRFLAT	RFRSwap	4.81	3.12	3.23	0.07	0.033	 34 	0.18	0.28	0.58	1.55	0.66	-0.01	0.00	3.8	8.1	82.3	60	0.03	13.02	5.52	254.00	52126.31	NA	NA	2.83	0.03	9.72	3.01	0.03	6.55	3.16	0.03	3.28	3.24	0.03	-3.22	3.23	0.03	-6.33	3.24	0.03	-9.33
AFS	612523	31407ER96	Agency MBS 30yr	G-2-Q	FANNIE MAE	0.0262734	5.5	12/1/2035	3598316	 94,540 	 7,917.11 	102327.91	96410.29	108.2377	101.9783106	-5917.61	6/30/2026	Model2501	100	LMMSOFRFLAT	RFRSwap	4.86	3.12	3.21	-0.04	0.033	 31 	0.19	0.28	0.57	1.46	0.74	-0.02	0.00	3.9	8.9	85.9	64	0.03	13.50	6.00	248.00	94539.99	NA	NA	2.07	0.02	8.59	2.45	0.03	6.15	2.96	0.03	3.23	3.30	0.03	-3.29	3.31	0.03	-6.51	3.32	0.03	-9.63
AFS	613577	31407FFH8	Agency MBS 30yr	G-2-Q	FANNIE MAE	0.09380054	5	6/1/2035	1360664	 127,631 	 18,413.28 	135481.25	126685.13	106.1507	99.2588893	-8796.12	6/30/2026	Model2501	100	LMMSOFRFLAT	RFRSwap	5.20	2.88	2.83	0.02	0.028	 36 	0.21	0.31	0.62	1.38	0.31	0.00	0.00	3.3	9.4	120.4	102	0.09	7.62	5.88	253.00	63815.51	NA	NA	2.27	0.02	8.07	2.50	0.03	5.54	2.73	0.03	2.81	2.88	0.03	-2.80	2.87	0.03	-5.55	2.87	0.03	-8.21
AFS	614054	31407QGB6	Agency MBS ARM	G-2-Q	FANNIE MAE	0.00044345	6.13	9/1/2037	33798675	 14,988 	 4,607.04 	15477	15277.46	103.2624	101.9311504	-199.53	6/30/2026	Model2501	100	LMMSOFRFLAT	RFRSwap	5.46	5.11	1.07	-0.01	0.011	 2 	0.38	0.07	0.12	0.22	0.28	0.00	0.00	4.4	9.5	142.5	152	0.00	32.52	7.00	226.00	14988.02	TRUIST BANK	100.00	1.97	0.02	4.26	1.47	0.02	2.46	1.15	0.01	1.13	1.18	0.01	-1.12	1.49	0.01	-2.45	1.89	0.02	-4.14
AFS	613294	31408B2Q0	Agency MBS ARM	G-2-Q	FANNIE MAE	0.00459422	5.663	11/1/2035	15013237	 68,974 	 5,346.33 	70993.08	70130.11	102.9271	101.6759852	-862.98	6/30/2026	Model2501	100	LMMSOFRFLAT	RFRSwap	5.24	4.83	0.48	-0.18	0.005	 3 	0.13	-0.10	-0.02	0.12	0.13	-0.01	0.00	3.5	12.6	123.0	119	0.00	20.40	6.13	247.00	68974.12	NEW RESIDENTIAL MORTGAGE LLC	100.00	1.41	0.01	2.51	0.98	0.01	1.27	0.56	0.01	0.48	0.84	0.01	-0.64	1.21	0.01	-1.69	1.49	0.01	-3.04
AFS	613095	31408ELZ3	Agency MBS ARM	G-2-Q	FANNIE MAE	0.00302504	5.465	1/1/2036	30041599	 90,877 	 6,655.68 	93355.05	91785.25	102.7268	100.9993873	-1569.79	6/30/2026	Model2501	100	LMMSOFRFLAT	RFRSwap	5.41	4.81	0.51	-0.04	0.005	 5 	0.03	0.04	0.12	0.16	0.14	-0.03	-0.01	3.3	14.1	138.6	144	0.00	22.42	6.50	245.00	151377.84	ROCKET MORTGAGE, LLC	100.00	1.16	0.01	1.94	0.61	0.01	1.06	0.51	0.01	0.52	0.69	0.01	-0.57	1.21	0.01	-1.53	1.55	0.02	-2.90
AFS	614199	31409D6C2	Agency MBS ARM	G-2-Q	FANNIE MAE	0.00222064	6.164	4/1/2036	30022219	 66,669 	 60,506.27 	68678.5	68500.95	103.0149	102.7485351	-177.55	6/30/2026	Model2501	100	LMMSOFRFLAT	RFRSwap	5.53	5.45	0.78	-0.11	0.008	 5 	0.26	-0.06	0.08	0.17	0.24	-0.02	0.00	3.6	12.6	150.3	158	0.00	23.73	6.50	243.00	66668.54	NEW RESIDENTIAL MORTGAGE LLC	100.00	1.37	0.01	2.76	0.88	0.01	1.62	0.76	0.01	0.78	1.03	0.01	-0.90	1.56	0.02	-2.20	2.06	0.02	-4.02
AFS	614660	31409GR65	Agency MBS ARM	G-2-Q	FANNIE MAE	0.0058682	5.867	12/1/2036	12550001	 73,646 	 6,953.26 	75953.42	75344.47	103.1332	102.3063787	-608.95	6/30/2026	Model2501	100	LMMSOFRFLAT	RFRSwap	5.43	5.17	0.47	-0.08	0.005	 4 	-0.05	0.06	0.15	0.15	0.16	-0.04	-0.01	3.6	13.8	139.3	146	0.01	20.85	6.50	234.00	73645.91	NEW RESIDENTIAL MORTGAGE LLC	100.00	1.15	0.01	1.82	0.56	0.01	0.96	0.45	0.00	0.47	0.63	0.01	-0.54	1.21	0.01	-1.47	1.62	0.02	-2.91
AFS	614500	31409GRW8	Agency MBS ARM	G-2-Q	FANNIE MAE	0.00903427	6.316	10/1/2036	16153769	 145,938 	 176,244.21 	150780.65	149658.85	103.3186	102.5499557	-1121.8	6/30/2026	Model2501	100	LMMSOFRFLAT	RFRSwap	5.30	5.04	0.20	-0.07	0.002	 3 	-0.31	0.17	0.22	0.12	0.04	-0.07	-0.02	3.4	14.5	126.1	135	0.01	19.27	7.00	237.00	145937.52	NEW RESIDENTIAL MORTGAGE LLC	100.00	1.13	0.01	1.45	0.58	0.01	0.42	0.18	0.00	0.19	0.22	0.00	-0.22	0.63	0.01	-0.51	1.31	0.01	-1.63
AFS	612998	31409GUE4	Agency MBS 30yr	G-2-Q	FANNIE MAE	0.09034717	5.5	12/1/2036	2212732	 199,914 	 14,692.54 	216777.69	203916.41	108.4354	102.0020268	-12861.28	6/30/2026	Model2501	100	LMMSOFRFLAT	RFRSwap	4.89	3.20	3.34	-0.10	0.034	 68 	0.19	0.27	0.54	1.38	1.00	-0.03	-0.01	4.1	9.3	86.1	65	0.09	8.97	6.18	235.00	99957.04	NA	NA	2.32	0.03	8.98	2.55	0.03	6.34	3.03	0.03	3.34	3.50	0.03	-3.45	3.55	0.03	-6.89	3.58	0.03	-10.24
AFS	613815	31409TQ27	Agency MBS 30yr	G-2-Q	FANNIE MAE	0.02126784	6	4/1/2036	3092584	 65,773 	 6,177.40 	71663.9	67455.93	108.9571	102.5593512	-4207.97	6/30/2026	Model2501	100	LMMSOFRFLAT	RFRSwap	5.13	3.24	3.03	-0.01	0.031	 21 	0.20	0.29	0.58	1.42	0.56	-0.01	0.00	3.7	9.2	113.1	93	0.02	14.82	6.38	244.00	65772.58	NA	NA	2.44	0.03	8.89	2.65	0.03	6.09	2.89	0.03	3.10	3.10	0.03	-3.11	3.12	0.03	-6.18	3.12	0.03	-9.15
AFS	612286	31409XGU7	Agency MBS 30yr	G-2-Q	FANNIE MAE	0.02679292	6	6/1/2036	1055054	 28,268 	 2,096.59 	30682.24	29177.64	108.5406	103.2179874	-1504.6	6/30/2026	Model2501	100	LMMSOFRFLAT	RFRSwap	5.01	3.54	3.31	0.07	0.034	 10 	0.19	0.28	0.55	1.43	0.88	-0.01	0.00	4.0	10.1	101.2	78	0.03	14.07	6.75	241.00	28267.98	NA	NA	2.76	0.03	10.07	3.00	0.03	6.84	3.21	0.03	3.45	3.32	0.03	-3.38	3.34	0.03	-6.67	3.34	0.03	-9.86
AFS	614317	3140B8GW5	Agency MBS 30yr	G-2-Q	FANNIE MAE	0.87127165	5.5	4/1/2055	2672589	 2,328,551 	 337,575.35 	2332605.2	2345059.7	100.1741	100.7089675	12454.5	6/30/2026	Model2501	100	LMMSOFRFLAT	RFRSwap	5.36	5.46	3.63	-1.99	0.037	 856 	0.23	0.32	0.45	0.85	1.12	0.64	0.04	6.3	11.3	64.6	96	0.87	10.08	6.47	15.00	235912.30	NA	NA	1.20	0.01	4.92	0.97	0.01	3.72	1.57	0.02	2.61	5.27	0.05	-4.49	6.22	0.06	-9.94	6.84	0.06	-15.71
AFS	613369	3140B8GX3	Agency MBS 30yr	G-2-Q	FANNIE MAE	0.62371776	6	4/1/2055	4888238	 3,048,881 	 1,867,436.04 	3109050.97	3141065.34	101.9735	103.0235514	32014.36	6/30/2026	Model2501	100	LMMSOFRFLAT	RFRSwap	5.26	5.50	2.50	-1.88	0.026	 788 	0.29	0.32	0.43	0.65	0.60	0.24	-0.01	5.2	15.9	55.3	87	0.62	32.56	6.86	15.00	247867.16	NA	NA	1.13	0.01	3.45	0.83	0.01	2.39	0.91	0.01	1.68	4.18	0.04	-3.46	5.26	0.05	-8.11	5.97	0.05	-13.34
AFS	614723	3140B9PC7	Agency MBS 30yr	G-2-Q	FANNIE MAE	0.50215777	6.5	5/1/2055	1782469	 895,081 	 920,568.65 	929347.52	930785.13	103.8284	103.9889666	1437.6	6/30/2026	Model2501	100	LMMSOFRFLAT	RFRSwap	5.37	5.41	2.33	-1.40	0.024	 218 	0.29	0.30	0.40	0.63	0.56	0.17	-0.02	4.6	18.6	81.1	99	0.50	46.52	7.30	16.00	156600.09	NA	NA	1.21	0.01	3.67	0.66	0.01	2.63	1.19	0.01	1.80	3.55	0.04	-3.07	4.51	0.04	-7.09	5.35	0.05	-11.81
AFS	613247	3140BCT77	Agency MBS 30yr	G-2-Q	FANNIE MAE	0.98583331	5	5/1/2055	1019620	 1,005,175 	 13,082.17 	979858.54	997535.77	97.4814	99.239974	17677.23	6/30/2026	Model2501	100	LMMSOFRFLAT	RFRSwap	5.12	5.41	4.61	-1.34	0.046	 462 	0.15	0.29	0.50	1.06	1.59	0.95	0.09	7.4	9.2	55.2	69	0.99	0.08	6.00	14.00	201035.61	NA	NA	1.57	0.02	6.89	1.17	0.01	5.41	2.57	0.03	3.73	5.75	0.05	-5.09	6.49	0.06	-10.72	6.99	0.06	-16.54
AFS	614809	3140BCU42	Agency MBS 30yr	G-2-Q	FANNIE MAE	0.87287756	5.5	5/1/2055	1198049	 1,045,750 	 150,806.31 	1042976.65	1058719.74	99.7348	101.2402252	15743.09	6/30/2026	Model2501	100	LMMSOFRFLAT	RFRSwap	5.26	5.54	3.55	-1.77	0.036	 378 	0.22	0.33	0.49	0.89	1.06	0.55	0.03	6.2	11.7	58.6	86	0.87	10.79	6.44	14.00	174337.88	NA	NA	1.22	0.01	4.86	0.93	0.01	3.62	1.55	0.02	2.61	5.03	0.05	-4.35	5.95	0.05	-9.58	6.57	0.06	-15.19
AFS	614829	3140BCVY5	Agency MBS 30yr	G-2-Q	FANNIE MAE	0.9770816	6	5/1/2055	1232654	 1,204,404 	 26,884.29 	1225343.26	1245286.66	101.7386	103.3944703	19943.4	6/30/2026	Model2501	100	LMMSOFRFLAT	RFRSwap	5.18	5.56	2.74	-1.62	0.028	 343 	0.27	0.32	0.45	0.73	0.73	0.26	-0.02	5.3	15.7	58.1	80	0.98	1.10	6.97	14.00	153565.22	NA	NA	1.20	0.01	3.93	0.65	0.01	2.93	1.28	0.01	2.04	4.15	0.04	-3.57	5.07	0.05	-8.12	5.72	0.05	-13.17
AFS	612270	3140BDFZ8	Agency MBS 30yr	G-2-Q	FANNIE MAE	0.88139671	6.5	5/1/2055	1634352	 1,440,512 	 199,571.65 	1491159.34	1497646.36	103.5159	103.9662193	6487.02	6/30/2026	Model2501	100	LMMSOFRFLAT	RFRSwap	5.25	5.38	2.10	-1.23	0.022	 316 	0.31	0.29	0.38	0.57	0.44	0.11	-0.02	4.2	21.0	71.8	88	0.88	10.15	7.33	14.00	180911.17	NA	NA	1.22	0.01	3.69	0.78	0.01	2.60	1.19	0.01	1.67	3.25	0.03	-2.78	4.18	0.04	-6.51	4.89	0.05	-10.89
AFS	614725	3140BDHM5	Agency MBS 30yr	G-2-Q	FANNIE MAE	0.98327035	5.5	6/1/2055	1369720	 1,346,805 	 22,839.96 	1342409.25	1360638.45	99.6736	101.027126	18229.2	6/30/2026	Model2501	100	LMMSOFRFLAT	RFRSwap	5.28	5.56	3.54	-1.58	0.036	 484 	0.23	0.34	0.48	0.87	1.06	0.55	0.04	5.9	12.9	66.0	89	0.98	0.55	6.47	13.00	172927.94	NA	NA	1.37	0.01	5.38	1.04	0.01	4.03	1.81	0.02	2.73	4.84	0.05	-4.23	5.62	0.05	-9.22	6.19	0.05	-14.52
AFS	620160	3140BFY90	Agency MBS 30yr	G-2-Q	FANNIE MAE	0.88510795	6.5	6/1/2055	1035400	 916,441 	 123,516.55 	956758.37	953356.09	104.3994	104.0281183	-3402.28	6/30/2026	Model2501	100	LMMSOFRFLAT	RFRSwap	5.36	5.27	2.81	-0.98	0.029	 269 	0.28	0.30	0.42	0.75	0.80	0.26	-0.01	4.8	18.3	94.7	101	0.89	10.66	7.45	13.00	133146.72	NA	NA	1.35	0.01	5.35	1.18	0.01	4.03	1.89	0.02	2.45	3.73	0.04	-3.39	4.52	0.04	-7.50	5.19	0.05	-12.10
AFS	642748	3140BJWG8	Agency MBS 30yr	G-2-Q	FANNIE MAE	0.92444332	6	8/1/2055	1476559	 1,364,995 	 113,354.47 	1402576.25	1401548.15	102.7532	102.6778887	-1028.09	6/30/2026	Model2501	100	LMMSOFRFLAT	RFRSwap	5.38	5.36	3.02	-1.78	0.031	 425 	0.25	0.31	0.44	0.77	0.87	0.39	0.01	5.6	14.7	72.8	98	0.92	7.25	6.85	12.00	196254.41	NA	NA	1.29	0.01	4.35	0.91	0.01	3.13	1.32	0.01	2.21	4.58	0.05	-3.90	5.54	0.05	-8.84	6.16	0.05	-14.22
AFS	694926	3140BS3T2	Agency MBS 30yr	G-2-Q	FANNIE MAE	0.94240607	6	10/1/2055	1714432	 1,615,691 	 12,429.04 	1680400.95	1665075.49	104.0051	103.0565476	-15325.46	6/30/2026	Model2501	100	LMMSOFRFLAT	RFRSwap	5.31	5.11	3.06	-1.62	0.032	 512 	0.25	0.32	0.45	0.79	0.89	0.37	0.00	5.7	14.4	69.1	92	0.94	7.56	6.88	10.00	162220.25	NA	NA	1.20	0.01	4.38	0.70	0.01	3.38	1.52	0.02	2.34	4.50	0.04	-3.89	5.42	0.05	-8.75	6.07	0.05	-14.06
AFS	714809	3140BXJV9	Agency MBS 30yr	G-2-Q	FANNIE MAE	0.99294854	5.5	12/1/2055	1119600	 1,111,705 	 8,050.24 	1133249.05	1120578.21	101.9379	100.7981455	-12670.84	6/30/2026	Model2501	100	LMMSOFRFLAT	RFRSwap	5.33	5.12	4.15	-1.19	0.042	 467 	0.18	0.32	0.50	1.01	1.40	0.70	0.06	6.6	12.2	81.1	96	0.99	0.08	6.39	8.00	186069.78	NA	NA	1.40	0.02	6.96	1.45	0.02	5.50	2.58	0.03	3.48	5.22	0.05	-4.67	5.95	0.05	-9.94	6.47	0.06	-15.46
PUB_HTM	613394	3140E2VZ1	Agency MBS 15yr	G-2-Q	FANNIE MAE	0.06457104	3	10/1/2030	35000000	 2,259,986 	 897,329.48 	2271310.48	2201878.14	100.5011	97.4288225	-69432.35	6/30/2026	Model2501	100	LMMSOFRFLAT	RFRSwap	4.53	2.58	1.61	0.00	0.016	 356 	0.34	0.48	0.65	0.13	0.00	0.01	0.00	1.7	12.9	52.5	43	0.06	14.00	3.39	131.00	78971.08	NA	NA	1.42	0.01	4.66	1.55	0.02	3.14	1.58	0.02	1.57	1.65	0.02	-1.58	1.70	0.02	-3.17	1.71	0.02	-4.77
PUB_AFS	613037	3140E8KZ0	Agency MBS 15yr	G-2-Q	FANNIE MAE	0.07207886	3	12/1/2030	20140529	 1,451,706 	 574,168.81 	1459480.94	1412469.01	100.5355	97.2971561	-47011.93	6/30/2026	Model2501	100	LMMSOFRFLAT	RFRSwap	4.50	2.60	1.74	0.00	0.017	 246 	0.32	0.46	0.73	0.22	0.00	0.01	0.00	1.8	12.2	49.7	39	0.07	13.87	3.44	128.00	99587.65	NA	NA	1.52	0.02	5.03	1.67	0.02	3.39	1.71	0.02	1.70	1.78	0.02	-1.70	1.84	0.02	-3.42	1.85	0.02	-5.15
PUB_HTM	613175	3140EVGS0	Agency MBS 15yr	G-2-Q	FANNIE MAE	0.07437868	3	2/1/2031	24207535	 1,800,525 	 501,950.10 	1810035.11	1751881.65	100.5282	97.2984068	-58153.45	6/30/2026	Model2501	100	LMMSOFRFLAT	RFRSwap	4.51	2.60	1.72	0.00	0.017	 303 	0.32	0.45	0.72	0.22	0.00	0.01	0.00	1.8	12.8	51.0	41	0.07	14.09	3.45	126.00	85957.84	NA	NA	1.51	0.02	4.98	1.65	0.02	3.36	1.70	0.02	1.68	1.77	0.02	-1.68	1.82	0.02	-3.39	1.84	0.02	-5.10
PUB_HTM	613672	3140EYCN9	Agency MBS 15yr	G-2-Q	FANNIE MAE	0.09240944	3	2/1/2031	34679319	 3,204,696 	 1,569,201.32 	3222283.69	3114823.78	100.5488	97.1955949	-107459.91	6/30/2026	Model2501	100	LMMSOFRFLAT	RFRSwap	4.53	2.60	1.78	-0.01	0.017	 557 	0.31	0.45	0.74	0.27	0.00	0.01	0.00	1.9	12.9	52.5	42	0.09	12.32	3.48	127.00	96014.29	NA	NA	1.51	0.02	5.10	1.69	0.02	3.46	1.75	0.02	1.73	1.84	0.02	-1.75	1.90	0.02	-3.52	1.92	0.02	-5.30
AFS	613231	3140F0JU9	Agency MBS 15yr	G-2-Q	FANNIE MAE	0.14621253	2	10/1/2031	42214099	 6,172,230 	 1,637,795.31 	6177608.15	5859861.49	100.0871	94.9391271	-317746.66	6/30/2026	Model2501	100	LMMSOFRFLAT	RFRSwap	4.56	1.90	2.05	-0.01	0.020	 1,206 	0.27	0.41	0.80	0.54	0.01	0.01	0.00	2.1	10.8	56.2	45	0.15	9.78	2.51	118.00	96237.79	NA	NA	1.82	0.02	5.78	1.95	0.02	3.88	2.00	0.02	1.95	2.13	0.02	-1.97	2.17	0.02	-3.95	2.15	0.02	-5.90
AFS	613788	3140FKR28	Agency MBS 15yr	G-2-Q	FANNIE MAE	0.12740401	2	10/1/2031	19268072	 2,454,830 	 580,607.61 	2457207.52	2331193.06	100.0969	94.9635374	-126014.47	6/30/2026	Model2501	100	LMMSOFRFLAT	RFRSwap	4.52	1.90	2.07	-0.01	0.020	 483 	0.27	0.41	0.81	0.55	0.01	0.01	0.00	2.1	10.3	52.7	41	0.13	10.96	2.52	118.00	98512.83	NA	NA	1.85	0.02	5.84	1.97	0.02	3.92	2.02	0.02	1.96	2.14	0.02	-1.98	2.17	0.02	-3.97	2.15	0.02	-5.92
PUB_HTM	613007	3140GQ4Y9	Agency MBS 15yr	G-2-Q	FANNIE MAE	0.23016355	3	8/1/2032	14872902	 3,423,200 	 834,351.83 	3456600.56	3303327.27	100.9757	96.4982282	-153273.28	6/30/2026	Model2501	100	LMMSOFRFLAT	RFRSwap	4.52	2.51	2.28	0.00	0.022	 756 	0.24	0.37	0.77	0.86	0.02	0.01	0.00	2.4	9.3	52.9	39	0.23	7.80	3.53	108.00	110425.80	NA	NA	1.99	0.02	6.58	2.18	0.02	4.43	2.24	0.02	2.21	2.36	0.02	-2.22	2.43	0.02	-4.46	2.41	0.02	-6.67
PUB_HTM	614847	3140HNKC5	Agency MBS 30yr	G-2-Q	FANNIE MAE	0.66680286	2	1/1/2051	50000000	 33,340,143 	 1,810,527.46 	31302982.8	26871006.02	93.8898	80.596553	-4431976.78	6/30/2026	Model2501	100	LMMSOFRFLAT	RFRSwap	5.04	2.84	7.52	0.06	0.061	 20,250 	0.05	0.09	0.24	1.12	3.29	2.54	0.22	8.7	5.7	73.5	60	0.67	4.91	2.88	66.00	325729.03	NA	NA	4.63	0.05	17.15	6.10	0.06	11.96	6.93	0.06	6.06	7.99	0.06	-6.03	8.22	0.06	-11.88	8.11	0.05	-17.30
AFS	614203	3140HRSF1	Agency CMBS	G-2-Q	FANNIE MAE	1	4.04	12/1/2030	12000000	 12,000,000 	 -   	11731635.13	11792188.62	97.7636	98.2682385	60553.49	6/30/2026	CPY	0	LMMSOFRFLAT	RFRSwap	4.50	4.63	4.00	0.21	0.039	 4,734 	0.01	0.00	1.02	2.96	0.00	0.00	0.00	4.5	NA	57.8	55	1.00	0.00	4.61	90.00	NA	NA	NA	4.14	0.05	12.81	4.10	0.04	8.31	4.05	0.04	4.05	3.95	0.04	-3.84	3.91	0.04	-7.50	3.86	0.03	-10.97
PUB_HTM	613418	3140HUZH2	Agency CMBS	G-2-Q	FANNIE MAE	0.986522659	2.21	10/1/2029	8300000	 8,188,138 	 109,188.77 	8032767.23	7661502.67	98.1025	93.5683132	-371264.56	6/30/2026	CPY	0	LMMSOFRFLAT	RFRSwap	4.39	2.83	3.01	0.12	0.028	 2,309 	0.01	0.01	2.50	0.48	0.00	0.00	0.00	3.2	NA	44.0	41	0.99	0.00	3.05	80.00	NA	NA	NA	3.11	0.03	9.00	3.07	0.03	5.88	3.04	0.03	2.88	2.98	0.03	-2.76	2.95	0.03	-5.42	2.92	0.03	-7.97
PUB_HTM	613471	3140HVD76	Agency CMBS	G-2-Q	FANNIE MAE	1	2.28	10/1/2029	12768000	 12,768,000 	 -   	12534532.91	11955546.3	98.1715	93.6367975	-578986.61	6/30/2026	CPY	0	LMMSOFRFLAT	RFRSwap	4.37	2.86	3.12	0.13	0.029	 3,733 	-0.01	-0.03	2.64	0.52	0.00	0.00	0.00	3.3	NA	41.7	38	1.00	0.00	2.99	80.00	NA	NA	NA	3.21	0.03	9.34	3.18	0.03	6.10	3.15	0.03	2.98	3.09	0.03	-2.86	3.06	0.03	-5.61	3.03	0.03	-8.26
PUB_HTM	614693	3140HVKH6	Agency CMBS	G-2-Q	FANNIE MAE	1	2.25	10/1/2029	12205000	 12,205,000 	 -   	11985568.13	11427873.74	98.2021	93.6327222	-557694.39	6/30/2026	CPY	0	LMMSOFRFLAT	RFRSwap	4.34	2.82	3.12	0.13	0.029	 3,570 	-0.01	-0.03	2.64	0.52	0.00	0.00	0.00	3.3	NA	38.8	35	1.00	0.00	3.14	80.00	NA	NA	NA	3.21	0.03	9.34	3.18	0.03	6.10	3.15	0.03	2.99	3.09	0.03	-2.87	3.06	0.03	-5.62	3.03	0.03	-8.26
PUB_HTM	614572	3140HVMA9	Agency CMBS	G-2-Q	FANNIE MAE	1	2.26	10/1/2029	14900000	 14,900,000 	 -   	14636909.89	13929654.72	98.2343	93.4876156	-707255.16	6/30/2026	CPY	0	LMMSOFRFLAT	RFRSwap	4.40	2.82	3.12	0.13	0.029	 4,351 	-0.01	-0.03	2.64	0.52	0.00	0.00	0.00	3.3	NA	44.6	41	1.00	0.00	3.22	80.00	NA	NA	NA	3.21	0.03	9.33	3.18	0.03	6.09	3.15	0.03	2.98	3.09	0.03	-2.86	3.06	0.03	-5.61	3.03	0.03	-8.25
PUB_HTM	614080	3140HVVK7	Agency CMBS	G-2-Q	FANNIE MAE	0.931485334	2.43	10/1/2029	35000000	 32,601,987 	 679,295.18 	32254336.79	30721278.26	98.9337	94.2313073	-1533058.52	6/30/2026	CPY	0	LMMSOFRFLAT	RFRSwap	4.39	2.78	2.99	0.12	0.028	 9,213 	0.02	0.02	2.48	0.48	0.00	0.00	0.00	3.2	NA	43.9	41	0.93	0.00	3.78	80.00	NA	NA	NA	3.09	0.03	9.02	3.06	0.03	5.89	3.03	0.03	2.88	2.96	0.03	-2.77	2.93	0.03	-5.43	2.90	0.03	-7.99
PUB_HTM	613114	3140HW4G4	Agency CMBS	G-2-Q	FANNIE MAE	1	2.43	1/1/2030	40000000	 40,000,000 	 -   	39526613.4	37335632.2	98.8165	93.3390805	-2190981.2	6/30/2026	CPY	0	LMMSOFRFLAT	RFRSwap	4.44	2.75	3.34	0.14	0.031	 12,480 	-0.01	-0.03	2.39	0.98	0.00	0.00	0.00	3.6	NA	49.8	47	1.00	0.00	3.15	77.00	NA	NA	NA	3.44	0.04	10.00	3.40	0.03	6.52	3.37	0.03	3.19	3.30	0.03	-3.05	3.27	0.03	-5.98	3.24	0.03	-8.78
PUB_HTM	613245	3140HWBB7	Agency CMBS	G-2-Q	FANNIE MAE	0.987822325	2.37	10/1/2029	15461000	 15,272,721 	 184,690.33 	15040259.07	14303607.84	98.4779	93.6546138	-736651.23	6/30/2026	CPY	0	LMMSOFRFLAT	RFRSwap	4.52	2.87	3.01	0.12	0.028	 4,315 	0.01	0.01	2.50	0.48	0.00	0.00	0.00	3.2	NA	56.8	54	0.99	0.00	3.61	80.00	NA	NA	NA	3.11	0.03	9.02	3.08	0.03	5.89	3.04	0.03	2.88	2.98	0.03	-2.77	2.95	0.03	-5.43	2.92	0.03	-7.98
PUB_HTM	614360	3140HWPX4	Agency CMBS	G-2-Q	FANNIE MAE	1	2.315	12/1/2029	25000000	 25,000,000 	 -   	24553894.43	23385294.9	98.2156	93.5411796	-1168599.53	6/30/2026	CPY	0	LMMSOFRFLAT	RFRSwap	4.34	2.86	3.26	0.14	0.031	 7,649 	-0.01	-0.03	2.49	0.82	0.00	0.00	0.00	3.5	NA	39.7	36	1.00	0.00	3.14	78.00	NA	NA	NA	3.36	0.03	9.80	3.33	0.03	6.39	3.30	0.03	3.13	3.23	0.03	-3.00	3.20	0.03	-5.87	3.17	0.03	-8.62
PUB_HTM	613225	3140HYXE3	Agency CMBS	G-2-Q	FANNIE MAE	0.962729647	1.7	6/1/2030	17350000	 16,703,359 	 312,544.06 	16007838.44	15095658.5	95.836	90.3749848	-912179.95	6/30/2026	CPY	0	LMMSOFRFLAT	RFRSwap	4.48	2.86	3.58	0.17	0.032	 5,419 	0.01	0.01	1.81	1.76	0.00	0.00	0.00	3.8	NA	55.2	52	0.96	0.00	3.62	72.00	NA	NA	NA	3.71	0.04	10.47	3.67	0.04	6.81	3.63	0.03	3.32	3.54	0.03	-3.17	3.50	0.03	-6.19	3.46	0.03	-9.08
PUB_HTM	613564	3140J17B8	Agency CMBS	G-2-Q	FANNIE MAE	0.964919344	1.21	11/1/2030	43600000	 42,070,483 	 895,857.42 	39330264.74	36902347.65	93.4866	87.7155304	-2427917.08	6/30/2026	CPY	0	LMMSOFRFLAT	RFRSwap	4.49	2.89	3.94	0.20	0.035	 14,548 	0.01	0.00	1.16	2.76	0.00	0.00	0.00	4.2	NA	56.5	54	0.96	0.00	2.60	67.00	NA	NA	NA	4.08	0.04	11.22	4.03	0.04	7.28	3.98	0.04	3.55	3.89	0.03	-3.37	3.85	0.03	-6.58	3.80	0.03	-9.63
PUB_HTM	613881	3140J1KN7	Agency CMBS	G-2-Q	FANNIE MAE	0.898712532	1.25	10/1/2030	9075000	 8,155,816 	 193,629.70 	7683208.22	7197020.22	94.2053	88.2440214	-486188	6/30/2026	CPY	0	LMMSOFRFLAT	RFRSwap	4.46	2.77	3.84	0.19	0.034	 2,768 	0.01	0.01	1.30	2.52	0.00	0.00	0.00	4.1	NA	53.3	50	0.90	0.00	2.98	68.00	NA	NA	NA	3.98	0.04	10.99	3.93	0.04	7.14	3.89	0.04	3.48	3.80	0.03	-3.31	3.75	0.03	-6.46	3.71	0.03	-9.46
PUB_HTM	614244	3140J1PY8	Agency CMBS	G-2-Q	FANNIE MAE	0.98635377	1.17	10/1/2030	17626000	 17,385,472 	 221,315.46 	16237564.79	15247563.74	93.3973	87.7029058	-990001.05	6/30/2026	CPY	0	LMMSOFRFLAT	RFRSwap	4.49	2.89	3.90	0.20	0.034	 5,946 	0.00	0.00	1.31	2.58	0.00	0.00	0.00	4.1	NA	56.5	54	0.99	0.00	2.98	68.00	NA	NA	NA	4.03	0.04	11.08	3.99	0.04	7.20	3.94	0.04	3.51	3.85	0.03	-3.34	3.81	0.03	-6.51	3.77	0.03	-9.53
PUB_HTM	613249	3140J1QQ4	Agency CMBS	G-2-Q	FANNIE MAE	0.985322648	1.155	10/1/2030	28230000	 27,815,658 	 382,800.62 	26065690.58	24390535.65	93.7087	87.6863504	-1675154.93	6/30/2026	CPY	0	LMMSOFRFLAT	RFRSwap	4.49	2.79	3.88	0.19	0.034	 9,480 	0.01	0.00	1.31	2.57	0.00	0.00	0.00	4.1	NA	56.5	54	0.99	0.00	2.57	68.00	NA	NA	NA	4.02	0.04	11.04	3.97	0.04	7.17	3.93	0.04	3.50	3.84	0.03	-3.32	3.80	0.03	-6.49	3.75	0.03	-9.50
PUB_HTM	613415	3140J1SV1	Agency CMBS	G-2-Q	FANNIE MAE	1	1.23	11/1/2030	15000000	 15,000,000 	 -   	14005156.58	13098980.74	93.3677	87.3265383	-906175.83	6/30/2026	CPY	0	LMMSOFRFLAT	RFRSwap	4.44	2.85	4.17	0.22	0.036	 5,472 	-0.02	-0.05	1.18	3.06	0.00	0.00	0.00	4.4	NA	51.8	49	1.00	0.00	2.57	67.00	NA	NA	NA	4.30	0.04	11.85	4.26	0.04	7.69	4.22	0.04	3.74	4.13	0.03	-3.56	4.09	0.03	-6.93	4.05	0.03	-10.14
PUB_HTM	614418	3140J1VN5	Agency CMBS	G-2-Q	FANNIE MAE	0.9850278	1.09	10/1/2030	13714000	 13,508,671 	 188,114.30 	12572441.53	11814146.7	93.0694	87.4560235	-758294.82	6/30/2026	CPY	0	LMMSOFRFLAT	RFRSwap	4.49	2.90	3.88	0.20	0.034	 4,593 	0.01	0.00	1.31	2.57	0.00	0.00	0.00	4.1	NA	56.5	54	0.99	0.00	2.45	68.00	NA	NA	NA	4.02	0.04	11.02	3.97	0.04	7.16	3.93	0.04	3.49	3.84	0.03	-3.32	3.80	0.03	-6.47	3.75	0.03	-9.47
PUB_HTM	614129	3140J23T1	Agency CMBS	G-2-Q	FANNIE MAE	0.989715404	1.38	12/1/2030	5655000	 5,596,841 	 54,005.20 	5264927.13	4930627.12	94.0696	88.096615	-334300.01	6/30/2026	CPY	0	LMMSOFRFLAT	RFRSwap	4.49	2.87	4.01	0.21	0.035	 1,982 	0.01	0.00	1.03	2.98	0.00	0.00	0.00	4.3	NA	57.0	54	0.99	0.00	2.95	66.00	NA	NA	NA	4.16	0.04	11.50	4.11	0.04	7.46	4.06	0.04	3.63	3.97	0.03	-3.45	3.92	0.03	-6.73	3.88	0.03	-9.85
PUB_HTM	613281	3140J2DW3	Agency CMBS	G-2-Q	FANNIE MAE	0.965096875	1.24	11/1/2030	9600000	 9,264,930 	 197,541.30 	8708029.92	8137001.48	93.9892	87.8258279	-571028.44	6/30/2026	CPY	0	LMMSOFRFLAT	RFRSwap	4.49	2.78	3.94	0.20	0.035	 3,207 	0.01	0.00	1.16	2.76	0.00	0.00	0.00	4.2	NA	56.5	54	0.97	0.00	2.63	67.00	NA	NA	NA	4.08	0.04	11.23	4.03	0.04	7.29	3.98	0.04	3.55	3.89	0.03	-3.37	3.85	0.03	-6.58	3.80	0.03	-9.64
PUB_HTM	612985	3140J2LT1	Agency CMBS	G-2-Q	FANNIE MAE	0.989430478	1.375	12/1/2030	18400000	 18,205,521 	 179,803.41 	17064648.71	16056939.86	93.7334	88.1981902	-1007708.85	6/30/2026	CPY	0	LMMSOFRFLAT	RFRSwap	4.46	2.96	4.01	0.21	0.035	 6,447 	0.01	0.00	1.03	2.97	0.00	0.00	0.00	4.3	NA	54.0	51	0.99	0.00	2.80	66.00	NA	NA	NA	4.15	0.04	11.50	4.10	0.04	7.46	4.06	0.04	3.63	3.96	0.03	-3.45	3.92	0.03	-6.73	3.87	0.03	-9.85
PUB_HTM	614655	3140J2PM2	Agency CMBS	G-2-Q	FANNIE MAE	1	1.22	1/1/2030	10000000	 10,000,000 	 -   	9475892.33	8986180.33	94.7589	89.8618033	-489712	6/30/2026	CPY	0	LMMSOFRFLAT	RFRSwap	4.32	2.77	3.41	0.15	0.031	 3,064 	-0.02	-0.05	2.46	1.02	0.00	0.00	0.00	3.6	NA	38.1	35	1.00	0.00	2.43	65.00	NA	NA	NA	3.51	0.04	9.83	3.47	0.03	6.41	3.44	0.03	3.13	3.37	0.03	-3.00	3.34	0.03	-5.87	3.31	0.03	-8.62
PUB_HTM	613348	3140J6AW7	Agency MBS 15yr	G-2-Q	FANNIE MAE	0.16700352	3	10/1/2032	29303756	 4,893,830 	 942,942.96 	4924182.69	4719034.29	100.6202	96.4282352	-205148.4	6/30/2026	Model2501	100	LMMSOFRFLAT	RFRSwap	4.59	2.65	2.23	-0.01	0.022	 1,055 	0.26	0.37	0.72	0.84	0.04	0.01	0.00	2.4	12.5	59.6	46	0.17	11.29	3.45	107.00	68393.82	NA	NA	1.85	0.02	6.31	2.08	0.02	4.29	2.17	0.02	2.15	2.31	0.02	-2.17	2.40	0.02	-4.36	2.45	0.02	-6.58
PUB_HTM	614232	3140J7T54	Agency MBS 15yr	G-2-Q	FANNIE MAE	0.17263085	3	12/1/2032	50000000	 8,631,543 	 2,482,669.44 	8688180.09	8323231.59	100.6562	96.4280902	-364948.5	6/30/2026	Model2501	100	LMMSOFRFLAT	RFRSwap	4.58	2.64	2.24	-0.01	0.022	 1,872 	0.25	0.37	0.72	0.85	0.04	0.01	0.00	2.4	12.2	58.7	45	0.17	11.57	3.51	105.00	71009.84	NA	NA	1.86	0.02	6.33	2.09	0.02	4.31	2.19	0.02	2.17	2.32	0.02	-2.18	2.41	0.02	-4.38	2.46	0.02	-6.61
PUB_AFS	614378	3140J8FS7	Agency MBS 10yr	G-2-Q	FANNIE MAE	0.04175572	2.5	4/1/2028	30000000	 1,252,672 	 1,256,041.12 	1247413.58	1234634.78	99.5803	98.5601317	-12778.8	6/30/2026	Model2501	100	LMMSOFRFLAT	RFRSwap	4.42	2.89	0.68	0.00	0.007	 84 	0.58	0.09	0.00	0.01	0.00	0.00	0.00	0.7	23.4	41.4	45	0.04	15.60	3.08	102.00	34518.23	NA	NA	0.67	0.01	2.02	0.67	0.01	1.34	0.68	0.01	0.67	0.69	0.01	-0.67	0.69	0.01	-1.35	0.70	0.01	-2.02
PUB_HTM	613495	3140J8HE6	Agency MBS 15yr	G-2-Q	FANNIE MAE	0.08077368	3.5	1/1/2032	10068090	 813,237 	 462,044.92 	821233.06	801563.88	100.9833	98.5646491	-19669.17	6/30/2026	Model2501	100	LMMSOFRFLAT	RFRSwap	4.50	2.56	1.26	0.00	0.012	 101 	0.42	0.53	0.29	0.01	0.00	0.00	0.00	1.3	16.7	47.9	42	0.08	14.41	4.02	141.00	30674.38	NA	NA	1.19	0.01	3.71	1.22	0.01	2.48	1.24	0.01	1.24	1.28	0.01	-1.24	1.31	0.01	-2.50	1.34	0.01	-3.77
PUB_HTM	613099	3140J9HD6	Agency MBS 15yr	G-2-Q	FANNIE MAE	0.01431783	3.5	2/1/2031	21626176	 309,640 	 748,748.96 	310605.39	307363.89	100.3118	99.2649458	-3241.51	6/30/2026	Model2501	100	LMMSOFRFLAT	RFRSwap	4.52	2.45	0.51	0.00	0.005	 16 	0.50	0.01	0.00	0.00	0.00	0.00	0.00	0.5	25.0	54.3	56	0.01	28.04	4.07	167.00	NA	NA	NA	0.50	0.01	1.53	0.51	0.01	1.02	0.51	0.01	0.51	0.51	0.01	-0.51	0.52	0.01	-1.01	0.52	0.01	-1.52
PUB_AFS	613594	3140J9JQ5	Agency MBS 10yr	G-2-Q	FANNIE MAE	0.0306005	3.5	11/1/2028	8829621	 270,191 	 237,669.44 	271853.95	268028.09	100.6155	99.1995547	-3825.85	6/30/2026	Model2501	100	LMMSOFRFLAT	RFRSwap	4.26	2.45	0.78	0.00	0.008	 21 	0.57	0.21	0.00	0.00	0.00	0.00	0.00	0.8	25.8	24.1	26	0.03	16.66	4.07	98.00	30393.27	NA	NA	0.75	0.01	2.33	0.77	0.01	1.56	0.78	0.01	0.78	0.79	0.01	-0.78	0.80	0.01	-1.56	0.82	0.01	-2.35
HTM	613331	3140JB4U7	Agency CMBS	G-2-Q	FANNIE MAE	1	4.008	1/1/2033	138812000	 138,812,000 	 -   	138956237.6	134619827.6	100.1039	96.979964	-4336409.96	6/30/2026	CPY	0	LMMSOFRFLAT	RFRSwap	4.62	4.03	5.32	0.36	0.052	 71,846 	0.01	0.02	0.04	3.94	1.31	0.00	0.00	6.2	NA	68.6	66	1.00	0.00	4.84	45.00	NA	NA	NA	5.55	0.06	17.23	5.47	0.06	11.09	5.40	0.06	5.35	5.24	0.05	-5.01	5.17	0.05	-9.69	5.09	0.04	-14.07
HTM	614039	3140JB4V5	Agency CMBS	G-2-Q	FANNIE MAE	1	3.978	1/1/2033	176439000	 176,439,000 	 -   	176487711.3	171264008.5	100.0276	97.0669798	-5223702.81	6/30/2026	CPY	0	LMMSOFRFLAT	RFRSwap	4.58	4.02	5.31	0.36	0.052	 91,250 	0.01	0.02	0.05	3.91	1.32	0.00	0.00	6.2	NA	64.0	61	1.00	0.00	4.88	45.00	NA	NA	NA	5.55	0.06	17.22	5.47	0.06	11.08	5.39	0.06	5.35	5.23	0.05	-5.00	5.16	0.05	-9.68	5.08	0.04	-14.06
HTM	614767	3140JB5A0	Agency CMBS	G-2-Q	FANNIE MAE	0.941333412	3.369	10/1/2032	118357000	 111,413,399 	 139,932.49 	108001749.8	104314699.6	96.9378	93.6285051	-3687050.16	6/30/2026	CPY	0	LMMSOFRFLAT	RFRSwap	4.64	3.99	5.26	0.35	0.049	 55,003 	0.00	0.00	0.04	4.09	1.12	0.00	0.00	6.0	NA	70.6	68	0.94	1.70	4.27	47.00	NA	NA	NA	5.48	0.06	16.40	5.40	0.06	10.56	5.33	0.05	5.10	5.19	0.05	-4.78	5.12	0.04	-9.25	5.05	0.04	-13.44
AFS	613702	3140JCAH7	Agency MBS ARM	G-2-Q	FANNIE MAE	0.76318837	4.55	5/1/2053	79635171	 60,776,636 	 5,806,116.92 	59798449.92	60457622.16	98.3905	99.4751039	659172.23	6/30/2026	Model2501	100	LMMSOFRFLAT	RFRSwap	4.97	5.34	2.11	-0.49	0.021	 12,791 	0.21	0.31	1.19	0.71	-0.19	-0.11	-0.05	3.4	24.0	80.7	91	0.76	6.96	5.18	39.00	421094.47	#SPILL!	#SPILL!	1.11	0.01	3.78	0.84	0.01	2.82	1.35	0.01	1.77	2.52	0.02	-2.30	2.81	0.03	-4.88	3.15	0.03	-7.66
AFS	614697	3140JCEY6	Agency MBS ARM	G-2-Q	FANNIE MAE	0.75774166	4.358	8/1/2053	69167704	 52,411,251 	 6,864,633.80 	51714392.53	52826142.97	98.6704	100.7916089	1111750.45	6/30/2026	Model2501	100	LMMSOFRFLAT	RFRSwap	4.61	5.64	1.11	-0.38	0.011	 5,864 	0.48	0.69	0.37	-0.07	-0.28	-0.17	-0.05	2.6	32.5	53.4	54	0.76	8.71	5.00	41.00	413958.69	#SPILL!	#SPILL!	0.82	0.01	2.38	0.65	0.01	1.65	0.78	0.01	0.94	1.46	0.01	-1.29	1.82	0.02	-2.91	2.30	0.02	-4.90
AFS	613284	3140JCF41	Agency CMBS	G-2-Q	FANNIE MAE	1	4.559	1/1/2031	85829000	 85,829,000 	 -   	85901783.37	85821547.81	100.0848	99.9913174	-80235.56	6/30/2026	CPY	0	LMMSOFRFLAT	RFRSwap	4.60	4.57	3.85	0.20	0.039	 33,173 	0.01	0.03	1.17	2.64	0.00	0.00	0.00	4.4	NA	66.6	64	1.00	0.00	5.70	31.00	NA	NA	NA	4.00	0.05	12.53	3.95	0.04	8.14	3.90	0.04	3.96	3.80	0.04	-3.77	3.76	0.03	-7.35	3.71	0.03	-10.76
AFS	613535	3140JCFY5	Agency CMBS	G-2-Q	FANNIE MAE	0.998491619	4.481	1/1/2031	47628000	 47,556,159 	 48,299.17 	47470124.54	47388325.16	99.8191	99.6470832	-81799.39	6/30/2026	CPY	0	LMMSOFRFLAT	RFRSwap	4.61	4.56	3.96	0.21	0.040	 18,837 	0.02	0.03	0.90	3.01	0.00	0.00	0.00	4.5	NA	67.7	65	1.00	0.00	5.40	29.00	NA	NA	NA	4.11	0.05	12.87	4.06	0.04	8.35	4.01	0.04	4.07	3.91	0.04	-3.86	3.87	0.04	-7.53	3.82	0.03	-11.01
AFS	612389	3140JCG57	Agency CMBS	G-2-Q	FANNIE MAE	1	4.712	1/1/2029	52537000	 52,537,000 	 -   	52359054.27	52816217.03	99.6613	100.5314674	457162.76	6/30/2026	CPY	0	LMMSOFRFLAT	RFRSwap	4.47	4.85	2.28	0.07	0.023	 12,096 	0.03	1.13	1.12	0.00	0.00	0.00	0.00	2.5	NA	47.0	44	1.00	0.00	5.86	30.00	NA	NA	NA	2.35	0.03	7.26	2.33	0.02	4.76	2.30	0.02	2.34	2.26	0.02	-2.27	2.24	0.02	-4.46	2.22	0.02	-6.58
AFS	614541	3140JCHM9	Agency MBS ARM	G-2-Q	FANNIE MAE	0.68907669	4.001	2/1/2054	23354834	 16,093,272 	 3,433,141.27 	15838630.55	15911488.4	98.4177	98.8704391	72857.85	6/30/2026	Model2501	100	LMMSOFRFLAT	RFRSwap	5.00	5.15	2.23	-0.36	0.022	 3,552 	0.15	0.37	1.25	0.72	-0.18	-0.10	-0.05	3.7	23.3	82.4	92	0.69	13.29	4.64	43.00	352695.03	#SPILL!	#SPILL!	0.75	0.01	3.92	0.82	0.01	3.20	1.63	0.02	1.97	2.62	0.03	-2.38	3.00	0.03	-5.06	3.47	0.03	-8.05
AFS	613051	3140JCJX3	Agency CMBS	G-2-Q	FANNIE MAE	0.486675403	5.279	3/1/2029	52611554	 25,604,749 	 26,974,658.87 	25604749.25	25630939.01	100	100.1022848	26189.76	6/30/2026	CPY	0	LMMSOFRFLAT	RFRSwap	5.23	5.27	2.31	0.08	0.023	 5,943 	0.03	1.03	1.25	0.00	0.00	0.00	0.00	2.5	NA	121.7	120	0.49	28.20	6.51	29.00	NA	NA	NA	2.38	0.03	7.33	2.36	0.02	4.80	2.33	0.02	2.36	2.29	0.02	-2.28	2.26	0.02	-4.49	2.24	0.02	-6.63
AFS	613827	3140JCK94	Agency CMBS	G-2-Q	FANNIE MAE	0.950996191	4.82	4/1/2029	67079694	 63,792,533 	 641,127.41 	63452682.49	64342393.17	99.4673	100.8619499	889710.67	6/30/2026	CPY	0	LMMSOFRFLAT	RFRSwap	4.47	5.03	2.48	0.09	0.025	 16,005 	0.02	0.65	1.80	0.00	0.00	0.00	0.00	2.7	NA	48.9	46	0.95	2.13	5.82	27.00	NA	NA	NA	2.56	0.03	7.94	2.53	0.03	5.20	2.50	0.03	2.55	2.45	0.02	-2.47	2.43	0.02	-4.85	2.40	0.02	-7.15
AFS	613358	3140JCKP8	Agency CMBS	G-2-Q	FANNIE MAE	0.999236308	4.978	5/1/2029	71967473	 71,912,512 	 36,732.56 	71912512.02	72683523.88	100	101.0721526	771011.87	6/30/2026	CPY	0	LMMSOFRFLAT	RFRSwap	4.55	4.97	2.49	0.09	0.025	 18,158 	0.03	0.60	1.86	0.00	0.00	0.00	0.00	2.7	NA	56.6	53	1.00	0.00	6.18	27.00	NA	NA	NA	2.57	0.03	8.00	2.54	0.03	5.23	2.51	0.03	2.57	2.46	0.02	-2.48	2.44	0.02	-4.88	2.41	0.02	-7.19
AFS	613425	3140JCLR3	Agency CMBS	G-2-Q	FANNIE MAE	0.99857651	4.603	7/1/2029	60473950	 60,387,866 	 86,084.06 	60387865.94	60617106.91	100	100.3796143	229240.97	6/30/2026	CPY	0	LMMSOFRFLAT	RFRSwap	4.46	4.60	2.69	0.10	0.027	 16,378 	0.03	0.16	2.43	0.07	0.00	0.00	0.00	3.0	NA	49.8	47	1.00	0.00	5.78	24.00	NA	NA	NA	2.78	0.03	8.62	2.75	0.03	5.64	2.72	0.03	2.76	2.66	0.03	-2.66	2.63	0.03	-5.23	2.61	0.02	-7.70
AFS	614503	3140JCM68	Agency CMBS	G-2-Q	FANNIE MAE	0.999793641	4.717	10/1/2030	28165000	 28,159,188 	 5,820.62 	28176499.74	28352508.52	100.0615	100.6865277	176008.78	6/30/2026	CPY	0	LMMSOFRFLAT	RFRSwap	4.55	4.72	3.46	0.16	0.035	 9,834 	0.02	0.03	1.85	1.56	0.00	0.00	0.00	3.9	NA	61.1	58	1.00	0.00	5.79	34.00	NA	NA	NA	3.58	0.04	11.25	3.54	0.04	7.32	3.50	0.04	3.57	3.42	0.03	-3.41	3.38	0.03	-6.67	3.34	0.03	-9.79
AFS	613163	3140JCMC5	Agency MBS ARM	G-2-Q	FANNIE MAE	0.76058372	4.791	6/1/2054	34601507	 26,317,343 	 5,172,595.09 	26357488.05	26343846.71	100.1525	100.1007085	-13641.33	6/30/2026	Model2501	100	LMMSOFRFLAT	RFRSwap	4.92	4.91	2.13	-0.74	0.021	 5,623 	0.23	0.34	0.86	1.03	-0.17	-0.14	-0.05	3.6	22.7	70.6	87	0.76	12.06	5.45	30.00	424752.31	#SPILL!	#SPILL!	1.25	0.01	3.75	0.85	0.01	2.67	1.22	0.01	1.70	2.71	0.03	-2.43	3.07	0.03	-5.23	3.40	0.03	-8.26
AFS	613337	3140JCMF8	Agency CMBS	G-2-Q	FANNIE MAE	1	4.664	8/1/2029	41452100	 41,452,100 	 -   	41802649.95	41709213.41	100.8457	100.6202663	-93436.54	6/30/2026	CPY	0	LMMSOFRFLAT	RFRSwap	4.45	4.37	2.80	0.11	0.028	 11,723 	0.01	0.03	2.63	0.12	0.00	0.00	0.00	3.1	NA	48.9	46	1.00	0.00	5.55	23.00	NA	NA	NA	2.89	0.03	9.00	2.86	0.03	5.88	2.83	0.03	2.88	2.77	0.03	-2.77	2.74	0.03	-5.44	2.71	0.03	-8.01
AFS	613785	3140JCMT8	Agency CMBS	G-2-Q	FANNIE MAE	1	4.158	9/1/2029	87175000	 87,175,000 	 -   	87570996.66	86491491.95	100.4543	99.2159357	-1079504.71	6/30/2026	CPY	0	LMMSOFRFLAT	RFRSwap	4.43	4.01	2.93	0.12	0.029	 25,470 	0.01	0.02	2.57	0.34	0.00	0.00	0.00	3.2	NA	47.5	45	1.00	0.00	5.20	21.00	NA	NA	NA	3.03	0.03	9.32	3.00	0.03	6.08	2.97	0.03	2.98	2.90	0.03	-2.86	2.87	0.03	-5.62	2.84	0.03	-8.27
AFS	613305	3140JCNR1	Agency CMBS	G-2-Q	FANNIE MAE	0.998848545	4.838	9/1/2031	68204442	 68,125,908 	 51,602.66 	68287787.37	68806540.38	100.2376	100.9990806	518753.01	6/30/2026	CPY	0	LMMSOFRFLAT	RFRSwap	4.63	4.82	4.00	0.21	0.041	 27,599 	0.02	0.03	0.80	3.11	0.04	0.00	0.00	4.6	NA	70.3	68	1.00	0.00	5.91	28.00	NA	NA	NA	4.16	0.05	13.19	4.10	0.05	8.55	4.05	0.04	4.16	3.94	0.04	-3.95	3.89	0.04	-7.69	3.84	0.03	-11.24
AFS	613243	3140JCP65	Agency CMBS	G-2-Q	FANNIE MAE	1	4.776	1/1/2032	65402000	 65,402,000 	 -   	65022195.48	65990993.47	99.4193	100.9005741	968797.99	6/30/2026	CPY	0	LMMSOFRFLAT	RFRSwap	4.63	4.95	4.62	0.28	0.047	 30,599 	0.02	0.02	0.09	4.11	0.38	0.00	0.00	5.4	NA	70.5	68	1.00	0.00	5.62	19.00	NA	NA	NA	4.81	0.06	15.39	4.75	0.05	9.94	4.68	0.05	4.82	4.56	0.04	-4.54	4.50	0.04	-8.82	4.44	0.04	-12.86
AFS	614109	3140JCQ23	Agency CMBS	G-2-Q	FANNIE MAE	0.999024124	4.717	2/1/2032	80177200	 80,098,957 	 64,039.93 	80501904.4	80457430.18	100.5031	100.4475379	-44474.21	6/30/2026	CPY	0	LMMSOFRFLAT	RFRSwap	4.68	4.67	4.76	0.29	0.048	 38,428 	0.02	0.02	0.07	4.10	0.55	0.00	0.00	5.5	NA	74.6	72	1.00	0.00	5.71	17.00	NA	NA	NA	4.96	0.06	15.82	4.89	0.05	10.21	4.82	0.05	4.95	4.69	0.05	-4.65	4.63	0.04	-9.03	4.57	0.04	-13.16
AFS	612400	3140JCQ64	Agency CMBS	G-2-Q	FANNIE MAE	0.961790157	3.641	1/1/2034	100802508	 96,950,860 	 3,266,666.58 	91982079.11	92180199.22	94.8749	95.0793002	198120.12	6/30/2026	CPY	0	LMMSOFRFLAT	RFRSwap	4.57	4.61	5.65	0.41	0.054	 52,215 	0.01	0.02	0.05	3.56	2.00	0.00	0.00	6.6	NA	62.4	60	0.96	2.42	4.54	98.00	NA	NA	NA	5.92	0.07	18.07	5.83	0.06	11.60	5.74	0.06	5.59	5.56	0.05	-5.20	5.47	0.05	-10.03	5.38	0.04	-14.54
PUB_HTM	613211	3140KNR34	Agency MBS 30yr	G-2-Q	FANNIE MAE	0.64048399	2	10/1/2050	9158764	 5,866,042 	 562,145.86 	5512930.26	4761039.88	93.9804	81.1627349	-751890.38	6/30/2026	Model2501	100	LMMSOFRFLAT	RFRSwap	5.15	2.88	7.12	0.10	0.058	 3,395 	0.05	0.10	0.27	1.20	3.20	2.16	0.16	8.1	6.4	86.5	72	0.64	5.07	2.95	70.00	192952.73	NA	NA	4.72	0.05	16.57	5.91	0.05	11.45	6.61	0.06	5.80	7.59	0.06	-5.76	7.91	0.06	-11.43	7.88	0.05	-16.75
PUB_HTM	614837	3140KQRP8	Agency MBS 30yr	G-2-Q	FANNIE MAE	0.63424187	2	10/1/2050	20068604	 12,728,349 	 1,287,795.89 	11947357.19	10276430.33	93.8642	80.7365542	-1670926.86	6/30/2026	Model2501	100	LMMSOFRFLAT	RFRSwap	5.14	2.87	7.37	0.06	0.060	 7,590 	0.05	0.08	0.25	1.13	3.21	2.46	0.23	8.4	6.3	83.5	71	0.63	5.42	2.91	69.00	312394.06	NA	NA	4.73	0.05	16.90	6.02	0.06	11.73	6.80	0.06	5.95	7.94	0.06	-5.96	8.27	0.06	-11.83	8.16	0.05	-17.29
PUB_HTM	613197	3140KVCD0	Agency MBS 30yr	G-2-Q	FANNIE MAE	0.54796523	2	12/1/2050	14594126	 7,997,074 	 1,278,841.93 	7498861.98	6490328.56	93.7701	81.1587948	-1008533.42	6/30/2026	Model2501	100	LMMSOFRFLAT	RFRSwap	5.14	2.91	7.16	0.03	0.058	 4,654 	0.07	0.09	0.24	1.06	3.07	2.42	0.24	8.3	6.8	83.0	71	0.55	8.04	3.00	68.00	336284.16	NA	NA	4.69	0.05	16.56	5.89	0.05	11.47	6.62	0.06	5.81	7.68	0.06	-5.82	7.94	0.06	-11.52	7.79	0.05	-16.82
PUB_HTM	613401	3140KVXP0	Agency MBS 30yr	G-2-Q	FANNIE MAE	0.66466237	2	1/1/2051	50000000	 33,233,119 	 2,750,297.90 	31173377.73	26793302.24	93.8021	80.6222932	-4380075.5	6/30/2026	Model2501	100	LMMSOFRFLAT	RFRSwap	5.09	2.86	7.48	0.06	0.060	 20,069 	0.05	0.09	0.24	1.12	3.23	2.54	0.24	8.6	6.1	77.8	65	0.66	4.97	2.85	66.00	317126.31	NA	NA	4.76	0.05	17.14	6.11	0.06	11.90	6.90	0.06	6.03	8.00	0.06	-6.02	8.25	0.06	-11.88	8.13	0.05	-17.32
PUB_HTM	614513	3140KXTF3	Agency MBS 30yr	G-2-Q	FANNIE MAE	0.62204611	2	1/1/2051	15044808	 9,358,564 	 257,303.79 	8772159.34	7595253.26	93.734	81.1583168	-1176906.09	6/30/2026	Model2501	100	LMMSOFRFLAT	RFRSwap	4.96	2.87	7.50	0.07	0.061	 5,705 	0.05	0.09	0.25	1.08	3.19	2.61	0.26	8.7	6.1	65.8	52	0.62	6.06	3.01	67.00	282135.00	NA	NA	4.92	0.05	17.44	6.17	0.06	12.05	6.94	0.06	6.10	8.05	0.06	-6.08	8.35	0.06	-12.04	8.24	0.05	-17.57
PUB_HTM	612901	3140L0SH1	Agency MBS 30yr	G-2-Q	FANNIE MAE	0.65151294	2	1/1/2051	26373750	 17,182,839 	 2,307,642.05 	16087894.49	13945415.15	93.6277	81.1589681	-2142479.34	6/30/2026	Model2501	100	LMMSOFRFLAT	RFRSwap	5.04	2.91	7.42	0.01	0.060	 10,365 	0.05	0.09	0.26	1.10	3.16	2.53	0.26	8.5	6.4	72.8	61	0.65	5.23	2.90	67.00	318226.19	NA	NA	4.78	0.05	17.07	6.03	0.06	11.84	6.83	0.06	6.01	8.02	0.06	-6.04	8.32	0.06	-11.98	8.18	0.05	-17.49
PUB_HTM	613202	3140L0WV5	Agency MBS 30yr	G-2-Q	FANNIE MAE	0.73254744	2	2/1/2051	48446315	 35,489,224 	 2,630,351.26 	33317235.57	28641947.16	93.8799	80.7060395	-4675288.4	6/30/2026	Model2501	100	LMMSOFRFLAT	RFRSwap	5.07	2.85	7.43	0.08	0.060	 21,335 	0.05	0.09	0.25	1.14	3.24	2.49	0.22	8.6	5.9	77.2	63	0.73	3.24	2.83	66.00	299493.28	NA	NA	4.78	0.05	17.13	6.11	0.06	11.88	6.89	0.06	6.02	7.94	0.06	-5.98	8.21	0.06	-11.82	8.11	0.05	-17.25
PUB_HTM	613542	3140L1ET8	Agency MBS 30yr	G-2-Q	FANNIE MAE	0.61733121	2	1/1/2051	20629392	 12,735,168 	 615,580.52 	11938737.32	10335748.44	93.7462	81.1591086	-1602988.88	6/30/2026	Model2501	100	LMMSOFRFLAT	RFRSwap	5.16	2.92	7.25	-0.03	0.059	 7,512 	0.06	0.10	0.27	1.12	3.09	2.40	0.24	8.2	6.9	84.0	73	0.62	6.29	2.95	67.00	342996.47	NA	NA	4.73	0.05	16.64	5.89	0.05	11.52	6.65	0.06	5.86	7.90	0.06	-5.93	8.23	0.06	-11.81	8.10	0.05	-17.28
PUB_HTM	614228	3140L1VC6	Agency MBS 30yr	G-2-Q	FANNIE MAE	0.60892329	2	3/1/2051	38333825	 23,342,359 	 2,407,349.44 	21842000.72	18944408.67	93.5724	81.15893	-2897592.05	6/30/2026	Model2501	100	LMMSOFRFLAT	RFRSwap	5.03	2.91	7.42	0.03	0.060	 14,076 	0.06	0.09	0.24	1.08	3.17	2.56	0.26	8.5	6.4	72.1	60	0.61	6.64	2.87	65.00	311960.59	NA	NA	4.77	0.05	17.13	6.07	0.06	11.87	6.84	0.06	6.02	7.95	0.06	-6.02	8.19	0.06	-11.89	8.03	0.05	-17.32
PUB_HTM	614194	3140L2SL8	Agency MBS 30yr	G-2-Q	FANNIE MAE	0.63810241	2	2/1/2051	57080110	 36,422,956 	 2,394,706.41 	34139328.35	29560528.99	93.7303	81.1590613	-4578799.36	6/30/2026	Model2501	100	LMMSOFRFLAT	RFRSwap	5.05	2.89	7.38	0.01	0.060	 21,856 	0.05	0.09	0.26	1.10	3.14	2.52	0.25	8.5	6.4	74.0	62	0.64	5.82	2.92	66.00	342119.69	NA	NA	4.79	0.05	17.01	6.02	0.06	11.78	6.79	0.06	5.98	7.97	0.06	-6.01	8.25	0.06	-11.91	8.10	0.05	-17.38
PUB_HTM	613920	3140L3A76	Agency MBS 30yr	G-2-Q	FANNIE MAE	0.67336321	2	2/1/2051	24457411	 16,468,721 	 1,068,913.35 	15452158.15	13417288.8	93.8273	81.4713479	-2034869.35	6/30/2026	Model2501	100	LMMSOFRFLAT	RFRSwap	5.08	2.90	7.16	0.06	0.058	 9,631 	0.06	0.10	0.27	1.17	3.13	2.28	0.19	8.3	6.6	78.2	64	0.67	4.80	2.81	66.00	181865.28	NA	NA	4.88	0.05	16.84	5.97	0.06	11.59	6.67	0.06	5.86	7.69	0.06	-5.84	8.02	0.06	-11.60	8.00	0.05	-17.00
PUB_HTM	613894	3140L3K59	Agency MBS 30yr	G-2-Q	FANNIE MAE	0.72865243	2	4/1/2051	20279622	 14,776,796 	 973,063.07 	13847229.58	12036292.55	93.7093	81.4540085	-1810937.03	6/30/2026	Model2501	100	LMMSOFRFLAT	RFRSwap	5.14	2.94	7.11	0.01	0.058	 8,574 	0.06	0.10	0.27	1.14	3.06	2.29	0.22	8.2	7.0	83.2	71	0.73	3.63	2.87	64.00	184735.03	NA	NA	4.90	0.05	16.69	5.92	0.06	11.47	6.61	0.06	5.80	7.68	0.06	-5.81	8.06	0.06	-11.59	8.03	0.05	-17.01
PUB_HTM	612507	3140LA5F8	Agency CMBS	G-2-Q	FANNIE MAE	0.973563845	1.26	2/1/2031	4442000	 4,324,571 	 81,141.14 	4038615.08	3772639.83	93.3877	87.2373278	-265975.25	6/30/2026	CPY	0	LMMSOFRFLAT	RFRSwap	4.50	2.87	4.16	0.22	0.036	 1,573 	0.01	0.00	0.70	3.45	0.00	0.00	0.00	4.4	NA	57.1	55	0.97	0.00	3.24	64.00	NA	NA	NA	4.31	0.04	11.84	4.26	0.04	7.68	4.21	0.04	3.74	4.12	0.03	-3.54	4.07	0.03	-6.90	4.02	0.03	-10.09
PUB_HTM	613365	3140LAAF2	Agency CMBS	G-2-Q	FANNIE MAE	0.970073522	1.21	1/1/2031	26425000	 25,634,193 	 515,178.57 	23910482.2	22373355	93.2757	87.2793427	-1537127.21	6/30/2026	CPY	0	LMMSOFRFLAT	RFRSwap	4.49	2.88	4.08	0.21	0.036	 9,149 	0.01	0.00	0.87	3.21	0.00	0.00	0.00	4.3	NA	57.0	54	0.97	0.00	2.87	65.00	NA	NA	NA	4.23	0.04	11.61	4.18	0.04	7.53	4.13	0.04	3.66	4.04	0.03	-3.48	3.99	0.03	-6.78	3.95	0.03	-9.91
PUB_HTM	614445	3140LAAL9	Agency CMBS	G-2-Q	FANNIE MAE	1	1.22	12/1/2030	43204000	 43,204,000 	 -   	40271231.18	37614285.97	93.2118	87.0620451	-2656945.21	6/30/2026	CPY	0	LMMSOFRFLAT	RFRSwap	4.44	2.85	4.25	0.22	0.037	 16,000 	-0.02	-0.05	1.03	3.29	0.00	0.00	0.00	4.5	NA	52.2	49	1.00	0.00	2.37	66.00	NA	NA	NA	4.38	0.04	12.04	4.34	0.04	7.81	4.29	0.04	3.80	4.21	0.04	-3.61	4.16	0.03	-7.03	4.12	0.03	-10.29
PUB_HTM	614790	3140LAR23	Agency CMBS	G-2-Q	FANNIE MAE	1	1.26	1/1/2031	20000000	 20,000,000 	 -   	18665640.67	17409219.1	93.3282	87.0460955	-1256421.57	6/30/2026	CPY	0	LMMSOFRFLAT	RFRSwap	4.46	2.85	4.28	0.23	0.037	 7,464 	-0.02	-0.04	0.90	3.44	0.00	0.00	0.00	4.5	NA	54.0	51	1.00	0.00	2.67	65.00	NA	NA	NA	4.42	0.04	12.15	4.37	0.04	7.88	4.33	0.04	3.83	4.24	0.04	-3.64	4.20	0.03	-7.08	4.15	0.03	-10.36
PUB_HTM	612780	3140LAZ65	Agency CMBS	G-2-Q	FANNIE MAE	1	1.44	1/1/2031	20000000	 20,000,000 	 -   	18765954.53	17575564.32	93.8298	87.8778216	-1190390.21	6/30/2026	CPY	0	LMMSOFRFLAT	RFRSwap	4.47	2.93	4.22	0.22	0.037	 7,420 	-0.02	-0.01	0.90	3.35	0.00	0.00	0.00	4.5	NA	54.7	52	1.00	0.00	3.00	65.00	NA	NA	NA	4.35	0.04	12.07	4.31	0.04	7.83	4.26	0.04	3.81	4.17	0.04	-3.61	4.13	0.03	-7.04	4.09	0.03	-10.30
PUB_HTM	614241	3140LBBF9	Agency CMBS	G-2-Q	FANNIE MAE	0.998505201	1.76	5/1/2031	31332000	 31,285,165 	 43,905.28 	29643578.04	27713774.17	94.7528	88.5843952	-1929803.87	6/30/2026	CPY	0	LMMSOFRFLAT	RFRSwap	4.52	2.98	4.33	0.24	0.038	 12,020 	0.01	0.01	0.22	4.10	0.00	0.00	0.00	4.7	NA	60.2	57	1.00	0.00	3.44	61.00	NA	NA	NA	4.50	0.05	12.56	4.44	0.04	8.13	4.38	0.04	3.95	4.28	0.04	-3.74	4.22	0.03	-7.27	4.17	0.03	-10.62
PUB_HTM	612645	3140LBLX9	Agency CMBS	G-2-Q	FANNIE MAE	0.993085171	1.32	2/1/2031	17880000	 17,756,363 	 114,207.55 	16628155.84	15531117.09	93.6462	87.4678965	-1097038.75	6/30/2026	CPY	0	LMMSOFRFLAT	RFRSwap	4.50	2.87	4.16	0.22	0.036	 6,469 	0.01	0.00	0.70	3.45	0.00	0.00	0.00	4.4	NA	57.1	55	0.99	0.00	2.98	64.00	NA	NA	NA	4.31	0.04	11.86	4.26	0.04	7.69	4.21	0.04	3.74	4.11	0.03	-3.55	4.06	0.03	-6.91	4.02	0.03	-10.11
PUB_HTM	614629	3140LBQ55	Agency CMBS	G-2-Q	FANNIE MAE	0.995308441	1.62	3/1/2031	11924000	 11,868,058 	 52,498.29 	11257787.32	10492170.71	94.8579	88.4068046	-765616.61	6/30/2026	CPY	0	LMMSOFRFLAT	RFRSwap	4.51	2.85	4.21	0.23	0.037	 4,422 	0.01	0.00	0.56	3.64	0.00	0.00	0.00	4.5	NA	58.9	56	1.00	0.00	3.33	63.00	NA	NA	NA	4.36	0.04	12.15	4.31	0.04	7.87	4.26	0.04	3.83	4.16	0.04	-3.63	4.11	0.03	-7.07	4.06	0.03	-10.33
PUB_HTM	614853	3140LBXV0	Agency CMBS	G-2-Q	FANNIE MAE	0.997025045	1.83	4/1/2031	9500000	 9,471,738 	 26,815.44 	9065455.06	8436149.88	95.7106	89.0665467	-629305.18	6/30/2026	CPY	0	LMMSOFRFLAT	RFRSwap	4.51	2.84	4.27	0.23	0.038	 3,606 	0.01	0.01	0.39	3.87	0.00	0.00	0.00	4.6	NA	59.0	56	1.00	0.00	3.64	62.00	NA	NA	NA	4.43	0.04	12.43	4.37	0.04	8.05	4.32	0.04	3.91	4.22	0.04	-3.70	4.16	0.03	-7.21	4.11	0.03	-10.54
PUB_HTM	614222	3140LD6V6	Agency CMBS	G-2-Q	FANNIE MAE	1	1.79	11/1/2031	52240000	 52,240,000 	 -   	49087410.23	45434319.39	93.9652	86.9722806	-3653090.85	6/30/2026	CPY	0	LMMSOFRFLAT	RFRSwap	4.56	3.02	5.00	0.31	0.044	 22,765 	-0.01	-0.04	-0.10	4.72	0.43	0.00	0.00	5.4	NA	63.2	61	1.00	0.00	3.14	55.00	NA	NA	NA	5.17	0.05	14.36	5.12	0.05	9.27	5.06	0.05	4.49	4.95	0.04	-4.23	4.89	0.04	-8.21	4.84	0.04	-11.95
PUB_HTM	613810	3140LE5J2	Agency CMBS	G-2-Q	FANNIE MAE	1	1.91	1/1/2032	48794000	 48,794,000 	 -   	46502649.71	42788765.5	95.304	87.6926784	-3713884.21	6/30/2026	CPY	0	LMMSOFRFLAT	RFRSwap	4.57	2.88	4.89	0.30	0.043	 20,968 	0.01	0.01	0.02	4.30	0.56	0.00	0.00	5.3	NA	64.1	61	1.00	0.00	3.32	53.00	NA	NA	NA	5.08	0.05	14.17	5.02	0.05	9.15	4.95	0.05	4.43	4.83	0.04	-4.17	4.77	0.04	-8.09	4.71	0.04	-11.78
PUB_HTM	613612	3140LEEE3	Agency CMBS	G-2-Q	FANNIE MAE	1	1.99	11/1/2031	26250000	 26,250,000 	 -   	24927272.38	23081763.78	94.961	87.9305287	-1845508.59	6/30/2026	CPY	0	LMMSOFRFLAT	RFRSwap	4.56	3.02	4.98	0.30	0.044	 11,505 	-0.01	-0.03	-0.08	4.68	0.43	0.00	0.00	5.4	NA	63.2	61	1.00	0.00	2.94	55.00	NA	NA	NA	5.15	0.05	14.44	5.09	0.05	9.33	5.03	0.05	4.52	4.92	0.04	-4.25	4.86	0.04	-8.25	4.81	0.04	-12.02
PUB_HTM	613670	3140LEVU8	Agency CMBS	G-2-Q	FANNIE MAE	0.914631218	2.09	12/1/2031	40162020	 36,733,437 	 794,748.81 	35507304.41	32738501.04	96.6621	89.1245238	-2768803.37	6/30/2026	CPY	0	LMMSOFRFLAT	RFRSwap	4.52	2.81	4.68	0.28	0.042	 15,356 	0.02	0.02	0.06	4.14	0.44	0.00	0.00	5.1	NA	59.9	57	0.91	0.00	3.70	54.00	NA	NA	NA	4.88	0.05	13.76	4.81	0.05	8.89	4.75	0.04	4.31	4.62	0.04	-4.06	4.56	0.04	-7.88	4.50	0.03	-11.48
HTM	614043	3140LG4C3	Agency CMBS	G-2-Q	FANNIE MAE	1	3.82	9/1/2032	35700000	 35,700,000 	 -   	35371777.11	34272269.21	99.0806	96.0007541	-1099507.89	6/30/2026	CPY	0	LMMSOFRFLAT	RFRSwap	4.61	4.03	5.40	0.37	0.052	 18,558 	0.01	0.00	0.00	4.05	1.34	0.00	0.00	6.2	NA	67.5	65	1.00	0.00	4.79	45.00	NA	NA	NA	5.63	0.06	17.31	5.55	0.06	11.14	5.47	0.06	5.38	5.32	0.05	-5.03	5.25	0.05	-9.73	5.18	0.04	-14.12
HTM	614462	3140LG5K4	Agency CMBS	G-2-Q	FANNIE MAE	0.947363527	4.28	10/1/2032	30081000	 28,497,642 	 467,893.93 	28726740.92	27910285.3	100.8039	97.9389279	-816455.61	6/30/2026	CPY	0	LMMSOFRFLAT	RFRSwap	4.73	4.17	5.09	0.34	0.050	 14,256 	0.03	0.04	0.11	3.65	1.25	0.00	0.00	6.0	NA	79.3	77	0.95	0.00	5.24	44.00	NA	NA	NA	5.34	0.06	16.64	5.25	0.06	10.71	5.17	0.05	5.17	5.01	0.05	-4.84	4.93	0.04	-9.37	4.85	0.04	-13.61
AFS	613498	3140LGM58	Agency CMBS	G-2-Q	FANNIE MAE	0.969347081	3.95	6/1/2038	10000000	 9,693,471 	 77,562.91 	9091873.83	8929639.08	93.7938	92.1201421	-162234.74	6/30/2026	CPY	0	LMMSOFRFLAT	RFRSwap	4.95	4.74	8.63	0.98	0.080	 7,737 	0.02	0.02	0.06	0.25	6.71	1.57	0.00	11.2	NA	86.7	84	0.97	0.00	5.10	48.00	NA	NA	NA	9.35	0.11	28.62	9.11	0.10	17.95	8.87	0.09	8.46	8.40	0.07	-7.54	8.16	0.06	-14.29	7.93	0.06	-20.33
HTM	614049	3140LHGY0	Agency CMBS	G-2-Q	FANNIE MAE	1	3.4	9/1/2032	20700000	 20,700,000 	 -   	20062497.12	19410475.01	96.9203	93.7704107	-652022.11	6/30/2026	CPY	0	LMMSOFRFLAT	RFRSwap	4.60	4.00	5.46	0.37	0.051	 10,626 	0.00	-0.01	-0.02	4.11	1.37	0.00	0.00	6.2	NA	66.5	64	1.00	0.00	3.91	45.00	NA	NA	NA	5.68	0.06	17.10	5.61	0.06	11.00	5.53	0.05	5.31	5.39	0.05	-4.96	5.31	0.04	-9.60	5.24	0.04	-13.94
HTM	613426	3140LHQ94	Agency CMBS	G-2-Q	FANNIE MAE	1	3.78	10/1/2032	21496000	 21,496,000 	 -   	21186912.1	20528632.15	98.5621	95.4997774	-658279.95	6/30/2026	CPY	0	LMMSOFRFLAT	RFRSwap	4.66	4.08	5.46	0.37	0.052	 11,254 	0.01	0.00	0.00	4.01	1.44	0.00	0.00	6.3	NA	71.8	69	1.00	0.00	4.44	44.00	NA	NA	NA	5.70	0.06	17.46	5.62	0.06	11.23	5.54	0.06	5.42	5.39	0.05	-5.06	5.31	0.05	-9.79	5.24	0.04	-14.21
HTM	613719	3140LHT34	Agency CMBS	G-2-Q	FANNIE MAE	0.355628785	3.97	9/1/2032	11228000	 3,993,000 	 7,205,437.55 	3977424	3861596.18	99.6099	96.7091455	-115827.82	6/30/2026	CPY	0	LMMSOFRFLAT	RFRSwap	4.64	4.09	5.32	0.36	0.052	 2,063 	0.01	0.00	0.05	3.99	1.28	0.00	0.00	6.2	NA	70.0	68	0.36	24.10	4.78	45.00	NA	NA	NA	5.55	0.06	17.19	5.48	0.06	11.06	5.40	0.06	5.34	5.25	0.05	-5.00	5.18	0.05	-9.67	5.10	0.04	-14.05
HTM	613384	3140LHWV8	Agency CMBS	G-2-Q	FANNIE MAE	1	3.615	10/1/2032	16434000	 16,434,000 	 -   	16124291.39	15564976.62	98.1154	94.7120398	-559314.77	6/30/2026	CPY	0	LMMSOFRFLAT	RFRSwap	4.66	4.00	5.36	0.36	0.051	 8,370 	0.01	0.02	0.05	3.90	1.37	0.00	0.00	6.2	NA	71.8	69	1.00	0.00	4.33	44.00	NA	NA	NA	5.59	0.06	16.96	5.52	0.06	10.91	5.44	0.05	5.27	5.28	0.05	-4.92	5.21	0.04	-9.53	5.14	0.04	-13.84
HTM	613988	3140LJB88	Agency CMBS	G-2-Q	FANNIE MAE	1	4.275	1/1/2033	21783000	 21,783,000 	 -   	22049585.96	21415896.13	101.2238	98.3147231	-633689.82	6/30/2026	CPY	0	LMMSOFRFLAT	RFRSwap	4.63	4.11	5.58	0.39	0.055	 11,997 	0.01	0.01	0.02	3.81	1.74	0.00	0.00	6.6	NA	68.7	66	1.00	0.00	4.94	41.00	NA	NA	NA	5.83	0.07	18.42	5.75	0.06	11.83	5.66	0.06	5.71	5.50	0.05	-5.32	5.42	0.05	-10.28	5.34	0.04	-14.91
HTM	613475	3140LJE69	Agency CMBS	G-2-Q	FANNIE MAE	1	4.1	2/1/2030	65000000	 65,000,000 	 -   	65021124.27	64131609.68	100.0325	98.6640149	-889514.59	6/30/2026	CPY	0	LMMSOFRFLAT	RFRSwap	4.52	4.11	3.31	0.15	0.033	 21,325 	0.01	0.01	2.21	1.09	0.00	0.00	0.00	3.7	NA	57.8	55	1.00	0.00	5.26	40.00	NA	NA	NA	3.42	0.04	10.53	3.39	0.04	6.86	3.35	0.03	3.35	3.28	0.03	-3.21	3.24	0.03	-6.28	3.21	0.03	-9.23
HTM	614124	3140LJHQ2	Agency CMBS	G-2-Q	FANNIE MAE	1	3.95	1/1/2033	14334000	 14,334,000 	 -   	14254693.14	13780913.52	99.4467	96.1414366	-473779.62	6/30/2026	CPY	0	LMMSOFRFLAT	RFRSwap	4.69	4.09	5.63	0.40	0.054	 7,783 	0.01	0.00	0.01	3.84	1.76	0.00	0.00	6.6	NA	74.6	72	1.00	0.00	4.61	41.00	NA	NA	NA	5.88	0.07	18.16	5.79	0.06	11.67	5.71	0.06	5.63	5.55	0.05	-5.24	5.47	0.05	-10.13	5.39	0.04	-14.69
AFS	612511	3140LJJV9	Agency CMBS	G-2-Q	FANNIE MAE	1	4.3	1/1/2030	7750000	 7,750,000 	 -   	7751041.99	7706578.77	100.0134	99.4397261	-44463.22	6/30/2026	CPY	0	LMMSOFRFLAT	RFRSwap	4.49	4.31	3.23	0.14	0.032	 2,500 	0.01	0.01	2.29	0.92	0.00	0.00	0.00	3.6	NA	54.5	52	1.00	0.00	5.13	41.00	NA	NA	NA	3.34	0.04	10.34	3.30	0.04	6.74	3.27	0.03	3.30	3.20	0.03	-3.16	3.16	0.03	-6.18	3.13	0.03	-9.08
AFS	613055	3140LLZX2	Agency CMBS	G-2-Q	FANNIE MAE	1	5.02	11/1/2028	60000000	 60,000,000 	 -   	60530254.38	60697255.2	100.8838	101.162092	167000.82	6/30/2026	CPY	0	LMMSOFRFLAT	RFRSwap	4.48	4.61	2.22	0.07	0.023	 13,503 	0.02	1.30	0.90	0.00	0.00	0.00	0.00	2.4	NA	48.2	45	1.00	0.00	5.98	31.00	NA	NA	NA	2.28	0.02	7.09	2.26	0.02	4.65	2.24	0.02	2.29	2.19	0.02	-2.22	2.17	0.02	-4.36	2.15	0.02	-6.44
PUB_HTM	614330	3140LNJT5	Agency MBS 15yr	G-2-Q	FANNIE MAE	0.56873705	1.5	9/1/2036	18323234	 10,421,102 	 1,675,892.90 	10017365.5	9316486.53	96.1258	89.4002044	-700878.97	6/30/2026	Model2501	100	LMMSOFRFLAT	RFRSwap	4.61	2.56	3.88	-0.05	0.035	 3,617 	0.14	0.23	0.55	1.79	1.11	0.06	0.02	3.9	8.7	57.0	40	0.57	4.82	2.27	58.00	128384.45	NA	NA	3.13	0.03	10.06	3.46	0.03	6.82	3.67	0.03	3.44	4.08	0.04	-3.49	4.18	0.03	-6.99	4.13	0.03	-10.35
HTM	613855	3140LQHL7	Agency MBS 20yr	G-2-Q	FANNIE MAE	0.68390182	2.5	3/1/2042	25000000	 17,097,546 	 1,790,299.07 	17028268.65	15187034.67	99.5948	88.8258181	-1841233.98	6/30/2026	Model2501	100	LMMSOFRFLAT	RFRSwap	4.84	2.56	5.30	-0.11	0.047	 8,060 	0.09	0.16	0.40	1.53	2.63	0.47	0.03	5.9	7.1	69.3	52	0.68	4.45	3.11	53.00	236849.59	NA	NA	2.75	0.03	12.49	4.14	0.04	8.98	4.84	0.05	4.64	5.64	0.05	-4.75	5.80	0.05	-9.45	5.75	0.04	-13.93
PUB_HTM	613439	3140LVRJ0	Agency MBS 30yr	G-2-Q	FANNIE MAE	0.72636234	2	10/1/2051	20000000	 14,527,247 	 656,073.96 	13602197.87	11784868.68	93.6323	81.1225199	-1817329.19	6/30/2026	Model2501	100	LMMSOFRFLAT	RFRSwap	5.14	2.93	7.37	-0.09	0.060	 8,700 	0.06	0.10	0.27	1.14	3.09	2.46	0.28	8.4	7.0	80.0	72	0.73	4.33	2.79	58.00	313725.41	NA	NA	4.87	0.05	16.93	5.98	0.06	11.69	6.74	0.06	5.95	8.01	0.06	-6.03	8.30	0.06	-11.95	8.19	0.05	-17.46
AFS	614765	3140ME3S3	Agency MBS 30yr	G-2-Q	FANNIE MAE	0.98029752	5.5	4/1/2055	1050374	 1,029,679 	 20,811.38 	1035159.16	1039653.37	100.5322	100.9686843	4494.2	6/30/2026	Model2501	100	LMMSOFRFLAT	RFRSwap	5.33	5.41	3.86	-1.58	0.039	 404 	0.20	0.32	0.48	0.95	1.25	0.65	0.03	6.8	10.0	69.6	91	0.98	0.78	6.20	15.00	243954.59	NA	NA	1.32	0.01	5.30	0.88	0.01	4.07	1.79	0.02	2.92	5.17	0.05	-4.55	6.00	0.05	-9.84	6.61	0.06	-15.46
AFS	613927	3140MEX43	Agency MBS 30yr	G-2-Q	FANNIE MAE	0.98676528	5.5	4/1/2055	1885713	 1,860,756 	 21,524.70 	1862195.2	1868623.1	100.0773	100.4227841	6427.9	6/30/2026	Model2501	100	LMMSOFRFLAT	RFRSwap	5.42	5.48	3.73	-1.69	0.038	 700 	0.22	0.33	0.49	0.91	1.15	0.62	0.04	6.3	11.2	73.6	102	0.99	0.00	6.51	17.00	371603.13	NA	NA	1.24	0.01	4.99	0.94	0.01	3.81	1.61	0.02	2.73	5.12	0.05	-4.44	5.97	0.05	-9.67	6.66	0.06	-15.26
AFS	614715	3140MEX50	Agency MBS 30yr	G-2-Q	FANNIE MAE	0.98472073	5	2/1/2055	1128296	 1,111,056 	 14,622.93 	1085661.07	1095759.65	97.7143	98.6232191	10098.57	6/30/2026	Model2501	100	LMMSOFRFLAT	RFRSwap	5.22	5.36	4.75	-1.47	0.047	 523 	0.15	0.28	0.50	1.07	1.64	1.05	0.10	7.7	8.6	59.3	78	0.98	0.07	6.04	17.00	316323.63	NA	NA	1.36	0.01	6.48	0.95	0.01	5.24	2.47	0.03	3.75	6.05	0.06	-5.27	6.84	0.06	-11.14	7.40	0.06	-17.21
AFS	614237	3140MEX68	Agency MBS 30yr	G-2-Q	FANNIE MAE	0.79374633	6	2/1/2055	1259443	 999,678 	 263,031.03 	1024634.35	1028272.41	102.4964	102.8603357	3638.06	6/30/2026	Model2501	100	LMMSOFRFLAT	RFRSwap	5.43	5.50	2.90	-2.11	0.030	 299 	0.27	0.32	0.44	0.73	0.81	0.36	-0.02	6.0	12.4	67.2	101	0.79	17.07	6.79	17.00	257998.97	NA	NA	1.06	0.01	3.45	0.68	0.01	2.49	0.93	0.01	1.90	4.57	0.05	-3.88	5.54	0.05	-8.83	6.26	0.06	-14.26
PUB_HTM	613675	3140MHS26	Agency MBS 30yr	G-2-Q	FANNIE MAE	0.66168932	2.5	3/1/2052	39350065	 26,037,518 	 2,806,919.36 	25110286.63	22208035.14	96.4389	85.2924436	-2902251.49	6/30/2026	Model2501	100	LMMSOFRFLAT	RFRSwap	5.19	3.07	6.56	-0.07	0.056	 14,604 	0.05	0.10	0.30	1.19	2.79	1.94	0.22	7.5	8.8	86.7	79	0.66	7.19	3.32	52.00	123609.02	NA	NA	3.58	0.04	15.01	5.01	0.05	10.77	6.00	0.05	5.55	7.19	0.06	-5.67	7.75	0.06	-11.43	7.92	0.05	-17.04
AFS	642779	3140MKR61	Agency MBS 30yr	G-2-Q	FANNIE MAE	0.54931765	5.5	7/1/2055	1365113	 749,881 	 623,211.13 	759236.52	759459.53	101.2476	101.2773853	223.01	6/30/2026	Model2501	100	LMMSOFRFLAT	RFRSwap	5.27	5.28	3.72	-1.76	0.038	 284 	0.21	0.32	0.48	0.91	1.16	0.63	0.03	6.7	10.3	58.3	85	0.55	50.71	6.45	14.00	217607.23	NA	NA	1.14	0.01	4.76	0.78	0.01	3.71	1.57	0.02	2.71	5.18	0.05	-4.50	6.05	0.06	-9.84	6.72	0.06	-15.54
AFS	642780	3140MKR79	Agency MBS 30yr	G-2-Q	FANNIE MAE	0.98201797	6	7/1/2055	1094633	 1,074,949 	 20,341.90 	1109387.12	1107450.97	103.2037	103.0235558	-1936.15	6/30/2026	Model2501	100	LMMSOFRFLAT	RFRSwap	5.41	5.38	2.69	-2.30	0.028	 299 	0.27	0.33	0.45	0.70	0.67	0.31	-0.02	6.0	12.6	59.2	98	0.98	1.12	6.91	13.00	240002.50	NA	NA	1.03	0.01	2.99	0.63	0.01	2.09	0.68	0.01	1.64	4.53	0.05	-3.77	5.55	0.05	-8.72	6.27	0.06	-14.17
AFS	614089	3140N25Q0	Agency MBS 30yr	G-2-Q	FANNIE MAE	0.72045711	5	9/1/2052	20000000	 14,409,142 	 1,280,260.40 	14296827.42	14290909.93	99.2205	99.1794635	-5917.49	6/30/2026	Model2501	100	LMMSOFRFLAT	RFRSwap	5.15	5.14	4.21	-1.17	0.042	 6,042 	0.17	0.29	0.50	1.01	1.46	0.78	0.03	6.4	11.0	62.5	75	0.72	7.07	5.86	47.00	317216.53	NA	NA	1.11	0.01	6.01	0.87	0.01	5.02	2.45	0.03	3.46	5.36	0.05	-4.68	6.29	0.06	-10.06	7.03	0.06	-15.86
HTM	613378	3140N3AM1	Agency MBS 30yr	G-2-Q	FANNIE MAE	0.70131762	5	10/1/2052	20370626	 14,286,279 	 1,771,138.42 	14167595.67	14128596.28	99.1692	98.896265	-38999.39	6/30/2026	Model2501	100	LMMSOFRFLAT	RFRSwap	5.20	5.14	4.67	-1.12	0.046	 6,626 	0.14	0.24	0.46	1.04	1.74	1.01	0.05	7.0	10.2	67.9	77	0.70	7.91	5.74	45.00	344694.06	NA	NA	1.07	0.01	6.92	1.05	0.01	5.97	3.00	0.03	3.95	5.86	0.06	-5.14	6.58	0.06	-10.83	6.99	0.06	-16.66
HTM	613628	3140N7ZE3	Agency MBS 30yr	G-2-Q	FANNIE MAE	0.89620417	5	10/1/2052	1853964	 1,661,530 	 45,455.72 	1647353.01	1648491.94	99.1467	99.2152821	1138.94	6/30/2026	Model2501	100	LMMSOFRFLAT	RFRSwap	5.14	5.15	4.30	-0.85	0.043	 712 	0.16	0.27	0.52	1.09	1.52	0.76	0.01	6.5	10.4	70.9	74	0.90	1.55	5.48	45.00	239284.77	NA	NA	0.72	0.01	6.00	0.69	0.01	5.54	2.85	0.03	3.71	5.16	0.05	-4.63	5.91	0.05	-9.75	6.51	0.05	-15.17
AFS	613111	3140NU2L2	Agency CMBS	G-2-Q	FANNIE MAE	1	4.56	4/1/2029	48325000	 48,325,000 	 -   	47610352.2	48511172.45	98.5212	100.3852508	900820.25	6/30/2026	CPY	0	LMMSOFRFLAT	RFRSwap	4.41	5.13	2.58	0.09	0.026	 12,582 	0.01	0.46	2.11	0.00	0.00	0.00	0.00	2.8	NA	43.5	40	1.00	0.00	5.55	26.00	NA	NA	NA	2.67	0.03	8.25	2.64	0.03	5.40	2.61	0.03	2.65	2.56	0.03	-2.56	2.53	0.02	-5.02	2.51	0.02	-7.41
AFS	612402	3140NU3F4	Agency CMBS	G-2-Q	FANNIE MAE	0.987222299	4.74	4/1/2029	6156000	 6,077,340 	 67,826.79 	6069137.12	6117291.21	99.865	100.6573721	48154.09	6/30/2026	CPY	0	LMMSOFRFLAT	RFRSwap	4.48	4.79	2.54	0.09	0.026	 1,557 	0.03	0.47	2.04	0.00	0.00	0.00	0.00	2.8	NA	50.3	47	0.99	0.00	6.21	26.00	NA	NA	NA	2.62	0.03	8.12	2.59	0.03	5.32	2.56	0.03	2.61	2.51	0.02	-2.52	2.48	0.02	-4.95	2.46	0.02	-7.29
AFS	613122	3140NU3G2	Agency CMBS	G-2-Q	FANNIE MAE	1	4.64	4/1/2029	19908000	 19,908,000 	 -   	19815049.91	19988952.06	99.5331	100.4066308	173902.15	6/30/2026	CPY	0	LMMSOFRFLAT	RFRSwap	4.48	4.82	2.56	0.09	0.026	 5,139 	0.02	0.47	2.07	0.00	0.00	0.00	0.00	2.8	NA	50.3	47	1.00	0.00	5.79	26.00	NA	NA	NA	2.64	0.03	8.18	2.62	0.03	5.35	2.59	0.03	2.63	2.54	0.02	-2.54	2.51	0.02	-4.98	2.48	0.02	-7.34
AFS	612164	3140NU4A4	Agency CMBS	G-2-Q	FANNIE MAE	1	4.57	5/1/2029	13990000	 13,990,000 	 -   	13961936.51	14060701.22	99.7994	100.5053697	98764.71	6/30/2026	CPY	0	LMMSOFRFLAT	RFRSwap	4.38	4.64	2.65	0.10	0.027	 3,743 	0.01	0.26	2.38	0.00	0.00	0.00	0.00	2.9	NA	41.2	38	1.00	0.00	5.71	25.00	NA	NA	NA	2.74	0.03	8.50	2.71	0.03	5.56	2.68	0.03	2.73	2.62	0.03	-2.63	2.60	0.02	-5.16	2.57	0.02	-7.60
AFS	614777	3140NU4H9	Agency CMBS	G-2-Q	FANNIE MAE	1	4.59	4/1/2029	22491000	 22,491,000 	 -   	22356960.34	22564848.57	99.404	100.3283472	207888.23	6/30/2026	CPY	0	LMMSOFRFLAT	RFRSwap	4.46	4.82	2.56	0.09	0.026	 5,803 	0.02	0.47	2.07	0.00	0.00	0.00	0.00	2.8	NA	48.3	45	1.00	0.00	5.58	26.00	NA	NA	NA	2.64	0.03	8.18	2.62	0.03	5.35	2.59	0.03	2.63	2.54	0.02	-2.53	2.51	0.02	-4.98	2.48	0.02	-7.34
AFS	613204	3140NU5Y1	Agency CMBS	G-2-Q	FANNIE MAE	1	4.37	4/1/2029	7000000	 7,000,000 	 -   	7016994.03	6983015.7	100.2428	99.7573672	-33978.32	6/30/2026	CPY	0	LMMSOFRFLAT	RFRSwap	4.46	4.27	2.57	0.09	0.026	 1,801 	0.02	0.47	2.08	0.00	0.00	0.00	0.00	2.8	NA	48.3	45	1.00	0.00	5.86	26.00	NA	NA	NA	2.65	0.03	8.16	2.62	0.03	5.34	2.60	0.03	2.62	2.54	0.02	-2.53	2.52	0.02	-4.97	2.49	0.02	-7.32
AFS	614614	3140NU5Z8	Agency CMBS	G-2-Q	FANNIE MAE	0.999076815	4.69	5/1/2029	15120000	 15,106,041 	 14,018.08 	15143498.87	15188346.57	100.248	100.5448491	44847.7	6/30/2026	CPY	0	LMMSOFRFLAT	RFRSwap	4.48	4.59	2.60	0.10	0.026	 3,966 	0.03	0.27	2.30	0.00	0.00	0.00	0.00	2.8	NA	50.9	48	1.00	0.00	5.58	25.00	NA	NA	NA	2.69	0.03	8.33	2.66	0.03	5.45	2.63	0.03	2.67	2.57	0.03	-2.58	2.55	0.02	-5.06	2.52	0.02	-7.46
AFS	613718	3140NU6C8	Agency CMBS	G-2-Q	FANNIE MAE	0.999104329	4.47	5/1/2029	12056000	 12,045,202 	 10,881.63 	12106889.12	12047230.72	100.5121	100.0168443	-59658.39	6/30/2026	CPY	0	LMMSOFRFLAT	RFRSwap	4.46	4.27	2.61	0.10	0.026	 3,155 	0.03	0.27	2.31	0.00	0.00	0.00	0.00	2.9	NA	48.9	46	1.00	0.00	5.70	25.00	NA	NA	NA	2.70	0.03	8.32	2.67	0.03	5.44	2.64	0.03	2.67	2.58	0.03	-2.57	2.55	0.02	-5.05	2.53	0.02	-7.44
AFS	612994	3140NU6K0	Agency CMBS	G-2-Q	FANNIE MAE	1	4.7	5/1/2029	18713000	 18,713,000 	 -   	18610527.81	18837934.89	99.4524	100.6676369	227407.09	6/30/2026	CPY	0	LMMSOFRFLAT	RFRSwap	4.45	4.90	2.65	0.10	0.027	 5,007 	0.01	0.26	2.38	0.00	0.00	0.00	0.00	2.9	NA	48.1	45	1.00	0.00	5.69	25.00	NA	NA	NA	2.73	0.03	8.50	2.71	0.03	5.56	2.68	0.03	2.73	2.62	0.03	-2.63	2.59	0.02	-5.16	2.57	0.02	-7.60
AFS	613327	3140NU6Q7	Agency CMBS	G-2-Q	FANNIE MAE	1	4.67	4/1/2029	10212000	 10,212,000 	 -   	10177492.04	10270110.16	99.6621	100.569038	92618.12	6/30/2026	CPY	0	LMMSOFRFLAT	RFRSwap	4.45	4.80	2.58	0.09	0.026	 2,660 	0.01	0.46	2.11	0.00	0.00	0.00	0.00	2.8	NA	47.4	44	1.00	0.00	5.61	26.00	NA	NA	NA	2.66	0.03	8.26	2.64	0.03	5.40	2.61	0.03	2.65	2.55	0.03	-2.56	2.53	0.02	-5.03	2.50	0.02	-7.41
AFS	614488	3140NU7G8	Agency CMBS	G-2-Q	FANNIE MAE	1	4.54	5/1/2029	13857000	 13,857,000 	 -   	13776967.95	13904670.27	99.4224	100.3440158	127702.32	6/30/2026	CPY	0	LMMSOFRFLAT	RFRSwap	4.41	4.75	2.65	0.10	0.027	 3,703 	0.01	0.26	2.39	0.00	0.00	0.00	0.00	2.9	NA	44.1	41	1.00	0.00	5.87	25.00	NA	NA	NA	2.74	0.03	8.48	2.71	0.03	5.55	2.68	0.03	2.72	2.63	0.03	-2.62	2.60	0.02	-5.15	2.57	0.02	-7.59
AFS	614413	3140NUA90	Agency CMBS	G-2-Q	FANNIE MAE	1	4.93	1/1/2031	27729000	 27,729,000 	 -   	28120682.55	28111420.26	101.4125	101.3791347	-9262.29	6/30/2026	CPY	0	LMMSOFRFLAT	RFRSwap	4.63	4.63	4.00	0.21	0.041	 11,288 	0.02	0.02	0.87	3.09	0.00	0.00	0.00	4.6	NA	70.5	68	1.00	0.00	5.83	29.00	NA	NA	NA	4.15	0.05	13.23	4.10	0.05	8.58	4.05	0.04	4.18	3.95	0.04	-3.97	3.90	0.04	-7.73	3.86	0.03	-11.31
AFS	614008	3140NUD48	Agency CMBS	G-2-Q	FANNIE MAE	1	4.685	1/1/2029	141550000	 141,550,000 	 -   	141527219.7	142363280.1	99.9839	100.5745532	836060.34	6/30/2026	CPY	0	LMMSOFRFLAT	RFRSwap	4.44	4.68	2.37	0.08	0.024	 33,855 	0.01	1.00	1.36	0.00	0.00	0.00	0.00	2.6	NA	44.3	41	1.00	0.00	5.57	29.00	NA	NA	NA	2.44	0.03	7.55	2.42	0.03	4.95	2.39	0.02	2.43	2.35	0.02	-2.35	2.32	0.02	-4.63	2.30	0.02	-6.83
AFS	614542	3140NUDT3	Agency CMBS	G-2-Q	FANNIE MAE	0.994324417	4.97	12/1/2030	18946000	 18,838,470 	 109,539.83 	19122504.91	19108654.54	101.5077	101.4342148	-13850.37	6/30/2026	CPY	0	LMMSOFRFLAT	RFRSwap	4.64	4.62	3.83	0.19	0.039	 7,342 	0.03	0.04	1.02	2.73	0.00	0.00	0.00	4.4	NA	71.1	68	0.99	0.00	6.03	30.00	NA	NA	NA	3.98	0.05	12.64	3.93	0.04	8.21	3.88	0.04	4.00	3.78	0.04	-3.80	3.73	0.04	-7.41	3.69	0.03	-10.85
AFS	613957	3140NUE47	Agency CMBS	G-2-Q	FANNIE MAE	1	4.72	12/1/2028	28442000	 28,442,000 	 -   	28261186.04	28597488.6	99.3643	100.5466866	336302.56	6/30/2026	CPY	0	LMMSOFRFLAT	RFRSwap	4.46	4.98	2.28	0.07	0.023	 6,531 	0.03	1.16	1.09	0.00	0.00	0.00	0.00	2.5	NA	46.9	44	1.00	0.00	6.11	30.00	NA	NA	NA	2.34	0.03	7.24	2.32	0.02	4.75	2.30	0.02	2.33	2.25	0.02	-2.26	2.23	0.02	-4.45	2.21	0.02	-6.57
AFS	613456	3140NUE88	Agency CMBS	G-2-Q	FANNIE MAE	1	4.91	12/1/2030	11986000	 11,986,000 	 -   	12121455.62	12107360.02	101.1301	101.0125148	-14095.6	6/30/2026	CPY	0	LMMSOFRFLAT	RFRSwap	4.69	4.66	3.86	0.20	0.039	 4,692 	0.03	0.04	1.03	2.77	0.00	0.00	0.00	4.4	NA	76.0	73	1.00	0.00	6.27	30.00	NA	NA	NA	4.01	0.05	12.70	3.96	0.04	8.25	3.91	0.04	4.02	3.81	0.04	-3.82	3.77	0.04	-7.45	3.72	0.03	-10.90
AFS	612663	3140NUEQ8	Agency CMBS	G-2-Q	FANNIE MAE	1	4.94	12/1/2028	16313000	 16,313,000 	 -   	16305353.28	16473318.29	99.9531	100.982764	167965.01	6/30/2026	CPY	0	LMMSOFRFLAT	RFRSwap	4.50	4.95	2.27	0.07	0.023	 3,752 	0.03	1.16	1.08	0.00	0.00	0.00	0.00	2.5	NA	49.9	47	1.00	0.00	5.88	30.00	NA	NA	NA	2.34	0.03	7.25	2.31	0.02	4.75	2.29	0.02	2.34	2.25	0.02	-2.26	2.23	0.02	-4.45	2.20	0.02	-6.58
AFS	614647	3140NUF38	Agency CMBS	G-2-Q	FANNIE MAE	1	4.575	1/1/2029	49020000	 49,020,000 	 -   	49036758.05	49207495.62	100.0342	100.382488	170737.57	6/30/2026	CPY	0	LMMSOFRFLAT	RFRSwap	4.41	4.55	2.37	0.08	0.024	 11,716 	0.01	1.00	1.36	0.00	0.00	0.00	0.00	2.6	NA	41.4	38	1.00	0.00	5.47	29.00	NA	NA	NA	2.44	0.03	7.55	2.42	0.03	4.94	2.40	0.02	2.43	2.35	0.02	-2.35	2.33	0.02	-4.62	2.30	0.02	-6.82
AFS	612656	3140NUFS3	Agency CMBS	G-2-Q	FANNIE MAE	1	5.13	1/1/2029	36000000	 36,000,000 	 -   	36103016.25	36495841.21	100.2862	101.3773367	392824.96	6/30/2026	CPY	0	LMMSOFRFLAT	RFRSwap	4.55	5.00	2.36	0.08	0.024	 8,637 	0.02	0.99	1.34	0.00	0.00	0.00	0.00	2.6	NA	55.1	52	1.00	0.00	6.34	29.00	NA	NA	NA	2.43	0.03	7.57	2.40	0.03	4.96	2.38	0.02	2.44	2.33	0.02	-2.36	2.31	0.02	-4.64	2.29	0.02	-6.85
AFS	612769	3140NUGP8	Agency CMBS	G-2-Q	FANNIE MAE	1	4.97	1/1/2029	63423000	 63,423,000 	 -   	63831175.33	64159955.73	100.6436	101.1619692	328780.4	6/30/2026	CPY	0	LMMSOFRFLAT	RFRSwap	4.48	4.69	2.36	0.08	0.024	 15,211 	0.02	1.00	1.35	0.00	0.00	0.00	0.00	2.6	NA	48.2	45	1.00	0.00	5.98	29.00	NA	NA	NA	2.43	0.03	7.57	2.41	0.03	4.96	2.38	0.02	2.44	2.34	0.02	-2.36	2.32	0.02	-4.64	2.29	0.02	-6.85
AFS	612653	3140NUH36	Agency CMBS	G-2-Q	FANNIE MAE	1	4.715	1/1/2031	18769000	 18,769,000 	 -   	18886136.4	18891244.13	100.6241	100.6513087	5107.73	6/30/2026	CPY	0	LMMSOFRFLAT	RFRSwap	4.59	4.60	3.97	0.21	0.040	 7,532 	0.02	0.03	0.89	3.03	0.00	0.00	0.00	4.5	NA	66.4	64	1.00	0.00	5.78	29.00	NA	NA	NA	4.12	0.05	13.04	4.07	0.04	8.46	4.02	0.04	4.12	3.92	0.04	-3.91	3.88	0.04	-7.63	3.83	0.03	-11.16
AFS	614430	3140NUJK6	Agency CMBS	G-2-Q	FANNIE MAE	1	4.96	2/1/2029	17000000	 17,000,000 	 -   	17043593.76	17185124.25	100.2564	101.0889662	141530.49	6/30/2026	CPY	0	LMMSOFRFLAT	RFRSwap	4.52	4.85	2.43	0.08	0.025	 4,201 	0.02	0.82	1.60	0.00	0.00	0.00	0.00	2.7	NA	52.5	50	1.00	0.00	5.64	28.00	NA	NA	NA	2.51	0.03	7.81	2.48	0.03	5.12	2.46	0.03	2.51	2.41	0.02	-2.43	2.39	0.02	-4.78	2.36	0.02	-7.05
AFS	614218	3140NUJY6	Agency CMBS	G-2-Q	FANNIE MAE	0.994908746	4.87	1/1/2031	19514000	 19,414,649 	 100,854.62 	19650647.64	19651391.31	101.2156	101.219399	743.66	6/30/2026	CPY	0	LMMSOFRFLAT	RFRSwap	4.60	4.60	3.89	0.20	0.040	 7,679 	0.03	0.04	0.88	2.94	0.00	0.00	0.00	4.4	NA	67.2	65	0.99	0.00	5.77	29.00	NA	NA	NA	4.05	0.05	12.85	3.99	0.04	8.34	3.94	0.04	4.06	3.84	0.04	-3.85	3.79	0.04	-7.52	3.75	0.03	-11.00
AFS	614729	3140NUJZ3	Agency CMBS	G-2-Q	FANNIE MAE	1	4.8	2/1/2031	37090000	 37,090,000 	 -   	37136342.8	37454027.85	100.1249	100.9814717	317685.05	6/30/2026	CPY	0	LMMSOFRFLAT	RFRSwap	4.61	4.81	4.06	0.21	0.041	 15,255 	0.02	0.02	0.74	3.28	0.00	0.00	0.00	4.6	NA	67.6	65	1.00	0.00	5.76	28.00	NA	NA	NA	4.21	0.05	13.38	4.16	0.05	8.68	4.11	0.04	4.22	4.01	0.04	-4.01	3.96	0.04	-7.81	3.91	0.04	-11.42
AFS	613169	3140NULF4	Agency CMBS	G-2-Q	FANNIE MAE	1	4.58	1/1/2031	7145000	 7,145,000 	 -   	7102658.76	7172171.15	99.4074	100.380282	69512.39	6/30/2026	CPY	0	LMMSOFRFLAT	RFRSwap	4.52	4.77	3.94	0.20	0.040	 2,839 	0.03	0.04	0.88	3.00	0.00	0.00	0.00	4.5	NA	59.4	57	1.00	0.00	5.69	29.00	NA	NA	NA	4.09	0.05	12.91	4.04	0.04	8.38	3.99	0.04	4.08	3.89	0.04	-3.87	3.85	0.04	-7.55	3.80	0.03	-11.05
AFS	613069	3140NULP2	Agency CMBS	G-2-Q	FANNIE MAE	1	4.82	1/1/2029	3622000	 3,622,000 	 -   	3622000	3655032.94	100	100.9120082	33032.94	6/30/2026	CPY	0	LMMSOFRFLAT	RFRSwap	4.43	4.81	2.35	0.08	0.024	 861 	0.03	0.99	1.33	0.00	0.00	0.00	0.00	2.5	NA	43.3	40	1.00	0.00	6.36	29.00	NA	NA	NA	2.42	0.03	7.51	2.39	0.03	4.92	2.37	0.02	2.42	2.32	0.02	-2.34	2.30	0.02	-4.60	2.28	0.02	-6.79
AFS	613487	3140NUPW3	Agency CMBS	G-2-Q	FANNIE MAE	1	4.82	3/1/2031	36327000	 36,327,000 	 -   	36773047.58	36726355.86	101.2279	101.0993362	-46691.72	6/30/2026	CPY	0	LMMSOFRFLAT	RFRSwap	4.60	4.57	4.13	0.22	0.042	 15,245 	0.02	0.02	0.57	3.53	0.00	0.00	0.00	4.7	NA	67.6	65	1.00	0.00	5.42	27.00	NA	NA	NA	4.29	0.05	13.67	4.24	0.05	8.86	4.19	0.04	4.31	4.08	0.04	-4.09	4.03	0.04	-7.96	3.98	0.04	-11.64
AFS	613656	3140NUPX1	Agency CMBS	G-2-Q	FANNIE MAE	1	4.82	3/1/2031	33715000	 33,715,000 	 -   	34128975.75	34085641.2	101.2279	101.0993362	-43334.55	6/30/2026	CPY	0	LMMSOFRFLAT	RFRSwap	4.60	4.57	4.13	0.22	0.042	 14,149 	0.02	0.02	0.57	3.53	0.00	0.00	0.00	4.7	NA	67.6	65	1.00	0.00	5.42	27.00	NA	NA	NA	4.29	0.05	13.67	4.24	0.05	8.86	4.19	0.04	4.31	4.08	0.04	-4.09	4.03	0.04	-7.96	3.98	0.04	-11.64
AFS	613584	3140NURA9	Agency CMBS	G-2-Q	FANNIE MAE	1	4.76	2/1/2029	44525000	 44,525,000 	 -   	44270230.61	44866583.82	99.4278	100.7671731	596353.21	6/30/2026	CPY	0	LMMSOFRFLAT	RFRSwap	4.45	4.99	2.44	0.08	0.025	 10,992 	0.02	0.82	1.60	0.00	0.00	0.00	0.00	2.7	NA	45.7	43	1.00	0.00	5.90	28.00	NA	NA	NA	2.52	0.03	7.80	2.49	0.03	5.11	2.47	0.03	2.51	2.42	0.02	-2.43	2.39	0.02	-4.77	2.37	0.02	-7.04
AFS	613068	3140NUTD1	Agency CMBS	G-2-Q	FANNIE MAE	1	4.35	2/1/2029	22150000	 22,150,000 	 -   	22204326.41	22116985.14	100.2453	99.8509487	-87341.27	6/30/2026	CPY	0	LMMSOFRFLAT	RFRSwap	4.41	4.25	2.45	0.08	0.025	 5,443 	0.01	0.82	1.62	0.00	0.00	0.00	0.00	2.7	NA	41.8	39	1.00	0.00	5.14	28.00	NA	NA	NA	2.53	0.03	7.77	2.50	0.03	5.09	2.48	0.03	2.50	2.43	0.02	-2.42	2.40	0.02	-4.75	2.38	0.02	-7.01
AFS	614449	3140NUUL1	Agency CMBS	G-2-Q	FANNIE MAE	1	4.26	3/1/2029	42315000	 42,315,000 	 -   	41530926.35	42144836.62	98.1471	99.5978651	613910.26	6/30/2026	CPY	0	LMMSOFRFLAT	RFRSwap	4.41	4.99	2.52	0.09	0.025	 10,665 	0.01	0.66	1.85	0.00	0.00	0.00	0.00	2.7	NA	43.3	40	1.00	0.00	5.35	27.00	NA	NA	NA	2.60	0.03	7.98	2.57	0.03	5.22	2.55	0.03	2.57	2.50	0.02	-2.48	2.47	0.02	-4.87	2.45	0.02	-7.18
AFS	614549	3140NUXW4	Agency CMBS	G-2-Q	FANNIE MAE	1	4.71	3/1/2029	30797000	 30,797,000 	 -   	30772692.75	30994512.49	99.9211	100.6413368	221819.74	6/30/2026	CPY	0	LMMSOFRFLAT	RFRSwap	4.45	4.73	2.51	0.09	0.025	 7,803 	0.01	0.66	1.83	0.00	0.00	0.00	0.00	2.7	NA	47.2	44	1.00	0.00	5.55	27.00	NA	NA	NA	2.59	0.03	8.02	2.56	0.03	5.25	2.53	0.03	2.58	2.48	0.02	-2.49	2.46	0.02	-4.89	2.43	0.02	-7.22
AFS	613516	3140NUZY8	Agency CMBS	G-2-Q	FANNIE MAE	1	4.29	4/1/2029	33201000	 33,201,000 	 -   	32632924.83	33093971.13	98.289	99.6776336	461046.3	6/30/2026	CPY	0	LMMSOFRFLAT	RFRSwap	4.41	4.95	2.59	0.09	0.026	 8,611 	0.01	0.46	2.13	0.00	0.00	0.00	0.00	2.8	NA	43.5	40	1.00	0.00	5.51	26.00	NA	NA	NA	2.68	0.03	8.22	2.65	0.03	5.38	2.62	0.03	2.64	2.57	0.03	-2.55	2.54	0.02	-5.00	2.52	0.02	-7.38
AFS	613774	3140NV2Q9	Agency CMBS	G-2-Q	FANNIE MAE	0.983149543	4.36	9/1/2029	39912000	 39,239,465 	 389,090.64 	39201513.54	39132135.29	99.9033	99.7264762	-69378.25	6/30/2026	CPY	0	LMMSOFRFLAT	RFRSwap	4.46	4.40	2.90	0.12	0.029	 11,386 	0.02	0.03	2.51	0.34	0.00	0.00	0.00	3.2	NA	50.5	48	0.98	0.00	5.30	21.00	NA	NA	NA	3.00	0.03	9.25	2.96	0.03	6.04	2.93	0.03	2.96	2.87	0.03	-2.84	2.84	0.03	-5.58	2.81	0.03	-8.21
AFS	614852	3140NV2S5	Agency CMBS	G-2-Q	FANNIE MAE	1	4.39	8/1/2029	14472000	 14,472,000 	 -   	14498622.5	14444780.28	100.184	99.8119146	-53842.22	6/30/2026	CPY	0	LMMSOFRFLAT	RFRSwap	4.46	4.33	2.82	0.11	0.028	 4,089 	0.03	0.04	2.54	0.22	0.00	0.00	0.00	3.1	NA	50.1	47	1.00	0.00	5.23	22.00	NA	NA	NA	2.92	0.03	9.00	2.88	0.03	5.88	2.85	0.03	2.88	2.79	0.03	-2.77	2.76	0.03	-5.44	2.73	0.03	-8.00
AFS	613869	3140NV3N5	Agency CMBS	G-2-Q	FANNIE MAE	1	4.255	10/1/2029	25699000	 25,699,000 	 -   	25513927.84	25558050.52	99.2798	99.4515371	44122.68	6/30/2026	CPY	0	LMMSOFRFLAT	RFRSwap	4.45	4.50	3.02	0.12	0.030	 7,753 	0.01	0.01	2.52	0.49	0.00	0.00	0.00	3.3	NA	49.4	46	1.00	0.00	5.45	20.00	NA	NA	NA	3.12	0.03	9.63	3.09	0.03	6.29	3.06	0.03	3.08	2.99	0.03	-2.96	2.96	0.03	-5.80	2.93	0.03	-8.52
AFS	614104	3140NV3U9	Agency CMBS	G-2-Q	FANNIE MAE	1	4.42	9/1/2029	18445000	 18,445,000 	 -   	18447797.3	18454269.46	100.0152	100.0502546	6472.15	6/30/2026	CPY	0	LMMSOFRFLAT	RFRSwap	4.41	4.43	2.95	0.12	0.030	 5,456 	0.01	0.01	2.57	0.35	0.00	0.00	0.00	3.2	NA	45.8	43	1.00	0.00	5.16	21.00	NA	NA	NA	3.04	0.03	9.43	3.01	0.03	6.16	2.98	0.03	3.02	2.92	0.03	-2.90	2.89	0.03	-5.69	2.86	0.03	-8.37
AFS	614428	3140NV4F1	Agency CMBS	G-2-Q	FANNIE MAE	1	4.25	9/1/2031	19340000	 19,340,000 	 -   	19408444.96	19112994.31	100.3539	98.8262374	-295450.64	6/30/2026	CPY	0	LMMSOFRFLAT	RFRSwap	4.55	4.21	4.58	0.27	0.045	 8,780 	0.01	0.01	0.02	4.32	0.22	0.00	0.00	5.2	NA	62.3	60	1.00	0.00	5.10	21.00	NA	NA	NA	4.76	0.05	14.90	4.70	0.05	9.64	4.64	0.05	4.68	4.52	0.04	-4.41	4.46	0.04	-8.57	4.41	0.04	-12.50
AFS	613713	3140NV6R3	Agency CMBS	G-2-Q	FANNIE MAE	1	4.055	9/1/2031	55800000	 55,800,000 	 -   	55362055.03	54583357.61	99.2152	97.8196373	-778697.42	6/30/2026	CPY	0	LMMSOFRFLAT	RFRSwap	4.57	4.26	4.55	0.26	0.045	 24,904 	0.01	0.01	0.07	4.24	0.21	0.00	0.00	5.2	NA	64.8	62	1.00	0.00	5.26	21.00	NA	NA	NA	4.73	0.05	14.64	4.67	0.05	9.47	4.61	0.05	4.60	4.49	0.04	-4.34	4.43	0.04	-8.43	4.38	0.04	-12.29
AFS	613904	3140NV6S1	Agency CMBS	G-2-Q	FANNIE MAE	1	4.06	9/1/2029	31900000	 31,900,000 	 -   	32030549.89	31572401.77	100.4092	98.9730463	-458148.12	6/30/2026	CPY	0	LMMSOFRFLAT	RFRSwap	4.41	3.93	2.96	0.12	0.029	 9,381 	0.01	0.00	2.59	0.36	0.00	0.00	0.00	3.2	NA	45.8	43	1.00	0.00	5.05	21.00	NA	NA	NA	3.06	0.03	9.38	3.02	0.03	6.13	2.99	0.03	3.00	2.93	0.03	-2.88	2.90	0.03	-5.65	2.87	0.03	-8.32
AFS	612655	3140NV6V4	Agency CMBS	G-2-Q	FANNIE MAE	1	4.39	9/1/2029	60900000	 60,900,000 	 -   	61247413.19	60875936.77	100.5705	99.9604873	-371476.42	6/30/2026	CPY	0	LMMSOFRFLAT	RFRSwap	4.41	4.21	2.95	0.12	0.030	 18,006 	0.01	0.01	2.57	0.35	0.00	0.00	0.00	3.2	NA	45.8	43	1.00	0.00	5.23	21.00	NA	NA	NA	3.04	0.03	9.43	3.01	0.03	6.16	2.98	0.03	3.02	2.92	0.03	-2.90	2.89	0.03	-5.68	2.86	0.03	-8.36
AFS	613260	3140NVBY2	Agency CMBS	G-2-Q	FANNIE MAE	1	4.955	5/1/2029	34152000	 34,152,000 	 -   	34153170.71	34540980.86	100.0034	101.1389695	387810.15	6/30/2026	CPY	0	LMMSOFRFLAT	RFRSwap	4.53	4.95	2.64	0.10	0.027	 9,152 	0.02	0.26	2.36	0.00	0.00	0.00	0.00	2.9	NA	55.9	53	1.00	0.00	6.05	25.00	NA	NA	NA	2.73	0.03	8.51	2.70	0.03	5.56	2.67	0.03	2.73	2.61	0.03	-2.63	2.58	0.02	-5.17	2.56	0.02	-7.61
AFS	613033	3140NVD79	Agency CMBS	G-2-Q	FANNIE MAE	1	4.95	5/1/2029	27251000	 27,251,000 	 -   	27256985.79	27565040.66	100.022	101.1524005	308054.87	6/30/2026	CPY	0	LMMSOFRFLAT	RFRSwap	4.52	4.94	2.64	0.10	0.027	 7,304 	0.02	0.26	2.36	0.00	0.00	0.00	0.00	2.9	NA	54.9	52	1.00	0.00	5.89	25.00	NA	NA	NA	2.73	0.03	8.51	2.70	0.03	5.57	2.67	0.03	2.73	2.61	0.03	-2.63	2.58	0.02	-5.17	2.56	0.02	-7.61
AFS	614585	3140NVFJ1	Agency CMBS	G-2-Q	FANNIE MAE	1	4.65	6/1/2029	31209000	 31,209,000 	 -   	31116665.59	31383938.59	99.7041	100.5605389	267273	6/30/2026	CPY	0	LMMSOFRFLAT	RFRSwap	4.45	4.76	2.72	0.10	0.027	 8,568 	0.01	0.05	2.66	0.00	0.00	0.00	0.00	3.0	NA	48.3	45	1.00	0.00	5.77	24.00	NA	NA	NA	2.81	0.03	8.73	2.78	0.03	5.71	2.75	0.03	2.80	2.69	0.03	-2.69	2.66	0.03	-5.29	2.63	0.02	-7.79
AFS	614177	3140NVG43	Agency CMBS	G-2-Q	FANNIE MAE	1	4.61	7/1/2031	48914000	 48,914,000 	 -   	49008917.02	49163861.42	100.194	100.5108178	154944.4	6/30/2026	CPY	0	LMMSOFRFLAT	RFRSwap	4.54	4.61	4.41	0.25	0.044	 21,757 	0.01	0.01	0.03	4.28	0.06	0.00	0.00	5.1	NA	61.6	59	1.00	0.00	5.56	23.00	NA	NA	NA	4.58	0.05	14.57	4.53	0.05	9.43	4.47	0.05	4.58	4.35	0.04	-4.32	4.30	0.04	-8.41	4.24	0.04	-12.27
AFS	614350	3140NVGM3	Agency CMBS	G-2-Q	FANNIE MAE	1	4.73	6/1/2031	12004000	 12,004,000 	 -   	11976334.53	12087972.47	99.7695	100.6995374	111637.94	6/30/2026	CPY	0	LMMSOFRFLAT	RFRSwap	4.61	4.83	4.29	0.24	0.043	 5,206 	0.02	0.03	0.12	4.13	0.00	0.00	0.00	4.9	NA	68.8	66	1.00	0.00	5.84	24.00	NA	NA	NA	4.46	0.05	14.18	4.40	0.05	9.18	4.35	0.05	4.46	4.23	0.04	-4.22	4.18	0.04	-8.21	4.13	0.04	-11.99
AFS	612648	3140NVNU7	Agency CMBS	G-2-Q	FANNIE MAE	1	4.69	7/1/2029	76800000	 76,800,000 	 -   	76924610.79	77327698.94	100.1623	100.687108	403088.15	6/30/2026	CPY	0	LMMSOFRFLAT	RFRSwap	4.45	4.64	2.79	0.11	0.028	 21,648 	0.01	0.02	2.66	0.10	0.00	0.00	0.00	3.1	NA	49.0	46	1.00	0.00	5.98	23.00	NA	NA	NA	2.88	0.03	8.97	2.85	0.03	5.86	2.82	0.03	2.87	2.76	0.03	-2.76	2.73	0.03	-5.43	2.70	0.03	-7.99
AFS	614641	3140NVPP6	Agency CMBS	G-2-Q	FANNIE MAE	1	4.78	6/1/2029	45357000	 45,357,000 	 -   	45154089.8	45774463.33	99.5526	100.9203945	620373.54	6/30/2026	CPY	0	LMMSOFRFLAT	RFRSwap	4.45	4.95	2.72	0.10	0.028	 12,477 	0.02	0.05	2.65	0.00	0.00	0.00	0.00	3.0	NA	48.3	45	1.00	0.00	5.71	24.00	NA	NA	NA	2.81	0.03	8.75	2.78	0.03	5.72	2.75	0.03	2.80	2.69	0.03	-2.70	2.66	0.03	-5.30	2.63	0.02	-7.80
AFS	612407	3140NVSX6	Agency CMBS	G-2-Q	FANNIE MAE	1	4.39	8/1/2029	39907000	 39,907,000 	 -   	40008972.89	39888713.26	100.2555	99.9541766	-120259.64	6/30/2026	CPY	0	LMMSOFRFLAT	RFRSwap	4.41	4.31	2.87	0.11	0.029	 11,505 	0.01	0.01	2.63	0.23	0.00	0.00	0.00	3.2	NA	45.4	42	1.00	0.00	5.58	22.00	NA	NA	NA	2.97	0.03	9.19	2.94	0.03	6.00	2.90	0.03	2.94	2.84	0.03	-2.83	2.81	0.03	-5.55	2.78	0.03	-8.16
AFS	614296	3140NVT56	Agency CMBS	G-2-Q	FANNIE MAE	1	4.62	8/1/2029	25240000	 25,240,000 	 -   	25409513.67	25397804.77	100.6716	100.625217	-11708.9	6/30/2026	CPY	0	LMMSOFRFLAT	RFRSwap	4.41	4.40	2.86	0.11	0.029	 7,303 	0.01	0.01	2.61	0.23	0.00	0.00	0.00	3.2	NA	45.4	42	1.00	0.00	5.86	22.00	NA	NA	NA	2.96	0.03	9.22	2.93	0.03	6.02	2.90	0.03	2.95	2.83	0.03	-2.84	2.80	0.03	-5.57	2.78	0.03	-8.19
AFS	613452	3140NVWQ6	Agency CMBS	G-2-Q	FANNIE MAE	1	4.39	8/1/2031	7085000	 7,085,000 	 -   	7129596.18	7030922.83	100.6294	99.2367372	-98673.35	6/30/2026	CPY	0	LMMSOFRFLAT	RFRSwap	4.60	4.29	4.48	0.26	0.045	 3,158 	0.01	0.01	0.06	4.25	0.14	0.00	0.00	5.1	NA	67.7	65	1.00	0.00	5.37	22.00	NA	NA	NA	4.65	0.05	14.61	4.59	0.05	9.45	4.53	0.05	4.59	4.42	0.04	-4.33	4.36	0.04	-8.42	4.31	0.04	-12.29
AFS	614046	3140NVWT0	Agency CMBS	G-2-Q	FANNIE MAE	1	4.33	8/1/2029	17220000	 17,220,000 	 -   	17222851.92	17157511.1	100.0166	99.6371144	-65340.82	6/30/2026	CPY	0	LMMSOFRFLAT	RFRSwap	4.46	4.33	2.86	0.11	0.029	 4,917 	0.02	0.03	2.59	0.22	0.00	0.00	0.00	3.1	NA	50.2	47	1.00	0.00	5.72	22.00	NA	NA	NA	2.95	0.03	9.10	2.92	0.03	5.94	2.89	0.03	2.91	2.83	0.03	-2.80	2.80	0.03	-5.49	2.77	0.03	-8.09
AFS	614633	3140NVX69	Agency CMBS	G-2-Q	FANNIE MAE	1	4.42	8/1/2029	16813000	 16,813,000 	 -   	16866518.06	16795779.22	100.3183	99.8975746	-70738.85	6/30/2026	CPY	0	LMMSOFRFLAT	RFRSwap	4.46	4.31	2.83	0.11	0.028	 4,767 	0.02	0.03	2.55	0.22	0.00	0.00	0.00	3.1	NA	50.1	47	1.00	0.00	6.05	22.00	NA	NA	NA	2.92	0.03	9.03	2.89	0.03	5.90	2.86	0.03	2.89	2.80	0.03	-2.78	2.77	0.03	-5.46	2.74	0.03	-8.03
AFS	613825	3140NVY76	Agency CMBS	G-2-Q	FANNIE MAE	1	4.33	8/1/2029	53458000	 53,458,000 	 -   	53683167.63	53339923.36	100.4212	99.7791226	-343244.27	6/30/2026	CPY	0	LMMSOFRFLAT	RFRSwap	4.41	4.19	2.88	0.11	0.029	 15,397 	0.01	0.01	2.63	0.23	0.00	0.00	0.00	3.2	NA	45.4	42	1.00	0.00	5.55	22.00	NA	NA	NA	2.97	0.03	9.18	2.94	0.03	5.99	2.91	0.03	2.94	2.85	0.03	-2.82	2.82	0.03	-5.54	2.79	0.03	-8.15
AFS	614332	3140NVZH3	Agency CMBS	G-2-Q	FANNIE MAE	1	4.5	8/1/2029	41332000	 41,332,000 	 -   	41557485.12	41384318.58	100.5455	100.1265813	-173166.53	6/30/2026	CPY	0	LMMSOFRFLAT	RFRSwap	4.46	4.31	2.82	0.11	0.028	 11,723 	0.03	0.04	2.54	0.22	0.00	0.00	0.00	3.1	NA	50.1	47	1.00	0.00	5.79	22.00	NA	NA	NA	2.92	0.03	9.03	2.89	0.03	5.90	2.85	0.03	2.89	2.79	0.03	-2.78	2.76	0.03	-5.46	2.73	0.03	-8.03
AFS	613060	3140NVZV2	Agency CMBS	G-2-Q	FANNIE MAE	1	4.34	9/1/2029	64325000	 64,325,000 	 -   	64235608.53	64203345.34	99.861	99.810875	-32263.19	6/30/2026	CPY	0	LMMSOFRFLAT	RFRSwap	4.41	4.40	2.95	0.12	0.030	 19,003 	0.01	0.01	2.58	0.35	0.00	0.00	0.00	3.2	NA	45.8	43	1.00	0.00	5.13	21.00	NA	NA	NA	3.05	0.03	9.42	3.01	0.03	6.15	2.98	0.03	3.01	2.92	0.03	-2.90	2.89	0.03	-5.68	2.86	0.03	-8.36
AFS	614238	3140NVZX8	Agency CMBS	G-2-Q	FANNIE MAE	1	4.265	10/1/2029	32262000	 32,262,000 	 -   	32039146.61	32094935.81	99.3092	99.4821642	55789.2	6/30/2026	CPY	0	LMMSOFRFLAT	RFRSwap	4.45	4.50	3.02	0.12	0.030	 9,734 	0.01	0.01	2.52	0.49	0.00	0.00	0.00	3.3	NA	49.4	46	1.00	0.00	5.21	20.00	NA	NA	NA	3.12	0.03	9.63	3.09	0.03	6.29	3.05	0.03	3.08	2.99	0.03	-2.96	2.96	0.03	-5.80	2.93	0.03	-8.52
AFS	613522	3140NWA70	Agency CMBS	G-2-Q	FANNIE MAE	1	4.03	9/1/2031	21547000	 21,547,000 	 -   	21495037.24	21100662.77	99.7588	97.9285412	-394374.47	6/30/2026	CPY	0	LMMSOFRFLAT	RFRSwap	4.52	4.12	4.55	0.27	0.045	 9,633 	0.01	0.01	0.07	4.24	0.21	0.00	0.00	5.2	NA	59.9	57	1.00	0.00	5.19	21.00	NA	NA	NA	4.73	0.05	14.67	4.67	0.05	9.49	4.61	0.05	4.60	4.49	0.04	-4.34	4.44	0.04	-8.44	4.38	0.04	-12.31
AFS	614252	3140NWA88	Agency CMBS	G-2-Q	FANNIE MAE	0.978699697	4.48	10/1/2029	17406000	 17,035,247 	 227,468.97 	17107704.22	17023089.13	100.4253	99.9286315	-84615.1	6/30/2026	CPY	0	LMMSOFRFLAT	RFRSwap	4.51	4.35	2.94	0.12	0.030	 5,029 	0.03	0.04	2.41	0.46	0.00	0.00	0.00	3.2	NA	55.9	53	0.98	0.00	5.57	20.00	NA	NA	NA	3.04	0.03	9.42	3.01	0.03	6.15	2.98	0.03	3.01	2.91	0.03	-2.89	2.88	0.03	-5.67	2.85	0.03	-8.35
AFS	614148	3140NWAL9	Agency CMBS	G-2-Q	FANNIE MAE	1	4.285	9/1/2029	25000000	 25,000,000 	 -   	24844099.46	24911575.38	99.3764	99.6463015	67475.92	6/30/2026	CPY	0	LMMSOFRFLAT	RFRSwap	4.41	4.51	2.95	0.12	0.030	 7,379 	0.01	0.01	2.58	0.35	0.00	0.00	0.00	3.2	NA	45.8	43	1.00	0.00	5.18	21.00	NA	NA	NA	3.05	0.03	9.41	3.02	0.03	6.15	2.98	0.03	3.01	2.92	0.03	-2.89	2.89	0.03	-5.67	2.86	0.03	-8.35
AFS	614515	3140NWAP0	Agency CMBS	G-2-Q	FANNIE MAE	1	4.19	9/1/2029	104745000	 104,745,000 	 -   	104157648.5	104076766.9	99.4393	99.3620382	-80881.57	6/30/2026	CPY	0	LMMSOFRFLAT	RFRSwap	4.41	4.39	2.96	0.12	0.029	 30,868 	0.01	0.01	2.59	0.35	0.00	0.00	0.00	3.2	NA	45.8	43	1.00	0.00	4.99	21.00	NA	NA	NA	3.05	0.03	9.40	3.02	0.03	6.14	2.99	0.03	3.01	2.93	0.03	-2.89	2.89	0.03	-5.67	2.87	0.03	-8.33
AFS	614267	3140NWAV7	Agency CMBS	G-2-Q	FANNIE MAE	1	4.315	10/1/2029	23140000	 23,140,000 	 -   	23103109.29	23055608.42	99.8406	99.6353	-47500.87	6/30/2026	CPY	0	LMMSOFRFLAT	RFRSwap	4.45	4.38	3.02	0.12	0.030	 6,988 	0.01	0.01	2.51	0.49	0.00	0.00	0.00	3.3	NA	49.4	46	1.00	0.00	5.21	20.00	NA	NA	NA	3.12	0.03	9.64	3.09	0.03	6.29	3.05	0.03	3.08	2.99	0.03	-2.96	2.96	0.03	-5.80	2.93	0.03	-8.53
AFS	614035	3140NWBL8	Agency CMBS	G-2-Q	FANNIE MAE	1	4.5	9/1/2029	50105000	 50,105,000 	 -   	50304695.38	50250121.27	100.3986	100.2896343	-54574.12	6/30/2026	CPY	0	LMMSOFRFLAT	RFRSwap	4.41	4.38	2.94	0.12	0.030	 14,841 	0.01	0.01	2.57	0.35	0.00	0.00	0.00	3.2	NA	45.8	43	1.00	0.00	5.19	21.00	NA	NA	NA	3.04	0.03	9.45	3.01	0.03	6.17	2.97	0.03	3.02	2.91	0.03	-2.90	2.88	0.03	-5.69	2.85	0.03	-8.38
AFS	614256	3140NWDG7	Agency CMBS	G-2-Q	FANNIE MAE	1	4.01	9/1/2029	11006000	 11,006,000 	 -   	10960611.05	10861459.54	99.5876	98.6867122	-99151.5	6/30/2026	CPY	0	LMMSOFRFLAT	RFRSwap	4.46	4.16	2.94	0.12	0.029	 3,204 	0.01	0.03	2.55	0.35	0.00	0.00	0.00	3.2	NA	50.5	48	1.00	0.00	5.22	21.00	NA	NA	NA	3.04	0.03	9.28	3.00	0.03	6.06	2.97	0.03	2.97	2.91	0.03	-2.85	2.88	0.03	-5.60	2.85	0.03	-8.24
AFS	614149	3140NWDS1	Agency CMBS	G-2-Q	FANNIE MAE	1	4.35	9/1/2031	32046000	 32,046,000 	 -   	32223178.05	31789957.84	100.5529	99.2010168	-433220.21	6/30/2026	CPY	0	LMMSOFRFLAT	RFRSwap	4.57	4.27	4.57	0.27	0.045	 14,571 	0.01	0.01	0.02	4.30	0.22	0.00	0.00	5.2	NA	64.2	62	1.00	0.00	5.66	21.00	NA	NA	NA	4.75	0.05	14.93	4.69	0.05	9.65	4.63	0.05	4.68	4.51	0.04	-4.42	4.45	0.04	-8.58	4.40	0.04	-12.52
AFS	613720	3140NWEA9	Agency CMBS	G-2-Q	FANNIE MAE	1	4.08	9/1/2029	10660000	 10,660,000 	 -   	10635149.43	10543482.2	99.7669	98.9069625	-91667.23	6/30/2026	CPY	0	LMMSOFRFLAT	RFRSwap	4.46	4.17	2.90	0.12	0.029	 3,071 	0.02	0.03	2.51	0.34	0.00	0.00	0.00	3.2	NA	50.4	47	1.00	0.00	4.92	21.00	NA	NA	NA	3.00	0.03	9.19	2.97	0.03	6.00	2.93	0.03	2.94	2.87	0.03	-2.82	2.84	0.03	-5.54	2.81	0.03	-8.15
AFS	613239	3140NWFP5	Agency CMBS	G-2-Q	FANNIE MAE	1	4.15	10/1/2029	9621000	 9,621,000 	 -   	9553239.04	9537292.69	99.2957	99.1299521	-15946.35	6/30/2026	CPY	0	LMMSOFRFLAT	RFRSwap	4.45	4.39	3.03	0.12	0.030	 2,897 	0.01	0.01	2.52	0.49	0.00	0.00	0.00	3.3	NA	49.4	46	1.00	0.00	4.99	20.00	NA	NA	NA	3.13	0.03	9.62	3.09	0.03	6.28	3.06	0.03	3.07	3.00	0.03	-2.95	2.97	0.03	-5.79	2.93	0.03	-8.51
AFS	613286	3140NWGG4	Agency CMBS	G-2-Q	FANNIE MAE	1	4.35	10/1/2029	7418000	 7,418,000 	 -   	7418000	7398898.28	100	99.742495	-19101.72	6/30/2026	CPY	0	LMMSOFRFLAT	RFRSwap	4.45	4.36	3.02	0.12	0.030	 2,241 	0.01	0.01	2.51	0.49	0.00	0.00	0.00	3.3	NA	49.4	46	1.00	0.00	5.39	20.00	NA	NA	NA	3.12	0.03	9.65	3.08	0.03	6.30	3.05	0.03	3.08	2.99	0.03	-2.96	2.96	0.03	-5.80	2.93	0.03	-8.54
AFS	614527	3140NWJ30	Agency CMBS	G-2-Q	FANNIE MAE	1	3.96	10/1/2029	13580000	 13,580,000 	 -   	13501368.43	13364120.79	99.421	98.4103151	-137247.64	6/30/2026	CPY	0	LMMSOFRFLAT	RFRSwap	4.49	4.16	3.01	0.12	0.030	 4,040 	0.01	0.03	2.49	0.48	0.00	0.00	0.00	3.3	NA	54.1	51	1.00	0.00	5.19	20.00	NA	NA	NA	3.11	0.03	9.50	3.08	0.03	6.20	3.05	0.03	3.04	2.98	0.03	-2.92	2.95	0.03	-5.72	2.92	0.03	-8.41
AFS	613662	3140NWLK9	Agency CMBS	G-2-Q	FANNIE MAE	1	4.2	10/1/2029	16623000	 16,623,000 	 -   	16682347.11	16503827.68	100.357	99.2830878	-178519.43	6/30/2026	CPY	0	LMMSOFRFLAT	RFRSwap	4.45	4.09	3.03	0.12	0.030	 5,010 	0.01	0.01	2.52	0.49	0.00	0.00	0.00	3.3	NA	49.4	46	1.00	0.00	4.89	20.00	NA	NA	NA	3.12	0.03	9.62	3.09	0.03	6.28	3.06	0.03	3.08	2.99	0.03	-2.95	2.96	0.03	-5.79	2.93	0.03	-8.52
AFS	653481	3140NWRR8	Agency CMBS	G-2-Q	FANNIE MAE	1	4.35	10/1/2034	59730000	 59,730,000 	 -   	58762941.3	58621168.94	98.3809	98.1435944	-141772.37	6/30/2026	CPY	0	LMMSOFRFLAT	RFRSwap	4.69	4.65	6.76	0.58	0.067	 39,742 	0.01	0.01	0.02	2.36	4.35	0.00	0.00	8.3	NA	70.7	68	1.00	0.00	5.16	20.00	NA	NA	NA	7.12	0.09	22.78	7.00	0.08	14.52	6.88	0.07	6.95	6.64	0.06	-6.38	6.52	0.06	-12.24	6.40	0.05	-17.64
AFS	614099	3140NWSS5	Agency CMBS	G-2-Q	FANNIE MAE	1	4.31	11/1/2029	43563000	 43,563,000 	 -   	43320670.15	43332876.71	99.4437	99.471746	12206.56	6/30/2026	CPY	0	LMMSOFRFLAT	RFRSwap	4.50	4.51	3.04	0.13	0.030	 13,215 	0.02	0.03	2.37	0.61	0.00	0.00	0.00	3.3	NA	54.3	51	1.00	0.00	5.25	19.00	NA	NA	NA	3.14	0.03	9.69	3.11	0.03	6.33	3.07	0.03	3.10	3.01	0.03	-2.97	2.97	0.03	-5.83	2.94	0.03	-8.56
AFS	614151	3140NWVA0	Agency CMBS	G-2-Q	FANNIE MAE	1	4.45	11/1/2031	17549000	 17,549,000 	 -   	17244999.45	17484150.86	98.2677	99.6304682	239151.42	6/30/2026	CPY	0	LMMSOFRFLAT	RFRSwap	4.57	4.87	4.67	0.28	0.047	 8,187 	0.01	0.01	0.06	4.22	0.37	0.00	0.00	5.4	NA	64.8	62	1.00	0.00	5.25	19.00	NA	NA	NA	4.85	0.06	15.34	4.79	0.05	9.91	4.73	0.05	4.81	4.61	0.04	-4.53	4.55	0.04	-8.80	4.49	0.04	-12.82
AFS	612778	3140NWW43	Agency CMBS	G-2-Q	FANNIE MAE	1	4.71	11/1/2031	33000000	 33,000,000 	 -   	32914130.8	33194009.31	99.7398	100.587907	279878.51	6/30/2026	CPY	0	LMMSOFRFLAT	RFRSwap	4.63	4.82	4.64	0.28	0.047	 15,459 	0.02	0.02	0.07	4.18	0.36	0.00	0.00	5.4	NA	70.7	68	1.00	0.00	5.51	19.00	NA	NA	NA	4.83	0.06	15.40	4.76	0.05	9.95	4.70	0.05	4.83	4.58	0.04	-4.55	4.52	0.04	-8.83	4.46	0.04	-12.88
AFS	614125	3140NX5V1	Agency CMBS	G-2-Q	FANNIE MAE	0.989535185	4.9	5/1/2030	3979000	 3,937,361 	 36,277.89 	3959058.79	3975016.02	100.5511	100.9563645	15957.23	6/30/2026	CPY	0	LMMSOFRFLAT	RFRSwap	4.65	4.77	3.40	0.16	0.034	 1,357 	0.03	0.04	1.85	1.49	0.00	0.00	0.00	3.8	NA	71.1	68	0.99	0.00	7.10	14.00	NA	NA	NA	3.53	0.04	11.10	3.48	0.04	7.22	3.44	0.04	3.53	3.36	0.03	-3.37	3.32	0.03	-6.59	3.28	0.03	-9.66
AFS	612274	3140NX6G3	Agency CMBS	G-2-Q	FANNIE MAE	0.990975006	4.93	5/1/2030	8470000	 8,393,558 	 67,159.02 	8488909.77	8474081.87	101.136	100.9593496	-14827.9	6/30/2026	CPY	0	LMMSOFRFLAT	RFRSwap	4.68	4.63	3.41	0.16	0.035	 2,899 	0.03	0.04	1.85	1.49	0.00	0.00	0.00	3.8	NA	74.1	71	0.99	0.00	7.72	14.00	NA	NA	NA	3.53	0.04	11.12	3.49	0.04	7.24	3.45	0.04	3.53	3.37	0.03	-3.38	3.33	0.03	-6.60	3.29	0.03	-9.68
AFS	614341	3140NXCB7	Agency CMBS	G-2-Q	FANNIE MAE	1	4.38	1/1/2032	13935000	 13,935,000 	 -   	13598622	13830134.29	97.5861	99.2474653	231512.29	6/30/2026	CPY	0	LMMSOFRFLAT	RFRSwap	4.59	4.94	4.68	0.28	0.047	 6,497 	0.02	0.04	0.09	4.02	0.51	0.00	0.00	5.4	NA	65.6	63	1.00	0.00	5.39	17.00	NA	NA	NA	4.88	0.06	15.36	4.81	0.05	9.92	4.75	0.05	4.81	4.62	0.04	-4.52	4.55	0.04	-8.78	4.49	0.04	-12.80
AFS	614768	3140NXD91	Agency CMBS	G-2-Q	FANNIE MAE	1	4.45	4/1/2032	46000000	 46,000,000 	 -   	45939851.42	45815619.76	99.8692	99.5991734	-124231.66	6/30/2026	CPY	0	LMMSOFRFLAT	RFRSwap	4.58	4.53	5.00	0.32	0.050	 22,990 	0.01	0.01	0.03	4.14	0.81	0.00	0.00	5.8	NA	64.9	62	1.00	0.00	5.20	14.00	NA	NA	NA	5.21	0.06	16.54	5.14	0.06	10.67	5.07	0.05	5.16	4.93	0.05	-4.84	4.86	0.04	-9.39	4.80	0.04	-13.66
AFS	613615	3140NXJ20	Agency CMBS	G-2-Q	FANNIE MAE	0.994775393	4.73	1/1/2032	11548000	 11,487,666 	 59,851.86 	11403552.25	11566282.4	99.2678	100.6843528	162730.15	6/30/2026	CPY	0	LMMSOFRFLAT	RFRSwap	4.63	4.94	4.61	0.28	0.047	 5,354 	0.03	0.04	0.10	3.94	0.50	0.00	0.00	5.4	NA	70.3	68	0.99	0.00	5.64	17.00	NA	NA	NA	4.82	0.06	15.35	4.75	0.05	9.91	4.68	0.05	4.81	4.55	0.04	-4.52	4.48	0.04	-8.78	4.42	0.04	-12.80
AFS	613505	3140NXLB7	Agency CMBS	G-2-Q	FANNIE MAE	1	4.68	1/1/2032	17238000	 17,238,000 	 -   	17058896.8	17310732.33	98.961	100.4219302	251835.53	6/30/2026	CPY	0	LMMSOFRFLAT	RFRSwap	4.64	4.95	4.77	0.29	0.048	 8,286 	0.02	0.02	0.06	4.15	0.53	0.00	0.00	5.5	NA	71.5	69	1.00	0.00	5.59	17.00	NA	NA	NA	4.97	0.06	15.84	4.90	0.05	10.23	4.83	0.05	4.96	4.71	0.05	-4.66	4.64	0.04	-9.05	4.58	0.04	-13.19
AFS	613232	3140NXZZ9	Agency CMBS	G-2-Q	FANNIE MAE	1	4.78	4/1/2032	7000000	 7,000,000 	 -   	7072510.96	7058634.37	101.0359	100.8376338	-13876.59	6/30/2026	CPY	0	LMMSOFRFLAT	RFRSwap	4.67	4.63	4.93	0.31	0.050	 3,493 	0.02	0.02	0.07	4.05	0.78	0.00	0.00	5.8	NA	73.5	71	1.00	0.00	5.59	14.00	NA	NA	NA	5.14	0.06	16.51	5.07	0.06	10.65	5.00	0.05	5.15	4.86	0.05	-4.84	4.79	0.04	-9.38	4.73	0.04	-13.65
AFS	614740	3140NYBA8	Agency CMBS	G-3-Q	FANNIE MAE	1	4.65	4/1/2032	25000000	 25,000,000 	 -   	24878379.27	25080141.42	99.5135	100.3205657	201762.15	6/30/2026	CPY	0	LMMSOFRFLAT	RFRSwap	4.64	4.80	4.98	0.32	0.050	 12,525 	0.01	0.02	0.04	4.11	0.80	0.00	0.00	5.8	NA	70.8	68	1.00	0.00	5.46	14.00	NA	NA	NA	5.19	0.06	16.58	5.12	0.06	10.69	5.05	0.05	5.17	4.91	0.05	-4.85	4.84	0.04	-9.41	4.77	0.04	-13.69
AFS	612521	3140NYC66	Agency CMBS	G-2-Q	FANNIE MAE	1	4.56	5/1/2032	44500000	 44,500,000 	 -   	44368270.13	44494354.42	99.704	99.9873133	126084.29	6/30/2026	CPY	0	LMMSOFRFLAT	RFRSwap	4.61	4.67	5.05	0.33	0.051	 22,535 	0.01	0.01	0.03	4.09	0.89	0.00	0.00	5.9	NA	68.3	66	1.00	0.00	5.11	13.00	NA	NA	NA	5.26	0.06	16.78	5.19	0.06	10.82	5.12	0.05	5.23	4.98	0.05	-4.90	4.91	0.04	-9.51	4.84	0.04	-13.83
AFS	614830	3140NYEZ0	Agency CMBS	G-2-Q	FANNIE MAE	1	4.3	5/1/2032	50000000	 50,000,000 	 -   	49637848.55	49346241.75	99.2757	98.6924835	-291606.8	6/30/2026	CPY	0	LMMSOFRFLAT	RFRSwap	4.60	4.49	5.08	0.33	0.050	 25,144 	0.01	0.01	0.02	4.13	0.91	0.00	0.00	5.9	NA	67.3	65	1.00	0.00	5.01	13.00	NA	NA	NA	5.29	0.06	16.67	5.22	0.06	10.74	5.15	0.05	5.20	5.01	0.05	-4.87	4.94	0.04	-9.44	4.87	0.04	-13.73
AFS	614761	3140NYLJ8	Agency CMBS	G-2-Q	FANNIE MAE	1	4.67	5/1/2032	25046000	 25,046,000 	 -   	24956378.35	25134416.46	99.6422	100.3530163	178038.11	6/30/2026	CPY	0	LMMSOFRFLAT	RFRSwap	4.65	4.79	5.03	0.32	0.051	 12,696 	0.01	0.02	0.04	4.08	0.89	0.00	0.00	5.9	NA	72.2	70	1.00	0.00	5.47	13.00	NA	NA	NA	5.25	0.06	16.79	5.18	0.06	10.83	5.10	0.05	5.24	4.96	0.05	-4.91	4.89	0.04	-9.52	4.82	0.04	-13.84
AFS	614787	3140NYLK5	Agency CMBS	G-2-Q	FANNIE MAE	1	4.67	5/1/2032	10452000	 10,452,000 	 -   	10414599.89	10488897.26	99.6422	100.3530163	74297.38	6/30/2026	CPY	0	LMMSOFRFLAT	RFRSwap	4.65	4.79	5.03	0.32	0.051	 5,298 	0.01	0.02	0.04	4.08	0.89	0.00	0.00	5.9	NA	72.2	70	1.00	0.00	5.47	13.00	NA	NA	NA	5.25	0.06	16.79	5.18	0.06	10.83	5.10	0.05	5.24	4.96	0.05	-4.91	4.89	0.04	-9.52	4.82	0.04	-13.84
AFS	614724	3140NYLL3	Agency CMBS	G-2-Q	FANNIE MAE	1	4.67	5/1/2032	29264000	 29,264,000 	 -   	29149329.52	29367306.69	99.6082	100.3530163	217977.17	6/30/2026	CPY	0	LMMSOFRFLAT	RFRSwap	4.65	4.80	5.03	0.32	0.051	 14,834 	0.01	0.02	0.04	4.08	0.89	0.00	0.00	5.9	NA	72.2	70	1.00	0.00	5.47	13.00	NA	NA	NA	5.25	0.06	16.79	5.18	0.06	10.83	5.10	0.05	5.24	4.96	0.05	-4.91	4.89	0.04	-9.52	4.82	0.04	-13.84
AFS	614844	3140NYLM1	Agency CMBS	G-2-Q	FANNIE MAE	1	4.67	5/1/2032	25848000	 25,848,000 	 -   	25755508.48	25939247.65	99.6422	100.3530163	183739.17	6/30/2026	CPY	0	LMMSOFRFLAT	RFRSwap	4.65	4.79	5.03	0.32	0.051	 13,102 	0.01	0.02	0.04	4.08	0.89	0.00	0.00	5.9	NA	72.2	70	1.00	0.00	5.47	13.00	NA	NA	NA	5.25	0.06	16.79	5.18	0.06	10.83	5.10	0.05	5.24	4.96	0.05	-4.91	4.89	0.04	-9.52	4.82	0.04	-13.84
AFS	614746	3140NYME8	Agency CMBS	G-2-Q	FANNIE MAE	1	4.53	5/1/2032	20875000	 20,875,000 	 -   	20600724.39	20839949.94	98.6861	99.8320955	239225.55	6/30/2026	CPY	0	LMMSOFRFLAT	RFRSwap	4.61	4.84	5.05	0.33	0.051	 10,562 	0.01	0.01	0.03	4.10	0.90	0.00	0.00	5.9	NA	68.3	66	1.00	0.00	5.29	13.00	NA	NA	NA	5.27	0.06	16.77	5.19	0.06	10.81	5.12	0.05	5.23	4.98	0.05	-4.90	4.91	0.04	-9.50	4.84	0.04	-13.81
AFS	614858	3140NYSM4	Agency CMBS	G-2-Q	FANNIE MAE	1	4.82	6/1/2032	30000000	 30,000,000 	 -   	30505203.72	30369311.79	101.684	101.2310393	-135891.93	6/30/2026	CPY	0	LMMSOFRFLAT	RFRSwap	4.64	4.55	5.08	0.33	0.052	 15,475 	0.02	0.02	0.04	4.02	0.98	0.00	0.00	6.0	NA	70.5	68	1.00	0.00	5.37	12.00	NA	NA	NA	5.30	0.06	17.11	5.22	0.06	11.02	5.15	0.06	5.33	5.00	0.05	-4.99	4.93	0.05	-9.68	4.86	0.04	-14.07
AFS	694146	3140Q02B7	Agency CMBS	G-2-Q	FANNIE MAE	1	4.77	10/1/2035	12631000	 12,631,000 	 -   	12871715.87	12736563.65	101.9058	100.8357505	-135152.23	6/30/2026	CPY	0	LMMSOFRFLAT	RFRSwap	4.73	4.59	7.36	0.69	0.074	 9,404 	0.02	0.02	0.04	1.10	6.19	0.00	0.00	9.3	NA	72.4	70	1.00	0.00	5.36	8.00	NA	NA	NA	7.80	0.10	25.84	7.65	0.09	16.39	7.50	0.08	7.81	7.21	0.07	-7.11	7.06	0.06	-13.59	6.91	0.06	-19.50
AFS	654275	3140Q0GB2	Agency CMBS	G-2-Q	FANNIE MAE	1	5	8/1/2035	19026000	 19,026,000 	 -   	19069017.03	19341390.27	100.2261	101.6576804	272373.25	6/30/2026	CPY	0	LMMSOFRFLAT	RFRSwap	4.85	5.05	7.04	0.64	0.072	 13,665 	0.02	0.02	0.08	1.41	5.51	0.00	0.00	8.9	NA	84.3	82	1.00	0.00	5.89	10.00	NA	NA	NA	7.48	0.09	24.82	7.33	0.09	15.77	7.18	0.08	7.52	6.89	0.07	-6.87	6.75	0.06	-13.14	6.61	0.05	-18.88
AFS	668141	3140Q0MW9	Agency CMBS	G-2-Q	FANNIE MAE	1	5.03	9/1/2030	3217000	 3,217,000 	 -   	3254187.58	3279224.29	101.156	101.9342335	25036.71	6/30/2026	CPY	0	LMMSOFRFLAT	RFRSwap	4.56	4.76	3.71	0.18	0.038	 1,222 	0.02	0.03	1.44	2.23	0.00	0.00	0.00	4.2	NA	62.5	60	1.00	0.00	6.18	9.00	NA	NA	NA	3.85	0.04	12.29	3.80	0.04	7.99	3.76	0.04	3.89	3.67	0.04	-3.71	3.63	0.03	-7.24	3.58	0.03	-10.61
AFS	693078	3140Q0U26	Agency CMBS	G-2-Q	FANNIE MAE	1	4.45	10/1/2030	6650000	 6,650,000 	 -   	6713914.34	6640696.42	100.9611	99.8600966	-73217.91	6/30/2026	CPY	0	LMMSOFRFLAT	RFRSwap	4.52	4.23	3.81	0.19	0.038	 2,542 	0.01	0.02	1.32	2.47	0.00	0.00	0.00	4.3	NA	59.0	56	1.00	0.00	5.34	8.00	NA	NA	NA	3.95	0.04	12.38	3.91	0.04	8.04	3.86	0.04	3.92	3.77	0.04	-3.73	3.73	0.03	-7.28	3.68	0.03	-10.66
AFS	838383	3140Q24F2	Agency CMBS	G-2-Q	FANNIE MAE	0.999079126	4.71	5/1/2033	9722000	 9,713,047 	 9,057.65 	9825400.59	9749982.08	101.1567	100.3802598	-75418.52	6/30/2026	CPY	0	LMMSOFRFLAT	RFRSwap	4.70	4.56	5.49	0.40	0.055	 5,377 	0.03	0.04	0.10	3.37	1.95	0.00	0.00	6.6	NA	75.2	73	1.00	0.00	5.59	1.00	NA	NA	NA	5.78	0.07	18.56	5.68	0.06	11.92	5.59	0.06	5.74	5.40	0.05	-5.34	5.31	0.05	-10.32	5.22	0.04	-14.95
AFS	838381	3140Q24Q8	Agency CMBS	G-2-Q	FANNIE MAE	0.999106601	4.47	5/1/2031	6935000	 6,928,804 	 6,243.16 	6980725.12	6913687.53	100.7493	99.7818275	-67037.58	6/30/2026	CPY	0	LMMSOFRFLAT	RFRSwap	4.56	4.33	4.16	0.23	0.042	 2,888 	0.03	0.04	0.28	3.82	0.00	0.00	0.00	4.7	NA	63.5	61	1.00	0.00	5.71	1.00	NA	NA	NA	4.33	0.05	13.61	4.28	0.05	8.82	4.22	0.04	4.29	4.11	0.04	-4.06	4.05	0.04	-7.90	4.00	0.04	-11.54
AFS	814307	3140Q2J33	Agency CMBS	G-2-Q	FANNIE MAE	0.997772139	4.49	3/1/2036	6400000	 6,385,742 	 9,801.62 	6363171	6293981.93	99.6465	98.5630524	-69189.07	6/30/2026	CPY	0	LMMSOFRFLAT	RFRSwap	4.76	4.61	7.30	0.70	0.072	 4,610 	0.02	0.03	0.08	0.67	6.49	0.00	0.00	9.2	NA	73.9	71	1.00	0.00	5.23	3.00	NA	NA	NA	7.80	0.10	25.13	7.63	0.09	15.92	7.46	0.08	7.58	7.13	0.07	-6.89	6.97	0.06	-13.15	6.81	0.05	-18.86
AFS	793873	3140Q2KE7	Agency CMBS	G-2-Q	FANNIE MAE	0.997741075	4.54	3/1/2036	23360000	 23,307,232 	 53,036.45 	23421830.68	23008994.07	100.4917	98.7204081	-412836.62	6/30/2026	CPY	0	LMMSOFRFLAT	RFRSwap	4.79	4.54	7.28	0.70	0.072	 16,811 	0.02	0.03	0.08	0.68	6.46	0.00	0.00	9.2	NA	76.8	74	1.00	0.00	5.18	3.00	NA	NA	NA	7.78	0.10	25.11	7.61	0.09	15.91	7.45	0.08	7.57	7.11	0.07	-6.88	6.95	0.06	-13.14	6.79	0.05	-18.85
PUB_HTM	613466	3140Q72Q9	Agency MBS 15yr	G-2-Q	FANNIE MAE	0.1360702	3	11/1/2032	72899267	 9,919,418 	 3,195,587.82 	9984140.53	9511424.1	100.6525	95.8869185	-472716.43	6/30/2026	Model2501	100	LMMSOFRFLAT	RFRSwap	4.80	2.65	2.29	-0.01	0.022	 2,185 	0.25	0.37	0.72	0.90	0.05	0.01	0.00	2.4	11.7	80.7	67	0.14	13.79	3.38	105.00	80228.89	NA	NA	1.87	0.02	6.43	2.13	0.02	4.38	2.23	0.02	2.20	2.37	0.02	-2.21	2.46	0.02	-4.45	2.50	0.02	-6.71
PUB_HTM	613771	3140Q7KG1	Agency MBS 15yr	G-2-Q	FANNIE MAE	0.1280389	3	9/1/2032	40307385	 5,160,913 	 1,663,246.86 	5194164.09	4974448.72	100.6443	96.3869861	-219715.37	6/30/2026	Model2501	100	LMMSOFRFLAT	RFRSwap	4.58	2.65	2.27	-0.01	0.022	 1,131 	0.25	0.37	0.72	0.88	0.04	0.01	0.00	2.4	12.3	59.1	45	0.13	13.76	3.42	107.00	81442.08	NA	NA	1.82	0.02	6.36	2.10	0.02	4.35	2.21	0.02	2.19	2.35	0.02	-2.20	2.44	0.02	-4.43	2.48	0.02	-6.68
PUB_HTM	614435	3140Q7PP6	Agency MBS 15yr	G-2-Q	FANNIE MAE	0.13073358	3	9/1/2032	50000000	 6,536,679 	 1,741,776.61 	6579060.66	6299295.31	100.6484	96.3684358	-279765.36	6/30/2026	Model2501	100	LMMSOFRFLAT	RFRSwap	4.59	2.65	2.28	-0.01	0.022	 1,437 	0.25	0.37	0.72	0.88	0.04	0.01	0.00	2.4	12.0	59.4	45	0.13	13.72	3.41	106.00	78074.98	NA	NA	1.82	0.02	6.38	2.10	0.02	4.36	2.21	0.02	2.19	2.35	0.02	-2.21	2.45	0.02	-4.45	2.49	0.02	-6.70
PUB_HTM	612264	3140Q7UE5	Agency MBS 15yr	G-2-Q	FANNIE MAE	0.14096707	3	10/1/2032	75000000	 10,572,530 	 2,970,463.00 	10640546.96	10137702.02	100.6433	95.8871886	-502844.95	6/30/2026	Model2501	100	LMMSOFRFLAT	RFRSwap	4.81	2.65	2.29	-0.01	0.022	 2,323 	0.25	0.37	0.72	0.89	0.05	0.01	0.00	2.4	11.9	81.2	68	0.14	13.20	3.37	106.00	81706.01	NA	NA	1.84	0.02	6.39	2.12	0.02	4.36	2.22	0.02	2.19	2.36	0.02	-2.21	2.46	0.02	-4.45	2.50	0.02	-6.70
PUB_HTM	613359	3140Q7ZY6	Agency MBS 15yr	G-2-Q	FANNIE MAE	0.14404735	3	11/1/2032	30059373	 4,329,973 	 1,748,487.20 	4357217.9	4175340.68	100.6292	96.4287921	-181877.21	6/30/2026	Model2501	100	LMMSOFRFLAT	RFRSwap	4.57	2.65	2.26	-0.01	0.022	 944 	0.25	0.37	0.72	0.86	0.04	0.01	0.00	2.4	11.9	57.9	44	0.14	13.22	3.38	105.00	79725.60	NA	NA	1.81	0.02	6.33	2.09	0.02	4.32	2.20	0.02	2.18	2.33	0.02	-2.19	2.42	0.02	-4.41	2.46	0.02	-6.64
PUB_AFS	613105	3140Q86T7	Agency MBS 10yr	G-2-Q	FANNIE MAE	0.03374345	3.5	12/1/2027	9154788	 308,914 	 451,177.33 	310098.75	307104.98	100.3835	99.4143506	-2993.77	6/30/2026	Model2501	100	LMMSOFRFLAT	RFRSwap	4.25	2.27	0.49	0.00	0.005	 15 	0.48	0.00	0.00	0.00	0.00	0.00	0.00	0.5	33.6	28.1	29	0.03	14.44	4.03	107.00	NA	NA	NA	0.48	0.00	1.47	0.49	0.00	0.98	0.49	0.00	0.49	0.49	0.00	-0.49	0.50	0.00	-0.98	0.50	0.00	-1.47
AFS	614027	3140QCPB6	Agency MBS 30yr	G-2-Q	FANNIE MAE	0.48388596	2.5	12/1/2049	7845892	 3,796,517 	 122,488.03 	3796516.98	3211688.27	100	84.5956514	-584828.71	6/30/2026	Model2501	100	LMMSOFRFLAT	RFRSwap	4.93	2.49	7.04	-0.01	0.060	 2,267 	0.06	0.10	0.28	1.16	3.16	2.19	0.12	8.5	5.7	65.4	48	0.48	8.49	3.44	80.00	244584.02	NA	NA	3.77	0.04	16.25	5.51	0.05	11.57	6.44	0.06	5.93	7.49	0.06	-5.95	7.81	0.06	-11.78	7.80	0.05	-17.28
AFS	613167	3140QCPC4	Agency MBS 30yr	G-2-Q	FANNIE MAE	0.43268072	3	12/1/2049	1900312	 822,228 	 22,690.99 	836445.74	725614.23	101.7291	88.2497195	-110831.52	6/30/2026	Model2501	100	LMMSOFRFLAT	RFRSwap	5.00	2.73	6.40	-0.16	0.057	 466 	0.06	0.11	0.32	1.17	2.82	1.84	0.11	7.9	7.2	71.9	57	0.43	10.17	3.83	80.00	206671.00	NA	NA	3.17	0.03	14.83	4.80	0.05	10.73	5.77	0.05	5.57	6.94	0.06	-5.72	7.39	0.06	-11.45	7.54	0.05	-17.02
PUB_HTM	613800	3140QF3T4	Agency MBS 30yr	G-2-Q	FANNIE MAE	0.64278861	1.5	12/1/2050	10000000	 6,427,886 	 492,403.29 	5832388.59	4953088.73	90.7357	77.0562616	-879299.86	6/30/2026	Model2501	100	LMMSOFRFLAT	RFRSwap	5.39	2.86	7.56	0.02	0.058	 3,748 	0.05	0.09	0.25	1.19	3.34	2.44	0.25	8.2	6.6	107.3	100	0.64	5.16	2.47	68.00	281295.09	NA	NA	5.56	0.05	17.17	6.42	0.06	11.65	7.06	0.06	5.85	8.11	0.06	-5.82	8.32	0.05	-11.48	8.17	0.05	-16.70
PUB_HTM	614056	3140QGAU1	Agency MBS 30yr	G-2-Q	FANNIE MAE	0.61861961	2	12/1/2050	50000000	 30,930,981 	 2,781,711.97 	29026662.02	24969581.7	93.8433	80.7267707	-4057080.32	6/30/2026	Model2501	100	LMMSOFRFLAT	RFRSwap	5.17	2.88	7.28	0.08	0.059	 18,226 	0.06	0.10	0.27	1.17	3.16	2.35	0.21	8.4	6.4	86.8	74	0.62	5.98	2.86	67.00	296757.56	NA	NA	4.76	0.05	16.76	5.98	0.06	11.60	6.72	0.06	5.88	7.80	0.06	-5.87	8.17	0.06	-11.66	8.11	0.05	-17.08
PUB_HTM	613016	3140QGNM5	Agency MBS 30yr	G-2-Q	FANNIE MAE	0.61777269	2	1/1/2051	41280145	 25,501,746 	 1,771,387.19 	23923678.62	20555967.11	93.8119	80.6061159	-3367711.5	6/30/2026	Model2501	100	LMMSOFRFLAT	RFRSwap	5.15	2.88	7.43	0.04	0.060	 15,298 	0.05	0.08	0.24	1.10	3.19	2.54	0.26	8.5	6.3	83.0	71	0.62	6.14	2.89	67.00	317242.06	NA	NA	4.75	0.05	16.99	6.06	0.06	11.79	6.84	0.06	5.99	8.01	0.06	-6.00	8.32	0.06	-11.90	8.20	0.05	-17.37
PUB_HTM	614121	3140QGRE9	Agency MBS 30yr	G-2-Q	FANNIE MAE	0.62925927	2	1/1/2051	50976910	 32,077,693 	 2,383,306.81 	30045840.69	25848225.43	93.6658	80.5800632	-4197615.25	6/30/2026	Model2501	100	LMMSOFRFLAT	RFRSwap	5.15	2.90	7.42	0.05	0.060	 19,223 	0.05	0.08	0.25	1.10	3.18	2.54	0.26	8.5	6.4	83.7	72	0.63	5.82	2.89	67.00	293281.38	NA	NA	4.80	0.05	17.02	6.07	0.06	11.80	6.85	0.06	5.99	8.01	0.06	-5.99	8.34	0.06	-11.89	8.22	0.05	-17.38
PUB_HTM	613997	3140QMZP2	Agency MBS 30yr	G-2-Q	FANNIE MAE	0.74343042	2.5	1/1/2052	150000000	 111,514,563 	 9,170,004.27 	107096832.4	93847254.02	96.0384	84.1569491	-13249578.37	6/30/2026	Model2501	100	LMMSOFRFLAT	RFRSwap	5.08	3.07	7.13	-0.19	0.060	 67,054 	0.07	0.10	0.28	1.10	2.94	2.39	0.28	8.5	6.9	73.5	63	0.74	4.28	3.29	55.00	353562.44	NA	NA	3.80	0.04	16.07	5.44	0.05	11.45	6.39	0.06	5.91	7.82	0.06	-6.08	8.26	0.06	-12.16	8.22	0.05	-17.89
AFS	612906	3140QPYE1	Agency MBS 30yr	G-2-Q	FANNIE MAE	0.70382104	5	8/1/2052	50000000	 35,191,052 	 4,352,501.44 	35179044.05	35116018.27	99.9659	99.7867818	-63025.78	6/30/2026	Model2501	100	LMMSOFRFLAT	RFRSwap	5.03	4.99	4.16	-0.91	0.042	 14,664 	0.17	0.27	0.51	1.04	1.43	0.73	0.03	6.3	11.8	57.8	63	0.70	7.29	5.90	48.00	198453.80	NA	NA	0.75	0.01	5.94	0.79	0.01	5.31	2.68	0.03	3.57	5.05	0.05	-4.54	5.78	0.05	-9.58	6.42	0.05	-14.95
AFS	613385	3140QQ7L3	Agency MBS 30yr	G-2-Q	FANNIE MAE	0.67221669	5	12/1/2052	2445620	 1,643,987 	 36,987.11 	1670903.25	1635041.66	101.6373	99.4559006	-35861.59	6/30/2026	Model2501	100	LMMSOFRFLAT	RFRSwap	5.09	4.71	4.57	-0.93	0.046	 751 	0.15	0.25	0.49	1.09	1.69	0.89	0.03	7.0	9.9	62.7	68	0.67	9.46	5.81	44.00	170695.00	NA	NA	0.87	0.01	6.76	0.98	0.01	5.96	3.00	0.03	3.95	5.50	0.05	-4.94	6.21	0.06	-10.35	6.72	0.06	-15.97
HTM	613462	3140QQGD1	Agency MBS 30yr	G-2-Q	FANNIE MAE	0.69313734	5.5	9/1/2052	60000000	 41,588,240 	 5,575,113.72 	42149015.69	42321175.08	101.3484	101.7623604	172159.39	6/30/2026	Model2501	100	LMMSOFRFLAT	RFRSwap	5.10	5.19	3.44	-1.27	0.035	 14,618 	0.22	0.32	0.51	0.92	1.04	0.45	-0.01	5.7	13.6	57.7	72	0.69	7.96	6.44	47.00	221964.81	NA	NA	0.96	0.01	4.39	0.48	0.01	3.69	1.69	0.02	2.71	4.55	0.04	-4.05	5.32	0.05	-8.79	5.99	0.05	-13.94
HTM	614639	3140QQUN3	Agency MBS 30yr	G-2-Q	FANNIE MAE	0.70523786	5.5	11/1/2052	75000000	 52,892,840 	 7,178,335.66 	53505807.04	53744966.36	101.1589	101.6110439	239159.33	6/30/2026	Model2501	100	LMMSOFRFLAT	RFRSwap	5.17	5.26	3.78	-1.21	0.039	 20,378 	0.19	0.31	0.54	0.98	1.20	0.58	0.00	6.4	11.5	64.4	77	0.71	7.82	5.95	45.00	220636.69	NA	NA	0.73	0.01	4.10	0.02	0.00	3.82	1.86	0.02	3.03	4.86	0.05	-4.36	5.65	0.05	-9.38	6.31	0.06	-14.78
AFS	614692	3140QRS87	Agency MBS 30yr	G-2-Q	FANNIE MAE	0.82300071	5.5	3/1/2053	5721747	 4,709,002 	 267,914.90 	4781848.48	4783920.82	101.547	101.5909736	2072.34	6/30/2026	Model2501	100	LMMSOFRFLAT	RFRSwap	5.19	5.20	3.80	-1.45	0.039	 1,827 	0.20	0.31	0.50	0.97	1.26	0.59	0.00	6.5	11.1	61.4	79	0.82	4.62	6.40	41.00	166061.19	NA	NA	1.05	0.01	4.86	0.59	0.01	4.01	1.82	0.02	2.94	5.04	0.05	-4.47	5.82	0.05	-9.66	6.42	0.06	-15.16
AFS	614487	3140QRXF5	Agency MBS 30yr	G-2-Q	FANNIE MAE	0.70049178	5.5	4/1/2053	79378087	 55,603,697 	 8,575,030.07 	55668339.31	56504574.88	100.1163	101.6201754	836235.57	6/30/2026	Model2501	100	LMMSOFRFLAT	RFRSwap	5.13	5.46	3.15	-1.59	0.032	 17,868 	0.25	0.34	0.49	0.81	0.89	0.40	-0.01	5.5	13.6	51.5	76	0.70	9.26	6.46	40.00	221913.09	NA	NA	0.96	0.01	3.74	0.53	0.01	2.90	1.20	0.01	2.24	4.46	0.04	-3.87	5.31	0.05	-8.58	6.03	0.05	-13.74
AFS	613478	3140QVRJ5	Agency MBS 30yr	G-2-Q	FANNIE MAE	0.87508445	5.5	11/1/2054	78515470	 68,707,667 	 6,901,087.36 	68766673.1	69603149.16	100.0859	101.3033222	836476.06	6/30/2026	Model2501	100	LMMSOFRFLAT	RFRSwap	5.24	5.47	3.15	-1.96	0.032	 22,037 	0.25	0.35	0.48	0.79	0.85	0.44	0.01	5.8	12.3	50.3	84	0.88	6.62	6.53	21.00	279838.84	NA	NA	0.94	0.01	3.53	0.64	0.01	2.67	0.99	0.01	2.08	4.70	0.05	-4.00	5.63	0.05	-8.96	6.39	0.06	-14.37
AFS	613789	3140QWAY8	Agency MBS 30yr	G-2-Q	FANNIE MAE	0.86629908	5.5	2/1/2055	35489068	 30,744,147 	 3,599,744.93 	30648460.23	31128338.24	99.6888	101.2496404	479878.01	6/30/2026	Model2501	100	LMMSOFRFLAT	RFRSwap	5.28	5.55	3.82	-1.81	0.039	 11,954 	0.20	0.32	0.48	0.93	1.23	0.67	0.03	6.8	10.0	58.6	86	0.87	8.60	6.50	18.00	227580.48	NA	NA	1.16	0.01	4.91	0.82	0.01	3.80	1.62	0.02	2.79	5.31	0.05	-4.62	6.19	0.06	-10.08	6.83	0.06	-15.87
AFS	614028	3140QWAZ5	Agency MBS 30yr	G-2-Q	FANNIE MAE	0.70344769	6	1/1/2055	9468924	 6,660,893 	 2,416,671.74 	6783139.58	6866915.14	101.8353	103.0930152	83775.56	6/30/2026	Model2501	100	LMMSOFRFLAT	RFRSwap	5.30	5.57	2.69	-1.89	0.028	 1,853 	0.27	0.32	0.44	0.70	0.71	0.27	-0.02	5.5	14.7	59.6	90	0.70	21.16	6.92	18.00	205378.98	NA	NA	1.18	0.01	3.66	0.75	0.01	2.59	1.04	0.01	1.85	4.29	0.04	-3.63	5.24	0.05	-8.33	5.86	0.05	-13.49
PUB_HTM	613470	3140X83J4	Agency MBS 30yr	G-2-Q	FANNIE MAE	0.6907217	1.5	12/1/2050	50000000	 34,536,085 	 2,593,973.98 	31259411.87	26537386.81	90.5123	76.839592	-4722025.06	6/30/2026	Model2501	100	LMMSOFRFLAT	RFRSwap	5.17	2.81	7.85	0.16	0.060	 20,860 	0.04	0.07	0.22	1.12	3.44	2.72	0.27	8.7	5.7	86.4	75	0.69	4.06	2.53	68.00	324822.09	NA	NA	5.63	0.05	17.86	6.71	0.06	12.16	7.36	0.06	6.09	8.32	0.06	-5.98	8.49	0.06	-11.73	8.32	0.05	-17.00
PUB_HTM	614451	3140X8K55	Agency MBS 30yr	G-2-Q	FANNIE MAE	0.61614165	2	11/1/2050	38823683	 23,920,888 	 2,064,257.85 	22454695.11	19488739.5	93.8707	81.4716386	-2965955.6	6/30/2026	Model2501	100	LMMSOFRFLAT	RFRSwap	5.07	2.89	7.15	0.08	0.058	 13,954 	0.06	0.10	0.27	1.18	3.15	2.24	0.17	8.2	6.5	78.6	64	0.62	6.03	2.91	69.00	179876.48	NA	NA	4.82	0.05	16.77	5.95	0.06	11.55	6.65	0.06	5.85	7.64	0.06	-5.81	7.98	0.06	-11.54	7.97	0.05	-16.93
PUB_HTM	613043	3140X8KD8	Agency MBS 30yr	G-2-Q	FANNIE MAE	0.61092465	2	11/1/2050	30000000	 18,327,740 	 1,381,238.11 	17231294.86	14842490.3	94.0176	80.9837476	-2388804.56	6/30/2026	Model2501	100	LMMSOFRFLAT	RFRSwap	5.31	2.91	6.96	0.04	0.056	 10,349 	0.06	0.10	0.28	1.23	3.14	2.03	0.14	7.8	6.8	102.3	90	0.61	5.97	2.88	69.00	253402.17	NA	NA	4.71	0.05	16.15	5.78	0.05	11.13	6.45	0.06	5.64	7.47	0.06	-5.65	7.79	0.05	-11.22	7.72	0.05	-16.45
PUB_HTM	614659	3140X8WP8	Agency MBS 30yr	G-2-Q	FANNIE MAE	0.64756802	2	12/1/2050	62522628	 40,487,654 	 2,893,166.48 	38039593.39	32845189.71	93.9536	81.1239628	-5194403.69	6/30/2026	Model2501	100	LMMSOFRFLAT	RFRSwap	5.27	2.91	7.10	-0.05	0.058	 23,375 	0.06	0.11	0.28	1.16	3.05	2.25	0.22	8.0	7.3	94.6	86	0.65	5.34	2.93	67.00	275322.56	NA	NA	4.83	0.05	16.44	5.84	0.05	11.32	6.54	0.06	5.75	7.75	0.06	-5.81	8.12	0.06	-11.61	8.03	0.05	-17.03
PUB_HTM	613780	3140X9DQ5	Agency MBS 30yr	G-2-Q	FANNIE MAE	0.66122626	2	1/1/2051	15000000	 9,918,394 	 786,722.80 	9302505.6	7998486.89	93.7904	80.6429647	-1304018.71	6/30/2026	Model2501	100	LMMSOFRFLAT	RFRSwap	5.13	2.88	7.42	0.04	0.060	 5,947 	0.05	0.09	0.25	1.14	3.22	2.47	0.24	8.5	6.2	81.7	69	0.66	5.08	2.89	66.00	321820.09	NA	NA	4.76	0.05	17.02	6.07	0.06	11.81	6.84	0.06	5.99	7.97	0.06	-5.98	8.26	0.06	-11.85	8.17	0.05	-17.30
PUB_HTM	614609	3140XB5W6	Agency MBS 20yr	G-2-Q	FANNIE MAE	0.71513089	2	7/1/2041	9785576	 6,997,968 	 688,466.35 	6642583.74	6059774.72	94.9216	86.5933512	-582809.01	6/30/2026	Model2501	100	LMMSOFRFLAT	RFRSwap	4.74	2.95	5.49	0.05	0.048	 3,335 	0.08	0.14	0.37	1.58	2.85	0.46	0.03	6.0	5.9	61.7	41	0.72	2.38	2.97	61.00	199548.94	NA	NA	3.78	0.04	13.69	4.72	0.05	9.44	5.19	0.05	4.77	5.71	0.05	-4.73	5.77	0.04	-9.33	5.68	0.04	-13.64
PUB_HTM	613638	3140XBQR4	Agency MBS 30yr	G-2-Q	FANNIE MAE	0.7059481	2.5	6/1/2051	15000000	 10,589,222 	 524,698.45 	10169424.3	9004821.14	96.0356	85.0376124	-1164603.17	6/30/2026	Model2501	100	LMMSOFRFLAT	RFRSwap	4.98	3.08	6.89	-0.06	0.059	 6,219 	0.07	0.11	0.29	1.14	2.92	2.19	0.21	8.3	7.1	66.9	53	0.71	4.60	3.35	62.00	209783.30	NA	NA	3.98	0.04	16.03	5.42	0.05	11.32	6.26	0.06	5.81	7.49	0.06	-5.90	7.99	0.06	-11.84	8.04	0.05	-17.51
PUB_HTM	614305	3140XCFM5	Agency MBS 30yr	G-2-Q	FANNIE MAE	0.7306968	2	8/1/2051	12262741	 8,960,346 	 603,966.42 	8389319.29	7266486.45	93.6272	81.0960511	-1122832.83	6/30/2026	Model2501	100	LMMSOFRFLAT	RFRSwap	5.09	2.91	7.31	0.04	0.059	 5,319 	0.06	0.09	0.26	1.14	3.11	2.42	0.26	8.4	6.6	78.0	65	0.73	3.91	2.94	61.00	205629.73	NA	NA	4.77	0.05	16.88	5.99	0.06	11.69	6.75	0.06	5.93	7.89	0.06	-5.94	8.30	0.06	-11.83	8.28	0.05	-17.37
PUB_HTM	613416	3140XCNE4	Agency MBS 30yr	G-2-Q	FANNIE MAE	0.65049722	2.5	7/1/2051	30000000	 19,514,917 	 1,978,476.17 	18744035.51	16773310.32	96.0498	85.9512273	-1970725.19	6/30/2026	Model2501	100	LMMSOFRFLAT	RFRSwap	4.92	3.11	6.68	-0.18	0.058	 11,230 	0.08	0.12	0.31	1.16	2.80	2.05	0.20	7.9	7.8	60.5	50	0.65	6.40	3.28	61.00	279938.84	NA	NA	3.81	0.04	15.50	5.18	0.05	10.96	6.01	0.06	5.65	7.37	0.06	-5.84	7.87	0.06	-11.76	7.90	0.05	-17.42
PUB_HTM	613127	3140XCVZ8	Agency MBS 30yr	G-2-Q	FANNIE MAE	0.70868952	2	9/1/2051	25000000	 17,717,238 	 1,361,916.18 	16599580.27	14252558.85	93.6917	80.4445865	-2347021.43	6/30/2026	Model2501	100	LMMSOFRFLAT	RFRSwap	5.07	2.86	7.61	0.01	0.061	 10,864 	0.05	0.09	0.24	1.11	3.22	2.64	0.29	8.8	6.0	74.4	62	0.71	4.76	2.92	58.00	356692.72	NA	NA	4.86	0.05	17.39	6.20	0.06	12.06	6.99	0.06	6.11	8.16	0.06	-6.12	8.44	0.06	-12.08	8.34	0.05	-17.61
PUB_HTM	614382	3140XDP59	Agency MBS 30yr	G-2-Q	FANNIE MAE	0.64999509	2.5	10/1/2051	25000000	 16,249,877 	 1,522,540.82 	15599515.55	13680515.1	95.9977	84.1884212	-1919000.44	6/30/2026	Model2501	100	LMMSOFRFLAT	RFRSwap	5.06	3.07	7.12	-0.12	0.060	 9,765 	0.07	0.10	0.27	1.10	2.95	2.39	0.27	8.6	6.7	72.7	61	0.65	6.74	3.22	57.00	337183.84	NA	NA	3.98	0.04	16.27	5.52	0.05	11.53	6.43	0.06	5.93	7.75	0.06	-6.05	8.12	0.06	-12.06	8.06	0.05	-17.70
PUB_HTM	613199	3140XFDH1	Agency MBS 15yr	G-2-Q	FANNIE MAE	0.46279938	2.5	3/1/2036	18031048	 8,344,758 	 1,544,378.22 	8281811.96	7848355.68	99.2457	94.0513294	-433456.28	6/30/2026	Model2501	100	LMMSOFRFLAT	RFRSwap	4.45	2.70	3.21	-0.05	0.030	 2,521 	0.18	0.27	0.59	1.56	0.58	0.02	0.01	3.4	10.3	43.3	25	0.46	9.19	3.24	67.00	106422.13	NA	NA	2.46	0.03	8.66	2.86	0.03	5.93	3.06	0.03	3.00	3.38	0.03	-3.05	3.57	0.03	-6.17	3.63	0.03	-9.30
HTM	614410	3140XFVL2	Agency MBS 20yr	G-2-Q	FANNIE MAE	0.67960525	2.5	2/1/2042	25000000	 16,990,131 	 1,754,640.15 	16923495.93	15074263.55	99.6078	88.7236439	-1849232.38	6/30/2026	Model2501	100	LMMSOFRFLAT	RFRSwap	4.88	2.56	5.27	-0.13	0.047	 7,957 	0.09	0.16	0.40	1.51	2.61	0.49	0.03	5.9	7.4	72.9	55	0.68	4.68	3.42	54.00	235163.94	NA	NA	2.98	0.03	12.60	4.20	0.04	8.96	4.83	0.05	4.61	5.65	0.05	-4.73	5.88	0.05	-9.47	5.83	0.04	-14.01
HTM	614079	3140XG3G2	Agency MBS 15yr	G-2-Q	FANNIE MAE	0.5732068	3	5/1/2037	11791536	 6,758,989 	 1,172,175.88 	6800320.74	6389273.9	100.6115	94.530029	-411046.84	6/30/2026	Model2501	100	LMMSOFRFLAT	RFRSwap	4.55	2.79	3.63	-0.15	0.034	 2,323 	0.16	0.24	0.55	1.57	1.08	0.02	0.01	4.0	9.6	50.2	32	0.57	6.75	3.57	51.00	180254.63	NA	NA	1.81	0.02	8.82	2.78	0.03	6.44	3.32	0.03	3.36	3.90	0.04	-3.50	4.15	0.04	-7.11	4.19	0.04	-10.71
HTM	612761	3140XG7D5	Agency MBS 15yr	G-2-Q	FANNIE MAE	0.56123242	3	5/1/2037	43000000	 24,132,994 	 4,326,242.24 	24260027.86	22812926.28	100.5264	94.530029	-1447101.57	6/30/2026	Model2501	100	LMMSOFRFLAT	RFRSwap	4.56	2.82	3.63	-0.12	0.034	 8,296 	0.16	0.24	0.54	1.59	1.08	0.02	0.01	4.0	9.4	50.9	33	0.56	7.07	3.56	54.00	190222.78	NA	NA	2.01	0.02	9.06	2.88	0.03	6.52	3.35	0.03	3.37	3.88	0.04	-3.49	4.12	0.04	-7.08	4.16	0.03	-10.66
HTM	614684	3140XGZP7	Agency MBS 15yr	G-2-Q	FANNIE MAE	0.58963877	3	5/1/2037	38208464	 22,529,192 	 3,875,889.14 	22664891.89	21296851.46	100.6023	94.530029	-1368040.42	6/30/2026	Model2501	100	LMMSOFRFLAT	RFRSwap	4.54	2.80	3.67	-0.13	0.035	 7,835 	0.15	0.23	0.54	1.59	1.13	0.02	0.01	4.0	9.3	49.1	31	0.59	6.16	3.55	52.00	201279.58	NA	NA	1.99	0.02	9.12	2.90	0.03	6.57	3.38	0.03	3.41	3.93	0.04	-3.53	4.15	0.04	-7.16	4.15	0.03	-10.73
HTM	614023	3140XJPA5	Agency MBS 30yr	G-2-Q	FANNIE MAE	0.70391427	5	11/1/2052	24983057	 17,585,930 	 2,319,265.80 	17433935.8	17309909.06	99.1357	98.4304426	-124026.74	6/30/2026	Model2501	100	LMMSOFRFLAT	RFRSwap	5.29	5.15	4.43	-0.85	0.044	 7,705 	0.15	0.26	0.50	1.08	1.58	0.83	0.04	6.6	10.8	85.2	89	0.70	7.85	5.87	45.00	176030.89	NA	NA	0.96	0.01	6.83	1.12	0.01	5.93	3.01	0.03	3.83	5.29	0.05	-4.72	6.03	0.05	-9.90	6.67	0.06	-15.38
HTM	613687	3140XJRN5	Agency MBS 30yr	G-2-Q	FANNIE MAE	0.64221102	5	11/1/2052	46045540	 29,570,953 	 4,030,235.77 	29313134.95	29309995.55	99.1281	99.1175203	-3139.4	6/30/2026	Model2501	100	LMMSOFRFLAT	RFRSwap	5.15	5.15	4.36	-1.07	0.043	 12,846 	0.16	0.27	0.50	1.04	1.54	0.84	0.04	6.7	10.1	64.4	73	0.64	10.12	5.88	46.00	370122.16	NA	NA	1.17	0.01	6.50	0.99	0.01	5.44	2.69	0.03	3.66	5.46	0.05	-4.80	6.41	0.06	-10.26	7.14	0.06	-16.14
HTM	613673	3140XJVA8	Agency MBS 30yr	G-2-Q	FANNIE MAE	0.6639311	5.5	12/1/2052	39997985	 26,555,906 	 4,947,866.99 	26882050.96	27019137.53	101.2281	101.7443628	137086.56	6/30/2026	Model2501	100	LMMSOFRFLAT	RFRSwap	5.13	5.23	3.42	-1.41	0.035	 9,294 	0.22	0.33	0.51	0.90	1.04	0.46	-0.01	5.9	12.6	56.4	74	0.66	9.64	6.36	45.00	216601.42	NA	NA	0.96	0.01	4.09	0.38	0.00	3.37	1.51	0.02	2.60	4.62	0.05	-4.09	5.40	0.05	-8.90	6.07	0.05	-14.11
HTM	613882	3140XJVD2	Agency MBS 30yr	G-2-Q	FANNIE MAE	0.67537153	5	11/1/2052	38815415	 26,214,826 	 3,819,825.38 	26121883.17	26065970.54	99.6455	99.4321699	-55912.63	6/30/2026	Model2501	100	LMMSOFRFLAT	RFRSwap	5.10	5.06	4.37	-0.93	0.044	 11,432 	0.15	0.27	0.52	1.07	1.53	0.81	0.03	6.7	10.3	63.6	68	0.68	9.06	5.71	45.00	217929.50	NA	NA	0.82	0.01	6.04	0.66	0.01	5.49	2.80	0.03	3.74	5.27	0.05	-4.73	6.01	0.05	-9.95	6.64	0.06	-15.47
HTM	613366	3140XJVY6	Agency MBS 30yr	G-2-Q	FANNIE MAE	0.69860651	5	11/1/2052	88850520	 62,071,552 	 8,498,986.33 	63140366.17	61848437.23	101.7219	99.6405528	-1291928.93	6/30/2026	Model2501	100	LMMSOFRFLAT	RFRSwap	5.06	4.67	4.33	-0.94	0.043	 26,901 	0.16	0.26	0.51	1.06	1.52	0.81	0.03	6.6	10.9	60.6	65	0.70	8.18	5.64	45.00	170557.80	NA	NA	0.59	0.01	5.95	0.70	0.01	5.51	2.81	0.03	3.73	5.24	0.05	-4.71	5.97	0.05	-9.92	6.58	0.06	-15.41
HTM	613214	3140XJVZ3	Agency MBS 30yr	G-2-Q	FANNIE MAE	0.72539797	5	11/1/2052	9027739	 6,548,704 	 882,219.20 	6637793.83	6519807.42	101.3604	99.5587505	-117986.4	6/30/2026	Model2501	100	LMMSOFRFLAT	RFRSwap	5.07	4.74	4.29	-0.97	0.043	 2,810 	0.16	0.27	0.51	1.05	1.49	0.79	0.03	6.6	10.7	61.1	66	0.73	7.21	5.66	45.00	194522.97	NA	NA	0.69	0.01	5.80	0.62	0.01	5.35	2.73	0.03	3.67	5.21	0.05	-4.67	5.94	0.05	-9.85	6.56	0.06	-15.32
AFS	614040	3140XJWE9	Agency MBS 30yr	G-2-Q	FANNIE MAE	0.70047421	5	11/1/2052	18000000	 12,608,536 	 1,679,845.79 	12665013.41	12551898.11	100.4479	99.550799	-113115.3	6/30/2026	Model2501	100	LMMSOFRFLAT	RFRSwap	5.08	4.90	4.19	-1.03	0.042	 5,275 	0.17	0.28	0.51	1.03	1.43	0.75	0.03	6.4	11.5	60.1	68	0.70	8.35	5.80	46.00	195915.48	NA	NA	0.81	0.01	5.66	0.62	0.01	5.09	2.56	0.03	3.52	5.16	0.05	-4.60	5.91	0.05	-9.74	6.55	0.06	-15.20
HTM	613063	3140XJX40	Agency MBS 30yr	G-2-Q	FANNIE MAE	0.70956614	5	12/1/2052	38857747	 27,572,142 	 3,928,963.30 	27944758.37	27465354.2	101.3514	99.6126984	-479404.17	6/30/2026	Model2501	100	LMMSOFRFLAT	RFRSwap	5.06	4.73	4.19	-1.01	0.042	 11,568 	0.16	0.28	0.51	1.04	1.44	0.76	0.02	6.5	11.0	59.0	66	0.71	8.02	5.81	46.00	197523.17	NA	NA	0.79	0.01	5.58	0.55	0.01	5.06	2.56	0.03	3.53	5.14	0.05	-4.60	5.88	0.05	-9.72	6.51	0.06	-15.16
HTM	613686	3140XJX57	Agency MBS 30yr	G-2-Q	FANNIE MAE	0.73447831	5	12/1/2052	65128883	 47,835,752 	 5,647,288.11 	48357609.28	47465516.26	101.0909	99.2260273	-892093.03	6/30/2026	Model2501	100	LMMSOFRFLAT	RFRSwap	5.14	4.79	4.28	-1.02	0.043	 20,385 	0.16	0.27	0.51	1.04	1.48	0.80	0.03	6.6	10.6	65.2	73	0.73	7.10	5.71	45.00	218338.06	NA	NA	0.84	0.01	5.66	0.53	0.01	5.11	2.60	0.03	3.59	5.25	0.05	-4.67	6.02	0.05	-9.88	6.64	0.06	-15.40
HTM	612986	3140XJZU0	Agency MBS 30yr	G-2-Q	FANNIE MAE	0.69090803	5	12/1/2052	30840701	 21,308,088 	 3,554,994.19 	21695215.45	21238750.52	101.8168	99.6745956	-456464.94	6/30/2026	Model2501	100	LMMSOFRFLAT	RFRSwap	5.05	4.66	4.36	-1.00	0.044	 9,303 	0.15	0.27	0.52	1.06	1.53	0.82	0.03	6.8	10.4	58.2	64	0.69	8.70	5.67	45.00	173743.27	NA	NA	0.62	0.01	5.70	0.51	0.01	5.35	2.74	0.03	3.72	5.30	0.05	-4.76	6.03	0.05	-10.02	6.64	0.06	-15.56
HTM	614653	3140XKCX6	Agency MBS 30yr	G-2-Q	FANNIE MAE	0.70601073	5	12/1/2052	49751950	 35,125,411 	 4,766,046.01 	35520701.62	34916129.02	101.1254	99.4041877	-604572.6	6/30/2026	Model2501	100	LMMSOFRFLAT	RFRSwap	5.10	4.79	4.41	-1.02	0.044	 15,477 	0.15	0.27	0.51	1.06	1.55	0.86	0.03	6.9	10.0	61.7	68	0.71	8.35	5.67	45.00	219967.44	NA	NA	0.78	0.01	5.75	0.47	0.00	5.31	2.72	0.03	3.73	5.40	0.05	-4.82	6.18	0.06	-10.17	6.79	0.06	-15.81
HTM	613319	3140XKFE5	Agency MBS 30yr	G-2-Q	FANNIE MAE	0.71706067	5	1/1/2053	129575423	 92,913,440 	 10,546,971.90 	94156817.87	92496074.41	101.3382	99.5508021	-1660743.46	6/30/2026	Model2501	100	LMMSOFRFLAT	RFRSwap	5.07	4.74	4.22	-1.04	0.042	 39,233 	0.16	0.28	0.52	1.03	1.45	0.77	0.03	6.5	11.1	59.1	67	0.72	7.96	5.73	44.00	197002.22	NA	NA	0.80	0.01	5.52	0.50	0.01	5.02	2.55	0.03	3.54	5.21	0.05	-4.65	5.97	0.05	-9.83	6.60	0.06	-15.34
HTM	613980	3140XKFF2	Agency MBS 30yr	G-2-Q	FANNIE MAE	0.72613933	5	2/1/2053	128147216	 93,052,734 	 11,116,693.40 	94728934.31	92718256.82	101.8013	99.6405514	-2010677.49	6/30/2026	Model2501	100	LMMSOFRFLAT	RFRSwap	5.06	4.65	4.28	-0.95	0.043	 39,813 	0.16	0.27	0.51	1.06	1.49	0.78	0.03	6.5	11.1	60.3	65	0.73	7.60	5.74	45.00	168770.59	NA	NA	0.72	0.01	5.95	0.72	0.01	5.40	2.74	0.03	3.66	5.19	0.05	-4.66	5.91	0.05	-9.81	6.53	0.06	-15.27
AFS	614289	3140XKVQ0	Agency MBS 30yr	G-2-Q	FANNIE MAE	0.70628142	4.5	10/1/2052	22668499	 16,010,340 	 2,090,742.43 	15625492.63	15558018.75	97.5963	97.17482	-67473.88	6/30/2026	Model2501	100	LMMSOFRFLAT	RFRSwap	5.02	4.94	4.95	-0.49	0.048	 7,727 	0.13	0.20	0.46	1.15	1.89	1.07	0.07	7.0	10.1	67.3	60	0.71	8.67	5.24	49.00	143902.27	NA	NA	0.65	0.01	9.30	2.30	0.02	7.88	4.00	0.04	4.52	5.63	0.05	-5.03	6.28	0.05	-10.39	6.89	0.06	-15.95
AFS	613930	3140XMM45	Agency MBS 30yr	G-2-Q	FANNIE MAE	0.70239011	5.5	9/1/2053	51076118	 35,875,360 	 5,759,223.53 	35608229.76	36229830.58	99.2554	100.988061	621600.82	6/30/2026	Model2501	100	LMMSOFRFLAT	RFRSwap	5.23	5.66	2.95	-1.51	0.030	 10,744 	0.27	0.34	0.46	0.74	0.79	0.36	0.01	4.9	16.0	62.9	89	0.70	10.95	6.46	36.00	222234.53	NA	NA	1.04	0.01	4.01	0.77	0.01	3.00	1.28	0.01	2.15	4.29	0.04	-3.65	5.33	0.05	-8.26	6.01	0.05	-13.42
AFS	614292	3140XMX50	Agency MBS 30yr	G-2-Q	FANNIE MAE	0.82486161	5	8/1/2053	66686766	 55,007,353 	 4,153,356.42 	54251560.43	54709176.84	98.626	99.4579337	457616.42	6/30/2026	Model2501	100	LMMSOFRFLAT	RFRSwap	5.09	5.26	4.02	-1.25	0.040	 22,082 	0.18	0.30	0.51	0.99	1.33	0.70	0.03	6.2	11.6	55.3	70	0.82	5.65	5.97	38.00	195763.31	NA	NA	1.05	0.01	5.29	0.63	0.01	4.39	2.10	0.02	3.19	5.16	0.05	-4.52	5.92	0.05	-9.68	6.59	0.06	-15.16
AFS	613238	3140XP5Q8	Agency MBS 30yr	G-2-Q	FANNIE MAE	0.88380755	5	6/1/2054	36006077	 31,822,443 	 2,355,581.65 	31661805.77	31586065.94	99.4952	99.2572011	-75739.82	6/30/2026	Model2501	100	LMMSOFRFLAT	RFRSwap	5.13	5.08	4.14	-1.30	0.041	 13,124 	0.18	0.30	0.51	1.00	1.37	0.76	0.04	6.5	10.6	55.5	72	0.88	4.50	5.93	28.00	221903.36	NA	NA	1.14	0.01	5.55	0.72	0.01	4.55	2.17	0.02	3.28	5.29	0.05	-4.64	6.08	0.05	-9.90	6.78	0.06	-15.51
AFS	613474	3140XPKW8	Agency MBS 30yr	G-2-Q	FANNIE MAE	0.76038992	5.5	7/1/2053	36228590	 27,547,855 	 4,484,627.93 	27596151.74	28001984.18	100.1753	101.6485114	405832.44	6/30/2026	Model2501	100	LMMSOFRFLAT	RFRSwap	5.14	5.45	3.25	-1.61	0.033	 9,145 	0.24	0.33	0.49	0.84	0.95	0.43	-0.01	5.7	12.8	52.4	76	0.76	10.28	6.48	41.00	220494.28	NA	NA	0.96	0.01	3.84	0.53	0.01	2.99	1.24	0.01	2.33	4.58	0.04	-3.98	5.40	0.05	-8.79	6.09	0.05	-14.00
AFS	613489	3140XPW70	Agency MBS 30yr	G-2-Q	FANNIE MAE	0.75039396	5.5	4/1/2054	20585846	 15,447,495 	 3,820,275.01 	15504434.64	15708143.89	100.3686	101.6873247	203709.25	6/30/2026	Model2501	100	LMMSOFRFLAT	RFRSwap	5.12	5.40	3.04	-1.70	0.031	 4,797 	0.25	0.34	0.48	0.79	0.84	0.37	-0.01	5.4	13.8	47.8	74	0.75	11.28	6.52	36.00	199597.09	NA	NA	0.97	0.01	3.66	0.62	0.01	2.76	1.11	0.01	2.11	4.40	0.04	-3.80	5.27	0.05	-8.48	5.99	0.05	-13.61
AFS	614383	3140XQDL8	Agency MBS 30yr	G-2-Q	FANNIE MAE	0.82769058	5.5	6/1/2054	25000000	 20,692,265 	 2,962,652.93 	20759101.73	21001225.17	100.323	101.4931216	242123.44	6/30/2026	Model2501	100	LMMSOFRFLAT	RFRSwap	5.19	5.43	3.39	-1.61	0.035	 7,142 	0.23	0.34	0.51	0.88	0.98	0.47	0.00	5.9	12.1	54.0	80	0.83	7.87	6.42	30.00	246860.27	NA	NA	1.07	0.01	4.25	0.71	0.01	3.24	1.33	0.01	2.44	4.72	0.05	-4.12	5.58	0.05	-9.05	6.35	0.06	-14.43
AFS	614097	3140XQMU8	Agency MBS 30yr	G-2-Q	FANNIE MAE	0.69299755	6	7/1/2054	75184046	 52,102,360 	 14,464,640.94 	53109278.01	54098509.92	101.9326	103.8312089	989231.91	6/30/2026	Model2501	100	LMMSOFRFLAT	RFRSwap	5.11	5.53	2.03	-2.29	0.021	 11,027 	0.31	0.34	0.44	0.55	0.38	0.07	-0.05	5.0	15.4	31.8	71	0.69	16.45	6.96	31.00	248200.83	NA	NA	1.03	0.01	2.39	0.64	0.01	1.50	0.42	0.00	1.08	3.85	0.04	-3.12	4.91	0.05	-7.51	5.63	0.05	-12.49
AFS	614791	3140XRS71	Agency MBS 30yr	G-2-Q	FANNIE MAE	0.86882072	5.5	9/1/2054	67868893	 58,965,900 	 6,937,950.90 	59147978.96	59838655.48	100.3088	101.4801012	690676.51	6/30/2026	Model2501	100	LMMSOFRFLAT	RFRSwap	5.21	5.43	3.31	-1.83	0.034	 19,906 	0.23	0.34	0.50	0.86	0.94	0.46	0.00	6.0	11.5	50.7	81	0.87	7.01	6.52	23.00	252872.05	NA	NA	1.07	0.01	4.01	0.77	0.01	3.02	1.16	0.01	2.27	4.78	0.05	-4.13	5.66	0.05	-9.13	6.40	0.06	-14.56
AFS	614618	3140XRUE3	Agency MBS 30yr	G-2-Q	FANNIE MAE	0.82517789	5.5	6/1/2054	77699523	 64,115,928 	 8,356,259.78 	64158032.73	65098455.42	100.0657	101.5324226	940422.69	6/30/2026	Model2501	100	LMMSOFRFLAT	RFRSwap	5.17	5.47	3.13	-1.79	0.032	 20,437 	0.25	0.34	0.48	0.80	0.87	0.41	0.00	5.6	12.9	49.5	78	0.83	9.73	6.48	35.00	249007.36	NA	NA	0.95	0.01	3.61	0.63	0.01	2.73	1.05	0.01	2.12	4.57	0.04	-3.92	5.45	0.05	-8.75	6.19	0.05	-14.03
AFS	620125	3140Y63A6	Agency MBS 30yr	G-2-Q	FANNIE MAE	0.98845932	5.5	7/1/2055	2069625	 2,045,740 	 24,172.24 	2069585.48	2075060.88	101.1656	101.4332593	5475.39	6/30/2026	Model2501	100	LMMSOFRFLAT	RFRSwap	5.26	5.31	3.98	-1.63	0.041	 831 	0.19	0.32	0.49	0.96	1.30	0.71	0.04	7.1	9.7	58.8	83	0.99	0.15	6.51	12.00	232915.30	NA	NA	1.32	0.01	5.53	0.99	0.01	4.26	1.85	0.02	3.03	5.34	0.05	-4.72	6.16	0.06	-10.18	6.75	0.06	-15.93
AFS	620149	3140Y63D0	Agency MBS 30yr	G-2-Q	FANNIE MAE	0.97515118	6	7/1/2055	2148223	 2,094,842 	 55,094.83 	2158582	2175526.21	103.0427	103.8515558	16944.21	6/30/2026	Model2501	100	LMMSOFRFLAT	RFRSwap	5.24	5.39	2.95	-2.04	0.031	 645 	0.25	0.33	0.46	0.78	0.85	0.33	-0.02	6.1	12.7	53.0	82	0.98	1.69	6.88	12.00	213375.75	NA	NA	1.28	0.01	4.00	0.75	0.01	2.85	1.15	0.01	2.06	4.58	0.05	-3.94	5.51	0.05	-8.93	6.14	0.06	-14.34
AFS	641700	3140Y63S7	Agency MBS 30yr	G-2-Q	FANNIE MAE	0.98741045	5.5	8/1/2055	3404475	 3,361,614 	 41,381.79 	3428172.68	3417619.18	101.98	101.6660148	-10553.5	6/30/2026	Model2501	100	LMMSOFRFLAT	RFRSwap	5.21	5.16	4.03	-1.43	0.041	 1,384 	0.18	0.31	0.51	1.00	1.34	0.68	0.03	7.1	9.9	59.2	78	0.99	0.26	6.51	12.00	164567.28	NA	NA	1.19	0.01	5.45	0.75	0.01	4.45	2.02	0.02	3.17	5.27	0.05	-4.71	6.04	0.06	-10.09	6.61	0.06	-15.74
AFS	641699	3140Y63U2	Agency MBS 30yr	G-2-Q	FANNIE MAE	0.76730715	6	8/1/2055	1862672	 1,429,242 	 448,988.22 	1482938.68	1491316.2	103.757	104.3431886	8377.52	6/30/2026	Model2501	100	LMMSOFRFLAT	RFRSwap	5.17	5.28	2.99	-2.20	0.031	 448 	0.24	0.33	0.48	0.80	0.84	0.34	-0.02	6.5	12.2	44.1	75	0.77	24.32	6.92	12.00	194930.02	NA	NA	1.10	0.01	3.28	0.34	0.00	2.44	0.95	0.01	1.99	4.71	0.05	-4.06	5.74	0.05	-9.23	6.44	0.06	-14.90
AFS	641698	3140Y64E7	Agency MBS 30yr	G-2-Q	FANNIE MAE	0.98775324	6	8/1/2055	1243407	 1,228,179 	 14,654.91 	1274785.31	1263256.4	103.7947	102.8560248	-11528.91	6/30/2026	Model2501	100	LMMSOFRFLAT	RFRSwap	5.43	5.25	3.04	-1.75	0.031	 386 	0.26	0.30	0.44	0.78	0.88	0.40	0.00	6.0	12.6	71.2	100	0.99	0.28	6.78	12.00	183960.14	NA	NA	1.18	0.01	4.00	0.74	0.01	2.94	1.20	0.01	2.17	4.41	0.04	-3.86	5.18	0.05	-8.55	5.71	0.05	-13.59
AFS	613143	3140Y6AT7	Agency MBS 30yr	G-2-Q	FANNIE MAE	0.92200015	5.5	2/1/2055	9830352	 9,063,586 	 698,759.46 	9059170.41	9155805.27	99.9513	101.0174698	96634.86	6/30/2026	Model2501	100	LMMSOFRFLAT	RFRSwap	5.32	5.51	3.59	-2.01	0.036	 3,302 	0.23	0.32	0.47	0.87	1.11	0.60	0.02	6.5	10.3	58.1	90	0.92	4.83	6.51	17.00	299929.50	NA	NA	1.07	0.01	4.41	0.79	0.01	3.37	1.37	0.01	2.50	5.20	0.05	-4.45	6.14	0.06	-9.84	6.80	0.06	-15.60
AFS	613697	3140Y6CB4	Agency MBS 30yr	G-2-Q	FANNIE MAE	0.86048904	6	3/1/2055	5144660	 4,426,924 	 713,758.54 	4518788.03	4557704.86	102.0751	102.9542258	38916.83	6/30/2026	Model2501	100	LMMSOFRFLAT	RFRSwap	5.35	5.54	2.57	-2.16	0.027	 1,176 	0.28	0.33	0.44	0.67	0.63	0.25	-0.02	5.5	14.3	59.5	95	0.86	9.72	6.94	17.00	248207.44	NA	NA	1.05	0.01	3.15	0.69	0.01	2.20	0.79	0.01	1.62	4.34	0.04	-3.61	5.37	0.05	-8.39	6.07	0.05	-13.69
AFS	613224	3140Y6CC2	Agency MBS 30yr	G-2-Q	FANNIE MAE	0.85348115	5.5	2/1/2055	2304891	 1,967,181 	 29,455.76 	1965634.99	1986238.43	99.9214	100.9687672	20603.43	6/30/2026	Model2501	100	LMMSOFRFLAT	RFRSwap	5.31	5.51	3.63	-1.75	0.037	 724 	0.22	0.32	0.47	0.88	1.12	0.60	0.04	6.3	11.5	63.8	91	0.85	10.19	6.49	17.00	246495.08	NA	NA	1.21	0.01	4.97	0.96	0.01	3.75	1.60	0.02	2.66	5.08	0.05	-4.39	5.95	0.05	-9.63	6.60	0.06	-15.23
AFS	613727	3140Y6E97	Agency MBS 30yr	G-2-Q	FANNIE MAE	0.90091178	5.5	3/1/2055	2583785	 2,327,762 	 245,701.75 	2369402.33	2358674.98	101.7888	101.3279981	-10727.35	6/30/2026	Model2501	100	LMMSOFRFLAT	RFRSwap	5.29	5.22	3.83	-2.05	0.039	 908 	0.20	0.31	0.48	0.93	1.23	0.69	0.02	7.2	8.8	53.7	85	0.90	6.97	6.54	16.00	224600.75	NA	NA	0.98	0.01	4.23	0.60	0.01	3.33	1.33	0.01	2.63	5.46	0.05	-4.72	6.37	0.06	-10.34	7.01	0.06	-16.28
AFS	614504	3140Y6FB1	Agency MBS 30yr	G-2-Q	FANNIE MAE	0.82388854	5.5	3/1/2055	3910109	 3,221,494 	 672,162.49 	3266078.78	3264276.34	101.384	101.3280282	-1802.44	6/30/2026	Model2501	100	LMMSOFRFLAT	RFRSwap	5.29	5.28	4.00	-1.77	0.041	 1,310 	0.19	0.32	0.50	0.98	1.30	0.70	0.03	7.3	8.9	58.7	85	0.82	13.38	6.46	16.00	229596.33	NA	NA	1.16	0.01	4.97	0.76	0.01	3.89	1.64	0.02	2.93	5.46	0.05	-4.78	6.31	0.06	-10.36	6.92	0.06	-16.24
AFS	612269	3140Y6GA2	Agency MBS 30yr	G-2-Q	FANNIE MAE	0.90277096	6	3/1/2055	10101685	 9,119,508 	 984,175.77 	9405048.91	9372534.97	103.1311	102.7745697	-32513.94	6/30/2026	Model2501	100	LMMSOFRFLAT	RFRSwap	5.43	5.36	2.84	-2.15	0.029	 2,673 	0.26	0.33	0.44	0.73	0.77	0.33	-0.01	5.9	13.2	68.1	102	0.90	6.89	6.91	16.00	224465.64	NA	NA	1.08	0.01	3.47	0.71	0.01	2.48	0.93	0.01	1.86	4.56	0.05	-3.85	5.53	0.05	-8.78	6.19	0.06	-14.17
AFS	614615	3140Y6GD6	Agency MBS 30yr	G-2-Q	FANNIE MAE	0.98506741	5.5	3/1/2055	5320495	 5,241,046 	 64,328.21 	5306897.04	5310652.47	101.2564	101.3280982	3755.43	6/30/2026	Model2501	100	LMMSOFRFLAT	RFRSwap	5.27	5.28	3.86	-1.59	0.039	 2,056 	0.20	0.30	0.48	0.97	1.25	0.65	0.03	6.8	10.1	60.3	84	0.99	0.08	6.56	16.00	210854.27	NA	NA	1.23	0.01	5.22	0.91	0.01	4.07	1.76	0.02	2.91	5.17	0.05	-4.57	5.94	0.05	-9.85	6.50	0.06	-15.42
AFS	612268	3140Y6GK0	Agency MBS 30yr	G-2-Q	FANNIE MAE	0.9768546	5	4/1/2055	3414925	 3,335,885 	 62,327.99 	3297848.06	3301575.66	98.8598	98.9715012	3727.6	6/30/2026	Model2501	100	LMMSOFRFLAT	RFRSwap	5.16	5.18	4.74	-1.37	0.047	 1,570 	0.14	0.27	0.50	1.10	1.66	1.00	0.08	7.6	8.4	56.1	72	0.98	0.58	6.01	16.00	251346.34	NA	NA	1.36	0.01	6.73	1.04	0.01	5.47	2.61	0.03	3.81	5.94	0.06	-5.23	6.70	0.06	-11.02	7.22	0.06	-16.99
AFS	614329	3140Y6GM6	Agency MBS 30yr	G-2-Q	FANNIE MAE	0.9622655	5.5	4/1/2055	10977439	 10,563,211 	 385,978.23 	10679949.71	10660361.78	101.1051	100.9197104	-19587.94	6/30/2026	Model2501	100	LMMSOFRFLAT	RFRSwap	5.35	5.32	3.87	-1.90	0.039	 4,142 	0.20	0.31	0.48	0.95	1.23	0.69	0.04	7.0	9.6	62.2	92	0.96	1.92	6.50	16.00	258422.27	NA	NA	1.18	0.01	4.87	0.86	0.01	3.74	1.54	0.02	2.77	5.41	0.05	-4.69	6.30	0.06	-10.22	6.94	0.06	-16.08
AFS	613050	3140Y6GN4	Agency MBS 30yr	G-2-Q	FANNIE MAE	0.932174	6	4/1/2055	9928891	 9,255,454 	 656,823.80 	9545108.86	9508836.43	103.1296	102.7376549	-36272.43	6/30/2026	Model2501	100	LMMSOFRFLAT	RFRSwap	5.38	5.30	2.67	-2.02	0.028	 2,552 	0.27	0.32	0.44	0.70	0.68	0.29	-0.01	5.5	14.7	64.4	98	0.93	4.47	6.91	16.00	230190.34	NA	NA	1.15	0.01	3.49	0.83	0.01	2.44	0.88	0.01	1.76	4.40	0.04	-3.67	5.38	0.05	-8.47	6.03	0.05	-13.74
AFS	613196	3140Y6L57	Agency MBS 30yr	G-2-Q	FANNIE MAE	0.94438049	5.5	5/1/2055	5347547	 5,050,119 	 118,478.45 	5103120.35	5128315.18	101.0495	101.5484016	25194.83	6/30/2026	Model2501	100	LMMSOFRFLAT	RFRSwap	5.24	5.32	3.88	-1.75	0.040	 2,000 	0.20	0.32	0.49	0.95	1.25	0.67	0.03	7.0	9.7	55.0	81	0.94	3.71	6.52	15.00	216503.58	NA	NA	1.18	0.01	4.95	0.80	0.01	3.84	1.63	0.02	2.85	5.33	0.05	-4.68	6.18	0.06	-10.15	6.79	0.06	-15.94
AFS	613330	3140Y6L65	Agency MBS 30yr	G-2-Q	FANNIE MAE	0.90676264	6	4/1/2055	5769367	 5,231,446 	 541,496.03 	5387055.63	5432946.72	102.9745	103.8517123	45891.08	6/30/2026	Model2501	100	LMMSOFRFLAT	RFRSwap	5.21	5.38	2.59	-2.18	0.027	 1,414 	0.27	0.33	0.45	0.70	0.65	0.23	-0.03	5.8	13.3	44.1	79	0.91	7.08	6.92	15.00	203227.63	NA	NA	1.10	0.01	3.09	0.66	0.01	2.11	0.73	0.01	1.63	4.41	0.04	-3.68	5.44	0.05	-8.57	6.11	0.06	-13.96
AFS	613391	3140Y6LX6	Agency MBS 30yr	G-2-Q	FANNIE MAE	0.97987674	5.5	4/1/2055	5052932	 4,951,251 	 92,235.47 	5020460.92	5022211.42	101.3978	101.4331911	1750.49	6/30/2026	Model2501	100	LMMSOFRFLAT	RFRSwap	5.26	5.26	3.55	-2.18	0.036	 1,790 	0.22	0.33	0.47	0.87	1.07	0.59	0.03	6.7	10.2	48.5	83	0.98	0.62	6.53	15.00	257236.19	NA	NA	1.12	0.01	4.26	0.79	0.01	3.20	1.24	0.01	2.41	5.24	0.05	-4.48	6.19	0.06	-9.94	6.84	0.06	-15.75
AFS	614800	3140Y6LY4	Agency MBS 30yr	G-2-Q	FANNIE MAE	0.94374999	6	4/1/2055	5872073	 5,541,769 	 285,543.53 	5722721.63	5709453.63	103.2653	103.0258353	-13268	6/30/2026	Model2501	100	LMMSOFRFLAT	RFRSwap	5.37	5.32	2.77	-2.13	0.029	 1,587 	0.26	0.32	0.45	0.73	0.73	0.31	-0.02	5.9	13.5	60.7	95	0.94	3.84	6.91	15.00	236060.88	NA	NA	1.11	0.01	3.46	0.76	0.01	2.45	0.90	0.01	1.82	4.56	0.05	-3.82	5.57	0.05	-8.79	6.23	0.06	-14.23
AFS	614742	3140Y6MH0	Agency MBS 30yr	G-2-Q	FANNIE MAE	0.8698153	6	5/1/2055	5112309	 4,446,765 	 674,156.94 	4557542.9	4627507.51	102.4912	104.064594	69964.61	6/30/2026	Model2501	100	LMMSOFRFLAT	RFRSwap	5.25	5.53	3.02	-2.03	0.032	 1,403 	0.23	0.33	0.48	0.82	0.85	0.34	-0.03	6.4	11.4	50.9	81	0.87	10.31	6.76	15.00	176104.05	NA	NA	1.02	0.01	3.15	0.29	0.00	2.40	0.91	0.01	2.00	4.59	0.05	-3.99	5.48	0.05	-8.97	6.12	0.06	-14.37
AFS	614827	3140Y6MJ6	Agency MBS 30yr	G-2-Q	FANNIE MAE	0.98517611	5.5	5/1/2055	2174729	 2,142,491 	 27,078.57 	2143967.3	2178184.78	100.0689	101.6659915	34217.48	6/30/2026	Model2501	100	LMMSOFRFLAT	RFRSwap	5.21	5.49	3.96	-1.64	0.040	 866 	0.19	0.32	0.49	0.97	1.29	0.69	0.04	7.0	10.2	54.8	79	0.99	0.15	6.52	15.00	219190.30	NA	NA	1.35	0.01	5.53	0.96	0.01	4.22	1.84	0.02	3.01	5.34	0.05	-4.71	6.18	0.06	-10.20	6.79	0.06	-15.99
AFS	614786	3140Y6MQ0	Agency MBS 30yr	G-2-Q	FANNIE MAE	0.8976445	5	5/1/2055	4075858	 3,658,672 	 399,356.96 	3572634.71	3626464.74	97.6484	99.1197139	53830.03	6/30/2026	Model2501	100	LMMSOFRFLAT	RFRSwap	5.13	5.36	4.78	-1.60	0.048	 1,739 	0.15	0.28	0.49	1.05	1.65	1.09	0.10	8.0	7.9	48.5	68	0.90	7.70	5.98	15.00	284776.88	NA	NA	1.37	0.01	6.12	0.72	0.01	4.99	2.32	0.02	3.71	6.15	0.06	-5.37	6.98	0.06	-11.38	7.54	0.06	-17.58
AFS	614743	3140Y6MS6	Agency MBS 30yr	G-2-Q	FANNIE MAE	0.89962037	5.5	5/1/2055	9001850	 8,098,248 	 889,579.78 	8103755.12	8205798.09	100.068	101.3280708	102042.98	6/30/2026	Model2501	100	LMMSOFRFLAT	RFRSwap	5.27	5.49	3.79	-1.84	0.039	 3,126 	0.21	0.32	0.48	0.94	1.19	0.65	0.03	6.9	10.0	56.4	85	0.90	7.62	6.47	15.00	236943.75	NA	NA	1.14	0.01	4.75	0.79	0.01	3.66	1.52	0.02	2.72	5.30	0.05	-4.61	6.19	0.06	-10.07	6.85	0.06	-15.88
AFS	614857	3140Y6MT4	Agency MBS 30yr	G-2-Q	FANNIE MAE	0.84367183	6	5/1/2055	7338300	 6,191,117 	 707,190.88 	6341516.37	6374510.59	102.4293	102.9622053	32994.22	6/30/2026	Model2501	100	LMMSOFRFLAT	RFRSwap	5.39	5.50	2.88	-2.03	0.030	 1,843 	0.26	0.33	0.46	0.75	0.77	0.33	-0.01	5.9	13.1	65.3	98	0.84	12.63	6.79	15.00	198256.67	NA	NA	1.12	0.01	3.59	0.70	0.01	2.58	1.00	0.01	1.94	4.52	0.05	-3.85	5.45	0.05	-8.74	6.08	0.05	-14.05
AFS	614744	3140Y6QA1	Agency MBS 30yr	G-2-Q	FANNIE MAE	0.98687617	5.5	5/1/2055	3643632	 3,595,814 	 45,017.23 	3637280.1	3648466.45	101.1532	101.4642822	11186.35	6/30/2026	Model2501	100	LMMSOFRFLAT	RFRSwap	5.26	5.31	4.20	-1.53	0.043	 1,539 	0.17	0.30	0.49	1.01	1.42	0.78	0.05	7.5	9.2	61.7	82	0.99	0.08	6.46	14.00	194463.48	NA	NA	1.23	0.01	5.63	0.80	0.01	4.53	2.03	0.02	3.28	5.50	0.05	-4.90	6.31	0.06	-10.49	6.90	0.06	-16.35
AFS	614842	3140Y6QJ2	Agency MBS 30yr	G-2-Q	FANNIE MAE	0.92561172	5	5/1/2055	2062773	 1,909,327 	 149,254.06 	1883953.95	1892518.86	98.6711	99.1196897	8564.92	6/30/2026	Model2501	100	LMMSOFRFLAT	RFRSwap	5.14	5.21	4.68	-1.57	0.047	 889 	0.15	0.28	0.48	1.03	1.61	1.05	0.10	7.8	8.4	50.4	68	0.93	5.74	6.07	14.00	240666.63	NA	NA	1.15	0.01	5.93	0.69	0.01	4.95	2.34	0.02	3.65	6.01	0.06	-5.25	6.85	0.06	-11.14	7.45	0.06	-17.28
AFS	614804	3140Y6QK9	Agency MBS 30yr	G-2-Q	FANNIE MAE	0.85742321	5.5	5/1/2055	3504888	 3,005,172 	 500,795.66 	3030053.55	3045083.59	100.8279	101.328086	15030.04	6/30/2026	Model2501	100	LMMSOFRFLAT	RFRSwap	5.27	5.36	3.75	-1.90	0.038	 1,148 	0.21	0.32	0.48	0.91	1.17	0.66	0.03	6.9	9.9	55.7	84	0.86	12.25	6.49	14.00	211735.11	NA	NA	1.02	0.01	4.33	0.59	0.01	3.41	1.41	0.01	2.65	5.31	0.05	-4.59	6.21	0.06	-10.07	6.88	0.06	-15.90
AFS	614856	3140Y6QL7	Agency MBS 30yr	G-2-Q	FANNIE MAE	0.83385643	6	5/1/2055	3246112	 2,706,791 	 552,871.58 	2786821.07	2791051.17	102.9566	103.1129038	4230.11	6/30/2026	Model2501	100	LMMSOFRFLAT	RFRSwap	5.35	5.38	2.86	-1.98	0.030	 803 	0.26	0.33	0.45	0.74	0.77	0.33	-0.01	5.9	13.4	63.6	94	0.83	14.56	6.89	14.00	180933.91	NA	NA	1.16	0.01	3.64	0.72	0.01	2.59	1.00	0.01	1.95	4.50	0.04	-3.83	5.42	0.05	-8.71	6.05	0.05	-14.01
AFS	612996	3140Y6R28	Agency MBS 30yr	G-2-Q	FANNIE MAE	0.98610592	5	5/1/2055	1149635	 1,133,662 	 14,447.63 	1109209.72	1123111.56	97.8431	99.0693594	13901.84	6/30/2026	Model2501	100	LMMSOFRFLAT	RFRSwap	5.14	5.33	5.06	-1.24	0.050	 571 	0.12	0.26	0.50	1.10	1.83	1.16	0.11	8.3	7.9	56.4	68	0.99	0.05	5.98	14.00	170025.61	NA	NA	1.19	0.01	7.08	0.88	0.01	6.09	3.02	0.03	4.22	6.20	0.06	-5.50	6.94	0.06	-11.50	7.42	0.06	-17.62
AFS	614726	3140Y6R69	Agency MBS 30yr	G-2-Q	FANNIE MAE	0.97337293	5.5	6/1/2055	2514520	 2,447,566 	 64,366.42 	2449795.06	2490947.47	100.0911	101.7724456	41152.41	6/30/2026	Model2501	100	LMMSOFRFLAT	RFRSwap	5.20	5.48	3.86	-1.65	0.039	 967 	0.19	0.31	0.50	0.99	1.25	0.63	0.02	6.9	9.9	53.9	77	0.97	1.36	6.53	14.00	175784.55	NA	NA	1.20	0.01	5.02	0.75	0.01	3.95	1.72	0.02	2.90	5.22	0.05	-4.62	6.02	0.06	-9.98	6.61	0.06	-15.64
AFS	614826	3140Y6RZ5	Agency MBS 30yr	G-2-Q	FANNIE MAE	0.96971902	6	6/1/2055	2425740	 2,352,286 	 32,013.93 	2404028.43	2442884.6	102.1997	103.8515036	38856.18	6/30/2026	Model2501	100	LMMSOFRFLAT	RFRSwap	5.25	5.56	2.88	-2.13	0.030	 706 	0.25	0.32	0.45	0.78	0.81	0.31	-0.03	6.2	12.5	51.6	82	0.97	1.77	6.89	14.00	221405.77	NA	NA	1.18	0.01	3.56	0.60	0.01	2.55	1.00	0.01	1.93	4.55	0.05	-3.90	5.49	0.05	-8.86	6.12	0.06	-14.26
AFS	614840	3140Y6SK7	Agency MBS 30yr	G-2-Q	FANNIE MAE	0.88911727	5.5	6/1/2055	2643112	 2,350,037 	 287,981.75 	2354061.55	2383715.41	100.1713	101.4331219	29653.86	6/30/2026	Model2501	100	LMMSOFRFLAT	RFRSwap	5.28	5.48	4.09	-1.71	0.042	 980 	0.18	0.31	0.49	0.98	1.36	0.76	0.03	7.6	8.6	59.0	82	0.89	9.23	6.34	14.00	219442.92	NA	NA	1.10	0.01	4.81	0.57	0.01	3.87	1.64	0.02	3.02	5.54	0.05	-4.87	6.39	0.06	-10.52	7.00	0.06	-16.45
AFS	612774	3140Y6VQ0	Agency MBS 30yr	G-2-Q	FANNIE MAE	0.98175692	5	6/1/2055	1422161	 1,396,216 	 25,316.25 	1363399.41	1378023.16	97.6496	98.6969612	14623.75	6/30/2026	Model2501	100	LMMSOFRFLAT	RFRSwap	5.20	5.36	4.88	-1.41	0.048	 675 	0.14	0.27	0.50	1.07	1.72	1.11	0.11	8.0	7.9	59.2	74	0.98	0.59	5.99	14.00	244731.95	NA	NA	1.16	0.01	6.42	0.76	0.01	5.45	2.65	0.03	3.92	6.13	0.06	-5.36	6.92	0.06	-11.30	7.45	0.06	-17.42
AFS	613583	3140Y6VR8	Agency MBS 30yr	G-2-Q	FANNIE MAE	0.98780727	5.5	6/1/2055	1259911	 1,244,549 	 15,409.76 	1248251.32	1260447.05	100.2975	101.2773945	12195.73	6/30/2026	Model2501	100	LMMSOFRFLAT	RFRSwap	5.27	5.45	4.09	-1.38	0.042	 518 	0.18	0.31	0.51	1.01	1.36	0.70	0.04	7.1	10.3	66.1	86	0.99	0.07	6.35	13.00	182864.28	NA	NA	1.27	0.01	5.63	0.78	0.01	4.52	2.06	0.02	3.23	5.34	0.05	-4.75	6.16	0.06	-10.19	6.76	0.06	-15.93
AFS	612642	3140Y6VS6	Agency MBS 30yr	G-2-Q	FANNIE MAE	0.98875623	6	6/1/2055	1067892	 1,055,885 	 12,281.04 	1079316.28	1089151.03	102.2191	103.1505481	9834.75	6/30/2026	Model2501	100	LMMSOFRFLAT	RFRSwap	5.43	5.60	2.82	-2.44	0.029	 308 	0.26	0.33	0.45	0.72	0.75	0.34	-0.02	6.4	11.6	59.6	99	0.99	0.09	6.90	13.00	282879.72	NA	NA	1.11	0.01	2.97	0.61	0.01	2.05	0.56	0.01	1.66	4.74	0.05	-3.96	5.75	0.05	-9.11	6.39	0.06	-14.69
AFS	614780	3140Y6VV9	Agency MBS 30yr	G-2-Q	FANNIE MAE	0.96918076	5.5	6/1/2055	1970778	 1,910,040 	 60,899.22 	1914780.53	1941860.94	100.2482	101.6659765	27080.41	6/30/2026	Model2501	100	LMMSOFRFLAT	RFRSwap	5.18	5.45	3.76	-1.64	0.038	 733 	0.20	0.32	0.50	0.97	1.19	0.57	0.03	6.5	11.5	55.7	79	0.97	1.99	6.51	13.00	199940.22	NA	NA	1.29	0.01	5.16	0.82	0.01	3.95	1.75	0.02	2.84	5.08	0.05	-4.48	5.91	0.05	-9.73	6.53	0.06	-15.32
AFS	614828	3140Y6VW7	Agency MBS 30yr	G-2-Q	FANNIE MAE	0.95428761	6	6/1/2055	2439714	 2,328,189 	 114,679.23 	2392118.69	2422029.68	102.7459	104.0306367	29910.98	6/30/2026	Model2501	100	LMMSOFRFLAT	RFRSwap	5.27	5.50	3.14	-2.05	0.033	 764 	0.23	0.34	0.49	0.84	0.90	0.38	-0.02	6.6	11.3	53.6	83	0.95	3.56	6.82	13.00	173584.31	NA	NA	1.04	0.01	3.23	0.27	0.00	2.44	0.92	0.01	2.09	4.74	0.05	-4.13	5.66	0.05	-9.26	6.31	0.06	-14.81
AFS	620106	3140Y6WE6	Agency MBS 30yr	G-2-Q	FANNIE MAE	0.96790421	5.5	7/1/2055	1018800	 986,101 	 32,286.14 	998249.94	997640.9	101.232	101.1702747	-609.04	6/30/2026	Model2501	100	LMMSOFRFLAT	RFRSwap	5.29	5.28	3.92	-1.57	0.040	 393 	0.19	0.33	0.51	0.96	1.28	0.65	0.03	6.7	10.4	64.7	88	0.97	2.09	6.40	13.00	191186.63	NA	NA	1.24	0.01	5.20	0.73	0.01	4.06	1.82	0.02	2.99	5.25	0.05	-4.63	6.05	0.06	-9.99	6.63	0.06	-15.64
AFS	620147	3140Y6WG1	Agency MBS 30yr	G-2-Q	FANNIE MAE	0.98851449	6	7/1/2055	1873795	 1,852,274 	 20,774.10 	1910308.75	1914361.42	103.1332	103.351984	4052.67	6/30/2026	Model2501	100	LMMSOFRFLAT	RFRSwap	5.29	5.33	2.82	-1.95	0.029	 542 	0.26	0.34	0.47	0.75	0.74	0.29	-0.01	5.8	13.8	59.2	88	0.99	0.11	6.90	13.00	217075.80	NA	NA	1.17	0.01	3.64	0.64	0.01	2.61	1.05	0.01	1.95	4.37	0.04	-3.75	5.26	0.05	-8.50	5.90	0.05	-13.68
AFS	620143	3140Y6WQ9	Agency MBS 30yr	G-2-Q	FANNIE MAE	0.9761728	5.5	7/1/2055	2463210	 2,404,519 	 57,881.20 	2429353.7	2439725.77	101.0329	101.4642087	10372.07	6/30/2026	Model2501	100	LMMSOFRFLAT	RFRSwap	5.23	5.31	3.51	-2.00	0.036	 860 	0.23	0.33	0.47	0.88	1.06	0.54	0.02	6.4	11.1	52.0	82	0.98	1.28	6.51	13.00	233269.39	NA	NA	1.14	0.01	4.45	0.83	0.01	3.33	1.36	0.01	2.46	5.08	0.05	-4.37	5.98	0.06	-9.66	6.63	0.06	-15.31
AFS	620111	3140Y6WS5	Agency MBS 30yr	G-2-Q	FANNIE MAE	0.98692676	6	7/1/2055	1743560	 1,720,766 	 22,921.14 	1776415.88	1787046.44	103.234	103.8517974	10630.56	6/30/2026	Model2501	100	LMMSOFRFLAT	RFRSwap	5.26	5.38	3.01	-2.05	0.031	 541 	0.24	0.33	0.47	0.79	0.86	0.35	-0.02	6.3	12.2	53.8	84	0.99	0.36	6.89	12.00	188037.00	NA	NA	1.19	0.01	3.61	0.58	0.01	2.61	1.00	0.01	2.05	4.64	0.05	-4.01	5.53	0.05	-9.03	6.13	0.06	-14.45
AFS	620156	3140Y6ZU7	Agency MBS 30yr	G-2-Q	FANNIE MAE	0.98883538	5.5	7/1/2055	1859480	 1,838,720 	 21,006.92 	1859926.08	1865643.92	101.1533	101.4642968	5717.84	6/30/2026	Model2501	100	LMMSOFRFLAT	RFRSwap	5.26	5.31	3.78	-1.96	0.039	 709 	0.20	0.33	0.49	0.93	1.17	0.65	0.04	7.1	9.6	52.4	82	0.99	0.08	6.44	13.00	216124.83	NA	NA	1.00	0.01	4.11	0.48	0.01	3.21	1.31	0.01	2.62	5.37	0.05	-4.65	6.30	0.06	-10.20	6.98	0.06	-16.11
AFS	620139	3140Y6ZV5	Agency MBS 30yr	G-2-Q	FANNIE MAE	0.91260689	6	7/1/2055	1818769	 1,659,821 	 164,064.01 	1711843.13	1707155.85	103.1342	102.8517972	-4687.28	6/30/2026	Model2501	100	LMMSOFRFLAT	RFRSwap	5.37	5.31	2.39	-2.25	0.025	 411 	0.30	0.33	0.41	0.58	0.54	0.26	-0.01	5.5	14.4	55.6	96	0.91	8.54	6.85	12.00	222216.73	NA	NA	0.91	0.01	2.57	0.57	0.01	1.77	0.56	0.01	1.40	4.31	0.04	-3.50	5.46	0.05	-8.31	6.16	0.06	-13.69
AFS	723715	3140Y75Y0	Agency MBS 30yr	G-2-Q	FANNIE MAE	0.98969108	5	12/1/2055	1265463	 1,252,417 	 13,192.32 	1266114.91	1242898.55	101.0937	99.2399581	-23216.37	6/30/2026	Model2501	100	LMMSOFRFLAT	RFRSwap	5.12	4.85	5.61	-0.81	0.056	 700 	0.09	0.21	0.48	1.18	2.20	1.35	0.13	9.0	7.4	62.0	64	0.99	0.86	6.02	7.00	156552.19	NA	NA	0.98	0.01	9.15	1.58	0.02	8.01	4.04	0.04	5.02	6.49	0.06	-5.89	7.08	0.06	-12.06	7.39	0.06	-18.19
AFS	725945	3140Y76N3	Agency MBS 30yr	G-2-Q	FANNIE MAE	0.99389772	5	12/1/2055	1093720	 1,087,046 	 6,749.53 	1099115.65	1075074.85	101.1103	98.8987618	-24040.8	6/30/2026	Model2501	100	LMMSOFRFLAT	RFRSwap	5.17	4.83	5.10	-1.09	0.051	 551 	0.12	0.26	0.50	1.09	1.85	1.18	0.13	8.3	8.0	63.3	70	0.99	0.02	6.05	7.00	168891.80	NA	NA	1.04	0.01	7.51	1.14	0.01	6.50	3.22	0.03	4.33	6.16	0.06	-5.49	6.85	0.06	-11.41	7.28	0.06	-17.43
AFS	641702	3140Y7A40	Agency MBS 30yr	G-2-Q	FANNIE MAE	0.99042317	5.5	8/1/2055	1376316	 1,363,135 	 13,428.91 	1388172.74	1382664.18	101.8368	101.4326474	-5508.56	6/30/2026	Model2501	100	LMMSOFRFLAT	RFRSwap	5.27	5.20	3.99	-1.82	0.041	 554 	0.19	0.32	0.48	0.96	1.30	0.72	0.04	7.4	9.1	56.2	83	0.99	0.03	6.47	11.00	196122.67	NA	NA	1.12	0.01	4.87	0.72	0.01	3.81	1.61	0.02	2.90	5.48	0.05	-4.79	6.35	0.06	-10.41	7.00	0.06	-16.33
AFS	641697	3140Y7A57	Agency MBS 30yr	G-2-Q	FANNIE MAE	0.91675289	6	8/1/2055	3930300	 3,603,114 	 338,739.88 	3726728.8	3693669.16	103.4308	102.5132504	-33059.65	6/30/2026	Model2501	100	LMMSOFRFLAT	RFRSwap	5.51	5.34	2.91	-2.32	0.030	 1,081 	0.26	0.32	0.43	0.73	0.80	0.40	0.00	6.2	12.4	71.1	109	0.92	8.95	6.86	11.00	277370.34	NA	NA	1.09	0.01	3.37	0.74	0.01	2.41	0.82	0.01	1.84	4.79	0.05	-4.00	5.81	0.05	-9.17	6.47	0.06	-14.77
AFS	641701	3140Y7A65	Agency MBS 30yr	G-2-Q	FANNIE MAE	0.9897401	5	8/1/2055	1138469	 1,126,788 	 11,617.61 	1120777.26	1113022.9	99.4665	98.7783404	-7754.36	6/30/2026	Model2501	100	LMMSOFRFLAT	RFRSwap	5.19	5.08	5.23	-1.12	0.052	 584 	0.11	0.24	0.49	1.12	1.92	1.25	0.13	8.6	7.6	62.5	71	0.99	0.00	5.99	12.00	237461.20	NA	NA	1.19	0.01	7.47	0.95	0.01	6.48	3.28	0.03	4.43	6.32	0.06	-5.62	7.08	0.06	-11.69	7.49	0.06	-17.87
AFS	642749	3140Y7BE7	Agency MBS 30yr	G-2-Q	FANNIE MAE	0.98930583	5.5	8/1/2055	1872303	 1,852,280 	 20,413.80 	1887492.5	1873959.83	101.901	101.1704251	-13532.67	6/30/2026	Model2501	100	LMMSOFRFLAT	RFRSwap	5.32	5.20	3.87	-1.88	0.039	 728 	0.20	0.33	0.50	0.94	1.20	0.68	0.04	7.1	9.1	57.9	88	0.99	0.17	6.48	11.00	211854.39	NA	NA	1.07	0.01	4.43	0.61	0.01	3.47	1.40	0.01	2.73	5.41	0.05	-4.69	6.30	0.06	-10.24	6.94	0.06	-16.11
AFS	642754	3140Y7BG2	Agency MBS 30yr	G-2-Q	FANNIE MAE	0.78929506	6	8/1/2055	1462046	 1,153,986 	 320,142.06 	1211325.3	1198427.5	104.9688	103.8511582	-12897.81	6/30/2026	Model2501	100	LMMSOFRFLAT	RFRSwap	5.28	5.08	2.92	-2.12	0.030	 352 	0.25	0.34	0.47	0.81	0.80	0.30	-0.02	6.3	11.8	53.9	86	0.79	23.93	6.86	11.00	196773.36	NA	NA	1.17	0.01	3.45	0.58	0.01	2.45	0.90	0.01	1.91	4.57	0.05	-3.93	5.48	0.05	-8.89	6.12	0.06	-14.28
AFS	643306	3140Y7BN7	Agency MBS 30yr	G-2-Q	FANNIE MAE	0.77123877	6	8/1/2055	1602293	 1,235,750 	 377,245.22 	1273669.27	1273110.72	103.0685	103.0232835	-558.54	6/30/2026	Model2501	100	LMMSOFRFLAT	RFRSwap	5.36	5.35	2.66	-2.12	0.028	 340 	0.27	0.32	0.43	0.71	0.71	0.26	-0.02	5.6	13.6	61.8	95	0.77	26.02	6.85	11.00	253261.52	NA	NA	1.22	0.01	3.57	0.87	0.01	2.46	0.87	0.01	1.74	4.39	0.04	-3.68	5.33	0.05	-8.47	5.95	0.05	-13.69
AFS	662582	3140Y7CL0	Agency MBS 30yr	G-2-Q	FANNIE MAE	0.98958152	5	9/1/2055	2359909	 2,335,322 	 23,198.01 	2360233.26	2328442.41	101.0667	99.7053974	-31790.85	6/30/2026	Model2501	100	LMMSOFRFLAT	RFRSwap	5.05	4.84	4.96	-0.97	0.050	 1,160 	0.12	0.26	0.50	1.16	1.81	1.03	0.09	7.9	8.2	52.5	59	0.99	0.04	6.03	11.00	146826.22	NA	NA	1.46	0.02	8.01	1.40	0.01	6.62	3.23	0.03	4.29	5.90	0.06	-5.34	6.50	0.06	-11.06	6.86	0.06	-16.83
AFS	662584	3140Y7CN6	Agency MBS 30yr	G-2-Q	FANNIE MAE	0.98199913	5.5	9/1/2055	7858399	 7,716,941 	 140,080.12 	7930962.18	7829939.48	102.7734	101.4642913	-101022.71	6/30/2026	Model2501	100	LMMSOFRFLAT	RFRSwap	5.27	5.06	4.13	-1.57	0.042	 3,248 	0.17	0.31	0.50	1.01	1.39	0.73	0.04	7.3	9.1	61.5	82	0.98	1.06	6.49	11.00	190752.02	NA	NA	1.26	0.01	5.51	0.77	0.01	4.39	1.97	0.02	3.19	5.44	0.05	-4.84	6.24	0.06	-10.38	6.80	0.06	-16.18
AFS	662586	3140Y7CP1	Agency MBS 30yr	G-2-Q	FANNIE MAE	0.90417331	6	9/1/2055	5236146	 4,734,383 	 181,551.22 	4944389.07	4926819.09	104.4358	104.0646398	-17569.97	6/30/2026	Model2501	100	LMMSOFRFLAT	RFRSwap	5.28	5.22	3.33	-1.93	0.035	 1,647 	0.22	0.33	0.48	0.87	1.04	0.43	-0.02	6.8	10.9	57.2	84	0.90	10.46	6.89	11.00	177525.38	NA	NA	1.29	0.01	4.24	0.63	0.01	3.15	1.27	0.01	2.38	4.86	0.05	-4.28	5.72	0.05	-9.48	6.31	0.06	-15.05
AFS	662583	3140Y7FX1	Agency MBS 30yr	G-2-Q	FANNIE MAE	0.98893821	5	9/1/2055	1169130	 1,156,197 	 13,025.62 	1164256.69	1137013.61	100.6971	98.3407917	-27243.08	6/30/2026	Model2501	100	LMMSOFRFLAT	RFRSwap	5.24	4.91	5.07	-1.51	0.050	 579 	0.13	0.26	0.49	1.10	1.77	1.21	0.14	8.4	7.1	58.5	77	0.99	0.25	6.00	11.00	353732.25	NA	NA	1.39	0.01	6.65	0.82	0.01	5.47	2.60	0.03	4.00	6.43	0.06	-5.58	7.22	0.06	-11.76	7.73	0.06	-18.06
AFS	662585	3140Y7FY9	Agency MBS 30yr	G-2-Q	FANNIE MAE	0.9493466	5.5	9/1/2055	5902432	 5,603,454 	 306,779.71 	5745907.14	5677874.97	102.5422	101.3281313	-68032.17	6/30/2026	Model2501	100	LMMSOFRFLAT	RFRSwap	5.28	5.08	3.61	-2.25	0.037	 2,059 	0.22	0.32	0.47	0.87	1.09	0.63	0.04	6.8	10.1	49.2	85	0.95	5.65	6.51	10.00	265253.00	NA	NA	1.16	0.01	4.44	0.86	0.01	3.31	1.30	0.01	2.46	5.36	0.05	-4.57	6.31	0.06	-10.13	6.94	0.06	-16.02
AFS	662587	3140Y7FZ6	Agency MBS 30yr	G-2-Q	FANNIE MAE	0.91718151	6	9/1/2055	8289389	 7,602,874 	 715,047.95 	7911310.43	7870015.22	104.0568	103.513683	-41295.21	6/30/2026	Model2501	100	LMMSOFRFLAT	RFRSwap	5.25	5.14	2.63	-2.12	0.027	 2,083 	0.27	0.34	0.45	0.70	0.65	0.26	-0.02	5.8	14.1	50.3	84	0.92	9.96	6.86	10.00	239727.25	NA	NA	1.14	0.01	3.35	0.74	0.01	2.31	0.85	0.01	1.71	4.40	0.04	-3.68	5.42	0.05	-8.54	6.11	0.06	-13.89
AFS	663018	3140Y7HA9	Agency MBS 30yr	G-2-Q	FANNIE MAE	0.9861249	5.5	9/1/2055	1637440	 1,614,720 	 23,379.93 	1660138.54	1633619.2	102.8128	101.17041	-26519.33	6/30/2026	Model2501	100	LMMSOFRFLAT	RFRSwap	5.27	4.97	3.59	-1.86	0.037	 590 	0.22	0.33	0.48	0.90	1.09	0.56	0.04	6.2	11.8	59.9	88	0.99	0.75	6.52	10.00	210854.73	NA	NA	1.27	0.01	5.02	0.97	0.01	3.75	1.63	0.02	2.64	5.05	0.05	-4.38	5.92	0.05	-9.60	6.54	0.06	-15.17
AFS	663239	3140Y7HB7	Agency MBS 30yr	G-2-Q	FANNIE MAE	0.97016465	6	9/1/2055	1860826	 1,805,308 	 58,051.42 	1890207.79	1865991.68	104.7028	103.3614255	-24216.12	6/30/2026	Model2501	100	LMMSOFRFLAT	RFRSwap	5.37	5.13	3.16	-2.02	0.033	 592 	0.24	0.33	0.47	0.84	0.93	0.39	-0.02	6.4	11.6	65.7	95	0.97	2.96	6.87	10.00	213198.91	NA	NA	1.24	0.01	4.04	0.73	0.01	2.94	1.15	0.01	2.19	4.76	0.05	-4.12	5.67	0.05	-9.23	6.29	0.06	-14.74
AFS	682458	3140Y7HP6	Agency MBS 30yr	G-2-Q	FANNIE MAE	0.98943744	5.5	10/1/2055	2144009	 2,121,363 	 21,643.15 	2178975.74	2156704.99	102.7158	101.6660146	-22270.75	6/30/2026	Model2501	100	LMMSOFRFLAT	RFRSwap	5.24	5.08	4.22	-1.65	0.043	 913 	0.17	0.30	0.50	1.00	1.42	0.80	0.05	7.7	8.7	56.4	78	0.99	0.29	6.44	10.00	204182.95	NA	NA	1.14	0.01	5.23	0.62	0.01	4.26	1.88	0.02	3.21	5.61	0.05	-4.97	6.45	0.06	-10.69	7.06	0.06	-16.68
AFS	682461	3140Y7HQ4	Agency MBS 30yr	G-2-Q	FANNIE MAE	0.99207779	6	10/1/2055	1825655	 1,811,192 	 14,008.97 	1892912.59	1880957.27	104.512	103.8519108	-11955.32	6/30/2026	Model2501	100	LMMSOFRFLAT	RFRSwap	5.33	5.22	3.58	-1.74	0.037	 676 	0.20	0.31	0.48	0.93	1.16	0.51	0.00	7.0	10.6	65.9	89	0.99	0.02	6.84	10.00	154840.14	NA	NA	1.15	0.01	4.52	0.55	0.01	3.68	1.58	0.02	2.69	4.98	0.05	-4.45	5.80	0.05	-9.73	6.37	0.06	-15.33
AFS	682451	3140Y7HW1	Agency MBS 30yr	G-2-Q	FANNIE MAE	0.97522957	5	10/1/2055	1208794	 1,178,852 	 29,465.57 	1189103.13	1162622.04	100.8696	98.623269	-26481.1	6/30/2026	Model2501	100	LMMSOFRFLAT	RFRSwap	5.22	4.86	4.81	-1.28	0.048	 562 	0.14	0.27	0.50	1.08	1.69	1.05	0.10	7.7	8.7	64.5	78	0.98	2.09	5.96	10.00	252828.00	NA	NA	1.38	0.01	7.15	1.19	0.01	5.84	2.82	0.03	3.95	5.97	0.06	-5.25	6.71	0.06	-11.03	7.21	0.06	-16.98
AFS	682453	3140Y7HY7	Agency MBS 30yr	G-2-Q	FANNIE MAE	0.99142819	5.5	10/1/2055	1341140	 1,329,644 	 11,073.44 	1367144.83	1349115.8	102.8204	101.4644368	-18029.03	6/30/2026	Model2501	100	LMMSOFRFLAT	RFRSwap	5.27	5.06	4.23	-1.67	0.043	 573 	0.16	0.31	0.51	1.04	1.41	0.77	0.05	7.6	9.0	60.5	83	0.99	0.03	6.49	10.00	191585.20	NA	NA	1.14	0.01	5.17	0.66	0.01	4.10	1.79	0.02	3.19	5.62	0.05	-4.98	6.44	0.06	-10.68	7.01	0.06	-16.64
AFS	682456	3140Y7NS3	Agency MBS 30yr	G-2-Q	FANNIE MAE	0.98775048	5.5	10/1/2055	2065814	 2,040,509 	 26,009.03 	2095678.01	2079847.63	102.7037	101.9278947	-15830.38	6/30/2026	Model2501	100	LMMSOFRFLAT	RFRSwap	5.19	5.07	4.22	-1.56	0.043	 881 	0.16	0.31	0.51	1.03	1.41	0.77	0.04	7.6	9.3	54.2	74	0.99	0.72	6.44	9.00	208615.55	NA	NA	1.17	0.01	5.26	0.55	0.01	4.28	1.93	0.02	3.27	5.55	0.05	-4.95	6.39	0.06	-10.63	6.98	0.06	-16.59
AFS	682529	3140Y7NT1	Agency MBS 30yr	G-2-Q	FANNIE MAE	0.98283951	6	10/1/2055	1126371	 1,107,042 	 20,138.48 	1151792.02	1146223.86	104.0423	103.5393363	-5568.17	6/30/2026	Model2501	100	LMMSOFRFLAT	RFRSwap	5.25	5.15	2.67	-2.06	0.028	 308 	0.27	0.34	0.46	0.70	0.67	0.27	-0.02	5.8	13.8	52.2	84	0.98	1.55	6.92	10.00	198116.44	NA	NA	1.17	0.01	3.48	0.63	0.01	2.47	0.98	0.01	1.80	4.38	0.04	-3.69	5.36	0.05	-8.51	6.00	0.05	-13.81
AFS	682452	3140Y7QE1	Agency MBS 30yr	G-2-Q	FANNIE MAE	0.99085612	5	10/1/2055	1011750	 1,002,499 	 9,353.95 	1013345.05	990834.55	101.0819	98.8364939	-22510.5	6/30/2026	Model2501	100	LMMSOFRFLAT	RFRSwap	5.18	4.84	4.76	-1.54	0.047	 474 	0.14	0.29	0.51	1.08	1.61	1.03	0.12	7.7	8.5	52.1	74	0.99	0.17	6.05	9.00	221726.28	NA	NA	1.26	0.01	6.09	0.73	0.01	5.02	2.38	0.02	3.71	6.11	0.06	-5.32	6.89	0.06	-11.26	7.47	0.06	-17.39
AFS	682460	3140Y7QF8	Agency MBS 30yr	G-2-Q	FANNIE MAE	0.99007669	5.5	10/1/2055	1345763	 1,332,409 	 13,742.54 	1370141.88	1349429.45	102.832	101.2774512	-20712.43	6/30/2026	Model2501	100	LMMSOFRFLAT	RFRSwap	5.28	5.02	4.06	-1.62	0.041	 550 	0.18	0.32	0.50	0.99	1.34	0.71	0.05	7.2	10.0	63.0	86	0.99	0.38	6.48	9.00	204552.17	NA	NA	1.25	0.01	5.34	0.80	0.01	4.18	1.84	0.02	3.07	5.44	0.05	-4.79	6.26	0.06	-10.33	6.85	0.06	-16.15
AFS	694143	3140Y7QX9	Agency MBS 30yr	G-2-Q	FANNIE MAE	0.96428347	5	11/1/2055	1323970	 1,276,682 	 44,586.97 	1293935.69	1262390.67	101.3514	98.8805583	-31545.02	6/30/2026	Model2501	100	LMMSOFRFLAT	RFRSwap	5.18	4.79	4.58	-1.44	0.045	 580 	0.16	0.29	0.51	1.05	1.57	0.95	0.08	7.4	8.6	57.0	74	0.96	4.17	6.11	9.00	240080.86	NA	NA	1.23	0.01	6.22	0.92	0.01	5.11	2.40	0.02	3.61	5.81	0.05	-5.09	6.55	0.06	-10.77	7.06	0.06	-16.62
AFS	694144	3140Y7QY7	Agency MBS 30yr	G-2-Q	FANNIE MAE	0.98987642	5.5	11/1/2055	1334480	 1,320,970 	 13,293.79 	1366026.3	1341754.82	103.4108	101.5734296	-24271.48	6/30/2026	Model2501	100	LMMSOFRFLAT	RFRSwap	5.26	4.99	4.62	-1.33	0.047	 623 	0.14	0.28	0.51	1.09	1.65	0.92	0.06	8.2	8.4	65.7	80	0.99	0.41	6.45	9.00	166738.41	NA	NA	1.16	0.01	6.19	0.65	0.01	5.25	2.49	0.03	3.80	5.80	0.06	-5.24	6.53	0.06	-11.05	7.03	0.06	-17.03
AFS	694145	3140Y7RB6	Agency MBS 30yr	G-2-Q	FANNIE MAE	0.9931335	5.5	11/1/2055	1644100	 1,632,811 	 11,090.81 	1687249.91	1653669.54	103.3341	101.2774753	-33580.37	6/30/2026	Model2501	100	LMMSOFRFLAT	RFRSwap	5.32	5.03	4.96	-1.26	0.050	 824 	0.12	0.26	0.49	1.12	1.84	1.07	0.08	8.7	7.5	72.2	84	0.99	0.05	6.44	8.00	205564.34	NA	NA	1.28	0.01	7.01	0.88	0.01	5.92	2.84	0.03	4.17	6.10	0.06	-5.54	6.81	0.06	-11.57	7.22	0.06	-17.71
AFS	699262	3140Y7W61	Agency MBS 30yr	G-2-Q	FANNIE MAE	0.99318	5.5	11/1/2055	1286031	 1,277,260 	 9,064.00 	1319255.8	1301885.1	103.2879	101.9279419	-17370.7	6/30/2026	Model2501	100	LMMSOFRFLAT	RFRSwap	5.21	5.00	4.84	-1.11	0.050	 633 	0.12	0.26	0.51	1.13	1.82	0.96	0.06	8.4	8.3	65.4	74	0.99	0.04	6.39	8.00	159657.53	NA	NA	1.02	0.01	6.88	0.77	0.01	6.08	2.97	0.03	4.20	5.87	0.06	-5.39	6.54	0.06	-11.25	6.95	0.06	-17.22
AFS	715513	3140Y7YN2	Agency MBS 30yr	G-2-Q	FANNIE MAE	0.99075417	5	11/1/2055	1072785	 1,062,866 	 8,913.46 	1074226.6	1049015.89	101.0688	98.696889	-25210.71	6/30/2026	Model2501	100	LMMSOFRFLAT	RFRSwap	5.21	4.82	4.49	-1.75	0.044	 473 	0.18	0.30	0.47	0.99	1.47	0.98	0.12	7.2	9.5	51.8	79	0.99	0.38	6.04	8.00	297977.25	NA	NA	1.30	0.01	5.74	0.91	0.01	4.52	2.04	0.02	3.34	5.99	0.06	-5.14	6.87	0.06	-11.04	7.53	0.06	-17.18
AFS	715520	3140Y7YQ5	Agency MBS 30yr	G-2-Q	FANNIE MAE	0.88149131	5.5	12/1/2055	1066570	 940,172 	 129,142.69 	966796.02	949281.03	102.8318	100.9688485	-17514.99	6/30/2026	Model2501	100	LMMSOFRFLAT	RFRSwap	5.31	4.96	3.59	-1.65	0.036	 343 	0.22	0.34	0.49	0.90	1.07	0.55	0.05	6.1	12.1	67.0	92	0.88	18.54	6.45	8.00	260190.19	NA	NA	1.35	0.01	5.25	1.02	0.01	3.91	1.72	0.02	2.70	4.89	0.05	-4.29	5.68	0.05	-9.31	6.29	0.05	-14.67
AFS	613597	31410A7G5	Agency MBS 30yr	G-2-Q	FANNIE MAE	0.00768636	6	5/1/2036	3258065	 25,043 	 6,115.42 	26273.28	25621.54	104.9141	102.311567	-651.74	6/30/2026	Model2501	100	LMMSOFRFLAT	RFRSwap	4.43	2.91	1.63	0.03	0.017	 4 	0.33	0.49	0.71	0.09	0.00	0.00	0.00	1.8	8.5	43.6	32	0.01	19.12	6.50	242.00	25042.66	NA	NA	1.53	0.02	5.02	1.57	0.02	3.36	1.62	0.02	1.68	1.61	0.02	-1.65	1.61	0.02	-3.27	1.60	0.02	-4.85
AFS	614700	31410B6C3	Agency MBS ARM	G-2-Q	FANNIE MAE	0.00701459	6.245	9/1/2036	16749889	 117,494 	 10,647.04 	121012.85	120761.87	102.9953	102.7816568	-250.98	6/30/2026	Model2501	100	LMMSOFRFLAT	RFRSwap	5.42	5.35	0.21	0.00	0.002	 3 	0.02	-0.03	0.02	0.05	0.09	-0.01	0.00	3.8	12.4	140.0	119	0.01	19.83	6.88	237.00	32610.38	#SPILL!	#SPILL!	1.39	0.01	1.96	0.97	0.01	0.65	0.23	0.00	0.22	0.23	0.00	-0.22	0.54	0.01	-0.51	1.44	0.01	-1.67
AFS	613889	31410BBG8	Agency MBS 30yr	G-2-Q	FANNIE MAE	0.01831752	6	6/1/2036	3826366	 70,090 	 5,374.72 	76810.37	72344.75	109.5889	103.2176121	-4465.63	6/30/2026	Model2501	100	LMMSOFRFLAT	RFRSwap	5.03	3.33	3.28	-0.06	0.034	 24 	0.19	0.28	0.55	1.42	0.88	-0.03	-0.01	4.1	9.0	101.5	80	0.02	15.65	6.63	242.00	70089.54	NA	NA	2.17	0.02	8.94	2.53	0.03	6.35	3.01	0.03	3.34	3.38	0.03	-3.41	3.42	0.03	-6.76	3.40	0.03	-10.01
AFS	612276	31410BGQ1	Agency MBS 30yr	G-2-Q	FANNIE MAE	0.03115905	6	5/1/2036	3195183	 99,559 	 8,121.45 	108494.97	102760.93	108.9757	103.2162511	-5734.04	6/30/2026	Model2501	100	LMMSOFRFLAT	RFRSwap	5.00	3.40	3.21	-0.02	0.033	 33 	0.19	0.28	0.56	1.45	0.76	-0.02	0.00	3.9	9.0	98.9	78	0.03	13.35	6.75	242.00	99558.87	NA	NA	2.80	0.03	9.69	2.87	0.03	6.53	3.06	0.03	3.31	3.30	0.03	-3.32	3.34	0.03	-6.60	3.34	0.03	-9.79
AFS	613824	31410LNR9	Agency MBS 15yr	G-2-Q	FANNIE MAE	0.03435921	2.5	4/1/2029	200000000	 6,871,842 	 5,616,792.01 	6866105.15	6740608.23	99.9165	98.0902679	-125496.92	6/30/2026	Model2501	100	LMMSOFRFLAT	RFRSwap	4.48	2.42	0.91	0.00	0.009	 613 	0.55	0.34	0.00	0.01	0.00	0.00	0.00	0.9	16.4	45.3	46	0.03	12.11	2.96	155.00	31143.90	NA	NA	0.88	0.01	2.68	0.89	0.01	1.78	0.90	0.01	0.89	0.92	0.01	-0.90	0.93	0.01	-1.79	0.92	0.01	-2.69
PUB_HTM	614060	31410LR79	Agency MBS 15yr	G-2-Q	FANNIE MAE	0.06693541	3	2/1/2031	50000000	 3,346,771 	 1,237,668.94 	3364038	3256997.8	100.5159	97.3176321	-107040.19	6/30/2026	Model2501	100	LMMSOFRFLAT	RFRSwap	4.51	2.60	1.71	0.00	0.017	 557 	0.32	0.46	0.72	0.20	0.00	0.01	0.00	1.8	12.3	51.1	41	0.07	14.85	3.42	127.00	82858.16	NA	NA	1.48	0.02	4.92	1.63	0.02	3.33	1.68	0.02	1.67	1.75	0.02	-1.67	1.80	0.02	-3.35	1.81	0.02	-5.04
PUB_HTM	612907	31410LUN0	Agency MBS 15yr	G-2-Q	FANNIE MAE	0.14274861	3	9/1/2032	75000000	 10,706,146 	 3,169,991.12 	10768348.45	10322182.47	100.581	96.413618	-446165.98	6/30/2026	Model2501	100	LMMSOFRFLAT	RFRSwap	4.69	2.65	2.11	-0.01	0.020	 2,182 	0.27	0.39	0.72	0.70	0.02	0.01	0.00	2.2	13.4	69.5	57	0.14	12.54	3.43	108.00	54398.91	NA	NA	1.79	0.02	5.97	1.98	0.02	4.05	2.05	0.02	2.03	2.18	0.02	-2.05	2.27	0.02	-4.14	2.31	0.02	-6.24
PUB_HTM	614606	31410LWE8	Agency MBS 15yr	G-2-Q	FANNIE MAE	0.01338731	3	10/1/2027	20000000	 267,746 	 794,637.72 	267762.57	266119.19	100.0061	99.3923319	-1643.37	6/30/2026	Model2501	100	LMMSOFRFLAT	RFRSwap	4.41	2.32	0.30	0.00	0.003	 8 	0.30	0.00	0.00	0.00	0.00	0.00	0.00	0.3	31.3	49.5	50	0.01	15.61	3.43	173.00	NA	NA	NA	0.30	0.00	0.90	0.30	0.00	0.60	0.30	0.00	0.30	0.30	0.00	-0.30	0.30	0.00	-0.59	0.30	0.00	-0.89
AFS	613517	31410WAX6	Agency MBS 30yr	G-2-Q	FANNIE MAE	0.00194191	5.5	3/1/2037	2021505	 3,926 	 9,340.31 	3940.75	3939.77	100.3863	100.361335	-0.98	6/30/2026	Model2501	100	LMMSOFRFLAT	RFRSwap	2.40	2.29	0.23	0.00	0.002	 0 	0.23	0.00	0.00	0.00	0.00	0.00	0.00	0.2	6.3	-144.1	-147	0.00	25.58	6.38	232.00	NA	NA	NA	0.24	0.00	0.71	0.23	0.00	0.47	0.23	0.00	0.24	0.23	0.00	-0.23	0.23	0.00	-0.47	0.23	0.00	-0.70
AFS	614198	31411CNN7	Agency MBS Other	G-2-Q	FANNIE MAE	0.00345729	5.5	1/1/2037	18100000	 62,577 	 4,371.52 	66684.58	61905.38	106.5641	98.9268101	-4779.2	6/30/2026	Model2501	100	LMMSOFRFLAT	RFRSwap	5.76	3.75	3.57	0.04	0.035	 22 	0.17	0.26	0.54	1.46	1.15	0.00	0.00	4.4	8.4	172.7	152	0.00	23.79	6.38	235.00	79362.86	NA	NA	2.81	0.03	10.18	3.12	0.03	6.99	3.42	0.04	3.55	3.64	0.03	-3.52	3.68	0.03	-6.97	3.65	0.03	-10.29
AFS	614087	31411FWE0	Agency MBS ARM	G-2-Q	FANNIE MAE	0.02877171	6.08	11/1/2037	17327770	 498,550 	 30,296.17 	515368.99	514439.49	103.3737	103.1872299	-929.5	6/30/2026	Model2501	100	LMMSOFRFLAT	RFRSwap	5.30	5.24	0.26	-0.07	0.003	 14 	0.12	0.05	0.09	0.02	-0.02	-0.07	-0.02	3.8	13.5	125.6	106	0.03	14.93	6.71	224.00	137886.84	#SPILL!	#SPILL!	1.14	0.01	1.57	0.61	0.01	0.59	0.24	0.00	0.25	0.30	0.00	-0.29	0.83	0.01	-0.77	1.55	0.02	-2.04
AFS	614230	31411KKB8	Agency MBS ARM	G-2-Q	FANNIE MAE	0.01033405	6.235	3/1/2037	18281422	 188,921 	 17,822.38 	195194.99	194904.39	103.3209	103.1670697	-290.6	6/30/2026	Model2501	100	LMMSOFRFLAT	RFRSwap	5.35	5.30	0.30	-0.21	0.003	 6 	0.12	0.13	0.22	0.01	-0.08	-0.14	-0.03	3.1	17.3	126.6	139	0.01	18.65	6.50	233.00	188921.13	NEW RESIDENTIAL MORTGAGE LLC	100.00	0.89	0.01	1.17	0.39	0.00	0.52	0.21	0.00	0.25	0.56	0.01	-0.41	1.23	0.01	-1.33	1.82	0.02	-2.89
AFS	612895	31412HR68	Agency MBS ARM	G-2-Q	FANNIE MAE	0.0536718	6.415	1/1/2037	796604	 42,755 	 3,786.51 	43165.37	43948.51	100.9594	102.791096	783.14	6/30/2026	Model2501	100	LMMSOFRFLAT	RFRSwap	5.38	6.02	1.05	-0.13	0.011	 5 	0.82	-0.04	0.03	0.14	0.07	-0.01	0.00	3.3	11.1	136.5	124	0.05	11.49	6.88	262.00	42755.17	MANUFACTURERS AND TRADERS TRUST COMPANY	100.00	1.57	0.02	3.68	1.19	0.01	2.21	1.03	0.01	1.06	1.30	0.01	-1.18	1.78	0.02	-2.73	2.18	0.02	-4.72
AFS	613312	31412HRZ4	Agency MBS ARM	G-2-Q	FANNIE MAE	0.00207649	5.915	9/1/2033	8088793	 16,796 	 28,911.32 	17070.41	17119.87	101.632	101.9264271	49.45	6/30/2026	Model2501	100	LMMSOFRFLAT	RFRSwap	4.87	5.05	0.72	-0.01	0.007	 1 	0.65	-0.01	0.03	0.06	-0.01	-0.01	0.00	1.8	29.0	87.5	74	0.00	NA	6.38	289.00	16796.30	MANUFACTURERS AND TRADERS TRUST COMPANY	100.00	1.09	0.01	2.50	0.81	0.01	1.52	0.72	0.01	0.73	0.83	0.01	-0.77	1.05	0.01	-1.72	1.22	0.01	-2.85
AFS	613812	31412HSC4	Agency MBS ARM	G-2-Q	FANNIE MAE	0.04815923	6.171	10/1/2037	5870985	 282,742 	 24,611.77 	284994.24	291553.92	100.7965	103.1165498	6559.68	6/30/2026	Model2501	100	LMMSOFRFLAT	RFRSwap	5.46	6.21	0.43	-0.06	0.004	 12 	0.19	-0.04	0.02	0.14	0.07	-0.02	0.00	3.6	9.6	143.0	125	0.05	11.62	6.63	256.00	40391.73	MANUFACTURERS AND TRADERS TRUST COMPANY	100.00	1.42	0.01	2.12	0.74	0.01	0.94	0.40	0.00	0.42	0.58	0.01	-0.49	1.40	0.01	-1.45	2.16	0.02	-3.31
AFS	614364	31412HSD2	Agency MBS ARM	G-2-Q	FANNIE MAE	0.01197544	5.23	9/1/2037	20233946	 242,310 	 31,002.19 	243443.25	242919.98	100.4675	100.2515667	-523.27	6/30/2026	Model2501	100	LMMSOFRFLAT	RFRSwap	5.48	5.41	2.49	-0.28	0.025	 61 	0.20	0.30	0.86	1.24	-0.08	-0.02	-0.01	3.4	9.8	137.6	141	0.01	17.00	5.69	261.00	48462.08	MANUFACTURERS AND TRADERS TRUST COMPANY	100.00	1.79	0.02	6.54	1.95	0.02	4.57	2.23	0.02	2.39	2.71	0.03	-2.60	2.80	0.03	-5.27	2.82	0.03	-7.92
AFS	614691	31412HSE0	Agency MBS ARM	G-2-Q	FANNIE MAE	0.02497215	3.527	8/1/2037	3413526	 85,243 	 13,634.72 	85788.59	84604.7	100.6399	99.251105	-1183.89	6/30/2026	Model2501	100	LMMSOFRFLAT	RFRSwap	5.52	5.02	2.68	-0.05	0.027	 23 	0.21	0.31	0.65	1.38	0.13	-0.01	0.00	3.2	10.7	151.0	151	0.02	13.14	3.99	267.00	21310.77	MANUFACTURERS AND TRADERS TRUST COMPANY	100.00	0.49	0.01	3.91	0.50	0.01	3.42	1.80	0.02	2.45	2.70	0.03	-2.65	2.69	0.03	-5.23	2.66	0.02	-7.72
AFS	613706	31412HSH3	Agency MBS ARM	G-2-Q	FANNIE MAE	0.0157275	6.055	8/1/2037	18713384	 294,315 	 152,259.04 	295969.57	301894.51	100.5623	102.5753949	5924.94	6/30/2026	Model2501	100	LMMSOFRFLAT	RFRSwap	5.39	6.14	0.38	-0.03	0.004	 11 	0.19	-0.04	0.03	0.13	0.03	-0.01	0.00	3.0	10.4	138.3	121	0.02	16.07	6.52	273.00	42044.96	MANUFACTURERS AND TRADERS TRUST COMPANY	100.00	1.33	0.01	1.92	0.66	0.01	0.85	0.37	0.00	0.38	0.47	0.00	-0.41	1.14	0.01	-1.16	1.73	0.02	-2.65
AFS	614561	31412HSJ9	Agency MBS ARM	G-2-Q	FANNIE MAE	0.02299915	5.921	8/1/2036	2933400	 67,466 	 42,551.46 	68109.96	68976.03	100.9549	102.2386526	866.07	6/30/2026	Model2501	100	LMMSOFRFLAT	RFRSwap	5.51	5.97	0.62	-0.04	0.006	 4 	0.40	-0.05	0.04	0.17	0.04	0.00	0.00	3.2	8.5	151.1	134	0.02	14.85	6.38	273.00	16866.43	MANUFACTURERS AND TRADERS TRUST COMPANY	100.00	1.53	0.02	2.58	0.84	0.01	1.36	0.63	0.01	0.63	0.79	0.01	-0.68	1.41	0.01	-1.78	1.90	0.02	-3.45
AFS	614057	31412HSK6	Agency MBS ARM	G-2-Q	FANNIE MAE	0.02791267	6.165	10/1/2035	990130	 27,637 	 2,151.87 	27696.49	28487.39	100.2146	103.0763544	790.89	6/30/2026	Model2501	100	LMMSOFRFLAT	RFRSwap	5.59	6.45	0.97	-0.16	0.010	 3 	0.71	-0.03	0.03	0.16	0.12	-0.01	0.00	3.9	7.9	155.7	138	0.03	11.92	6.63	252.00	27637.17	MANUFACTURERS AND TRADERS TRUST COMPANY	100.00	1.66	0.02	3.54	1.16	0.01	2.06	0.95	0.01	0.98	1.24	0.01	-1.11	1.86	0.02	-2.67	2.39	0.02	-4.81
AFS	614640	31412HSN0	Agency MBS ARM	G-2-Q	FANNIE MAE	0.00791736	6.04	8/1/2037	8486124	 67,188 	 4,847.15 	67816.14	69431.16	100.9354	103.3390928	1615.02	6/30/2026	Model2501	100	LMMSOFRFLAT	RFRSwap	5.60	6.28	0.57	-0.05	0.006	 4 	0.32	-0.03	0.04	0.11	0.11	-0.01	0.00	4.2	7.5	156.8	136	0.01	19.97	6.50	245.00	33593.85	MANUFACTURERS AND TRADERS TRUST COMPANY	100.00	1.56	0.02	2.52	0.83	0.01	1.27	0.57	0.01	0.58	0.76	0.01	-0.65	1.48	0.02	-1.77	2.13	0.02	-3.64
AFS	614521	31412RL88	Agency MBS 30yr	G-2-Q	FANNIE MAE	0.03448976	4	12/1/2040	25659891	 885,003 	 121,505.52 	885161.67	858159.52	100.0179	96.9667955	-27002.15	6/30/2026	Model2501	100	LMMSOFRFLAT	RFRSwap	4.67	3.97	4.14	-0.18	0.040	 356 	0.14	0.23	0.52	1.36	1.78	0.12	-0.01	5.2	7.4	57.6	36	0.03	17.08	4.39	188.00	183066.63	NA	NA	0.82	0.01	8.49	2.29	0.02	6.99	3.58	0.04	3.87	4.42	0.04	-4.08	4.65	0.04	-8.22	4.82	0.04	-12.35
AFS	613669	31412V4Z8	Agency MBS 30yr	G-2-Q	FANNIE MAE	0.02595845	6	7/1/2037	1987400	 51,590 	 3,306.80 	53643.02	53201.9	103.9798	103.1247874	-441.12	6/30/2026	Model2501	100	LMMSOFRFLAT	RFRSwap	5.10	4.87	3.41	-0.07	0.035	 18 	0.18	0.27	0.54	1.33	1.10	-0.02	-0.01	4.3	9.6	106.5	85	0.03	15.15	6.25	229.00	51589.82	NA	NA	1.95	0.02	8.93	2.49	0.03	6.49	3.09	0.03	3.45	3.52	0.04	-3.54	3.56	0.03	-7.03	3.56	0.03	-10.41
AFS	613629	31412YTR3	Agency MBS ARM	G-2-Q	FANNIE MAE	0.00034733	6.44	9/1/2037	50000972	 17,367 	 96,528.98 	18687.88	17855.87	107.6067	102.8158691	-832.02	6/30/2026	Model2501	100	LMMSOFRFLAT	RFRSwap	5.50	4.22	1.05	0.02	0.011	 2 	0.38	0.08	0.13	0.22	0.24	0.00	0.00	4.3	10.5	146.8	156	0.00	32.92	7.00	226.00	23023.56	JPMORGAN CHASE BANK, NATIONAL ASSOCIATIO	100.00	1.89	0.02	4.20	1.43	0.02	2.44	1.13	0.01	1.12	1.14	0.01	-1.10	1.41	0.01	-2.40	1.73	0.02	-3.97
AFS	613703	31413BBM2	Agency MBS 30yr	G-2-Q	FANNIE MAE	0.03738837	6	6/1/2037	1898133	 70,968 	 4,826.16 	77810.3	72870.47	109.6412	102.6805977	-4939.83	6/30/2026	Model2501	100	LMMSOFRFLAT	RFRSwap	5.25	3.54	3.55	-0.07	0.037	 26 	0.18	0.26	0.52	1.37	1.24	-0.01	-0.01	4.5	8.4	120.8	100	0.04	13.51	6.25	229.00	108356.47	NA	NA	2.79	0.03	10.14	2.94	0.03	6.97	3.29	0.04	3.60	3.69	0.04	-3.68	3.75	0.04	-7.32	3.78	0.03	-10.86
AFS	613677	31413DUG0	Agency MBS 30yr	G-2-Q	FANNIE MAE	0.08996994	6	8/1/2037	1301285	 117,077 	 10,598.14 	125078.85	121265.51	106.8351	103.5779792	-3813.35	6/30/2026	Model2501	100	LMMSOFRFLAT	RFRSwap	4.89	3.97	3.16	-0.06	0.033	 39 	0.19	0.29	0.57	1.42	0.72	-0.03	-0.01	3.9	8.7	87.7	67	0.09	9.51	6.38	228.00	58538.27	NA	NA	2.13	0.02	8.71	2.48	0.03	6.17	2.91	0.03	3.23	3.26	0.03	-3.30	3.29	0.03	-6.55	3.29	0.03	-9.70
AFS	614683	31413JW26	Agency MBS ARM	G-2-Q	FANNIE MAE	0.01407964	5.835	10/1/2037	17351299	 244,300 	 13,294.20 	249403.24	246955.44	102.0889	101.0869412	-2447.79	6/30/2026	Model2501	100	LMMSOFRFLAT	RFRSwap	5.33	5.00	0.19	0.00	0.002	 5 	-0.34	0.12	0.17	0.15	0.11	-0.03	-0.01	3.5	16.1	129.7	136	0.01	18.97	7.70	225.00	136863.30	#SPILL!	#SPILL!	1.15	0.01	1.51	0.61	0.01	0.47	0.21	0.00	0.20	0.19	0.00	-0.19	0.60	0.01	-0.45	1.26	0.01	-1.53
AFS	613422	31413QXX1	Agency MBS 30yr	G-2-Q	FANNIE MAE	0.04871308	6	8/1/2037	2628069	 128,021 	 8,247.33 	128757.75	132794.11	100.5752	103.7281105	4036.36	6/30/2026	Model2501	100	LMMSOFRFLAT	RFRSwap	4.91	5.79	3.32	-0.07	0.035	 44 	0.19	0.28	0.55	1.35	0.99	-0.02	-0.01	4.2	9.8	88.2	67	0.05	12.35	6.50	233.00	64010.67	NA	NA	2.27	0.03	9.19	2.61	0.03	6.48	3.04	0.03	3.39	3.44	0.03	-3.47	3.49	0.03	-6.91	3.49	0.03	-10.25
AFS	613890	31413X7L1	Agency MBS 30yr	G-2-Q	FANNIE MAE	0.04283971	6	11/1/2037	1898284	 81,322 	 5,441.68 	89439	83940.75	109.9814	103.2203	-5498.25	6/30/2026	Model2501	100	LMMSOFRFLAT	RFRSwap	5.09	3.40	3.41	-0.14	0.035	 29 	0.19	0.27	0.54	1.31	1.14	-0.02	-0.01	4.4	9.3	103.7	84	0.04	13.32	6.38	224.00	81321.94	NA	NA	2.20	0.02	9.02	2.51	0.03	6.43	3.04	0.03	3.42	3.58	0.04	-3.57	3.65	0.04	-7.14	3.67	0.03	-10.61
AFS	614136	31414FY47	Agency MBS 30yr	G-2-Q	FANNIE MAE	0.08414331	6	9/1/2038	1023317	 86,105 	 4,894.16 	92715.54	88698.54	107.6769	103.011736	-4017	6/30/2026	Model2501	100	LMMSOFRFLAT	RFRSwap	5.21	4.10	3.60	-0.19	0.037	 32 	0.18	0.27	0.53	1.27	1.36	0.01	-0.01	4.7	8.9	112.5	93	0.08	10.78	6.50	214.00	86105.28	NA	NA	2.13	0.02	9.21	2.52	0.03	6.66	3.15	0.03	3.58	3.82	0.04	-3.78	3.90	0.04	-7.57	3.92	0.04	-11.24
AFS	614636	31414JAU7	Agency MBS 30yr	G-2-Q	FANNIE MAE	0.04379459	6	12/1/2037	2267784	 99,317 	 7,817.73 	100146.45	102572.72	100.8355	103.2784486	2426.26	6/30/2026	Model2501	100	LMMSOFRFLAT	RFRSwap	5.04	5.72	3.38	-0.03	0.035	 35 	0.18	0.27	0.55	1.39	1.02	-0.02	-0.01	4.2	9.1	102.0	80	0.04	13.16	6.63	223.00	49658.34	NA	NA	2.44	0.03	9.61	2.78	0.03	6.70	3.16	0.03	3.46	3.47	0.03	-3.50	3.50	0.03	-6.94	3.49	0.03	-10.27
AFS	612406	31414SEQ2	Agency MBS 30yr	G-2-Q	FANNIE MAE	0.04213485	5.5	4/1/2038	2026038	 85,367 	 7,450.52 	92213.29	87056.63	108.0201	101.9794904	-5156.66	6/30/2026	Model2501	100	LMMSOFRFLAT	RFRSwap	4.90	3.31	3.42	-0.01	0.035	 30 	0.18	0.26	0.54	1.44	1.01	-0.02	-0.01	4.2	8.5	88.7	66	0.04	13.56	5.88	220.00	85366.80	NA	NA	2.50	0.03	9.67	2.83	0.03	6.74	3.22	0.03	3.47	3.51	0.03	-3.49	3.53	0.03	-6.92	3.56	0.03	-10.24
AFS	613783	31416MX41	Agency MBS 20yr	G-2-Q	FANNIE MAE	0.00566306	4.5	3/1/2029	1020000	 5,776 	 4,591.49 	5865.87	5761.63	101.5503	99.7456509	-104.25	6/30/2026	Model2501	100	LMMSOFRFLAT	RFRSwap	4.50	2.81	1.05	0.02	0.011	 1 	0.49	0.49	0.08	0.00	0.00	0.00	0.00	1.1	18.4	47.9	44	0.01	18.71	4.88	208.00	26999.71	NA	NA	1.07	0.01	3.24	1.06	0.01	2.14	1.06	0.01	1.06	1.05	0.01	-1.05	1.04	0.01	-2.07	1.05	0.01	-3.09
AFS	614207	31416QZE8	Agency MBS 30yr	G-2-Q	FANNIE MAE	0.08702077	4.5	6/1/2039	1437196	 125,066 	 7,093.49 	128913.17	122545.77	103.0762	97.9849597	-6367.39	6/30/2026	Model2501	100	LMMSOFRFLAT	RFRSwap	4.94	3.80	4.31	0.11	0.042	 53 	0.13	0.21	0.47	1.45	1.93	0.12	0.00	5.3	6.8	89.4	64	0.09	10.85	4.88	206.00	125065.91	NA	NA	2.93	0.03	12.00	3.69	0.04	8.41	4.15	0.04	4.26	4.37	0.04	-4.18	4.49	0.04	-8.25	4.59	0.04	-12.25
AFS	613242	31416SRM5	Agency MBS 30yr	G-2-Q	FANNIE MAE	0.06198861	4.5	6/1/2039	2409480	 149,360 	 8,675.72 	159057.94	147706.4	106.4928	98.8926646	-11351.54	6/30/2026	Model2501	100	LMMSOFRFLAT	RFRSwap	4.73	3.08	4.04	-0.17	0.040	 60 	0.14	0.24	0.52	1.37	1.71	0.07	-0.01	5.1	7.2	64.7	43	0.06	12.66	4.88	206.00	149360.31	NA	NA	1.35	0.01	8.65	2.22	0.02	6.91	3.48	0.04	3.85	4.27	0.04	-4.05	4.42	0.04	-8.10	4.55	0.04	-12.10
AFS	614009	31416XY20	Agency MBS 30yr	G-2-Q	FANNIE MAE	0.03064596	4	3/1/2041	44626076	 1,367,609 	 358,435.01 	1372872.52	1325491.05	100.3849	96.9203268	-47381.47	6/30/2026	Model2501	100	LMMSOFRFLAT	RFRSwap	4.68	3.89	4.16	-0.16	0.040	 553 	0.14	0.22	0.51	1.36	1.81	0.13	-0.01	5.2	7.4	58.5	37	0.03	18.05	4.42	185.00	164881.31	NA	NA	0.97	0.01	8.74	2.38	0.02	7.09	3.63	0.04	3.91	4.42	0.04	-4.10	4.64	0.04	-8.23	4.81	0.04	-12.34
AFS	614819	31416XY53	Agency MBS 30yr	G-2-Q	FANNIE MAE	0.0525491	4	11/1/2040	17146967	 901,058 	 67,023.10 	901893.14	874569.8	100.0927	97.0603566	-27323.34	6/30/2026	Model2501	100	LMMSOFRFLAT	RFRSwap	4.66	3.95	4.12	-0.06	0.040	 361 	0.14	0.22	0.51	1.41	1.76	0.08	-0.01	5.1	7.2	60.3	37	0.05	14.94	4.38	188.00	170924.25	NA	NA	1.30	0.01	9.46	2.75	0.03	7.36	3.74	0.04	3.94	4.30	0.04	-4.02	4.48	0.04	-8.03	4.63	0.04	-12.02
AFS	613790	31416XYZ7	Agency MBS 30yr	G-2-Q	FANNIE MAE	0.03932006	4	3/1/2041	24879943	 978,281 	 130,295.76 	978280.85	948152.63	100	96.9202888	-30128.23	6/30/2026	Model2501	100	LMMSOFRFLAT	RFRSwap	4.68	3.97	4.18	-0.13	0.041	 398 	0.14	0.22	0.51	1.37	1.82	0.13	-0.01	5.2	7.4	59.1	37	0.04	16.69	4.46	185.00	147109.55	NA	NA	1.12	0.01	9.08	2.54	0.03	7.24	3.69	0.04	3.95	4.42	0.04	-4.10	4.63	0.04	-8.22	4.80	0.04	-12.33
AFS	613313	31416Y3M8	Agency MBS 30yr	G-2-Q	FANNIE MAE	0.08199594	3.5	9/1/2041	25035419	 2,052,803 	 156,184.11 	2057632.74	1922154.19	100.2353	93.6356023	-135478.55	6/30/2026	Model2501	100	LMMSOFRFLAT	RFRSwap	4.86	3.43	4.61	0.02	0.043	 889 	0.12	0.19	0.46	1.43	2.19	0.22	0.00	5.6	6.3	78.7	54	0.08	13.06	4.09	179.00	147923.75	NA	NA	2.23	0.02	11.39	3.59	0.04	8.34	4.32	0.04	4.31	4.79	0.04	-4.31	4.97	0.04	-8.58	5.08	0.04	-12.78
PUB_HTM	614597	31417A6V6	Agency MBS 15yr	G-2-Q	FANNIE MAE	0.00343153	3	2/1/2027	75208756	 258,081 	 695,893.74 	258150.58	256578.92	100.0269	99.4179436	-1571.66	6/30/2026	Model2501	100	LMMSOFRFLAT	RFRSwap	4.32	2.25	0.30	0.00	0.003	 8 	0.30	0.00	0.00	0.00	0.00	0.00	0.00	0.3	28.1	40.4	40	0.00	16.86	3.40	174.00	13039.59	NA	NA	0.30	0.00	0.90	0.30	0.00	0.60	0.30	0.00	0.30	0.30	0.00	-0.30	0.30	0.00	-0.59	0.30	0.00	-0.89
PUB_HTM	614805	31417AJD2	Agency MBS 15yr	G-2-Q	FANNIE MAE	0.00205026	3	11/1/2026	41573745	 85,237 	 428,297.91 	85236.99	84890.55	100	99.5935639	-346.43	6/30/2026	Model2501	100	LMMSOFRFLAT	RFRSwap	4.15	1.93	0.18	0.00	0.002	 2 	0.18	0.00	0.00	0.00	0.00	0.00	0.00	0.2	43.8	30.1	31	0.00	16.36	3.40	177.00	NA	NA	NA	0.19	0.00	0.56	0.19	0.00	0.37	0.19	0.00	0.19	0.18	0.00	-0.18	0.18	0.00	-0.37	0.18	0.00	-0.55
PUB_HTM	613194	31417AJE0	Agency MBS 15yr	G-2-Q	FANNIE MAE	0.00192809	3	11/1/2026	44588147	 85,970 	 458,435.10 	85969.96	85620.55	100	99.5935622	-349.42	6/30/2026	Model2501	100	LMMSOFRFLAT	RFRSwap	4.16	1.92	0.18	0.00	0.002	 2 	0.18	0.00	0.00	0.00	0.00	0.00	0.00	0.2	43.8	30.5	31	0.00	16.71	3.40	177.00	NA	NA	NA	0.19	0.00	0.55	0.18	0.00	0.37	0.18	0.00	0.18	0.18	0.00	-0.18	0.18	0.00	-0.37	0.18	0.00	-0.55
AFS	614138	31417ALQ0	Agency MBS 30yr	G-2-Q	FANNIE MAE	0.05043842	3.5	11/1/2041	25044527	 1,263,206 	 130,152.35 	1268521.56	1181760.49	100.4208	93.5524481	-86761.07	6/30/2026	Model2501	100	LMMSOFRFLAT	RFRSwap	4.91	3.39	4.51	-0.06	0.042	 534 	0.12	0.20	0.47	1.41	2.07	0.24	0.00	5.5	7.1	81.7	59	0.05	16.06	4.02	177.00	152148.75	NA	NA	1.68	0.02	10.47	3.25	0.03	7.93	4.13	0.04	4.17	4.75	0.04	-4.25	5.00	0.04	-8.51	5.14	0.04	-12.74
HTM	614634	31417EVR9	Agency MBS 15yr	G-2-Q	FANNIE MAE	0.02249354	2.5	2/1/2028	196000000	 4,408,734 	 4,540,958.14 	4399614.53	4346220.67	99.7932	98.5820606	-53393.86	6/30/2026	Model2501	100	LMMSOFRFLAT	RFRSwap	4.33	2.57	0.70	0.00	0.007	 306 	0.59	0.10	0.00	0.01	0.00	0.00	0.00	0.7	17.6	31.9	35	0.02	12.10	2.86	162.00	30590.02	NA	NA	0.69	0.01	2.08	0.69	0.01	1.39	0.70	0.01	0.69	0.71	0.01	-0.69	0.71	0.01	-1.39	0.71	0.01	-2.08
AFS	614440	31417EVR9	Agency MBS 15yr	G-2-Q	FANNIE MAE	0.02249354	2.5	2/1/2028	52597186	 1,183,097 	 1,217,647.70 	1180059.32	1166321.31	99.7433	98.5820606	-13738.01	6/30/2026	Model2501	100	LMMSOFRFLAT	RFRSwap	4.33	2.64	0.70	0.00	0.007	 82 	0.59	0.10	0.00	0.01	0.00	0.00	0.00	0.7	17.6	31.9	35	0.02	12.10	2.86	162.00	30590.02	NA	NA	0.69	0.01	2.08	0.69	0.01	1.39	0.70	0.01	0.69	0.71	0.01	-0.69	0.71	0.01	-1.39	0.71	0.01	-2.08
AFS	613632	31417F2E7	Agency MBS 15yr	G-2-Q	FANNIE MAE	0.02980472	2.5	4/1/2028	102260441	 3,047,844 	 2,787,635.22 	3058069.85	3002637.16	100.3355	98.5167663	-55432.68	6/30/2026	Model2501	100	LMMSOFRFLAT	RFRSwap	4.33	1.83	0.74	0.00	0.007	 222 	0.60	0.13	0.00	0.01	0.00	0.00	0.00	0.8	16.8	31.5	35	0.03	11.03	2.86	160.00	33558.98	NA	NA	0.72	0.01	2.19	0.73	0.01	1.46	0.73	0.01	0.73	0.75	0.01	-0.73	0.75	0.01	-1.46	0.74	0.01	-2.19
AFS	614018	31417F2W7	Agency MBS 30yr	G-2-Q	FANNIE MAE	0.43915504	3	3/1/2043	1100845	 483,442 	 21,167.36 	494683.06	434847.17	102.3253	89.9482268	-59835.88	6/30/2026	Model2501	100	LMMSOFRFLAT	RFRSwap	4.95	2.57	5.37	0.05	0.048	 234 	0.10	0.15	0.38	1.37	2.68	0.69	0.02	6.5	6.5	81.7	58	0.44	3.29	3.61	160.00	120860.41	NA	NA	3.19	0.03	13.52	4.47	0.04	9.55	5.08	0.05	4.85	5.63	0.05	-4.83	5.88	0.05	-9.61	5.95	0.05	-14.25
AFS	614145	31417FP93	Agency MBS 15yr	G-2-Q	FANNIE MAE	0.02470992	2.5	3/1/2028	50361556	 1,244,430 	 1,120,877.13 	1248432.18	1226785.98	100.3216	98.5821586	-21646.21	6/30/2026	Model2501	100	LMMSOFRFLAT	RFRSwap	4.37	1.80	0.69	0.00	0.007	 85 	0.58	0.09	0.00	0.01	0.00	0.00	0.00	0.7	21.9	36.1	39	0.02	11.59	2.87	161.00	13651.86	NA	NA	0.67	0.01	2.03	0.68	0.01	1.36	0.68	0.01	0.68	0.70	0.01	-0.68	0.71	0.01	-1.37	0.70	0.01	-2.06
PUB_HTM	614372	31417FX86	Agency MBS 15yr	G-2-Q	FANNIE MAE	0.02055396	3	3/1/2028	33206919	 682,534 	 534,303.75 	684147.18	674639.76	100.2364	98.8434383	-9507.41	6/30/2026	Model2501	100	LMMSOFRFLAT	RFRSwap	4.35	2.42	0.73	0.00	0.007	 49 	0.59	0.13	0.00	0.01	0.00	0.00	0.00	0.7	18.0	33.2	36	0.02	13.35	3.52	161.00	32039.67	NA	NA	0.72	0.01	2.18	0.72	0.01	1.45	0.73	0.01	0.72	0.74	0.01	-0.72	0.75	0.01	-1.45	0.74	0.01	-2.18
AFS	613189	31417G2M7	Agency MBS 15yr	G-2-Q	FANNIE MAE	0.03366058	2.5	7/1/2028	27789656	 935,416 	 733,168.94 	935415.94	919728.18	100	98.3229105	-15687.77	6/30/2026	Model2501	100	LMMSOFRFLAT	RFRSwap	4.34	2.31	0.84	0.00	0.008	 78 	0.58	0.25	0.00	0.01	0.00	0.00	0.00	0.9	16.4	32.3	34	0.03	11.28	2.87	157.00	38370.35	NA	NA	0.82	0.01	2.49	0.83	0.01	1.66	0.83	0.01	0.83	0.85	0.01	-0.83	0.86	0.01	-1.67	0.85	0.01	-2.49
AFS	613017	31417GD60	Agency MBS 15yr	G-2-Q	FANNIE MAE	0.04720754	2.5	4/1/2028	6372600	 300,835 	 260,049.36 	300834.77	296372.88	100	98.5168295	-4461.9	6/30/2026	Model2501	100	LMMSOFRFLAT	RFRSwap	4.32	2.29	0.74	0.00	0.007	 22 	0.60	0.13	0.00	0.01	0.00	0.00	0.00	0.8	15.6	30.2	33	0.05	7.87	2.83	160.00	32444.10	NA	NA	0.73	0.01	2.21	0.74	0.01	1.47	0.74	0.01	0.73	0.75	0.01	-0.73	0.75	0.01	-1.47	0.75	0.01	-2.20
AFS	614411	31417GFM3	Agency MBS 15yr	G-2-Q	FANNIE MAE	0.02410733	2.5	4/1/2028	16141635	 389,132 	 365,112.65 	389131.72	383106.5	100	98.4516233	-6025.23	6/30/2026	Model2501	100	LMMSOFRFLAT	RFRSwap	4.34	2.30	0.77	0.00	0.008	 30 	0.59	0.17	0.00	0.01	0.00	0.00	0.00	0.8	17.2	32.0	35	0.02	12.83	2.92	159.00	37047.67	NA	NA	0.76	0.01	2.29	0.76	0.01	1.52	0.77	0.01	0.76	0.78	0.01	-0.76	0.79	0.01	-1.53	0.78	0.01	-2.29
AFS	614358	31417GFN1	Agency MBS 15yr	G-2-Q	FANNIE MAE	0.02719632	2.5	4/1/2028	32927527	 895,508 	 787,431.19 	895507.56	881643.66	100	98.4518393	-13863.9	6/30/2026	Model2501	100	LMMSOFRFLAT	RFRSwap	4.33	2.30	0.77	0.00	0.008	 68 	0.59	0.17	0.00	0.01	0.00	0.00	0.00	0.8	16.8	31.6	35	0.03	12.04	2.91	159.00	35474.87	NA	NA	0.76	0.01	2.29	0.76	0.01	1.53	0.77	0.01	0.76	0.78	0.01	-0.76	0.79	0.01	-1.53	0.78	0.01	-2.29
AFS	612643	31417GLG9	Agency MBS 15yr	G-2-Q	FANNIE MAE	0.02604145	2.5	5/1/2028	122055838	 3,178,511 	 3,027,362.78 	3190277.6	3129299.52	100.3702	98.4517441	-60978.07	6/30/2026	Model2501	100	LMMSOFRFLAT	RFRSwap	4.38	1.80	0.76	0.00	0.007	 238 	0.59	0.16	0.00	0.01	0.00	0.00	0.00	0.8	21.1	36.7	40	0.03	12.03	2.88	159.00	14724.62	NA	NA	0.73	0.01	2.23	0.74	0.01	1.49	0.75	0.01	0.74	0.77	0.01	-0.75	0.78	0.01	-1.51	0.77	0.01	-2.26
AFS	613982	31417GR24	Agency MBS 15yr	G-2-Q	FANNIE MAE	0.03171916	2.5	5/1/2028	64962503	 2,060,556 	 1,594,398.31 	2060556.03	2027325.57	100	98.3873063	-33230.45	6/30/2026	Model2501	100	LMMSOFRFLAT	RFRSwap	4.37	2.30	0.80	0.00	0.008	 162 	0.58	0.20	0.00	0.01	0.00	0.00	0.00	0.8	19.1	34.9	38	0.03	11.08	2.90	158.00	21350.92	NA	NA	0.77	0.01	2.35	0.78	0.01	1.57	0.79	0.01	0.78	0.81	0.01	-0.79	0.82	0.01	-1.58	0.81	0.01	-2.37
AFS	614490	31417GWH5	Agency MBS 15yr	G-2-Q	FANNIE MAE	0.03087913	2.5	6/1/2028	45554761	 1,406,691 	 1,191,840.59 	1402506.37	1384002.73	99.7025	98.3870908	-18503.64	6/30/2026	Model2501	100	LMMSOFRFLAT	RFRSwap	4.39	2.68	0.79	0.00	0.008	 110 	0.58	0.19	0.00	0.01	0.00	0.00	0.00	0.8	20.3	36.5	39	0.03	11.26	2.90	158.00	15130.96	NA	NA	0.77	0.01	2.33	0.77	0.01	1.56	0.78	0.01	0.78	0.81	0.01	-0.79	0.82	0.01	-1.58	0.81	0.01	-2.37
AFS	612525	31417GY34	Agency MBS 15yr	G-2-Q	FANNIE MAE	0.03197179	2.5	6/1/2028	66759809	 2,134,431 	 1,686,814.09 	2134430.59	2100009.04	100	98.3873193	-34421.55	6/30/2026	Model2501	100	LMMSOFRFLAT	RFRSwap	4.34	2.31	0.81	0.00	0.008	 170 	0.59	0.21	0.00	0.01	0.00	0.00	0.00	0.8	16.8	32.2	35	0.03	11.28	2.87	158.00	35366.43	NA	NA	0.79	0.01	2.39	0.80	0.01	1.59	0.80	0.01	0.79	0.82	0.01	-0.80	0.82	0.01	-1.59	0.81	0.01	-2.39
AFS	613599	31417S5N6	Agency MBS 30yr	G-2-Q	FANNIE MAE	0.2334676	4.5	11/1/2039	2895290	 675,956 	 43,616.86 	682150.13	668471.3	100.9163	98.8926643	-13678.83	6/30/2026	Model2501	100	LMMSOFRFLAT	RFRSwap	4.72	4.27	4.32	0.02	0.043	 290 	0.13	0.21	0.48	1.43	1.95	0.12	-0.01	5.3	6.7	67.2	42	0.23	5.76	4.88	200.00	99371.87	NA	NA	2.41	0.03	11.34	3.35	0.04	8.22	4.05	0.04	4.26	4.44	0.04	-4.26	4.57	0.04	-8.44	4.67	0.04	-12.55
AFS	614610	31417TRK6	Agency MBS 30yr	G-2-Q	FANNIE MAE	0.31271643	4.5	12/1/2039	1973357	 617,101 	 40,017.21 	621679.64	610270.83	100.7419	98.8931591	-11408.81	6/30/2026	Model2501	100	LMMSOFRFLAT	RFRSwap	4.74	4.30	4.05	0.02	0.040	 248 	0.14	0.22	0.50	1.49	1.67	0.03	-0.01	5.0	6.4	70.2	45	0.31	4.26	5.34	199.00	123420.23	NA	NA	2.30	0.03	10.55	3.10	0.03	7.65	3.78	0.04	3.99	4.15	0.04	-3.99	4.23	0.04	-7.90	4.34	0.04	-11.73
AFS	613240	31417Y4B0	Agency MBS 30yr	G-2-Q	FANNIE MAE	0.04230035	4	8/1/2041	31737205	 1,342,495 	 160,914.05 	1341064.73	1295535.6	99.8935	96.5020891	-45529.12	6/30/2026	Model2501	100	LMMSOFRFLAT	RFRSwap	4.78	4.00	4.20	-0.09	0.041	 546 	0.14	0.21	0.48	1.31	1.87	0.20	-0.01	5.2	8.3	68.2	46	0.04	16.87	4.55	180.00	144728.98	NA	NA	1.37	0.01	9.53	2.76	0.03	7.41	3.78	0.04	3.98	4.42	0.04	-4.09	4.64	0.04	-8.20	4.84	0.04	-12.30
AFS	613165	31417YT64	Agency MBS 30yr	G-2-Q	FANNIE MAE	0.07215873	3.5	10/1/2040	25814118	 1,862,714 	 183,485.02 	1880957.43	1746103.37	100.9794	93.7397474	-134854.06	6/30/2026	Model2501	100	LMMSOFRFLAT	RFRSwap	4.92	3.26	4.34	-0.03	0.041	 760 	0.13	0.21	0.48	1.43	1.94	0.16	0.00	5.2	7.3	84.6	61	0.07	12.89	4.09	189.00	144408.59	NA	NA	1.75	0.02	10.27	3.20	0.03	7.71	4.02	0.04	4.04	4.54	0.04	-4.09	4.76	0.04	-8.17	4.91	0.04	-12.24
AFS	614835	31418A3W6	Agency MBS 15yr	G-2-Q	FANNIE MAE	0.04327111	2.5	12/1/2028	5115497	 221,353 	 135,019.76 	221353.23	217192.25	100	98.1202058	-4160.98	6/30/2026	Model2501	100	LMMSOFRFLAT	RFRSwap	4.36	2.34	0.95	0.00	0.009	 21 	0.53	0.39	0.01	0.01	0.00	0.00	0.00	1.0	15.2	33.7	34	0.04	11.01	3.00	153.00	30745.83	NA	NA	0.92	0.01	2.80	0.93	0.01	1.86	0.94	0.01	0.93	0.96	0.01	-0.93	0.97	0.01	-1.87	0.97	0.01	-2.80
PUB_HTM	613711	31418AGL6	Agency MBS 15yr	G-2-Q	FANNIE MAE	0.00687872	3	7/1/2027	48375000	 332,758 	 524,350.72 	333099.64	330223.05	100.1026	99.2381773	-2876.59	6/30/2026	Model2501	100	LMMSOFRFLAT	RFRSwap	4.29	2.34	0.45	0.00	0.004	 15 	0.44	0.00	0.00	0.00	0.00	0.00	0.00	0.5	23.4	33.7	33	0.01	15.89	3.48	169.00	16463.26	NA	NA	0.44	0.00	1.34	0.45	0.00	0.89	0.45	0.00	0.44	0.45	0.00	-0.44	0.45	0.00	-0.89	0.45	0.00	-1.33
PUB_HTM	614706	31418BJX5	Agency MBS 20yr	G-2-Q	FANNIE MAE	0.08889406	3.5	11/1/2034	6088000	 541,187 	 110,481.72 	545947.23	521109.76	100.8796	96.2901412	-24837.47	6/30/2026	Model2501	100	LMMSOFRFLAT	RFRSwap	4.78	3.14	2.83	0.05	0.027	 148 	0.20	0.31	0.64	1.37	0.30	0.00	0.00	3.1	10.2	79.6	60	0.09	14.01	4.27	141.00	83556.60	NA	NA	2.09	0.02	7.91	2.58	0.03	5.47	2.78	0.03	2.75	2.87	0.03	-2.71	2.97	0.03	-5.40	3.07	0.03	-8.13
PUB_HTM	613084	31418BL79	Agency MBS 15yr	G-2-Q	FANNIE MAE	0.05491587	3	1/1/2030	39283868	 2,157,308 	 981,574.94 	2166708.11	2111987.6	100.4357	97.8992249	-54720.51	6/30/2026	Model2501	100	LMMSOFRFLAT	RFRSwap	4.45	2.55	1.36	0.00	0.013	 288 	0.40	0.53	0.40	0.03	0.00	0.00	0.00	1.4	13.9	43.3	36	0.05	13.17	3.62	139.00	45803.42	NA	NA	1.28	0.01	4.00	1.33	0.01	2.67	1.34	0.01	1.33	1.38	0.01	-1.33	1.42	0.01	-2.68	1.43	0.01	-4.03
AFS	614623	31418BNL6	Agency MBS 15yr	G-2-Q	FANNIE MAE	0.06440773	2.5	2/1/2030	25490056	 1,641,757 	 820,987.68 	1647996.65	1592881.22	100.3801	97.0229797	-55115.43	6/30/2026	Model2501	100	LMMSOFRFLAT	RFRSwap	4.58	2.12	1.40	0.00	0.014	 224 	0.39	0.52	0.45	0.04	0.00	0.01	0.00	1.4	13.7	56.5	49	0.06	12.05	3.19	138.00	54062.17	NA	NA	1.33	0.01	4.09	1.37	0.01	2.73	1.38	0.01	1.36	1.44	0.01	-1.37	1.47	0.01	-2.76	1.47	0.01	-4.14
PUB_HTM	614688	31418BRZ1	Agency MBS 15yr	G-2-Q	FANNIE MAE	0.08139017	3	6/1/2030	29296311	 2,384,432 	 957,386.44 	2395922.77	2325669.27	100.4819	97.535578	-70253.51	6/30/2026	Model2501	100	LMMSOFRFLAT	RFRSwap	4.52	2.58	1.55	0.00	0.015	 360 	0.35	0.49	0.60	0.09	0.00	0.00	0.00	1.6	13.3	51.4	43	0.08	11.33	3.45	134.00	59133.16	NA	NA	1.41	0.01	4.50	1.49	0.02	3.02	1.52	0.02	1.51	1.58	0.02	-1.52	1.62	0.02	-3.05	1.64	0.02	-4.58
PUB_HTM	613010	31418BWJ1	Agency MBS 15yr	G-2-Q	FANNIE MAE	0.06758247	3	11/1/2030	26774966	 1,809,518 	 714,566.11 	1818682.96	1761960.11	100.5065	97.3717744	-56722.84	6/30/2026	Model2501	100	LMMSOFRFLAT	RFRSwap	4.54	2.59	1.64	0.00	0.016	 289 	0.34	0.47	0.67	0.15	0.00	0.01	0.00	1.7	12.8	53.5	44	0.07	14.08	3.57	129.00	51457.51	NA	NA	1.50	0.02	4.78	1.58	0.02	3.20	1.62	0.02	1.60	1.67	0.02	-1.60	1.72	0.02	-3.22	1.74	0.02	-4.84
PUB_HTM	614486	31418BX27	Agency MBS 20yr	G-2-Q	FANNIE MAE	0.11331345	3	1/1/2036	11000000	 1,246,448 	 238,156.83 	1245109.94	1178348.81	99.8927	94.5365438	-66761.13	6/30/2026	Model2501	100	LMMSOFRFLAT	RFRSwap	4.71	2.99	3.22	0.03	0.031	 381 	0.18	0.27	0.60	1.57	0.60	0.01	0.00	3.6	9.2	71.4	51	0.11	14.20	3.77	127.00	112929.48	NA	NA	2.22	0.02	8.74	2.89	0.03	6.09	3.14	0.03	3.07	3.34	0.03	-3.05	3.50	0.03	-6.13	3.53	0.03	-9.21
PUB_HTM	614832	31418BXA9	Agency MBS 20yr	G-2-Q	FANNIE MAE	0.10910792	3	12/1/2035	11747499	 1,281,745 	 221,861.09 	1280376.12	1212214.22	99.8932	94.5752899	-68161.9	6/30/2026	Model2501	100	LMMSOFRFLAT	RFRSwap	4.72	2.99	3.18	0.03	0.030	 386 	0.18	0.27	0.61	1.54	0.57	0.01	0.00	3.5	9.4	72.5	52	0.11	14.35	3.81	128.00	108576.19	NA	NA	2.20	0.02	8.63	2.85	0.03	6.01	3.09	0.03	3.03	3.28	0.03	-3.01	3.45	0.03	-6.05	3.50	0.03	-9.09
PUB_HTM	613022	31418BYV2	Agency MBS 20yr	G-2-Q	FANNIE MAE	0.11777368	3	2/1/2036	10000000	 1,177,737 	 190,051.13 	1176472.41	1112916.29	99.8926	94.4961802	-63556.12	6/30/2026	Model2501	100	LMMSOFRFLAT	RFRSwap	4.72	2.99	3.24	0.03	0.031	 361 	0.18	0.27	0.60	1.57	0.62	0.01	0.00	3.6	9.3	71.9	51	0.12	14.05	3.77	126.00	110816.68	NA	NA	2.22	0.02	8.77	2.90	0.03	6.11	3.15	0.03	3.08	3.35	0.03	-3.07	3.52	0.03	-6.17	3.56	0.03	-9.26
PUB_HTM	614514	31418BYW0	Agency MBS 15yr	G-2-Q	FANNIE MAE	0.08117214	3	2/1/2031	77099374	 6,258,321 	 1,924,584.79 	6290986.36	6089133.17	100.5219	97.2965912	-201853.18	6/30/2026	Model2501	100	LMMSOFRFLAT	RFRSwap	4.51	2.60	1.73	0.00	0.017	 1,056 	0.32	0.45	0.72	0.22	0.00	0.01	0.00	1.8	12.5	50.5	40	0.08	13.31	3.55	126.00	57657.79	NA	NA	1.55	0.02	5.02	1.66	0.02	3.38	1.70	0.02	1.69	1.77	0.02	-1.69	1.82	0.02	-3.40	1.84	0.02	-5.11
PUB_HTM	612388	31418BZQ2	Agency MBS 20yr	G-2-Q	FANNIE MAE	0.10891051	3	3/1/2036	11000000	 1,198,016 	 194,651.32 	1196733.23	1122407.83	99.893	93.6889157	-74325.4	6/30/2026	Model2501	100	LMMSOFRFLAT	RFRSwap	4.99	2.99	3.24	0.03	0.030	 364 	0.18	0.27	0.60	1.57	0.62	0.01	0.00	3.6	9.3	98.4	78	0.11	14.83	3.82	126.00	107772.05	NA	NA	2.31	0.02	8.78	2.93	0.03	6.07	3.15	0.03	3.05	3.35	0.03	-3.04	3.53	0.03	-6.11	3.57	0.03	-9.19
PUB_AFS	613295	31418C2U7	Agency MBS 10yr	G-2-Q	FANNIE MAE	0.02938749	3.5	10/1/2028	20000000	 587,750 	 542,861.76 	591958.64	582389.34	100.7161	99.0879695	-9569.3	6/30/2026	Model2501	100	LMMSOFRFLAT	RFRSwap	4.33	2.42	0.85	0.00	0.008	 50 	0.55	0.30	0.00	0.00	0.00	0.00	0.00	0.9	23.8	31.2	32	0.03	24.01	4.08	94.00	30476.64	NA	NA	0.81	0.01	2.53	0.83	0.01	1.69	0.85	0.01	0.85	0.86	0.01	-0.84	0.87	0.01	-1.69	0.88	0.01	-2.54
AFS	614562	31418CAQ7	Agency MBS 15yr	G-2-Q	FANNIE MAE	0.11103392	2	8/1/2031	100000000	 11,103,392 	 3,472,339.64 	11154349.26	10558979.72	100.4589	95.0968832	-595369.53	6/30/2026	Model2501	100	LMMSOFRFLAT	RFRSwap	4.57	1.70	1.98	-0.01	0.019	 2,091 	0.29	0.42	0.79	0.46	0.01	0.01	0.00	2.0	11.5	56.7	46	0.11	11.85	2.85	120.00	88258.91	NA	NA	1.75	0.02	5.57	1.88	0.02	3.75	1.93	0.02	1.88	2.04	0.02	-1.89	2.10	0.02	-3.81	2.09	0.02	-5.71
PUB_HTM	613651	31418CBM5	Agency MBS Other	G-2-Q	FANNIE MAE	0.10557506	3	9/1/2046	8951739	 945,080 	 91,594.32 	922036.05	831762.26	97.5617	88.0096847	-90273.78	6/30/2026	Model2501	100	LMMSOFRFLAT	RFRSwap	5.16	3.39	5.95	-0.17	0.052	 496 	0.08	0.13	0.37	1.29	2.83	1.22	0.04	7.2	6.5	92.5	76	0.11	18.46	3.77	119.00	394301.53	NA	NA	2.35	0.02	13.20	4.30	0.04	9.83	5.35	0.05	5.15	6.44	0.05	-5.31	6.80	0.05	-10.64	6.84	0.05	-15.77
PUB_HTM	614283	31418CCP7	Agency MBS Other	G-2-Q	FANNIE MAE	0.09738557	3	10/1/2046	10500000	 1,022,548 	 90,685.77 	997708.5	899941.77	97.5708	88.0096918	-97766.73	6/30/2026	Model2501	100	LMMSOFRFLAT	RFRSwap	5.14	3.39	5.98	-0.17	0.053	 540 	0.08	0.13	0.36	1.29	2.84	1.25	0.04	7.2	6.4	91.0	74	0.10	19.27	3.71	119.00	398331.84	NA	NA	2.34	0.02	13.27	4.32	0.04	9.89	5.39	0.05	5.18	6.47	0.05	-5.34	6.79	0.05	-10.67	6.82	0.05	-15.79
PUB_HTM	614607	31418CDR2	Agency MBS Other	G-2-Q	FANNIE MAE	0.09662847	3	11/1/2046	15000000	 1,449,427 	 88,905.78 	1419995.38	1275636.85	97.9694	88.0097312	-144358.53	6/30/2026	Model2501	100	LMMSOFRFLAT	RFRSwap	5.13	3.32	6.01	-0.18	0.053	 768 	0.08	0.13	0.36	1.29	2.85	1.27	0.04	7.3	6.4	90.2	73	0.10	19.50	3.64	118.00	394151.28	NA	NA	2.30	0.02	13.29	4.32	0.04	9.92	5.40	0.05	5.20	6.50	0.05	-5.36	6.82	0.05	-10.72	6.85	0.05	-15.86
PUB_AFS	613206	31418CEB6	Agency MBS 10yr	G-2-Q	FANNIE MAE	0.00601896	2.5	12/1/2026	11420000	 68,737 	 301,578.37 	68575.25	68382.88	99.7654	99.4855136	-192.36	6/30/2026	Model2501	100	LMMSOFRFLAT	RFRSwap	4.10	2.82	0.22	0.00	0.002	 2 	0.22	0.00	0.00	0.00	0.00	0.00	0.00	0.2	37.5	22.4	23	0.01	17.59	2.86	116.00	NA	NA	NA	0.22	0.00	0.67	0.22	0.00	0.45	0.22	0.00	0.22	0.22	0.00	-0.22	0.22	0.00	-0.44	0.22	0.00	-0.66
HTM	612161	31418CET7	Agency MBS 15yr	G-2-Q	FANNIE MAE	0.14198601	2	12/1/2031	25378940	 3,603,454 	 1,064,179.32 	3567672.24	3419315.19	99.007	94.8899246	-148357.05	6/30/2026	Model2501	100	LMMSOFRFLAT	RFRSwap	4.54	2.43	2.09	-0.01	0.020	 717 	0.27	0.41	0.80	0.59	0.01	0.01	0.00	2.1	10.5	53.9	42	0.14	10.30	2.59	117.00	97813.91	NA	NA	1.83	0.02	5.88	1.98	0.02	3.96	2.04	0.02	1.98	2.17	0.02	-2.00	2.21	0.02	-4.02	2.19	0.02	-6.00
HTM	614558	31418CFD1	Agency MBS 30yr	G-2-Q	FANNIE MAE	0.20292301	3	1/1/2047	25000000	 5,073,075 	 492,962.17 	5073649.14	4528662.04	100.0113	89.2685761	-544987.11	6/30/2026	Model2501	100	LMMSOFRFLAT	RFRSwap	4.98	2.98	5.78	-0.14	0.052	 2,623 	0.09	0.14	0.37	1.30	2.72	1.14	0.03	7.0	7.1	76.4	58	0.20	13.29	3.53	115.00	204188.19	NA	NA	2.63	0.03	13.42	4.36	0.04	9.80	5.25	0.05	5.08	6.23	0.05	-5.22	6.63	0.05	-10.48	6.69	0.05	-15.59
PUB_HTM	613020	31418CFL3	Agency MBS Other	G-2-Q	FANNIE MAE	0.12709303	3	1/1/2047	15000000	 1,906,395 	 159,082.64 	1860034.1	1677811.23	97.5681	88.0096116	-182222.87	6/30/2026	Model2501	100	LMMSOFRFLAT	RFRSwap	5.12	3.38	6.03	-0.17	0.053	 1,015 	0.08	0.13	0.36	1.28	2.86	1.30	0.04	7.3	6.3	88.9	72	0.13	17.49	3.62	116.00	396522.88	NA	NA	2.34	0.02	13.41	4.37	0.04	9.98	5.43	0.05	5.22	6.52	0.05	-5.38	6.84	0.05	-10.76	6.86	0.05	-15.90
PUB_HTM	613429	31418CGJ7	Agency MBS Other	G-2-Q	FANNIE MAE	0.17954964	3	1/1/2047	15000000	 2,693,245 	 231,459.53 	2629609.55	2370315.43	97.6372	88.0096604	-259294.12	6/30/2026	Model2501	100	LMMSOFRFLAT	RFRSwap	5.10	3.37	6.08	-0.16	0.054	 1,446 	0.08	0.13	0.36	1.28	2.89	1.33	0.04	7.4	6.1	86.6	69	0.18	14.56	3.61	115.00	405364.91	NA	NA	2.34	0.02	13.50	4.39	0.04	10.06	5.48	0.05	5.27	6.56	0.05	-5.42	6.86	0.05	-10.81	6.87	0.05	-15.97
PUB_AFS	613142	31418CK45	Agency MBS 10yr	G-2-Q	FANNIE MAE	0.01296135	3.5	5/1/2027	31100000	 403,098 	 881,220.17 	404143.74	401201.63	100.2594	99.5295559	-2942.11	6/30/2026	Model2501	100	LMMSOFRFLAT	RFRSwap	4.19	2.16	0.36	0.00	0.004	 15 	0.36	0.00	0.00	0.00	0.00	0.00	0.00	0.4	34.4	25.6	25	0.01	16.96	3.99	111.00	NA	NA	NA	0.36	0.00	1.09	0.36	0.00	0.73	0.36	0.00	0.36	0.36	0.00	-0.36	0.36	0.00	-0.72	0.36	0.00	-1.08
PUB_AFS	613523	31418CKY9	Agency MBS 10yr	G-2-Q	FANNIE MAE	0.01101701	3	5/1/2027	11869006	 130,761 	 291,969.15 	130798.59	129920.24	100.0288	99.3570541	-878.36	6/30/2026	Model2501	100	LMMSOFRFLAT	RFRSwap	4.25	2.39	0.36	0.00	0.004	 5 	0.36	0.00	0.00	0.00	0.00	0.00	0.00	0.4	34.4	31.9	31	0.01	19.34	3.47	111.00	12722.97	NA	NA	0.36	0.00	1.09	0.36	0.00	0.73	0.36	0.00	0.36	0.36	0.00	-0.36	0.37	0.00	-0.72	0.37	0.00	-1.09
PUB_AFS	613006	31418CVH4	Agency MBS 10yr	G-2-Q	FANNIE MAE	0.03627419	3	3/1/2028	15000000	 544,113 	 628,895.00 	544941.93	538109.75	100.1524	98.896718	-6832.18	6/30/2026	Model2501	100	LMMSOFRFLAT	RFRSwap	4.38	2.50	0.67	0.00	0.007	 36 	0.58	0.09	0.00	0.01	0.00	0.00	0.00	0.7	23.8	36.8	40	0.04	17.21	3.41	101.00	25980.33	NA	NA	0.66	0.01	2.01	0.67	0.01	1.34	0.67	0.01	0.67	0.68	0.01	-0.67	0.69	0.01	-1.34	0.69	0.01	-2.01
PUB_AFS	614017	31418CW34	Agency MBS 10yr	G-2-Q	FANNIE MAE	0.03679899	3	5/1/2028	25840100	 950,890 	 868,165.98 	952389.71	939429.91	100.1578	98.794847	-12959.8	6/30/2026	Model2501	100	LMMSOFRFLAT	RFRSwap	4.46	2.51	0.71	0.00	0.007	 67 	0.58	0.12	0.00	0.01	0.00	0.00	0.00	0.7	23.0	44.5	48	0.04	18.44	3.48	100.00	31123.86	NA	NA	0.70	0.01	2.11	0.70	0.01	1.41	0.71	0.01	0.70	0.71	0.01	-0.70	0.72	0.01	-1.40	0.73	0.01	-2.11
PUB_AFS	614559	31418CYE8	Agency MBS 10yr	G-2-Q	FANNIE MAE	0.03509404	3.5	7/1/2028	25274427	 886,982 	 857,471.48 	893018.2	878607.46	100.6806	99.0558666	-14410.74	6/30/2026	Model2501	100	LMMSOFRFLAT	RFRSwap	4.43	2.38	0.79	0.00	0.008	 70 	0.57	0.22	0.00	0.00	0.00	0.00	0.00	0.8	23.8	41.2	43	0.04	20.37	4.00	97.00	29305.29	NA	NA	0.76	0.01	2.36	0.78	0.01	1.58	0.79	0.01	0.79	0.80	0.01	-0.79	0.81	0.01	-1.58	0.82	0.01	-2.37
HTM	614656	31418D2V3	Agency MBS 20yr	G-2-Q	FANNIE MAE	0.63290092	2	7/1/2041	50000000	 31,645,046 	 3,235,986.65 	32082481.66	27430436.85	101.3823	86.6816147	-4652044.81	6/30/2026	Model2501	100	LMMSOFRFLAT	RFRSwap	4.84	1.72	5.33	-0.03	0.046	 14,660 	0.09	0.15	0.39	1.60	2.67	0.42	0.04	5.8	6.8	71.2	53	0.63	4.57	2.86	61.00	220145.09	NA	NA	3.32	0.03	12.84	4.40	0.04	8.99	4.95	0.05	4.59	5.61	0.05	-4.63	5.72	0.04	-9.18	5.64	0.04	-13.48
PUB_HTM	614189	31418D3A8	Agency MBS Other	G-2-Q	FANNIE MAE	0.66651957	2.5	7/1/2051	15000000	 9,997,794 	 662,094.23 	9469194.86	8212544.45	94.7128	82.1435691	-1256650.41	6/30/2026	Model2501	100	LMMSOFRFLAT	RFRSwap	5.22	3.21	7.60	-0.18	0.063	 6,258 	0.05	0.08	0.24	1.08	3.20	2.68	0.30	9.1	5.5	88.3	76	0.67	5.68	3.24	61.00	603163.75	NA	NA	3.78	0.04	16.74	5.72	0.05	12.01	6.85	0.06	6.17	8.10	0.06	-6.25	8.30	0.06	-12.26	8.13	0.05	-17.81
HTM	614617	31418D3R1	Agency MBS 20yr	G-2-Q	FANNIE MAE	0.64054913	2	8/1/2041	25000000	 16,013,728 	 1,755,583.80 	16408304.89	13840236.13	102.464	86.4273198	-2568068.75	6/30/2026	Model2501	100	LMMSOFRFLAT	RFRSwap	4.91	1.52	5.35	-0.03	0.046	 7,417 	0.08	0.15	0.39	1.60	2.67	0.43	0.04	5.8	6.9	76.9	59	0.64	4.51	2.88	60.00	212505.81	NA	NA	3.38	0.03	12.88	4.43	0.04	9.00	4.97	0.05	4.59	5.63	0.05	-4.63	5.75	0.04	-9.18	5.67	0.04	-13.49
HTM	614096	31418D4G4	Agency MBS 20yr	G-2-Q	FANNIE MAE	0.6472161	2	9/1/2041	179477241	 116,160,560 	 12,171,253.05 	118577627	100548290.9	102.0808	86.5597505	-18029336.12	6/30/2026	Model2501	100	LMMSOFRFLAT	RFRSwap	4.86	1.59	5.37	-0.03	0.047	 54,119 	0.08	0.15	0.39	1.60	2.69	0.44	0.04	5.8	6.9	72.3	55	0.65	4.46	2.88	59.00	210935.44	NA	NA	3.35	0.03	12.91	4.43	0.04	9.04	4.99	0.05	4.62	5.66	0.05	-4.66	5.78	0.04	-9.24	5.70	0.04	-13.57
PUB_HTM	614414	31418D4G4	Agency MBS 20yr	G-2-Q	FANNIE MAE	0.6472161	2	9/1/2041	129818688	 84,020,745 	 8,140,941.91 	79689543.91	72728147.2	94.8451	86.5597505	-6961396.71	6/30/2026	Model2501	100	LMMSOFRFLAT	RFRSwap	4.86	3.01	5.37	-0.03	0.047	 39,145 	0.08	0.15	0.39	1.60	2.69	0.44	0.04	5.8	6.9	72.3	55	0.65	4.46	2.88	59.00	210935.44	NA	NA	3.35	0.03	12.91	4.43	0.04	9.04	4.99	0.05	4.62	5.66	0.05	-4.66	5.78	0.04	-9.24	5.70	0.04	-13.57
PUB_HTM	613993	31418D4Z2	Agency MBS 30yr	G-2-Q	FANNIE MAE	0.61836644	3	10/1/2051	25000000	 15,459,161 	 1,424,454.73 	15177140.06	13536794.34	98.1757	87.5648707	-1640345.72	6/30/2026	Model2501	100	LMMSOFRFLAT	RFRSwap	5.13	3.27	6.48	-0.25	0.057	 8,801 	0.08	0.13	0.32	1.13	2.68	1.97	0.20	8.0	7.8	81.0	70	0.62	7.76	3.91	59.00	295824.22	NA	NA	3.15	0.03	14.75	4.80	0.05	10.67	5.77	0.05	5.56	7.16	0.06	-5.79	7.74	0.06	-11.71	7.84	0.06	-17.43
PUB_HTM	613607	31418D5G3	Agency MBS 20yr	G-2-Q	FANNIE MAE	0.64897027	2	10/1/2041	16198491	 10,512,339 	 1,027,253.00 	9970317.91	9093946.8	94.844	86.507358	-876371.11	6/30/2026	Model2501	100	LMMSOFRFLAT	RFRSwap	4.87	3.01	5.39	-0.03	0.047	 4,912 	0.08	0.15	0.38	1.59	2.71	0.46	0.04	5.8	6.9	72.6	55	0.65	4.57	2.85	58.00	208940.31	NA	NA	3.38	0.03	12.97	4.45	0.04	9.08	5.01	0.05	4.63	5.68	0.05	-4.67	5.80	0.04	-9.26	5.71	0.04	-13.60
HTM	613047	31418D5G3	Agency MBS 20yr	G-2-Q	FANNIE MAE	0.64897027	2	10/1/2041	176487101	 114,534,882 	 12,120,266.73 	117064237	99081100.05	102.2084	86.507358	-17983136.92	6/30/2026	Model2501	100	LMMSOFRFLAT	RFRSwap	4.87	1.57	5.39	-0.03	0.047	 53,522 	0.08	0.15	0.38	1.59	2.71	0.46	0.04	5.8	6.9	72.6	55	0.65	4.57	2.85	58.00	208940.31	NA	NA	3.38	0.03	12.97	4.45	0.04	9.08	5.01	0.05	4.63	5.68	0.05	-4.67	5.80	0.04	-9.26	5.71	0.04	-13.60
PUB_HTM	613126	31418D5P3	Agency MBS Other	G-2-Q	FANNIE MAE	0.79034737	2	9/1/2051	25000000	 19,758,684 	 1,018,011.95 	18245140.77	15496435.57	92.3399	78.4284792	-2748705.2	6/30/2026	Model2501	100	LMMSOFRFLAT	RFRSwap	5.17	2.98	8.18	0.17	0.064	 12,709 	0.04	0.07	0.19	1.04	3.44	3.08	0.37	9.5	4.9	83.7	71	0.79	2.42	2.82	59.00	601645.88	NA	NA	4.92	0.05	18.23	6.54	0.06	12.72	7.49	0.06	6.42	8.50	0.06	-6.31	8.60	0.06	-12.25	8.34	0.05	-17.65
PUB_HTM	613080	31418D7E6	Agency MBS 30yr	G-2-Q	FANNIE MAE	0.75927322	2	12/1/2051	25000000	 18,981,831 	 1,241,396.89 	17796702.35	15237472.15	93.7565	80.273987	-2559230.2	6/30/2026	Model2501	100	LMMSOFRFLAT	RFRSwap	5.04	2.84	7.77	0.03	0.062	 11,857 	0.05	0.08	0.23	1.08	3.25	2.78	0.33	9.0	5.9	70.2	59	0.76	3.56	2.85	56.00	346921.72	NA	NA	4.76	0.05	17.55	6.26	0.06	12.24	7.10	0.06	6.22	8.29	0.06	-6.22	8.53	0.06	-12.23	8.37	0.05	-17.77
PUB_HTM	613794	31418DC91	Agency MBS 15yr	G-2-Q	FANNIE MAE	0.08984153	3	7/1/2034	34090000	 3,062,698 	 761,795.59 	3079661.4	2927645.74	100.5539	95.5904229	-152015.67	6/30/2026	Model2501	100	LMMSOFRFLAT	RFRSwap	4.59	2.75	2.79	-0.05	0.027	 820 	0.21	0.31	0.64	1.35	0.27	0.01	0.00	3.0	10.6	58.8	42	0.09	23.73	3.70	85.00	139588.81	NA	NA	1.67	0.02	7.19	2.31	0.02	5.15	2.64	0.03	2.65	2.94	0.03	-2.70	3.09	0.03	-5.47	3.15	0.03	-8.26
PUB_HTM	613804	31418DD74	Agency MBS Other	G-2-Q	FANNIE MAE	0.03796779	3.5	7/1/2049	25000000	 949,195 	 93,304.76 	939300.55	854727.99	98.9576	90.0476942	-84572.57	6/30/2026	Model2501	100	LMMSOFRFLAT	RFRSwap	5.25	3.66	5.90	-0.25	0.053	 506 	0.09	0.13	0.36	1.14	2.54	1.59	0.08	7.5	7.5	92.9	81	0.04	36.05	4.47	85.00	525202.19	NA	NA	1.70	0.02	11.96	3.52	0.04	9.45	5.07	0.05	5.15	6.56	0.06	-5.46	6.98	0.06	-11.05	7.05	0.05	-16.43
PUB_HTM	614381	31418DDJ8	Agency MBS Other	G-2-Q	FANNIE MAE	0.04461812	3.5	6/1/2049	23380343	 1,043,187 	 149,787.83 	1032783.94	939361.56	99.0028	90.0472886	-93422.38	6/30/2026	Model2501	100	LMMSOFRFLAT	RFRSwap	5.24	3.65	6.02	-0.35	0.054	 567 	0.07	0.13	0.39	1.21	2.57	1.57	0.10	7.4	7.6	91.3	81	0.04	34.24	4.49	86.00	510451.06	NA	NA	1.67	0.02	11.84	3.37	0.03	9.43	5.10	0.05	5.21	6.73	0.06	-5.57	7.29	0.06	-11.34	7.47	0.05	-16.98
PUB_HTM	613970	31418DE32	Agency MBS Other	G-2-Q	FANNIE MAE	0.04643606	3.5	8/1/2049	5000000	 232,180 	 20,697.37 	229807.22	210223.49	98.9779	90.5432074	-19583.73	6/30/2026	Model2501	100	LMMSOFRFLAT	RFRSwap	5.07	3.65	6.12	-0.30	0.056	 129 	0.07	0.13	0.39	1.18	2.63	1.66	0.08	7.8	6.8	74.9	63	0.05	34.55	4.50	84.00	523651.56	NA	NA	1.49	0.02	12.04	3.45	0.03	9.70	5.18	0.05	5.34	6.84	0.06	-5.70	7.33	0.06	-11.55	7.47	0.05	-17.22
PUB_HTM	612651	31418DEL2	Agency MBS 15yr	G-2-Q	FANNIE MAE	0.08809035	3	8/1/2034	25000000	 2,202,259 	 480,529.53 	2216970.58	2105182.3	100.668	95.59196	-111788.28	6/30/2026	Model2501	100	LMMSOFRFLAT	RFRSwap	4.58	2.71	2.80	-0.05	0.027	 591 	0.21	0.31	0.64	1.36	0.27	0.01	0.00	3.0	10.5	58.4	41	0.09	24.28	3.67	84.00	146409.03	NA	NA	1.67	0.02	7.21	2.32	0.02	5.16	2.65	0.03	2.66	2.95	0.03	-2.71	3.10	0.03	-5.49	3.15	0.03	-8.28
PUB_HTM	614144	31418DFJ6	Agency MBS 15yr	G-2-Q	FANNIE MAE	0.09805316	3	9/1/2034	70000000	 6,863,721 	 1,643,686.20 	6910784.69	6556009.03	100.6857	95.5168317	-354775.67	6/30/2026	Model2501	100	LMMSOFRFLAT	RFRSwap	4.58	2.71	2.87	-0.05	0.027	 1,884 	0.20	0.30	0.64	1.41	0.31	0.01	0.00	3.1	10.3	57.5	40	0.10	23.45	3.67	83.00	145963.23	NA	NA	1.72	0.02	7.41	2.39	0.02	5.29	2.71	0.03	2.72	3.01	0.03	-2.77	3.17	0.03	-5.61	3.22	0.03	-8.46
PUB_HTM	612786	31418DJJ2	Agency MBS 15yr	G-2-Q	FANNIE MAE	0.17259614	2.5	12/1/2034	66864627	 11,540,577 	 2,369,138.09 	11453836.28	10840676.14	99.2484	93.9353083	-613160.14	6/30/2026	Model2501	100	LMMSOFRFLAT	RFRSwap	4.57	2.71	3.08	-0.05	0.029	 3,345 	0.18	0.29	0.63	1.55	0.41	0.02	0.01	3.2	9.3	56.4	39	0.17	17.54	3.07	80.00	164525.25	NA	NA	2.03	0.02	8.03	2.65	0.03	5.62	2.91	0.03	2.87	3.24	0.03	-2.93	3.35	0.03	-5.89	3.33	0.03	-8.80
PUB_HTM	613261	31418DJK9	Agency MBS 15yr	G-2-Q	FANNIE MAE	0.1326025	3	12/1/2034	35000000	 4,641,088 	 1,011,117.17 	4666829.91	4428177.33	100.5547	95.412494	-238652.58	6/30/2026	Model2501	100	LMMSOFRFLAT	RFRSwap	4.56	2.76	2.97	-0.05	0.028	 1,319 	0.19	0.29	0.62	1.47	0.38	0.01	0.00	3.2	9.7	55.8	38	0.13	20.94	3.53	80.00	154138.17	NA	NA	1.80	0.02	7.70	2.48	0.03	5.48	2.81	0.03	2.81	3.13	0.03	-2.87	3.28	0.03	-5.80	3.31	0.03	-8.72
PUB_HTM	614051	31418DKJ0	Agency MBS 15yr	G-2-Q	FANNIE MAE	0.17076198	2.5	1/1/2035	15000000	 2,561,430 	 498,137.56 	2542156.32	2404859.01	99.2476	93.8873712	-137297.31	6/30/2026	Model2501	100	LMMSOFRFLAT	RFRSwap	4.57	2.71	3.11	-0.05	0.029	 749 	0.18	0.28	0.62	1.56	0.43	0.02	0.01	3.3	9.3	56.2	39	0.17	17.99	3.06	79.00	167983.56	NA	NA	2.02	0.02	8.07	2.66	0.03	5.66	2.94	0.03	2.89	3.27	0.03	-2.95	3.39	0.03	-5.95	3.36	0.03	-8.88
PUB_HTM	613190	31418DLL4	Agency MBS 15yr	G-2-Q	FANNIE MAE	0.16953292	2.5	2/1/2035	60000000	 10,171,975 	 2,005,902.31 	10095576.89	9544583.98	99.2489	93.8321594	-550992.91	6/30/2026	Model2501	100	LMMSOFRFLAT	RFRSwap	4.60	2.71	3.10	-0.06	0.029	 2,965 	0.18	0.28	0.62	1.56	0.43	0.02	0.01	3.3	9.4	58.7	42	0.17	18.41	3.10	79.00	168062.63	NA	NA	2.01	0.02	8.03	2.65	0.03	5.64	2.93	0.03	2.88	3.27	0.03	-2.95	3.39	0.03	-5.93	3.37	0.03	-8.87
PUB_HTM	613103	31418DLP5	Agency MBS 20yr	G-2-Q	FANNIE MAE	0.20460064	2.5	2/1/2040	61159834	 12,513,341 	 1,591,011.64 	12182213.41	11269768.87	97.3538	90.0620283	-912444.54	6/30/2026	Model2501	100	LMMSOFRFLAT	RFRSwap	4.86	3.07	4.56	-0.09	0.041	 5,148 	0.11	0.18	0.45	1.60	2.03	0.16	0.02	5.1	7.7	76.9	57	0.20	18.33	3.48	79.00	191408.56	NA	NA	2.65	0.03	11.22	3.75	0.04	7.96	4.25	0.04	4.07	4.86	0.04	-4.15	5.05	0.04	-8.33	5.03	0.04	-12.36
PUB_HTM	613763	31418DMD1	Agency MBS 15yr	G-2-Q	FANNIE MAE	0.1666323	2.5	3/1/2035	115000000	 19,162,715 	 3,785,881.91 	19018342.72	17970654.12	99.2466	93.7792718	-1047688.6	6/30/2026	Model2501	100	LMMSOFRFLAT	RFRSwap	4.59	2.71	3.13	-0.06	0.029	 5,635 	0.18	0.28	0.62	1.57	0.45	0.02	0.01	3.3	9.3	58.4	41	0.17	18.98	3.14	77.00	169012.63	NA	NA	1.99	0.02	8.07	2.66	0.03	5.68	2.95	0.03	2.90	3.30	0.03	-2.97	3.42	0.03	-5.99	3.41	0.03	-8.95
PUB_HTM	613901	31418DNA6	Agency MBS 15yr	G-2-Q	FANNIE MAE	0.16422258	2.5	4/1/2035	50000000	 8,211,129 	 1,690,351.69 	8148542.81	7691706.48	99.2378	93.6741644	-456836.33	6/30/2026	Model2501	100	LMMSOFRFLAT	RFRSwap	4.61	2.71	3.16	-0.06	0.030	 2,440 	0.18	0.28	0.61	1.58	0.49	0.02	0.01	3.3	9.4	59.3	42	0.16	19.53	3.23	76.00	168756.70	NA	NA	2.02	0.02	8.16	2.69	0.03	5.74	2.99	0.03	2.93	3.34	0.03	-3.00	3.48	0.03	-6.06	3.48	0.03	-9.07
PUB_HTM	614344	31418DRW4	Agency MBS 30yr	G-2-Q	FANNIE MAE	0.5374946	2	8/1/2050	125000000	 67,186,825 	 4,753,883.09 	63089986.56	54112843.3	93.9023	80.540855	-8977143.26	6/30/2026	Model2501	100	LMMSOFRFLAT	RFRSwap	5.15	2.86	7.37	0.04	0.059	 39,948 	0.05	0.09	0.25	1.16	3.29	2.37	0.20	8.4	6.0	85.2	71	0.54	7.74	2.98	72.00	300504.53	NA	NA	4.62	0.05	16.87	6.00	0.06	11.73	6.81	0.06	5.94	7.85	0.06	-5.92	8.14	0.06	-11.69	8.06	0.05	-17.08
PUB_HTM	613685	31418DSH6	Agency MBS 30yr	G-2-Q	FANNIE MAE	0.56854226	2	9/1/2050	150000000	 85,281,339 	 5,951,302.54 	80121877.08	68792742.17	93.9501	80.665645	-11329134.91	6/30/2026	Model2501	100	LMMSOFRFLAT	RFRSwap	5.12	2.85	7.36	0.04	0.059	 50,727 	0.05	0.09	0.25	1.16	3.29	2.36	0.19	8.4	6.0	82.8	69	0.57	6.93	2.94	71.00	303672.84	NA	NA	4.60	0.04	16.85	5.99	0.06	11.73	6.80	0.06	5.94	7.84	0.06	-5.92	8.11	0.06	-11.69	8.02	0.05	-17.06
PUB_HTM	613752	31418DSZ6	Agency MBS Other	G-2-Q	FANNIE MAE	0.33293572	2.5	9/1/2050	13839363	 4,607,618 	 381,417.32 	4386363.06	3819215.5	95.1981	82.8891471	-567147.56	6/30/2026	Model2501	100	LMMSOFRFLAT	RFRSwap	5.16	3.16	7.35	-0.14	0.061	 2,813 	0.05	0.09	0.26	1.13	3.20	2.44	0.22	8.8	5.6	85.4	71	0.33	15.26	3.31	71.00	539264.63	NA	NA	3.55	0.04	16.31	5.59	0.05	11.75	6.70	0.06	6.04	7.86	0.06	-6.11	8.10	0.06	-12.03	8.02	0.05	-17.56
PUB_HTM	613619	31418DTQ5	Agency MBS 30yr	G-2-Q	FANNIE MAE	0.60062576	2	10/1/2050	100000000	 60,062,576 	 4,109,091.93 	56406692.74	48461360.73	93.9132	80.6847857	-7945332.01	6/30/2026	Model2501	100	LMMSOFRFLAT	RFRSwap	5.09	2.85	7.42	0.05	0.060	 36,052 	0.05	0.09	0.24	1.15	3.29	2.44	0.21	8.5	5.9	78.9	65	0.60	6.21	2.90	70.00	313650.88	NA	NA	4.61	0.05	16.97	6.03	0.06	11.82	6.85	0.06	5.99	7.91	0.06	-5.97	8.17	0.06	-11.78	8.07	0.05	-17.19
PUB_HTM	614389	31418DUG5	Agency MBS 30yr	G-2-Q	FANNIE MAE	0.61487776	2	11/1/2050	100000000	 61,487,776 	 4,201,471.46 	57740894.15	49556373.99	93.9063	80.5954894	-8184520.16	6/30/2026	Model2501	100	LMMSOFRFLAT	RFRSwap	5.10	2.85	7.43	0.07	0.060	 36,895 	0.05	0.09	0.24	1.14	3.29	2.44	0.21	8.6	5.9	80.3	67	0.61	5.92	2.90	69.00	304760.81	NA	NA	4.66	0.05	17.01	6.06	0.06	11.83	6.86	0.06	5.99	7.92	0.06	-5.97	8.17	0.06	-11.78	8.07	0.05	-17.18
PUB_HTM	613910	31418DV25	Agency MBS 20yr	G-2-Q	FANNIE MAE	0.57271239	2	1/1/2041	25000000	 14,317,810 	 1,350,943.92 	13594830.81	12471237.39	94.9505	87.102969	-1123593.43	6/30/2026	Model2501	100	LMMSOFRFLAT	RFRSwap	4.83	3.02	5.17	-0.04	0.045	 6,459 	0.09	0.16	0.40	1.64	2.53	0.33	0.03	5.6	6.8	71.0	52	0.57	5.41	2.85	67.00	215844.08	NA	NA	3.28	0.03	12.56	4.30	0.04	8.78	4.82	0.04	4.47	5.43	0.04	-4.51	5.54	0.04	-8.94	5.46	0.04	-13.14
PUB_HTM	614467	31418DV66	Agency MBS 30yr	G-2-Q	FANNIE MAE	0.70289306	1.5	1/1/2051	25000000	 17,572,327 	 1,035,794.57 	15928631.12	13477876.35	90.6461	76.6994419	-2450754.77	6/30/2026	Model2501	100	LMMSOFRFLAT	RFRSwap	5.15	2.77	7.93	0.19	0.061	 10,709 	0.04	0.07	0.21	1.10	3.48	2.79	0.28	8.8	5.5	83.7	71	0.70	3.77	2.52	67.00	314285.25	NA	NA	5.66	0.05	18.02	6.78	0.06	12.28	7.43	0.06	6.15	8.37	0.06	-6.02	8.52	0.06	-11.78	8.33	0.05	-17.05
PUB_HTM	613082	31418DVH2	Agency MBS Other	G-2-Q	FANNIE MAE	0.66446057	2	12/1/2050	66282470	 44,042,088 	 2,437,263.80 	40908315.95	34542831.29	92.8846	78.4314119	-6365484.66	6/30/2026	Model2501	100	LMMSOFRFLAT	RFRSwap	5.29	2.94	7.91	0.12	0.062	 27,364 	0.05	0.07	0.19	1.09	3.48	2.79	0.28	9.1	5.1	98.2	84	0.66	4.74	2.81	68.00	541672.38	NA	NA	4.99	0.05	17.88	6.46	0.06	12.38	7.32	0.06	6.21	8.23	0.06	-6.11	8.35	0.06	-11.89	8.13	0.05	-17.18
PUB_HTM	614072	31418DX80	Agency MBS 15yr	G-2-Q	FANNIE MAE	0.52983442	1.5	4/1/2036	205000000	 108,616,056 	 14,853,527.22 	104523079.9	96861514.96	96.2317	89.1778973	-7661564.96	6/30/2026	Model2501	100	LMMSOFRFLAT	RFRSwap	4.63	2.51	3.88	0.01	0.035	 37,626 	0.13	0.23	0.55	1.88	1.04	0.05	0.02	3.9	6.9	61.2	42	0.53	4.78	2.11	64.00	218998.59	NA	NA	2.93	0.03	9.98	3.43	0.03	6.84	3.70	0.03	3.46	4.00	0.03	-3.45	4.01	0.03	-6.83	3.93	0.03	-10.05
PUB_HTM	613631	31418DX98	Agency MBS 15yr	G-2-Q	FANNIE MAE	0.49452395	2	4/1/2036	40000000	 19,780,958 	 3,050,550.24 	19372490.93	18037721.14	97.935	91.1872981	-1334769.79	6/30/2026	Model2501	100	LMMSOFRFLAT	RFRSwap	4.60	2.55	3.72	-0.02	0.034	 6,722 	0.14	0.24	0.56	1.80	0.93	0.04	0.01	3.9	7.6	57.5	39	0.49	6.12	2.44	64.00	195591.75	NA	NA	2.67	0.03	9.61	3.23	0.03	6.64	3.52	0.03	3.37	3.87	0.03	-3.41	3.93	0.03	-6.78	3.87	0.03	-10.02
PUB_HTM	614307	31418DXC1	Agency MBS Other	G-2-Q	FANNIE MAE	0.51906191	2.5	2/1/2051	7795645	 4,046,422 	 263,313.56 	3833755.49	3353985.65	94.7443	82.8876803	-479769.84	6/30/2026	Model2501	100	LMMSOFRFLAT	RFRSwap	5.10	3.21	7.52	-0.15	0.062	 2,528 	0.05	0.08	0.25	1.10	3.23	2.60	0.26	9.0	5.5	78.5	64	0.52	9.38	3.37	67.00	587088.56	NA	NA	3.64	0.04	16.63	5.66	0.05	11.98	6.78	0.06	6.16	8.03	0.06	-6.24	8.27	0.06	-12.27	8.15	0.05	-17.87
PUB_HTM	614654	31418DXK3	Agency MBS 30yr	G-2-Q	FANNIE MAE	0.66518158	2	3/1/2051	75000000	 49,888,619 	 3,374,592.98 	46805184.51	40180156.2	93.8194	80.5397251	-6625028.32	6/30/2026	Model2501	100	LMMSOFRFLAT	RFRSwap	5.05	2.85	7.57	0.07	0.061	 30,481 	0.05	0.08	0.24	1.11	3.28	2.60	0.25	8.8	5.8	74.0	61	0.67	5.07	2.83	65.00	318657.59	NA	NA	4.73	0.05	17.29	6.16	0.06	12.03	6.97	0.06	6.10	8.07	0.06	-6.08	8.30	0.06	-11.97	8.17	0.05	-17.42
PUB_HTM	613152	31418DXL1	Agency MBS 30yr	G-2-Q	FANNIE MAE	0.55226465	2.5	3/1/2051	79830629	 44,087,634 	 3,632,943.42 	42400851.36	37231676.67	96.174	84.4492502	-5169174.69	6/30/2026	Model2501	100	LMMSOFRFLAT	RFRSwap	5.07	3.06	6.93	-0.07	0.059	 25,879 	0.06	0.10	0.28	1.15	3.01	2.18	0.18	8.2	6.7	76.9	63	0.55	8.43	3.37	65.00	280948.19	NA	NA	3.88	0.04	15.94	5.40	0.05	11.30	6.29	0.06	5.81	7.51	0.06	-5.90	7.91	0.06	-11.77	7.89	0.05	-17.33
PUB_HTM	614000	31418DXZ0	Agency MBS Other	G-2-Q	FANNIE MAE	0.7251751	2	3/1/2051	25000000	 18,129,378 	 943,998.60 	16751509.77	14219015.17	92.3998	78.4307965	-2532494.59	6/30/2026	Model2501	100	LMMSOFRFLAT	RFRSwap	5.21	2.99	8.05	0.22	0.063	 11,468 	0.04	0.07	0.19	1.05	3.46	2.95	0.31	9.4	4.8	89.2	75	0.73	3.49	2.72	65.00	587881.38	NA	NA	4.98	0.05	18.10	6.55	0.06	12.58	7.42	0.06	6.33	8.33	0.06	-6.19	8.42	0.06	-12.03	8.16	0.05	-17.34
HTM	614343	31418DY71	Agency MBS 20yr	G-2-Q	FANNIE MAE	0.63271139	2	5/1/2041	110000000	 69,598,253 	 7,114,970.59 	70790271.96	60445792.28	101.7127	86.8495828	-10344479.68	6/30/2026	Model2501	100	LMMSOFRFLAT	RFRSwap	4.81	1.66	5.33	0.00	0.046	 32,272 	0.09	0.15	0.39	1.62	2.67	0.40	0.04	5.7	6.6	67.9	50	0.63	4.19	2.67	63.00	222811.45	NA	NA	3.32	0.03	12.89	4.41	0.04	9.03	4.96	0.05	4.61	5.57	0.05	-4.62	5.65	0.04	-9.13	5.56	0.04	-13.38
HTM	614722	31418DYB2	Agency MBS 30yr	G-2-Q	FANNIE MAE	0.68521257	2	4/1/2051	215050000	 147,354,963 	 10,650,610.77 	147977846	118905644	100.4227	80.6933417	-29072202.02	6/30/2026	Model2501	100	LMMSOFRFLAT	RFRSwap	5.01	1.94	7.60	0.06	0.061	 90,607 	0.05	0.08	0.24	1.10	3.28	2.63	0.26	8.8	5.8	69.0	56	0.69	4.64	2.79	64.00	320990.34	NA	NA	4.70	0.05	17.35	6.17	0.06	12.09	6.99	0.06	6.14	8.10	0.06	-6.12	8.33	0.06	-12.03	8.19	0.05	-17.51
HTM	614294	31418EAB6	Agency MBS 20yr	G-2-Q	FANNIE MAE	0.67952888	2	12/1/2041	34894186	 23,711,607 	 2,364,471.26 	23855895.44	20492522.71	100.6085	86.4240142	-3363372.73	6/30/2026	Model2501	100	LMMSOFRFLAT	RFRSwap	4.84	1.87	5.47	-0.02	0.047	 11,233 	0.08	0.14	0.38	1.58	2.78	0.49	0.04	5.9	6.7	69.9	52	0.68	3.90	2.73	56.00	222976.83	NA	NA	3.38	0.03	13.12	4.49	0.04	9.20	5.08	0.05	4.70	5.74	0.05	-4.73	5.84	0.05	-9.35	5.74	0.04	-13.71
PUB_HTM	612763	31418EAR1	Agency MBS 15yr	G-2-Q	FANNIE MAE	0.6098528	1.5	1/1/2037	300000000	 182,955,840 	 25,130,899.65 	175883524.5	163051759.7	96.1344	89.1208281	-12831764.81	6/30/2026	Model2501	100	LMMSOFRFLAT	RFRSwap	4.45	2.47	4.13	-0.01	0.037	 67,507 	0.12	0.21	0.52	1.84	1.38	0.06	0.02	4.2	6.9	41.9	22	0.61	3.94	2.11	55.00	217075.48	NA	NA	3.04	0.03	10.56	3.61	0.03	7.26	3.93	0.04	3.68	4.29	0.04	-3.69	4.33	0.04	-7.31	4.25	0.03	-10.76
PUB_HTM	612884	31418EAW0	Agency MBS 20yr	G-2-Q	FANNIE MAE	0.68468699	2	1/1/2042	144870069	 99,190,651 	 9,693,710.55 	93730032.08	85649058.54	94.4948	86.3479141	-8080973.54	6/30/2026	Model2501	100	LMMSOFRFLAT	RFRSwap	4.86	3.06	5.47	-0.03	0.047	 46,980 	0.08	0.14	0.38	1.58	2.77	0.50	0.04	5.9	6.8	71.3	54	0.68	3.93	2.80	55.00	218457.50	NA	NA	3.38	0.03	13.10	4.49	0.04	9.19	5.07	0.05	4.70	5.76	0.05	-4.73	5.87	0.05	-9.37	5.78	0.04	-13.75
HTM	612883	31418EAW0	Agency MBS 20yr	G-2-Q	FANNIE MAE	0.68468699	2	1/1/2042	40000000	 27,387,480 	 2,869,315.63 	27628137.1	23648517.36	100.8787	86.3479141	-3979619.73	6/30/2026	Model2501	100	LMMSOFRFLAT	RFRSwap	4.86	1.82	5.47	-0.03	0.047	 12,972 	0.08	0.14	0.38	1.58	2.77	0.50	0.04	5.9	6.8	71.3	54	0.68	3.93	2.80	55.00	218457.50	NA	NA	3.38	0.03	13.10	4.49	0.04	9.19	5.07	0.05	4.70	5.76	0.05	-4.73	5.87	0.05	-9.37	5.78	0.04	-13.75
PUB_HTM	614010	31418EBE9	Agency MBS 15yr	G-2-Q	FANNIE MAE	0.58801907	2	2/1/2037	196828119	 115,738,687 	 16,804,493.97 	113285584.7	105529601.9	97.8805	91.1791936	-7755982.75	6/30/2026	Model2501	100	LMMSOFRFLAT	RFRSwap	4.44	2.53	3.96	-0.06	0.036	 41,856 	0.13	0.22	0.53	1.76	1.27	0.05	0.02	4.1	7.9	39.9	21	0.59	5.15	2.57	54.00	200379.52	NA	NA	2.62	0.03	10.02	3.34	0.03	7.00	3.71	0.04	3.58	4.19	0.04	-3.65	4.29	0.04	-7.30	4.24	0.03	-10.81
HTM	613973	31418EBJ8	Agency MBS 20yr	G-2-Q	FANNIE MAE	0.68680654	2	2/1/2042	164022684	 112,651,852 	 11,300,380.24 	111546880.7	97133730.96	99.0191	86.2247084	-14413149.72	6/30/2026	Model2501	100	LMMSOFRFLAT	RFRSwap	4.86	2.17	5.53	-0.04	0.048	 53,769 	0.08	0.14	0.37	1.57	2.81	0.53	0.04	6.0	6.8	71.2	54	0.69	4.07	2.82	54.00	228030.48	NA	NA	3.37	0.03	13.14	4.51	0.04	9.24	5.11	0.05	4.73	5.82	0.05	-4.77	5.93	0.05	-9.45	5.83	0.04	-13.85
PUB_HTM	614824	31418ECD0	Agency MBS 15yr	G-2-Q	FANNIE MAE	0.59621891	2	3/1/2037	30000000	 17,886,567 	 2,606,978.68 	17507548.87	16297699.29	97.881	91.1169763	-1209849.59	6/30/2026	Model2501	100	LMMSOFRFLAT	RFRSwap	4.44	2.53	3.98	-0.06	0.036	 6,503 	0.13	0.22	0.52	1.76	1.30	0.05	0.02	4.2	7.9	40.2	21	0.60	5.10	2.59	53.00	198331.86	NA	NA	2.63	0.03	10.07	3.36	0.03	7.04	3.73	0.04	3.60	4.21	0.04	-3.67	4.32	0.04	-7.34	4.27	0.03	-10.88
PUB_HTM	614258	31418ECH1	Agency MBS 20yr	G-2-Q	FANNIE MAE	0.67573518	2.5	3/1/2042	29775603	 20,120,422 	 2,127,236.26 	19569383.82	17863657.54	97.2613	88.7837101	-1705726.28	6/30/2026	Model2501	100	LMMSOFRFLAT	RFRSwap	4.85	3.02	5.29	-0.11	0.047	 9,466 	0.09	0.15	0.40	1.52	2.63	0.48	0.03	5.9	7.2	70.2	53	0.68	4.69	3.12	53.00	216339.25	NA	NA	2.74	0.03	12.42	4.11	0.04	8.94	4.82	0.05	4.63	5.63	0.05	-4.74	5.81	0.05	-9.44	5.76	0.04	-13.92
HTM	613935	31418ECH1	Agency MBS 20yr	G-2-Q	FANNIE MAE	0.67573518	2.5	3/1/2042	74027941	 50,023,284 	 5,419,772.13 	49792532.95	44412527.48	99.5387	88.7837101	-5380005.47	6/30/2026	Model2501	100	LMMSOFRFLAT	RFRSwap	4.85	2.57	5.29	-0.11	0.047	 23,534 	0.09	0.15	0.40	1.52	2.63	0.48	0.03	5.9	7.2	70.2	53	0.68	4.69	3.12	53.00	216339.25	NA	NA	2.74	0.03	12.42	4.11	0.04	8.94	4.82	0.05	4.63	5.63	0.05	-4.74	5.81	0.05	-9.44	5.76	0.04	-13.92
PUB_HTM	614180	31418ECV0	Agency MBS 15yr	G-2-Q	FANNIE MAE	0.59004102	2.5	4/1/2037	25147159	 14,837,855 	 2,374,217.29 	14718494.67	13889805.57	99.1956	93.610601	-828689.11	6/30/2026	Model2501	100	LMMSOFRFLAT	RFRSwap	4.25	2.68	3.84	-0.12	0.036	 5,340 	0.14	0.23	0.54	1.65	1.24	0.03	0.01	4.1	8.7	20.3	1	0.59	5.79	3.07	52.00	211645.06	NA	NA	1.98	0.02	9.38	3.01	0.03	6.79	3.52	0.03	3.52	4.10	0.04	-3.65	4.28	0.04	-7.37	4.27	0.04	-11.00
HTM	613962	31418ECZ1	Agency MBS 20yr	G-2-Q	FANNIE MAE	0.69663537	2.5	4/1/2042	78691946	 54,819,593 	 6,130,007.39 	54465733.94	48662748.69	99.3545	88.7688983	-5802985.26	6/30/2026	Model2501	100	LMMSOFRFLAT	RFRSwap	4.85	2.61	5.28	-0.13	0.047	 25,758 	0.09	0.16	0.40	1.51	2.62	0.48	0.03	5.9	7.2	70.1	52	0.70	4.24	3.19	52.00	218724.06	NA	NA	2.67	0.03	12.32	4.07	0.04	8.91	4.81	0.04	4.62	5.64	0.05	-4.74	5.82	0.05	-9.44	5.77	0.04	-13.93
HTM	613709	31418EKP4	Agency MBS 20yr	G-2-Q	FANNIE MAE	0.63864425	4.5	11/1/2042	37213641	 23,766,278 	 4,012,120.29 	23280766.39	23336051.68	97.9571	98.1897621	55285.29	6/30/2026	Model2501	100	LMMSOFRFLAT	RFRSwap	4.88	4.93	3.77	-0.76	0.037	 8,819 	0.18	0.28	0.52	1.11	1.50	0.21	-0.01	5.0	9.4	60.8	55	0.64	8.43	4.99	46.00	235696.53	NA	NA	1.18	0.01	6.04	1.10	0.01	4.92	2.47	0.03	3.20	4.48	0.04	-4.00	5.02	0.05	-8.40	5.33	0.05	-12.96
HTM	613355	31418EL73	Agency MBS 15yr	G-2-Q	FANNIE MAE	0.5264386	4.5	11/1/2037	96021570	 50,549,461 	 10,658,040.90 	50059195.53	50098041.96	99.0301	99.1069758	38846.44	6/30/2026	Model2501	100	LMMSOFRFLAT	RFRSwap	4.72	4.75	2.92	-0.51	0.029	 14,707 	0.22	0.32	0.57	1.13	0.73	-0.03	-0.01	3.6	12.0	57.5	49	0.53	11.29	5.00	45.00	215008.25	NA	NA	1.22	0.01	5.40	1.18	0.01	4.21	2.10	0.02	2.58	3.38	0.03	-3.11	3.72	0.03	-6.47	3.99	0.04	-9.99
HTM	613253	31418ELD0	Agency MBS 15yr	G-2-Q	FANNIE MAE	0.48968623	4.5	10/1/2037	26064123	 12,763,242 	 2,990,015.66 	12663576.39	12649267.91	99.2191	99.107012	-14308.48	6/30/2026	Model2501	100	LMMSOFRFLAT	RFRSwap	4.73	4.69	2.88	-0.50	0.029	 3,653 	0.22	0.32	0.56	1.12	0.70	-0.03	-0.01	3.5	12.9	58.3	50	0.49	12.63	5.02	46.00	192132.11	NA	NA	1.24	0.01	5.38	1.19	0.01	4.18	2.09	0.02	2.54	3.32	0.03	-3.06	3.65	0.03	-6.36	3.91	0.04	-9.82
HTM	613070	31418ELQ1	Agency MBS 15yr	G-2-Q	FANNIE MAE	0.52187084	4.5	12/1/2037	52062836	 27,170,076 	 7,313,897.39 	26922512.01	26919443.04	99.0888	99.0775406	-3068.97	6/30/2026	Model2501	100	LMMSOFRFLAT	RFRSwap	4.73	4.73	2.92	-0.50	0.029	 7,895 	0.22	0.33	0.58	1.14	0.71	-0.03	-0.01	3.6	11.8	58.5	50	0.52	11.94	5.01	44.00	213306.69	NA	NA	1.19	0.01	5.34	1.15	0.01	4.19	2.10	0.02	2.58	3.37	0.03	-3.10	3.71	0.03	-6.46	3.98	0.04	-9.98
AFS	613861	31418EM72	Agency MBS 20yr	G-2-Q	FANNIE MAE	0.56252934	5	12/1/2042	45289448	 25,476,643 	 4,587,130.79 	25073009.68	25514955.86	98.4157	100.1503831	441946.19	6/30/2026	Model2501	100	LMMSOFRFLAT	RFRSwap	4.94	5.36	3.24	-1.04	0.033	 8,303 	0.22	0.32	0.52	0.92	1.17	0.13	-0.02	4.6	11.4	58.0	62	0.56	12.06	5.61	45.00	215948.42	NA	NA	1.21	0.01	5.21	1.09	0.01	3.99	1.84	0.02	2.61	4.11	0.04	-3.67	4.69	0.04	-7.86	5.11	0.05	-12.31
AFS	614073	31418R5D9	Agency MBS ARM	G-2-Q	FANNIE MAE	0.00677519	5.96	4/1/2040	10090835	 68,367 	 12,693.25 	70609.66	70284.46	103.2798	102.8041764	-325.2	6/30/2026	Model2501	100	LMMSOFRFLAT	RFRSwap	5.64	5.52	0.95	-0.19	0.010	 7 	0.31	-0.05	0.10	0.12	0.37	0.01	-0.01	4.6	12.1	152.3	163	0.01	24.36	6.38	194.00	68367.33	NEW RESIDENTIAL MORTGAGE LLC	100.00	1.23	0.01	2.85	0.89	0.01	1.75	0.81	0.01	0.89	1.34	0.01	-1.13	2.11	0.02	-2.87	2.77	0.03	-5.31
AFS	613519	31418R5H0	Agency MBS ARM	G-2-Q	FANNIE MAE	0.01154046	5.96	4/1/2040	15127546	 174,579 	 7,431.00 	180354.31	180738.17	103.3082	103.5281097	383.86	6/30/2026	Model2501	100	LMMSOFRFLAT	RFRSwap	5.18	5.25	0.70	-0.34	0.007	 13 	0.34	0.11	0.24	0.03	0.06	-0.12	-0.04	3.5	17.5	103.0	119	0.01	21.83	6.38	194.00	174578.84	NEW RESIDENTIAL MORTGAGE LLC	100.00	0.90	0.01	1.88	0.60	0.01	1.10	0.47	0.00	0.58	1.10	0.01	-0.91	1.86	0.02	-2.40	2.63	0.03	-4.67
AFS	614127	31418SPY9	Agency MBS 30yr	G-2-Q	FANNIE MAE	0.06202245	4.5	5/1/2040	2212292	 137,212 	 50,318.31 	146086.16	135692.63	106.4677	98.8928524	-10393.53	6/30/2026	Model2501	100	LMMSOFRFLAT	RFRSwap	4.74	3.01	4.02	-0.01	0.040	 55 	0.15	0.23	0.50	1.40	1.68	0.07	-0.01	4.9	7.8	68.8	45	0.06	13.59	4.99	195.00	68605.88	NA	NA	2.08	0.02	10.35	3.06	0.03	7.56	3.73	0.04	3.95	4.14	0.04	-3.98	4.22	0.04	-7.88	4.31	0.04	-11.69
AFS	614699	31418VBG6	Agency MBS 30yr	G-2-Q	FANNIE MAE	0.16890726	4.5	6/1/2040	1253441	 211,715 	 11,131.28 	225958.22	209370.02	106.7274	98.8922551	-16588.21	6/30/2026	Model2501	100	LMMSOFRFLAT	RFRSwap	4.73	3.04	4.14	-0.14	0.041	 87 	0.14	0.23	0.51	1.34	1.79	0.15	-0.01	5.3	8.2	63.6	42	0.17	8.07	4.94	194.00	106681.13	NA	NA	1.32	0.01	9.26	2.52	0.03	7.27	3.63	0.04	3.97	4.36	0.04	-4.14	4.51	0.04	-8.26	4.67	0.04	-12.34
AFS	613598	31418VUR1	Agency MBS 30yr	G-2-Q	FANNIE MAE	0.03124358	4	8/1/2040	40247677	 1,257,482 	 328,967.48 	1258389.5	1218752.85	100.0722	96.9201405	-39636.65	6/30/2026	Model2501	100	LMMSOFRFLAT	RFRSwap	4.68	3.96	4.17	-0.11	0.041	 509 	0.14	0.22	0.50	1.36	1.82	0.14	-0.01	5.2	7.8	60.3	38	0.03	17.24	4.62	192.00	150965.23	NA	NA	1.31	0.01	9.23	2.59	0.03	7.27	3.71	0.04	3.94	4.39	0.04	-4.08	4.59	0.04	-8.16	4.77	0.04	-12.24
AFS	614200	31419A4N4	Agency MBS 30yr	G-2-Q	FANNIE MAE	0.05816095	3.5	2/1/2041	154822286	 9,004,611 	 1,216,576.62 	9099062.5	8444657.38	101.0489	93.7814766	-654405.12	6/30/2026	Model2501	100	LMMSOFRFLAT	RFRSwap	4.93	3.24	4.29	-0.02	0.040	 3,632 	0.13	0.21	0.48	1.43	1.89	0.15	0.00	5.1	7.4	86.3	63	0.06	14.32	4.06	188.00	135563.08	NA	NA	1.82	0.02	10.30	3.23	0.03	7.67	3.99	0.04	4.00	4.47	0.04	-4.03	4.69	0.04	-8.06	4.84	0.04	-12.08
AFS	614250	31419BBF1	Agency MBS 30yr	G-2-Q	FANNIE MAE	0.06074177	3.5	2/1/2041	25497818	 1,548,783 	 230,320.95 	1554186.95	1442897.39	100.3489	93.163327	-111289.55	6/30/2026	Model2501	100	LMMSOFRFLAT	RFRSwap	5.07	3.40	4.33	-0.01	0.040	 626 	0.13	0.20	0.48	1.43	1.92	0.16	0.00	5.2	7.4	100.2	77	0.06	14.17	4.03	186.00	132440.39	NA	NA	1.94	0.02	10.47	3.33	0.03	7.74	4.04	0.04	4.01	4.51	0.04	-4.04	4.74	0.04	-8.08	4.88	0.04	-12.10
AFS	614132	31419C2C6	Agency MBS 30yr	G-2-Q	FANNIE MAE	0.03187539	3.5	9/1/2040	53962464	 1,720,075 	 156,360.64 	1726617.26	1615242.18	100.3804	93.9053571	-111375.09	6/30/2026	Model2501	100	LMMSOFRFLAT	RFRSwap	4.92	3.39	4.20	0.00	0.040	 681 	0.13	0.21	0.49	1.44	1.81	0.12	0.00	5.0	7.6	86.1	63	0.03	17.29	4.40	190.00	125254.21	NA	NA	1.84	0.02	10.05	3.12	0.03	7.49	3.90	0.04	3.92	4.36	0.04	-3.95	4.55	0.04	-7.88	4.73	0.04	-11.80
AFS	614482	31419CG80	Agency MBS 30yr	G-2-Q	FANNIE MAE	0.03339052	4.5	9/1/2040	2939913	 98,165 	 5,117.51 	104519.95	94997.5	106.4735	96.7730697	-9522.45	6/30/2026	Model2501	100	LMMSOFRFLAT	RFRSwap	5.19	3.16	4.44	0.03	0.043	 42 	0.13	0.20	0.47	1.41	2.04	0.20	-0.01	5.6	7.0	111.2	87	0.03	17.18	4.88	193.00	98165.23	NA	NA	2.17	0.02	11.19	3.37	0.04	8.23	4.14	0.04	4.29	4.57	0.04	-4.28	4.71	0.04	-8.49	4.83	0.04	-12.62
AFS	613371	31419CYA5	Agency MBS ARM	G-2-Q	FANNIE MAE	0.00518746	6.375	9/1/2040	21799437	 113,084 	 4,577.31 	117257.3	116656.94	103.6907	103.1598115	-600.36	6/30/2026	Model2501	100	LMMSOFRFLAT	RFRSwap	5.50	5.37	0.41	-0.33	0.004	 5 	-0.34	0.15	0.24	0.18	0.23	-0.04	-0.03	4.8	10.6	132.1	148	0.01	27.30	7.00	189.00	113083.71	JPMORGAN CHASE BANK, NATIONAL ASSOCIATIO	100.00	1.11	0.01	1.67	0.60	0.01	0.63	0.27	0.00	0.33	0.78	0.01	-0.59	1.88	0.02	-1.79	3.17	0.03	-4.49
AFS	614464	31419DDU2	Agency MBS 30yr	G-2-Q	FANNIE MAE	0.02867423	3.5	10/1/2041	50000000	 1,433,712 	 116,875.71 	1445913.43	1341568.17	100.8511	93.5730913	-104345.25	6/30/2026	Model2501	100	LMMSOFRFLAT	RFRSwap	4.91	3.30	4.48	-0.06	0.042	 603 	0.12	0.20	0.48	1.40	2.06	0.23	0.00	5.4	7.2	81.7	59	0.03	19.23	4.10	177.00	168462.42	NA	NA	1.65	0.02	10.35	3.19	0.03	7.87	4.10	0.04	4.15	4.73	0.04	-4.23	4.97	0.04	-8.47	5.13	0.04	-12.69
AFS	612271	31419E5S4	Agency MBS 30yr	G-2-Q	FANNIE MAE	0.05760173	4	2/1/2041	19643226	 1,131,484 	 104,449.71 	1132589.45	1098218.37	100.0977	97.0600169	-34371.08	6/30/2026	Model2501	100	LMMSOFRFLAT	RFRSwap	4.68	3.95	3.99	-0.07	0.039	 440 	0.15	0.23	0.51	1.37	1.64	0.09	-0.01	4.9	8.4	61.9	39	0.06	14.60	4.38	186.00	137415.42	NA	NA	1.39	0.01	9.31	2.74	0.03	7.15	3.63	0.04	3.81	4.17	0.04	-3.90	4.37	0.04	-7.80	4.57	0.04	-11.72
AFS	613118	31419FM86	Agency MBS 30yr	G-2-Q	FANNIE MAE	0.02433367	3.5	10/1/2040	26041669	 633,689 	 91,463.76 	634218.43	594147.67	100.0835	93.7600797	-40070.76	6/30/2026	Model2501	100	LMMSOFRFLAT	RFRSwap	4.92	3.46	4.30	-0.01	0.040	 256 	0.13	0.21	0.48	1.42	1.90	0.15	0.00	5.2	7.4	85.6	62	0.02	18.79	4.34	189.00	160036.56	NA	NA	1.85	0.02	10.27	3.20	0.03	7.67	4.00	0.04	4.01	4.47	0.04	-4.04	4.68	0.04	-8.06	4.86	0.04	-12.08
AFS	614118	31419FPC4	Agency MBS ARM	G-2-Q	FANNIE MAE	0.0031281	6.56	9/1/2040	19020625	 59,498 	 246,098.03 	61601.54	61466.98	103.5347	103.3085935	-134.56	6/30/2026	Model2501	100	LMMSOFRFLAT	RFRSwap	5.61	5.56	0.35	-0.15	0.004	 2 	-0.40	0.10	0.20	0.21	0.24	0.00	-0.02	4.7	11.7	149.3	160	0.00	28.48	7.00	189.00	59498.42	ROCKET MORTGAGE, LLC	100.00	1.32	0.01	1.93	0.73	0.01	0.71	0.31	0.00	0.33	0.56	0.01	-0.45	1.42	0.01	-1.29	2.58	0.03	-3.50
AFS	614183	31419FVS2	Agency MBS 30yr	G-2-Q	FANNIE MAE	0.03076414	3.5	10/1/2040	26473664	 814,440 	 136,986.70 	823015.53	765567.93	101.053	93.9993606	-57447.61	6/30/2026	Model2501	100	LMMSOFRFLAT	RFRSwap	4.90	3.24	4.18	-0.03	0.039	 321 	0.13	0.22	0.50	1.45	1.79	0.10	0.00	5.0	7.2	84.3	61	0.03	17.53	4.11	189.00	137335.59	NA	NA	1.61	0.02	9.78	3.03	0.03	7.41	3.86	0.04	3.90	4.37	0.04	-3.95	4.57	0.04	-7.89	4.71	0.04	-11.82
AFS	614139	31419GQS6	Agency MBS 30yr	G-2-Q	FANNIE MAE	0.04615477	4	9/1/2040	1882395	 86,882 	 4,747.92 	90968.78	84124.85	104.7044	96.8271078	-6843.92	6/30/2026	Model2501	100	LMMSOFRFLAT	RFRSwap	4.68	3.00	4.43	0.02	0.043	 37 	0.13	0.20	0.47	1.41	2.04	0.18	0.00	5.4	6.9	61.5	36	0.05	15.47	4.75	190.00	86881.51	NA	NA	2.18	0.02	11.20	3.39	0.04	8.21	4.12	0.04	4.27	4.54	0.04	-4.27	4.64	0.04	-8.43	4.77	0.04	-12.51
AFS	613057	31419GQT4	Agency MBS 30yr	G-2-Q	FANNIE MAE	0.07807268	4.5	9/1/2040	1640392	 128,070 	 6,695.30 	135778.74	125868.9	106.0193	98.2814847	-9909.84	6/30/2026	Model2501	100	LMMSOFRFLAT	RFRSwap	4.86	3.21	4.21	-0.12	0.042	 53 	0.14	0.22	0.50	1.35	1.85	0.16	-0.01	5.4	7.7	77.1	55	0.08	12.68	4.88	191.00	128069.80	NA	NA	1.27	0.01	9.37	2.58	0.03	7.41	3.72	0.04	4.03	4.42	0.04	-4.18	4.58	0.04	-8.33	4.75	0.04	-12.45
AFS	614434	31419GYP3	Agency MBS 30yr	G-2-Q	FANNIE MAE	0.03243289	3.5	10/1/2040	26410496	 856,569 	 106,514.73 	866852.21	803564.72	101.2005	93.8120566	-63287.49	6/30/2026	Model2501	100	LMMSOFRFLAT	RFRSwap	4.92	3.21	4.27	0.00	0.040	 344 	0.13	0.21	0.49	1.43	1.87	0.14	0.00	5.1	7.4	85.9	62	0.03	17.29	4.34	189.00	131306.89	NA	NA	1.88	0.02	10.25	3.20	0.03	7.63	3.97	0.04	3.98	4.43	0.04	-4.00	4.63	0.04	-7.99	4.81	0.04	-11.97
AFS	614789	31419GYQ1	Agency MBS 30yr	G-2-Q	FANNIE MAE	0.04433017	3.5	10/1/2040	22546720	 999,500 	 139,337.51 	1004611.52	937961.86	100.5114	93.8431144	-66649.66	6/30/2026	Model2501	100	LMMSOFRFLAT	RFRSwap	4.93	3.36	4.23	0.00	0.040	 398 	0.14	0.21	0.49	1.43	1.84	0.13	0.00	5.1	7.6	86.5	63	0.04	15.62	4.38	189.00	127295.71	NA	NA	1.85	0.02	10.14	3.16	0.03	7.55	3.93	0.04	3.95	4.38	0.04	-3.97	4.58	0.04	-7.92	4.77	0.04	-11.86
AFS	613757	31419HSY9	Agency MBS ARM	G-2-Q	FANNIE MAE	0.0162071	6.315	11/1/2040	25127970	 407,252 	 18,423.01 	420917.67	421160.86	103.3557	103.4154157	243.19	6/30/2026	Model2501	100	LMMSOFRFLAT	RFRSwap	5.56	5.57	0.48	-0.33	0.005	 20 	-0.23	0.12	0.19	0.20	0.23	-0.03	-0.03	4.5	12.4	138.3	153	0.02	20.74	6.75	188.00	103954.48	NEW RESIDENTIAL MORTGAGE LLC	100.00	1.02	0.01	1.50	0.40	0.00	0.71	0.32	0.00	0.39	0.87	0.01	-0.67	2.13	0.02	-2.12	3.08	0.03	-4.79
AFS	612773	31419JEA2	Agency MBS 30yr	G-2-Q	FANNIE MAE	0.05349265	4	12/1/2040	16180000	 865,511 	 110,515.06 	865511.08	834480.38	100	96.414754	-31030.7	6/30/2026	Model2501	100	LMMSOFRFLAT	RFRSwap	4.77	3.98	4.36	-0.09	0.042	 365 	0.13	0.21	0.49	1.39	1.97	0.18	-0.01	5.4	7.0	68.4	45	0.05	14.78	4.41	187.00	152198.59	NA	NA	1.27	0.01	9.81	2.84	0.03	7.67	3.91	0.04	4.12	4.59	0.04	-4.24	4.79	0.04	-8.48	4.94	0.04	-12.67
AFS	613743	31419KDJ1	Agency MBS 30yr	G-2-Q	FANNIE MAE	0.03728598	4	10/1/2040	3514036	 131,024 	 139,020.92 	137409.44	126386.6	104.8733	96.4604451	-11022.84	6/30/2026	Model2501	100	LMMSOFRFLAT	RFRSwap	4.76	2.97	4.37	-0.14	0.042	 55 	0.13	0.21	0.48	1.37	1.97	0.23	0.00	5.4	7.8	65.4	44	0.04	16.67	4.75	190.00	131024.27	NA	NA	1.71	0.02	10.10	2.93	0.03	7.67	3.89	0.04	4.12	4.63	0.04	-4.27	4.83	0.04	-8.55	5.02	0.04	-12.79
AFS	613508	31419KKG9	Agency MBS 30yr	G-2-Q	FANNIE MAE	0.03438727	3.5	11/1/2040	30028433	 1,032,596 	 145,475.32 	1037859.92	969020.71	100.5098	93.8431744	-68839.21	6/30/2026	Model2501	100	LMMSOFRFLAT	RFRSwap	4.91	3.36	4.27	0.01	0.040	 415 	0.13	0.21	0.48	1.44	1.88	0.13	0.00	5.1	7.3	85.4	61	0.03	16.97	4.35	189.00	123219.72	NA	NA	1.95	0.02	10.37	3.25	0.03	7.68	3.99	0.04	4.00	4.43	0.04	-4.01	4.62	0.04	-7.99	4.79	0.04	-11.96
AFS	612394	31419LZY2	Agency MBS 30yr	G-2-Q	FANNIE MAE	0.0482406	4	12/1/2040	25686599	 1,239,137 	 166,604.81 	1235876.5	1200398.38	99.7369	96.8737458	-35478.12	6/30/2026	Model2501	100	LMMSOFRFLAT	RFRSwap	4.69	4.03	4.23	-0.08	0.041	 509 	0.14	0.22	0.50	1.38	1.86	0.15	-0.01	5.2	7.5	60.9	38	0.05	15.42	4.56	187.00	136493.39	NA	NA	1.44	0.02	9.79	2.86	0.03	7.53	3.82	0.04	4.03	4.43	0.04	-4.13	4.62	0.04	-8.24	4.80	0.04	-12.34
AFS	613811	31421ATG8	Agency MBS 30yr	G-2-Q	FANNIE MAE	0.04915819	3.5	11/1/2041	3653433	 179,596 	 14,294.40 	181610.71	168390.78	101.1217	93.7607922	-13219.93	6/30/2026	Model2501	100	LMMSOFRFLAT	RFRSwap	4.90	3.24	4.41	0.04	0.041	 75 	0.13	0.20	0.47	1.45	2.01	0.17	0.00	5.3	6.8	83.6	59	0.05	16.26	3.99	177.00	89798.08	NA	NA	2.30	0.02	11.12	3.54	0.04	8.05	4.16	0.04	4.14	4.55	0.04	-4.12	4.71	0.04	-8.18	4.83	0.04	-12.19
AFS	614849	31421ATH6	Agency MBS 30yr	G-2-Q	FANNIE MAE	0.05430437	4	11/1/2041	7299373	 396,388 	 32,098.16 	404233.91	384320.08	101.9794	96.9555634	-19913.83	6/30/2026	Model2501	100	LMMSOFRFLAT	RFRSwap	4.68	3.53	4.22	-0.01	0.041	 163 	0.13	0.21	0.49	1.49	1.84	0.07	0.00	5.1	6.2	63.7	39	0.05	15.83	4.32	177.00	157295.67	NA	NA	1.68	0.02	10.34	3.13	0.03	7.77	3.92	0.04	4.06	4.38	0.04	-4.10	4.53	0.04	-8.16	4.60	0.04	-12.15
AFS	614523	31426KTB2	Agency MBS 30yr	G-2-Q	FREDDIE MAC	0.69070846	6	4/1/2055	1387401	 958,290 	 434,855.57 	976738.64	989473.39	101.9252	103.2541086	12734.75	6/30/2026	Model2501	100	LMMSOFRFLAT	RFRSwap	5.36	5.62	3.18	-2.03	0.033	 316 	0.24	0.32	0.46	0.80	0.93	0.45	0.00	6.4	12.5	64.1	94	0.69	26.39	6.90	15.00	223890.39	NA	NA	1.28	0.01	4.29	0.83	0.01	3.12	1.26	0.01	2.25	4.89	0.05	-4.19	5.88	0.06	-9.46	6.50	0.06	-15.13
AFS	613287	31426L2A1	Agency MBS 30yr	G-2-Q	FREDDIE MAC	0.81675072	6	3/1/2055	1529245	 1,249,012 	 273,138.37 	1280465.27	1293642.66	102.5183	103.5732811	13177.39	6/30/2026	Model2501	100	LMMSOFRFLAT	RFRSwap	5.42	5.59	3.59	-1.88	0.037	 466 	0.20	0.33	0.49	0.90	1.14	0.55	-0.01	7.3	9.5	67.7	96	0.82	14.92	6.74	17.00	253997.94	NA	NA	1.24	0.01	4.29	0.64	0.01	3.26	1.26	0.01	2.56	5.12	0.05	-4.52	6.02	0.06	-9.94	6.66	0.06	-15.75
AFS	612509	31426NG53	Agency MBS 30yr	G-2-Q	FREDDIE MAC	0.72998111	6	5/1/2055	1342172	 979,760 	 368,748.15 	999371.39	1008258.89	102.0016	102.9087408	8887.49	6/30/2026	Model2501	100	LMMSOFRFLAT	RFRSwap	5.28	5.49	2.47	-1.87	0.026	 250 	0.30	0.33	0.42	0.63	0.57	0.23	-0.01	5.1	16.3	57.5	89	0.73	24.43	6.96	14.00	206326.22	NA	NA	1.04	0.01	3.13	0.61	0.01	2.21	0.85	0.01	1.64	4.10	0.04	-3.40	5.13	0.05	-7.95	5.91	0.05	-13.09
AFS	614762	31426RAN1	Agency MBS 30yr	G-2-Q	FREDDIE MAC	0.7886251	6	6/1/2055	1370931	 1,081,151 	 294,851.56 	1099494.8	1110874.57	101.6967	102.7492903	11379.76	6/30/2026	Model2501	100	LMMSOFRFLAT	RFRSwap	5.30	5.55	2.84	-1.59	0.029	 317 	0.27	0.30	0.42	0.72	0.78	0.34	0.01	5.2	16.3	68.9	92	0.79	20.30	6.89	13.00	201386.17	NA	NA	1.19	0.01	4.14	0.71	0.01	3.12	1.39	0.01	2.15	4.28	0.04	-3.65	5.25	0.05	-8.32	5.97	0.05	-13.51
AFS	612658	31426RAV3	Agency MBS 30yr	G-2-Q	FREDDIE MAC	0.98684767	5.5	6/1/2055	1164096	 1,148,785 	 15,260.48 	1145038.15	1159708.83	99.6738	100.9508658	14670.68	6/30/2026	Model2501	100	LMMSOFRFLAT	RFRSwap	5.33	5.56	3.74	-1.62	0.038	 436 	0.21	0.33	0.49	0.93	1.16	0.62	0.04	6.6	10.5	67.2	92	0.99	0.18	6.43	14.00	234942.86	NA	NA	1.26	0.01	5.07	0.92	0.01	3.86	1.65	0.02	2.78	5.08	0.05	-4.46	5.87	0.05	-9.65	6.46	0.06	-15.15
AFS	614807	31426RXA4	Agency MBS 30yr	G-2-Q	FREDDIE MAC	0.98800187	6	5/1/2055	1051763	 1,039,144 	 12,985.93 	1068530.7	1075921.37	102.828	103.5392173	7390.67	6/30/2026	Model2501	100	LMMSOFRFLAT	RFRSwap	5.36895	5.492936	3.191228867	-1.997548	0.033195976	 345 	0.2319	0.3389	0.4876	0.8547	0.9266	0.388	-0.0155	6.6055	10.788	64.1754	93.84538	0.98800187	0.1044	6.634	14	214871.0469	NA	NA	1.167	0.012575473	3.73207092	0.6182	0.006598173	2.71414853	0.9833	0.010439758	2.15023197	4.7626	0.047565036	-4.15152614	5.6616	0.053651232	-9.25843542	6.3193	0.0563909	-14.78604849
AFS	614747	31426RXB2	Agency MBS 30yr	G-2-Q	FREDDIE MAC	0.97832315	5.5	5/1/2055	1805565	 1,766,426 	 39,224.58 	1769944.74	1783537.61	100.1992	100.9687117	13592.87	6/30/2026	Model2501	100	LMMSOFRFLAT	RFRSwap	5.337015	5.466832	3.608170033	-2.001713	0.03659109	 646 	0.2259	0.33	0.4632	0.8647	1.1041	0.6211	0.0271	6.6475	9.7839	59.9244	90.44125	0.97832315	1.0087	6.39	16	303988.0938	NA	NA	1.1829	0.012524843	4.46659369	0.8639	0.009048659	3.3284947	1.2899	0.013401645	2.48117349	5.2167	0.050568476	-4.47583429	6.1262	0.056086224	-9.85975044	6.767	0.058070529	-15.59731891
AFS	620124	31426SJV2	Agency MBS 30yr	G-2-Q	FREDDIE MAC	0.76599759	6.5	7/1/2055	1166943	 893,876 	 283,696.61 	931672.13	929662.96	104.2284	104.0036266	-2009.17	6/30/2026	Model2501	100	LMMSOFRFLAT	RFRSwap	5.214674	5.148891	2.270958424	-1.053218	0.023737701	 212 	0.2994	0.2944	0.3918	0.6126	0.5248	0.1579	-0.0111	4.1676	21.1426	75.7365	85.8265	0.76599759	22.6765	7.449	14	146358.5156	NA	NA	1.2439	0.013535475	4.28986588	0.9665	0.01040483	3.13126863	1.4562	0.015499786	1.91475113	3.288	0.03342022	-2.88311774	4.2007	0.041124646	-6.62713078	5.0183	0.046905112	-11.05863003
AFS	620134	31426SJW0	Agency MBS 30yr	G-2-Q	FREDDIE MAC	0.80968811	5.5	6/1/2055	1254000	 1,015,349 	 238,676.70 	1020052.35	1027143.76	100.4632	101.1616564	7091.4	6/30/2026	Model2501	100	LMMSOFRFLAT	RFRSwap	5.259151	5.397106	3.388858318	-1.960717	0.034432396	 350 	0.2438	0.3207	0.4533	0.8089	0.992	0.5565	0.0362	6.0203	12.6404	54.102	86.42752	0.80968811	18.123	6.549	13	213802.2656	NA	NA	1.1017	0.011678642	4.40484172	0.8356	0.008767467	3.31598793	1.3918	0.014476429	2.40723395	5.0694	0.049333401	-4.2884871	6.1316	0.056389004	-9.64031451	6.7567	0.058252204	-15.39062466
AFS	642741	31426VAH5	Agency MBS 30yr	G-2-Q	FREDDIE MAC	0.72815083	6	7/1/2055	1085316	 790,274 	 302,304.81 	812874.75	813526.52	102.8599	102.9423697	651.77	6/30/2026	Model2501	100	LMMSOFRFLAT	RFRSwap	5.329166	5.347002	3.197314978	-1.539904	0.033068456	 261 	0.2437	0.3126	0.439	0.8009	0.9929	0.4167	0.0064	5.7563	14.325	74.468	93.25267	0.72815083	28.5213	6.953	12	139169.3281	NA	NA	1.0906	0.011773784	4.53415592	0.6886	0.007375208	3.68058	1.6849	0.017849259	2.51256094	4.5694	0.045434315	-3.99331885	5.4381	0.051414907	-8.87984471	6.0503	0.053997967	-14.17687873
AFS	647945	31426XTE8	Agency MBS 30yr	G-2-Q	FREDDIE MAC	0.99025418	5.5	7/1/2055	1034523	 1,024,441 	 10,222.48 	1038319.49	1028666.4	101.3548	100.4124857	-9653.09	6/30/2026	Model2501	100	LMMSOFRFLAT	RFRSwap	5.429207	5.269349	4.07310915	-1.493278	0.041079562	 421 	0.1966	0.3056	0.4729	0.9629	1.3506	0.7495	0.0611	6.8541	10.022	80.4468	100.3629	0.99025418	0.0172	6.376	13	228551.8281	NA	NA	1.4677	0.015708568	6.17470136	1.1443	0.012082491	4.73321453	2.1667	0.022545848	3.19897391	5.3211	0.051166147	-4.69908359	6.0962	0.055349767	-10.06209742	6.6364	0.056526393	-15.67954698
AFS	681904	31427CPT4	Agency MBS 30yr	G-2-Q	FREDDIE MAC	0.90766018	6	9/1/2055	1458667	 1,323,974 	 137,569.56 	1365288.49	1360373.06	103.1205	102.7492313	-4915.43	6/30/2026	Model2501	100	LMMSOFRFLAT	RFRSwap	5.299466	5.211234	2.82362175	-1.615109	0.029148972	 386 	0.2649	0.3148	0.4442	0.7385	0.7634	0.3114	0.0023	5.1747	16.3696	68.6687	92.54713	0.90766018	11.2134	6.915	10	177688.8906	NA	NA	1.1866	0.01272489	4.00210135	0.6826	0.007248618	2.96437161	1.3005	0.013698018	2.09950217	4.2595	0.042422041	-3.6394128	5.2752	0.050072197	-8.31219299	5.9701	0.053555824	-13.52656039
AFS	681901	31427D7B1	Agency MBS 30yr	G-2-Q	FREDDIE MAC	0.98798444	6.5	10/1/2055	1146573	 1,132,796 	 14,409.58 	1183422.74	1177018.74	104.4692	103.9038315	-6404	6/30/2026	Model2501	100	LMMSOFRFLAT	RFRSwap	5.477817	5.340393	2.665699482	-1.472312	0.027837219	 315 	0.272	0.2953	0.4132	0.714	0.7362	0.2454	-0.0086	5.1197	17.0288	93.1101	109.5225	0.98798444	0.8551	7.344	9	182478.4062	NA	NA	1.4103	0.015344118	4.37423576	0.831	0.008938555	3.13396102	1.4188	0.015114669	2.10442944	3.9963	0.040346045	-3.46824015	4.9412	0.047689017	-7.91429177	5.5389	0.050708309	-12.87834043
AFS	694925	31427GW34	Agency MBS 30yr	G-2-Q	FREDDIE MAC	0.9912696	5.5	10/1/2055	1115694	 1,105,954 	 8,898.23 	1132719.02	1114356.93	102.4201	100.759832	-18362.08	6/30/2026	Model2501	100	LMMSOFRFLAT	RFRSwap	5.349794	5.042731	4.054204464	-1.474162	0.041029721	 454 	0.2017	0.3024	0.4703	0.9369	1.366	0.7418	0.0607	6.6457	11.4624	74.6134	95.13635	0.9912696	0.1737	6.485	9	158703.4531	NA	NA	1.2133	0.013011998	6.03850757	1.1019	0.011687302	4.86456072	2.2475	0.023474835	3.24391326	5.3704	0.051813457	-4.72385994	6.2581	0.056950796	-10.19975956	6.8737	0.058566544	-15.99923628
AFS	614178	3142BBC40	Agency MBS ARM	G-2-Q	FREDDIE MAC	0.85887813	4.902	5/1/2055	38934060	 33,439,613 	 4,876,660.36 	33051669.61	33367008.36	98.8399	99.7828794	315338.75	6/30/2026	Model2501	100	LMMSOFRFLAT	RFRSwap	4.994223	5.239905	2.648914576	-0.8941184	0.026536234	 8,874 	0.2182	0.3369	0.5279	1.604	0.1632	-0.1543	-0.0549	4.26	18.8953	71.252	94.58778	0.85887813	11.0466	5.557	13	447750.6875	PENNYMAC LOAN SERVICES, LLC	100	1.5407	0.016149409	4.63797135	1.0386	0.010746306	3.29560237	1.5068	0.015413524	2.11230927	3.3657	0.03270426	-3.00870775	3.7633	0.035281878	-6.42558999	4.1043	0.036993537	-10.04477595
AFS	613520	3142GR6Q8	Agency MBS 30yr	G-2-Q	FREDDIE MAC	0.77212133	6	6/1/2054	86355272	 66,676,747 	 13,598,022.73 	67984588.39	69295261.83	101.9615	103.9271777	1310673.44	6/30/2026	Model2501	100	LMMSOFRFLAT	RFRSwap	5.081925	5.522491	2.071522713	-2.220149	0.021628873	 14,421 	0.3061	0.3518	0.4416	0.565	0.3811	0.0858	-0.0501	5.0504	15.564	31.2491	68.48502	0.77212133	11.1848	6.971	25	225811.9219	NA	NA	0.9823	0.010478171	2.25871383	0.56	0.005927129	1.42383206	0.3667	0.003868957	1.11021985	3.8543	0.039031871	-3.14237319	4.9035	0.047502846	-7.53437832	5.635	0.051782791	-12.51554097
AFS	620122	3142GU5P4	Agency MBS 30yr	G-2-Q	FREDDIE MAC	0.92224979	5	7/1/2055	1252221	 1,154,861 	 97,314.81 	1154273.58	1151492.1	99.9492	99.7083239	-2781.47	6/30/2026	Model2501	100	LMMSOFRFLAT	RFRSwap	5.045457	5.005635	4.815773487	-1.037249	0.048211239	 557 	0.136	0.256	0.4882	1.1096	1.8246	0.9782	0.0403	7.566	8.7494	53.9695	61.70566	0.92224979	7.2877	5.987	14	120003.9219	NA	NA	0.9527	0.010238357	7.35286661	1.2473	0.013269399	6.27054355	3.0562	0.031853594	4.11562986	5.8307	0.055317972	-5.23737032	6.5082	0.058038902	-10.93337473	6.9725	0.058111131	-16.76747584
AFS	620154	3142GU5Q2	Agency MBS 30yr	G-2-Q	FREDDIE MAC	0.92457445	5.5	7/1/2055	5583377	 5,162,248 	 429,584.77 	5261923.57	5237836.03	101.9309	101.464252	-24087.53	6/30/2026	Model2501	100	LMMSOFRFLAT	RFRSwap	5.244244	5.16451	3.951959848	-1.571112	0.040273357	 2,079 	0.1885	0.3136	0.5004	0.9819	1.2948	0.6655	0.0318	6.9713	10.1196	59.7423	82.25052	0.92457445	7.1526	6.469	13	165850.7344	NA	NA	1.1385	0.012178474	5.06195207	0.6546	0.006939468	4.09569474	1.8214	0.019107986	2.99972249	5.2975	0.05150928	-4.67395811	6.1388	0.056354582	-10.10643433	6.7676	0.058232117	-15.86155095
AFS	620137	3142GU5R0	Agency MBS 30yr	G-2-Q	FREDDIE MAC	0.91332574	6	7/1/2055	10397640	 9,496,432 	 935,214.26 	9844625.22	9760885.22	103.6666	102.7847613	-83740	6/30/2026	Model2501	100	LMMSOFRFLAT	RFRSwap	5.45912	5.294695	3.103022099	-2.070039	0.032044318	 3,043 	0.2465	0.3289	0.4601	0.7913	0.8927	0.4017	-0.0024	6.2373	12.2925	72.8875	104.1674	0.91332574	8.4543	6.841	13	197458.2969	NA	NA	1.1273	0.012073909	3.83267391	0.6261	0.006643467	2.84220556	1.1554	0.012178481	2.14037791	4.7217	0.04684547	-4.05530905	5.6482	0.053182658	-9.1102501	6.2969	0.055843454	-14.5847248
AFS	613667	3142GUCQ4	Agency MBS 30yr	G-2-Q	FREDDIE MAC	0.59140582	6	3/1/2055	5024734	 2,971,657 	 1,805,696.73 	3047336.5	3068185.87	102.5467	103.2483203	20849.36	6/30/2026	Model2501	100	LMMSOFRFLAT	RFRSwap	5.41504	5.538756	3.032152891	-2.349941	0.031453025	 935 	0.2412	0.314	0.4676	0.8157	0.8436	0.3857	-0.0169	6.5936	11.5479	60.6697	97.58562	0.59140582	33.6029	6.899	17	308274.1875	NA	NA	1.1748	0.012598523	3.50529619	0.722	0.00766909	2.49030603	0.844	0.008917399	1.92438704	4.8841	0.04864496	-4.1324491	5.9041	0.055684511	-9.41683951	6.5996	0.058461595	-15.14780286
AFS	613013	3142GUCR2	Agency MBS 30yr	G-2-Q	FREDDIE MAC	0.98460397	5.5	56674	5944611	5853087.59	74583.4	5898994.69	5936972.76	100.7843	101.4331781	37978.07	6/30/2026	Model2501	100	LMMSOFRFLAT	RFRSwap	5.265504	5.371842	3.761501551	-1.911623	0.038320761	 2,243 	0.2074	0.3223	0.4841	0.9119	1.1752	0.6591	0.029	7.0084	9.4177	52.9693	82.51729	0.98460397	0.0813	6.452	17	281816.1875	NA	NA	1.1357	0.012094776	4.61634155	0.7672	0.008087984	3.54702978	1.438	0.015032727	2.66034249	5.3327	0.051865228	-4.61704933	6.2464	0.057311114	-10.12618304	6.9053	0.059309512	-15.98649953
AFS	613987	3142GUCS0	Agency MBS 30yr	G-2-Q	FREDDIE MAC	0.98339814	5	56646	4963813	4881404.47	65047.54	4814323.12	4836179.29	98.6258	99.0735212	21856.18	6/30/2026	Model2501	100	LMMSOFRFLAT	RFRSwap	5.144797	5.215173	4.719320774	-1.423953	0.04694606	 2,292 	0.1503	0.2748	0.4853	1.0485	1.6411	1.0477	0.1001	7.7595	8.2031	54.4316	68.51591	0.98339814	0.0734	5.984	18	295216.8438	NA	NA	1.3095	0.013874045	6.47275723	0.9304	0.009749762	5.31315335	2.5199	0.026015364	3.76512768	5.9728	0.056287255	-5.23741121	6.7824	0.059953496	-11.08038014	7.3375	0.060416553	-17.13667208
AFS	612391	3142GUPG2	Agency MBS 30yr	G-2-Q	FREDDIE MAC	0.96961461	5.5	56735	2895307	2807331.97	72751.02	2828071.88	2848434.68	100.7388	101.4641203	20362.8	6/30/2026	Model2501	100	LMMSOFRFLAT	RFRSwap	5.278264	5.390228	4.170161247	-1.691908	0.042496935	 1,193 	0.1736	0.3002	0.493	1.0096	1.4088	0.7814	0.028	7.6222	8.2489	59.6676	81.73012	0.96961461	1.6569	6.308	15	241470.5312	NA	NA	1.109	0.011859954	5.03399724	0.5997	0.006356913	4.09586948	1.7755	0.018649956	3.13371219	5.583	0.054142278	-4.92959214	6.4249	0.058655579	-10.61339064	7.0014	0.059750244	-16.56650655
AFS	620117	3142GVBC4	Agency MBS 30yr	G-2-Q	FREDDIE MAC	0.98166702	5.5	56796	2499251	2453432.28	46291.22	2478044.26	2484094.25	101.0032	101.2497583	6049.99	6/30/2026	Model2501	100	LMMSOFRFLAT	RFRSwap	5.31139	5.349406	3.8948071	-2.063554	0.039607387	 972 	0.2025	0.3215	0.4689	0.9139	1.2399	0.7343	0.0425	7.3997	8.5266	53.6767	85.71167	0.98166702	0.8887	6.507	12	237607.9062	NA	NA	0.992	0.010514057	4.29607463	0.6106	0.006415163	3.36677004	1.341	0.013996018	2.67395928	5.5717	0.053987328	-4.79779371	6.52	0.059437435	-10.53119553	7.185	0.061146349	-16.59006929
AFS	620107	3142GVBD2	Agency MBS 30yr	G-2-Q	FREDDIE MAC	0.92600435	6	56796	6181537	5724130.15	471808.02	5899099.76	5883533.6	103.0567	102.7847629	-15566.15	6/30/2026	Model2501	100	LMMSOFRFLAT	RFRSwap	5.453467	5.402037	3.083993435	-1.919618	0.031847812	 1,823 	0.2463	0.322	0.4537	0.7895	0.8972	0.3929	-0.0018	6.1342	12.5458	72.9234	103.2912	0.92600435	7.0756	6.844	12	270697.7812	NA	NA	1.255	0.013485815	4.18835443	0.9142	0.00971503	2.99937713	1.1739	0.012376038	2.15643516	4.6094	0.04576245	-3.986474	5.4523	0.051455129	-8.89553915	6.0278	0.053702299	-14.17740108
AFS	620104	3142GVBE0	Agency MBS 30yr	G-2-Q	FREDDIE MAC	0.91103156	6.5	56796	4021596	3663800.88	377641.57	3861817.15	3845217.8	105.4047	104.9516044	-16599.35	6/30/2026	Model2501	100	LMMSOFRFLAT	RFRSwap	5.387363	5.291863	2.367436171	-1.967661	0.024970584	 915 	0.2824	0.3255	0.429	0.6523	0.5766	0.1494	-0.0426	5.5903	14.7339	70.1193	97.09849	0.91103156	8.7653	7.157	13	172368.7812	NA	NA	1.1856	0.012871602	3.09541645	0.4998	0.005378076	2.13307617	0.8448	0.009043757	1.57258967	3.9905	0.040742159	-3.37724271	4.9647	0.048444636	-7.89745351	5.6164	0.051970061	-12.94281801
AFS	641714	3142GVHJ3	Agency MBS 30yr	G-2-Q	FREDDIE MAC	0.95681669	6	56827	1060791	1014982.53	47683.75	1054180.39	1045669.86	103.8619	103.0234335	-8510.54	6/30/2026	Model2501	100	LMMSOFRFLAT	RFRSwap	5.443206	5.29414	2.882303476	-2.395034	0.029833792	 303 	0.2585	0.3278	0.4498	0.7302	0.7971	0.3575	-0.0247	6.343	11.673	62.5123	100.9945	0.95681669	4.1714	6.956	12	257566.7812	NA	NA	1.0246	0.010915014	3.021565	0.6048	0.00639013	2.14704758	0.6687	0.007037914	1.74033122	4.7816	0.047577247	-4.00587296	5.802	0.054721091	-9.19208163	6.4485	0.057194255	-14.81266702
AFS	641713	3142GVHK0	Agency MBS 30yr	G-2-Q	FREDDIE MAC	0.99082338	5.5	56827	1152796	1142217.23	10775.47	1162935	1146870.22	101.8138	100.4073652	-16064.78	6/30/2026	Model2501	100	LMMSOFRFLAT	RFRSwap	5.427577	5.185484	3.695239544	-2.145228	0.037266646	 426 	0.2292	0.319	0.4541	0.866	1.1231	0.677	0.0574	6.5378	10.6567	65.8863	101.356	0.99082338	0.0012	6.555	11	327218.0625	NA	NA	1.0869	0.011451206	4.50202309	0.8617	0.008987825	3.45084264	1.39	0.01437303	2.54940131	5.3913	0.051905137	-4.57488113	6.3387	0.057516988	-10.11044092	6.9689	0.059157822	-15.9615791
AFS	662049	3142GVL58	Agency MBS 30yr	G-2-Q	FREDDIE MAC	0.92954731	5.5	56858	3911343	3635778.36	284176.03	3746569.3	3684066.37	103.0472	101.3281339	-62502.93	6/30/2026	Model2501	100	LMMSOFRFLAT	RFRSwap	5.286353	5.01328	3.734388113	-2.227094	0.038005311	 1,382 	0.2149	0.322	0.4654	0.8901	1.1569	0.6754	0.0417	7.0313	9.5825	50.6979	85.0286	0.92954731	8.2658	6.516	10	247727.9375	NA	NA	1.1324	0.012032864	4.4914433	0.8656	0.00910077	3.36512025	1.3141	0.013710468	2.56095575	5.4649	0.05305836	-4.68163945	6.3985	0.058511697	-10.32490347	7.0205	0.060022388	-16.27537216
AFS	662048	3142GVL66	Agency MBS 30yr	G-2-Q	FREDDIE MAC	0.81204378	6	56858	5137863	4172169.69	1008998.62	4351136.35	4298089.22	104.2895	103.0180826	-53047.12	6/30/2026	Model2501	100	LMMSOFRFLAT	RFRSwap	5.337677	5.075443	2.580318928	-2.14958	0.026706668	 1,114 	0.2817	0.3175	0.4211	0.6608	0.6544	0.2734	-0.0166	5.6595	14.3066	55.4359	92.4433	0.81204378	23.4399	6.814	10	261481.2656	NA	NA	1.065	0.011367744	3.24246819	0.7596	0.008032336	2.24439034	0.8091	0.008508191	1.65422469	4.4911	0.044831607	-3.67916586	5.5933	0.053060122	-8.63806617	6.2653	0.055999711	-14.12077169
AFS	681898	3142GVR60	Agency MBS 30yr	G-2-Q	FREDDIE MAC	0.96224484	5.5	56888	2751058	2647191.37	106966.4	2721851.24	2699069.94	102.8203	101.9597593	-22781.3	6/30/2026	Model2501	100	LMMSOFRFLAT	RFRSwap	5.207944	5.079833	4.496385574	-1.500002	0.046044253	 1,219 	0.1485	0.2772	0.4871	1.0812	1.6523	0.8518	0.0235	8.0587	8.0536	58.0725	74.60674	0.96224484	4.5576	6.544	10	190025.7031	NA	NA	1.2055	0.013054514	5.88969743	0.6714	0.007200498	4.84868696	2.2224	0.023555124	3.584982	5.7669	0.056060728	-5.19219493	6.5169	0.05955971	-11.01063209	6.9934	0.059720255	-17.00706569
AFS	681905	3142GVR78	Agency MBS 30yr	G-2-Q	FREDDIE MAC	0.99088382	5	56858	910894	902590.13	8395.99	912353.46	891563.47	101.0817	98.7783318	-20789.99	6/30/2026	Model2501	100	LMMSOFRFLAT	RFRSwap	5.18336	4.848068	5.098782539	-1.310905	0.050570291	 456 	0.1207	0.2618	0.495	1.1005	1.8356	1.189	0.1254	8.4212	7.5409	59.2204	71.40944	0.99088382	0.1469	6.038	11	193943.2656	NA	NA	1.2719	0.013480003	6.80185556	0.6932	0.007275929	5.78385394	2.8696	0.029657301	4.17044341	6.2863	0.058859512	-5.54920361	7.0396	0.061650716	-11.60357254	7.5151	0.061171569	-17.78270791
AFS	689278	3142GVWR8	Agency MBS 30yr	G-2-Q	FREDDIE MAC	0.99025964	5	56888	1007516	997702.43	9939.3	1010611.23	986715.57	101.2939	98.898784	-23895.66	6/30/2026	Model2501	100	LMMSOFRFLAT	RFRSwap	5.168644	4.811172	5.194247246	-1.268856	0.051579688	 515 	0.1184	0.2387	0.4786	1.1103	1.9134	1.2376	0.1276	8.4614	8.0872	58.0819	71.12189	0.99025964	0.4714	6.082	9	200396.5625	NA	NA	1.2748	0.013609634	7.45510193	1.0372	0.010955738	6.32690491	3.1139	0.03227004	4.32933425	6.3859	0.059808716	-5.64377475	7.1519	0.062584773	-11.79348256	7.5861	0.061642356	-18.0440834
AFS	689279	3142GVWS6	Agency MBS 30yr	G-2-Q	FREDDIE MAC	0.96538635	5.5	56888	5357925	5172467.66	191426.75	5334296.62	5258640.58	103.1287	101.6659924	-75656.04	6/30/2026	Model2501	100	LMMSOFRFLAT	RFRSwap	5.237833	5.010301	4.454511166	-1.365825	0.045484588	 2,353 	0.1506	0.2882	0.5063	1.0624	1.5884	0.8365	0.0424	7.7952	8.8348	63.6189	78.92489	0.96538635	4.7964	6.483	9	148906.125	NA	NA	1.1051	0.011952398	6.0443156	0.7611	0.008162774	5.1454539	2.4003	0.025381096	3.63398291	5.6512	0.054822773	-5.09745243	6.3891	0.058343071	-10.79255955	6.8829	0.058802113	-16.67687515
AFS	689280	3142GVWT4	Agency MBS 30yr	G-2-Q	FREDDIE MAC	0.90530201	6	56919	3695965	3345964.54	368184.07	3516291.44	3494570.45	105.0905	104.4413473	-21720.99	6/30/2026	Model2501	100	LMMSOFRFLAT	RFRSwap	5.28249	5.180964	3.882102013	-1.683871	0.040732831	 1,363 	0.1778	0.3074	0.5014	0.9944	1.3375	0.5945	-0.0119	7.6693	9.3689	61.4338	82.63255	0.90530201	14.7804	6.777	9	163250.3438	NA	NA	1.0741	0.011761611	4.58154995	0.354	0.003852099	3.88068335	1.6814	0.018144317	2.98429602	5.2828	0.052905377	-4.77910989	6.1055	0.057739414	-10.35497001	6.6537	0.059019543	-16.22219491
AFS	696160	3142GVX71	Agency MBS 30yr	G-2-Q	FREDDIE MAC	0.99334583	5.5	56919	1224260	1216113.57	8389.55	1251797.28	1230347.2	102.9342	101.1704197	-21450.09	6/30/2026	Model2501	100	LMMSOFRFLAT	RFRSwap	5.324421	5.057616	4.402943611	-1.650263	0.044739839	 544 	0.1602	0.2966	0.4961	1.0203	1.4996	0.8881	0.0676	7.9707	8.493	66.649	86.18593	0.99334583	0.0001	6.323	8	247688.3438	NA	NA	1.1337	0.0121185	5.27924014	0.4705	0.004985045	4.33279107	1.9592	0.02057012	3.38023511	5.7733	0.055710036	-5.11823214	6.6181	0.060008038	-10.94024304	7.1521	0.060509507	-17.00995945
AFS	696191	3142GVX89	Agency MBS 30yr	G-2-Q	FREDDIE MAC	0.99475942	6.5	56919	1034307	1028886.63	5774.39	1095074.46	1082895.05	106.433	105.2492096	-12179.42	6/30/2026	Model2501	100	LMMSOFRFLAT	RFRSwap	5.343074	5.100026	2.651911259	-1.68706	0.028050015	 289 	0.2594	0.3227	0.4559	0.738	0.71	0.2006	-0.0328	5.7591	14.5081	73.3218	92.87423	0.99475942	-0.0447	7.341	9	141905.0156	NA	NA	1.1198	0.012248617	3.60760593	0.5342	0.005799138	2.7755474	1.1779	0.012690245	1.96556921	4.0864	0.041763529	-3.57107028	4.914	0.047990274	-8.11208637	5.4577	0.050598286	-13.06288735
AFS	691738	3142GVXA4	Agency MBS 30yr	G-2-Q	FREDDIE MAC	0.99337937	5	56919	1525915	1515812.48	10261.16	1539170.96	1499119.98	101.541	98.8987752	-40050.98	6/30/2026	Model2501	100	LMMSOFRFLAT	RFRSwap	5.170683	4.770042	4.868479729	-1.382826	0.048344761	 733 	0.1355	0.2735	0.5053	1.0931	1.6916	1.078	0.117	7.9048	8.3344	56.1162	72.19222	0.99337937	-0.0773	6.036	9	178605.9062	NA	NA	1.2573	0.013342557	6.818729	0.9948	0.010443245	5.67669971	2.7287	0.028171077	3.93803332	6.0889	0.057200685	-5.35913779	6.8316	0.060144864	-11.26241303	7.332	0.060116354	-17.31006101
AFS	691737	3142GVXB2	Agency MBS 30yr	G-2-Q	FREDDIE MAC	0.9054373	5.5	56919	2003597	1814131.46	195800.8	1881126.73	1849687.03	103.693	101.9599226	-31439.7	6/30/2026	Model2501	100	LMMSOFRFLAT	RFRSwap	5.186862	4.915874	4.236020088	-1.573938	0.043378104	 787 	0.1675	0.2971	0.4966	1.0143	1.454	0.7931	0.0375	7.6998	9.0363	53.6963	73.56066	0.9054373	14.7018	6.487	9	171342.2031	NA	NA	1.0603	0.0114069	5.18226855	0.5106	0.005451336	4.3571843	1.9558	0.020668246	3.27613298	5.6192	0.054734107	-4.99683494	6.4513	0.059140682	-10.73056919	7.0196	0.06014093	-16.72740019
AFS	691736	3142GVXC0	Agency MBS 30yr	G-2-Q	FREDDIE MAC	0.9235557	6	56919	1337094	1234880.79	107339.85	1294800.69	1267634.02	104.8523	102.6523399	-27166.67	6/30/2026	Model2501	100	LMMSOFRFLAT	RFRSwap	5.49437	5.094736	3.502569199	-1.744214	0.036123984	 446 	0.216	0.3141	0.4746	0.8822	1.1163	0.5083	0.0084	6.5391	11.8652	84.0618	107.8057	0.9235557	11.8336	6.857	9	124298.9531	NA	NA	0.9824	0.010582832	4.59058871	0.66	0.007059266	3.82181494	1.7088	0.018081559	2.67718432	4.9309	0.048713703	-4.34332487	5.7507	0.053835396	-9.52077267	6.2972	0.05549752	-15.00574947
AFS	693650	3142GVXT3	Agency MBS 30yr	G-2-Q	FREDDIE MAC	0.99299919	5	56919	1311110	1301931.17	9317.95	1321294.86	1289814.52	101.4873	99.069333	-31480.33	6/30/2026	Model2501	100	LMMSOFRFLAT	RFRSwap	5.14536	4.775078	4.890617371	-1.504421	0.048648003	 633 	0.1359	0.2687	0.4938	1.0575	1.6855	1.1491	0.13	8.1332	8.432	51.8017	68.68273	0.99299919	-0.0179	5.977	8	190237.0781	NA	NA	1.1638	0.012312496	6.31988731	0.7142	0.007487996	5.37887866	2.5762	0.02662893	3.8937239	6.2178	0.058465719	-5.44285203	7.0377	0.061917331	-11.49199516	7.5918	0.062055297	-17.73263272
AFS	693651	3142GVXU0	Agency MBS 30yr	G-2-Q	FREDDIE MAC	0.98927118	5.5	56919	1968897	1947773.06	21858.33	2013768.57	1985324.15	103.3883	101.9278987	-28444.41	6/30/2026	Model2501	100	LMMSOFRFLAT	RFRSwap	5.207951	4.98865	4.525119305	-1.380492	0.046324082	 902 	0.1422	0.2902	0.5088	1.0744	1.6098	0.8719	0.0468	8.0557	8.4473	59.8056	74.57704	0.98927118	0.7228	6.418	8	163648.2656	NA	NA	1.1086	0.011995105	5.82760434	0.5297	0.00568737	4.99344702	2.3573	0.025003251	3.69422971	5.7174	0.055568527	-5.17906249	6.4471	0.05894646	-10.93954294	6.9201	0.059163552	-16.87566886
AFS	710153	3142GWB57	Agency MBS 30yr	G-2-Q	FREDDIE MAC	0.99356755	5.5	56949	1096769	1089714.09	7266.56	1121848.33	1105672.02	102.9489	101.4644143	-16176.31	6/30/2026	Model2501	100	LMMSOFRFLAT	RFRSwap	5.264371	5.028613	4.347740173	-1.511235	0.044306722	 483 	0.1576	0.2982	0.5092	1.0557	1.4821	0.8118	0.057	7.7348	9.201	63.8868	82.46979	0.99356755	0.156	6.352	7	182097.9219	NA	NA	1.1583	0.012453687	5.60592817	0.6227	0.006634695	4.647631	2.126	0.022394119	3.42674451	5.6555	0.054781623	-5.0428382	6.4692	0.058962673	-10.76427724	7.0337	0.059903074	-16.74117658
AFS	708653	3142GWBY4	Agency MBS 30yr	G-2-Q	FREDDIE MAC	0.99445204	5.5	56919	1076302	1070330.72	6106.57	1094209.61	1075231.39	102.231	100.4578654	-18978.22	6/30/2026	Model2501	100	LMMSOFRFLAT	RFRSwap	5.39189	5.031562	3.469604015	-1.746831	0.035008624	 375 	0.2385	0.3397	0.4838	0.8443	0.9944	0.5411	0.0519	5.7629	13.6749	70.0755	102.5734	0.99445204	0	6.519	9	277628.375	NA	NA	1.2348	0.013061738	4.87757658	1.1016	0.011511068	3.59452517	1.4787	0.015292784	2.51782466	4.9918	0.048244745	-4.2531494	5.9171	0.054128919	-9.42193249	6.5142	0.05599305	-14.94574885
AFS	715145	3142GWCF4	Agency MBS 30yr	G-2-Q	FREDDIE MAC	0.98838728	6	56949	1018392	1006565.7	12403.76	1054414.63	1040403.78	104.7537	103.3617358	-14010.85	6/30/2026	Model2501	100	LMMSOFRFLAT	RFRSwap	5.250802	4.960765	3.171052217	-1.463749	0.032929812	 331 	0.2376	0.3213	0.4649	0.814	0.9449	0.3916	0.0048	5.7741	14.502	67.5509	85.79449	0.98838728	1.2984	6.888	8	176678.2812	NA	NA	1.2306	0.013432403	5.3065406	1.134	0.012240849	4.09712065	1.848	0.019665465	2.56835143	4.4705	0.044656109	-3.95378738	5.2718	0.050139878	-8.73547048	5.824	0.052396264	-13.87892797
AFS	715144	3142GWCG2	Agency MBS 30yr	G-2-Q	FREDDIE MAC	0.99424712	5.5	56949	1029579	1023655.96	6133.13	1059427.06	1036732.72	103.4944	101.2774571	-22694.33	6/30/2026	Model2501	100	LMMSOFRFLAT	RFRSwap	5.313001	4.985817	4.604028225	-1.426386	0.046832412	 479 	0.1492	0.2832	0.4804	1.0388	1.6567	0.9525	0.0683	8.1931	8.1818	68.9676	84.46541	0.99424712	0.0162	6.37	8	256058.7812	NA	NA	1.4301	0.015488406	6.5853132	0.943	0.010089776	5.27255213	2.447	0.025805131	3.73477396	5.8306	0.05625432	-5.23865519	6.5674	0.059539184	-11.06246079	7.0275	0.059502464	-17.04934461
AFS	715143	3142GWCH0	Agency MBS 30yr	G-2-Q	FREDDIE MAC	0.98583351	5	56949	1033363	1018723.87	14858.71	1033483.25	1004697.89	101.4488	98.6231815	-28785.36	6/30/2026	Model2501	100	LMMSOFRFLAT	RFRSwap	5.208844	4.791721	5.036459446	-1.549892	0.049874023	 508 	0.1386	0.2581	0.471	1.0346	1.7989	1.2323	0.1321	8.3195	7.8003	56.5361	74.82903	0.98583351	1.644	6.108	7	240630.125	NA	NA	1.1773	0.012427147	6.52765243	0.8033	0.008396569	5.50429878	2.6165	0.026947709	3.96450186	6.4244	0.060029332	-5.58575361	7.2229	0.063020214	-11.7756818	7.7053	0.062365044	-18.08836515
AFS	725946	3142GWF46	Agency MBS 30yr	G-2-Q	FREDDIE MAC	0.99305369	5	56980	2055380	2041102.69	14482.54	2070648.78	2031606.37	101.4476	99.5347454	-39042.41	6/30/2026	Model2501	100	LMMSOFRFLAT	RFRSwap	5.072247	4.789399	5.423607826	-0.8846606	0.054202195	 1,106 	0.0979	0.2242	0.4919	1.1479	2.0695	1.2874	0.1282	8.7912	7.7148	56.4137	59.55817	0.99305369	0.1898	6.04	7	157208.4375	NA	NA	0.9129	0.009903579	8.54188433	1.4051	0.015098728	7.52082961	3.7731	0.039519571	4.80331209	6.3615	0.059912249	-5.75789642	6.9915	0.061578862	-11.86097805	7.3438	0.060190998	-17.97591209
AFS	713934	3142JNFK7	Agency MBS 30yr	G-2-Q	FREDDIE MAC	0.99212753	6	56858	1034988	1026840.09	8478.28	1067687.54	1061358.95	103.978	103.3616589	-6328.59	6/30/2026	Model2501	100	LMMSOFRFLAT	RFRSwap	5.431068	5.329411	3.084846258	-2.306776	0.032034583	 329 	0.2424	0.3469	0.476	0.7854	0.8673	0.406	-0.0148	6.7739	10.3943	61.2016	98.15357	0.99212753	0.2756	6.73	11	269753.375	NA	NA	1.1747	0.012594299	3.37165133	0.7152	0.007594637	2.34561951	0.6743	0.007130237	1.89683938	4.87	0.048547529	-4.1580644	5.8435	0.05518527	-9.40601385	6.5159	0.057836127	-15.08393053
AFS	713802	3142JNFL5	Agency MBS 30yr	G-2-Q	FREDDIE MAC	0.99187537	5.5	56888	1084083	1075275.23	9040.7	1103139.64	1087860.5	102.5914	101.1704238	-15279.14	6/30/2026	Model2501	100	LMMSOFRFLAT	RFRSwap	5.312239	5.08585	3.877162457	-1.975411	0.039397195	 424 	0.2033	0.3125	0.4668	0.9214	1.2384	0.7193	0.0446	7.2046	9.1492	57.9361	86.53847	0.99187537	0.2721	6.473	10	222189.8281	NA	NA	1.1127	0.011832958	4.72730608	0.7691	0.008097201	3.67181543	1.511	0.015769018	2.74700889	5.4991	0.053269457	-4.7441163	6.4356	0.058703281	-10.39646855	7.1108	0.060600284	-16.39080207
233_PUB_HTM	611891	338158WQ7	MUNI	IG-2	FITCHBURG WI		2	50465	1175000	1175000	0	1035132.73	915605.82	88.0964	77.9239	-119526.9	6/30/2026	Muni	100	Single	RFRSwap	4.444849	3.232461	9.781189919	0.9786717	0.076865494	 903 	-0.0187	-0.0303	-0.0712	-0.2218	8.3921	1.7286	0	11.0844	0	34.5312	36.74829	0	0	0	0	0	0	0	0.5877	0.006008248	23.64378663	3.1754	0.032139227	22.62774911	8.5264	0.080810688	16.19247478	9.6904	0.076116279	-0.03697449	9.6554	0.068844646	-7.28331483	9.5476	0.061847109	-13.80755687
233_PUB_HTM	612044	338158WR5	MUNI	IG-2	FITCHBURG WI		2	50830	685000	685000	0	596364.47	516759.2	87.0605	75.4393	-79605.27	6/30/2026	Muni	100	Single	RFRSwap	4.575704	3.254282	10.49403858	1.168093	0.079860069	 547 	-0.0183	-0.0297	-0.0727	-0.256	7.868	2.994	0	12.1074	0	44.4805	46.58447	0	0	0	0	0	0	0	0.5874	0.006000518	26.05359779	4.5622	0.045963615	24.64866467	9.5563	0.08896818	16.99859124	10.4205	0.079069555	-0.22169782	10.3401	0.070716284	-7.71011772	10.1938	0.062909894	-14.38669577
233_PUB_HTM	611647	338158WS3	MUNI	IG-2	FITCHBURG WI		2	51196	500000	500000	0	430157.65	362891.15	86.0315	72.57823	-67266.5	6/30/2026	Muni	100	Single	RFRSwap	4.74997	3.275722	11.18281651	1.392164	0.081902213	 410 	-0.0175	-0.0285	-0.0723	-0.2796	7.1543	4.4238	0	13.1198	0	59.1635	60.90768	0	0	0	0	0	0	0	0.5869	0.005989327	28.80632848	6.4579	0.064522393	26.67351466	10.6421	0.096788406	17.70927333	11.1395	0.081193589	-0.35119486	11.0053	0.071802102	-7.99642402	10.8025	0.06319575	-14.73845778
233_PUB_HTM	611603	3411503N8	MUNI	IG-2	FLORIDA ST		4	47665	1945000	1945000	0	2014736.48	1998471.16	103.5854	102.74916	-16265.32	6/30/2026	Muni	100	Single	RFRSwap	3.261774	3.041826	2.218186378	-0.2858195	0.023232851	 452 	0.0036	1.4504	0.5078	0.2749	0	0	0	2.2433	0	-154.2672	-143.3098	0	0	0	0	0	0	0	1.9697	0.022569397	9.84593381	1.9495	0.021904837	7.62288354	1.9294	0.021262867	5.46476796	2.1807	0.023094427	1.16677476	2.5288	0.02615807	-1.29930315	2.8539	0.028732089	-4.06079331
233_PUB_HTM	611928	3411503P3	MUNI	IG-2	FLORIDA ST		4	48030	3065000	3065000	0	3169205.62	3144179.37	103.3999	102.58334	-25026.25	6/30/2026	Muni	100	Single	RFRSwap	3.433569	3.257982	2.391727448	-0.4746517	0.025010826	 767 	0.0035	1.3824	0.3115	0.7291	0.0003	0	0	2.3603	0	-151.969	-134.8987	0	0	0	0	0	0	0	1.9695	0.022557897	9.96668937	1.9493	0.021893745	7.74476833	1.9301	0.021262171	5.58767067	2.3793	0.025157018	1.15930494	2.9276	0.030147191	-1.59689098	3.4134	0.034048442	-4.82414608
233_PUB_HTM	612067	3411503Q1	MUNI	IG-2	FLORIDA ST		4	48396	3185000	3185000	0	3291359.31	3260116.63	103.3394	102.35845	-31242.67	6/30/2026	Muni	100	Single	RFRSwap	3.560139	3.380647	2.612010956	-0.637157	0.027255639	 868 	0.0038	1.3081	0.317	0.8529	0.1565	0	0	2.511	0	-147.8095	-123.4635	0	0	0	0	0	0	0	1.969	0.022535823	10.10505055	1.9488	0.021872446	7.88529746	1.9301	0.021246057	5.73027246	2.5414	0.026823834	1.1989391	3.2922	0.033749644	-1.83444674	3.9154	0.038709693	-5.48101176
233_PUB_HTM	611900	3411503R9	MUNI	IG-2	FLORIDA ST		4	48761	3315000	3315000	0	3423582.31	3386346.09	103.2755	102.15222	-37236.22	6/30/2026	Muni	100	Single	RFRSwap	3.648929	3.469103	2.835397005	-0.8139827	0.029528139	 979 	0.0027	1.2442	0.3242	0.8745	0.4218	0	0	2.7863	0	-144.9015	-112.949	0	0	0	0	0	0	0	1.9687	0.022521339	10.25450016	1.9486	0.021858472	8.03616943	1.9317	0.021252885	5.88236476	2.8335	0.029835412	1.15502912	3.7762	0.038467459	-2.27380888	4.5052	0.044017877	-6.43601768
233_PUB_HTM	611163	3411503S7	MUNI	IG-2	FLORIDA ST		4	49126	3445000	3445000	0	3554005.43	3512740.41	103.1642	101.96634	-41265.02	6/30/2026	Muni	100	Single	RFRSwap	3.713702	3.54244	3.060640097	-0.988969	0.031816956	 1,096 	0.0029	1.1859	0.3521	0.8172	0.757	0	0	2.9753	0	-143.4956	-103.4489	0	0	0	0	0	0	0	1.9686	0.022516007	10.41947559	1.9485	0.02185333	8.20166849	1.937	0.021307513	6.04762465	3.2256	0.033850044	0.98808711	4.3633	0.044080757	-2.92853154	5.1864	0.049936414	-7.67247489
233_PUB_HTM	611759	3411503T5	MUNI	IG-2	FLORIDA ST		4	49491	2000000	2000000	0	2062722.23	2035633.4	103.1361	101.78167	-27088.83	6/30/2026	Muni	100	Single	RFRSwap	3.764815	3.589242	3.290837526	-1.215376	0.034149207	 683 	0.0033	1.1347	0.3415	0.6722	1.1653	0	0	3.1583	0	-142.1638	-93.98869	0	0	0	0	0	0	0	1.9685	0.02251111	10.58495348	1.9484	0.021848608	8.36762708	1.9393	0.021329572	6.213839	3.4844	0.036497567	0.97419074	4.7804	0.048042435	-3.27175538	5.704	0.054372061	-8.44739534
233_PUB_HTM	611954	3411504T4	MUNI	IG-2	FLORIDA ST		4	47665	2000000	2000000	0	2071708.47	2054983.2	103.5854	102.74916	-16725.27	6/30/2026	Muni	100	Single	RFRSwap	3.261774	3.041826	2.218186378	-0.2858195	0.023232851	 465 	0.0036	1.4504	0.5078	0.2749	0	0	0	2.2433	0	-154.2672	-143.3098	0	0	0	0	0	0	0	1.9697	0.022569397	9.84593381	1.9495	0.021904837	7.62288354	1.9294	0.021262867	5.46476796	2.1807	0.023094427	1.16677476	2.5288	0.02615807	-1.29930315	2.8539	0.028732089	-4.06079331
233_PUB_HTM	612338	3411504W7	MUNI	IG-2	FLORIDA ST		4	48761	4000000	4000000	0	4131019.37	4086088.8	103.2755	102.15222	-44930.57	6/30/2026	Muni	100	Single	RFRSwap	3.648929	3.469103	2.835397005	-0.8139827	0.029528139	 1,181 	0.0027	1.2442	0.3242	0.8745	0.4218	0	0	2.7863	0	-144.9015	-112.949	0	0	0	0	0	0	0	1.9687	0.022521339	10.25450016	1.9486	0.021858472	8.03616943	1.9317	0.021252885	5.88236476	2.8335	0.029835412	1.15502912	3.7762	0.038467459	-2.27380888	4.5052	0.044017877	-6.43601768
233_PUB_HTM	612868	3411504X5	MUNI	IG-2	FLORIDA ST		4	49126	4000000	4000000	0	4126566.53	4078653.6	103.1642	101.96634	-47912.93	6/30/2026	Muni	100	Single	RFRSwap	3.713702	3.54244	3.060640097	-0.988969	0.031816956	 1,273 	0.0029	1.1859	0.3521	0.8172	0.757	0	0	2.9753	0	-143.4956	-103.4489	0	0	0	0	0	0	0	1.9686	0.022516007	10.41947559	1.9485	0.02185333	8.20166849	1.937	0.021307513	6.04762465	3.2256	0.033850044	0.98808711	4.3633	0.044080757	-2.92853154	5.1864	0.049936414	-7.67247489
233_PUB_HTM	611596	3411506J4	MUNI	IG-2	FLORIDA ST		4	50952	3000000	3000000	0	3090817.1	3088002.9	103.0272	102.93343	-2814.2	6/30/2026	Muni	100	Single	RFRSwap	2.489374	2.441994	1.876401186	0.0548342	0.019687636	 591 	0.0043	1.866	0.0061	0	0	0	0	2.0028	0	-152.6334	-152.6367	0	0	0	0	0	0	0	1.9694	0.022555536	9.60742929	1.9492	0.021891508	7.38573805	1.9287	0.021245183	5.22895658	1.8882	0.020020263	1.10408371	1.8686	0.019443102	-0.86887291	1.8493	0.018887978	-2.78522537
233_PUB_HTM	612622	3411508E3	MUNI	IG-2	FLORIDA ST		2	49126	6330000	6330000	0	5923038.84	5480692.51	93.5709	86.58282	-442346.33	6/30/2026	Muni	100	Single	RFRSwap	3.973705	2.906189	6.935966969	0.4085632	0.060743302	 3,845 	-0.0142	-0.0326	-0.0418	2.849	4.1743	0	0	7.516	0	-1.8758	1.101365	0	0	0	0	0	0	0	3.9285	0.043691203	23.6395742	4.9928	0.05320356	18.98410525	6.3193	0.063577332	13.03163624	6.9952	0.061440833	0.25513527	7.004	0.057355858	-5.68662317	6.9471	0.053056046	-11.20565688
233_PUB_HTM	611517	3411508F0	MUNI	IG-2	FLORIDA ST	1	2	49491	6455000	6455000	0	5955936.38	5463132.45	92.2686	84.63412	-492803.93	6/30/2026	Muni	100	Single	RFRSwap	4.054229	2.985714	7.714902878	0.508089	0.066061608	 4,264 	-0.0137	-0.0321	-0.0551	1.5576	6.2563	0	0	8.4455	0	3.3475	6.288625	0	0	0	0	0	0	0	3.9294	0.043613397	25.36484605	5.3121	0.056431364	20.60277347	6.9744	0.069593944	14.15644747	7.7593	0.066622347	0.23236252	7.7489	0.061564185	-6.17988102	7.6893	0.056547005	-12.08824283
233_PUB_HTM	612377	3411508G8	MUNI	IG-2	FLORIDA ST	1	2	49857	6585000	6585000	0	5952142.77	5436018.25	90.3894	82.55153	-516124.52	6/30/2026	Muni	100	Single	RFRSwap	4.149075	3.126261	8.491326332	0.6543882	0.070941612	 4,672 	-0.0137	-0.0317	-0.0644	-0.0849	8.6591	0.0024	0	9.4156	0	9.7175	12.62025	0	0	0	0	0	0	0	3.9315	0.043526929	27.16707899	5.7077	0.060394228	22.26623937	7.6343	0.075443693	15.27627555	8.503	0.071240157	0.23662423	8.4956	0.065374821	-6.59472605	8.4077	0.059453879	-12.83197056
233_PUB_HTM	612322	3411508H6	MUNI	IG-2	FLORIDA ST	1	2	50222	6715000	6715000	0	5863700.54	5396380.82	87.3224	80.36308	-467319.71	6/30/2026	Muni	100	Single	RFRSwap	4.25336	3.390057	9.235416412	0.8454117	0.075137064	 5,045 	-0.0135	-0.0311	-0.0691	-0.1576	8.5325	0.9648	0	10.3619	0	17.0344	19.80066	0	0	0	0	0	0	0	3.9426	0.043520909	29.02776908	6.2675	0.06595242	23.87249247	8.4332	0.082285672	16.21606158	9.2545	0.075371861	0.08609948	9.2163	0.068429656	-7.10890631	9.1088	0.061707053	-13.61288235
233_PUB_HTM	612621	3411508J2	MUNI	IG-2	FLORIDA ST	1	2	50587	6850000	6850000	0	5984201.62	5369845.84	87.3606	78.39191	-614355.78	6/30/2026	Muni	100	Single	RFRSwap	4.327007	3.28258	9.951257706	0.9931622	0.078999408	 5,411 	-0.0131	-0.0307	-0.072	-0.1927	8.1577	2.1002	0	11.3462	0	20.9864	23.82541	0	0	0	0	0	0	0	3.9687	0.043738488	30.82215258	6.8943	0.072208114	25.35021039	9.2071	0.088763945	17.0215304	10.0048	0.079299122	-0.12514526	9.9197	0.071165726	-7.64480709	9.7771	0.063558578	-14.37880068
233_PUB_HTM	612079	34153P6Z6	MUNI	IG-2	FLORIDA ST BRD OF EDU PUBLIC E		3	46905	6435000	6435000	0	6435000	6436218.15	100	100.01893	1218.15	6/30/2026	Muni	100	Single	RFRSwap	2.988968	2.999186	0.333656907	-0.7941762	0.003345264	 215 	0.1464	0.1171	0	0	0	0	0	0.2268	0	-184.0903	-110.4706	0	0	0	0	0	0	0	0.045	0.000453145	0.43886362	0.0792	0.000796845	0.38765284	0.0895	0.000900379	0.29745747	0.1197	0.001201644	0.11800785	0.8408	0.008410523	-0.2308794	1.4731	0.014558131	-1.43158803
233_PUB_HTM	611990	34153QAV8	MUNI	IG-2	FLORIDA ST BRD OF EDU PUBLIC E		3	47270	400000	400000	0	400000	399958.24	100	99.98956	-41.76	6/30/2026	Muni	100	Single	RFRSwap	3.003218	2.999457	0.538522422	-1.250885	0.005397676	 22 	0.1687	0.0673	0.215	0	0	0	0	0.2692	0	-190.7676	-104.5666	0	0	0	0	0	0	0	0.045	0.000453325	0.47409197	0.0792	0.00079716	0.42286092	0.0896	0.000900733	0.33263003	0.1701	0.001707879	0.1476602	1.3109	0.013081761	-0.44082433	2.1487	0.021057779	-2.22769547
233_PUB_HTM	612840	34153QLS3	MUNI	IG-2	FLORIDA ST BRD OF EDU PUBLIC E		4	49461	10580000	10580000	0	10733860.8	10643781.53	101.4543	100.60285	-90079.28	6/30/2026	Muni	100	Single	RFRSwap	3.32634	2.389641	0.89278692	0.01615834	0.009010458	 953 	0.8928	0	0	0	0	0	0	0.9194	0	-69.9154	-69.91594	0	0	0	0	0	0	0	0.7874	0.008281662	4.24636457	0.8895	0.009280281	3.40594799	0.9151	0.00945971	2.45112124	0.8982	0.009118212	0.59365579	0.89	0.00895442	-0.30993369	0.8819	0.00879504	-1.19736604
233_PUB_HTM	611153	34153QMM5	MUNI	IG-2	FLORIDA ST BRD OF EDU PUBLIC E		4	48366	890000	890000	0	918577.07	907440.17	103.2109	101.95957	-11136.89	6/30/2026	Muni	100	Single	RFRSwap	3.628694	3.396213	2.647548914	-0.685249	0.027079605	 241 	0.0752	1.1844	0.3131	0.9332	0.1667	0	0	2.5451	0	-136.5218	-108.1811	0	0	0	0	0	0	0	1.7741	0.019850636	9.608256	1.8653	0.020501498	7.6304961	1.8821	0.020299681	5.57272069	2.5652	0.02654022	1.17942456	3.3545	0.03369423	-1.83706466	3.9687	0.03842384	-5.46490021
233_PUB_HTM	611413	34153QNK8	MUNI	IG-2	FLORIDA ST BRD OF EDU PUBLIC E		4	49096	3785000	3785000	0	3903730.9	3839458.96	103.1369	101.43881	-64271.94	6/30/2026	Muni	100	Single	RFRSwap	3.787636	3.541932	3.170335531	-1.116672	0.032261662	 1,221 	0.069	1.0599	0.326	0.9242	0.8114	0	0	2.9624	0	-128.641	-80.3446	0	0	0	0	0	0	0	1.7734	0.019816307	9.97867904	1.8645	0.02046627	8.00432938	1.8916	0.020374339	5.94891586	3.3341	0.034249216	0.96326769	4.4955	0.044405811	-2.9826302	5.3101	0.049919438	-7.75285982
233_PUB_HTM	612730	34153QTC0	MUNI	IG-2	FLORIDA ST BRD OF EDU PUBLIC E	1	3	49096	3025000	3025000	0	3083734.18	2931296.69	101.9416	96.90237	-152437.48	6/30/2026	Muni	100	Single	RFRSwap	3.4501	2.725566	5.751064301	-0.2953529	0.05586816	 1,690 	-0.0069	-0.0152	0.4996	2.799	2.4734	0	0	5.8791	0	-79.3427	-51.00777	0	0	0	0	0	0	0	3.6876	0.043377347	20.48600401	3.8266	0.043379731	16.2182184	4.4718	0.048651308	11.65161872	5.9721	0.058431584	0.69737073	6.2964	0.057932142	-5.13623059	6.4459	0.055635355	-10.83333579
233_PUB_HTM	611180	34153QTD8	MUNI	IG-2	FLORIDA ST BRD OF EDU PUBLIC E	1	3	49461	3115000	3115000	0	3170284.79	2985831.23	101.7748	95.85333	-184453.56	6/30/2026	Muni	100	Single	RFRSwap	3.546136	2.773843	6.329432487	-0.3109381	0.060822681	 1,895 	-0.0066	-0.0149	0.4226	2.1001	3.8356	0	0	6.5179	0	-72.968	-44.14888	0	0	0	0	0	0	0	3.6863	0.043271594	21.28890801	3.8474	0.043522805	17.02732854	4.6942	0.050909959	12.35742934	6.507	0.062926568	0.61061224	6.9499	0.062817119	-5.7098351	7.1065	0.059872013	-11.84587088
233_PUB_HTM	611745	34153QTE6	MUNI	IG-2	FLORIDA ST BRD OF EDU PUBLIC E	1	3	49827	3205000	3205000	0	3256879.32	3048241.53	101.6187	95.10894	-208637.79	6/30/2026	Muni	100	Single	RFRSwap	3.590228	2.811701	6.872679234	-0.3200766	0.065531418	 2,100 	-0.0071	-0.0148	0.3738	1.165	5.3573	0	0	7.1474	0	-73.2539	-42.75813	0	0	0	0	0	0	0	3.6866	0.043292444	22.08185494	3.8619	0.043704044	17.81594664	4.8735	0.052832574	13.05658089	7.0283	0.067450956	0.61941753	7.52	0.067074694	-6.15570454	7.7219	0.063820384	-12.70197317
233_PUB_HTM	611932	34153QVK9	MUNI	IG-2	FLORIDA ST BRD OF EDU PUBLIC E	1	2	51288	3310000	3310000	0	2840946.51	2390003.37	85.8292	72.20554	-450943.13	6/30/2026	Muni	100	Single	RFRSwap	4.752147	3.275815	11.46220112	1.470058	0.082948111	 2,746 	-0.0133	-0.0285	-0.0741	-0.298	6.9986	4.8736	0	13.5039	0	59.0924	60.34695	0	0	0	0	0	0	0	5.1486	0.056068163	36.53356398	9.7709	0.098761372	28.7103545	11.391	0.103331082	18.34659503	11.5395	0.083038911	-0.40584977	11.346	0.072816476	-8.18846421	11.1076	0.063716725	-15.00360217
233_PUB_HTM	611995	34153QVL7	MUNI	IG-2	FLORIDA ST BRD OF EDU PUBLIC E	1	2	51653	3375000	3375000	0	2863060.24	2354298.75	84.8314	69.757	-508761.49	6/30/2026	Muni	100	Single	RFRSwap	4.876545	3.295098	12.11458778	1.681969	0.084702909	 2,859 	-0.0128	-0.0273	-0.0714	-0.305	6.0309	6.499	0	14.5493	0	69.0973	70.15445	0	0	0	0	0	0	0	5.3948	0.05845204	38.4299379	10.7168	0.106965773	29.89280346	12.2022	0.108332343	18.86271313	12.1975	0.084666528	-0.50495332	11.9524	0.073527046	-8.40156821	11.6678	0.063781634	-15.25361417
233_PUB_HTM	611349	343334GJ1	MUNI	IG-2	FLOSSMOOR IL		3.5	48914	460000	460000	0	460000	458533.8	100	99.68126	-1466.2	6/30/2026	Muni	100	Single	RFRSwap	3.548921	3.499684	1.657107115	-3.085551	0.016564975	 76 	0.2776	0.1315	0.1473	0.6382	0.4342	0	0	1.3787	0	-146.7128	-39.92226	0	0	0	0	0	0	0	0.0449	0.000452516	0.78697705	0.079	0.000795748	0.73583707	0.0894	0.000899149	0.64576545	0.8257	0.008282411	0.34240173	3.9	0.038148653	-2.14658951	5.2396	0.048900198	-6.63492006
233_PUB_HTM	612339	343334GK8	MUNI	IG-2	FLOSSMOOR IL		3.5	49279	475000	475000	0	475000	474988.27	100	99.99753	-11.73	6/30/2026	Muni	100	Single	RFRSwap	3.500058	3.499717	0.847946405	-2.562785	0.008503161	 40 	0.125	0.0354	0.0374	0.1389	0.2202	0	0	0.4187	0	-188.6847	-55.08668	0	0	0	0	0	0	0	0.045	0.000453644	0.50751858	0.0792	0.000797723	0.45625138	0.0896	0.000901369	0.36595676	0.4226	0.004243245	0.12858663	3.6365	0.035791948	-1.85594241	5.4815	0.05145923	-6.40207002
233_PUB_HTM	612176	344664KD8	MUNI	IG-2	FONTANA ON GENEVA LAKE WI	1	4	48274	275000	275000	0	275000	275192.09	100	100.06985	192.09	6/30/2026	Muni	100	Single	RFRSwap	3.983879	3.999036	0.451839507	-1.394148	0.004581294	 13 	0.171	0.0517	0.0709	0.1759	0.0136	0	0	0.4402	0	-128.6705	-72.80073	0	0	0	0	0	0	0	0.0449	0.000456901	0.42727353	0.079	0.000803463	0.37563784	0.0893	0.000907872	0.28469268	0.1243	0.001261911	0.1037467	1.7025	0.01715895	-0.60314175	3.2421	0.031835079	-3.19843649
233_PUB_HTM	611312	345850DP3	MUNI	IG-2	FOREST LAKE MN	1	3.25	48976	1105000	1105000	0	1105000	1105041.88	100	100.00379	41.88	6/30/2026	Muni	100	Single	RFRSwap	3.2491	3.249702	1.026831031	-3.293763	0.010406822	 115 	0.3149	0.1221	0.1216	0.4652	0.2619	0	0	1.1471	0	-178.7343	-80.70441	0	0	0	0	0	0	0	0.045	0.000458072	0.47301421	0.0791	0.00080551	0.4212466	0.0895	0.000910171	0.33007038	0.1001	0.001016247	0.14866883	3.5842	0.03569404	-1.76290766	4.9874	0.047521375	-6.06628152
233_PUB_HTM	611506	347550NE1	MUNI	IG-2	FORT LAUDERDALE FL		2.5	50222	2735000	2735000	0	2506587.28	2318444.73	91.6485	84.76946	-188142.55	6/30/2026	Muni	100	Single	RFRSwap	4.247153	3.417026	8.72279644	0.481831	0.075026967	 2,052 	-0.0083	-0.0213	0.0073	0.1325	7.7679	0.8402	0	9.7809	0	13.0274	19.4076	0	0	0	0	0	0	0	2.9411	0.0324011	24.15479829	3.8188	0.040783014	20.7842157	6.7048	0.06789773	15.2554212	8.7153	0.07512486	0.1861207	8.8071	0.069537632	-7.05662489	8.7544	0.063299797	-13.70602578
233_PUB_HTM	611732	347550NF8	MUNI	IG-2	FORT LAUDERDALE FL		2.5	50587	2805000	2805000	0	2601795.54	2320830.35	92.7556	82.73905	-280965.18	6/30/2026	Muni	100	Single	RFRSwap	4.362571	3.233021	9.443207741	0.6648116	0.079306044	 2,225 	-0.0082	-0.0209	-0.0152	0.0443	7.5586	1.8693	0	10.8482	0	21.9738	27.68902	0	0	0	0	0	0	0	2.9397	0.032297131	25.88264038	4.2281	0.04497971	22.40091811	7.4949	0.075092793	16.20911349	9.4314	0.079186715	-0.02168249	9.4943	0.072501019	-7.61973254	9.3918	0.065253176	-14.50285663
233_PUB_HTM	612008	347550PL3	MUNI	IG-2	FORT LAUDERDALE FL		2.5	50222	1010000	1010000	0	925650.15	856171.55	91.6485	84.76946	-69478.6	6/30/2026	Muni	100	Single	RFRSwap	4.247153	3.417026	8.72279644	0.481831	0.075026967	 758 	-0.0083	-0.0213	0.0073	0.1325	7.7679	0.8402	0	9.7809	0	13.0274	19.4076	0	0	0	0	0	0	0	2.9411	0.0324011	24.15479829	3.8188	0.040783014	20.7842157	6.7048	0.06789773	15.2554212	8.7153	0.07512486	0.1861207	8.8071	0.069537632	-7.05662489	8.7544	0.063299797	-13.70602578
233_PUB_HTM	611733	347550PM1	MUNI	IG-2	FORT LAUDERDALE FL		2.5	50587	3450000	3450000	0	3200069.37	2854497.22	92.7556	82.73905	-345572.14	6/30/2026	Muni	100	Single	RFRSwap	4.362571	3.233021	9.443207741	0.6648116	0.079306044	 2,736 	-0.0082	-0.0209	-0.0152	0.0443	7.5586	1.8693	0	10.8482	0	21.9738	27.68902	0	0	0	0	0	0	0	2.9397	0.032297131	25.88264038	4.2281	0.04497971	22.40091811	7.4949	0.075092793	16.20911349	9.4314	0.079186715	-0.02168249	9.4943	0.072501019	-7.61973254	9.3918	0.065253176	-14.50285663
233_PUB_HTM	611231	349426AS5	MUNI	IG-2	FORT WORTH TX		3	49735	2000000	2000000	0	2011879.73	1871184.6	100.594	93.55923	-140695.13	6/30/2026	Muni	100	Single	RFRSwap	3.801861	2.928723	6.497653484	-0.8891982	0.061435893	 1,229 	0.0159	0.1487	0.2674	0.9758	5.0916	0	0	6.6984	0	-46.7712	-20.75981	0	0	0	0	0	0	0	1.5798	0.017063551	13.4572433	1.6321	0.017351504	11.76109973	2.4089	0.025142794	9.82164201	6.4543	0.061396621	0.57387905	7.2023	0.063957326	-5.74909598	7.4685	0.061615054	-12.05125694
233_PUB_HTM	611742	35005RAS0	MUNI	IG-2	FOSTER CITY CA		2	50253	2645000	2645000	0	2322952.9	2160240.01	87.8243	81.67259	-162712.9	6/30/2026	Muni	100	Single	RFRSwap	4.070477	3.321758	9.219213486	0.6864194	0.07605885	 2,012 	-0.0156	-0.0292	-0.0517	-0.0858	8.36	1.0242	0	10.2015	0	-3.4185	1.150207	0	0	0	0	0	0	0	1.0515	0.010914655	21.30394455	2.1404	0.021955857	20.07732602	6.9346	0.067843914	15.33338507	9.0776	0.075002775	0.12406067	9.1576	0.06906452	-7.08229086	9.1108	0.062714994	-13.66458455
233_PUB_HTM	611658	35005RAU5	MUNI	IG-2	FOSTER CITY CA		2	50983	2225000	2225000	0	1865724.77	1731987.39	83.8528	77.84213	-133737.38	6/30/2026	Muni	100	Single	RFRSwap	4.220915	3.553594	10.61033344	1.049269	0.083471395	 1,857 	-0.0152	-0.0295	-0.0618	-0.1488	7.4456	3.4136	0	11.9616	0	4.4949	9.661035	0	0	0	0	0	0	0	1.051	0.010898682	25.0315625	3.2632	0.033358641	23.55547342	8.7031	0.083408318	17.16783808	10.5216	0.082520977	-0.23977476	10.5363	0.074370168	-8.0853109	10.419	0.066226073	-15.10682829
233_PUB_HTM	612466	3516944V3	MUNI	IG-2	FRAMINGHAM MA		4	46692	1015000	1015000	0	1021560.42	1020388.43	100.6463	100.53088	-1171.99	6/30/2026	Muni	100	Single	RFRSwap	3.586495	3.497727	0.459966719	-0.1675978	0.004654239	 47 	0.4213	0.0344	0	0	0	0	0	0.4089	0	-162.9645	-152.0199	0	0	0	0	0	0	0	0.173	0.001776416	1.47958683	0.3056	0.003130924	1.27892442	0.3455	0.003527842	0.92483943	0.3428	0.003476599	0.22441579	0.4678	0.004726216	-0.16497684	0.8126	0.008155723	-0.81622239
233_PUB_HTM	612926	3516944X9	MUNI	IG-2	FRAMINGHAM MA		4	47423	645000	645000	0	648974.58	648178.88	100.6162	100.49285	-795.69	6/30/2026	Muni	100	Single	RFRSwap	3.839843	3.800257	0.69410938	-0.6403548	0.007020805	 45 	0.3592	0.0652	0.1931	0.0311	0	0	0	0.5424	0	-180.3538	-140.6986	0	0	0	0	0	0	0	0.1731	0.001776959	1.5302297	0.3056	0.003131878	1.32950603	0.3456	0.003528912	0.9753134	0.368	0.003732765	0.27467849	1.0259	0.010339941	-0.35570141	1.897	0.018842906	-1.8160541
233_PUB_HTM	612104	3516944Y7	MUNI	IG-2	FRAMINGHAM MA		4	47788	785000	785000	0	789704.86	788733.7	100.5993	100.47563	-971.16	6/30/2026	Muni	100	Single	RFRSwap	3.878701	3.847557	0.824324965	-0.8387682	0.008336496	 65 	0.355	0.0613	0.1509	0.1818	0	0	0	0.5871	0	-186.6625	-135.5688	0	0	0	0	0	0	0	0.1731	0.001777134	1.55150381	0.3056	0.003132185	1.35076045	0.3456	0.003529256	0.99653322	0.4144	0.004202819	0.29583037	1.3214	0.01329713	-0.49995048	2.4681	0.024362747	-2.41952483
233_PUB_HTM	612971	3516946S8	MUNI	IG-2	FRAMINGHAM MA		4	48183	1240000	1240000	0	1268304.73	1263732.24	102.2826	101.91389	-4572.49	6/30/2026	Muni	100	Single	RFRSwap	3.607542	3.533024	1.963133693	-0.6550588	0.020070316	 249 	0.5756	0.5891	0.1662	0.591	0.0425	0	0	1.8062	0	-166.7129	-143.4531	0	0	0	0	0	0	0	1.289	0.014085593	7.04098689	1.3856	0.014945689	5.62855398	1.4055	0.014947897	4.11540733	1.8479	0.019071251	0.97157683	2.6368	0.026618412	-1.28582495	3.3893	0.033192594	-4.30150402
233_PUB_HTM	611339	3516946T6	MUNI	IG-2	FRAMINGHAM MA		4	48549	1135000	1135000	0	1160550.54	1155693.09	102.2511	101.82318	-4857.45	6/30/2026	Muni	100	Single	RFRSwap	3.678118	3.603648	2.136255503	-0.8588887	0.021820867	 248 	0.5478	0.5979	0.1893	0.6406	0.1896	0	0	2.0203	0	-166.347	-136.985	0	0	0	0	0	0	0	1.289	0.014084948	7.12806462	1.3856	0.014945013	5.71569598	1.4055	0.014947576	4.20261741	1.9816	0.020436952	0.98782565	2.9878	0.030061463	-1.53077532	3.8973	0.037875459	-4.96092099
233_PUB_HTM	611383	357172YA7	MUNI	IG-2	FREMONT CA UNION HIGH SCH DIST		4	48427	1500000	1500000	0	1527820.56	1520525.85	101.8547	101.36839	-7294.71	6/30/2026	Muni	100	Single	RFRSwap	3.745978	3.656844	1.738717914	-0.867847	0.017912958	 269 	0.6866	0.2692	0.1602	0.5555	0.1245	0	0	1.642	0	-165.1968	-133.1704	0	0	0	0	0	0	0	1.0458	0.011351403	5.52083033	1.0688	0.01148107	4.39126407	1.0684	0.011353627	3.24389676	1.5046	0.015626047	0.8330037	2.5715	0.026175629	-1.23396531	3.5763	0.03529207	-4.34121162
233_PUB_HTM	612711	357172YB5	MUNI	IG-2	FREMONT CA UNION HIGH SCH DIST		4	48792	2000000	2000000	0	2036930.92	2024239	101.8465	101.21195	-12691.92	6/30/2026	Muni	100	Single	RFRSwap	3.802842	3.700945	1.941650271	-1.113325	0.019973272	 399 	0.6641	0.2587	0.1631	0.5764	0.3004	0	0	1.7841	0	-160.7651	-118.5957	0	0	0	0	0	0	0	1.0455	0.011343115	5.62420337	1.0686	0.011472736	4.49545953	1.0681	0.01134543	3.34892277	1.7568	0.01821686	0.82817239	3.0916	0.031295121	-1.64012134	4.2393	0.041349281	-5.32893859
233_PUB_HTM	611347	357172YC3	MUNI	IG-2	FREMONT CA UNION HIGH SCH DIST		4	49157	1000000	1000000	0	1018272.6	1010898.6	101.8273	101.08986	-7374	6/30/2026	Muni	100	Single	RFRSwap	3.841528	3.735703	2.128171444	-1.363857	0.021865984	 219 	0.6463	0.258	0.1614	0.5289	0.5332	0	0	1.8946	0	-158.7345	-107.1982	0	0	0	0	0	0	0	1.0454	0.011339527	5.72331271	1.0685	0.011469128	4.59492497	1.068	0.011341882	3.44874776	2.0771	0.021496916	0.74829174	3.6987	0.037189059	-2.1988252	4.9512	0.047646116	-6.51426082
233_PUB_HTM	612689	3582322X3	MUNI	IG-2	FRESNO CA UNIF SCH DIST		4	49157	500000	500000	0	500681.39	500572.05	100.1363	100.11441	-109.34	6/30/2026	Muni	100	Single	RFRSwap	2.624908	2.374612	0.088676505	0.000305823	0.00090246	 5 	0.0887	0	0	0	0	0	0	0.0861	0	-125.4397	-125.4397	0	0	0	0	0	0	0	0.0449	0.000458311	0.38034752	0.0789	0.000805944	0.32855242	0.0893	0.000910676	0.23732641	0.0888	0.000904388	0.05582138	0.0886	0.000901272	-0.03446145	0.0884	0.000898176	-0.12443366
233_PUB_HTM	611437	3582323D6	MUNI	IG-2	FRESNO CA UNIF SCH DIST		4	48427	1000000	1000000	0	1001400.59	1000600.5	100.1401	100.06005	-800.09	6/30/2026	Muni	100	Single	RFRSwap	3.988263	3.973334	0.41383788	-1.298532	0.004209377	 42 	0.1373	0.036	0.0404	0.1795	0.0412	0	0	0.3399	0	-183.8639	-62.47693	0	0	0	0	0	0	0	0.0449	0.000458664	0.44624915	0.079	0.000806562	0.39441424	0.0893	0.000911371	0.30311843	0.1531	0.00155868	0.12147562	1.9586	0.019788045	-0.68514907	3.691	0.03619989	-3.64077851
233_PUB_HTM	611529	3582323E4	MUNI	IG-2	FRESNO CA UNIF SCH DIST		4	48792	500000	500000	0	500695.68	500268.05	100.1391	100.05361	-427.63	6/30/2026	Muni	100	Single	RFRSwap	3.990778	3.976822	0.488021493	-1.513096	0.004963626	 25 	0.1351	0.0356	0.0392	0.1679	0.0904	0	0	0.3651	0	-188.4632	-55.00257	0	0	0	0	0	0	0	0.0449	0.000458789	0.45675395	0.079	0.00080678	0.40490501	0.0894	0.000911615	0.31358461	0.1994	0.002031041	0.13189325	2.5072	0.025251219	-0.99309775	4.3206	0.041991364	-4.52056361
233_PUB_HTM	611415	358586NH4	MUNI	IG-2	FRIENDSWOOD TX INDEP SCH DIST		4	47894	2000000	2000000	0	2000000	2001427.4	100	100.07137	1427.4	6/30/2026	Muni	100	Single	RFRSwap	3.982067	3.999111	0.393123984	-1.208866	0.003993014	 80 	0.1662	0.0474	0.0803	0.1423	0	0	0	0.3464	0	-129.5865	-75.12484	0	0	0	0	0	0	0	0.0449	0.000457725	0.42683211	0.079	0.000804912	0.37510333	0.0893	0.000909508	0.28399423	0.094	0.00095599	0.10272216	1.5372	0.015535189	-0.51159418	2.9342	0.028971666	-2.83422374
AFS	614351	36176CUU7	Agency MBS 30yr	A-3-Q	GOVERNMENT NATIONAL MORTGAGE A	0.02551764	4	51653	20240149	516480.84	24426.26	522063.31	491169.24	101.0809	95.0992188	-30894.06	6/30/2026	Model2501	100	LMMSOFRFLAT	RFRSwap	5.065962	3.777889	4.564367294	0.1382764	0.043553852	 225 	0.1242	0.1962	0.4478	1.3507	2.1304	0.3228	-0.0018	5.6996	7.3853	99.5791	73.38873	0.02551764	19.5146	4.5	181	93733.9766	NA	NA	2.8942	0.031169588	12.27576491	3.8815	0.0403971	8.65579581	4.3934	0.043852486	4.39216034	4.5919	0.041853022	-4.27543834	4.6409	0.040395085	-8.38074031	4.7242	0.039238207	-12.36364957
AFS	614345	36176D4B6	Agency MBS 30yr	A-3-Q	GOVERNMENT NATIONAL MORTGAGE A	0.037762	4	51622	32000000	1208384	96926.11	1225629.7	1152043.93	101.4272	95.337569	-73585.77	6/30/2026	Model2501	100	LMMSOFRFLAT	RFRSwap	5.10485	3.676142	4.192700863	0.1186944	0.040107287	 485 	0.1334	0.2096	0.477	1.4434	1.831	0.1042	-0.0009	5.1021	6.8481	106.5962	81.08611	0.037762	17.2608	4.5	182	103092.5547	NA	NA	2.721	0.029115872	11.343701	3.6077	0.03738787	7.97452775	4.049	0.040369429	4.04260744	4.2258	0.038756739	-3.94564679	4.2755	0.037581634	-7.75939177	4.327	0.036431976	-11.46279401
AFS	613434	36176D6N8	Agency MBS 30yr	A-3-Q	GOVERNMENT NATIONAL MORTGAGE A	0.04504672	4	51561	20061401	903700.31	103767.4	910244.54	856532.19	100.7242	94.7805566	-53712.35	6/30/2026	Model2501	100	LMMSOFRFLAT	RFRSwap	5.183948	3.843429	4.409471512	0.1482577	0.041935299	 379 	0.1287	0.2012	0.4579	1.3973	2.0257	0.2035	-0.0001	5.4226	6.9946	113.287	87.09216	0.04504672	16.066	4.5	185	97883.5391	NA	NA	3.0568	0.032776728	12.12327064	3.8873	0.040244084	8.42345741	4.2855	0.042574007	4.24267578	4.4447	0.040439211	-4.11878262	4.5082	0.039223295	-8.09887371	4.5643	0.037947595	-11.96215253
AFS	613441	36176DHF3	Agency MBS 30yr	A-3-Q	GOVERNMENT NATIONAL MORTGAGE A	0.05380055	4	51561	42697515	2297149.79	347393.18	2320774.32	2177251.36	101.0284	94.7805566	-143522.96	6/30/2026	Model2501	100	LMMSOFRFLAT	RFRSwap	5.196698	3.775652	4.306437016	0.09620368	0.040955413	 941 	0.135	0.2075	0.4683	1.3748	1.9404	0.1865	-0.0022	5.3288	7.2388	113.8167	88.42422	0.05380055	15.098	4.5	185	138439.1094	NA	NA	2.4553	0.026100548	11.19979993	3.5417	0.036525849	8.0281154	4.1084	0.040759996	4.1089983	4.3833	0.039913118	-4.04489415	4.457	0.038830206	-7.98081106	4.5202	0.037650682	-11.80902013
AFS	612272	36176DKU6	Agency MBS 30yr	A-3-Q	GOVERNMENT NATIONAL MORTGAGE A	0.0489527	4	51592	33464337	1638169.65	150611.45	1658393.28	1561749.87	101.2345	95.335051	-96643.41	6/30/2026	Model2501	100	LMMSOFRFLAT	RFRSwap	5.056949	3.733361	4.365203381	0.09054899	0.041756347	 684 	0.1312	0.2049	0.4651	1.3841	1.9872	0.1999	-0.0022	5.3891	7.1777	99.8735	74.2701	0.0489527	15.723	4.5	183	117061.1328	NA	NA	2.5502	0.027321827	11.48070945	3.6108	0.037500057	8.19813056	4.1661	0.041597679	4.19045359	4.4461	0.040696498	-4.12473657	4.526	0.039610911	-8.13914744	4.5905	0.038382482	-12.0442562
AFS	612527	36176EBV2	Agency MBS 30yr	A-3-Q	GOVERNMENT NATIONAL MORTGAGE A	0.04082885	4	51622	25000000	1020721.25	169002.48	1034215.56	974239.11	101.322	95.446148	-59976.45	6/30/2026	Model2501	100	LMMSOFRFLAT	RFRSwap	5.020317	3.717921	4.405209064	0.09550225	0.04218797	 431 	0.1269	0.2014	0.4654	1.3995	2.0235	0.1962	-0.0028	5.4446	6.8237	96.2859	70.49722	0.04082885	16.8314	4.5	182	143452.3906	NA	NA	2.521	0.027055519	11.55229902	3.6223	0.037687521	8.27568057	4.2017	0.042017937	4.23403616	4.4739	0.040984176	-4.16183428	4.5491	0.039835095	-8.20127129	4.6054	0.038520861	-12.12496823
AFS	613534	36176EYA3	Agency MBS 30yr	A-3-Q	GOVERNMENT NATIONAL MORTGAGE A	0.05117945	4	51622	27375438	1401059.86	84538.04	1415587.98	1337246.66	101.0369	95.4453625	-78341.32	6/30/2026	Model2501	100	LMMSOFRFLAT	RFRSwap	5.021482	3.778115	4.409120083	0.1099674	0.042225081	 592 	0.1301	0.2033	0.4609	1.3716	2.0171	0.2323	-0.0019	5.4505	7.3242	96.0381	70.22047	0.05117945	15.5761	4.5	182	91811.0938	NA	NA	2.7356	0.029412389	11.74904432	3.6892	0.038399875	8.31971981	4.2179	0.042183369	4.24354421	4.4634	0.040888794	-4.15922773	4.5329	0.039700992	-8.18369533	4.6119	0.038585898	-12.10186174
AFS	613620	36176MAH6	Agency MBS 30yr	A-3-Q	GOVERNMENT NATIONAL MORTGAGE A	0.03247511	4	51622	2818335	91525.74	4257.71	92395.03	87167.52	100.9498	95.2382547	-5227.51	6/30/2026	Model2501	100	LMMSOFRFLAT	RFRSwap	5.021493	3.807652	4.636445999	0.1527223	0.044306099	 41 	0.1235	0.1936	0.4416	1.354	2.1855	0.344	-0.0017	5.7823	7.1533	95.4555	68.50635	0.03247511	18.0983	4.5	182	86511.8125	NA	NA	3.1544	0.034159631	12.73257783	4.0284	0.042069227	8.87235702	4.4877	0.044895429	4.48010916	4.6807	0.042691648	-4.35216696	4.7372	0.041221153	-8.54445946	4.7879	0.039722614	-12.59530301
AFS	613277	36176MUP6	Agency MBS 30yr	A-3-Q	GOVERNMENT NATIONAL MORTGAGE A	0.02676714	4.5	51653	3336817	89317.05	4441.19	95234.3	87422.04	106.625	97.8783382	-7812.25	6/30/2026	Model2501	100	LMMSOFRFLAT	RFRSwap	4.95347	3.203984	4.569447994	0.05140915	0.044890642	 40 	0.1234	0.1967	0.4516	1.3732	2.1619	0.2739	-0.0077	5.8049	6.4209	87.7672	61.97067	0.02676714	19.39	5	181	89317.0469	NA	NA	2.6012	0.028692979	12.06677591	3.6341	0.038843706	8.64625731	4.2702	0.043859012	4.46907843	4.658	0.043692891	-4.43940906	4.6803	0.041898031	-8.72028582	4.6975	0.040125031	-12.82246651
AFS	614460	36176NBE0	Agency MBS 30yr	A-3-Q	GOVERNMENT NATIONAL MORTGAGE A	0.12184323	4.5	51653	4909659	598208.71	32956.14	634417.49	580811.98	106.0529	97.0918632	-53605.51	6/30/2026	Model2501	100	LMMSOFRFLAT	RFRSwap	5.099756	3.321211	4.703097343	0.1381367	0.045833737	 274 	0.1194	0.1892	0.4371	1.3843	2.2789	0.3018	-0.0049	5.9489	5.9875	103.3386	76.34035	0.12184323	10.769	4.856	181	97319.2578	NA	NA	3.1793	0.035131156	13.04489896	4.0209	0.042843744	9.09870548	4.5106	0.046040669	4.61774093	4.7508	0.044158407	-4.50435142	4.7696	0.042272855	-8.82549701	4.771	0.040313244	-12.9576551
AFS	613507	36176W5P2	Agency MBS 30yr	A-3-Q	GOVERNMENT NATIONAL MORTGAGE A	0.08351136	3.5	51867	6864133	573233.08	40561.64	594417.59	529645.5	103.6956	92.3961851	-64772.09	6/30/2026	Model2501	100	LMMSOFRFLAT	RFRSwap	5.136882	2.773088	4.693199158	0.1849279	0.043495692	 249 	0.1136	0.1817	0.4306	1.4131	2.2754	0.2828	0.0023	5.7387	6.0303	108.1395	80.7455	0.08351136	13.3763	4	175	95538.8438	NA	NA	3.3714	0.035556696	12.78758941	4.2074	0.042705409	8.82155119	4.5888	0.044556122	4.41866893	4.7187	0.041721173	-4.26086272	4.7681	0.040205464	-8.35562758	4.782	0.038440198	-12.29343551
HTM	613586	36176XQB8	Agency MBS 15yr	A-3-Q	GOVERNMENT NATIONAL MORTGAGE A	0.00460287	3	46508	30000000	138086.1	327693.3	138369.57	137378.83	100.2053	99.4878051	-990.74	6/30/2026	Model2501	100	LMMSOFRFLAT	RFRSwap	4.186182	2.077746	0.342545778	0.003274348	0.003416191	 5 	0.3424	0	0	0.0001	0	0	0	0.3478	28.125	24.9447	24.56292	0.00460287	17.628	3.5	170	NA	NA	NA	0.3475	0.00350171	1.03855751	0.3463	0.003477386	0.68953071	0.3446	0.003448016	0.34321972	0.3406	0.003385469	-0.34003874	0.339	0.003358108	-0.67720825	0.3372	0.003328543	-1.01157657
HTM	613431	36178EL49	Agency MBS 30yr	A-3-Q	GOVERNMENT NATIONAL MORTGAGE A	0.14679162	3	52352	5145012	755244.65	40419.26	782341.64	690291.75	103.5878	91.3997544	-92049.88	6/30/2026	Model2501	100	LMMSOFRFLAT	RFRSwap	4.679142	2.364204	5.262485981	0.1779566	0.048226167	 364 	0.0972	0.1556	0.3839	1.3563	2.6677	0.6049	0.0056	6.3812	5.9265	59.1093	31.21459	0.14679162	11.0724	3.5	158	140606.3438	NA	NA	3.7562	0.039766841	14.22778711	4.7044	0.047714718	9.78355301	5.109	0.049318437	4.89072804	5.3574	0.046556879	-4.73986653	5.4214	0.044637717	-9.30587262	5.3754	0.041930057	-13.63851512
HTM	613587	36178EL80	Agency MBS 30yr	A-3-Q	GOVERNMENT NATIONAL MORTGAGE A	0.20669501	3	52352	4432136	916100.39	119048.55	948596.67	841103.73	103.5472	91.8134883	-107492.94	6/30/2026	Model2501	100	LMMSOFRFLAT	RFRSwap	4.675813	2.336864	5.005876541	0.1728131	0.046081673	 422 	0.1066	0.1664	0.4025	1.3808	2.5134	0.4383	0.0046	6.0196	6.0791	60.5211	32.74203	0.20669501	8.7592	3.5	159	124237.1484	NA	NA	3.7169	0.039317269	13.72319101	4.5497	0.046153545	9.38778874	4.8887	0.047290239	4.67836312	5.0899	0.044548932	-4.53022206	5.1646	0.042941563	-8.90985011	5.1274	0.040489681	-13.08737124
HTM	614529	36178ELN7	Agency MBS 30yr	A-3-Q	GOVERNMENT NATIONAL MORTGAGE A	0.10321351	3	52352	12454062	1285427.45	379408.91	1333632.42	1175408.72	103.7501	91.4410779	-158223.7	6/30/2026	Model2501	100	LMMSOFRFLAT	RFRSwap	4.674822	2.334526	5.255186081	0.1885919	0.04818099	 619 	0.098	0.1567	0.3847	1.3588	2.6647	0.595	0.0054	6.3671	5.9082	58.9536	30.9003	0.10321351	13.4345	3.5	160	127305.5078	NA	NA	3.8655	0.040984593	14.34394505	4.7512	0.048222426	9.81271021	5.118	0.049427077	4.89253346	5.3367	0.046404157	-4.73007505	5.3877	0.044398669	-9.27603007	5.3409	0.041711118	-13.58509054
HTM	614094	36178ELR8	Agency MBS 30yr	A-3-Q	GOVERNMENT NATIONAL MORTGAGE A	0.17148872	3	52352	5505403	944114.51	55210.39	977837.22	865259.23	103.5719	91.6476989	-112578	6/30/2026	Model2501	100	LMMSOFRFLAT	RFRSwap	4.692536	2.341105	5.135761738	0.1830679	0.04719219	 446 	0.1091	0.1755	0.403	1.3653	2.5653	0.5213	0.006	6.1139	6.2988	61.116	33.69842	0.17148872	10.0521	3.5	159	154001.6562	NA	NA	3.4514	0.0363856	13.53378239	4.4244	0.044815682	9.40182364	4.9059	0.047415644	4.76055075	5.2455	0.045763381	-4.64637975	5.304	0.043893293	-9.13444588	5.2563	0.0412568	-13.39855644
HTM	614098	36178ELV9	Agency MBS 30yr	A-3-Q	GOVERNMENT NATIONAL MORTGAGE A	0.18121809	3.5	52352	5441876	986166.37	54699.03	1039283.45	908186.93	105.3862	92.0926688	-131096.52	6/30/2026	Model2501	100	LMMSOFRFLAT	RFRSwap	5.090851	2.529201	5.085416794	0.1845744	0.046976339	 463 	0.1032	0.1644	0.3996	1.3719	2.5557	0.4942	0.0039	6.2697	5.8228	100.7821	73.49036	0.18121809	9.747	4	159	121804.0391	NA	NA	3.7285	0.039625157	13.9007105	4.5703	0.046577521	9.53850988	4.9501	0.048085839	4.76632565	5.1543	0.045236625	-4.61061864	5.2105	0.043417312	-9.04752422	5.1749	0.040936045	-13.27017902
HTM	613191	36178ELY3	Agency MBS 30yr	A-3-Q	GOVERNMENT NATIONAL MORTGAGE A	0.1633018	3	52352	4790306	782265.59	43361.54	810255.07	716605.15	103.578	91.6063742	-93649.93	6/30/2026	Model2501	100	LMMSOFRFLAT	RFRSwap	4.615061	2.373118	5.345973015	0.2167577	0.049101714	 384 	0.0927	0.1511	0.3756	1.3701	2.7793	0.5799	0.0058	6.453	5.2917	53.5804	24.9409	0.1633018	10.3737	3.5	160	164135.4688	NA	NA	4.1214	0.043965999	14.83030796	4.908	0.050016586	10.06118142	5.2277	0.050628062	4.99726977	5.4002	0.04700416	-4.80672862	5.4064	0.044579737	-9.39139518	5.3375	0.041706532	-13.70870893
HTM	613283	36178ELZ0	Agency MBS 30yr	A-3-Q	GOVERNMENT NATIONAL MORTGAGE A	0.14717913	3	52352	6158629	906421.66	51476.84	938823.92	829965.44	103.5747	91.5650498	-108858.47	6/30/2026	Model2501	100	LMMSOFRFLAT	RFRSwap	4.726399	2.33522	5.175375462	0.2267202	0.047513422	 431 	0.1184	0.1935	0.4143	1.3488	2.5508	0.5533	0.0079	6.0516	6.6284	64.2904	36.97787	0.14717913	11.097	3.5	159	158757.2656	NA	NA	3.2225	0.033816073	13.13035048	4.2148	0.042591844	9.24645025	4.8355	0.046699069	4.76939728	5.3085	0.046249036	-4.6833383	5.361	0.044279601	-9.21105784	5.321	0.041657235	-13.51804786
HTM	614013	36178EM22	Agency MBS 30yr	A-3-Q	GOVERNMENT NATIONAL MORTGAGE A	0.18165223	3	52383	19661408	3571538.61	304746.23	3634032.32	3267329.29	101.7498	91.4824016	-366703.02	6/30/2026	Model2501	100	LMMSOFRFLAT	RFRSwap	4.663301	2.683597	5.266002178	0.1575434	0.048301917	 1,725 	0.0959	0.1554	0.3856	1.3705	2.6786	0.5838	0.0052	6.3686	5.8044	57.359	29.83809	0.18165223	9.7109	3.5	158	151527.9688	NA	NA	3.5709	0.037764423	14.03340325	4.619	0.046856426	9.7197165	5.0748	0.049026657	4.88325229	5.3685	0.046690367	-4.75261816	5.4209	0.044666201	-9.32780303	5.3699	0.04191893	-13.66074231
HTM	613252	36178EM55	Agency MBS 15yr	A-3-Q	GOVERNMENT NATIONAL MORTGAGE A	0.01270308	3	46661	8315599	105633.72	176950.27	106165.76	104889.17	100.5037	99.2951621	-1276.6	6/30/2026	Model2501	100	LMMSOFRFLAT	RFRSwap	4.455899	1.52611	0.412680864	0.004674789	0.004107694	 4 	0.4125	0	0	0.0001	0	0	0	0.4217	25.7812	49.4453	49.65535	0.01270308	13.3525	3.5	169	12191.373	NA	NA	0.4207	0.004240054	1.25313043	0.4186	0.004201103	0.83090202	0.4157	0.004154537	0.41310102	0.41	0.004064682	-0.40855376	0.4077	0.004025032	-0.8130497	0.4048	0.003980364	-1.21336284
HTM	614848	36178EMA4	Agency MBS 30yr	A-3-Q	GOVERNMENT NATIONAL MORTGAGE A	0.07237584	3.5	52352	3831208	277286.9	18149.67	293583.93	255449.39	105.8773	92.1245805	-38134.54	6/30/2026	Model2501	100	LMMSOFRFLAT	RFRSwap	5.179537	2.380293	4.812271595	0.2186122	0.04446853	 123 	0.1151	0.1799	0.4184	1.3574	2.3484	0.3939	0.006	5.8834	6.6406	111.0525	84.06876	0.07237584	15.9021	4	159	72586.8984	NA	NA	4.0393	0.042851966	13.68060865	4.557	0.046297241	9.18875381	4.7635	0.046180595	4.53990986	4.8406	0.042624734	-4.35020367	4.9124	0.041197803	-8.54119461	4.9472	0.039491709	-12.57964713
HTM	613850	36178EMH9	Agency MBS 30yr	A-3-Q	GOVERNMENT NATIONAL MORTGAGE A	0.21157633	4	52352	1302154	275504.96	12325.27	292837.47	262102.73	106.2912	95.1353934	-30734.75	6/30/2026	Model2501	100	LMMSOFRFLAT	RFRSwap	4.959553	2.877551	5.037949085	0.1405387	0.048091061	 132 	0.1108	0.1765	0.4131	1.3184	2.4299	0.5969	-0.0025	6.399	6.6772	86.1517	59.05559	0.21157633	8.843	4.5	159	102780.8359	NA	NA	3.4403	0.037573591	13.75733472	4.308	0.045251399	9.58305368	4.833	0.048478968	4.85015415	5.1116	0.046377018	-4.72880028	5.1799	0.044639912	-9.27858818	5.214	0.042655088	-13.64859889
HTM	614755	36178EMJ5	Agency MBS 30yr	A-3-Q	GOVERNMENT NATIONAL MORTGAGE A	0.1557542	3.5	52352	9801254	1526586.48	98713.34	1616056.12	1405854.42	105.8608	92.091371	-210201.7	6/30/2026	Model2501	100	LMMSOFRFLAT	RFRSwap	5.106518	2.438832	5.040180206	0.2016765	0.046557818	 711 	0.1073	0.1694	0.404	1.3432	2.4824	0.5367	0.0053	6.2256	6.488	102.0833	74.88297	0.1557542	10.8286	4	159	91314.9375	NA	NA	3.883	0.041291591	13.96724258	4.6081	0.046949219	9.51066849	4.9323	0.047896378	4.73426424	5.1017	0.044797309	-4.56509865	5.1834	0.043232732	-8.96779632	5.1945	0.041130528	-13.19280213
HTM	614709	36178EMK2	Agency MBS 30yr	A-3-Q	GOVERNMENT NATIONAL MORTGAGE A	0.21126802	3	52352	7913753	1671922.93	164281.16	1732434.12	1515741.7	103.6193	90.6585867	-216692.43	6/30/2026	Model2501	100	LMMSOFRFLAT	RFRSwap	4.796409	2.373307	5.404133797	0.197237	0.049123712	 821 	0.0953	0.157	0.3801	1.3413	2.7337	0.7007	0.0075	6.5488	5.896	69.9353	42.12987	0.21126802	8.6064	3.5	159	138300.6562	NA	NA	3.915	0.041266166	14.50599017	4.8161	0.048566923	9.94351372	5.2227	0.050074425	4.97815552	5.4896	0.047254372	-4.81982232	5.5315	0.045058455	-9.44199698	5.4753	0.042209204	-13.80947213
HTM	613257	36178EMN6	Agency MBS 30yr	A-3-Q	GOVERNMENT NATIONAL MORTGAGE A	0.22821875	3	52352	3129472	714204.19	34728.56	739999.04	649839.1	103.6117	90.9878595	-90159.94	6/30/2026	Model2501	100	LMMSOFRFLAT	RFRSwap	4.650209	2.401998	5.643281937	0.2308473	0.051483393	 368 	0.0834	0.139	0.3537	1.343	2.9665	0.76	0.0074	6.8619	4.8584	55.3669	26.82499	0.22821875	8.0218	3.5	159	177822.3906	NA	NA	4.2069	0.044868335	15.42412248	5.0959	0.051846862	10.51239267	5.4911	0.052970987	5.23681971	5.7041	0.04916542	-5.03711945	5.6873	0.046302043	-9.81598276	5.5838	0.042966072	-14.28125537
HTM	613963	36178EMP1	Agency MBS 30yr	A-3-Q	GOVERNMENT NATIONAL MORTGAGE A	0.18695876	3.5	52352	975204	182322.93	8044.02	192788.14	167900.41	105.7399	92.0895756	-24887.73	6/30/2026	Model2501	100	LMMSOFRFLAT	RFRSwap	5.050583	2.497175	5.234479904	0.2100996	0.04835169	 88 	0.1023	0.163	0.3927	1.3344	2.5909	0.6536	0.0048	6.4986	6.366	95.6735	68.03313	0.18695876	9.5463	4	158	103981.7969	NA	NA	4.0813	0.04365427	14.59054045	4.8052	0.049144518	9.90107317	5.1211	0.049823456	4.91992157	5.2963	0.046413429	-4.73759289	5.35	0.04445149	-9.28455827	5.3202	0.041904118	-13.60708152
HTM	613386	36178EN21	Agency MBS 30yr	A-3-Q	GOVERNMENT NATIONAL MORTGAGE A	0.08183097	3	52383	11206211	917015.12	109737.22	931756.46	840802.21	101.6075	91.6890238	-90954.25	6/30/2026	Model2501	100	LMMSOFRFLAT	RFRSwap	4.637916	2.705182	5.224641323	0.2172978	0.048030488	 440 	0.0984	0.1576	0.3856	1.3702	2.6806	0.5336	0.0057	6.2883	5.6519	56.3827	27.86882	0.08183097	15.0829	3.5	157	109772.5312	NA	NA	4.199	0.044758014	14.66251019	4.8695	0.049579885	9.8862401	5.133	0.049700819	4.89492283	5.2785	0.046042595	-4.70374155	5.308	0.043910261	-9.20598074	5.2566	0.041245207	-13.46658599
HTM	613273	36178EN39	Agency MBS 30yr	A-3-Q	GOVERNMENT NATIONAL MORTGAGE A	0.18145065	3	52383	5983339	1085680.75	62013.76	1102723.98	996798.7	101.5698	91.8132429	-105925.28	6/30/2026	Model2501	100	LMMSOFRFLAT	RFRSwap	4.625096	2.70949	5.179408073	0.181879	0.047678992	 518 	0.097	0.1578	0.3892	1.3906	2.665	0.4833	0.0056	6.2167	5.4993	55.0407	27.03841	0.18145065	9.7186	3.5	158	130634.4766	NA	NA	3.8477	0.040882431	14.1970681	4.6875	0.047696687	9.69785144	5.0395	0.048829276	4.83797105	5.2502	0.045873441	-4.67949545	5.2759	0.043731626	-9.16592717	5.222	0.041069005	-13.40849345
HTM	613106	36178EN62	Agency MBS 30yr	A-3-Q	GOVERNMENT NATIONAL MORTGAGE A	0.1263629	3.5	52383	2488383	314439.29	16789.32	326083.89	289388.66	103.7033	92.033237	-36695.23	6/30/2026	Model2501	100	LMMSOFRFLAT	RFRSwap	5.113987	2.819264	5.071780682	0.2465658	0.046820235	 147 	0.1066	0.1682	0.3988	1.3434	2.5459	0.5093	0.0062	6.2416	6.0486	103.8331	75.93318	0.1263629	12.3398	4	157	69113.4062	NA	NA	4.4285	0.047357261	14.62346644	4.8658	0.049657267	9.73936803	5.0346	0.048889175	4.79176377	5.0935	0.044692013	-4.57196133	5.1393	0.042844217	-8.94904055	5.1444	0.040734392	-13.13270758
HTM	613435	36178END7	Agency MBS 30yr	A-3-Q	GOVERNMENT NATIONAL MORTGAGE A	0.14357339	3	52171	12664623	1818302.86	164455.27	1849942.05	1667184.14	101.74	91.6890238	-182757.91	6/30/2026	Model2501	100	LMMSOFRFLAT	RFRSwap	4.667961	2.675732	5.211945534	0.2000632	0.047913775	 871 	0.1069	0.1747	0.4029	1.3748	2.6278	0.5303	0.0069	6.1718	6.0303	59.4793	31.17302	0.14357339	11.1982	3.5	168	95753.2031	NA	NA	3.9348	0.04175302	14.18134511	4.6773	0.047515225	9.65702724	5.0032	0.048414491	4.83669959	5.2568	0.045862012	-4.68710117	5.2813	0.043709267	-9.16855184	5.2287	0.041055229	-13.41150543
HTM	612526	36178ENX3	Agency MBS 30yr	A-3-Q	GOVERNMENT NATIONAL MORTGAGE A	0.12389783	3.5	52383	12969507	1606893.77	172743.65	1666861.09	1479827.79	103.7319	92.0924465	-187033.3	6/30/2026	Model2501	100	LMMSOFRFLAT	RFRSwap	5.115723	2.808192	5.065934181	0.1806438	0.046796259	 752 	0.1107	0.1757	0.4081	1.3567	2.5152	0.5038	0.0056	6.1712	6.2256	103.3325	76.13696	0.12389783	12.4726	4	157	114674.9219	NA	NA	3.7749	0.040065538	13.76278143	4.5125	0.045935016	9.41967279	4.8757	0.047343504	4.72742559	5.135	0.0450764	-4.59110402	5.1959	0.04331176	-9.01729181	5.1761	0.040962726	-13.23600179
AFS	614265	36178EP45	Agency MBS 30yr	A-3-Q	GOVERNMENT NATIONAL MORTGAGE A	0.12578592	3	52413	2548536	320569.95	45271.26	316754.98	295597.91	98.8099	92.2101144	-21157.06	6/30/2026	Model2501	100	LMMSOFRFLAT	RFRSwap	4.779563	3.25175	4.497437	0.2013192	0.041579604	 133 	0.1182	0.1873	0.4365	1.4567	2.1319	0.17	0.0062	5.2779	6.1646	74.6597	47.26649	0.12578592	12.3537	3.5	157	62537.375	NA	NA	3.8397	0.040410884	12.79328886	4.279	0.043230303	8.57711239	4.457	0.043095842	4.2417483	4.5321	0.040052552	-4.07572939	4.5943	0.038790837	-8.01834066	4.6105	0.037173882	-11.82224153
AFS	613340	36178EP78	Agency MBS 30yr	A-3-Q	GOVERNMENT NATIONAL MORTGAGE A	0.1519646	3	52413	13394735	2035525.55	102353.92	2011528.24	1859624.2	98.8211	91.3584311	-151904.04	6/30/2026	Model2501	100	LMMSOFRFLAT	RFRSwap	4.728228	3.218458	5.166809559	0.1557632	0.047328025	 963 	0.1052	0.1665	0.3967	1.3474	2.5633	0.5893	0.0067	6.224	6.488	63.625	36.5509	0.1519646	11.0475	3.5	157	142815.5781	NA	NA	3.5221	0.037080117	13.67805397	4.497	0.045456719	9.48270683	4.9651	0.047853973	4.78072619	5.2955	0.04603488	-4.66782871	5.3918	0.044430815	-9.19597783	5.3683	0.041915573	-13.5208356
AFS	613766	36178EP86	Agency MBS 30yr	A-3-Q	GOVERNMENT NATIONAL MORTGAGE A	0.12568881	4	52048	17175260	2158737.99	128316.67	2228249.95	2060421.96	103.22	95.4456708	-167827.99	6/30/2026	Model2501	100	LMMSOFRFLAT	RFRSwap	4.985655	3.348011	4.600520134	0.125626	0.044058215	 951 	0.1215	0.1901	0.439	1.4052	2.2025	0.2476	-0.0019	5.6803	6.2378	92.9701	65.96759	0.12568881	12.2622	4.5	179	93416.2188	NA	NA	3.2374	0.035110258	12.68534256	4.0001	0.041832089	8.80912705	4.4451	0.044547182	4.44807416	4.6772	0.042760968	-4.3437481	4.718	0.041154005	-8.54031847	4.7135	0.039218072	-12.56368327
AFS	612777	36178EPR4	Agency MBS 30yr	A-3-Q	GOVERNMENT NATIONAL MORTGAGE A	0.0745499	3.5	52079	23494936	1751545.13	136195.08	1760957.4	1616865.9	100.5374	92.3108329	-144091.51	6/30/2026	Model2501	100	LMMSOFRFLAT	RFRSwap	5.05567	3.398266	5.046210289	0.162038	0.046724264	 818 	0.1004	0.1628	0.4026	1.4188	2.5731	0.393	0.003	6.1814	5.1453	98.1102	70.88859	0.0745499	15.7615	4	171	216773.7188	NA	NA	3.4976	0.037141804	13.60096309	4.4497	0.045391757	9.41701866	4.884	0.047531549	4.7272634	5.1093	0.044964086	-4.58882793	5.1123	0.042745199	-8.98047034	5.0381	0.040038977	-13.12110122
AFS	613822	36178EPU7	Agency MBS 30yr	A-3-Q	GOVERNMENT NATIONAL MORTGAGE A	0.1148394	3.5	52110	23889429	2743447.69	406880.37	2757954.42	2530794.58	100.5288	92.248691	-227159.84	6/30/2026	Model2501	100	LMMSOFRFLAT	RFRSwap	5.120416	3.395954	4.920533657	0.1008551	0.04553001	 1,249 	0.1099	0.1768	0.4178	1.396	2.4355	0.3885	0.0043	5.986	6.0425	104.6012	77.84074	0.1148394	12.8807	4	173	133094.5781	NA	NA	3.5164	0.037208702	13.2848059	4.3623	0.044359073	9.15578544	4.7515	0.046147875	4.59124799	5.0109	0.044115681	-4.4917644	5.0544	0.042312268	-8.81690381	5.0081	0.039864972	-12.93002331
AFS	614582	36178EPY9	Agency MBS 30yr	A-3-Q	GOVERNMENT NATIONAL MORTGAGE A	0.12911194	3.5	52140	18219910	2352407.93	414143.98	2365011.14	2172258.3	100.5358	92.3419052	-192752.85	6/30/2026	Model2501	100	LMMSOFRFLAT	RFRSwap	5.143687	3.391041	4.764825821	0.1843805	0.044133648	 1,038 	0.1154	0.1816	0.4235	1.3905	2.3209	0.3353	0.0043	5.8053	6.4148	108.2708	81.01654	0.12911194	12.0714	4	173	85418.6406	NA	NA	3.7915	0.040176671	13.34250137	4.4221	0.044960491	9.04796176	4.6898	0.045544468	4.49100112	4.7989	0.042373754	-4.32558727	4.8504	0.040810466	-8.48493813	4.8512	0.038882244	-12.47385011
AFS	613392	36178EPZ6	Agency MBS 30yr	A-3-Q	GOVERNMENT NATIONAL MORTGAGE A	0.0615024	4	51987	17053801	1048849.69	243266.31	1082116.15	1001104.77	103.1717	95.4478779	-81011.38	6/30/2026	Model2501	100	LMMSOFRFLAT	RFRSwap	5.095984	3.280953	4.141537666	0.05902158	0.03966355	 416 	0.1518	0.2169	0.4486	1.3485	1.8496	0.1288	-0.0008	5.031	7.5562	105.3615	79.60746	0.0615024	16.9853	4.5	181	118560.7188	NA	NA	2.8873	0.030909525	11.28308351	3.5759	0.037057985	7.86211023	3.9849	0.039751124	3.98502976	4.3453	0.039883245	-3.9849092	4.3422	0.038161427	-7.88494094	4.326	0.036405873	-11.6147215
AFS	613754	36178EQA0	Agency MBS 30yr	A-3-Q	GOVERNMENT NATIONAL MORTGAGE A	0.05149078	4.5	51926	7262902	373972.49	19010.58	390887.57	366867.19	104.5231	98.1000486	-24020.38	6/30/2026	Model2501	100	LMMSOFRFLAT	RFRSwap	4.911655	3.58832	4.51560545	0.0628451	0.044461802	 166 	0.1276	0.1994	0.4498	1.3633	2.1225	0.2627	-0.0066	5.7107	6.6956	83.6259	58.10938	0.05149078	18.1623	5	183	87417.8906	NA	NA	2.9988	0.033213358	12.29413694	3.7045	0.039673023	8.63228035	4.2465	0.043695822	4.43608123	4.6039	0.043307234	-4.39608873	4.6527	0.04178698	-8.65102671	4.686	0.040163938	-12.75136616
AFS	613293	36178EQC6	Agency MBS 30yr	A-3-Q	GOVERNMENT NATIONAL MORTGAGE A	0.18576143	3.5	52140	10513350	1952974.93	283158.08	1981537.83	1805862.08	101.4625	92.4672433	-175675.75	6/30/2026	Model2501	100	LMMSOFRFLAT	RFRSwap	5.180148	3.194464	4.607665539	0.1938755	0.042735726	 835 	0.1219	0.191	0.4353	1.4047	2.2017	0.254	0.0051	5.5532	6.6162	113.2358	86.10046	0.18576143	9.5436	4	173	52763.3359	NA	NA	4.0851	0.043331787	13.32322714	4.4523	0.045243103	8.86913742	4.5822	0.044499259	4.36326457	4.6147	0.040870924	-4.18189545	4.6408	0.039244156	-8.186486	4.6471	0.037513245	-12.02587002
AFS	613585	36178EQR3	Agency MBS 30yr	A-3-Q	GOVERNMENT NATIONAL MORTGAGE A	0.1699092	4	52140	3802017	645997.67	122343.61	666350.07	616579.89	103.1505	95.446148	-49770.19	6/30/2026	Model2501	100	LMMSOFRFLAT	RFRSwap	5.010579	3.344579	4.511368752	0.191837	0.043204643	 279 	0.1248	0.1945	0.4424	1.4128	2.1265	0.2137	0.0003	5.5269	6.5857	96.7684	69.36211	0.1699092	10.2412	4.5	179	48796.1797	NA	NA	3.7372	0.040680367	13.08526214	4.1874	0.043806937	8.84749039	4.4494	0.044569414	4.40045525	4.5102	0.041287817	-4.22534297	4.5213	0.03956265	-8.26558429	4.5205	0.037806503	-12.13509123
AFS	612894	36178ER68	Agency MBS 30yr	A-3-Q	GOVERNMENT NATIONAL MORTGAGE A	0.21898232	3.5	52140	1436941	314664.67	40034.3	318320.84	289595.39	101.1619	92.0330155	-28725.45	6/30/2026	Model2501	100	LMMSOFRFLAT	RFRSwap	5.125207	3.280378	5.045098782	0.2799366	0.04657381	 147 	0.1079	0.1701	0.4004	1.3466	2.5239	0.4952	0.0069	6.1978	6.2988	105.7806	77.31377	0.21898232	8.4639	4	168	39559.3242	NA	NA	4.7622	0.051073942	14.93259805	4.9975	0.051037412	9.80993758	5.0619	0.049151953	4.7876559	5.0326	0.044176456	-4.53364851	5.0445	0.04210468	-8.84781233	5.0282	0.039905928	-12.95024983
AFS	613866	36178ERB7	Agency MBS 30yr	A-3-Q	GOVERNMENT NATIONAL MORTGAGE A	0.10637999	3.5	52413	13290952	1413891.34	111446.3	1436123.29	1302080.94	101.5724	92.0920091	-134042.34	6/30/2026	Model2501	100	LMMSOFRFLAT	RFRSwap	5.097464	3.206985	5.053327084	0.2203777	0.046679579	 660 	0.1068	0.1687	0.4021	1.3473	2.5142	0.5168	0.0046	6.2447	6.1462	101.7256	74.05391	0.10637999	13.5699	4	156	83933.2891	NA	NA	3.9765	0.042339649	14.10051243	4.6558	0.047463495	9.57132903	4.9622	0.048197228	4.75531862	5.0905	0.044698697	-4.5663719	5.1527	0.042985898	-8.95064408	5.1626	0.040899638	-13.15079513
AFS	613031	36178ERC5	Agency MBS 30yr	A-3-Q	GOVERNMENT NATIONAL MORTGAGE A	0.14875913	3	52413	18398219	2736903.05	154375.73	2704741.67	2504915.64	98.8249	91.5237256	-199826.03	6/30/2026	Model2501	100	LMMSOFRFLAT	RFRSwap	4.667032	3.214907	5.225513458	0.1674058	0.04795213	 1,312 	0.0986	0.1588	0.3898	1.3638	2.6494	0.5683	0.0055	6.3112	5.8777	58.0728	30.38552	0.14875913	11.2081	3.5	157	130846	NA	NA	3.702	0.039180446	14.07070853	4.6403	0.047077928	9.69017414	5.0554	0.048845243	4.85470863	5.3244	0.046348792	-4.71635393	5.3865	0.044440184	-9.26209964	5.341	0.041760445	-13.5764929
AFS	613557	36178ERN1	Agency MBS 30yr	A-3-Q	GOVERNMENT NATIONAL MORTGAGE A	0.09810123	3	52413	2947634	289166.52	16048.86	285768.06	265360.93	98.8247	91.7675152	-20407.13	6/30/2026	Model2501	100	LMMSOFRFLAT	RFRSwap	4.77163	3.234235	4.774719238	0.1571674	0.043931801	 127 	0.1113	0.1758	0.4215	1.4137	2.3456	0.3081	0.0055	5.6814	6.2256	71.2719	44.22728	0.09810123	13.956	3.5	157	110453.4922	NA	NA	3.6129	0.03797124	13.09027382	4.3571	0.043983392	8.93814099	4.6647	0.044998631	4.45641556	4.8553	0.042574208	-4.32336962	4.9385	0.041232359	-8.51729939	4.9228	0.039120071	-12.54152944
AFS	613807	36178ERP6	Agency MBS 30yr	A-3-Q	GOVERNMENT NATIONAL MORTGAGE A	0.17299168	3.5	52413	1940652	335716.65	126567.51	340703.39	308966.56	101.4854	92.0319436	-31736.82	6/30/2026	Model2501	100	LMMSOFRFLAT	RFRSwap	5.025813	3.238523	5.334490299	0.1624819	0.049244754	 165 	0.0932	0.153	0.3826	1.3662	2.7339	0.6104	0.0042	6.6094	5.3162	92.7006	65.55678	0.17299168	10.2254	4	156	124339.5547	NA	NA	3.7332	0.039808851	14.32023563	4.6579	0.047611415	9.90270757	5.1385	0.049993444	4.9781701	5.4239	0.047445908	-4.83857783	5.4497	0.045144383	-9.4757308	5.3838	0.042244382	-13.84753985
AFS	613377	36178ERS0	Agency MBS 30yr	A-3-Q	GOVERNMENT NATIONAL MORTGAGE A	0.12278786	3	52444	8713467	1069907.97	52207.77	1047114.53	969963.44	97.8696	90.6585867	-77151.09	6/30/2026	Model2501	100	LMMSOFRFLAT	RFRSwap	4.805616	3.385056	5.361290455	0.2126638	0.048734266	 521 	0.0983	0.1603	0.3847	1.3388	2.6943	0.6885	0.0071	6.4988	5.9937	71.1765	43.12567	0.12278786	12.604	3.5	157	126714.2188	NA	NA	3.8101	0.040078957	14.29060132	4.7339	0.047690153	9.84126562	5.1774	0.049620073	4.93938193	5.447	0.046909492	-4.78047117	5.5088	0.04491039	-9.3761373	5.4613	0.042142436	-13.73473607
AFS	613147	36178ERZ4	Agency MBS 30yr	A-3-Q	GOVERNMENT NATIONAL MORTGAGE A	0.0545057	3.5	52444	6081859	331495.98	117184.26	333672.08	305079.49	100.6564	92.031127	-28592.59	6/30/2026	Model2501	100	LMMSOFRFLAT	RFRSwap	5.073144	3.380213	5.177990913	0.1951488	0.047799628	 158 	0.1034	0.1635	0.3947	1.3333	2.571	0.6146	0.0052	6.4267	6.2195	97.873	70.58199	0.0545057	18.0842	4	156	100966.4453	NA	NA	3.9405	0.041998755	14.26993131	4.6893	0.047854915	9.73846857	5.0499	0.049069591	4.85553234	5.2553	0.046047784	-4.6907337	5.3407	0.044380143	-9.21487894	5.3305	0.041989572	-13.54045511
AFS	612993	36178ES42	Agency MBS 30yr	A-3-Q	GOVERNMENT NATIONAL MORTGAGE A	0.19919732	4	51926	2212864	440796.58	20747.09	454747.13	419363.59	103.1649	95.1376693	-35383.54	6/30/2026	Model2501	100	LMMSOFRFLAT	RFRSwap	5.012464	3.387822	4.767741203	0.1257839	0.045512807	 201 	0.1171	0.185	0.4298	1.3624	2.2947	0.3856	-0.0025	5.9758	6.5857	93.5745	66.74815	0.19919732	9.1963	4.5	176	105446.0234	NA	NA	3.1647	0.034291349	12.89652132	4.0453	0.042270709	9.03339416	4.5733	0.045753431	4.58577653	4.8425	0.04405589	-4.48278942	4.9084	0.042530775	-8.81136748	4.93	0.040663663	-12.97731323
AFS	614026	36178ESP5	Agency MBS 30yr	A-3-Q	GOVERNMENT NATIONAL MORTGAGE A	0.18292471	4	51926	1699738	310924.08	15039.27	320388.13	295930.78	103.0438	95.1778262	-24457.34	6/30/2026	Model2501	100	LMMSOFRFLAT	RFRSwap	5.027762	3.395864	4.715466022	0.07782043	0.045032721	 140 	0.125	0.1932	0.4259	1.3426	2.2688	0.3648	0	5.8315	6.9702	95.8398	68.8179	0.18292471	9.7634	4.5	175	69994.0859	NA	NA	3.5199	0.038210537	13.05515929	4.1166	0.04301076	8.98152972	4.5319	0.045333389	4.53188955	4.8557	0.044200066	-4.47225157	4.8642	0.042177755	-8.78918847	4.8628	0.040163077	-12.90785803
AFS	613545	36178ESS9	Agency MBS 30yr	A-3-Q	GOVERNMENT NATIONAL MORTGAGE A	0.16029167	3.5	52079	3883617	622511.45	28626.51	629557.02	573283.31	101.1318	92.0920091	-56273.71	6/30/2026	Model2501	100	LMMSOFRFLAT	RFRSwap	5.04741	3.295471	5.238725185	0.1500816	0.048392177	 301 	0.0959	0.1568	0.3915	1.3755	2.6684	0.5546	0.0043	6.4697	5.4749	95.4924	68.43545	0.16029167	10.6941	4	173	174801.0625	NA	NA	3.5646	0.037921056	14.00924081	4.5731	0.04668868	9.72046244	5.0432	0.049051505	4.88778315	5.3275	0.046676412	-4.75965721	5.3458	0.044398833	-9.32049073	5.2731	0.041528106	-13.6193007
AFS	614214	36178ESY6	Agency MBS 30yr	A-3-Q	GOVERNMENT NATIONAL MORTGAGE A	0.11142946	4.5	51592	1975757	220157.54	151901.43	235904.58	217385.88	107.1526	98.7410581	-18518.7	6/30/2026	Model2501	100	LMMSOFRFLAT	RFRSwap	4.7907	2.973042	4.187627316	0.01089017	0.041500878	 91 	0.1377	0.2136	0.4779	1.4107	1.8461	0.1111	-0.007	5.2183	6.7871	73.4645	48.7119	0.11142946	13.2623	5	184	91496.4375	NA	NA	2.6142	0.028835744	11.20021151	3.35	0.035862669	7.95032345	3.8993	0.040248103	4.11544729	4.2774	0.040628962	-4.11737816	4.3136	0.039250035	-8.11191598	4.3455	0.037863992	-11.96921933
AFS	613846	36178ETM1	Agency MBS 30yr	A-3-Q	GOVERNMENT NATIONAL MORTGAGE A	0.16219619	3	52444	12741490	2066621.13	93185.8	2027745.3	1873569.51	98.1189	90.6585867	-154175.79	6/30/2026	Model2501	100	LMMSOFRFLAT	RFRSwap	4.808802	3.339603	5.288311005	0.1448977	0.048070882	 993 	0.0948	0.1533	0.3844	1.3418	2.6526	0.665	0.0076	6.459	6.0303	70.8428	43.50852	0.16219619	10.6877	3.5	156	140301.8438	NA	NA	3.4738	0.036379639	13.82436234	4.5684	0.045930669	9.64065022	5.0906	0.04874656	4.85763884	5.4059	0.046580199	-4.73403069	5.5094	0.044948179	-9.31558272	5.4844	0.04234603	-13.68801732
AFS	614086	36178ETN9	Agency MBS 30yr	A-3-Q	GOVERNMENT NATIONAL MORTGAGE A	0.07668061	3.5	52444	11515473	883013.49	42062.53	892653.16	813168.5	101.0917	92.0901551	-79484.66	6/30/2026	Model2501	100	LMMSOFRFLAT	RFRSwap	5.074665	3.299232	5.084035397	0.1613134	0.046962302	 415 	0.1064	0.1697	0.4053	1.3314	2.4817	0.5938	0.0039	6.3299	6.4758	97.7312	70.86658	0.07668061	15.8893	4	156	124967.7266	NA	NA	3.4086	0.036085393	13.49518142	4.3893	0.044674654	9.40801713	4.8988	0.047577552	4.74822917	5.1692	0.045362219	-4.61688396	5.2823	0.043995447	-9.08366567	5.3246	0.042050995	-13.39670451
AFS	613332	36178ETP4	Agency MBS 30yr	A-3-Q	GOVERNMENT NATIONAL MORTGAGE A	0.03583006	4	52444	4020661	144060.52	9896.18	148689.18	137501.18	103.213	95.4468131	-11188	6/30/2026	Model2501	100	LMMSOFRFLAT	RFRSwap	5.033788	3.315368	4.377202988	0.1373776	0.041920051	 60 	0.1292	0.202	0.457	1.4083	2.0106	0.175	-0.0007	5.3568	6.7383	98.5604	72.30005	0.03583006	20.8288	4.5	155	80147.9766	NA	NA	3.1151	0.033601791	12.09701161	3.836	0.039951704	8.38150465	4.2362	0.042362936	4.23313309	4.3933	0.040267378	-4.11341937	4.4127	0.038704835	-8.05699285	4.4727	0.037525821	-11.86917357
AFS	614363	36178ETQ2	Agency MBS 30yr	A-3-Q	GOVERNMENT NATIONAL MORTGAGE A	0.08389125	3.5	52444	3902477	327383.67	114994.35	331253.58	301301.79	101.1821	92.033237	-29951.79	6/30/2026	Model2501	100	LMMSOFRFLAT	RFRSwap	5.086154	3.282459	5.130362511	0.2337877	0.047361035	 155 	0.103	0.1629	0.3924	1.3575	2.6021	0.5147	0.0043	6.3412	5.6641	100.868	72.73004	0.08389125	15.2174	4	156	106967.9922	NA	NA	4.1493	0.044300538	14.45008035	4.7791	0.048782665	9.76061924	5.0564	0.049122117	4.83350132	5.1648	0.045287441	-4.63032991	5.2035	0.043320414	-9.06289175	5.167	0.040839966	-13.27580769
AFS	613067	36178ETR0	Agency MBS 30yr	A-3-Q	GOVERNMENT NATIONAL MORTGAGE A	0.16481459	3	52444	3028865	499201.14	325610.93	489592.48	454996.67	98.0752	91.1449579	-34595.81	6/30/2026	Model2501	100	LMMSOFRFLAT	RFRSwap	4.918493	3.387419	4.732375145	0.2027209	0.043247577	 216 	0.1343	0.1775	0.3822	1.2273	2.2929	0.5181	0.0074	5.7697	7.9773	83.6292	56.52633	0.16481459	10.5049	3.5	156	86388.3047	NA	NA	3.8613	0.040388148	13.21093094	4.4542	0.044676073	8.91413122	4.6794	0.044827189	4.41114333	4.7813	0.041667257	-4.24067786	4.8623	0.040377785	-8.34476476	4.8627	0.038460687	-12.29405566
HTM	614038	36178ETV1	Agency MBS 30yr	A-3-Q	GOVERNMENT NATIONAL MORTGAGE A	0.0730742	3.5	52475	8124060	593659.19	27450.34	588081.08	546706.43	99.0604	92.090957	-41374.66	6/30/2026	Model2501	100	LMMSOFRFLAT	RFRSwap	5.038984	3.672965	5.201840878	0.2076369	0.04805091	 285 	0.1015	0.1622	0.3908	1.3384	2.619	0.5941	0.0028	6.48	5.7129	95.0134	66.99829	0.0730742	16.3237	4	155	102327.6172	NA	NA	3.7485	0.039928738	14.14520593	4.6174	0.047152318	9.74517863	5.0611	0.04922121	4.88201792	5.255	0.046069153	-4.70605252	5.3246	0.044273786	-9.22288915	5.3183	0.04192467	-13.5413107
HTM	614557	36178EU72	Agency MBS 30yr	A-3-Q	GOVERNMENT NATIONAL MORTGAGE A	0.06375827	4.5	52505	1609317	102607.27	3890.52	108533.83	100649.7	105.776	98.0921732	-7884.12	6/30/2026	Model2501	100	LMMSOFRFLAT	RFRSwap	4.887686	3.431267	4.777201653	-0.009494603	0.047033783	 48 	0.123	0.1925	0.4416	1.2971	2.1757	0.5653	-0.0146	6.2764	7.6721	76.2922	51.68707	0.06375827	17.6357	5	154	114008.0781	NA	NA	2.1185	0.023392752	11.96626864	3.515	0.0377183	8.85166867	4.379	0.045148645	4.64772189	4.9349	0.046276905	-4.67921773	5.0429	0.044989284	-9.24187708	5.1385	0.043564219	-13.67413385
HTM	613601	36178EUA5	Agency MBS 30yr	A-3-Q	GOVERNMENT NATIONAL MORTGAGE A	0.20516711	4	52475	2318970	475776.37	21945.12	491449.71	452182.65	103.2943	95.0410066	-39267.06	6/30/2026	Model2501	100	LMMSOFRFLAT	RFRSwap	4.992056	3.390799	4.955872059	0.1149361	0.047260795	 225 	0.1107	0.1778	0.4212	1.3501	2.4188	0.4861	-0.0039	6.2634	6.1951	90.0895	63.28747	0.20516711	9.3646	4.5	155	121123.5781	NA	NA	3.1005	0.033660233	13.20194828	4.1217	0.043144219	9.31348405	4.7134	0.047186807	4.74797465	5.0447	0.045758415	-4.65654181	5.1186	0.044128809	-9.15093823	5.1443	0.04212765	-13.4705881
HTM	612170	36178EUF4	Agency MBS 30yr	A-3-Q	GOVERNMENT NATIONAL MORTGAGE A	0.05578451	4	52505	5457430	304440.06	66617.81	317925.43	289630.95	104.4296	95.1356249	-28294.47	6/30/2026	Model2501	100	LMMSOFRFLAT	RFRSwap	4.998905	3.166411	4.968963146	-0.01130101	0.047432654	 144 	0.1256	0.1943	0.4115	1.2656	2.3901	0.595	0.0022	6.1259	7.3364	89.9599	63.27961	0.05578451	18.32	4.5	154	72929.5547	NA	NA	3.4461	0.03744119	13.18988621	4.1039	0.042934604	9.1603522	4.5943	0.046008054	4.6845868	5.0706	0.046025522	-4.6878982	5.1091	0.044073611	-9.1935121	5.132	0.04206308	-13.4951347
HTM	613393	36178EUG2	Agency MBS 30yr	A-3-Q	GOVERNMENT NATIONAL MORTGAGE A	0.16309864	3	52505	1896219	309270.74	13242.01	305840.44	278730.79	98.8908	90.1251721	-27109.65	6/30/2026	Model2501	100	LMMSOFRFLAT	RFRSwap	4.825443	3.18936	5.561350822	0.184585	0.05025617	 155 	0.0854	0.1418	0.3637	1.3437	2.8634	0.7667	0.0079	6.8143	5.2246	71.9619	44.04201	0.16309864	10.8316	3.5	156	163961.3438	NA	NA	3.7835	0.039723348	14.6240659	4.8489	0.048732672	10.13524185	5.3648	0.051210556	5.08999014	5.6511	0.048280519	-4.93124354	5.6765	0.04582243	-9.64375389	5.6027	0.042744707	-14.07410581
HTM	613730	36178EUH0	Agency MBS 30yr	A-3-Q	GOVERNMENT NATIONAL MORTGAGE A	0.05570973	3.5	52475	3399204	189368.74	100642.61	190797.66	174393.47	100.7546	92.0920091	-16404.19	6/30/2026	Model2501	100	LMMSOFRFLAT	RFRSwap	5.109613	3.357092	5.013753891	0.2107595	0.046314027	 88 	0.1095	0.174	0.4105	1.3453	2.4681	0.5085	0.0043	6.1848	6.311	103.0387	75.47598	0.05570973	18.1106	4	156	85026.9688	NA	NA	3.9602	0.042110238	13.95865517	4.6019	0.046869751	9.47455233	4.9151	0.047719471	4.71381622	5.0402	0.044275623	-4.52865429	5.0869	0.042480052	-8.86567428	5.1071	0.040526643	-13.01970428
HTM	613759	36178EUJ6	Agency MBS 30yr	A-3-Q	GOVERNMENT NATIONAL MORTGAGE A	0.18210112	4	52475	1632911	297354.92	20128.96	307320.13	282894.92	103.3513	95.1371237	-24425.21	6/30/2026	Model2501	100	LMMSOFRFLAT	RFRSwap	4.962584	3.386679	4.9732728	0.03909849	0.047474537	 141 	0.1065	0.1757	0.4223	1.3626	2.4591	0.4579	-0.0039	6.2729	5.7495	85.9099	60.31948	0.18210112	10.1943	4.5	155	208815.5	NA	NA	2.7502	0.029742245	12.68825697	3.8957	0.040745541	9.13204163	4.6288	0.04637244	4.72372071	5.116	0.046430103	-4.70428164	5.1989	0.044808965	-9.26949571	5.203	0.042567492	-13.64649831
HTM	613236	36178EUK3	Agency MBS 30yr	A-3-Q	GOVERNMENT NATIONAL MORTGAGE A	0.14335921	3	52475	4690246	672389.96	54386.88	654451.23	615674.2	97.3321	91.5650498	-38777.03	6/30/2026	Model2501	100	LMMSOFRFLAT	RFRSwap	4.697973	3.508531	5.069732189	0.2674523	0.046543546	 313 	0.1055	0.1652	0.3926	1.3356	2.546	0.5263	0.0061	6.1478	6.3049	63.0691	34.01657	0.14335921	11.6384	3.5	155	77900.3359	NA	NA	4.26	0.045250546	14.415695	4.8179	0.048891019	9.67197463	5.0364	0.048638724	4.76756241	5.0778	0.044313811	-4.53762812	5.1383	0.042608749	-8.88260909	5.1639	0.040669333	-13.04955987
HTM	613052	36178EUL1	Agency MBS 30yr	A-3-Q	GOVERNMENT NATIONAL MORTGAGE A	0.03480383	3.5	52505	2713851	94452.41	3807.13	96313.15	86979.44	101.97	92.0881154	-9333.71	6/30/2026	Model2501	100	LMMSOFRFLAT	RFRSwap	5.044557	3.147863	5.130012035	0.1204106	0.04738595	 45 	0.1023	0.1711	0.415	1.3233	2.4426	0.6798	0.0053	6.3965	6.781	93.2884	66.87141	0.03480383	21.2207	4	154	104947.1172	NA	NA	2.9433	0.030990677	12.92343308	4.105	0.041716915	9.2546291	4.8492	0.047099225	4.75781696	5.2011	0.045620091	-4.65797286	5.2536	0.043735266	-9.12129434	5.3386	0.042149853	-13.41703942
HTM	614020	36178EUM9	Agency MBS 30yr	A-3-Q	GOVERNMENT NATIONAL MORTGAGE A	0.11470556	3.5	52475	4706482	539859.65	28414.75	543991.19	496834.7	100.7653	92.0303443	-47156.49	6/30/2026	Model2501	100	LMMSOFRFLAT	RFRSwap	5.034805	3.364403	5.244115829	0.214243	0.048409633	 261 	0.1005	0.1625	0.3896	1.3227	2.6075	0.666	0.0034	6.5625	5.9937	93.9664	66.03763	0.11470556	13.271	4	155	86781.3438	NA	NA	3.7536	0.039982136	14.20394671	4.6271	0.047247875	9.79980295	5.0926	0.049515225	4.91684215	5.282	0.046258602	-4.73512111	5.3422	0.044366002	-9.26370758	5.3649	0.042228058	-13.59986568
AFS	614437	36178EUN7	Agency MBS 30yr	A-3-Q	GOVERNMENT NATIONAL MORTGAGE A	0.08634161	4	52475	5688069	491117.04	21053.98	507520.44	467226.12	103.34	95.1353934	-40294.32	6/30/2026	Model2501	100	LMMSOFRFLAT	RFRSwap	4.952798	3.396699	4.973696709	0.01214747	0.047477722	 233 	0.1101	0.1812	0.43	1.3208	2.3718	0.5719	-0.0058	6.3572	6.5125	83.4138	58.09883	0.08634161	15.3524	4.5	155	137575.9844	NA	NA	2.4348	0.026231881	12.27955882	3.7207	0.0388657	9.00071065	4.5759	0.045833129	4.70428652	5.1122	0.046393294	-4.70707297	5.1915	0.044747192	-9.26446033	5.2704	0.043110684	-13.65912986
AFS	614146	36178EUP2	Agency MBS 15yr	A-3-Q	GOVERNMENT NATIONAL MORTGAGE A	0.08659385	3	46997	1916039	165917.19	80053.23	166221.43	163554.97	100.1834	98.5762632	-2666.46	6/30/2026	Model2501	100	LMMSOFRFLAT	RFRSwap	4.580415	2.665833	0.8405689	0.01393045	0.008306328	 14 	0.5428	0.2958	0.0003	0.0013	0.0001	0.0003	0	0.8761	19.9219	55.47	56.8145	0.08659385	4.4842	3.5	155	52837.0234	NA	NA	0.8606	0.008723971	2.55823979	0.8563	0.008606244	1.69108105	0.8484	0.008454971	0.83786171	0.8351	0.008183184	-0.82419593	0.8302	0.008067851	-1.63701164	0.8216	0.007918252	-2.43652032
AFS	613390	36178EUQ0	Agency MBS 30yr	A-3-Q	GOVERNMENT NATIONAL MORTGAGE A	0.10869654	4	52475	5486549	596368.89	35075.32	616015.18	567714.57	103.2943	95.1952014	-48300.61	6/30/2026	Model2501	100	LMMSOFRFLAT	RFRSwap	4.919665	3.418475	5.212342739	0.1508955	0.049786955	 297 	0.1032	0.1652	0.395	1.3346	2.617	0.6064	-0.0039	6.6103	5.6854	82.3313	54.60523	0.10869654	13.823	4.5	154	130495.1172	NA	NA	3.4984	0.038402695	14.25398082	4.457	0.046998352	9.9303596	4.9957	0.050226789	5.02291304	5.2979	0.048010562	-4.89501708	5.3556	0.046014808	-9.59829252	5.3347	0.043445375	-14.07797008
HTM	614666	36178EUR8	Agency MBS 30yr	A-3-Q	GOVERNMENT NATIONAL MORTGAGE A	0.16649451	3.5	52475	2201912	366606.26	36506.53	369456.39	338736.12	100.7774	92.3977993	-30720.28	6/30/2026	Model2501	100	LMMSOFRFLAT	RFRSwap	5.200744	3.334964	4.527368069	0.168232	0.041959532	 154 	0.1224	0.1919	0.4457	1.4177	2.1322	0.2195	0.0031	5.483	6.366	114.7128	88.44695	0.16649451	10.7683	4	155	113846.0703	NA	NA	3.2038	0.033610735	12.22984432	4.0239	0.040700704	8.46692189	4.4125	0.042771447	4.25287236	4.5581	0.040368579	-4.11543102	4.6363	0.039218366	-8.09027825	4.6996	0.037937462	-11.95533808
AFS	614326	36178EUS6	Agency MBS 30yr	A-3-Q	GOVERNMENT NATIONAL MORTGAGE A	0.06295696	4.5	52475	1265699	79684.56	5172.97	83954.34	78853.2	105.3583	98.9566844	-5101.14	6/30/2026	Model2501	100	LMMSOFRFLAT	RFRSwap	4.745374	3.313626	4.195496559	0.1076857	0.041669331	 33 	0.1375	0.2114	0.4702	1.4508	1.8493	0.0814	-0.0038	5.1256	6.543	71.399	45.12065	0.06295696	17.5932	5	155	88538.4531	NA	NA	3.1689	0.035325352	12.15433865	3.7351	0.040210731	8.33847974	4.0629	0.042059481	4.20122738	4.2302	0.040278181	-4.10234209	4.2512	0.038798474	-8.05431973	4.275	0.037387099	-11.86422113
HTM	613653	36178EUY3	Agency MBS 30yr	A-3-Q	GOVERNMENT NATIONAL MORTGAGE A	0.16248248	4	52505	2794941	454128.95	21315.04	472309.82	432037.88	104.0035	95.1355085	-40271.94	6/30/2026	Model2501	100	LMMSOFRFLAT	RFRSwap	4.949783	3.282224	5.020758629	0.01000011	0.047927022	 218 	0.1133	0.1835	0.4265	1.3304	2.4048	0.5751	-0.0028	6.33	6.5002	83.2847	58.47274	0.16248248	11.0855	4.5	154	104265.9297	NA	NA	2.6661	0.028780779	12.4916818	3.7822	0.039531939	9.06352079	4.5935	0.046022721	4.73412372	5.1414	0.046640567	-4.74280667	5.2144	0.044916041	-9.31980711	5.2832	0.043179955	-13.72669226
AFS	614390	36178GEM2	Agency MBS 30yr	A-3-Q	GOVERNMENT NATIONAL MORTGAGE A	0.08268274	3.5	52048	12824556	1060369.43	55655.06	1099862.51	976524.89	103.7245	92.0928936	-123337.62	6/30/2026	Model2501	100	LMMSOFRFLAT	RFRSwap	5.10178	2.814868	5.023749352	0.2333568	0.046406806	 492 	0.1055	0.1681	0.4021	1.363	2.5172	0.4712	0.0036	6.2097	5.896	103.1757	74.81622	0.08268274	14.0107	4	169	89223.3906	NA	NA	3.9659	0.042220552	14.08324915	4.6571	0.047469415	9.5535126	4.9569	0.048137672	4.73799575	5.037	0.044246893	-4.53049718	5.0799	0.042422768	-8.86347997	5.0773	0.040299412	-13.00370009
HTM	613992	36178NCD9	Agency MBS 15yr	A-3-Q	GOVERNMENT NATIONAL MORTGAGE A	0.00750256	3	46600	5208306	39075.63	63904.43	39206.7	38774.76	100.3354	99.2300265	-431.95	6/30/2026	Model2501	100	LMMSOFRFLAT	RFRSwap	4.488211	2.01583	0.447753996	0.005373583	0.004453885	 2 	0.4474	0	0.0001	0.0002	0	0.0001	0	0.4587	25	51.6534	52.52459	0.00750256	16.5368	3.5	168	12229.0352	NA	NA	0.4561	0.004598551	1.35927527	0.454	0.004557327	0.90135022	0.4511	0.004507207	0.44804883	0.4449	0.004406241	-0.44289283	0.4427	0.004364929	-0.88146563	0.4395	0.004314173	-1.31552038
HTM	614622	36179DG61	Agency MBS 15yr	A-3-Q	GOVERNMENT NATIONAL MORTGAGE A	0.01809209	3	46905	10001000	180938.99	156160.12	181964.71	178774.34	100.5669	98.8036558	-3190.37	6/30/2026	Model2501	100	LMMSOFRFLAT	RFRSwap	4.544322	2.070735	0.710498452	0.01167883	0.007037155	 13 	0.5694	0.1401	0.0002	0.0007	0	0.0002	0	0.7372	21.875	52.4853	56.03111	0.01809209	15.4155	3.5	157	14540.4414	NA	NA	0.7268	0.007356263	2.16225463	0.7232	0.007266153	1.43072746	0.7172	0.007154661	0.70956496	0.7055	0.006938425	-0.69843371	0.703	0.006865363	-1.38857525	0.6979	0.006767923	-2.07055366
AFS	614126	36179DMZ0	Agency MBS 15yr	A-3-Q	GOVERNMENT NATIONAL MORTGAGE A	0.01732675	2.5	46813	11408005	197663.65	212436.99	197231.8	194849.3	99.7815	98.5761929	-2382.49	6/30/2026	Model2501	100	LMMSOFRFLAT	RFRSwap	4.562067	2.697669	0.650394261	0.00949674	0.006424437	 13 	0.5662	0.0831	0.0002	0.0007	0	0.0002	0	0.6723	21.4844	54.8975	58.764	0.01732675	13.0572	3	160	16381.5557	NA	NA	0.6673	0.006722677	1.9726627	0.6623	0.006628019	1.30494173	0.6562	0.006523981	0.64730705	0.6469	0.006348892	-0.63837947	0.6444	0.006282894	-1.27013583	0.6382	0.006183413	-1.89364831
HTM	613427	36179M4K3	Agency MBS 15yr	A-3-Q	GOVERNMENT NATIONAL MORTGAGE A	0.01388694	3	46813	5703000	79197.22	80303.8	79581.23	78325.18	100.4849	98.8989018	-1256.05	6/30/2026	Model2501	100	LMMSOFRFLAT	RFRSwap	4.385608	2.101715	0.692199707	0.01074536	0.006862508	 5 	0.577	0.1142	0.0002	0.0006	0	0.0002	0	0.7169	21.875	37.3682	40.62632	0.01388694	15.9193	3.35	160	17750.625	NA	NA	0.7067	0.007155184	2.10631207	0.7039	0.007076423	1.39426192	0.6984	0.006972156	0.69168232	0.6878	0.006771623	-0.68140948	0.6851	0.006699543	-1.35497917	0.6796	0.006600387	-2.0202827
AFS	613477	36179MAG5	Agency MBS 15yr	A-3-Q	GOVERNMENT NATIONAL MORTGAGE A	0.00440061	3	46478	22392280	98539.69	227697.54	98847.82	97962.68	100.3127	99.4144366	-885.14	6/30/2026	Model2501	100	LMMSOFRFLAT	RFRSwap	4.237843	1.69092	0.354265064	0.003423566	0.003530468	 3 	0.3542	0	0	0.0001	0	0	0	0.36	29.6875	30.097	29.52097	0.00440061	17.129	3.319	171	NA	NA	NA	0.3601	0.003627277	1.07416892	0.3584	0.00359747	0.71285627	0.3564	0.003564414	0.35474268	0.3523	0.003498574	-0.35140579	0.3506	0.003469754	-0.69981918	0.3486	0.003437934	-1.04524262
HTM	613813	36179MAG5	Agency MBS 15yr	A-3-Q	GOVERNMENT NATIONAL MORTGAGE A	0.00440061	3	46478	24784837	109068.4	251195.43	109244.19	108429.74	100.1612	99.4144366	-814.45	6/30/2026	Model2501	100	LMMSOFRFLAT	RFRSwap	4.237843	2.116088	0.354265064	0.003423566	0.003530468	 4 	0.3542	0	0	0.0001	0	0	0	0.36	29.6875	30.097	29.52097	0.00440061	17.129	3.319	171	NA	NA	NA	0.3601	0.003627277	1.07416892	0.3584	0.00359747	0.71285627	0.3564	0.003564414	0.35474268	0.3523	0.003498574	-0.35140579	0.3506	0.003469754	-0.69981918	0.3486	0.003437934	-1.04524262
HTM	614457	36179MAX8	Agency MBS 30yr	A-3-Q	GOVERNMENT NATIONAL MORTGAGE A	0.06607131	3.5	51957	3559420	235175.54	29992.1	240043.16	220763.47	102.0698	93.8717824	-19279.68	6/30/2026	Model2501	100	LMMSOFRFLAT	RFRSwap	4.817339	3.06879	4.653857231	0.1380659	0.043817803	 103 	0.1207	0.1864	0.4352	1.3774	2.2184	0.3213	0.0016	5.6609	7.0435	75.4767	48.57279	0.06607131	15.015	3.821	171	114236.5156	NA	NA	3.1455	0.033600654	12.6675708	4.1013	0.042227305	8.80750045	4.5124	0.044484727	4.42946288	4.7364	0.042550121	-4.31640004	4.8479	0.041514087	-8.52019573	4.886	0.039848544	-12.59746298
HTM	614154	36179MDD9	Agency MBS ARM	A-3-Q	GOVERNMENT NATIONAL MORTGAGE A	0.01874888	5.625	51987	17200000	322480.74	71463.08	322480.74	327892.34	100	101.6781177	5411.61	6/30/2026	Model2501	100	LMMSOFRFLAT	RFRSwap	5.328222	5.759614	1.497267246	-0.5594637	0.015291777	 49 	0.6798	0.0368	0.0822	0.207	0.3731	0.0809	-0.0186	4.8036	12.0438	109.9201	100.0628	0.01874888	22.1164	5.981	170	142457.5469	NA	NA	1.0893	0.011535559	3.76522747	1.1718	0.012268924	2.56989305	1.2028	0.012445096	1.3341574	2.2435	0.022494065	-1.8694976	3.0428	0.029702429	-4.51511649	3.6912	0.034833901	-7.76058548
HTM	612399	36179ME30	Agency MBS 30yr	A-3-Q	GOVERNMENT NATIONAL MORTGAGE A	0.07386534	3.5	52018	118513502	8754040.12	1060437.09	8842957.29	8217524.76	101.0157	93.8712257	-625432.53	6/30/2026	Model2501	100	LMMSOFRFLAT	RFRSwap	4.801128	3.283125	4.711140633	0.1398043	0.044356886	 3,883 	0.1197	0.1848	0.431	1.3686	2.2585	0.3545	0.0013	5.7449	6.9946	73.5077	46.44386	0.07386534	14.5461	3.816	169	110365.6406	NA	NA	3.1731	0.033939015	12.80689777	4.1401	0.042668954	8.90946208	4.5622	0.044999558	4.48256422	4.7952	0.043053407	-4.36870687	4.9067	0.041968297	-8.62045077	4.9447	0.040255774	-12.74083
HTM	613636	36179MEL0	Agency MBS 15yr	A-3-Q	GOVERNMENT NATIONAL MORTGAGE A	0.00583314	3	46539	14948026	87193.93	176603.06	87369.67	86648.1	100.2016	99.3740101	-721.57	6/30/2026	Model2501	100	LMMSOFRFLAT	RFRSwap	4.224614	2.100824	0.391421616	0.004139568	0.003899173	 3 	0.3913	0	0	0.0001	0	0	0	0.3988	26.5625	27.7443	27.04221	0.00583314	16.8255	3.36	169	11545.7598	NA	NA	0.3984	0.004015699	1.18791133	0.3964	0.003980154	0.78801761	0.394	0.003940282	0.39197072	0.3891	0.003861069	-0.38794672	0.3872	0.003827303	-0.7723623	0.3848	0.003789111	-1.15323686
HTM	614537	36179MP46	Agency MBS 15yr	A-3-Q	GOVERNMENT NATIONAL MORTGAGE A	0.01176777	2.5	46661	11174244	131495.93	184108.69	131496.91	129755.11	100.0007	98.6761377	-1741.8	6/30/2026	Model2501	100	LMMSOFRFLAT	RFRSwap	4.795537	2.262589	0.525470376	0.006954518	0.005195721	 7 	0.5125	0.0123	0.0001	0.0005	0	0.0001	0	0.5405	25	80.2718	82.95536	0.01176777	14.587	2.913	166	16362.2051	NA	NA	0.5381	0.005405738	1.59056006	0.5342	0.0053384	1.05330758	0.5298	0.005266218	0.52304004	0.5225	0.005139111	-0.51653406	0.5201	0.005089446	-1.02806309	0.5156	0.005018757	-1.53361454
HTM	613212	36179MQP8	Agency MBS 30yr	A-3-Q	GOVERNMENT NATIONAL MORTGAGE A	0.08511889	3.5	52140	57072147	4857917.8	566594.07	4883108	4560152.99	100.5185	93.8705259	-322955.01	6/30/2026	Model2501	100	LMMSOFRFLAT	RFRSwap	4.782752	3.385324	4.785108089	0.1244479	0.045052975	 2,189 	0.117	0.181	0.4257	1.3642	2.3037	0.3998	0.0015	5.849	6.9824	70.7659	43.99252	0.08511889	14.0623	3.803	166	114366.1719	NA	NA	3.106	0.033237826	12.85832743	4.1387	0.042689301	8.99305413	4.6043	0.045440987	4.54102056	4.8904	0.043869883	-4.44551537	5.0063	0.042740934	-8.77811709	5.0313	0.040846992	-12.96653724
AFS	614015	36179MSW1	Agency MBS 30yr	A-3-Q	GOVERNMENT NATIONAL MORTGAGE A	0.10549835	3	52171	69124311	7292500.76	864914.03	7292219.78	6659729.77	99.9961	91.3229905	-632490.01	6/30/2026	Model2501	100	LMMSOFRFLAT	RFRSwap	4.842253	2.988328	4.841518402	0.1245012	0.0443312	 3,233 	0.1113	0.1738	0.4145	1.3757	2.3497	0.4192	0.008	5.8019	7.0618	76.2854	50.10624	0.10549835	12.6761	3.368	164	117568.0469	NA	NA	3.4639	0.03623049	13.02846157	4.3428	0.043655924	8.96132027	4.7017	0.045159645	4.48470569	4.9652	0.043289211	-4.37916696	5.0987	0.042269528	-8.66185638	5.1072	0.040229172	-12.79559383
HTM	613951	36179MSX9	Agency MBS 30yr	A-3-Q	GOVERNMENT NATIONAL MORTGAGE A	0.08440993	3.5	52171	87221496	7362360.37	882868.41	7401271.27	6832626.14	100.5285	92.8048315	-568645.13	6/30/2026	Model2501	100	LMMSOFRFLAT	RFRSwap	5.016983	3.383847	4.799026966	0.1298856	0.044672593	 3,289 	0.1162	0.1802	0.424	1.3643	2.3071	0.4123	0.0039	5.874	6.9763	93.6293	67.43522	0.08440993	14.2183	3.803	165	116748.7344	NA	NA	3.2128	0.034035772	12.85183988	4.1912	0.042763747	8.94529758	4.6274	0.045160092	4.50660635	4.9059	0.04350508	-4.40731635	5.0285	0.042430568	-8.70647072	5.0515	0.040524691	-12.8636882
HTM	613303	36179MVS6	Agency MBS 30yr	A-3-Q	GOVERNMENT NATIONAL MORTGAGE A	0.09232087	3.5	52201	52915300	4885186.53	548552.31	4968752.4	4584737.57	101.7106	93.8497954	-384014.83	6/30/2026	Model2501	100	LMMSOFRFLAT	RFRSwap	4.779757	3.152829	4.818769932	0.1263529	0.045359917	 2,216 	0.1162	0.1796	0.4224	1.362	2.3291	0.4156	0.0016	5.8914	6.9214	70.2916	43.48832	0.09232087	13.7545	3.81	164	113323.5078	NA	NA	3.1726	0.033983335	12.98276327	4.1788	0.043122265	9.06122062	4.6368	0.045767531	4.57251359	4.9248	0.044154115	-4.47523024	5.0386	0.042977985	-8.8343825	5.0575	0.041011196	-13.04250687
HTM	613248	36179MX47	Agency MBS 30yr	A-3-Q	GOVERNMENT NATIONAL MORTGAGE A	0.0949889	3.5	52232	26528827	2519944.1	289664.98	2499335.98	2364962.13	99.1822	93.8497854	-134373.86	6/30/2026	Model2501	100	LMMSOFRFLAT	RFRSwap	4.7765	3.652364	4.834543705	0.1258709	0.045508396	 1,147 	0.1157	0.1793	0.422	1.3641	2.3411	0.4185	0.0016	5.9082	6.8726	69.9513	43.1185	0.0949889	13.648	3.815	163	115745.9297	NA	NA	3.1891	0.034174047	13.0287197	4.1926	0.043276422	9.08889872	4.6493	0.045897368	4.5867228	4.94	0.044283032	-4.4894194	5.0496	0.043059457	-8.8593378	5.0647	0.041053452	-13.07318965
AFS	613845	36179N2H0	Agency MBS 30yr	A-3-Q	GOVERNMENT NATIONAL MORTGAGE A	0.14178363	3	52628	10078890	1429021.61	188454.82	1428084.17	1297986.73	99.9344	90.8304482	-130097.43	6/30/2026	Model2501	100	LMMSOFRFLAT	RFRSwap	4.869485	3.001001	5.034878731	0.1436665	0.045853708	 655 	0.1076	0.1673	0.3981	1.3304	2.464	0.5694	0.0089	6.1032	6.9519	77.5364	50.99383	0.14178363	12.1215	3.403	152	112703.9844	NA	NA	3.579	0.037406225	13.44455425	4.4789	0.044939104	9.26391015	4.8821	0.046729002	4.64190445	5.1629	0.044683095	-4.52508422	5.3144	0.043645822	-8.9443416	5.337	0.04155248	-13.21471177
AFS	614530	36179N2X5	Agency MBS ARM	A-3-Q	GOVERNMENT NATIONAL MORTGAGE A	0.02247387	5	52628	4833095	108618.35	23832.96	108618.35	109995.27	100	101.2676704	1376.92	6/30/2026	Model2501	100	LMMSOFRFLAT	RFRSwap	5.306645	5.675879	1.185157776	-0.691354	0.012049553	 13 	0.5007	0.1107	0.1725	0.1722	0.206	0.0233	-0.0319	4.0992	15.5965	102.136	96.78465	0.02247387	24.2291	5.453	148	148960.3281	NA	NA	0.7551	0.007864166	2.47792015	0.7212	0.007456318	1.72128774	0.7923	0.008130292	0.94673954	2.0961	0.02096957	-1.63035387	2.9607	0.028875232	-4.14302245	3.6426	0.034365438	-7.328276
AFS	612515	36179N2Z0	Agency MBS ARM	A-3-Q	GOVERNMENT NATIONAL MORTGAGE A	0.02134393	5	52628	3995186	85272.97	12610.84	85272.97	86356.65	100	101.270839	1083.69	6/30/2026	Model2501	100	LMMSOFRFLAT	RFRSwap	5.393967	5.722276	1.221511841	-0.587616	0.012419553	 11 	0.51	0.067	0.1396	0.2083	0.2222	0.0615	-0.0284	4.7746	12.9247	114.8425	101.6665	0.02134393	24.6961	5.46	148	149355.0938	NA	NA	1.0322	0.01082038	3.1552696	1.0457	0.010845078	2.03898378	0.921	0.009458909	1.02658089	2.058	0.020590214	-1.62621384	2.8865	0.028169829	-4.08168148	3.5937	0.033946943	-7.21205932
AFS	613728	36179N3A4	Agency MBS ARM	A-3-Q	GOVERNMENT NATIONAL MORTGAGE A	0.03826177	5	52628	227576	8707.46	2684.86	8707.46	8817.66	100	101.2655771	110.2	6/30/2026	Model2501	100	LMMSOFRFLAT	RFRSwap	5.279817	5.653881	1.045076013	-0.532535	0.010625116	 1 	0.4904	0.1523	0.2461	0.1479	0.0577	-0.0517	-0.0427	4.0345	15.3909	106.1233	97.34461	0.03826177	21.1741	5.36	149	251241.5469	NA	NA	0.6591	0.00685392	2.32248097	0.7031	0.007262022	1.61676203	0.7544	0.00773429	0.85988287	1.787	0.017917601	-1.4013049	2.5978	0.025481621	-3.57981905	3.3937	0.032302573	-6.48356095
AFS	613259	36179N4Q8	Agency MBS 15yr	A-3-Q	GOVERNMENT NATIONAL MORTGAGE A	0.02080237	3	47178	30124672	626664.57	472773.36	634650.54	616685.15	101.2744	98.407534	-17965.38	6/30/2026	Model2501	100	LMMSOFRFLAT	RFRSwap	4.458362	1.619427	0.99988997	0.01959519	0.009863835	 62 	0.4847	0.4599	0.0528	0.0021	0	0.0005	0	1.0475	19.7266	43.7566	40.94848	0.02080237	17.4606	3.419	148	26694.1504	NA	NA	1.0241	0.010414585	3.04454852	1.0175	0.010242345	2.01163763	1.0097	0.010061027	0.99621497	0.9939	0.009707968	-0.97785255	0.9934	0.009606744	-1.94346679	0.9874	0.009454728	-2.89723185
AFS	613222	36179N4R6	Agency MBS 15yr	A-3-Q	GOVERNMENT NATIONAL MORTGAGE A	0.02012897	3.5	47178	1774329	35715.42	23477.55	36165.98	35334.56	101.2615	98.9336446	-831.42	6/30/2026	Model2501	100	LMMSOFRFLAT	RFRSwap	4.405189	2.11409	1.004404068	0.0201105	0.009965255	 4 	0.4853	0.4644	0.0533	0.0011	0	0.0003	0	1.0544	19.1406	38.586	35.59407	0.02012897	17.8301	3.846	148	22749.8711	NA	NA	1.0248	0.010482277	3.0732348	1.0213	0.010340138	2.03175485	1.014	0.010162017	1.00644213	0.9964	0.009787631	-0.98713852	0.9936	0.009663731	-1.9594573	0.9884	0.00951748	-2.9190537
AFS	613833	36179N6J2	Agency MBS ARM	A-3-Q	GOVERNMENT NATIONAL MORTGAGE A	0.02546699	5	52657	2809535	71550.4	13513.22	71550.4	72458.27	100	101.2688546	907.87	6/30/2026	Model2501	100	LMMSOFRFLAT	RFRSwap	5.278201	5.668003	1.136006594	-0.6401592	0.011549965	 8 	0.4972	0.1022	0.1578	0.1612	0.1975	0.0218	-0.0316	3.8905	16.8341	99.2047	93.8868	0.02546699	23.6152	5.372	148	191386.9375	NA	NA	0.7126	0.007414781	2.38617756	0.6986	0.0072184	1.66123198	0.765	0.007848154	0.9130247	2.0023	0.020046128	-1.55685495	2.8246	0.027600348	-3.95886814	3.4676	0.032827552	-7.0033329
AFS	614516	36179N6L7	Agency MBS ARM	A-3-Q	GOVERNMENT NATIONAL MORTGAGE A	0.02344275	5	52657	1936429	45395.22	1632.49	45395.22	45972.41	100	101.271469	577.18	6/30/2026	Model2501	100	LMMSOFRFLAT	RFRSwap	5.410242	5.728406	1.232872248	-0.6257186	0.012535135	 6 	0.5068	0.0786	0.1527	0.2067	0.2277	0.0501	-0.0346	4.9378	11.9763	115.6626	103.2762	0.02344275	24.2715	5.488	148	184667.7188	NA	NA	0.8863	0.009274747	2.96885642	0.9567	0.00991651	1.98321295	0.9011	0.009253616	1.02124276	2.1229	0.021231942	-1.66175107	3.0206	0.029439002	-4.21304998	3.7881	0.035675742	-7.49640659
HTM	614401	36179NBB3	Agency MBS 30yr	A-3-Q	GOVERNMENT NATIONAL MORTGAGE A	0.0886235	3.5	52322	39744559	3522301.92	419258	3528560.03	3302755.63	100.1777	93.7669654	-225804.41	6/30/2026	Model2501	100	LMMSOFRFLAT	RFRSwap	4.77981	3.454519	4.895773888	0.1454907	0.046044223	 1,622 	0.1154	0.1769	0.4144	1.3456	2.3808	0.4682	0.0019	6.0013	6.897	69.972	42.87349	0.0886235	14.4335	3.796	160	111474.1172	NA	NA	3.3397	0.035863113	13.33532149	4.3037	0.044456895	9.25059645	4.7298	0.046683576	4.6523899	4.9982	0.044739716	-4.53763454	5.1135	0.04351379	-8.95249706	5.1331	0.041494615	-13.21180264
HTM	613300	36179NCS5	Agency MBS Other	A-3-Q	GOVERNMENT NATIONAL MORTGAGE A	0.02482688	2.5	46874	2062750	51211.65	43311.27	51389.93	50298.41	100.3481	98.2167373	-1091.52	6/30/2026	Model2501	100	LMMSOFRFLAT	RFRSwap	4.583593	1.923944	0.801909387	0.0129642	0.007892242	 4 	0.5735	0.2264	0.0004	0.0012	0.0001	0.0003	0	0.8323	18.75	55.9596	58.45943	0.02482688	12.7593	3.039	159	93110.3203	NA	NA	0.8235	0.008304766	2.4295844	0.8169	0.008171291	1.60549764	0.8089	0.008025188	0.79567276	0.7968	0.007779124	-0.78331681	0.7913	0.007664832	-1.55579671	0.7827	0.007522363	-2.31527818
HTM	614619	36179NCX4	Agency MBS 15yr	A-3-Q	GOVERNMENT NATIONAL MORTGAGE A	0.02137276	2.5	46874	8646409	184797.62	179065.69	185947.63	181917.2	100.6223	98.4413091	-4030.43	6/30/2026	Model2501	100	LMMSOFRFLAT	RFRSwap	4.497388	1.487658	0.722441494	0.01108142	0.007126358	 13 	0.5754	0.1453	0.0003	0.0012	0	0.0003	0	0.748	22.2656	47.9792	51.25787	0.02137276	13.7158	2.874	158	21845.9785	NA	NA	0.7408	0.007469625	2.19008003	0.7354	0.007360641	1.44849932	0.7289	0.007241977	0.71828419	0.7189	0.007040979	-0.70797626	0.7167	0.006969037	-1.40866808	0.71	0.00685405	-2.10011471
HTM	613600	36179NCY2	Agency MBS 15yr	A-3-Q	GOVERNMENT NATIONAL MORTGAGE A	0.01590245	3	46874	25325966	402744.91	388282.1	405097.8	398111.96	100.5842	98.8496574	-6985.84	6/30/2026	Model2501	100	LMMSOFRFLAT	RFRSwap	4.392448	2.008926	0.724669576	0.01172453	0.007180847	 29 	0.5769	0.1467	0.0002	0.0007	0	0.0002	0	0.7515	21.875	37.704	40.75047	0.01590245	15.818	3.35	158	18481.707	NA	NA	0.7413	0.007509312	2.20617707	0.7372	0.007412857	1.45976068	0.7313	0.007299798	0.72398922	0.7199	0.007082372	-0.71281367	0.7174	0.007006844	-1.41726869	0.7118	0.006903218	-2.11309341
HTM	613734	36179ND70	Agency MBS ARM	A-3-Q	GOVERNMENT NATIONAL MORTGAGE A	0.01825241	5.625	52352	1989021	36304.43	5631.99	36304.43	36918.57	100	101.6916574	614.15	6/30/2026	Model2501	100	LMMSOFRFLAT	RFRSwap	5.350953	5.774819	1.536720872	-0.5795484	0.015696801	 6 	0.6786	0.0429	0.0918	0.2105	0.3658	0.1125	-0.0213	4.97	12.0415	110.2676	100.4705	0.01825241	24.0238	6.057	158	141987.8438	NA	NA	0.9667	0.010232887	3.71270865	1.1372	0.011911604	2.60126049	1.2242	0.012672179	1.36645567	2.3056	0.023108399	-1.91913103	3.1395	0.030611103	-4.64214951	3.8228	0.035992876	-7.99185555
HTM	612657	36179NDJ4	Agency MBS Other	A-3-Q	GOVERNMENT NATIONAL MORTGAGE A	0.05345674	3.5	52352	9956463	532240.05	95575.82	554182.9	474670.86	104.1227	89.1836027	-79512.05	6/30/2026	Model2501	100	LMMSOFRFLAT	RFRSwap	5.661155	2.763585	5.243806362	0.1241005	0.046914004	 250 	0.0983	0.1583	0.3939	1.3523	2.6117	0.6284	0.0133	6.5003	5.9387	154.2	129.7461	0.05345674	17.8152	3.825	159	348120.2812	NA	NA	3.555	0.036641106	13.60506772	4.5971	0.045458298	9.41840572	5.0412	0.047486566	4.73158799	5.3846	0.045680054	-4.63097085	5.48	0.044026416	-9.12588125	5.4188	0.041221187	-13.39457645
HTM	613536	36179NDP0	Agency MBS 30yr	A-3-Q	GOVERNMENT NATIONAL MORTGAGE A	0.16523785	2.5	52352	1855173	306544.8	34743.46	305375.84	270648.96	99.6187	88.290181	-34726.89	6/30/2026	Model2501	100	LMMSOFRFLAT	RFRSwap	4.977704	2.561092	5.023715973	0.1341926	0.044455651	 136 	0.0989	0.1599	0.3918	1.3723	2.4702	0.5311	0.0186	5.9095	7.2144	87.8289	62.92072	0.16523785	10.1336	3.024	159	117510.7891	NA	NA	4.0286	0.041077822	13.47313179	4.6633	0.045504563	9.08870794	4.9078	0.045641709	4.50614266	5.1743	0.043514043	-4.39496518	5.3246	0.042483967	-8.70320221	5.3258	0.040285617	-12.84862196
HTM	613262	36179NDQ8	Agency MBS 30yr	A-3-Q	GOVERNMENT NATIONAL MORTGAGE A	0.10984918	3	52352	99537090	10934067.72	1242257.69	11238443.98	9953695.88	102.7837	91.0337867	-1284748.1	6/30/2026	Model2501	100	LMMSOFRFLAT	RFRSwap	4.860601	2.462992	4.969092369	0.1198483	0.045355618	 4,959 	0.1073	0.1682	0.4045	1.3582	2.4281	0.506	0.0091	5.983	7.0129	76.9558	50.92355	0.10984918	13.0044	3.356	159	119715.6562	NA	NA	3.5173	0.036779087	13.29059741	4.4301	0.044490919	9.15287125	4.8127	0.046134453	4.58461638	5.1063	0.04431916	-4.48227566	5.2482	0.043249615	-8.86662412	5.2541	0.041078497	-13.09170115
HTM	612167	36179NDR6	Agency MBS 30yr	A-3-Q	GOVERNMENT NATIONAL MORTGAGE A	0.0992095	3.5	52352	121302915	12034401.55	1400816.86	12588681.34	11284291.42	104.6058	93.7669512	-1304389.9	6/30/2026	Model2501	100	LMMSOFRFLAT	RFRSwap	4.780231	2.618783	4.887426853	0.144292	0.045965709	 5,532 	0.1154	0.1773	0.4157	1.3465	2.3731	0.4652	0.0017	5.9952	6.9092	69.9923	42.92902	0.0992095	13.7898	3.803	159	108572.4844	NA	NA	3.2881	0.035282634	13.25672603	4.2737	0.044132873	9.21802565	4.7156	0.046538569	4.64208545	4.9905	0.044673938	-4.5304814	5.1072	0.043467466	-8.93933794	5.1318	0.041491907	-13.19640714
HTM	614007	36179NDS4	Agency MBS 30yr	A-3-Q	GOVERNMENT NATIONAL MORTGAGE A	0.07652586	4	52352	1303797	99774.19	11282.57	105838.6	95868.57	106.0781	96.0855438	-9970.03	6/30/2026	Model2501	100	LMMSOFRFLAT	RFRSwap	4.805394	2.827188	4.774671555	0.07502311	0.046031542	 46 	0.1246	0.1906	0.4302	1.3355	2.2826	0.4195	-0.0035	5.9441	7.0312	72.8943	45.73721	0.07652586	15.5364	4.34	165	109083.3984	NA	NA	3.1851	0.034870703	13.07260899	4.0836	0.043098997	9.13349992	4.5687	0.046157856	4.62352641	4.8678	0.044717241	-4.54509558	4.9597	0.043376185	-8.95061081	4.9921	0.041536957	-13.2021528
HTM	614263	36179NF52	Agency MBS 30yr	A-3-Q	GOVERNMENT NATIONAL MORTGAGE A	0.16802447	2.5	52383	1443358	242519.46	26940.14	237504.84	212513.02	97.9323	87.6272039	-24991.82	6/30/2026	Model2501	100	LMMSOFRFLAT	RFRSwap	5.129301	2.890128	5.027980328	0.1320025	0.044160046	 107 	0.0972	0.1588	0.3913	1.3725	2.4671	0.5412	0.0206	5.9242	7.2266	102.5255	78.07994	0.16802447	10.1097	3.011	158	118679.7188	NA	NA	4.0698	0.041207734	13.42437975	4.6857	0.045389649	9.04035357	4.9167	0.045383748	4.47705458	5.1862	0.043284163	-4.36804296	5.3499	0.042355236	-8.65856665	5.3554	0.040184155	-12.79320295
HTM	613073	36179NF60	Agency MBS 30yr	A-3-Q	GOVERNMENT NATIONAL MORTGAGE A	0.11143317	3	52383	153840563	17142941.61	2008159.52	17383860.89	15598806.49	101.4054	90.9925895	-1785054.41	6/30/2026	Model2501	100	LMMSOFRFLAT	RFRSwap	4.867801	2.720526	4.971398354	0.114923	0.045356184	 7,775 	0.1073	0.1679	0.4038	1.3534	2.4272	0.5149	0.0094	5.9909	7.0435	77.4793	51.53903	0.11143317	12.9971	3.316	157	121157.0781	NA	NA	3.4814	0.03637626	13.2527804	4.4166	0.044332184	9.14208165	4.8107	0.046094257	4.58282734	5.1132	0.044356793	-4.48437666	5.2624	0.043340646	-8.87506457	5.2719	0.041186184	-13.11048415
AFS	613308	36179NF60	Agency MBS 30yr	A-3-Q	GOVERNMENT NATIONAL MORTGAGE A	0.11143317	3	52383	29775094	3317933.11	383406.92	3321273.96	3019073.26	100.1007	90.9925895	-302200.7	6/30/2026	Model2501	100	LMMSOFRFLAT	RFRSwap	4.867801	2.968666	4.971398354	0.114923	0.045356184	 1,505 	0.1073	0.1679	0.4038	1.3534	2.4272	0.5149	0.0094	5.9909	7.0435	77.4793	51.53903	0.11143317	12.9971	3.316	157	121157.0781	NA	NA	3.4814	0.03637626	13.2527804	4.4166	0.044332184	9.14208165	4.8107	0.046094257	4.58282734	5.1132	0.044356793	-4.48437666	5.2624	0.043340646	-8.87506457	5.2719	0.041186184	-13.11048415
HTM	613909	36179NF78	Agency MBS 30yr	A-3-Q	GOVERNMENT NATIONAL MORTGAGE A	0.1008772	3.5	52383	222079277	22402735.64	2575681.93	23093370.89	20997083.3	103.0828	93.7255326	-2096287.59	6/30/2026	Model2501	100	LMMSOFRFLAT	RFRSwap	4.778269	2.904736	4.917847633	0.1476061	0.046231445	 10,357 	0.1141	0.1758	0.4137	1.342	2.3907	0.4877	0.0014	6.0504	6.8665	69.5656	42.42137	0.1008772	13.7848	3.8	158	105624.3438	NA	NA	3.303	0.03545003	13.32064011	4.2901	0.044307061	9.26984158	4.7446	0.046818066	4.66979689	5.02	0.04490504	-4.55535063	5.1373	0.043677967	-8.98575269	5.1663	0.041713767	-13.26474168
HTM	612168	36179NF86	Agency MBS 30yr	A-3-Q	GOVERNMENT NATIONAL MORTGAGE A	0.0986174	4	52383	1958013	193094.15	23162.81	202988.24	185219.54	105.124	95.921879	-17768.7	6/30/2026	Model2501	100	LMMSOFRFLAT	RFRSwap	4.861394	2.976195	4.659873486	0.08229586	0.044848535	 87 	0.1293	0.1956	0.4354	1.3376	2.2088	0.3603	-0.0023	5.7707	7.2266	79.2111	52.22719	0.0986174	13.9503	4.364	165	90087.2891	NA	NA	3.2467	0.035425425	12.86848104	4.0432	0.042527121	8.93732259	4.4796	0.045134608	4.51150225	4.7339	0.043466553	-4.42338276	4.8148	0.04214935	-8.70364477	4.8529	0.040475581	-12.83934528
AFS	613161	36179NFD5	Agency MBS 15yr	A-3-Q	GOVERNMENT NATIONAL MORTGAGE A	0.02115493	2.5	46905	31028778	656411.63	624099.58	654619.02	645734.83	99.7269	98.3734609	-8884.19	6/30/2026	Model2501	100	LMMSOFRFLAT	RFRSwap	4.503698	2.69861	0.754444957	0.01175657	0.00743693	 49 	0.573	0.1795	0.0003	0.0013	0	0.0003	0	0.782	21.875	48.3997	51.25496	0.02115493	14.1436	2.865	158	20965.1543	NA	NA	0.7736	0.007803159	2.28681623	0.7681	0.00768751	1.51218699	0.7612	0.007560266	0.74970906	0.7509	0.007346821	-0.73877567	0.7487	0.007270335	-1.46985425	0.7415	0.007146688	-2.19101286
HTM	613613	36179NFD5	Agency MBS 15yr	A-3-Q	GOVERNMENT NATIONAL MORTGAGE A	0.02115493	2.5	46905	27718297	586378.63	561394.38	587589.63	576840.96	100.2065	98.3734609	-10748.67	6/30/2026	Model2501	100	LMMSOFRFLAT	RFRSwap	4.503698	2.070801	0.754444957	0.01175657	0.00743693	 44 	0.573	0.1795	0.0003	0.0013	0	0.0003	0	0.782	21.875	48.3997	51.25496	0.02115493	14.1436	2.865	158	20965.1543	NA	NA	0.7736	0.007803159	2.28681623	0.7681	0.00768751	1.51218699	0.7612	0.007560266	0.74970906	0.7509	0.007346821	-0.73877567	0.7487	0.007270335	-1.46985425	0.7415	0.007146688	-2.19101286
HTM	614720	36179NFE3	Agency MBS 15yr	A-3-Q	GOVERNMENT NATIONAL MORTGAGE A	0.01803864	3	46905	108793059	1962478.83	1973932.06	1977316.43	1938562.54	100.7561	98.7813228	-38753.88	6/30/2026	Model2501	100	LMMSOFRFLAT	RFRSwap	4.49112	1.774812	0.723123789	0.01151186	0.007160588	 141 	0.5759	0.1461	0.0002	0.0008	0	0.0002	0	0.75	21.875	47.38	50.62116	0.01803864	14.854	3.335	159	16934.0684	NA	NA	0.7402	0.007492046	2.20026559	0.7359	0.00739391	1.45567076	0.7298	0.007278921	0.72190152	0.7186	0.007064667	-0.71092608	0.7159	0.006987989	-1.41361128	0.7099	0.006879891	-2.10732973
HTM	613053	36179NFF0	Agency MBS 15yr	A-3-Q	GOVERNMENT NATIONAL MORTGAGE A	0.02049685	3.5	46905	4355374	89271.45	90550.03	90150.86	88434.46	100.9851	99.0624213	-1716.41	6/30/2026	Model2501	100	LMMSOFRFLAT	RFRSwap	4.578729	1.921358	0.717620552	0.01198976	0.007129156	 6 	0.5737	0.1434	0.0001	0.0004	0	0.0001	0	0.7456	23.0469	56.0253	59.42453	0.02049685	13.6424	3.931	160	13250.5215	NA	NA	0.7328	0.007440046	2.18996543	0.7304	0.007362138	1.44963517	0.7245	0.007249303	0.71891715	0.7119	0.007021862	-0.70730011	0.7082	0.006936006	-1.40512761	0.7028	0.006834996	-2.09390688
HTM	614776	36179NFY9	Agency MBS Other	A-3-Q	GOVERNMENT NATIONAL MORTGAGE A	0.0567098	3.5	52383	4865899	275944.16	27797.97	284332.26	246099.65	103.0398	89.1845823	-38232.61	6/30/2026	Model2501	100	LMMSOFRFLAT	RFRSwap	5.72854	2.932942	5.080980301	0.1031762	0.045457765	 125 	0.1074	0.1648	0.3991	1.3391	2.5036	0.5659	0.013	6.2855	6.3354	161.1137	137.2249	0.0567098	17.5498	3.785	157	348115.7812	NA	NA	3.3617	0.034475487	13.08680989	4.4306	0.043668538	9.09551593	4.8787	0.045881383	4.57846009	5.2254	0.044401318	-4.4944252	5.3275	0.042936973	-8.8708577	5.2669	0.040254112	-13.03760065
HTM	613722	36179NGH5	Agency MBS ARM	A-3-Q	GOVERNMENT NATIONAL MORTGAGE A	0.02127499	5.625	52383	613509	13052.4	1992.02	13052.4	13272.87	100	101.6891426	220.47	6/30/2026	Model2501	100	LMMSOFRFLAT	RFRSwap	5.306884	5.753024	1.599053979	-0.8222378	0.016333101	 2 	0.6271	0.0987	0.1875	0.1929	0.4063	0.0663	-0.0333	4.5821	12.7741	98.3028	98.72089	0.02127499	23.1469	5.947	158	176016.9531	NA	NA	0.3789	0.003968239	2.59817168	0.5702	0.005946057	2.13776132	1.0362	0.010719226	1.30211557	2.4992	0.025014827	-2.052091	3.364	0.032688633	-4.97147193	4.0221	0.037654482	-8.5241096
HTM	613526	36179NGJ1	Agency MBS ARM	A-3-Q	GOVERNMENT NATIONAL MORTGAGE A	0.01875905	5.625	52383	1331974	24986.57	3617.72	24986.57	25408.93	100	101.6903637	422.36	6/30/2026	Model2501	100	LMMSOFRFLAT	RFRSwap	5.33574	5.76985	1.473972559	-0.6210546	0.015055669	 4 	0.6608	0.0738	0.1178	0.1886	0.3268	0.0811	-0.028	4.7899	12.4177	107.4842	99.4737	0.01875905	24.0102	5.968	157	183557.1719	NA	NA	0.671	0.007057418	3.02995496	0.8235	0.008598475	2.26580846	1.0829	0.011198153	1.26849628	2.2628	0.022691377	-1.86530281	3.1346	0.030586723	-4.56589321	3.8545	0.036314074	-7.93135044
AFS	614711	36179NH27	Agency MBS Other	A-3-Q	GOVERNMENT NATIONAL MORTGAGE A	0.07596023	3	52413	1560196	118512.85	14010.15	115648.45	104428.05	97.5831	88.1153814	-11220.41	6/30/2026	Model2501	100	LMMSOFRFLAT	RFRSwap	5.409917	3.441924	5.219743252	0.104127	0.046120111	 55 	0.0978	0.1567	0.3909	1.3547	2.5842	0.6338	0.0172	6.3244	6.3965	128.8337	104.7495	0.07596023	15.6605	3.335	157	327968.625	NA	NA	3.5048	0.035647541	13.35292285	4.5784	0.044688482	9.25090335	5.0118	0.046611104	4.64650888	5.3928	0.045186888	-4.56619753	5.5318	0.043882161	-9.03001506	5.486	0.041181315	-13.29119213
AFS	614687	36179NH35	Agency MBS Other	A-3-Q	GOVERNMENT NATIONAL MORTGAGE A	0.03439517	3.5	52413	6552945	225389.66	9700.75	226851.16	201006.47	100.6484	89.1817646	-25844.68	6/30/2026	Model2501	100	LMMSOFRFLAT	RFRSwap	5.647799	3.375339	5.236264229	0.1111427	0.046845563	 106 	0.1039	0.1587	0.3867	1.3089	2.5813	0.6959	0.013	6.5476	6.2317	152.1272	127.5565	0.03439517	20.8233	3.82	156	342786.3438	NA	NA	3.3081	0.034015607	13.36072012	4.5013	0.044480078	9.35159581	5.0151	0.047234226	4.71996038	5.3799	0.045641392	-4.62753794	5.4811	0.044036966	-9.12000461	5.4213	0.041240647	-13.39223727
AFS	614187	36179NH84	Agency MBS 30yr	A-3-Q	GOVERNMENT NATIONAL MORTGAGE A	0.15628013	2.5	52413	492598	76983.28	7881.71	72768.33	67809.53	94.5248	88.0834482	-4958.8	6/30/2026	Model2501	100	LMMSOFRFLAT	RFRSwap	5.018891	3.583422	5.025984764	0.1203264	0.044371828	 34 	0.0975	0.1582	0.39	1.3578	2.4579	0.5658	0.0204	5.9315	7.4219	91.3344	66.68604	0.15628013	10.7149	3.031	156	121740.3828	NA	NA	3.9243	0.039886616	13.35455592	4.628	0.04504592	9.04914404	4.9024	0.045483902	4.49383639	5.1943	0.043575477	-4.39321599	5.3851	0.042845227	-8.72181585	5.4116	0.040788475	-12.91255237
HTM	614025	36179NH92	Agency MBS 30yr	A-3-Q	GOVERNMENT NATIONAL MORTGAGE A	0.11693677	3	52413	200000000	23387354	2594037.39	23220724.96	21271089.54	99.2875	90.9512446	-1949635.42	6/30/2026	Model2501	100	LMMSOFRFLAT	RFRSwap	4.876236	3.126099	4.955578804	0.1220656	0.045191366	 10,569 	0.108	0.1684	0.4045	1.3456	2.412	0.5199	0.0092	5.9875	7.1045	78.3598	52.2651	0.11693677	12.7921	3.325	157	119982.9062	NA	NA	3.4288	0.035786599	13.17651114	4.3926	0.044058438	9.10903614	4.7986	0.045951672	4.56861306	5.0965	0.044199064	-4.46801898	5.2561	0.043282334	-8.84595434	5.2803	0.041244883	-13.08267555
AFS	614024	36179NH92	Agency MBS 30yr	A-3-Q	GOVERNMENT NATIONAL MORTGAGE A	0.11693677	3	52413	124746560	14587459.8	1596693.39	14303152.96	13267476.24	98.051	90.9512446	-1035676.72	6/30/2026	Model2501	100	LMMSOFRFLAT	RFRSwap	4.876236	3.370063	4.955578804	0.1220656	0.045191366	 6,592 	0.108	0.1684	0.4045	1.3456	2.412	0.5199	0.0092	5.9875	7.1045	78.3598	52.2651	0.11693677	12.7921	3.325	157	119982.9062	NA	NA	3.4288	0.035786599	13.17651114	4.3926	0.044058438	9.10903614	4.7986	0.045951672	4.56861306	5.0965	0.044199064	-4.46801898	5.2561	0.043282334	-8.84595434	5.2803	0.041244883	-13.08267555
AFS	613056	36179NHJ0	Agency MBS 15yr	A-3-Q	GOVERNMENT NATIONAL MORTGAGE A	0.02457191	2.5	46935	28554088	701628.48	633312.92	699917.76	689742.88	99.7562	98.3059984	-10174.88	6/30/2026	Model2501	100	LMMSOFRFLAT	RFRSwap	4.51207	2.65422	0.785269618	0.01252301	0.007735486	 54 	0.5662	0.2167	0.0004	0.0016	0	0.0004	0	0.8148	21.4844	49.0641	51.40355	0.02457191	13.5003	2.848	156	22465.5039	NA	NA	0.8051	0.008122533	2.37970431	0.7995	0.008001083	1.57344004	0.7923	0.007866621	0.77994312	0.7818	0.007640867	-0.76834395	0.7799	0.007563706	-1.52878603	0.7726	0.00743432	-2.27906756
AFS	614242	36179NHK7	Agency MBS 15yr	A-3-Q	GOVERNMENT NATIONAL MORTGAGE A	0.01960159	3	46935	18008128	352987.94	314875.72	352987.94	348593.23	100	98.7549978	-4394.71	6/30/2026	Model2501	100	LMMSOFRFLAT	RFRSwap	4.40412	2.819561	0.787216425	0.01293824	0.00779318	 28 	0.5679	0.2178	0.0003	0.001	0	0.0003	0	0.8181	21.0938	38.5106	40.60286	0.01960159	14.9411	3.32	157	18386.9414	NA	NA	0.8037	0.008148415	2.39538218	0.8005	0.008051169	1.58497326	0.7943	0.007926101	0.78589065	0.7825	0.007685957	-0.77357859	0.7801	0.007602924	-1.5380328	0.7738	0.007483021	-2.2927661
HTM	613915	36179NJA7	Agency MBS 30yr	A-3-Q	GOVERNMENT NATIONAL MORTGAGE A	0.09875461	3.5	52413	729254428	72017236.63	8148806.04	72646078.36	67513419.73	100.8732	93.7461959	-5132658.62	6/30/2026	Model2501	100	LMMSOFRFLAT	RFRSwap	4.777977	3.320412	4.887681961	0.1448506	0.045957964	 33,098 	0.1155	0.1777	0.4165	1.3411	2.3705	0.473	0.0011	6.0155	6.8787	69.734	42.54575	0.09875461	14.0277	3.824	158	100595.3828	NA	NA	3.2732	0.035100687	13.20796327	4.2475	0.043847762	9.20446193	4.7136	0.046508547	4.64139538	4.9814	0.044585276	-4.52550034	5.0964	0.043372247	-8.92411059	5.1367	0.041529469	-13.17885964
AFS	613914	36179NJA7	Agency MBS 30yr	A-3-Q	GOVERNMENT NATIONAL MORTGAGE A	0.09875461	3.5	52413	449914989	44431179.27	5037264.57	44902537.61	41652540.36	101.0609	93.7461959	-3249997.25	6/30/2026	Model2501	100	LMMSOFRFLAT	RFRSwap	4.777977	3.284388	4.887681961	0.1448506	0.045957964	 20,420 	0.1155	0.1777	0.4165	1.3411	2.3705	0.473	0.0011	6.0155	6.8787	69.734	42.54575	0.09875461	14.0277	3.824	158	100595.3828	NA	NA	3.2732	0.035100687	13.20796327	4.2475	0.043847762	9.20446193	4.7136	0.046508547	4.64139538	4.9814	0.044585276	-4.52550034	5.0964	0.043372247	-8.92411059	5.1367	0.041529469	-13.17885964
AFS	613778	36179NJB5	Agency MBS 30yr	A-3-Q	GOVERNMENT NATIONAL MORTGAGE A	0.08341963	4	52413	248941730	20766627.01	2963645.09	21428089.49	19984202.35	103.1852	96.2322978	-1443887.15	6/30/2026	Model2501	100	LMMSOFRFLAT	RFRSwap	4.779259	3.361828	4.725566864	0.08891311	0.045627482	 9,475 	0.1235	0.1903	0.4328	1.3475	2.2636	0.376	-0.0038	5.8794	6.8909	70.5757	43.57542	0.08341963	15.1722	4.343	165	100829.4922	NA	NA	3.1025	0.033953883	12.88655719	4.0066	0.042304866	9.03449503	4.5199	0.045713879	4.58510249	4.8142	0.044315085	-4.5033723	4.9008	0.04297325	-8.86788035	4.9346	0.041189943	-13.08222475
AFS	614670	36179NJC3	Agency MBS 30yr	A-3-Q	GOVERNMENT NATIONAL MORTGAGE A	0.06156297	4.5	52413	77473853	4769520.49	714147.42	5057827.12	4723351.94	106.0448	99.0320085	-334475.18	6/30/2026	Model2501	100	LMMSOFRFLAT	RFRSwap	4.706895	3.206729	4.257262707	0.01312782	0.042314854	 2,018 	0.1425	0.2131	0.4652	1.3488	1.9225	0.1754	-0.0087	5.3437	7.3853	64.2864	39.08263	0.06156297	17.1019	4.888	180	88336.3203	NA	NA	2.5269	0.027972186	11.30304918	3.35	0.036007982	8.09181305	3.9673	0.041098561	4.19968021	4.4031	0.041908793	-4.21524104	4.4705	0.040700931	-8.3509221	4.5118	0.039271038	-12.35307402
AFS	614215	36179NJD1	Agency MBS 30yr	A-3-Q	GOVERNMENT NATIONAL MORTGAGE A	0.05250889	5	52413	5940651	311936.99	34951.91	330069.91	315854.59	105.813	101.2558954	-14215.32	6/30/2026	Model2501	100	LMMSOFRFLAT	RFRSwap	4.682611	3.627614	3.822446108	-0.07231956	0.038858481	 121 	0.1594	0.2379	0.5038	1.355	1.5386	0.0389	-0.0104	4.8259	7.7515	62.6169	39.70937	0.05250889	17.8348	5.4	202	86110.1953	NA	NA	2.2648	0.025314244	10.111626	2.9196	0.031799432	7.25953188	3.4846	0.03674943	3.80424374	3.9539	0.038655717	-3.89179051	4.0214	0.037780289	-7.71012743	4.0502	0.03654252	-11.43383942
AFS	614319	36179NJL3	Agency MBS ARM	A-3-Q	GOVERNMENT NATIONAL MORTGAGE A	0.03077782	5.375	52413	2447977	75343.4	15980.2	74742.73	76564.75	99.2028	101.6210561	1822.02	6/30/2026	Model2501	100	LMMSOFRFLAT	RFRSwap	5.374119	6.011524	0.815048814	-0.7992136	0.008317903	 6 	-0.0839	-0.0667	0.0924	0.2074	0.4463	0.1039	-0.0268	4.7083	12.6429	105.9749	100.227	0.03077782	21.0428	5.729	156	176780.6562	NA	NA	0.7366	0.007702009	2.5058224	0.9532	0.009885243	1.64651529	0.7714	0.007924915	0.67825885	2.1025	0.021168645	-1.37131034	3.3386	0.032680314	-4.16783713	4.0262	0.037970953	-7.74392546
AFS	614045	36179NJM1	Agency MBS ARM	A-3-Q	GOVERNMENT NATIONAL MORTGAGE A	0.03363759	5.375	52413	1130092	38013.57	4109.27	38013.57	38629.84	100	101.6211936	616.27	6/30/2026	Model2501	100	LMMSOFRFLAT	RFRSwap	5.333485	5.782931	0.558798969	-0.4336959	0.005702777	 2 	-0.0709	-0.0001	0.1035	0.1311	0.2527	0.0294	-0.0331	4.349	13.8353	107.3886	97.85728	0.03363759	20.6564	5.735	156	193661.9844	NA	NA	0.5818	0.006053756	2.00283823	0.7916	0.008183662	1.32834196	0.6404	0.006568057	0.49997033	1.586	0.016030259	-0.98199713	2.859	0.028240794	-3.27595984	3.6753	0.035128895	-6.47313772
AFS	613123	36179NK64	Agency MBS Other	A-3-Q	GOVERNMENT NATIONAL MORTGAGE A	0.06253089	3	52444	1855041	115997.36	7654.69	112522.67	102213.03	97.0045	88.1166861	-10309.64	6/30/2026	Model2501	100	LMMSOFRFLAT	RFRSwap	5.426893	3.556974	5.184304237	0.09626884	0.045807656	 53 	0.0964	0.1562	0.3906	1.3616	2.5844	0.5937	0.0175	6.2665	6.2622	130.7385	106.8429	0.06253089	17.0484	3.317	156	341121.2188	NA	NA	3.4874	0.035434198	13.24900224	4.5439	0.044320457	9.18045464	4.9754	0.04625782	4.6139952	5.3566	0.044899944	-4.53683566	5.4883	0.043569524	-8.97160478	5.4418	0.040898874	-13.2014571
AFS	612775	36179NK72	Agency MBS Other	A-3-Q	GOVERNMENT NATIONAL MORTGAGE A	0.0234109	3.5	52444	3023494	70782.72	6580.11	71043.29	63127.32	100.3681	89.1846592	-7915.96	6/30/2026	Model2501	100	LMMSOFRFLAT	RFRSwap	5.734754	3.421474	5.047842503	0.0944638	0.045161333	 32 	0.1045	0.1675	0.4105	1.353	2.4689	0.5424	0.0142	6.2258	6.3538	161.8664	138.034	0.0234109	23.3036	3.844	156	333434.9688	NA	NA	3.1646	0.032366373	12.8109976	4.3234	0.042566858	8.9906523	4.8288	0.045395698	4.5438429	5.2102	0.044283718	-4.47289897	5.3682	0.043272089	-8.85768635	5.3568	0.040918991	-13.07973172
AFS	613158	36179NKL1	Agency MBS Other	A-3-Q	GOVERNMENT NATIONAL MORTGAGE A	0.01139729	3	46966	11704100	133395.02	248571.94	134153.12	131700.51	100.5683	98.7297055	-2452.6	6/30/2026	Model2501	100	LMMSOFRFLAT	RFRSwap	4.535492	2.046263	0.736003757	0.01239041	0.00728433	 10 	0.5822	0.153	0.0001	0.0006	0	0.0001	0	0.7639	19.1406	51.6159	54.9652	0.01139729	17.5366	3.458	159	73681.5156	NA	NA	0.7477	0.007566893	2.23586315	0.7485	0.007518635	1.4813043	0.743	0.007408334	0.73462923	0.7304	0.007176262	-0.72274863	0.7266	0.007087154	-1.43589957	0.7206	0.006977712	-2.13938356
AFS	612676	36179NKP2	Agency MBS 15yr	A-3-Q	GOVERNMENT NATIONAL MORTGAGE A	0.02586857	2.5	46966	52662758	1362310.24	1084833.63	1359961.94	1338239.32	99.8276	98.2330805	-21722.62	6/30/2026	Model2501	100	LMMSOFRFLAT	RFRSwap	4.525186	2.561889	0.816482961	0.01341014	0.008037006	 109 	0.5567	0.2573	0.0004	0.0017	0	0.0004	0	0.8483	21.2891	50.2593	51.98278	0.02586857	13.5099	2.867	155	25020.623	NA	NA	0.8372	0.008447693	2.47420995	0.8315	0.008321082	1.63563049	0.824	0.008177725	0.81055823	0.8128	0.007935671	-0.79811505	0.8111	0.007855049	-1.58785509	0.8035	0.007718703	-2.36698571
AFS	614712	36179NKQ0	Agency MBS 15yr	A-3-Q	GOVERNMENT NATIONAL MORTGAGE A	0.02024986	3	46966	4494723	91017.51	76906.94	91438.91	89841.43	100.463	98.7078468	-1597.48	6/30/2026	Model2501	100	LMMSOFRFLAT	RFRSwap	4.411318	2.269011	0.817131698	0.014056	0.008085478	 7 	0.5575	0.2581	0.0003	0.001	0	0.0003	0	0.8504	21.0938	39.0875	40.54292	0.02024986	15.3271	3.343	155	19535.1602	NA	NA	0.8355	0.008475019	2.48794503	0.8315	0.008364583	1.64554831	0.8248	0.008229071	0.81566132	0.8119	0.007969033	-0.80229068	0.8097	0.007882495	-1.59483158	0.8035	0.007760048	-2.3774033
AFS	613411	36179NKR8	Agency MBS 15yr	A-3-Q	GOVERNMENT NATIONAL MORTGAGE A	0.01800152	3.5	46966	1430529	25751.7	21733.02	25955.48	25529.45	100.7913	99.1369494	-426.03	6/30/2026	Model2501	100	LMMSOFRFLAT	RFRSwap	4.358551	2.346855	0.816698849	0.01395303	0.008119529	 2 	0.5583	0.2573	0.0002	0.0007	0	0.0002	0	0.851	21.2891	33.9509	35.28052	0.01800152	16.2927	3.848	155	18659.1621	NA	NA	0.8302	0.008461023	2.4922208	0.8284	0.008372529	1.65044407	0.8236	0.008255379	0.81882709	0.8107	0.007994284	-0.8053884	0.8074	0.007898393	-1.59990917	0.8027	0.007788647	-2.38459024
AFS	614402	36179NLB2	Agency MBS 30yr	A-3-Q	GOVERNMENT NATIONAL MORTGAGE A	0.17232244	2.5	52444	1161074	200079.1	20504.89	188520.59	176133.47	94.223	88.0319174	-12387.12	6/30/2026	Model2501	100	LMMSOFRFLAT	RFRSwap	5.029915	3.646305	5.027104855	0.1182288	0.044355806	 89 	0.0974	0.1576	0.3887	1.3568	2.4547	0.5735	0.0209	5.9389	7.4646	92.3141	67.71082	0.17232244	10.0892	2.996	156	121959.3672	NA	NA	3.9503	0.040141281	13.38182231	4.6439	0.04518082	9.05763794	4.9087	0.045517299	4.49389662	5.1988	0.043586873	-4.39282979	5.3977	0.042915788	-8.72511985	5.4304	0.040895317	-12.92513777
AFS	614053	36179NLC0	Agency MBS 30yr	A-3-Q	GOVERNMENT NATIONAL MORTGAGE A	0.11977173	3	52444	56182118	6729029.47	781059.2	6615841.21	6117353.13	98.3179	90.9098877	-498488.07	6/30/2026	Model2501	100	LMMSOFRFLAT	RFRSwap	4.87483	3.31536	4.969481945	0.1366852	0.0452976	 3,048 	0.108	0.1682	0.4039	1.3406	2.4203	0.5316	0.0088	6.0191	7.0557	78.3113	51.93464	0.11977173	12.7109	3.338	156	116422.7578	NA	NA	3.4228	0.035721455	13.2105545	4.4048	0.044177137	9.14052414	4.8183	0.046127789	4.58373517	5.1041	0.044240594	-4.47465248	5.2656	0.043333706	-8.85574894	5.2986	0.041355964	-13.10150721
HTM	613091	36179NLD8	Agency MBS 30yr	A-3-Q	GOVERNMENT NATIONAL MORTGAGE A	0.08985058	3.5	52444	75054117	6743655.94	755205.63	6779401.8	6317730.39	100.5301	93.6840557	-461671.4	6/30/2026	Model2501	100	LMMSOFRFLAT	RFRSwap	4.785249	3.387228	4.888136864	0.1384493	0.045931868	 3,097 	0.1154	0.1782	0.4176	1.3297	2.3582	0.4965	0.0006	6.044	6.9885	70.0062	42.97131	0.08985058	14.7947	3.827	156	103971.1797	NA	NA	3.0996	0.033164233	13.02822012	4.1749	0.043051235	9.1535815	4.6984	0.046326127	4.63409466	4.9834	0.044572368	-4.52401531	5.113	0.043481518	-8.9256981	5.1835	0.041863214	-13.20318962
AFS	613090	36179NLD8	Agency MBS 30yr	A-3-Q	GOVERNMENT NATIONAL MORTGAGE A	0.08985058	3.5	52444	139621197	12545045.53	1410719.6	12660924.06	11752707.44	100.9237	93.6840557	-908216.62	6/30/2026	Model2501	100	LMMSOFRFLAT	RFRSwap	4.785249	3.311793	4.888136864	0.1384493	0.045931868	 5,762 	0.1154	0.1782	0.4176	1.3297	2.3582	0.4965	0.0006	6.044	6.9885	70.0062	42.97131	0.08985058	14.7947	3.827	156	103971.1797	NA	NA	3.0996	0.033164233	13.02822012	4.1749	0.043051235	9.1535815	4.6984	0.046326127	4.63409466	4.9834	0.044572368	-4.52401531	5.113	0.043481518	-8.9256981	5.1835	0.041863214	-13.20318962
AFS	613014	36179NLE6	Agency MBS 30yr	A-3-Q	GOVERNMENT NATIONAL MORTGAGE A	0.05690163	4	52444	99291791	5649864.75	612110.78	5899035.77	5425615.22	104.4102	96.0308867	-473420.56	6/30/2026	Model2501	100	LMMSOFRFLAT	RFRSwap	4.803572	3.151378	4.803197861	0.09377383	0.046280306	 2,615 	0.1222	0.1889	0.4284	1.312	2.2829	0.479	-0.0047	6.0493	7.1655	71.2842	44.75352	0.05690163	17.9222	4.352	157	98440.5391	NA	NA	2.8899	0.031536687	12.77535523	3.9502	0.041642599	9.06642251	4.5504	0.045954678	4.63717316	4.891	0.044893969	-4.56433529	4.9858	0.043559846	-8.98512356	5.0699	0.042120129	-13.27428428
AFS	613155	36179NLF3	Agency MBS 30yr	A-3-Q	GOVERNMENT NATIONAL MORTGAGE A	0.04469294	4.5	52444	11710587	523380.56	70263.45	551180.8	516000.98	105.3117	98.5900164	-35179.81	6/30/2026	Model2501	100	LMMSOFRFLAT	RFRSwap	4.794434	3.415457	4.479470253	-0.02131416	0.044325486	 232 	0.14	0.2062	0.4443	1.2867	2.0674	0.3462	-0.0089	5.7016	7.8552	70.4036	45.28983	0.04469294	19.4965	4.856	165	88421.1094	NA	NA	2.6159	0.028988948	11.86416363	3.5413	0.03804772	8.48597867	4.1623	0.04301523	4.39286404	4.6331	0.043796144	-4.42310475	4.7035	0.042435996	-8.73124721	4.7734	0.041072134	-12.90922785
AFS	614217	36179NLP1	Agency MBS ARM	A-3-Q	GOVERNMENT NATIONAL MORTGAGE A	0.03016397	5.375	52444	1295492	39077.18	4174.14	38784.33	39710.95	99.2506	101.6218494	926.63	6/30/2026	Model2501	100	LMMSOFRFLAT	RFRSwap	5.372585	5.9985	0.806111395	-0.803093	0.008226756	 3 	-0.0886	-0.0627	0.0948	0.2129	0.436	0.1043	-0.0268	4.6826	12.8342	105.6194	100.0596	0.03016397	21.3116	5.707	154	138442.3594	NA	NA	0.7927	0.008288331	2.49771971	0.9483	0.009831956	1.61983065	0.757	0.007776469	0.66607466	2.0931	0.021076219	-1.36256424	3.3325	0.0326262	-4.15051099	4.0157	0.037881549	-7.72086176
AFS	614030	36179NLQ9	Agency MBS ARM	A-3-Q	GOVERNMENT NATIONAL MORTGAGE A	0.02361828	5.375	52444	8401585	198430.99	31611.47	198430.99	201649.74	100	101.622102	3218.76	6/30/2026	Model2501	100	LMMSOFRFLAT	RFRSwap	5.376275	5.804042	0.611555457	-0.4267489	0.006241234	 12 	-0.0886	-0.0643	0.0454	0.1606	0.3277	0.0889	-0.0245	4.6818	13.0452	112.5069	99.43593	0.02361828	22.9658	5.718	154	148123	NA	NA	0.9486	0.009931015	2.64089415	1.0823	0.011217646	1.58753924	0.7398	0.007592483	0.56912291	1.6537	0.016704084	-1.04347626	2.8688	0.028307032	-3.38264663	3.602	0.034403827	-6.54130685
AFS	613153	36179NLS5	Agency MBS ARM	A-3-Q	GOVERNMENT NATIONAL MORTGAGE A	0.02798933	5.375	52444	1190378	33317.88	3076.79	33317.88	33858.8	100	101.6235013	540.91	6/30/2026	Model2501	100	LMMSOFRFLAT	RFRSwap	5.378513	5.800995	0.482378513	-0.4188379	0.004922986	 2 	-0.0991	-0.033	0.0836	0.1372	0.2095	0.0441	-0.0296	4.718	12.6291	116.5436	100.4737	0.02798933	22.1267	5.779	154	144727.2031	NA	NA	0.8895	0.009301415	2.50987863	1.0726	0.01110654	1.48845251	0.708	0.007259726	0.48551313	1.417	0.014341438	-0.84880912	2.6204	0.025971085	-2.94656843	3.441	0.033076305	-5.93248261
HTM	614539	36179NM39	Agency MBS Other	A-3-Q	GOVERNMENT NATIONAL MORTGAGE A	0.09599692	3	52475	2385852	229034.44	16067.42	221488.38	201820.18	96.7053	88.117829	-19668.21	6/30/2026	Model2501	100	LMMSOFRFLAT	RFRSwap	5.347412	3.596762	5.299006462	0.1365128	0.046821754	 107 	0.0942	0.1525	0.3861	1.3776	2.7141	0.5737	0.0133	6.433	5.2612	124.2509	98.59225	0.09599692	14.356	3.435	156	404631.7188	NA	NA	3.5708	0.036408402	13.60324895	4.6584	0.045552231	9.42532572	5.1052	0.047524393	4.73031321	5.417	0.045365609	-4.61333295	5.4662	0.043347687	-9.05870911	5.3797	0.040406846	-13.24965243
HTM	613125	36179NM47	Agency MBS Other	A-3-Q	GOVERNMENT NATIONAL MORTGAGE A	0.0201225	3.5	52475	1611576	32428.94	11994.76	32429.78	28921.75	100.0026	89.1850097	-3508.03	6/30/2026	Model2501	100	LMMSOFRFLAT	RFRSwap	5.783564	3.489454	4.929529667	0.1025944	0.044103	 14 	0.1062	0.1697	0.4157	1.3418	2.3894	0.505	0.0161	6.0654	6.7139	167.2074	143.6572	0.0201225	24.3731	3.909	154	361337.5	NA	NA	3.1597	0.032242347	12.57653596	4.2541	0.04180672	8.80598269	4.7361	0.044476323	4.44234214	5.0942	0.043350056	-4.37052314	5.2959	0.04278449	-8.67828957	5.346	0.040942494	-12.88120422
HTM	612995	36179NM62	Agency MBS Other	A-3-Q	GOVERNMENT NATIONAL MORTGAGE A	0.00376838	4.5	52475	3860147	14546.5	561.78	15202.45	14276.49	104.5093	98.1438138	-925.96	6/30/2026	Model2501	100	LMMSOFRFLAT	RFRSwap	4.855168	3.673525	4.648623466	-0.4647531	0.045791876	 7 	0.1276	0.2186	0.473	1.2586	2.073	0.5257	-0.0202	6.2431	7.251	62.8843	48.57522	0.00376838	33.9009	4.75	155	331170.5938	NA	NA	1.6284	0.017552054	9.2803139	2.2384	0.023701465	7.37839383	3.7026	0.038048554	4.25424229	5.1209	0.048019819	-4.73323878	5.3336	0.047461726	-9.5197417	5.4394	0.045862205	-14.19208903
HTM	614448	36179NM88	Agency MBS 30yr	A-3-Q	GOVERNMENT NATIONAL MORTGAGE A	0.17570319	2.5	52475	718224	126194.25	17586.45	117959.26	111156.44	93.4744	88.0835998	-6802.83	6/30/2026	Model2501	100	LMMSOFRFLAT	RFRSwap	5.056133	3.82476	4.972143173	0.1072182	0.04389656	 55 	0.0974	0.1582	0.3911	1.3612	2.4133	0.5528	0.0224	5.8507	7.7087	94.7564	70.6984	0.17570319	10.0093	2.994	155	129182.1719	NA	NA	3.946	0.040065415	13.25038585	4.6001	0.044731796	8.95685837	4.8511	0.044983268	4.44328315	5.1549	0.04326589	-4.353056	5.3699	0.042757228	-8.66144068	5.4162	0.040855847	-12.85177462
HTM	614717	36179NM96	Agency MBS 30yr	A-3-Q	GOVERNMENT NATIONAL MORTGAGE A	0.12867357	3	52475	20039834	2578596.98	292734.35	2508770.26	2343129.65	97.2921	90.8683934	-165640.61	6/30/2026	Model2501	100	LMMSOFRFLAT	RFRSwap	4.879552	3.517944	4.962707043	0.1425264	0.045215253	 1,166 	0.1081	0.1682	0.4049	1.3365	2.4112	0.5375	0.0086	6.0253	7.0923	78.7426	52.30814	0.12867357	12.339	3.396	155	113945.3984	NA	NA	3.3561	0.034980327	13.12006476	4.3706	0.043800972	9.1083635	4.8069	0.045994632	4.57433132	5.0946	0.04414244	-4.46447605	5.264	0.043307837	-8.83820526	5.314	0.04146041	-13.08911516
AFS	613751	36179NMM7	Agency MBS 15yr	A-3-Q	GOVERNMENT NATIONAL MORTGAGE A	0.02203751	2.5	46997	2109649	46491.41	39386.17	46273.35	45672.46	99.531	98.2384851	-600.89	6/30/2026	Model2501	100	LMMSOFRFLAT	RFRSwap	4.510754	2.920759	0.819633722	0.01343036	0.008068464	 4 	0.5575	0.2597	0.0004	0.0016	0	0.0004	0	0.8516	20.7031	48.8292	50.5098	0.02203751	14.7116	2.912	155	19999.3418	NA	NA	0.8407	0.008484701	2.48410074	0.8348	0.008354422	1.64203757	0.8271	0.008209503	0.81372098	0.8158	0.007965505	-0.80122543	0.8138	0.007881006	-1.59375962	0.806	0.007742694	-2.37534217
AFS	613139	36179NMN5	Agency MBS 15yr	A-3-Q	GOVERNMENT NATIONAL MORTGAGE A	0.02867626	3	46997	3477387	99718.45	73820.9	99889.39	98265.22	100.1714	98.5426583	-1624.17	6/30/2026	Model2501	100	LMMSOFRFLAT	RFRSwap	4.559278	2.633891	0.84640348	0.01533562	0.008361139	 8 	0.5443	0.3004	0.0003	0.0012	0	0.0003	0	0.8825	21.0938	53.5565	54.6231	0.02867626	13.3467	3.338	155	18190.3516	NA	NA	0.866	0.008778149	2.57548591	0.862	0.008662237	1.70292122	0.8548	0.008516151	0.84381898	0.8406	0.00823452	-0.82928681	0.8383	0.008143318	-1.64811957	0.8322	0.008016389	-2.45656306
AFS	614164	36179NMP0	Agency MBS 15yr	A-3-Q	GOVERNMENT NATIONAL MORTGAGE A	0.01684672	3.5	46997	2539336	42779.48	30741.97	43094.8	42396.61	100.7371	99.1050043	-698.19	6/30/2026	Model2501	100	LMMSOFRFLAT	RFRSwap	4.365165	2.453052	0.847569048	0.01556202	0.00842373	 4 	0.5446	0.3021	0.0002	0.0006	0	0.0001	0	0.8847	20.8984	34.5725	35.19617	0.01684672	17.0721	3.869	154	19527.9395	NA	NA	0.8654	0.008825155	2.59180331	0.862	0.008715394	1.71481872	0.8556	0.008576183	0.85005217	0.8404	0.008282457	-0.83498842	0.8369	0.008179084	-1.65787487	0.8318	0.008061408	-2.47024155
HTM	614066	36179NNA2	Agency MBS 30yr	A-3-Q	GOVERNMENT NATIONAL MORTGAGE A	0.09511738	3.5	52475	85735804	8154965.05	939876.55	8195258.63	7617456.41	100.4941	93.4088174	-577802.22	6/30/2026	Model2501	100	LMMSOFRFLAT	RFRSwap	4.837297	3.394922	4.893968105	0.1283886	0.045851961	 3,739 	0.1151	0.1787	0.4189	1.3236	2.3524	0.513	0.0006	6.0719	7.019	74.6514	47.95888	0.09511738	14.5432	3.878	155	105458.6719	NA	NA	2.9764	0.031706113	12.83481457	4.1048	0.04218518	9.07952923	4.6795	0.046003316	4.61664954	4.9957	0.044547305	-4.51960686	5.1301	0.043488041	-8.91980638	5.212	0.041950837	-13.202015
AFS	614511	36179NNB0	Agency MBS 30yr	A-3-Q	GOVERNMENT NATIONAL MORTGAGE A	0.05421599	4	52475	34058935	1846538.88	229538.04	1929937.15	1772957.35	104.5165	96.0151648	-156979.8	6/30/2026	Model2501	100	LMMSOFRFLAT	RFRSwap	4.802712	3.136938	4.789363384	0.06280168	0.046139475	 852 	0.1213	0.19	0.4334	1.3048	2.2583	0.4941	-0.0063	6.0724	7.2571	70.1719	44.34381	0.05421599	18.375	4.367	155	99598.6328	NA	NA	2.5552	0.027756751	12.29255531	3.7565	0.039529767	8.8923082	4.4777	0.045195684	4.59798097	4.891	0.044888716	-4.55999191	4.9819	0.043521848	-8.97766561	5.0854	0.042244058	-13.26780166
HTM	614331	36179NNB0	Agency MBS 30yr	A-3-Q	GOVERNMENT NATIONAL MORTGAGE A	0.05421599	4	52475	14791694	801946.33	98728.58	830478	769990.09	103.5578	96.0151648	-60487.91	6/30/2026	Model2501	100	LMMSOFRFLAT	RFRSwap	4.802712	3.313053	4.789363384	0.06280168	0.046139475	 370 	0.1213	0.19	0.4334	1.3048	2.2583	0.4941	-0.0063	6.0724	7.2571	70.1719	44.34381	0.05421599	18.375	4.367	155	99598.6328	NA	NA	2.5552	0.027756751	12.29255531	3.7565	0.039529767	8.8923082	4.4777	0.045195684	4.59798097	4.891	0.044888716	-4.55999191	4.9819	0.043521848	-8.97766561	5.0854	0.042244058	-13.26780166
HTM	614635	36179NNC8	Agency MBS 30yr	A-3-Q	GOVERNMENT NATIONAL MORTGAGE A	0.04926983	4.5	52475	22682083	1117542.37	140565.66	1178743.22	1098568.89	105.4764	98.3022138	-80174.32	6/30/2026	Model2501	100	LMMSOFRFLAT	RFRSwap	4.845582	3.425573	4.604565144	-0.03293335	0.045430813	 508 	0.1321	0.2021	0.4467	1.2891	2.1275	0.4214	-0.0108	5.933	7.5745	73.8898	49.23117	0.04926983	19.0825	4.826	157	91846.4531	NA	NA	2.3925	0.026431816	11.81426847	3.4933	0.037470728	8.60059639	4.2368	0.043703243	4.48675114	4.7462	0.044680975	-4.52358256	4.8109	0.043177124	-8.91568395	4.889	0.041801158	-13.1641336
AFS	612273	36179NND6	Agency MBS 30yr	A-3-Q	GOVERNMENT NATIONAL MORTGAGE A	0.04304347	5	52475	904710	38941.86	5273.69	41565.01	39311.71	106.7361	100.9497477	-2253.3	6/30/2026	Model2501	100	LMMSOFRFLAT	RFRSwap	4.778005	3.54388	4.070716858	-0.1239048	0.041257743	 16 	0.1555	0.2271	0.4769	1.2654	1.7757	0.1856	-0.0141	5.2866	8.3618	67.6053	45.72432	0.04304347	19.8373	5.371	177	80831.7812	NA	NA	2.1512	0.024041792	10.40794278	2.962	0.032270949	7.59659345	3.6604	0.03857024	4.0185481	4.272	0.041523065	-4.15465991	4.344	0.040438596	-8.26274785	4.3919	0.039136998	-12.23993479
AFS	614279	36179NNL8	Agency MBS ARM	A-3-Q	GOVERNMENT NATIONAL MORTGAGE A	0.03502745	5.375	52475	2471144	86557.87	48216.82	86065.7	87961.72	99.4314	101.6218604	1896.03	6/30/2026	Model2501	100	LMMSOFRFLAT	RFRSwap	5.38259	5.958563	0.823901296	-0.7845131	0.008408312	 7 	-0.077	-0.0678	0.0871	0.1977	0.4585	0.1171	-0.0282	4.7166	12.5819	105.9386	99.79961	0.03502745	20.5803	5.735	155	182661.0156	NA	NA	0.6872	0.007184601	2.49392916	0.9481	0.009833449	1.65915396	0.7778	0.007991657	0.68948488	2.0829	0.020971341	-1.36956368	3.2567	0.031895794	-4.11728367	3.8762	0.036618281	-7.58572449
AFS	613405	36179NNM6	Agency MBS ARM	A-3-Q	GOVERNMENT NATIONAL MORTGAGE A	0.02202532	5.375	52475	6936269	152773.54	25951.5	152773.54	155252.39	100	101.6225612	2478.84	6/30/2026	Model2501	100	LMMSOFRFLAT	RFRSwap	5.339753	5.786409	0.558531821	-0.433086	0.005700127	 9 	-0.0764	-0.0116	0.0894	0.1421	0.2591	0.0403	-0.0312	4.3869	13.8327	108.0794	97.96571	0.02202532	23.5601	5.738	154	155096.4219	NA	NA	0.7077	0.007373553	2.14175589	0.857	0.008862502	1.36123876	0.6483	0.006648352	0.50190492	1.5923	0.016093737	-0.98327521	2.8804	0.028448259	-3.29190943	3.7082	0.035428613	-6.51402342
AFS	612393	36179NNP9	Agency MBS ARM	A-3-Q	GOVERNMENT NATIONAL MORTGAGE A	0.02896767	5.375	52475	5722529	165768.33	5641.1	165768.33	168464.25	100	101.6263197	2695.92	6/30/2026	Model2501	100	LMMSOFRFLAT	RFRSwap	5.35106	5.790493	0.462047428	-0.4179415	0.004715624	 8 	-0.088	-0.026	0.0791	0.1315	0.1935	0.0332	-0.0292	4.5367	13.525	113.9441	98.73245	0.02896767	22.0487	5.876	153	183734.4219	NA	NA	0.936	0.009779123	2.42061773	1.0268	0.010624569	1.40933364	0.6697	0.00686548	0.45838618	1.3842	0.01401295	-0.82414488	2.5893	0.025679339	-2.88594953	3.445	0.033140428	-5.8594945
AFS	614031	36179NP77	Agency MBS Other	A-3-Q	GOVERNMENT NATIONAL MORTGAGE A	0.0136426	3	47027	1079244	14723.69	8945	14755.81	14517.61	100.2181	98.6002978	-238.2	6/30/2026	Model2501	100	LMMSOFRFLAT	RFRSwap	4.839534	2.475716	0.685544968	0.01083332	0.006776061	 1 	0.5719	0.113	0.0001	0.0004	0	0.0001	0	0.711	23.4375	81.8666	86.04848	0.0136426	18.3992	3.25	155	60993.5938	NA	NA	0.7019	0.007084166	2.0821086	0.6985	0.006999922	1.37755785	0.692	0.006887596	0.68310584	0.6811	0.006686471	-0.67277456	0.6789	0.00661937	-1.33809149	0.6734	0.006521174	-1.9954578
AFS	613499	36179NP93	Agency MBS 15yr	A-3-Q	GOVERNMENT NATIONAL MORTGAGE A	0.05190337	2	47027	147690	7665.61	4541.89	7611	7481.89	99.2877	97.6033457	-129.12	6/30/2026	Model2501	100	LMMSOFRFLAT	RFRSwap	4.661754	2.699155	0.869627655	0.01348368	0.008501867	 1 	0.5297	0.3327	0.0035	0.0031	0	0.0007	0.0001	0.9036	22.0703	63.5181	64.18914	0.05190337	8.456	2.482	154	35622.3086	NA	NA	0.8929	0.008963145	2.61953351	0.8858	0.008813592	1.73059897	0.8772	0.008650757	0.85729112	0.8678	0.00841079	-0.84507965	0.8669	0.008329689	-1.68261309	0.8577	0.008170604	-2.50803439
HTM	613644	36179NQ35	Agency MBS 30yr	A-3-Q	GOVERNMENT NATIONAL MORTGAGE A	0.13761278	3	52505	4198003	577698.86	65753.44	568929.61	525184.09	98.482	90.9096625	-43745.53	6/30/2026	Model2501	100	LMMSOFRFLAT	RFRSwap	4.861643	3.281252	4.975459576	0.1445363	0.045351975	 262 	0.1076	0.1679	0.4057	1.3407	2.4257	0.5318	0.0079	6.0435	6.9397	77.1146	50.50885	0.13761278	11.9654	3.412	155	114086.2422	NA	NA	3.3402	0.034829132	13.12131292	4.3622	0.043741457	9.12355319	4.8139	0.046087261	4.58683398	5.1012	0.044215437	-4.47533564	5.2635	0.04331826	-8.85271763	5.3124	0.041461844	-13.10422905
HTM	612169	36179NQ43	Agency MBS 30yr	A-3-Q	GOVERNMENT NATIONAL MORTGAGE A	0.09367847	3.5	52505	20674009	1936709.53	227612.61	1972861.11	1813581.95	101.8666	93.6424343	-159279.16	6/30/2026	Model2501	100	LMMSOFRFLAT	RFRSwap	4.7858	3.135669	4.897880554	0.132062	0.04600304	 891 	0.1153	0.1791	0.419	1.3221	2.3553	0.5147	0	6.0756	7.019	69.6468	42.75586	0.09367847	14.7712	3.926	155	103489.0938	NA	NA	3.0177	0.032238986	12.90750282	4.1175	0.042426959	9.11674746	4.6863	0.04618657	4.63324932	4.993	0.044633567	-4.53193782	5.121	0.043521848	-8.93767939	5.2043	0.041999031	-13.22339928
HTM	613046	36179NQ50	Agency MBS 30yr	A-3-Q	GOVERNMENT NATIONAL MORTGAGE A	0.05327545	4	52505	62037487	3305075.04	423815.95	3482091.47	3173369.45	105.3559	96.01505	-308722.03	6/30/2026	Model2501	100	LMMSOFRFLAT	RFRSwap	4.799442	2.988885	4.790930271	0.04657451	0.046154518	 1,525 	0.1206	0.1906	0.4356	1.3028	2.2545	0.5004	-0.007	6.0901	7.2327	69.4188	43.84765	0.05327545	18.6194	4.382	154	98483.8984	NA	NA	2.452	0.026596006	12.13098686	3.6845	0.038751114	8.83548448	4.4539	0.04495129	4.58885314	4.901	0.044977274	-4.56649133	4.9919	0.043601546	-8.99273716	5.0987	0.042343132	-13.29114912
HTM	613098	36179NQ68	Agency MBS 30yr	A-3-Q	GOVERNMENT NATIONAL MORTGAGE A	0.04781462	4.5	52505	31027765	1483580.79	204382.33	1574386.12	1457325.02	106.1207	98.2302428	-117061.1	6/30/2026	Model2501	100	LMMSOFRFLAT	RFRSwap	4.859135	3.312533	4.616210938	-0.04252622	0.04551249	 675 	0.132	0.2014	0.4454	1.2824	2.1308	0.439	-0.0111	5.9646	7.5928	74.7193	50.32196	0.04781462	19.4182	4.831	155	90815.8047	NA	NA	2.3502	0.025932074	11.74595856	3.4623	0.037106484	8.57865512	4.2307	0.043610141	4.48728653	4.7644	0.044812694	-4.53512487	4.8299	0.043300848	-8.94066216	4.9077	0.041907936	-13.20045521
HTM	613467	36179NQ76	Agency MBS 30yr	A-3-Q	GOVERNMENT NATIONAL MORTGAGE A	0.04619086	5	52505	3020398	139514.78	16559.64	149277.74	140840.3	106.9978	100.9500927	-8437.44	6/30/2026	Model2501	100	LMMSOFRFLAT	RFRSwap	4.789248	3.555576	4.270823002	-0.1012053	0.043286018	 60 	0.1481	0.216	0.4567	1.2575	1.9275	0.2808	-0.0145	5.5756	8.2214	67.9617	45.17635	0.04619086	19.6123	5.352	166	86105.6641	NA	NA	2.3285	0.026198244	11.15796594	3.207	0.035097715	8.0880485	3.8852	0.041025672	4.24078399	4.4824	0.043479245	-4.35338022	4.5441	0.042129397	-8.64008179	4.5948	0.04069652	-12.78164023
AFS	612508	36179NQA9	Agency MBS 15yr	A-3-Q	GOVERNMENT NATIONAL MORTGAGE A	0.03497071	2.5	47027	1274145	44557.76	33915.01	44557.76	43741.17	100	98.1673657	-816.58	6/30/2026	Model2501	100	LMMSOFRFLAT	RFRSwap	4.538045	2.358675	0.84402591	0.01421674	0.008302578	 4 	0.5435	0.2976	0.0005	0.002	0	0.0005	0	0.8779	21.4844	51.4593	52.51999	0.03497071	12.1445	2.934	154	28329.8711	NA	NA	0.8649	0.008728729	2.55652487	0.8593	0.008598112	1.69016013	0.8519	0.008451008	0.83750854	0.8402	0.008195222	-0.82430455	0.839	0.008116021	-1.64002786	0.8318	0.007978842	-2.44531921
AFS	613345	36179NQB7	Agency MBS 15yr	A-3-Q	GOVERNMENT NATIONAL MORTGAGE A	0.02267971	3	47027	2407751	54607.09	42473.61	54890.75	53780.04	100.5194	98.4854421	-1110.71	6/30/2026	Model2501	100	LMMSOFRFLAT	RFRSwap	4.568774	2.259474	0.878334045	0.0160865	0.008671538	 5 	0.5314	0.3422	0.0032	0.0013	0	0.0003	0	0.9169	20.7031	54.4616	54.79221	0.02267971	15.2793	3.41	153	19680.0742	NA	NA	0.8988	0.009114112	2.6723362	0.8945	0.008989067	1.76669631	0.887	0.008835117	0.87526738	0.8725	0.008539371	-0.86002738	0.8703	0.008443251	-1.70909989	0.8638	0.008308089	-2.54716507
AFS	613726	36179NQC5	Agency MBS 15yr	A-3-Q	GOVERNMENT NATIONAL MORTGAGE A	0.01839843	3.5	47027	3173080	58379.69	48611.74	58914.15	57863.66	100.9155	99.1160767	-1050.49	6/30/2026	Model2501	100	LMMSOFRFLAT	RFRSwap	4.320094	2.296888	0.881395936	0.0162539	0.008760901	 5 	0.5321	0.3454	0.0031	0.0008	0	0.0002	0	0.921	20.3125	30.1262	29.89206	0.01839843	16.8326	3.86	153	21523.3594	NA	NA	0.8975	0.009162981	2.69391085	0.8951	0.009056861	1.78310318	0.8893	0.008918511	0.88407169	0.8742	0.008613103	-0.86837124	0.8707	0.008504563	-1.72405716	0.8656	0.008381398	-2.56872368
AFS	613710	36179NQD3	Agency MBS 15yr	A-3-Q	GOVERNMENT NATIONAL MORTGAGE A	0.01386957	4	47027	333363	4623.6	4424.46	4674.7	4594.28	101.1052	99.3657271	-80.43	6/30/2026	Model2501	100	LMMSOFRFLAT	RFRSwap	4.536816	2.493466	0.842926323	0.01331929	0.008402959	 0 	0.5443	0.2974	0.0002	0.0007	0.0001	0.0002	0	0.8809	21.6797	51.4081	52.41357	0.01386957	18.429	4.389	153	13208.2324	NA	NA	0.8562	0.008755666	2.57131212	0.8502	0.008620773	1.70402927	0.8478	0.008523012	0.84646271	0.8366	0.008269815	-0.83356854	0.8328	0.008163827	-1.65499414	0.8285	0.008055019	-2.46605013
HTM	613074	36179NQT8	Agency MBS Other	A-3-Q	GOVERNMENT NATIONAL MORTGAGE A	0.11172588	3	52505	1022670	114258.71	5226.83	111897.99	100678.52	97.9339	88.1145296	-11219.47	6/30/2026	Model2501	100	LMMSOFRFLAT	RFRSwap	5.423882	3.377016	5.14781332	0.06911863	0.045484122	 52 	0.1052	0.1628	0.4017	1.3367	2.5191	0.6195	0.016	6.2604	6.6223	129.9304	106.0766	0.11172588	13.3835	3.474	154	408396.3438	NA	NA	3.2676	0.033109616	12.97085464	4.4405	0.043263007	9.07161083	4.9215	0.045734197	4.57141976	5.3591	0.04492861	-4.52008021	5.5589	0.044122234	-8.98330809	5.5341	0.041547861	-13.27978866
HTM	612287	36179NQU5	Agency MBS Other	A-3-Q	GOVERNMENT NATIONAL MORTGAGE A	0.02343473	3.5	52505	4698953	110118.69	7170.61	110844.79	98210.35	100.6594	89.1859033	-12634.44	6/30/2026	Model2501	100	LMMSOFRFLAT	RFRSwap	5.663596	3.371709	5.162956715	0.1289672	0.04619186	 51 	0.0966	0.1596	0.4067	1.3814	2.5883	0.527	0.0153	6.3333	5.3223	155.8563	130.5196	0.02343473	23.6234	3.909	154	426445.75	NA	NA	3.1048	0.031800389	12.95622738	4.326	0.04267823	9.18712294	4.954	0.046629716	4.6577079	5.2877	0.044898897	-4.55654797	5.379	0.043298874	-8.97169917	5.3341	0.040692337	-13.18080864
HTM	614392	36179NRH3	Agency MBS ARM	A-3-Q	GOVERNMENT NATIONAL MORTGAGE A	0.02285078	5.125	52505	73612090	1682093.67	669956.15	1682093.67	1712785.87	100	101.8246424	30692.19	6/30/2026	Model2501	100	LMMSOFRFLAT	RFRSwap	5.307855	5.770772	0.955416679	-0.7888276	0.00976794	 164 	0.2949	-0.0492	0.0794	0.2028	0.3095	0.065	-0.0315	4.8011	12.3293	103.7712	92.82783	0.02285078	23.4879	5.48	153	147864.2656	NA	NA	0.8577	0.008982826	2.49368229	0.902	0.009363587	1.57008949	0.6785	0.006986895	0.7426641	2.0955	0.021106398	-1.51511134	3.1227	0.03063114	-4.14613131	3.8703	0.03665242	-7.53560531
AFS	614287	36179NRH3	Agency MBS ARM	A-3-Q	GOVERNMENT NATIONAL MORTGAGE A	0.02285078	5.125	52505	2642853	60391.25	24053.05	60391.25	61493.18	100	101.8246424	1101.92	6/30/2026	Model2501	100	LMMSOFRFLAT	RFRSwap	5.307855	5.770772	0.955416679	-0.7888276	0.00976794	 6 	0.2949	-0.0492	0.0794	0.2028	0.3095	0.065	-0.0315	4.8011	12.3293	103.7712	92.82783	0.02285078	23.4879	5.48	153	147864.2656	NA	NA	0.8577	0.008982826	2.49368229	0.902	0.009363587	1.57008949	0.6785	0.006986895	0.7426641	2.0955	0.021106398	-1.51511134	3.1227	0.03063114	-4.14613131	3.8703	0.03665242	-7.53560531
AFS	614385	36179NRK6	Agency MBS ARM	A-3-Q	GOVERNMENT NATIONAL MORTGAGE A	0.02253046	5.125	52505	5725788	129004.64	11584.87	129004.64	131960.9	100	102.2915926	2956.26	6/30/2026	Model2501	100	LMMSOFRFLAT	RFRSwap	5.180644	5.765703	0.8303352	-0.5948755	0.008527911	 11 	0.2883	-0.0106	0.1332	0.1709	0.1878	0.0144	-0.0384	4.7349	12.5237	95.2926	81.02468	0.02253046	23.7361	5.518	153	130608.3672	NA	NA	0.7738	0.008132922	2.39907958	0.9065	0.009446596	1.49950519	0.6571	0.00679363	0.67577882	1.8016	0.018267523	-1.31030871	2.7539	0.027285665	-3.6240287	3.532	0.033906408	-6.70754868
AFS	614123	36179NSM1	Agency MBS 15yr	A-3-Q	GOVERNMENT NATIONAL MORTGAGE A	0.02013071	3	47058	422163	8498.44	7042.98	8554.78	8379.25	100.6629	98.5974971	-175.53	6/30/2026	Model2501	100	LMMSOFRFLAT	RFRSwap	4.3912	2.130889	0.909117579	0.01706142	0.008985642	 1 	0.5186	0.3787	0.01	0.0015	0	0.0003	0	0.9495	20.3125	37.0747	36.27594	0.02013071	16.4078	3.42	152	23133.0078	NA	NA	0.9301	0.009450972	2.7691345	0.925	0.009312153	1.83072611	0.9179	0.009156157	0.90708501	0.9031	0.008845392	-0.89098399	0.9014	0.008749422	-1.77060496	0.8956	0.008615845	-2.63941221
AFS	613321	36179NSN9	Agency MBS 15yr	A-3-Q	GOVERNMENT NATIONAL MORTGAGE A	0.01752092	3.5	47058	1553097	27211.69	24054.78	27505.67	26958.94	101.0803	99.0711773	-546.73	6/30/2026	Model2501	100	LMMSOFRFLAT	RFRSwap	4.369269	2.118816	0.883528233	0.01647295	0.008778129	 2 	0.5318	0.3477	0.0031	0.0007	0	0.0002	0	0.9235	19.9219	34.9365	34.7763	0.01752092	17.4844	3.844	152	19893.4258	NA	NA	0.9012	0.009197212	2.70165322	0.8983	0.009085563	1.78741376	0.8918	0.008939646	0.88594595	0.8764	0.008631039	-0.87007438	0.8731	0.008523483	-1.72763649	0.8676	0.008397015	-2.57406039
AFS	613625	36179NSP4	Agency MBS 15yr	A-3-Q	GOVERNMENT NATIONAL MORTGAGE A	0.02217548	4	47058	341010	7562.06	5203.7	7658.92	7529.8	101.2809	99.5734533	-129.11	6/30/2026	Model2501	100	LMMSOFRFLAT	RFRSwap	4.270439	2.417677	0.908782423	0.01688326	0.009078343	 1 	0.5196	0.3792	0.0097	0.0002	0	0.0001	0	0.9523	20.5078	25.2989	24.21712	0.02217548	15.9124	4.416	152	17802.3145	NA	NA	0.9304	0.00955432	2.79380461	0.9221	0.009382067	1.84793084	0.9169	0.009243466	0.91613962	0.9003	0.00891293	-0.89944856	0.895	0.008780845	-1.78376158	0.89	0.008654702	-2.65569772
AFS	613173	36179NTS7	Agency MBS ARM	A-3-Q	GOVERNMENT NATIONAL MORTGAGE A	0.0219256	5.125	52536	2329373	51072.9	10128.25	51072.9	52244.14	100	102.2932631	1171.24	6/30/2026	Model2501	100	LMMSOFRFLAT	RFRSwap	5.138156	5.750962	0.870247185	-0.7679251	0.008937971	 5 	0.2997	0.0447	0.154	0.1535	0.1953	-0.0061	-0.0465	4.4423	13.4432	85.2899	78.43871	0.0219256	23.9254	5.514	151	168563	NA	NA	0.5373	0.005613339	1.76741734	0.5439	0.00565299	1.23016665	0.5475	0.005658227	0.64462414	1.9643	0.019897684	-1.40962888	3.0376	0.03000007	-3.94386457	3.841	0.036643889	-7.30349165
HTM	613832	36179NTS7	Agency MBS ARM	A-3-Q	GOVERNMENT NATIONAL MORTGAGE A	0.0219256	5.125	52536	25745953	564495.47	111944.95	564495.47	577440.83	100	102.2932631	12945.36	6/30/2026	Model2501	100	LMMSOFRFLAT	RFRSwap	5.138156	5.750962	0.870247185	-0.7679251	0.008937971	 50 	0.2997	0.0447	0.154	0.1535	0.1953	-0.0061	-0.0465	4.4423	13.4432	85.2899	78.43871	0.0219256	23.9254	5.514	151	168563	NA	NA	0.5373	0.005613339	1.76741734	0.5439	0.00565299	1.23016665	0.5475	0.005658227	0.64462414	1.9643	0.019897684	-1.40962888	3.0376	0.03000007	-3.94386457	3.841	0.036643889	-7.30349165
AFS	613428	36179NTU2	Agency MBS ARM	A-3-Q	GOVERNMENT NATIONAL MORTGAGE A	0.01968896	5.125	52536	8106920	159616.82	18564.12	159616.82	163280.23	100	102.2951234	3663.4	6/30/2026	Model2501	100	LMMSOFRFLAT	RFRSwap	5.173916	5.767222	0.85016191	-0.569238	0.00873184	 14 	0.2944	-0.0368	0.1083	0.1838	0.2052	0.042	-0.032	4.7275	12.9998	95.6593	79.61871	0.01968896	24.7026	5.572	152	126595.6875	NA	NA	0.9873	0.010410995	2.74630458	1.0617	0.011079311	1.64424549	0.7147	0.007392033	0.71406375	1.7907	0.018156732	-1.31538765	2.711	0.026867792	-3.6031218	3.4513	0.033160258	-6.62813508
AFS	612518	36179NUG1	Agency MBS Other	A-3-Q	GOVERNMENT NATIONAL MORTGAGE A	0.03713431	3.5	47027	1154303	42864.25	28099.54	43088.32	42448.84	100.5228	99.0308727	-639.48	6/30/2026	Model2501	100	LMMSOFRFLAT	RFRSwap	4.561867	2.604904	0.759550393	0.01308657	0.007543309	 3 	0.5762	0.1828	0.0001	0.0003	0	0.0001	0	0.7903	20.7031	54.1154	57.02614	0.03713431	11.4105	3.796	160	81242.5469	NA	NA	0.7794	0.007921549	2.32243681	0.7745	0.007810479	1.53539449	0.7671	0.00767707	0.76095983	0.7533	0.007424977	-0.74818518	0.7486	0.007323233	-1.48557988	0.742	0.00720457	-2.21217223
HTM	614525	36179NUV8	Agency MBS 15yr	A-3-Q	GOVERNMENT NATIONAL MORTGAGE A	0.02041384	3	47088	481863	9836.67	7202.57	9895.5	9694.75	100.598	98.557201	-200.75	6/30/2026	Model2501	100	LMMSOFRFLAT	RFRSwap	4.435361	2.201029	0.909604609	0.01701448	0.008986791	 1 	0.5182	0.3793	0.0102	0.0016	-0.0001	0.0004	0	0.9501	20.3125	41.3991	40.67384	0.02041384	16.6336	3.425	151	25550.4961	NA	NA	0.931	0.00945613	2.76917076	0.9253	0.009310912	1.83076287	0.9183	0.009156439	0.90716145	0.9037	0.008847996	-0.89116262	0.9021	0.008752558	-1.77108343	0.8962	0.008618059	-2.64015919
AFS	614524	36179NUV8	Agency MBS 15yr	A-3-Q	GOVERNMENT NATIONAL MORTGAGE A	0.02041384	3	47088	5817422	118755.92	87225.89	119729.35	117042.51	100.8197	98.557201	-2686.84	6/30/2026	Model2501	100	LMMSOFRFLAT	RFRSwap	4.435361	1.963622	0.909604609	0.01701448	0.008986791	 11 	0.5182	0.3793	0.0102	0.0016	-0.0001	0.0004	0	0.9501	20.3125	41.3991	40.67384	0.02041384	16.6336	3.425	151	25550.4961	NA	NA	0.931	0.00945613	2.76917076	0.9253	0.009310912	1.83076287	0.9183	0.009156439	0.90716145	0.9037	0.008847996	-0.89116262	0.9021	0.008752558	-1.77108343	0.8962	0.008618059	-2.64015919
HTM	614801	36179NUW6	Agency MBS 15yr	A-3-Q	GOVERNMENT NATIONAL MORTGAGE A	0.02099816	3.5	47088	985142	20686.17	16634.33	20908.9	20486.64	101.0767	99.0354547	-422.26	6/30/2026	Model2501	100	LMMSOFRFLAT	RFRSwap	4.381123	2.168556	0.913216412	0.01716194	0.009069828	 2 	0.5193	0.3828	0.0101	0.0009	0	0.0002	0	0.9555	19.9219	36.1034	35.22767	0.02099816	16.6084	3.848	151	19419.1602	NA	NA	0.9299	0.009494935	2.79063349	0.9276	0.0093839	1.8467471	0.9216	0.009237025	0.91543424	0.9059	0.00891583	-0.89889765	0.9027	0.008803927	-1.78469394	0.8974	0.008674528	-2.65903839
HTM	613936	36179NUX4	Agency MBS 15yr	A-3-Q	GOVERNMENT NATIONAL MORTGAGE A	0.02431336	4	47088	685025	16655.26	10775.25	16887.67	16538.09	101.3954	99.2964861	-349.58	6/30/2026	Model2501	100	LMMSOFRFLAT	RFRSwap	4.557896	2.355971	0.940794826	0.01784777	0.009372076	 2 	0.5075	0.4122	0.0204	0.0007	-0.0001	0.0002	0	0.9877	19.9219	53.4474	52.21611	0.02431336	15.4189	4.424	151	20075.6797	NA	NA	0.9645	0.009886413	2.88743716	0.9559	0.009704514	1.90884178	0.9492	0.009546042	0.9459446	0.9321	0.009199006	-0.92840422	0.9272	0.009065502	-1.84120083	0.9224	0.008936244	-2.74149892
HTM	614081	36179NV39	Agency MBS ARM	A-3-Q	GOVERNMENT NATIONAL MORTGAGE A	0.01535127	5.125	52566	1385922	21275.66	1250.31	21275.66	21480.48	100	100.9626941	204.82	6/30/2026	Model2501	100	LMMSOFRFLAT	RFRSwap	5.498207	5.756464	0.953372836	-0.734311	0.009664869	 2 	0.3018	-0.0644	0.0563	0.2217	0.3002	0.0818	-0.0218	4.5677	13.613	123.8964	112.5458	0.01535127	26.226	5.585	150	168579.0938	NA	NA	0.9793	0.010195581	2.73467456	1.0283	0.010597766	1.68615869	0.7383	0.007540697	0.76508133	2.0497	0.020476161	-1.47799129	3.0284	0.029483074	-4.02054778	3.7375	0.035169739	-7.27572697
HTM	612403	36179NV54	Agency MBS ARM	A-3-Q	GOVERNMENT NATIONAL MORTGAGE A	0.01392627	5.125	52566	2577337	35892.69	4154.85	35892.69	36716.36	100	102.2947999	823.66	6/30/2026	Model2501	100	LMMSOFRFLAT	RFRSwap	5.132971	5.756326	0.814881265	-0.5120675	0.008369454	 3 	0.2992	-0.019	0.1135	0.1732	0.1758	0.0274	-0.0328	4.4747	14.1913	91.7499	76.22085	0.01392627	26.9067	5.595	151	153609.8438	NA	NA	0.8608	0.009062243	2.57252216	0.9868	0.010290868	1.57984452	0.6953	0.00718936	0.69291463	1.7102	0.017351238	-1.24740839	2.6515	0.02631315	-3.46834248	3.4094	0.032819547	-6.44708689
AFS	614137	36179NXA1	Agency MBS 15yr	A-3-Q	GOVERNMENT NATIONAL MORTGAGE A	0.02497281	3	47119	1332377	33273.2	22805.19	33495.76	32757.49	100.6689	98.4500924	-738.27	6/30/2026	Model2501	100	LMMSOFRFLAT	RFRSwap	4.460184	2.180004	0.968882442	0.0186644	0.009562071	 3 	0.4959	0.4362	0.0345	0.0019	0	0.0004	0	1.014	20.1172	43.8835	41.78231	0.02497281	15.59	3.409	150	27531.0488	NA	NA	0.991	0.010072142	2.94895978	0.9856	0.009918892	1.94924061	0.9783	0.009749277	0.96555162	0.9629	0.009411375	-0.94801813	0.9616	0.009308725	-1.88391442	0.9553	0.009160254	-2.80798595
AFS	613444	36179NXB9	Agency MBS 15yr	A-3-Q	GOVERNMENT NATIONAL MORTGAGE A	0.02178745	3.5	47119	904843	19714.22	14138.24	19946.11	19515.24	101.1763	98.9906814	-430.87	6/30/2026	Model2501	100	LMMSOFRFLAT	RFRSwap	4.374958	2.152486	0.972753584	0.01873466	0.00965678	 2 	0.4965	0.4401	0.0348	0.001	0	0.0003	0	1.0199	19.5312	35.5666	33.22781	0.02178745	16.6756	3.852	150	21382.0078	NA	NA	0.9891	0.010112818	2.97243405	0.9873	0.009995754	1.96692372	0.9815	0.009838818	0.97489514	0.9652	0.009489514	-0.95687806	0.9622	0.009369062	-1.89959598	0.957	0.009229194	-2.82999368
AFS	614157	36179NXC7	Agency MBS 15yr	A-3-Q	GOVERNMENT NATIONAL MORTGAGE A	0.03191785	4	47119	593091	18930.19	11669.61	19183.03	18800.73	101.3356	99.316121	-382.3	6/30/2026	Model2501	100	LMMSOFRFLAT	RFRSwap	4.523567	2.460131	0.966350615	0.01789911	0.009628558	 2 	0.4971	0.4344	0.034	0.0007	0	0.0002	0	1.0153	20.3125	50.1471	48.1669	0.03191785	13.8721	4.4	150	15835.5615	NA	NA	0.9851	0.010107145	2.9592796	0.9782	0.009938595	1.95849636	0.9736	0.00979572	0.97137065	0.9583	0.009457069	-0.95404585	0.9543	0.00932822	-1.89296491	0.9496	0.009193551	-2.81931405
AFS	613515	36179NY51	Agency MBS ARM	A-3-Q	GOVERNMENT NATIONAL MORTGAGE A	0.01948604	5.125	52505	4033908	78604.89	20053.93	78604.89	80408.76	100	102.2948497	1803.86	6/30/2026	Model2501	100	LMMSOFRFLAT	RFRSwap	5.072362	5.731922	0.711261511	-0.4212186	0.007305203	 6 	0.3029	0.0173	0.1514	0.1332	0.0831	-0.0205	-0.0364	4.1669	15.4155	88.3616	72.69427	0.01948604	24.7219	5.61	152	175851.8281	NA	NA	0.8792	0.009245346	2.44407952	0.9566	0.009965437	1.46248667	0.6395	0.006607988	0.61992798	1.482	0.015061698	-1.07594042	2.3529	0.023452925	-3.03079457	3.1338	0.03038742	-5.74130137
AFS	613071	36179NY69	Agency MBS ARM	A-3-Q	GOVERNMENT NATIONAL MORTGAGE A	0.01421138	5.125	52536	3139055	44610.3	4627.88	44610.3	45633.27	100	102.2931279	1022.97	6/30/2026	Model2501	100	LMMSOFRFLAT	RFRSwap	5.262557	5.798541	0.838549495	-0.5470979	0.008612405	 4 	0.2901	-0.0797	0.0801	0.1832	0.2187	0.0679	-0.0279	5.3291	10.8044	106.6126	85.65352	0.01421138	26.7571	5.532	152	104189.8125	NA	NA	1.3335	0.014127915	3.23655147	1.2986	0.013573001	1.81527883	0.7741	0.008006926	0.73354833	1.7581	0.017828738	-1.29505866	2.6452	0.026234675	-3.52789902	3.4253	0.032949649	-6.51145172
HTM	614338	36179NY77	Agency MBS ARM	A-3-Q	GOVERNMENT NATIONAL MORTGAGE A	0.00941096	5.125	52566	990725	9323.67	10984.54	9323.67	9315.06	100	99.9076449	-8.61	6/30/2026	Model2501	100	LMMSOFRFLAT	RFRSwap	5.755354	5.728277	0.745347738	-0.5099685	0.007477365	 1 	0.3013	-0.0853	0.0573	0.1957	0.1621	0.0468	-0.0118	4.153	15.589	156.2768	140.0346	0.00941096	29.2754	5.625	150	136074.5938	NA	NA	1.2593	0.012991208	2.84050781	1.1601	0.011821124	1.58010263	0.6921	0.006986923	0.6347259	1.6379	0.016241925	-1.15697672	2.4824	0.024107691	-3.20622573	3.2178	0.030367397	-5.94865506
AFS	613544	36179NYJ1	Agency MBS ARM	A-3-Q	GOVERNMENT NATIONAL MORTGAGE A	0.01675788	5	52597	3761523	63035.15	20378.88	63035.15	63833.51	100	101.2665233	798.35	6/30/2026	Model2501	100	LMMSOFRFLAT	RFRSwap	5.377289	5.711981	1.292743444	-0.7324849	0.013143232	 8 	0.5052	0.0738	0.1396	0.2047	0.2899	0.0727	-0.0286	4.6275	13.3828	109.05	100.9083	0.01675788	25.8613	5.402	149	141450.2344	NA	NA	0.9294	0.009724325	2.96525404	0.9272	0.009611149	1.984204	0.9025	0.009270305	1.05043554	2.2658	0.022635106	-1.76895722	3.1564	0.030683894	-4.45788293	3.8452	0.036086045	-7.82165699
AFS	613506	36179NYL6	Agency MBS ARM	A-3-Q	GOVERNMENT NATIONAL MORTGAGE A	0.01433494	5	52597	3957107	56724.89	4097.94	56724.89	57058.67	100	100.5884162	333.78	6/30/2026	Model2501	100	LMMSOFRFLAT	RFRSwap	5.563095	5.717206	1.225714684	-0.5957558	0.012378639	 7 	0.5162	0.0454	0.1189	0.2202	0.2328	0.0748	-0.0205	4.7132	13.1054	132.007	118.6824	0.01433494	26.9	5.445	150	128944.7109	NA	NA	1.1033	0.011500584	3.2460663	1.1053	0.011390311	2.06216524	0.9307	0.009494824	1.0242287	2.0674	0.020543421	-1.62389341	2.8784	0.027899852	-4.06425797	3.5642	0.033444319	-7.15593098
AFS	613008	36179NZP6	Agency MBS 15yr	A-3-Q	GOVERNMENT NATIONAL MORTGAGE A	0.02064109	3	47150	687618	14193.19	10889.13	14321.18	13967.32	100.9018	98.4086362	-353.86	6/30/2026	Model2501	100	LMMSOFRFLAT	RFRSwap	4.467824	1.972133	0.992516398	0.0195918	0.009791205	 1 	0.4855	0.4534	0.0513	0.002	-0.0001	0.0004	0	1.0398	20.5078	44.6995	41.98524	0.02064109	17.1911	3.404	149	28393.5645	NA	NA	1.0165	0.010335542	3.02245502	1.0104	0.010168916	1.99704108	1.0024	0.009988024	0.98893466	0.9862	0.009633544	-0.97052756	0.9853	0.009529871	-1.92857676	0.9792	0.009378397	-2.87466001
AFS	614770	36179NZQ4	Agency MBS 15yr	A-3-Q	GOVERNMENT NATIONAL MORTGAGE A	0.02077537	3.5	47150	1753718	36434.14	25438.54	36917.1	36066.79	101.3256	98.9917356	-850.31	6/30/2026	Model2501	100	LMMSOFRFLAT	RFRSwap	4.372072	2.007206	0.974745095	0.01891669	0.009676653	 4 	0.4962	0.442	0.0352	0.001	0	0.0002	0	1.022	19.3359	35.2806	32.90857	0.02077537	17.307	3.845	149	21161.8027	NA	NA	0.9926	0.010149306	2.97988272	0.9898	0.010021449	1.97126044	0.9835	0.009859936	0.97695023	0.967	0.00950734	-0.95876943	0.964	0.009386379	-1.90322043	0.9588	0.009246933	-2.83536561
AFS	613219	36179Q2A8	Agency MBS 15yr	A-3-Q	GOVERNMENT NATIONAL MORTGAGE A	0.03609997	3	47515	1232576	44495.96	22029.39	45231.14	43525.99	101.6522	97.8200939	-1705.15	6/30/2026	Model2501	100	LMMSOFRFLAT	RFRSwap	4.583781	1.665125	1.300566673	0.02795151	0.012753586	 6 	0.4022	0.4999	0.3836	0.0135	0.0003	0.0011	0.0001	1.3752	17.1875	57.2734	49.75669	0.03609997	16.7431	3.396	137	33423.7188	NA	NA	1.3238	0.013504508	3.94918713	1.3218	0.013306494	2.60763839	1.3127	0.013042319	1.28962274	1.2962	0.0125466	-1.26376857	1.3004	0.012424994	-2.51223563	1.294	0.012204303	-3.7449629
AFS	614522	36179Q2B6	Agency MBS 15yr	A-3-Q	GOVERNMENT NATIONAL MORTGAGE A	0.03556964	3.5	47515	590338	20998.11	9992.36	21412.3	20677.52	101.9725	98.4732565	-734.78	6/30/2026	Model2501	100	LMMSOFRFLAT	RFRSwap	4.51634	1.982115	1.359851122	0.03185191	0.013429238	2.819886186	0.3898	0.4945	0.4496	0.0252	0.0002	0.0006	0.0001	1.4452	16.6992	51.0636	42.65189	0.03556964	17.0168	3.83	137	29291.5566	NA	NA	1.3781	0.014182429	4.15743071	1.3802	0.014009749	2.74652372	1.3724	0.01373961	1.35860299	1.3503	0.013155835	-1.32832788	1.3502	0.012978104	-2.63454188	1.3462	0.012766741	-3.92273644
AFS	613154	36179Q3H2	Agency MBS 30yr	A-3-Q	GOVERNMENT NATIONAL MORTGAGE A	0.08809939	3	52994	126552853	11149229.15	1278215.3	11338766.08	10064919.58	101.7	90.2745781	-1273846.51	6/30/2026	Model2501	100	LMMSOFRFLAT	RFRSwap	4.930838	2.683263	5.189292908	0.08712759	0.04697153	 5,237 	0.1011	0.159	0.3885	1.284	2.4868	0.7721	0.0138	6.3533	7.4097	80.4917	55.32795	0.08809939	17.0681	3.475	138	137219.5469	NA	NA	3.2331	0.033570115	13.31491924	4.4218	0.044157322	9.3474237	4.9605	0.047244947	4.72581106	5.3888	0.046265975	-4.66055796	5.6209	0.045672894	-9.26095766	5.6928	0.043705013	-13.74447959
AFS	613862	36179Q3X7	Agency MBS ARM	A-3-Q	GOVERNMENT NATIONAL MORTGAGE A	0.0346318	5	52994	2443907	84636.9	11860.53	84636.9	85738.39	100	101.3014275	1101.49	6/30/2026	Model2501	100	LMMSOFRFLAT	RFRSwap	5.282498	5.670405	1.169706821	-0.6883171	0.011896411	 10 	0.4943	0.1307	0.1926	0.164	0.1704	0.0216	-0.0367	4.0021	16.3811	98.9147	94.66853	0.0346318	23.4785	5.415	137	185146.9062	NA	NA	0.7254	0.007548425	2.36048222	0.6532	0.00675212	1.66177007	0.7702	0.007905171	0.92992623	2.0561	0.020581104	-1.60577232	2.9026	0.028339438	-4.07019321	3.5899	0.033924155	-7.20517065
AFS	613885	36179Q3Y5	Agency MBS ARM	A-3-Q	GOVERNMENT NATIONAL MORTGAGE A	0.02849158	5	52994	2363474	67339.11	17901.9	67339.11	68216.01	100	101.3022106	876.89	6/30/2026	Model2501	100	LMMSOFRFLAT	RFRSwap	5.343429	5.700887	1.160596132	-0.5886065	0.011803842	 8 	0.5001	0.1083	0.182	0.1956	0.1427	0.0314	-0.0364	4.4328	14.4815	108.6747	98.34141	0.02849158	24.9075	5.449	137	159137.6406	NA	NA	0.7499	0.007828837	2.6911951	0.8494	0.008794631	1.83641267	0.841	0.008633731	0.9593123	1.9878	0.019906769	-1.56116147	2.8425	0.02778363	-3.9598062	3.5939	0.034009468	-7.07273668
AFS	613306	36179Q5E7	Agency MBS 15yr	A-3-Q	GOVERNMENT NATIONAL MORTGAGE A	0.03607089	3	47543	910947	32858.67	16851.82	33356.33	32104.19	101.5146	97.7038623	-1252.14	6/30/2026	Model2501	100	LMMSOFRFLAT	RFRSwap	4.636926	1.795471	1.331249356	0.02881395	0.013038992	 4 	0.3954	0.4962	0.418	0.0201	0.0005	0.0012	0.0001	1.4089	16.8945	62.6217	54.87535	0.03607089	17.0245	3.39	136	31261.5137	NA	NA	1.3535	0.013803966	4.03803528	1.3525	0.013607431	2.66643436	1.3435	0.013336463	1.31858576	1.3272	0.012827985	-1.29204676	1.3323	0.012707471	-2.56867247	1.3263	0.012482313	-3.82953044
AFS	614507	36179Q5F4	Agency MBS 15yr	A-3-Q	GOVERNMENT NATIONAL MORTGAGE A	0.03526256	3.5	47543	463577	16346.91	8140.13	16671.86	16111.03	101.9878	98.5569969	-560.83	6/30/2026	Model2501	100	LMMSOFRFLAT	RFRSwap	4.48979	1.911371	1.309369206	0.03050494	0.012941666	 2 	0.4006	0.5056	0.3914	0.0112	0.0001	0.0005	0.0001	1.3893	16.5039	48.1799	40.29184	0.03526256	17.3626	3.866	136	28056.6348	NA	NA	1.3294	0.013672699	4.00746189	1.331	0.013507975	2.64720739	1.3222	0.013241799	1.30926161	1.3001	0.012683328	-1.28027586	1.3007	0.012525878	-2.54021846	1.2971	0.012329893	-3.78398972
AFS	612397	36179Q7C9	Agency MBS ARM	A-3-Q	GOVERNMENT NATIONAL MORTGAGE A	0.03347567	5	53022	257878	8632.64	3746.34	8632.64	8620.73	100	99.8620419	-11.91	6/30/2026	Model2501	100	LMMSOFRFLAT	RFRSwap	5.713366	5.672745	1.261454821	-0.7232201	0.012647954	 1 	0.5077	0.0601	0.1224	0.2207	0.2642	0.0753	-0.0188	4.0994	15.5697	141.5687	136.7128	0.03347567	23.8752	5.5	138	232982.4219	NA	NA	1.1022	0.011392208	3.09029597	1.021	0.010438189	1.96868643	0.893	0.009043947	1.01100855	2.2546	0.022218198	-1.71872759	3.1606	0.03030806	-4.37199146	3.8765	0.035881318	-7.70405041
AFS	613339	36179Q7D7	Agency MBS ARM	A-3-Q	GOVERNMENT NATIONAL MORTGAGE A	0.02098344	5	53022	133718	2805.86	83.91	2805.86	2789.46	100	99.4152224	-16.41	6/30/2026	Model2501	100	LMMSOFRFLAT	RFRSwap	5.879707	5.726878	1.284255981	-0.6329705	0.012819186	 0 	0.5286	0.0072	0.0688	0.2495	0.2715	0.1323	-0.0107	4.8693	12.943	161.9838	148.5158	0.02098344	27.0938	5.28	137	146288.8281	NA	NA	1.3878	0.014350118	3.58689383	1.2615	0.012868412	2.18813236	0.9851	0.009937923	1.06125549	2.1977	0.021564465	-1.69494074	3.0723	0.029357843	-4.25988971	3.8184	0.0352441	-7.51612235
AFS	613647	36179QAK7	Agency MBS 15yr	A-3-Q	GOVERNMENT NATIONAL MORTGAGE A	0.02405666	3	47209	112194	2699.01	1726.53	2721.7	2654.24	100.8406	98.3412178	-67.46	6/30/2026	Model2501	100	LMMSOFRFLAT	RFRSwap	4.484077	2.066179	1.027940869	0.0206354	0.010133738	 0 	0.4747	0.477	0.0736	0.0022	0	0.0005	0	1.0782	19.7266	46.361	42.95773	0.02405666	16.7739	3.436	147	27602.4277	NA	NA	1.0528	0.010707945	3.13030594	1.0467	0.010534953	2.06784102	1.0383	0.010341905	1.02374017	1.0217	0.009969323	-1.00438123	1.0212	0.009863306	-1.99586918	1.0151	0.009705627	-2.97503723
AFS	614477	36179QAL5	Agency MBS 15yr	A-3-Q	GOVERNMENT NATIONAL MORTGAGE A	0.0215295	3.5	47209	1463232	31502.65	23968.42	31922.91	31155.16	101.334	98.8969343	-767.75	6/30/2026	Model2501	100	LMMSOFRFLAT	RFRSwap	4.418237	2.08286	1.0311234	0.02086105	0.010226566	 3 	0.4752	0.4802	0.0742	0.0012	0	0.0003	0	1.0835	19.3359	39.9561	36.34754	0.0215295	17.6823	3.842	147	21672.5137	NA	NA	1.052	0.010765641	3.15481732	1.0483	0.010615792	2.08549598	1.0409	0.010430842	1.0329547	1.0229	0.010041779	-1.01290385	1.0202	0.009913557	-2.01039086	1.0152	0.009764829	-2.99486539
AFS	614044	36179QAM3	Agency MBS 15yr	A-3-Q	GOVERNMENT NATIONAL MORTGAGE A	0.02930533	4	47209	222974	6534.33	3514.39	6640.59	6485.2	101.6262	99.2482168	-155.39	6/30/2026	Model2501	100	LMMSOFRFLAT	RFRSwap	4.5435	2.337914	1.062477112	0.01942471	0.010579131	 1 	0.4677	0.4954	0.0981	0.0009	0.0001	0.0003	0	1.1199	18.9453	52.2981	48.37636	0.02930533	14.6129	4.401	147	19490.9922	NA	NA	1.0765	0.011068086	3.24540778	1.0696	0.010879911	2.14971996	1.0688	0.010756604	1.06704067	1.054	0.010384229	-1.04804551	1.0499	0.010235568	-2.07860047	1.0454	0.010085436	-3.09488143
AFS	614698	36179QBF7	Agency MBS 30yr	A-3-Q	GOVERNMENT NATIONAL MORTGAGE A	0.06547412	3.5	52688	50000000	3273706	401643.32	3316063.08	3050889.39	101.2939	93.19375	-265173.69	6/30/2026	Model2501	100	LMMSOFRFLAT	RFRSwap	4.867173	3.246592	4.932293892	0.1073963	0.04610496	 1,509 	0.1141	0.1783	0.4166	1.2986	2.3439	0.5895	0.0013	6.1595	7.312	76.2879	50.28234	0.06547412	17.9364	3.933	148	112356.6172	NA	NA	2.791	0.029620368	12.65228131	4.0294	0.041310351	9.04696256	4.6803	0.045915622	4.62767674	5.0512	0.044917326	-4.55149576	5.2139	0.044046301	-8.99666052	5.3406	0.042792119	-13.34968612
AFS	614752	36179QBU4	Agency MBS ARM	A-3-Q	GOVERNMENT NATIONAL MORTGAGE A	0.01317713	5.5	52688	5015023	66083.61	11073.87	66083.61	67198.64	100	101.6873079	1115.04	6/30/2026	Model2501	100	LMMSOFRFLAT	RFRSwap	5.313956	5.763249	1.411416769	-0.6458998	0.014414851	 10 	0.6598	0.0936	0.1343	0.1717	0.264	0.0679	-0.0319	4.549	13.7292	103.3398	97.67381	0.01317713	27.8223	6.01	146	144283.375	NA	NA	0.698	0.007323212	2.78843532	0.7283	0.007588558	2.07099972	0.9869	0.010196478	1.18696796	2.1994	0.022065179	-1.80446963	3.0846	0.030131338	-4.44710281	3.8335	0.036168877	-7.78120068
AFS	614213	36179QBW0	Agency MBS ARM	A-3-Q	GOVERNMENT NATIONAL MORTGAGE A	0.01688141	5.625	52688	6710858	113288.75	24045.94	113288.75	115222.79	100	101.7071841	1934.05	6/30/2026	Model2501	100	LMMSOFRFLAT	RFRSwap	5.322859	5.76914	1.350306511	-0.5340197	0.013794773	 16 	0.6656	0.0873	0.1438	0.1718	0.1921	0.0542	-0.0324	4.6801	13.2181	108.8057	98.06583	0.01688141	26.4563	6.1	146	141446.3906	NA	NA	0.7972	0.008390661	3.09752633	0.9135	0.009533842	2.2055899	1.0529	0.010880957	1.1842438	2.0177	0.020274149	-1.68026659	2.8444	0.027888898	-4.11266742	3.5989	0.034163885	-7.23040782
AFS	613077	36179QED9	Agency MBS ARM	A-3-Q	GOVERNMENT NATIONAL MORTGAGE A	0.02090556	5.5	52718	7903134	165219.44	19159.17	165219.44	168011.73	100	101.6900459	2792.29	6/30/2026	Model2501	100	LMMSOFRFLAT	RFRSwap	5.330944	5.772022	1.45987165	-0.6106934	0.014910122	 25 	0.6645	0.0734	0.1152	0.19	0.2968	0.0964	-0.0283	4.6945	13.3935	105.6902	98.31729	0.02090556	25.2022	5.999	145	134701.7969	NA	NA	0.7731	0.008139513	3.15721157	0.897	0.009367123	2.28967005	1.086	0.011228427	1.25997172	2.2274	0.022338765	-1.84292811	3.0792	0.030064307	-4.49591622	3.7928	0.035776522	-7.80673173
AFS	614421	36179QEF4	Agency MBS ARM	A-3-Q	GOVERNMENT NATIONAL MORTGAGE A	0.00961731	5.625	52718	6831102	65696.83	21465.78	65696.83	66819.57	100	101.7089712	1122.74	6/30/2026	Model2501	100	LMMSOFRFLAT	RFRSwap	5.356678	5.784295	1.408054352	-0.5227686	0.014384978	 9 	0.6792	0.0635	0.1212	0.1829	0.2276	0.0898	-0.0271	4.9403	12.4522	112.4402	99.74071	0.00961731	29.9738	6.048	145	115330.9922	NA	NA	0.9693	0.010242237	3.50814584	1.093	0.011430815	2.41517678	1.1416	0.01180597	1.25476312	2.0764	0.020851471	-1.7395219	2.8817	0.028224302	-4.21909325	3.6115	0.034238737	-7.35794659
AFS	612522	36179QFF3	Agency MBS 15yr	A-3-Q	GOVERNMENT NATIONAL MORTGAGE A	0.02279629	3	47270	76075481	1734238.73	1110310.02	1755793.7	1703573.32	101.2429	98.2317655	-52220.38	6/30/2026	Model2501	100	LMMSOFRFLAT	RFRSwap	4.503904	1.762188	1.089717031	0.02145087	0.010730818	 186 	0.4581	0.502	0.1258	0.003	0.0002	0.0007	0.0001	1.144	19.1406	48.4542	43.95861	0.02279629	17.7383	3.416	145	29841.4004	NA	NA	1.1074	0.011270976	3.30870156	1.1058	0.011131161	2.1880922	1.0994	0.010944836	1.08377319	1.0844	0.010563178	-1.06391027	1.0849	0.010453564	-2.11453874	1.0788	0.010283492	-3.15229461
AFS	613798	36179QFG1	Agency MBS 15yr	A-3-Q	GOVERNMENT NATIONAL MORTGAGE A	0.0281284	3.5	47270	2287215	64335.7	38258.49	65075.56	63578.16	101.15	98.8225219	-1497.39	6/30/2026	Model2501	100	LMMSOFRFLAT	RFRSwap	4.437376	2.326038	1.09175396	0.02256217	0.010819769	 7 	0.457	0.5058	0.1272	0.0015	0	0.0003	0	1.1495	18.75	41.9982	37.26395	0.0281284	16.4455	3.846	145	22475.502	NA	NA	1.1115	0.011386459	3.33880167	1.109	0.011235647	2.20715848	1.1019	0.011040313	1.09310094	1.0838	0.010624318	-1.07157092	1.0819	0.010492277	-2.12711712	1.0769	0.010331542	-3.16897087
AFS	613156	36179QFH9	Agency MBS 15yr	A-3-Q	GOVERNMENT NATIONAL MORTGAGE A	0.01775529	4	47270	386364	6860	4390.75	6945.97	6808.49	101.2532	99.2490317	-137.48	6/30/2026	Model2501	100	LMMSOFRFLAT	RFRSwap	4.575489	2.590605	0.998070061	0.01976629	0.009937909	 1 	0.4842	0.4597	0.0533	0.0008	-0.0001	0.0002	0	1.0503	19.7266	55.3041	52.6591	0.01775529	19.461	4.448	145	15246.3389	NA	NA	1.0248	0.010518828	3.06670696	1.0153	0.010314954	2.02602187	1.0073	0.010131191	1.00349267	0.9888	0.009748648	-0.98410328	0.9844	0.009609826	-1.95151039	0.9802	0.009475389	-2.90604091
AFS	613949	36179QGR6	Agency MBS ARM	A-3-Q	GOVERNMENT NATIONAL MORTGAGE A	0.01764593	5.5	52749	5264147	92890.77	7551.63	92890.77	94460.75	100	101.6901383	1569.98	6/30/2026	Model2501	100	LMMSOFRFLAT	RFRSwap	5.304218	5.758129	1.397417903	-0.6525406	0.014272275	 13 	0.6496	0.1174	0.1576	0.1555	0.2503	0.0515	-0.0361	4.4863	13.7783	102.1996	97.42338	0.01764593	26.4078	6.003	145	162647.6562	NA	NA	0.5154	0.005396298	2.560595	0.6278	0.00653695	1.98905021	0.9585	0.009900996	1.16673305	2.1853	0.021928038	-1.79076904	3.0698	0.029996021	-4.42047283	3.8129	0.035991795	-7.73888289
AFS	613166	36179QGT2	Agency MBS ARM	A-3-Q	GOVERNMENT NATIONAL MORTGAGE A	0.01068404	5.625	52749	5656109	60430.09	15258.03	60430.09	61463.33	100	101.709805	1033.23	6/30/2026	Model2501	100	LMMSOFRFLAT	RFRSwap	5.347549	5.780659	1.397186995	-0.5171259	0.014274071	 9 	0.6764	0.0694	0.1282	0.1799	0.2165	0.0847	-0.0277	4.8709	12.7027	111.6401	99.16875	0.01068404	29.5431	6.084	145	119779.4766	NA	NA	0.933	0.009854076	3.45462701	1.0724	0.011212066	2.39228517	1.1331	0.011717682	1.24581546	2.0588	0.020677596	-1.72552283	2.8573	0.027995627	-4.18438401	3.5814	0.033974327	-7.29880741
AFS	613739	36179QHQ7	Agency MBS Other	A-3-Q	GOVERNMENT NATIONAL MORTGAGE A	0.01726354	3.5	47300	2176237	37569.55	29793.34	37969.38	37188.03	101.0642	98.9844811	-781.36	6/30/2026	Model2501	100	LMMSOFRFLAT	RFRSwap	4.877071	1.538275	0.618251681	0.009487175	0.006137163	 2 	0.5704	0.0473	0.0001	0.0004	0	0.0001	0	0.6398	14.8438	86.5688	90.70325	0.01726354	20.1226	3.875	146	67840.5703	NA	NA	0.6293	0.006365404	1.87865071	0.6273	0.006304842	1.24520637	0.6235	0.006228013	0.61829339	0.6132	0.006049647	-0.60917957	0.6098	0.005979505	-1.21056708	0.6054	0.005900705	-1.80476668
AFS	613968	36179QHV6	Agency MBS 15yr	A-3-Q	GOVERNMENT NATIONAL MORTGAGE A	0.02549955	3	47300	30537698	778697.56	482393.33	789842.78	764421.31	101.4313	98.1666501	-25421.48	6/30/2026	Model2501	100	LMMSOFRFLAT	RFRSwap	4.520924	1.636005	1.120517135	0.02322528	0.011026821	 86 	0.4478	0.5115	0.1577	0.003	0	0.0006	0.0001	1.1784	18.75	50.26	45.19552	0.02549955	17.2567	3.406	144	31320.9258	NA	NA	1.1452	0.0116605	3.40873078	1.14	0.011475064	2.25152382	1.1315	0.011261191	1.11435406	1.1145	0.010845435	-1.09269678	1.1152	0.010732674	-2.17143591	1.1093	0.010557176	-3.23680367
AFS	613933	36179QHW4	Agency MBS 15yr	A-3-Q	GOVERNMENT NATIONAL MORTGAGE A	0.02349761	3.5	47300	1496467	35163.4	23994.03	35719.19	34740.05	101.5806	98.7960502	-979.14	6/30/2026	Model2501	100	LMMSOFRFLAT	RFRSwap	4.434861	1.9908	1.123795509	0.02407714	0.01113434	 4 	0.4475	0.5151	0.1593	0.0016	0	0.0003	0	1.1847	18.3594	41.8974	36.55583	0.02349761	17.9843	3.857	144	22878.0879	NA	NA	1.1462	0.011751065	3.43974077	1.1426	0.011580344	2.27290408	1.1345	0.01136825	1.12525575	1.1147	0.010921001	-1.10217861	1.1122	0.010776152	-2.18667424	1.1072	0.010609387	-3.25658285
AFS	614034	36179QJ69	Agency MBS ARM	A-3-Q	GOVERNMENT NATIONAL MORTGAGE A	0.01922793	5.375	52779	5214144	100257.2	23532.94	100257.2	101903.19	100	101.6417752	1646	6/30/2026	Model2501	100	LMMSOFRFLAT	RFRSwap	5.303844	5.776159	0.523720205	-0.4358298	0.005345861	 5 	-0.0627	0.0166	0.1161	0.1232	0.2012	0.025	-0.0349	4.1437	15.242	103.354	95.25817	0.01922793	26.0608	5.804	144	157022.2656	NA	NA	0.5861	0.006093735	1.8934403	0.7494	0.007742456	1.24105815	0.598	0.006131834	0.46050442	1.526	0.015433975	-0.93741851	2.7644	0.027345035	-3.15640246	3.575	0.034253739	-6.25965664
AFS	613049	36179QJ85	Agency MBS ARM	A-3-Q	GOVERNMENT NATIONAL MORTGAGE A	0.01794983	5.375	52779	6320565	113453.07	18135.22	113453.07	115315.74	100	101.6417984	1862.67	6/30/2026	Model2501	100	LMMSOFRFLAT	RFRSwap	5.300243	5.775314	0.432063133	-0.4026964	0.004410275	 5 	-0.0616	0.0167	0.1157	0.1193	0.1268	0.0044	-0.0353	4.139	15.2948	107.3866	95.00539	0.01794983	26.6061	5.805	144	160125.2969	NA	NA	0.7154	0.007451192	2.08336108	0.8745	0.009037803	1.27259036	0.6157	0.006311184	0.42179773	1.2981	0.013149936	-0.77246722	2.448	0.024323173	-2.71660807	3.2853	0.031711549	-5.54777973
AFS	614754	36179QJS1	Agency MBS 30yr	A-3-Q	GOVERNMENT NATIONAL MORTGAGE A	0.06775848	3.5	52779	50102500	3394869.24	387581.16	3476842.6	3153322.07	102.4146	92.8849344	-323520.52	6/30/2026	Model2501	100	LMMSOFRFLAT	RFRSwap	4.913556	3.046845	5.001569748	0.1129347	0.046598066	 1,582 	0.1128	0.1758	0.4107	1.2855	2.3727	0.6526	0.0017	6.2751	7.3059	80.3525	54.29981	0.06775848	18.0983	3.912	145	117589.6719	NA	NA	2.7921	0.029586699	12.79884455	4.0934	0.041886441	9.15933844	4.7509	0.046486527	4.68074091	5.1257	0.045396913	-4.5996002	5.2991	0.044550866	-9.09380195	5.4315	0.043272704	-13.49700264
AFS	613361	36179QK75	Agency MBS 15yr	A-3-Q	GOVERNMENT NATIONAL MORTGAGE A	0.04460018	2.5	47331	5127939	228707	133495.16	229717.87	222898.25	100.442	97.4601766	-6819.62	6/30/2026	Model2501	100	LMMSOFRFLAT	RFRSwap	4.647276	2.018423	1.137256861	0.02154517	0.011106628	 25 	0.4411	0.5049	0.1853	0.0048	0.0002	0.001	0.0001	1.1939	19.7266	62.6682	57.59535	0.04460018	13.2257	2.934	143	41933.2891	NA	NA	1.1659	0.011787358	3.43717044	1.159	0.011581901	2.26840789	1.1481	0.01134122	1.12196356	1.1352	0.01096146	-1.10223446	1.1384	0.010868196	-2.19408933	1.129	0.010657105	-3.27145572
AFS	613088	36179QK83	Agency MBS 15yr	A-3-Q	GOVERNMENT NATIONAL MORTGAGE A	0.02613681	3	47331	80177558	2095585.6	1260175.08	2126736.72	2057452.92	101.4865	98.1803331	-69283.79	6/30/2026	Model2501	100	LMMSOFRFLAT	RFRSwap	4.504767	1.592207	1.123388767	0.02318236	0.011056617	 232 	0.4471	0.5134	0.1592	0.0031	0	0.0007	0.0001	1.1814	18.3594	48.678	43.54604	0.02613681	17.3693	3.392	143	31495.3867	NA	NA	1.1474	0.011685117	3.41736391	1.1426	0.011503689	2.25742113	1.1343	0.011290851	1.11732576	1.1176	0.010876874	-1.09574073	1.1185	0.010765065	-2.17769526	1.1124	0.010587549	-3.24620636
AFS	613346	36179QK91	Agency MBS 15yr	A-3-Q	GOVERNMENT NATIONAL MORTGAGE A	0.02933967	3.5	47331	1365041	40049.85	23815	40688.21	39535.18	101.5939	98.7149312	-1153.03	6/30/2026	Model2501	100	LMMSOFRFLAT	RFRSwap	4.483242	2.01815	1.153039217	0.02357634	0.011414728	 5 	0.4412	0.517	0.1924	0.0018	0.0002	0.0005	0	1.2162	18.1641	46.7619	41.06027	0.02933967	16.729	3.864	143	24077.2344	NA	NA	1.1661	0.011953768	3.51724548	1.1678	0.011832736	2.32751411	1.1628	0.011644979	1.15313203	1.1457	0.011212546	-1.13069547	1.144	0.011068868	-2.24455105	1.139	0.010895052	-3.3434575
AFS	614686	36179QL41	Agency MBS 30yr	A-3-Q	GOVERNMENT NATIONAL MORTGAGE A	0.11802694	3	52810	77532	9150.86	1075.91	9412.83	8304.19	102.8627	90.747554	-1108.64	6/30/2026	Model2501	100	LMMSOFRFLAT	RFRSwap	4.883058	2.461495	5.03373909	0.1539282	0.045801599	 4 	0.1095	0.1694	0.4002	1.3191	2.4503	0.5873	0.0085	6.1156	7.0679	78.9225	52.15341	0.11802694	14.0225	3.498	150	106258.6719	NA	NA	3.5883	0.037472937	13.44242532	4.4816	0.044928413	9.2605894	4.886	0.046724252	4.6396901	5.1577	0.044599608	-4.51762424	5.3155	0.043619156	-8.92881051	5.3636	0.041719001	-13.20770761
AFS	613314	36179QMH1	Agency MBS ARM	A-3-Q	GOVERNMENT NATIONAL MORTGAGE A	0.02282221	5.375	52810	3901541	89041.79	5335.08	89041.79	90507.64	100	101.646247	1465.85	6/30/2026	Model2501	100	LMMSOFRFLAT	RFRSwap	5.183602	5.727984	0.434117436	-0.4241175	0.004431438	 4 	-0.0257	0.0921	0.1654	0.0667	0.0977	-0.039	-0.0394	3.5039	18.3175	91.7553	88.53754	0.02282221	25.1768	5.87	143	191620.25	NA	NA	0.4775	0.004940995	1.39815524	0.505	0.005202698	0.93577566	0.4673	0.004787288	0.35933472	1.3504	0.013675094	-0.81043439	2.5667	0.025473485	-2.83435833	3.4295	0.033025648	-5.7817319
AFS	614362	36179QMK4	Agency MBS ARM	A-3-Q	GOVERNMENT NATIONAL MORTGAGE A	0.01243437	5.375	52810	5882728	73148.02	21324.18	73148.02	74353.33	100	101.6477709	1205.31	6/30/2026	Model2501	100	LMMSOFRFLAT	RFRSwap	5.344332	5.793952	0.462477952	-0.4062733	0.00472101	 3 	-0.0837	-0.0099	0.0952	0.1385	0.1602	0.0372	-0.0323	4.4597	14.1228	111.9953	97.41801	0.01243437	29.0303	5.81	142	154529.0781	NA	NA	0.8375	0.008744737	2.33848215	0.9886	0.010229114	1.3940846	0.6675	0.006844818	0.45970767	1.3661	0.013834097	-0.81597926	2.549	0.025294134	-2.84972382	3.3846	0.032595683	-5.77440633
AFS	614248	36179QNK3	Agency MBS 15yr	A-3-Q	GOVERNMENT NATIONAL MORTGAGE A	0.03058437	3	47362	60998000	1865585.4	1101379.88	1888055.85	1828206.66	101.2045	97.9964066	-59849.2	6/30/2026	Model2501	100	LMMSOFRFLAT	RFRSwap	4.595127	1.888684	1.177538157	0.02470677	0.011567908	 216 	0.4321	0.5132	0.2276	0.0037	0.0002	0.0008	0.0001	1.2407	18.3594	57.8027	51.93075	0.03058437	16.5539	3.4	142	31237.0605	NA	NA	1.2007	0.012224516	3.57648836	1.197	0.012041626	2.36266297	1.1888	0.011817664	1.16921553	1.1719	0.011377828	-1.14629956	1.1735	0.011260624	-2.27802568	1.1675	0.011072897	-3.39569803
AFS	614793	36179QPU9	Agency MBS ARM	A-3-Q	GOVERNMENT NATIONAL MORTGAGE A	0.02521568	5.375	52841	1881027	47431.37	13939.22	47431.37	48214.39	100	101.6508283	783.01	6/30/2026	Model2501	100	LMMSOFRFLAT	RFRSwap	5.231718	5.754996	0.481062442	-0.391308	0.004910869	 2 	-0.0367	0.0395	0.1194	0.1136	0.1509	0.0085	-0.0353	3.746	17.5418	96.8083	89.63993	0.02521568	24.6951	5.817	141	186355.3906	NA	NA	0.6744	0.007006747	1.81370239	0.6942	0.007165215	1.1325798	0.5486	0.005623423	0.42518681	1.4018	0.01419018	-0.85693363	2.5584	0.025372393	-2.91030741	3.3453	0.032207262	-5.80749572
AFS	614813	36179QPW5	Agency MBS ARM	A-3-Q	GOVERNMENT NATIONAL MORTGAGE A	0.01906635	5.375	52841	3616408	68951.7	2389	68951.7	70087	100	101.646512	1135.3	6/30/2026	Model2501	100	LMMSOFRFLAT	RFRSwap	5.404705	5.819947	0.503221869	-0.4316406	0.005136863	 4 	-0.1016	-0.0493	0.0614	0.1471	0.2208	0.0757	-0.0308	4.9209	12.3899	117.3673	100.7174	0.01906635	26.6041	5.756	142	154717	NA	NA	1.0037	0.010510529	2.64038627	1.1188	0.011592639	1.5338991	0.7253	0.007439786	0.50243679	1.4623	0.014798954	-0.87925179	2.7002	0.026742365	-3.04028575	3.5619	0.034180526	-6.11841737
AFS	614253	36179QPY1	Agency MBS ARM	A-3-Q	GOVERNMENT NATIONAL MORTGAGE A	0.0325655	5.375	52841	292783	9534.62	954.91	9534.62	9691.96	100	101.6501875	157.34	6/30/2026	Model2501	100	LMMSOFRFLAT	RFRSwap	5.304962	5.789688	0.402421832	-0.2417001	0.00410805	 0 	-0.064	-0.0373	0.0691	0.1311	0.1204	0.0496	-0.0229	4.1928	16.179	112.246	92.51455	0.0325655	23.3048	5.914	142	124379.4062	NA	NA	1.1019	0.011541519	2.65852743	1.1527	0.011936972	1.47754254	0.6941	0.007117414	0.45357167	1.1282	0.011439898	-0.68434622	2.0454	0.020399045	-2.35319227	2.6884	0.026180591	-4.70078752
AFS	614325	36179QQ20	Agency MBS 15yr	A-3-Q	GOVERNMENT NATIONAL MORTGAGE A	0.03148517	3.5	47392	1386556	43655.95	24388.47	44477.9	43060.68	101.8828	98.6364408	-1417.22	6/30/2026	Model2501	100	LMMSOFRFLAT	RFRSwap	4.5003	1.86597	1.213460326	0.02669426	0.012003353	 5 	0.4244	0.5155	0.2711	0.002	0.0001	0.0004	0	1.2833	17.6758	48.7361	42.11407	0.03148517	16.8045	3.876	141	27726.8066	NA	NA	1.2302	0.012624429	3.70662418	1.2314	0.012482167	2.45126566	1.2246	0.01226261	1.21347461	1.2045	0.01177191	-1.18803007	1.2033	0.011618935	-2.35718944	1.1989	0.01143843	-3.51084959
AFS	613347	36179QQ38	Agency MBS 15yr	A-3-Q	GOVERNMENT NATIONAL MORTGAGE A	0.04153892	4	47392	40222	1670.78	509.13	1703.5	1656.2	101.9583	99.1273422	-47.3	6/30/2026	Model2501	100	LMMSOFRFLAT	RFRSwap	4.559008	2.353393	1.260783434	0.02988025	0.012538436	 0 	0.4126	0.5048	0.3387	0.0046	0	0.0002	0	1.3403	17.9688	54.8466	47.59026	0.04153892	14.3835	4.426	142	39752.1836	NA	NA	1.2866	0.013294349	3.88095907	1.2804	0.013061482	2.56383415	1.2736	0.012827214	1.2684409	1.248	0.012256412	-1.2393497	1.241	0.012037421	-2.45351767	1.2334	0.011815901	-3.64655196
AFS	613879	36179QQV6	Agency MBS Other	A-3-Q	GOVERNMENT NATIONAL MORTGAGE A	0.00877323	3.5	47392	488208	4283.16	7412.5	4311.21	4257.38	100.6549	99.398112	-53.83	6/30/2026	Model2501	100	LMMSOFRFLAT	RFRSwap	4.804366	0.99619	0.331292599	0.003015499	0.003302327	 0 	0.3312	0	0	0.0001	0	0	0	0.3359	15.625	85.8529	87.352	0.00877323	25.4288	3.875	141	28147.5488	NA	NA	0.3363	0.003385943	1.00343348	0.3347	0.003358587	0.66618414	0.3331	0.003331103	0.33168888	0.3295	0.003273481	-0.32876088	0.328	0.00324818	-0.65482521	0.3265	0.00322234	-0.97837696
AFS	614374	36179QQZ7	Agency MBS 15yr	A-3-Q	GOVERNMENT NATIONAL MORTGAGE A	0.03512039	3	47392	30524627	1072036.8	606270.32	1084030.66	1050555.96	101.1188	97.9962587	-33474.7	6/30/2026	Model2501	100	LMMSOFRFLAT	RFRSwap	4.591204	1.961608	1.180453658	0.02492314	0.011596533	 124 	0.4311	0.5152	0.2295	0.0038	0.0001	0.0008	0.0001	1.2439	18.1641	57.419	51.50272	0.03512039	15.8568	3.415	141	31972.7266	NA	NA	1.2038	0.012257135	3.5862729	1.2003	0.012076054	2.36888516	1.1919	0.011848612	1.17219575	1.1748	0.011406356	-1.14910152	1.1768	0.01129185	-2.2838472	1.1709	0.011104001	-3.40463582
AFS	613657	36179QS51	Agency MBS 15yr	A-3-Q	GOVERNMENT NATIONAL MORTGAGE A	0.03095319	3	47423	668893	20704.37	11452.06	20982.99	20289.04	101.3457	97.9940004	-693.94	6/30/2026	Model2501	100	LMMSOFRFLAT	RFRSwap	4.553264	1.807658	1.21090579	0.02596135	0.011895414	 2 	0.4234	0.5127	0.27	0.0039	0.0001	0.0008	0.0001	1.2772	17.9688	53.8461	47.40961	0.03095319	17.0411	3.411	140	31748.4395	NA	NA	1.2359	0.012595642	3.68108009	1.2315	0.012396953	2.43081214	1.2227	0.012158272	1.20261941	1.2053	0.011698417	-1.17857465	1.2079	0.011583375	-2.3424925	1.2023	0.011391033	-3.49226303
AFS	613853	36179QS77	Agency MBS 15yr	A-3-Q	GOVERNMENT NATIONAL MORTGAGE A	0.02329093	4	47423	181175	4219.73	2282.96	4302	4180.77	101.9496	99.0766369	-121.23	6/30/2026	Model2501	100	LMMSOFRFLAT	RFRSwap	4.629183	2.272991	1.199488878	0.02404114	0.011922782	 1 	0.4257	0.5072	0.2641	0.0023	-0.0002	0.0005	0	1.2712	18.6523	61.332	55.10608	0.02329093	18.485	4.278	140	23207	NA	NA	1.2291	0.01267026	3.68531874	1.2179	0.012401687	2.43109953	1.208	0.012153157	1.20382791	1.1903	0.01169076	-1.18039819	1.1884	0.01153432	-2.34088321	1.1869	0.011383827	-3.4871866
AFS	614324	36179QSC6	Agency MBS ARM	A-3-Q	GOVERNMENT NATIONAL MORTGAGE A	0.01744006	5.125	52871	4463530	77844.23	30821.7	77844.23	79654.67	100	102.3257202	1810.44	6/30/2026	Model2501	100	LMMSOFRFLAT	RFRSwap	5.111367	5.747505	0.880480409	-0.7437783	0.00904593	 7 	0.2976	0.0356	0.1471	0.1618	0.19	0.0151	-0.045	4.3801	14.4349	83.0883	75.67424	0.01744006	27.2249	5.666	141	178094.8906	NA	NA	0.6417	0.006719419	1.97543947	0.6537	0.00680256	1.31750759	0.5789	0.005986211	0.66781279	1.9513	0.019772666	-1.41023488	2.9944	0.029591722	-3.91374172	3.8098	0.036383789	-7.23726916
AFS	613942	36179QSE2	Agency MBS ARM	A-3-Q	GOVERNMENT NATIONAL MORTGAGE A	0.01816622	5.125	52871	3029842	55040.78	8047.87	55040.78	56319.08	100	102.322475	1278.31	6/30/2026	Model2501	100	LMMSOFRFLAT	RFRSwap	5.157416	5.766649	0.833837628	-0.5594541	0.008566458	 5 	0.2916	-0.0089	0.1302	0.1778	0.1649	0.0349	-0.0386	4.6462	13.6276	92.6402	77.94725	0.01816622	27.0843	5.547	141	139662.4375	NA	NA	0.8395	0.008835986	2.52255198	0.9583	0.009994441	1.55539497	0.6822	0.007055949	0.6942508	1.7766	0.01802095	-1.29807861	2.7097	0.026869129	-3.57710172	3.4888	0.033533424	-6.61921697
AFS	613676	36179QUG4	Agency MBS ARM	A-3-Q	GOVERNMENT NATIONAL MORTGAGE A	0.01928118	5.125	52902	4771100	91992.44	23923.2	91992.44	94135.9	100	102.3300377	2143.46	6/30/2026	Model2501	100	LMMSOFRFLAT	RFRSwap	5.131691	5.759167	0.896215498	-0.7229235	0.009207977	 8 	0.3016	0.0255	0.1348	0.1636	0.2035	0.0361	-0.0448	4.4874	14.1328	84.7171	76.23492	0.01928118	26.7773	5.574	139	152037.9062	NA	NA	0.7017	0.007360057	2.15212869	0.7249	0.007550606	1.4131893	0.624	0.006454827	0.69854377	1.9709	0.019968864	-1.42317343	3.03	0.029932411	-3.95716633	3.8378	0.036624737	-7.31047223
AFS	614716	36179QUJ8	Agency MBS ARM	A-3-Q	GOVERNMENT NATIONAL MORTGAGE A	0.01896098	5.125	52902	2784398	52794.91	10434.11	52794.91	54024.67	100	102.329303	1229.75	6/30/2026	Model2501	100	LMMSOFRFLAT	RFRSwap	5.110553	5.74935	0.798889518	-0.5586391	0.008207963	 4 	0.3	0.0404	0.1634	0.1507	0.1176	-0.0038	-0.0459	4.3908	14.4854	87.3111	75.36638	0.01896098	27.0145	5.566	139	172181.6875	NA	NA	0.6578	0.006901821	2.17447069	0.7938	0.00826767	1.40651731	0.629	0.006503851	0.65272284	1.709	0.017345041	-1.24758871	2.6702	0.026507486	-3.46878616	3.4941	0.033628605	-6.49695221
AFS	614479	36179QVF5	Agency MBS 15yr	A-3-Q	GOVERNMENT NATIONAL MORTGAGE A	0.03565946	3	47453	766759	27342.21	14675.95	27738.81	26764.58	101.4505	97.8873819	-974.23	6/30/2026	Model2501	100	LMMSOFRFLAT	RFRSwap	4.570608	1.782214	1.267248511	0.02747676	0.012435389	 3 	0.4095	0.5029	0.3452	0.0085	0.0002	0.001	0.0001	1.3389	17.6758	55.8379	48.67281	0.03565946	16.3009	3.422	139	31667.6133	NA	NA	1.291	0.013165158	3.84966618	1.2882	0.012968366	2.5421354	1.2794	0.012715185	1.25742621	1.2621	0.012229133	-1.2320286	1.2656	0.012108916	-2.44874905	1.2598	0.01190256	-3.6504814
AFS	614052	36179QVG3	Agency MBS 15yr	A-3-Q	GOVERNMENT NATIONAL MORTGAGE A	0.0370568	3.5	47453	698442	25882.03	13095.04	26353.27	25508.5	101.8208	98.5567986	-844.77	6/30/2026	Model2501	100	LMMSOFRFLAT	RFRSwap	4.522434	1.983413	1.266849995	0.02900192	0.012521386	 3 	0.4098	0.5037	0.3466	0.0063	0.0001	0.0005	0.0001	1.3427	17.5781	51.2215	43.86337	0.0370568	16.0493	3.891	139	29057.7324	NA	NA	1.2876	0.013225276	3.87500328	1.2879	0.013058834	2.56016681	1.2793	0.012805998	1.266479	1.2574	0.012272103	-1.238824	1.2569	0.012114063	-2.45767044	1.2528	0.01192397	-3.6604578
AFS	613958	36179QWD9	Agency MBS 30yr	A-3-Q	GOVERNMENT NATIONAL MORTGAGE A	0.08231919	3	52932	1971710	162309.57	19352.79	166986.36	145340.01	102.8814	89.5449413	-21646.35	6/30/2026	Model2501	100	LMMSOFRFLAT	RFRSwap	5.086804	2.476157	5.181046009	0.1218632	0.046518855	 76 	0.1019	0.1597	0.3882	1.2892	2.4913	0.7517	0.0146	6.3559	7.2693	96.6442	71.21333	0.08231919	17.2767	3.487	141	133727.3594	NA	NA	3.3975	0.035058156	13.40185892	4.5058	0.044663604	9.33698817	4.9913	0.047159828	4.6975316	5.3585	0.045644674	-4.60490877	5.5861	0.045049466	-9.14158582	5.659	0.043133043	-13.56641475
AFS	614475	36179QWS6	Agency MBS ARM	A-3-Q	GOVERNMENT NATIONAL MORTGAGE A	0.02326046	5.125	52932	1992098	46337.12	18174.29	46337.12	47203.47	100	101.8696677	866.35	6/30/2026	Model2501	100	LMMSOFRFLAT	RFRSwap	5.069598	5.679213	0.721618056	-0.7060126	0.007380891	 3 	0.3201	0.1348	0.2008	0.0641	0.0552	-0.0722	-0.0493	3.5366	17.9997	78.4102	78.65957	0.02326046	25.7466	5.639	139	311421.2812	NA	NA	0.6454	0.006692712	1.42176714	0.403	0.004158518	0.90342003	0.3996	0.004107413	0.49929674	1.7116	0.017301086	-1.20045413	2.819	0.02785196	-3.48196773	3.7545	0.035888378	-6.69451183
AFS	613086	36179QWT4	Agency MBS ARM	A-3-Q	GOVERNMENT NATIONAL MORTGAGE A	0.02070289	5.125	52932	1015353	21020.74	3384.9	21020.74	21510.73	100	102.3309532	489.99	6/30/2026	Model2501	100	LMMSOFRFLAT	RFRSwap	5.06581	5.736721	0.773423791	-0.5346338	0.00794645	 2 	0.3043	0.0461	0.1662	0.1469	0.0943	-0.0128	-0.0453	4.1705	15.6401	83.3627	71.75675	0.02070289	26.6252	5.618	139	167488.7812	NA	NA	0.6877	0.007212405	2.13387573	0.7752	0.008070438	1.3684608	0.6126	0.006333289	0.63452515	1.6408	0.016661214	-1.20208218	2.5511	0.025361631	-3.33048656	3.3295	0.032135725	-6.22530078
AFS	613128	36179QXS5	Agency MBS 15yr	A-3-Q	GOVERNMENT NATIONAL MORTGAGE A	0.03358705	3	47484	143896486	4833058.47	2446021.27	4920367.35	4731138.28	101.8065	97.8911865	-189229.07	6/30/2026	Model2501	100	LMMSOFRFLAT	RFRSwap	4.563231	1.517497	1.271121502	0.02713943	0.012473878	 603 	0.409	0.5044	0.3477	0.0088	0.0003	0.001	0.0001	1.3426	17.3828	55.1114	47.90749	0.03358705	17.0071	3.413	138	33087.0625	NA	NA	1.2921	0.013178552	3.85862037	1.2908	0.012996065	2.5489905	1.2828	0.012749937	1.26110057	1.2666	0.012272735	-1.23611316	1.2706	0.012156948	-2.45745229	1.2648	0.011948663	-3.66394391
AFS	613502	36179QXT3	Agency MBS 15yr	A-3-Q	GOVERNMENT NATIONAL MORTGAGE A	0.03936655	3.5	47484	519160	20437.54	9663.28	20806.91	20150.64	101.8073	98.5961961	-656.27	6/30/2026	Model2501	100	LMMSOFRFLAT	RFRSwap	4.481361	2.008443	1.27954793	0.02929564	0.012651931	 3 	0.4081	0.5102	0.3544	0.0063	0.0001	0.0005	0.0001	1.3562	16.7969	47.2079	39.66167	0.03936655	15.8809	3.877	139	32271.8027	NA	NA	1.2955	0.013316664	3.9112354	1.2988	0.013177897	2.58585418	1.2916	0.012936006	1.27958321	1.27	0.012398282	-1.25169902	1.2687	0.012229721	-2.48267067	1.264	0.012030602	-3.69652285
AFS	613725	36179QY62	Agency MBS ARM	A-3-Q	GOVERNMENT NATIONAL MORTGAGE A	0.02294569	5	52963	2086675	47880.2	2391.52	47880.2	48502.65	100	101.3000201	622.45	6/30/2026	Model2501	100	LMMSOFRFLAT	RFRSwap	5.234275	5.645597	1.096301556	-0.6873635	0.011149693	 5 	0.4905	0.1512	0.2048	0.1361	0.1264	-0.008	-0.0384	3.7307	17.6934	93.9701	91.94482	0.02294569	26.0225	5.474	138	197383.7969	NA	NA	0.6479	0.006721301	2.03825066	0.5217	0.005382226	1.45841357	0.6766	0.006938783	0.84857233	1.9889	0.019923283	-1.53164629	2.8815	0.028166767	-3.95254845	3.6242	0.034286551	-7.09756515
AFS	612283	36179QYR6	Agency MBS 30yr	A-3-Q	GOVERNMENT NATIONAL MORTGAGE A	0.09044438	3	52963	121665482	11003959.09	1210230.89	11220850.21	9940609.06	101.971	90.3366596	-1280241.14	6/30/2026	Model2501	100	LMMSOFRFLAT	RFRSwap	4.910459	2.636557	5.204203129	0.09247301	0.047138803	 5,187 	0.1017	0.1593	0.3881	1.2827	2.4975	0.7775	0.0129	6.3773	7.3425	78.6226	53.20121	0.09044438	16.7415	3.48	139	139151.9844	NA	NA	3.2023	0.033279184	13.34402704	4.4271	0.044253577	9.38166287	4.9762	0.047434017	4.74418446	5.3998	0.046385977	-4.67487702	5.631	0.04577554	-9.28575803	5.7033	0.043800607	-13.77976383
AFS	613449	36179QZ95	Agency MBS 15yr	A-3-Q	GOVERNMENT NATIONAL MORTGAGE A	0.04184388	2.5	47515	58377220	2442729.39	1318346.02	2467384.2	2373978.7	101.0093	97.1854973	-93405.5	6/30/2026	Model2501	100	LMMSOFRFLAT	RFRSwap	4.651884	1.63459	1.266850352	0.02399728	0.012337461	 301 	0.4087	0.501	0.3437	0.0115	0.0004	0.0016	0.0002	1.3335	17.8711	63.6544	56.80647	0.04184388	15.4879	2.946	137	45609.4727	NA	NA	1.2919	0.013074812	3.81958375	1.2889	0.012876827	2.52096818	1.2779	0.012603905	1.24646281	1.2679	0.012192326	-1.2249916	1.2744	0.012099744	-2.44022583	1.264	0.011849704	-3.63897704
