									Original Balance	Current Balance	Can we make this just for one month?	Book Value	Market Value	Book Price	Market Price	MTM												Partial Durations																		-300			-200			-100			+100			+200			+300		
Book	Position ID	CUSIP	Sub Type	PRODUCT_CODE_2052a_Collateral_Class	Issuer	Current Factor	Coupon	Maturity Date	Nominal	CA_NOTIONAL	TOTAL_PAYDOWN_BOOK_VALUE	MTB_BOOK VALUE (Clean)	PV_NET (MV Clean)	MTB_BOOK PRICE (Clean)	PRICE (Mkt)	NPV_DISC (Clean MTM)	Curve Date	Prepay Model	Prepay Rate	Vol Model	Curve Type	Forward Yield	Prospective Yield	Effective Duration	Effective Convexity	Effective DV01	Dollar Duration	1YR	2YR	3YR	5YR	10YR	20YR	30YR	Average Life	LT CPR	OAS	Z-Spread	Factor	Life CPR	GWAC	WALA	WALS	MaxServicerName	MaxServicerPercent	Eff. Dur	DV01	Dollar Return	Eff. Dur	DV01	Dollar Return	Eff. Dur	DV01	Dollar Return	Eff. Dur	DV01	Dollar Return	Eff. Dur	DV01	Dollar Return	Eff. Dur	DV01	Dollar Return
233_PUB_HTM	612346	000416V38	MUNI	IG-2	ABC CA UNIF SCH DIST		3	8/1/2036	 580,000 	 580,000 	 -   	579952.28	550313.98	99.9918	94.88172	-29638.3	5/29/2026	Muni	100	Single	RFRSwap	3.61	3.00	6.82	-0.59	0.065	 1,138 	-0.01	-0.02	0.52	0.78	5.46	0.09	0.00	7.1	0.0	-78.9	-47	0.00	0.00	0.00	0.00	0.00	0.00	0.00	3.03	0.03	19.59	3.12	0.03	16.14	4.16	0.04	12.27	6.91	0.07	0.63	7.52	0.07	-6.12	7.78	0.06	-12.75
233_PUB_HTM	611322	005104HJ6	MUNI	IG-2	ACUSHNET MA	1	3.5	8/1/2034	935000	 935,000 	 -   	935000	935121.74	100	100.01302	121.74	5/29/2026	Muni	100	Single	RFRSwap	3.50	3.50	0.82	-2.33	0.008	 273 	0.19	0.07	0.08	0.31	0.20	0.00	0.00	0.7	0.0	-169.9	-47	0.00	0.00	0.00	0.00	0.00	0.00	0.00	0.05	0.00	0.49	0.08	0.00	0.44	0.09	0.00	0.35	0.30	0.00	0.15	3.16	0.03	-1.47	4.86	0.05	-5.54
233_PUB_HTM	611540	0054823B8	MUNI	IG-2	ADAMS & ARAPAHOE CNTYS CO JT S		5	12/1/2031	3000000	 3,000,000 	 -   	3041766.04	3036055.2	101.3922	101.20184	-5710.84	5/29/2026	Muni	100	Single	RFRSwap	4.75	4.71	0.84	-0.73	0.009	 1,306 	0.49	0.05	0.05	0.22	0.02	0.00	0.00	0.6	0.0	-138.0	-118	0.00	0.00	0.00	0.00	0.00	0.00	0.00	0.50	0.01	2.42	0.50	0.01	1.89	0.50	0.01	1.36	0.54	0.01	0.31	1.18	0.01	-0.49	2.36	0.02	-2.31
233_PUB_HTM	611962	010824MA5	MUNI	IG-2	ALAMEDA CA UNIF SCH DIST ALAME		3	8/1/2037	1275000	 1,275,000 	 -   	1255746.94	1197055.94	98.49	93.88674	-58691	5/29/2026	Muni	100	Single	RFRSwap	3.67	3.16	7.02	-1.28	0.067	 2,547 	0.05	0.13	0.25	0.57	5.38	0.65	0.00	7.4	0.0	-76.6	-45	0.00	0.00	0.00	0.00	0.00	0.00	0.00	1.10	0.01	11.66	1.15	0.01	10.49	1.68	0.02	9.18	6.80	0.06	0.50	7.87	0.07	-6.32	8.27	0.07	-13.22
233_PUB_HTM	611859	010824MB3	MUNI	IG-2	ALAMEDA CA UNIF SCH DIST ALAME		3	8/1/2038	1000000	 1,000,000 	 -   	971753.22	929878.6	97.1753	92.98786	-41874.62	5/29/2026	Muni	100	Single	RFRSwap	3.72	3.28	7.64	-1.18	0.072	 2,153 	0.03	0.12	0.22	0.56	5.38	1.35	0.00	8.1	0.0	-75.0	-43	0.00	0.00	0.00	0.00	0.00	0.00	0.00	1.10	0.01	12.54	1.15	0.01	11.37	1.84	0.02	10.00	7.47	0.07	0.37	8.48	0.07	-6.94	8.83	0.07	-14.20
233_PUB_HTM	612147	012104QK4	MUNI	IG-2	ALBANY CA UNIF SCH DIST		4	8/1/2032	280000	 280,000 	 -   	280795.86	280621.4	100.2842	100.22193	-174.46	5/29/2026	Muni	100	Single	RFRSwap	2.67	2.31	0.17	0.00	0.002	 20 	0.17	0.00	0.00	0.00	0.00	0.00	0.00	0.2	0.0	-105.4	-105	0.00	0.00	0.00	0.00	0.00	0.00	0.00	0.09	0.00	0.73	0.16	0.00	0.63	0.18	0.00	0.45	0.17	0.00	0.09	0.17	0.00	-0.09	0.17	0.00	-0.26
233_PUB_HTM	611680	012104QL2	MUNI	IG-2	ALBANY CA UNIF SCH DIST		4	8/1/2033	355000	 355,000 	 -   	355999.01	355787.85	100.2814	100.22193	-211.16	5/29/2026	Muni	100	Single	RFRSwap	2.67	2.33	0.17	0.00	0.002	 25 	0.17	0.00	0.00	0.00	0.00	0.00	0.00	0.2	0.0	-105.4	-105	0.00	0.00	0.00	0.00	0.00	0.00	0.00	0.09	0.00	0.73	0.16	0.00	0.63	0.18	0.00	0.45	0.17	0.00	0.09	0.17	0.00	-0.09	0.17	0.00	-0.26
233_PUB_HTM	611725	012104QM0	MUNI	IG-2	ALBANY CA UNIF SCH DIST		4	8/1/2034	410000	 410,000 	 -   	411120.65	410909.91	100.2733	100.22193	-210.74	5/29/2026	Muni	100	Single	RFRSwap	2.67	2.38	0.17	0.00	0.002	 29 	0.17	0.00	0.00	0.00	0.00	0.00	0.00	0.2	0.0	-105.4	-105	0.00	0.00	0.00	0.00	0.00	0.00	0.00	0.09	0.00	0.73	0.16	0.00	0.63	0.18	0.00	0.45	0.17	0.00	0.09	0.17	0.00	-0.09	0.17	0.00	-0.26
233_PUB_HTM	611288	0153023Y6	MUNI	IG-2	ALEXANDRIA VA		3	7/15/2033	4980000	 4,980,000 	 -   	5015443.3	4979507.48	100.7117	99.99011	-35935.82	5/29/2026	Muni	100	Single	RFRSwap	3.00	2.89	2.88	-1.57	0.029	 4,345 	0.44	0.32	0.27	1.21	0.68	0.00	0.00	2.6	0.0	-184.5	-96	0.00	0.00	0.00	0.00	0.00	0.00	0.00	1.08	0.01	6.74	1.12	0.01	5.58	1.13	0.01	4.38	2.80	0.03	0.91	4.09	0.04	-2.58	4.90	0.05	-6.93
233_PUB_HTM	612182	01728VUW8	MUNI	IG-2	ALLEGHENY CNTY PA		2	11/1/2034	460000	 460,000 	 -   	410170.25	391736.6	89.1674	85.16013	-18433.65	5/29/2026	Muni	100	Single	RFRSwap	4.10	3.50	7.41	0.53	0.063	 581 	-0.02	-0.03	-0.07	2.36	5.16	0.00	0.00	8.0	0.0	6.6	9	0.00	0.00	0.00	0.00	0.00	0.00	0.00	4.25	0.05	25.51	5.75	0.06	20.29	6.95	0.07	13.68	7.47	0.06	0.19	7.44	0.06	-5.95	7.37	0.05	-11.62
233_PUB_HTM	611257	01728VUX6	MUNI	IG-2	ALLEGHENY CNTY PA		3	11/1/2035	1000000	 1,000,000 	 -   	1004739.61	942024.7	100.474	94.20247	-62714.91	5/29/2026	Muni	100	Single	RFRSwap	3.74	2.94	7.01	-0.09	0.066	 1,987 	-0.01	-0.02	0.14	1.72	5.19	0.00	0.00	7.4	0.0	-51.5	-31	0.00	0.00	0.00	0.00	0.00	0.00	0.00	4.15	0.05	24.01	4.44	0.05	19.14	5.49	0.06	13.68	7.16	0.07	0.58	7.42	0.07	-6.13	7.55	0.06	-12.51
233_PUB_HTM	612565	01728VVB3	MUNI	IG-2	ALLEGHENY CNTY PA		3	11/1/2039	540000	 540,000 	 -   	533796.84	477065.59	98.8513	88.34548	-56731.25	5/29/2026	Muni	100	Single	RFRSwap	4.14	3.11	9.52	0.29	0.084	 1,366 	-0.01	-0.01	0.03	0.55	6.11	2.87	0.00	10.8	0.0	-24.1	-6	0.00	0.00	0.00	0.00	0.00	0.00	0.00	4.15	0.05	28.48	4.96	0.06	23.52	7.22	0.08	16.91	9.65	0.09	0.03	9.93	0.08	-8.27	9.96	0.07	-15.88
233_PUB_HTM	611669	021087VQ1	MUNI	IG-2	ALPINE UT SCH DIST		4	3/15/2031	3460000	 3,460,000 	 -   	3505331.45	3490368.42	101.3102	100.8777	-14963.03	5/29/2026	Muni	100	Single	RFRSwap	3.80	3.70	1.49	-0.89	0.015	 2,102 	0.62	0.15	0.20	0.53	0.00	0.00	0.00	1.2	0.0	-138.7	-93	0.00	0.00	0.00	0.00	0.00	0.00	0.00	0.65	0.01	3.93	0.77	0.01	3.22	0.79	0.01	2.39	1.21	0.01	0.62	2.21	0.02	-1.09	3.10	0.03	-3.76
233_PUB_HTM	611568	021087VT5	MUNI	IG-2	ALPINE UT SCH DIST		3.25	3/15/2034	1540000	 1,540,000 	 -   	1545595.15	1540605.68	100.3633	100.03933	-4989.47	5/29/2026	Muni	100	Single	RFRSwap	3.24	3.20	2.53	-1.93	0.025	 1,275 	0.48	0.20	0.21	0.87	0.78	0.00	0.00	2.2	0.0	-178.1	-74	0.00	0.00	0.00	0.00	0.00	0.00	0.00	0.66	0.01	4.76	0.77	0.01	4.05	0.80	0.01	3.22	2.50	0.03	0.63	4.13	0.04	-2.70	5.19	0.05	-7.23
233_PUB_HTM	612972	022447K39	MUNI	IG-2	ALVIN TX INDEP SCH DIST		4	2/15/2029	500000	 500,000 	 -   	505889.84	504036.2	101.178	100.80724	-1853.64	5/29/2026	Muni	100	Single	RFRSwap	3.68	3.54	1.06	-0.45	0.011	 216 	0.61	0.23	0.24	0.00	0.00	0.00	0.00	1.0	0.0	-119.2	-96	0.00	0.00	0.00	0.00	0.00	0.00	0.00	0.61	0.01	3.41	0.69	0.01	2.75	0.71	0.01	2.01	0.84	0.01	0.51	1.35	0.01	-0.56	1.89	0.02	-2.22
233_PUB_HTM	612874	022447K47	MUNI	IG-2	ALVIN TX INDEP SCH DIST		4	2/15/2030	250000	 250,000 	 -   	252764.74	251981.2	101.1059	100.79248	-783.54	5/29/2026	Muni	100	Single	RFRSwap	3.77	3.68	1.23	-0.67	0.013	 125 	0.59	0.14	0.35	0.14	0.00	0.00	0.00	1.1	0.0	-128.4	-94	0.00	0.00	0.00	0.00	0.00	0.00	0.00	0.61	0.01	3.48	0.69	0.01	2.82	0.71	0.01	2.08	0.92	0.01	0.55	1.71	0.02	-0.76	2.47	0.02	-2.88
233_PUB_HTM	611200	031069XD4	MUNI	IG-2	AMESBURY MA		2.125	6/1/2037	1665000	 1,665,000 	 -   	1455395.71	1395717.05	87.4112	83.82685	-59678.66	5/29/2026	Muni	100	Single	RFRSwap	3.95	3.51	8.98	0.56	0.076	 2,697 	-0.01	-0.03	-0.02	0.03	8.13	0.90	0.00	9.9	0.0	-22.9	-17	0.00	0.00	0.00	0.00	0.00	0.00	0.00	2.97	0.03	25.30	4.27	0.05	21.74	7.15	0.07	15.71	8.96	0.08	0.22	9.05	0.07	-7.12	9.00	0.06	-13.84
233_PUB_HTM	611913	0342854E3	MUNI	IG-2	ANDOVER MA		4	1/15/2027	995000	 995,000 	 -   	995000	995422.87	100	100.0425	422.87	5/29/2026	Muni	100	Single	RFRSwap	3.92	3.99	0.17	-0.34	0.002	 67 	0.17	0.00	0.00	0.00	0.00	0.00	0.00	0.1	0.0	-26.4	-19	0.00	0.00	0.00	0.00	0.00	0.00	0.00	0.04	0.00	0.38	0.08	0.00	0.32	0.09	0.00	0.23	0.09	0.00	0.05	0.37	0.00	-0.12	0.60	0.01	-0.66
233_PUB_HTM	612703	035438HW3	MUNI	IG-2	ANN ARBOR MI		4	5/1/2033	2300000	 2,300,000 	 -   	2386922.41	2369104.19	103.7792	103.00453	-17818.22	5/29/2026	Muni	100	Single	RFRSwap	3.51	3.38	3.79	-0.54	0.039	 3,599 	0.00	0.10	1.67	1.39	0.62	0.00	0.00	3.8	0.0	-127.0	-96	0.00	0.00	0.00	0.00	0.00	0.00	0.00	2.73	0.03	14.59	2.81	0.03	11.41	2.84	0.03	8.21	3.82	0.04	1.27	4.46	0.04	-3.00	4.94	0.05	-7.63
233_PUB_HTM	612298	035438HX1	MUNI	IG-2	ANN ARBOR MI		4	5/1/2034	2685000	 2,685,000 	 -   	2787481.56	2760379.5	103.8168	102.80743	-27102.06	5/29/2026	Muni	100	Single	RFRSwap	3.59	3.45	4.06	-0.72	0.042	 4,494 	0.00	0.10	1.61	1.27	1.09	0.00	0.00	4.0	0.0	-128.4	-89	0.00	0.00	0.00	0.00	0.00	0.00	0.00	2.73	0.03	14.84	2.81	0.03	11.66	2.88	0.03	8.45	4.27	0.04	1.02	5.07	0.05	-3.74	5.61	0.05	-8.93
233_PUB_HTM	612735	035771Q72	MUNI	IG-2	ANNAPOLIS MD		4	8/1/2028	645000	 645,000 	 -   	647042.28	646216.6	100.3166	100.18862	-825.68	5/29/2026	Muni	100	Single	RFRSwap	3.91	3.84	0.39	-0.40	0.004	 103 	0.22	0.14	0.02	0.00	0.00	0.00	0.00	0.3	0.0	-123.4	-86	0.00	0.00	0.00	0.00	0.00	0.00	0.00	0.09	0.00	0.76	0.16	0.00	0.65	0.18	0.00	0.48	0.17	0.00	0.12	0.68	0.01	-0.21	1.51	0.02	-1.37
233_PUB_HTM	612095	035771Q80	MUNI	IG-2	ANNAPOLIS MD		4	8/1/2029	665000	 665,000 	 -   	667055.49	666223.33	100.3091	100.18396	-832.15	5/29/2026	Muni	100	Single	RFRSwap	3.94	3.89	0.48	-0.66	0.005	 129 	0.23	0.06	0.19	0.02	0.00	0.00	0.00	0.4	0.0	-142.1	-83	0.00	0.00	0.00	0.00	0.00	0.00	0.00	0.09	0.00	0.78	0.16	0.00	0.68	0.18	0.00	0.50	0.18	0.00	0.14	1.04	0.01	-0.36	2.12	0.02	-2.01
233_PUB_HTM	611906	035771Q98	MUNI	IG-2	ANNAPOLIS MD		4	8/1/2030	685000	 685,000 	 -   	687005.4	686214.44	100.2928	100.17729	-790.96	5/29/2026	Muni	100	Single	RFRSwap	3.95	3.92	0.55	-0.93	0.006	 152 	0.23	0.06	0.15	0.14	0.00	0.00	0.00	0.5	0.0	-155.1	-80	0.00	0.00	0.00	0.00	0.00	0.00	0.00	0.09	0.00	0.80	0.16	0.00	0.70	0.18	0.00	0.52	0.23	0.00	0.16	1.50	0.02	-0.54	2.72	0.03	-2.71
233_PUB_HTM	612333	035771R22	MUNI	IG-2	ANNAPOLIS MD		4	8/1/2031	705000	 705,000 	 -   	707024.33	706164.87	100.2871	100.16523	-859.46	5/29/2026	Muni	100	Single	RFRSwap	3.96	3.94	0.63	-1.21	0.006	 181 	0.22	0.05	0.06	0.29	0.01	0.00	0.00	0.5	0.0	-161.7	-73	0.00	0.00	0.00	0.00	0.00	0.00	0.00	0.09	0.00	0.82	0.16	0.00	0.72	0.18	0.00	0.54	0.27	0.00	0.18	1.88	0.02	-0.75	3.36	0.03	-3.48
233_PUB_HTM	611945	035771R30	MUNI	IG-2	ANNAPOLIS MD		4	8/1/2032	275000	 275,000 	 -   	275780.75	275422.02	100.2839	100.15346	-358.74	5/29/2026	Muni	100	Single	RFRSwap	3.97	3.95	0.74	-1.44	0.008	 83 	0.22	0.05	0.06	0.29	0.07	0.00	0.00	0.6	0.0	-169.2	-66	0.00	0.00	0.00	0.00	0.00	0.00	0.00	0.09	0.00	0.84	0.16	0.00	0.74	0.18	0.00	0.56	0.31	0.00	0.20	2.24	0.02	-0.92	3.90	0.04	-4.10
233_PUB_HTM	612698	035771R48	MUNI	IG-2	ANNAPOLIS MD		4	8/1/2033	285000	 285,000 	 -   	285799.36	285401.91	100.2805	100.14102	-397.45	5/29/2026	Muni	100	Single	RFRSwap	3.98	3.95	0.86	-1.66	0.009	 99 	0.22	0.05	0.06	0.27	0.16	0.00	0.00	0.6	0.0	-174.5	-58	0.00	0.00	0.00	0.00	0.00	0.00	0.00	0.09	0.00	0.86	0.16	0.00	0.76	0.18	0.00	0.58	0.41	0.00	0.20	2.90	0.03	-1.29	4.59	0.04	-5.11
233_PUB_HTM	612807	03871LDF7	MUNI	IG-2	ARAPAHOE CNTY CO WTR & WSTWTRP		3	12/1/2037	2000000	 2,000,000 	 -   	1988127.93	1846890.4	99.4064	92.34452	-141237.53	5/29/2026	Muni	100	Single	RFRSwap	3.83	3.06	7.88	-0.27	0.074	 4,435 	-0.01	-0.02	0.28	0.69	5.98	0.98	0.00	8.6	0.0	-55.0	-30	0.00	0.00	0.00	0.00	0.00	0.00	0.00	3.41	0.04	22.72	3.57	0.04	18.80	5.14	0.06	14.13	7.98	0.08	0.39	8.48	0.07	-7.08	8.64	0.07	-14.20
233_PUB_HTM	611852	039069JE0	MUNI	IG-2	ARCADIA CA UNIF SCH DIST		2	8/1/2035	575000	 575,000 	 -   	524060.42	488628.39	91.1409	84.97885	-35432.03	5/29/2026	Muni	100	Single	RFRSwap	3.97	3.12	7.81	0.45	0.067	 769 	-0.02	-0.03	-0.03	1.33	6.56	0.00	0.00	8.4	0.0	-11.8	-7	0.00	0.00	0.00	0.00	0.00	0.00	0.00	0.09	0.00	15.50	0.29	0.00	15.40	5.14	0.05	12.87	7.46	0.06	0.37	7.63	0.06	-5.89	7.66	0.06	-11.76
233_PUB_HTM	611193	039069JF7	MUNI	IG-2	ARCADIA CA UNIF SCH DIST		2	8/1/2036	1015000	 1,015,000 	 -   	906731.07	844801.04	89.3331	83.23163	-61930.03	5/29/2026	Muni	100	Single	RFRSwap	4.02	3.24	8.55	0.56	0.072	 1,457 	-0.02	-0.03	-0.04	-0.02	8.52	0.15	0.00	9.3	0.0	-10.9	-6	0.00	0.00	0.00	0.00	0.00	0.00	0.00	0.09	0.00	17.25	0.41	0.00	17.14	5.94	0.06	14.04	8.17	0.07	0.37	8.33	0.06	-6.33	8.36	0.06	-12.55
233_PUB_HTM	612021	040319B61	MUNI	IG-2	ARGYLE TX INDEP SCH DIST		4	8/15/2031	1000000	 1,000,000 	 -   	1018622.79	1011785.7	101.8623	101.17857	-6837.09	5/29/2026	Muni	100	Single	RFRSwap	3.75	3.60	1.98	-0.85	0.020	 810 	0.60	0.37	0.20	0.79	0.03	0.00	0.00	1.8	0.0	-125.8	-87	0.00	0.00	0.00	0.00	0.00	0.00	0.00	1.11	0.01	6.10	1.18	0.01	4.90	1.19	0.01	3.62	1.78	0.02	0.86	2.73	0.03	-1.44	3.49	0.03	-4.56
233_PUB_HTM	612448	040319B79	MUNI	IG-2	ARGYLE TX INDEP SCH DIST		4	8/15/2032	1000000	 1,000,000 	 -   	1018421.41	1010693	101.8421	101.0693	-7728.41	5/29/2026	Muni	100	Single	RFRSwap	3.80	3.66	2.18	-1.11	0.022	 892 	0.58	0.36	0.21	0.84	0.22	0.00	0.00	2.0	0.0	-127.4	-78	0.00	0.00	0.00	0.00	0.00	0.00	0.00	1.11	0.01	6.23	1.18	0.01	5.02	1.19	0.01	3.74	1.94	0.02	0.91	3.11	0.03	-1.68	4.05	0.04	-5.26
233_PUB_HTM	612002	041431SD0	MUNI	IG-2	ARLINGTON CNTY VA		4	8/15/2034	5000000	 5,000,000 	 -   	5088790.08	5054328	101.7758	101.08656	-34462.08	5/29/2026	Muni	100	Single	RFRSwap	3.84	3.75	2.50	-1.47	0.026	 5,120 	0.56	0.35	0.20	0.66	0.73	0.00	0.00	2.3	0.0	-141.8	-79	0.00	0.00	0.00	0.00	0.00	0.00	0.00	1.11	0.01	6.40	1.18	0.01	5.19	1.19	0.01	3.91	2.52	0.03	0.73	4.15	0.04	-2.66	5.33	0.05	-7.34
233_PUB_HTM	611744	041609K31	MUNI	IG-2	ARLINGTON MA		3	9/1/2035	2160000	 2,160,000 	 -   	2167334.77	2120820.62	100.3396	98.18614	-46514.14	5/29/2026	Muni	100	Single	RFRSwap	3.23	2.96	5.20	-1.24	0.051	 3,332 	-0.01	0.46	0.52	1.15	3.08	0.00	0.00	5.0	0.0	-138.7	-81	0.00	0.00	0.00	0.00	0.00	0.00	0.00	2.13	0.02	13.80	2.21	0.02	11.42	2.56	0.03	8.90	5.37	0.05	0.78	6.31	0.06	-4.91	6.84	0.06	-10.92
233_PUB_HTM	611808	041609K49	MUNI	IG-2	ARLINGTON MA		3	9/1/2036	2215000	 2,215,000 	 -   	2217224.93	2122070.12	100.1004	95.80452	-95154.82	5/29/2026	Muni	100	Single	RFRSwap	3.49	2.99	6.30	-1.07	0.061	 4,040 	-0.01	0.26	0.40	0.67	4.84	0.11	0.00	6.3	0.0	-101.0	-59	0.00	0.00	0.00	0.00	0.00	0.00	0.00	2.12	0.02	15.21	2.21	0.02	12.86	2.90	0.03	10.24	6.32	0.06	0.68	7.22	0.07	-5.75	7.64	0.06	-12.29
233_PUB_HTM	612027	041609K56	MUNI	IG-2	ARLINGTON MA		3	9/1/2037	625000	 625,000 	 -   	624311.73	590047.56	99.8899	94.40761	-34264.17	5/29/2026	Muni	100	Single	RFRSwap	3.61	3.01	7.04	-1.00	0.067	 1,255 	-0.01	0.19	0.34	0.63	5.23	0.66	0.00	7.1	0.0	-88.6	-51	0.00	0.00	0.00	0.00	0.00	0.00	0.00	2.12	0.02	16.29	2.22	0.02	13.95	3.17	0.03	11.21	7.04	0.07	0.53	7.96	0.07	-6.45	8.35	0.07	-13.41
233_PUB_HTM	611247	044357PG0	MUNI	IG-2	ASHLAND MA	1	3.5	8/1/2031	240000	 240,000 	 -   	240000	240116.09	100	100.04837	116.09	5/29/2026	Muni	100	Single	RFRSwap	3.48	3.50	0.48	-1.30	0.005	 41 	0.19	0.10	0.13	0.12	0.00	0.00	0.00	0.4	0.0	-141.9	-74	0.00	0.00	0.00	0.00	0.00	0.00	0.00	0.05	0.00	0.43	0.08	0.00	0.38	0.09	0.00	0.29	0.13	0.00	0.11	1.50	0.02	-0.55	2.65	0.03	-2.74
233_PUB_HTM	612068	046558DS8	MUNI	IG-2	ATASCADERO CA UNIF SCH DIST		4	8/1/2031	755000	 755,000 	 -   	768004.69	766696.76	101.7225	101.54924	-1307.93	5/29/2026	Muni	100	Single	RFRSwap	3.67	3.63	1.77	-0.75	0.018	 551 	0.65	0.35	0.18	0.63	0.02	0.00	0.00	1.7	0.0	-150.8	-122	0.00	0.00	0.00	0.00	0.00	0.00	0.00	1.09	0.01	5.83	1.15	0.01	4.64	1.15	0.01	3.40	1.58	0.02	0.80	2.48	0.03	-1.27	3.29	0.03	-4.17
233_PUB_HTM	612747	046558DT6	MUNI	IG-2	ATASCADERO CA UNIF SCH DIST		4	8/1/2032	770000	 770,000 	 -   	783020.59	780863.47	101.691	101.41084	-2157.12	5/29/2026	Muni	100	Single	RFRSwap	3.74	3.69	1.98	-0.98	0.020	 627 	0.63	0.33	0.18	0.70	0.17	0.00	0.00	1.8	0.0	-149.0	-110	0.00	0.00	0.00	0.00	0.00	0.00	0.00	1.09	0.01	5.94	1.15	0.01	4.75	1.15	0.01	3.51	1.74	0.02	0.85	2.88	0.03	-1.49	3.83	0.04	-4.86
233_PUB_HTM	611814	047195JC7	MUNI	IG-2	ATHENS OH CITY SCH DIST		4	12/1/2035	600000	 600,000 	 -   	622680.61	609739.08	103.7801	101.62318	-12941.53	5/29/2026	Muni	100	Single	RFRSwap	3.79	3.53	4.19	-1.13	0.043	 1,042 	0.00	0.55	0.92	0.77	1.98	0.00	0.00	4.1	0.0	-118.9	-56	0.00	0.00	0.00	0.00	0.00	0.00	0.00	2.44	0.03	13.42	2.42	0.03	10.61	2.45	0.03	7.88	4.40	0.05	0.95	5.55	0.06	-4.17	6.30	0.06	-9.93
233_PUB_HTM	612293	0498434S1	MUNI	IG-2	ATTLEBORO MA		3	10/15/2034	2425000	 2,425,000 	 -   	2431634.84	2342864.52	100.2736	96.61297	-88770.31	5/29/2026	Muni	100	Single	RFRSwap	3.47	2.96	5.45	-0.86	0.053	 3,847 	-0.01	0.26	0.50	1.91	2.78	0.00	0.00	5.4	0.0	-90.8	-54	0.00	0.00	0.00	0.00	0.00	0.00	0.00	2.25	0.03	14.64	2.33	0.03	12.15	2.89	0.03	9.43	5.58	0.05	0.64	6.29	0.06	-5.01	6.60	0.06	-10.78
233_PUB_HTM	611502	0498434T9	MUNI	IG-2	ATTLEBORO MA		3	10/15/2035	2575000	 2,575,000 	 -   	2575603.14	2460201.35	100.0234	95.5418	-115401.79	5/29/2026	Muni	100	Single	RFRSwap	3.56	3.00	6.12	-0.82	0.059	 4,535 	-0.01	0.20	0.44	1.25	4.25	0.00	0.00	6.2	0.0	-82.9	-48	0.00	0.00	0.00	0.00	0.00	0.00	0.00	2.25	0.03	15.52	2.34	0.03	13.03	3.07	0.03	10.26	6.16	0.06	0.67	6.94	0.06	-5.50	7.26	0.06	-11.71
233_PUB_HTM	612484	0522492S7	MUNI	IG-2	AUSTIN MN		2.375	12/1/2026	415000	 415,000 	 -   	415000	414262.42	100	99.82227	-737.58	5/29/2026	Muni	100	Single	RFRSwap	2.73	2.37	0.46	-0.25	0.005	 45 	0.46	0.00	0.00	0.00	0.00	0.00	0.00	0.4	0.0	-105.1	-104	0.00	0.00	0.00	0.00	0.00	0.00	0.00	0.13	0.00	0.74	0.13	0.00	0.61	0.13	0.00	0.47	0.24	0.00	0.19	0.49	0.00	-0.22	0.50	0.00	-0.72
233_PUB_HTM	612218	0522492T5	MUNI	IG-2	AUSTIN MN		2.5	12/1/2027	425000	 425,000 	 -   	425000	423502.13	100	99.64756	-1497.87	5/29/2026	Muni	100	Single	RFRSwap	2.74	2.50	0.97	-0.83	0.010	 104 	0.63	0.35	0.00	0.00	0.00	0.00	0.00	0.9	0.0	-131.4	-115	0.00	0.00	0.00	0.00	0.00	0.00	0.00	0.13	0.00	0.96	0.13	0.00	0.83	0.13	0.00	0.70	0.41	0.00	0.39	1.24	0.01	-0.50	1.39	0.01	-1.84
233_PUB_HTM	611445	052430PM1	MUNI	IG-2	AUSTIN TX INDEP SCH DIST		4	8/1/2031	2000000	 2,000,000 	 -   	2005944.03	2003338.6	100.2972	100.16693	-2605.43	5/29/2026	Muni	100	Single	RFRSwap	3.96	3.93	0.63	-1.20	0.006	 510 	0.22	0.05	0.06	0.29	0.01	0.00	0.00	0.5	0.0	-162.1	-73	0.00	0.00	0.00	0.00	0.00	0.00	0.00	0.09	0.00	0.82	0.16	0.00	0.71	0.18	0.00	0.53	0.27	0.00	0.18	1.88	0.02	-0.74	3.36	0.03	-3.47
233_PUB_HTM	612909	052430PN9	MUNI	IG-2	AUSTIN TX INDEP SCH DIST		4	8/1/2032	2000000	 2,000,000 	 -   	2005891.45	2002873.4	100.2946	100.14367	-3018.05	5/29/2026	Muni	100	Single	RFRSwap	3.97	3.94	0.77	-1.46	0.008	 623 	0.22	0.06	0.06	0.30	0.08	0.00	0.00	0.6	0.0	-167.3	-60	0.00	0.00	0.00	0.00	0.00	0.00	0.00	0.09	0.00	0.85	0.16	0.00	0.74	0.18	0.00	0.56	0.31	0.00	0.21	2.28	0.02	-0.95	3.92	0.04	-4.16
233_PUB_HTM	611244	052430PP4	MUNI	IG-2	AUSTIN TX INDEP SCH DIST		4	8/1/2033	1000000	 1,000,000 	 -   	1002883.61	1001127.4	100.2884	100.11274	-1756.21	5/29/2026	Muni	100	Single	RFRSwap	3.98	3.95	0.94	-1.73	0.010	 381 	0.21	0.05	0.06	0.28	0.16	0.00	0.00	0.6	0.0	-169.4	-42	0.00	0.00	0.00	0.00	0.00	0.00	0.00	0.09	0.00	0.88	0.16	0.00	0.78	0.18	0.00	0.60	0.45	0.00	0.21	3.00	0.03	-1.37	4.65	0.04	-5.28
233_PUB_HTM	612193	054141JX5	MUNI	IG-2	AVON MA		3	9/15/2034	830000	 830,000 	 -   	833980.23	818030.07	100.4795	98.55784	-15950.16	5/29/2026	Muni	100	Single	RFRSwap	3.20	2.93	4.81	-1.11	0.048	 1,187 	-0.01	0.46	0.58	1.67	2.14	0.00	0.00	4.6	0.0	-135.5	-81	0.00	0.00	0.00	0.00	0.00	0.00	0.00	2.14	0.02	13.49	2.24	0.02	11.09	2.57	0.03	8.53	5.02	0.05	0.75	5.81	0.05	-4.56	6.31	0.06	-10.16
233_PUB_HTM	612869	054141JY3	MUNI	IG-2	AVON MA		3	9/15/2035	860000	 860,000 	 -   	862031.08	836014.77	100.2362	97.21102	-26016.31	5/29/2026	Muni	100	Single	RFRSwap	3.35	2.97	5.56	-1.11	0.054	 1,404 	-0.01	0.34	0.50	1.23	3.53	0.00	0.00	5.5	0.0	-116.6	-69	0.00	0.00	0.00	0.00	0.00	0.00	0.00	2.14	0.02	14.37	2.24	0.02	11.98	2.72	0.03	9.38	5.66	0.06	0.73	6.56	0.06	-5.15	7.00	0.06	-11.26
233_PUB_HTM	611743	054141JZ0	MUNI	IG-2	AVON MA		3	9/15/2036	880000	 880,000 	 -   	879776.82	831941.35	99.9746	94.53879	-47835.47	5/29/2026	Muni	100	Single	RFRSwap	3.64	3.00	6.69	-0.87	0.064	 1,680 	-0.01	0.18	0.35	0.67	5.38	0.14	0.00	6.8	0.0	-77.3	-44	0.00	0.00	0.00	0.00	0.00	0.00	0.00	2.14	0.02	16.01	2.25	0.02	13.64	3.15	0.03	10.90	6.67	0.06	0.63	7.49	0.07	-5.98	7.83	0.06	-12.57
233_PUB_HTM	611197	05620PKA0	MUNI	IG-2	BABYLON NY		3	6/1/2032	1015000	 1,015,000 	 -   	1015000	1014760.97	100	99.97645	-239.03	5/29/2026	Muni	100	Single	RFRSwap	3.00	3.00	1.04	-2.24	0.011	 320 	0.24	0.08	0.09	0.51	0.09	0.00	0.00	0.7	0.0	-208.6	-92	0.00	0.00	0.00	0.00	0.00	0.00	0.00	0.13	0.00	0.88	0.13	0.00	0.75	0.13	0.00	0.62	0.49	0.00	0.32	2.24	0.02	-1.02	3.52	0.03	-3.96
233_PUB_HTM	612372	05620PKB8	MUNI	IG-2	BABYLON NY		3	6/1/2033	1045000	 1,045,000 	 -   	1045000	1039324.61	100	99.4569	-5675.39	5/29/2026	Muni	100	Single	RFRSwap	3.09	3.00	2.11	-3.00	0.021	 667 	0.31	0.19	0.21	1.03	0.55	0.00	0.00	2.1	0.0	-172.2	-87	0.00	0.00	0.00	0.00	0.00	0.00	0.00	0.13	0.00	1.35	0.13	0.00	1.22	0.13	0.00	1.09	1.33	0.01	0.47	3.46	0.03	-2.00	4.54	0.04	-5.95
233_PUB_HTM	611931	05620PKC6	MUNI	IG-2	BABYLON NY		3	6/1/2034	940000	 940,000 	 -   	940000	927660.06	100	98.68724	-12339.94	5/29/2026	Muni	100	Single	RFRSwap	3.19	3.00	3.31	-3.16	0.033	 936 	0.27	0.23	0.27	1.29	1.39	0.00	0.00	3.2	0.0	-146.5	-81	0.00	0.00	0.00	0.00	0.00	0.00	0.00	0.13	0.00	2.09	0.13	0.00	1.96	0.13	0.00	1.82	2.52	0.03	0.52	4.61	0.04	-3.22	5.51	0.05	-8.06
233_PUB_HTM	611923	058219VK9	MUNI	IG-2	BALDWIN PARK CA UNIF SCH DIST		3	8/1/2038	300000	 300,000 	 -   	300099.55	278963.58	100.0332	92.98786	-21135.97	5/29/2026	Muni	100	Single	RFRSwap	3.72	3.00	7.75	-0.84	0.073	 655 	-0.01	0.14	0.26	0.58	5.42	1.35	0.00	8.1	0.0	-75.8	-43	0.00	0.00	0.00	0.00	0.00	0.00	0.00	2.08	0.02	17.03	2.15	0.02	14.75	3.35	0.04	12.02	7.74	0.07	0.36	8.59	0.07	-7.10	8.92	0.07	-14.42
233_PUB_HTM	612717	05914FB66	MUNI	IG-2	BALTIMORE CNTY MD		3	2/1/2034	2000000	 2,000,000 	 -   	2000000	1985281.6	100	99.26408	-14718.4	5/29/2026	Muni	100	Single	RFRSwap	3.11	3.00	2.45	-3.26	0.025	 1,476 	0.28	0.19	0.22	1.03	0.88	0.00	0.00	2.3	0.0	-167.7	-88	0.00	0.00	0.00	0.00	0.00	0.00	0.00	0.05	0.00	1.19	0.08	0.00	1.14	0.09	0.00	1.05	1.85	0.02	0.44	4.83	0.05	-3.09	5.85	0.05	-8.26
233_PUB_HTM	611235	05914FQ94	MUNI	IG-2	BALTIMORE CNTY MD		4	3/1/2035	3000000	 3,000,000 	 -   	3075690.77	3038662.5	102.523	101.28875	-37028.27	5/29/2026	Muni	100	Single	RFRSwap	3.82	3.66	3.31	-1.31	0.034	 4,059 	0.19	0.84	0.30	0.80	1.24	0.00	0.00	3.2	0.0	-129.7	-65	0.00	0.00	0.00	0.00	0.00	0.00	0.00	1.62	0.02	9.35	1.70	0.02	7.55	1.72	0.02	5.67	3.41	0.04	0.86	4.84	0.05	-3.36	5.78	0.05	-8.50
233_PUB_HTM	611847	059189XG0	MUNI	IG-2	BALTIMORE MD		3	10/15/2035	3645000	 3,645,000 	 -   	3651749.51	3463445.1	100.1852	95.01907	-188304.41	5/29/2026	Muni	100	Single	RFRSwap	3.63	2.98	6.56	-0.40	0.063	 6,841 	-0.01	-0.02	0.49	1.46	4.66	0.00	0.00	6.8	0.0	-69.5	-42	0.00	0.00	0.00	0.00	0.00	0.00	0.00	3.20	0.04	19.92	3.35	0.04	16.28	4.36	0.05	12.16	6.67	0.06	0.64	7.18	0.06	-5.83	7.39	0.06	-12.13
233_PUB_HTM	611330	059189XH8	MUNI	IG-2	BALTIMORE MD		3	10/15/2036	1355000	 1,355,000 	 -   	1354501.59	1273036.46	99.9632	93.95103	-81465.13	5/29/2026	Muni	100	Single	RFRSwap	3.71	3.00	7.17	-0.44	0.068	 2,750 	-0.01	-0.01	0.42	0.77	5.82	0.20	0.00	7.4	0.0	-65.4	-38	0.00	0.00	0.00	0.00	0.00	0.00	0.00	3.20	0.04	20.86	3.37	0.04	17.22	4.61	0.05	12.97	7.30	0.07	0.60	7.80	0.07	-6.34	8.01	0.07	-13.04
233_PUB_HTM	612235	0600956A9	MUNI	IG-2	BANGOR ME		3.75	3/1/2032	300000	 300,000 	 -   	300000	300154.92	100	100.05164	154.92	5/29/2026	Muni	100	Single	RFRSwap	3.74	3.75	0.56	-1.77	0.006	 64 	0.14	0.04	0.04	0.22	0.03	0.00	0.00	0.4	0.0	-140.7	-52	0.00	0.00	0.00	0.00	0.00	0.00	0.00	0.05	0.00	0.45	0.08	0.00	0.40	0.09	0.00	0.31	0.17	0.00	0.12	2.24	0.02	-0.87	3.80	0.04	-4.00
233_PUB_HTM	611622	0600956B7	MUNI	IG-2	BANGOR ME		3.75	3/1/2033	300000	 300,000 	 -   	300000	300140.31	100	100.04677	140.31																																															
MTBC_AFS	611091	065437105	Misc_Securities	E-9	BANK OF UTICA	1	0	12/31/2100	255000	 255,000 	 -   	255000	1004999.88	100	394.1176	749999.88																																															
MTBC_AFS	611094	065437204	Misc_Securities	E-9	BANK OF UTICA	1	0	12/31/2100	1020000	 1,020,000 	 -   	1020000	3840000.12	100	376.4706	2820000.12																																															
233_PUB_HTM	611707	067032GL0	MUNI	IG-2	BARABOO WI SCH DIST		3.75	4/1/2033	35000	 35,000 	 -   	35000	35008.19	100	100.02341	8.19																																															
233_PUB_HTM	611329	067167XM3	MUNI	IG-2	BARBERS HILL TX INDEP SCH DIST		5	2/15/2031	1500000	 1,500,000 	 -   	1569173.98	1558803.6	104.6116	103.92024	-10370.38																																															
233_PUB_HTM	611811	067167XN1	MUNI	IG-2	BARBERS HILL TX INDEP SCH DIST		4	2/15/2032	1000000	 1,000,000 	 -   	1027228.5	1016077.8	102.7229	101.60778	-11150.7																																															
233_PUB_HTM	612321	067167XP6	MUNI	IG-2	BARBERS HILL TX INDEP SCH DIST		4	2/15/2033	1000000	 1,000,000 	 -   	1026667.9	1014333.3	102.6668	101.43333	-12334.6																																															
233_PUB_HTM	611838	069338QJ3	MUNI	IG-2	BARTLETT IL		2	12/1/2035	1035000	 1,035,000 	 -   	920611.39	845688.36	88.948	81.70902	-74923.04																																															
233_PUB_HTM	611264	069338QK0	MUNI	IG-2	BARTLETT IL		2	12/1/2036	1055000	 1,055,000 	 -   	925236.9	840736.36	87.7002	79.69065	-84500.54																																															
233_PUB_HTM	612019	069338QL8	MUNI	IG-2	BARTLETT IL		2	12/1/2037	1075000	 1,075,000 	 -   	916338.93	832944.4	85.2408	77.4832	-83394.53																																															
233_PUB_HTM	611162	069338QM6	MUNI	IG-2	BARTLETT IL		2	12/1/2038	1100000	 1,100,000 	 -   	961455.12	830176.27	87.405	75.47057	-131278.85																																															
233_PUB_HTM	612539	069338QN4	MUNI	IG-2	BARTLETT IL		2	12/1/2039	500000	 500,000 	 -   	431905.72	369622.65	86.3811	73.92453	-62283.07																																															
HTM	613015	07324SCM2	Non-Agency CMBS	N-6	BAYVIEW COMMERCIAL ASSET TRUST	0.041986535	0	11/25/2035	6511000	 273,374 	 30,425.89 	273374.33	361330.91	100	132.17441	87956.58																																															
HTM	613109	07324SDQ2	Non-Agency CMBS	N-6	BAYVIEW COMMERCIAL ASSET TRUST	0.03773245	0	4/25/2036	3655000	 137,912 	 (43,349.33)	137912.1	416193.11	100	301.78142	278281																																															
HTM	613011	073250BM3	Non-Agency MBS	N-6	BAYVIEW FINANCIAL ACQUISITION	0.095675086	4.72837	2/28/2040	16000000	 1,530,801 	 247,122.56 	1518896.69	1499708.2	99.2223	97.96883	-19188.49																																															
HTM	612159	073250BR2	Non-Agency MBS	N-6	BAYVIEW FINANCIAL ACQUISITION	0.095677594	0	2/28/2040	26600000	 2,545,024 	 388,123.63 	2545024	2001587.57	100	78.6471	-543436.43																																															
HTM	613338	073250BV3	Non-Agency MBS	N-6	BAYVIEW FINANCIAL REVOLVING MO	0.038561866	0	12/28/2040	40000000	 1,542,475 	 530,818.78 	1542474.64	1705355.64	100	110.55972	162881																																															
HTM	612532	073250BX9	Non-Agency MBS	N-6	BAYVIEW FINANCIAL REVOLVING MO	0.038561866	3.5	12/28/2040	23150000	 892,707 	 303,347.29 	892707.2	4125783.88	100	462.16541	3233076.68																																															
HTM	612289	073250BY7	Non-Agency MBS	N-6	BAYVIEW FINANCIAL REVOLVING MO	0.038561866	0	12/28/2040	10500000	 404,900 	 149,149.70 	404899.59	2311892.17	100	570.97913	1906992.58																																															
HTM	613558	07326CAC9	Non-Agency CMO	N-6	BAYVIEW FINANCIAL ASSET TRUST	0.094008785	4.9488	10/25/2037	294731000	 27,707,303 	 5,169,997.30 	26123876.64	27179681.35	94.2852	98.09573	1055804.7																																															
233_PUB_HTM	611728	073900L59	MUNI	IG-2	BEAUFORT CNTY SC SCH DIST		3	3/1/2037	2500000	 2,500,000 	 -   	2485984.61	2361869.25	99.4394	94.47477	-124115.36																																															
233_PUB_HTM	612548	075147CS5	MUNI	IG-2	BEAVER DAM WI UNIF SCH DIST		2.45	4/1/2029	350000	 350,000 	 -   	349550.36	339536.36	99.8715	97.01039	-10013.99																																															
233_PUB_HTM	611884	075147CT3	MUNI	IG-2	BEAVER DAM WI UNIF SCH DIST		2.55	4/1/2030	535000	 535,000 	 -   	534165.92	515946.08	99.8441	96.43852	-18219.84																																															
233_PUB_HTM	611960	075147CU0	MUNI	IG-2	BEAVER DAM WI UNIF SCH DIST		2.65	4/1/2031	550000	 550,000 	 -   	550000	526929.32	100	95.80533	-23070.68																																															
233_PUB_HTM	612623	075147CV8	MUNI	IG-2	BEAVER DAM WI UNIF SCH DIST		2.7	4/1/2032	565000	 565,000 	 -   	564328.73	536487.39	99.8812	94.95352	-27841.34																																															
233_PUB_HTM	611208	07916PCN0	MUNI	IG-2	BELLEVUE KY	1	2.3	2/1/2028	315000	 315,000 	 -   	315000	312712.94	100	99.27395	-2287.06																																															
233_PUB_HTM	612048	07916PCP5	MUNI	IG-2	BELLEVUE KY		2.375	2/1/2029	210000	 210,000 	 -   	210000	207637.98	100	98.87523	-2362.02																																															
233_PUB_HTM	612715	07916PCQ3	MUNI	IG-2	BELLEVUE KY		2.5	2/1/2030	230000	 230,000 	 -   	230000	228138.06	100	99.19046	-1861.94																																															
233_PUB_HTM	611795	07916PCR1	MUNI	IG-2	BELLEVUE KY		2.625	2/1/2031	245000	 245,000 	 -   	245000	239499.65	100	97.75496	-5500.35																																															
233_PUB_HTM	611902	081077F20	MUNI	IG-2	BELTON TX INDEP SCH DIST		4	2/15/2031	125000	 125,000 	 -   	125405.29	125251.34	100.3242	100.20107	-153.95																																															
233_PUB_HTM	612918	081077F38	MUNI	IG-2	BELTON TX INDEP SCH DIST		4	2/15/2032	110000	 110,000 	 -   	110348.74	110193.22	100.317	100.17565	-155.52																																															
233_PUB_HTM	612440	081077F46	MUNI	IG-2	BELTON TX INDEP SCH DIST		4	2/15/2033	250000	 250,000 	 -   	250774.12	250374.62	100.3096	100.14985	-399.5																																															
233_PUB_HTM	611712	081077F53	MUNI	IG-2	BELTON TX INDEP SCH DIST		4	2/15/2034	250000	 250,000 	 -   	250744.82	250272.15	100.2979	100.10886	-472.67																																															
233_PUB_HTM	612195	083763WP3	MUNI	IG-2	BERGEN CNTY NJ		2	11/1/2034	2740000	 2,740,000 	 -   	2466045.92	2360392.45	90.0017	86.14571	-105653.46																																															
233_PUB_HTM	611391	083763WQ1	MUNI	IG-2	BERGEN CNTY NJ		2	11/1/2035	2125000	 2,125,000 	 -   	1882469.55	1790652.5	88.5868	84.266	-91817.05																																															
233_PUB_HTM	612420	084113TH2	MUNI	IG-2	BERKELEY CA		3	9/1/2032	810000	 810,000 	 -   	810000	804214.58	100	99.28575	-5785.42																																															
233_PUB_HTM	611833	084113TJ8	MUNI	IG-2	BERKELEY CA		3	9/1/2033	445000	 445,000 	 -   	445000	435034.36	100	97.76053	-9965.64																																															
233_PUB_HTM	611469	084113TK5	MUNI	IG-2	BERKELEY CA		3	9/1/2034	250000	 250,000 	 -   	250000	243540.8	100	97.41632	-6459.2																																															
233_PUB_HTM	612955	084113TL3	MUNI	IG-2	BERKELEY CA		3	9/1/2035	660000	 660,000 	 -   	660000	633031.94	100	95.91393	-26968.06																																															
233_PUB_HTM	612854	084113VV8	MUNI	IG-2	BERKELEY CA		3	9/1/2034	460000	 460,000 	 -   	463105.34	453994.24	100.6751	98.6944	-9111.1																																															
233_PUB_HTM	612452	084113VX4	MUNI	IG-2	BERKELEY CA		3	9/1/2036	495000	 495,000 	 -   	494902.77	477340.48	99.9804	96.43242	-17562.29																																															
233_PUB_HTM	612498	084113VY2	MUNI	IG-2	BERKELEY CA		3	9/1/2037	460000	 460,000 	 -   	455159.95	437302.45	98.9478	95.06575	-17857.5																																															
233_PUB_HTM	611570	084113WV7	MUNI	IG-2	BERKELEY CA		3	9/1/2038	770000	 770,000 	 -   	751936.8	721760.81	97.6541	93.73517	-30175.99																																															
233_PUB_HTM	611925	084113WW5	MUNI	IG-2	BERKELEY CA		3	9/1/2039	650000	 650,000 	 -   	632260.55	601961.42	97.2709	92.60945	-30299.13																																															
233_PUB_HTM	611979	085797WF1	MUNI	IG-2	BERRYESSA CA UNION SCH DIST		2	8/1/2038	1450000	 1,450,000 	 -   	1243222.97	1136676.6	85.7395	78.39149	-106546.36																																															
233_PUB_HTM	611145	085797WG9	MUNI	IG-2	BERRYESSA CA UNION SCH DIST		2	8/1/2039	1700000	 1,700,000 	 -   	1418945.14	1298098.41	83.4674	76.35873	-120846.73																																															
233_PUB_HTM	611366	085797WH7	MUNI	IG-2	BERRYESSA CA UNION SCH DIST		2	8/1/2040	1850000	 1,850,000 	 -   	1516795.48	1355225.27	81.9889	73.25542	-161570.21																																															
233_PUB_HTM	612148	0876717X5	MUNI	IG-2	BETTENDORF IA		4	6/1/2032	695000	 695,000 	 -   	715913.4	709271.62	103.0091	102.05347	-6641.78																																															
233_PUB_HTM	612832	0876717Y3	MUNI	IG-2	BETTENDORF IA		4	6/1/2033	725000	 725,000 	 -   	745773.92	738153.6	102.8654	101.81429	-7620.32																																															
233_PUB_HTM	611402	0876717Z0	MUNI	IG-2	BETTENDORF IA		4	6/1/2034	755000	 755,000 	 -   	775652.21	766636.59	102.7354	101.54127	-9015.62																																															
233_PUB_HTM	612116	0876718A4	MUNI	IG-2	BETTENDORF IA		4	6/1/2035	785000	 785,000 	 -   	805939.73	795441.13	102.6675	101.33008	-10498.61																																															
233_PUB_HTM	612412	0876718B2	MUNI	IG-2	BETTENDORF IA		4	6/1/2036	815000	 815,000 	 -   	836708.88	823919.6	102.6637	101.09443	-12789.27																																															
233_PUB_HTM	611831	088095T53	MUNI	IG-2	BEVERLY MA		4	10/15/2029	480000	 480,000 	 -   	483205.04	482613.46	100.6677	100.54447	-591.58																																															
233_PUB_HTM	611758	088095T61	MUNI	IG-2	BEVERLY MA		3	10/15/2030	1090000	 1,090,000 	 -   	1092219.4	1090040.44	100.2036	100.00371	-2178.96																																															
233_PUB_HTM	612744	088095T79	MUNI	IG-2	BEVERLY MA		3	10/15/2031	590000	 590,000 	 -   	591028.02	590019.53	100.1742	100.00331	-1008.49																																															
233_PUB_HTM	612815	088095T87	MUNI	IG-2	BEVERLY MA		3	10/15/2032	1090000	 1,090,000 	 -   	1091416.39	1086832.35	100.1299	99.70939	-4584.04																																															
233_PUB_HTM	611201	088095U28	MUNI	IG-2	BEVERLY MA	1	3	10/15/2034	730000	 730,000 	 -   	730587.87	719043.14	100.0805	98.49906	-11544.73																																															
233_PUB_HTM	611356	09005PBE9	MUNI	IG-2	BILLERICA MA		3	2/1/2033	2000000	 2,000,000 	 -   	2003958.43	1991398.2	100.1979	99.56991	-12560.23																																															
233_PUB_HTM	612686	09088RXW1	MUNI	IG-2	BIRMINGHAM AL		4	12/1/2030	4000000	 4,000,000 	 -   	4000000	4002256	100	100.0564	2256																																															
233_PUB_HTM	611854	092142EF1	MUNI	IG-2	BLACK JACK MO FIRE PROT DIST S	1	3.5	4/15/2032	425000	 425,000 	 -   	425000	425003.1	100	100.00073	3.1																																															
233_PUB_HTM	611815	094491SM0	MUNI	IG-2	BLOOMINGTON IL		3.75	6/1/2033	930000	 930,000 	 -   	930000	929975.63	100	99.99738	-24.37																																															
233_PUB_HTM	611340	094491SN8	MUNI	IG-2	BLOOMINGTON IL		3.75	6/1/2034	1050000	 1,050,000 	 -   	1050000	1045322.04	100	99.55448	-4677.96																																															
233_PUB_HTM	611423	095167TC6	MUNI	IG-2	BLOUNT CNTY TN		5	6/1/2030	820000	 820,000 	 -   	820000	820840.34	100	100.10248	840.34																																															
233_PUB_HTM	612296	095167TD4	MUNI	IG-2	BLOUNT CNTY TN		5	6/1/2032	3130000	 3,130,000 	 -   	3130000	3132981.32	100	100.09525	2981.33																																															
233_PUB_HTM	611563	097437RS8	MUNI	IG-2	BOISE CITY ID INDEP SCH DIST		5	8/1/2032	1000000	 1,000,000 	 -   	1017773.34	1015199	101.7773	101.5199	-2574.34																																															
233_PUB_HTM	612479	097437RT6	MUNI	IG-2	BOISE CITY ID INDEP SCH DIST		5	8/1/2033	625000	 625,000 	 -   	636042.84	634066.81	101.7669	101.45069	-1976.03																																															
233_PUB_HTM	611160	100853SR2	MUNI	IG-2	BOSTON MA		3	3/1/2031	3920000	 3,920,000 	 -   	3920000	3919928.66	100	99.99818	-71.34																																															
233_PUB_HTM	612114	101295FV0	MUNI	IG-2	BOTHELL WA		3	12/1/2032	285000	 285,000 	 -   	287368.98	284057.48	100.8312	99.66929	-3311.5																																															
233_PUB_HTM	612790	101295FX6	MUNI	IG-2	BOTHELL WA		3	12/1/2034	1365000	 1,365,000 	 -   	1374696.22	1347561.44	100.7103	98.72245	-27134.78																																															
233_PUB_HTM	612606	101295FY4	MUNI	IG-2	BOTHELL WA		3	12/1/2035	1405000	 1,405,000 	 -   	1409847.95	1357665.69	100.345	96.63101	-52182.26																																															
233_PUB_HTM	611876	101295FZ1	MUNI	IG-2	BOTHELL WA		3	12/1/2036	1445000	 1,445,000 	 -   	1437729.9	1377901.14	99.4969	95.35648	-59828.76																																															
233_PUB_HTM	611638	102637UA1	MUNI	IG-2	BOWLING GREEN KY		3.25	6/1/2029	930000	 930,000 	 -   	930000	940496.72	100	101.12868	10496.72																																															
233_PUB_HTM	612706	102637UB9	MUNI	IG-2	BOWLING GREEN KY		3.25	6/1/2030	1070000	 1,070,000 	 -   	1070000	1081386.51	100	101.06416	11386.51																																															
233_PUB_HTM	611364	102637UY9	MUNI	IG-2	BOWLING GREEN KY		2	9/1/2037	630000	 630,000 	 -   	538502.59	499563.35	85.4766	79.29577	-38939.24																																															
233_PUB_HTM	612456	1050252R0	MUNI	IG-2	BRAINTREE MA		4	6/1/2031	925000	 925,000 	 -   	956501.49	949994.61	103.4056	102.70212	-6506.88																																															
233_PUB_HTM	611256	1050252S8	MUNI	IG-2	BRAINTREE MA		4	6/1/2032	945000	 945,000 	 -   	976806.39	969244.83	103.3658	102.56559	-7561.57																																															
233_PUB_HTM	611431	1050252T6	MUNI	IG-2	BRAINTREE MA		4	6/1/2033	955000	 955,000 	 -   	985761.39	978139.27	103.2211	102.42296	-7622.12																																															
233_PUB_HTM	612031	1050252U3	MUNI	IG-2	BRAINTREE MA		4	6/1/2034	920000	 920,000 	 -   	948428.78	940840.94	103.0901	102.26532	-7587.84																																															
233_PUB_HTM	612057	105385YJ1	MUNI	IG-2	BRANFORD CT		2.5	10/15/2037	2500000	 2,500,000 	 -   	2288002.49	2153792.5	91.5201	86.1517	-134209.99																																															
233_PUB_HTM	612603	105385YK8	MUNI	IG-2	BRANFORD CT		2.5	10/15/2038	1000000	 1,000,000 	 -   	914634.81	846643.9	91.4635	84.66439	-67990.91																																															
233_PUB_HTM	612562	105385YL6	MUNI	IG-2	BRANFORD CT		2.625	10/15/2039	1500000	 1,500,000 	 -   	1373191.35	1266846.15	91.5461	84.45641	-106345.2																																															
233_PUB_HTM	611343	106241F23	MUNI	IG-2	BRAZOSPORT TX INDEP SCH DIST		3	2/15/2037	4985000	 4,985,000 	 -   	5028516.38	4707420.24	100.8729	94.4317	-321096.14																																															
233_PUB_HTM	612813	111746DH3	MUNI	IG-2	BROCKTON MA	1	3.75	8/15/2032	310000	 310,000 	 -   	310000	310060.6	100	100.01955	60.6																																															
233_PUB_HTM	612802	111746DK6	MUNI	IG-2	BROCKTON MA	1	4	8/15/2034	690000	 690,000 	 -   	690000	690332.92	100	100.04825	332.93																																															
233_PUB_HTM	612619	113152E57	MUNI	IG-2	BROOKHAVEN NY		2	9/15/2032	4095000	 4,095,000 	 -   	3954029.34	3669031.96	96.5575	89.59785	-284997.38																																															
233_PUB_HTM	611240	113709RN1	MUNI	IG-2	BROOKLAND CAYCE SC SCH DIST #2		3	3/1/2032	2000000	 2,000,000 	 -   	2000000	1961467.2	100	98.07336	-38532.8																																															
233_PUB_HTM	611673	1137452E2	MUNI	IG-2	BROOKLINE MA		4	3/1/2031	350000	 350,000 	 -   	350000	350372.36	100	100.10639	372.37																																															
233_PUB_HTM	612450	1137452F9	MUNI	IG-2	BROOKLINE MA		3	3/1/2032	435000	 435,000 	 -   	435000	434988.65	100	99.99739	-11.35																																															
233_PUB_HTM	611968	1137452G7	MUNI	IG-2	BROOKLINE MA		3	3/1/2033	450000	 450,000 	 -   	450000	449987.63	100	99.99725	-12.37																																															
233_PUB_HTM	611624	1137452H5	MUNI	IG-2	BROOKLINE MA		3	3/1/2034	460000	 460,000 	 -   	460000	458223.07	100	99.61371	-1776.93																																															
233_PUB_HTM	612306	1137456P3	MUNI	IG-2	BROOKLINE MA		2.375	3/15/2038	3305000	 3,305,000 	 -   	2934709.09	2861432.31	88.796	86.57889	-73276.78																																															
233_PUB_HTM	612817	119535MM1	MUNI	IG-2	BUFFALO GROVE IL		2.75	12/30/2030	750000	 750,000 	 -   	750000	729278.62	100	97.23715	-20721.38																																															
233_PUB_HTM	612065	121457KV6	MUNI	IG-2	BURLINGAME CA ELEM SCH DIST		3	8/1/2036	175000	 175,000 	 -   	174985.6	169343	99.9918	96.76743	-5642.6																																															
233_PUB_HTM	612190	121457KW4	MUNI	IG-2	BURLINGAME CA ELEM SCH DIST		3	8/1/2037	150000	 150,000 	 -   	148431.58	142922.08	98.9544	95.28139	-5509.5																																															
233_PUB_HTM	612360	121457KX2	MUNI	IG-2	BURLINGAME CA ELEM SCH DIST		3	8/1/2038	150000	 150,000 	 -   	146499.85	140940.51	97.6666	93.96034	-5559.34																																															
233_PUB_HTM	612291	121457KY0	MUNI	IG-2	BURLINGAME CA ELEM SCH DIST		3	8/1/2039	150000	 150,000 	 -   	145926.45	138691.28	97.2843	92.46085	-7235.18																																															
233_PUB_HTM	612140	121457KZ7	MUNI	IG-2	BURLINGAME CA ELEM SCH DIST		3	8/1/2040	100000	 100,000 	 -   	96884.81	89612.61	96.8848	89.61261	-7272.2																																															
233_PUB_HTM	612470	128019XH4	MUNI	IG-2	CAJON VLY CA UNION SCH DIST		3	8/1/2032	2000000	 2,000,000 	 -   	2002065.85	2001081.8	100.1033	100.05409	-984.05																																															
233_PUB_HTM	611594	128199CX2	MUNI	IG-2	CALAVERAS CNTY CA		4	8/1/2031	735000	 735,000 	 -   	735000	735396.24	100	100.05391	396.24																																															
233_PUB_HTM	612980	128199CY0	MUNI	IG-2	CALAVERAS CNTY CA		4	8/1/2032	1550000	 1,550,000 	 -   	1550000	1550701.22	100	100.04524	701.22																																															
233_PUB_HTM	611210	129451PX2	MUNI	IG-2	CALEDONIA WI		2.65	5/1/2027	305000	 305,000 	 -   	305000	303712.5	100	99.57787	-1287.5																																															
233_PUB_HTM	612359	129451PY0	MUNI	IG-2	CALEDONIA WI		2.75	5/1/2028	315000	 315,000 	 -   	315000	312276.45	100	99.13538	-2723.55																																															
233_PUB_HTM	611796	129451PZ7	MUNI	IG-2	CALEDONIA WI		2.85	5/1/2029	325000	 325,000 	 -   	325000	320425.5	100	98.59246	-4574.51																																															
233_PUB_HTM	611149	129451QA1	MUNI	IG-2	CALEDONIA WI		2.9	5/1/2030	335000	 335,000 	 -   	335000	329319.14	100	98.30422	-5680.86																																															
233_PUB_HTM	611534	13063CA26	MUNI	IG-2	CALIFORNIA ST		4	9/1/2031	2445000	 2,445,000 	 -   	2454424.37	2450074.35	100.3855	100.20754	-4350.01																																															
233_PUB_HTM	612137	13063CD80	MUNI	IG-2	CALIFORNIA ST		4	9/1/2033	1165000	 1,165,000 	 -   	1169304.79	1166848.62	100.3695	100.15868	-2456.17																																															
233_PUB_HTM	611276	13063CX54	MUNI	IG-2	CALIFORNIA ST		4	9/1/2032	5000000	 5,000,000 	 -   	5018561.58	5008869	100.3712	100.17738	-9692.58																																															
233_PUB_HTM	611997	13063CX62	MUNI	IG-2	CALIFORNIA ST		4	9/1/2033	5000000	 5,000,000 	 -   	5018475.49	5007934	100.3695	100.15868	-10541.49																																															
233_PUB_HTM	611395	13063CX70	MUNI	IG-2	CALIFORNIA ST		4	9/1/2034	5750000	 5,750,000 	 -   	5770411.44	5757970.07	100.355	100.13861	-12441.37																																															
233_PUB_HTM	612627	13063CZ52	MUNI	IG-2	CALIFORNIA ST		4	9/1/2031	500000	 500,000 	 -   	501927.28	501037.7	100.3855	100.20754	-889.58																																															
233_PUB_HTM	612845	13063DAW8	MUNI	IG-2	CALIFORNIA ST		4	11/1/2032	2975000	 2,975,000 	 -   	3034847.9	3019865.08	102.0117	101.50807	-14982.82																																															
233_PUB_HTM	611451	13063DBY3	MUNI	IG-2	CALIFORNIA ST		4	11/1/2031	4195000	 4,195,000 	 -   	4282760.83	4262398.13	102.092	101.60663	-20362.71																																															
233_PUB_HTM	611374	13063DCA4	MUNI	IG-2	CALIFORNIA ST		4	11/1/2032	9725000	 9,725,000 	 -   	9920637.27	9871659.81	102.0117	101.50807	-48977.46																																															
233_PUB_HTM	611598	13063DCC0	MUNI	IG-2	CALIFORNIA ST		4	11/1/2033	8000000	 8,000,000 	 -   	8155557.69	8106634.4	101.9445	101.33293	-48923.29																																															
233_PUB_HTM	611236	13063DCD8	MUNI	IG-2	CALIFORNIA ST		4	11/1/2034	5000000	 5,000,000 	 -   	5095947.19	5057640	101.9189	101.1528	-38307.19																																															
233_PUB_HTM	612242	1322858H3	MUNI	IG-2	CAMBRIDGE MA		2	2/15/2040	580000	 580,000 	 -   	477860.23	436371.7	82.3897	75.2365	-41488.53																																															
233_PUB_HTM	612962	1322858J9	MUNI	IG-2	CAMBRIDGE MA		2	2/15/2041	580000	 580,000 	 -   	468684.01	427996.85	80.8076	73.79256	-40687.16																																															
233_PUB_HTM	611769	134159XJ6	MUNI	IG-2	CAMPBELL CA UNION HIGH SCH DIS		4	8/1/2030	2455000	 2,455,000 	 -   	2482812.34	2479239.93	101.1329	100.98737	-3572.4																																															
233_PUB_HTM	612910	134159XK3	MUNI	IG-2	CAMPBELL CA UNION HIGH SCH DIS		4	8/1/2031	720000	 720,000 	 -   	727790.96	726679.51	101.0821	100.92771	-1111.45																																															
233_PUB_HTM	611898	139015PP0	MUNI	IG-2	CANYON TX INDEP SCH DIST		5	2/15/2028	1000000	 1,000,000 	 -   	1020264.84	1016500.2	102.0265	101.65002	-3764.64																																															
233_PUB_HTM	611492	139015PQ8	MUNI	IG-2	CANYON TX INDEP SCH DIST		5	2/15/2029	1000000	 1,000,000 	 -   	1019839.66	1016179.2	101.984	101.61792	-3660.46																																															
233_PUB_HTM	611446	139342BJ7	MUNI	IG-2	CAPE COD MA REGL TECH HIGH SCH		4	11/15/2031	1250000	 1,250,000 	 -   	1278111.5	1274169.75	102.2489	101.93358	-3941.75																																															
233_PUB_HTM	612590	139342BK4	MUNI	IG-2	CAPE COD MA REGL TECH HIGH SCH		4	11/15/2032	1250000	 1,250,000 	 -   	1277717.55	1272897.38	102.2174	101.83179	-4820.17																																															
233_PUB_HTM	612789	139342BL2	MUNI	IG-2	CAPE COD MA REGL TECH HIGH SCH		4	11/15/2033	1250000	 1,250,000 	 -   	1277373.05	1271530.75	102.1898	101.72246	-5842.3																																															
233_PUB_HTM	612722	139342BM0	MUNI	IG-2	CAPE COD MA REGL TECH HIGH SCH		4	11/15/2034	1250000	 1,250,000 	 -   	1277100.12	1270103.25	102.168	101.60826	-6996.87																																															
233_PUB_HTM	611489	142665EW4	MUNI	IG-2	CARLSBAD CA UNIF SCH DIST		4	5/1/2032	530000	 530,000 	 -   	538138.31	535503.2	101.5355	101.03834	-2635.11																																															
233_PUB_HTM	611609	142665EX2	MUNI	IG-2	CARLSBAD CA UNIF SCH DIST		4	5/1/2033	605000	 605,000 	 -   	614138.58	610830.81	101.5105	100.96377	-3307.77																																															
233_PUB_HTM	611810	142665EY0	MUNI	IG-2	CARLSBAD CA UNIF SCH DIST		4	5/1/2034	525000	 525,000 	 -   	532845.54	529680.69	101.4944	100.89156	-3164.85																																															
233_PUB_HTM	611604	144420DQ6	MUNI	IG-2	CARRBORO NC		3	2/1/2031	250000	 250,000 	 -   	250000	249875.12	100	99.95005	-124.88																																															
233_PUB_HTM	611827	145814RF8	MUNI	IG-2	CARSON CITY NV SCH DIST		5	6/1/2029	920000	 920,000 	 -   	944699.67	940506.43	102.6847	102.22896	-4193.23																																															
233_PUB_HTM	611956	145814RG6	MUNI	IG-2	CARSON CITY NV SCH DIST		5	6/1/2030	960000	 960,000 	 -   	985467.33	981302.4	102.6528	102.219	-4164.93																																															
233_PUB_HTM	611518	145814RJ0	MUNI	IG-2	CARSON CITY NV SCH DIST		4	6/1/2032	1035000	 1,035,000 	 -   	1049461.47	1044252.9	101.3972	100.894	-5208.57																																															
233_PUB_HTM	611258	145814RK7	MUNI	IG-2	CARSON CITY NV SCH DIST		4	6/1/2033	1080000	 1,080,000 	 -   	1094902.92	1088248.07	101.3799	100.76371	-6654.85																																															
233_PUB_HTM	611584	147069DS4	MUNI	IG-2	CASA GRANDE AZ		3	8/1/2030	690000	 690,000 	 -   	690491.63	690007.04	100.0713	100.00102	-484.59																																															
233_PUB_HTM	612587	148685MM9	MUNI	IG-2	CASTRO VLY CA UNIF SCH DIST		5	8/1/2030	175000	 175,000 	 -   	175852.59	175681.87	100.4872	100.38964	-170.72																																															
233_PUB_HTM	612005	148685MN7	MUNI	IG-2	CASTRO VLY CA UNIF SCH DIST		5	8/1/2031	225000	 225,000 	 -   	226072.27	225853.83	100.4766	100.37948	-218.44																																															
233_PUB_HTM	611685	148685PX2	MUNI	IG-2	CASTRO VLY CA UNIF SCH DIST		4	8/1/2038	935000	 935,000 	 -   	991940.49	960209.28	106.0899	102.69618	-31731.21																																															
233_PUB_HTM	612092	150667GR8	MUNI	IG-2	CEDARBURG WI SCH DIST		4	3/1/2033	1010000	 1,010,000 	 -   	1021864.34	1016591.46	101.1747	100.65262	-5272.88																																															
233_PUB_HTM	611296	150667GS6	MUNI	IG-2	CEDARBURG WI SCH DIST		4	3/1/2034	2180000	 2,180,000 	 -   	2205155.39	2191630.08	101.1539	100.53349	-13525.31																																															
233_PUB_HTM	611541	150667GT4	MUNI	IG-2	CEDARBURG WI SCH DIST		4	3/1/2035	1810000	 1,810,000 	 -   	1830640.29	1819633.18	101.1403	100.53222	-11007.11																																															
233_PUB_HTM	612976	152236MC6	MUNI	IG-2	CENTERVILLE OH	1	4.2	12/1/2032	315000	 315,000 	 -   	315000	315122.63	100	100.03893	122.63																																															
233_PUB_HTM	611433	159195ZM1	MUNI	IG-2	CHANNELVIEW TX INDEP SCH DIST		2	8/15/2041	2000000	 2,000,000 	 -   	1607637.85	1455855.6	80.3819	72.79278	-151782.25																																															
233_PUB_HTM	611549	160069XV7	MUNI	IG-2	CHARLESTON CNTY SC		3	11/1/2028	1030000	 1,030,000 	 -   	1030000	1029199.38	100	99.92227	-800.62																																															
233_PUB_HTM	611392	160069XW5	MUNI	IG-2	CHARLESTON CNTY SC		3	11/1/2029	1060000	 1,060,000 	 -   	1060000	1059226.62	100	99.92704	-773.38																																															
233_PUB_HTM	611837	160069ZJ2	MUNI	IG-2	CHARLESTON CNTY SC		3	11/1/2031	1940000	 1,940,000 	 -   	1955911.79	1928203.64	100.8202	99.39194	-27708.15																																															
233_PUB_HTM	611702	164321HJ3	MUNI	IG-2	CHEROKEE CNTY SC SCH DIST #1		4	3/1/2030	1000000	 1,000,000 	 -   	1000000	1001944	100	100.1944	1944																																															
233_PUB_HTM	612122	166042BM2	MUNI	IG-2	CHESTER TWP NJ BRD OF EDU		3	3/1/2031	600000	 600,000 	 -   	600000	600033	100	100.0055	33																																															
233_PUB_HTM	611301	166042BN0	MUNI	IG-2	CHESTER TWP NJ BRD OF EDU		3	3/1/2032	700000	 700,000 	 -   	700000	700008.33	100	100.00119	8.33																																															
233_PUB_HTM	612601	166042BP5	MUNI	IG-2	CHESTER TWP NJ BRD OF EDU		3	3/1/2033	700000	 700,000 	 -   	700000	699979.84	100	99.99712	-20.16																																															
233_PUB_HTM	611397	1685922A0	MUNI	IG-2	CHICOPEE MA		3	8/15/2034	635000	 635,000 	 -   	635161.95	611006.52	100.0255	96.2215	-24155.43																																															
233_PUB_HTM	611988	168592Z97	MUNI	IG-2	CHICOPEE MA		3	8/15/2033	825000	 825,000 	 -   	825403.12	797551.67	100.0489	96.67293	-27851.45																																															
233_PUB_HTM	611787	172217E72	MUNI	IG-2	CINCINNATI OH		4	12/1/2032	1460000	 1,460,000 	 -   	1522029.37	1494504.62	104.2486	102.36333	-27524.75																																															
233_PUB_HTM	611463	172217E98	MUNI	IG-2	CINCINNATI OH		4	12/1/2034	1330000	 1,330,000 	 -   	1385254.51	1354804.77	104.1545	101.86502	-30449.75																																															
233_PUB_HTM	612914	178890LM9	MUNI	IG-2	CLACKAMAS CNTY OR		3	6/1/2030	2000000	 2,000,000 	 -   	2000000	2000046.6	100	100.00233	46.6																																															
233_PUB_HTM	611708	178890LN7	MUNI	IG-2	CLACKAMAS CNTY OR		3	6/1/2031	2000000	 2,000,000 	 -   	2000000	1999984	100	99.9992	-16																																															
233_PUB_HTM	611214	180848XZ1	MUNI	IG-2	CLARK CNTY NV		5	12/1/2033	1000000	 1,000,000 	 -   	1061996.65	1052939.2	106.1997	105.29392	-9057.45																																															
233_PUB_HTM	612210	180848YV9	MUNI	IG-2	CLARK CNTY NV		5	12/1/2032	2000000	 2,000,000 	 -   	2124910.8	2109427	106.2455	105.47135	-15483.8																																															
233_PUB_HTM	611983	180848YW7	MUNI	IG-2	CLARK CNTY NV		5	12/1/2033	2000000	 2,000,000 	 -   	2123993.31	2105878.4	106.1997	105.29392	-18114.91																																															
233_PUB_HTM	612502	181144SD9	MUNI	IG-2	CLARK CNTY WA SCH DIST #37 VAN		5	12/1/2030	1000000	 1,000,000 	 -   	1027179.41	1021990.8	102.7179	102.19908	-5188.61																																															
233_PUB_HTM	611696	181144SE7	MUNI	IG-2	CLARK CNTY WA SCH DIST #37 VAN		5	12/1/2031	1000000	 1,000,000 	 -   	1026830.93	1021294	102.6831	102.1294	-5536.93																																															
233_PUB_HTM	611161	181144SF4	MUNI	IG-2	CLARK CNTY WA SCH DIST #37 VAN		5	12/1/2032	1600000	 1,600,000 	 -   	1642514.49	1632956.64	102.6572	102.05979	-9557.85																																															
233_PUB_HTM	611373	181144SG2	MUNI	IG-2	CLARK CNTY WA SCH DIST #37 VAN		5	12/1/2033	1000000	 1,000,000 	 -   	1026407.22	1019803.3	102.6407	101.98033	-6603.92																																															
233_PUB_HTM	611972	181216FA5	MUNI	IG-2	CLARK & SKAMANIA CNTYS WA SCHD		4	12/1/2029	500000	 500,000 	 -   	504349.33	502990.55	100.8699	100.59811	-1358.78																																															
233_PUB_HTM	611442	181342HJ8	MUNI	IG-2	CLARK CNTY WA SCH DIST #122 RI		4	12/1/2034	2000000	 2,000,000 	 -   	2030847.62	2014883.4	101.5424	100.74417	-15964.22																																															
233_PUB_HTM	611697	182846CE3	MUNI	IG-2	CLATSOP CNTY OR SCH DIST #10 S		5	6/15/2031	1000000	 1,000,000 	 -   	1027962.17	1022210.3	102.7962	102.22103	-5751.87																																															
233_PUB_HTM	611144	184541BF6	MUNI	IG-2	CLEAR CREEK TX INDEP SCH DIST		5	2/15/2030	2000000	 2,000,000 	 -   	2038293.14	2032484	101.9147	101.6242	-5809.14																																															
233_PUB_HTM	611223	184541BG4	MUNI	IG-2	CLEAR CREEK TX INDEP SCH DIST		5	2/15/2031	1000000	 1,000,000 	 -   	1018992.2	1015630.7	101.8992	101.56307	-3361.5																																															
233_PUB_HTM	611953	184541BH2	MUNI	IG-2	CLEAR CREEK TX INDEP SCH DIST		5	2/15/2032	1000000	 1,000,000 	 -   	1018751.6	1015258.2	101.8752	101.52582	-3493.4																																															
233_PUB_HTM	612464	184541BJ8	MUNI	IG-2	CLEAR CREEK TX INDEP SCH DIST		5	2/15/2033	1000000	 1,000,000 	 -   	1018717.8	1014964.1	101.8718	101.49641	-3753.7																																															
AFS	611106	185991932	Misc_Securities	E-9	CLEMCAP		0	12/31/2100	1	 1 	 -   	1	1	100	100	0																																															
233_PUB_HTM	611174	192450XN9	MUNI	IG-2	COHASSET MA	1	3	8/1/2030	405000	 405,000 	 -   	405000	405035.19	100	100.00869	35.19																																															
233_PUB_HTM	612303	192450XQ2	MUNI	IG-2	COHASSET MA	1	3	8/1/2032	285000	 285,000 	 -   	285000	284328.45	100	99.76437	-671.55																																															
233_PUB_HTM	611318	195864VP5	MUNI	IG-2	COLONIAL PA SCH DIST		3	2/15/2040	395000	 395,000 	 -   	392506.31	352042.01	99.3687	89.12456	-40464.3																																															
AFS	611127	20368N103	CRA_INV_FUND	E-7	CRAQLFINV		0	12/31/2100	22077255.25	 22,077,255 	 -   	22077255.25	19910385.43	100	90.18505788	-2166869.82																																															
233_PUB_HTM	611452	206849GJ4	MUNI	IG-2	CONEJO VLY CA UNIF SCH DIST		2.125	8/1/2034	1785000	 1,785,000 	 -   	1651948.2	1576238.36	92.5461	88.30467	-75709.84																																															
233_PUB_HTM	612462	208418R54	MUNI	IG-2	CONROE TX INDEP SCH DIST		3	2/15/2036	1870000	 1,870,000 	 -   	1895696.2	1786361.26	101.3741	95.52734	-109334.94																																															
233_PUB_HTM	612332	213417EN4	MUNI	IG-2	COOK CNTY IL SCH DIST #30		2.25	12/1/2036	785000	 785,000 	 -   	715718.25	647971.81	91.1743	82.54418	-67746.44																																															
233_PUB_HTM	612852	213417EP9	MUNI	IG-2	COOK CNTY IL SCH DIST #30		2.25	12/1/2037	805000	 805,000 	 -   	713159.62	649950.24	88.5913	80.73916	-63209.38																																															
233_PUB_HTM	611651	2174897F4	MUNI	IG-2	COPPELL TX INDEP SCH DIST		5	8/15/2030	500000	 500,000 	 -   	529862.98	524985.2	105.9726	104.99704	-4877.78																																															
233_PUB_HTM	612752	2174897G2	MUNI	IG-2	COPPELL TX INDEP SCH DIST		5	8/15/2031	610000	 610,000 	 -   	645986.78	639419.2	105.8995	104.82282	-6567.58																																															
233_PUB_HTM	611419	2174897H0	MUNI	IG-2	COPPELL TX INDEP SCH DIST		5	8/15/2032	500000	 500,000 	 -   	529275.58	523237.9	105.8551	104.64758	-6037.68																																															
233_PUB_HTM	611940	2174897J6	MUNI	IG-2	COPPELL TX INDEP SCH DIST		4	8/15/2033	500000	 500,000 	 -   	516912.16	509389.4	103.3824	101.87788	-7522.76																																															
233_PUB_HTM	612102	219764QT7	MUNI	IG-2	CORONA-NORCO CA UNIF SCH DIST		4	8/1/2032	270000	 270,000 	 -   	278930.62	276985.66	103.3076	102.58728	-1944.97																																															
233_PUB_HTM	612937	219764QU4	MUNI	IG-2	CORONA-NORCO CA UNIF SCH DIST		4	8/1/2033	375000	 375,000 	 -   	387230.15	383637.49	103.2614	102.30333	-3592.67																																															
233_PUB_HTM	612960	2201476E7	MUNI	IG-2	CORPUS CHRISTI TX INDEP SCH DI		3	8/15/2036	1250000	 1,250,000 	 -   	1257648.5	1184011.88	100.6119	94.72095	-73636.63																																															
233_PUB_HTM	611225	222147KM1	MUNI	IG-2	COUNCIL BLUFFS IA CMNTY SCH DI		3	5/1/2034	2000000	 2,000,000 	 -   	2006756.87	1921888.4	100.3378	96.09442	-84868.47																																															
233_PUB_HTM	611152	226003EP2	MUNI	IG-2	CRESSKILL NJ SCH DIST		2.8	2/1/2029	350000	 350,000 	 -   	350000	348409.6	100	99.5456	-1590.4																																															
233_PUB_HTM	612611	226003EQ0	MUNI	IG-2	CRESSKILL NJ SCH DIST		2.8	2/1/2030	350000	 350,000 	 -   	350000	347518.46	100	99.29099	-2481.54																																															
233_PUB_HTM	612138	226003ER8	MUNI	IG-2	CRESSKILL NJ SCH DIST		2.85	2/1/2031	350000	 350,000 	 -   	350000	344776.25	100	98.5075	-5223.75																																															
233_PUB_HTM	612369	229255GZ1	MUNI	IG-2	CRYSTAL LAKE IL		2.5	12/15/2030	295000	 295,000 	 -   	295000	285135.7	100	96.65617	-9864.3																																															
233_PUB_HTM	612940	229255HA5	MUNI	IG-2	CRYSTAL LAKE IL		2.5	12/15/2031	300000	 300,000 	 -   	300000	286006.41	100	95.33547	-13993.59																																															
233_PUB_HTM	611334	229255HB3	MUNI	IG-2	CRYSTAL LAKE IL		2.625	12/15/2032	310000	 310,000 	 -   	310000	293528.92	100	94.68675	-16471.08																																															
233_PUB_HTM	612015	231237K31	MUNI	IG-2	CUPERTINO CA UNION SCH DIST		3.25	8/1/2032	920000	 920,000 	 -   	921349.39	920254.47	100.1467	100.02766	-1094.92																																															
233_PUB_HTM	612973	231237K49	MUNI	IG-2	CUPERTINO CA UNION SCH DIST		3.25	8/1/2033	1000000	 1,000,000 	 -   	1001395.99	1000136	100.1396	100.0136	-1259.99																																															
233_PUB_HTM	611327	231237K56	MUNI	IG-2	CUPERTINO CA UNION SCH DIST		3.25	8/1/2034	1000000	 1,000,000 	 -   	1001216.11	996119.5	100.1216	99.61195	-5096.61																																															
233_PUB_HTM	611856	23223PFB8	MUNI	IG-2	CUYAHOGA CNTY OH		3	12/1/2034	750000	 750,000 	 -   	751013.34	731550.75	100.1351	97.5401	-19462.59																																															
233_PUB_HTM	611466	23223PFC6	MUNI	IG-2	CUYAHOGA CNTY OH		3	12/1/2035	500000	 500,000 	 -   	498294.7	480516.7	99.6589	96.10334	-17778																																															
233_PUB_HTM	611587	232769EV7	MUNI	IG-2	CYPRESS-FAIRBANKS TX INDEP SCH		4	2/15/2034	1200000	 1,200,000 	 -   	1250132.72	1227265.08	104.1777	102.27209	-22867.64																																															
233_PUB_HTM	611927	234554HH9	MUNI	IG-2	DALLAS CENTER IA GRIMES CMNTY		4	6/1/2034	1600000	 1,600,000 	 -   	1648174.03	1627458.88	103.0109	101.71618	-20715.15																																															
233_PUB_HTM	611479	235866DG2	MUNI	IG-2	DANBURY CT		3	11/1/2035	915000	 915,000 	 -   	916534.22	899345.36	100.1677	98.28911	-17188.87																																															
233_PUB_HTM	612620	235866DH0	MUNI	IG-2	DANBURY CT		3	11/1/2036	2100000	 2,100,000 	 -   	2103401.49	2024391.39	100.162	96.39959	-79010.1																																															
233_PUB_HTM	611649	2364696G2	MUNI	IG-2	DANVERS MA		2	7/1/2033	1435000	 1,435,000 	 -   	1324388.15	1296419.75	92.2919	90.34284	-27968.4																																															
233_PUB_HTM	612754	2364696H0	MUNI	IG-2	DANVERS MA		2	7/1/2034	1460000	 1,460,000 	 -   	1318102.53	1292793.21	90.281	88.54748	-25309.33																																															
233_PUB_HTM	611628	2364696J6	MUNI	IG-2	DANVERS MA		2	7/1/2035	1495000	 1,495,000 	 -   	1320680.87	1296117.91	88.3399	86.69685	-24562.96																																															
233_PUB_HTM	611299	238640CM6	MUNI	IG-2	DAVIDSON NC		2	6/1/2036	850000	 850,000 	 -   	741393.5	720410.78	87.2228	84.75421	-20982.72																																															
233_PUB_HTM	611982	238640CN4	MUNI	IG-2	DAVIDSON NC		2	6/1/2037	745000	 745,000 	 -   	641712.75	616427.3	86.1359	82.74192	-25285.44																																															
233_PUB_HTM	611544	238640CP9	MUNI	IG-2	DAVIDSON NC		2	6/1/2038	845000	 845,000 	 -   	718090.61	683247.99	84.9811	80.85775	-34842.62																																															
233_PUB_HTM	611800	238640CQ7	MUNI	IG-2	DAVIDSON NC		2	6/1/2039	845000	 845,000 	 -   	708509.15	667457.73	83.8472	78.98908	-41051.42																																															
233_PUB_HTM	611981	238640CR5	MUNI	IG-2	DAVIDSON NC		2	6/1/2040	845000	 845,000 	 -   	697089.79	651913.87	82.4958	77.14957	-45175.92																																															
233_PUB_HTM	611496	239019N32	MUNI	IG-2	DAVIS CNTY UT SCH DIST		4	6/1/2031	2000000	 2,000,000 	 -   	2000000	2001432.4	100	100.07162	1432.4																																															
233_PUB_HTM	612046	240451YK4	MUNI	IG-2	DE KALB CNTY GA		4	12/1/2029	1000000	 1,000,000 	 -   	1008947.14	1005095	100.8947	100.5095	-3852.14																																															
233_PUB_HTM	612574	240451YL2	MUNI	IG-2	DE KALB CNTY GA		4	12/1/2030	1000000	 1,000,000 	 -   	1008634.35	1004339.2	100.8634	100.43392	-4295.15																																															
233_PUB_HTM	611766	243109GY5	MUNI	IG-2	DECATUR GA		3	8/1/2033	3215000	 3,215,000 	 -   	3215000	3186426.69	100	99.11125	-28573.31																																															
233_PUB_HTM	611315	243667XA5	MUNI	IG-2	DEDHAM MA		3.375	11/15/2027	350000	 350,000 	 -   	350000	350174.89	100	100.04997	174.89																																															
233_PUB_HTM	611889	244127L79	MUNI	IG-2	DEER PARK TX INDEP SCH DIST		5	8/15/2030	500000	 500,000 	 -   	502801.04	502186.8	100.5602	100.43736	-614.24																																															
233_PUB_HTM	611294	244127L87	MUNI	IG-2	DEER PARK TX INDEP SCH DIST		5	8/15/2031	500000	 500,000 	 -   	502800.57	502030.65	100.5601	100.40613	-769.92																																															
233_PUB_HTM	612219	244487BX1	MUNI	IG-2	DEERFIELD MA		4	12/15/2030	245000	 245,000 	 -   	245000	245028.69	100	100.01171	28.69																																															
233_PUB_HTM	612415	244487BY9	MUNI	IG-2	DEERFIELD MA		4	12/15/2031	245000	 245,000 	 -   	245000	245029.87	100	100.01219	29.87																																															
233_PUB_HTM	612200	244487BZ6	MUNI	IG-2	DEERFIELD MA		4	12/15/2032	245000	 245,000 	 -   	245000	245027.22	100	100.01111	27.22																																															
233_PUB_HTM	612454	248866X59	MUNI	IG-2	DENTON TX		3	2/15/2030	850000	 850,000 	 -   	854153.99	850403.58	100.4887	100.04748	-3750.41																																															
233_PUB_HTM	611303	248866X67	MUNI	IG-2	DENTON TX		3	2/15/2031	860000	 860,000 	 -   	863219.1	859018.05	100.3743	99.88582	-4201.05																																															
233_PUB_HTM	612948	248866X91	MUNI	IG-2	DENTON TX		3.25	2/15/2034	1015000	 1,015,000 	 -   	1019982.98	1011135.39	100.4909	99.61925	-8847.6																																															
233_PUB_HTM	612945	249174VK6	MUNI	IG-2	DENVER CITY & CNTY CO SCH DIST		5	12/1/2031	2000000	 2,000,000 	 -   	2027325.43	2023737	101.3663	101.18685	-3588.43																																															
233_PUB_HTM	611471	249174VL4	MUNI	IG-2	DENVER CITY & CNTY CO SCH DIST		5	12/1/2032	2000000	 2,000,000 	 -   	2027076.62	2023038	101.3538	101.1519	-4038.62																																															
233_PUB_HTM	612844	249739TN3	MUNI	IG-2	DERBY CT		3.375	9/1/2031	430000	 430,000 	 -   	430000	430084.24	100	100.01959	84.24																																															
233_PUB_HTM	612614	249739TP8	MUNI	IG-2	DERBY CT		3.5	9/1/2032	425000	 425,000 	 -   	425000	425080.37	100	100.01891	80.37																																															
233_PUB_HTM	612364	250353BL2	MUNI	IG-2	DESCHUTES OR PUBLIC LIBRARY DI	1	3	12/1/2041	5000000	 5,000,000 	 -   	4911105.42	4408704.5	98.2221	88.17409	-502400.92																																															
233_PUB_HTM	611959	254278KP8	MUNI	IG-2	DILWORTH-GLYNDON-FELTON MN IND		3	2/1/2036	500000	 500,000 	 -   	500000	476759.4	100	95.35188	-23240.6																																															
233_PUB_HTM	611387	254278KQ6	MUNI	IG-2	DILWORTH-GLYNDON-FELTON MN IND		3	2/1/2037	500000	 500,000 	 -   	500000	469852.35	100	93.97047	-30147.65																																															
233_PUB_HTM	611181	25476FRP5	MUNI	IG-2	DIST OF COLUMBIA	1	5	6/1/2032	500000	 500,000 	 -   	500000	500000	100	100	0																																															
233_PUB_HTM	612054	25476FRS9	MUNI	IG-2	DIST OF COLUMBIA		4	6/1/2035	500000	 500,000 	 -   	500000	500000	100	100	0																																															
233_PUB_HTM	612126	258885P48	MUNI	IG-2	DOUGLAS CNTY CO SCH DIST #RE-1		4	12/15/2034	1000000	 1,000,000 	 -   	1037205.29	1018819.7	103.7205	101.88197	-18385.59																																															
233_PUB_HTM	612749	259291NE8	MUNI	IG-2	DOUGLAS CNTY NE SCH DIST #1		5	12/15/2029	2000000	 2,000,000 	 -   	2031015.14	2023373	101.5508	101.16865	-7642.14																																															
233_PUB_HTM	612040	259309M74	MUNI	IG-2	DOUGLAS CNTY NE SCH DIST #10		4	12/15/2033	375000	 375,000 	 -   	393618.98	383979.9	104.9651	102.39464	-9639.08																																															
233_PUB_HTM	612497	259327T79	MUNI	IG-2	DOUGLAS CNTY NE SCH DIST #17		2	12/15/2038	3170000	 3,170,000 	 -   	2664236.72	2438519.01	84.0453	76.92489	-225717.7																																															
233_PUB_HTM	611899	260183D21	MUNI	IG-2	DOVER NH		3	6/15/2034	2000000	 2,000,000 	 -   	2000096.14	1945322.8	100.0048	97.26614	-54773.34																																															
233_PUB_HTM	611887	260741QP1	MUNI	IG-2	DOWNERS GROVE IL		3.5	1/1/2032	1115000	 1,115,000 	 -   	1115000	1115032.89	100	100.00295	32.89																																															
233_PUB_HTM	611924	261005PA4	MUNI	IG-2	DOWNEY CA UNIF SCH DIST		4	8/1/2034	1055000	 1,055,000 	 -   	1087918.9	1076398.78	103.1203	102.02832	-11520.13																																															
233_PUB_HTM	611790	261005PC0	MUNI	IG-2	DOWNEY CA UNIF SCH DIST		4	8/1/2036	2065000	 2,065,000 	 -   	2125633.27	2095059.79	102.9362	101.45568	-30573.47																																															
233_PUB_HTM	611344	261399XY0	MUNI	IG-2	DRACUT MA		2	10/15/2034	450000	 450,000 	 -   	400822.15	388778.67	89.0716	86.39526	-12043.48																																															
233_PUB_HTM	611878	261399XZ7	MUNI	IG-2	DRACUT MA		2	10/15/2035	430000	 430,000 	 -   	376027.68	363681.87	87.4483	84.57718	-12345.8																																															
233_PUB_HTM	611348	261399YA1	MUNI	IG-2	DRACUT MA		2	10/15/2036	425000	 425,000 	 -   	366764.84	350572.22	86.2976	82.48758	-16192.62																																															
233_PUB_HTM	611513	261399YB9	MUNI	IG-2	DRACUT MA		2	10/15/2037	415000	 415,000 	 -   	353362.88	333901.07	85.1477	80.45809	-19461.81																																															
233_PUB_HTM	611302	261399YC7	MUNI	IG-2	DRACUT MA		2	10/15/2038	415000	 415,000 	 -   	347085.58	325877.42	83.6351	78.52468	-21208.16																																															
233_PUB_HTM	611324	261399YD5	MUNI	IG-2	DRACUT MA		2	10/15/2039	415000	 415,000 	 -   	342243.14	317526.58	82.4682	76.51243	-24716.56																																															
233_PUB_HTM	611394	261399YE3	MUNI	IG-2	DRACUT MA		2	10/15/2040	415000	 415,000 	 -   	337521.69	309566.88	81.3305	74.59443	-27954.8																																															
233_PUB_HTM	612501	262061QK3	MUNI	IG-2	DRIPPING SPRINGS TX INDEP SCHD		4	2/15/2034	1500000	 1,500,000 	 -   	1540576.15	1522045.05	102.7051	101.46967	-18531.1																																															
233_PUB_HTM	612861	262548GA2	MUNI	IG-2	DU PAGE & COOK CNTYS IL TWP HI		3	1/15/2031	675000	 675,000 	 -   	678882.83	677948.67	100.5752	100.43684	-934.16																																															
233_PUB_HTM	612583	262548GB0	MUNI	IG-2	DU PAGE & COOK CNTYS IL TWP HI		3	1/15/2032	695000	 695,000 	 -   	698714.91	696933.7	100.5345	100.27823	-1781.22																																															
233_PUB_HTM	611155	262548GC8	MUNI	IG-2	DU PAGE & COOK CNTYS IL TWP HI		3	1/15/2033	715000	 715,000 	 -   	718548.66	712976.34	100.4963	99.71697	-5572.32																																															
233_PUB_HTM	611545	262548GD6	MUNI	IG-2	DU PAGE & COOK CNTYS IL TWP HI		3	1/15/2034	740000	 740,000 	 -   	743451.52	728828.07	100.4664	98.49028	-14623.45																																															
233_PUB_HTM	612699	262741FL0	MUNI	IG-2	DU PAGE CNTY IL SCH DIST #10		3	1/1/2039	1170000	 1,170,000 	 -   	1173975.77	1069556.79	100.3398	91.41511	-104418.98																																															
233_PUB_HTM	612842	262741FM8	MUNI	IG-2	DU PAGE CNTY IL SCH DIST #10		3	1/1/2040	1200000	 1,200,000 	 -   	1203239.26	1066328.4	100.2699	88.8607	-136910.86																																															
233_PUB_HTM	612153	262741FN6	MUNI	IG-2	DU PAGE CNTY IL SCH DIST #10		3	1/1/2041	1240000	 1,240,000 	 -   	1242573.35	1083093.62	100.2075	87.34626	-159479.73																																															
233_PUB_HTM	612492	26362VMG0	MUNI	IG-2	DUBLIN CA UNIF SCH DIST		5	8/1/2034	2440000	 2,440,000 	 -   	2520201.88	2502683.11	103.287	102.56898	-17518.76																																															
233_PUB_HTM	611406	26362VMH8	MUNI	IG-2	DUBLIN CA UNIF SCH DIST		3	8/1/2035	2560000	 2,560,000 	 -   	2570393.82	2490628.86	100.406	97.29019	-79764.95																																															
233_PUB_HTM	611577	26371GTV2	MUNI	IG-2	DUBLIN OH CITY SCH DIST		4	12/1/2035	975000	 975,000 	 -   	1014266.33	993170.59	104.0273	101.86365	-21095.74																																															
233_PUB_HTM	611918	266765KG0	MUNI	IG-2	DURHAM NH		2.35	8/15/2027	185000	 185,000 	 -   	185000	184185.87	100	99.55993	-814.13																																															
233_PUB_HTM	611221	266765KH8	MUNI	IG-2	DURHAM NH		2.4	8/15/2028	130000	 130,000 	 -   	130000	128845.44	100	99.11188	-1154.56																																															
233_PUB_HTM	612974	266765KJ4	MUNI	IG-2	DURHAM NH		2.5	8/15/2029	130000	 130,000 	 -   	130000	129176.88	100	99.36683	-823.12																																															
233_PUB_HTM	612059	266765KK1	MUNI	IG-2	DURHAM NH		2.6	8/15/2030	130000	 130,000 	 -   	130000	127234.47	100	97.87267	-2765.53																																															
233_PUB_HTM	611192	266765KL9	MUNI	IG-2	DURHAM NH		2.7	8/15/2031	130000	 130,000 	 -   	130000	126969.26	100	97.66866	-3030.74																																															
233_PUB_HTM	611533	266765KM7	MUNI	IG-2	DURHAM NH		2.75	8/15/2032	130000	 130,000 	 -   	130000	125492.81	100	96.53293	-4507.19																																															
233_PUB_HTM	611964	266765LC8	MUNI	IG-2	DURHAM NH		4	9/1/2028	175000	 175,000 	 -   	175000	175145.18	100	100.08296	145.18																																															
233_PUB_HTM	612076	266765LD6	MUNI	IG-2	DURHAM NH		4	9/1/2029	185000	 185,000 	 -   	185000	185135.12	100	100.07304	135.12																																															
233_PUB_HTM	612542	266765LE4	MUNI	IG-2	DURHAM NH		4	9/1/2030	190000	 190,000 	 -   	190000	190035.99	100	100.01894	35.99																																															
233_PUB_HTM	612428	266765LF1	MUNI	IG-2	DURHAM NH		4	9/1/2031	200000	 200,000 	 -   	200000	200037.66	100	100.01883	37.66																																															
233_PUB_HTM	612572	271227MV9	MUNI	IG-2	EAST BRIDGEWATER MA		4	9/15/2028	185000	 185,000 	 -   	185000	185020.59	100	100.01113	20.59																																															
233_PUB_HTM	611220	271227MW7	MUNI	IG-2	EAST BRIDGEWATER MA		4	9/15/2029	260000	 260,000 	 -   	260000	260021.66	100	100.00833	21.66																																															
233_PUB_HTM	612805	271227MY3	MUNI	IG-2	EAST BRIDGEWATER MA	1	4	9/15/2031	555000	 555,000 	 -   	555000	555038.02	100	100.00685	38.02																																															
233_PUB_HTM	612014	272407JH1	MUNI	IG-2	EAST GRANBY CT		2.7	4/1/2027	250000	 250,000 	 -   	250000	249629.6	100	99.85184	-370.4																																															
233_PUB_HTM	611273	272623JP5	MUNI	IG-2	EAST HADDAM CT	1	3	12/1/2037	295000	 295,000 	 -   	296843.65	278983	100.625	94.57051	-17860.65																																															
233_PUB_HTM	611432	272623JQ3	MUNI	IG-2	EAST HADDAM CT	1	3	12/1/2040	250000	 250,000 	 -   	250425.29	223380.62	100.1701	89.35225	-27044.66																																															
233_PUB_HTM	611992	272659NY5	MUNI	IG-2	EAST HAMPTON CT		4	8/15/2029	160000	 160,000 	 -   	160000	160016.62	100	100.01039	16.62																																															
233_PUB_HTM	611601	272659NZ2	MUNI	IG-2	EAST HAMPTON CT		4	8/15/2030	160000	 160,000 	 -   	160000	160009.9	100	100.00619	9.9																																															
233_PUB_HTM	612486	272659PA5	MUNI	IG-2	EAST HAMPTON CT		4	8/15/2031	160000	 160,000 	 -   	160000	160003.66	100	100.00229	3.66																																															
233_PUB_HTM	611849	272659PB3	MUNI	IG-2	EAST HAMPTON CT		4	8/15/2032	160000	 160,000 	 -   	160000	160002.67	100	100.00167	2.67																																															
233_PUB_HTM	611158	272659PC1	MUNI	IG-2	EAST HAMPTON CT		4	8/15/2033	160000	 160,000 	 -   	160000	160002.13	100	100.00133	2.13																																															
233_PUB_HTM	612342	272659PU1	MUNI	IG-2	EAST HAMPTON CT		3	7/15/2030	895000	 895,000 	 -   	895000	895115.54	100	100.01291	115.54																																															
233_PUB_HTM	612951	272659PV9	MUNI	IG-2	EAST HAMPTON CT		3	7/15/2031	1065000	 1,065,000 	 -   	1065000	1065019.92	100	100.00187	19.92																																															
233_PUB_HTM	612563	272659PW7	MUNI	IG-2	EAST HAMPTON CT		3	7/15/2032	745000	 745,000 	 -   	745000	742568.92	100	99.67368	-2431.08																																															
233_PUB_HTM	612439	277317NN9	MUNI	IG-2	EASTHAMPTON MA		3	6/1/2034	2300000	 2,300,000 	 -   	2305090.3	2271594.54	100.2213	98.76498	-33495.76																																															
233_PUB_HTM	611176	277317NP4	MUNI	IG-2	EASTHAMPTON MA		3	6/1/2035	2300000	 2,300,000 	 -   	2302533.75	2254557.75	100.1102	98.02425	-47976																																															
233_PUB_HTM	612074	2784436G6	MUNI	IG-2	EAU CLAIRE WI		2.375	4/1/2029	335000	 335,000 	 -   	334342.27	325830.35	99.8037	97.26279	-8511.92																																															
233_PUB_HTM	611750	2784436H4	MUNI	IG-2	EAU CLAIRE WI		2.5	4/1/2030	345000	 345,000 	 -   	345000	334240.59	100	96.88133	-10759.41																																															
233_PUB_HTM	611389	2784436J0	MUNI	IG-2	EAU CLAIRE WI		2.5	4/1/2031	360000	 360,000 	 -   	358375.46	345338.42	99.5487	95.92734	-13037.03																																															
233_PUB_HTM	611980	2784436K7	MUNI	IG-2	EAU CLAIRE WI		2.625	4/1/2032	370000	 370,000 	 -   	368075.35	354120.71	99.4798	95.7083	-13954.64																																															
233_PUB_HTM	611690	280659UQ4	MUNI	IG-2	EDINA MN INDEP SCH DIST #273		3	2/1/2033	2735000	 2,735,000 	 -   	2743985.23	2719708.89	100.3285	99.44091	-24276.34																																															
233_PUB_HTM	611283	280659UR2	MUNI	IG-2	EDINA MN INDEP SCH DIST #273		3	2/1/2034	2265000	 2,265,000 	 -   	2271419.65	2235248.32	100.2834	98.68646	-36171.33																																															
233_PUB_HTM	612004	283461G21	MUNI	IG-2	EL PASO CNTY CO SCH DIST #20		4	12/15/2032	2100000	 2,100,000 	 -   	2118080.8	2110431.12	100.861	100.49672	-7649.68																																															
233_PUB_HTM	612083	283770JU0	MUNI	IG-2	EL PASO TX INDEP SCH DIST		4	8/15/2030	510000	 510,000 	 -   	511798.72	511261.28	100.3527	100.24731	-537.44																																															
233_PUB_HTM	612341	283770JV8	MUNI	IG-2	EL PASO TX INDEP SCH DIST		4	8/15/2031	650000	 650,000 	 -   	652204.96	651607.52	100.3392	100.24731	-597.45																																															
233_PUB_HTM	612245	283770JX4	MUNI	IG-2	EL PASO TX INDEP SCH DIST		4	8/15/2033	1000000	 1,000,000 	 -   	1003223.58	1002473.1	100.3224	100.24731	-750.48																																															
233_PUB_HTM	612584	283770JY2	MUNI	IG-2	EL PASO TX INDEP SCH DIST		4	8/15/2034	1840000	 1,840,000 	 -   	1845715.06	1844550.5	100.3106	100.24731	-1164.56																																															
233_PUB_HTM	612249	286875EF2	MUNI	IG-2	ELIZABETHTOWN KY		2.5	7/1/2028	360000	 360,000 	 -   	360000	358486.7	100	99.57964	-1513.3																																															
233_PUB_HTM	612337	286875EG0	MUNI	IG-2	ELIZABETHTOWN KY		2.5	7/1/2029	370000	 370,000 	 -   	370000	365621.01	100	98.81649	-4378.99																																															
233_PUB_HTM	612838	286875EH8	MUNI	IG-2	ELIZABETHTOWN KY		2.5	7/1/2030	380000	 380,000 	 -   	380000	374469.56	100	98.54462	-5530.44																																															
233_PUB_HTM	611371	286875EJ4	MUNI	IG-2	ELIZABETHTOWN KY		2.5	7/1/2031	390000	 390,000 	 -   	390000	381583.92	100	97.84203	-8416.08																																															
233_PUB_HTM	612736	286875EK1	MUNI	IG-2	ELIZABETHTOWN KY		2.5	7/1/2032	400000	 400,000 	 -   	400000	385062.6	100	96.26565	-14937.4																																															
233_PUB_HTM	612010	287281VZ9	MUNI	IG-2	ELK GROVE CA UNIF SCH DIST		3	8/1/2033	1995000	 1,995,000 	 -   	1996147	1977902.25	100.0575	99.14297	-18244.75																																															
233_PUB_HTM	611365	287281WA3	MUNI	IG-2	ELK GROVE CA UNIF SCH DIST		3.25	8/1/2034	2215000	 2,215,000 	 -   	2216760.57	2206404.69	100.0795	99.61195	-10355.87																																															
233_PUB_HTM	611867	287425P63	MUNI	IG-2	ELK RIVER MN INDEP SCH DIST #7		2	2/1/2038	1080000	 1,080,000 	 -   	910472.55	863039.34	84.303	79.91105	-47433.21																																															
233_PUB_HTM	611736	289425UX6	MUNI	IG-2	ELMHURST IL		3	3/1/2030	1000000	 1,000,000 	 -   	1000000	999971.7	100	99.99717	-28.3																																															
233_PUB_HTM	612495	289425UY4	MUNI	IG-2	ELMHURST IL		3	3/1/2031	1770000	 1,770,000 	 -   	1770000	1761336.38	100	99.51053	-8663.62																																															
233_PUB_HTM	611494	289425UZ1	MUNI	IG-2	ELMHURST IL		3	3/1/2032	1230000	 1,230,000 	 -   	1230000	1217553.75	100	98.98811	-12446.25																																															
233_PUB_HTM	612141	290047ET2	MUNI	IG-2	ELMWOOD PARK IL		2.75	12/1/2031	930000	 930,000 	 -   	926951.25	900410.75	99.6722	96.81836	-26540.5																																															
233_PUB_HTM	612224	290047EU9	MUNI	IG-2	ELMWOOD PARK IL		3	12/1/2032	955000	 955,000 	 -   	955000	932540.98	100	97.64827	-22459.02																																															
233_PUB_HTM	611892	300569HP8	MUNI	IG-2	EWING TWP NJ SCH DIST		4	7/15/2033	2000000	 2,000,000 	 -   	2060985.02	2030830	103.0493	101.5415	-30155.02																																															
233_PUB_HTM	612410	303171DE9	MUNI	IG-2	FAIR HAVEN BORO NJ SCH DIST		3	6/1/2029	405000	 405,000 	 -   	405000	405007.25	100	100.00179	7.25																																															
233_PUB_HTM	611629	303171DF6	MUNI	IG-2	FAIR HAVEN BORO NJ SCH DIST		3	6/1/2030	400000	 400,000 	 -   	400000	400006.16	100	100.00154	6.16																																															
233_PUB_HTM	611698	3042437G7	MUNI	IG-2	FAIRFIELD CT		2	7/1/2035	1405000	 1,405,000 	 -   	1249110.38	1191668.59	88.9047	84.81627	-57441.79																																															
233_PUB_HTM	612809	3042437H5	MUNI	IG-2	FAIRFIELD CT		2	7/1/2036	1420000	 1,420,000 	 -   	1238669.38	1174407.73	87.2302	82.70477	-64261.65																																															
233_PUB_HTM	611382	3042437J1	MUNI	IG-2	FAIRFIELD CT		2	7/1/2037	1420000	 1,420,000 	 -   	1220533.99	1144820.33	85.9531	80.62115	-75713.66																																															
233_PUB_HTM	611824	304279TQ5	MUNI	IG-2	FAIRFIELD CNTY OH		4	12/1/2026	500000	 500,000 	 -   	500000	500423.7	100	100.08474	423.7																																															
233_PUB_HTM	611871	304747GZ5	MUNI	IG-2	FAIRFIELD-SUISUN CA UNIF SCH D		4	8/1/2035	3590000	 3,590,000 	 -   	3600202.48	3598572.2	100.2842	100.23878	-1630.27																																															
233_PUB_HTM	611530	304747JJ8	MUNI	IG-2	FAIRFIELD-SUISUN CA UNIF SCH D		2.125	8/1/2038	1410000	 1,410,000 	 -   	1217825.56	1132690.79	86.3706	80.33268	-85134.77																																															
233_PUB_HTM	611593	306567SP4	MUNI	IG-2	FALLS CHURCH VA		3	7/15/2036	3885000	 3,885,000 	 -   	3887612.03	3718852.15	100.0672	95.72335	-168759.88																																															
233_PUB_HTM	611589	306783MG3	MUNI	IG-2	FALMOUTH ME		4	11/15/2030	850000	 850,000 	 -   	871070.04	866218.85	102.4788	101.9081	-4851.19																																															
233_PUB_HTM	611485	306783MH1	MUNI	IG-2	FALMOUTH ME		3	11/15/2031	775000	 775,000 	 -   	778025.49	775813.36	100.3904	100.10495	-2212.13																																															
233_PUB_HTM	612416	311001FV8	MUNI	IG-2	FARMERSVILLE TX	1	3.75	2/15/2031	265000	 265,000 	 -   	265000	265037.97	100	100.01433	37.97																																															
233_PUB_HTM	612739	311117HG3	MUNI	IG-2	FARMINGDALE NY UNION FREE SCHD		2	9/15/2037	970000	 970,000 	 -   	831903.42	769148.5	85.7632	79.29366	-62754.92																																															
233_PUB_HTM	611405	311117HH1	MUNI	IG-2	FARMINGDALE NY UNION FREE SCHD		2	9/15/2038	2000000	 2,000,000 	 -   	1689970.65	1546286.2	84.4985	77.31431	-143684.45																																															
233_PUB_HTM	612066	311117HJ7	MUNI	IG-2	FARMINGDALE NY UNION FREE SCHD		2	9/15/2039	2030000	 2,030,000 	 -   	1694682.48	1534439.44	83.4819	75.58815	-160243.04																																															
AFS	614792	31287TTT2	Agency MBS 30yr	G-2-Q	FREDDIE MAC	0.00829986	6.5	6/1/2032	2212800	 18,366 	 3,905.69 	19387.54	19105.18	105.5625	104.0250921	-282.36																																															
AFS	612885	31288ED61	Agency MBS 30yr	G-2-Q	FREDDIE MAC	0.0155588	5.5	11/1/2032	3203315	 49,840 	 7,176.04 	52492.43	50144.95	105.3224	100.6123921	-2347.48																																															
AFS	613772	31288Q6G0	Agency MBS ARM	G-2-Q	FREDDIE MAC	0.6209851	4.289	7/1/2054	26433638	 16,414,895 	 4,512,352.00 	16367162.01	16308017.61	99.7092	99.3488979	-59144.41																																															
AFS	613617	31288QWN6	Agency MBS ARM	G-2-Q	FREDDIE MAC	0.69805271	4.364	2/1/2053	28850491	 20,139,163 	 3,064,863.01 	19790132.47	20046303.01	98.2669	99.5389063	256170.54																																															
AFS	613745	31288QXK1	Agency MBS ARM	G-2-Q	FREDDIE MAC	0.77407635	4.47	2/1/2053	50000000	 38,703,818 	 5,397,234.45 	37900280.76	38429333.78	97.9239	99.2908097	529053.02																																															
AFS	614593	31288QXL9	Agency MBS ARM	G-2-Q	FREDDIE MAC	0.70474256	4.565	2/1/2053	14246371	 10,040,024 	 1,854,332.86 	9888689.72	10008257.19	98.4927	99.6835986	119567.47																																															
AFS	614741	31288RE95	Agency MBS ARM	G-2-Q	FREDDIE MAC	0.88627133	5.183	5/1/2055	70000000	 62,038,993 	 7,168,364.03 	61820227.13	62345707.12	99.6474	100.4943891	525479.99																																															
AFS	613484	3128HDN21	Agency MBS ARM	G-2-Q	FREDDIE MAC	0.00004928	5.89	7/1/2028	2310000	 114 	 402.24 	113.84	113.36	100	99.578967	-0.48																																															
AFS	614033	3128HDW88	Agency MBS ARM	G-2-Q	FREDDIE MAC	0.00028331	6.25	1/1/2032	10004677	 2,834 	 390.30 	2839.68	2878.58	100.1853	101.5578028	38.9																																															
AFS	614637	3128JMXY8	Agency MBS ARM	G-2-Q	FREDDIE MAC	0.00151795	6.5	10/1/2034	15092002	 22,909 	 2,846.63 	23237.13	23459.68	101.4327	102.4041841	222.54																																															
AFS	612640	3128JNJ22	Agency MBS ARM	G-2-Q	FREDDIE MAC	0.00457345	6.524	9/1/2036	24593053	 112,475 	 224,809.98 	120908.34	115591.54	107.4979	102.7707822	-5316.8																																															
AFS	614354	3128JPAB6	Agency MBS ARM	G-2-Q	FREDDIE MAC	0.00270055	5.875	1/1/2038	42322221	 114,293 	 5,928.97 	117980.1	117047.95	103.2258	102.4101802	-932.15																																															
AFS	613863	3128JR3S3	Agency MBS ARM	G-2-Q	FREDDIE MAC	0.00363888	5.939	1/1/2037	23348935	 84,964 	 9,263.46 	87896.6	86926.04	103.4516	102.3092955	-970.56																																															
AFS	614456	3128JRRJ7	Agency MBS ARM	G-2-Q	FREDDIE MAC	0.02040557	6.162	1/1/2037	9515201	 194,163 	 11,053.84 	199784.92	199518.86	102.8954	102.7583806	-266.06																																															
AFS	612524	3128JRXD3	Agency MBS ARM	G-2-Q	FREDDIE MAC	0.0067318	6.371	2/1/2038	20000000	 134,636 	 7,032.27 	138855.53	138777.03	103.134	103.0757212	-78.5																																															
AFS	612764	3128KRY32	Agency MBS 30yr	G-2-Q	FREDDIE MAC	0.0313036	6	1/1/2037	3444017	 107,810 	 37,528.52 	115473.05	110271.98	107.1078	102.2835061	-5201.07																																															
AFS	612670	3128KWVU4	Agency MBS 30yr	G-2-Q	FREDDIE MAC	0.01305907	5.5	8/1/2037	1828883	 23,884 	 1,445.04 	25745.94	24351.99	107.798	101.9615359	-1393.95																																															
AFS	612999	3128L7EG8	Agency MBS 30yr	G-2-Q	FREDDIE MAC	0.04376049	5	2/1/2038	3228512	 141,281 	 11,056.46 	150727.25	142270.56	106.6859	100.7002305	-8456.68																																															
AFS	614078	3128LCJU1	Agency MBS 30yr	G-2-Q	FREDDIE MAC	0.22920321	5.5	11/1/2037	1203300	 275,800 	 21,910.22 	296404.36	283094.65	107.4707	102.6448245	-13309.71																																															
AFS	613357	3128LLCD6	Agency MBS ARM	G-2-Q	FREDDIE MAC	0.0118536	6.14	12/1/2041	40309953	 477,818 	 22,357.07 	492891.06	497247.69	103.1545	104.0663238	4356.63																																															
AFS	612158	3128LLK21	Agency MBS ARM	G-2-Q	FREDDIE MAC	0.01070246	6.14	3/1/2042	40040026	 428,527 	 130,691.27 	439528.61	442823.95	102.5674	103.3363552	3295.34																																															
AFS	614400	3128LLLF1	Agency MBS ARM	G-2-Q	FREDDIE MAC	0.01897896	5.962	3/1/2042	49913925	 947,314 	 30,753.53 	974002.12	982817.3	102.8172	103.7477431	8815.18																																															
AFS	614624	3128LUL46	Agency MBS ARM	G-2-Q	FREDDIE MAC	0.00792045	5.75	3/1/2037	25166459	 199,330 	 11,280.16 	204932.86	203403.03	102.811	102.0435218	-1529.83																																															
AFS	613349	3128LUUV6	Agency MBS ARM	G-2-Q	FREDDIE MAC	0.00473201	6.835	9/1/2037	50007981	 236,638 	 12,364.65 	244253.21	245407.48	103.218	103.7057475	1154.28																																															
AFS	612760	3128LUXG6	Agency MBS ARM	G-2-Q	FREDDIE MAC	0.00507864	6.5	10/1/2037	50093496	 254,407 	 13,374.63 	263017.14	260996.7	103.3845	102.5902875	-2020.44																																															
AFS	613195	3128M83G7	Agency MBS 30yr	G-2-Q	FREDDIE MAC	0.05870229	3.5	11/1/2041	10021619	 588,292 	 61,075.08 	591529.44	554505.29	100.5503	94.2568153	-37024.15																																															
AFS	613708	3128M9SX1	Agency MBS 30yr	G-2-Q	FREDDIE MAC	0.14006641	3.5	7/1/2043	28753228	 4,027,361 	 469,244.80 	4040990.51	3773136	100.3384	93.6875438	-267854.52																																															
AFS	613289	3128MD3G6	Agency MBS 15yr	G-2-Q	FREDDIE MAC	0.0357372	2.5	9/1/2028	307004965	 10,971,498 	 7,490,249.36 	10988023.53	10804006.6	100.1506	98.4733968	-184016.93																																															
AFS	613820	3128MD3H4	Agency MBS 15yr	G-2-Q	FREDDIE MAC	0.03128141	2.5	7/1/2028	 184,796,697.00 	 5,780,701 	 4,703,973.31 	5790869.55	5697980.09	100.1759	98.5690117	 (92,889.47)																																															
AFS	614803	3128MD4E0	Agency MBS 15yr	G-2-Q	FREDDIE MAC	0.03343314	2.5	7/1/2029	532771	 17,812 	 13,142.31 	17827.66	17546.79	100.0868	98.5098921	 (280.88)																																															
AFS	614061	3128MD5V1	Agency MBS 15yr	G-2-Q	FREDDIE MAC	0.04194097	2.5	8/1/2029	14000000	 587,174 	 368,944.49 	587597.33	573690.92	100.0722	97.7038027	-13906.42																																															
AFS	613947	3128MDKT9	Agency MBS 15yr	G-2-Q	FREDDIE MAC	0.01569267	2.5	11/1/2027	93230000	 1,463,028 	 1,542,261.72 	1460410.78	1447282.16	99.8211	98.923775	-13128.62																																															
PUB_HTM	613895	3128MDQZ9	Agency MBS 15yr	G-2-Q	FREDDIE MAC	0.0090132	3	4/1/2028	75675000	 682,074 	 1,067,485.74 	683069.53	677913.14	100.146	99.3899824	-5156.39																																															
AFS	613943	3128MDTZ6	Agency MBS 15yr	G-2-Q	FREDDIE MAC	0.03040667	2.5	6/1/2028	193221104	 5,875,210 	 4,675,192.17 	5884850.33	5794371.54	100.1641	98.6240695	-90478.79																																															
AFS	614599	3128MDYC1	Agency MBS 15yr	G-2-Q	FREDDIE MAC	0.04291376	2.5	2/1/2029	50000000	 2,145,688 	 1,333,205.64 	2145688	2111005.77	100	98.3836313	-34682.23																																															
AFS	614415	3128MDYH0	Agency MBS 15yr	G-2-Q	FREDDIE MAC	0.03619412	2.5	1/1/2029	58500000	 2,117,356 	 1,468,207.13 	2117356.02	2081774.82	100	98.3195458	-35581.2																																															
AFS	614165	3128MDYL1	Agency MBS 15yr	G-2-Q	FREDDIE MAC	0.03666663	2.5	2/1/2029	50000000	 1,833,332 	 1,163,613.01 	1833381.75	1802518.6	100.0027	98.3192946	-30863.15																																															
AFS	613937	3128MDZG1	Agency MBS 15yr	G-2-Q	FREDDIE MAC	0.03089177	2.5	3/1/2029	78499388	 2,424,985 	 1,831,972.89 	2423262.66	2388848.51	99.929	98.5098246	-34414.15																																															
AFS	612779	3128MEAH4	Agency MBS 15yr	G-2-Q	FREDDIE MAC	0.05023073	2.5	11/1/2029	442518	 22,228 	 10,797.65 	22397.18	21666.31	100.7611	97.4730404	-730.87																																															
HTM	613389	3128MFBQ0	Agency MBS 15yr	G-2-Q	FREDDIE MAC	0.15320195	2	4/1/2032	25000000	 3,830,049 	 996,151.40 	3784850.29	3639994.42	98.8199	95.0378091	-144855.87																																															
PUB_HTM	614613	3128MFPL6	Agency MBS 15yr	G-2-Q	FREDDIE MAC	0.04903484	3	6/1/2028	27906777	 1,368,404 	 1,339,581.86 	1371550.79	1355957.44	100.2299	99.0904073	-15593.36																																															
PUB_HTM	614251	3128MFQ76	Agency MBS 15yr	G-2-Q	FREDDIE MAC	0.04404298	3.5	7/1/2028	20000000	 880,860 	 549,925.58 	887251.88	876179.62	100.7257	99.4687033	-11072.25																																															
PUB_HTM	614191	3128MFS41	Agency MBS 15yr	G-2-Q	FREDDIE MAC	0.15877902	3	9/1/2033	20784640	 3,300,165 	 898,435.92 	3322271.33	3194429.26	100.6699	96.7960537	-127842.06																																															
PUB_HTM	614090	3128MFT57	Agency MBS 15yr	G-2-Q	FREDDIE MAC	0.14561508	3	3/1/2033	16109568	 2,345,796 	 696,435.00 	2363641.79	2270982.6	100.7608	96.8107442	-92659.19																																															
PUB_HTM	613036	3128MFVL9	Agency MBS 15yr	G-2-Q	FREDDIE MAC	0.17385106	3	1/1/2033	29998249	 5,215,227 	 1,326,841.72 	5253014.14	5048295.77	100.7245	96.7991497	 (204,718.37)																																															
PUB_HTM	614773	3128MFVU9	Agency MBS 15yr	G-2-Q	FREDDIE MAC	0.13719084	3	3/1/2032	15000000	 2,057,863 	 852,702.06 	2069935.43	2003160.63	100.5867	97.3418067	 (66,774.80)																																															
AFS	613823	3128MJAK6	Agency MBS 30yr	G-2-Q	FREDDIE MAC	0.00735737	5	9/1/2034	192369	 1,415 	 385.85 	1435.29	1424.12	101.4105	100.6212688	 (11.17)																																															
AFS	613731	3128MJAQ3	Agency MBS 30yr	G-2-Q	FREDDIE MAC	0.00935008	5	10/1/2034	200000	 1,870 	 363.40 	1898.96	1881.52	101.5477	100.6149956	 (17.44)																																															
AFS	614734	3128MJQU7	Agency MBS 30yr	G-2-Q	FREDDIE MAC	0.05912518	3.5	11/1/2041	65052482	 3,846,240 	 540,337.21 	3871884.59	3624961.6	100.6668	94.2468977	-246922.98																																															
HTM	613421	3128MJRJ1	Agency MBS 30yr	G-2-Q	FREDDIE MAC	0.07796261	3.5	4/1/2042	87263188	 6,803,266 	 737,569.12 	6875449.48	6403415.91	101.061	94.1226759	-472033.57																																															
AFS	613902	3128MJT67	Agency MBS 30yr	G-2-Q	FREDDIE MAC	0.07772187	3.5	2/1/2044	39095182	 3,038,551 	 333,552.68 	3047206.05	2841948.41	100.2849	93.5297362	-205257.64																																															
AFS	614117	3128MJUA6	Agency MBS 30yr	G-2-Q	FREDDIE MAC	0.08057003	3.5	3/1/2044	23000000	 1,853,111 	 151,031.90 	1859318.19	1732058.11	100.335	93.467601	-127260.08																																															
AFS	614202	3128MJV56	Agency MBS 30yr	G-2-Q	FREDDIE MAC	0.13881689	3	4/1/2045	50205650	 6,969,392 	 641,950.63 	6966025.17	6311972.32	99.9517	90.5670415	-654052.85																																															
AFS	613995	3128MJWA4	Agency MBS 30yr	G-2-Q	FREDDIE MAC	0.1417917	3	5/1/2045	225495498	 31,973,390 	 2,925,077.12 	31993392.97	28940806.24	100.0626	90.5152886	-3052586.72																																															
AFS	613630	3128MJWJ5	Agency MBS 30yr	G-2-Q	FREDDIE MAC	0.1505963	3	6/1/2045	23000000	 3,463,715 	 301,552.79 	3473195.78	3109124.94	100.2737	89.7627266	 (364,070.85)																																															
AFS	614339	3128MJWU0	Agency MBS 30yr	G-2-Q	FREDDIE MAC	0.15823691	3	8/1/2045	25000000	 3,955,923 	 363,519.50 	3955922.75	3571107.33	100	90.2724234	 (384,815.42)																																															
PUB_HTM	613818	3128MJZB9	Agency MBS 30yr	G-2-Q	FREDDIE MAC	0.18778509	3	12/1/2046	5000000	 938,925 	 79,878.45 	934303.5	839163.77	99.5077	89.3749094	-95139.73																																															
HTM	612887	3128MJZF0	Agency MBS 30yr	G-2-Q	FREDDIE MAC	0.19715764	3	1/1/2047	25000000	 4,928,941 	 428,636.79 	4889595.84	4404188.46	99.2018	89.3536454	-485407.37																																															
AFS	612165	3128MMQ55	Agency MBS 15yr	G-2-Q	FREDDIE MAC	0.03628589	2.5	8/1/2028	68821800	 2,497,260 	 1,703,053.75 	2499784.73	2458336.82	100.1011	98.4413541	-41447.91																																															
AFS	613251	3128MMQY2	Agency MBS 15yr	G-2-Q	FREDDIE MAC	0.03250473	2.5	6/1/2028	6544297	 212,721 	 150,295.69 	212941.64	209539.99	100.1039	98.504789	-3401.66																																															
AFS	614642	3128MMR54	Agency MBS 15yr	G-2-Q	FREDDIE MAC	0.03313651	2.5	3/1/2029	6128209	 203,067 	 124,296.42 	203383.85	198257.64	100.1558	97.6314184	-5126.21																																															
AFS	613939	3128MMR88	Agency MBS 15yr	G-2-Q	FREDDIE MAC	0.03535951	2.5	4/1/2029	37000000	 1,308,302 	 541,240.29 	1306535.48	1279749.72	99.865	97.8176177	-26785.76																																															
AFS	614141	3128MMR96	Agency MBS 15yr	G-2-Q	FREDDIE MAC	0.03426233	2.5	5/1/2029	73452509	 2,516,654 	 1,270,548.19 	2520485.88	2459970.46	100.1523	97.7476585	-60515.42																																															
AFS	613042	3128MMRD7	Agency MBS 15yr	G-2-Q	FREDDIE MAC	0.03605769	2.5	9/1/2028	9351949	 337,210 	 216,449.02 	337209.68	331736.9	100	98.3770408	-5472.77																																															
AFS	614356	3128MMRQ8	Agency MBS 15yr	G-2-Q	FREDDIE MAC	0.0384451	2.5	1/1/2029	18656717	 717,259 	 375,377.52 	717268.77	704224.88	100.0013	98.182739	-13043.89																																															
AFS	613320	3128MMRX3	Agency MBS 15yr	G-2-Q	FREDDIE MAC	0.03946689	2.5	2/1/2029	14000000	 552,536 	 292,586.22 	552554.06	541604.27	100.0032	98.0214533	-10949.79																																															
AFS	613184	3128MMS20	Agency MBS 15yr	G-2-Q	FREDDIE MAC	0.05505149	2.5	1/1/2030	265448168	 14,613,317 	 6,026,808.94 	14750178.24	14212551.77	100.9366	97.257533	-537626.48																																															
AFS	613934	3128MMS61	Agency MBS 15yr	G-2-Q	FREDDIE MAC	0.05538298	2.5	2/1/2030	875288044	 48,476,060 	 19,710,053.99 	48902651.63	47146885.3	100.88	97.2580797	-1755766.34																																															
AFS	613900	3128MMSD6	Agency MBS 15yr	G-2-Q	FREDDIE MAC	0.04212802	2.5	6/1/2029	145984369	 6,150,032 	 3,150,967.14 	6160826.81	6007325.15	100.1755	97.6795689	-153501.66																																															
AFS	613990	3128MMSF1	Agency MBS 15yr	G-2-Q	FREDDIE MAC	0.04104444	2.5	7/1/2029	276056904	 11,330,601 	 5,108,328.12 	11365556.37	11059946.01	100.3085	97.6112916	-305610.35																																															
AFS	613018	3128MMSJ3	Agency MBS 15yr	G-2-Q	FREDDIE MAC	0.0420757	2.5	8/1/2029	327315707	 13,772,037 	 6,310,735.44 	13800472.45	13443064.87	100.2065	97.6113003	-357407.58																																															
PUB_HTM	613793	3128MMT37	Agency MBS 15yr	G-2-Q	FREDDIE MAC	0.06961981	3	9/1/2030	106175001	 7,391,883 	 2,534,679.38 	7435665.06	7221636.68	100.5923	97.6968425	-214028.38																																															
PUB_AFS	614854	3128MMT60	Agency MBS 15yr	G-2-Q	FREDDIE MAC	0.07192219	3	10/1/2030	75421514	 5,424,480 	 1,780,254.77 	5449631.75	5294999.28	100.4637	97.6130215	-154632.47																																															
PUB_HTM	613509	3128MMT94	Agency MBS 15yr	G-2-Q	FREDDIE MAC	0.07368349	3	11/1/2030	9642882	 710,521 	 242,321.17 	713876.89	693258.29	100.4723	97.5703885	-20618.6																																															
AFS	614727	3128MMTF0	Agency MBS 15yr	G-2-Q	FREDDIE MAC	0.07094134	2.5	4/1/2030	100517432	 7,130,841 	 2,634,245.17 	7175032.9	6926572.75	100.6197	97.1354212	-248460.15																																															
AFS	614714	3128MMTK9	Agency MBS 15yr	G-2-Q	FREDDIE MAC	0.0726093	2.5	5/1/2030	252000000	 18,297,544 	 6,656,540.99 	18405515.77	17757837.94	100.5901	97.0503928	-647677.83																																															
AFS	612173	3128MMTN3	Agency MBS 15yr	G-2-Q	FREDDIE MAC	0.07714677	2.5	6/1/2030	210322268	 16,225,684 	 5,949,220.29 	16289971.69	15735891.37	100.3962	96.9813767	-554080.32																																															
AFS	613097	3128MMTS2	Agency MBS 15yr	G-2-Q	FREDDIE MAC	0.07730264	2.5	7/1/2030	50000000	 3,865,132 	 1,410,326.31 	3871543.53	3745723.33	100.1659	96.9106185	-125820.2																																															
AFS	613645	3128MMTW3	Agency MBS 15yr	G-2-Q	FREDDIE MAC	0.08143976	2.5	8/1/2030	25000000	 2,035,994 	 722,665.38 	2041183.71	1971654.47	100.2549	96.8398959	 (69,529.25)																																															
AFS	613716	3128MMUB7	Agency MBS 15yr	G-2-Q	FREDDIE MAC	0.09157332	2.5	12/1/2030	2026036	 185,531 	 61,286.60 	187168.3	179149.69	100.8826	96.560595	 (8,018.62)																																															
AFS	613908	3128MMUF8	Agency MBS 15yr	G-2-Q	FREDDIE MAC	0.0887959	2.5	1/1/2031	50000000	 4,439,795 	 1,485,234.03 	4447922.4	4283467.39	100.1831	96.4789453	 (164,455.01)																																															
PUB_HTM	613179	3128MMUG6	Agency MBS 15yr	G-2-Q	FREDDIE MAC	0.07673871	3	1/1/2031	40000000	 3,069,548 	 951,836.69 	3088557.85	2989684.49	100.6193	97.398187	 (98,873.36)																																															
PUB_HTM	613922	3128MMUH4	Agency MBS 15yr	G-2-Q	FREDDIE MAC	0.06847694	3.5	1/1/2031	3000000	 205,431 	 69,968.11 	208712.63	202259.35	101.5975	98.4561869	 (6,453.28)																																															
AFS	613062	3128MMUL5	Agency MBS 15yr	G-2-Q	FREDDIE MAC	0.08737062	2.5	2/1/2031	81000000	 7,077,020 	 2,496,801.16 	7138090.59	6827755.36	100.8629	96.4778275	 (310,335.23)																																															
PUB_AFS	614397	3128MMUM3	Agency MBS 15yr	G-2-Q	FREDDIE MAC	0.080535	3	2/1/2031	12237170	 985,520 	 304,016.27 	991662.02	959364.95	100.6232	97.3460178	 (32,297.07)																																															
AFS	613254	3128MMUQ4	Agency MBS 15yr	G-2-Q	FREDDIE MAC	0.08648917	2.5	3/1/2031	50000000	 4,324,459 	 1,358,779.66 	4363305.55	4166729.84	100.8983	96.352638	 (196,575.71)																																															
HTM	614476	3128MMV42	Agency MBS 15yr	G-2-Q	FREDDIE MAC	0.15757036	2	3/1/2032	25000000	 3,939,259 	 1,099,247.25 	3882136.31	3735049.64	98.5499	94.8160463	 (147,086.68)																																															
HTM	614327	3128MMVL4	Agency MBS 15yr	G-2-Q	FREDDIE MAC	0.14240866	2	11/1/2031	25669926	 3,655,620 	 917,829.19 	3605037.93	3478566.55	98.6163	95.1566841	 (126,471.38)																																															
AFS	614229	3128MMVL4	Agency MBS 15yr	G-2-Q	FREDDIE MAC	0.14240866	2	11/1/2031	106646762	 15,187,422 	 3,880,048.57 	15202831.5	14451847.62	100.1015	95.1566841	 (750,983.88)																																															
HTM	613967	3128MMVW0	Agency MBS 15yr	G-2-Q	FREDDIE MAC	0.14077056	2	12/1/2031	45734889	 6,438,126 	 1,729,421.10 	6372043.72	6121710.11	98.9736	95.0852806	 (250,333.60)																																															
HTM	613075	3128MMVX8	Agency MBS 15yr	G-2-Q	FREDDIE MAC	0.15582077	2	1/1/2032	251282555	 39,155,041 	 9,334,613.28 	38696614.54	37174972.54	98.8292	94.9430045	-1521642.01																																															
HTM	614269	3128MMVY6	Agency MBS 15yr	G-2-Q	FREDDIE MAC	0.16280493	2	2/1/2032	20000000	 3,256,099 	 820,907.71 	3215036.49	3081607.04	98.7389	94.6410848	-133429.45																																															
HTM	613892	3128MMW74	Agency MBS 15yr	G-2-Q	FREDDIE MAC	0.13283813	2.5	12/1/2032	124662894	 16,559,986 	 3,789,654.74 	16559985.72	15821955.97	100	95.5432948	-738029.74																																															
HTM	613946	3128MMXA6	Agency MBS 15yr	G-2-Q	FREDDIE MAC	0.1372903	2.5	1/1/2033	104879788	 14,398,978 	 3,132,263.19 	14398977.56	13674962.19	100	94.9717585	-724015.37																																															
PUB_HTM	614673	3128MMXF5	Agency MBS 15yr	G-2-Q	FREDDIE MAC	0.11109129	3	2/1/2033	9634000	 1,070,253 	 253,017.54 	1076468.56	1034845.33	100.5807	96.6916106	-41623.23																																															
PUB_HTM	613382	3128MMXK4	Agency MBS 15yr	G-2-Q	FREDDIE MAC	0.10779861	3	3/1/2033	17000000	 1,832,576 	 442,905.26 	1846104.83	1771958.33	100.7382	96.6921955	-74146.5																																															
PUB_HTM	613887	3128MMXZ1	Agency MBS 15yr	G-2-Q	FREDDIE MAC	0.08321497	3	7/1/2033	23922866	 1,990,741 	 429,790.47 	2005789.74	1923022.48	100.756	96.5983465	-82767.26																																															
AFS	612174	3128NH7K3	Agency MBS ARM	G-2-Q	FREDDIE MAC	0.01369961	5.82	12/1/2036	12415753	 170,091 	 9,723.20 	174614	173133.58	102.6592	101.7888117	-1480.42																																															
AFS	613417	3128NJBS7	Agency MBS ARM	G-2-Q	FREDDIE MAC	0.02132482	6.635	8/1/2038	15244648	 325,089 	 14,804.22 	334922.26	335430.59	103.0247	103.1810388	508.34																																															
AFS	614161	3128NKFV3	Agency MBS ARM	G-2-Q	FREDDIE MAC	0.01128395	5.065	9/1/2037	50029585	 564,531 	 29,359.17 	570614.45	558424.41	101.0776	98.9182316	-12190.04																																															
AFS	613301	3128NKJJ6	Agency MBS ARM	G-2-Q	FREDDIE MAC	0.01361698	5.86	11/1/2037	18169303	 247,411 	 13,009.23 	254886.26	250479.4	103.0214	101.2401888	-4406.86																																															
AFS	612644	3128NUBW3	Agency MBS ARM	G-2-Q	FREDDIE MAC	0.00454509	6.058	10/1/2036	19659784	 89,355 	 48,370.50 	92103.89	91815.83	103.0758	102.7534293	-288.06																																															
PUB_HTM	613144	3128P8B67	Agency MBS 20yr	G-2-Q	FREDDIE MAC	0.12722811	3	1/1/2036	14000000	 1,781,194 	 274,394.24 	1780575.83	1693045.03	99.9653	95.0511546	-87530.8																																															
PUB_HTM	613806	3128P8B91	Agency MBS 20yr	G-2-Q	FREDDIE MAC	0.13490922	3	2/1/2036	10000000	 1,349,092 	 217,436.60 	1348627.61	1281281.89	99.9656	94.9736341	-67345.72																																															
PUB_HTM	612171	3128PXT71	Agency MBS 15yr	G-2-Q	FREDDIE MAC	0.00343876	3	1/1/2027	30500000	 104,882 	 254,573.35 	104970.29	104458.82	100.084	99.5963503	-511.47																																															
AFS	614679	3128Q02X4	Agency MBS 15yr	G-2-Q	FREDDIE MAC	0.00897554	2.5	7/1/2027	2695049	 24,190 	 68,113.59 	24204.05	23963.61	100.0601	99.0660652	-240.44																																															
AFS	612666	3128QJLN4	Agency MBS ARM	G-2-Q	FREDDIE MAC	0.00529612	6.586	10/1/2036	31500000	 166,828 	 33,457.50 	172445.27	171418.42	103.3672	102.7517244	-1026.85																																															
AFS	613093	3128QJT63	Agency MBS ARM	G-2-Q	FREDDIE MAC	0.00570295	5.875	1/1/2037	23052995	 131,470 	 6,931.70 	134209.12	134457.48	102.0834	102.2723067	248.37																																															
AFS	613322	3128QJXK7	Agency MBS ARM	G-2-Q	FREDDIE MAC	0.00556049	5.756	3/1/2037	62937127	 349,961 	 21,238.09 	359191.38	358940.66	102.6375	102.5658243	-250.73																																															
AFS	612667	3128QLSA0	Agency MBS ARM	G-2-Q	FREDDIE MAC	0.00440189	6.156	5/1/2036	21352480	 93,991 	 5,987.84 	96695.12	96952.72	102.8767	103.1507777	257.61																																															
AFS	613463	3128QUA68	Agency MBS ARM	G-2-Q	FREDDIE MAC	0.00881498	5.48	5/1/2037	10194731	 89,866 	 4,940.09 	91861.94	90934.99	102.2206	101.1891437	-926.95																																															
AFS	614579	3128S4F28	Agency MBS ARM	G-2-Q	FREDDIE MAC	0.00181591	6.233	12/1/2036	25000000	 45,398 	 2,698.36 	46853.68	46638.28	103.207	102.7325828	-215.4																																															
AFS	614208	31292GX68	Agency MBS 30yr	G-2-Q	FREDDIE MAC	0.00050344	6.5	1/1/2029	3778918	 1,902 	 1,236.45 	1976.01	1979.03	103.8663	104.0250921	3.03																																															
AFS	614075	31292GXD3	Agency MBS 30yr	G-2-Q	FREDDIE MAC	0.00034524	6.5	11/1/2028	1917025	 662 	 467.27 	687.12	688.47	103.8204	104.0250921	1.36																																															
AFS	614281	31292GXS0	Agency MBS 30yr	G-2-Q	FREDDIE MAC	0.00043567	6.5	12/1/2028	1220400	 532 	 299.11 	552.86	553.09	103.9814	104.0250921	0.23																																															
AFS	613918	31292GYH3	Agency MBS 30yr	G-2-Q	FREDDIE MAC	0.00052985	6.5	2/1/2029	1826700	 968 	 525.86 	1005.33	1006.83	103.8694	104.0250921	1.51																																															
HTM	612284	31292LFZ3	Agency MBS 30yr	G-2-Q	FREDDIE MAC	0.07334034	3.5	4/1/2042	5000000	 366,702 	 35,861.70 	370490.58	345797.6	101.0332	94.2994255	-24692.99																																															
AFS	613981	3129407K9	Agency MBS 30yr	G-2-Q	FREDDIE MAC	0.15073687	4.5	6/1/2040	2526389	 380,820 	 18,460.74 	404111.1	377445.75	106.116	99.1139604	-26665.35																																															
AFS	612905	312941RR0	Agency MBS 30yr	G-2-Q	FREDDIE MAC	0.1072141	4.5	7/1/2040	1570299	 168,358 	 10,910.15 	177446.5	167020.06	105.3982	99.2051838	-10426.45																																															
AFS	614831	312941RS8	Agency MBS 30yr	G-2-Q	FREDDIE MAC	0.1050231	4.5	7/1/2040	1671841	 175,582 	 11,233.81 	187429.84	174185.41	106.7478	99.2046359	-13244.43																																															
AFS	613370	31294NYT0	Agency MBS 15yr	G-2-Q	FREDDIE MAC	0.02195679	2.5	3/1/2028	14119357	 310,016 	 240,343.70 	310451.25	306023.87	100.1405	98.7123614	-4427.37																																															
AFS	612528	31295NF78	Agency MBS ARM	G-2-Q	FREDDIE MAC	0.00097408	5.729	4/1/2032	5000000	 4,870 	 583.37 	4888.29	4941.46	100.3673	101.4590729	53.17																																															
AFS	614553	31295NRT7	Agency MBS ARM	G-2-Q	FREDDIE MAC	0.00020922	6.229	7/1/2032	5000000	 1,046 	 123.99 	1048.81	1064.62	100.2591	101.7701965	15.81																																															
AFS	613200	31296JS64	Agency MBS 30yr	G-2-Q	FREDDIE MAC	0.09868297	5	6/1/2033	2136164	 210,803 	 23,276.18 	222207.49	209651.57	105.41	99.4537854	-12555.92																																															
AFS	614271	31296M2M0	Agency MBS 30yr	G-2-Q	FREDDIE MAC	0.0126956	5.5	9/1/2033	130000	 1,650 	 300.33 	1693.57	1678.23	102.6142	101.6845262	-15.34																																															
AFS	614041	31296QFM7	Agency MBS 30yr	G-2-Q	FREDDIE MAC	0.01569105	6	10/1/2033	1055064	 16,555 	 4,521.66 	16890.22	16969.15	102.0245	102.5012595	78.93																																															
AFS	613003	31296WN86	Agency MBS 30yr	G-2-Q	FREDDIE MAC	0.04035149	5	3/1/2034	1311533	 52,922 	 6,895.44 	53645.24	52770.04	101.366	99.7122819	-875.19																																															
AFS	613782	31296WPC5	Agency MBS 30yr	G-2-Q	FREDDIE MAC	0.00436658	5	4/1/2034	210000	 917 	 115.44 	930.31	916.02	101.4537	99.8956409	-14.28																																															
AFS	613291	31297AV27	Agency MBS 30yr	G-2-Q	FREDDIE MAC	0.04873416	5.5	5/1/2034	1628383	 79,358 	 16,956.27 	81310.86	79843.86	102.461	100.6123921	-1467																																															
AFS	614695	31297FUP6	Agency MBS 30yr	G-2-Q	FREDDIE MAC	0.00477753	5	10/1/2034	200000	 956 	 228.26 	970.59	961.41	101.5785	100.6174052	-9.18																																															
AFS	613664	31297LHN3	Agency MBS 30yr	G-2-Q	FREDDIE MAC	0.01075743	5.5	1/1/2035	2059908	 22,159 	 2,687.76 	22658.97	22295.02	102.2548	100.6123921	-363.95																																															
AFS	613524	31297NFU5	Agency MBS 30yr	G-2-Q	FREDDIE MAC	0.03139315	5.5	4/1/2035	1704722	 53,517 	 8,550.04 	54706.8	53844.32	102.224	100.6123921	-862.48																																															
AFS	614304	31297QX61	Agency MBS 30yr	G-2-Q	FREDDIE MAC	0.01329203	5.5	5/1/2035	4323985	 57,475 	 5,200.92 	58892.87	57826.51	102.4677	100.6123921	-1066.36																																															
AFS	613138	31298BP70	Agency MBS 30yr	G-2-Q	FREDDIE MAC	0.00250406	7.5	11/1/2029	1997710	 5,002 	 2,256.81 	5002.39	5054.29	100	101.0375139	51.9																																															
AFS	613373	31307BMB3	Agency MBS 15yr	G-2-Q	FREDDIE MAC	0.03185332	2.5	4/1/2028	2630258	 83,782 	 58,650.93 	83916.18	82692.42	100.1596	98.6989812	-1223.75																																															
AFS	613112	31307C4J4	Agency MBS 15yr	G-2-Q	FREDDIE MAC	0.02768486	2.5	6/1/2028	5520022	 152,821 	 141,452.80 	152895.06	150333.39	100.0484	98.3721862	-2561.66																																															
AFS	614602	31307CLF3	Agency MBS 15yr	G-2-Q	FREDDIE MAC	0.0325202	2.5	5/1/2028	5609021	 182,406 	 99,736.64 	182486.71	179709.62	100.044	98.521509	-2777.1																																															
AFS	613784	31307CQK7	Agency MBS 15yr	G-2-Q	FREDDIE MAC	0.04320604	2.5	6/1/2028	26492756	 1,144,647 	 706,416.15 	1143106.67	1127727.66	99.8654	98.5218666	-15379.01																																															
AFS	613433	31307CYB8	Agency MBS 15yr	G-2-Q	FREDDIE MAC	0.03895492	2.5	6/1/2028	11326019	 441,204 	 275,272.21 	440926.76	434682.83	99.9371	98.5219234	-6243.93																																															
AFS	613905	31307CYN2	Agency MBS 15yr	G-2-Q	FREDDIE MAC	0.02847739	2.5	6/1/2028	105365778	 3,000,542 	 2,090,337.42 	3000674.69	2957950.53	100.0044	98.5805291	-42724.16																																															
AFS	613481	31307CZG6	Agency MBS 15yr	G-2-Q	FREDDIE MAC	0.02977742	2.5	6/1/2028	4879377	 145,295 	 111,105.79 	145559.28	142930.53	100.1817	98.3724662	-2628.75																																															
AFS	613492	31307DBS4	Agency MBS 15yr	G-2-Q	FREDDIE MAC	0.03217216	2.5	7/1/2028	23187625	 745,996 	 453,386.14 	746714.95	734502.37	100.0964	98.4592935	-12212.57																																															
PUB_HTM	614463	31307EWD2	Agency MBS 15yr	G-2-Q	FREDDIE MAC	0.03228108	3	10/1/2028	35000000	 1,129,838 	 798,939.04 	1134217.7	1116508.48	100.3877	98.8202447	-17709.22																																															
AFS	613096	31307FDM0	Agency MBS 15yr	G-2-Q	FREDDIE MAC	0.04560795	2.5	11/1/2028	4374699	 199,521 	 125,158.90 	199769.29	195708.56	100.1244	98.0891791	-4060.73																																															
AFS	612282	31307H2G1	Agency MBS 15yr	G-2-Q	FREDDIE MAC	0.07155814	2.5	8/1/2029	5000000	 357,791 	 130,339.74 	358573.65	348258.36	100.2188	97.3357769	-10315.3																																															
AFS	614224	31307H6G7	Agency MBS 15yr	G-2-Q	FREDDIE MAC	0.06247284	2.5	8/1/2029	8000000	 499,783 	 257,573.18 	500670.47	486093.34	100.1776	97.2609343	-14577.13																																															
AFS	613690	31307HQ34	Agency MBS 15yr	G-2-Q	FREDDIE MAC	0.0629992	2.5	7/1/2029	3207668	 202,081 	 149,561.07 	202628.97	197129.41	100.2714	97.5499349	-5499.55																																															
AFS	614454	31307HXN2	Agency MBS 15yr	G-2-Q	FREDDIE MAC	0.01059131	2.5	7/1/2029	1762606	 18,668 	 66,607.22 	18677.47	18461.51	100.0491	98.8922541	-215.96																																															
AFS	612782	31307HYS0	Agency MBS 15yr	G-2-Q	FREDDIE MAC	0.10390158	2.5	7/1/2029	2279187	 236,811 	 67,532.95 	237411.96	230499.37	100.2537	97.3346865	-6912.59																																															
AFS	614058	31307HYT8	Agency MBS 15yr	G-2-Q	FREDDIE MAC	0.03591526	2.5	8/1/2029	2136741	 76,742 	 36,469.60 	76862.45	75462.93	100.1575	98.3337924	-1399.53																																															
AFS	613646	31307LCE6	Agency MBS 15yr	G-2-Q	FREDDIE MAC	0.05499959	2.5	11/1/2029	701461	 38,580 	 12,566.70 	38884.69	37329.46	100.7896	96.7584151	-1555.23																																															
AFS	614212	31307LUJ5	Agency MBS 15yr	G-2-Q	FREDDIE MAC	0.03165166	2.5	1/1/2030	25823392	 817,353 	 333,148.74 	825842.58	794278.64	101.0386	97.1769138	-31563.94																																															
AFS	613367	31307LXC7	Agency MBS 15yr	G-2-Q	FREDDIE MAC	0.06394774	2.5	2/1/2030	7000354	 447,657 	 205,596.32 	451650.94	434691.49	100.8922	97.1037347	 (16,959.46)																																															
AFS	614578	31307LZA9	Agency MBS 15yr	G-2-Q	FREDDIE MAC	0.04693659	2.5	2/1/2030	3000000	 140,810 	 84,547.49 	142167.51	136624.97	100.9642	97.0280479	 (5,542.54)																																															
PUB_HTM	613210	31307M7M2	Agency MBS 15yr	G-2-Q	FREDDIE MAC	0.06758653	3	6/1/2030	45177670	 3,053,402 	 1,091,879.56 	3070441.52	2992353.61	100.5581	98.0006453	 (78,087.91)																																															
PUB_HTM	614855	31307MUR5	Agency MBS 15yr	G-2-Q	FREDDIE MAC	0.06812955	3	5/1/2030	27532071	 1,875,748 	 725,790.13 	1885980.51	1839161.41	100.5455	98.049514	 (46,819.09)																																															
AFS	613550	31307MXT8	Agency MBS 15yr	G-2-Q	FREDDIE MAC	0.06922254	2.5	5/1/2030	21000000	 1,453,673 	 509,075.21 	1464301.33	1413268.53	100.7311	97.2205027	 (51,032.80)																																															
AFS	614802	31307MY83	Agency MBS 15yr	G-2-Q	FREDDIE MAC	0.07897882	2.5	5/1/2030	2000000	 157,958 	 54,588.90 	158798.79	153349.96	100.5325	97.0829676	 (5,448.82)																																															
AFS	613705	31307NAN4	Agency MBS 15yr	G-2-Q	FREDDIE MAC	0.06453386	2.5	6/1/2030	25097201	 1,619,619 	 707,185.92 	1625173.44	1570108.19	100.3429	96.9430427	 (55,065.26)																																															
AFS	613588	31307NAZ7	Agency MBS 15yr	G-2-Q	FREDDIE MAC	0.11284525	2.5	6/1/2030	25000000	 2,821,131 	 821,770.02 	2825250.47	2736844.4	100.146	97.012303	 (88,406.07)																																															
AFS	612772	31307ND35	Agency MBS 15yr	G-2-Q	FREDDIE MAC	0.06074213	2.5	6/1/2030	14677732	 891,557 	 283,221.89 	895968.18	861096.15	100.4948	96.5834421	 (34,872.02)																																															
PUB_HTM	613574	31307NQE7	Agency MBS 15yr	G-2-Q	FREDDIE MAC	0.07801	3	7/1/2030	18001662	 1,404,310 	 537,246.51 	1412282.44	1374813.54	100.5677	97.8996007	-37468.9																																															
PUB_HTM	613076	31307NY65	Agency MBS 15yr	G-2-Q	FREDDIE MAC	0.07535722	3	8/1/2030	50000000	 3,767,861 	 1,298,666.73 	3789545.26	3684267.69	100.5755	97.7814121	-105277.57																																															
AFS	612512	31307NYD0	Agency MBS 15yr	G-2-Q	FREDDIE MAC	0.09035766	2.5	8/1/2030	25000000	 2,258,942 	 733,341.99 	2266000.91	2189840.3	100.3125	96.9409921	-76160.61																																															
AFS	614696	31307P5P0	Agency MBS 15yr	G-2-Q	FREDDIE MAC	0.09554154	2.5	1/1/2031	15065550	 1,439,386 	 659,526.97 	1452193.46	1390181.04	100.8898	96.5815412	-62012.43																																															
PUB_HTM	613005	31307PBJ7	Agency MBS 15yr	G-2-Q	FREDDIE MAC	0.07252821	3	9/1/2030	33693383	 2,443,721 	 1,130,816.85 	2457327.94	2393603.88	100.5568	97.9491568	-63724.06																																															
PUB_HTM	614234	31307PDX4	Agency MBS 15yr	G-2-Q	FREDDIE MAC	0.07708108	3	9/1/2030	53488929	 4,122,984 	 1,303,551.37 	4147098.83	4032726.61	100.5849	97.8108622	 (114,372.23)																																															
PUB_HTM	613437	31307PLP2	Agency MBS 15yr	G-2-Q	FREDDIE MAC	0.07668495	3	10/1/2030	74502780	 5,713,242 	 1,561,262.02 	5748490.18	5582369.27	100.617	97.7093096	 (166,120.91)																																															
AFS	614102	31307QB48	Agency MBS 15yr	G-2-Q	FREDDIE MAC	0.15950368	2.5	2/1/2031	95191	 15,183 	 3,262.31 	15319.02	14535.74	100.8938	95.7349715	 (783.28)																																															
AFS	613465	31307QCA3	Agency MBS 15yr	G-2-Q	FREDDIE MAC	0.09146118	2.5	2/1/2031	904809	 82,755 	 20,167.96 	83463.97	79596.16	100.8568	96.1830188	 (3,867.81)																																															
HTM	614646	31307S2B8	Agency MBS 15yr	G-2-Q	FREDDIE MAC	0.14278166	2	1/1/2032	25000000	 3,569,542 	 724,030.48 	3532009.32	3389221.52	98.9485	94.9483713	 (142,787.80)																																															
AFS	612776	31307SD26	Agency MBS 15yr	G-2-Q	FREDDIE MAC	0.17482215	2	10/1/2031	38318045	 6,698,843 	 1,512,256.24 	6707047.62	6382869.81	100.1225	95.2831676	 (324,177.80)																																															
HTM	613376	31307VB96	Agency MBS 15yr	G-2-Q	FREDDIE MAC	0.16524475	2.5	12/1/2032	21274677	 3,515,529 	 708,920.96 	3515528.68	3353308.97	100	95.3856241	 (162,219.71)																																															
AFS	613985	31326FQ35	Agency MBS ARM	G-2-Q	FREDDIE MAC	0.03913341	6.37	5/1/2043	30315728	 1,186,358 	 182,237.82 	1198547.81	1230685.78	101.0275	103.7364749	 32,137.97 																																															
AFS	614417	3132CW2P8	Agency MBS 15yr	G-2-Q	FREDDIE MAC	0.56842447	4.5	1/1/2038	33111438	 18,821,352 	 3,701,726.98 	18633924.88	18678812.81	99.0042	99.2426751	 44,887.94 																																															
PUB_HTM	613304	3132CWHE7	Agency MBS 15yr	G-2-Q	FREDDIE MAC	0.24218192	2.5	1/1/2035	25000000	 6,054,548 	 1,399,704.41 	6008406.74	5702591.92	99.2379	94.186914	 (305,814.83)																																															
PUB_HTM	613729	3132D53K6	Agency MBS 15yr	G-2-Q	FREDDIE MAC	0.09996815	3	8/1/2034	25000000	 2,499,204 	 504,907.00 	2517043.04	2394039.32	100.7138	95.7920824	 (123,003.73)																																															
PUB_HTM	612652	3132D53U4	Agency MBS 15yr	G-2-Q	FREDDIE MAC	0.12168318	3	10/1/2034	 15,000,000.00 	 1,825,248 	 390,960.59 	1838530.35	1747852.71	100.7277	95.7597543	-90677.63																																															
PUB_HTM	613453	3132D54D1	Agency MBS 15yr	G-2-Q	FREDDIE MAC	0.16694734	2.5	12/1/2034	77014698	 12,857,399 	 2,426,273.23 	12760330.21	12109987.31	99.245	94.186914	-650342.91																																															
PUB_HTM	612506	3132D54K5	Agency MBS 15yr	G-2-Q	FREDDIE MAC	0.17554076	2.5	1/1/2035	95219387	 16,714,884 	 3,008,929.88 	16587646.28	15743233	99.2388	94.186914	-844413.28																																															
PUB_HTM	614621	3132D54Q2	Agency MBS 15yr	G-2-Q	FREDDIE MAC	0.17855364	2.5	2/1/2035	175000000	 31,246,887 	 5,505,095.32 	31008890.52	29430478.59	99.2383	94.186914	-1578411.94																																															
PUB_HTM	613113	3132D54U3	Agency MBS 15yr	G-2-Q	FREDDIE MAC	0.17653922	2.5	3/1/2035	50000000	 8,826,961 	 1,508,840.79 	8759665.2	8313842.17	99.2376	94.186914	-445823.03																																															
PUB_HTM	613551	3132D56D9	Agency MBS 15yr	G-2-Q	FREDDIE MAC	0.40537011	1.5	10/1/2035	50000000	 20,268,506 	 2,823,953.23 	19512219.73	18329800.47	96.2687	90.4348891	-1182419.26																																															
PUB_HTM	614353	3132D57J5	Agency MBS 15yr	G-2-Q	FREDDIE MAC	0.52996653	1.5	4/1/2036	25000000	 13,249,163 	 1,689,853.10 	12748079.08	11924290.36	96.218	90.0003278	-823788.73																																															
PUB_HTM	614823	3132D6A42	Agency MBS 15yr	G-2-Q	FREDDIE MAC	0.59927837	1.5	11/1/2036	30000000	 17,978,351 	 2,248,041.72 	17283839.41	16145929.8	96.137	89.8076231	-1137909.62																																															
HTM	614565	3132D6A83	Agency MBS 15yr	G-2-Q	FREDDIE MAC	0.60749866	1.5	12/1/2036	25000000	 15,187,467 	 1,940,856.58 	15227994.74	13639392.47	100.2669	89.8068975	-1588602.26																																															
PUB_HTM	614160	3132D6BJ8	Agency MBS 15yr	G-2-Q	FREDDIE MAC	0.60155805	2	2/1/2037	50000000	 30,077,903 	 3,898,248.43 	29436257.84	27626086.67	97.8667	91.8484481	-1810171.18																																															
HTM	614346	3132D6BY5	Agency MBS 15yr	G-2-Q	FREDDIE MAC	0.58894888	3	5/1/2037	75000000	 44,171,166 	 7,203,625.01 	44482765.6	41998814.72	100.7054	95.0819698	-2483950.89																																															
HTM	614088	3132D6C32	Agency MBS 15yr	G-2-Q	FREDDIE MAC	0.52069603	4.5	11/1/2037	67571609	 35,184,269 	 6,724,179.53 	34858383.63	34910582.75	99.0738	99.2221359	52199.12																																															
HTM	614573	3132D6C40	Agency MBS 15yr	G-2-Q	FREDDIE MAC	0.50941216	4.5	10/1/2037	35877478	 18,276,424 	 3,751,317.84 	18134363.52	18134263.35	99.2227	99.2221661	-100.17																																															
HTM	613436	3132DN5B5	Agency MBS 30yr	G-2-Q	FREDDIE MAC	0.73615176	5	10/1/2052	26609374	 19,588,538 	 1,545,979.11 	19510334.09	19485011.85	99.6008	99.4714988	-25322.25																																															
HTM	613356	3132DNUZ4	Agency MBS 30yr	G-2-Q	FREDDIE MAC	0.64169751	5	6/1/2052	29770592	 19,103,715 	 1,570,492.07 	19027382.42	19026046.71	99.6004	99.5934401	-1335.7																																															
HTM	613268	3132DNY23	Agency MBS 30yr	G-2-Q	FREDDIE MAC	0.72593137	5	9/1/2052	98257427	 71,328,149 	 5,580,429.85 	70451312.73	70807958.04	98.7707	99.2707079	356645.31																																															
HTM	614006	3132DNYP2	Agency MBS 30yr	G-2-Q	FREDDIE MAC	0.73380865	5	9/1/2052	27422248	 20,122,683 	 2,151,343.41 	19977279.43	19947317.65	99.2774	99.1285201	-29961.78																																															
HTM	614310	3132DPCB2	Agency MBS 30yr	G-2-Q	FREDDIE MAC	0.74897956	5	11/1/2052	60646643	 45,423,096 	 3,459,980.24 	44929417.75	45134764.26	98.9132	99.365231	205346.51																																															
HTM	613998	3132DPGE2	Agency MBS 30yr	G-2-Q	FREDDIE MAC	0.72253762	5	11/1/2052	63399076	 45,808,217 	 5,195,826.49 	46428175.24	45652975.77	101.3534	99.6611051	-775199.47																																															
HTM	614398	3132DPGF9	Agency MBS 30yr	G-2-Q	FREDDIE MAC	0.74200679	5	12/1/2052	66951714	 49,678,626 	 5,608,305.83 	50227112.63	49312919.07	101.1041	99.2638538	-914193.56																																															
HTM	614384	3132DPGT9	Agency MBS 30yr	G-2-Q	FREDDIE MAC	0.69347543	5	12/1/2052	59663494	 41,375,167 	 5,696,525.04 	42129868.23	41297643.87	101.824	99.8126333	-832224.36																																															
HTM	614105	3132DPHH4	Agency MBS 30yr	G-2-Q	FREDDIE MAC	0.723715	5	12/1/2052	81043860	 58,652,657 	 7,633,173.52 	59485925.17	58435811.58	101.4207	99.6302886	-1050113.58																																															
HTM	614611	3132DPHJ0	Agency MBS 30yr	G-2-Q	FREDDIE MAC	0.72762586	5	12/1/2052	17052198	 12,407,620 	 1,487,450.53 	12544537.38	12342044.93	101.1035	99.4714917	-202492.45																																															
AFS	613723	3132DPMF2	Agency MBS 30yr	G-2-Q	FREDDIE MAC	0.68407936	5	12/1/2052	10760884	 7,361,299 	 1,289,552.56 	7252049.03	7278874.75	98.5159	98.8803077	26825.71																																															
AFS	614142	3132DPUE6	Agency MBS 30yr	G-2-Q	FREDDIE MAC	0.69626997	5.5	3/1/2053	35000000	 24,369,449 	 3,807,419.30 	24412796.83	24744687.26	100.1779	101.5397899	331890.44																																															
AFS	613234	3132DSTQ5	Agency MBS 30yr	G-2-Q	FREDDIE MAC	0.81684664	5.5	3/1/2054	57239329	 46,755,754 	 6,093,207.09 	46757955.34	47524309.17	100.0047	101.6437669	766353.83																																															
AFS	614274	3132DSU59	Agency MBS 30yr	G-2-Q	FREDDIE MAC	0.82339178	5	3/1/2054	55528175	 45,721,443 	 4,307,313.68 	45785831.38	45563847.12	100.1408	99.6553133	-221984.25																																															
AFS	614182	3132DSYM8	Agency MBS 30yr	G-2-Q	FREDDIE MAC	0.81744809	5.5	4/1/2054	54000000	 44,142,197 	 4,708,175.89 	44291646.08	44949683.53	100.3386	101.8292852	658037.46																																															
AFS	613085	3132DTFP0	Agency MBS 30yr	G-2-Q	FREDDIE MAC	0.82510429	5	5/1/2054	28161532	 23,236,201 	 2,615,150.10 	23178411.84	23078751.3	99.7513	99.3223954	-99660.54																																															
AFS	614769	3132DTH78	Agency MBS 30yr	G-2-Q	FREDDIE MAC	0.82093885	5.5	5/1/2054	25000000	 20,523,471 	 2,406,600.21 	20597002.71	20820919.13	100.3583	101.4493059	223916.42																																															
AFS	614153	3132DTHH6	Agency MBS 30yr	G-2-Q	FREDDIE MAC	0.73319737	6	5/1/2054	65856969	 48,286,156 	 9,960,285.14 	49173864.02	50005697.62	101.8384	103.5611473	831833.61																																															
AFS	613884	3132DTJA9	Agency MBS 30yr	G-2-Q	FREDDIE MAC	0.8598651	5.5	6/1/2054	24086178	 20,710,864 	 1,550,874.46 	20694373.23	21045829.83	99.9204	101.6173443	351456.6																																															
AFS	612396	3132DTK33	Agency MBS 30yr	G-2-Q	FREDDIE MAC	0.82740212	5	3/1/2054	20000000	 16,548,042 	 1,868,341.00 	16548042.4	16444599.94	100	99.3748961	-103442.46																																															
AFS	613220	3132DTKA7	Agency MBS 30yr	G-2-Q	FREDDIE MAC	0.77784618	6	5/1/2054	46713433	 36,335,865 	 6,271,764.77 	37062053.04	37734533.41	101.9985	103.8492767	672480.37																																															
AFS	614063	3132DTLL2	Agency MBS 30yr	G-2-Q	FREDDIE MAC	0.84218918	5	10/1/2053	20538207	 17,297,056 	 1,723,617.81 	17248593.68	17225108	99.7198	99.5840465	-23485.68																																															
AFS	613543	3132DTR51	Agency MBS 30yr	G-2-Q	FREDDIE MAC	0.81253651	5	3/1/2054	35259937	 28,649,986 	 3,123,549.43 	28393095.84	28354466.9	99.1033	98.9685187	-38628.94																																															
AFS	613975	3132DTRN2	Agency MBS 30yr	G-2-Q	FREDDIE MAC	0.82106005	5.5	3/1/2054	81459873	 66,883,447 	 7,915,850.47 	66891496.91	67982873.96	100.012	101.6437947	1091377.05																																															
AFS	614631	3132DTWB2	Agency MBS 30yr	G-2-Q	FREDDIE MAC	0.84178175	5.5	8/1/2054	119428929	 100,533,093 	 11,073,348.48 	100644576.2	102207214.9	100.1109	101.6652447	1562638.64																																															
AFS	613740	3132DUQS9	Agency MBS 30yr	G-2-Q	FREDDIE MAC	0.86733009	5.5	10/1/2054	49587305	 43,008,562 	 3,844,468.22 	43140997.43	43685254.03	100.3079	101.5733898	544256.6																																															
AFS	613865	3132DURX7	Agency MBS 30yr	G-2-Q	FREDDIE MAC	0.73933348	6	9/1/2054	35397364	 26,170,456 	 6,810,612.60 	26660241.24	27177831.92	101.8715	103.8492856	517590.67																																															
AFS	613485	3132DUUL9	Agency MBS 30yr	G-2-Q	FREDDIE MAC	0.83687545	5.5	11/1/2054	76918257	 64,371,001 	 9,063,220.35 	64426895.99	65262415.9	100.0868	101.3848083	835519.92																																															
AFS	613828	3132DUUT2	Agency MBS 30yr	G-2-Q	FREDDIE MAC	0.84020496	5.5	10/1/2054	114133449	 95,895,490 	 11,410,670.54 	95959938.6	97277574.11	100.0672	101.44124	1317635.5																																															
PUB_HTM	613852	3132DV7B5	Agency MBS 30yr	G-2-Q	FREDDIE MAC	0.56655288	2	9/1/2050	75000000	 42,491,466 	 2,634,406.72 	39886187.02	34354095.65	93.8687	80.8494008	-5532091.37																																															
PUB_HTM	612408	3132DV7J8	Agency MBS 30yr	G-2-Q	FREDDIE MAC	0.52181977	2	8/1/2050	50000000	 26,090,989 	 1,674,917.69 	24485714.12	21065395.13	93.8474	80.7382025	-3420318.99																																															
PUB_HTM	614376	3132DV7K5	Agency MBS 30yr	G-2-Q	FREDDIE MAC	0.60337986	2	10/1/2050	50000000	 30,168,993 	 1,875,583.84 	28317823.09	24407691.79	93.864	80.9032366	-3910131.31																																															
PUB_HTM	613275	3132DWAM5	Agency MBS 30yr	G-2-Q	FREDDIE MAC	0.68740535	1.5	12/1/2050	65000000	 44,681,348 	 2,456,312.55 	40427168.11	34237593.51	90.4788	76.6261432	-6189574.6																																															
HTM	614834	3132DWBH5	Agency MBS 30yr	G-2-Q	FREDDIE MAC	0.68409099	2	4/1/2051	75000000	 51,306,824 	 3,352,356.14 	51350057.26	41353198.76	100.0843	80.599802	-9996858.5																																															
PUB_HTM	613678	3132DWBJ1	Agency MBS 30yr	G-2-Q	FREDDIE MAC	0.62863507	2.5	4/1/2051	9043747	 5,685,217 	 370,361.69 	5462693.39	4796786.59	96.0859	84.3729797	-665906.81																																															
PUB_HTM	613504	3132DWBP7	Agency MBS 30yr	G-2-Q	FREDDIE MAC	0.69075052	2	5/1/2051	50000000	 34,537,526 	 2,198,203.85 	32332391.43	27857601.92	93.6153	80.6589387	-4474789.5																																															
PUB_HTM	613775	3132DWCH4	Agency MBS 30yr	G-2-Q	FREDDIE MAC	0.74599433	2	10/1/2051	15000000	 11,189,915 	 699,442.72 	10474048.47	8997743.19	93.6026	80.4093975	-1476305.28																																															
HTM	613350	3132DWCN1	Agency MBS 30yr	G-2-Q	FREDDIE MAC	0.75432694	2	11/1/2051	25076030	 18,915,525 	 1,246,681.19 	18820869.87	15204220.52	99.4996	80.3795852	-3616649.35																																															
PUB_HTM	613959	3132DWCP6	Agency MBS 30yr	G-2-Q	FREDDIE MAC	0.71197012	2.5	11/1/2051	40000000	 28,478,805 	 2,126,191.60 	27344979.52	24002419.17	96.0187	84.2816942	-3342560.34																																															
HTM	614678	3132DWCT8	Agency MBS 30yr	G-2-Q	FREDDIE MAC	0.76127944	2	12/1/2051	25081112	 19,093,735 	 1,228,425.65 	19015438.11	15353071.21	99.5899	80.4089472	-3662366.89																																															
HTM	613244	3132DWCZ4	Agency MBS 30yr	G-2-Q	FREDDIE MAC	0.76717999	2	1/1/2052	25000000	 19,179,500 	 1,238,325.30 	19100711.46	15420032.02	99.5892	80.39851	-3680679.44																																															
AFS	613872	3132E0BY7	Agency MBS 30yr	G-2-Q	FREDDIE MAC	0.73055789	5	8/1/2053	50000000	 36,527,895 	 4,647,967.43 	36403452.95	36512177.79	99.6593	99.9569734	108724.84																																															
AFS	613353	3132E0G48	Agency MBS 30yr	G-2-Q	FREDDIE MAC	0.79349109	5.5	5/1/2053	30676273	 24,341,349 	 2,468,181.03 	24379047.96	24806623.65	100.1549	101.9114567	427575.69																																															
AFS	613201	3132E0N99	Agency MBS 30yr	G-2-Q	FREDDIE MAC	0.7589611	5.5	10/1/2053	55000000	 41,742,861 	 6,567,374.27 	41938041.78	42506517.83	100.4676	101.8294322	 568,476.05 																																															
AFS	613883	3132GKF43	Agency MBS 30yr	G-2-Q	FREDDIE MAC	0.04091689	3.5	10/1/2041	25038289	 1,024,489 	 98,816.65 	1031656.29	965759.58	100.6996	94.2674502	 (65,896.72)																																															
HTM	612519	3132GKF50	Agency MBS 30yr	G-2-Q	FREDDIE MAC	0.03982165	3.5	10/1/2041	34245838	 1,363,726 	 163,818.40 	1380309.11	1284839.72	101.216	94.2154018	 (95,469.39)																																															
AFS	613791	3132GKKR6	Agency MBS 30yr	G-2-Q	FREDDIE MAC	0.03893131	3.5	10/1/2041	25035524	 974,666 	 128,308.32 	983188.61	918286.41	100.8744	94.2155208	 (64,902.20)																																															
HTM	613379	3132GKVQ6	Agency MBS 30yr	G-2-Q	FREDDIE MAC	0.02560063	3.5	11/1/2041	26338114	 674,272 	 120,023.63 	682102.33	635617.81	101.1613	94.2672275	 (46,484.52)																																															
AFS	613438	3132GLAC8	Agency MBS 30yr	G-2-Q	FREDDIE MAC	0.04015354	3.5	11/1/2041	75000000	 3,011,516 	 423,045.67 	3037302.77	2838241.03	100.8563	94.2462701	 (199,061.74)																																															
HTM	613217	3132GSJ34	Agency MBS 30yr	G-2-Q	FREDDIE MAC	0.10457265	3.5	4/1/2042	25001788	 2,614,503 	 198,359.79 	2646928.32	2460032.53	101.2402	94.0917764	 (186,895.79)																																															
HTM	614055	3132GSMA4	Agency MBS 30yr	G-2-Q	FREDDIE MAC	0.08020853	3.5	4/1/2042	25002901	 2,005,446 	 257,481.94 	2029136.11	1891124.38	101.1813	94.2994445	 (138,011.74)																																															
HTM	614450	3132GSWQ8	Agency MBS 30yr	G-2-Q	FREDDIE MAC	0.08638047	3.5	4/1/2042	6105463	 527,393 	 52,028.85 	533384.4	497217.2	101.1361	94.2783505	 (36,167.20)																																															
HTM	613671	3132GSZR3	Agency MBS 30yr	G-2-Q	FREDDIE MAC	0.10572733	3.5	4/1/2042	45000000	 4,757,730 	 390,868.05 	4797041.04	4476632.72	100.8263	94.0917803	 (320,408.32)																																															
AFS	613928	3132HNLY3	Agency MBS 30yr	G-2-Q	FREDDIE MAC	0.10402416	3.5	10/1/2042	32615111	 3,392,760 	 483,412.79 	3404276.71	3184224.1	100.3395	93.8535159	 (220,052.61)																																															
AFS	613476	3132JAQ65	Agency MBS 30yr	G-2-Q	FREDDIE MAC	0.07858094	3.5	6/1/2043	31048886	 2,439,851 	 282,466.38 	2445499.25	2286337.25	100.2315	93.708082	 (159,162.00)																																															
AFS	614736	3132KEG25	Agency MBS 15yr	G-2-Q	FREDDIE MAC	0.03713541	2.5	8/1/2028	40327355	 1,497,573 	 985,180.21 	1496039.48	1475441.64	99.8976	98.5221941	 (20,597.84)																																															
AFS	613817	3132KEJW6	Agency MBS 15yr	G-2-Q	FREDDIE MAC	0.03234007	2.5	8/1/2028	15461934	 500,040 	 274,408.68 	501022.8	491539.97	100.1965	98.3001243	 (9,482.83)																																															
AFS	613094	3132KEKD6	Agency MBS 15yr	G-2-Q	FREDDIE MAC	0.04004342	2.5	9/1/2028	12360645	 494,963 	 412,434.99 	494569.25	486196.6	99.9205	98.2289762	 (8,372.65)																																															
AFS	614429	3132KES22	Agency MBS 15yr	G-2-Q	FREDDIE MAC	0.05277017	2.5	6/1/2029	50521358	 2,666,021 	 1,207,127.05 	2670781.12	2606611.32	100.1786	97.7716101	 (64,169.81)																																															
AFS	613288	3132KEUD5	Agency MBS 15yr	G-2-Q	FREDDIE MAC	0.03777808	2.5	7/1/2029	82819884	 3,128,776 	 1,476,584.47 	3137708.91	3054821.23	100.2855	97.6362971	 (82,887.67)																																															
AFS	613566	3132KEUE3	Agency MBS 15yr	G-2-Q	FREDDIE MAC	0.03703363	2.5	7/1/2029	50003005	 1,851,793 	 909,408.36 	1856313.65	1806761.66	100.2441	97.5682415	 (49,552.00)																																															
AFS	613770	3132KEUU7	Agency MBS 15yr	G-2-Q	FREDDIE MAC	0.04416556	2.5	8/1/2029	75000073	 3,312,420 	 1,301,415.35 	3320929.63	3231873.82	100.2569	97.5683518	 (89,055.81)																																															
AFS	614707	3132WWYD8	Agency CMBS	G-2-Q	FREDDIE MAC	0.86785481	3.6	4/1/2030	2300000	 1,996,066 	 36,432.60 	1942893.75	1939319.34	97.3361	97.157072	 (3,574.41)																																															
HTM	613432	3132XFJ25	Agency CMBS	G-2-Q	FREDDIE MAC	1	3.85	9/1/2032	15714000	 15,714,000 	 -   	15523422.24	15102273.72	98.7872	96.1071256	 (421,148.53)																																															
HTM	613956	3132XFJ41	Agency CMBS	G-2-Q	FREDDIE MAC	1	3.9	10/1/2029	28657000	 28,657,000 	 -   	28516976.27	28178323.39	99.5114	98.3296346	 (338,652.88)																																															
HTM	614474	3132XFJX7	Agency CMBS	G-2-Q	FREDDIE MAC	1	3.9	9/1/2032	10365000	 10,365,000 	 -   	10263599.2	9989617.72	99.0217	96.3783668	 (273,981.48)																																															
HTM	614318	3132XFJY5	Agency CMBS	G-2-Q	FREDDIE MAC	1	4.05	9/1/2032	21258000	 21,258,000 	 -   	21357993.39	20672394.05	100.4704	97.2452444	 (685,599.34)																																															
AFS	612638	3132XFKJ6	Agency CMBS	G-2-Q	FREDDIE MAC	1	3.9	12/1/2029	45911000	 45,911,000 	 -   	45529194.75	45103526.33	99.1684	98.2412196	 (425,668.42)																																															
AFS	613568	3132XFN38	Agency CMBS	G-2-Q	FREDDIE MAC	1	4.3	9/1/2028	84958000	 84,958,000 	 -   	83883358.7	84705044.78	98.7351	99.7022585	 821,686.07 																																															
AFS	614416	3132XG5P7	Agency CMBS	G-2-Q	FREDDIE MAC	1	3.75	12/1/2031	36451000	 36,451,000 	 -   	34993945.09	35111783.3	96.0027	96.3259809	 117,838.21 																																															
AFS	614012	3132XG5S1	Agency CMBS	G-2-Q	FREDDIE MAC	1	4	9/1/2031	84500000	 84,500,000 	 -   	82348844.35	82792072.23	97.4543	97.9787837	 443,227.87 																																															
PUB_HTM	614620	3132XGJS6	Agency CMBS	G-2-Q	FREDDIE MAC	0.99017549	1.21	10/1/2030	50000000	 49,508,775 	 452,278.86 	46209331.8	43511433.35	93.3356	87.8863066	 (2,697,898.45)																																															
PUB_HTM	614779	3132XGKD7	Agency CMBS	G-2-Q	FREDDIE MAC	0.97296491	1.51	12/1/2030	49852000	 48,504,247 	 819,611.29 	45710788.45	42533274.44	94.2408	87.6897949	 (3,177,514.01)																																															
HTM	613311	3132XGQN9	Agency CMBS	G-2-Q	FREDDIE MAC	1	4	9/1/2032	18969000	 18,969,000 	 -   	19000958.1	18366228.5	100.1685	96.8223338	 (634,729.61)																																															
HTM	614019	3132XGRE8	Agency CMBS	G-2-Q	FREDDIE MAC	1	3.6	10/1/2032	29345000	 29,345,000 	 -   	28713944	27710895.06	97.8495	94.4314025	 (1,003,048.94)																																															
HTM	613886	3132XGRP3	Agency CMBS	G-2-Q	FREDDIE MAC	1	3.25	11/1/2032	43614000	 43,614,000 	 -   	41744586.21	40533827.8	95.7137	92.9376526	 (1,210,758.40)																																															
HTM	613317	3132XGRS7	Agency CMBS	G-2-Q	FREDDIE MAC	0.9842554	4.17	11/1/2029	41469000	 40,816,087 	 404,768.45 	40954829.2	40461678.4	100.3399	99.1316934	 (493,150.80)																																															
AFS	614352	3132XGRW8	Agency CMBS	G-2-Q	FREDDIE MAC	0.99618516	3.9	12/1/2029	11321000	 11,277,812 	 42,745.25 	11178795.24	11079938.98	99.122	98.2454645	 (98,856.26)																																															
AFS	614249	3132XGST4	Agency CMBS	G-2-Q	FREDDIE MAC	0.99566515	4.1	1/1/2030	23099000	 22,998,869 	 98,408.27 	22665527.12	22759051.99	98.5506	98.9572648	 93,524.87 																																															
AFS	613749	3132XGSZ0	Agency CMBS	G-2-Q	FREDDIE MAC	0.99590335	4.2	1/1/2030	21224000	 21,137,053 	 85,790.17 	20897370.94	20984549.9	98.8661	99.2785049	 87,178.96 																																															
AFS	614703	3132XGT48	Agency CMBS	G-2-Q	FREDDIE MAC	0.99590335	4.25	1/1/2030	10526000	 10,482,879 	 43,425.15 	10537415.01	10390354.55	100.5202	99.1173788	 (147,060.46)																																															
AFS	613540	3132XGX92	Agency CMBS	G-2-Q	FREDDIE MAC	1	4.83	11/1/2028	49166000	 49,166,000 	 -   	49219503.46	49649188.89	100.1088	100.9827704	 429,685.44 																																															
AFS	613044	3132XGYZ3	Agency CMBS	G-2-Q	FREDDIE MAC	1	4.5	12/1/2028	32020000	 32,020,000 	 -   	31758807.43	32126969.92	99.1843	100.3340722	 368,162.49 																																															
AFS	612783	3132XGZJ8	Agency CMBS	G-2-Q	FREDDIE MAC	1	4.5	12/1/2028	76953000	 76,953,000 	 -   	75838647.8	77210099.74	98.5519	100.3340997	 1,371,451.94 																																															
PUB_HTM	613602	3132XHLC6	Agency CMBS	G-2-Q	FREDDIE MAC	0.91560596	2.32	8/1/2031	16150000	 14,787,036 	 278,224.78 	14434819.59	13404177.82	97.6181	90.6481704	 (1,030,641.77)																																															
AFS	613528	3132XKR66	Agency CMBS	G-2-Q	FREDDIE MAC	1	4.05	3/1/2029	27915000	 27,915,000 	 -   	27785020.56	27614005.06	99.5344	98.9217448	 (171,015.50)																																															
AFS	614796	3132XKR74	Agency CMBS	G-2-Q	FREDDIE MAC	1	4.05	3/1/2029	12525000	 12,525,000 	 -   	12466680.38	12389948.54	99.5344	98.9217448	 (76,731.84)																																															
AFS	614076	3132XKR82	Agency CMBS	G-2-Q	FREDDIE MAC	1	4.12	6/1/2029	98320000	 98,320,000 	 -   	98265252.7	97657941.44	99.9443	99.3266288	 (607,311.26)																																															
AFS	613381	3132XKRY5	Agency CMBS	G-2-Q	FREDDIE MAC	1	4.41	3/1/2029	17475000	 17,475,000 	 -   	17470904.3	17456770.8	99.9766	99.8956841	 (14,133.50)																																															
AFS	614240	3132XKRZ2	Agency CMBS	G-2-Q	FREDDIE MAC	1	4.38	6/1/2029	35270000	 35,270,000 	 -   	35361485.62	35197080.9	100.2594	99.7932546	 (164,404.71)																																															
AFS	613100	3132XKTB3	Agency CMBS	G-2-Q	FREDDIE MAC	1	3.83	7/1/2029	47530000	 47,530,000 	 -   	47316821.14	46666151.33	99.5515	98.1825191	 (650,669.81)																																															
AFS	614367	3133A0J21	Agency MBS 30yr	G-2-Q	FREDDIE MAC	0.28046175	3	12/1/2049	3303659	 926,550 	 214,606.57 	941880.72	827330.47	101.6546	89.2915097	 (114,550.25)																																															
PUB_HTM	614219	3133AALF7	Agency MBS 30yr	G-2-Q	FREDDIE MAC	0.62324938	2	10/1/2050	23550000	 14,677,523 	 1,013,176.38 	13768502.67	11871490.92	93.8067	80.8821148	 (1,897,011.74)																																															
PUB_HTM	613859	3133AD6L5	Agency MBS 30yr	G-2-Q	FREDDIE MAC	0.65679268	2	1/1/2051	42156491	 27,688,075 	 1,384,028.50 	25962474.43	22360088.28	93.7677	80.7571076	 (3,602,386.15)																																															
PUB_HTM	613640	3133AEEG5	Agency MBS 30yr	G-2-Q	FREDDIE MAC	0.69500747	2	1/1/2051	46077356	 32,024,107 	 1,961,757.31 	30013479.32	25887146.58	93.7215	80.8364364	 (4,126,332.74)																																															
PUB_HTM	613689	3133ARR72	Agency MBS 30yr	G-2-Q	FREDDIE MAC	0.7653861	2	9/1/2051	50000000	 38,269,305 	 2,189,929.51 	35816575.04	30797312.37	93.5909	80.475233	 (5,019,262.68)																																															
PUB_HTM	613352	3133ASLA9	Agency MBS 30yr	G-2-Q	FREDDIE MAC	0.7220342	2.5	9/1/2051	20061168	 14,484,849 	 1,580,711.56 	13912300.81	12377855.18	96.0473	85.4538066	 (1,534,445.63)																																															
PUB_HTM	613695	3133AUFA1	Agency MBS 30yr	G-2-Q	FREDDIE MAC	0.67277339	3	10/1/2051	20000000	 13,455,468 	 1,004,984.67 	13207159.61	11795286.31	98.1546	87.6616591	 (1,411,873.29)																																															
PUB_HTM	612762	3133AUQF8	Agency MBS 30yr	G-2-Q	FREDDIE MAC	0.69637638	2.5	10/1/2051	15000000	 10,445,646 	 1,334,514.23 	10027531.81	8868004.84	95.9972	84.896665	-1159526.98																																															
PUB_HTM	613567	3133AXLG5	Agency MBS 30yr	G-2-Q	FREDDIE MAC	0.76178835	2	11/1/2051	34429847	 26,228,256 	 1,810,457.13 	24552733.89	21201268.76	93.6118	80.8336951	-3351465.14																																															
AFS	613679	3133BKLB3	Agency MBS 30yr	G-2-Q	FREDDIE MAC	0.77930314	5	9/1/2052	9639374	 7,511,994 	 933,962.42 	7386501.34	7489777.7	98.3294	99.70425	103276.36																																															
HTM	614799	3133BQWK8	Agency MBS 30yr	G-2-Q	FREDDIE MAC	0.78061946	5.5	11/1/2052	29725134	 23,204,018 	 1,398,023.61 	23398748.04	23443585.59	100.8392	101.0324399	44837.55																																															
HTM	614085	3133BQY59	Agency MBS 30yr	G-2-Q	FREDDIE MAC	0.79146669	5	11/1/2052	17608802	 13,936,780 	 811,895.53 	13816235.62	13918184.42	99.1351	99.8665702	101948.8																																															
HTM	614649	3133BRCV4	Agency MBS 30yr	G-2-Q	FREDDIE MAC	0.62242874	5	11/1/2052	6349088	 3,951,855 	 327,766.58 	3917734.91	3917709.8	99.1366	99.1359742	-25.11																																															
AFS	613403	3133BRJG0	Agency MBS 30yr	G-2-Q	FREDDIE MAC	0.81939721	5	11/1/2052	9938867	 8,143,880 	 1,395,436.54 	8001502.22	8095397.42	98.2517	99.404676	93895.19																																															
HTM	613180	3133BULH8	Agency MBS 30yr	G-2-Q	FREDDIE MAC	0.75140998	5	2/1/2053	20755389	 15,595,806 	 1,285,379.38 	15697577.13	15450196.05	100.6526	99.0663491	-247381.08																																															
PUB_HTM	613228	3133D4PQ0	Agency MBS 20yr	G-2-Q	FREDDIE MAC	0.62785826	2	1/1/2042	18289955	 11,483,499 	 1,467,066.55 	10915923.01	9981880.16	95.0575	86.9236796	-934042.85																																															
PUB_HTM	613571	3133GA6B7	Agency MBS 15yr	G-2-Q	FREDDIE MAC	0.47139749	1.5	12/1/2035	25000000	 11,784,937 	 1,614,756.88 	11347331.57	10657606.6	96.2867	90.4341396	-689724.96																																															
PUB_HTM	614472	3133GCT28	Agency MBS 15yr	G-2-Q	FREDDIE MAC	0.4897916	1.5	4/1/2036	42797538	 20,961,875 	 3,590,656.92 	20167109.8	18890963.42	96.2085	90.1205821	-1276146.38																																															
PUB_HTM	613065	3133GGFV0	Agency MBS 15yr	G-2-Q	FREDDIE MAC	0.56366368	2	1/1/2037	14300167	 8,060,485 	 1,570,164.95 	7883530.58	7408371.75	97.8047	91.9097545	-475158.83																																															
AFS	613781	3133KHE93	Agency MBS 30yr	G-2-Q	FREDDIE MAC	0.46922303	2.5	12/1/2049	2465413	 1,156,829 	 37,039.60 	1156828.56	979486.25	100	84.6699575	-177342.31																																															
AFS	613500	3133KHFD3	Agency MBS 30yr	G-2-Q	FREDDIE MAC	0.27516034	3	12/1/2049	1671940	 460,052 	 10,925.25 	468212.76	405375.47	101.774	88.1152223	-62837.28																																															
PUB_HTM	613227	3133KK5P0	Agency MBS 30yr	G-2-Q	FREDDIE MAC	0.6247855	2	2/1/2051	15000000	 9,371,783 	 622,198.04 	8788580.39	7575811.23	93.777	80.8363962	-1212769.16																																															
PUB_HTM	613976	3133KKD63	Agency MBS 30yr	G-2-Q	FREDDIE MAC	0.56950886	2	10/1/2050	10000000	 5,695,089 	 584,874.05 	5339909.55	4608703.97	93.7634	80.9241838	-731205.58																																															
PUB_HTM	613133	3133KMNY7	Agency MBS 30yr	G-2-Q	FREDDIE MAC	0.68145363	2	9/1/2051	10000000	 6,814,536 	 449,925.08 	6382299.56	5508481.13	93.6571	80.8342767	-873818.43																																															
PUB_HTM	613160	3133KMP74	Agency MBS 30yr	G-2-Q	FREDDIE MAC	0.70941787	2	9/1/2051	60000000	 42,565,072 	 2,744,693.01 	39827851.53	34407001.77	93.5693	80.8338856	-5420849.76																																															
AFS	614211	3133KRB52	Agency MBS 30yr	G-2-Q	FREDDIE MAC	0.76090665	5.5	5/1/2053	40000000	 30,436,266 	 3,881,181.39 	30346858.06	30955840	99.7062	101.7070885	608981.93																																															
AFS	613541	3133KRJL9	Agency MBS 30yr	G-2-Q	FREDDIE MAC	0.85196246	5.5	6/1/2053	17407906	 14,830,882 	 1,096,722.13 	14868816.01	15074688.24	100.2558	101.6439064	205872.23																																															
PUB_HTM	614095	3133KTZF0	Agency MBS 20yr	G-2-Q	FREDDIE MAC	0.68333555	2	1/1/2042	20000000	 13,666,711 	 1,352,608.80 	12938991.53	11881235.95	94.6752	86.9355908	-1057755.58																																															
AFS	613527	3133KY2Z1	Agency MBS 20yr	G-2-Q	FREDDIE MAC	0.53403636	5.5	5/1/2044	29290549	 15,642,218 	 6,143,806.93 	15593757.77	15822126.64	99.6902	101.1501468	228368.87																																															
PUB_HTM	613121	3133KYSV2	Agency MBS 20yr	G-2-Q	FREDDIE MAC	0.21177781	2.5	2/1/2040	75858759	 16,065,202 	 1,715,305.32 	15632728.93	14497034.11	97.308	90.2387299	-1135694.82																																															
PUB_HTM	614427	3133KYUP2	Agency MBS 20yr	G-2-Q	FREDDIE MAC	0.56447993	2	12/1/2040	10000000	 5,644,799 	 492,629.89 	5356971.92	4926933.12	94.901	87.2826979	-430038.8																																															
HTM	614171	3133KYVC0	Agency MBS 20yr	G-2-Q	FREDDIE MAC	0.64039479	2	5/1/2041	50000000	 32,019,740 	 2,896,002.67 	32490405.02	27581857.33	101.4699	86.1401678	-4908547.68																																															
PUB_HTM	613493	3133KYVF3	Agency MBS 20yr	G-2-Q	FREDDIE MAC	0.63882712	2	6/1/2041	146141505	 93,359,157 	 8,065,107.00 	88568454.5	81100811.92	94.8685	86.869692	-7467642.58																																															
HTM	614311	3133KYVN6	Agency MBS 20yr	G-2-Q	FREDDIE MAC	0.66130341	2	8/1/2041	34437238	 22,773,463 	 2,057,328.41 	23304258.39	19690944.06	102.3308	86.4644263	-3613314.33																																															
HTM	614491	3133KYVS5	Agency MBS 20yr	G-2-Q	FREDDIE MAC	0.65743932	2	9/1/2041	40000000	 26,297,573 	 2,590,906.40 	26855856.45	22792678.61	102.1229	86.6721761	-4063177.84																																															
PUB_HTM	612405	3133KYVY2	Agency MBS 20yr	G-2-Q	FREDDIE MAC	0.6699311	2	10/1/2041	25000000	 16,748,278 	 1,407,405.97 	15878024.06	14497418.25	94.8039	86.5606523	-1380605.81																																															
HTM	613342	3133KYVY2	Agency MBS 20yr	G-2-Q	FREDDIE MAC	0.6699311	2	10/1/2041	50000000	 33,496,555 	 3,040,328.70 	34161735.46	28994836.51	101.9858	86.5606523	-5166898.95																																															
HTM	612156	3133KYWE5	Agency MBS 20yr	G-2-Q	FREDDIE MAC	0.70722163	2	2/1/2042	86679343	 61,301,506 	 5,240,400.77 	60708406.65	52927048.69	99.0325	86.3389041	-7781357.96																																															
HTM	613579	3133KYWJ4	Agency MBS 20yr	G-2-Q	FREDDIE MAC	0.70076576	2.5	3/1/2042	77164621	 54,074,324 	 4,942,901.33 	53711170.55	48127596.83	99.3284	89.0026782	-5583573.72																																															
HTM	613364	3133KYWT2	Agency MBS 20yr	G-2-Q	FREDDIE MAC	0.6793253	3	4/1/2042	40000000	 27,173,012 	 2,965,312.06 	27268589.23	25104835.12	100.3517	92.3888567	-2163754.11																																															
HTM	613596	3133KYXY0	Agency MBS 20yr	G-2-Q	FREDDIE MAC	0.66124757	4.5	11/1/2042	41898730	 27,705,433 	 3,259,036.31 	27138190.56	27142012.71	97.9526	97.9663892	3822.15																																															
AFS	612160	3133KYYE3	Agency MBS 20yr	G-2-Q	FREDDIE MAC	0.64342319	5	12/1/2042	20027254	 12,886,000 	 1,723,166.07 	12681527.41	12954071.75	98.4132	100.528264	272544.34																																															
PUB_HTM	613104	3133L73V7	Agency MBS 15yr	G-2-Q	FREDDIE MAC	0.44056744	1.5	12/1/2035	5000000	 2,202,837 	 328,099.84 	2121619.66	1992078.9	96.313	90.4324162	-129540.76																																															
PUB_HTM	613310	3133L73Z8	Agency MBS 15yr	G-2-Q	FREDDIE MAC	0.4569579	1.5	12/1/2035	25000000	 11,423,948 	 1,568,587.11 	10989455.46	10295705.71	96.1967	90.1238885	-693749.76																																															
HTM	613843	3133L9BJ1	Agency MBS 15yr	G-2-Q	FREDDIE MAC	0.48396171	4.5	11/1/2037	8445012	 4,087,062 	 1,072,674.73 	4048310.81	4069337.04	99.0518	99.5663045	 21,026.24 																																															
PUB_HTM	613575	3133N3W91	Agency MBS Other	G-2-Q	FREDDIE MAC	0.60953299	2	11/1/2050	39199446	 23,893,356 	 1,298,956.75 	22169226.44	18771976.43	92.7841	78.5656766	 (3,397,250.00)																																															
PUB_HTM	613637	3133N3XM1	Agency MBS Other	G-2-Q	FREDDIE MAC	0.72208866	1.5	12/1/2050	88439269	 63,860,993 	 2,834,021.16 	57239382.34	47493229.6	89.6312	74.3697008	 (9,746,152.74)																																															
HTM	614587	3133WJDK2	Agency MBS 15yr	G-2-Q	FREDDIE MAC	0.65246815	3	4/1/2037	57000000	 37,190,685 	 4,853,790.43 	37513318.41	35361548.95	100.8675	95.0817372	 (2,151,769.45)																																															
HTM	614851	3133WKAR7	Agency MBS 15yr	G-2-Q	FREDDIE MAC	0.64409641	4.5	9/1/2037	6661635	 4,290,735 	 471,897.22 	4250546.76	4268328.3	99.0634	99.4777844	 17,781.53 																																															
AFS	614233	31348SK60	Agency MBS ARM	G-2-Q	FREDDIE MAC	0.00006815	5.839	11/1/2026	2200000	 150 	 312.43 	149.93	149.47	100	99.691992	 (0.46)																																															
AFS	614108	31348SPF5	Agency MBS ARM	G-2-Q	FREDDIE MAC	0.00048921	5.722	5/1/2027	5000000	 2,446 	 2,750.16 	2446.05	2441.94	100	99.8321426	 (4.11)																																															
AFS	614757	31349S5P4	Agency MBS ARM	G-2-Q	FREDDIE MAC	0.00179107	6.25	7/1/2034	19586813	 35,081 	 3,830.28 	36259.68	35955.41	103.3589	102.4915225	 (304.27)																																															
AFS	614657	31349UDY1	Agency MBS ARM	G-2-Q	FREDDIE MAC	0.00188823	6.125	11/1/2034	30845249	 58,243 	 4,699.01 	59937.05	59648.48	102.9087	102.4132692	 (288.57)																																															
AFS	614519	31349UEL8	Agency MBS ARM	G-2-Q	FREDDIE MAC	0.00433594	5.991	11/1/2034	50427471	 218,650 	 18,085.90 	224693.76	224102.4	102.7639	102.4934358	 (591.37)																																															
HTM	611107	313586109	Misc_Securities	E-9	FANNIE MAE		0	12/31/2100	6.4	 6 	 -   	6.4	6.4	100	100	 -   																																															
AFS	614302	31362VFC7	Agency MBS ARM	G-2-Q	FANNIE MAE	0.00008869	5.25	2/1/2028	2000827	 177 	 207.16 	177.51	177.18	100.0299	99.8451089	 (0.33)																																															
PUB_HTM	613580	3136BDL55	Agency CMO	G-3-Q	FANNIE MAE	0.74404347	1.25	2/1/2051	100000000	 74,404,347 	 4,030,069.82 	66773195.49	57000909.82	89.7437	76.60965	 (9,772,285.66)																																															
PUB_HTM	614461	3136BDM39	Agency CMO	G-3-Q	FANNIE MAE	0.73876269	1.5	2/1/2051	50000000	 36,938,135 	 1,662,917.33 	33515783.42	27699050.1	90.7349	74.98768	 (5,816,733.33)																																															
PUB_HTM	613898	3136BDV54	Agency CMO	G-3-Q	FANNIE MAE	0.60686862	1.25	2/1/2051	42649533	 25,882,663 	 2,492,681.15 	23187324.08	19689433.69	89.5863	76.0719	 (3,497,890.39)																																															
PUB_HTM	610758	3136BDZA9	Structured Agency CMBS	G-3-Q	FANNIE MAE	1	1.465	2/1/2031	58881000	 58,881,000 	 -   	55290012.9	51826850.12	93.9013	88.01965	-3463162.78																																															
PUB_HTM	610769	3136BF4D2	Structured Agency CMBS	G-3-Q	FANNIE MAE	1	1.4569	3/1/2031	28288684	 28,288,684 	 -   	26734316.62	24698159.76	94.5053	87.30756	-2036156.86																																															
PUB_HTM	613792	3136BFCB7	Agency CMO	G-3-Q	FANNIE MAE	0.76538683	1.25	3/1/2051	25000000	 19,134,671 	 997,565.12 	17057590.22	14103299.01	89.1449	73.70547	-2954291.21																																															
PUB_HTM	610759	3136BFRV7	Structured Agency CMBS	G-3-Q	FANNIE MAE	1	1.468	11/1/2030	16000000	 16,000,000 	 -   	15071721.72	14125230.4	94.1983	88.28269	-946491.32																																															
PUB_HTM	610768	3136BHB73	Structured Agency CMBS	G-3-Q	FANNIE MAE	1	1.37524	3/1/2031	7000000	 7,000,000 	 -   	6547576.33	6113660	93.5368	87.338	 (433,916.33)																																															
PUB_HTM	610762	3136BHMX4	Structured Agency CMBS	G-3-Q	FANNIE MAE	1	1.599	4/1/2031	20000000	 20,000,000 	 -   	18988342.32	17591472	94.9417	87.95736	 (1,396,870.32)																																															
HTM	606898	3136BPSC6	Structured Agency CMBS	G-3-Q	FANNIE MAE	0.907155387	4.25704	5/1/2033	177334422	 160,869,876 	 15,885,778.83 	163480891.7	157172796.9	101.6231	97.70182	 (6,308,094.84)																																															
AFS	607827	3136BQL64	Structured Agency CMBS	G-3-Q	FANNIE MAE	1	4.55	1/1/2031	100000000	 100,000,000 	 -   	99460262.42	100253660	99.4603	100.25366	 793,397.57 																																															
AFS	612988	3136BR3G0	Agency CMO	G-3-Q	FANNIE MAE	0.6339123	5.5	11/1/2047	128408000	 81,399,411 	 23,457,101.10 	81080449.82	82422796.57	99.6082	101.25724	 1,342,346.74 																																															
AFS	613938	3136BR4M6	Agency CMO	G-3-Q	FANNIE MAE	0.64247677	5.5	1/1/2047	30000000	 19,274,303 	 6,679,947.03 	19177485.57	19504405.51	99.4977	101.19383	 326,919.94 																																															
AFS	614798	3136BSA47	Agency CMO	G-3-Q	FANNIE MAE	0.64986972	5	11/1/2050	31280000	 20,327,925 	 7,985,160.71 	20228112.81	20429997.45	99.509	100.50213	 201,884.64 																																															
AFS	613038	3136BSC29	Agency CMO	G-3-Q	FANNIE MAE	0.62581691	5.25	1/1/2051	50000000	 31,290,846 	 12,859,711.82 	31312474.21	31519800.62	100.0691	100.7317	 207,326.40 																																															
AFS	613717	3136BSC60	Agency CMO	G-3-Q	FANNIE MAE	0.62581692	5	1/1/2051	37779000	 23,642,737 	 9,659,023.22 	23527250.33	23761584.73	99.5115	100.50268	234334.4																																															
AFS	613151	3136BSK46	Agency CMO	G-3-Q	FANNIE MAE	0.67601089	5	1/1/2051	53063919	 35,871,787 	 12,601,105.29 	35871787.11	35733121.13	100	99.61344	-138665.98																																															
AFS	613039	3136BSM77	Agency CMO	G-3-Q	FANNIE MAE	0.63686668	5	1/1/2051	37096662	 23,625,628 	 9,891,006.48 	23510125.35	23732439.43	99.5111	100.4521	222314.08																																															
AFS	613023	3136BSVV4	Agency CMO	G-3-Q	FANNIE MAE	0.67484796	5.5	2/1/2051	47888000	 32,317,119 	 9,727,201.39 	32008757.62	32534131.8	99.0458	100.67151	525374.17																																															
AFS	612661	3136BSY25	Agency CMO	G-3-Q	FANNIE MAE	0.68443346	5.25	12/1/2047	20000000	 13,688,669 	 5,030,815.49 	13735443.63	13788057.15	100.3417	100.72606	52613.52																																															
AFS	613164	3136BTJZ7	Agency CMO	G-3-Q	FANNIE MAE	0.89865044	5.5	11/1/2054	69264258	 62,244,356 	 5,034,300.00 	62364815.53	62760293.17	100.1935	100.82889	395477.63																																															
AFS	614419	3136BTMG5	Agency CMO	G-3-Q	FANNIE MAE	0.84018014	5	10/1/2054	50000000	 42,009,007 	 4,807,134.03 	41963615.53	42082417.74	99.8919	100.17475	118802.21																																															
AFS	614651	3136BTZA4	Agency CMO	G-3-Q	FANNIE MAE	0.7806861	5	3/1/2051	44601547	 34,819,808 	 6,757,823.61 	34283069.5	34623723.52	98.4585	99.43686	340654.02																																															
AFS	614676	3136BUWF3	Agency CMO	G-3-Q	FANNIE MAE	0.73193642	5.5	5/1/2051	39000000	 28,545,520 	 7,739,536.43 	28507466.12	28864436.64	99.8667	101.11722	356970.52																																															
AFS	614112	3136BUY46	Agency CMO	G-3-Q	FANNIE MAE	0.78431035	5.5	3/1/2051	100000000	 78,431,035 	 17,486,302.94 	78536209.35	79518269.54	100.1341	101.38623	982060.19																																															
AFS	613341	3136BVAL2	Agency CMO	G-3-Q	FANNIE MAE	0.73219058	5.5	2/1/2052	56793000	 41,583,300 	 12,557,831.52 	41514832.99	42106247.03	99.8354	101.25759	591414.03																																															
AFS	613835	3136BVVM7	Agency CMO	G-3-Q	FANNIE MAE	0.83841304	5.5	12/1/2051	119833351	 100,469,844 	 17,233,197.20 	100367186.1	101351517.2	99.8978	100.87755	984331.11																																															
AFS	612900	3136BWLU8	Agency CMO	G-3-Q	FANNIE MAE	0.79537835	5.25	2/1/2052	67136000	 53,398,521 	 12,817,125.21 	52984269.24	53203445.43	99.2242	99.63468	219176.2																																															
AFS	613779	31371H4K1	Agency MBS 30yr	G-2-Q	FANNIE MAE	0.00035193	8	12/1/2029	18000	 6 	 2.42 	6.63	6.45	104.6256	101.8416544	-0.18																																															
AFS	614652	31371JBD5	Agency MBS 30yr	G-2-Q	FANNIE MAE	0.00047028	7	2/1/2030	3000000	 1,411 	 373.78 	1475.54	1491.65	104.5862	105.727928	16.11																																															
AFS	613064	31371JW91	Agency MBS 30yr	G-2-Q	FANNIE MAE	0.00068653	7	3/1/2031	5030321	 3,453 	 795.72 	3635.48	3651.28	105.2705	105.727928	15.79																																															
AFS	613593	31371KHY0	Agency MBS 30yr	G-2-Q	FANNIE MAE	0.00152648	6.5	1/1/2032	2210415	 3,374 	 1,268.66 	3635.63	3511.61	107.7492	104.0736483	-124.02																																															
AFS	613235	31371MPX9	Agency MBS Other	G-2-Q	FANNIE MAE	0.0047237	5	1/1/2036	10000000	 47,237 	 5,236.63 	48910.66	46717.94	103.5431	98.9011504	-2192.73																																															
AFS	614050	31371NRS6	Agency MBS Other	G-2-Q	FANNIE MAE	0.00322528	5.5	2/1/2038	10749972	 34,672 	 9,625.23 	36968.18	34984.37	106.6236	100.9018901	-1983.82																																															
AFS	613569	31374GB97	Agency MBS ARM	G-2-Q	FANNIE MAE	0.00000848	6.102	1/1/2027	17000000	 144 	 512.45 	144.16	143.98	100	99.8725403	-0.18																																															
AFS	613185	31376FLZ8	Agency MBS ARM	G-2-Q	FANNIE MAE	0.00009018	6.33	9/1/2026	6080494	 548 	 1,442.74 	548.34	547.79	100	99.8990949	-0.55																																															
AFS	614388	31379PCG5	Agency MBS ARM	G-2-Q	FANNIE MAE	0.00101829	6.191	4/1/2028	15374771	 15,656 	 7,116.12 	15655.98	15742.58	100	100.5531647	86.6																																															
PUB_HTM	610739	3137F9CT6	Structured Agency CMBS	G-3-Q	FREDDIE MAC	1	1.658	12/1/2030	27238000	 27,238,000 	 -   	25857091.51	24198105.73	94.9302	88.83951	-1658985.78																																															
PUB_HTM	612505	3137F9L58	Agency CMO	G-3-Q	FREDDIE MAC	0.62325608	1.25	2/1/2051	15000000	 9,348,841 	 569,356.07 	8330614.14	7169512.26	89.1085	76.68878	-1161101.88																																															
PUB_HTM	614278	3137FFF69	Agency CMO	G-3-Q	FREDDIE MAC	0.62711291	1.5	3/1/2051	25000000	 15,677,823 	 1,012,726.55 	14318782.54	12168143.02	91.3314	77.61373	-2150639.52																																															
PUB_HTM	613226	3137FFFL6	Agency CMO	G-3-Q	FREDDIE MAC	0.66940069	1.5	3/1/2051	25000000	 16,735,017 	 993,802.84 	15221035.56	12774926.44	90.9532	76.3365	-2446109.11																																															
PUB_HTM	614037	3137FFHX8	Agency CMO	G-3-Q	FREDDIE MAC	0.6211245	1.5	11/1/2050	50000000	 31,056,225 	 1,555,330.38 	28155403.87	23472341.44	90.6595	75.58015	-4683062.43																																															
HTM	606899	3137FHQ71	Structured Agency CMBS	G-3-Q	FREDDIE MAC	1	3.99	8/1/2033	12640000	 12,640,000 	 -   	12582684.44	12135499.68	99.5466	96.0087	-447184.76																																															
PUB_HTM	614583	3137FYA63	Agency CMO	G-3-Q	FREDDIE MAC	0.52748222	2	9/1/2050	25000000	 13,187,056 	 965,146.61 	12481732.19	10738897.11	94.6514	81.43514	-1742835.08																																															
PUB_HTM	614782	3137FYGW0	Agency CMO	G-3-Q	FREDDIE MAC	0.46043307	1.5	4/1/2051	25000000	 11,510,827 	 1,354,048.27 	10792392.83	9683312.64	93.7586	84.12352	-1109080.19																																															
PUB_HTM	613786	3137FYNM4	Agency CMO	G-3-Q	FREDDIE MAC	0.61298694	1.75	4/1/2051	50000000	 30,649,347 	 1,875,217.66 	28087672.79	24432985.14	91.642	79.7178	-3654687.64																																															
HTM	606900	3137H9JG5	Structured Agency CMBS	G-3-Q	FREDDIE MAC	1	3.8	10/1/2032	20000000	 20,000,000 	 -   	19814818.38	19187440	99.0741	95.9372	-627378.38																																															
HTM	606897	3137H9M89	Structured Agency CMBS	G-3-Q	FREDDIE MAC	1	3.78	11/1/2032	30000000	 30,000,000 	 -   	29677075.35	28769796	98.9236	95.89932	-907279.35																																															
AFS	607940	3137HA4B9	Structured Agency CMBS	G-3-Q	FREDDIE MAC	1	4.412	3/1/2030	25000000	 25,000,000 	 -   	24653825.62	25008727.5	98.6153	100.03491	354901.88																																															
AFS	613756	3137HBSS4	Agency CMO	G-3-Q	FREDDIE MAC	0.73026056	5.5	5/1/2051	36447161	 26,615,924 	 5,168,945.93 	26425478.61	26735235.41	99.2845	100.44827	309756.8																																															
AFS	613177	3137HCS94	Agency CMO	G-3-Q	FREDDIE MAC	0.52439906	5.5	12/1/2048	30370319	 15,926,167 	 8,384,512.19 	15806651.48	15981156.6	99.2496	100.34528	174505.13																																															
AFS	614333	3137HCVM1	Agency CMO	G-3-Q	FREDDIE MAC	0.60449212	5.5	7/1/2049	45000000	 27,202,145 	 8,737,270.23 	26868168.15	27271100.12	98.7722	100.25349	402931.96																																															
AFS	607912	3137HCXK3	Structured Agency CMBS	G-3-Q	FREDDIE MAC	1	5	3/1/2034	39910000	 39,910,000 	 -   	40301445.72	40873439.37	100.9808	102.41403	571993.65																																															
AFS	613549	3137HD2K5	Agency CMO	G-3-Q	FREDDIE MAC	0.64158381	5.5	7/1/2046	70000000	 44,910,867 	 14,248,298.84 	44689769.81	45275282.45	99.5077	100.81142	585512.65																																															
AFS	614444	3137HDGR5	Agency CMO	G-3-Q	FREDDIE MAC	0.61585005	5.5	11/1/2050	72000000	 44,341,204 	 14,723,794.53 	44103024.94	44443507.62	99.4629	100.23072	340482.68																																															
AFS	607927	3137HHJG7	Structured Agency CMBS	G-3-Q	FREDDIE MAC	1	4.68	10/1/2031	15000000	 15,000,000 	 -   	14937982.16	15092496	99.5865	100.61664	154513.84																																															
AFS	607937	3137HHJL6	Structured Agency CMBS	G-3-Q	FREDDIE MAC	1	4.792	9/1/2029	28750000	 28,750,000 	 -   	28890776.07	29070850	100.4897	101.116	180073.93																																															
AFS	613741	3137HHMA6	Agency CMO	G-3-Q	FREDDIE MAC	0.73240209	5.5	8/1/2050	42117000	 30,846,579 	 8,292,057.90 	30892891.47	31027839.49	100.1501	100.58762	134948.02																																															
AFS	607939	3137HHUX7	Structured Agency CMBS	G-3-Q	FREDDIE MAC	1	4.25	11/1/2029	50000000	 50,000,000 	 -   	49239158.86	49829075	98.4783	99.65815	589916.14																																															
AFS	607935	3137HHW23	Structured Agency CMBS	G-3-Q	FREDDIE MAC	1	4.23	12/1/2029	30000000	 30,000,000 	 -   	29415951.77	29828142	98.0532	99.42714	412190.23																																															
AFS	613961	3137HJEG8	Agency CMO	G-3-Q	FREDDIE MAC	0.72591318	5.5	2/1/2051	120000000	 87,109,582 	 25,735,990.04 	87196666.96	88070818.41	100.1	101.10348	874151.46																																															
AFS	614395	3137HJTQ0	Agency CMO	G-3-Q	FREDDIE MAC	0.73351012	5.5	5/1/2051	74944000	 54,972,182 	 15,671,523.28 	55142686.43	55602641.9	100.3102	101.14687	459955.47																																															
AFS	613692	3137HK5V2	Agency CMO	G-3-Q	FREDDIE MAC	0.83339396	5.5	11/1/2050	51313000	 42,763,944 	 6,403,570.47 	42783061.91	43012321.53	100.0447	100.58081	229259.62																																															
AFS	613124	3137HK5Z3	Agency CMO	G-3-Q	FREDDIE MAC	0.73638185	5.25	2/1/2051	76146000	 56,072,532 	 16,823,606.14 	55849352.52	55908211.79	99.602	99.70695	58859.27																																															
AFS	613563	3137HKCN2	Agency CMO	G-3-Q	FREDDIE MAC	0.73268063	5.5	9/1/2051	65734000	 48,162,029 	 14,391,129.56 	48205233.39	48565770.82	100.0897	100.8383	360537.42																																															
AFS	607946	3137HKDD3	Structured Agency CMBS	G-3-Q	FREDDIE MAC	1	4.55	1/1/2032	61189000	 61,189,000 	 -   	61285322.18	61342933.17	100.1574	100.25157	57610.98																																															
AFS	613591	3137HL3K6	Agency CMO	G-3-Q	FREDDIE MAC	0.86329456	5	2/1/2052	50000000	 43,164,728 	 6,256,991.60 	42546025.57	42973551.42	98.5666	99.5571	427525.85																																															
AFS	612395	3137HLB43	Agency CMO	G-3-Q	FREDDIE MAC	0.79156956	5	2/1/2052	25000000	 19,789,239 	 4,799,223.06 	19712302.45	19693308.69	99.6112	99.51524	-18993.76																																															
AFS	612520	3137HLDB5	Agency CMO	G-3-Q	FREDDIE MAC	0.79134437	5	10/1/2051	27466000	 21,735,064 	 5,094,813.84 	21431834.15	21639351.94	98.6049	99.55964	207517.78																																															
AFS	612767	3137HLJN3	Agency CMO	G-3-Q	FREDDIE MAC	0.78807945	5.25	3/1/2049	50000000	 39,403,973 	 9,859,770.61 	39289487.55	39548364.42	99.7095	100.36644	258876.86																																															
AFS	614554	31380RME2	Agency MBS 30yr	G-2-Q	FANNIE MAE	0.01914643	6.5	11/1/2028	815775	 15,619 	 10,646.11 	15977.14	16230.31	102.2918	103.912666	253.17																																															
AFS	613960	31381DR56	Agency MBS ARM	G-2-Q	FANNIE MAE	0.00041292	5.77	1/1/2029	500000	 206 	 196.56 	206.78	207.19	100.1526	100.3539518	0.42																																															
AFS	613216	31382QYB5	Agency MBS 30yr	G-2-Q	FANNIE MAE	0.00099075	7	7/1/2029	5000000	 4,954 	 1,383.34 	5116.64	5237.5	103.2883	105.727928	120.85																																															
AFS	614759	31383JZL7	Agency MBS 30yr	G-2-Q	FANNIE MAE	0.00401833	7	7/1/2029	4000000	 16,073 	 5,245.41 	16366.18	16993.99	101.822	105.727928	627.81																																															
AFS	614551	31383WH87	Agency MBS 30yr	G-2-Q	FANNIE MAE	0.00807661	7	9/1/2029	1290479	 10,423 	 2,626.69 	10422.7	11019.7	100	105.727928	597																																															
AFS	614348	31384U4H4	Agency MBS 30yr	G-2-Q	FANNIE MAE	0.00074264	6.5	11/1/2029	3675318	 2,729 	 9,885.87 	2746.12	2836.23	100.611	103.912666	90.12																																															
AFS	613318	31384VQL9	Agency MBS 30yr	G-2-Q	FANNIE MAE	0.0004336	7	2/1/2030	4985780	 2,162 	 871.04 	2297.08	2285.66	106.2563	105.727928	 (11.42)																																															
AFS	613581	31384YDB9	Agency MBS 30yr	G-2-Q	FANNIE MAE	0.00091913	6.75	9/1/2029	99585089	 91,532 	 34,095.09 	91228.82	95112.97	99.6692	103.912666	 3,884.16 																																															
AFS	613572	31384YDE3	Agency MBS 30yr	G-2-Q	FANNIE MAE	0.00120666	6.25	5/1/2029	20353214	 24,559 	 9,028.73 	24403.58	25092.61	99.3655	102.17108	 689.03 																																															
AFS	613040	31384YDN3	Agency MBS 30yr	G-2-Q	FANNIE MAE	0.00064013	8	7/1/2027	5194895	 3,325 	 6,552.17 	3325.41	3348.97	100	100.7083949	 23.56 																																															
AFS	612989	31385DRS2	Agency MBS 30yr	G-2-Q	FANNIE MAE	0.00055074	7	1/1/2031	4000000	 2,203 	 382.97 	2353.59	2329.14	106.8375	105.727928	-24.44																																															
AFS	614661	31385JDB1	Agency MBS ARM	G-2-Q	FANNIE MAE	0.00754343	5.764	3/1/2032	5000000	 37,717 	 4,718.46 	37967.05	38401.96	100.6626	101.8156491	434.91																																															
AFS	612882	31385SB49	Agency MBS ARM	G-2-Q	FANNIE MAE	0.00062582	6.495	8/1/2029	6172203	 3,863 	 5,047.90 	3872.43	3923.03	100.2523	101.5620487	50.59																																															
AFS	614158	31385SB64	Agency MBS ARM	G-2-Q	FANNIE MAE	0.00248697	6.512	11/1/2028	2000000	 4,974 	 3,692.71 	4994.01	5002.88	100.4035	100.5817468	8.87																																															
AFS	613873	31385SMK1	Agency MBS 30yr	G-2-Q	FANNIE MAE	0.00109473	7.5	9/1/2030	3693014	 4,043 	 864.29 	4241.67	4090.21	104.9178	101.1714368	-151.47																																															
AFS	613814	31385Y2E4	Agency MBS ARM	G-2-Q	FANNIE MAE	0.00219085	5.167	6/1/2040	615000	 1,347 	 549.74 	1351.15	1353.32	100.2805	100.4412417	2.17																																															
AFS	613491	31386EG51	Agency MBS 30yr	G-2-Q	FANNIE MAE	0.00232645	7.5	12/1/2030	5000000	 11,632 	 2,446.57 	12085.94	11842.6	103.9003	101.8083334	-243.34																																															
AFS	612157	31386Y5B6	Agency MBS ARM	G-2-Q	FANNIE MAE	0.00051002	5.865	11/1/2029	5202000	 2,653 	 2,981.07 	2662.15	2675.46	100.34	100.8420435	13.32																																															
AFS	613168	31387N3S4	Agency MBS 30yr	G-2-Q	FANNIE MAE	0.0002229	7	8/1/2031	8415354	 1,876 	 651.19 	1922.4	1983.23	102.4851	105.727928	60.83																																															
AFS	614690	31388B2M3	Agency MBS 30yr	G-2-Q	FANNIE MAE	0.00017081	6.5	8/1/2031	3515640	 601 	 141.10 	638.87	624	106.3893	103.912666	-14.87																																															
AFS	614204	31388DZ68	Agency MBS 30yr	G-2-Q	FANNIE MAE	0.00088905	7	9/1/2031	4523466	 4,022 	 788.98 	4305.06	4251.94	107.0487	105.727928	-53.11																																															
AFS	613761	31388FFX6	Agency MBS 30yr	G-2-Q	FANNIE MAE	0.00031638	7	9/1/2031	9458309	 2,992 	 687.07 	3241.3	3163.82	108.3172	105.727928	-77.48																																															
AFS	613490	31388KK92	Agency MBS 30yr	G-2-Q	FANNIE MAE	0.00103529	6.5	10/1/2031	13800000	 14,287 	 2,122.23 	15334.56	14846	107.3322	103.912666	-488.55																																															
AFS	614386	31388PR37	Agency MBS 30yr	G-2-Q	FANNIE MAE	0.00184963	6.5	11/1/2031	3468074	 6,415 	 1,364.97 	6805.04	6665.64	106.0859	103.912666	-139.41																																															
AFS	614735	31389C4C0	Agency MBS 30yr	G-2-Q	FANNIE MAE	0.00132413	6.5	1/1/2032	4000300	 5,297 	 28,776.57 	5316.91	5504.17	100.3774	103.912666	187.26																																															
AFS	614839	31389C4H9	Agency MBS 30yr	G-2-Q	FANNIE MAE	0.01137731	6.5	1/1/2032	10000979	 113,784 	 23,170.50 	120631.54	118236.24	106.0178	103.912666	-2395.3																																															
AFS	613203	31389DYC5	Agency MBS 30yr	G-2-Q	FANNIE MAE	0.00020352	6.5	1/1/2032	7000700	 1,425 	 493.99 	1483.89	1480.53	104.1486	103.912666	-3.36																																															
AFS	614359	31389FES7	Agency MBS 30yr	G-2-Q	FANNIE MAE	0.00970023	6.5	1/1/2032	3999600	 38,797 	 7,118.51 	40908.89	40315.04	105.4433	103.912666	-593.85																																															
AFS	613665	31389FJ60	Agency MBS 30yr	G-2-Q	FANNIE MAE	0.00073616	6.5	1/1/2032	13795000	 10,155 	 5,236.88 	10727.95	10552.67	105.6387	103.912666	-175.28																																															
AFS	614106	31389FJX1	Agency MBS 30yr	G-2-Q	FANNIE MAE	0.00053474	6.5	12/1/2031	5165553	 2,762 	 451.42 	2947.87	2870.3	106.7207	103.912666	-77.56																																															
AFS	613639	31389FQS4	Agency MBS 30yr	G-2-Q	FANNIE MAE	0.00064806	7	1/1/2032	6051399	 3,922 	 4,333.84 	4042.21	4146.3	103.0737	105.727928	104.09																																															
AFS	613272	31389FTM4	Agency MBS 30yr	G-2-Q	FANNIE MAE	0.00251518	7	2/1/2032	5000000	 12,576 	 1,670.72 	13334.83	13296.24	106.0348	105.727928	-38.59																																															
AFS	613343	31389GLF5	Agency MBS 30yr	G-2-Q	FANNIE MAE	0.0008436	6.5	1/1/2032	2000000	 1,687 	 756.69 	1803.09	1753.21	106.8685	103.912666	-49.87																																															
AFS	614426	31389PTV2	Agency MBS ARM	G-2-Q	FANNIE MAE	0.00341626	5.9	3/1/2032	7053778	 24,098 	 3,354.14 	24282.73	24579.16	100.7685	101.9986366	296.43																																															
AFS	614685	31389QUN6	Agency MBS 30yr	G-2-Q	FANNIE MAE	0.006672	6.5	1/1/2032	1680561	 11,213 	 1,885.61 	11842.02	11651.42	105.6125	103.912666	-190.6																																															
AFS	613966	31389TJ29	Agency MBS ARM	G-2-Q	FANNIE MAE	0.00256426	5.787	3/1/2032	5000000	 12,821 	 2,533.76 	12928.9	13070.67	100.8392	101.9449668	141.77																																															
AFS	613984	3138A2BQ1	Agency MBS 30yr	G-2-Q	FANNIE MAE	0.0389884	4	12/1/2040	21000767	 818,786 	 92,780.97 	818786.3	795725.21	100	97.1835031	-23061.09																																															
AFS	613899	3138A2WW5	Agency MBS 30yr	G-2-Q	FANNIE MAE	0.05152514	4	1/1/2041	17826055	 918,490 	 105,057.37 	917499.03	892907.44	99.8921	97.2147173	-24591.59																																															
AFS	614564	3138A36S1	Agency MBS 30yr	G-2-Q	FANNIE MAE	0.04544966	3.5	1/1/2041	25933425	 1,178,665 	 206,895.80 	1182376.8	1111694.52	100.3149	94.3180795	-70682.28																																															
AFS	613871	3138A4XY6	Agency MBS 30yr	G-2-Q	FANNIE MAE	0.04675624	4	1/1/2041	19365867	 905,475 	 121,027.58 	904495.37	876307.82	99.8918	96.7787842	-28187.55																																															
AFS	614299	3138A52K7	Agency MBS 30yr	G-2-Q	FANNIE MAE	0.04862161	4	2/1/2041	31313250	 1,522,501 	 115,575.01 	1522500.63	1476792.65	100	96.9978348	-45707.98																																															
AFS	613945	3138A5M58	Agency MBS 30yr	G-2-Q	FANNIE MAE	0.04104899	4	2/1/2041	26299040	 1,079,549 	 105,001.06 	1077587.56	1047472.89	99.8183	97.0287467	-30114.68																																															
AFS	614391	3138A7QM3	Agency MBS 30yr	G-2-Q	FANNIE MAE	0.04698572	4	2/1/2041	17303051	 812,996 	 101,151.58 	813851.24	790349.13	100.1052	97.2143559	-23502.12																																															
AFS	612531	3138A8J56	Agency MBS 30yr	G-2-Q	FANNIE MAE	0.03797872	4	3/1/2041	8428965	 320,121 	 36,000.87 	320121.3	310807.94	100	97.0906783	-9313.36																																															
AFS	613302	3138A8LD6	Agency MBS 30yr	G-2-Q	FANNIE MAE	0.04511259	4	3/1/2041	16517464	 745,146 	 90,480.55 	746111.02	721621.48	100.1296	96.8430194	-24489.54																																															
AFS	614264	3138A8RD0	Agency MBS 30yr	G-2-Q	FANNIE MAE	0.05280125	4	3/1/2041	25250390	 1,333,252 	 176,351.89 	1329744.15	1294875.81	99.7369	97.1215991	-34868.34																																															
AFS	614286	3138A8YD2	Agency MBS 30yr	G-2-Q	FANNIE MAE	0.05155894	4	3/1/2041	22315518	 1,150,564 	 139,705.38 	1149320.5	1110305.05	99.8919	96.5008996	-39015.46																																															
AFS	614246	3138A9CW2	Agency MBS 30yr	G-2-Q	FANNIE MAE	0.05509128	4	3/1/2041	24188723	 1,332,588 	 129,407.35 	1330172.16	1292992.23	99.8187	97.0286771	-37179.93																																															
AFS	614262	3138AB7J2	Agency MBS 30yr	G-2-Q	FANNIE MAE	0.02405271	4	4/1/2041	31260373	 751,897 	 68,567.20 	752599.23	729632.96	100.0934	97.0389907	-22966.27																																															
AFS	613398	3138ABBW8	Agency MBS 30yr	G-2-Q	FANNIE MAE	0.05010841	4	4/1/2041	39615303	 1,985,060 	 166,461.38 	1987157.6	1925461.76	100.1057	96.997668	-61695.85																																															
AFS	613661	3138ABMW6	Agency MBS 30yr	G-2-Q	FANNIE MAE	0.05665696	4	4/1/2041	31217127	 1,768,668 	 495,292.46 	1784602.2	1716663.79	100.9009	97.059723	 (67,938.41)																																															
AFS	614795	3138ADBZ7	Agency MBS 30yr	G-2-Q	FANNIE MAE	0.041021	4	7/1/2041	11016665	 451,915 	 78,382.75 	452521.38	437320.96	100.1343	96.7707063	-15200.41																																															
AFS	614630	3138AKRT8	Agency MBS 30yr	G-2-Q	FANNIE MAE	0.04049545	4	7/1/2041	9636240	 390,224 	 266,442.16 	389801.95	376852.58	99.8919	96.5734305	 (12,949.36)																																															
AFS	614150	3138ALMD6	Agency MBS 30yr	G-2-Q	FANNIE MAE	0.02874219	4	8/1/2041	50000000	 1,437,110 	 194,874.70 	1457657.41	1393073.31	101.4298	96.9357807	 (64,584.10)																																															
AFS	613554	3138AMFT7	Agency MBS 30yr	G-2-Q	FANNIE MAE	0.04066209	4	8/1/2041	15551208	 632,345 	 244,128.88 	632893.92	609362.53	100.0869	96.3655745	 (23,531.40)																																															
AFS	612177	3138ANCG6	Agency MBS 30yr	G-2-Q	FANNIE MAE	0.04906098	4	8/1/2041	2750548	 134,945 	 9,169.75 	141088.03	130489.25	104.5526	96.6984016	 (10,598.77)																																															
AFS	613926	3138ANDY6	Agency MBS 30yr	G-2-Q	FANNIE MAE	0.04068356	4	8/1/2041	50000000	 2,034,178 	 130,538.00 	2037691.68	1969958.09	100.1727	96.8429553	 (67,733.59)																																															
AFS	613802	3138AQBN5	Agency MBS 30yr	G-2-Q	FANNIE MAE	0.04925347	3.5	10/1/2041	25000000	 1,231,337 	 161,297.03 	1235591.93	1160346.38	100.3456	94.2346907	 (75,245.56)																																															
AFS	613119	3138AQCB0	Agency MBS 30yr	G-2-Q	FANNIE MAE	0.02754756	3.5	10/1/2041	25012348	 689,029 	 84,932.21 	691280.81	647085.17	100.3268	93.9125967	 (44,195.63)																																															
AFS	614029	3138ASRT1	Agency MBS 30yr	G-2-Q	FANNIE MAE	0.03341743	3.5	9/1/2041	25000000	 835,436 	 153,477.99 	837914.38	786743.9	100.2967	94.1716822	 (51,170.48)																																															
AFS	613570	3138AV5V3	Agency MBS 30yr	G-2-Q	FANNIE MAE	0.03731737	3.5	11/1/2041	50000000	 1,865,869 	 175,911.94 	1872198.42	1755183.67	100.3392	94.0679193	 (117,014.75)																																															
AFS	614584	3138AVGA7	Agency MBS 30yr	G-2-Q	FANNIE MAE	0.03603597	3.5	11/1/2041	50000000	 1,801,799 	 623,135.73 	1809656.95	1695471.32	100.4361	94.0988307	 (114,185.63)																																															
PUB_HTM	613880	3138AVRK3	Agency MBS 15yr	G-2-Q	FANNIE MAE	0.00127656	3.5	10/1/2026	42838818	 54,686 	 266,375.02 	54732.2	54494.75	100.0839	99.6496959	 (237.44)																																															
AFS	613666	3138AWFP3	Agency MBS 30yr	G-2-Q	FANNIE MAE	0.03015675	3.5	11/1/2041	50023258	 1,508,539 	 97,268.29 	1515683.55	1417645.84	100.4736	93.9747628	 (98,037.71)																																															
AFS	613999	3138AXSU6	Agency MBS 30yr	G-2-Q	FANNIE MAE	0.04222873	3.5	12/1/2041	25000000	 1,055,718 	 274,929.42 	1059415.45	992762.5	100.3502	94.0366901	 (66,652.95)																																															
AFS	614259	3138AXVP3	Agency MBS 30yr	G-2-Q	FANNIE MAE	0.04813829	3.5	11/1/2041	75000000	 3,610,372 	 240,159.83 	3620326.28	3398437.78	100.2757	94.1298575	 (221,888.50)																																															
AFS	613870	3138E0SX8	Agency MBS ARM	G-2-Q	FANNIE MAE	0.0110654	6.106	12/1/2041	50455651	 558,312 	 35,069.27 	576879.01	579657.26	103.3256	103.8231848	2778.25																																															
AFS	614308	3138E6TZ9	Agency MBS 30yr	G-2-Q	FANNIE MAE	0.17180457	3.5	2/1/2042	5110099	 877,938 	 174,284.21 	904830.68	824495.21	103.0631	93.9126534	-80335.46																																															
AFS	612673	3138E9AD2	Agency MBS ARM	G-2-Q	FANNIE MAE	0.00099642	6.055	3/1/2042	50021455	 49,842 	 2,328.30 	51388.3	51496.66	103.1016	103.319023	108.35																																															
AFS	614366	3138EH6U1	Agency MBS ARM	G-2-Q	FANNIE MAE	0.00130725	5.818	5/1/2042	32483119	 42,464 	 57,433.04 	44886.67	43710.1	105.7063	102.9355696	 (1,176.57)																																															
PUB_HTM	612987	3138EJRG5	Agency MBS 15yr	G-2-Q	FANNIE MAE	0.00638743	3	9/1/2027	77000000	 491,832 	 840,939.23 	492212.38	488763.08	100.0773	99.3759996	-3449.3																																															
AFS	613681	3138EKHE8	Agency MBS 15yr	G-2-Q	FANNIE MAE	0.02285314	2.5	12/1/2027	28141939	 643,132 	 590,404.29 	641494.43	634982.66	99.7454	98.7329177	-6511.77																																															
AFS	614288	3138EKX26	Agency MBS 15yr	G-2-Q	FANNIE MAE	0.01506018	2.5	3/1/2028	80000000	 1,204,814 	 1,247,996.78 	1209185.78	1188345.96	100.3628	98.6331141	 (20,839.82)																																															
HTM	613207	3138EKX42	Agency MBS 15yr	G-2-Q	FANNIE MAE	0.02273522	2.5	3/1/2028	43769554	 995,110 	 986,916.91 	992921.39	979891.72	99.78	98.4706498	-13029.67																																															
AFS	614002	3138EKXN0	Agency MBS ARM	G-2-Q	FANNIE MAE	0.00332632	5.752	3/1/2043	25925797	 86,238 	 2,463.28 	87244.64	88673.99	101.1679	102.8253273	 1,429.35 																																															
AFS	614531	3138EKXP5	Agency MBS ARM	G-2-Q	FANNIE MAE	0.00491529	5.702	3/1/2043	21977383	 108,025 	 316,892.63 	109240.83	110682.9	101.1253	102.460248	1442.06																																															
PUB_HTM	613565	3138ELDS9	Agency MBS 15yr	G-2-Q	FANNIE MAE	0.01748102	3	5/1/2028	31729508	 554,664 	 600,465.93 	555930.76	548389.93	100.2284	98.8688235	 (7,540.83)																																															
PUB_HTM	614365	3138ELE66	Agency MBS 15yr	G-2-Q	FANNIE MAE	0.01541857	3	6/1/2028	92219923	 1,421,899 	 1,375,759.07 	1425195.03	1407234.68	100.2318	98.9686574	 (17,960.35)																																															
PUB_HTM	614598	3138ELFP3	Agency MBS 15yr	G-2-Q	FANNIE MAE	0.01467874	3	6/1/2028	99943391	 1,467,043 	 1,631,691.85 	1469650.73	1453786.92	100.1778	99.0964048	 (15,863.80)																																															
PUB_HTM	612639	3138ELGM9	Agency MBS 15yr	G-2-Q	FANNIE MAE	0.00850715	3	6/1/2028	66412000	 564,977 	 911,038.09 	565399.17	561086.28	100.0748	99.3113759	 (4,312.89)																																															
PUB_HTM	613307	3138ELUN1	Agency MBS 15yr	G-2-Q	FANNIE MAE	0.00152618	3.5	11/1/2027	27331580	 41,713 	 166,105.62 	41855.39	41481.22	100.3416	99.4445701	 (374.16)																																															
PUB_HTM	613848	3138ELUU5	Agency MBS 15yr	G-2-Q	FANNIE MAE	0.02634325	3.5	10/1/2028	57954578	 1,526,712 	 1,048,327.61 	1541223.47	1513778.14	100.9505	99.1528331	 (27,445.33)																																															
AFS	613561	3138EM6H9	Agency MBS 15yr	G-2-Q	FANNIE MAE	0.0421537	2.5	5/1/2029	25000000	 1,053,843 	 589,643.75 	1053842.5	1033571.62	100	98.0764787	 (20,270.88)																																															
AFS	614702	3138EMQD6	Agency MBS 15yr	G-2-Q	FANNIE MAE	0.03671852	2.5	2/1/2029	100000000	 3,671,852 	 2,408,874.00 	3671852	3605338.8	100	98.1885654	 (66,513.20)																																															
AFS	613278	3138EMTZ4	Agency MBS 15yr	G-2-Q	FANNIE MAE	0.04135427	2.5	3/1/2029	65000000	 2,688,028 	 1,813,086.60 	2688027.55	2639343.86	100	98.1888693	 (48,683.69)																																															
AFS	613171	3138EMUC3	Agency MBS 15yr	G-2-Q	FANNIE MAE	0.04317496	2.5	3/1/2029	100000000	 4,317,496 	 2,612,732.82 	4317496	4234337.62	100	98.073921	-83158.38																																															
AFS	614156	3138EMY96	Agency MBS 15yr	G-2-Q	FANNIE MAE	0.03683752	2.5	5/1/2029	59000000	 2,173,414 	 1,412,156.84 	2171756.82	2136589.83	99.9238	98.3057136	 (35,167.00)																																															
AFS	612659	3138EMZC8	Agency MBS 15yr	G-2-Q	FANNIE MAE	0.03887622	2.5	5/1/2029	50000000	 1,943,811 	 1,257,247.50 	1943811	1910507.29	100	98.2866794	 (33,303.71)																																															
AFS	612278	3138EMZQ7	Agency MBS 15yr	G-2-Q	FANNIE MAE	0.03413547	2.5	10/1/2028	75608597	 2,580,935 	 1,899,645.77 	2580018.89	2541481.84	99.9645	98.4713618	 (38,537.06)																																															
AFS	614155	3138EN4L0	Agency MBS 15yr	G-2-Q	FANNIE MAE	0.05135726	2.5	1/1/2030	36991303	 1,899,772 	 802,987.20 	1906663.28	1849808.01	100.3627	97.3700027	 (56,855.28)																																															
AFS	614671	3138LY4M6	Agency MBS 30yr	G-2-Q	FANNIE MAE	0.18418811	3.5	7/1/2042	31072837	 5,723,247 	 740,412.31 	5878090.28	5380183.31	102.7055	94.0057838	 (497,906.97)																																															
AFS	614595	3138M5KJ7	Agency MBS 30yr	G-2-Q	FANNIE MAE	0.21858574	3	8/1/2042	5473812	 1,196,497 	 72,560.03 	1207729.85	1092726.58	100.9388	91.3271286	 (115,003.26)																																															
AFS	613136	3138M5KN8	Agency MBS 30yr	G-2-Q	FANNIE MAE	0.18880151	3.5	8/1/2042	23346752	 4,407,902 	 249,417.76 	4541256.43	4134108.72	103.0253	93.78858	-407147.71																																															
AFS	614508	3138MBJW7	Agency MBS 30yr	G-2-Q	FANNIE MAE	0.13273988	3.5	9/1/2042	14405186	 1,912,143 	 102,123.30 	1968886.04	1797525.77	102.9675	94.0058399	 (171,360.27)																																															
AFS	613878	3138MRML2	Agency MBS 15yr	G-2-Q	FANNIE MAE	0.0225477	2.5	1/1/2028	88715000	 2,000,319 	 1,823,224.18 	1997291.41	1974595.66	99.8486	98.7140279	-22695.76																																															
AFS	613021	3138MSCC1	Agency MBS 15yr	G-2-Q	FANNIE MAE	0.01932135	2.5	1/1/2028	114757175	 2,217,264 	 1,909,443.49 	2217263.54	2188745.48	100	98.7138172	 (28,518.06)																																															
AFS	614074	3138W5J82	Agency MBS 15yr	G-2-Q	FANNIE MAE	0.02575485	2.5	2/1/2028	27518352	 708,731 	 669,008.40 	707510.95	698393.99	99.8279	98.541472	 (9,116.96)																																															
AFS	614068	3138W6T89	Agency MBS 15yr	G-2-Q	FANNIE MAE	0.02345676	2.5	4/1/2028	26777300	 628,109 	 639,103.63 	627113.71	618947.04	99.8416	98.5413889	-8166.67																																															
AFS	613553	3138W96B1	Agency MBS 15yr	G-2-Q	FANNIE MAE	0.03601774	2.5	10/1/2028	25838766	 930,654 	 673,402.03 	929561.57	914759.86	99.8826	98.2921583	-14801.71																																															
AFS	613626	3138W9AF7	Agency MBS 15yr	G-2-Q	FANNIE MAE	0.03981582	2.5	7/1/2028	15925964	 634,105 	 412,836.50 	634105.32	624076.86	100	98.4184873	-10028.46																																															
AFS	613680	3138W9RP7	Agency MBS 15yr	G-2-Q	FANNIE MAE	0.03593565	2.5	9/1/2028	17241913	 619,599 	 433,892.40 	619599.35	609411.37	100	98.3557141	-10187.99																																															
AFS	614719	3138WA4Z7	Agency MBS 15yr	G-2-Q	FANNIE MAE	0.03489077	2.5	2/1/2029	58407481	 2,037,882 	 1,284,769.50 	2037881.99	1998018.82	100	98.0438921	 (39,863.17)																																															
AFS	613329	3138WAQH3	Agency MBS 15yr	G-2-Q	FANNIE MAE	0.04444095	2.5	12/1/2028	25754999	 1,144,577 	 669,628.33 	1143700.7	1122828.92	99.9235	98.0999347	 (20,871.77)																																															
AFS	614379	3138WAVN4	Agency MBS 15yr	G-2-Q	FANNIE MAE	0.03576054	2.5	1/1/2029	34272353	 1,225,598 	 580,386.88 	1225597.85	1199394.55	100	97.8619985	 (26,203.30)																																															
AFS	614316	3138WBFR1	Agency MBS 15yr	G-2-Q	FANNIE MAE	0.0525554	2.5	3/1/2029	21343031	 1,121,692 	 472,611.60 	1121706.22	1097066.51	100.0013	97.804653	-24639.71																																															
AFS	613110	3138WBLG8	Agency MBS 30yr	G-2-Q	FANNIE MAE	0.13671731	4	4/1/2044	16660118	 2,277,727 	 202,525.41 	2345026.87	2195925.09	102.9547	96.4086369	 (149,101.78)																																															
AFS	614750	3138WBV69	Agency MBS 30yr	G-2-Q	FANNIE MAE	0.13119678	4	5/1/2044	4569625	 599,520 	 78,686.47 	620655.66	573357.42	103.5254	95.6360649	 (47,298.23)																																															
PUB_HTM	614822	3138WD2P5	Agency MBS 15yr	G-2-Q	FANNIE MAE	0.04558029	3	2/1/2030	50585264	 2,305,691 	 946,794.84 	2316958.99	2258103.8	100.4887	97.9360979	 (58,855.19)																																															
AFS	613642	3138WD7C9	Agency MBS 15yr	G-2-Q	FANNIE MAE	0.04563469	2.5	2/1/2030	19236056	 877,831 	 449,033.20 	881354.86	853112.49	100.4014	97.1840878	 (28,242.36)																																															
PUB_AFS	614221	3138WE3R8	Agency MBS 15yr	G-2-Q	FANNIE MAE	0.05891558	3	7/1/2030	50000000	 2,945,779 	 1,033,899.84 	2960084.98	2880497.14	100.4856	97.7838847	 (79,587.84)																																															
PUB_AFS	613829	3138WF6L5	Agency MBS 15yr	G-2-Q	FANNIE MAE	0.09744909	3	12/1/2030	35268576	 3,436,891 	 1,156,654.18 	3454275.86	3355423.78	100.5058	97.629635	 (98,852.08)																																															
PUB_AFS	614447	3138WFE93	Agency MBS 15yr	G-2-Q	FANNIE MAE	0.05947977	3	8/1/2030	100000000	 5,947,977 	 2,398,249.96 	5977608.17	5813126.06	100.4982	97.7328268	 (164,482.11)																																															
PUB_AFS	613582	3138WFHB5	Agency MBS 15yr	G-2-Q	FANNIE MAE	0.07764123	3	8/1/2030	50319614	 3,906,877 	 1,707,497.34 	3927698.7	3816255.07	100.533	97.6804578	 (111,443.63)																																															
PUB_HTM	614070	3138WFNT9	Agency MBS 15yr	G-2-Q	FANNIE MAE	0.05866449	3	9/1/2030	50000000	 2,933,225 	 1,249,079.22 	2948584.35	2863699.2	100.5237	97.6297314	 (84,885.15)																																															
PUB_HTM	613555	3138WFST4	Agency MBS 15yr	G-2-Q	FANNIE MAE	0.05635798	3	10/1/2030	35133380	 1,980,046 	 678,873.23 	1990999.52	1932724.05	100.5532	97.6100418	 (58,275.47)																																															
PUB_HTM	613510	3138WFWY8	Agency MBS 15yr	G-2-Q	FANNIE MAE	0.0569437	3	10/1/2030	30000000	 1,708,311 	 523,662.13 	1717104.66	1666929.26	100.5148	97.5776228	 (50,175.39)																																															
PUB_HTM	614103	3138WFXY7	Agency MBS 15yr	G-2-Q	FANNIE MAE	0.07378275	3	10/1/2030	30163080	 2,225,515 	 852,070.42 	2236648.27	2173901.31	100.5003	97.6808206	 (62,746.97)																																															
PUB_AFS	613117	3138WFYS9	Agency MBS 15yr	G-2-Q	FANNIE MAE	0.05707444	3	11/1/2030	35000000	 1,997,605 	 651,339.95 	2007989.43	1949848.44	100.5198	97.6092898	 (58,140.98)																																															
PUB_HTM	614408	3138WGJP0	Agency MBS 15yr	G-2-Q	FANNIE MAE	0.05937176	3	1/1/2031	37700000	 2,238,315 	 819,617.60 	2250676.91	2183674.88	100.5523	97.5588573	 (67,002.03)																																															
PUB_HTM	614518	3138WGKX1	Agency MBS 15yr	G-2-Q	FANNIE MAE	0.08038161	3	2/1/2031	35000000	 2,813,356 	 833,426.84 	2828912.07	2736879.86	100.5529	97.2816636	 (92,032.20)																																															
PUB_HTM	614470	3138WGPJ7	Agency MBS 15yr	G-2-Q	FANNIE MAE	0.08850135	3	2/1/2031	30214687	 2,674,041 	 924,230.08 	2688904.18	2602720.36	100.5558	97.3328668	 (86,183.81)																																															
PUB_HTM	613624	3138WGVP6	Agency MBS 15yr	G-2-Q	FANNIE MAE	0.06489992	3	3/1/2031	40000000	 2,595,997 	 748,063.35 	2610435.01	2524245.78	100.5562	97.2360898	 (86,189.23)																																															
AFS	613213	3138WH2R2	Agency MBS 15yr	G-2-Q	FANNIE MAE	0.13376844	2	9/1/2031	194859013	 26,065,986 	 6,893,525.25 	26162387.53	24820746.6	100.3698	95.2227413	 (1,341,640.93)																																															
AFS	613032	3138WH5D0	Agency MBS 15yr	G-2-Q	FANNIE MAE	0.14903675	2	10/1/2031	200789987	 29,925,087 	 7,624,404.38 	30047931.5	28495466.9	100.4105	95.2226699	 (1,552,464.59)																																															
AFS	613461	3138WH5F5	Agency MBS 15yr	G-2-Q	FANNIE MAE	0.14236337	2	10/1/2031	100000000	 14,236,337 	 3,876,986.36 	14287180.62	13536191.38	100.3571	95.081982	 (750,989.23)																																															
AFS	614059	3138WH6E7	Agency MBS 15yr	G-2-Q	FANNIE MAE	0.14923149	2	10/1/2031	200674306	 29,946,926 	 7,319,672.49 	30096315.84	28495166.35	100.4988	95.1522258	 (1,601,149.49)																																															
HTM	614812	3138WHWR9	Agency MBS 15yr	G-2-Q	FANNIE MAE	0.12344859	2	9/1/2031	26122291	 3,224,760 	 894,746.41 	3189679.19	3070694.87	98.9121	95.2224314	 (118,984.31)																																															
PUB_HTM	612387	3138WJ4N5	Agency MBS 15yr	G-2-Q	FANNIE MAE	0.15293335	3	3/1/2032	25000000	 3,823,334 	 698,507.48 	3846621.36	3700991.59	100.6091	96.8001182	-145629.77																																															
AFS	614783	3138WJEF1	Agency MBS 15yr	G-2-Q	FANNIE MAE	0.14506002	2	11/1/2031	176201763	 25,559,831 	 6,361,089.39 	25606531.38	24320595.46	100.1827	95.1516276	 (1,285,935.91)																																															
AFS	614733	3138WJEY0	Agency MBS 15yr	G-2-Q	FANNIE MAE	0.15938785	2	11/1/2031	95000000	 15,141,846 	 3,406,022.84 	15148976.97	14386559.28	100.0471	95.011926	 (762,417.69)																																															
HTM	614682	3138WJF94	Agency MBS 15yr	G-2-Q	FANNIE MAE	0.14387544	2	11/1/2031	5000000	 719,377 	 180,010.65 	713547.41	683999.81	99.1896	95.0822202	 (29,547.60)																																															
HTM	612162	3138WJKT4	Agency MBS 15yr	G-2-Q	FANNIE MAE	0.14553658	2	11/1/2031	25162207	 3,662,022 	 992,380.26 	3631811.27	3481934.08	99.175	95.0822936	-149877.19																																															
HTM	613715	3138WJRM2	Agency MBS 15yr	G-2-Q	FANNIE MAE	0.16926545	2	1/1/2032	25141107	 4,255,521 	 961,013.22 	4211672.44	4038596.04	98.9696	94.90251	 (173,076.39)																																															
HTM	614100	3138WJU63	Agency MBS 15yr	G-2-Q	FANNIE MAE	0.16300988	2	2/1/2032	80181978	 13,070,455 	 3,445,242.54 	12884329.16	12379693.12	98.576	94.7150921	-504636.04																																															
PUB_HTM	612902	3138WKMQ5	Agency MBS 15yr	G-2-Q	FANNIE MAE	0.12934894	3	4/1/2032	25133491	 3,250,990 	 962,366.28 	3271768.18	3144084.74	100.6391	96.7115965	-127683.44																																															
AFS	614216	3138WP7F5	Agency MBS 30yr	G-2-Q	FANNIE MAE	0.22749794	3	5/1/2043	30410456	 6,918,316 	 848,256.43 	6981471.93	6300992.25	100.9129	91.0769639	-680479.68																																															
AFS	613446	3138WPJX3	Agency MBS ARM	G-2-Q	FANNIE MAE	0.01920211	5.824	5/1/2043	50187171	 963,700 	 568,595.36 	971810.67	998371.2	100.8417	103.597763	26560.53																																															
AFS	612674	3138WQBY7	Agency MBS 15yr	G-2-Q	FANNIE MAE	0.03223074	2.5	5/1/2028	13516848	 435,658 	 275,647.36 	437290.25	428414.33	100.3747	98.3373008	-8875.92																																															
HTM	613410	3138WRWC0	Agency MBS 15yr	G-2-Q	FANNIE MAE	0.02642166	2.5	5/1/2028	31801897	 840,259 	 611,675.32 	838246.32	827954.93	99.7605	98.5356913	-10291.4																																															
AFS	614301	3138WTHF6	Agency MBS 15yr	G-2-Q	FANNIE MAE	0.04201702	2.5	5/1/2028	26841763	 1,127,811 	 660,859.98 	1127191.89	1109966.44	99.9451	98.4177801	-17225.45																																															
AFS	612510	3138WVXA4	Agency MBS 15yr	G-2-Q	FANNIE MAE	0.04439141	2.5	6/1/2028	22410962	 994,854 	 626,306.16 	998991.98	977637.21	100.4159	98.2693954	-21354.76																																															
AFS	613029	3138WZTM4	Agency MBS 15yr	G-2-Q	FANNIE MAE	0.04298461	2.5	8/1/2028	11526990	 495,483 	 341,192.09 	495483.17	487020.04	100	98.2919447	-8463.12																																															
AFS	614266	3138X17J9	Agency MBS 15yr	G-2-Q	FANNIE MAE	0.02958443	2.5	8/1/2028	26544742	 785,311 	 544,909.00 	784076.08	772891.69	99.8427	98.4185417	-11184.39																																															
AFS	613658	3138X1BG0	Agency MBS 15yr	G-2-Q	FANNIE MAE	0.03509243	2.5	8/1/2028	14504715	 509,006 	 317,117.78 	509005.7	499470.47	100	98.1266952	-9535.23																																															
AFS	613423	3138X6M36	Agency MBS 15yr	G-2-Q	FANNIE MAE	0.0331528	2.5	9/1/2028	17649387	 585,127 	 413,180.61 	585126.6	575133.86	100	98.2922101	-9992.73																																															
PUB_HTM	613683	3138X6M77	Agency MBS 15yr	G-2-Q	FANNIE MAE	0.02604934	3	9/1/2028	100000000	 2,604,934 	 1,860,118.92 	2611791.1	2571553	100.2632	98.7185472	-40238.1																																															
PUB_HTM	613274	3138X6M85	Agency MBS 15yr	G-2-Q	FANNIE MAE	0.02586079	3	9/1/2028	72085404	 1,864,185 	 1,266,994.27 	1869981.34	1840299.08	100.3109	98.7186677	-29682.26																																															
PUB_HTM	613299	3138XB5J9	Agency MBS 15yr	G-2-Q	FANNIE MAE	0.02628208	3	10/1/2028	70000000	 1,839,746 	 1,354,414.65 	1845759.01	1816164.07	100.3269	98.718218	-29594.94																																															
PUB_HTM	613746	3138XCCG5	Agency MBS 15yr	G-2-Q	FANNIE MAE	0.0016405	3	12/1/2026	54202000	 88,918 	 653,025.56 	88918.38	88515.49	100	99.5469035	-402.89																																															
AFS	614172	3138XGTL7	Agency MBS 15yr	G-2-Q	FANNIE MAE	0.06774111	3	2/1/2029	2429672	 164,589 	 252,078.90 	166797.45	161986.05	101.342	98.4187099	-4811.4																																															
AFS	614280	3138XGTQ6	Agency MBS 15yr	G-2-Q	FANNIE MAE	0.02705981	2.5	2/1/2029	8000000	 216,478 	 240,960.48 	216478.48	212813.78	100	98.3071274	-3664.7																																															
AFS	614675	3138XJ4D6	Agency MBS 15yr	G-2-Q	FANNIE MAE	0.02936456	3.5	3/1/2029	1404481	 41,242 	 19,794.24 	41762.4	40655.94	101.2619	98.5790524	-1106.45																																															
AFS	612382	3138XMKS8	Agency MBS 15yr	G-2-Q	FANNIE MAE	0.01646942	3	2/1/2029	1903424	 31,348 	 22,449.85 	31573.58	30877.72	100.7187	98.4989097	-695.86																																															
AFS	613267	3138XMKT6	Agency MBS 15yr	G-2-Q	FANNIE MAE	0.00250387	3.5	1/1/2029	1089637	 2,728 	 10,202.78 	2728.79	2719.21	100.0177	99.6663134	-9.58																																															
AFS	613856	3138XQBB6	Agency MBS 15yr	G-2-Q	FANNIE MAE	0.03337142	3	4/1/2029	1366060	 45,587 	 24,209.39 	45791.77	44817.21	100.4484	98.3105938	-974.56																																															
AFS	614710	3138XQC41	Agency MBS 30yr	G-2-Q	FANNIE MAE	0.1747765	4	5/1/2044	1152752	 201,474 	 6,585.16 	208333.07	192760.56	103.4045	95.6751738	 (15,572.51)																																															
AFS	614404	3138XTAA3	Agency MBS 30yr	G-2-Q	FANNIE MAE	0.12293357	3.5	6/1/2044	3296656	 405,270 	 19,259.39 	417405.65	378724.56	102.9945	93.4500091	 (38,681.09)																																															
AFS	614173	3138XTAB1	Agency MBS 30yr	G-2-Q	FANNIE MAE	0.12714721	4	6/1/2044	14352323	 1,824,858 	 81,172.49 	1914223.26	1755174.92	104.8971	96.1814611	 (159,048.34)																																															
AFS	613604	3138XTD36	Agency MBS 30yr	G-2-Q	FANNIE MAE	0.11301499	4	5/1/2044	5520927	 623,948 	 26,565.90 	644970.34	598352.23	103.3693	95.8978474	 (46,618.11)																																															
AFS	614590	3138XTFX8	Agency MBS 30yr	G-2-Q	FANNIE MAE	0.1950405	4	4/1/2044	1777184	 346,623 	 14,753.76 	357714.86	332065.43	103.2	95.8002107	-25649.44																																															
AFS	613737	3138XTSB2	Agency MBS 30yr	G-2-Q	FANNIE MAE	0.03751966	4	3/1/2044	2085949	 78,264 	 2,650.97 	81062.61	74891.77	103.5757	95.6910917	-6170.84																																															
AFS	613768	3138XUW57	Agency MBS 30yr	G-2-Q	FANNIE MAE	0.1794527	4	4/1/2044	1049143	 188,272 	 6,394.48 	196784.26	180207.42	104.5215	95.7167569	-16576.84																																															
PUB_HTM	613623	3138XV5X4	Agency MBS 15yr	G-2-Q	FANNIE MAE	0.04539764	3.5	6/1/2029	33219841	 1,508,102 	 704,795.57 	1525524.83	1492310.77	101.1553	98.9528822	-33214.06																																															
PUB_HTM	613458	3138XXGD2	Agency MBS 15yr	G-2-Q	FANNIE MAE	0.00659762	3	2/1/2027	104128300	 686,999 	 1,744,944.01 	687085.3	683527.15	100.0126	99.4946417	-3558.15																																															
PUB_HTM	613851	3138Y3YF2	Agency MBS 15yr	G-2-Q	FANNIE MAE	0.04744157	3	10/1/2029	30000000	 1,423,247 	 632,639.59 	1429471.44	1398381.06	100.4373	98.2528654	-31090.38																																															
PUB_HTM	614091	3138Y6PJ7	Agency MBS 15yr	G-2-Q	FANNIE MAE	0.05437126	3	12/1/2029	97019290	 5,275,061 	 2,584,846.67 	5307193.17	5175006.66	100.6091	98.1032564	-132186.51																																															
PUB_HTM	614497	3138YBXX6	Agency MBS 15yr	G-2-Q	FANNIE MAE	0.07202026	3	7/1/2030	28268213	 2,035,884 	 748,676.24 	2045684.41	1990762.71	100.4814	97.7836979	-54921.71																																															
AFS	614371	3138YD6G9	Agency MBS 15yr	G-2-Q	FANNIE MAE	0.02859637	2.5	1/1/2030	20388819	 583,046 	 369,473.40 	585460.45	564704.36	100.4141	96.8541336	-20756.1																																															
AFS	614047	3138YGZJ4	Agency MBS 30yr	G-2-Q	FANNIE MAE	0.25960508	3.5	5/1/2045	27194252	 7,059,766 	 789,188.39 	7239225.8	6574976.52	102.542	93.1330663	-664249.28																																															
PUB_HTM	613911	3138YHVL1	Agency MBS 15yr	G-2-Q	FANNIE MAE	0.07398832	3	5/1/2030	35000000	 2,589,591 	 957,810.21 	2601908.64	2531530.65	100.4757	97.7579261	-70377.98																																															
AFS	612277	3138YHW63	Agency MBS 30yr	G-2-Q	FANNIE MAE	0.20315425	3	6/1/2045	7777214	 1,579,974 	 58,799.16 	1592858.16	1421958.06	100.8155	89.998822	 (170,900.10)																																															
AFS	614423	3138YHWT3	Agency MBS 30yr	G-2-Q	FANNIE MAE	0.13085594	3.5	6/1/2045	11977014	 1,567,263 	 534,869.42 	1615478.67	1459638.79	103.0764	93.1329583	 (155,839.87)																																															
PUB_HTM	613633	3138YKKD4	Agency MBS 15yr	G-2-Q	FANNIE MAE	0.06665748	3	3/1/2030	31663817	 2,110,630 	 701,097.11 	2120665.27	2067056.42	100.4755	97.9355063	-53608.85																																															
PUB_HTM	612266	3138YKMY6	Agency MBS 15yr	G-2-Q	FANNIE MAE	0.07864753	3	4/1/2030	31017520	 2,439,451 	 820,987.83 	2451741.55	2385318.79	100.5038	97.7809542	-66422.76																																															
PUB_HTM	614439	3138YLZL8	Agency MBS 15yr	G-2-Q	FANNIE MAE	0.04575783	3	4/1/2030	56036451	 2,564,106 	 1,085,847.71 	2575991.72	2512454.28	100.4635	97.9855705	-63537.44																																															
PUB_HTM	613921	3138YNL62	Agency MBS 15yr	G-2-Q	FANNIE MAE	0.08966958	3	8/1/2030	40618255	 3,642,222 	 1,122,123.38 	3660730.67	3557044.32	100.5082	97.6613849	-103686.35																																															
PUB_AFS	614334	3138YR6Y9	Agency MBS 15yr	G-2-Q	FANNIE MAE	0.07332786	3	7/1/2030	175000000	 12,832,376 	 4,955,911.51 	12895549.43	12538198.86	100.4923	97.7075434	-357350.57																																															
AFS	614662	3138YUGY1	Agency MBS 30yr	G-2-Q	FANNIE MAE	0.28854972	4	9/1/2045	2363404	 681,960 	 21,301.13 	719344.09	650985.49	105.4819	95.4580776	-68358.61																																															
PUB_HTM	613198	3138YUH79	Agency MBS 15yr	G-2-Q	FANNIE MAE	0.06771717	3	9/1/2030	57283337	 3,879,065 	 1,519,715.14 	3898369.79	3788059.95	100.4977	97.6539319	-110309.84																																															
AFS	612290	3138YUHB0	Agency MBS 30yr	G-2-Q	FANNIE MAE	0.25939448	3.5	9/1/2045	7978871	 2,069,675 	 291,494.71 	2114466.81	1927530.19	102.1642	93.1320182	-186936.63																																															
AFS	614220	3138YUHC8	Agency MBS 30yr	G-2-Q	FANNIE MAE	0.25230613	3.5	9/1/2045	1196977	 302,005 	 15,772.79 	311141.77	281067.05	103.0255	93.0671313	-30074.72																																															
PUB_AFS	613193	3138YUNP2	Agency MBS 15yr	G-2-Q	FANNIE MAE	0.06398595	3	8/1/2030	44517560	 2,848,498 	 1,113,021.68 	2862654.43	2785362.52	100.497	97.7835392	-77291.91																																															
AFS	613145	3138YWH34	Agency MBS 30yr	G-2-Q	FANNIE MAE	0.2745243	3.5	10/1/2045	6226894	 1,709,434 	 89,663.05 	1761444.21	1592045.55	103.0426	93.1329206	-169398.67																																															
PUB_HTM	613482	3138YWKG1	Agency MBS 15yr	G-2-Q	FANNIE MAE	0.07503086	3	10/1/2030	100000000	 7,503,086 	 2,668,774.88 	7541670.37	7323706.76	100.5142	97.6092605	-217963.62																																															
AFS	613858	31390KSP4	Agency MBS Other	G-2-Q	FANNIE MAE	0.00019673	7.5	5/1/2032	1000000	 197 	 122.58 	199.75	198.29	101.5349	100.7943773	-1.46																																															
AFS	613157	31390VEC4	Agency MBS 30yr	G-2-Q	FANNIE MAE	0.03105274	6	9/1/2032	1714956	 53,254 	 6,665.11 	57211.37	54410.27	107.431	102.17108	-2801.1																																															
AFS	614458	31391SRQ5	Agency MBS 30yr	G-2-Q	FANNIE MAE	0.02425515	6	12/1/2032	1061215	 25,740 	 16,132.71 	25867.49	26298.76	100.4956	102.17108	431.27																																															
AFS	614797	31393DYT2	Agency CMO	G-3-Q	FANNIE MAE	0.00391718	3.5	8/1/2033	2000000	 7,834 	 3,872.46 	8130.36	7757.51	103.7783	99.01908	-372.85																																															
AFS	613324	31397N6V2	Agency CMO	G-3-Q	FANNIE MAE	0.00050517	5.25	7/1/2039	100000000	 50,517 	 2,787.32 	54120.13	50418.29	107.1325	99.80461	-3701.83																																															
AFS	613735	31398FXJ5	Agency CMO	G-3-Q	FANNIE MAE	0.03107415	4	11/1/2049	777178	 24,150 	 656.20 	25308	22338.69	104.7944	92.49918	-2969.31																																															
REG_STCK	611079	313990103	Regulatory_Stock	CB-4	FEDERAL RESERVE BANK		4.468	12/31/2100	577270850	 577,270,850 	 -   	577270850	577270850	100	100	0																																															
WTNA_REG_STCK	611082	313992033	Regulatory_Stock	CB-4	FEDERAL RESERVE BANK		6	12/31/2100	10913400	 10,913,400 	 -   	10913400	10913400	100	100	0																																															
REG_STCK	611090	313993034	Regulatory_Stock	CB-4	FEDERAL RESERVE BANK		4.468	12/31/2100	499150	 499,150 	 -   	499150	499150	100	100	0																																															
AFS	614501	31400APE2	Agency MBS 30yr	G-2-Q	FANNIE MAE	0.02569587	5.5	2/1/2033	1241230	 31,894 	 4,238.51 	33669.73	32446.44	105.566	101.7305717	-1223.29																																															
AFS	613691	31400JTW9	Agency MBS 30yr	G-2-Q	FANNIE MAE	0.0163594	5.5	2/1/2033	1655233	 27,079 	 2,937.64 	27098.4	27214	100.073	100.499966	115.6																																															
AFS	613888	31400STF6	Agency MBS 30yr	G-2-Q	FANNIE MAE	0.02659221	6	3/1/2033	1472736	 39,163 	 5,964.55 	39775.2	40296.92	101.5624	102.8945879	521.72																																															
AFS	614547	31401MBC4	Agency MBS 30yr	G-2-Q	FANNIE MAE	0.01699137	5.5	6/1/2033	2010006	 34,153 	 7,942.66 	35354.11	34865.63	103.5176	102.0873116	-488.48																																															
AFS	613265	31402BBE3	Agency MBS 30yr	G-2-Q	FANNIE MAE	0.04600321	5	8/1/2033	1893078	 87,088 	 13,115.93 	91383.91	86557.49	104.9332	99.3912196	-4826.42																																															
AFS	614589	31402DLZ1	Agency MBS ARM	G-2-Q	FANNIE MAE	0.01001552	5.505	8/1/2034	24181430	 242,190 	 78,698.05 	248395.83	245749.33	102.5626	101.4698132	-2646.5																																															
AFS	614552	31403RMG0	Agency MBS 30yr	G-2-Q	FANNIE MAE	0.03509037	5	10/1/2033	1789149	 62,782 	 8,609.69 	66419.96	62402.17	105.7948	99.3951621	-4017.79																																															
AFS	614275	31403RS66	Agency MBS 30yr	G-2-Q	FANNIE MAE	0.04589624	5.5	12/1/2033	605065	 27,770 	 2,739.06 	29428.58	27909.05	105.9718	100.499966	 (1,519.53)																																															
AFS	613323	31403YC27	Agency MBS 30yr	G-2-Q	FANNIE MAE	0.03999162	4.75	8/1/2033	937508	 37,492 	 4,020.06 	36659.13	37196.27	97.7773	99.2099822	537.13																																															
AFS	613333	31403YC43	Agency MBS 30yr	G-2-Q	FANNIE MAE	0.0113641	5.25	8/1/2033	14992196	 170,373 	 44,057.80 	168437.99	171563.68	98.8644	100.6989767	3125.69																																															
AFS	613608	31403YC76	Agency MBS Other	G-2-Q	FANNIE MAE	0.05303097	5.5	8/1/2033	992043	 52,609 	 5,462.56 	52268.72	52362.21	99.3532	99.530893	93.49																																															
AFS	612285	31403YC84	Agency MBS 30yr	G-2-Q	FANNIE MAE	0.01135192	5.75	8/1/2033	4601005	 52,230 	 11,206.80 	52097.02	52491.37	99.7449	100.499966	394.36																																															
AFS	613334	31403YC92	Agency MBS 30yr	G-2-Q	FANNIE MAE	0.01012992	5.75	8/1/2033	25149286	 254,760 	 43,981.44 	253886.66	258395.61	99.6571	101.4269708	4508.95																																															
AFS	614167	31403YCJ0	Agency MBS Other	G-2-Q	FANNIE MAE	0.01484995	5.25	5/1/2028	3487901	 51,795 	 31,783.87 	51467.26	51824.55	99.3669	100.0567465	357.29																																															
AFS	614170	31403YCL5	Agency MBS Other	G-2-Q	FANNIE MAE	0.00328952	5.75	11/1/2027	8098232	 26,639 	 21,536.91 	26542.55	26642.45	99.6368	100.0118299	99.9																																															
AFS	612163	31403YCN1	Agency MBS Other	G-2-Q	FANNIE MAE	0.00202059	6.25	2/1/2027	4574137	 9,242 	 10,101.07 	9242.46	9229.39	100	99.8586214	-13.06																																															
AFS	614814	31403YDE0	Agency MBS 30yr	G-2-Q	FANNIE MAE	0.00485459	6.25	8/1/2033	5971174	 28,988 	 2,907.63 	29070.39	29616.95	100.2856	102.17108	546.55																																															
AFS	614596	31403YDQ3	Agency MBS 30yr	G-2-Q	FANNIE MAE	0.11878597	4.25	8/1/2033	757179	 89,942 	 8,921.47 	86595.76	88648.58	96.2793	98.5616766	2052.83																																															
AFS	614036	31404JJ55	Agency MBS 30yr	G-2-Q	FANNIE MAE	0.03518636	5.5	3/1/2034	3064743	 107,837 	 13,044.11 	114467.39	108376.3	106.1484	100.499966	-6091.09																																															
AFS	614186	31404M6A1	Agency MBS 30yr	G-2-Q	FANNIE MAE	0.03555162	5	6/1/2034	1031569	 36,674 	 6,056.55 	38281.2	36819.64	104.3825	100.3972488	-1461.57																																															
AFS	614380	31404XLY8	Agency MBS 30yr	G-2-Q	FANNIE MAE	0.02396769	5.5	2/1/2035	3235934	 77,558 	 6,558.75 	83395.18	79048.47	107.5264	101.9219245	-4346.71																																															
AFS	614357	31404XT61	Agency MBS 30yr	G-2-Q	FANNIE MAE	0.03140806	5.5	1/1/2035	6848996	 215,114 	 20,346.58 	231670.42	219366.7	107.6967	101.9771042	-12303.73																																															
AFS	614336	31405FGE6	Agency MBS ARM	G-2-Q	FANNIE MAE	0.00182075	6.269	7/1/2034	9000000	 16,387 	 1,363.03 	16489.11	16801.71	100.6246	102.5322859	312.6																																															
AFS	614721	31406ELK8	Agency MBS 30yr	G-2-Q	FANNIE MAE	0.01238746	5.5	12/1/2034	3854574	 47,748 	 4,116.19 	51062.66	48742.38	106.9411	102.0817537	-2320.27																																															
AFS	614412	31406MKA3	Agency MBS 30yr	G-2-Q	FANNIE MAE	0.02623706	5	6/1/2035	4002072	 105,003 	 8,590.70 	111693.71	105605.07	106.3723	100.5737638	-6088.64																																															
AFS	612523	31407ER96	Agency MBS 30yr	G-2-Q	FANNIE MAE	0.02644608	5.5	12/1/2035	3598316	 95,161 	 7,239.12 	103070.11	97144.51	108.3109	102.0839989	-5925.6																																															
AFS	613577	31407FFH8	Agency MBS 30yr	G-2-Q	FANNIE MAE	0.09491149	5	6/1/2035	1360664	 129,143 	 16,796.50 	137174.66	128233.2	106.2195	99.2957773	-8941.46																																															
AFS	614054	31407QGB6	Agency MBS ARM	G-2-Q	FANNIE MAE	0.00044661	6.13	9/1/2037	33798675	 15,095 	 4,496.51 	15589.65	15394.97	103.2781	101.9883891	 (194.68)																																															
AFS	613294	31408B2Q0	Agency MBS ARM	G-2-Q	FANNIE MAE	0.00462422	5.663	11/1/2035	15013237	 69,425 	 4,881.25 	71471.57	70633.1	102.9486	101.7408714	 (838.47)																																															
AFS	613095	31408ELZ3	Agency MBS ARM	G-2-Q	FANNIE MAE	0.00304396	5.465	1/1/2036	30041599	 91,445 	 6,070.11 	93956	92428.47	102.7454	101.0750054	 (1,527.53)																																															
AFS	614199	31409D6C2	Agency MBS ARM	G-2-Q	FANNIE MAE	0.00223421	6.164	4/1/2036	30022219	 67,076 	 60,085.30 	69111.55	68993.51	103.0348	102.8587942	 (118.05)																																															
AFS	614660	31409GR65	Agency MBS ARM	G-2-Q	FANNIE MAE	0.00591584	5.867	12/1/2036	12550001	 74,244 	 6,334.90 	76583.04	76009.59	103.1508	102.3783662	 (573.45)																																															
AFS	614500	31409GRW8	Agency MBS ARM	G-2-Q	FANNIE MAE	0.00908441	6.316	10/1/2036	16153769	 146,747 	 175,404.76 	151645.37	150589.25	103.3376	102.6179587	 (1,056.13)																																															
AFS	612998	31409GUE4	Agency MBS 30yr	G-2-Q	FANNIE MAE	0.09086811	5.5	12/1/2036	2212732	 201,067 	 13,433.24 	218164.01	205304.81	108.5033	102.1077751	 (12,859.20)																																															
AFS	613815	31409TQ27	Agency MBS 30yr	G-2-Q	FANNIE MAE	0.02142033	6	4/1/2036	3092584	 66,244 	 5,658.72 	72234.53	67857.57	109.0428	102.4355283	-4376.97																																															
AFS	612286	31409XGU7	Agency MBS 30yr	G-2-Q	FANNIE MAE	0.02694903	6	6/1/2036	1055054	 28,433 	 1,916.43 	30881.13	29310.38	108.6114	103.0869239	-1570.75																																															
AFS	614317	3140B8GW5	Agency MBS 30yr	G-2-Q	FANNIE MAE	0.87218961	5.5	4/1/2055	2672589	 2,331,004 	 335,117.42 	2335088.76	2350319.6	100.1752	100.828623	15230.84																																															
AFS	613369	3140B8GX3	Agency MBS 30yr	G-2-Q	FANNIE MAE	0.65200416	6	4/1/2055	4888238	 3,187,152 	 1,726,335.16 	3250359.29	3278223.97	101.9832	102.8574875	27864.67																																															
AFS	614723	3140B9PC7	Agency MBS 30yr	G-2-Q	FANNIE MAE	0.50259211	6.5	5/1/2055	1782469	 895,855 	 919,764.21 	930223.29	935283.69	103.8364	104.4012527	5060.39																																															
AFS	613247	3140BCT77	Agency MBS 30yr	G-2-Q	FANNIE MAE	0.98689553	5	5/1/2055	1019620	 1,006,258 	 12,027.04 	980869.24	999745.54	97.4769	99.3527631	18876.31																																															
AFS	614809	3140BCU42	Agency MBS 30yr	G-2-Q	FANNIE MAE	0.87374731	5.5	5/1/2055	1198049	 1,046,792 	 149,767.07 	1044017.96	1061203.19	99.735	101.3766912	 17,185.22 																																															
AFS	614829	3140BCVY5	Agency MBS 30yr	G-2-Q	FANNIE MAE	0.97886728	6	5/1/2055	1232654	 1,206,605 	 24,642.93 	1227687.43	1246588.73	101.7473	103.3137662	18901.3																																															
AFS	612270	3140BDFZ8	Agency MBS 30yr	G-2-Q	FANNIE MAE	0.8821555	6.5	5/1/2055	1634352	 1,441,753 	 198,286.57 	1492550.57	1504947.41	103.5233	104.3831933	 12,396.84 																																															
AFS	614725	3140BDHM5	Agency MBS 30yr	G-2-Q	FANNIE MAE	0.98485059	5.5	6/1/2055	1369720	 1,348,970 	 20,682.56 	1344567.71	1364300.09	99.6737	101.136463	 19,732.38 																																															
AFS	620160	3140BFY90	Agency MBS 30yr	G-2-Q	FANNIE MAE	0.88688143	6.5	6/1/2055	1035400	 918,277 	 121,597.09 	958926.83	959108.61	104.4267	104.4465427	181.78																																															
AFS	642748	3140BJWG8	Agency MBS 30yr	G-2-Q	FANNIE MAE	0.9262443	6	8/1/2055	1476559	 1,367,654 	 110,618.76 	1405481.38	1403720.78	102.7658	102.6371004	-1760.6																																															
AFS	694926	3140BS3T2	Agency MBS 30yr	G-2-Q	FANNIE MAE	0.94324657	6	10/1/2055	1714432	 1,617,132 	 10,929.30 	1682037.63	1664256.06	104.0136	102.9140452	-17781.57																																															
AFS	714809	3140BXJV9	Agency MBS 30yr	G-2-Q	FANNIE MAE	0.99394599	5.5	12/1/2055	1119600	 1,112,822 	 6,911.51 	1134437.99	1122939.8	101.9425	100.9092081	-11498.2																																															
PUB_HTM	613394	3140E2VZ1	Agency MBS 15yr	G-2-Q	FANNIE MAE	0.06615013	3	10/1/2030	35000000	 2,315,255 	 841,706.47 	2327195.39	2260372.12	100.5157	97.6295295	-66823.27																																															
PUB_AFS	613037	3140E8KZ0	Agency MBS 15yr	G-2-Q	FANNIE MAE	0.07670594	3	12/1/2030	20140529	 1,544,898 	 480,337.49 	1553171.65	1507175.49	100.5355	97.5582392	 (45,996.17)																																															
PUB_HTM	613175	3140EVGS0	Agency MBS 15yr	G-2-Q	FANNIE MAE	0.0759264	3	2/1/2031	24207535	 1,837,991 	 464,229.82 	1847957.67	1792164.75	100.5423	97.5067212	-55792.92																																															
PUB_HTM	613672	3140EYCN9	Agency MBS 15yr	G-2-Q	FANNIE MAE	0.09530402	3	2/1/2031	34679319	 3,305,079 	 1,468,132.40 	3323216.49	3221057.49	100.5488	97.4578206	 (102,159.00)																																															
AFS	613231	3140F0JU9	Agency MBS 15yr	G-2-Q	FANNIE MAE	0.14898039	2	10/1/2031	42214099	 6,289,073 	 1,520,805.98 	6294781.84	5982750.61	100.0908	95.1292929	 (312,031.23)																																															
AFS	613788	3140FKR28	Agency MBS 15yr	G-2-Q	FANNIE MAE	0.13034962	2	10/1/2031	19268072	 2,511,586 	 523,773.89 	2514018.73	2391652.36	100.0969	95.22479	-122366.37																																															
PUB_HTM	613007	3140GQ4Y9	Agency MBS 15yr	G-2-Q	FANNIE MAE	0.23383557	3	8/1/2032	14872902	 3,477,814 	 779,093.78 	3512348.04	3364156.81	100.993	96.7319495	 (148,191.22)																																															
PUB_HTM	614847	3140HNKC5	Agency MBS 30yr	G-2-Q	FANNIE MAE	0.66963659	2	1/1/2051	50000000	 33,481,830 	 1,677,815.50 	31429700.96	27030391.85	93.8709	80.7315259	-4399309.11																																															
AFS	614203	3140HRSF1	Agency CMBS	G-2-Q	FANNIE MAE	1	4.04	12/1/2030	12000000	 12,000,000 	 -   	11727747.13	11820193.39	97.7312	98.5016116	92446.26																																															
PUB_HTM	613418	3140HUZH2	Agency CMBS	G-2-Q	FANNIE MAE	0.988170394	2.21	10/1/2029	8300000	 8,201,814 	 95,839.39 	8042903.72	7686951.07	98.0625	93.7225694	 (355,952.64)																																															
PUB_HTM	613471	3140HVD76	Agency CMBS	G-2-Q	FANNIE MAE	1	2.28	10/1/2029	12768000	 12,768,000 	 -   	12529485.52	11975178.69	98.1319	93.7905599	 (554,306.83)																																															
PUB_HTM	614693	3140HVKH6	Agency CMBS	G-2-Q	FANNIE MAE	1	2.25	10/1/2029	12205000	 12,205,000 	 -   	11980822.5	11446629.75	98.1632	93.786397	-534192.75																																															
PUB_HTM	614572	3140HVMA9	Agency CMBS	G-2-Q	FANNIE MAE	1	2.26	10/1/2029	14900000	 14,900,000 	 -   	14631231.81	13951965.97	98.1962	93.6373555	-679265.84																																															
PUB_HTM	614080	3140HVVK7	Agency CMBS	G-2-Q	FANNIE MAE	0.933096301	2.43	10/1/2029	35000000	 32,658,371 	 623,652.19 	32303361.87	30830438.1	98.913	94.402867	-1472923.77																																															
PUB_HTM	613114	3140HW4G4	Agency CMBS	G-2-Q	FANNIE MAE	1	2.43	1/1/2030	40000000	 40,000,000 	 -   	39517531.24	37398088.6	98.7938	93.4952215	-2119442.64																																															
PUB_HTM	613245	3140HWBB7	Agency CMBS	G-2-Q	FANNIE MAE	0.989299053	2.37	10/1/2029	15461000	 15,295,553 	 162,293.82 	15057958.51	14348882.64	98.4466	93.8108152	-709075.87																																															
PUB_HTM	614360	3140HWPX4	Agency CMBS	G-2-Q	FANNIE MAE	1	2.315	12/1/2029	25000000	 25,000,000 	 -   	24544767.35	23362639.62	98.1791	93.4505585	-1182127.72																																															
PUB_HTM	613225	3140HYXE3	Agency CMBS	G-2-Q	FANNIE MAE	0.964281467	1.7	6/1/2030	17350000	 16,730,283 	 286,985.63 	16020925.11	15139317.77	95.76	90.4905037	-881607.35																																															
PUB_HTM	613564	3140J17B8	Agency CMBS	G-2-Q	FANNIE MAE	0.966758277	1.21	11/1/2030	43600000	 42,150,661 	 821,928.82 	39360039.64	37006176.97	93.3794	87.7950101	 (2,353,862.66)																																															
PUB_HTM	613881	3140J1KN7	Agency CMBS	G-2-Q	FANNIE MAE	0.900606737	1.25	10/1/2030	9075000	 8,173,006 	 177,635.23 	7691467.82	7219378.07	94.1082	88.3319791	 (472,089.74)																																															
PUB_HTM	614244	3140J1PY8	Agency CMBS	G-2-Q	FANNIE MAE	0.988023653	1.17	10/1/2030	17626000	 17,414,905 	 194,233.19 	16245598.88	15286400.86	93.2856	87.7776878	 (959,198.02)																																															
PUB_HTM	613249	3140J1QQ4	Agency CMBS	G-2-Q	FANNIE MAE	0.987127417	1.155	10/1/2030	28230000	 27,866,607 	 335,730.36 	26083838.43	24456194.42	93.6025	87.7616512	 (1,627,644.01)																																															
PUB_HTM	613415	3140J1SV1	Agency CMBS	G-2-Q	FANNIE MAE	1	1.23	11/1/2030	15000000	 15,000,000 	 -   	13987963.18	13107528.57	93.2531	87.3835238	 (880,434.61)																																															
PUB_HTM	614418	3140J1VN5	Agency CMBS	G-2-Q	FANNIE MAE	0.986871038	1.09	10/1/2030	13714000	 13,533,949 	 164,955.42 	12580161.8	11845862.22	92.9526	87.5270171	-734299.58																																															
PUB_HTM	614129	3140J23T1	Agency CMBS	G-2-Q	FANNIE MAE	0.991386131	1.38	12/1/2030	5655000	 5,606,289 	 45,232.09 	5268437.33	4943886.81	93.9737	88.1846652	 (324,550.53)																																															
PUB_HTM	613281	3140J2DW3	Agency CMBS	G-2-Q	FANNIE MAE	0.966926186	1.24	11/1/2030	9600000	 9,282,491 	 181,243.38 	8715341.99	8159994.48	93.8901	87.9073747	 (555,347.50)																																															
PUB_HTM	612985	3140J2LT1	Agency CMBS	G-2-Q	FANNIE MAE	0.991151257	1.375	12/1/2030	18400000	 18,237,183 	 150,530.38 	17075890.22	16101340.59	93.6323	88.2885283	 (974,549.63)																																															
PUB_HTM	614655	3140J2PM2	Agency CMBS	G-2-Q	FANNIE MAE	1	1.22	1/1/2030	10000000	 10,000,000 	 -   	9464608.32	8993476.89	94.6461	89.9347689	 (471,131.43)																																															
PUB_HTM	613348	3140J6AW7	Agency MBS 15yr	G-2-Q	FANNIE MAE	0.16950071	3	10/1/2032	29303756	 4,967,007 	 869,222.26 	4998382.99	4801306.66	100.6317	96.6639714	-197076.33																																															
PUB_HTM	614232	3140J7T54	Agency MBS 15yr	G-2-Q	FANNIE MAE	0.17582523	3	12/1/2032	50000000	 8,791,262 	 2,321,688.92 	8850000.16	8497969.28	100.6681	96.663821	 (352,030.88)																																															
PUB_AFS	614378	3140J8FS7	Agency MBS 10yr	G-2-Q	FANNIE MAE	0.04514474	2.5	4/1/2028	30000000	 1,354,342 	 1,154,963.26 	1348657.43	1336622.04	99.5803	98.691604	 (12,035.39)																																															
PUB_HTM	613495	3140J8HE6	Agency MBS 15yr	G-2-Q	FANNIE MAE	0.08373051	3.5	1/1/2032	10068090	 843,006 	 431,889.34 	851571.13	832511.91	101.016	98.7551223	-19059.21																																															
PUB_HTM	613099	3140J9HD6	Agency MBS 15yr	G-2-Q	FANNIE MAE	0.01617814	3.5	2/1/2031	21626176	 349,871 	 708,299.30 	350962.22	347649.83	100.3118	99.3650591	-3312.4																																															
PUB_AFS	613594	3140J9JQ5	Agency MBS 10yr	G-2-Q	FANNIE MAE	0.03244672	3.5	11/1/2028	8829621	 286,492 	 221,209.54 	288360.87	284597.92	100.6522	99.3387875	-3762.95																																															
HTM	613331	3140JB4U7	Agency CMBS	G-2-Q	FANNIE MAE	1	4.008	1/1/2033	138812000	 138,812,000 	 -   	138962274.1	134663886.3	100.1083	97.0117038	 (4,298,387.79)																																															
HTM	614039	3140JB4V5	Agency CMBS	G-2-Q	FANNIE MAE	1	3.978	1/1/2033	176439000	 176,439,000 	 -   	176493754.3	171343929.7	100.031	97.1122766	 (5,149,824.61)																																															
HTM	614767	3140JB5A0	Agency CMBS	G-2-Q	FANNIE MAE	0.941430633	3.369	10/1/2032	118357000	 111,424,905 	 128,825.28 	107974779.1	104637658.6	96.9036	93.9086806	 (3,337,120.58)																																															
AFS	613702	3140JCAH7	Agency MBS ARM	G-2-Q	FANNIE MAE	0.77287293	4.557	5/1/2053	79635171	 61,547,868 	 5,047,808.45 	60555859.16	61324320.85	98.3882	99.6367915	 768,461.69 																																															
AFS	614697	3140JCEY6	Agency MBS ARM	G-2-Q	FANNIE MAE	0.76409889	4.362	8/1/2053	69167704	 52,850,966 	 6,430,896.30 	52147431.07	54064507.58	98.6688	102.2961581	 1,917,076.52 																																															
AFS	613284	3140JCF41	Agency CMBS	G-2-Q	FANNIE MAE	1	4.559	1/1/2031	85829000	 85,829,000 	 -   	85907470.6	85941166.83	100.0914	100.1306864	 33,696.24 																																															
AFS	613535	3140JCFY5	Agency CMBS	G-2-Q	FANNIE MAE	0.99857034	4.481	1/1/2031	47628000	 47,559,908 	 44,556.62 	47473873.86	47503024.41	99.8191	99.8803956	29150.55																																															
AFS	612389	3140JCG57	Agency CMBS	G-2-Q	FANNIE MAE	1	4.712	1/1/2029	52537000	 52,537,000 	 -   	52358639.24	52985324.12	99.6605	100.8533493	 626,684.89 																																															
AFS	614541	3140JCHM9	Agency MBS ARM	G-2-Q	FANNIE MAE	0.69253102	4.005	2/1/2054	23354834	 16,173,947 	 3,353,987.25 	15917671.47	16010772.33	98.4155	98.9911264	 93,100.86 																																															
AFS	613051	3140JCJX3	Agency CMBS	G-2-Q	FANNIE MAE	0.486768586	5.279	3/1/2029	52611554	 25,609,652 	 26,969,752.63 	25609651.75	25738373.98	100	100.5026317	 128,722.22 																																															
AFS	613827	3140JCK94	Agency CMBS	G-2-Q	FANNIE MAE	0.951541555	4.82	4/1/2029	67079694	 63,829,116 	 604,751.40 	63485273.71	64594837.03	99.4613	101.1996417	 1,109,563.32 																																															
AFS	613358	3140JCKP8	Agency CMBS	G-2-Q	FANNIE MAE	0.999481307	4.978	5/1/2029	71967473	 71,930,144 	 19,085.56 	71930143.98	72949118.84	100	101.4166173	 1,018,974.86 																																															
AFS	613425	3140JCLR3	Agency CMBS	G-2-Q	FANNIE MAE	0.998697443	4.603	7/1/2029	60473950	 60,395,179 	 78,770.77 	60395179.23	60841456.55	100	100.7389287	446277.31																																															
AFS	614503	3140JCM68	Agency CMBS	G-2-Q	FANNIE MAE	1	4.717	10/1/2030	28165000	 28,165,000 	 -   	28184332.01	28445156.49	100.0686	100.9946973	260824.48																																															
AFS	613163	3140JCMC5	Agency MBS ARM	G-2-Q	FANNIE MAE	0.76823857	4.796	6/1/2054	34601507	 26,582,212 	 4,907,375.70 	26622979.71	26657100.78	100.1534	100.2817242	34121.07																																															
AFS	613337	3140JCMF8	Agency CMBS	G-2-Q	FANNIE MAE	1	4.664	8/1/2029	41452100	 41,452,100 	 -   	41814584.7	41857995.77	100.8745	100.9791923	43411.07																																															
AFS	613785	3140JCMT8	Agency CMBS	G-2-Q	FANNIE MAE	1	4.158	9/1/2029	87175000	 87,175,000 	 -   	87586259.78	86668564.07	100.4718	99.4190583	-917695.7																																															
AFS	613305	3140JCNR1	Agency CMBS	G-2-Q	FANNIE MAE	0.998957435	4.838	9/1/2031	68204442	 68,133,334 	 44,150.38 	68301327.04	68996430.48	100.2466	101.266775	695103.44																																															
AFS	613243	3140JCP65	Agency CMBS	G-2-Q	FANNIE MAE	1	4.776	1/1/2032	65402000	 65,402,000 	 -   	65019898.14	66143468.36	99.4158	101.133709	 1,123,570.22 																																															
AFS	614109	3140JCQ23	Agency CMBS	G-2-Q	FANNIE MAE	0.999085415	4.717	2/1/2032	80177200	 80,103,871 	 59,094.80 	80515310.95	80632232.1	100.5136	100.6595948	 116,921.16 																																															
AFS	612400	3140JCQ64	Agency CMBS	G-2-Q	FANNIE MAE	0.962308154	3.641	1/1/2034	100802508	 97,003,075 	 3,217,435.13 	91983132.88	92171385.28	94.825	95.0190341	 188,252.40 																																															
PUB_HTM	613211	3140KNR34	Agency MBS 30yr	G-2-Q	FANNIE MAE	0.6423247	2	10/1/2050	9158764	 5,882,900 	 546,347.52 	5527631.52	4782661.79	93.961	81.2976851	 (744,969.73)																																															
PUB_HTM	614837	3140KQRP8	Agency MBS 30yr	G-2-Q	FANNIE MAE	0.63601167	2	10/1/2050	20068604	 12,763,866 	 1,254,544.66 	11975862.07	10319666.63	93.8263	80.8506322	 (1,656,195.44)																																															
PUB_HTM	613197	3140KVCD0	Agency MBS 30yr	G-2-Q	FANNIE MAE	0.56729784	2	12/1/2050	14594126	 8,279,216 	 1,014,971.57 	7761861.83	6730489.68	93.7512	81.2938031	 (1,031,372.15)																																															
PUB_HTM	613401	3140KVXP0	Agency MBS 30yr	G-2-Q	FANNIE MAE	0.66952789	2	1/1/2051	50000000	 33,476,395 	 2,522,671.25 	31395279.24	27034625.17	93.7833	80.7572786	 (4,360,654.07)																																															
PUB_HTM	614513	3140KXTF3	Agency MBS 30yr	G-2-Q	FANNIE MAE	0.62362287	2	1/1/2051	15044808	 9,382,286 	 235,121.88 	8792623.85	7627173.19	93.7152	81.293332	 (1,165,450.66)																																															
PUB_HTM	612901	3140L0SH1	Agency MBS 30yr	G-2-Q	FANNIE MAE	0.65310177	2	1/1/2051	26373750	 17,224,743 	 2,268,462.01 	16123832.45	14002678.54	93.6086	81.2939775	 (2,121,153.90)																																															
PUB_HTM	613202	3140L0WV5	Agency MBS 30yr	G-2-Q	FANNIE MAE	0.73489702	2	2/1/2051	48446315	 35,603,053 	 2,523,744.75 	33417385.79	28781868	93.861	80.8410121	 (4,635,517.79)																																															
PUB_HTM	613542	3140L1ET8	Agency MBS 30yr	G-2-Q	FANNIE MAE	0.61890293	2	1/1/2051	20629392	 12,767,591 	 585,258.33 	11966713.71	10379300.12	93.7273	81.2941141	 (1,587,413.59)																																															
PUB_HTM	614228	3140L1VC6	Agency MBS 30yr	G-2-Q	FANNIE MAE	0.61827858	2	3/1/2051	38333825	 23,700,983 	 2,072,174.82 	22173117.33	19267465.84	93.5536	81.2939528	 (2,905,651.49)																																															
PUB_HTM	614194	3140L2SL8	Agency MBS 30yr	G-2-Q	FANNIE MAE	0.63970501	2	2/1/2051	57080110	 36,514,432 	 2,309,172.70 	34218163.85	29684067.67	93.7113	81.2940686	 (4,534,096.18)																																															
PUB_HTM	613920	3140L3A76	Agency MBS 30yr	G-2-Q	FANNIE MAE	0.67529871	2	2/1/2051	24457411	 16,516,058 	 1,024,590.64 	15493423.48	13478149.44	93.8082	81.6063334	 (2,015,274.05)																																															
PUB_HTM	613894	3140L3K59	Agency MBS 30yr	G-2-Q	FANNIE MAE	0.73906656	2	4/1/2051	20279622	 14,987,990 	 775,632.74 	14042298.78	12226230.16	93.6903	81.5735117	 (1,816,068.62)																																															
PUB_HTM	612507	3140LA5F8	Agency CMBS	G-2-Q	FANNIE MAE	0.975189642	1.26	2/1/2031	4442000	 4,331,792 	 74,485.80 	4040895.75	3782240.53	93.2846	87.3135226	-258655.22																																															
PUB_HTM	613365	3140LAAF2	Agency CMBS	G-2-Q	FANNIE MAE	0.971818034	1.21	1/1/2031	26425000	 25,680,292 	 472,766.65 	23926111.65	22433057.07	93.1692	87.3551495	-1493054.58																																															
PUB_HTM	614445	3140LAAL9	Agency CMBS	G-2-Q	FANNIE MAE	1	1.22	12/1/2030	43204000	 43,204,000 	 -   	40221513.41	37621195.62	93.0967	87.0780382	-2600317.79																																															
PUB_HTM	614790	3140LAR23	Agency CMBS	G-2-Q	FANNIE MAE	1	1.26	1/1/2031	20000000	 20,000,000 	 -   	18643257.52	17420059.08	93.2163	87.1002954	-1223198.44																																															
PUB_HTM	612780	3140LAZ65	Agency CMBS	G-2-Q	FANNIE MAE	1	1.44	1/1/2031	20000000	 20,000,000 	 -   	18745105.43	17551536.18	93.7255	87.7576809	-1193569.25																																															
PUB_HTM	614241	3140LBBF9	Agency CMBS	G-2-Q	FANNIE MAE	1	1.76	5/1/2031	31332000	 31,332,000 	 -   	29663927.01	27787322.86	94.6761	88.6867192	-1876604.14																																															
PUB_HTM	612645	3140LBLX9	Agency CMBS	G-2-Q	FANNIE MAE	0.994737825	1.32	2/1/2031	17880000	 17,785,912 	 86,911.79 	16638241.07	15571249.64	93.5473	87.54822	-1066991.43																																															
PUB_HTM	614629	3140LBQ55	Agency CMBS	G-2-Q	FANNIE MAE	0.996846076	1.62	3/1/2031	11924000	 11,886,393 	 35,292.24 	11265867.13	10520037.09	94.7795	88.5048764	 (745,830.04)																																															
PUB_HTM	614853	3140LBXV0	Agency CMBS	G-2-Q	FANNIE MAE	0.998464374	1.83	4/1/2031	9500000	 9,485,412 	 13,841.72 	9072488.56	8458745.44	95.6468	89.1763672	-613743.13																																															
PUB_HTM	614222	3140LD6V6	Agency CMBS	G-2-Q	FANNIE MAE	1	1.79	11/1/2031	52240000	 52,240,000 	 -   	49044179.63	45460780.98	93.8824	87.0229345	-3583398.65																																															
PUB_HTM	613810	3140LE5J2	Agency CMBS	G-2-Q	FANNIE MAE	1	1.91	1/1/2032	48794000	 48,794,000 	 -   	46470763.34	42818160.47	95.2387	87.7529214	-3652602.88																																															
PUB_HTM	613612	3140LEEE3	Agency CMBS	G-2-Q	FANNIE MAE	1	1.99	11/1/2031	26250000	 26,250,000 	 -   	24909255.54	23099072.56	94.8924	87.9964669	-1810182.98																																															
PUB_HTM	613670	3140LEVU8	Agency CMBS	G-2-Q	FANNIE MAE	0.916321077	2.09	12/1/2031	40162020	 36,801,305 	 729,486.74 	35557456.91	32837891.24	96.6201	89.2302348	-2719565.68																																															
HTM	614043	3140LG4C3	Agency CMBS	G-2-Q	FANNIE MAE	1	3.82	9/1/2032	35700000	 35,700,000 	 -   	35369028.97	34329655.64	99.0729	96.1615004	-1039373.32																																															
HTM	614462	3140LG5K4	Agency CMBS	G-2-Q	FANNIE MAE	0.948599082	4.28	10/1/2032	30081000	 28,534,809 	 430,376.49 	28767589.44	28005743.38	100.8158	98.145894	-761846.06																																															
AFS	613498	3140LGM58	Agency CMBS	G-2-Q	FANNIE MAE	0.969975655	3.95	6/1/2038	10000000	 9,699,757 	 71,689.37 	9094881.49	8927197.54	93.764	92.0352742	-167683.96																																															
HTM	614049	3140LHGY0	Agency CMBS	G-2-Q	FANNIE MAE	1	3.4	9/1/2032	20700000	 20,700,000 	 -   	20055651.55	19437525.73	96.8872	93.9010905	-618125.82																																															
HTM	613426	3140LHQ94	Agency CMBS	G-2-Q	FANNIE MAE	1	3.78	10/1/2032	21496000	 21,496,000 	 -   	21184008.45	20560780.41	98.5486	95.649332	-623228.04																																															
HTM	613719	3140LHT34	Agency CMBS	G-2-Q	FANNIE MAE	0.355628785	3.97	9/1/2032	11228000	 3,993,000 	 7,205,437.55 	3977365.37	3868534.62	99.6084	96.8829107	-108830.74																																															
HTM	613384	3140LHWV8	Agency CMBS	G-2-Q	FANNIE MAE	1	3.615	10/1/2032	16434000	 16,434,000 	 -   	16121114.31	15589050.13	98.0961	94.8585258	-532064.18																																															
HTM	613988	3140LJB88	Agency CMBS	G-2-Q	FANNIE MAE	1	4.275	1/1/2033	21783000	 21,783,000 	 -   	22053163.64	21453124.04	101.2402	98.4856266	-600039.59																																															
HTM	613475	3140LJE69	Agency CMBS	G-2-Q	FANNIE MAE	1	4.1	2/1/2030	65000000	 65,000,000 	 -   	65025256.11	64321526.56	100.0389	98.9561947	-703729.56																																															
HTM	614124	3140LJHQ2	Agency CMBS	G-2-Q	FANNIE MAE	1	3.95	1/1/2033	14334000	 14,334,000 	 -   	14254240.48	13801449.63	99.4436	96.2847051	-452790.85																																															
AFS	612511	3140LJJV9	Agency CMBS	G-2-Q	FANNIE MAE	1	4.3	1/1/2030	7750000	 7,750,000 	 -   	7751535.81	7730690.44	100.0198	99.7508444	-20845.37																																															
AFS	613055	3140LLZX2	Agency CMBS	G-2-Q	FANNIE MAE	1	5.02	11/1/2028	60000000	 60,000,000 	 -   	60553834.59	60917190.84	100.9231	101.5286514	363356.25																																															
PUB_HTM	614330	3140LNJT5	Agency MBS 15yr	G-2-Q	FANNIE MAE	0.58080202	1.5	9/1/2036	18323234	 10,642,171 	 1,464,108.69 	10226609.6	9587062.28	96.0951	90.0855849	-639547.33																																															
HTM	613855	3140LQHL7	Agency MBS 20yr	G-2-Q	FANNIE MAE	0.68737246	2.5	3/1/2042	25000000	 17,184,312 	 1,703,897.97 	17114470.93	15300371.82	99.5936	89.0368626	-1814099.11																																															
PUB_HTM	613439	3140LVRJ0	Agency MBS 30yr	G-2-Q	FANNIE MAE	0.7281745	2	10/1/2051	20000000	 14,563,490 	 622,219.16 	13633428.82	11833934.32	93.6137	81.2575442	-1799494.49																																															
AFS	614765	3140ME3S3	Agency MBS 30yr	G-2-Q	FANNIE MAE	0.98174786	5.5	4/1/2055	1050374	 1,031,202 	 19,279.41 	1036709.8	1043264.34	100.5341	101.1696942	6554.54																																															
AFS	613927	3140MEX43	Agency MBS 30yr	G-2-Q	FANNIE MAE	0.9877442	5.5	4/1/2055	1885713	 1,862,602 	 19,677.15 	1864059.23	1871914.46	100.0782	100.499966	7855.23																																															
AFS	614715	3140MEX50	Agency MBS 30yr	G-2-Q	FANNIE MAE	0.98594908	5	2/1/2055	1128296	 1,112,442 	 13,269.41 	1086970.13	1099497.56	97.7102	98.8363584	12527.43																																															
AFS	614237	3140MEX68	Agency MBS 30yr	G-2-Q	FANNIE MAE	0.79515604	6	2/1/2055	1259443	 1,001,454 	 261,209.53 	1026571.56	1029714.67	102.5081	102.821994	3143.11																																															
PUB_HTM	613675	3140MHS26	Agency MBS 30yr	G-2-Q	FANNIE MAE	0.66331416	2.5	3/1/2052	39350065	 26,101,455 	 2,745,332.60 	25169326.31	22277530.46	96.4288	85.3497638	-2891795.85																																															
AFS	642779	3140MKR61	Agency MBS 30yr	G-2-Q	FANNIE MAE	0.55002232	5.5	7/1/2055	1365113	 750,843 	 622,236.70 	760235.19	761237.67	101.2509	101.3844512	1002.48																																															
AFS	642780	3140MKR79	Agency MBS 30yr	G-2-Q	FANNIE MAE	0.984544	6	7/1/2055	1094633	 1,077,714 	 17,484.36 	1112397.67	1111234.55	103.2182	103.1103043	-1163.13																																															
AFS	614089	3140N25Q0	Agency MBS 30yr	G-2-Q	FANNIE MAE	0.72217767	5	9/1/2052	20000000	 14,443,553 	 1,246,123.49 	14330802.76	14309292.08	99.2194	99.0704412	-21510.68																																															
HTM	613378	3140N3AM1	Agency MBS 30yr	G-2-Q	FANNIE MAE	0.71100863	5	10/1/2052	20370626	 14,483,691 	 1,575,404.00 	14363012.69	14376131.07	99.1668	99.2573729	13118.37																																															
HTM	613628	3140N7ZE3	Agency MBS 30yr	G-2-Q	FANNIE MAE	0.89831793	5	10/1/2052	1853964	 1,665,449 	 41,571.19 	1651215.51	1653934.53	99.1454	99.3086206	2719.03																																															
AFS	613111	3140NU2L2	Agency CMBS	G-2-Q	FANNIE MAE	1	4.56	4/1/2029	48325000	 48,325,000 	 -   	47594975.86	48699131.86	98.4893	100.7741994	1104156																																															
AFS	612402	3140NU3F4	Agency CMBS	G-2-Q	FANNIE MAE	0.988069776	4.74	4/1/2029	6156000	 6,082,558 	 62,616.69 	6074354.19	6143442.76	99.8651	101.0009805	69088.56																																															
AFS	613122	3140NU3G2	Agency CMBS	G-2-Q	FANNIE MAE	1	4.64	4/1/2029	19908000	 19,908,000 	 -   	19814185.74	20055847.14	99.5288	100.7426519	241661.4																																															
AFS	612164	3140NU4A4	Agency CMBS	G-2-Q	FANNIE MAE	1	4.57	5/1/2029	13990000	 13,990,000 	 -   	13961936.51	14115574.39	99.7994	100.8976011	153637.88																																															
AFS	614777	3140NU4H9	Agency CMBS	G-2-Q	FANNIE MAE	1	4.59	4/1/2029	22491000	 22,491,000 	 -   	22355166.37	22669914.92	99.3961	100.7954956	314748.54																																															
AFS	613204	3140NU5Y1	Agency CMBS	G-2-Q	FANNIE MAE	1	4.37	4/1/2029	7000000	 7,000,000 	 -   	7018026.58	7014410.81	100.2575	100.2058687	-3615.77																																															
AFS	614614	3140NU5Z8	Agency CMBS	G-2-Q	FANNIE MAE	1	4.69	5/1/2029	15120000	 15,120,000 	 -   	15159691.59	15253539.02	100.2625	100.8831946	93847.43																																															
AFS	613718	3140NU6C8	Agency CMBS	G-2-Q	FANNIE MAE	1	4.47	5/1/2029	12056000	 12,056,000 	 -   	12120295.04	12096897.05	100.5333	100.3392257	-23397.99																																															
AFS	612994	3140NU6K0	Agency CMBS	G-2-Q	FANNIE MAE	1	4.7	5/1/2029	18713000	 18,713,000 	 -   	18609370.11	18901858.61	99.4462	101.0092375	292488.5																																															
AFS	613327	3140NU6Q7	Agency CMBS	G-2-Q	FANNIE MAE	1	4.67	4/1/2029	10212000	 10,212,000 	 -   	10177416.38	10304907.4	99.6613	100.9097865	127491.01																																															
AFS	614488	3140NU7G8	Agency CMBS	G-2-Q	FANNIE MAE	1	4.54	5/1/2029	13857000	 13,857,000 	 -   	13775960.34	13958312.03	99.4152	100.7311253	182351.7																																															
AFS	614413	3140NUA90	Agency CMBS	G-2-Q	FANNIE MAE	1	4.93	1/1/2031	27729000	 27,729,000 	 -   	28128470.22	28202948.23	101.4406	101.709215	74478.01																																															
AFS	614008	3140NUD48	Agency CMBS	G-2-Q	FANNIE MAE	1	4.685	1/1/2029	141550000	 141,550,000 	 -   	141539823.5	142850875.2	99.9928	100.9190217	1311051.71																																															
AFS	614542	3140NUDT3	Agency CMBS	G-2-Q	FANNIE MAE	0.995171794	4.97	12/1/2030	18946000	 18,854,525 	 93,185.29 	19144397.57	19188843.89	101.5374	101.7731504	44446.32																																															
AFS	613957	3140NUE47	Agency CMBS	G-2-Q	FANNIE MAE	1	4.72	12/1/2028	28442000	 28,442,000 	 -   	28258321.66	28695316.57	99.3542	100.8906426	436994.91																																															
AFS	613456	3140NUE88	Agency CMBS	G-2-Q	FANNIE MAE	1	4.91	12/1/2030	11986000	 11,986,000 	 -   	12124397.97	12146930.34	101.1547	101.3426526	22532.37																																															
AFS	612663	3140NUEQ8	Agency CMBS	G-2-Q	FANNIE MAE	1	4.94	12/1/2028	16313000	 16,313,000 	 -   	16305353.28	16532006.95	99.9531	101.3425302	226653.67																																															
AFS	614647	3140NUF38	Agency CMBS	G-2-Q	FANNIE MAE	1	4.575	1/1/2029	49020000	 49,020,000 	 -   	49041750.82	49397397.77	100.0444	100.7698853	 355,646.96 																																															
AFS	612656	3140NUFS3	Agency CMBS	G-2-Q	FANNIE MAE	1	5.13	1/1/2029	36000000	 36,000,000 	 -   	36109770.57	36629812.76	100.3049	101.7494799	 520,042.19 																																															
AFS	612769	3140NUGP8	Agency CMBS	G-2-Q	FANNIE MAE	1	4.97	1/1/2029	63423000	 63,423,000 	 -   	63849728.71	64391336.02	100.6728	101.52679	 541,607.32 																																															
AFS	612653	3140NUH36	Agency CMBS	G-2-Q	FANNIE MAE	1	4.715	1/1/2031	18769000	 18,769,000 	 -   	18889017.93	18951057.22	100.6394	100.9699889	 62,039.28 																																															
AFS	614430	3140NUJK6	Agency CMBS	G-2-Q	FANNIE MAE	1	4.96	2/1/2029	17000000	 17,000,000 	 -   	17046479.46	17246412.18	100.2734	101.4494834	 199,932.72 																																															
AFS	614218	3140NUJY6	Agency CMBS	G-2-Q	FANNIE MAE	0.995809396	4.87	1/1/2031	19514000	 19,432,225 	 83,013.29 	19673159.54	19733691.93	101.2399	101.5513786	 60,532.38 																																															
AFS	614729	3140NUJZ3	Agency CMBS	G-2-Q	FANNIE MAE	1	4.8	2/1/2031	37090000	 37,090,000 	 -   	37138953.16	37572627.1	100.132	101.3012324	 433,673.94 																																															
AFS	613169	3140NULF4	Agency CMBS	G-2-Q	FANNIE MAE	1	4.58	1/1/2031	7145000	 7,145,000 	 -   	7102319.54	7186024.48	99.4027	100.5741705	 83,704.94 																																															
AFS	613069	3140NULP2	Agency CMBS	G-2-Q	FANNIE MAE	1	4.82	1/1/2029	3622000	 3,622,000 	 -   	3622000	3667943.38	100	101.2684533	 45,943.38 																																															
AFS	613487	3140NUPW3	Agency CMBS	G-2-Q	FANNIE MAE	1	4.82	3/1/2031	36327000	 36,327,000 	 -   	36781792.83	36841575.19	101.2519	101.4165089	 59,782.36 																																															
AFS	613656	3140NUPX1	Agency CMBS	G-2-Q	FANNIE MAE	1	4.82	3/1/2031	33715000	 33,715,000 	 -   	34137092.19	34192575.98	101.2519	101.4165089	 55,483.78 																																															
AFS	613584	3140NURA9	Agency CMBS	G-2-Q	FANNIE MAE	1	4.76	2/1/2029	44525000	 44,525,000 	 -   	44266943.35	45022360.68	99.4204	101.1170369	 755,417.32 																																															
AFS	613068	3140NUTD1	Agency CMBS	G-2-Q	FANNIE MAE	1	4.35	2/1/2029	22150000	 22,150,000 	 -   	22207783.49	22198933.36	100.2609	100.2209181	-8850.13																																															
AFS	614449	3140NUUL1	Agency CMBS	G-2-Q	FANNIE MAE	1	4.26	3/1/2029	42315000	 42,315,000 	 -   	41512312.76	42298598.03	98.1031	99.9612384	786285.27																																															
AFS	614549	3140NUXW4	Agency CMBS	G-2-Q	FANNIE MAE	1	4.71	3/1/2029	30797000	 30,797,000 	 -   	30772692.75	31100812.87	99.9211	100.9865015	328120.12																																															
AFS	613516	3140NUZY8	Agency CMBS	G-2-Q	FANNIE MAE	1	4.29	4/1/2029	33201000	 33,201,000 	 -   	32620078.9	33215590.84	98.2503	100.043947	595511.94																																															
AFS	613774	3140NV2Q9	Agency CMBS	G-2-Q	FANNIE MAE	0.983898942	4.36	9/1/2029	39912000	 39,269,375 	 359,209.27 	39231423.55	39285423.42	99.9034	100.0408686	53999.86																																															
AFS	614852	3140NV2S5	Agency CMBS	G-2-Q	FANNIE MAE	1	4.39	8/1/2029	14472000	 14,472,000 	 -   	14500333.21	14490390.18	100.1958	100.1270742	-9943.03																																															
AFS	613869	3140NV3N5	Agency CMBS	G-2-Q	FANNIE MAE	1	4.255	10/1/2029	25699000	 25,699,000 	 -   	25511353.1	25637594.14	99.2698	99.7610574	126241.04																																															
AFS	614104	3140NV3U9	Agency CMBS	G-2-Q	FANNIE MAE	1	4.42	9/1/2029	18445000	 18,445,000 	 -   	18449142.94	18497282.35	100.0225	100.28345	48139.41																																															
AFS	614428	3140NV4F1	Agency CMBS	G-2-Q	FANNIE MAE	1	4.25	9/1/2031	19340000	 19,340,000 	 -   	19410171.83	19160490.49	100.3628	99.0718226	-249681.33																																															
AFS	613713	3140NV6R3	Agency CMBS	G-2-Q	FANNIE MAE	1	4.055	9/1/2031	55800000	 55,800,000 	 -   	55357980.49	54711962.94	99.2079	98.0501128	-646017.55																																															
AFS	613904	3140NV6S1	Agency CMBS	G-2-Q	FANNIE MAE	1	4.06	9/1/2029	31900000	 31,900,000 	 -   	32035704.26	31637517.58	100.4254	99.1771711	-398186.68																																															
AFS	612655	3140NV6V4	Agency CMBS	G-2-Q	FANNIE MAE	1	4.39	9/1/2029	60900000	 60,900,000 	 -   	61259848.18	61016477.4	100.5909	100.1912601	-243370.78																																															
AFS	613260	3140NVBY2	Agency CMBS	G-2-Q	FANNIE MAE	1	4.955	5/1/2029	34152000	 34,152,000 	 -   	34156163.62	34662513.45	100.0122	101.4948274	506349.83																																															
AFS	613033	3140NVD79	Agency CMBS	G-2-Q	FANNIE MAE	1	4.95	5/1/2029	27251000	 27,251,000 	 -   	27259504.94	27662135.76	100.0312	101.5086997	402630.81																																															
AFS	614585	3140NVFJ1	Agency CMBS	G-2-Q	FANNIE MAE	1	4.65	6/1/2029	31209000	 31,209,000 	 -   	31116665.59	31488799.48	99.7041	100.8965346	372133.89																																															
AFS	614177	3140NVG43	Agency CMBS	G-2-Q	FANNIE MAE	1	4.61	7/1/2031	48914000	 48,914,000 	 -   	49012443.99	49300650.45	100.2013	100.7904699	288206.46																																															
AFS	614350	3140NVGM3	Agency CMBS	G-2-Q	FANNIE MAE	1	4.73	6/1/2031	12004000	 12,004,000 	 -   	11976334.53	12123656.23	99.7695	100.996803	147321.7																																															
AFS	612648	3140NVNU7	Agency CMBS	G-2-Q	FANNIE MAE	1	4.69	7/1/2029	76800000	 76,800,000 	 -   	76933681.32	77589254.94	100.1741	101.0276757	655573.61																																															
AFS	614641	3140NVPP6	Agency CMBS	G-2-Q	FANNIE MAE	1	4.78	6/1/2029	45357000	 45,357,000 	 -   	45152592.85	45931730.57	99.5493	101.2671265	779137.72																																															
AFS	612407	3140NVSX6	Agency CMBS	G-2-Q	FANNIE MAE	1	4.39	8/1/2029	39907000	 39,907,000 	 -   	40014286.45	40040501.96	100.2688	100.3345327	26215.52																																															
AFS	614296	3140NVT56	Agency CMBS	G-2-Q	FANNIE MAE	1	4.62	8/1/2029	25240000	 25,240,000 	 -   	25415512.79	25498647.76	100.6954	101.0247534	83134.97																																															
AFS	613452	3140NVWQ6	Agency CMBS	G-2-Q	FANNIE MAE	1	4.39	8/1/2031	7085000	 7,085,000 	 -   	7130531.74	7049040.31	100.6426	99.4924532	-81491.42																																															
AFS	614046	3140NVWT0	Agency CMBS	G-2-Q	FANNIE MAE	1	4.33	8/1/2029	17220000	 17,220,000 	 -   	17224137.54	17236473.31	100.024	100.0956638	12335.76																																															
AFS	614633	3140NVX69	Agency CMBS	G-2-Q	FANNIE MAE	1	4.42	8/1/2029	16813000	 16,813,000 	 -   	16869066.83	16849217.52	100.3335	100.2154138	-19849.31																																															
AFS	613825	3140NVY76	Agency CMBS	G-2-Q	FANNIE MAE	1	4.33	8/1/2029	53458000	 53,458,000 	 -   	53692404.47	53540579.3	100.4385	100.1544751	-151825.17																																															
AFS	614332	3140NVZH3	Agency CMBS	G-2-Q	FANNIE MAE	1	4.5	8/1/2029	41332000	 41,332,000 	 -   	41566138.69	41578878.97	100.5665	100.5973071	12740.28																																															
AFS	613060	3140NVZV2	Agency CMBS	G-2-Q	FANNIE MAE	1	4.34	9/1/2029	64325000	 64,325,000 	 -   	64235608.53	64349192.83	99.861	100.0376103	113584.3																																															
AFS	614238	3140NVZX8	Agency CMBS	G-2-Q	FANNIE MAE	1	4.265	10/1/2029	32262000	 32,262,000 	 -   	32036136.7	32195058.06	99.2999	99.7925053	158921.36																																															
AFS	613522	3140NWA70	Agency CMBS	G-2-Q	FANNIE MAE	1	4.03	9/1/2031	21547000	 21,547,000 	 -   	21495037.24	21150765.82	99.7588	98.1610703	-344271.42																																															
AFS	614252	3140NWA88	Agency CMBS	G-2-Q	FANNIE MAE	0.979722454	4.48	10/1/2029	17406000	 17,053,049 	 209,556.91 	17128357.44	17069720.08	100.4416	100.0977599	 (58,637.37)																																															
AFS	614148	3140NWAL9	Agency CMBS	G-2-Q	FANNIE MAE	1	4.285	9/1/2029	25000000	 25,000,000 	 -   	24842106.69	24967148.85	99.3684	99.8685954	 125,042.16 																																															
AFS	614515	3140NWAP0	Agency CMBS	G-2-Q	FANNIE MAE	1	4.19	9/1/2029	104745000	 104,745,000 	 -   	104150680.7	104301573.3	99.4326	99.5766607	 150,892.60 																																															
AFS	614267	3140NWAV7	Agency CMBS	G-2-Q	FANNIE MAE	1	4.315	10/1/2029	23140000	 23,140,000 	 -   	23103109.29	23128370.88	99.8406	99.9497445	 25,261.59 																																															
AFS	614035	3140NWBL8	Agency CMBS	G-2-Q	FANNIE MAE	1	4.5	9/1/2029	50105000	 50,105,000 	 -   	50312950.86	50370200.65	100.415	100.5292898	 57,249.79 																																															
AFS	614256	3140NWDG7	Agency CMBS	G-2-Q	FANNIE MAE	1	4.01	9/1/2029	11006000	 11,006,000 	 -   	10960228.31	10892958.33	99.5841	98.9729087	 (67,269.98)																																															
AFS	614149	3140NWDS1	Agency CMBS	G-2-Q	FANNIE MAE	1	4.35	9/1/2031	32046000	 32,046,000 	 -   	32226957.16	31870611.02	100.5647	99.4526962	 (356,346.14)																																															
AFS	613720	3140NWEA9	Agency CMBS	G-2-Q	FANNIE MAE	1	4.08	9/1/2029	10660000	 10,660,000 	 -   	10635149.43	10574514.18	99.7669	99.1980692	 (60,635.25)																																															
AFS	613239	3140NWFP5	Agency CMBS	G-2-Q	FANNIE MAE	1	4.15	10/1/2029	9621000	 9,621,000 	 -   	9552292.91	9566242.56	99.2859	99.430855	 13,949.64 																																															
AFS	613286	3140NWGG4	Agency CMBS	G-2-Q	FANNIE MAE	1	4.35	10/1/2029	7418000	 7,418,000 	 -   	7418000	7422436.85	100	100.059812	 4,436.86 																																															
AFS	614527	3140NWJ30	Agency CMBS	G-2-Q	FANNIE MAE	1	3.96	10/1/2029	13580000	 13,580,000 	 -   	13500371.93	13414727.37	99.4136	98.7829703	 (85,644.57)																																															
AFS	613662	3140NWLK9	Agency CMBS	G-2-Q	FANNIE MAE	1	4.2	10/1/2029	16623000	 16,623,000 	 -   	16684790.28	16554528.9	100.3717	99.5880942	-130261.38																																															
AFS	653481	3140NWRR8	Agency CMBS	G-2-Q	FANNIE MAE	1	4.35	10/1/2034	59730000	 59,730,000 	 -   	58756460.31	58675843.33	98.3701	98.2351303	-80616.99																																															
AFS	614099	3140NWSS5	Agency CMBS	G-2-Q	FANNIE MAE	1	4.31	11/1/2029	43563000	 43,563,000 	 -   	43317998.4	43508613.38	99.4376	99.8751541	190614.98																																															
AFS	614151	3140NWVA0	Agency CMBS	G-2-Q	FANNIE MAE	1	4.45	11/1/2031	17549000	 17,549,000 	 -   	17241631.87	17528638.79	98.2485	99.8839751	287006.92																																															
AFS	612778	3140NWW43	Agency CMBS	G-2-Q	FANNIE MAE	1	4.71	11/1/2031	33000000	 33,000,000 	 -   	32914130.8	33282610.32	99.7398	100.8563949	368479.52																																															
AFS	614125	3140NX5V1	Agency CMBS	G-2-Q	FANNIE MAE	0.990201523	4.9	5/1/2030	3979000	 3,940,012 	 33,606.75 	3962376.48	3991265.28	100.5676	101.3008442	28888.79																																															
AFS	612274	3140NX6G3	Agency CMBS	G-2-Q	FANNIE MAE	0.991526958	4.93	5/1/2030	8470000	 8,398,233 	 62,415.51 	8495973.5	8507723.29	101.1638	101.3037261	11749.8																																															
AFS	614341	3140NXCB7	Agency CMBS	G-2-Q	FANNIE MAE	1	4.38	1/1/2032	13935000	 13,935,000 	 -   	13594686.47	13864450.61	97.5579	99.4937252	269764.14																																															
AFS	614768	3140NXD91	Agency CMBS	G-2-Q	FANNIE MAE	1	4.45	4/1/2032	46000000	 46,000,000 	 -   	45939851.42	45922836.89	99.8692	99.8322541	-17014.53																																															
AFS	613615	3140NXJ20	Agency CMBS	G-2-Q	FANNIE MAE	0.995705621	4.73	1/1/2032	11548000	 11,498,409 	 49,195.39 	11413609.82	11608303.72	99.2625	100.9557428	194693.91																																															
AFS	613505	3140NXLB7	Agency CMBS	G-2-Q	FANNIE MAE	1	4.68	1/1/2032	17238000	 17,238,000 	 -   	17057283.12	17355280.97	98.9516	100.680363	297997.86																																															
AFS	613232	3140NXZZ9	Agency CMBS	G-2-Q	FANNIE MAE	1	4.78	4/1/2032	7000000	 7,000,000 	 -   	7073686.38	7076345.28	101.0527	101.0906469	2658.9																																															
AFS	614740	3140NYBA8	Agency CMBS	G-3-Q	FANNIE MAE	1	4.65	4/1/2032	25000000	 25,000,000 	 -   	24877839.05	25140977.9	99.5114	100.5639116	263138.85																																															
AFS	612521	3140NYC66	Agency CMBS	G-2-Q	FANNIE MAE	1	4.56	5/1/2032	44500000	 44,500,000 	 -   	44368312.38	44598588.15	99.7041	100.2215464	230275.77																																															
AFS	614830	3140NYEZ0	Agency CMBS	G-2-Q	FANNIE MAE	1	4.3	5/1/2032	50000000	 50,000,000 	 -   	49635188.03	49454052.6	99.2704	98.9081052	-181135.43																																															
AFS	614761	3140NYLJ8	Agency CMBS	G-2-Q	FANNIE MAE	1	4.67	5/1/2032	25046000	 25,046,000 	 -   	24956237.73	25194351.01	99.6416	100.5923142	238113.29																																															
AFS	614787	3140NYLK5	Agency CMBS	G-2-Q	FANNIE MAE	1	4.67	5/1/2032	10452000	 10,452,000 	 -   	10414541.21	10513908.68	99.6416	100.5923142	99367.47																																															
AFS	614724	3140NYLL3	Agency CMBS	G-2-Q	FANNIE MAE	1	4.67	5/1/2032	29264000	 29,264,000 	 -   	29149045.39	29437334.83	99.6072	100.5923142	288289.43																																															
AFS	614844	3140NYLM1	Agency CMBS	G-2-Q	FANNIE MAE	1	4.67	5/1/2032	25848000	 25,848,000 	 -   	25755363.36	26001101.37	99.6416	100.5923142	245738.01																																															
AFS	614746	3140NYME8	Agency CMBS	G-2-Q	FANNIE MAE	1	4.53	5/1/2032	20875000	 20,875,000 	 -   	20598183.98	20888379.25	98.6739	100.0640922	290195.27																																															
AFS	614858	3140NYSM4	Agency CMBS	G-2-Q	FANNIE MAE	1	4.82	6/1/2032	30000000	 30,000,000 	 -   	30512384.55	30443419.62	101.7079	101.4780654	-68964.93																																															
AFS	694146	3140Q02B7	Agency CMBS	G-2-Q	FANNIE MAE	1	4.77	10/1/2035	12631000	 12,631,000 	 -   	12873702.17	12742584.4	101.9215	100.883417	-131117.77																																															
AFS	654275	3140Q0GB2	Agency CMBS	G-2-Q	FANNIE MAE	1	5	8/1/2035	19026000	 19,026,000 	 -   	19069795.8	19220239.29	100.2302	101.020915	150443.49																																															
AFS	668141	3140Q0MW9	Agency CMBS	G-2-Q	FANNIE MAE	1	5.03	9/1/2030	3217000	 3,217,000 	 -   	3255031.33	3290695.36	101.1822	102.2908102	35664.04																																															
AFS	693078	3140Q0U26	Agency CMBS	G-2-Q	FANNIE MAE	1	4.45	10/1/2030	6650000	 6,650,000 	 -   	6715372.73	6669204.76	100.983	100.2887934	-46167.96																																															
AFS	838383	3140Q24F2	Agency CMBS	G-2-Q	FANNIE MAE	1	4.71	5/1/2033	9722000	 9,722,000 	 -   	9835861.57	9776662.24	101.1712	100.562253	-59199.34																																															
AFS	838381	3140Q24Q8	Agency CMBS	G-2-Q	FANNIE MAE	1	4.47	5/1/2031	6935000	 6,935,000 	 -   	6988033.51	6939850.91	100.7647	100.0699482	-48182.6																																															
AFS	814307	3140Q2J33	Agency CMBS	G-2-Q	FANNIE MAE	0.998469923	4.49	3/1/2036	6400000	 6,390,208 	 5,351.68 	6367595.71	6301183.42	99.6461	98.6068671	-66412.29																																															
AFS	793873	3140Q2KE7	Agency CMBS	G-2-Q	FANNIE MAE	0.998449687	4.54	3/1/2036	23360000	 23,323,785 	 36,399.22 	23439671.2	23035913.51	100.4969	98.7657613	-403757.69																																															
PUB_HTM	613466	3140Q72Q9	Agency MBS 15yr	G-2-Q	FANNIE MAE	0.1382541	3	11/1/2032	72899267	 10,078,623 	 3,035,159.82 	10145567.23	9687056.19	100.6642	96.1148822	-458511.04																																															
PUB_HTM	613771	3140Q7KG1	Agency MBS 15yr	G-2-Q	FANNIE MAE	0.13202115	3	9/1/2032	40307385	 5,321,427 	 1,501,521.24 	5356330	5141723.41	100.6559	96.6230129	-214606.6																																															
PUB_HTM	614435	3140Q7PP6	Agency MBS 15yr	G-2-Q	FANNIE MAE	0.13322665	3	9/1/2032	50000000	 6,661,333 	 1,616,159.83 	6705300.77	6435118.76	100.6601	96.6040767	-270182.02																																															
PUB_HTM	612264	3140Q7UE5	Agency MBS 15yr	G-2-Q	FANNIE MAE	0.14388122	3	10/1/2032	75000000	 10,791,092 	 2,750,212.52 	10861768.16	10371870.87	100.655	96.115123	-489897.3																																															
PUB_HTM	613359	3140Q7ZY6	Agency MBS 15yr	G-2-Q	FANNIE MAE	0.15058154	3	11/1/2032	30059373	 4,526,387 	 1,550,573.89 	4555390.66	4375414.88	100.6408	96.6646289	-179975.77																																															
PUB_AFS	613105	3140Q86T7	Agency MBS 10yr	G-2-Q	FANNIE MAE	0.03663197	3.5	12/1/2027	9154788	 335,358 	 424,507.53 	336789.69	333670.21	100.4269	99.4967437	-3119.48																																															
AFS	614027	3140QCPB6	Agency MBS 30yr	G-2-Q	FANNIE MAE	0.48515775	2.5	12/1/2049	7845892	 3,806,495 	 112,509.70 	3806495.31	3224747.22	100	84.7169628	-581748.1																																															
AFS	613167	3140QCPC4	Agency MBS 30yr	G-2-Q	FANNIE MAE	0.43370525	3	12/1/2049	1900312	 824,175 	 20,708.94 	838478.37	728655.77	101.7354	88.4102904	-109822.61																																															
PUB_HTM	613800	3140QF3T4	Agency MBS 30yr	G-2-Q	FANNIE MAE	0.64462448	1.5	12/1/2050	10000000	 6,446,245 	 475,809.18 	5847173.76	4955024.06	90.7067	76.8668305	-892149.7																																															
PUB_HTM	614056	3140QGAU1	Agency MBS 30yr	G-2-Q	FANNIE MAE	0.62418998	2	12/1/2050	50000000	 31,209,499 	 2,520,948.07 	29282088	25236544.5	93.8243	80.8617418	-4045543.5																																															
PUB_HTM	613016	3140QGNM5	Agency MBS 30yr	G-2-Q	FANNIE MAE	0.62082292	2	1/1/2051	41280145	 25,627,660 	 1,653,547.26 	24037019.18	20692057.15	93.7933	80.7411095	-3344962.02																																															
PUB_HTM	614121	3140QGRE9	Agency MBS 30yr	G-2-Q	FANNIE MAE	0.63506848	2	1/1/2051	50976910	 32,373,829 	 2,106,388.16 	30317062.81	26130555.07	93.6468	80.7150593	-4186507.74																																															
PUB_HTM	613997	3140QMZP2	Agency MBS 30yr	G-2-Q	FANNIE MAE	0.74860684	2.5	1/1/2052	150000000	 112,291,026 	 8,425,414.58 	107830166	94652233.28	96.0274	84.2918946	-13177932.68																																															
AFS	612906	3140QPYE1	Agency MBS 30yr	G-2-Q	FANNIE MAE	0.71964998	5	8/1/2052	50000000	 35,982,499 	 3,561,294.77 	35970491.05	35934026.51	99.9666	99.8652887	-36464.54																																															
AFS	613385	3140QQ7L3	Agency MBS 30yr	G-2-Q	FANNIE MAE	0.67336875	5	12/1/2052	2445620	 1,646,804 	 34,121.57 	1673850.01	1638888.56	101.6423	99.5193401	-34961.45																																															
HTM	613462	3140QQGD1	Agency MBS 30yr	G-2-Q	FANNIE MAE	0.69918518	5.5	9/1/2052	60000000	 41,951,111 	 5,207,191.71 	42520286.51	42737817.88	101.3568	101.875295	217531.37																																															
HTM	614639	3140QQUN3	Agency MBS 30yr	G-2-Q	FANNIE MAE	0.71195329	5.5	11/1/2052	75000000	 53,396,497 	 6,668,709.81 	54015320.29	54335951.72	101.1589	101.7593944	320631.44																																															
AFS	614692	3140QRS87	Agency MBS 30yr	G-2-Q	FANNIE MAE	0.82420102	5.5	3/1/2053	5721747	 4,715,870 	 260,936.07 	4789036.06	4798523.3	101.5515	101.7526691	9487.25																																															
AFS	614487	3140QRXF5	Agency MBS 30yr	G-2-Q	FANNIE MAE	0.71212735	5.5	4/1/2053	79378087	 56,527,307 	 7,650,275.55 	56593663.51	57508034.26	100.1174	101.7349624	914370.75																																															
AFS	613478	3140QVRJ5	Agency MBS 30yr	G-2-Q	FANNIE MAE	0.87673335	5.5	11/1/2054	78515470	 68,837,131 	 6,771,503.50 	68896907.04	69800768.13	100.0868	101.3998798	903861.09																																															
AFS	613789	3140QWAY8	Agency MBS 30yr	G-2-Q	FANNIE MAE	0.88195813	5.5	2/1/2055	35489068	 31,299,872 	 3,045,750.75 	31202490.19	31723587.06	99.6889	101.3537276	521096.87																																															
AFS	614028	3140QWAZ5	Agency MBS 30yr	G-2-Q	FANNIE MAE	0.70640941	6	1/1/2055	9468924	 6,688,937 	 2,388,092.36 	6812311.57	6882770.77	101.8445	102.8978259	70459.2																																															
PUB_HTM	613470	3140X83J4	Agency MBS 30yr	G-2-Q	FANNIE MAE	0.69267683	1.5	12/1/2050	50000000	 34,633,842 	 2,505,804.20 	31337662.21	26546892.43	90.4828	76.6501528	-4790769.78																																															
PUB_HTM	614451	3140X8K55	Agency MBS 30yr	G-2-Q	FANNIE MAE	0.61791434	2	11/1/2050	38823683	 23,989,710 	 1,999,800.42 	22514671.51	19577190.82	93.8514	81.6066157	-2937480.69																																															
PUB_HTM	613043	3140X8KD8	Agency MBS 30yr	G-2-Q	FANNIE MAE	0.61596936	2	11/1/2050	30000000	 18,479,081 	 1,239,288.88 	17366290.53	14987550.23	93.9781	81.1054965	-2378740.29																																															
PUB_HTM	614659	3140X8WP8	Agency MBS 30yr	G-2-Q	FANNIE MAE	0.65252452	2	12/1/2050	62522628	 40,797,548 	 2,602,748.80 	38323214.14	33151663.15	93.9351	81.2589602	-5171550.99																																															
PUB_HTM	613780	3140X9DQ5	Agency MBS 30yr	G-2-Q	FANNIE MAE	0.6636681	2	1/1/2051	15000000	 9,955,022 	 752,444.30 	9333090.47	8039381.96	93.7526	80.7570527	-1293708.51																																															
PUB_HTM	614609	3140XB5W6	Agency MBS 20yr	G-2-Q	FANNIE MAE	0.74261147	2	7/1/2041	9785576	 7,266,881 	 434,116.54 	6895993.65	6301079.74	94.8962	86.7095493	-594913.9																																															
PUB_HTM	613638	3140XBQR4	Agency MBS 30yr	G-2-Q	FANNIE MAE	0.70807816	2.5	6/1/2051	15000000	 10,621,172 	 494,057.88 	10198907.66	9046197.44	96.0243	85.1713643	-1152710.22																																															
PUB_HTM	614305	3140XCFM5	Agency MBS 30yr	G-2-Q	FANNIE MAE	0.73256936	2	8/1/2051	12262741	 8,983,308 	 582,500.17 	8409117.04	7296122.98	93.6082	81.2186637	-1112994.07																																															
PUB_HTM	613416	3140XCNE4	Agency MBS 30yr	G-2-Q	FANNIE MAE	0.65888772	2.5	7/1/2051	30000000	 19,766,632 	 1,737,025.30 	18983543.79	17015856.66	96.0383	86.0837446	-1967687.13																																															
PUB_HTM	613127	3140XCVZ8	Agency MBS 30yr	G-2-Q	FANNIE MAE	0.71055962	2	9/1/2051	25000000	 17,763,991 	 1,318,225.69 	16640065.67	14314151.46	93.673	80.5795942	-2325914.21																																															
PUB_HTM	614382	3140XDP59	Agency MBS 30yr	G-2-Q	FANNIE MAE	0.65150203	2.5	10/1/2051	25000000	 16,287,551 	 1,486,416.76 	15633864.7	13734203.41	95.9866	84.3233192	-1899661.29																																															
PUB_HTM	613199	3140XFDH1	Agency MBS 15yr	G-2-Q	FANNIE MAE	0.47367135	2.5	3/1/2036	18031048	 8,540,791 	 1,349,954.44 	8475895.31	8089530.36	99.2402	94.7164086	-386364.95																																															
HTM	614410	3140XFVL2	Agency MBS 20yr	G-2-Q	FANNIE MAE	0.68256233	2.5	2/1/2042	25000000	 17,064,058 	 1,681,014.93 	16996933.72	15174595.21	99.6066	88.9272352	-1822338.5																																															
HTM	614079	3140XG3G2	Agency MBS 15yr	G-2-Q	FANNIE MAE	0.58430487	3	5/1/2037	11791536	 6,889,852 	 1,040,422.77 	6932414.5	6551041.24	100.6178	95.082468	-381373.26																																															
HTM	612761	3140XG7D5	Agency MBS 15yr	G-2-Q	FANNIE MAE	0.56845302	3	5/1/2037	43000000	 24,443,480 	 4,013,945.04 	24573532.49	23241539.67	100.5321	95.0827779	-1331992.82																																															
HTM	614684	3140XGZP7	Agency MBS 15yr	G-2-Q	FANNIE MAE	0.5992564	3	5/1/2037	38208464	 22,896,667 	 3,505,923.54 	23035996.13	21770722.69	100.6085	95.0824986	-1265273.44																																															
HTM	614023	3140XJPA5	Agency MBS 30yr	G-2-Q	FANNIE MAE	0.71051368	5	11/1/2052	24983057	 17,750,804 	 2,155,852.53 	17597147.92	17500806.88	99.1344	98.5916306	-96341.05																																															
HTM	613687	3140XJRN5	Agency MBS 30yr	G-2-Q	FANNIE MAE	0.65151322	5	11/1/2052	46045540	 29,999,278 	 3,605,684.16 	29737316.76	29708073.12	99.1268	99.0292936	-29243.64																																															
HTM	613673	3140XJVA8	Agency MBS 30yr	G-2-Q	FANNIE MAE	0.66625011	5.5	12/1/2052	39997985	 26,648,662 	 4,853,951.82 	26977994.83	27140963.56	101.2358	101.8473785	162968.72																																															
HTM	613882	3140XJVD2	Agency MBS 30yr	G-2-Q	FANNIE MAE	0.68258187	5	11/1/2052	38815415	 26,494,699 	 3,540,952.69 	26400747.42	26358264.18	99.6454	99.4850503	-42483.24																																															
HTM	613366	3140XJVY6	Agency MBS 30yr	G-2-Q	FANNIE MAE	0.70519195	5	11/1/2052	88850520	 62,656,671 	 7,903,567.01 	63735529.3	62539274.28	101.7219	99.8126342	-1196255.01																																															
HTM	613214	3140XJVZ3	Agency MBS 30yr	G-2-Q	FANNIE MAE	0.7373981	5	11/1/2052	9027739	 6,657,038 	 772,371.07 	6747877.08	6632952.38	101.3646	99.6381994	-114924.69																																															
AFS	614040	3140XJWE9	Agency MBS 30yr	G-2-Q	FANNIE MAE	0.70428211	5	11/1/2052	18000000	 12,677,078 	 1,610,986.99 	12734352.03	12628255.13	100.4518	99.614873	-106096.9																																															
HTM	613063	3140XJX40	Agency MBS 30yr	G-2-Q	FANNIE MAE	0.71792086	5	12/1/2052	38857747	 27,896,787 	 3,599,792.09 	28276180.55	27802246.3	101.36	99.6611049	-473934.24																																															
HTM	613686	3140XJX57	Agency MBS 30yr	G-2-Q	FANNIE MAE	0.73713328	5	12/1/2052	65128883	 48,008,667 	 5,472,414.21 	48534120.65	47662891.2	101.0945	99.2797635	-871229.45																																															
HTM	612986	3140XJZU0	Agency MBS 30yr	G-2-Q	FANNIE MAE	0.69803936	5	12/1/2052	30840701	 21,528,023 	 3,330,979.75 	21920345.53	21491557.39	101.8224	99.8306124	-428788.15																																															
HTM	614653	3140XKCX6	Agency MBS 30yr	G-2-Q	FANNIE MAE	0.71307962	5	12/1/2052	49751950	 35,477,102 	 4,410,303.42 	35877600.17	35289606.11	101.1289	99.4715028	-587994.06																																															
HTM	613319	3140XKFE5	Agency MBS 30yr	G-2-Q	FANNIE MAE	0.72430939	5	1/1/2053	129575423	 93,852,696 	 9,594,688.60 	95112614.49	93505709.04	101.3424	99.630286	-1606905.45																																															
HTM	613980	3140XKFF2	Agency MBS 30yr	G-2-Q	FANNIE MAE	0.73106347	5	2/1/2053	128147216	 93,683,748 	 10,474,038.36 	95376350.58	93508218.13	101.8067	99.8126353	-1868132.45																																															
AFS	614289	3140XKVQ0	Agency MBS 30yr	G-2-Q	FANNIE MAE	0.71149589	4.5	10/1/2052	22668499	 16,128,544 	 1,975,406.91 	15739981.46	15663379.96	97.5908	97.1158964	-76601.5																																															
AFS	613930	3140XMM45	Agency MBS 30yr	G-2-Q	FANNIE MAE	0.70345388	5.5	9/1/2053	51076118	 35,929,693 	 5,705,303.37 	35661845.97	36336591.09	99.2545	101.1324831	674745.12																																															
AFS	614292	3140XMX50	Agency MBS 30yr	G-2-Q	FANNIE MAE	0.8264212	5	8/1/2053	66686766	 55,111,357 	 4,050,815.61 	54351345.6	54856636.9	98.621	99.537808	505291.3																																															
AFS	613238	3140XP5Q8	Agency MBS 30yr	G-2-Q	FANNIE MAE	0.891742	5	6/1/2054	36006077	 32,108,131 	 2,071,356.20 	31945789.22	31890567.99	99.4944	99.3224049	-55221.23																																															
AFS	613474	3140XPKW8	Agency MBS 30yr	G-2-Q	FANNIE MAE	0.76691859	5.5	7/1/2053	36228590	 27,784,379 	 4,247,660.61 	27833444.94	28274118.77	100.1766	101.7626437	440673.83																																															
AFS	613489	3140XPW70	Agency MBS 30yr	G-2-Q	FANNIE MAE	0.75168963	5.5	4/1/2054	20585846	 15,474,167 	 3,793,503.67 	15531465.33	15757233.72	100.3703	101.8292859	225768.39																																															
AFS	614383	3140XQDL8	Agency MBS 30yr	G-2-Q	FANNIE MAE	0.84212253	5.5	6/1/2054	25000000	 21,053,063 	 2,600,646.37 	21121069.21	21390782.45	100.323	101.6041333	269713.24																																															
AFS	614097	3140XQMU8	Agency MBS 30yr	G-2-Q	FANNIE MAE	0.70058624	6	7/1/2054	75184046	 52,672,908 	 13,882,792.84 	53693522.4	54676448.89	101.9376	103.8037406	982926.49																																															
AFS	614791	3140XRS71	Agency MBS 30yr	G-2-Q	FANNIE MAE	0.87372973	5.5	9/1/2054	67868893	 59,299,070 	 6,603,699.66 	59483038.67	60242530.74	100.3102	101.5910219	759492.06																																															
AFS	614618	3140XRUE3	Agency MBS 30yr	G-2-Q	FANNIE MAE	0.83590732	5.5	6/1/2054	77699523	 64,949,600 	 7,521,964.93 	64992880.78	66017225.65	100.0666	101.6437755	1024344.88																																															
AFS	620125	3140Y63A6	Agency MBS 30yr	G-2-Q	FANNIE MAE	0.98956444	5.5	7/1/2055	2069625	 2,048,027 	 21,857.54 	2071962.06	2080778.95	101.1687	101.5991802	8816.89																																															
AFS	620149	3140Y63D0	Agency MBS 30yr	G-2-Q	FANNIE MAE	0.97720121	6	7/1/2055	2148223	 2,099,246 	 50,549.50 	2163267.9	2183005.49	103.0498	103.989974	19737.59																																															
AFS	641700	3140Y63S7	Agency MBS 30yr	G-2-Q	FANNIE MAE	0.98846366	5.5	8/1/2055	3404475	 3,365,200 	 37,723.05 	3431988.94	3426754.83	101.9847	101.8291635	-5234.11																																															
AFS	641699	3140Y63U2	Agency MBS 30yr	G-2-Q	FANNIE MAE	0.76804408	6	8/1/2055	1862672	 1,430,614 	 447,562.80 	1484478.36	1491986.83	103.7651	104.2899495	7508.47																																															
AFS	641698	3140Y64E7	Agency MBS 30yr	G-2-Q	FANNIE MAE	0.98875416	6	8/1/2055	1243407	 1,229,424 	 13,361.75 	1276178.62	1263513.83	103.803	102.7728426	-12664.78																																															
AFS	613143	3140Y6AT7	Agency MBS 30yr	G-2-Q	FANNIE MAE	0.92358212	5.5	2/1/2055	9830352	 9,079,137 	 683,215.18 	9074721.73	9169098.15	99.9514	100.9908519	94376.42																																															
AFS	613697	3140Y6CB4	Agency MBS 30yr	G-2-Q	FANNIE MAE	0.86225267	6	3/1/2055	5144660	 4,435,997 	 704,489.02 	4528496.6	4558490.71	102.0852	102.7613611	29994.1																																															
AFS	613224	3140Y6CC2	Agency MBS 30yr	G-2-Q	FANNIE MAE	0.85449101	5.5	2/1/2055	2304891	 1,969,509 	 27,129.95 	1967962.61	1992547.77	99.9215	101.1697907	24585.16																																															
AFS	613727	3140Y6E97	Agency MBS 30yr	G-2-Q	FANNIE MAE	0.90241464	5.5	3/1/2055	2583785	 2,331,645 	 241,746.17 	2373461.86	2365265.07	101.7934	101.4418854	-8196.79																																															
AFS	614504	3140Y6FB1	Agency MBS 30yr	G-2-Q	FANNIE MAE	0.82474938	5.5	3/1/2055	3910109	 3,224,860 	 668,748.39 	3269608.38	3271359.79	101.3876	101.4419173	1751.41																																															
AFS	612269	3140Y6GA2	Agency MBS 30yr	G-2-Q	FANNIE MAE	0.9036997	6	3/1/2055	10101685	 9,128,890 	 974,491.22 	9415366.9	9369324.81	103.1381	102.6337826	-46042.09																																															
AFS	614615	3140Y6GD6	Agency MBS 30yr	G-2-Q	FANNIE MAE	0.98606998	5.5	3/1/2055	5320495	 5,246,380 	 58,924.86 	5312471.58	5322032.79	101.2597	101.4419921	9561.21																																															
AFS	612268	3140Y6GK0	Agency MBS 30yr	G-2-Q	FANNIE MAE	0.97802795	5	4/1/2055	3414925	 3,339,892 	 58,367.96 	3301750.61	3304891.14	98.858	98.9520334	 3,140.54 																																															
AFS	614329	3140Y6GM6	Agency MBS 30yr	G-2-Q	FANNIE MAE	0.96338241	5.5	4/1/2055	10977439	 10,575,472 	 373,577.09 	10692663.73	10679726.86	101.1082	100.985821	 (12,936.87)																																															
AFS	613050	3140Y6GN4	Agency MBS 30yr	G-2-Q	FANNIE MAE	0.93323544	6	4/1/2055	9928891	 9,265,993 	 645,946.90 	9556629.4	9516247.28	103.1366	102.7007825	 (40,382.12)																																															
AFS	613196	3140Y6L57	Agency MBS 30yr	G-2-Q	FANNIE MAE	0.94580642	5.5	5/1/2055	5347547	 5,057,744 	 110,769.85 	5110973	5144051.14	101.0524	101.7064298	 33,078.14 																																															
AFS	613330	3140Y6L65	Agency MBS 30yr	G-2-Q	FANNIE MAE	0.90805725	6	4/1/2055	5769367	 5,238,916 	 533,797.05 	5395100.3	5447955.33	102.9812	103.9901349	 52,855.03 																																															
AFS	613391	3140Y6LX6	Agency MBS 30yr	G-2-Q	FANNIE MAE	0.98305241	5.5	4/1/2055	5052932	 4,967,297 	 75,955.85 	5037093.36	5046729.9	101.4051	101.5991176	 9,636.54 																																															
AFS	614800	3140Y6LY4	Agency MBS 30yr	G-2-Q	FANNIE MAE	0.9447488	6	4/1/2055	5872073	 5,547,634 	 279,481.06 	5729191.51	5704191.22	103.2727	102.8220553	 (25,000.29)																																															
AFS	614742	3140Y6MH0	Agency MBS 30yr	G-2-Q	FANNIE MAE	0.89264441	6	5/1/2055	5112309	 4,563,474 	 554,456.80 	4677432.25	4747466.21	102.4972	104.0318441	 70,033.96 																																															
AFS	614827	3140Y6MJ6	Agency MBS 30yr	G-2-Q	FANNIE MAE	0.98628635	5.5	5/1/2055	2174729	 2,144,906 	 24,662.22 	2146402.11	2184138.82	100.0698	101.8291383	 37,736.71 																																															
AFS	614786	3140Y6MQ0	Agency MBS 30yr	G-2-Q	FANNIE MAE	0.97982204	5	5/1/2055	4075858	 3,993,616 	 72,516.30 	3899702.12	3966844.54	97.6484	99.3296561	 67,142.42 																																															
AFS	614743	3140Y6MS6	Agency MBS 30yr	G-2-Q	FANNIE MAE	0.90075615	5.5	5/1/2055	9001850	 8,108,472 	 879,347.67 	8114127.21	8225393.76	100.0697	101.4419735	 111,266.56 																																															
AFS	614857	3140Y6MT4	Agency MBS 30yr	G-2-Q	FANNIE MAE	0.86051003	6	5/1/2055	7338300	 6,314,681 	 580,576.88 	6468796.24	6490252.75	102.4406	102.7803781	 21,456.52 																																															
AFS	614744	3140Y6QA1	Agency MBS 30yr	G-2-Q	FANNIE MAE	0.98792959	5.5	5/1/2055	3643632	 3,599,652 	 41,133.38 	3641272.87	3659423.08	101.1563	101.6604719	 18,150.21 																																															
AFS	614842	3140Y6QJ2	Agency MBS 30yr	G-2-Q	FANNIE MAE	0.92685279	5	5/1/2055	2062773	 1,911,887 	 146,728.81 	1886440.22	1899070.33	98.669	99.3296372	 12,630.11 																																															
AFS	614804	3140Y6QK9	Agency MBS 30yr	G-2-Q	FANNIE MAE	0.89686902	5.5	5/1/2055	3504888	 3,143,425 	 361,354.40 	3169523.62	3188752.97	100.8302	101.4419779	 19,229.35 																																															
AFS	614856	3140Y6QL7	Agency MBS 30yr	G-2-Q	FANNIE MAE	0.83473053	6	5/1/2055	3246112	 2,709,629 	 549,948.14 	2789921.69	2788873.38	102.9632	102.9245553	 (1,048.30)																																															
AFS	612996	3140Y6R28	Agency MBS 30yr	G-2-Q	FANNIE MAE	0.98717544	5	5/1/2055	1149635	 1,134,891 	 13,245.16 	1110370.35	1125446.61	97.8393	99.1677772	 15,076.26 																																															
AFS	614726	3140Y6R69	Agency MBS 30yr	G-2-Q	FANNIE MAE	0.97470283	5.5	6/1/2055	2514520	 2,450,910 	 61,018.71 	2453165.48	2496864.71	100.092	101.8750161	 43,699.23 																																															
AFS	614826	3140Y6RZ5	Agency MBS 30yr	G-2-Q	FANNIE MAE	0.97081631	6	6/1/2055	2425740	 2,354,948 	 29,291.89 	2406874.18	2448908.51	102.205	103.9899205	 42,034.32 																																															
AFS	614840	3140Y6SK7	Agency MBS 30yr	G-2-Q	FANNIE MAE	0.89140217	5.5	6/1/2055	2643112	 2,356,076 	 281,931.18 	2360162.84	2393750.41	100.1735	101.599042	 33,587.58 																																															
AFS	612774	3140Y6VQ0	Agency MBS 30yr	G-2-Q	FANNIE MAE	0.98316008	5	6/1/2055	1422161	 1,398,212 	 23,369.06 	1365230.36	1382480.71	97.6412	98.8749048	 17,250.35 																																															
AFS	613583	3140Y6VR8	Agency MBS 30yr	G-2-Q	FANNIE MAE	0.98879868	5.5	6/1/2055	1259911	 1,245,798 	 14,156.77 	1249520.61	1263045.92	100.2988	101.3844609	13525.31																																															
AFS	612642	3140Y6VS6	Agency MBS 30yr	G-2-Q	FANNIE MAE	0.98965184	6	6/1/2055	1067892	 1,056,841 	 11,302.81 	1080347.33	1091357	102.2242	103.2659322	 11,009.67 																																															
AFS	614780	3140Y6VV9	Agency MBS 30yr	G-2-Q	FANNIE MAE	0.97035885	5.5	6/1/2055	1970778	 1,912,362 	 58,571.29 	1917131.66	1947341.31	100.2494	101.8291222	 30,209.65 																																															
AFS	614828	3140Y6VW7	Agency MBS 30yr	G-2-Q	FANNIE MAE	0.95532734	6	6/1/2055	2439714	 2,330,725 	 112,070.85 	2395010.5	2427173.72	102.7582	104.1381205	 32,163.22 																																															
AFS	620106	3140Y6WE6	Agency MBS 30yr	G-2-Q	FANNIE MAE	0.96899156	5.5	7/1/2055	1018800	 987,209 	 31,163.80 	999404.69	1000420.94	101.2354	101.3383536	 1,016.25 																																															
AFS	620147	3140Y6WG1	Agency MBS 30yr	G-2-Q	FANNIE MAE	0.98947128	6	7/1/2055	1873795	 1,854,066 	 18,923.56 	1912285.38	1915392.33	103.1401	103.3076485	 3,106.96 																																															
AFS	620143	3140Y6WQ9	Agency MBS 30yr	G-2-Q	FANNIE MAE	0.97746538	5.5	7/1/2055	2463210	 2,407,703 	 54,662.48 	2432640.75	2447679.76	101.0358	101.6603905	15039.01																																															
AFS	620111	3140Y6WS5	Agency MBS 30yr	G-2-Q	FANNIE MAE	0.98854918	6	7/1/2055	1743560	 1,723,595 	 19,997.77 	1779582.37	1792370.51	103.2483	103.9902478	12788.14																																															
AFS	620156	3140Y6ZU7	Agency MBS 30yr	G-2-Q	FANNIE MAE	0.98982164	5.5	7/1/2055	1859480	 1,840,554 	 19,151.21 	1861837	1871115.71	101.1564	101.660488	9278.71																																															
AFS	620139	3140Y6ZV5	Agency MBS 30yr	G-2-Q	FANNIE MAE	0.91348702	6	7/1/2055	1818769	 1,661,422 	 162,411.74 	1713607.93	1705538.49	103.141	102.6553528	-8069.45																																															
AFS	723715	3140Y75Y0	Agency MBS 30yr	G-2-Q	FANNIE MAE	0.99141924	5	12/1/2055	1265463	 1,254,604 	 10,980.79 	1268363.37	1248804.85	101.0967	99.5377412	-19558.52																																															
AFS	725945	3140Y76N3	Agency MBS 30yr	G-2-Q	FANNIE MAE	0.99491061	5	12/1/2055	1093720	 1,088,154 	 5,629.21 	1100267.78	1077923.12	101.1133	99.0598284	 (22,344.66)																																															
AFS	641702	3140Y7A40	Agency MBS 30yr	G-2-Q	FANNIE MAE	0.9913802	5.5	8/1/2055	1376316	 1,364,452 	 12,086.94 	1389574	1385435.77	101.8411	101.5378579	 (4,138.23)																																															
AFS	641697	3140Y7A57	Agency MBS 30yr	G-2-Q	FANNIE MAE	0.91775511	6	8/1/2055	3930300	 3,607,053 	 334,661.75 	3731344.5	3692755.35	103.4458	102.3759686	 (38,589.15)																																															
AFS	641701	3140Y7A65	Agency MBS 30yr	G-2-Q	FANNIE MAE	0.99078922	5	8/1/2055	1138469	 1,127,983 	 10,429.66 	1121960.54	1115900.14	99.4661	98.9288251	 (6,060.39)																																															
AFS	642749	3140Y7BE7	Agency MBS 30yr	G-2-Q	FANNIE MAE	0.99032801	5.5	8/1/2055	1872303	 1,854,194 	 18,462.59 	1889526.95	1879012.88	101.9056	101.3385211	 (10,514.06)																																															
AFS	642754	3140Y7BG2	Agency MBS 30yr	G-2-Q	FANNIE MAE	0.79015772	6	8/1/2055	1462046	 1,155,247 	 318,831.34 	1212586.55	1199196.85	104.9634	103.8043745	 (13,389.70)																																															
AFS	643306	3140Y7BN7	Agency MBS 30yr	G-2-Q	FANNIE MAE	0.77232659	6	8/1/2055	1602293	 1,237,493 	 375,444.75 	1275556.96	1275979.6	103.0759	103.1100054	 422.64 																																															
AFS	662582	3140Y7CL0	Agency MBS 30yr	G-2-Q	FANNIE MAE	0.99064144	5	9/1/2055	2359909	 2,337,824 	 20,669.33 	2362829.25	2333503.98	101.0696	99.8152267	 (29,325.27)																																															
AFS	662584	3140Y7CN6	Agency MBS 30yr	G-2-Q	FANNIE MAE	0.98346847	5.5	9/1/2055	7858399	 7,728,488 	 128,203.30 	7943325.66	7856817.8	102.7798	101.6604821	 (86,507.87)																																															
AFS	662586	3140Y7CP1	Agency MBS 30yr	G-2-Q	FANNIE MAE	0.9071173	6	9/1/2055	5236146	 4,749,799 	 165,427.93 	4961409.09	4941306.34	104.4551	104.0319123	 (20,102.75)																																															
AFS	662583	3140Y7FX1	Agency MBS 30yr	G-2-Q	FANNIE MAE	0.99016025	5	9/1/2055	1169130	 1,157,626 	 11,586.63 	1165720.08	1139782.95	100.6992	98.4586467	 (25,937.13)																																															
AFS	662585	3140Y7FY9	Agency MBS 30yr	G-2-Q	FANNIE MAE	0.97436428	5.5	9/1/2055	5902432	 5,751,119 	 155,261.42 	5897675.21	5834051.67	102.5483	101.4420284	 (63,623.54)																																															
AFS	662587	3140Y7FZ6	Agency MBS 30yr	G-2-Q	FANNIE MAE	0.91809404	6	9/1/2055	8289389	 7,610,439 	 707,169.24 	7919841.85	7884101.76	104.0655	103.5958916	 (35,740.09)																																															
AFS	663018	3140Y7HA9	Agency MBS 30yr	G-2-Q	FANNIE MAE	0.98790751	5.5	9/1/2055	1637440	 1,617,639 	 20,376.19 	1663349.87	1639291.6	102.8258	101.3385142	 (24,058.27)																																															
AFS	663239	3140Y7HB7	Agency MBS 30yr	G-2-Q	FANNIE MAE	0.98503574	6	9/1/2055	1860826	 1,832,980 	 29,116.35 	1917880.3	1897221.34	104.6318	103.5047418	 (20,658.97)																																															
AFS	682458	3140Y7HP6	Agency MBS 30yr	G-2-Q	FANNIE MAE	0.99091399	5.5	10/1/2055	2144009	 2,124,529 	 18,389.37 	2182359.65	2163389.6	102.7221	101.8291631	 (18,970.05)																																															
AFS	682461	3140Y7HQ4	Agency MBS 30yr	G-2-Q	FANNIE MAE	0.99298013	6	10/1/2055	1825655	 1,812,839 	 12,285.93 	1894806.72	1885177.55	104.5215	103.9903383	 (9,629.17)																																															
AFS	682451	3140Y7HW1	Agency MBS 30yr	G-2-Q	FANNIE MAE	0.97635578	5	10/1/2055	1208794	 1,180,213 	 28,091.66 	1190507.06	1166480.03	100.8722	98.8363986	 (24,027.03)																																															
AFS	682453	3140Y7HY7	Agency MBS 30yr	G-2-Q	FANNIE MAE	0.99246126	5.5	10/1/2055	1341140	 1,331,029 	 9,648.12 	1368654.35	1352264.4	102.8267	101.5953749	 (16,389.95)																																															
AFS	682456	3140Y7NS3	Agency MBS 30yr	G-2-Q	FANNIE MAE	0.98877442	5.5	10/1/2055	2065814	 2,042,624 	 23,834.93 	2097977.65	2084058.17	102.7099	102.0284755	 (13,919.48)																																															
AFS	682529	3140Y7NT1	Agency MBS 30yr	G-2-Q	FANNIE MAE	0.98521085	6	10/1/2055	1126371	 1,109,713 	 17,355.63 	1154767.97	1150247.4	104.0601	103.6526983	 (4,520.57)																																															
AFS	682452	3140Y7QE1	Agency MBS 30yr	G-2-Q	FANNIE MAE	0.99237288	5	10/1/2055	1011750	 1,004,033 	 7,802.35 	1014925.65	994129.42	101.0849	99.0135939	 (20,796.23)																																															
AFS	682460	3140Y7QF8	Agency MBS 30yr	G-2-Q	FANNIE MAE	0.9913433	5.5	10/1/2055	1345763	 1,334,113 	 11,988.44 	1372066.96	1352584.35	102.8449	101.3845314	 (19,482.62)																																															
AFS	694143	3140Y7QX9	Agency MBS 30yr	G-2-Q	FANNIE MAE	0.9704196	5	11/1/2055	1323970	 1,284,806 	 36,344.87 	1302315.16	1272510.28	101.3628	99.0429564	 (29,804.88)																																															
AFS	694144	3140Y7QY7	Agency MBS 30yr	G-2-Q	FANNIE MAE	0.99113187	5.5	11/1/2055	1334480	 1,322,646 	 11,560.04 	1367859.73	1345216.8	103.4185	101.7065146	 (22,642.93)																																															
AFS	694145	3140Y7RB6	Agency MBS 30yr	G-2-Q	FANNIE MAE	0.9940806	5.5	11/1/2055	1644100	 1,634,368 	 9,480.89 	1688979.56	1656996.51	103.3415	101.3845471	 (31,983.05)																																															
AFS	699262	3140Y7W61	Agency MBS 30yr	G-2-Q	FANNIE MAE	0.99413682	5.5	11/1/2055	1286031	 1,278,491 	 7,792.36 	1320619.91	1309326.07	103.2952	102.411852	 (11,293.84)																																															
AFS	715513	3140Y7YN2	Agency MBS 30yr	G-2-Q	FANNIE MAE	0.99206158	5	11/1/2055	1072785	 1,064,269 	 7,495.55 	1075674.96	1052294.18	101.0717	98.8748513	 (23,380.78)																																															
AFS	715520	3140Y7YQ5	Agency MBS 30yr	G-2-Q	FANNIE MAE	0.99455498	5.5	12/1/2055	1066570	 1,060,763 	 5,085.40 	1090870.98	1073172.21	102.8384	101.1698858	 (17,698.76)																																															
AFS	613597	31410A7G5	Agency MBS 30yr	G-2-Q	FANNIE MAE	0.00783791	6	5/1/2036	3258065	 25,536 	 5,590.51 	26820.96	26090.84	105.0302	102.17108	 (730.12)																																															
AFS	614700	31410B6C3	Agency MBS ARM	G-2-Q	FANNIE MAE	0.00706683	6.245	9/1/2036	16749889	 118,369 	 9,743.26 	121934.33	121780.3	103.0124	102.8822512	 (154.03)																																															
AFS	613889	31410BBG8	Agency MBS 30yr	G-2-Q	FANNIE MAE	0.01842664	6	6/1/2036	3826366	 70,507 	 4,913.14 	77324.53	72680.5	109.6692	103.0825705	 (4,644.03)																																															
AFS	612276	31410BGQ1	Agency MBS 30yr	G-2-Q	FANNIE MAE	0.03135618	6	5/1/2036	3195183	 100,189 	 7,428.55 	109261.19	103703.26	109.0554	103.5079014	 (5,557.93)																																															
AFS	613824	31410LNR9	Agency MBS 15yr	G-2-Q	FANNIE MAE	0.03674647	2.5	4/1/2029	200000000	 7,349,294 	 5,139,762.28 	7343158.57	7221107.31	99.9165	98.2557958	 (122,051.26)																																															
PUB_HTM	614060	31410LR79	Agency MBS 15yr	G-2-Q	FANNIE MAE	0.06902291	3	2/1/2031	50000000	 3,451,146 	 1,132,606.23 	3469437.66	3365679.26	100.53	97.5235398	 (103,758.40)																																															
PUB_HTM	612907	31410LUN0	Agency MBS 15yr	G-2-Q	FANNIE MAE	0.14694193	3	9/1/2032	75000000	 11,020,645 	 2,853,262.41 	11085950.71	10651005.89	100.5926	96.6459416	 (434,944.82)																																															
PUB_HTM	614606	31410LWE8	Agency MBS 15yr	G-2-Q	FANNIE MAE	0.01600596	3	10/1/2027	20000000	 320,119 	 742,138.80 	320206.47	318100.6	100.0273	99.3694214	 (2,105.87)																																															
AFS	613517	31410WAX6	Agency MBS 30yr	G-2-Q	FANNIE MAE	0.00233083	5.5	3/1/2037	2021505	 4,712 	 8,539.07 	4735.8	4735.34	100.5097	100.499966	 (0.46)																																															
AFS	614198	31411CNN7	Agency MBS Other	G-2-Q	FANNIE MAE	0.00347662	5.5	1/1/2037	18100000	 62,927 	 3,996.49 	67090.41	62420.38	106.6165	99.1951909	 (4,670.02)																																															
AFS	614087	31411FWE0	Agency MBS ARM	G-2-Q	FANNIE MAE	0.02891881	6.08	11/1/2037	17327770	 501,098 	 27,653.68 	518080.92	517577.19	103.389	103.2885161	 (503.73)																																															
AFS	614230	31411KKB8	Agency MBS ARM	G-2-Q	FANNIE MAE	0.01039053	6.235	3/1/2037	18281422	 189,954 	 16,752.45 	196296.32	196144.38	103.3391	103.2590687	 (151.94)																																															
AFS	612895	31412HR68	Agency MBS ARM	G-2-Q	FANNIE MAE	0.05407923	6.415	1/1/2037	796604	 43,080 	 3,458.34 	43497.5	44321.27	100.9698	102.8819631	 823.78 																																															
AFS	613312	31412HRZ4	Agency MBS ARM	G-2-Q	FANNIE MAE	0.00210051	5.915	9/1/2033	8088793	 16,991 	 28,714.37 	17272.08	17347.08	101.6568	102.0981589	 74.99 																																															
AFS	613812	31412HSC4	Agency MBS ARM	G-2-Q	FANNIE MAE	0.04852057	6.211	10/1/2037	5870985	 284,864 	 22,474.79 	287115.66	294129.74	100.7906	103.2528555	 7,014.08 																																															
AFS	614364	31412HSD2	Agency MBS ARM	G-2-Q	FANNIE MAE	0.01210162	5.231	9/1/2037	20233946	 244,864 	 28,435.71 	246025.21	245317.09	100.4744	100.1852296	 (708.13)																																															
AFS	614691	31412HSE0	Agency MBS ARM	G-2-Q	FANNIE MAE	0.0252873	3.534	8/1/2037	3413526	 86,319 	 12,551.51 	86870.77	85690.59	100.6394	99.2721579	 (1,180.18)																																															
AFS	613706	31412HSH3	Agency MBS ARM	G-2-Q	FANNIE MAE	0.01587545	6.055	8/1/2037	18713384	 297,083 	 149,470.31 	298780.2	305092.08	100.5712	102.6957695	 6,311.88 																																															
AFS	614561	31412HSJ9	Agency MBS ARM	G-2-Q	FANNIE MAE	0.02334146	5.921	8/1/2036	2933400	 68,470 	 41,540.36 	69132.26	70099.53	100.9675	102.3801527	 967.26 																																															
AFS	614057	31412HSK6	Agency MBS ARM	G-2-Q	FANNIE MAE	0.02809901	6.415	10/1/2035	990130	 27,822 	 1,966.86 	27882.61	28750.58	100.219	103.3387821	 867.96 																																															
AFS	614640	31412HSN0	Agency MBS ARM	G-2-Q	FANNIE MAE	0.00796689	6.04	8/1/2037	8486124	 67,608 	 4,422.37 	68245.7	69952.48	100.9432	103.4677365	 1,706.78 																																															
AFS	614521	31412RL88	Agency MBS 30yr	G-2-Q	FANNIE MAE	0.03513758	4	12/1/2040	25659891	 901,626 	 104,876.73 	901801.99	875953.6	100.0195	97.1526048	 (25,848.39)																																															
AFS	613669	31412V4Z8	Agency MBS 30yr	G-2-Q	FANNIE MAE	0.02609517	6	7/1/2037	1987400	 51,862 	 3,023.31 	53941.06	53414.07	104.0098	102.9936043	 (526.99)																																															
AFS	613629	31412YTR3	Agency MBS ARM	G-2-Q	FANNIE MAE	0.00034904	6.44	9/1/2037	50000972	 17,452 	 96,440.29 	18785.87	17955.12	107.641	102.8808879	 (830.76)																																															
AFS	613703	31413BBM2	Agency MBS 30yr	G-2-Q	FANNIE MAE	0.03758565	6	6/1/2037	1898133	 71,343 	 4,412.39 	78271.93	73163.47	109.7128	102.5523411	 (5,108.46)																																															
AFS	613677	31413DUG0	Agency MBS 30yr	G-2-Q	FANNIE MAE	0.09061985	6	8/1/2037	1301285	 117,922 	 9,689.01 	126054.16	122059.32	106.896	103.5083029	 (3,994.84)																																															
AFS	614683	31413JW26	Agency MBS ARM	G-2-Q	FANNIE MAE	0.0141451	5.835	10/1/2037	17351299	 245,436 	 12,132.49 	250589.21	248277.54	102.0997	101.1578103	 (2,311.67)																																															
AFS	613422	31413QXX1	Agency MBS 30yr	G-2-Q	FANNIE MAE	0.04898069	6	8/1/2037	2628069	 128,725 	 7,539.45 	129473.85	133460.35	100.582	103.6789505	 3,986.50 																																															
AFS	613890	31413X7L1	Agency MBS 30yr	G-2-Q	FANNIE MAE	0.04306152	6	11/1/2037	1898284	 81,743 	 4,974.88 	89962.28	84268.12	110.055	103.0891077	 (5,694.16)																																															
AFS	614136	31414FY47	Agency MBS 30yr	G-2-Q	FANNIE MAE	0.08452242	6	9/1/2038	1023317	 86,493 	 4,474.08 	93177.21	88997.31	107.7278	102.8951134	 (4,179.91)																																															
AFS	614636	31414JAU7	Agency MBS 30yr	G-2-Q	FANNIE MAE	0.04408783	6	12/1/2037	2267784	 99,982 	 7,146.45 	100825.81	103187.9	100.8443	103.2068113	 2,362.09 																																															
AFS	612406	31414SEQ2	Agency MBS 30yr	G-2-Q	FANNIE MAE	0.0424405	5.5	4/1/2038	2026038	 85,986 	 6,776.36 	92938.94	87779.06	108.086	102.0852133	 (5,159.88)																																															
AFS	613783	31416MX41	Agency MBS 20yr	G-2-Q	FANNIE MAE	0.00591842	4.5	3/1/2029	1020000	 6,037 	 4,325.49 	6130.38	6033.68	101.5503	99.9484999	 (96.70)																																															
AFS	614207	31416QZE8	Agency MBS 30yr	G-2-Q	FANNIE MAE	0.08742781	4.5	6/1/2039	1437196	 125,651 	 6,489.10 	129541.41	123356.88	103.0963	98.1742954	 (6,184.53)																																															
AFS	613242	31416SRM5	Agency MBS 30yr	G-2-Q	FANNIE MAE	0.06227537	4.5	6/1/2039	2409480	 150,051 	 7,936.51 	159855.49	148672.03	106.5339	99.080826	 (11,183.46)																																															
AFS	614009	31416XY20	Agency MBS 30yr	G-2-Q	FANNIE MAE	0.03183125	4	3/1/2041	44626076	 1,420,504 	 305,318.47 	1426023.23	1379616.45	100.3886	97.1216316	 (46,406.78)																																															
AFS	614819	31416XY53	Agency MBS 30yr	G-2-Q	FANNIE MAE	0.05288009	4	11/1/2040	17146967	 906,733 	 61,341.28 	907593.29	881481.82	100.0949	97.2151301	 (26,111.47)																																															
AFS	613790	31416XYZ7	Agency MBS 30yr	G-2-Q	FANNIE MAE	0.03981537	4	3/1/2041	24879943	 990,604 	 117,972.48 	990604.14	962090.54	100	97.1215956	 (28,513.60)																																															
AFS	613313	31416Y3M8	Agency MBS 30yr	G-2-Q	FANNIE MAE	0.08250374	3.5	9/1/2041	25035419	 2,065,516 	 143,437.60 	2070429.76	1945347.88	100.2379	94.182188	 (125,081.88)																																															
PUB_HTM	614597	31417A6V6	Agency MBS 15yr	G-2-Q	FANNIE MAE	0.00412007	3	2/1/2027	75208756	 309,865 	 643,955.14 	310023.29	308164.78	100.051	99.4511929	 (1,858.52)																																															
PUB_HTM	614805	31417AJD2	Agency MBS 15yr	G-2-Q	FANNIE MAE	0.00270284	3	11/1/2026	41573745	 112,367 	 401,101.71 	112367.18	111857.93	100	99.5467966	 (509.25)																																															
PUB_HTM	613194	31417AJE0	Agency MBS 15yr	G-2-Q	FANNIE MAE	0.0025786	3	11/1/2026	44588147	 114,975 	 429,373.09 	114975	114453.92	100	99.5467946	 (521.08)																																															
AFS	614138	31417ALQ0	Agency MBS 30yr	G-2-Q	FANNIE MAE	0.05069868	3.5	11/1/2041	25044527	 1,269,724 	 123,604.23 	1275112.38	1195323.57	100.4243	94.1403907	 (79,788.81)																																															
HTM	614634	31417EVR9	Agency MBS 15yr	G-2-Q	FANNIE MAE	0.02412216	2.5	2/1/2028	196000000	 4,727,943 	 4,222,522.66 	4718163.77	4667137.04	99.7932	98.713895	 (51,026.73)																																															
AFS	614440	31417EVR9	Agency MBS 15yr	G-2-Q	FANNIE MAE	0.02412216	2.5	2/1/2028	52597186	 1,268,758 	 1,132,259.94 	1265500.21	1252440.18	99.7433	98.713895	 (13,060.04)																																															
AFS	613632	31417F2E7	Agency MBS 15yr	G-2-Q	FANNIE MAE	0.03217014	2.5	4/1/2028	102260441	 3,289,733 	 2,544,295.83 	3301588.82	3243527.78	100.3604	98.5954809	 (58,061.04)																																															
AFS	614018	31417F2W7	Agency MBS 30yr	G-2-Q	FANNIE MAE	0.44074482	3	3/1/2043	1100845	 485,192 	 19,374.12 	496530.77	439035.31	102.337	90.4869738	 (57,495.45)																																															
AFS	614145	31417FP93	Agency MBS 15yr	G-2-Q	FANNIE MAE	0.02665861	2.5	3/1/2028	50361556	 1,342,569 	 1,022,153.47 	1347228.41	1324508.63	100.347	98.6547845	 (22,719.78)																																															
PUB_HTM	614372	31417FX86	Agency MBS 15yr	G-2-Q	FANNIE MAE	0.02171316	3	3/1/2028	33206919	 721,027 	 495,634.82 	722885.13	713394.36	100.2577	98.9414015	 (9,490.77)																																															
AFS	613189	31417G2M7	Agency MBS 15yr	G-2-Q	FANNIE MAE	0.03569822	2.5	7/1/2028	27789656	 992,041 	 676,543.62 	992041.25	976353.7	100	98.4186587	 (15,687.56)																																															
AFS	613017	31417GD60	Agency MBS 15yr	G-2-Q	FANNIE MAE	0.05000699	2.5	4/1/2028	6372600	 318,675 	 242,209.59 	318674.54	314198.91	100	98.5955463	 (4,475.64)																																															
AFS	614411	31417GFM3	Agency MBS 15yr	G-2-Q	FANNIE MAE	0.02594695	2.5	4/1/2028	16141635	 418,826 	 335,418.17 	418826.2	412695.6	100	98.5362437	 (6,130.60)																																															
AFS	614358	31417GFN1	Agency MBS 15yr	G-2-Q	FANNIE MAE	0.02923908	2.5	4/1/2028	32927527	 962,771 	 720,168.15 	962770.6	948680.08	100	98.536462	 (14,090.52)																																															
AFS	612643	31417GLG9	Agency MBS 15yr	G-2-Q	FANNIE MAE	0.02779942	2.5	5/1/2028	122055838	 3,393,082 	 2,811,438.16 	3406503.78	3343418.65	100.3956	98.5363494	 (63,085.13)																																															
AFS	613982	31417GR24	Agency MBS 15yr	G-2-Q	FANNIE MAE	0.03401903	2.5	5/1/2028	64962503	 2,209,961 	 1,444,976.90 	2209961.34	2176316.93	100	98.4776019	 (33,644.41)																																															
AFS	614490	31417GWH5	Agency MBS 15yr	G-2-Q	FANNIE MAE	0.03289168	2.5	6/1/2028	45554761	 1,498,373 	 1,100,500.31 	1493813.16	1475558.08	99.6957	98.4773789	 (18,255.07)																																															
AFS	612525	31417GY34	Agency MBS 15yr	G-2-Q	FANNIE MAE	0.03413251	2.5	6/1/2028	66759809	 2,278,680 	 1,542,564.83 	2278679.85	2243989.43	100	98.4776091	 (34,690.42)																																															
AFS	613599	31417S5N6	Agency MBS 30yr	G-2-Q	FANNIE MAE	0.23458499	4.5	11/1/2039	2895290	 679,192 	 40,349.17 	685462.94	672948.62	100.9234	99.0808258	 (12,514.32)																																															
AFS	614610	31417TRK6	Agency MBS 30yr	G-2-Q	FANNIE MAE	0.31443468	4.5	12/1/2039	1973357	 620,492 	 36,598.64 	625138.02	614790.82	100.7488	99.0812034	 (10,347.20)																																															
AFS	613240	31417Y4B0	Agency MBS 30yr	G-2-Q	FANNIE MAE	0.04252822	4	8/1/2041	31737205	 1,349,727 	 153,689.41 	1348300.28	1307114.71	99.8943	96.8429076	 (41,185.56)																																															
AFS	613165	31417YT64	Agency MBS 30yr	G-2-Q	FANNIE MAE	0.07364591	3.5	10/1/2040	25814118	 1,901,104 	 144,687.35 	1919859.03	1791498.46	100.9865	94.2346267	 (128,360.57)																																															
AFS	614835	31418A3W6	Agency MBS 15yr	G-2-Q	FANNIE MAE	0.04521898	2.5	12/1/2028	5115497	 231,318 	 125,055.43 	231317.56	227219.55	100	98.228408	 (4,098.00)																																															
PUB_HTM	613711	31418AGL6	Agency MBS 15yr	G-2-Q	FANNIE MAE	0.00763725	3	7/1/2027	48375000	 369,452 	 487,527.94 	369918.21	366774.35	100.1262	99.2752449	 (3,143.87)																																															
PUB_HTM	614706	31418BJX5	Agency MBS 20yr	G-2-Q	FANNIE MAE	0.09083491	3.5	11/1/2034	6088000	 553,003 	 98,546.45 	557931.27	534612.58	100.8912	96.674456	 (23,318.69)																																															
PUB_HTM	613084	31418BL79	Agency MBS 15yr	G-2-Q	FANNIE MAE	0.05660375	3	1/1/2030	39283868	 2,223,614 	 914,865.46 	2233661.03	2180924.8	100.4518	98.0801775	 (52,736.24)																																															
AFS	614623	31418BNL6	Agency MBS 15yr	G-2-Q	FANNIE MAE	0.06618428	2.5	2/1/2030	25490056	 1,687,041 	 775,465.75 	1693681.26	1639504.75	100.3936	97.1822706	 (54,176.51)																																															
PUB_HTM	614688	31418BRZ1	Agency MBS 15yr	G-2-Q	FANNIE MAE	0.08339415	3	6/1/2030	29296311	 2,443,141 	 898,303.28 	2455279.57	2387724.38	100.4968	97.7317489	-67555.19																																															
PUB_HTM	613010	31418BWJ1	Agency MBS 15yr	G-2-Q	FANNIE MAE	0.06934934	3	11/1/2030	26774966	 1,856,826 	 666,946.86 	1866499.7	1811789.84	100.521	97.5745505	 (54,709.85)																																															
PUB_HTM	614486	31418BX27	Agency MBS 20yr	G-2-Q	FANNIE MAE	0.11460132	3	1/1/2036	11000000	 1,260,615 	 224,004.48 	1259271.51	1196488.77	99.8935	94.9131354	 (62,782.74)																																															
PUB_HTM	614832	31418BXA9	Agency MBS 20yr	G-2-Q	FANNIE MAE	0.11079822	3	12/1/2035	11747499	 1,301,602 	 202,024.13 	1300211.69	1236374.57	99.8932	94.9886825	-63837.12																																															
PUB_HTM	613022	31418BYV2	Agency MBS 20yr	G-2-Q	FANNIE MAE	0.11928429	3	2/1/2036	10000000	 1,192,843 	 174,960.12 	1191571.85	1132067.76	99.8934	94.9050172	-59504.1																																															
PUB_HTM	614514	31418BYW0	Agency MBS 15yr	G-2-Q	FANNIE MAE	0.08303082	3	2/1/2031	77099374	 6,401,624 	 1,780,312.30 	6435929.41	6241897.23	100.5359	97.5048987	-194032.17																																															
PUB_HTM	612388	31418BZQ2	Agency MBS 20yr	G-2-Q	FANNIE MAE	0.11089287	3	3/1/2036	11000000	 1,219,822 	 172,867.22 	1218525.67	1147997.44	99.8938	94.111915	-70528.23																																															
PUB_AFS	613295	31418C2U7	Agency MBS 10yr	G-2-Q	FANNIE MAE	0.03119122	3.5	10/1/2028	20000000	 623,824 	 506,401.88 	628527.69	619033.1	100.7539	99.2319472	 (9,494.60)																																															
AFS	614562	31418CAQ7	Agency MBS 15yr	G-2-Q	FANNIE MAE	0.11430817	2	8/1/2031	100000000	 11,430,817 	 3,143,055.33 	11484458.05	10891822.88	100.4693	95.2847279	-592635.17																																															
PUB_HTM	613651	31418CBM5	Agency MBS Other	G-2-Q	FANNIE MAE	0.10627688	3	9/1/2046	8951739	 951,363 	 85,471.08 	928083.42	835814.45	97.553	87.85443	-92268.97																																															
PUB_HTM	614283	31418CCP7	Agency MBS Other	G-2-Q	FANNIE MAE	0.09798708	3	10/1/2046	10500000	 1,028,864 	 84,529.84 	1003782.61	903902.95	97.5622	87.854435	-99879.66																																															
PUB_HTM	614607	31418CDR2	Agency MBS Other	G-2-Q	FANNIE MAE	0.09729404	3	11/1/2046	15000000	 1,459,411 	 79,133.37 	1429674.32	1282157.6	97.9624	87.8544802	-147516.72																																															
PUB_AFS	613206	31418CEB6	Agency MBS 10yr	G-2-Q	FANNIE MAE	0.00759397	2.5	12/1/2026	11420000	 86,723 	 283,674.15 	86497.35	86233.69	99.7396	99.4356215	-263.65																																															
HTM	612161	31418CET7	Agency MBS 15yr	G-2-Q	FANNIE MAE	0.14528049	2	12/1/2031	25378940	 3,687,065 	 981,526.95 	3649927.06	3505724.2	98.9928	95.0817073	-144202.87																																															
HTM	614558	31418CFD1	Agency MBS 30yr	G-2-Q	FANNIE MAE	0.20464882	3	1/1/2047	25000000	 5,116,221 	 449,808.43 	5116841.01	4574991.85	100.0121	89.421319	-541849.15																																															
PUB_HTM	613020	31418CFL3	Agency MBS Other	G-2-Q	FANNIE MAE	0.12815258	3	1/1/2047	15000000	 1,922,289 	 143,591.60 	1875378.6	1688814.45	97.5597	87.8543609	-186564.15																																															
PUB_HTM	613429	31418CGJ7	Agency MBS Other	G-2-Q	FANNIE MAE	0.18082729	3	1/1/2047	15000000	 2,712,409 	 212,764.03 	2648099.57	2382950.98	97.6291	87.8536633	-265148.59																																															
PUB_AFS	613142	31418CK45	Agency MBS 10yr	G-2-Q	FANNIE MAE	0.0148185	3.5	5/1/2027	31100000	 460,855 	 823,016.47 	462271.13	458839.83	100.3072	99.5626565	-3431.3																																															
PUB_AFS	613523	31418CKY9	Agency MBS 10yr	G-2-Q	FANNIE MAE	0.0124266	3	5/1/2027	11869006	 147,491 	 275,198.08 	147563.38	146558.89	100.0488	99.3677593	-1004.5																																															
PUB_AFS	613006	31418CVH4	Agency MBS 10yr	G-2-Q	FANNIE MAE	0.0389593	3	3/1/2028	15000000	 584,390 	 588,484.20 	585384.22	578480.45	100.1702	98.9888504	-6903.78																																															
PUB_AFS	614017	31418CW34	Agency MBS 10yr	G-2-Q	FANNIE MAE	0.03896059	3	5/1/2028	25840100	 1,006,746 	 812,121.92 	1008507.45	995571.39	100.175	98.8900718	-12936.06																																															
PUB_AFS	614559	31418CYE8	Agency MBS 10yr	G-2-Q	FANNIE MAE	0.03716117	3.5	7/1/2028	25274427	 939,227 	 804,683.78 	945991.3	931604.25	100.7202	99.1883724	-14387.05																																															
HTM	614656	31418D2V3	Agency MBS 20yr	G-2-Q	FANNIE MAE	0.63875271	2	7/1/2041	50000000	 31,937,636 	 2,939,053.46 	32381812.37	27721263.35	101.3908	86.798108	 (4,660,549.01)																																															
PUB_HTM	614189	31418D3A8	Agency MBS Other	G-2-Q	FANNIE MAE	0.67089215	2.5	7/1/2051	15000000	 10,063,382 	 600,088.30 	9529803.33	8280270.81	94.6978	82.2811914	 (1,249,532.52)																																															
HTM	614617	31418D3R1	Agency MBS 20yr	G-2-Q	FANNIE MAE	0.64710501	2	8/1/2041	25000000	 16,177,625 	 1,587,381.16 	16578577.16	14031228.26	102.4784	86.7323111	-2547348.89																																															
HTM	614096	31418D4G4	Agency MBS 20yr	G-2-Q	FANNIE MAE	0.6527827	2	9/1/2041	179477241	 117,159,638 	 11,149,932.01 	119611796.7	101546120.9	102.093	86.6732969	 (18,065,675.78)																																															
PUB_HTM	614414	31418D4G4	Agency MBS 20yr	G-2-Q	FANNIE MAE	0.6527827	2	9/1/2041	129818688	 84,743,394 	 7,457,814.61 	80352625.06	73449893.19	94.8187	86.6732969	 (6,902,731.87)																																															
PUB_HTM	613993	31418D4Z2	Agency MBS 30yr	G-2-Q	FANNIE MAE	0.62023374	3	10/1/2051	25000000	 15,505,844 	 1,378,648.94 	15222233.8	13602159.66	98.1709	87.7227973	-1620074.14																																															
PUB_HTM	613607	31418D5G3	Agency MBS 20yr	G-2-Q	FANNIE MAE	0.65494645	2	10/1/2041	16198491	 10,609,144 	 935,746.88 	10059355.01	9189592.97	94.8178	86.6195502	 (869,762.05)																																															
HTM	613047	31418D5G3	Agency MBS 20yr	G-2-Q	FANNIE MAE	0.65494645	2	10/1/2041	176487101	 115,589,600 	 11,040,611.94 	118157091.7	100123191.8	102.2212	86.6195502	 (18,033,899.84)																																															
PUB_HTM	613126	31418D5P3	Agency MBS Other	G-2-Q	FANNIE MAE	0.79293682	2	9/1/2051	25000000	 19,823,421 	 958,389.25 	18300515.1	15573962.52	92.3176	78.5634473	 (2,726,552.58)																																															
PUB_HTM	613080	31418D7E6	Agency MBS 30yr	G-2-Q	FANNIE MAE	0.7639357	2	12/1/2051	25000000	 19,098,393 	 1,132,355.00 	17902526.39	15356826.92	93.7384	80.4090026	 (2,545,699.47)																																															
PUB_HTM	613794	31418DC91	Agency MBS 15yr	G-2-Q	FANNIE MAE	0.09131134	3	7/1/2034	34090000	 3,112,804 	 711,372.24 	3130298.22	2982995.28	100.562	95.8298589	 (147,302.95)																																															
PUB_HTM	613804	31418DD74	Agency MBS Other	G-2-Q	FANNIE MAE	0.03806446	3.5	7/1/2049	25000000	 951,612 	 90,913.39 	941667.33	868015.38	98.955	91.2153096	-73651.95																																															
PUB_HTM	614381	31418DDJ8	Agency MBS Other	G-2-Q	FANNIE MAE	0.04474322	3.5	6/1/2049	23380343	 1,046,112 	 146,892.19 	1035628.87	943861.32	98.9979	90.2256616	 (91,767.55)																																															
PUB_HTM	613970	31418DE32	Agency MBS Other	G-2-Q	FANNIE MAE	0.04656216	3.5	8/1/2049	5000000	 232,811 	 20,073.53 	230425.38	210055.83	98.9754	90.2259816	 (20,369.55)																																															
PUB_HTM	612651	31418DEL2	Agency MBS 15yr	G-2-Q	FANNIE MAE	0.08951995	3	8/1/2034	25000000	 2,237,999 	 444,512.71 	2253159.65	2144704.47	100.6774	95.8313525	-108455.18																																															
PUB_HTM	614144	31418DFJ6	Agency MBS 15yr	G-2-Q	FANNIE MAE	0.10004314	3	9/1/2034	70000000	 7,003,020 	 1,503,308.33 	7051694.29	6705921.27	100.695	95.7575655	 (345,773.02)																																															
PUB_HTM	612786	31418DJJ2	Agency MBS 15yr	G-2-Q	FANNIE MAE	0.17496214	2.5	12/1/2034	66864627	 11,698,778 	 2,212,234.64 	11610143.71	11018718.19	99.2424	94.186914	 (591,425.52)																																															
PUB_HTM	613261	31418DJK9	Agency MBS 15yr	G-2-Q	FANNIE MAE	0.13461121	3	12/1/2034	35000000	 4,711,392 	 940,361.11 	4737887.14	4506678.16	100.5624	95.654911	 (231,208.98)																																															
PUB_HTM	614051	31418DKJ0	Agency MBS 15yr	G-2-Q	FANNIE MAE	0.17329179	2.5	1/1/2035	15000000	 2,599,377 	 460,501.96 	2579662.75	2448272.84	99.2416	94.186914	 (131,389.92)																																															
PUB_HTM	613190	31418DLL4	Agency MBS 15yr	G-2-Q	FANNIE MAE	0.17222512	2.5	2/1/2035	60000000	 10,333,507 	 1,845,694.39 	10255279.94	9732811.54	99.243	94.186914	-522468.4																																															
PUB_HTM	613103	31418DLP5	Agency MBS 20yr	G-2-Q	FANNIE MAE	0.20701472	2.5	2/1/2040	61159834	 12,660,986 	 1,447,533.66 	12324034.67	11431265.28	97.3387	90.2873233	-892769.39																																															
PUB_HTM	613763	31418DMD1	Agency MBS 15yr	G-2-Q	FANNIE MAE	0.16928775	2.5	3/1/2035	115000000	 19,468,091 	 3,483,015.60 	19320264.59	18336394.36	99.2407	94.186914	-983870.23																																															
PUB_HTM	613901	31418DNA6	Agency MBS 15yr	G-2-Q	FANNIE MAE	0.16717503	2.5	4/1/2035	50000000	 8,358,752 	 1,543,953.46 	8294547.87	7872850.09	99.2319	94.186914	 (421,697.78)																																															
PUB_HTM	614344	31418DRW4	Agency MBS 30yr	G-2-Q	FANNIE MAE	0.54109965	2	8/1/2050	125000000	 67,637,456 	 4,331,649.25 	63500133.35	54567068.8	93.8831	80.6758146	-8933064.54																																															
PUB_HTM	613685	31418DSH6	Agency MBS 30yr	G-2-Q	FANNIE MAE	0.57226594	2	9/1/2050	150000000	 85,839,891 	 5,427,784.20 	80630147.59	69359145.25	93.9309	80.800598	-11271002.33																																															
PUB_HTM	613752	31418DSZ6	Agency MBS Other	G-2-Q	FANNIE MAE	0.33380107	2.5	9/1/2050	13839363	 4,619,594 	 370,035.55 	4397104.31	3835494	95.1838	83.0266438	-561610.31																																															
PUB_HTM	613619	31418DTQ5	Agency MBS 30yr	G-2-Q	FANNIE MAE	0.60456655	2	10/1/2050	100000000	 60,456,655 	 3,739,879.46 	56765294.43	48878917.55	93.8942	80.8495236	 (7,886,376.87)																																															
PUB_HTM	614389	31418DUG5	Agency MBS 30yr	G-2-Q	FANNIE MAE	0.61887307	2	11/1/2050	100000000	 61,887,307 	 3,827,107.82 	58104304.39	49961903.17	93.8873	80.7304528	-8142401.22																																															
PUB_HTM	613910	31418DV25	Agency MBS 20yr	G-2-Q	FANNIE MAE	0.57786968	2	1/1/2041	25000000	 14,446,742 	 1,228,917.61 	13713319.73	12601918.65	94.9233	87.2301772	-1111401.09																																															
PUB_HTM	614467	31418DV66	Agency MBS 30yr	G-2-Q	FANNIE MAE	0.70690315	1.5	1/1/2051	25000000	 17,672,579 	 945,269.72 	16014355.67	13521290	90.617	76.51	-2493065.67																																															
PUB_HTM	613082	31418DVH2	Agency MBS Other	G-2-Q	FANNIE MAE	0.66822242	2	12/1/2050	66282470	 44,291,433 	 2,206,305.76 	41130334.91	34798157.14	92.863	78.5663393	-6332177.77																																															
PUB_HTM	614072	31418DX80	Agency MBS 15yr	G-2-Q	FANNIE MAE	0.53593518	1.5	4/1/2036	205000000	 109,866,712 	 13,654,528.03 	105692239.7	99013326.5	96.2004	90.1213159	-6678913.2																																															
PUB_HTM	613631	31418DX98	Agency MBS 15yr	G-2-Q	FANNIE MAE	0.50129719	2	4/1/2036	40000000	 20,051,888 	 2,785,728.78 	19634486.38	18430868.3	97.9184	91.9158768	-1203618.08																																															
PUB_HTM	614307	31418DXC1	Agency MBS Other	G-2-Q	FANNIE MAE	0.52026395	2.5	2/1/2051	7795645	 4,055,793 	 254,453.89 	3842013.94	3367293.77	94.729	83.0242992	-474720.17																																															
PUB_HTM	614654	31418DXK3	Agency MBS 30yr	G-2-Q	FANNIE MAE	0.66940069	2	3/1/2051	75000000	 50,205,052 	 3,078,412.10 	47092648.35	40425546.81	93.8006	80.5208747	-6667101.54																																															
PUB_HTM	613152	31418DXL1	Agency MBS 30yr	G-2-Q	FANNIE MAE	0.55612784	2.5	3/1/2051	79830629	 44,396,035 	 3,336,760.65 	42692342.67	37551834.15	96.1625	84.583756	-5140508.52																																															
PUB_HTM	614000	31418DXZ0	Agency MBS Other	G-2-Q	FANNIE MAE	0.72931751	2	3/1/2051	25000000	 18,232,938 	 848,575.52 	16843085.31	14324841.81	92.3772	78.5657364	-2518243.5																																															
HTM	614343	31418DY71	Agency MBS 20yr	G-2-Q	FANNIE MAE	0.63822189	2	5/1/2041	110000000	 70,204,408 	 6,497,731.11 	71414079.06	61057466.12	101.7231	86.9709865	 (10,356,612.94)																																															
HTM	614722	31418DYB2	Agency MBS 30yr	G-2-Q	FANNIE MAE	0.68950946	2	4/1/2051	215050000	 148,279,009 	 9,722,484.17 	148908462.8	119714587.4	100.4245	80.7360313	 (29,193,875.42)																																															
HTM	614294	31418EAB6	Agency MBS 20yr	G-2-Q	FANNIE MAE	0.68583083	2	12/1/2041	34894186	 23,931,509 	 2,143,128.46 	24079031.22	20694711.85	100.6164	86.4747486	 (3,384,319.37)																																															
PUB_HTM	612763	31418EAR1	Agency MBS 15yr	G-2-Q	FANNIE MAE	0.61720738	1.5	1/1/2037	300000000	 185,162,214 	 23,017,309.39 	177950126.1	166328423.5	96.105	89.8284914	 (11,621,702.60)																																															
HTM	612883	31418EAW0	Agency MBS 20yr	G-2-Q	FANNIE MAE	0.69160117	2	1/1/2042	40000000	 27,664,047 	 2,590,138.17 	27908626.95	23917190.4	100.8841	86.455863	-3991436.54																																															
PUB_HTM	612884	31418EAW0	Agency MBS 20yr	G-2-Q	FANNIE MAE	0.69160117	2	1/1/2042	144870069	 100,192,309 	 8,750,535.99 	94649089.12	86622125.59	94.4674	86.455863	-8026963.52																																															
PUB_HTM	614010	31418EBE9	Agency MBS 15yr	G-2-Q	FANNIE MAE	0.59607654	2	2/1/2037	196828119	 117,324,624 	 15,254,983.90 	114819644.7	107833123.1	97.8649	91.910052	-6986521.61																																															
HTM	613973	31418EBJ8	Agency MBS 20yr	G-2-Q	FANNIE MAE	0.6926163	2	2/1/2042	164022684	 113,604,785 	 10,357,277.32 	112485437.7	98074047.55	99.0147	86.3291524	-14411390.12																																															
PUB_HTM	614824	31418ECD0	Agency MBS 15yr	G-2-Q	FANNIE MAE	0.60337825	2	3/1/2037	30000000	 18,101,348 	 2,397,161.84 	17714983.72	16625704.76	97.8656	91.8478846	-1089278.95																																															
HTM	613935	31418ECH1	Agency MBS 20yr	G-2-Q	FANNIE MAE	0.68198774	2.5	3/1/2042	74027941	 50,486,148 	 4,959,127.13 	50252494.92	44929268.05	99.5372	88.9932579	-5323226.87																																															
PUB_HTM	614258	31418ECH1	Agency MBS 20yr	G-2-Q	FANNIE MAE	0.68198774	2.5	3/1/2042	29775603	 20,306,596 	 1,946,435.17 	19747824.84	18071501.52	97.2483	88.9932579	-1676323.31																																															
PUB_HTM	614180	31418ECV0	Agency MBS 15yr	G-2-Q	FANNIE MAE	0.59886182	2.5	4/1/2037	25147159	 15,059,673 	 2,154,306.30 	14937790.72	14184861.42	99.1907	94.1910295	-752929.3																																															
HTM	613962	31418ECZ1	Agency MBS 20yr	G-2-Q	FANNIE MAE	0.70266718	2.5	4/1/2042	78691946	 55,294,248 	 5,658,560.59 	54935973.58	49199799.62	99.3521	88.9781516	-5736173.96																																															
HTM	613709	31418EKP4	Agency MBS 20yr	G-2-Q	FANNIE MAE	0.64864512	4.5	11/1/2042	37213641	 24,138,447 	 3,647,897.38 	23643398.76	23817887.29	97.9491	98.6719968	174488.53																																															
HTM	613355	31418EL73	Agency MBS 15yr	G-2-Q	FANNIE MAE	0.53923835	4.5	11/1/2037	96021570	 51,778,513 	 9,441,634.71 	51273845.12	51375760.85	99.0253	99.2221636	101915.73																																															
HTM	613253	31418ELD0	Agency MBS 15yr	G-2-Q	FANNIE MAE	0.49721114	4.5	10/1/2037	26064123	 12,959,372 	 2,795,501.15 	12857721.19	12858573.3	99.2156	99.2221922	852.12																																															
HTM	613070	31418ELQ1	Agency MBS 15yr	G-2-Q	FANNIE MAE	0.53568676	4.5	12/1/2037	52062836	 27,889,372 	 6,601,533.99 	27634017.16	27664219.64	99.0844	99.192695	30202.48																																															
AFS	613861	31418EM72	Agency MBS 20yr	G-2-Q	FANNIE MAE	0.56559085	5	12/1/2042	45289448	 25,615,297 	 4,450,768.87 	25208014.81	25758068.14	98.41	100.5573652	550053.34																																															
AFS	614073	31418R5D9	Agency MBS ARM	G-2-Q	FANNIE MAE	0.0068741	5.96	4/1/2040	10090835	 69,365 	 11,660.55 	71647.06	71389.33	103.2893	102.9177613	-257.74																																															
AFS	613519	31418R5H0	Agency MBS ARM	G-2-Q	FANNIE MAE	0.01158372	5.96	4/1/2040	15127546	 175,233 	 6,753.44 	181047.16	181613.46	103.3178	103.6409761	566.3																																															
AFS	614127	31418SPY9	Agency MBS 30yr	G-2-Q	FANNIE MAE	0.06267762	4.5	5/1/2040	2212292	 138,661 	 48,785.00 	147629.14	137386.9	106.4675	99.0809992	-10242.25																																															
AFS	614699	31418VBG6	Agency MBS 30yr	G-2-Q	FANNIE MAE	0.1696128	4.5	6/1/2040	1253441	 212,600 	 10,183.28 	226985.59	210644.81	106.7667	99.0805119	-16340.79																																															
AFS	613598	31418VUR1	Agency MBS 30yr	G-2-Q	FANNIE MAE	0.03142248	4	8/1/2040	40247677	 1,264,682 	 321,761.04 	1265619.05	1228277.44	100.0741	97.1214593	-37341.6																																															
AFS	614200	31419A4N4	Agency MBS 30yr	G-2-Q	FANNIE MAE	0.05879308	3.5	2/1/2041	154822286	 9,102,479 	 1,117,609.28 	9198647.92	8579603.26	101.0565	94.2556771	 (619,044.66)																																															
AFS	614250	31419BBF1	Agency MBS 30yr	G-2-Q	FANNIE MAE	0.06167413	3.5	2/1/2041	25497818	 1,572,556 	 206,457.17 	1578043.05	1482224.1	100.3489	94.2557429	-95818.95																																															
AFS	614132	31419C2C6	Agency MBS 30yr	G-2-Q	FANNIE MAE	0.03207672	3.5	9/1/2040	53962464	 1,730,939 	 145,450.88 	1737587.33	1632936.43	100.3841	94.3381929	-104650.9																																															
AFS	614482	31419CG80	Agency MBS 30yr	G-2-Q	FANNIE MAE	0.03352924	4.5	9/1/2040	2939913	 98,573 	 4,681.46 	104991.13	95580.47	106.511	96.9641042	-9410.66																																															
AFS	613371	31419CYA5	Agency MBS ARM	G-2-Q	FANNIE MAE	0.00520512	6.375	9/1/2040	21799437	 113,469 	 4,177.24 	117666.41	117128.8	103.6995	103.2256631	-537.61																																															
AFS	614464	31419DDU2	Agency MBS 30yr	G-2-Q	FANNIE MAE	0.02885401	3.5	10/1/2041	50000000	 1,442,701 	 107,803.96 	1455065.4	1358312.73	100.8571	94.1507079	-96752.66																																															
AFS	612271	31419E5S4	Agency MBS 30yr	G-2-Q	FANNIE MAE	0.05796061	4	2/1/2041	19643226	 1,138,533 	 97,391.63 	1139670.19	1106823.09	100.0999	97.2148141	-32847.1																																															
AFS	613118	31419FM86	Agency MBS 30yr	G-2-Q	FANNIE MAE	0.02447638	3.5	10/1/2040	26041669	 637,406 	 87,743.51 	637949.67	600720.95	100.0853	94.2446655	-37228.72																																															
AFS	614118	31419FPC4	Agency MBS ARM	G-2-Q	FANNIE MAE	0.00313874	6.56	9/1/2040	19020625	 59,701 	 245,888.05 	61816.03	61716	103.5431	103.375498	-100.04																																															
AFS	614183	31419FVS2	Agency MBS 30yr	G-2-Q	FANNIE MAE	0.03218238	3.5	10/1/2040	26473664	 851,986 	 99,004.44 	861092.38	804106.59	101.0689	94.3803128	-56985.78																																															
AFS	614139	31419GQS6	Agency MBS 30yr	G-2-Q	FANNIE MAE	0.04635923	4	9/1/2040	1882395	 87,266 	 4,343.62 	91396.95	84700.25	104.7333	97.0594313	-6696.69																																															
AFS	613057	31419GQT4	Agency MBS 30yr	G-2-Q	FANNIE MAE	0.07839941	4.5	9/1/2040	1640392	 128,606 	 6,124.83 	136392.12	126638.79	106.0544	98.4705368	-9753.33																																															
AFS	614434	31419GYP3	Agency MBS 30yr	G-2-Q	FANNIE MAE	0.0326296	3.5	10/1/2040	26410496	 861,764 	 101,253.73 	872183.82	812436.1	101.2091	94.2759472	-59747.72																																															
AFS	614789	31419GYQ1	Agency MBS 30yr	G-2-Q	FANNIE MAE	0.04461615	3.5	10/1/2040	22546720	 1,005,948 	 132,853.97 	1011137.32	948575.18	100.5159	94.2966562	 (62,562.14)																																															
AFS	613757	31419HSY9	Agency MBS ARM	G-2-Q	FANNIE MAE	0.0162635	6.315	11/1/2040	25127970	 408,669 	 16,955.23 	422414.92	422876.48	103.3636	103.4765906	461.57																																															
AFS	612773	31419JEA2	Agency MBS 30yr	G-2-Q	FANNIE MAE	0.05379459	4	12/1/2040	16180000	 870,396 	 105,629.67 	870396.47	841391.92	100	96.6676631	-29004.54																																															
AFS	613743	31419KDJ1	Agency MBS 30yr	G-2-Q	FANNIE MAE	0.03743854	4	10/1/2040	3514036	 131,560 	 138,457.00 	138008.67	127311.63	104.9014	96.7704992	-10697.03																																															
AFS	613508	31419KKG9	Agency MBS 30yr	G-2-Q	FANNIE MAE	0.03464017	3.5	11/1/2040	30028433	 1,040,190 	 137,838.97 	1045539.14	980864.99	100.5142	94.2967115	 (64,674.16)																																															
AFS	612394	31419LZY2	Agency MBS 30yr	G-2-Q	FANNIE MAE	0.04851986	4	12/1/2040	25686599	 1,246,310 	 159,450.59 	1243030.85	1210049.49	99.7369	97.0905561	-32981.36																																															
AFS	613811	31421ATG8	Agency MBS 30yr	G-2-Q	FANNIE MAE	0.04948624	3.5	11/1/2041	3653433	 180,795 	 13,081.07 	182851.39	170371.53	101.1376	94.2348227	-12479.86																																															
AFS	614849	31421ATH6	Agency MBS 30yr	G-2-Q	FANNIE MAE	0.05463724	4	11/1/2041	7299373	 398,818 	 29,616.23 	406768.95	387293.42	101.9937	97.1104155	-19475.53																																															
AFS	614523	31426KTB2	Agency MBS 30yr	G-2-Q	FREDDIE MAC	0.6913387	6	4/1/2055	1387401	 959,164 	 433,964.09 	977673.06	988634.34	101.9297	103.0725028	10961.28																																															
AFS	613287	31426L2A1	Agency MBS 30yr	G-2-Q	FREDDIE MAC	0.81777017	6	3/1/2055	1529245	 1,250,571 	 271,540.41 	1282135.8	1294920.57	102.524	103.5463499	12784.76																																															
AFS	612509	31426NG53	Agency MBS 30yr	G-2-Q	FREDDIE MAC	0.80342066	6	5/1/2055	1342172	 1,078,329 	 268,146.67 	1099908.33	1108180.58	102.0012	102.7683456	8272.25																																															
AFS	614762	31426RAN1	Agency MBS 30yr	G-2-Q	FREDDIE MAC	0.78935174	6	6/1/2055	1370931	 1,082,147 	 293,837.95 	1100551.88	1111293.21	101.7008	102.6933908	10741.33																																															
AFS	612658	31426RAV3	Agency MBS 30yr	G-2-Q	FREDDIE MAC	0.9878332	5.5	6/1/2055	1164096	 1,149,933 	 14,116.98 	1146182.53	1162825.13	99.6739	101.1211483	16642.6																																															
AFS	614807	31426RXA4	Agency MBS 30yr	G-2-Q	FREDDIE MAC	0.98970357	6	5/1/2055	1051763	 1,040,934 	 11,144.13 	1070502.01	1078954.48	102.8406	103.6525757	8452.47																																															
AFS	614747	31426RXB2	Agency MBS 30yr	G-2-Q	FREDDIE MAC	0.97937637	5.5	5/1/2055	1805565	 1,768,328 	 37,318.76 	1771870.84	1789012.29	100.2004	101.1697262	17141.44																																															
AFS	620124	31426SJV2	Agency MBS 30yr	G-2-Q	FREDDIE MAC	0.76663092	6.5	7/1/2055	1166943	 894,615 	 282,925.45 	932521.3	934070.55	104.2372	104.4103865	1549.24																																															
AFS	620134	31426SJW0	Agency MBS 30yr	G-2-Q	FREDDIE MAC	0.81047559	5.5	6/1/2055	1254000	 1,016,336 	 237,684.42 	1021061.34	1029237.74	100.4649	101.2693981	8176.4																																															
AFS	642741	31426VAH5	Agency MBS 30yr	G-2-Q	FREDDIE MAC	0.72917701	6	7/1/2055	1085316	 791,387 	 301,158.19 	814071.18	813569.52	102.8663	102.8029303	-501.67																																															
AFS	647945	31426XTE8	Agency MBS 30yr	G-2-Q	FREDDIE MAC	0.99123787	5.5	7/1/2055	1034523	 1,025,458 	 9,190.68 	1039386.26	1030667.37	101.3582	100.507967	 (8,718.90)																																															
AFS	681904	31427CPT4	Agency MBS 30yr	G-2-Q	FREDDIE MAC	0.90928485	6	9/1/2055	1458667	 1,326,344 	 135,122.69 	1367825.79	1362066.66	103.1275	102.6933334	 (5,759.12)																																															
AFS	681901	31427D7B1	Agency MBS 30yr	G-2-Q	FREDDIE MAC	0.98952347	6.5	10/1/2055	1146573	 1,134,561 	 12,563.91 	1185476.8	1183472.5	104.4877	104.3110601	-2004.3																																															
AFS	694925	31427GW34	Agency MBS 30yr	G-2-Q	FREDDIE MAC	0.99225269	5.5	10/1/2055	1115694	 1,107,050 	 7,774.33 	1133905.05	1116684.79	102.4258	100.8702784	 (17,220.25)																																															
AFS	614178	3142BBC40	Agency MBS ARM	G-2-Q	FREDDIE MAC	0.86017091	4.902	5/1/2055	38934060	 33,489,946 	 4,826,954.07 	33101129.2	33328793.98	98.839	99.5188053	 227,664.77 																																															
AFS	613520	3142GR6Q8	Agency MBS 30yr	G-2-Q	FREDDIE MAC	0.78026085	6	6/1/2054	86355272	 67,379,638 	 12,880,782.50 	68708111.82	69973347.02	101.9716	103.849396	1265235.2																																															
AFS	620122	3142GU5P4	Agency MBS 30yr	G-2-Q	FREDDIE MAC	0.92785428	5	7/1/2055	1252221	 1,161,879 	 90,300.04 	1161291.64	1159337.65	99.9495	99.7813053	 (1,953.99)																																															
AFS	620154	3142GU5Q2	Agency MBS 30yr	G-2-Q	FREDDIE MAC	0.94387304	5.5	7/1/2055	5583377	 5,269,999 	 319,670.02 	5372255.75	5357504.77	101.9404	101.660451	-14750.98																																															
AFS	620137	3142GU5R0	Agency MBS 30yr	G-2-Q	FREDDIE MAC	0.91426703	6	7/1/2055	10397640	 9,506,219 	 925,057.76 	9855531.39	9757557.65	103.6746	102.6439344	-97973.75																																															
AFS	613667	3142GUCQ4	Agency MBS 30yr	G-2-Q	FREDDIE MAC	0.59198071	6	3/1/2055	5024734	 2,974,546 	 1,802,732.23 	3050473.26	3071124.39	102.5526	103.2468417	20651.12																																															
AFS	613013	3142GUCR2	Agency MBS 30yr	G-2-Q	FREDDIE MAC	0.98584396	5.5	3/1/2055	5944611	 5,860,459 	 67,152.25 	5906698.91	5954173.63	100.789	101.5991032	47474.72																																															
AFS	613987	3142GUCS0	Agency MBS 30yr	G-2-Q	FREDDIE MAC	0.98448631	5	2/1/2055	4963813	 4,886,806 	 59,721.90 	4819543.05	4844631.15	98.6236	99.1369661	 25,088.11 																																															
AFS	612391	3142GUPG2	Agency MBS 30yr	G-2-Q	FREDDIE MAC	0.97216889	5.5	5/1/2055	2895307	 2,814,727 	 65,298.07 	2835652.14	2861460.46	100.7434	101.6603052	 25,808.31 																																															
AFS	620117	3142GVBC4	Agency MBS 30yr	G-2-Q	FREDDIE MAC	0.98261832	5.5	7/1/2055	2499251	 2,455,810 	 43,889.17 	2480512.68	2489057.86	101.0059	101.3538526	8545.18																																															
AFS	620107	3142GVBD2	Agency MBS 30yr	G-2-Q	FREDDIE MAC	0.92717217	6	7/1/2055	6181537	 5,731,349 	 464,361.81 	5906926.73	5882882.27	103.0635	102.6439359	-24044.46																																															
AFS	620104	3142GVBE0	Agency MBS 30yr	G-2-Q	FREDDIE MAC	0.91192316	6.5	7/1/2055	4021596	 3,667,387 	 373,857.02 	3866004.03	3863326.2	105.4158	105.3427601	 (2,677.83)																																															
AFS	641714	3142GVHJ3	Agency MBS 30yr	G-2-Q	FREDDIE MAC	0.96091392	6	8/1/2055	1060791	 1,019,329 	 43,159.52 	1058785.87	1051031.58	103.8709	103.1101586	-7754.28																																															
AFS	641713	3142GVHK0	Agency MBS 30yr	G-2-Q	FREDDIE MAC	0.99176373	5.5	8/1/2055	1152796	 1,143,301 	 9,671.28 	1164088.32	1149109.24	101.8182	100.5080006	-14979.08																																															
AFS	662049	3142GVL58	Agency MBS 30yr	G-2-Q	FREDDIE MAC	0.93097266	5.5	9/1/2055	3911343	 3,641,353 	 278,426.78 	3752817.09	3693863.18	103.0611	101.4420404	-58953.91																																															
AFS	662048	3142GVL66	Agency MBS 30yr	G-2-Q	FREDDIE MAC	0.81408531	6	9/1/2055	5137863	 4,182,659 	 998,039.15 	4362875.31	4300695.3	104.3087	102.8220448	-62180.01																																															
AFS	681898	3142GVR60	Agency MBS 30yr	G-2-Q	FREDDIE MAC	0.97127925	5.5	10/1/2055	2751058	 2,672,046 	 81,370.48 	2748498.46	2727781.71	102.8612	102.0858985	-20716.76																																															
AFS	681905	3142GVR78	Agency MBS 30yr	G-2-Q	FREDDIE MAC	0.99206115	5	9/1/2055	910894	 903,663 	 7,311.67 	913464.07	893982.68	101.0846	98.9288178	-19481.39																																															
AFS	689278	3142GVWR8	Agency MBS 30yr	G-2-Q	FREDDIE MAC	0.99167946	5	10/1/2055	1007516	 999,133 	 8,490.49 	1012041.72	989739.49	101.292	99.0598417	-22302.23																																															
AFS	689279	3142GVWS6	Agency MBS 30yr	G-2-Q	FREDDIE MAC	0.9670679	5.5	10/1/2055	5357925	 5,181,477 	 182,127.13 	5343959.81	5276253.71	103.1358	101.8291392	-67706.1																																															
AFS	689280	3142GVWT4	Agency MBS 30yr	G-2-Q	FREDDIE MAC	0.93987519	6	11/1/2055	3695965	 3,473,746 	 233,764.17 	3650986.54	3624344.87	105.1023	104.3353508	-26641.66																																															
AFS	696160	3142GVX71	Agency MBS 30yr	G-2-Q	FREDDIE MAC	0.99431148	5.5	11/1/2055	1224260	 1,217,296 	 7,172.07 	1253093.98	1233589.46	102.9408	101.3385148	-19504.53																																															
AFS	696191	3142GVX89	Agency MBS 30yr	G-2-Q	FREDDIE MAC	0.99556091	6.5	11/1/2055	1034307	 1,029,716 	 4,891.26 	1096088.86	1088142.18	106.4458	105.6740481	-7946.69																																															
AFS	691738	3142GVXA4	Agency MBS 30yr	G-2-Q	FREDDIE MAC	0.99426698	5	11/1/2055	1525915	 1,517,167 	 8,885.47 	1540604.95	1502903.09	101.5449	99.0598392	-37701.86																																															
AFS	691737	3142GVXB2	Agency MBS 30yr	G-2-Q	FREDDIE MAC	0.99336659	5.5	11/1/2055	2003597	 1,990,306 	 13,735.09 	2057301.59	2031824.35	103.3661	102.0860119	-25477.24																																															
AFS	691736	3142GVXC0	Agency MBS 30yr	G-2-Q	FREDDIE MAC	0.92491598	6	11/1/2055	1337094	 1,236,700 	 105,429.80 	1296838.04	1269303	104.8628	102.6363225	-27535.04																																															
AFS	693650	3142GVXT3	Agency MBS 30yr	G-2-Q	FREDDIE MAC	0.99403206	5	11/1/2055	1311110	 1,303,285 	 7,943.22 	1322718.02	1292438.85	101.4911	99.1677549	-30279.17																																															
AFS	693651	3142GVXU0	Agency MBS 30yr	G-2-Q	FREDDIE MAC	0.99100623	5.5	11/1/2055	1968897	 1,951,189 	 18,323.43 	2017449.17	1990768.67	103.3959	102.0284796	-26680.5																																															
AFS	710153	3142GWB57	Agency MBS 30yr	G-2-Q	FREDDIE MAC	0.99474343	5.5	12/1/2055	1096769	 1,091,004 	 5,938.20 	1123247.88	1108409.09	102.9555	101.5953507	-14838.79																																															
AFS	708653	3142GWBY4	Agency MBS 30yr	G-2-Q	FREDDIE MAC	0.99538931	5.5	11/1/2055	1076302	 1,071,340 	 5,074.93 	1095296.07	1078452.06	102.2361	100.6638939	-16844.01																																															
AFS	715145	3142GWCF4	Agency MBS 30yr	G-2-Q	FREDDIE MAC	0.98944182	6	12/1/2055	1018392	 1,007,640 	 11,277.38 	1055642.31	1042955.85	104.7639	103.5048456	 (12,686.46)																																															
AFS	715144	3142GWCG2	Agency MBS 30yr	G-2-Q	FREDDIE MAC	0.99527966	5.5	12/1/2055	1029579	 1,024,719 	 5,032.34 	1060606.33	1038906.55	103.5022	101.3845276	 (21,699.77)																																															
AFS	715143	3142GWCH0	Agency MBS 30yr	G-2-Q	FREDDIE MAC	0.98689112	5	12/1/2055	1033363	 1,019,817 	 13,749.43 	1034630.4	1007949.45	101.4526	98.8363282	 (26,680.95)																																															
AFS	725946	3142GWF46	Agency MBS 30yr	G-2-Q	FREDDIE MAC	0.99429757	5	1/1/2056	2055380	 2,043,659 	 11,889.15 	2073205.43	2036102.57	101.4457	99.6302336	 (37,102.86)																																															
AFS	713934	3142JNFK7	Agency MBS 30yr	G-2-Q	FREDDIE MAC	0.99327208	6	9/1/2055	1034988	 1,028,025 	 7,245.66 	1069007.19	1064054.54	103.9865	103.5047658	-4952.65																																															
AFS	713802	3142JNFL5	Agency MBS 30yr	G-2-Q	FREDDIE MAC	0.99307574	5.5	10/1/2055	1084083	 1,076,577 	 7,704.98 	1104538.89	1090986.72	102.5973	101.3385197	 (13,552.17)																																															
233_PUB_HTM	611891	338158WQ7	MUNI	IG-2	FITCHBURG WI		2	3/1/2038	1175000	 1,175,000 	 -   	1034329.05	909127.34	88.028	77.37254	 (125,201.70)																																															
233_PUB_HTM	612044	338158WR5	MUNI	IG-2	FITCHBURG WI		2	3/1/2039	685000	 685,000 	 -   	595903.99	512847.17	86.9933	74.8682	 (83,056.82)																																															
233_PUB_HTM	611647	338158WS3	MUNI	IG-2	FITCHBURG WI		2	3/1/2040	500000	 500,000 	 -   	429827.63	359919.5	85.9655	71.9839	-69908.13																																															
233_PUB_HTM	611603	3411503N8	MUNI	IG-2	FLORIDA ST		4	7/1/2030	1945000	 1,945,000 	 -   	2017549.39	1999479.06	103.73	102.80098	 (18,070.33)																																															
233_PUB_HTM	611928	3411503P3	MUNI	IG-2	FLORIDA ST		4	7/1/2031	3065000	 3,065,000 	 -   	3173404.01	3145136.57	103.5368	102.61457	 (28,267.44)																																															
233_PUB_HTM	612067	3411503Q1	MUNI	IG-2	FLORIDA ST		4	7/1/2032	3185000	 3,185,000 	 -   	3295642.85	3261195.39	103.4739	102.39232	 (34,447.46)																																															
233_PUB_HTM	611900	3411503R9	MUNI	IG-2	FLORIDA ST		4	7/1/2033	3315000	 3,315,000 	 -   	3427953.63	3388678.86	103.4073	102.22259	-39274.77																																															
233_PUB_HTM	611163	3411503S7	MUNI	IG-2	FLORIDA ST		4	7/1/2034	3445000	 3,445,000 	 -   	3558390.72	3516580.21	103.2915	102.0778	 (41,810.51)																																															
233_PUB_HTM	611759	3411503T5	MUNI	IG-2	FLORIDA ST		4	7/1/2035	2000000	 2,000,000 	 -   	2065245.1	2037934	103.2623	101.8967	 (27,311.10)																																															
233_PUB_HTM	611954	3411504T4	MUNI	IG-2	FLORIDA ST		4	7/1/2030	2000000	 2,000,000 	 -   	2074600.92	2056019.6	103.73	102.80098	 (18,581.32)																																															
233_PUB_HTM	612338	3411504W7	MUNI	IG-2	FLORIDA ST		4	7/1/2033	4000000	 4,000,000 	 -   	4136293.96	4088903.6	103.4073	102.22259	 (47,390.36)																																															
233_PUB_HTM	612868	3411504X5	MUNI	IG-2	FLORIDA ST		4	7/1/2034	4000000	 4,000,000 	 -   	4131658.31	4083112	103.2915	102.0778	 (48,546.31)																																															
233_PUB_HTM	611596	3411506J4	MUNI	IG-2	FLORIDA ST		4	7/1/2039	3000000	 3,000,000 	 -   	3094467.53	3037404.6	103.1489	101.24682	-57062.93																																															
233_PUB_HTM	612622	3411508E3	MUNI	IG-2	FLORIDA ST		2	7/1/2034	6330000	 6,330,000 	 -   	5919317.88	5447401.77	93.5121	86.0569	 (471,916.11)																																															
233_PUB_HTM	611517	3411508F0	MUNI	IG-2	FLORIDA ST	1	2	7/1/2035	6455000	 6,455,000 	 -   	5951956.22	5424286.9	92.2069	84.03233	 (527,669.32)																																															
233_PUB_HTM	612377	3411508G8	MUNI	IG-2	FLORIDA ST	1	2	7/1/2036	6585000	 6,585,000 	 -   	5947704.16	5391744.66	90.322	81.87919	 (555,959.50)																																															
233_PUB_HTM	612322	3411508H6	MUNI	IG-2	FLORIDA ST	1	2	7/1/2037	6715000	 6,715,000 	 -   	5858444.23	5355918.25	87.2441	79.76051	 (502,525.98)																																															
233_PUB_HTM	612621	3411508J2	MUNI	IG-2	FLORIDA ST	1	2	7/1/2038	6850000	 6,850,000 	 -   	5979354.21	5327647.1	87.2898	77.77587	 (651,707.12)																																															
233_PUB_HTM	612079	34153P6Z6	MUNI	IG-2	FLORIDA ST BRD OF EDU PUBLIC E		3	6/1/2028	6435000	 6,435,000 	 -   	6435000	6430554.06	100	99.93091	 (4,445.94)																																															
233_PUB_HTM	611990	34153QAV8	MUNI	IG-2	FLORIDA ST BRD OF EDU PUBLIC E		3	6/1/2029	400000	 400,000 	 -   	400000	399592.6	100	99.89815	 (407.40)																																															
233_PUB_HTM	612840	34153QLS3	MUNI	IG-2	FLORIDA ST BRD OF EDU PUBLIC E		4	6/1/2035	10580000	 10,580,000 	 -   	10747509.61	10653077.12	101.5833	100.69071	 (94,432.50)																																															
233_PUB_HTM	611153	34153QMM5	MUNI	IG-2	FLORIDA ST BRD OF EDU PUBLIC E		4	6/1/2032	890000	 890,000 	 -   	919776.76	907669.44	103.3457	101.98533	 (12,107.32)																																															
233_PUB_HTM	611413	34153QNK8	MUNI	IG-2	FLORIDA ST BRD OF EDU PUBLIC E		4	6/1/2034	3785000	 3,785,000 	 -   	3908713.83	3842973.71	103.2685	101.53167	 (65,740.12)																																															
233_PUB_HTM	612730	34153QTC0	MUNI	IG-2	FLORIDA ST BRD OF EDU PUBLIC E	1	3	6/1/2034	3025000	 3,025,000 	 -   	3084909.6	2943027.04	101.9805	97.29015	 (141,882.56)																																															
233_PUB_HTM	611180	34153QTD8	MUNI	IG-2	FLORIDA ST BRD OF EDU PUBLIC E	1	3	6/1/2035	3115000	 3,115,000 	 -   	3171390.3	2992828.14	101.8103	96.07795	 (178,562.16)																																															
233_PUB_HTM	611745	34153QTE6	MUNI	IG-2	FLORIDA ST BRD OF EDU PUBLIC E	1	3	6/1/2036	3205000	 3,205,000 	 -   	3257915.96	3044082.08	101.651	94.97916	 (213,833.88)																																															
233_PUB_HTM	611932	34153QVK9	MUNI	IG-2	FLORIDA ST BRD OF EDU PUBLIC E	1	2	6/1/2040	3310000	 3,310,000 	 -   	2838749.81	2368180.54	85.7628	71.54624	 (470,569.26)																																															
233_PUB_HTM	611995	34153QVL7	MUNI	IG-2	FLORIDA ST BRD OF EDU PUBLIC E	1	2	6/1/2041	3375000	 3,375,000 	 -   	2860865.53	2332230.64	84.7664	69.10313	 (528,634.90)																																															
233_PUB_HTM	611349	343334GJ1	MUNI	IG-2	FLOSSMOOR IL		3.5	12/1/2033	460000	 460,000 	 -   	460000	457538.03	100	99.46479	 (2,461.97)																																															
233_PUB_HTM	612339	343334GK8	MUNI	IG-2	FLOSSMOOR IL		3.5	12/1/2034	475000	 475,000 	 -   	475000	474982.24	100	99.99626	 (17.76)																																															
233_PUB_HTM	612176	344664KD8	MUNI	IG-2	FONTANA ON GENEVA LAKE WI	1	4	3/1/2032	275000	 275,000 	 -   	275000	275191.18	100	100.06952	 191.18 																																															
233_PUB_HTM	611312	345850DP3	MUNI	IG-2	FOREST LAKE MN	1	3.25	2/1/2034	1105000	 1,105,000 	 -   	1105000	1105016.13	100	100.00146	 16.13 																																															
233_PUB_HTM	611506	347550NE1	MUNI	IG-2	FORT LAUDERDALE FL		2.5	7/1/2037	2735000	 2,735,000 	 -   	2505179.22	2302259.82	91.597	84.17769	 (202,919.40)																																															
233_PUB_HTM	611732	347550NF8	MUNI	IG-2	FORT LAUDERDALE FL		2.5	7/1/2038	2805000	 2,805,000 	 -   	2600654.14	2303813.26	92.7149	82.13238	-296840.89																																															
233_PUB_HTM	612008	347550PL3	MUNI	IG-2	FORT LAUDERDALE FL		2.5	7/1/2037	1010000	 1,010,000 	 -   	925130.17	850194.67	91.597	84.17769	 (74,935.50)																																															
233_PUB_HTM	611733	347550PM1	MUNI	IG-2	FORT LAUDERDALE FL		2.5	7/1/2038	3450000	 3,450,000 	 -   	3198665.52	2833567.11	92.7149	82.13238	 (365,098.41)																																															
233_PUB_HTM	611231	349426AS5	MUNI	IG-2	FORT WORTH TX		3	3/1/2036	2000000	 2,000,000 	 -   	2012446.63	1877796	100.6223	93.8898	 (134,650.63)																																															
233_PUB_HTM	611742	35005RAS0	MUNI	IG-2	FOSTER CITY CA		2	8/1/2037	2645000	 2,645,000 	 -   	2320969	2144949	87.7493	81.09448	 (176,020.00)																																															
233_PUB_HTM	611658	35005RAU5	MUNI	IG-2	FOSTER CITY CA		2	8/1/2039	2225000	 2,225,000 	 -   	1863943.96	1718021.51	83.7728	77.21445	 (145,922.45)																																															
233_PUB_HTM	612466	3516944V3	MUNI	IG-2	FRAMINGHAM MA		4	11/1/2027	1015000	 1,015,000 	 -   	1023160.52	1021268.54	100.804	100.61759	 (1,891.98)																																															
233_PUB_HTM	612926	3516944X9	MUNI	IG-2	FRAMINGHAM MA		4	11/1/2029	645000	 645,000 	 -   	649943.99	648932.24	100.7665	100.60965	 (1,011.74)																																															
233_PUB_HTM	612104	3516944Y7	MUNI	IG-2	FRAMINGHAM MA		4	11/1/2030	785000	 785,000 	 -   	790852.38	789624.12	100.7455	100.58906	 (1,228.26)																																															
233_PUB_HTM	612971	3516946S8	MUNI	IG-2	FRAMINGHAM MA		4	12/1/2031	1240000	 1,240,000 	 -   	1269920.65	1264654.67	102.413	101.98828	 (5,265.98)																																															
233_PUB_HTM	611339	3516946T6	MUNI	IG-2	FRAMINGHAM MA		4	12/1/2032	1135000	 1,135,000 	 -   	1162009.05	1156374.89	102.3797	101.88325	 (5,634.16)																																															
233_PUB_HTM	611383	357172YA7	MUNI	IG-2	FREMONT CA UNION HIGH SCH DIST		4	8/1/2032	1500000	 1,500,000 	 -   	1529911.49	1522353.9	101.9941	101.49026	 (7,557.59)																																															
233_PUB_HTM	612711	357172YB5	MUNI	IG-2	FREMONT CA UNION HIGH SCH DIST		4	8/1/2033	2000000	 2,000,000 	 -   	2039706.43	2026947.4	101.9853	101.34737	 (12,759.03)																																															
233_PUB_HTM	611347	357172YC3	MUNI	IG-2	FREMONT CA UNION HIGH SCH DIST		4	8/1/2034	1000000	 1,000,000 	 -   	1019645.69	1012416.2	101.9646	101.24162	 (7,229.49)																																															
233_PUB_HTM	612689	3582322X3	MUNI	IG-2	FRESNO CA UNIF SCH DIST		4	8/1/2034	500000	 500,000 	 -   	501340.79	501193.9	100.2682	100.23878	 (146.89)																																															
233_PUB_HTM	611437	3582323D6	MUNI	IG-2	FRESNO CA UNIF SCH DIST		4	8/1/2032	1000000	 1,000,000 	 -   	1002755.99	1001154.4	100.2756	100.11544	 (1,601.59)																																															
233_PUB_HTM	611529	3582323E4	MUNI	IG-2	FRESNO CA UNIF SCH DIST		4	8/1/2033	500000	 500,000 	 -   	501368.91	500506.65	100.2738	100.10133	 (862.26)																																															
233_PUB_HTM	611415	358586NH4	MUNI	IG-2	FRIENDSWOOD TX INDEP SCH DIST		4	2/15/2031	2000000	 2,000,000 	 -   	2000000	2001330	100	100.0665	 1,330.00 																																															
AFS	614351	36176CUU7	Agency MBS 30yr	A-3-Q	GOVERNMENT NATIONAL MORTGAGE A	0.02561859	4	6/1/2041	20240149	 518,524 	 22,359.42 	524161.28	493234.76	101.0872	95.1228264	 (30,926.52)																																															
AFS	614345	36176D4B6	Agency MBS 30yr	A-3-Q	GOVERNMENT NATIONAL MORTGAGE A	0.0380185	4	5/1/2041	32000000	 1,216,592 	 88,591.61 	1234073.78	1160158.01	101.4369	95.3613048	 (73,915.78)																																															
AFS	613434	36176D6N8	Agency MBS 30yr	A-3-Q	GOVERNMENT NATIONAL MORTGAGE A	0.04527923	4	3/1/2041	20061401	 908,365 	 99,066.71 	914987.55	861164.51	100.7291	94.8038184	 (53,823.04)																																															
AFS	613441	36176DHF3	Agency MBS 30yr	A-3-Q	GOVERNMENT NATIONAL MORTGAGE A	0.05409134	4	3/1/2041	42697515	 2,309,566 	 334,840.61 	2333471.6	2189556.57	101.0351	94.8038184	 (143,915.03)																																															
AFS	612272	36176DKU6	Agency MBS 30yr	A-3-Q	GOVERNMENT NATIONAL MORTGAGE A	0.04925378	4	4/1/2041	33464337	 1,648,245 	 140,403.26 	1668721.18	1571747.35	101.2423	95.3588368	 (96,973.84)																																															
AFS	612527	36176EBV2	Agency MBS 30yr	A-3-Q	GOVERNMENT NATIONAL MORTGAGE A	0.04219925	4	5/1/2041	25000000	 1,054,981 	 134,262.29 	1068840.59	1007194.36	101.3137	95.4703567	 (61,646.23)																																															
AFS	613534	36176EYA3	Agency MBS 30yr	A-3-Q	GOVERNMENT NATIONAL MORTGAGE A	0.05143861	4	5/1/2041	27375438	 1,408,154 	 77,364.94 	1422847.36	1344354.73	101.0434	95.4692646	 (78,492.64)																																															
AFS	613620	36176MAH6	Agency MBS 30yr	A-3-Q	GOVERNMENT NATIONAL MORTGAGE A	0.03260232	4	5/1/2041	2818335	 91,884 	 3,895.55 	92762.07	87530.78	100.9553	95.2619948	 (5,231.29)																																															
AFS	613277	36176MUP6	Agency MBS 30yr	A-3-Q	GOVERNMENT NATIONAL MORTGAGE A	0.02687312	4.5	6/1/2041	3336817	 89,671 	 4,062.56 	95644.43	87897.51	106.6619	98.0225673	 (7,746.93)																																															
AFS	614460	36176NBE0	Agency MBS 30yr	A-3-Q	GOVERNMENT NATIONAL MORTGAGE A	0.12238339	4.5	6/1/2041	4909659	 600,861 	 30,132.95 	637433.39	584473.01	106.0867	97.2726284	 (52,960.38)																																															
AFS	613507	36176W5P2	Agency MBS 30yr	A-3-Q	GOVERNMENT NATIONAL MORTGAGE A	0.08394035	3.5	1/1/2042	6864133	 576,178 	 37,500.75 	597595.19	533868.2	103.7172	92.6568615	 (63,726.99)																																															
HTM	613586	36176XQB8	Agency MBS 15yr	A-3-Q	GOVERNMENT NATIONAL MORTGAGE A	0.00523297	3	5/1/2027	30000000	 156,989 	 308,684.72 	157364.78	156193.03	100.2393	99.4929128	 (1,171.75)																																															
HTM	613431	36178EL49	Agency MBS 30yr	A-3-Q	GOVERNMENT NATIONAL MORTGAGE A	0.1474032	3	5/1/2043	5145012	 758,391 	 37,152.33 	785740.51	694144.37	103.6062	91.5285325	 (91,596.14)																																															
HTM	613587	36178EL80	Agency MBS 30yr	A-3-Q	GOVERNMENT NATIONAL MORTGAGE A	0.20767423	3	5/1/2043	4432136	 920,440 	 114,542.80 	953270.17	846276.27	103.5667	91.942535	 (106,993.91)																																															
HTM	614529	36178ELN7	Agency MBS 30yr	A-3-Q	GOVERNMENT NATIONAL MORTGAGE A	0.10367421	3	5/1/2043	12454062	 1,291,165 	 373,451.84 	1339834.57	1182318.34	103.7694	91.5698845	 (157,516.23)																																															
HTM	614094	36178ELR8	Agency MBS 30yr	A-3-Q	GOVERNMENT NATIONAL MORTGAGE A	0.17230686	3	5/1/2043	5505403	 948,619 	 50,534.26 	982682.05	870610.44	103.5908	91.7766472	 (112,071.61)																																															
HTM	614098	36178ELV9	Agency MBS 30yr	A-3-Q	GOVERNMENT NATIONAL MORTGAGE A	0.18201026	3.5	5/1/2043	5441876	 990,477 	 50,140.15 	1044108.21	914738.36	105.4147	92.3532918	 (129,369.85)																																															
HTM	613191	36178ELY3	Agency MBS 30yr	A-3-Q	GOVERNMENT NATIONAL MORTGAGE A	0.16416039	3	5/1/2043	4790306	 786,379 	 39,091.52 	814663.57	721386.63	103.5969	91.7352943	-93276.94																																															
HTM	613283	36178ELZ0	Agency MBS 30yr	A-3-Q	GOVERNMENT NATIONAL MORTGAGE A	0.14785312	3	5/1/2043	6158629	 910,573 	 47,167.56 	943293.85	834939.83	103.5935	91.6939416	-108354.02																																															
HTM	614013	36178EM22	Agency MBS 30yr	A-3-Q	GOVERNMENT NATIONAL MORTGAGE A	0.18255585	3	6/1/2043	19661408	 3,589,305 	 286,649.64 	3652441.48	3288206.74	101.759	91.6112367	-364234.73																																															
HTM	613252	36178EM55	Agency MBS 15yr	A-3-Q	GOVERNMENT NATIONAL MORTGAGE A	0.01393577	3	10/1/2027	8315599	 115,884 	 166,598.67 	116532.53	115090.74	100.5594	99.3152323	-1441.8																																															
HTM	614848	36178EMA4	Agency MBS 30yr	A-3-Q	GOVERNMENT NATIONAL MORTGAGE A	0.07275921	3.5	5/1/2043	3831208	 278,756 	 16,589.00 	295228.8	257528.88	105.9095	92.3851638	-37699.92																																															
HTM	613850	36178EMH9	Agency MBS 30yr	A-3-Q	GOVERNMENT NATIONAL MORTGAGE A	0.21235952	4	5/1/2043	1302154	 276,525 	 11,237.30 	294004.61	263138.47	106.3212	95.1590849	-30866.15																																															
HTM	614755	36178EMJ5	Agency MBS 30yr	A-3-Q	GOVERNMENT NATIONAL MORTGAGE A	0.15641798	3.5	5/1/2043	9801254	 1,533,092 	 91,803.19 	1623401.59	1415842.26	105.8907	92.3520528	-207559.33																																															
HTM	614709	36178EMK2	Agency MBS 30yr	A-3-Q	GOVERNMENT NATIONAL MORTGAGE A	0.22185704	3	5/1/2043	7913753	 1,755,722 	 77,284.76 	1819265.9	1596856.19	103.6193	90.9515493	-222409.71																																															
HTM	613257	36178EMN6	Agency MBS 30yr	A-3-Q	GOVERNMENT NATIONAL MORTGAGE A	0.22912373	3	5/1/2043	3129472	 717,036 	 31,788.04 	743063.21	653337.05	103.6298	91.1163153	-89726.15																																															
HTM	613963	36178EMP1	Agency MBS 30yr	A-3-Q	GOVERNMENT NATIONAL MORTGAGE A	0.18761871	3.5	5/1/2043	975204	 182,967 	 7,361.35 	193519.54	168970.2	105.7677	92.3503381	-24549.35																																															
HTM	613386	36178EN21	Agency MBS 30yr	A-3-Q	GOVERNMENT NATIONAL MORTGAGE A	0.08220911	3	6/1/2043	11206211	 921,253 	 105,427.91 	936143.01	845875.75	101.6163	91.8180003	-90267.26																																															
HTM	613273	36178EN39	Agency MBS 30yr	A-3-Q	GOVERNMENT NATIONAL MORTGAGE A	0.18229348	3	6/1/2043	5983339	 1,090,724 	 56,886.43 	1107942.02	1002836.41	101.5786	91.9422966	-105105.61																																															
HTM	613106	36178EN62	Agency MBS 30yr	A-3-Q	GOVERNMENT NATIONAL MORTGAGE A	0.12693802	3.5	6/1/2043	2488383	 315,870 	 15,301.62 	327629.39	291528.88	103.7227	92.2938242	-36100.51																																															
HTM	613435	36178END7	Agency MBS 30yr	A-3-Q	GOVERNMENT NATIONAL MORTGAGE A	0.14418474	3	11/1/2042	12664623	 1,826,045 	 156,569.31 	1858164.99	1675883.22	101.759	91.7766472	-182281.76																																															
HTM	612526	36178ENX3	Agency MBS 30yr	A-3-Q	GOVERNMENT NATIONAL MORTGAGE A	0.1244204	3.5	6/1/2043	12969507	 1,613,671 	 165,695.97 	1674207.3	1490275.09	103.7514	92.3530796	-183932.2																																															
AFS	614265	36178EP45	Agency MBS 30yr	A-3-Q	GOVERNMENT NATIONAL MORTGAGE A	0.12789125	3	7/1/2043	2548536	 325,935 	 39,972.12 	322056.59	300967.46	98.8099	92.3395892	-21089.13																																															
AFS	613340	36178EP78	Agency MBS 30yr	A-3-Q	GOVERNMENT NATIONAL MORTGAGE A	0.15268302	3	7/1/2043	13394735	 2,045,149 	 92,850.22 	2020934.08	1871048.79	98.816	91.4871807	-149885.29																																															
AFS	613766	36178EP86	Agency MBS 30yr	A-3-Q	GOVERNMENT NATIONAL MORTGAGE A	0.12630373	4	7/1/2042	17175260	 2,169,299 	 117,391.49 	2239561.3	2071020.75	103.2389	95.469567	-168540.55																																															
AFS	612777	36178EPR4	Agency MBS 30yr	A-3-Q	GOVERNMENT NATIONAL MORTGAGE A	0.07503964	3.5	8/1/2042	23494936	 1,763,052 	 124,623.01 	1772588.4	1632083.53	100.5409	92.5715155	-140504.87																																															
AFS	613822	36178EPU7	Agency MBS 30yr	A-3-Q	GOVERNMENT NATIONAL MORTGAGE A	0.11545324	3.5	9/1/2042	23889429	 2,758,112 	 392,132.15 	2772791.82	2551511.42	100.5322	92.5093483	-221280.4																																															
AFS	614582	36178EPY9	Agency MBS 30yr	A-3-Q	GOVERNMENT NATIONAL MORTGAGE A	0.1298478	3.5	10/1/2042	18219910	 2,365,815 	 400,660.18 	2378574.82	2190806.42	100.5393	92.6026003	-187768.4																																															
AFS	613392	36178EPZ6	Agency MBS 30yr	A-3-Q	GOVERNMENT NATIONAL MORTGAGE A	0.06188878	4	5/1/2042	17053801	 1,055,439 	 236,446.96 	1089129.49	1007645.82	103.1921	95.4717302	-81483.68																																															
AFS	613754	36178EQA0	Agency MBS 30yr	A-3-Q	GOVERNMENT NATIONAL MORTGAGE A	0.05169773	4.5	3/1/2042	7262902	 375,476 	 17,435.01 	392553.57	368884.61	104.5484	98.2446417	-23668.96																																															
AFS	613293	36178EQC6	Agency MBS 30yr	A-3-Q	GOVERNMENT NATIONAL MORTGAGE A	0.18686602	3.5	10/1/2042	10513350	 1,964,588 	 271,367.15 	1993675.02	1821716.85	101.4806	92.7276848	-171958.18																																															
AFS	613585	36178EQR3	Agency MBS 30yr	A-3-Q	GOVERNMENT NATIONAL MORTGAGE A	0.17091307	4	10/1/2042	3802017	 649,814 	 118,398.19 	670409.69	620378.03	103.1694	95.4700348	-50031.66																																															
AFS	612894	36178ER68	Agency MBS 30yr	A-3-Q	GOVERNMENT NATIONAL MORTGAGE A	0.21990465	3.5	10/1/2042	1436941	 315,990 	 38,693.80 	319681.82	291638.59	101.1683	92.2936127	-28043.23																																															
AFS	613866	36178ERB7	Agency MBS 30yr	A-3-Q	GOVERNMENT NATIONAL MORTGAGE A	0.106904	3.5	7/1/2043	13290952	 1,420,856 	 104,368.26 	1443316.89	1312198.28	101.5808	92.3526621	-131118.61																																															
AFS	613031	36178ERC5	Agency MBS 30yr	A-3-Q	GOVERNMENT NATIONAL MORTGAGE A	0.14947036	3	7/1/2043	18398219	 2,749,988 	 141,452.24 	2717531	2520435.58	98.8197	91.6525891	-197095.42																																															
AFS	613557	36178ERN1	Agency MBS 30yr	A-3-Q	GOVERNMENT NATIONAL MORTGAGE A	0.09856812	3	7/1/2043	2947634	 290,543 	 14,689.79 	287111.14	266998.43	98.8189	91.8964367	-20112.72																																															
AFS	613807	36178ERP6	Agency MBS 30yr	A-3-Q	GOVERNMENT NATIONAL MORTGAGE A	0.17370279	3.5	7/1/2043	1940652	 337,097 	 125,165.40 	342130.17	311115.24	101.4932	92.292589	-31014.92																																															
AFS	613377	36178ERS0	Agency MBS 30yr	A-3-Q	GOVERNMENT NATIONAL MORTGAGE A	0.12330628	3	8/1/2043	8713467	 1,074,425 	 47,792.22 	1051435.86	975436.02	97.8603	90.7867773	-75999.84																																															
AFS	613147	36178ERZ4	Agency MBS 30yr	A-3-Q	GOVERNMENT NATIONAL MORTGAGE A	0.05471926	3.5	8/1/2043	6081859	 332,795 	 115,876.14 	334991.79	307142.36	100.6602	92.2918089	-27849.43																																															
AFS	612993	36178ES42	Agency MBS 30yr	A-3-Q	GOVERNMENT NATIONAL MORTGAGE A	0.19996876	4	3/1/2042	2212864	 442,504 	 18,982.54 	456582.91	421092.34	103.1817	95.161321	-35490.57																																															
AFS	614026	36178ESP5	Agency MBS 30yr	A-3-Q	GOVERNMENT NATIONAL MORTGAGE A	0.18364019	4	3/1/2042	1699738	 312,140 	 13,783.54 	321692.61	297162.19	103.0603	95.20151	-24530.41																																															
AFS	613545	36178ESS9	Agency MBS 30yr	A-3-Q	GOVERNMENT NATIONAL MORTGAGE A	0.16090965	3.5	8/1/2042	3883617	 624,911 	 26,197.58 	632023.01	577122.36	101.138	92.3526621	-54900.64																																															
AFS	614214	36178ESY6	Agency MBS 30yr	A-3-Q	GOVERNMENT NATIONAL MORTGAGE A	0.11229283	4.5	4/1/2041	1975757	 221,863 	 150,110.80 	237932.79	219324.7	107.2429	98.85576	-18608.1																																															
AFS	613846	36178ETM1	Agency MBS 30yr	A-3-Q	GOVERNMENT NATIONAL MORTGAGE A	0.16280673	3	8/1/2043	12741490	 2,074,400 	 85,561.20 	2035209.07	1883281.2	98.1107	90.7867773	-151927.87																																															
AFS	614086	36178ETN9	Agency MBS 30yr	A-3-Q	GOVERNMENT NATIONAL MORTGAGE A	0.07697576	3.5	8/1/2043	11515473	 886,412 	 38,624.35 	896139.66	818609.65	101.0974	92.3508917	-77530.01																																															
AFS	613332	36178ETP4	Agency MBS 30yr	A-3-Q	GOVERNMENT NATIONAL MORTGAGE A	0.03602894	4	8/1/2043	4020661	 144,860 	 9,069.16 	149543.15	138298.98	103.2328	95.4706868	-11244.16																																															
AFS	614363	36178ETQ2	Agency MBS 30yr	A-3-Q	GOVERNMENT NATIONAL MORTGAGE A	0.08433616	3.5	8/1/2043	3902477	 329,120 	 113,237.94 	333010.27	303758.07	101.182	92.2940381	-29252.2																																															
AFS	613067	36178ETR0	Agency MBS 30yr	A-3-Q	GOVERNMENT NATIONAL MORTGAGE A	0.2421603	3	8/1/2043	3028865	 733,471 	 96,013.21 	719036.91	668311.62	98.0321	91.1163153	-50725.29																																															
HTM	614038	36178ETV1	Agency MBS 30yr	A-3-Q	GOVERNMENT NATIONAL MORTGAGE A	0.07336509	3.5	9/1/2043	8124060	 596,022 	 25,110.42 	590399.57	550436.56	99.0566	92.3516574	-39963.01																																															
HTM	614557	36178EU72	Agency MBS 30yr	A-3-Q	GOVERNMENT NATIONAL MORTGAGE A	0.06395255	4.5	10/1/2043	1609317	 102,920 	 3,558.84 	108891.22	101105.37	105.8019	98.2369203	-7785.85																																															
HTM	613601	36178EUA5	Agency MBS 30yr	A-3-Q	GOVERNMENT NATIONAL MORTGAGE A	0.20594454	4	9/1/2043	2318970	 477,579 	 20,079.29 	493392.18	454008.7	103.3111	95.0645859	-39383.48																																															
HTM	612170	36178EUF4	Agency MBS 30yr	A-3-Q	GOVERNMENT NATIONAL MORTGAGE A	0.05597689	4	10/1/2043	5457430	 305,490 	 65,522.90 	319087.07	290702.14	104.4509	95.1593124	-28384.92																																															
HTM	613393	36178EUG2	Agency MBS 30yr	A-3-Q	GOVERNMENT NATIONAL MORTGAGE A	0.16369692	3	10/1/2043	1896219	 310,405 	 12,120.74 	306948.25	280149.8	98.8863	90.2529319	-26798.44																																															
HTM	613730	36178EUH0	Agency MBS 30yr	A-3-Q	GOVERNMENT NATIONAL MORTGAGE A	0.05592758	3.5	9/1/2043	3399204	 190,109 	 99,895.94 	191552.05	175570.96	100.7589	92.3526621	-15981.09																																															
HTM	613759	36178EUJ6	Agency MBS 30yr	A-3-Q	GOVERNMENT NATIONAL MORTGAGE A	0.18318095	4	9/1/2043	1632911	 299,118 	 18,303.63 	309194.52	284643.22	103.3687	95.1607851	-24551.3																																															
HTM	613236	36178EUK3	Agency MBS 30yr	A-3-Q	GOVERNMENT NATIONAL MORTGAGE A	0.14437246	3	9/1/2043	4690246	 677,142 	 49,765.74 	658992.93	620898.51	97.3197	91.6939416	-38094.42																																															
HTM	613052	36178EUL1	Agency MBS 30yr	A-3-Q	GOVERNMENT NATIONAL MORTGAGE A	0.03492046	3.5	10/1/2043	2713851	 94,769 	 3,484.03 	96644.7	87518.1	101.9793	92.348943	-9126.6																																															
HTM	614020	36178EUM9	Agency MBS 30yr	A-3-Q	GOVERNMENT NATIONAL MORTGAGE A	0.11511201	3.5	9/1/2043	4706482	 541,773 	 26,486.00 	545941.08	500328.83	100.7694	92.3503381	-45612.25																																															
AFS	614437	36178EUN7	Agency MBS 30yr	A-3-Q	GOVERNMENT NATIONAL MORTGAGE A	0.08663826	4	9/1/2043	5688069	 492,804 	 19,307.06 	509342.86	468948.16	103.356	95.1590849	-40394.7																																															
AFS	614146	36178EUP2	Agency MBS 15yr	A-3-Q	GOVERNMENT NATIONAL MORTGAGE A	0.09012674	3	9/1/2028	1916039	 172,686 	 73,261.98 	173023.87	170421.72	100.1955	98.6885905	-2602.15																																															
AFS	613390	36178EUQ0	Agency MBS 30yr	A-3-Q	GOVERNMENT NATIONAL MORTGAGE A	0.109298	4	9/1/2043	5486549	 599,669 	 31,659.34 	619521.05	570998.29	103.3105	95.2189378	-48522.76																																															
HTM	614666	36178EUR8	Agency MBS 30yr	A-3-Q	GOVERNMENT NATIONAL MORTGAGE A	0.16748517	3.5	9/1/2043	2201912	 368,788 	 34,307.06 	371674.01	341712.69	100.7827	92.6583982	 (29,961.32)																																															
AFS	614326	36178EUS6	Agency MBS 30yr	A-3-Q	GOVERNMENT NATIONAL MORTGAGE A	0.06330091	4.5	9/1/2043	1265699	 80,120 	 4,712.47 	84441.43	79400.87	105.3938	99.1025548	 (5,040.56)																																															
HTM	613653	36178EUY3	Agency MBS 30yr	A-3-Q	GOVERNMENT NATIONAL MORTGAGE A	0.16305543	4	10/1/2043	2794941	 455,730 	 19,645.61 	474062.8	433669.3	104.0227	95.159198	 (40,393.49)																																															
AFS	614390	36178GEM2	Agency MBS 30yr	A-3-Q	GOVERNMENT NATIONAL MORTGAGE A	0.0830373	3.5	7/1/2042	12824556	 1,064,917 	 50,927.90 	1104789.42	983487.73	103.7442	92.3535064	 (121,301.70)																																															
HTM	613992	36178NCD9	Agency MBS 15yr	A-3-Q	GOVERNMENT NATIONAL MORTGAGE A	0.00813305	3	8/1/2027	5208306	 42,359 	 60,598.39 	42517.06	42048.72	100.3722	99.2665374	 (468.34)																																															
HTM	614622	36179DG61	Agency MBS 15yr	A-3-Q	GOVERNMENT NATIONAL MORTGAGE A	0.01907242	3	6/1/2028	10001000	 190,743 	 146,264.31 	191889.02	188641	100.6007	98.8978499	 (3,248.02)																																															
AFS	614126	36179DMZ0	Agency MBS 15yr	A-3-Q	GOVERNMENT NATIONAL MORTGAGE A	0.01835939	2.5	3/1/2028	11408005	 209,444 	 200,692.93 	208971.05	206584.8	99.7742	98.6348551	 (2,386.25)																																															
HTM	613427	36179M4K3	Agency MBS 15yr	A-3-Q	GOVERNMENT NATIONAL MORTGAGE A	0.01484612	3	3/1/2028	5703000	 84,667 	 74,788.35 	85077.96	83851.67	100.4849	99.036527	 (1,226.28)																																															
HTM	613813	36179MAG5	Agency MBS 15yr	A-3-Q	GOVERNMENT NATIONAL MORTGAGE A	0.00506648	3	4/1/2027	24784837	 125,572 	 234,609.18 	125814.11	124845.11	100.1929	99.4212299	 (969.01)																																															
AFS	613477	36179MAG5	Agency MBS 15yr	A-3-Q	GOVERNMENT NATIONAL MORTGAGE A	0.00506648	3	4/1/2027	22392280	 113,450 	 212,662.84 	113859.93	112793.42	100.3613	99.4212299	 (1,066.50)																																															
HTM	614457	36179MAX8	Agency MBS 30yr	A-3-Q	GOVERNMENT NATIONAL MORTGAGE A	0.06674569	3.5	4/1/2042	3559420	 237,576 	 27,538.91 	242521.75	223636.02	102.0818	94.1324355	 (18,885.73)																																															
HTM	614154	36179MDD9	Agency MBS ARM	A-3-Q	GOVERNMENT NATIONAL MORTGAGE A	0.01901164	5.625	5/1/2042	17200000	 327,000 	 66,943.60 	327000.21	332165.66	100	101.5796464	5165.45																																															
HTM	612399	36179ME30	Agency MBS 30yr	A-3-Q	GOVERNMENT NATIONAL MORTGAGE A	0.07456651	3.5	6/1/2042	118513502	 8,837,138 	 976,440.83 	8927449.2	8318567.03	101.0219	94.1319103	 (608,882.17)																																															
HTM	613636	36179MEL0	Agency MBS 15yr	A-3-Q	GOVERNMENT NATIONAL MORTGAGE A	0.00655772	3	6/1/2027	14948026	 98,025 	 165,712.84 	98254.71	97430.99	100.2344	99.3940508	 (823.73)																																															
HTM	614537	36179MP46	Agency MBS 15yr	A-3-Q	GOVERNMENT NATIONAL MORTGAGE A	0.01286435	2.5	10/1/2027	11174244	 143,749 	 171,844.93 	143762.08	141884.31	100.0088	98.7025508	 (1,877.77)																																															
HTM	613212	36179MQP8	Agency MBS 30yr	A-3-Q	GOVERNMENT NATIONAL MORTGAGE A	0.08592593	3.5	10/1/2042	57072147	 4,903,977 	 520,278.62 	4929580.48	4564755.57	100.5221	93.0827222	 (364,824.91)																																															
AFS	614015	36179MSW1	Agency MBS 30yr	A-3-Q	GOVERNMENT NATIONAL MORTGAGE A	0.1065585	3	11/1/2042	69124311	 7,365,783 	 791,629.29 	7365556.55	6736047.75	99.9969	91.4505335	 (629,508.80)																																															
HTM	613951	36179MSX9	Agency MBS 30yr	A-3-Q	GOVERNMENT NATIONAL MORTGAGE A	0.08532133	3.5	11/1/2042	87221496	 7,441,854 	 802,925.09 	7481449.2	6925727.03	100.5321	93.0645373	 (555,722.16)																																															
HTM	613303	36179MVS6	Agency MBS 30yr	A-3-Q	GOVERNMENT NATIONAL MORTGAGE A	0.09314827	3.5	12/1/2042	52915300	 4,928,969 	 503,976.46 	5013755.24	4638677.56	101.7202	94.1105104	 (375,077.69)																																															
HTM	613248	36179MX47	Agency MBS 30yr	A-3-Q	GOVERNMENT NATIONAL MORTGAGE A	0.09583089	3.5	1/1/2043	26528827	 2,542,281 	 267,519.22 	2521410.13	2392553.48	99.179	94.1105008	 (128,856.65)																																															
AFS	613845	36179N2H0	Agency MBS 30yr	A-3-Q	GOVERNMENT NATIONAL MORTGAGE A	0.14349456	3	2/1/2044	10078890	 1,446,266 	 171,221.19 	1445323.37	1315455.76	99.9348	90.95532	-129867.6																																															
AFS	614530	36179N2X5	Agency MBS ARM	A-3-Q	GOVERNMENT NATIONAL MORTGAGE A	0.02336409	5	2/1/2044	4833095	 112,921 	 19,530.44 	112920.87	114366.35	100	101.2800834	 1,445.48 																																															
AFS	612515	36179N2Z0	Agency MBS ARM	A-3-Q	GOVERNMENT NATIONAL MORTGAGE A	0.02258985	5	2/1/2044	3995186	 90,251 	 7,633.16 	90250.65	91408.53	100	101.2829544	 1,157.88 																																															
AFS	613728	36179N3A4	Agency MBS ARM	A-3-Q	GOVERNMENT NATIONAL MORTGAGE A	0.03837376	5	2/1/2044	227576	 8,733 	 2,659.38 	8732.95	8844.55	100	101.2779042	 111.60 																																															
AFS	613259	36179N4Q8	Agency MBS 15yr	A-3-Q	GOVERNMENT NATIONAL MORTGAGE A	0.02166723	3	3/1/2029	30124672	 652,718 	 446,249.83 	661353.84	643256.39	101.323	98.5503998	 (18,097.44)																																															
AFS	613222	36179N4R6	Agency MBS 15yr	A-3-Q	GOVERNMENT NATIONAL MORTGAGE A	0.02111585	3.5	3/1/2029	1774329	 37,466 	 21,695.44 	37957.46	37127.77	101.3105	99.0960168	 (829.69)																																															
AFS	613833	36179N6J2	Agency MBS ARM	A-3-Q	GOVERNMENT NATIONAL MORTGAGE A	0.02554574	5	3/1/2044	2809535	 71,772 	 13,291.97 	71771.65	72691.39	100	101.2814856	 919.74 																																															
AFS	614516	36179N6L7	Agency MBS ARM	A-3-Q	GOVERNMENT NATIONAL MORTGAGE A	0.02351883	5	3/1/2044	1936429	 45,543 	 1,485.16 	45542.54	46127.1	100	101.2835408	 584.56 																																															
HTM	614401	36179NBB3	Agency MBS 30yr	A-3-Q	GOVERNMENT NATIONAL MORTGAGE A	0.08940189	3.5	4/1/2043	39744559	 3,553,239 	 388,260.78 	3559614.72	3341026.42	100.1794	94.0276381	 (218,588.30)																																															
HTM	613300	36179NCS5	Agency MBS Other	A-3-Q	GOVERNMENT NATIONAL MORTGAGE A	0.02667653	2.5	5/1/2028	2062750	 55,027 	 39,475.62 	55218.58	54129.45	100.3481	98.3688673	 (1,089.13)																																															
HTM	614619	36179NCX4	Agency MBS 15yr	A-3-Q	GOVERNMENT NATIONAL MORTGAGE A	0.02291289	2.5	5/1/2028	8646409	 198,114 	 165,615.13 	199419.92	195182.96	100.6591	98.5204185	 (4,236.97)																																															
HTM	613600	36179NCY2	Agency MBS 15yr	A-3-Q	GOVERNMENT NATIONAL MORTGAGE A	0.0170982	3	5/1/2028	25325966	 433,028 	 357,706.52 	435714.13	428487.29	100.6202	98.9513064	 (7,226.84)																																															
HTM	613734	36179ND70	Agency MBS ARM	A-3-Q	GOVERNMENT NATIONAL MORTGAGE A	0.01835528	5.625	5/1/2043	1989021	 36,509 	 5,427.38 	36509.04	37088.95	100	101.588422	 579.92 																																															
HTM	612657	36179NDJ4	Agency MBS Other	A-3-Q	GOVERNMENT NATIONAL MORTGAGE A	0.05627765	3.5	5/1/2043	9956463	 560,326 	 66,257.62 	583541.11	501155.57	104.1431	89.4399445	 (82,385.55)																																															
HTM	613536	36179NDP0	Agency MBS 30yr	A-3-Q	GOVERNMENT NATIONAL MORTGAGE A	0.16666293	2.5	5/1/2043	1855173	 309,189 	 32,110.18 	308005.67	273437.07	99.6174	88.4369921	 (34,568.60)																																															
HTM	613262	36179NDQ8	Agency MBS 30yr	A-3-Q	GOVERNMENT NATIONAL MORTGAGE A	0.1108261	3	5/1/2043	99537090	 11,031,307 	 1,142,156.95 	11340012.58	10056260.66	102.7984	91.1610946	 (1,283,751.92)																																															
HTM	612167	36179NDR6	Agency MBS 30yr	A-3-Q	GOVERNMENT NATIONAL MORTGAGE A	0.10002585	3.5	5/1/2043	121302915	 12,133,427 	 1,296,979.11 	12695181.57	11408773.59	104.6298	94.0276265	 (1,286,407.97)																																															
HTM	614007	36179NDS4	Agency MBS 30yr	A-3-Q	GOVERNMENT NATIONAL MORTGAGE A	0.07708414	4	5/1/2043	1303797	 100,502 	 10,507.78 	106642.62	96591.54	106.1099	96.1090097	 (10,051.07)																																															
HTM	614263	36179NF52	Agency MBS 30yr	A-3-Q	GOVERNMENT NATIONAL MORTGAGE A	0.16883076	2.5	6/1/2043	1443358	 243,683 	 25,801.87 	238621.43	213890.36	97.9228	87.7739371	 (24,731.07)																																															
AFS	613308	36179NF60	Agency MBS 30yr	A-3-Q	GOVERNMENT NATIONAL MORTGAGE A	0.11257068	3	6/1/2043	29775094	 3,351,803 	 349,499.10 	3355219.55	3054157.87	100.1019	91.1198616	 (301,061.68)																																															
HTM	613073	36179NF60	Agency MBS 30yr	A-3-Q	GOVERNMENT NATIONAL MORTGAGE A	0.11257068	3	6/1/2043	153840563	 17,317,937 	 1,830,561.48 	17562646.21	15780080.03	101.413	91.1198616	 (1,782,566.18)																																															
HTM	613909	36179NF78	Agency MBS 30yr	A-3-Q	GOVERNMENT NATIONAL MORTGAGE A	0.10178035	3.5	6/1/2043	222079277	 22,603,307 	 2,368,579.97 	23303760.82	21243985.41	103.0989	93.9861846	 (2,059,775.41)																																															
HTM	612168	36179NF86	Agency MBS 30yr	A-3-Q	GOVERNMENT NATIONAL MORTGAGE A	0.0990993	4	6/1/2043	1958013	 194,038 	 22,168.55 	204033.92	186169.74	105.1517	95.9451304	 (17,864.18)																																															
AFS	613161	36179NFD5	Agency MBS 15yr	A-3-Q	GOVERNMENT NATIONAL MORTGAGE A	0.02257884	2.5	6/1/2028	31028778	 700,594 	 580,069.86 	698630.06	689792.86	99.7197	98.4583145	 (8,837.20)																																															
HTM	613613	36179NFD5	Agency MBS 15yr	A-3-Q	GOVERNMENT NATIONAL MORTGAGE A	0.02257884	2.5	6/1/2028	27718297	 625,847 	 521,788.45 	627235.58	616198.4	100.2219	98.4583145	 (11,037.18)																																															
HTM	614720	36179NFE3	Agency MBS 15yr	A-3-Q	GOVERNMENT NATIONAL MORTGAGE A	0.01936721	3	6/1/2028	108793059	 2,107,018 	 1,827,626.65 	2123887.13	2083406.33	100.8006	98.8793787	 (40,480.80)																																															
HTM	613053	36179NFF0	Agency MBS 15yr	A-3-Q	GOVERNMENT NATIONAL MORTGAGE A	0.02181932	3.5	6/1/2028	4355374	 95,031 	 84,701.96 	96021.72	94248.31	101.0422	99.1760687	 (1,773.42)																																															
HTM	614776	36179NFY9	Agency MBS Other	A-3-Q	GOVERNMENT NATIONAL MORTGAGE A	0.0583323	3.5	6/1/2043	4865899	 283,839 	 19,649.69 	292512.19	253868.13	103.0556	89.4408668	 (38,644.06)																																															
HTM	613722	36179NGH5	Agency MBS ARM	A-3-Q	GOVERNMENT NATIONAL MORTGAGE A	0.021883	5.625	6/1/2043	613509	 13,425 	 1,619.00 	13425.42	13638.36	100	101.5860778	 212.94 																																															
HTM	613526	36179NGJ1	Agency MBS ARM	A-3-Q	GOVERNMENT NATIONAL MORTGAGE A	0.02076465	5.625	6/1/2043	1331974	 27,658 	 946.31 	27657.97	28096.86	100	101.5868357	 438.88 																																															
AFS	614711	36179NH27	Agency MBS Other	A-3-Q	GOVERNMENT NATIONAL MORTGAGE A	0.07628348	3	7/1/2043	1560196	 119,017 	 13,518.63 	116128.15	105020.63	97.5726	88.239887	 (11,107.53)																																															
AFS	614687	36179NH35	Agency MBS Other	A-3-Q	GOVERNMENT NATIONAL MORTGAGE A	0.03451984	3.5	7/1/2043	6552945	 226,207 	 8,878.14 	227681.86	202315.03	100.6522	89.4381608	 (25,366.82)																																															
AFS	614187	36179NH84	Agency MBS 30yr	A-3-Q	GOVERNMENT NATIONAL MORTGAGE A	0.15761119	2.5	7/1/2043	492598	 77,639 	 7,263.78 	73368.71	68501.06	94.4999	88.2302681	 (4,867.65)																																															
HTM	614025	36179NH92	Agency MBS 30yr	A-3-Q	GOVERNMENT NATIONAL MORTGAGE A	0.11798934	3	7/1/2043	200000000	 23,597,868 	 2,385,092.67 	23429106.89	21492580.29	99.2848	91.0784834	 (1,936,526.60)																																															
AFS	614024	36179NH92	Agency MBS 30yr	A-3-Q	GOVERNMENT NATIONAL MORTGAGE A	0.11798934	3	7/1/2043	124746560	 14,718,764 	 1,468,082.81 	14430642.38	13405627.28	98.0425	91.0784834	 (1,025,015.10)																																															
AFS	613056	36179NHJ0	Agency MBS 15yr	A-3-Q	GOVERNMENT NATIONAL MORTGAGE A	0.02622203	2.5	7/1/2028	28554088	 748,746 	 586,339.13 	746879.05	736739.12	99.7506	98.3963818	 (10,139.93)																																															
AFS	614242	36179NHK7	Agency MBS 15yr	A-3-Q	GOVERNMENT NATIONAL MORTGAGE A	0.02087466	3	7/1/2028	18008128	 375,914 	 291,950.11 	375913.55	371657.62	100	98.8678427	 (4,255.93)																																															
HTM	613915	36179NJA7	Agency MBS 30yr	A-3-Q	GOVERNMENT NATIONAL MORTGAGE A	0.09970609	3.5	7/1/2043	729254428	 72,711,108 	 7,448,496.06 	73349764.31	68353429.66	100.8783	94.0068607	 (4,996,334.64)																																															
AFS	613914	36179NJA7	Agency MBS 30yr	A-3-Q	GOVERNMENT NATIONAL MORTGAGE A	0.09970609	3.5	7/1/2043	449914989	 44,859,264 	 4,604,361.06 	45337892.14	42170786.18	101.067	94.0068607	 (3,167,105.96)																																															
AFS	613778	36179NJB5	Agency MBS 30yr	A-3-Q	GOVERNMENT NATIONAL MORTGAGE A	0.08451172	4	7/1/2043	248941730	 21,038,494 	 2,682,570.84 	21712252.62	20250798.88	103.2025	96.2559349	 (1,461,453.75)																																															
AFS	614670	36179NJC3	Agency MBS 30yr	A-3-Q	GOVERNMENT NATIONAL MORTGAGE A	0.06189261	4.5	7/1/2043	77473853	 4,795,059 	 686,956.92 	5086632.62	4755663.61	106.0807	99.1784177	 (330,969.01)																																															
AFS	614215	36179NJD1	Agency MBS 30yr	A-3-Q	GOVERNMENT NATIONAL MORTGAGE A	0.05279542	5	7/1/2043	5940651	 313,639 	 33,143.78 	331992.57	318092	105.8518	101.4197307	 (13,900.57)																																															
AFS	614319	36179NJL3	Agency MBS ARM	A-3-Q	GOVERNMENT NATIONAL MORTGAGE A	0.03088516	5.375	7/1/2043	2447977	 75,606 	 15,719.61 	75003.09	76781.52	99.2023	101.5545863	 1,778.44 																																															
AFS	614045	36179NJM1	Agency MBS ARM	A-3-Q	GOVERNMENT NATIONAL MORTGAGE A	0.03417112	5.375	7/1/2043	1130092	 38,617 	 3,506.34 	38616.51	39216.55	100	101.5538443	 600.04 																																															
AFS	613123	36179NK64	Agency MBS Other	A-3-Q	GOVERNMENT NATIONAL MORTGAGE A	0.06290245	3	8/1/2043	1855041	 116,687 	 6,986.97 	113191.29	102966	97.0045	88.2414732	 (10,225.29)																																															
AFS	612775	36179NK72	Agency MBS Other	A-3-Q	GOVERNMENT NATIONAL MORTGAGE A	0.02351588	3.5	8/1/2043	3023494	 71,100 	 6,261.43 	71363.73	63592.63	100.3708	89.4409528	 (7,771.11)																																															
AFS	613158	36179NKL1	Agency MBS Other	A-3-Q	GOVERNMENT NATIONAL MORTGAGE A	0.01230397	3	8/1/2028	11704100	 144,007 	 237,885.33 	144825.29	142383.64	100.5683	98.8727944	 (2,441.65)																																															
AFS	612676	36179NKP2	Agency MBS 15yr	A-3-Q	GOVERNMENT NATIONAL MORTGAGE A	0.027302	2.5	8/1/2028	52662758	 1,437,799 	 1,009,496.67 	1435286.41	1413732.16	99.8253	98.3261594	 (21,554.25)																																															
AFS	614712	36179NKQ0	Agency MBS 15yr	A-3-Q	GOVERNMENT NATIONAL MORTGAGE A	0.02147664	3	8/1/2028	4494723	 96,532 	 71,352.27 	97003.68	95396.38	100.4891	98.8240401	 (1,607.30)																																															
AFS	613411	36179NKR8	Agency MBS 15yr	A-3-Q	GOVERNMENT NATIONAL MORTGAGE A	0.01885922	3.5	8/1/2028	1430529	 26,979 	 20,490.94 	27203.29	26782.71	100.8326	99.2736694	-420.58																																															
AFS	614402	36179NLB2	Agency MBS 30yr	A-3-Q	GOVERNMENT NATIONAL MORTGAGE A	0.17378938	2.5	8/1/2043	1161074	 201,782 	 18,904.48 	190072.12	177929.09	94.1966	88.1787281	 (12,143.03)																																															
AFS	614053	36179NLC0	Agency MBS 30yr	A-3-Q	GOVERNMENT NATIONAL MORTGAGE A	0.12092458	3	8/1/2043	56182118	 6,793,799 	 717,430.19 	6679028.31	6184877.15	98.3107	91.0370932	 (494,151.16)																																															
AFS	613090	36179NLD8	Agency MBS 30yr	A-3-Q	GOVERNMENT NATIONAL MORTGAGE A	0.09080824	3.5	8/1/2043	139621197	 12,678,755 	 1,275,698.13 	12796541.45	11911017.06	100.929	93.9446886	 (885,524.40)																																															
HTM	613091	36179NLD8	Agency MBS 30yr	A-3-Q	GOVERNMENT NATIONAL MORTGAGE A	0.09080824	3.5	8/1/2043	75054117	 6,815,532 	 682,924.10 	6851871.9	6402830.57	100.5332	93.9446886	 (449,041.33)																																															
AFS	613014	36179NLE6	Agency MBS 30yr	A-3-Q	GOVERNMENT NATIONAL MORTGAGE A	0.05744524	4	8/1/2043	99291791	 5,703,841 	 555,623.22 	5956658.24	5478784.26	104.4324	96.0542989	 (477,873.99)																																															
AFS	613155	36179NLF3	Agency MBS 30yr	A-3-Q	GOVERNMENT NATIONAL MORTGAGE A	0.04513907	4.5	8/1/2043	11710587	 528,605 	 64,745.96 	556829.08	521922.95	105.3394	98.7359078	-34906.12																																															
AFS	614217	36179NLP1	Agency MBS ARM	A-3-Q	GOVERNMENT NATIONAL MORTGAGE A	0.03026252	5.375	8/1/2043	1295492	 39,205 	 4,047.46 	38910.91	39814.26	99.2502	101.5544159	903.35																																															
AFS	614030	36179NLQ9	Agency MBS ARM	A-3-Q	GOVERNMENT NATIONAL MORTGAGE A	0.02442047	5.375	8/1/2043	8401585	 205,171 	 24,871.80 	205170.65	208360.38	100	101.5546709	3189.73																																															
AFS	613153	36179NLS5	Agency MBS ARM	A-3-Q	GOVERNMENT NATIONAL MORTGAGE A	0.02808374	5.375	8/1/2043	1190378	 33,430 	 2,964.41 	33430.27	33950.42	100	101.5559442	520.15																																															
HTM	614539	36179NM39	Agency MBS Other	A-3-Q	GOVERNMENT NATIONAL MORTGAGE A	0.09650703	3	9/1/2043	2385852	 230,251 	 14,892.49 	222630.29	203179.16	96.6901	88.2422767	-19451.14																																															
HTM	613125	36179NM47	Agency MBS Other	A-3-Q	GOVERNMENT NATIONAL MORTGAGE A	0.02021477	3.5	9/1/2043	1611576	 32,578 	 11,846.05 	32578.78	29137.86	100.0035	89.4412887	-3440.92																																															
HTM	612995	36179NM62	Agency MBS Other	A-3-Q	GOVERNMENT NATIONAL MORTGAGE A	0.00378021	4.5	9/1/2043	3860147	 14,592 	 513.95 	15253.17	14342.52	104.5298	98.2891727	 (910.65)																																															
HTM	614448	36179NM88	Agency MBS 30yr	A-3-Q	GOVERNMENT NATIONAL MORTGAGE A	0.17747514	2.5	9/1/2043	718224	 127,467 	 16,400.84 	119111.11	112464.58	93.4447	88.2304176	-6646.53																																															
HTM	614717	36179NM96	Agency MBS 30yr	A-3-Q	GOVERNMENT NATIONAL MORTGAGE A	0.12986797	3	9/1/2043	20039834	 2,602,533 	 269,478.03 	2531744.09	2368189.21	97.28	90.9955649	 (163,554.89)																																															
AFS	613751	36179NMM7	Agency MBS 15yr	A-3-Q	GOVERNMENT NATIONAL MORTGAGE A	0.02361395	2.5	9/1/2028	2109649	 49,817 	 36,080.96 	49576.06	48986.11	99.5161	98.331818	-589.96																																															
AFS	613139	36179NMN5	Agency MBS 15yr	A-3-Q	GOVERNMENT NATIONAL MORTGAGE A	0.0301458	3	9/1/2028	3477387	 104,829 	 68,695.21 	105021.94	103421.23	100.1844	98.6574425	-1600.71																																															
AFS	614164	36179NMP0	Agency MBS 15yr	A-3-Q	GOVERNMENT NATIONAL MORTGAGE A	0.01762315	3.5	9/1/2028	2539336	 44,751 	 28,748.13 	45097.66	44413.28	100.7744	99.2451147	 (684.38)																																															
HTM	614066	36179NNA2	Agency MBS 30yr	A-3-Q	GOVERNMENT NATIONAL MORTGAGE A	0.09610309	3.5	9/1/2043	85735804	 8,239,476 	 854,920.19 	8280451.15	7717851.61	100.4973	93.6692079	 (562,599.53)																																															
HTM	614331	36179NNB0	Agency MBS 30yr	A-3-Q	GOVERNMENT NATIONAL MORTGAGE A	0.05482728	4	9/1/2043	14791694	 810,988 	 89,348.20 	839985.08	778861.56	103.5755	96.0385638	 (61,123.52)																																															
AFS	614511	36179NNB0	Agency MBS 30yr	A-3-Q	GOVERNMENT NATIONAL MORTGAGE A	0.05482728	4	9/1/2043	34058935	 1,867,359 	 207,729.21 	1952114.31	1793384.54	104.5388	96.0385638	 (158,729.77)																																															
HTM	614635	36179NNC8	Agency MBS 30yr	A-3-Q	GOVERNMENT NATIONAL MORTGAGE A	0.04963919	4.5	9/1/2043	22682083	 1,125,920 	 131,704.56 	1187885.6	1108442.98	105.5035	98.4477367	 (79,442.61)																																															
AFS	612273	36179NND6	Agency MBS 30yr	A-3-Q	GOVERNMENT NATIONAL MORTGAGE A	0.04333616	5	9/1/2043	904710	 39,207 	 4,989.80 	41862.35	39643.18	106.7736	101.1133898	 (2,219.17)																																															
AFS	614279	36179NNL8	Agency MBS ARM	A-3-Q	GOVERNMENT NATIONAL MORTGAGE A	0.0351757	5.375	9/1/2043	2471144	 86,924 	 47,852.63 	86429.76	88275.62	99.4312	101.5546875	1845.86																																															
AFS	613405	36179NNM6	Agency MBS ARM	A-3-Q	GOVERNMENT NATIONAL MORTGAGE A	0.0236276	5.375	9/1/2043	6936269	 163,887 	 14,837.65 	163887.39	166435.96	100	101.5550745	2548.57																																															
AFS	612393	36179NNP9	Agency MBS ARM	A-3-Q	GOVERNMENT NATIONAL MORTGAGE A	0.02904956	5.375	9/1/2043	5722529	 166,237 	 5,172.48 	166236.95	168827.4	100	101.5582901	2590.45																																															
AFS	614031	36179NP77	Agency MBS Other	A-3-Q	GOVERNMENT NATIONAL MORTGAGE A	0.01433756	3	10/1/2028	1079244	 15,474 	 8,191.66 	15510.38	15269.41	100.2369	98.6795863	-240.96																																															
AFS	613499	36179NP93	Agency MBS 15yr	A-3-Q	GOVERNMENT NATIONAL MORTGAGE A	0.05416799	2	10/1/2028	147690	 8,000 	 4,210.70 	7941.15	7814.28	99.2635	97.6776938	-126.86																																															
HTM	613644	36179NQ35	Agency MBS 30yr	A-3-Q	GOVERNMENT NATIONAL MORTGAGE A	0.13876438	3	10/1/2043	4198003	 582,533 	 60,995.96 	573652.63	530320.06	98.4755	91.0368687	-43332.57																																															
HTM	612169	36179NQ43	Agency MBS 30yr	A-3-Q	GOVERNMENT NATIONAL MORTGAGE A	0.09452149	3.5	10/1/2043	20674009	 1,954,138 	 209,840.43 	1990806.47	1834995.4	101.8764	93.9030545	-155811.08																																															
HTM	613046	36179NQ50	Agency MBS 30yr	A-3-Q	GOVERNMENT NATIONAL MORTGAGE A	0.05376779	4	10/1/2043	62037487	 3,335,619 	 391,552.76 	3515148.26	3203476.41	105.3822	96.0384509	 (311,671.86)																																															
HTM	613098	36179NQ68	Agency MBS 30yr	A-3-Q	GOVERNMENT NATIONAL MORTGAGE A	0.04828348	4.5	10/1/2043	31027765	 1,498,128 	 188,898.79 	1590273.53	1473793.98	106.1507	98.3756739	-116479.55																																															
HTM	613467	36179NQ76	Agency MBS 30yr	A-3-Q	GOVERNMENT NATIONAL MORTGAGE A	0.04671392	5	10/1/2043	3020398	 141,095 	 14,864.13 	151019.44	142666.12	107.0341	101.1137805	-8353.33																																															
AFS	612508	36179NQA9	Agency MBS 15yr	A-3-Q	GOVERNMENT NATIONAL MORTGAGE A	0.03833367	2.5	10/1/2028	1274145	 48,843 	 29,630.11 	48842.65	47995.32	100	98.2651823	-847.33																																															
AFS	613345	36179NQB7	Agency MBS 15yr	A-3-Q	GOVERNMENT NATIONAL MORTGAGE A	0.0239963	3	10/1/2028	2407751	 57,777 	 39,278.51 	58092.43	56970.59	100.5457	98.6040679	-1121.85																																															
AFS	613726	36179NQC5	Agency MBS 15yr	A-3-Q	GOVERNMENT NATIONAL MORTGAGE A	0.01935623	3.5	10/1/2028	3173080	 61,419 	 45,531.42 	62007.53	60965.42	100.9584	99.26171	-1042.12																																															
AFS	613710	36179NQD3	Agency MBS 15yr	A-3-Q	GOVERNMENT NATIONAL MORTGAGE A	0.01451069	4	10/1/2028	333363	 4,837 	 4,207.40 	4893.38	4813.98	101.1588	99.5173785	 (79.40)																																															
HTM	613074	36179NQT8	Agency MBS Other	A-3-Q	GOVERNMENT NATIONAL MORTGAGE A	0.11216813	3	10/1/2043	1022670	 114,711 	 4,784.38 	112330.8	101219.88	97.9251	88.2390486	 (11,110.91)																																															
HTM	612287	36179NQU5	Agency MBS Other	A-3-Q	GOVERNMENT NATIONAL MORTGAGE A	0.02353542	3.5	10/1/2043	4698953	 110,592 	 6,694.05 	111325.62	98915.72	100.6635	89.4421539	 (12,409.91)																																															
AFS	614287	36179NRH3	Agency MBS ARM	A-3-Q	GOVERNMENT NATIONAL MORTGAGE A	0.02294342	5.125	10/1/2043	2642853	 60,636 	 23,808.22 	60636.09	61724.08	100	101.7943008	 1,087.99 																																															
HTM	614392	36179NRH3	Agency MBS ARM	A-3-Q	GOVERNMENT NATIONAL MORTGAGE A	0.02294342	5.125	10/1/2043	73612090	 1,688,913 	 663,136.72 	1688913.1	1719217.28	100	101.7943008	 30,304.18 																																															
AFS	614385	36179NRK6	Agency MBS ARM	A-3-Q	GOVERNMENT NATIONAL MORTGAGE A	0.02261206	5.125	10/1/2043	5725788	 129,472 	 11,117.65 	129471.86	132401.29	100	102.2625968	 2,929.43 																																															
AFS	614123	36179NSM1	Agency MBS 15yr	A-3-Q	GOVERNMENT NATIONAL MORTGAGE A	0.02130975	3	11/1/2028	422163	 8,996 	 6,540.48 	9058.59	8881.74	100.6937	98.727841	 (176.85)																																															
AFS	613321	36179NSN9	Agency MBS 15yr	A-3-Q	GOVERNMENT NATIONAL MORTGAGE A	0.01866585	3.5	11/1/2028	1553097	 28,990 	 22,248.49 	29317.43	28762.29	101.1299	99.2149413	 (555.14)																																															
AFS	613625	36179NSP4	Agency MBS 15yr	A-3-Q	GOVERNMENT NATIONAL MORTGAGE A	0.02351919	4	11/1/2028	341010	 8,020 	 4,736.88 	8127.51	7999.82	101.337	99.7448912	 (127.69)																																															
HTM	613832	36179NTS7	Agency MBS ARM	A-3-Q	GOVERNMENT NATIONAL MORTGAGE A	0.02198815	5.125	11/1/2043	25745953	 566,106 	 110,334.54 	566105.88	578920.65	100	102.2636712	12814.77																																															
AFS	613173	36179NTS7	Agency MBS ARM	A-3-Q	GOVERNMENT NATIONAL MORTGAGE A	0.02198815	5.125	11/1/2043	2329373	 51,219 	 9,982.55 	51218.6	52378.02	100	102.2636712	1159.42																																															
AFS	613428	36179NTU2	Agency MBS ARM	A-3-Q	GOVERNMENT NATIONAL MORTGAGE A	0.02006131	5.125	11/1/2043	8106920	 162,635 	 15,545.51 	162635.44	166319.98	100	102.2655245	3684.55																																															
AFS	612518	36179NUG1	Agency MBS Other	A-3-Q	GOVERNMENT NATIONAL MORTGAGE A	0.03916897	3.5	10/1/2028	1154303	 45,213 	 25,730.37 	45463.89	44828.73	100.5552	99.1503913	-635.16																																															
HTM	614525	36179NUV8	Agency MBS 15yr	A-3-Q	GOVERNMENT NATIONAL MORTGAGE A	0.02137799	3	12/1/2028	481863	 10,301 	 6,733.78 	10365.78	10165.9	100.6263	98.6859163	-199.88																																															
AFS	614524	36179NUV8	Agency MBS 15yr	A-3-Q	GOVERNMENT NATIONAL MORTGAGE A	0.02137799	3	12/1/2028	5817422	 124,365 	 81,548.76 	125429.96	122730.53	100.8565	98.6859163	-2699.42																																															
HTM	614801	36179NUW6	Agency MBS 15yr	A-3-Q	GOVERNMENT NATIONAL MORTGAGE A	0.02218413	3.5	12/1/2028	985142	 21,855 	 15,447.52 	22100.21	21676.19	101.1242	99.184001	-424.02																																															
HTM	613936	36179NUX4	Agency MBS 15yr	A-3-Q	GOVERNMENT NATIONAL MORTGAGE A	0.02523745	4	12/1/2028	685025	 17,288 	 10,129.64 	17539.61	17195.37	101.4538	99.4625464	-344.24																																															
HTM	614081	36179NV39	Agency MBS ARM	A-3-Q	GOVERNMENT NATIONAL MORTGAGE A	0.01539546	5.125	12/1/2043	1385922	 21,337 	 1,189.07 	21336.91	21536.7	100	100.9363812	199.8																																															
HTM	612403	36179NV54	Agency MBS ARM	A-3-Q	GOVERNMENT NATIONAL MORTGAGE A	0.01396626	5.125	12/1/2043	2577337	 35,996 	 4,051.78 	35995.76	36811.09	100	102.2650847	 815.33 																																															
AFS	614137	36179NXA1	Agency MBS 15yr	A-3-Q	GOVERNMENT NATIONAL MORTGAGE A	0.02612987	3	1/1/2029	1332377	 34,815 	 21,248.64 	35057.75	34323.3	100.6977	98.5881423	 (734.44)																																															
AFS	613444	36179NXB9	Agency MBS 15yr	A-3-Q	GOVERNMENT NATIONAL MORTGAGE A	0.02307849	3.5	1/1/2029	904843	 20,882 	 12,950.48 	21137.99	20704.8	101.2239	99.149473	 (433.20)																																															
AFS	614157	36179NXC7	Agency MBS 15yr	A-3-Q	GOVERNMENT NATIONAL MORTGAGE A	0.03319795	4	1/1/2029	593091	 19,689 	 10,895.68 	19963.04	19588.65	101.3897	99.4882515	-374.4																																															
AFS	613515	36179NY51	Agency MBS ARM	A-3-Q	GOVERNMENT NATIONAL MORTGAGE A	0.01954435	5.125	10/1/2043	4033908	 78,840 	 19,818.71 	78840.11	80626.16	100	102.265414	1786.06																																															
AFS	613071	36179NY69	Agency MBS ARM	A-3-Q	GOVERNMENT NATIONAL MORTGAGE A	0.01425278	5.125	11/1/2043	3139055	 44,740 	 4,497.92 	44740.26	45753.09	100	102.2638098	 1,012.84 																																															
HTM	614338	36179NY77	Agency MBS ARM	A-3-Q	GOVERNMENT NATIONAL MORTGAGE A	0.00947547	5.125	12/1/2043	990725	 9,388 	 10,920.63 	9387.59	9375.8	100	99.8744704	 (11.79)																																															
AFS	613544	36179NYJ1	Agency MBS ARM	A-3-Q	GOVERNMENT NATIONAL MORTGAGE A	0.01681616	5	1/1/2044	3761523	 63,254 	 20,159.66 	63254.37	64063.26	100	101.2787853	 808.89 																																															
AFS	613506	36179NYL6	Agency MBS ARM	A-3-Q	GOVERNMENT NATIONAL MORTGAGE A	0.01438485	5	1/1/2044	3957107	 56,922 	 3,900.44 	56922.39	57261.57	100	100.5958647	 339.18 																																															
AFS	613008	36179NZP6	Agency MBS 15yr	A-3-Q	GOVERNMENT NATIONAL MORTGAGE A	0.02174844	3	2/1/2029	687618	 14,955 	 10,118.45 	15089.48	14745.4	100.9018	98.6009635	 (344.08)																																															
AFS	614770	36179NZQ4	Agency MBS 15yr	A-3-Q	GOVERNMENT NATIONAL MORTGAGE A	0.02165204	3.5	2/1/2029	1753718	 37,972 	 23,872.95 	38495.03	37649.03	101.3786	99.1505596	-846																																															
AFS	613219	36179Q2A8	Agency MBS 15yr	A-3-Q	GOVERNMENT NATIONAL MORTGAGE A	0.03723235	3	2/1/2030	1232576	 45,892 	 20,603.74 	46670.99	44972.99	101.6981	97.9980827	-1697.99																																															
AFS	614522	36179Q2B6	Agency MBS 15yr	A-3-Q	GOVERNMENT NATIONAL MORTGAGE A	0.03694275	3.5	2/1/2030	590338	 21,809 	 9,161.28 	22250.21	21520.23	102.0244	98.6772072	-729.98																																															
AFS	613154	36179Q3H2	Agency MBS 30yr	A-3-Q	GOVERNMENT NATIONAL MORTGAGE A	0.08901767	3	2/1/2045	126552853	 11,265,440 	 1,159,929.97 	11457869.36	10169813.62	101.7081	90.2744458	-1288055.74																																															
AFS	613862	36179Q3X7	Agency MBS ARM	A-3-Q	GOVERNMENT NATIONAL MORTGAGE A	0.03595779	5	2/1/2045	2443907	 87,877 	 8,619.93 	87877.49	89030.23	100	101.3117557	1152.74																																															
AFS	613885	36179Q3Y5	Agency MBS ARM	A-3-Q	GOVERNMENT NATIONAL MORTGAGE A	0.0285698	5	2/1/2045	2363474	 67,524 	 17,717.03 	67523.98	68409.45	100	101.3113485	885.47																																															
AFS	613306	36179Q5E7	Agency MBS 15yr	A-3-Q	GOVERNMENT NATIONAL MORTGAGE A	0.03755455	3	3/1/2030	910947	 34,210 	 15,473.87 	34742.45	33486.03	101.5558	97.8831661	-1256.41																																															
AFS	614507	36179Q5F4	Agency MBS 15yr	A-3-Q	GOVERNMENT NATIONAL MORTGAGE A	0.03655663	3.5	3/1/2030	463577	 16,947 	 7,525.09 	17293.01	16735.9	102.0428	98.7554541	-557.1																																															
AFS	612397	36179Q7C9	Agency MBS ARM	A-3-Q	GOVERNMENT NATIONAL MORTGAGE A	0.03356246	5	3/1/2045	257878	 8,655 	 3,723.96 	8655.02	8643.55	100	99.867514	 (11.46)																																															
AFS	613339	36179Q7D7	Agency MBS ARM	A-3-Q	GOVERNMENT NATIONAL MORTGAGE A	0.02104442	5	3/1/2045	133718	 2,814 	 75.75 	2814.02	2797.66	100	99.4188732	 (16.35)																																															
AFS	613647	36179QAK7	Agency MBS 15yr	A-3-Q	GOVERNMENT NATIONAL MORTGAGE A	0.02523886	3	4/1/2029	112194	 2,832 	 1,592.37 	2856.37	2788.83	100.8732	98.4879155	 (67.54)																																															
AFS	614477	36179QAL5	Agency MBS 15yr	A-3-Q	GOVERNMENT NATIONAL MORTGAGE A	0.0230009	3.5	4/1/2029	1463232	 33,656 	 21,776.41 	34121.37	33340.47	101.3838	99.063515	 (780.90)																																															
AFS	614044	36179QAM3	Agency MBS 15yr	A-3-Q	GOVERNMENT NATIONAL MORTGAGE A	0.03035604	4	4/1/2029	222974	 6,769 	 3,275.02 	6882.62	6730.23	101.6844	99.4329609	 (152.40)																																															
AFS	614698	36179QBF7	Agency MBS 30yr	A-3-Q	GOVERNMENT NATIONAL MORTGAGE A	0.06601865	3.5	4/1/2044	50000000	 3,300,933 	 374,045.61 	3343863.55	3084770.61	101.3006	93.4514901	 (259,092.94)																																															
AFS	614752	36179QBU4	Agency MBS ARM	A-3-Q	GOVERNMENT NATIONAL MORTGAGE A	0.01361411	5.5	4/1/2044	5015023	 68,275 	 8,882.41 	68275.07	69348.8	100	101.5726497	1073.73																																															
AFS	614213	36179QBW0	Agency MBS ARM	A-3-Q	GOVERNMENT NATIONAL MORTGAGE A	0.01768191	5.625	4/1/2044	6710858	 118,661 	 18,673.90 	118660.79	120562.64	100	101.6027606	1901.85																																															
AFS	613077	36179QED9	Agency MBS ARM	A-3-Q	GOVERNMENT NATIONAL MORTGAGE A	0.02097537	5.5	5/1/2044	7903134	 165,771 	 18,607.45 	165771.16	168382.48	100	101.5752572	2611.33																																															
AFS	614421	36179QEF4	Agency MBS ARM	A-3-Q	GOVERNMENT NATIONAL MORTGAGE A	0.01043882	5.625	5/1/2044	6831102	 71,309 	 15,853.96 	71308.64	72452.81	100	101.6045321	1144.17																																															
AFS	612522	36179QFF3	Agency MBS 15yr	A-3-Q	GOVERNMENT NATIONAL MORTGAGE A	0.02385108	3	6/1/2029	76075481	 1,814,482 	 1,028,711.48 	1837817.21	1785205.76	101.286	98.3865028	-52611.45																																															
AFS	613798	36179QFG1	Agency MBS 15yr	A-3-Q	GOVERNMENT NATIONAL MORTGAGE A	0.02929657	3.5	6/1/2029	2287215	 67,008 	 35,544.90 	67805.52	66335.53	101.1909	98.9970961	-1469.98																																															
AFS	613156	36179QFH9	Agency MBS 15yr	A-3-Q	GOVERNMENT NATIONAL MORTGAGE A	0.01853423	4	6/1/2029	386364	 7,161 	 4,084.72 	7254.24	7119.71	101.3026	99.4239587	 (134.52)																																															
AFS	613949	36179QGR6	Agency MBS ARM	A-3-Q	GOVERNMENT NATIONAL MORTGAGE A	0.01844665	5.5	6/1/2044	5264147	 97,106 	 3,336.52 	97105.88	98635.61	100	101.5753213	 1,529.73 																																															
AFS	613166	36179QGT2	Agency MBS ARM	A-3-Q	GOVERNMENT NATIONAL MORTGAGE A	0.01071432	5.625	6/1/2044	5656109	 60,601 	 15,086.77 	60601.36	61574.16	100	101.605239	972.79																																															
AFS	613739	36179QHQ7	Agency MBS Other	A-3-Q	GOVERNMENT NATIONAL MORTGAGE A	0.01844106	3.5	7/1/2029	2176237	 40,132 	 27,176.31 	40620.41	39736.23	101.2167	99.0135362	-884.18																																															
AFS	613968	36179QHV6	Agency MBS 15yr	A-3-Q	GOVERNMENT NATIONAL MORTGAGE A	0.02665617	3	7/1/2029	30537698	 814,018 	 446,389.75 	826055.7	800382.42	101.4788	98.3248956	-25673.29																																															
AFS	613933	36179QHW4	Agency MBS 15yr	A-3-Q	GOVERNMENT NATIONAL MORTGAGE A	0.02450901	3.5	7/1/2029	1496467	 36,677 	 22,448.56 	37275.96	36300.9	101.6333	98.9747639	 (975.06)																																															
AFS	614034	36179QJ69	Agency MBS ARM	A-3-Q	GOVERNMENT NATIONAL MORTGAGE A	0.01971129	5.375	7/1/2044	5214144	 102,778 	 21,012.64 	102777.5	104395.08	100	101.5738585	 1,617.57 																																															
AFS	613049	36179QJ85	Agency MBS ARM	A-3-Q	GOVERNMENT NATIONAL MORTGAGE A	0.01816338	5.375	7/1/2044	6320565	 114,803 	 16,785.46 	114802.82	116609.71	100	101.5739015	 1,806.88 																																															
AFS	614754	36179QJS1	Agency MBS 30yr	A-3-Q	GOVERNMENT NATIONAL MORTGAGE A	0.06837888	3.5	7/1/2044	50102500	 3,425,953 	 355,709.09 	3509073.5	3191011.36	102.4262	93.1423028	 (318,062.13)																																															
AFS	613361	36179QK75	Agency MBS 15yr	A-3-Q	GOVERNMENT NATIONAL MORTGAGE A	0.04617958	2.5	8/1/2029	5127939	 236,806 	 125,347.36 	237852.74	231288.07	100.442	97.6698248	 (6,564.67)																																															
AFS	613088	36179QK83	Agency MBS 15yr	A-3-Q	GOVERNMENT NATIONAL MORTGAGE A	0.02704557	3	8/1/2029	80177558	 2,168,448 	 1,185,849.11 	2201748.62	2132430.36	101.5357	98.3390241	-69318.26																																															
AFS	613346	36179QK91	Agency MBS 15yr	A-3-Q	GOVERNMENT NATIONAL MORTGAGE A	0.03082666	3.5	8/1/2029	1365041	 42,080 	 21,741.93 	42772.04	41615.09	101.6454	98.8959933	-1156.95																																															
AFS	614686	36179QL41	Agency MBS 30yr	A-3-Q	GOVERNMENT NATIONAL MORTGAGE A	0.11941506	3	8/1/2044	77532	 9,258 	 965.04 	9524.88	8413.4	102.8773	90.8723385	-1111.47																																															
AFS	613314	36179QMH1	Agency MBS ARM	A-3-Q	GOVERNMENT NATIONAL MORTGAGE A	0.0228831	5.375	8/1/2044	3901541	 89,279 	 5,097.52 	89279.35	90688.19	100	101.5780139	1408.84																																															
AFS	614362	36179QMK4	Agency MBS ARM	A-3-Q	GOVERNMENT NATIONAL MORTGAGE A	0.0124754	5.375	8/1/2044	5882728	 73,389 	 21,082.81 	73389.38	74548.48	100	101.579374	1159.09																																															
AFS	614248	36179QNK3	Agency MBS 15yr	A-3-Q	GOVERNMENT NATIONAL MORTGAGE A	0.03172709	3	9/1/2029	60998000	 1,935,289 	 1,030,554.16 	1959340.25	1899682.46	101.2428	98.1601417	 (59,657.79)																																															
AFS	614793	36179QPU9	Agency MBS ARM	A-3-Q	GOVERNMENT NATIONAL MORTGAGE A	0.02529078	5.375	9/1/2044	1881027	 47,573 	 13,797.95 	47572.64	48325.42	100	101.5823718	 752.78 																																															
AFS	614813	36179QPW5	Agency MBS ARM	A-3-Q	GOVERNMENT NATIONAL MORTGAGE A	0.01911948	5.375	9/1/2044	3616408	 69,144 	 2,196.86 	69143.84	70235.07	100	101.5782075	 1,091.23 																																															
AFS	614253	36179QPY1	Agency MBS ARM	A-3-Q	GOVERNMENT NATIONAL MORTGAGE A	0.03265109	5.375	9/1/2044	292783	 9,560 	 929.86 	9559.68	9710.88	100	101.5816133	 151.20 																																															
AFS	614325	36179QQ20	Agency MBS 15yr	A-3-Q	GOVERNMENT NATIONAL MORTGAGE A	0.03308081	3.5	10/1/2029	1386556	 45,868 	 22,120.74 	46758	45329.18	101.9395	98.8244267	 (1,428.82)																																															
AFS	613347	36179QQ38	Agency MBS 15yr	A-3-Q	GOVERNMENT NATIONAL MORTGAGE A	0.04258701	4	10/1/2029	40222	 1,713 	 465.86 	1747.44	1701.59	102.0145	99.3379865	-45.85																																															
AFS	613879	36179QQV6	Agency MBS Other	A-3-Q	GOVERNMENT NATIONAL MORTGAGE A	0.01003511	3.5	10/1/2029	488208	 4,899 	 6,783.79 	4936.21	4869.16	100.755	99.3863185	-67.06																																															
AFS	614374	36179QQZ7	Agency MBS 15yr	A-3-Q	GOVERNMENT NATIONAL MORTGAGE A	0.03654952	3	10/1/2029	30524627	 1,115,660 	 561,984.07 	1128542.42	1095132.26	101.1546	98.1599953	-33410.16																																															
AFS	613657	36179QS51	Agency MBS 15yr	A-3-Q	GOVERNMENT NATIONAL MORTGAGE A	0.03213309	3	11/1/2029	668893	 21,494 	 10,648.75 	21791.68	21098.71	101.3868	98.1627549	-692.97																																															
AFS	613853	36179QS77	Agency MBS 15yr	A-3-Q	GOVERNMENT NATIONAL MORTGAGE A	0.02415371	4	11/1/2029	181175	 4,376 	 2,122.60 	4463.95	4344.46	102.0087	99.2780514	-119.49																																															
AFS	614324	36179QSC6	Agency MBS ARM	A-3-Q	GOVERNMENT NATIONAL MORTGAGE A	0.01750876	5.125	10/1/2044	4463530	 78,151 	 30,515.06 	78150.88	79945.09	100	102.2958299	1794.21																																															
AFS	613942	36179QSE2	Agency MBS ARM	A-3-Q	GOVERNMENT NATIONAL MORTGAGE A	0.01871869	5.125	10/1/2044	3029842	 56,715 	 6,373.97 	56714.67	58015.17	100	102.2930534	1300.5																																															
AFS	613676	36179QUG4	Agency MBS ARM	A-3-Q	GOVERNMENT NATIONAL MORTGAGE A	0.01933782	5.125	11/1/2044	4771100	 92,263 	 23,652.97 	92262.67	94384.5	100	102.2997695	2121.83																																															
AFS	614716	36179QUJ8	Agency MBS ARM	A-3-Q	GOVERNMENT NATIONAL MORTGAGE A	0.01966783	5.125	11/1/2044	2784398	 54,763 	 8,465.96 	54763.07	56022	100	102.2988811	1258.94																																															
AFS	614479	36179QVF5	Agency MBS 15yr	A-3-Q	GOVERNMENT NATIONAL MORTGAGE A	0.03710516	3	12/1/2029	766759	 28,451 	 13,546.53 	28863.39	27914.69	101.4505	98.1159426	-948.7																																															
AFS	614052	36179QVG3	Agency MBS 15yr	A-3-Q	GOVERNMENT NATIONAL MORTGAGE A	0.03885913	3.5	12/1/2029	698442	 27,141 	 11,806.42 	27649.13	26801.92	101.8728	98.751225	-847.21																																															
AFS	613958	36179QWD9	Agency MBS 30yr	A-3-Q	GOVERNMENT NATIONAL MORTGAGE A	0.08335125	3	12/1/2044	1971710	 164,344 	 17,256.47 	169102.1	147229.78	102.8949	89.5860717	-21872.32																																															
AFS	614475	36179QWS6	Agency MBS ARM	A-3-Q	GOVERNMENT NATIONAL MORTGAGE A	0.02333178	5.125	12/1/2044	1992098	 46,479 	 18,032.21 	46479.19	47333.28	100	101.8375693	854.09																																															
AFS	613086	36179QWT4	Agency MBS ARM	A-3-Q	GOVERNMENT NATIONAL MORTGAGE A	0.0207613	5.125	12/1/2044	1015353	 21,080 	 3,325.60 	21080.05	21565.02	100	102.3006191	484.98																																															
AFS	613128	36179QXS5	Agency MBS 15yr	A-3-Q	GOVERNMENT NATIONAL MORTGAGE A	0.03492751	3	1/1/2030	143896486	 5,025,946 	 2,248,530.11 	5119310.99	4928772.34	101.8577	98.0665608	-190538.64																																															
AFS	613502	36179QXT3	Agency MBS 15yr	A-3-Q	GOVERNMENT NATIONAL MORTGAGE A	0.0404303	3.5	1/1/2030	519160	 20,990 	 9,098.26 	21379.99	20736.16	101.859	98.7916492	-643.83																																															
AFS	613725	36179QY62	Agency MBS ARM	A-3-Q	GOVERNMENT NATIONAL MORTGAGE A	0.02301093	5	1/1/2045	2086675	 48,016 	 2,255.38 	48016.33	48645.29	100	101.3098741	628.95																																															
AFS	612283	36179QYR6	Agency MBS 30yr	A-3-Q	GOVERNMENT NATIONAL MORTGAGE A	0.09132935	3	1/1/2045	121665482	 11,111,629 	 1,100,332.28 	11331681.04	10037869.29	101.9804	90.3366099	-1293811.74																																															
AFS	613449	36179QZ95	Agency MBS 15yr	A-3-Q	GOVERNMENT NATIONAL MORTGAGE A	0.04416653	2.5	2/1/2030	58377220	 2,578,319 	 1,180,964.58 	2605105.47	2509772.22	101.0389	97.3414068	-95333.25																																															
AFS	613974	36179R3C1	Agency MBS 15yr	A-3-Q	GOVERNMENT NATIONAL MORTGAGE A	0.07403479	2.5	3/1/2031	360055	 26,657 	 9,990.77 	26926.03	25699.19	101.0107	96.4083789	-1226.83																																															
AFS	614254	36179R3D9	Agency MBS 15yr	A-3-Q	GOVERNMENT NATIONAL MORTGAGE A	0.06146617	3	3/1/2031	1350392	 83,003 	 31,400.76 	84666.46	80807.02	102.0036	97.3538382	-3859.44																																															
AFS	614481	36179R3E7	Agency MBS 15yr	A-3-Q	GOVERNMENT NATIONAL MORTGAGE A	0.06542655	3.5	3/1/2031	303635	 19,866 	 6,138.36 	20368.98	19502.88	102.5329	98.1731679	-866.1																																															
AFS	613948	36179R6G9	Agency MBS 15yr	A-3-Q	GOVERNMENT NATIONAL MORTGAGE A	0.06685907	2.5	4/1/2031	158424	 10,592 	 3,806.98 	10747.03	10202.36	101.4628	96.3205917	-544.67																																															
AFS	613276	36179R6H7	Agency MBS 15yr	A-3-Q	GOVERNMENT NATIONAL MORTGAGE A	0.06338028	3	4/1/2031	1443493	 91,489 	 33,361.44 	93660.1	88944.55	102.3731	97.2188586	-4715.55																																															
AFS	613525	36179R6J3	Agency MBS 15yr	A-3-Q	GOVERNMENT NATIONAL MORTGAGE A	0.08357826	3.5	4/1/2031	233603	 19,524 	 6,979.83 	20072.72	19167.41	102.8098	98.1729022	-905.31																																															
AFS	613609	36179RA25	Agency MBS 15yr	A-3-Q	GOVERNMENT NATIONAL MORTGAGE A	0.03976495	3.5	4/1/2030	388276	 15,440 	 7,704.73 	15790.97	15228.81	102.2746	98.6335984	-562.16																																															
AFS	613841	36179RAY5	Agency MBS 15yr	A-3-Q	GOVERNMENT NATIONAL MORTGAGE A	0.04346405	2.5	4/1/2030	87759	 3,814 	 1,698.04 	3858.6	3704.12	101.1599	97.1098791	-154.48																																															
AFS	613000	36179RAZ2	Agency MBS 15yr	A-3-Q	GOVERNMENT NATIONAL MORTGAGE A	0.03832294	3	4/1/2030	668486	 25,618 	 12,812.00 	26098.29	25076.1	101.8734	97.883366	-1022.19																																															
AFS	614473	36179RBW8	Agency MBS 30yr	A-3-Q	GOVERNMENT NATIONAL MORTGAGE A	0.09256589	3	4/1/2045	47871367	 4,431,256 	 445,385.02 	4469955.59	3998540.32	100.8733	90.2349265	-471415.27																																															
AFS	614163	36179RC98	Agency MBS 15yr	A-3-Q	GOVERNMENT NATIONAL MORTGAGE A	0.04802712	2.5	5/1/2030	378669	 18,186 	 9,218.17 	18328.46	17673.18	100.7812	97.1781057	-655.28																																															
AFS	613188	36179RCC1	Agency MBS ARM	A-3-Q	GOVERNMENT NATIONAL MORTGAGE A	0.05145902	5.5	4/1/2045	7761091	 399,378 	 65,590.92 	399378.14	405770.67	100	101.6006218	6392.53																																															
AFS	614506	36179RCD9	Agency MBS ARM	A-3-Q	GOVERNMENT NATIONAL MORTGAGE A	0.0279407	5.5	4/1/2045	2775671	 77,554 	 24,471.73 	77554.19	78795.35	100	101.6003821	1241.17																																															
AFS	613590	36179RDA4	Agency MBS 15yr	A-3-Q	GOVERNMENT NATIONAL MORTGAGE A	0.04049626	3	5/1/2030	503316	 20,382 	 9,452.77 	20725.03	19944.7	101.6809	97.852493	-780.33																																															
AFS	613668	36179REL9	Agency MBS ARM	A-3-Q	GOVERNMENT NATIONAL MORTGAGE A	0.03332446	5.5	5/1/2045	4664609	 155,446 	 33,908.68 	155445.58	157939.79	100	101.6045594	2494.22																																															
AFS	613107	36179REM7	Agency MBS ARM	A-3-Q	GOVERNMENT NATIONAL MORTGAGE A	0.02486264	5.5	5/1/2045	1395766	 34,702 	 3,464.70 	34702.43	35259.32	100	101.6047784	 556.90 																																															
AFS	613530	36179RFC8	Agency MBS 15yr	A-3-Q	GOVERNMENT NATIONAL MORTGAGE A	0.05334371	2.5	6/1/2030	206096	 10,994 	 4,966.87 	11045.26	10676.71	100.4669	97.1146234	-368.54																																															
AFS	613643	36179RFD6	Agency MBS 15yr	A-3-Q	GOVERNMENT NATIONAL MORTGAGE A	0.04705696	3	6/1/2030	728841	 34,297 	 14,103.55 	34733.89	33561.46	101.2737	97.8552506	-1172.43																																															
AFS	614512	36179RGN3	Agency MBS ARM	A-3-Q	GOVERNMENT NATIONAL MORTGAGE A	0.03770257	5.5	6/1/2045	2057200	 77,562 	 9,465.01 	77561.73	78807.23	100	101.605828	1245.51																																															
AFS	614517	36179RGP8	Agency MBS ARM	A-3-Q	GOVERNMENT NATIONAL MORTGAGE A	0.02894071	5.5	6/1/2045	1295086	 37,481 	 1,013.79 	37480.71	38082.63	100	101.6059373	601.92																																															
AFS	613971	36179RHK8	Agency MBS 15yr	A-3-Q	GOVERNMENT NATIONAL MORTGAGE A	0.05192204	2.5	7/1/2030	846695	 43,962 	 16,322.10 	44129	42663.93	100.3796	97.0469984	-1465.08																																															
AFS	612267	36179RHL6	Agency MBS 15yr	A-3-Q	GOVERNMENT NATIONAL MORTGAGE A	0.04631624	3	7/1/2030	517178	 23,954 	 10,652.31 	24281.33	23413.78	101.3676	97.7458256	-867.55																																															
AFS	612893	36179RHM4	Agency MBS 15yr	A-3-Q	GOVERNMENT NATIONAL MORTGAGE A	0.04754982	3.5	7/1/2030	330004	 15,692 	 6,638.66 	15995.22	15465.51	101.9347	98.5590036	-529.71																																															
AFS	613468	36179RJT7	Agency MBS ARM	A-3-Q	GOVERNMENT NATIONAL MORTGAGE A	0.04207969	5.375	7/1/2045	2558836	 107,675 	 24,882.71 	107675.03	109403.2	100	101.6049879	1728.17																																															
AFS	612662	36179RJU4	Agency MBS ARM	A-3-Q	GOVERNMENT NATIONAL MORTGAGE A	0.03029462	5.375	7/1/2045	1759379	 53,300 	 8,871.42 	53299.72	54156.08	100	101.6066964	856.37																																															
AFS	613805	36179RKS7	Agency MBS 15yr	A-3-Q	GOVERNMENT NATIONAL MORTGAGE A	0.05643301	2.5	8/1/2030	57488	 3,244 	 1,444.40 	3266.1	3146.21	100.6743	96.9788189	 (119.89)																																															
AFS	614502	36179RKT5	Agency MBS 15yr	A-3-Q	GOVERNMENT NATIONAL MORTGAGE A	0.05060123	3	8/1/2030	732211	 37,051 	 15,045.64 	37611.88	36186.01	101.5144	97.6659927	-1425.87																																															
AFS	613472	36179RKU2	Agency MBS 15yr	A-3-Q	GOVERNMENT NATIONAL MORTGAGE A	0.0519093	3.5	8/1/2030	217872	 11,310 	 4,825.62 	11548.94	11137.76	102.1164	98.4807716	-411.17																																															
AFS	612401	36179RL49	Agency MBS ARM	A-3-Q	GOVERNMENT NATIONAL MORTGAGE A	0.05590057	5.375	8/1/2045	972678	 54,373 	 5,692.24 	54373.25	55249.13	100	101.6108542	875.88																																															
AFS	614608	36179RL56	Agency MBS ARM	A-3-Q	GOVERNMENT NATIONAL MORTGAGE A	0.02666502	5.375	8/1/2045	358307	 9,554 	 1,321.93 	9554.26	9708.13	100	101.6104587	153.87																																															
AFS	613181	36179RLN7	Agency MBS 30yr	A-3-Q	GOVERNMENT NATIONAL MORTGAGE A	0.13215095	3	8/1/2045	150648498	 19,908,342 	 1,895,635.90 	20105913.64	17916877.3	100.9924	89.9968324	-2189036.33																																															
AFS	613192	36179RM22	Agency MBS 15yr	A-3-Q	GOVERNMENT NATIONAL MORTGAGE A	0.06599587	2.5	9/1/2030	27457577	 1,812,087 	 699,917.19 	1825875.96	1754888.53	100.761	96.8435203	-70987.42																																															
AFS	614591	36179RM30	Agency MBS 15yr	A-3-Q	GOVERNMENT NATIONAL MORTGAGE A	0.0461714	3	9/1/2030	250368	 11,560 	 4,706.35 	11740.95	11286.44	101.5667	97.6348713	-454.51																																															
AFS	612166	36179RM48	Agency MBS 15yr	A-3-Q	GOVERNMENT NATIONAL MORTGAGE A	0.05575941	3.5	9/1/2030	391183	 21,812 	 8,832.45 	22299.7	21472.1	102.2353	98.4410784	-827.61																																															
AFS	614162	36179RNV7	Agency MBS 30yr	A-3-Q	GOVERNMENT NATIONAL MORTGAGE A	0.1261428	3	9/1/2045	100241017	 12,644,683 	 1,319,149.42 	12741669.84	11405020.15	100.767	90.1961761	-1336649.69																																															
AFS	613129	36179RP60	Agency MBS 15yr	A-3-Q	GOVERNMENT NATIONAL MORTGAGE A	0.05660743	2.5	10/1/2030	124916	 7,071 	 2,514.96 	7141.36	6847.96	100.9926	96.8432635	-293.41																																															
AFS	614810	36179RP78	Agency MBS 15yr	A-3-Q	GOVERNMENT NATIONAL MORTGAGE A	0.04980999	3	10/1/2030	884354	 44,050 	 17,339.14 	44828.99	43007.83	101.7692	97.634854	-1821.17																																															
AFS	613940	36179RP86	Agency MBS 15yr	A-3-Q	GOVERNMENT NATIONAL MORTGAGE A	0.0581009	3.5	10/1/2030	644409	 37,441 	 14,547.55 	38284.18	36857.09	102.2527	98.4411335	-1427.08																																															
AFS	614436	36179RPA1	Agency MBS ARM	A-3-Q	GOVERNMENT NATIONAL MORTGAGE A	0.05344667	5.375	9/1/2045	3106509	 166,033 	 17,245.78 	166032.56	168704.95	100	101.6095567	2672.38																																															
AFS	614643	36179RPB9	Agency MBS ARM	A-3-Q	GOVERNMENT NATIONAL MORTGAGE A	0.03214208	5.375	9/1/2045	1921247	 61,753 	 7,072.82 	61752.87	62747.33	100	101.6103708	994.45																																															
AFS	614231	36179RPE3	Agency MBS ARM	A-3-Q	GOVERNMENT NATIONAL MORTGAGE A	0.04355475	5.375	9/1/2045	215899	 9,403 	 238.97 	9403.43	9468.39	100	100.6908272	 64.96 																																															
AFS	613932	36179RQZ5	Agency MBS 30yr	A-3-Q	GOVERNMENT NATIONAL MORTGAGE A	0.1128354	3	10/1/2045	8016216	 904,513 	 91,496.26 	915738.32	815764.19	101.241	90.188228	-99974.12																																															
AFS	613849	36179RRC5	Agency MBS ARM	A-3-Q	GOVERNMENT NATIONAL MORTGAGE A	0.05546878	5.125	10/1/2045	777030	 43,101 	 5,370.40 	43100.91	44137.8	100	102.4057263	1036.89																																															
AFS	613178	36179RRE1	Agency MBS ARM	A-3-Q	GOVERNMENT NATIONAL MORTGAGE A	0.03229226	5.125	10/1/2045	1981112	 63,975 	 11,561.83 	63974.58	65513.82	100	102.4060072	1539.24																																															
AFS	613409	36179RS83	Agency MBS 30yr	A-3-Q	GOVERNMENT NATIONAL MORTGAGE A	0.12143148	3	11/1/2045	71064093	 8,629,418 	 826,629.02 	8714825.78	7782038.59	100.9897	90.1803412	 (932,787.21)																																															
AFS	613547	36179RSE0	Agency MBS 15yr	A-3-Q	GOVERNMENT NATIONAL MORTGAGE A	0.05621351	3	11/1/2030	1335205	 75,057 	 27,124.10 	76288.49	73184.95	101.6413	97.5064042	-3103.54																																															
AFS	613533	36179RSF7	Agency MBS 15yr	A-3-Q	GOVERNMENT NATIONAL MORTGAGE A	0.06125805	3.5	11/1/2030	268969	 16,477 	 5,402.61 	16805.09	16213	101.9942	98.4006648	-592.09																																															
AFS	613362	36179RTK5	Agency MBS ARM	A-3-Q	GOVERNMENT NATIONAL MORTGAGE A	0.03924138	5.125	11/1/2045	1762915	 69,179 	 9,008.90 	69179.22	70194.37	100	101.4674194	1015.15																																															
AFS	612784	36179RTM1	Agency MBS ARM	A-3-Q	GOVERNMENT NATIONAL MORTGAGE A	0.04251074	5.125	11/1/2045	2329832	 99,043 	 21,570.68 	99042.88	101427.82	100	102.4079799	2384.93																																															
AFS	613837	36179RUD9	Agency MBS Other	A-3-Q	GOVERNMENT NATIONAL MORTGAGE A	0.02589145	3.5	11/1/2030	434460	 11,249 	 9,491.68 	11439.06	11155.1	101.6914	99.1669957	-283.96																																															
AFS	614485	36179RUF4	Agency MBS 15yr	A-3-Q	GOVERNMENT NATIONAL MORTGAGE A	0.06763768	2.5	12/1/2030	202649	 13,707 	 5,222.90 	13817.7	13264.82	100.8098	96.776122	-552.88																																															
AFS	613944	36179RUG2	Agency MBS 15yr	A-3-Q	GOVERNMENT NATIONAL MORTGAGE A	0.06157866	3	12/1/2030	715595	 44,065 	 16,412.07 	44843.88	42932.69	101.7667	97.4295313	-1911.19																																															
AFS	614494	36179RUH0	Agency MBS 15yr	A-3-Q	GOVERNMENT NATIONAL MORTGAGE A	0.05613735	3.5	12/1/2030	132384	 7,432 	 2,840.94 	7589.32	7309.8	102.121	98.3599337	-279.51																																															
AFS	613537	36179RVA4	Agency MBS 30yr	A-3-Q	GOVERNMENT NATIONAL MORTGAGE A	0.11710384	3	12/1/2045	960531	 112,482 	 11,652.42 	113409.37	101427.71	100.8246	90.1725	-11981.65																																															
AFS	612891	36179RVM8	Agency MBS ARM	A-3-Q	GOVERNMENT NATIONAL MORTGAGE A	0.05464957	5.125	12/1/2045	574280	 31,384 	 1,579.68 	31384.16	31939.42	100	101.7692655	555.27																																															
AFS	613864	36179RVP1	Agency MBS ARM	A-3-Q	GOVERNMENT NATIONAL MORTGAGE A	0.02519503	5.125	12/1/2045	903026	 22,752 	 3,013.34 	22751.77	23300	100	102.4096083	548.23																																															
AFS	613459	36179RWJ4	Agency MBS 15yr	A-3-Q	GOVERNMENT NATIONAL MORTGAGE A	0.06337102	3	1/1/2031	1022496	 64,797 	 21,749.96 	65986.64	63118.56	101.8366	97.4102806	-2868.08																																															
AFS	613826	36179RWK1	Agency MBS 15yr	A-3-Q	GOVERNMENT NATIONAL MORTGAGE A	0.06841496	3.5	1/1/2031	457904	 31,327 	 11,663.05 	32008.54	30813.94	102.174	98.3607286	-1194.6																																															
AFS	613282	36179RXP9	Agency MBS ARM	A-3-Q	GOVERNMENT NATIONAL MORTGAGE A	0.04024845	4.875	1/1/2046	1515744	 61,006 	 20,528.24 	61006.35	61816.76	100	101.3284068	810.42																																															
AFS	614452	36179RXR5	Agency MBS ARM	A-3-Q	GOVERNMENT NATIONAL MORTGAGE A	0.04959032	4.875	1/1/2046	778033	 38,583 	 2,125.99 	38582.91	39095.66	100	101.3289617	512.75																																															
AFS	613034	36179RXT1	Agency MBS ARM	A-3-Q	GOVERNMENT NATIONAL MORTGAGE A	0.02082189	4.875	1/1/2046	263135	 5,479 	 190.34 	5478.97	5465.59	100	99.7558025	-13.38																																															
AFS	613663	36179RY29	Agency MBS 15yr	A-3-Q	GOVERNMENT NATIONAL MORTGAGE A	0.06075849	3.5	2/1/2031	334382	 20,317 	 8,012.75 	20770.49	19966.78	102.2343	98.2784386	-803.71																																															
AFS	613101	36179RYY9	Agency MBS 15yr	A-3-Q	GOVERNMENT NATIONAL MORTGAGE A	0.08201267	2.5	2/1/2031	87612	 7,185 	 2,372.36 	7278.46	6936.12	101.2966	96.5321453	-342.34																																															
AFS	614175	36179RYZ6	Agency MBS 15yr	A-3-Q	GOVERNMENT NATIONAL MORTGAGE A	0.06208976	3	2/1/2031	973640	 60,453 	 22,452.27 	61869.3	58829.05	102.3427	97.3135728	 (3,040.25)																																															
AFS	613808	36179RZ51	Agency MBS ARM	A-3-Q	GOVERNMENT NATIONAL MORTGAGE A	0.04242154	4.875	2/1/2046	365600	 15,509 	 3,058.34 	15509.32	15715.26	100	101.3278699	205.94																																															
AFS	614196	36179RZ77	Agency MBS ARM	A-3-Q	GOVERNMENT NATIONAL MORTGAGE A	0.03144529	4.875	2/1/2046	322339	 10,136 	 1,209.97 	10136.04	10270.68	100	101.3283193	134.64																																															
HTM	614728	36179S2N6	Agency MBS 30yr	A-3-Q	GOVERNMENT NATIONAL MORTGAGE A	0.15764503	3	4/1/2047	30000000	 4,729,351 	 471,944.47 	4781177.39	4214819.54	101.0958	89.1204655	-566357.85																																															
AFS	613024	36179S3A3	Agency MBS ARM	A-3-Q	GOVERNMENT NATIONAL MORTGAGE A	0.03894688	5.5	4/1/2047	24981789	 972,963 	 395,385.53 	972962.74	989104.66	100	101.6590486	16141.92																																															
AFS	614337	36179S3D7	Agency MBS ARM	A-3-Q	GOVERNMENT NATIONAL MORTGAGE A	0.03544533	5.5	4/1/2047	915869	 32,463 	 14,353.54 	32463.28	33001.67	100	101.6584658	538.4																																															
AFS	613733	36179S4J3	Agency MBS 15yr	A-3-Q	GOVERNMENT NATIONAL MORTGAGE A	0.09112861	3	5/1/2032	784174	 71,461 	 19,205.96 	72590.03	68948.89	101.5804	96.4850652	 (3,641.14)																																															
AFS	612992	36179S4K0	Agency MBS 15yr	A-3-Q	GOVERNMENT NATIONAL MORTGAGE A	0.08575191	3.5	5/1/2032	408362	 35,018 	 9,579.13 	35881.69	34239.38	102.4669	97.777008	-1642.31																																															
HTM	613407	36179S5K9	Agency MBS 30yr	A-3-Q	GOVERNMENT NATIONAL MORTGAGE A	0.14902422	3	5/1/2047	212500000	 31,667,647 	 2,892,977.48 	32012404.03	28513110.92	101.0887	90.0386162	-3499293.11																																															
AFS	613292	36179S6A0	Agency MBS ARM	A-3-Q	GOVERNMENT NATIONAL MORTGAGE A	0.04489037	5.5	5/1/2047	1022742	 45,911 	 13,685.13 	45911.27	46672.59	100	101.6582414	761.32																																															
AFS	613455	36179S6V4	Agency MBS 15yr	A-3-Q	GOVERNMENT NATIONAL MORTGAGE A	0.08473062	3	6/1/2032	780723	 66,151 	 17,424.89 	67334.5	63998.49	101.7889	96.745849	-3336.02																																															
AFS	613701	36179S6W2	Agency MBS 15yr	A-3-Q	GOVERNMENT NATIONAL MORTGAGE A	0.09426351	3.5	6/1/2032	183454	 17,293 	 5,046.95 	17751.94	16884.84	102.6538	97.6396093	-867.1																																															
AFS	613208	36179SAK3	Agency MBS ARM	A-3-Q	GOVERNMENT NATIONAL MORTGAGE A	0.04962871	5.5	4/1/2046	644148	 31,968 	 2,733.93 	31968.23	32489.9	100	101.6318134	521.66																																															
AFS	613048	36179SBF3	Agency MBS 15yr	A-3-Q	GOVERNMENT NATIONAL MORTGAGE A	0.07627454	2.5	5/1/2031	701644	 53,518 	 19,066.96 	54435.02	51515.34	101.7143	96.2587413	-2919.68																																															
AFS	613953	36179SBG1	Agency MBS 15yr	A-3-Q	GOVERNMENT NATIONAL MORTGAGE A	0.06790913	3	5/1/2031	471303	 32,006 	 10,279.23 	32822.96	31116.13	102.5532	97.2203432	-1706.83																																															
AFS	613955	36179SCK1	Agency MBS ARM	A-3-Q	GOVERNMENT NATIONAL MORTGAGE A	0.03376164	5.5	5/1/2046	556624	 18,793 	 4,520.42 	18792.54	19099.28	100	101.6322346	306.74																																															
AFS	612529	36179SDP9	Agency MBS 15yr	A-3-Q	GOVERNMENT NATIONAL MORTGAGE A	0.06823065	2.5	6/1/2031	263820	 18,001 	 6,928.99 	18343.95	17330.29	101.9074	96.2761288	-1013.65																																															
AFS	613344	36179SDQ7	Agency MBS 15yr	A-3-Q	GOVERNMENT NATIONAL MORTGAGE A	0.07156849	3	6/1/2031	666417	 47,694 	 16,502.28 	49022.88	46298.11	102.7853	97.0723006	 (2,724.78)																																															
AFS	612649	36179SEU7	Agency MBS ARM	A-3-Q	GOVERNMENT NATIONAL MORTGAGE A	0.04105948	5.5	6/1/2046	98015	 4,024 	 105.47 	4024.44	4090.27	100	101.6355799	65.82																																															
AFS	613576	36179SFS1	Agency MBS 15yr	A-3-Q	GOVERNMENT NATIONAL MORTGAGE A	0.07862463	2.5	7/1/2031	767128	 60,315 	 19,652.76 	61558.58	58004.86	102.0615	96.1696222	-3553.72																																															
AFS	614604	36179SFT9	Agency MBS 15yr	A-3-Q	GOVERNMENT NATIONAL MORTGAGE A	0.07506307	3	7/1/2031	395934	 29,720 	 10,007.10 	30519.86	28881.15	102.6912	97.1774261	-1638.7																																															
AFS	613578	36179SFU6	Agency MBS 15yr	A-3-Q	GOVERNMENT NATIONAL MORTGAGE A	0.0987325	3.5	7/1/2031	207784	 20,515 	 6,147.51 	21131.49	20116.65	103.0049	98.058096	-1014.83																																															
AFS	613801	36179SGX9	Agency MBS ARM	A-3-Q	GOVERNMENT NATIONAL MORTGAGE A	0.04752821	5.375	7/1/2046	460774	 21,900 	 2,559.76 	21899.76	22257.87	100	101.6352038	358.11																																															
AFS	613773	36179SGY7	Agency MBS ARM	A-3-Q	GOVERNMENT NATIONAL MORTGAGE A	0.03897853	5.375	7/1/2046	117632	 4,585 	 312.63 	4585.12	4660.06	100	101.6342929	74.93																																															
AFS	612517	36179SH26	Agency MBS 15yr	A-3-Q	GOVERNMENT NATIONAL MORTGAGE A	0.07569581	2.5	8/1/2031	659438	 49,917 	 16,874.14 	50859.24	48042.21	101.8882	96.2447745	-2817.04																																															
AFS	613698	36179SH34	Agency MBS 15yr	A-3-Q	GOVERNMENT NATIONAL MORTGAGE A	0.07999221	3	8/1/2031	321005	 25,678 	 8,111.01 	26357.6	24941.84	102.647	97.1334874	-1415.76																																															
AFS	614669	36179SJ65	Agency MBS ARM	A-3-Q	GOVERNMENT NATIONAL MORTGAGE A	0.051659	5.375	8/1/2046	224753	 11,611 	 641.60 	11610.52	11800.44	100	101.6357847	189.92																																															
AFS	614107	36179SK22	Agency MBS 15yr	A-3-Q	GOVERNMENT NATIONAL MORTGAGE A	0.07502551	3	9/1/2031	547365	 41,066 	 13,627.85 	42090.77	39849.83	102.4946	97.0377011	-2240.93																																															
AFS	614645	36179SK30	Agency MBS 15yr	A-3-Q	GOVERNMENT NATIONAL MORTGAGE A	0.09898751	3.5	9/1/2031	75310	 7,455 	 2,055.55 	7678.69	7307.84	103.0039	98.0293154	-370.84																																															
AFS	614443	36179SKZ9	Agency MBS 15yr	A-3-Q	GOVERNMENT NATIONAL MORTGAGE A	0.08417271	2.5	9/1/2031	438908	 36,944 	 12,584.58 	37574.83	35507.19	101.7073	96.1106562	-2067.64																																															
AFS	613589	36179SL54	Agency MBS ARM	A-3-Q	GOVERNMENT NATIONAL MORTGAGE A	0.04584813	5.375	9/1/2046	349830	 16,039 	 435.85 	16039.05	16301.98	100	101.6393097	262.93																																															
AFS	613486	36179SM38	Agency MBS 15yr	A-3-Q	GOVERNMENT NATIONAL MORTGAGE A	0.08921633	2.5	10/1/2031	538390	 48,033 	 15,757.27 	48832.51	46182.82	101.6641	96.1477386	-2649.7																																															
AFS	614082	36179SM46	Agency MBS 15yr	A-3-Q	GOVERNMENT NATIONAL MORTGAGE A	0.09598586	3	10/1/2031	853635	 81,937 	 25,121.55 	83884.6	79517.36	102.3771	97.0470811	-4367.24																																															
AFS	613176	36179SN86	Agency MBS ARM	A-3-Q	GOVERNMENT NATIONAL MORTGAGE A	0.05220014	5.125	10/1/2046	1036523	 54,107 	 7,128.19 	54106.65	55079.89	100	101.7987429	973.23																																															
AFS	614179	36179SN94	Agency MBS ARM	A-3-Q	GOVERNMENT NATIONAL MORTGAGE A	0.03295556	5.125	10/1/2046	272784	 8,990 	 212.79 	8989.75	9165.35	100	101.9533408	175.6																																															
