																						Model Calcs																
									Original Balance	Current Balance	Can we make this just for one month?	Book Value	Market Value	Book Price	Market Price	MTM												Partial Durations										
Book	Position ID	CUSIP	Sub Type	PRODUCT_CODE_2052a_Collateral_Class	Issuer	Current Factor	Coupon	Maturity Date	Nominal	CA_NOTIONAL	TOTAL_PAYDOWN_BOOK_VALUE	MTB_BOOK VALUE (Clean)	PV_NET (MV Clean)	MTB_BOOK PRICE (Clean)	PRICE (Mkt)	NPV_DISC (Clean MTM)	Curve Date	Prepay Model	Prepay Rate	Vol Model	Curve Type	Forward Yield	Prospective Yield	Effective Duration	Effective Convexity	Effective DV01	Dollar Duration	1YR	2YR	3YR	5YR	10YR	20YR	30YR	Average Life	LT CPR	OAS	Z-Spread
AFS	613360	36179SRW9	Agency MBS 15yr	A-3-Q	GOVERNMENT NATIONAL MORTGAGE A	0.09149607	2.5	48183	258326	23635.81	8481.15	23736.43	22601.8	100.4257	95.6252325	-1134.63	7/31/2026	Model2501	100	LMMSOFRFLAT	RFRSwap	4.834589	2.220434	1.876777172	0.02460976	0.017985824	 4 	0.2907	0.4225	0.7376	0.4131	0.0061	0.0066	0.001	1.995	13.5254	65.0967	52.15811	0.09149607	14.4389	2.884	116	57308.4805	NA	NA	1.8702	0.01896291	5.56092755	1.8875	0.018781519	3.66901475	1.8763	0.018321453	1.81339162	1.8967	0.017837638	-1.79016428	1.9075	0.01760059	-3.56507139	1.8902	0.017112205	-5.30127152
AFS	614581	36179SRX7	Agency MBS 15yr	A-3-Q	GOVERNMENT NATIONAL MORTGAGE A	0.09395735	3	48183	135582	12738.93	4739.46	12915.16	12294.57	101.3835	96.5118466	-620.59	7/31/2026	Model2501	100	LMMSOFRFLAT	RFRSwap	4.793689	2.230656	1.906006455	0.03991034	0.018442871	 2 	0.2876	0.4193	0.7472	0.4442	0.0038	0.0037	0.0006	2.0505	12.8906	61.4323	47.63739	0.09395735	14.3965	3.406	116	45070.3203	NA	NA	1.9027	0.019501405	5.73310838	1.9279	0.019384518	3.7830708	1.9178	0.018915322	1.86665121	1.9135	0.018165119	-1.82877568	1.9266	0.017941907	-3.63546117	1.9179	0.017520193	-5.40960861
AFS	614625	36179SS24	Agency MBS ARM	A-3-Q	GOVERNMENT NATIONAL MORTGAGE A	0.04471096	5.125	53662	334412	14951.88	8785.36	14951.88	15288.17	100	102.2491605	336.29	7/31/2026	Model2501	100	LMMSOFRFLAT	RFRSwap	5.258109	5.969204	0.919648647	-0.7992113	0.009442607	 1 	0.1971	0.1054	0.186	0.187	0.1819	0.0392	-0.0497	3.9504	17.3259	64.0971	49.37655	0.04471096	25.6542	5.724	116	201203.7031	NA	NA	0.5259	0.00549769	1.86799582	0.6059	0.006299576	1.29321763	0.5491	0.005675578	0.67642181	1.9895	0.020137584	-1.45755123	2.982	0.029431948	-3.97597196	3.7401	0.035687376	-7.25762094
HTM	613969	36179SSP3	Agency MBS 30yr	A-3-Q	GOVERNMENT NATIONAL MORTGAGE A	0.14105961	3	53662	175000000	24685431.75	2877925.98	24864185.5	21693267.89	100.7241	87.8788271	-3170917.61	7/31/2026	Model2501	100	LMMSOFRFLAT	RFRSwap	5.28067	2.870402	5.714063168	0.05779979	0.050357368	 12,431 	0.083	0.1316	0.3422	1.2342	2.7084	1.1981	0.027	7.0555	6.9946	77.8498	56.30263	0.14105961	16.3194	3.371	116	152910.3438	NA	NA	4.024	0.041356731	14.64585612	4.9743	0.048841733	10.05908777	5.4295	0.050593935	5.05516284	5.982	0.049723484	-5.00646734	6.163	0.048200607	-9.91907533	6.1434	0.045176111	-14.59308926
AFS	613925	36179ST23	Agency MBS 15yr	A-3-Q	GOVERNMENT NATIONAL MORTGAGE A	0.10220263	2.5	48214	736475	75269.68	29612.69	75624.89	71941.46	100.4719	95.5782646	-3683.44	7/31/2026	Model2501	100	LMMSOFRFLAT	RFRSwap	4.835622	2.199781	1.899339795	0.02346457	0.018193129	 14 	0.2869	0.418	0.7357	0.4448	0.0065	0.0072	0.0011	2.0183	13.6719	65.0619	51.98051	0.10220263	13.6858	2.889	115	62318.8711	NA	NA	1.8792	0.019055283	5.61461054	1.9055	0.018958973	3.70806396	1.8968	0.018516382	1.83362257	1.9212	0.018054547	-1.81141369	1.9329	0.017817052	-3.60806878	1.9153	0.01731823	-5.36545471
AFS	613296	36179ST31	Agency MBS 15yr	A-3-Q	GOVERNMENT NATIONAL MORTGAGE A	0.081003	3	48214	356081	28843.63	10683.8	29242.71	27832.01	101.3836	96.4927441	-1410.7	7/31/2026	Model2501	100	LMMSOFRFLAT	RFRSwap	4.785787	2.238744	1.926955581	0.03886802	0.018641898	 5 	0.2855	0.4145	0.7417	0.4766	0.0044	0.004	0.0007	2.0731	13.0859	60.5845	46.5833	0.081003	15.9625	3.406	115	48638.8672	NA	NA	1.9112	0.019595554	5.78484551	1.9445	0.019554609	3.82092347	1.9372	0.019106595	1.88618189	1.9355	0.018366694	-1.8489281	1.9502	0.018149877	-3.67604978	1.9417	0.017721917	-5.47093173
AFS	612665	36179SU88	Agency MBS ARM	A-3-Q	GOVERNMENT NATIONAL MORTGAGE A	0.03067794	5	53693	382936	11747.69	6464.93	11747.69	11882.59	100	101.1483173	134.9	7/31/2026	Model2501	100	LMMSOFRFLAT	RFRSwap	5.609371	5.948338	1.375322819	-0.9886042	0.013968464	 2 	0.4022	0.1943	0.1537	0.2413	0.2912	0.107	-0.0396	4.3138	15.5703	93.4538	79.41982	0.03067794	28.7615	5.654	114	225847.7344	NA	NA	0.5285	0.005491063	2.33285175	0.6587	0.006804049	1.73513898	0.753	0.007723808	1.0147686	2.4424	0.024339005	-1.91454501	3.3137	0.032079902	-4.7557708	4.0309	0.03760957	-8.26248918
PUB_HTM	613512	36179SWK9	Agency MBS Other	A-3-Q	GOVERNMENT NATIONAL MORTGAGE A	0.07483035	3	53724	14000000	1047624.9	102807.03	1034162.88	902091.68	98.715	86.1082705	-132071.2	7/31/2026	Model2501	100	LMMSOFRFLAT	RFRSwap	5.593564	3.206886	5.886053085	0.01412288	0.050830938	 533 	0.0719	0.1217	0.3384	1.2604	2.8125	1.2575	0.0372	7.2202	6.5308	106.6282	87.92861	0.07483035	22.0642	3.37	117	417594.9062	NA	NA	3.8339	0.038644791	14.43924955	4.9547	0.047754526	10.02403467	5.5199	0.050469413	5.0735849	6.1834	0.050268091	-5.06366768	6.3166	0.048227962	-10.00660428	6.2299	0.044669546	-14.65676725
HTM	613906	36179SWW3	Agency MBS 30yr	A-3-Q	GOVERNMENT NATIONAL MORTGAGE A	0.15649234	3	53724	50000000	7824617	894746.42	7938539.87	6872410.88	101.456	87.830636	-1066128.99	7/31/2026	Model2501	100	LMMSOFRFLAT	RFRSwap	5.290303	2.749193	5.701381207	0.05996722	0.050218131	 3,929 	0.0842	0.132	0.3417	1.2292	2.7003	1.1978	0.0262	7.057	7.0007	78.8615	57.12217	0.15649234	15.7154	3.424	115	146213.7656	NA	NA	4.0344	0.041439228	14.63415366	4.977	0.048836816	10.04385626	5.4243	0.050513562	5.04394792	5.9728	0.049625888	-4.99385066	6.1627	0.048180297	-9.90075767	6.1463	0.045179289	-14.57434559
AFS	613002	36179SXA0	Agency MBS ARM	A-3-Q	GOVERNMENT NATIONAL MORTGAGE A	0.05213828	5	53724	410640	21410.06	3926.47	21410.06	21656.41	100	101.1506073	246.34	7/31/2026	Model2501	100	LMMSOFRFLAT	RFRSwap	5.468713	5.86115	1.257410884	-0.8910881	0.01277118	 3 	0.407	0.2228	0.1966	0.2083	0.1945	0.036	-0.0381	3.7058	18.5318	84.716	75.28842	0.05213828	24.8801	5.667	113	276609.625	NA	NA	0.9764	0.010160204	2.49173786	0.7131	0.007358734	1.62943103	0.6963	0.007136717	0.93309922	2.253	0.022487974	-1.75457272	3.1192	0.030304862	-4.41102484	3.8515	0.036132436	-7.7528735
AFS	614612	36179SXW2	Agency MBS 15yr	A-3-Q	GOVERNMENT NATIONAL MORTGAGE A	0.09830938	2.5	48274	696800	68501.98	23715.28	68644.22	65383.41	100.2077	95.4474756	-3260.82	7/31/2026	Model2501	100	LMMSOFRFLAT	RFRSwap	4.826385	2.342502	1.966537476	0.02598833	0.018811073	 13 	0.2769	0.4091	0.7419	0.5233	0.0076	0.0075	0.0012	2.0929	13.1348	63.9347	50.31692	0.09830938	14.5421	2.919	113	66699.2734	NA	NA	1.9235	0.019514794	5.79797033	1.9685	0.019585012	3.83463674	1.9634	0.019153269	1.896473	1.9891	0.018654663	-1.87220087	2.0023	0.018406721	-3.72833434	1.9848	0.017885437	-5.54360103
AFS	613868	36179SXX0	Agency MBS 15yr	A-3-Q	GOVERNMENT NATIONAL MORTGAGE A	0.08910915	3	48274	726452	64733.52	22543.88	65477.72	62440.92	101.1496	96.4584078	-3036.8	7/31/2026	Model2501	100	LMMSOFRFLAT	RFRSwap	4.758496	2.372821	1.980204463	0.03636894	0.019150242	 12 	0.2765	0.4062	0.7404	0.5465	0.0059	0.0046	0.0008	2.1313	13.0371	57.6165	43.21563	0.08910915	15.6289	3.436	113	58547.3984	NA	NA	1.9254	0.019759912	5.91760283	1.9878	0.020003153	3.91968536	1.9875	0.019606149	1.93643357	1.9932	0.018897016	-1.90090229	2.0095	0.018673604	-3.78121486	2.0003	0.018218784	-5.62694403
AFS	613266	36179SXY8	Agency MBS 15yr	A-3-Q	GOVERNMENT NATIONAL MORTGAGE A	0.07787116	3.5	48274	307229	23924.28	8367.46	24403.04	23297.12	102.0011	97.3785623	-1105.92	7/31/2026	Model2501	100	LMMSOFRFLAT	RFRSwap	4.775935	2.447319	1.969932556	0.0475992	0.019240376	 5 	0.2794	0.4061	0.7375	0.5398	0.0042	0.0028	0.0005	2.1369	12.9883	59.6754	44.97172	0.07787116	17.0041	3.913	113	42624.6992	NA	NA	1.9097	0.019786999	5.94531403	1.977	0.020088684	3.94293067	1.9811	0.019735996	1.94877055	1.9714	0.018879741	-1.90400972	1.9869	0.018654961	-3.78087093	1.9874	0.018292256	-5.62925609
HTM	613045	36179SYR2	Agency MBS 30yr	A-3-Q	GOVERNMENT NATIONAL MORTGAGE A	0.14919205	3	53752	260000000	38789933	4492278.29	39045747.39	34075575.37	100.6595	87.8464404	-4970172.02	7/31/2026	Model2501	100	LMMSOFRFLAT	RFRSwap	5.277444	2.881803	5.717879295	0.06395523	0.050372481	 19,539 	0.085	0.1325	0.3413	1.2255	2.7083	1.2091	0.0256	7.0837	6.9397	77.7423	55.64647	0.14919205	16.3134	3.474	115	142459.3594	NA	NA	4.0681	0.041821267	14.70628483	5.0019	0.049109098	10.08535387	5.444	0.050715003	5.06173039	5.9901	0.049770735	-5.00866096	6.1861	0.048353482	-9.93117718	6.1683	0.045322042	-14.62123035
AFS	613054	36179SZU4	Agency MBS 15yr	A-3-Q	GOVERNMENT NATIONAL MORTGAGE A	0.10985852	2.5	48305	224917	24709.05	7673.61	24894.34	23568.08	100.7499	95.3823793	-1326.27	7/31/2026	Model2501	100	LMMSOFRFLAT	RFRSwap	4.839866	2.076437	1.986212969	0.02530371	0.018986352	 5 	0.2739	0.405	0.7367	0.5535	0.0088	0.008	0.0013	2.1139	13.2812	65.1321	51.39857	0.10985852	13.6769	2.932	113	70550.25	NA	NA	1.9465	0.01974586	5.85130787	1.9866	0.019758867	3.86877564	1.9816	0.019321838	1.91366221	2.0107	0.018840637	-1.89026416	2.0255	0.018599125	-3.76535162	2.0087	0.01807625	-5.59974825
AFS	613336	36179SZV2	Agency MBS 15yr	A-3-Q	GOVERNMENT NATIONAL MORTGAGE A	0.07921793	3	48305	1387170	109888.74	39814.6	111690.81	105996.5	101.6399	96.4580211	-5694.3	7/31/2026	Model2501	100	LMMSOFRFLAT	RFRSwap	4.752592	2.137372	1.986973286	0.03680317	0.019215625	 21 	0.2755	0.4051	0.7429	0.5526	0.006	0.0046	0.0008	2.1388	12.8418	57.042	42.5615	0.07921793	16.9497	3.453	112	56928.7461	NA	NA	1.9243	0.01975126	5.9323176	1.9922	0.020049026	3.93209367	1.994	0.019671168	1.94309544	1.9998	0.01895782	-1.90723746	2.0165	0.018735828	-3.79358818	2.0078	0.018283507	-5.64577921
AFS	613030	36179SZW0	Agency MBS 15yr	A-3-Q	GOVERNMENT NATIONAL MORTGAGE A	0.0862419	3.5	48305	418061	36054.37	13157.47	36921.73	35041.03	102.4057	97.1893859	-1880.71	7/31/2026	Model2501	100	LMMSOFRFLAT	RFRSwap	4.854825	2.27116	1.999256968	0.04841962	0.019488968	 7 	0.2753	0.402	0.7375	0.5755	0.0059	0.003	0.0005	2.1714	12.8418	67.2913	52.51731	0.0862419	16.3535	3.937	112	46174.6836	NA	NA	1.9311	0.01998708	6.01751898	2.0035	0.020330597	3.99328111	2.0099	0.019989941	1.97398002	2.0016	0.019125322	-1.92868568	2.0174	0.018893536	-3.82989986	2.0171	0.018513028	-5.70129268
AFS	613714	36179T3C7	Agency MBS Other	A-3-Q	GOVERNMENT NATIONAL MORTGAGE A	0.12531139	3.5	48761	1090599	136664.48	18348.49	136664.48	130732.91	100	95.6597561	-5931.58	7/31/2026	Model2501	100	LMMSOFRFLAT	RFRSwap	5.096423	3.458021	2.700656652	0.05167698	0.025913185	 35 	0.1978	0.3144	0.7118	1.3058	0.1646	0.0064	0.0011	2.9896	7.959	88.2057	69.65495	0.12531139	16.38	4.125	99	323936.8438	NA	NA	2.0537	0.021252984	7.53528134	2.484	0.025124416	5.19296724	2.6534	0.026152078	2.60898402	2.7083	0.02529287	-2.56252699	2.6913	0.024463542	-5.05232203	2.6521	0.02347138	-7.44975514
AFS	613483	36179T3H6	Agency MBS 15yr	A-3-Q	GOVERNMENT NATIONAL MORTGAGE A	0.08038591	3.5	48761	127327	10235.3	2890.95	10380.33	9897.68	101.417	96.7014124	-482.66	7/31/2026	Model2501	100	LMMSOFRFLAT	RFRSwap	4.86305	2.864682	2.370420456	0.04593026	0.022991437	 2 	0.2343	0.3415	0.6948	1.0105	0.0838	0.0055	0.0011	2.6004	11.8896	66.232	48.94264	0.08038591	21.0859	3.996	97	70585.1797	NA	NA	2.0536	0.021336008	6.90007177	2.2803	0.023179954	4.65931483	2.3543	0.023381222	2.32056509	2.3931	0.022665488	-2.28099768	2.4255	0.022425082	-4.53665971	2.4301	0.021928253	-6.75602265
AFS	613132	36179T3J2	Agency MBS 15yr	A-3-Q	GOVERNMENT NATIONAL MORTGAGE A	0.08416425	4	48761	59195	4982.1	1523.35	5091.01	4902.83	102.186	98.4087718	-188.19	7/31/2026	Model2501	100	LMMSOFRFLAT	RFRSwap	4.623826	3.040317	2.34884119	0.04787303	0.023192953	 1 	0.2401	0.3436	0.6858	0.993	0.0848	0.0018	0.0004	2.6008	12.5	43.0277	25.01048	0.08416425	20.7827	4.454	97	62470.1719	NA	NA	1.9967	0.021092085	6.89180292	2.2253	0.02301473	4.67968716	2.3273	0.023525115	2.33918852	2.358	0.022742379	-2.29567484	2.3851	0.02246448	-4.55522043	2.4044	0.022109834	-6.78536769
AFS	612646	36179T5A9	Agency MBS ARM	A-3-Q	GOVERNMENT NATIONAL MORTGAGE A	0.03549509	5.375	54240	2279162	80899.06	19628.9	80899.06	82105.22	100	101.4909411	1206.15	7/31/2026	Model2501	100	LMMSOFRFLAT	RFRSwap	5.558876	6.022668	0.3622365	-0.1766787	0.003692598	 3 	-0.2576	0.0856	0.1445	0.1806	0.1068	0.0462	-0.0387	4.0886	16.8754	101.4274	75.70189	0.03549509	32.6232	5.876	96	209388.6406	NA	NA	0.7496	0.007798153	2.0922709	0.9498	0.009798969	1.22718093	0.4525	0.00462745	0.32456894	1.4149	0.014326845	-0.68028549	2.3529	0.023365345	-2.63581138	3.1541	0.030463869	-5.35292027
AFS	613595	36179T5B7	Agency MBS ARM	A-3-Q	GOVERNMENT NATIONAL MORTGAGE A	0.07393548	5.375	54240	250381	18512.04	455.66	18512.04	18670.44	100	100.8556442	158.4	7/31/2026	Model2501	100	LMMSOFRFLAT	RFRSwap	5.579761	5.925432	0.271421731	-0.04932376	0.002749599	 1 	-0.1967	0.078	0.1304	0.1603	0.0457	0.0053	-0.0266	3.0577	23.0143	111.4808	86.77172	0.07393548	26.2489	5.756	96	279778.3438	NA	NA	0.8672	0.008965039	2.07990707	0.972	0.00995779	1.13821346	0.4144	0.004209524	0.27244124	1.1096	0.011183626	-0.51025545	1.7509	0.017388437	-1.99221148	2.2706	0.022098409	-3.97801634
AFS	612766	36179TB46	Agency MBS 15yr	A-3-Q	GOVERNMENT NATIONAL MORTGAGE A	0.08380977	3	48396	258880	21696.67	7345.46	22001.15	20881.87	101.4033	96.2445785	-1119.27	7/31/2026	Model2501	100	LMMSOFRFLAT	RFRSwap	4.801292	2.278466	2.058287859	0.0381777	0.019861363	 4 	0.2653	0.3893	0.7326	0.6528	0.0128	0.0053	0.0009	2.2207	12.8418	61.4532	46.50229	0.08380977	17.2136	3.447	109	53796.3594	NA	NA	1.9956	0.020481007	6.13522985	2.0616	0.020731522	4.06504288	2.0645	0.020335931	2.00856855	2.0744	0.019608218	-1.97177311	2.096	0.019402929	-3.92407492	2.0907	0.018952273	-5.8431057
AFS	613592	36179TB53	Agency MBS 15yr	A-3-Q	GOVERNMENT NATIONAL MORTGAGE A	0.08909963	3.5	48396	685495	61077.35	20439.98	62452.3	59266.97	102.2512	97.0359163	-3185.33	7/31/2026	Model2501	100	LMMSOFRFLAT	RFRSwap	4.862404	2.404959	2.107613325	0.0513988	0.02051289	 13 	0.2622	0.3854	0.7308	0.7079	0.0177	0.0034	0.0006	2.2966	12.5	67.5634	51.98021	0.08909963	16.8179	3.917	109	45338.8047	NA	NA	2.0227	0.020966312	6.32953474	2.1063	0.021385318	4.20314703	2.1168	0.021042446	2.07787199	2.1121	0.020127421	-2.02987585	2.1311	0.019882292	-4.03063877	2.1324	0.019474328	-5.99967269
AFS	614306	36179TD51	Agency MBS 15yr	A-3-Q	GOVERNMENT NATIONAL MORTGAGE A	0.08735195	3	48427	949940	82979.11	29614.13	84402.89	79758.04	101.7158	96.1182121	-4644.85	7/31/2026	Model2501	100	LMMSOFRFLAT	RFRSwap	4.817272	2.155845	2.115078211	0.03800611	0.020382632	 17 	0.2585	0.3822	0.7304	0.7179	0.0201	0.0058	0.001	2.2842	12.6465	62.7475	47.4838	0.08735195	17.0902	3.451	108	55942.1914	NA	NA	2.0454	0.020998079	6.29395306	2.1154	0.021267511	4.17072323	2.1197	0.020864267	2.06090974	2.134	0.020133013	-2.02405823	2.1581	0.01992747	-4.02901743	2.1529	0.019455073	-5.99953523
AFS	614065	36179TD69	Agency MBS 15yr	A-3-Q	GOVERNMENT NATIONAL MORTGAGE A	0.09583316	3.5	48427	1216972	116626.27	40053.24	119508.1	113169.11	102.471	97.0356935	-6338.99	7/31/2026	Model2501	100	LMMSOFRFLAT	RFRSwap	4.859829	2.308503	2.111064911	0.05233064	0.020546438	 24 	0.2609	0.3836	0.7321	0.7135	0.0176	0.0033	0.0006	2.3015	12.4023	67.2985	51.66582	0.09583316	16.3984	3.926	108	47117.0664	NA	NA	2.0149	0.020887153	6.33511506	2.1083	0.021407237	4.21029258	2.1207	0.021081969	2.0816146	2.1153	0.020157868	-2.03297035	2.1348	0.019915426	-4.03700018	2.1362	0.01950746	-6.00927998
AFS	614680	36179TDB8	Agency MBS ARM	A-3-Q	GOVERNMENT NATIONAL MORTGAGE A	0.05691428	5.375	53874	1810521	103044.5	25032.05	103044.5	104581.73	100	101.4918148	1537.23	7/31/2026	Model2501	100	LMMSOFRFLAT	RFRSwap	5.564221	6.019516	0.589743972	-0.4255297	0.006011834	 6 	-0.2564	0.0745	0.1314	0.2063	0.2711	0.1102	-0.0362	4.1803	16.2394	92.7094	76.88981	0.05691428	25.2831	5.928	108	199006.0312	NA	NA	0.5145	0.005347544	1.99045012	0.8387	0.008660288	1.32278458	0.4937	0.005054987	0.45681856	1.9171	0.019341215	-1.04937403	3.0442	0.029934395	-3.60787331	3.8965	0.036994912	-6.99688852
AFS	613430	36179TDD4	Agency MBS ARM	A-3-Q	GOVERNMENT NATIONAL MORTGAGE A	0.04533807	5.375	53874	2055208	93179.16	13402.22	93179.16	94569.92	100	101.4925568	1390.75	7/31/2026	Model2501	100	LMMSOFRFLAT	RFRSwap	5.500523	5.999193	0.420090258	-0.1644024	0.00428242	 4 	-0.2236	0.0929	0.1348	0.1588	0.1496	0.0585	-0.0364	3.7673	18.3499	93.72	72.3678	0.04533807	27.286	5.87	108	211972.75	NA	NA	0.6376	0.0066277	1.9990562	0.8905	0.009187268	1.22749113	0.4517	0.004620621	0.36196509	1.5251	0.015429351	-0.77114101	2.4865	0.024642313	-2.83519444	3.2343	0.031146072	-5.64154593
AFS	613280	36179TF75	Agency MBS 15yr	A-3-Q	GOVERNMENT NATIONAL MORTGAGE A	0.08598874	3	48458	1005836	86490.57	30174.38	88078.79	82808.67	101.8363	95.7429987	-5270.13	7/31/2026	Model2501	100	LMMSOFRFLAT	RFRSwap	4.974477	2.115516	2.146094561	0.040486	0.020601004	 18 	0.2547	0.3775	0.7288	0.7537	0.025	0.0062	0.0011	2.3218	12.4268	77.9732	62.79462	0.08598874	17.5089	3.474	107	52643.5469	NA	NA	2.087	0.021364003	6.37371003	2.1498	0.021543652	4.21919654	2.1518	0.021104634	2.08383111	2.1654	0.020343304	-2.04534671	2.191	0.020140436	-4.0713719	2.1864	0.019662047	-6.06305475
AFS	614403	36179TF83	Agency MBS 15yr	A-3-Q	GOVERNMENT NATIONAL MORTGAGE A	0.09046228	3.5	48458	296430	26815.73	9242.14	27494.93	26010.38	102.5328	96.9967078	-1484.55	7/31/2026	Model2501	100	LMMSOFRFLAT	RFRSwap	4.863801	2.294773	2.135445356	0.05204645	0.020775402	 6 	0.258	0.379	0.7282	0.7446	0.0219	0.0035	0.0007	2.3295	12.4023	67.5623	51.76137	0.09046228	17.1243	3.957	107	50202.7383	NA	NA	2.0167	0.020907942	6.38728553	2.1245	0.021572007	4.2525265	2.1429	0.021298556	2.10413687	2.1413	0.020392179	-2.05608939	2.1629	0.020159036	-4.08401042	2.1661	0.019756433	-6.08096603
AFS	614134	36179TFD2	Agency MBS ARM	A-3-Q	GOVERNMENT NATIONAL MORTGAGE A	0.06201363	5.375	53905	1156466	71716.65	18567.54	71716.65	72789.14	100	101.4954468	1072.48	7/31/2026	Model2501	100	LMMSOFRFLAT	RFRSwap	5.533232	6.004558	0.570926309	-0.4078723	0.005820215	 4 	-0.2443	0.093	0.1427	0.194	0.2462	0.0939	-0.0374	4.0426	16.8425	90.4047	75.74416	0.06201363	24.7845	5.914	107	216501.7969	NA	NA	0.4531	0.004704043	1.87887832	0.7879	0.008132849	1.27266753	0.477	0.00488409	0.44249182	1.8701	0.018874103	-1.01885279	2.992	0.029446509	-3.52694109	3.8459	0.036564704	-6.86877929
AFS	614644	36179TFE0	Agency MBS ARM	A-3-Q	GOVERNMENT NATIONAL MORTGAGE A	0.03592016	5.375	53905	982566	35293.93	14156.36	35293.93	35821.24	100	101.4940663	527.31	7/31/2026	Model2501	100	LMMSOFRFLAT	RFRSwap	5.524121	6.001946	0.443096071	-0.1795554	0.004517009	 2 	-0.2409	0.1121	0.1432	0.1643	0.1586	0.0527	-0.0396	3.9742	17.0039	95.4733	75.23787	0.03592016	29.4035	5.849	107	259322.0156	NA	NA	0.5104	0.005297284	1.85014291	0.8099	0.008353819	1.20202699	0.4455	0.004558571	0.37190604	1.6093	0.016274689	-0.81395861	2.6945	0.026654657	-3.0192753	3.5551	0.034081478	-6.07557262
AFS	614424	36179TH32	Agency MBS 15yr	A-3-Q	GOVERNMENT NATIONAL MORTGAGE A	0.09696808	3.5	48488	699656	67844.3	23410.51	69438.61	65755.79	102.35	96.9216091	-3682.83	7/31/2026	Model2501	100	LMMSOFRFLAT	RFRSwap	4.87073	2.400522	2.182671547	0.05294983	0.021218466	 14 	0.2534	0.3719	0.7215	0.8003	0.0317	0.0038	0.0007	2.3842	12.4023	68.0446	51.8941	0.09696808	16.8085	3.92	106	50922.0586	NA	NA	2.0659	0.021431802	6.52863235	2.1711	0.022049276	4.34394152	2.1895	0.021754973	2.14902985	2.1897	0.020826658	-2.09998338	2.212	0.020580819	-4.17074026	2.2154	0.020161385	-6.20907772
AFS	614313	36179THG3	Agency MBS ARM	A-3-Q	GOVERNMENT NATIONAL MORTGAGE A	0.02464732	5.375	53936	917953	22625.08	16329.78	22625.08	22963.45	100	101.4955316	338.36	7/31/2026	Model2501	100	LMMSOFRFLAT	RFRSwap	5.580745	6.028367	0.622623801	-0.4082625	0.006347242	 1 	-0.2629	0.0601	0.1152	0.2206	0.2953	0.1351	-0.0322	4.2808	16.0328	95.3128	77.2476	0.02464732	32.4468	5.918	107	193098.1562	NA	NA	0.7435	0.007756499	2.37694342	1.0033	0.010377265	1.48656096	0.5621	0.00575831	0.50534404	1.9211	0.019378144	-1.07145709	2.9794	0.029301027	-3.59929248	3.7869	0.035990361	-6.9040086
AFS	613764	36179THH1	Agency MBS ARM	A-3-Q	GOVERNMENT NATIONAL MORTGAGE A	0.03220688	5.375	53936	838247	26997.32	5178.72	26997.32	27401.36	100	101.496582	404.03	7/31/2026	Model2501	100	LMMSOFRFLAT	RFRSwap	5.642035	6.05973	0.510850132	-0.210112	0.005207836	 1 	-0.2936	0.0615	0.1083	0.1939	0.2377	0.1294	-0.0387	4.6726	14.1407	104.1858	79.95909	0.03220688	30.5129	5.876	106	171937.7969	NA	NA	0.7914	0.00825266	2.32974885	1.0189	0.010531086	1.4133302	0.5192	0.00531536	0.43305334	1.7963	0.018146284	-0.92439828	2.9193	0.028783703	-3.3450381	3.7688	0.035935145	-6.59643492
AFS	614455	36179THZ1	Agency MBS 15yr	A-3-Q	GOVERNMENT NATIONAL MORTGAGE A	0.11276372	2.5	48488	255138	28770.31	10627.5	28897.84	27334.2	100.4433	95.0083571	-1563.65	7/31/2026	Model2501	100	LMMSOFRFLAT	RFRSwap	4.870765	2.246835	2.136236191	0.02343934	0.020340534	 6 	0.2536	0.3791	0.7324	0.7365	0.0243	0.0101	0.0017	2.2758	12.6953	67.3397	52.7787	0.11276372	14.9152	2.946	106	73782.5391	NA	NA	2.0586	0.020886891	6.24478513	2.1216	0.021078717	4.13707437	2.1244	0.020663371	2.04828077	2.1687	0.020210017	-2.02672264	2.1853	0.019925077	-4.03718489	2.1661	0.019325482	-6.00020571
AFS	614545	36179TKB0	Agency MBS ARM	A-3-Q	GOVERNMENT NATIONAL MORTGAGE A	0.06374454	5.125	53966	1721633	109744.7	27914.06	109744.7	111210.66	100	101.3357921	1465.96	7/31/2026	Model2501	100	LMMSOFRFLAT	RFRSwap	5.562373	5.979092	0.986741602	-0.8608329	0.010041366	 11 	0.1882	0.0611	0.1381	0.2196	0.2441	0.0959	-0.0375	4.0997	16.7458	91.7055	76.84768	0.06374454	25.0027	5.648	105	206718.6875	NA	NA	0.5677	0.005890077	1.99168031	0.6652	0.006860176	1.37424374	0.587	0.006015266	0.71744381	2.1392	0.021436319	-1.55365674	3.1663	0.030886302	-4.21571439	3.9264	0.036957949	-7.63490424
AFS	613368	36179TKC8	Agency MBS ARM	A-3-Q	GOVERNMENT NATIONAL MORTGAGE A	0.05133437	5.125	53966	1844501	94686.3	30562.68	94686.3	95950.93	100	101.3356017	1264.63	7/31/2026	Model2501	100	LMMSOFRFLAT	RFRSwap	5.585389	5.991456	0.892447948	-0.7484335	0.009081789	 9 	0.1808	0.0782	0.1322	0.1973	0.1721	0.0671	-0.0408	4.208	16.015	99.248	78.01347	0.05133437	26.9815	5.639	105	237870.3125	NA	NA	0.619	0.00642784	2.08089882	0.7523	0.007758651	1.36944148	0.5864	0.006006756	0.66807372	1.942	0.019491326	-1.39350619	2.958	0.02896616	-3.83824843	3.7536	0.035539363	-7.08306592
AFS	614526	36179TKV6	Agency MBS 15yr	A-3-Q	GOVERNMENT NATIONAL MORTGAGE A	0.09570079	3	48519	1585952	151776.86	50352.87	153707.54	145236.39	101.2721	95.6907342	-8471.16	7/31/2026	Model2501	100	LMMSOFRFLAT	RFRSwap	4.972326	2.377122	2.178575993	0.03858191	0.020901417	 32 	0.2504	0.3718	0.7277	0.7918	0.03	0.0066	0.0012	2.3574	12.2559	77.5774	62.23096	0.09570079	17.0211	3.445	105	59235.3828	NA	NA	2.0913	0.021412004	6.44721203	2.1741	0.021788001	4.27566176	2.1816	0.021391526	2.11308323	2.1998	0.020648742	-2.07577254	2.2248	0.020425776	-4.13172888	2.2184	0.019918943	-6.15029594
AFS	613699	36179TKW4	Agency MBS 15yr	A-3-Q	GOVERNMENT NATIONAL MORTGAGE A	0.09843944	3.5	48519	1167888	114966.24	36966.63	117357.88	111426.11	102.0803	96.9207239	-5931.76	7/31/2026	Model2501	100	LMMSOFRFLAT	RFRSwap	4.876365	2.51425	2.17398572	0.05269232	0.021133836	 24 	0.255	0.3696	0.7157	0.7979	0.0318	0.0038	0.0007	2.375	12.5977	68.6214	52.49012	0.09843944	16.9198	3.953	105	50637.6328	NA	NA	2.0623	0.021388737	6.50203575	2.1621	0.021953164	4.32573432	2.1804	0.021662656	2.14023048	2.1809	0.020744698	-2.09165624	2.2036	0.020506026	-4.1544165	2.2082	0.020100232	-6.18598371
AFS	614441	36179TKX2	Agency MBS 15yr	A-3-Q	GOVERNMENT NATIONAL MORTGAGE A	0.11828985	4	48519	283613	33548.54	16186.1	34201.92	32834.98	101.9476	97.8730558	-1366.93	7/31/2026	Model2501	100	LMMSOFRFLAT	RFRSwap	4.870933	3.121413	2.302152634	0.05461406	0.02260861	 8 	0.24	0.3612	0.7235	0.9216	0.0542	0.0019	0.0003	2.547	11.4258	67.8289	50.58768	0.11828985	14.8896	4.262	105	86741.5938	NA	NA	2.0453	0.021477673	6.80569437	2.2163	0.02278232	4.58773285	2.2935	0.023047604	2.2856824	2.3027	0.022099413	-2.23453357	2.3111	0.021674506	-4.42339439	2.3058	0.021131141	-6.56469616
AFS	613860	36179TL45	Agency MBS ARM	A-3-Q	GOVERNMENT NATIONAL MORTGAGE A	0.05820695	5.125	53997	2275966	132477.04	50258.34	132477.04	134251.19	100	101.3392173	1774.15	7/31/2026	Model2501	100	LMMSOFRFLAT	RFRSwap	5.470569	5.936457	0.909806848	-0.765349	0.009258768	 12 	0.2088	0.0879	0.1464	0.1906	0.1852	0.0591	-0.0353	3.6273	19.2268	85.7074	72.09356	0.05820695	26.0177	5.72	104	243386.6719	NA	NA	0.5496	0.005697483	1.90400775	0.6425	0.006622456	1.30328727	0.5588	0.005724436	0.67123168	1.9492	0.019559955	-1.4180537	2.9125	0.028514966	-3.86165974	3.6308	0.034396119	-7.03262131
AFS	614083	36179TL52	Agency MBS ARM	A-3-Q	GOVERNMENT NATIONAL MORTGAGE A	0.05940652	5.125	53997	668802	39731.2	8029.12	39731.2	40262.72	100	101.3377813	531.52	7/31/2026	Model2501	100	LMMSOFRFLAT	RFRSwap	5.512198	5.962159	0.840762496	-0.6568221	0.008556008	 3 	0.2044	0.0927	0.1282	0.177	0.1335	0.0529	-0.0373	3.7582	18.4625	94.1953	73.05197	0.05940652	26.001	5.652	104	228107.6875	NA	NA	0.6715	0.006974955	2.10574298	0.7691	0.007931218	1.35399031	0.5831	0.005972126	0.64734551	1.7605	0.017689973	-1.28162303	2.6424	0.025969796	-3.48427058	3.3182	0.031649273	-6.38271352
AFS	614496	36179TMT9	Agency MBS 15yr	A-3-Q	GOVERNMENT NATIONAL MORTGAGE A	0.11400343	2.5	48549	42036	4792.25	1416.89	4793.29	4544.98	100.0218	94.8403422	-248.31	7/31/2026	Model2501	100	LMMSOFRFLAT	RFRSwap	4.89733	2.443337	2.190178156	0.02363274	0.020817352	 1 	0.2476	0.3701	0.7262	0.8008	0.0342	0.011	0.0019	2.3346	12.5977	69.6711	54.83401	0.11400343	15.3167	2.937	105	73835.7969	NA	NA	2.1143	0.02144791	6.39291851	2.1731	0.02157452	4.23317244	2.1763	0.021141138	2.09597244	2.2247	0.020683637	-2.07436129	2.2412	0.020376276	-4.1312649	2.221	0.019747162	-6.1378162
AFS	614003	36179TMU6	Agency MBS 15yr	A-3-Q	GOVERNMENT NATIONAL MORTGAGE A	0.10139019	3	48549	1492405	151315.23	45088.24	153089.06	144713.33	101.1723	95.6369882	-8375.73	7/31/2026	Model2501	100	LMMSOFRFLAT	RFRSwap	4.979795	2.42706	2.200594187	0.03744489	0.021100836	 32 	0.248	0.3676	0.7229	0.8195	0.0354	0.0071	0.0013	2.3816	12.3047	78.1663	62.69936	0.10139019	16.6552	3.462	104	62147.6367	NA	NA	2.0975	0.021475032	6.49584303	2.19	0.021943565	4.31272346	2.2016	0.021580309	2.13251653	2.2245	0.020863568	-2.09644718	2.2518	0.020651653	-4.17456131	2.2464	0.020143742	-6.21572097
AFS	613363	36179TMV4	Agency MBS 15yr	A-3-Q	GOVERNMENT NATIONAL MORTGAGE A	0.10710102	3.5	48549	949009	101639.83	32001.68	103749.33	98473.37	102.0755	96.8846275	-5275.96	7/31/2026	Model2501	100	LMMSOFRFLAT	RFRSwap	4.872087	2.5321	2.209156275	0.05271462	0.021467762	 22 	0.2503	0.3653	0.7166	0.835	0.0378	0.004	0.0008	2.4154	12.3047	68.0438	51.69271	0.10710102	16.2903	3.931	104	55581.8867	NA	NA	2.0698	0.021476751	6.58853732	2.1901	0.022244144	4.39111573	2.214	0.021995723	2.17368833	2.218	0.021082327	-2.12525788	2.2409	0.020830667	-4.22142748	2.244	0.020396344	-6.28401092
AFS	613986	36179TN43	Agency MBS ARM	A-3-Q	GOVERNMENT NATIONAL MORTGAGE A	0.05430681	5.125	54027	928130	50403.78	9874.17	50403.78	51077.15	100	101.3359572	673.37	7/31/2026	Model2501	100	LMMSOFRFLAT	RFRSwap	5.622941	6.014715	0.929266036	-0.7446278	0.009456494	 5 	0.1828	0.0735	0.115	0.2016	0.1872	0.0992	-0.0382	4.3894	15.3046	102.4277	78.86392	0.05430681	26.9907	5.566	104	218280.25	NA	NA	0.7472	0.007779823	2.36326019	0.876	0.009045885	1.50154356	0.6418	0.006576782	0.7112354	1.9767	0.019833308	-1.4288512	2.9794	0.029156337	-3.90180198	3.7512	0.035489637	-7.15383376
AFS	614568	36179TPU3	Agency MBS 15yr	A-3-Q	GOVERNMENT NATIONAL MORTGAGE A	0.08823299	3	48580	768515	67808.38	22065.6	68357.88	64856.74	100.8104	95.6470938	-3501.14	7/31/2026	Model2501	100	LMMSOFRFLAT	RFRSwap	4.966635	2.588482	2.211080074	0.0364536	0.021203617	 14 	0.2474	0.3663	0.7248	0.8292	0.0362	0.0071	0.0013	2.3922	12.1094	76.8457	61.33395	0.08823299	18.3371	3.453	103	64657	NA	NA	2.1006	0.021514596	6.52191342	2.1982	0.022032563	4.33169598	2.2107	0.021673677	2.14223439	2.235	0.020961717	-2.10667968	2.2604	0.020728268	-4.19366308	2.2525	0.020194808	-6.24123397
AFS	613648	36179TPV1	Agency MBS 15yr	A-3-Q	GOVERNMENT NATIONAL MORTGAGE A	0.09156634	3.5	48580	664781	60871.56	19477.39	61951.88	58943.26	101.7747	96.832173	-3008.61	7/31/2026	Model2501	100	LMMSOFRFLAT	RFRSwap	4.876604	2.67495	2.243068218	0.05296727	0.021785539	 13 	0.2481	0.3584	0.7046	0.8774	0.05	0.0045	0.0009	2.4548	12.5977	68.2899	51.67437	0.09156634	18.1491	3.944	103	52010.2773	NA	NA	2.1062	0.021864561	6.68620032	2.2215	0.022565639	4.45457084	2.2462	0.022311598	2.20540431	2.2533	0.021398945	-2.15690091	2.2789	0.021157274	-4.28508661	2.2846	0.020731213	-6.38085969
AFS	614195	36179TQ24	Agency MBS ARM	A-3-Q	GOVERNMENT NATIONAL MORTGAGE A	0.0410265	5	54058	1681316	68978.51	31636.3	68978.51	69785.56	100	101.1700045	807.05	7/31/2026	Model2501	100	LMMSOFRFLAT	RFRSwap	5.499971	5.885895	1.158932686	-0.8389987	0.011773212	 8 	0.4089	0.2285	0.189	0.1958	0.1246	0.0257	-0.0406	3.8476	18.1168	90.8901	75.26041	0.0410265	29.6032	5.577	102	251634.4531	NA	NA	0.6486	0.006729969	2.1692404	0.6345	0.006542944	1.5284693	0.6605	0.006767342	0.86999101	2.0658	0.020651108	-1.6178087	2.9132	0.028405759	-4.0792296	3.6961	0.034864295	-7.2600489
AFS	613979	36179TQZ1	Agency MBS ARM	A-3-Q	GOVERNMENT NATIONAL MORTGAGE A	0.05527218	5	54058	135792	7505.52	1724.29	7505.52	7593.32	100	101.1697537	87.8	7/31/2026	Model2501	100	LMMSOFRFLAT	RFRSwap	5.578457	5.929613	1.390466928	-0.9922232	0.014125256	 1 	0.4044	0.1979	0.1585	0.2532	0.2765	0.1118	-0.0357	4.2977	16.153	91.7651	78.45032	0.05527218	26.955	5.565	102	211479.8438	NA	NA	0.6678	0.006955508	2.56431979	0.7619	0.007878381	1.82259737	0.7867	0.008073647	1.03718315	2.4657	0.024572009	-1.93213393	3.3775	0.032685999	-4.81207912	4.1514	0.038683936	-8.40267676
AFS	613521	36179TSS5	Agency MBS ARM	A-3-Q	GOVERNMENT NATIONAL MORTGAGE A	0.09071834	5	54089	216015	19596.52	3608.31	19596.52	19825.83	100	101.1701298	229.3	7/31/2026	Model2501	100	LMMSOFRFLAT	RFRSwap	5.45566	5.859776	1.221590638	-0.9193318	0.012409749	 2 	0.4051	0.2445	0.2032	0.1939	0.1658	0.0274	-0.0399	3.6531	18.9091	81.5939	73.73808	0.09071834	22.7827	5.583	102	262070.9844	NA	NA	0.4284	0.004430531	1.83193031	0.4506	0.004641301	1.42606844	0.6177	0.006329098	0.8773356	2.2509	0.02247655	-1.73264181	3.1874	0.030970484	-4.4204148	3.9919	0.037413877	-7.8621588
AFS	612392	36179TST3	Agency MBS ARM	A-3-Q	GOVERNMENT NATIONAL MORTGAGE A	0.03599031	5	54089	436251	15700.81	4037.6	15700.81	15884.52	100	101.1700498	183.71	7/31/2026	Model2501	100	LMMSOFRFLAT	RFRSwap	5.646689	5.976288	1.301484704	-0.9324294	0.013221355	 2 	0.4111	0.2146	0.1428	0.201	0.2273	0.1171	-0.0421	4.6424	14.4973	101.5223	80.11107	0.03599031	30.9457	5.491	101	219194.875	NA	NA	0.7101	0.007400924	2.63310096	0.8325	0.00860796	1.81476915	0.7835	0.00803702	0.99592648	2.2973	0.022922615	-1.80552428	3.2063	0.031122187	-4.52069421	4.0069	0.037509181	-7.97424647
AFS	613560	36179TSV8	Agency MBS ARM	A-3-Q	GOVERNMENT NATIONAL MORTGAGE A	0.03137366	5	54089	214738	6737.12	170.31	6737.12	6749.54	100	100.1843918	12.42	7/31/2026	Model2501	100	LMMSOFRFLAT	RFRSwap	5.800592	5.863095	1.134649634	-0.8193696	0.011414696	 1 	0.4274	0.1904	0.153	0.2132	0.12	0.032	-0.0282	3.7784	18.168	125.1252	105.078	0.03137366	32.1841	5.25	101	223946.375	NA	NA	0.9696	0.010009588	2.63506307	0.9007	0.009208098	1.63664203	0.6958	0.007059771	0.85681899	2.0268	0.020071074	-1.57507199	2.882	0.027848553	-3.97053882	3.7211	0.034785405	-7.12009753
AFS	613134	36179TVB8	Agency MBS 15yr	A-3-Q	GOVERNMENT NATIONAL MORTGAGE A	0.10468816	3	48670	55657	5826.63	1562.47	5843.58	5580.72	100.2908	95.7796304	-262.85	7/31/2026	Model2501	100	LMMSOFRFLAT	RFRSwap	4.850485	2.823976	2.278451204	0.03534949	0.021879883	 1 	0.2408	0.3544	0.7111	0.9093	0.0549	0.0079	0.0015	2.4659	12.2559	65.0664	48.89347	0.10468816	17.3378	3.453	101	71034.7344	NA	NA	2.1249	0.021827644	6.69363295	2.2472	0.022581462	4.4589447	2.2722	0.022321383	2.20869037	2.3077	0.021658543	-2.17522111	2.3384	0.02144205	-4.33295809	2.3329	0.020897383	-6.4515568
AFS	614323	36179TW35	Agency MBS 15yr	A-3-Q	GOVERNMENT NATIONAL MORTGAGE A	0.07301212	3.5	48700	335036	24461.69	8145.01	24748.9	23670.22	101.1741	96.7644534	-1078.68	7/31/2026	Model2501	100	LMMSOFRFLAT	RFRSwap	4.867048	2.950173	2.313287497	0.04977833	0.02245187	 5 	0.2403	0.3488	0.7002	0.9523	0.0665	0.0051	0.001	2.5346	12.1094	66.9616	49.97495	0.07301212	21.4767	3.979	99	60451.3633	NA	NA	2.0743	0.021543778	6.80513411	2.2547	0.022913566	4.56863793	2.3063	0.022907672	2.2693683	2.3306	0.022101419	-2.22534076	2.362	0.021879483	-4.42508658	2.3692	0.021432817	-6.59227385
AFS	614603	36179TW43	Agency MBS 15yr	A-3-Q	GOVERNMENT NATIONAL MORTGAGE A	0.06112888	4	48700	188388	11515.95	4402.9	11724.52	11334.96	101.8112	98.4283505	-389.57	7/31/2026	Model2501	100	LMMSOFRFLAT	RFRSwap	4.615615	3.192473	2.345916986	0.05363795	0.02316867	 3 	0.2394	0.3478	0.6968	0.983	0.0776	0.0015	0.0003	2.597	12.0605	42.4448	24.34278	0.06112888	23.2344	4.38	99	58142.8125	NA	NA	2.0042	0.021179674	6.91605313	2.2392	0.023164725	4.68861647	2.33	0.023556218	2.33967272	2.3496	0.022666939	-2.29069786	2.3695	0.022325637	-4.53955902	2.3832	0.021927027	-6.75330917
AFS	613457	36179TWG6	Agency MBS ARM	A-3-Q	GOVERNMENT NATIONAL MORTGAGE A	0.0382694	5.25	54149	2138135	81825.14	40252.27	81825.14	83076.54	100	101.5293541	1251.39	7/31/2026	Model2501	100	LMMSOFRFLAT	RFRSwap	5.475274	5.945654	1.322214603	-0.6987445	0.013482206	 11 	0.5362	0.184	0.2292	0.2015	0.1307	0.0441	-0.047	4.1445	16.4805	87.1274	69.94895	0.0382694	31.0086	5.765	99	239164.0781	NA	NA	0.4535	0.00472706	2.25672892	0.5514	0.005721777	1.79514094	0.8476	0.008733053	1.0655205	2.1448	0.021500252	-1.72271446	3.0401	0.0296907	-4.30223549	3.8286	0.03612572	-7.61048069
AFS	614223	36179TWJ0	Agency MBS ARM	A-3-Q	GOVERNMENT NATIONAL MORTGAGE A	0.04835692	5.25	54149	363691	17586.98	1834.94	17586.98	17855.89	100	101.5290338	268.91	7/31/2026	Model2501	100	LMMSOFRFLAT	RFRSwap	5.392121	5.916589	1.127672315	-0.5628227	0.011498484	 2 	0.5272	0.1795	0.222	0.1727	0.0524	-0.0056	-0.0479	3.6592	18.9272	84.4293	63.96042	0.04835692	29.14	5.75	99	258480.3906	NA	NA	0.5197	0.005410309	2.14468133	0.5676	0.005880229	1.63583962	0.775	0.007974567	0.93603488	1.7754	0.017845627	-1.44844334	2.4999	0.024595797	-3.58064074	3.1776	0.030385191	-6.34475599
AFS	614147	36179TX75	Agency MBS ARM	A-3-Q	GOVERNMENT NATIONAL MORTGAGE A	0.04256854	5.25	54179	698948	29753.2	8144.16	29753.2	30206.02	100	101.5219337	452.82	7/31/2026	Model2501	100	LMMSOFRFLAT	RFRSwap	5.567347	5.997993	1.424431562	-0.6865405	0.014523423	 4 	0.5515	0.1259	0.1797	0.2305	0.2145	0.1184	-0.0375	4.5364	15.4106	95.2095	72.27917	0.04256854	30.3892	5.71	98	171011.625	NA	NA	0.7204	0.007558294	2.95629208	0.8568	0.008920329	2.15021702	1.0064	0.010380591	1.18942506	2.2222	0.02225446	-1.81463665	3.0563	0.0298055	-4.43742516	3.7835	0.035652805	-7.72740198
AFS	613397	36179TX91	Agency MBS ARM	A-3-Q	GOVERNMENT NATIONAL MORTGAGE A	0.03379433	5.25	54179	417302	14102.44	811.41	14102.44	14317.09	100	101.5220829	214.65	7/31/2026	Model2501	100	LMMSOFRFLAT	RFRSwap	5.530682	5.980631	1.285590649	-0.6175139	0.013107828	 2 	0.5429	0.1601	0.2164	0.2183	0.1094	0.053	-0.0455	4.3367	15.8353	95.7459	70.88235	0.03379433	32.4435	5.717	98	210980.9375	NA	NA	0.622	0.006510165	2.69788513	0.7881	0.008191742	1.97920309	0.9325	0.009609268	1.08801193	2.0022	0.020086575	-1.63795367	2.799	0.027411712	-4.02669585	3.5439	0.033618625	-7.0949039
AFS	612990	36179TY82	Agency MBS 15yr	A-3-Q	GOVERNMENT NATIONAL MORTGAGE A	0.09031274	3	48731	159322	14388.81	6131.41	14388.81	13768.45	100	95.6886195	-620.35	7/31/2026	Model2501	100	LMMSOFRFLAT	RFRSwap	4.851031	2.951451	2.329647541	0.0385369	0.022350317	 3 	0.2357	0.347	0.7056	0.9636	0.0695	0.0081	0.0015	2.5258	12.1582	64.9017	48.37584	0.09031274	19.4515	3.481	99	72519.9922	NA	NA	2.1346	0.021933753	6.81467805	2.2875	0.022987384	4.55124836	2.3208	0.022789313	2.25604194	2.3577	0.022095794	-2.22065927	2.3858	0.021834942	-4.4198622	2.3786	0.021255931	-6.5760322
AFS	614409	36179TY90	Agency MBS 15yr	A-3-Q	GOVERNMENT NATIONAL MORTGAGE A	0.08585937	3.5	48731	358607	30789.77	8606.58	31173.17	29774.33	101.2452	96.7020202	-1398.84	7/31/2026	Model2501	100	LMMSOFRFLAT	RFRSwap	4.870732	2.931262	2.356758118	0.04717522	0.022859065	 7 	0.2358	0.3425	0.6929	0.9975	0.0824	0.0056	0.0011	2.5847	12.1582	67.0329	49.80442	0.08585937	20.1913	3.973	98	68725.8203	NA	NA	2.0778	0.021586195	6.89547132	2.2821	0.023194145	4.64154469	2.3444	0.023280883	2.308646	2.3783	0.022529045	-2.26732635	2.4112	0.022299588	-4.50974533	2.4173	0.021822341	-6.71752613
AFS	614731	36179UAH5	Agency MBS ARM	A-3-Q	GOVERNMENT NATIONAL MORTGAGE A	0.04372825	5.375	54271	275971	12067.73	1480.63	12067.73	12247.61	100	101.4906248	179.89	7/31/2026	Model2501	100	LMMSOFRFLAT	RFRSwap	5.540778	6.009516	0.411184162	-0.19961	0.004191551	 1 	-0.2679	0.1062	0.1544	0.1771	0.1424	0.0485	-0.041	4.011	16.983	94.8564	75.93054	0.04372825	31.0112	5.861	96	249944.2812	NA	NA	0.4046	0.004190776	1.63401755	0.7303	0.007524178	1.09376233	0.3883	0.003970444	0.32435934	1.6261	0.016446495	-0.79727038	2.7007	0.026713505	-3.02543458	3.5603	0.034128327	-6.07962742
AFS	612654	36179UAJ1	Agency MBS ARM	A-3-Q	GOVERNMENT NATIONAL MORTGAGE A	0.038789	5.375	54271	2927777	113565.54	33727.29	113565.54	115259.45	100	101.4915727	1693.91	7/31/2026	Model2501	100	LMMSOFRFLAT	RFRSwap	5.502283	5.987669	0.320983022	-0.1712176	0.003272085	 4 	-0.2636	0.1195	0.1842	0.1647	0.0703	0.0039	-0.0421	3.8228	17.8503	96.6722	74.98562	0.038789	32.1624	5.906	96	241824.9062	NA	NA	0.4755	0.004927291	1.68195675	0.7783	0.008017162	1.06549903	0.3857	0.003942012	0.2735162	1.3693	0.013871666	-0.63442152	2.3121	0.022980226	-2.54932546	3.1266	0.030236365	-5.23296654
AFS	612897	36179UBD3	Agency MBS 15yr	A-3-Q	GOVERNMENT NATIONAL MORTGAGE A	0.08581795	3.5	48823	68692	5895.01	1766.56	5960.93	5696.68	101.1183	96.6356135	-264.25	7/31/2026	Model2501	100	LMMSOFRFLAT	RFRSwap	4.872323	2.994419	2.406563759	0.04693398	0.023326168	 1 	0.2319	0.336	0.6824	1.0485	0.1017	0.0061	0.0012	2.6423	12.085	66.888	49.37724	0.08581795	21.1001	4.01	95	67562.4609	NA	NA	2.1001	0.021827608	7.01035124	2.3163	0.02354604	4.72767058	2.389	0.023718731	2.35414263	2.4308	0.022998581	-2.31403574	2.4681	0.022786705	-4.60407873	2.4785	0.022323145	-6.86141327
AFS	613641	36179UBE1	Agency MBS 15yr	A-3-Q	GOVERNMENT NATIONAL MORTGAGE A	0.10170552	4	48823	125524	12766.48	3542.31	13014.15	12558.56	101.94	98.3713466	-455.59	7/31/2026	Model2501	100	LMMSOFRFLAT	RFRSwap	4.622073	3.166633	2.419364929	0.05344298	0.023880266	 3 	0.2346	0.3364	0.6785	1.0605	0.1079	0.0018	0.0004	2.6853	11.9629	42.6655	24.09949	0.10170552	19.5355	4.492	95	54100.3711	NA	NA	2.1334	0.022587731	7.16984606	2.3168	0.023988664	4.8364434	2.4024	0.024291683	2.41138832	2.4262	0.023374984	-2.36171704	2.4501	0.023036784	-4.68148456	2.4687	0.0226469	-6.96687598
AFS	614293	36179UDC3	Agency MBS 15yr	A-3-Q	GOVERNMENT NATIONAL MORTGAGE A	0.05365049	4.5	48853	129731	6960.13	5197.22	7066.32	6850.88	101.5257	98.4303506	-215.45	7/31/2026	Model2501	100	LMMSOFRFLAT	RFRSwap	5.121399	3.795451	2.306241035	0.06642437	0.022786897	 2 	0.2436	0.3533	0.7099	0.9427	0.0566	0.0004	0.0001	2.5779	11.0352	92.5151	75.45283	0.05365049	25.9636	4.75	95	56958.3555	NA	NA	2.1732	0.022987291	6.97165239	2.2622	0.02340384	4.64986298	2.3064	0.023320444	2.30827491	2.2925	0.022135857	-2.24564414	2.2912	0.02162247	-4.43233671	2.294	0.021158099	-6.57137741
AFS	613351	36179UEJ7	Agency MBS ARM	A-3-Q	GOVERNMENT NATIONAL MORTGAGE A	0.07492501	5.125	54332	684204	51263.99	54774.55	51263.99	51010.96	100	99.5064205	-253.02	7/31/2026	Model2501	100	LMMSOFRFLAT	RFRSwap	6.156025	6.012257	1.101537108	-0.9561112	0.011008046	 6 	0.1632	-0.063	0.0213	0.2794	0.4051	0.2113	-0.0079	4.5179	15.0221	148.212	129.1076	0.07492501	26.564	5.625	93	172728.0469	NA	NA	1.1446	0.011772136	2.91658254	1.1021	0.011204685	1.72891905	0.7377	0.007432045	0.81000461	2.357	0.023153922	-1.69794264	3.3896	0.032340158	-4.52445307	4.1336	0.037974413	-8.06660027
AFS	614176	36179UEL2	Agency MBS ARM	A-3-Q	GOVERNMENT NATIONAL MORTGAGE A	0.03609717	5.125	54332	231632	8361.26	4988.38	8361.26	8526.99	100	101.9821537	165.73	7/31/2026	Model2501	100	LMMSOFRFLAT	RFRSwap	5.184112	5.899867	0.692923605	-0.6791523	0.007096178	 1 	0.2022	0.2127	0.2541	0.0553	-0.0003	-0.0547	-0.0567	3.4121	19.9001	62.153	50.87234	0.03609717	33.2935	5.591	94	278293.3438	NA	NA	0.292	0.003018521	0.97574038	0.2299	0.002372435	0.76861204	0.32	0.003291872	0.45999606	1.6429	0.016635654	-1.15022406	2.624	0.026006052	-3.29952404	3.452	0.03318648	-6.27305324
AFS	613923	36179UEM0	Agency MBS ARM	A-3-Q	GOVERNMENT NATIONAL MORTGAGE A	0.03756468	5.125	54332	1864290	70031.46	8502.77	70031.46	70925.46	100	101.2765792	894	7/31/2026	Model2501	100	LMMSOFRFLAT	RFRSwap	5.619641	6.014827	0.807302296	-0.6263717	0.008210559	 6 	0.1904	0.0512	0.1027	0.1833	0.125	0.0815	-0.0327	4.1583	17.0811	105.7105	77.09137	0.03756468	33.0512	5.646	93	183201.625	NA	NA	0.8894	0.009259184	2.40021901	0.9269	0.009559316	1.4263974	0.6082	0.006224032	0.63702996	1.6857	0.016936745	-1.23287684	2.5021	0.024613531	-3.33206892	3.1702	0.030310011	-6.09389939
AFS	612668	36179UEN8	Agency MBS ARM	A-3-Q	GOVERNMENT NATIONAL MORTGAGE A	0.03967193	5.125	54332	196377	7790.65	2906.29	7790.65	7889.83	100	101.2730327	99.18	7/31/2026	Model2501	100	LMMSOFRFLAT	RFRSwap	5.564962	5.970368	0.746803939	-0.579905	0.007595005	 1 	0.187	0.1172	0.1767	0.1995	0.0281	-0.0116	-0.046	3.9765	16.6118	103.8722	78.50481	0.03967193	32.6724	5.472	93	290971.7188	NA	NA	0.5991	0.006212297	1.98990777	0.7589	0.007815401	1.27983829	0.5528	0.005654911	0.58699243	1.5886	0.015973495	-1.1513577	2.3978	0.023632567	-3.14235127	3.1376	0.0300793	-5.83162531
AFS	614014	36179UFD9	Agency MBS 15yr	A-3-Q	GOVERNMENT NATIONAL MORTGAGE A	0.07798457	3.5	48884	232391	18122.91	5441.51	18152.98	17501.48	100.1659	96.5710393	-651.5	7/31/2026	Model2501	100	LMMSOFRFLAT	RFRSwap	4.87468	3.384122	2.452620506	0.04574281	0.023756744	 4 	0.2286	0.3286	0.6703	1.0956	0.1232	0.0063	0.0013	2.6978	12.0605	66.8498	49.03289	0.07798457	22.6805	4.006	93	67736.6172	NA	NA	2.1212	0.022057425	7.12515347	2.3531	0.023924718	4.81106315	2.4321	0.024141306	2.39680847	2.4797	0.023434116	-2.35766764	2.5167	0.023196742	-4.69035698	2.5241	0.022685524	-6.98635631
AFS	612647	36179UFE7	Agency MBS 15yr	A-3-Q	GOVERNMENT NATIONAL MORTGAGE A	0.10105755	4	48884	185483	18744.46	5338.35	18968.1	18435.71	101.1931	98.3528633	-532.4	7/31/2026	Model2501	100	LMMSOFRFLAT	RFRSwap	4.62372	3.469841	2.442528248	0.04987099	0.024104383	 5 	0.2326	0.3333	0.6731	1.0841	0.1183	0.0015	0.0003	2.7157	11.9141	42.6441	23.9596	0.10105755	20.123	4.498	93	57740.9766	NA	NA	2.1045	0.022279982	7.17994657	2.3126	0.023947384	4.86439719	2.4185	0.024455043	2.43174193	2.4528	0.023620529	-2.38532849	2.4801	0.023301916	-4.73071478	2.5	0.022911284	-7.04273875
AFS	613141	36179UGQ9	Agency MBS ARM	A-3-Q	GOVERNMENT NATIONAL MORTGAGE A	0.03577548	5.125	54363	240027	8587.08	3257.26	8587.08	8696.73	100	101.2768629	109.65	7/31/2026	Model2501	100	LMMSOFRFLAT	RFRSwap	5.560584	5.971251	0.754466236	-0.6561061	0.007673219	 1 	0.1822	0.0974	0.1587	0.1761	0.0763	0.0141	-0.0428	3.9092	17.5327	100.2573	77.43945	0.03577548	33.7773	5.66	93	238491.3125	NA	NA	0.6332	0.006554994	1.82470894	0.663	0.006820706	1.17344532	0.4986	0.005099101	0.56189635	1.6722	0.01680705	-1.19796216	2.5537	0.025126042	-3.31461968	3.3014	0.031541917	-6.16254953
AFS	614833	36179UGR7	Agency MBS ARM	A-3-Q	GOVERNMENT NATIONAL MORTGAGE A	0.0224087	5.125	54363	553606	12405.59	3088.99	12405.59	12564.12	100	101.2779146	158.53	7/31/2026	Model2501	100	LMMSOFRFLAT	RFRSwap	5.692351	6.05066	0.798069298	-0.608726	0.008116763	 1 	0.1711	0.0283	0.0873	0.209	0.1337	0.079	-0.0336	4.6133	15.1486	113.7895	80.79321	0.0224087	37.7804	5.712	93	174096.9531	NA	NA	1.0976	0.01145645	2.66817233	1.055	0.010888942	1.50694318	0.6371	0.006519894	0.63980457	1.6763	0.016844228	-1.2209015	2.4896	0.024498168	-3.30246168	3.1885	0.030496137	-6.05997609
AFS	613186	36179UJ45	Agency MBS 15yr	A-3-Q	GOVERNMENT NATIONAL MORTGAGE A	0.07074266	3.5	48945	111771	7906.98	2764.26	7988.83	7636.09	101.0352	96.5741269	-352.74	7/31/2026	Model2501	100	LMMSOFRFLAT	RFRSwap	4.858206	3.042664	2.477746964	0.04518595	0.024000892	 2 	0.2252	0.3288	0.6758	1.1166	0.1257	0.0058	0.0012	2.7287	11.5479	65.1667	47.22373	0.07074266	24.2611	4.023	92	75257.8672	NA	NA	2.0823	0.021658702	7.14509019	2.3549	0.023952702	4.84840721	2.4525	0.024350351	2.42009945	2.5058	0.02367593	-2.38210521	2.5429	0.023426853	-4.73858821	2.5484	0.022887273	-7.05622938
AFS	614509	36179UJ52	Agency MBS 15yr	A-3-Q	GOVERNMENT NATIONAL MORTGAGE A	0.07600386	4	48945	350274	26622.18	7660.21	27132.79	26175.54	101.918	98.322306	-957.26	7/31/2026	Model2501	100	LMMSOFRFLAT	RFRSwap	4.627741	3.196446	2.478075504	0.03942544	0.024447612	 7 	0.2296	0.3287	0.6619	1.1179	0.1388	0.0017	0.0003	2.7601	12.0605	42.6087	23.84629	0.07600386	23.7518	4.544	91	65108.6406	NA	NA	2.0146	0.021315746	7.15122183	2.2911	0.023724057	4.89403782	2.437	0.024641769	2.45943385	2.498	0.024038441	-2.423879	2.5307	0.023748344	-4.81281995	2.5528	0.023354676	-7.16942427
AFS	613634	36179UJ60	Agency MBS 15yr	A-3-Q	GOVERNMENT NATIONAL MORTGAGE A	0.08989744	4.5	48945	202468	18201.35	2773.77	18541.98	18017.72	101.8714	98.9911126	-524.26	7/31/2026	Model2501	100	LMMSOFRFLAT	RFRSwap	4.859206	3.696629	2.436080456	0.04144218	0.024206385	 4 	0.233	0.3364	0.6761	1.0768	0.1144	-0.0001	0	2.7343	11.7188	65.58	47.50455	0.08989744	21.7535	4.75	92	91696.1328	NA	NA	1.9927	0.021215687	7.10105682	2.2647	0.023602773	4.85352679	2.3991	0.024423825	2.43610547	2.4524	0.023779815	-2.39877222	2.4828	0.023488548	-4.76166624	2.5037	0.023102691	-7.09249603
AFS	614387	36179UJG8	Agency MBS ARM	A-3-Q	GOVERNMENT NATIONAL MORTGAGE A	0.0555693	5.125	54393	514747	28604.13	6764.07	28604.13	28957.83	100	101.2365344	353.7	7/31/2026	Model2501	100	LMMSOFRFLAT	RFRSwap	5.640809	6.009069	0.813916743	-0.6829532	0.008274572	 2 	0.1777	0.0805	0.1395	0.2004	0.1061	0.0477	-0.0418	4.3197	15.755	106.6971	81.08852	0.0555693	30.1589	5.588	92	204865.2969	NA	NA	0.7054	0.007320262	2.11470012	0.7972	0.008211019	1.33312514	0.5667	0.005796423	0.61917768	1.7805	0.017873887	-1.27778676	2.7277	0.026768023	-3.53107409	3.5298	0.033568166	-6.56442571
AFS	613972	36179ULB6	Agency MBS ARM	A-3-Q	GOVERNMENT NATIONAL MORTGAGE A	0.04875625	5	54424	2328420	113525.03	34889.44	113525.03	114518.56	100	100.8751695	993.54	7/31/2026	Model2501	100	LMMSOFRFLAT	RFRSwap	5.58864	5.885696	1.067691088	-0.7708448	0.010814839	 12 	0.4084	0.2229	0.1952	0.1826	0.0628	0.0054	-0.0395	3.7075	18.6757	101.4694	82.81245	0.04875625	31.6666	5.503	91	269675.75	NA	NA	0.5834	0.006023984	1.96762423	0.5823	0.00597934	1.39054396	0.6007	0.006132018	0.79316117	1.8838	0.018801676	-1.48286293	2.6392	0.025753317	-3.71296756	3.3847	0.032045443	-6.61581927
AFS	612898	36179ULU4	Agency MBS 15yr	A-3-Q	GOVERNMENT NATIONAL MORTGAGE A	0.08114037	4.5	48976	50681	4112.28	1362.8	4186.66	4067.88	101.8089	98.9203242	-118.79	7/31/2026	Model2501	100	LMMSOFRFLAT	RFRSwap	4.869732	3.766105	2.577194929	0.06886964	0.02559034	 1 	0.2221	0.3202	0.654	1.1946	0.1862	0.0005	0.0002	2.9076	11.5479	66.2574	46.92772	0.08114037	23.4991	4.859	91	47353.7148	NA	NA	2.397	0.0256721	7.80404012	2.5031	0.02615843	5.21076704	2.5656	0.026139911	2.58972383	2.5743	0.024911784	-2.52472471	2.5894	0.024419857	-4.98924321	2.6129	0.024008675	-7.41059546
AFS	614756	36179UMX7	Agency MBS ARM	A-3-Q	GOVERNMENT NATIONAL MORTGAGE A	0.06515841	5	54455	1984290	129293.18	17868.06	129293.18	130518.24	100	100.9475064	1225.06	7/31/2026	Model2501	100	LMMSOFRFLAT	RFRSwap	5.581586	5.896526	1.091447115	-0.77205	0.011063362	 14 	0.4094	0.2238	0.1995	0.1906	0.0703	0.01	-0.0418	3.8216	18.1119	100.4036	81.20933	0.06515841	29.2723	5.492	89	275264.5	NA	NA	0.5218	0.005395184	2.0221498	0.6093	0.006264677	1.45553346	0.6344	0.006482998	0.82263283	1.9183	0.019155191	-1.51101039	2.69	0.026248479	-3.78484377	3.4562	0.032702412	-6.74471134
AFS	614133	36179UMY5	Agency MBS ARM	A-3-Q	GOVERNMENT NATIONAL MORTGAGE A	0.03274026	5	54455	263136	8615.14	1342.34	8615.14	8696.66	100	100.9462561	81.52	7/31/2026	Model2501	100	LMMSOFRFLAT	RFRSwap	5.646825	5.936571	1.107668161	-0.7619849	0.011227648	 1 	0.4072	0.2299	0.2068	0.1787	0.0767	0.0198	-0.0433	4.2364	16.2866	109.1312	83.73557	0.03274026	35.6502	5.423	89	200148.9844	NA	NA	0.8096	0.008408034	2.48745981	0.8213	0.008459517	1.63965202	0.7111	0.007269123	0.86627681	1.9013	0.018983716	-1.51505809	2.6281	0.025654158	-3.74705578	3.405	0.032249767	-6.64860694
HTM	613650	36179V4U1	Agency MBS 30yr	A-3-Q	GOVERNMENT NATIONAL MORTGAGE A	0.55970273	2	55154	26301651	14721105.87	1529282.55	15008946.14	11812349.3	101.9553	80.2409099	-3196596.84	7/31/2026	Model2501	100	LMMSOFRFLAT	RFRSwap	5.353258	1.722008	7.051435471	0.1078374	0.056698885	 8,347 	0.0318	0.071	0.2457	1.1126	3.081	2.3218	0.2056	8.2555	6.5002	71.9447	60.36419	0.55970273	7.5768	2.39	67	268414.3125	NA	NA	5.1365	0.049884073	16.70950759	6.0775	0.055769496	11.35664203	6.6245	0.057037625	5.69397541	7.3953	0.055312295	-5.61359486	7.5177	0.052174546	-11.00542167	7.4211	0.047792561	-16.00690746
HTM	614004	36179WLN6	Agency MBS 30yr	A-3-Q	GOVERNMENT NATIONAL MORTGAGE A	0.63996209	2	55366	50137090	32085836.9	3452047.36	32680357.83	25745199.73	101.8529	80.2385171	-6935158.1	7/31/2026	Model2501	100	LMMSOFRFLAT	RFRSwap	5.305251	1.740214	7.184382439	0.1049014	0.057766162	 18,535 	0.03	0.0724	0.2497	1.0992	3.0613	2.4383	0.2525	8.4283	6.5643	65.1132	55.09697	0.63996209	6.2714	2.44	60	284925.1875	NA	NA	5.0973	0.049582209	16.86618742	6.1034	0.056098331	11.50850439	6.7077	0.057818752	5.79181201	7.5511	0.056394652	-5.72105735	7.6728	0.053088274	-11.21452784	7.5595	0.048464529	-16.29473745
HTM	614784	36179WND6	Agency MBS 30yr	A-3-Q	GOVERNMENT NATIONAL MORTGAGE A	0.65621759	2	55397	75000000	49216319.25	5268597.66	50177463.71	39490250.28	101.9529	80.238122	-10687213.42	7/31/2026	Model2501	100	LMMSOFRFLAT	RFRSwap	5.289867	1.728107	7.2167449	0.110877	0.058026087	 28,558 	0.0302	0.0719	0.2492	1.0964	3.0581	2.4667	0.263	8.4764	6.5491	63.3736	53.42788	0.65621759	5.9336	2.433	59	288313.1562	NA	NA	5.1133	0.049774751	16.93897956	6.123	0.056310907	11.56107099	6.7377	0.058095396	5.81913364	7.5821	0.056607805	-5.74488325	7.6962	0.053218774	-11.2557881	7.575	0.048525434	-16.34519339
HTM	614005	36179WP93	Agency MBS 30yr	A-3-Q	GOVERNMENT NATIONAL MORTGAGE A	0.67186284	2	55427	250000000	167965710	17553922.42	170171779.7	134772241.7	101.3134	80.2379496	-35399537.92	7/31/2026	Model2501	100	LMMSOFRFLAT	RFRSwap	5.279007	1.814738	7.23910141	0.1173481	0.058205716	 97,766 	0.031	0.0725	0.2491	1.0949	3.0563	2.4856	0.2685	8.5098	6.5277	62.226	52.28738	0.67186284	5.6135	2.426	58	285470.1875	NA	NA	5.1439	0.050106935	17.00652889	6.1436	0.056525577	11.60227162	6.7607	0.058306925	5.83873923	7.6013	0.056739148	-5.76061813	7.7075	0.053277154	-11.28114628	7.5787	0.048527129	-16.37327554
AFS	835699	36179XDF0	Agency MBS 30yr	A-3-Q	GOVERNMENT NATIONAL MORTGAGE A	0.67685752	5	55732	36500000	24705299.48	295805.68	24413619.27	24143927.7	98.8194	97.7277273	-269691.56	7/31/2026	Model2501	100	LMMSOFRFLAT	RFRSwap	5.452	5.23273	4.321370125	-0.8690429	0.042411823	 10,478 	0.1729	0.2506	0.4576	0.9844	1.5059	0.9011	0.0677	6.4405	10.6049	65.8881	71.63692	0.67685752	8.119	5.567	48	327573.7812	NA	NA	0.6363	0.006652451	6.39894654	1.0863	0.011282589	5.71353389	2.9169	0.029704235	3.69002508	5.2182	0.048813306	-4.60011549	5.8951	0.052156694	-9.67028011	6.2743	0.052217443	-14.92031856
AFS	614627	36179YGP3	Agency MBS 15yr	A-3-Q	GOVERNMENT NATIONAL MORTGAGE A	0.70945323	5	50679	11279813	8002499.77	1510343.53	8022040.03	7959944.95	100.2442	99.468231	-62095.08	7/31/2026	Model2501	100	LMMSOFRFLAT	RFRSwap	5.131351	4.903098	2.912526131	-0.631601	0.029091736	 2,328 	0.2336	0.3019	0.5101	1.0404	0.8699	-0.023	-0.0097	3.7819	12.6343	67.9747	61.52381	0.70945323	7.2362	5.577	34	201043.8906	NA	NA	0.7653	0.008001034	4.66440704	0.8972	0.00931136	3.90066484	1.9119	0.019573804	2.49588788	3.4412	0.033287548	-3.15125558	3.7877	0.035334658	-6.59597375	3.9446	0.03539446	-10.1570406
AFS	614753	36179YJP0	Agency MBS 15yr	A-3-Q	GOVERNMENT NATIONAL MORTGAGE A	0.61765238	5	50710	9929148	6132761.89	1475642.64	6147697.93	6100149.62	100.2435	99.4682286	-47548.31	7/31/2026	Model2501	100	LMMSOFRFLAT	RFRSwap	5.134787	4.897044	2.850214958	-0.5491065	0.028469341	 1,746 	0.2377	0.302	0.5055	1.0138	0.8271	-0.0167	-0.008	3.6569	14.0137	70.3544	62.9245	0.61765238	12.2656	5.6	37	157128.7969	NA	NA	0.8133	0.008514055	4.79959838	0.9863	0.010242444	3.95722059	1.9466	0.019926274	2.47842273	3.3342	0.032282408	-3.0617627	3.6605	0.03421928	-6.40319073	3.8277	0.034462124	-9.85136837
HTM	613325	3617F0UH2	Agency MBS 30yr	A-3-Q	GOVERNMENT NATIONAL MORTGAGE A	0.59241367	5	55763	663491	393061.14	247176.65	398273.12	382370.43	101.326	97.2801407	-15902.7	7/31/2026	Model2501	100	LMMSOFRFLAT	RFRSwap	5.537	4.751014	4.61720562	-0.6288312	0.045108624	 177 	0.1542	0.2314	0.4648	1.0482	1.6674	0.9883	0.0761	6.7814	10.4156	83.5578	80.14803	0.59241367	11.5004	5.726	47	149047.5156	NA	NA	0.8388	0.008892003	8.31260396	1.9419	0.020328294	6.98723133	3.5474	0.036119077	4.12166541	5.3545	0.049758077	-4.7691035	5.9753	0.052466441	-9.89151679	6.4788	0.053444825	-15.20547734
HTM	613406	3617FYX51	Agency MBS 30yr	A-3-Q	GOVERNMENT NATIONAL MORTGAGE A	0.61951032	5	55732	5185550	3212501.74	1040596.04	3256556.81	3139087.29	101.3714	97.7147266	-117469.51	7/31/2026	Model2501	100	LMMSOFRFLAT	RFRSwap	5.440847	4.749285	4.598389149	-0.7023108	0.045124635	 1,450 	0.1593	0.2301	0.453	1.033	1.6788	0.9922	0.0663	6.7941	10.2356	72.4557	70.61301	0.61951032	10.217	5.719	48	174035.6562	NA	NA	0.763	0.008102037	8.05902069	1.8282	0.019190256	6.83499745	3.4476	0.035238333	4.07969062	5.3601	0.050030924	-4.79265833	5.9504	0.052482694	-9.93054195	6.3767	0.052868858	-15.22168725
AFS	763075	36180AB85	Agency MBS 30yr	A-3-Q	GOVERNMENT NATIONAL MORTGAGE A	0.88698798	4.5	56523	125000000	110873497.5	4990664.78	108306698.3	104306741.9	97.6849	94.077254	-3999956.48	7/31/2026	Model2501	100	LMMSOFRFLAT	RFRSwap	5.52674	4.889673	5.414413452	-0.9972371	0.051140357	 56,701 	0.1217	0.2217	0.4393	1.0595	1.9585	1.4296	0.2071	7.8025	8.7341	67.8363	76.76402	0.88698798	5.2051	5.087	22	397209.5938	NA	NA	0.1179	0.001200979	7.45225209	1.1868	0.012055185	7.12739906	3.812	0.03773848	4.54809973	6.4795	0.057640519	-5.49436812	7.1614	0.059483845	-11.39060012	7.3591	0.056829292	-17.2294093
AFS	613130	36180N6L4	Agency MBS 15yr	A-3-Q	GOVERNMENT NATIONAL MORTGAGE A	0.01763941	3	47209	13735045	242278.09	211249.06	244507.47	237933.42	100.9202	98.2067429	-6574.04	7/31/2026	Model2501	100	LMMSOFRFLAT	RFRSwap	4.726961	1.989702	0.985088706	0.01779679	0.009698863	 23 	0.4804	0.4525	0.0489	0.0025	0.0001	0.0006	0.0001	1.0347	19.3359	59.4556	55.61401	0.01763941	18.5874	3.5	148	21754.6719	NA	NA	1.0127	0.01027378	2.99705412	1.0048	0.010091575	1.97860304	0.9948	0.009892045	0.97929578	0.9803	0.009557737	-0.96225222	0.9778	0.009440071	-1.91243681	0.9699	0.009272606	-2.84826129
AFS	614110	36181CBT4	Agency MBS 15yr	A-3-Q	GOVERNMENT NATIONAL MORTGAGE A	0.00242649	3	47150	6390459	15506.38	22633.39	15687.46	15247.54	101.1677	98.3307075	-439.92	7/31/2026	Model2501	100	LMMSOFRFLAT	RFRSwap	4.689014	1.674713	0.932108045	0.01692767	0.009188787	 1 	0.5033	0.4081	0.0186	0.0016	0.0001	0.0004	0	0.9775	18.75	56.3309	53.65676	0.00242649	29.5717	3.5	150	15506.3848	NA	NA	0.9561	0.009696148	2.83698267	0.9509	0.009552291	1.87395775	0.9416	0.009369506	0.92774103	0.9267	0.009051429	-0.9114808	0.9234	0.008935452	-1.81106292	0.9152	0.008775422	-2.6967924
AFS	613061	36181TQW4	Agency MBS 30yr	A-3-Q	GOVERNMENT NATIONAL MORTGAGE A	0.0298113	3.5	52688	2357861	70290.9	12476.09	71668.42	68716.25	101.9597	97.7598032	-2952.17	7/31/2026	Model2501	100	LMMSOFRFLAT	RFRSwap	4.414584	2.628882	2.307631016	0.06986385	0.022626661	 16 	0.2314	0.3586	0.7947	0.9111	0.0124	0	0	2.5362	5.7617	23.8202	5.667825	0.0298113	22.9452	4.125	148	70290.8984	NA	NA	1.9923	0.020891406	6.80700621	2.2244	0.02283432	4.6026332	2.3058	0.023136962	2.29244373	2.2905	0.021947989	-2.22791239	2.2921	0.02146689	-4.39740111	2.2965	0.021019598	-6.52140185
HTM	614373	36182BD63	Agency MBS 30yr	A-3-Q	GOVERNMENT NATIONAL MORTGAGE A	0.02022676	3.5	52505	2213213	44766.13	2354.29	45554.4	40157.95	101.7609	89.7061014	-5396.46	7/31/2026	Model2501	100	LMMSOFRFLAT	RFRSwap	5.638883	3.170695	4.979625225	0.2702078	0.044815518	 20 	0.1094	0.1708	0.3968	1.2945	2.4227	0.5799	0.0109	6.2246	6.8359	124.8177	97.93146	0.02022676	24.3544	4	156	49740.1328	NA	NA	4.3791	0.045558263	14.03760911	4.799	0.047675919	9.34799817	4.9639	0.046955284	4.59575433	4.9547	0.042430643	-4.36015472	4.9936	0.040692378	-8.50876595	5.0429	0.039081659	-12.49908838
HTM	614738	36182BD71	Agency MBS 30yr	A-3-Q	GOVERNMENT NATIONAL MORTGAGE A	0.13183069	4	52505	5440016	717161.06	98839.59	746754.17	664985.16	104.1264	92.7246603	-81769.01	7/31/2026	Model2501	100	LMMSOFRFLAT	RFRSwap	5.536439	3.216116	4.74549818	0.1126755	0.044160653	 317 	0.1269	0.1752	0.3954	1.2436	2.284	0.5226	0.0027	6.0627	7.3303	112.0724	87.30789	0.13183069	12.4955	4.5	155	140115.0469	NA	NA	3.0203	0.031860735	12.43208457	4.0174	0.040898543	8.74588251	4.5422	0.044286914	4.44209065	4.8434	0.042961113	-4.35822026	4.9248	0.041599952	-8.58847688	4.9106	0.03948468	-12.6502644
HTM	613170	36182BES4	Agency MBS 30yr	A-3-Q	GOVERNMENT NATIONAL MORTGAGE A	0.12367441	3	52505	942533	116567.21	9914.52	115273.52	104723.61	98.8902	89.8396754	-10549.91	7/31/2026	Model2501	100	LMMSOFRFLAT	RFRSwap	5.228455	3.221157	4.707441807	0.266128	0.042409189	 49 	0.1118	0.1732	0.4103	1.3983	2.3406	0.27	0.0075	5.6565	5.7312	88.8741	60.83363	0.12367441	12.5869	3.5	155	40114.1367	NA	NA	4.4976	0.046644352	13.61894591	4.7022	0.046565413	8.93986081	4.7426	0.044794004	4.3614646	4.6788	0.040220771	-4.12643615	4.7016	0.038565435	-8.06418916	4.7021	0.036797401	-11.83208972
HTM	613089	36182BET2	Agency MBS 30yr	A-3-Q	GOVERNMENT NATIONAL MORTGAGE A	0.08193436	3.5	52505	1560669	127872.42	8460.77	130348.15	114937.78	101.9361	89.8847352	-15410.36	7/31/2026	Model2501	100	LMMSOFRFLAT	RFRSwap	5.533021	3.149415	5.148255825	0.3155949	0.046425115	 59 	0.102	0.1586	0.38	1.3169	2.6287	0.557	0.0089	6.423	5.6091	115.4071	86.92876	0.08193436	15.5822	4	155	36179.5664	NA	NA	4.9578	0.052150805	15.01229701	5.1368	0.051367905	9.8237503	5.1833	0.049221057	4.78428648	5.1101	0.043778975	-4.50523595	5.1062	0.041567266	-8.77083543	5.0858	0.039344147	-12.81579397
HTM	613750	36182BEU9	Agency MBS 30yr	A-3-Q	GOVERNMENT NATIONAL MORTGAGE A	0.0400805	4.5	52505	915039	36675.22	1552.03	38816.85	35152.61	105.8394	95.8484017	-3664.24	7/31/2026	Model2501	100	LMMSOFRFLAT	RFRSwap	5.354815	3.413332	4.909351826	0.18355	0.047239456	 17 	0.1204	0.1862	0.4117	1.2603	2.3164	0.6144	0.0037	6.2639	7.5562	95.2948	68.84796	0.0400805	20.449	5	156	40750.2852	NA	NA	4.3032	0.047625896	14.45297626	4.5793	0.048475005	9.63364396	4.7793	0.048276316	4.78795057	4.9239	0.045103438	-4.62246206	4.9065	0.042788826	-9.01558832	4.9223	0.040869247	-13.19474351
HTM	613445	36182BEV7	Agency MBS 30yr	A-3-Q	GOVERNMENT NATIONAL MORTGAGE A	0.11255263	4	52505	2630536	296073.75	20602.03	307732.89	274356.03	103.9379	92.664763	-33376.86	7/31/2026	Model2501	100	LMMSOFRFLAT	RFRSwap	5.433097	3.307681	5.159408092	0.1682018	0.047981512	 142 	0.1024	0.1621	0.3915	1.3127	2.5522	0.6425	0.0011	6.6206	6.0181	101.7279	75.21626	0.11255263	13.613	4.5	154	118309.0391	NA	NA	3.5963	0.038457353	13.93680207	4.5095	0.046286698	9.64517751	4.978	0.048710458	4.85433367	5.2357	0.046224006	-4.71242362	5.3102	0.044473063	-9.24732095	5.319	0.042237755	-13.58961863
AFS	613450	36182N5Y5	Agency MBS 30yr	A-3-Q	GOVERNMENT NATIONAL MORTGAGE A	0.08244178	3.5	53175	5850171	482298.51	354307.99	500242.32	422885.36	103.7205	87.6812493	-77356.97	7/31/2026	Model2501	100	LMMSOFRFLAT	RFRSwap	5.913559	2.855433	5.386732101	0.1900861	0.047388654	 229 	0.0934	0.1458	0.3677	1.3128	2.7562	0.7022	0.0137	6.7632	5.2979	148.2913	123.5526	0.08244178	18.3937	3.842	132	160766.1719	NA	NA	4.1264	0.042199206	14.29335347	4.9404	0.048253004	9.69683565	5.2544	0.048753999	4.81361717	5.4964	0.045792669	-4.65850718	5.5488	0.043740299	-9.14483759	5.4582	0.040719252	-13.37118236
AFS	614276	36182WCS0	Agency MBS 15yr	A-3-Q	GOVERNMENT NATIONAL MORTGAGE A	0.0237133	3	47331	9999000	237109.29	148984.84	239791.43	232263.75	101.1312	97.956412	-7527.67	7/31/2026	Model2501	100	LMMSOFRFLAT	RFRSwap	4.833347	1.878671	1.068657041	0.01803757	0.010494897	 25 	0.4551	0.4903	0.1178	0.0038	0.0006	0.001	0.0001	1.1245	19.3359	69.1283	63.91633	0.0237133	17.7959	3.5	144	23311.8242	NA	NA	1.0947	0.011105515	3.2414874	1.0878	0.010915696	2.14017182	1.0778	0.010698862	1.05930303	1.0658	0.010355367	-1.04190941	1.0656	0.010243812	-2.07229081	1.0569	0.010053089	-3.0876073
HTM	613838	3618A0KM5	Agency MBS 30yr	A-3-Q	GOVERNMENT NATIONAL MORTGAGE A	0.80665672	5	55763	5219449	4210303.61	694535.32	4267715.03	4108657.59	101.3636	97.5857794	-159057.43	7/31/2026	Model2501	100	LMMSOFRFLAT	RFRSwap	5.453335	4.759859	4.771830082	-0.6405664	0.0467651	 1,969 	0.1449	0.2179	0.4544	1.0662	1.7611	1.0622	0.0795	7.1756	9.4116	72.7664	69.35023	0.80665672	4.0049	5.421	47	177293.4375	NA	NA	0.8052	0.00857429	8.48543769	1.9328	0.020334629	7.20375444	3.6494	0.037323333	4.27123168	5.5131	0.051310506	-4.93267812	6.1144	0.05368593	-10.20032665	6.5119	0.053665534	-15.5915429
HTM	614459	3618A0UB8	Agency MBS 30yr	A-3-Q	GOVERNMENT NATIONAL MORTGAGE A	0.83233599	5	55763	5710775	4753283.56	345581.36	4816427.71	4628307.22	101.3284	97.3707366	-188120.49	7/31/2026	Model2501	100	LMMSOFRFLAT	RFRSwap	5.485842	4.771517	4.758764744	-0.7450796	0.046534725	2211.927435	0.1403	0.2291	0.4804	1.0793	1.7223	1.0491	0.0747	7.104	9.5093	74.36	74.36733	0.83233599	3.2859	5.716	47	175640.2031	NA	NA	0.6111	0.00646377	7.98031125	1.7174	0.017982228	6.92072182	3.5187	0.035883393	4.19153609	5.5441	0.051476113	-4.9395343	6.1411	0.053777382	-10.21779875	6.5662	0.053950589	-15.62376712
HTM	883401	3618BAXL0	Agency MBS 30yr	A-3-Q	GOVERNMENT NATIONAL MORTGAGE A	0.95788785	6	55944	2157945	2067069.3	0	2137668.47	2134157.6	103.4154	103.2455759	-3510.87	7/31/2026	Model2501	100	LMMSOFRFLAT	RFRSwap	5.333765	5.299735	3.491963863	-1.105811	0.03622758	748.849183	0.2224	0.2779	0.4459	0.8633	1.131	0.5652	0.0007	6.1676	12.6404	46.4295	59.04379	0.95788785	0.0881	6.636	41	177318.1719	NA	NA	0.6407	0.006988943	5.33045462	0.9525	0.010317892	4.57914273	2.1107	0.022525748	2.97400473	4.5377	0.045210838	-4.11184889	5.2879	0.050144538	-8.91686422	5.8062	0.052081022	-14.0469003
AFS	692063	3618JQX60	Agency MBS 30yr	A-3-Q	GOVERNMENT NATIONAL MORTGAGE A	0.97906942	4.5	56646	14692595	14385070.46	169650.15	14031605.86	13397781.68	97.5428	93.1367122	-633824.18	7/31/2026	Model2501	100	LMMSOFRFLAT	RFRSwap	5.554911	4.868233	6.187232018	-0.6445425	0.057857864	8322.894506	0.0724	0.1646	0.4481	1.1897	2.3274	1.7414	0.2694	9.1561	6.8008	74.9026	74.84583	0.97906942	0.0739	4.994	18	362261.5	NA	NA	0.512	0.005338882	10.77072428	2.6842	0.027603382	9.32392071	4.9034	0.048495237	5.38861986	7.0347	0.06155666	-6.00727239	7.5179	0.061138485	-12.18756783	7.6306	0.057516374	-18.13558744
AFS	614745	3618KCAT4	Agency MBS 30yr	A-3-Q	GOVERNMENT NATIONAL MORTGAGE A	0.73857003	5	56705	1492984	1102673.24	377842.89	1078613.47	1070929.6	97.8181	97.1212112	-7683.86	7/31/2026	Model2501	100	LMMSOFRFLAT	RFRSwap	5.459579	5.349007	5.446518421	-0.8997025	0.053124186	 586 	0.1131	0.2132	0.4416	1.107	1.9883	1.4249	0.1848	8.6061	7.2174	60.8928	64.44241	0.73857003	20.4477	5.463	16	234823.5312	NA	NA	0.8813	0.009352931	8.58727643	1.6473	0.017297676	7.46775144	3.7823	0.038667593	4.69572446	6.4289	0.059070606	-5.65477049	7.0964	0.060922895	-11.68737115	7.3857	0.058957998	-17.71106196
HTM	883525	3618KCAU1	Agency MBS 30yr	A-3-Q	GOVERNMENT NATIONAL MORTGAGE A	0.51323883	6	56646	1831937	940221.2	0	961494.74	959531.67	102.2626	102.0538217	-1963.07	7/31/2026	Model2501	100	LMMSOFRFLAT	RFRSwap	5.588877	5.54715	3.501397371	-1.598108	0.035908166	 338 	0.2291	0.3035	0.4526	0.7983	1.0105	0.6709	0.0597	6.426	12.1338	65.665	84.83021	0.51323883	40.6775	6.467	18	200843.6094	NA	NA	0.7187	0.007677306	4.2715741	0.5634	0.005986235	3.70020414	1.5948	0.016776692	2.64534637	4.849	0.047667429	-4.25117419	5.7438	0.053533513	-9.35200829	6.3417	0.055624347	-14.84126773
HTM	883522	3618KCAW7	Agency MBS 30yr	A-3-Q	GOVERNMENT NATIONAL MORTGAGE A	0.45966577	6	56705	6409756	2946345.43	0	3023377.63	3018323.94	102.6145	102.4429762	-5053.69	7/31/2026	Model2501	100	LMMSOFRFLAT	RFRSwap	5.481885	5.44616	3.267822981	-1.393882	0.033639945	 991 	0.2411	0.2747	0.4043	0.7325	0.9578	0.626	0.0468	6.0704	12.8052	56.4602	72.99811	0.45966577	45.69	6.534	16	178676.6094	NA	NA	0.6987	0.007502322	4.43213275	0.7011	0.007482573	3.78915155	1.6805	0.017733948	2.58429193	4.5337	0.04486683	-3.98044713	5.3976	0.050808631	-8.81043835	5.9916	0.053268071	-14.03797089
HTM	883900	3618KCAY3	Agency MBS 30yr	A-3-Q	GOVERNMENT NATIONAL MORTGAGE A	0.34143686	5.5	56705	1038583	354610.52	0	357435.26	355658.16	100.7966	100.2954356	-1777.1	7/31/2026	Model2501	100	LMMSOFRFLAT	RFRSwap	5.459278	5.37108	4.400910378	-1.203522	0.04434083	 157 	0.1796	0.2596	0.4399	0.9554	1.5055	0.9821	0.1024	7.4246	9.3842	62.0863	68.2394	0.34143686	57.1428	5.987	17	118203.5078	NA	NA	0.6742	0.007223606	6.39648888	1.1152	0.011858603	5.5840264	2.6255	0.02741603	3.66750928	5.4461	0.052208938	-4.88828581	6.164	0.055745102	-10.3175607	6.669	0.056552529	-15.95428783
HTM	885649	3618KLYM3	Agency MBS 30yr	A-3-Q	GOVERNMENT NATIONAL MORTGAGE A	0.64589395	6.5	56735	1665698	1075864.26	0	1121049.03	1119341.07	104.1999	104.0411059	-1707.96	7/31/2026	Model2501	100	LMMSOFRFLAT	RFRSwap	5.403	5.362435	2.703753948	-0.8073641	0.028276609	 304 	0.2832	0.2797	0.3693	0.6441	0.7468	0.3809	0.0109	4.8295	17.3462	59.5091	68.62791	0.64589395	30.5389	7.055	16	135624.4062	NA	NA	0.9924	0.010869676	4.94412897	1.1097	0.012036169	3.87743796	1.7488	0.018700499	2.34992182	3.4318	0.034796402	-3.18756561	3.9094	0.038203064	-6.86182274	4.2073	0.039474037	-10.76036737
HTM	883519	3618KLYW1	Agency MBS 30yr	A-3-Q	GOVERNMENT NATIONAL MORTGAGE A	0.87120538	6	56735	1827353	1591999.76	0	1635405.84	1632675.14	102.7265	102.554986	-2730.7	7/31/2026	Model2501	100	LMMSOFRFLAT	RFRSwap	5.444608	5.408171	3.007174015	-1.599658	0.030990427	 493 	0.2727	0.2885	0.3849	0.6631	0.8216	0.5493	0.041	5.84	13.324	48.9159	69.65222	0.87120538	10.1303	6.523	15	184565.4375	NA	NA	0.6975	0.007451894	3.78611899	0.5683	0.00603852	3.19933563	1.3587	0.01430642	2.24194251	4.4072	0.043742251	-3.80305492	5.3631	0.050674185	-8.56787108	6.0535	0.054012645	-13.82926789
HTM	883726	3618KLZA8	Agency MBS 30yr	A-3-Q	GOVERNMENT NATIONAL MORTGAGE A	0.73095067	5.5	56735	1602483	1171336.02	0	1179158.12	1173295.83	100.6678	100.1673141	-5862.29	7/31/2026	Model2501	100	LMMSOFRFLAT	RFRSwap	5.485144	5.40023	4.645144463	-1.315396	0.046742067	 548 	0.1608	0.2571	0.4552	0.9972	1.6011	1.082	0.1171	7.8657	9.0881	59.7883	70.57431	0.73095067	22.6082	6.059	15	176520.25	NA	NA	0.619	0.006634585	6.5499892	1.0722	0.01141148	5.80240514	2.7385	0.028612431	3.8566353	5.8106	0.055459995	-5.17876902	6.5712	0.058936849	-10.93650911	7.0053	0.058685593	-16.85203895
AFS	692064	3618KMCL7	Agency MBS 30yr	A-3-Q	GOVERNMENT NATIONAL MORTGAGE A	0.97757797	4.5	56674	11985599	11716857.54	155291.73	11428973.47	10916323.27	97.543	93.1676709	-512650.2	7/31/2026	Model2501	100	LMMSOFRFLAT	RFRSwap	5.54134	4.865551	6.075184822	-0.7873902	0.056828905	 6,659 	0.0725	0.1731	0.4747	1.1896	2.2257	1.7095	0.265	9.0621	6.6589	70.5914	73.36022	0.97757797	0.2734	4.907	18	381021.0938	NA	NA	0.0812	0.000834212	9.25566662	1.9152	0.019560382	8.58753158	4.5914	0.045323074	5.16954999	6.9688	0.061052959	-5.93415404	7.5136	0.061192811	-12.10043168	7.6122	0.057467896	-18.04851344
HTM	880259	3618KNNL3	Agency MBS 30yr	A-3-Q	GOVERNMENT NATIONAL MORTGAGE A	0.93684256	5.5	56766	35371051	33137105.97	0	33211679.73	33113738.05	100.225	99.9294811	-97941.68	7/31/2026	Model2501	100	LMMSOFRFLAT	RFRSwap	5.524159	5.471597	4.16139555	-1.405931	0.041775342	 13,843 	0.1824	0.2845	0.4791	0.978	1.3182	0.8513	0.0945	7.0757	10.144	57.1248	77.13335	0.93684256	4.691	6.129	14	285719.0938	NA	NA	0.6949	0.007335539	5.1728548	0.6221	0.006532758	4.6277577	2.1534	0.022328608	3.30107296	5.3815	0.051479325	-4.7288745	6.2227	0.056155812	-10.14365941	6.7339	0.056932323	-15.84141379
HTM	874331	3618KPEK0	Agency MBS 30yr	A-3-Q	GOVERNMENT NATIONAL MORTGAGE A	0.91288277	5.5	56796	22332984	20387396.3	0	20628722.32	20434209.86	101.1837	100.2296201	-194512.47	7/31/2026	Model2501	100	LMMSOFRFLAT	RFRSwap	5.474968	5.314737	4.345888615	-1.430601	0.043757863	 8,921 	0.1675	0.2807	0.4895	1.0224	1.4014	0.9085	0.1036	7.4973	9.4238	52.5525	70.6309	0.91288277	7.6005	6.14	14	234420.8594	NA	NA	0.6686	0.007098874	5.49304101	0.6936	0.007326378	4.93306154	2.2936	0.023891646	3.48055293	5.5951	0.053574719	-4.93506228	6.4617	0.058238089	-10.56016941	7.006	0.059006989	-16.46402433
HTM	874336	3618KPEU8	Agency MBS 30yr	A-3-Q	GOVERNMENT NATIONAL MORTGAGE A	0.91982832	5.5	56796	25120318	23106379.9	0	23338313.23	23099244.35	101.0038	99.9691187	-239068.89	7/31/2026	Model2501	100	LMMSOFRFLAT	RFRSwap	5.518567	5.341624	4.246227264	-1.470301	0.042643778	 9,853 	0.1755	0.2877	0.4876	1.0002	1.349	0.8787	0.0953	7.2871	9.6252	55.6964	75.86169	0.91982832	6.8744	6.102	13	281827.9688	NA	NA	0.6548	0.006912178	5.13916735	0.5791	0.006084512	4.64044427	2.1456	0.022265496	3.34452549	5.5154	0.052721441	-4.83856019	6.3842	0.057485409	-10.3836315	6.9156	0.058238506	-16.21399287
HTM	883918	3618KPG51	Agency MBS 30yr	A-3-Q	GOVERNMENT NATIONAL MORTGAGE A	0.95638877	5.5	56796	20487986	19594479.73	0	19735157.77	19631564.75	100.7179	100.1892626	-103593.02	7/31/2026	Model2501	100	LMMSOFRFLAT	RFRSwap	5.481524	5.392022	4.323622227	-1.423496	0.043516219	 8,527 	0.1667	0.2809	0.4902	1.0285	1.398	0.8962	0.0914	7.4427	9.3872	53.3701	71.60035	0.95638877	3.1723	6.096	13	258178.2656	NA	NA	0.6557	0.00695212	5.381189	0.639	0.006741534	4.86167805	2.2681	0.023612637	3.46086859	5.5606	0.053238481	-4.90567765	6.4077	0.057769936	-10.49035014	6.9182	0.058326941	-16.33805062
HTM	874344	3618KPG69	Agency MBS 30yr	A-3-Q	GOVERNMENT NATIONAL MORTGAGE A	0.91232681	5.5	56796	30279257	27624577.95	0	27948121.19	27657112.08	101.1712	100.1177724	-291009.11	7/31/2026	Model2501	100	LMMSOFRFLAT	RFRSwap	5.49348	5.315232	4.240942001	-1.517295	0.042653743	 11,783 	0.1768	0.2866	0.4819	0.9978	1.3519	0.878	0.0962	7.3366	9.5612	51.5515	73.22311	0.91232681	7.6491	6.139	13	284853.0312	NA	NA	0.6967	0.007364959	5.14091086	0.5906	0.006212523	4.60716943	2.111	0.021933086	3.32178637	5.5393	0.053020816	-4.85805047	6.4106	0.057786405	-10.43392604	6.9525	0.058595113	-16.29718137
HTM	885652	3618KRY24	Agency MBS 30yr	A-3-Q	GOVERNMENT NATIONAL MORTGAGE A	0.98832377	6.5	56735	1085749	1073071.54	0	1121838.25	1120135.17	104.5446	104.3858792	-1703.08	7/31/2026	Model2501	100	LMMSOFRFLAT	RFRSwap	5.686047	5.657173	3.205811501	-1.697582	0.033637792	 361 	0.2409	0.2899	0.3957	0.7814	1.0172	0.5009	0.0002	6.74	11.5295	66.6996	89.60243	0.98832377	0.0106	6.86	17	220231.2812	NA	NA	0.8365	0.009121805	4.12323164	0.6251	0.00677374	3.43923043	1.3995	0.015020517	2.39874045	4.6818	0.047197077	-4.11825448	5.6158	0.053748619	-9.21710459	6.2217	0.056110628	-14.74224822
HTM	883517	3618KRYZ1	Agency MBS 30yr	A-3-Q	GOVERNMENT NATIONAL MORTGAGE A	0.80480242	6	56705	2194956	1766505.9	0	1816308.6	1813279.09	102.8193	102.6477798	-3029.51	7/31/2026	Model2501	100	LMMSOFRFLAT	RFRSwap	5.600648	5.573916	4.873819828	-1.06588	0.050272372	 888 	0.1372	0.2279	0.4327	1.084	1.8542	1.0805	0.08	8.6037	8.371	71.646	79.38646	0.80480242	17.2236	6.509	16	177527.5156	NA	NA	1.0319	0.01150731	8.37140788	1.6874	0.018586595	7.00079132	3.2733	0.035188232	4.35166959	5.9408	0.058031354	-5.46536588	6.6516	0.060990009	-11.45491209	7.0237	0.060125567	-17.54379777
HTM	883515	3618L2T57	Agency MBS 30yr	A-3-Q	GOVERNMENT NATIONAL MORTGAGE A	0.90503482	6	56766	1839523	1664832.37	0	1708360.81	1705505.15	102.6146	102.4430556	-2855.66	7/31/2026	Model2501	100	LMMSOFRFLAT	RFRSwap	5.538232	5.505809	3.579742193	-1.562546	0.036850959	 614 	0.2256	0.2803	0.4283	0.8188	1.0929	0.6974	0.0586	6.7178	11.3922	58.8457	77.91605	0.90503482	7.7626	6.488	14	187554.0625	NA	NA	0.682	0.007344608	4.74440516	0.7309	0.007823687	4.10120885	1.8175	0.019220117	2.80887971	4.9742	0.049037226	-4.36089847	5.8981	0.055045124	-9.61628271	6.5301	0.057259742	-15.25736392
AFS	620115	3618L2TR9	Agency MBS 30yr	A-3-Q	GOVERNMENT NATIONAL MORTGAGE A	0.74509021	6.5	56766	1824321	1359283.72	483743.18	1417061.94	1414177.03	104.2506	104.0383998	-2884.91	7/31/2026	Model2501	100	LMMSOFRFLAT	RFRSwap	5.56407	5.516941	2.728494406	-1.367043	0.028534612	 388 	0.2781	0.3074	0.4159	0.6497	0.6755	0.4033	0.0122	5.5509	14.7278	61.7676	82.00159	0.74509021	22.9936	6.981	14	179019.1406	NA	NA	0.8215	0.008905054	3.82551401	0.6803	0.007325632	3.09756814	1.2924	0.013784971	2.08474566	4.0511	0.040945742	-3.50792734	5.1143	0.049360733	-8.06542132	5.7967	0.052963641	-13.21119967
HTM	883896	3618L2UE6	Agency MBS 30yr	A-3-Q	GOVERNMENT NATIONAL MORTGAGE A	0.98513022	5.5	56766	1128718	1111934.21	0	1121434.52	1115865.78	100.8544	100.3535792	-5568.74	7/31/2026	Model2501	100	LMMSOFRFLAT	RFRSwap	5.430781	5.328894	3.69674015	-1.444765	0.037267543	 414 	0.234	0.2879	0.4272	0.7937	1.0994	0.7829	0.0931	6.3352	12.0941	52.262	69.25986	0.98513022	0.1455	6.009	14	187255.9062	NA	NA	0.5648	0.005942391	4.39330199	0.5226	0.005474885	3.94645665	1.7759	0.018408308	2.84507878	4.9508	0.047773864	-4.31414463	5.8755	0.053695738	-9.42317146	6.4594	0.055480655	-14.92027922
AFS	614764	3618L2UZ9	Agency MBS 30yr	A-3-Q	GOVERNMENT NATIONAL MORTGAGE A	0.26740221	6.5	56766	1385679	370533.63	1052578.86	383785.65	385535.88	103.5765	104.0488248	1750.23	7/31/2026	Model2501	100	LMMSOFRFLAT	RFRSwap	5.608801	5.709816	2.91233325	-1.497872	0.030460237	 113 	0.2558	0.3141	0.4407	0.7066	0.7475	0.444	0.0189	5.8717	13.7695	68.9325	86.6906	0.26740221	70.0956	6.936	15	123511.2109	NA	NA	0.7268	0.00788054	3.84174373	0.6268	0.0067564	3.20665945	1.325	0.014149423	2.19746138	4.2228	0.042597849	-3.71444137	5.1059	0.049140979	-8.34690152	5.7045	0.052004304	-13.42694879
HTM	883514	3618L2VB1	Agency MBS 30yr	A-3-Q	GOVERNMENT NATIONAL MORTGAGE A	0.80504558	6	56766	1308175	1053140.5	0	1083036.41	1081229.89	102.8387	102.6672019	-1806.52	7/31/2026	Model2501	100	LMMSOFRFLAT	RFRSwap	5.497882	5.465728	3.618129969	-1.572766	0.037327234	 393 	0.226	0.2857	0.4324	0.8108	1.095	0.7314	0.0595	6.8404	11.2244	55.4499	73.05244	0.80504558	17.2263	6.578	14	178572.5938	NA	NA	0.6543	0.007056116	4.66716971	0.6872	0.00736874	4.06280639	1.7759	0.018821716	2.8164579	4.9842	0.049229145	-4.39766648	5.9053	0.055215843	-9.66442225	6.5155	0.057238214	-15.31856019
HTM	883890	3618L2VQ8	Agency MBS 30yr	A-3-Q	GOVERNMENT NATIONAL MORTGAGE A	0.79623901	5.5	56766	1200454	955848.3	0	964014.83	959227.88	100.8544	100.3535681	-4786.95	7/31/2026	Model2501	100	LMMSOFRFLAT	RFRSwap	5.42956	5.326747	3.784238338	-1.398609	0.038149625	 365 	0.218	0.2921	0.4515	0.8267	1.1066	0.8099	0.1019	6.3974	12.3444	53.8961	69.48482	0.79623901	17.9475	5.976	15	191338.8594	NA	NA	0.5921	0.006242637	4.62866927	0.5842	0.006131559	4.14162081	1.8792	0.019500628	2.95711032	5.0015	0.048229791	-4.38036443	5.881	0.053694155	-9.51066964	6.454	0.055384088	-14.99848053
HTM	883511	3618LFSD2	Agency MBS 30yr	A-3-Q	GOVERNMENT NATIONAL MORTGAGE A	0.75390536	6	56827	1718269	1295412.21	0	1323989.76	1321085.5	102.2061	101.981863	-2904.26	7/31/2026	Model2501	100	LMMSOFRFLAT	RFRSwap	5.610735	5.566566	3.552942276	-1.503609	0.036411215	 472 	0.2304	0.2883	0.4238	0.7959	1.0707	0.6987	0.0664	6.452	11.853	68.5016	85.68473	0.75390536	25.6915	6.538	13	161965.0625	NA	NA	0.7042	0.007555005	4.80689376	0.7976	0.008501737	4.11272877	1.8176	0.019132223	2.77715939	4.8334	0.047472682	-4.26328206	5.6897	0.053004187	-9.32403988	6.2897	0.055173788	-14.76058726
AFS	751427	3618LG7L5	Agency MBS 30yr	A-3-Q	GOVERNMENT NATIONAL MORTGAGE A	0.98070395	5	56949	25360195	24870843.41	457306.92	25024002.24	24148932.26	100.6158	97.0973596	-875069.98	7/31/2026	Model2501	100	LMMSOFRFLAT	RFRSwap	5.474581	4.916113	5.336811066	-0.9912705	0.052041393	 12,943 	0.1139	0.2279	0.4708	1.1148	1.8796	1.3554	0.2002	8.4703	7.8827	60.0797	67.66753	0.98070395	1.9701	5.568	8	234710.125	NA	NA	0.79	0.008353249	8.22489467	1.5495	0.016223092	7.18815328	3.6392	0.037146252	4.55867794	6.4092	0.058912598	-5.59591432	7.1403	0.061313313	-11.64477966	7.4507	0.059457246	-17.71304337
AFS	751425	3618LHAE5	Agency MBS 30yr	A-3-Q	GOVERNMENT NATIONAL MORTGAGE A	0.99180803	5	56949	20239834	20074029.89	143459.33	20179164.22	19491461.53	100.5237	97.0979003	-687702.69	7/31/2026	Model2501	100	LMMSOFRFLAT	RFRSwap	5.468122	4.932114	5.310162544	-1.054163	0.051781818	 10,395 	0.1132	0.2362	0.4785	1.1194	1.8507	1.3352	0.2038	8.4777	7.8583	56.8973	67.51679	0.99180803	0.0867	5.585	8	286866.5625	NA	NA	0.7331	0.007719357	7.78164504	1.3317	0.013905955	6.90829085	3.5048	0.035749063	4.48514939	6.4174	0.058991302	-5.59101201	7.168	0.061542548	-11.65664445	7.4739	0.059618492	-17.745537
AFS	692059	3618LMES9	Agency MBS 30yr	A-3-Q	GOVERNMENT NATIONAL MORTGAGE A	0.97141226	4.5	56796	20000000	19428245.2	272943.59	18942405.65	17985803.97	97.4993	92.5755455	-956601.68	7/31/2026	Model2501	100	LMMSOFRFLAT	RFRSwap	5.630611	4.870091	6.144171238	-0.7095804	0.057110406	 11,096 	0.0734	0.1696	0.4619	1.1837	2.2581	1.7418	0.2886	9.0865	6.6406	79.7217	82.37109	0.97141226	1.6086	4.899	14	389400.8438	NA	NA	0.2825	0.002906015	9.92441524	2.2827	0.023241244	8.86446245	4.7384	0.046528023	5.24229507	6.9856	0.060785487	-5.93566124	7.4806	0.060516525	-12.05282447	7.5577	0.056699432	-17.92809182
AFS	772899	3618LUJS6	Agency MBS 30yr	A-3-Q	GOVERNMENT NATIONAL MORTGAGE A	0.98621832	5	56980	10723814	10576021.83	148877.52	10651762.38	10278694.56	100.7162	97.1886663	-373067.82	7/31/2026	Model2501	100	LMMSOFRFLAT	RFRSwap	5.46316	4.899456	5.327207565	-0.9969739	0.051996384	 5,499 	0.1145	0.2262	0.4637	1.1291	1.9096	1.3226	0.1883	8.4081	8.0658	58.845	67.34282	0.98621832	1.9812	5.594	9	258190.5	NA	NA	0.849	0.008982335	8.19399274	1.5141	0.015863772	7.16708859	3.6282	0.037065946	4.55396957	6.3934	0.05882806	-5.59150868	7.1099	0.061129712	-11.62696138	7.422	0.059322082	-17.67800874
AFS	767640	3618LUJU1	Agency MBS 30yr	A-3-Q	GOVERNMENT NATIONAL MORTGAGE A	0.96446186	5	56949	8024617	7739437.04	287251.97	7794740.88	7523050.33	100.7146	97.2041027	-271690.56	7/31/2026	Model2501	100	LMMSOFRFLAT	RFRSwap	5.458952	4.9002	5.367024422	-0.9576556	0.052393306	 4,055 	0.1142	0.2212	0.4569	1.1256	1.9295	1.3474	0.1988	8.4893	8.0383	59.1555	66.42626	0.96446186	7.0946	5.611	9	234672.7031	NA	NA	0.9037	0.009591507	8.517879	1.6599	0.017427292	7.37128079	3.7243	0.038077064	4.6193799	6.4155	0.059023846	-5.61837784	7.1298	0.061280925	-11.67031707	7.4466	0.059486229	-17.73708791
AFS	792529	3618LUK47	Agency MBS 30yr	A-3-Q	GOVERNMENT NATIONAL MORTGAGE A	0.99488585	5	57011	11210075	11152744.99	57424.06	11170628.69	10840935.78	100.1604	97.2041931	-329692.91	7/31/2026	Model2501	100	LMMSOFRFLAT	RFRSwap	5.460026	4.985899	5.362044811	-1.00402	0.052344743	 5,838 	0.1144	0.2262	0.4617	1.1228	1.9073	1.3548	0.2017	8.4718	8.0963	58.5043	66.9482	0.99488585	0.1982	5.596	7	259460.8281	NA	NA	0.9537	0.010116523	8.45467218	1.6376	0.017177595	7.27668626	3.6664	0.037474152	4.58916565	6.4482	0.059315909	-5.63296541	7.172	0.061609078	-11.71849056	7.4804	0.059699792	-17.81225312
AFS	792528	3618LUKU9	Agency MBS 30yr	A-3-Q	GOVERNMENT NATIONAL MORTGAGE A	0.99423209	5	57040	4234763	4210337.27	24481.07	4219692.71	4092619.42	100.2222	97.2040755	-127073.29	7/31/2026	Model2501	100	LMMSOFRFLAT	RFRSwap	5.441237	4.979864	5.554893017	-0.9300795	0.054227281	 2,283 	0.1031	0.2117	0.4521	1.1482	2.0098	1.438	0.2192	8.8954	7.55	56.8515	63.91562	0.99423209	0.4184	5.599	7	233999.6406	NA	NA	1.0421	0.01112307	9.11238797	1.8588	0.019588947	7.76331378	3.9073	0.04002288	4.81028819	6.5873	0.060495503	-5.7843112	7.2601	0.062192254	-11.95774367	7.528	0.059872936	-18.08694314
HTM	883510	3618LVL93	Agency MBS 30yr	A-3-Q	GOVERNMENT NATIONAL MORTGAGE A	0.75978904	6	56888	1178495	895407.58	0	915161.52	913153.99	102.2061	101.9819361	-2007.53	7/31/2026	Model2501	100	LMMSOFRFLAT	RFRSwap	5.643586	5.602482	3.793608904	-1.654552	0.03887764	 348 	0.213	0.2854	0.4291	0.8502	1.2027	0.766	0.0713	6.9788	10.8459	68.6007	88.47028	0.75978904	29.9157	6.621	10	208416.9844	NA	NA	0.6647	0.007145762	5.01366528	0.8289	0.008852478	4.31979284	1.8929	0.019953085	2.93052679	5.193	0.050846767	-4.56837758	6.0475	0.055955581	-9.95504992	6.562	0.056990564	-15.63286215
AFS	694927	3618LVLV4	Agency MBS 30yr	A-3-Q	GOVERNMENT NATIONAL MORTGAGE A	0.74435243	5	56888	1363670	1015051.08	351224.18	1026704.24	976909.74	101.148	96.242422	-49794.5	7/31/2026	Model2501	100	LMMSOFRFLAT	RFRSwap	5.64132	4.824862	5.192969322	-1.170662	0.05019477	 510 	0.1295	0.2416	0.4488	1.0344	1.8614	1.3215	0.1955	7.9255	8.6151	74.9183	87.04234	0.74435243	31.6462	5.601	10	271814.4375	NA	NA	0.7495	0.007788909	7.265861	1.1589	0.011950833	6.45972071	3.292	0.033228271	4.27876646	6.3223	0.057672903	-5.43836294	7.0387	0.060035046	-11.36592978	7.3718	0.058483183	-17.32526314
HTM	883858	3618LVMN1	Agency MBS 30yr	A-3-Q	GOVERNMENT NATIONAL MORTGAGE A	0.9894127	5.5	56888	1161128	1148834.79	0	1152986.31	1146630.02	100.3614	99.8080862	-6356.29	7/31/2026	Model2501	100	LMMSOFRFLAT	RFRSwap	5.545647	5.446311	4.129858017	-1.678222	0.04140861	 476 	0.2034	0.2947	0.4447	0.8709	1.293	0.9326	0.1137	7.2045	10.1349	57.633	79.10887	0.9894127	0.1818	5.945	10	250845.25	NA	NA	0.5973	0.006270247	4.70304815	0.5045	0.005272897	4.24862568	1.8945	0.01958821	3.12892028	5.5305	0.052800395	-4.79551052	6.446	0.057938095	-10.38360625	6.9198	0.058150705	-16.23162733
AFS	670285	3618LVPB4	Agency MBS 30yr	A-3-Q	GOVERNMENT NATIONAL MORTGAGE A	0.69373298	6.5	56858	1241463	861243.83	396794.35	897961.57	896083.08	104.2633	104.0452259	-1878.48	7/31/2026	Model2501	100	LMMSOFRFLAT	RFRSwap	5.632813	5.587595	3.213231802	-1.359026	0.03360619	 289 	0.2501	0.2987	0.4213	0.7365	0.9356	0.5546	0.0333	6.1534	13.3606	73.2005	88.17166	0.69373298	34.8675	7.031	11	149088.7031	NA	NA	0.7452	0.008154202	4.83606249	0.9354	0.010158525	4.01497269	1.7421	0.01866973	2.57820254	4.4648	0.044922438	-3.97326572	5.3799	0.051510762	-8.84056246	5.9855	0.054131012	-14.14985732
HTM	883395	3618LVPK4	Agency MBS 30yr	A-3-Q	GOVERNMENT NATIONAL MORTGAGE A	0.89892043	6	56858	2819054	2534105.23	0	2591382.51	2585469.72	102.2603	102.026928	-5912.79	7/31/2026	Model2501	100	LMMSOFRFLAT	RFRSwap	5.614794	5.570093	3.597882748	-1.69074	0.036887988	 935 	0.2284	0.2937	0.4302	0.8007	1.0913	0.714	0.0649	6.6635	11.5601	65.4591	86.44579	0.89892043	11.0196	6.5	11	210533.0781	NA	NA	0.5959	0.006379018	4.52748783	0.6733	0.007169417	3.95901039	1.7306	0.018217575	2.74345014	5.0142	0.049210537	-4.38393359	5.9414	0.055183679	-9.64676111	6.5346	0.057005983	-15.28914465
HTM	883910	3618LVPW8	Agency MBS 30yr	A-3-Q	GOVERNMENT NATIONAL MORTGAGE A	0.84654184	5.5	56858	1275417	1079693.85	0	1085079.32	1079671.32	100.4988	99.997913	-5408	7/31/2026	Model2501	100	LMMSOFRFLAT	RFRSwap	5.510805	5.420073	4.284992695	-1.39737	0.043045428	 465 	0.1879	0.2757	0.4524	0.9306	1.4111	0.9416	0.1086	7.207	10.1807	61.7587	75.16646	0.84654184	17.1274	6.076	11	182312.5	NA	NA	0.6554	0.006966165	5.83502545	0.935	0.009872168	5.12512424	2.3868	0.024802251	3.4599763	5.5072	0.052652519	-4.84974999	6.3562	0.05725212	-10.38362486	6.8741	0.057932314	-16.17958386
AFS	793872	3618M2NA1	Agency MBS 30yr	A-3-Q	GOVERNMENT NATIONAL MORTGAGE A	0.99499789	5	57040	1108538	1102992.97	5568.42	1107589.22	1071985.25	100.4167	97.1887655	-35603.96	7/31/2026	Model2501	100	LMMSOFRFLAT	RFRSwap	5.451985	4.948654	5.36481905	-1.101746	0.052363548	 578 	0.108	0.2367	0.4836	1.1201	1.8839	1.348	0.2105	8.6731	7.7332	56.535	65.3658	0.99499789	0.1648	5.474	6	276225.4375	NA	NA	0.631	0.006645447	7.71455916	1.2831	0.013410655	6.91222097	3.5036	0.035781864	4.52303685	6.5081	0.059834357	-5.66757843	7.2262	0.062002823	-11.80298917	7.5099	0.059841726	-17.92159016
AFS	748951	3618M83Q5	Agency MBS 30yr	A-3-Q	GOVERNMENT NATIONAL MORTGAGE A	0.98551179	5	56980	35559388	35044196.12	518814.32	35286317.49	34025149.41	100.6909	97.0921099	-1261168.08	7/31/2026	Model2501	100	LMMSOFRFLAT	RFRSwap	5.471236	4.906016	5.326922894	-1.03545	0.051942173	 18,203 	0.1122	0.2348	0.4791	1.1234	1.8572	1.3392	0.208	8.474	7.9529	57.9424	68.0223	0.98551179	1.5805	5.592	7	261530.375	NA	NA	0.6662	0.007027185	7.96825673	1.4529	0.015188228	7.02915229	3.5572	0.036292575	4.51756967	6.4265	0.05906437	-5.6013459	7.1712	0.061556172	-11.67113297	7.4817	0.059663814	-17.76265249
AFS	784686	3618M83S1	Agency MBS 30yr	A-3-Q	GOVERNMENT NATIONAL MORTGAGE A	0.97897322	5	56980	34000000	33285089.48	630775.62	33595785.84	32317191.1	100.9334	97.0920962	-1278594.74	7/31/2026	Model2501	100	LMMSOFRFLAT	RFRSwap	5.48099	4.864973	5.297020912	-1.009905	0.051650599	 17,192 	0.1145	0.2334	0.4801	1.121	1.8485	1.325	0.2007	8.3448	8.1451	60.8711	69.17974	0.97897322	2.8587	5.59	7	236129.2656	NA	NA	0.672	0.007098544	8.11789975	1.5482	0.016197765	7.11331671	3.5976	0.036704183	4.51579797	6.3825	0.05868265	-5.56515906	7.1231	0.061195891	-11.59689965	7.4462	0.059457537	-17.65934628
AFS	784293	3618M83U6	Agency MBS 30yr	A-3-Q	GOVERNMENT NATIONAL MORTGAGE A	0.99278602	5	56980	25300099	25117584.59	123929.59	25396506.21	24387931.95	101.1105	97.0950525	-1008574.26	7/31/2026	Model2501	100	LMMSOFRFLAT	RFRSwap	5.482738	4.83654	5.305978775	-0.9573884	0.05173951	 12,996 	0.1157	0.2275	0.473	1.1198	1.8578	1.3307	0.2062	8.3694	8.1696	62.4453	68.84941	0.99278602	0.1176	5.603	7	212914.125	NA	NA	0.783	0.008295705	8.43874896	1.6864	0.017674746	7.29364282	3.6878	0.037642885	4.56130867	6.3526	0.058416761	-5.55471475	7.0727	0.060797438	-11.55043641	7.4021	0.059167914	-17.5778655
AFS	748949	3618M83V4	Agency MBS 30yr	A-3-Q	GOVERNMENT NATIONAL MORTGAGE A	0.97710851	5	56980	35467321	34655421.18	817101.06	34873480.15	33647738.22	100.6292	97.092279	-1225741.94	7/31/2026	Model2501	100	LMMSOFRFLAT	RFRSwap	5.471137	4.915428	5.301342487	-1.067768	0.051692829	 17,914 	0.114	0.2382	0.4795	1.1152	1.8413	1.3332	0.2069	8.4544	7.9651	56.8859	68.12313	0.97710851	3.2479	5.574	7	286406.4688	NA	NA	0.5375	0.005653056	7.66124834	1.3293	0.013874779	6.86442254	3.476	0.035446949	4.46784756	6.4281	0.059085358	-5.59114574	7.1895	0.061713252	-11.67102259	7.4966	0.059772499	-17.77656209
AFS	773443	3618M84B7	Agency MBS 30yr	A-3-Q	GOVERNMENT NATIONAL MORTGAGE A	0.99232542	5	56980	35596971	35323779.2	222217.24	35573435.68	34296680.59	100.7068	97.0923309	-1276755.1	7/31/2026	Model2501	100	LMMSOFRFLAT	RFRSwap	5.476923	4.901565	5.219707489	-1.103982	0.050896846	 17,979 	0.1184	0.2459	0.4837	1.1063	1.7949	1.2968	0.2007	8.2676	8.2458	56.8223	69.75367	0.99232542	0.2156	5.594	7	309945.1562	NA	NA	0.5185	0.005438275	7.38303712	1.2371	0.012884927	6.64925561	3.3635	0.03426633	4.36850578	6.3719	0.058608983	-5.52925643	7.1589	0.061519485	-11.57532831	7.482	0.059733745	-17.67225027
AFS	756493	3618M84V3	Agency MBS 30yr	A-3-Q	GOVERNMENT NATIONAL MORTGAGE A	0.99289085	5	56980	12132526	12046274.05	86716.9	12109996.3	11695980.37	100.529	97.0920993	-414015.94	7/31/2026	Model2501	100	LMMSOFRFLAT	RFRSwap	5.480277	4.928057	5.263989449	-1.042226	0.05132851	 6,183 	0.1169	0.2401	0.4815	1.1122	1.8206	1.3133	0.2063	8.2914	8.255	59.4216	69.48392	0.99289085	0.1136	5.611	7	261901.1406	NA	NA	0.7134	0.007524418	7.96997595	1.4877	0.015544616	6.98212268	3.5273	0.035968579	4.46457904	6.3674	0.058557533	-5.54405104	7.1278	0.061253842	-11.57244942	7.4613	0.059588138	-17.64603569
AFS	753254	3618M85E0	Agency MBS 30yr	A-3-Q	GOVERNMENT NATIONAL MORTGAGE A	0.97889153	5	56980	20104471	19680096.38	425070.86	19711369.69	19107854.91	100.1589	97.0922832	-603514.79	7/31/2026	Model2501	100	LMMSOFRFLAT	RFRSwap	5.472314	4.987144	5.298056126	-1.048766	0.051660791	 10,167 	0.1152	0.2361	0.4767	1.1104	1.8408	1.3391	0.2064	8.427	7.9498	57.6808	67.94447	0.97889153	2.8998	5.598	7	285368.2188	NA	NA	0.6288	0.00662331	7.82923251	1.4028	0.014652493	6.94124457	3.5147	0.035846923	4.48188282	6.4086	0.058912899	-5.58107048	7.1582	0.061467916	-11.63846857	7.4613	0.059532996	-17.7203516
AFS	753253	3618M8Z23	Agency MBS 30yr	A-3-Q	GOVERNMENT NATIONAL MORTGAGE A	0.9903732	5	56949	16155593	16000066.34	137499.29	16025346.33	15535727.36	100.158	97.0978934	-489618.98	7/31/2026	Model2501	100	LMMSOFRFLAT	RFRSwap	5.464577	4.988325	5.345208645	-1.047293	0.052123569	 8,340 	0.1097	0.2339	0.4799	1.1352	1.8706	1.3421	0.1997	8.5097	7.8598	56.7769	67.86719	0.9903732	0.3453	5.661	8	285911.0938	NA	NA	0.7476	0.007879451	7.87991665	1.3598	0.014209059	6.98302674	3.5448	0.036170326	4.52401078	6.4461	0.059234437	-5.62226863	7.1853	0.061657246	-11.70471597	7.4858	0.059670825	-17.80228818
AFS	775901	3618M9AZ5	Agency MBS 30yr	A-3-Q	GOVERNMENT NATIONAL MORTGAGE A	0.99269926	5	56980	29943724	29725112.66	145676.81	29981513.76	28860729.3	100.8626	97.0920771	-1120784.46	7/31/2026	Model2501	100	LMMSOFRFLAT	RFRSwap	5.470263	4.880326	5.391368866	-0.982758	0.052570559	 15,627 	0.1085	0.2263	0.4747	1.1364	1.9031	1.3641	0.2045	8.5536	7.8522	59.6384	67.72516	0.99269926	0.1248	5.624	7	236047.5	NA	NA	0.6055	0.006406619	8.29283422	1.592	0.016685138	7.29932804	3.6969	0.037755214	4.61755738	6.4498	0.059253387	-5.64070737	7.1626	0.06145177	-11.71280789	7.4675	0.059529424	-17.79025052
AFS	756495	3618M9B27	Agency MBS 30yr	A-3-Q	GOVERNMENT NATIONAL MORTGAGE A	0.99290135	5	56980	14118796	14018571.61	100764.66	14092953.98	13610924.26	100.5306	97.0920907	-482029.72	7/31/2026	Model2501	100	LMMSOFRFLAT	RFRSwap	5.478576	4.928321	5.266750336	-1.049216	0.051355429	 7,199 	0.1169	0.2386	0.4811	1.1106	1.815	1.3207	0.2106	8.353	8.1451	58.8296	68.72286	0.99290135	0.1076	5.595	7	264628.2812	NA	NA	0.555	0.005843034	7.77949076	1.407	0.014693179	6.92181571	3.5035	0.035723835	4.45802151	6.3801	0.058670111	-5.55108586	7.1469	0.061403301	-11.5931924	7.4821	0.059728052	-17.6805458
AFS	772912	3618M9D90	Agency MBS 30yr	A-3-Q	GOVERNMENT NATIONAL MORTGAGE A	0.99346198	5	57011	21547212	21406335.9	141998.71	21574568.35	20783894.56	100.7859	97.0922565	-790673.8	7/31/2026	Model2501	100	LMMSOFRFLAT	RFRSwap	5.468286	4.892732	5.323088169	-1.052585	0.051904861	 11,111 	0.1129	0.2375	0.4793	1.1169	1.8418	1.3486	0.2138	8.5116	7.7866	56.962	66.94181	0.99346198	0.2501	5.583	7	281718.9062	NA	NA	0.7495	0.007898567	7.87153129	1.3839	0.014454569	6.94009359	3.5111	0.035815194	4.49725533	6.4321	0.059114557	-5.60362617	7.177	0.061600484	-11.67813973	7.4846	0.059678949	-17.77302313
AFS	765174	3618M9DF6	Agency MBS 30yr	A-3-Q	GOVERNMENT NATIONAL MORTGAGE A	0.98582845	5	57011	35817306	35309719.26	511314.33	35564232.03	34282954.29	100.7208	97.092118	-1281277.74	7/31/2026	Model2501	100	LMMSOFRFLAT	RFRSwap	5.474396	4.900359	5.292104244	-1.037491	0.051602665	 18,221 	0.1158	0.2362	0.476	1.1112	1.839	1.3342	0.2064	8.4132	7.9895	58.5068	68.12655	0.98582845	2.0783	5.609	7	259687.2188	NA	NA	0.6851	0.007225135	7.95095608	1.4531	0.015182382	6.97718568	3.5265	0.035967086	4.48323232	6.3898	0.05874753	-5.56858907	7.1344	0.061285287	-11.60789158	7.4516	0.05948703	-17.67766879
AFS	763729	3618M9DV1	Agency MBS 30yr	A-3-Q	GOVERNMENT NATIONAL MORTGAGE A	0.99227326	5	57011	5426181	5384254.31	42038.06	5398153.09	5234401.43	100.2581	97.2168313	-163751.66	7/31/2026	Model2501	100	LMMSOFRFLAT	RFRSwap	5.457427	4.97078	5.214970589	-1.096552	0.050915584	 2,741 	0.1214	0.2462	0.4767	1.0947	1.7949	1.3158	0.1962	8.258	8.017	56.0542	66.4173	0.99227326	0.508	5.624	6	283509.125	NA	NA	0.798	0.00840654	7.7062177	1.3757	0.014359501	6.74323848	3.3808	0.034487586	4.37660747	6.3498	0.058488976	-5.52193014	7.1223	0.061310071	-11.55128499	7.4575	0.059660111	-17.63313234
AFS	765183	3618M9EA6	Agency MBS 30yr	A-3-Q	GOVERNMENT NATIONAL MORTGAGE A	0.98517992	5	57011	34341538	33832593.66	512363.81	34056269.33	32848829.63	100.6611	97.0922595	-1207439.7	7/31/2026	Model2501	100	LMMSOFRFLAT	RFRSwap	5.46843	4.911482	5.312362671	-1.066712	0.051800281	 17,525 	0.1127	0.2385	0.4798	1.1216	1.8451	1.3344	0.2076	8.4772	7.9376	56.392	68.04347	0.98517992	2.2326	5.609	7	289174.3438	NA	NA	0.7266	0.00765185	7.80622417	1.3562	0.014158925	6.89063148	3.486	0.035551932	4.47734724	6.4311	0.059108719	-5.59858869	7.1883	0.061698161	-11.67791155	7.5005	0.059797391	-17.78427448
AFS	784294	3618M9ED0	Agency MBS 30yr	A-3-Q	GOVERNMENT NATIONAL MORTGAGE A	0.99403459	5	57011	24055030	23911531.88	116316.74	24177075.15	23216912.36	101.1105	97.0950438	-960162.8	7/31/2026	Model2501	100	LMMSOFRFLAT	RFRSwap	5.480268	4.837778	5.341453552	-0.9623018	0.052085429	 12,454 	0.1136	0.2281	0.475	1.121	1.866	1.3498	0.2135	8.4382	8.0444	62.2636	68.08004	0.99403459	0.1054	5.587	7	211712.7188	NA	NA	0.8179	0.008670989	8.5075716	1.698	0.017805805	7.34881403	3.7134	0.037916202	4.59345973	6.3943	0.058777131	-5.59003307	7.1126	0.061091729	-11.61949215	7.4422	0.059417438	-17.67320483
AFS	763721	3618M9ET5	Agency MBS 30yr	A-3-Q	GOVERNMENT NATIONAL MORTGAGE A	0.99435101	5	57011	21197423	21077678.97	120136.94	21145356.61	20504116.84	100.3211	97.2788174	-641239.77	7/31/2026	Model2501	100	LMMSOFRFLAT	RFRSwap	5.440304	4.962587	5.325492859	-1.052606	0.052027658	 10,966 	0.1122	0.2344	0.4791	1.1248	1.8562	1.3342	0.2111	8.5148	7.9803	54.8225	64.79524	0.99435101	0.0514	5.616	6	260302.9062	NA	NA	0.6833	0.007222018	7.99859614	1.4656	0.015353074	7.05888262	3.5638	0.036429588	4.52495394	6.4324	0.059229467	-5.61583457	7.1838	0.061774556	-11.70359969	7.503	0.059930068	-17.82041327
AFS	775902	3618M9FJ6	Agency MBS 30yr	A-3-Q	GOVERNMENT NATIONAL MORTGAGE A	0.99384147	5	57011	34426538	34214521.13	171288.48	34508908.31	33219582.81	100.8604	97.0920583	-1289325.51	7/31/2026	Model2501	100	LMMSOFRFLAT	RFRSwap	5.482151	4.87586	5.275885582	-1.003253	0.051444486	 17,601 	0.1178	0.2344	0.4741	1.1087	1.8359	1.3252	0.2061	8.3301	8.1879	60.6697	69.07246	0.99384147	0.1537	5.594	6	235987.9375	NA	NA	0.7554	0.007982781	8.16939939	1.5847	0.016579246	7.11151703	3.5877	0.036596682	4.4978183	6.3521	0.058418885	-5.54118513	7.0901	0.060948506	-11.54628506	7.4186	0.059289657	-17.58834324
AFS	784291	3618M9J52	Agency MBS 30yr	A-3-Q	GOVERNMENT NATIONAL MORTGAGE A	0.99518686	5	57040	14268272	14199596.81	69458.52	14359064.15	13784903.59	101.123	97.0795423	-574160.56	7/31/2026	Model2501	100	LMMSOFRFLAT	RFRSwap	5.481453	4.836516	5.36343956	-0.9580968	0.052291501	 7,425 	0.1113	0.2276	0.4775	1.1243	1.8821	1.3561	0.2093	8.4807	7.9681	62.8915	68.26238	0.99518686	0.0937	5.54	6	212024.6094	NA	NA	0.8489	0.009010097	8.63635967	1.7561	0.018425746	7.42813125	3.7499	0.03829293	4.61964568	6.4126	0.058924202	-5.60858056	7.1147	0.061079729	-11.64578121	7.426	0.05926396	-17.68970095
AFS	793856	3618M9JD5	Agency MBS 30yr	A-3-Q	GOVERNMENT NATIONAL MORTGAGE A	0.9951734	5	57040	16328067	16249257.95	79018.38	16292629.38	15776738.76	100.2669	97.0920568	-515890.62	7/31/2026	Model2501	100	LMMSOFRFLAT	RFRSwap	5.471735	4.970662	5.388505459	-0.9842756	0.052542631	 8,538 	0.1107	0.228	0.4724	1.1183	1.8931	1.3743	0.2178	8.5898	7.8369	59.6021	67.1684	0.9951734	0.1193	5.534	6	235510.0312	NA	NA	0.8466	0.008972913	8.47413982	1.6602	0.017405747	7.33014071	3.699	0.037774347	4.61297126	6.4581	0.059328396	-5.642401	7.1691	0.061501086	-11.72276399	7.4609	0.059470367	-17.79890919
AFS	784692	3618M9JF0	Agency MBS 30yr	A-3-Q	GOVERNMENT NATIONAL MORTGAGE A	0.99525684	5	57040	15153765	15081888.27	72460.73	15202850.4	14640983.76	100.802	97.0765961	-561866.64	7/31/2026	Model2501	100	LMMSOFRFLAT	RFRSwap	5.477416	4.887735	5.335000038	-1.014104	0.052012656	 7,844 	0.112	0.236	0.4824	1.1155	1.8589	1.3469	0.2094	8.4725	7.8888	59.8925	67.92137	0.99525684	0.0719	5.537	6	251536.3281	NA	NA	0.8215	0.008685371	8.23197804	1.5659	0.016387532	7.15667395	3.6133	0.03686909	4.54287619	6.4294	0.059079733	-5.60342453	7.1607	0.061455596	-11.67010602	7.4677	0.059551455	-17.74799023
AFS	784685	3618M9JJ2	Agency MBS 30yr	A-3-Q	GOVERNMENT NATIONAL MORTGAGE A	0.99463136	5	57040	24321865	24191289.66	131738.27	24403457.17	23487843.25	100.877	97.09215	-915613.92	7/31/2026	Model2501	100	LMMSOFRFLAT	RFRSwap	5.476673	4.875513	5.303370953	-1.034118	0.051712543	 12,510 	0.1144	0.24	0.4818	1.1081	1.8406	1.3367	0.2079	8.4121	7.9742	59.0045	68.0947	0.99463136	0.2716	5.552	5	262988.0938	NA	NA	0.83	0.008766819	8.11452222	1.5307	0.016005572	7.05681297	3.5537	0.036249544	4.4957585	6.4202	0.059017282	-5.58500521	7.1735	0.061586849	-11.65575268	7.4876	0.059719939	-17.75020547
AFS	784684	3618M9JW3	Agency MBS 30yr	A-3-Q	GOVERNMENT NATIONAL MORTGAGE A	0.99213462	5	57040	28368478	28145349.14	224976.65	28374217.58	27326970.82	100.8132	97.0923142	-1047246.77	7/31/2026	Model2501	100	LMMSOFRFLAT	RFRSwap	5.468067	4.888689	5.36231184	-1.048232	0.052287359	 14,716 	0.1114	0.237	0.4763	1.11	1.8755	1.3682	0.2101	8.5784	7.7454	56.912	66.97597	0.99213462	1.0261	5.543	5	284381.1562	NA	NA	0.822	0.008681348	8.10936189	1.4953	0.015640181	7.08315125	3.5693	0.036423579	4.53798683	6.4903	0.059622336	-5.64548505	7.2429	0.062097315	-11.77352415	7.535	0.059980307	-17.90649567
AFS	784292	3618M9KB7	Agency MBS 30yr	A-3-Q	GOVERNMENT NATIONAL MORTGAGE A	0.99547309	5	57040	10247235	10200846.69	46917.43	10315724.34	9902927.65	101.1262	97.0794675	-412796.69	7/31/2026	Model2501	100	LMMSOFRFLAT	RFRSwap	5.477258	4.838192	5.422698498	-0.9505352	0.052869216	 5,393 	0.1095	0.225	0.4738	1.1205	1.898	1.3912	0.2297	8.6344	7.8644	61.9059	67.22675	0.99547309	0.0321	5.516	6	212666.8125	NA	NA	0.8408	0.00893357	8.75189783	1.7851	0.018749008	7.53639043	3.8034	0.038860694	4.67861349	6.4767	0.059476756	-5.66370711	7.1803	0.061565708	-11.75398619	7.4924	0.059679866	-17.8422964
AFS	793857	3618M9LL4	Agency MBS 30yr	A-3-Q	GOVERNMENT NATIONAL MORTGAGE A	0.99506085	5	57040	15103193	15028596.06	74795.08	15068713.92	14589239.28	100.2669	97.0765281	-479474.64	7/31/2026	Model2501	100	LMMSOFRFLAT	RFRSwap	5.480293	4.969467	5.339891434	-0.9928915	0.05206031	 7,824 	0.1124	0.2342	0.48	1.1167	1.8618	1.3501	0.2108	8.4663	7.9529	60.8237	68.22353	0.99506085	0.1306	5.536	5	234934.2031	NA	NA	0.7694	0.008143127	8.34349306	1.6336	0.017112438	7.25923478	3.6626	0.037379973	4.56521748	6.4211	0.059005558	-5.60038074	7.1502	0.061373707	-11.65826669	7.4685	0.0595694	-17.73259288
AFS	793855	3618M9LR1	Agency MBS 30yr	A-3-Q	GOVERNMENT NATIONAL MORTGAGE A	0.99511203	5	57040	24549969	24429969.49	120205.76	24472164.75	23715812.51	100.1727	97.0767177	-756352.23	7/31/2026	Model2501	100	LMMSOFRFLAT	RFRSwap	5.474869	4.985003	5.313727856	-1.056306	0.051805332	 12,656 	0.1123	0.2402	0.4852	1.1153	1.8365	1.3366	0.2131	8.4758	7.8735	58.1123	67.73441	0.99511203	0.1397	5.542	5	287458.8438	NA	NA	0.739	0.007791628	7.93521516	1.4335	0.014978372	6.99155606	3.5313	0.036014687	4.49298958	6.4369	0.059151661	-5.59922651	7.1885	0.06168595	-11.6817521	7.4933	0.059730291	-17.78184691
AFS	774088	3618MJ2A7	Agency MBS 30yr	A-3-Q	GOVERNMENT NATIONAL MORTGAGE A	0.98847827	5	57011	1274717	1260030.05	14797.1	1269248.74	1224800.74	100.7316	97.2040895	-44448	7/31/2026	Model2501	100	LMMSOFRFLAT	RFRSwap	5.470883	4.893164	5.099536419	-1.213616	0.04978206	 627 	0.1286	0.2555	0.4828	1.0517	1.7357	1.2768	0.1949	8.2515	8.4625	58.2516	69.154	0.98847827	1.3952	5.435	6	210140.7344	NA	NA	0.3953	0.004121969	6.64316921	0.8938	0.009277794	6.1773885	3.1412	0.031986035	4.20828729	6.3088	0.058142781	-5.4592503	7.0639	0.060868099	-11.45312403	7.3727	0.059087589	-17.47687662
AFS	774091	3618MJ2B5	Agency MBS 30yr	A-3-Q	GOVERNMENT NATIONAL MORTGAGE A	0.9940082	5	57011	1635083	1625285.91	9870.57	1637272.34	1579846.76	100.7375	97.2042367	-57425.58	7/31/2026	Model2501	100	LMMSOFRFLAT	RFRSwap	5.463421	4.894906	5.220248699	-1.217486	0.050960537	 828 	0.1172	0.2443	0.4856	1.0923	1.8298	1.2943	0.1843	8.4038	8.2703	56.5392	68.88535	0.9940082	0.0486	5.428	6	232402.9531	NA	NA	0.4372	0.004569745	6.90031692	0.93	0.00967486	6.40923337	3.2819	0.033463955	4.34274232	6.4425	0.059298988	-5.57779694	7.1992	0.061867651	-11.68359475	7.4709	0.059644323	-17.78557168
AFS	774089	3618MJ2C3	Agency MBS 30yr	A-3-Q	GOVERNMENT NATIONAL MORTGAGE A	0.99381345	5	57011	2611345	2595189.78	16266.28	2612784.15	2522633.4	100.678	97.2041974	-90150.75	7/31/2026	Model2501	100	LMMSOFRFLAT	RFRSwap	5.467674	4.902795	5.112906456	-1.255239	0.049912635	 1,295 	0.1262	0.2523	0.4848	1.0624	1.749	1.2666	0.1972	8.2314	8.4564	56.6599	68.90811	0.99381345	0.1432	5.463	7	259763.2812	NA	NA	0.5578	0.005818981	6.70785801	0.8864	0.009199711	6.16639093	3.1401	0.031976782	4.21310074	6.3644	0.05863376	-5.49269771	7.1378	0.061439484	-11.54504333	7.4327	0.059463628	-17.61778019
AFS	774090	3618MJ2D1	Agency MBS 30yr	A-3-Q	GOVERNMENT NATIONAL MORTGAGE A	0.99335321	5	57011	2001460	1988156.72	13394.74	2001589.64	1932579.25	100.6756	97.2045734	-69010.39	7/31/2026	Model2501	100	LMMSOFRFLAT	RFRSwap	5.479028	4.89911	5.041837692	-1.285658	0.049219046	 979 	0.1322	0.2569	0.4881	1.0549	1.7118	1.2477	0.1765	7.9985	8.728	59.6194	71.1834	0.99335321	0.1605	5.342	7	284201.625	NA	NA	0.4373	0.004552237	6.46835704	0.769	0.007973864	6.06474265	3.1123	0.031678077	4.1609265	6.2874	0.05796662	-5.42616623	7.0542	0.060810976	-11.41575352	7.3449	0.058903407	-17.42533497
AFS	774087	3618MJZ94	Agency MBS 30yr	A-3-Q	GOVERNMENT NATIONAL MORTGAGE A	0.99307328	5	57011	1062378	1055019.21	7413.99	1062813.09	1028150.9	100.7387	97.4532879	-34662.19	7/31/2026	Model2501	100	LMMSOFRFLAT	RFRSwap	5.50417	4.860641	4.487014294	-1.122712	0.043914389	 463 	0.1551	0.2406	0.4362	0.9443	1.5438	1.0593	0.1277	6.8195	10.9497	68.502	76.28193	0.99307328	0.1379	5.418	6	176938.3438	NA	NA	0.3266	0.003401397	6.28379759	1.0537	0.010916107	5.7284767	2.9074	0.029543318	3.74563779	5.5489	0.05162311	-4.83707188	6.2034	0.054394569	-10.18425049	6.441	0.053001165	-15.58313609
HTM	848061	3618ML2X2	Agency MBS 30yr	A-3-Q	GOVERNMENT NATIONAL MORTGAGE A	0.98035865	5.5	57040	36770097	36047882.66	37823.17	36396330.31	36159245.2	100.9666	100.3089295	-237085.11	7/31/2026	Model2501	100	LMMSOFRFLAT	RFRSwap	5.462153	5.352222	4.101017475	-1.848495	0.041324828	 14,897 	0.1869	0.3184	0.4946	0.9547	1.2525	0.8323	0.0969	7.3547	9.7443	41.1715	70.36369	0.98035865	4.6318	5.989	5	549620.8125	NA	NA	0.9365	0.009899709	4.94719606	0.7062	0.007408387	4.14319533	1.7449	0.018113185	3.03855427	5.6177	0.053884547	-4.84880667	6.6407	0.059888456	-10.58347999	7.2225	0.06073961	-16.66933382
AFS	767642	3618MLVH5	Agency MBS 30yr	A-3-Q	GOVERNMENT NATIONAL MORTGAGE A	0.99409233	5	57011	7655368	7610142.61	45712.97	7690924.12	7397360.89	101.0615	97.2039719	-293563.23	7/31/2026	Model2501	100	LMMSOFRFLAT	RFRSwap	5.449494	4.851628	5.464788437	-0.9271188	0.053347614	 4,060 	0.1002	0.2174	0.4816	1.1644	1.9551	1.3662	0.2054	8.7504	7.7026	58.5214	64.65083	0.99409233	0.1071	5.558	6	211507	NA	NA	0.6052	0.006427171	8.57345394	1.6624	0.017485639	7.56530493	3.841	0.039313871	4.73284325	6.5048	0.059789974	-5.70367494	7.1979	0.06175727	-11.82120983	7.4875	0.059677627	-17.91760618
AFS	767643	3618MLVJ1	Agency MBS 30yr	A-3-Q	GOVERNMENT NATIONAL MORTGAGE A	0.96360628	5	57011	7858245	7572254.23	288940.05	7649141.38	7242655.27	101.0154	95.6472808	-406486.11	7/31/2026	Model2501	100	LMMSOFRFLAT	RFRSwap	5.711863	4.85606	5.548039913	-0.8589079	0.053296663	 4,036 	0.0996	0.2165	0.4795	1.1635	1.9851	1.4049	0.2232	8.5651	7.8217	86.418	91.9668	0.96360628	7.2966	5.57	6	236788.25	NA	NA	0.8633	0.009079986	9.10971725	1.936	0.020114101	7.83043336	4.0296	0.040637635	4.78419278	6.5345	0.059072841	-5.66251439	7.196	0.060716629	-11.68822874	7.4713	0.058566026	-17.67581637
AFS	783650	3618MLXD2	Agency MBS 30yr	A-3-Q	GOVERNMENT NATIONAL MORTGAGE A	0.99539471	5	57040	5703970	5677701.56	26490.08	5725828.81	5518072.58	100.8477	97.1884928	-207756.24	7/31/2026	Model2501	100	LMMSOFRFLAT	RFRSwap	5.47009	4.876374	5.211983681	-0.9529805	0.050871652	 2,888 	0.1173	0.2336	0.4813	1.1131	1.8125	1.2801	0.1993	8.3006	8.255	59.6802	67.34933	0.99539471	0.0698	5.573	6	236674.9844	NA	NA	0.7253	0.007664117	8.05714128	1.5278	0.015989929	7.05490804	3.5745	0.036484912	4.46612613	6.2464	0.057552848	-5.4670005	6.9432	0.059871003	-11.37556624	7.2425	0.058158245	-17.3032693
AFS	793867	3618MN7L9	Agency MBS 30yr	A-3-Q	GOVERNMENT NATIONAL MORTGAGE A	0.99566963	5	57040	5506483	5482637.89	23970.85	5511211.29	5328493.04	100.5212	97.1884911	-182718.25	7/31/2026	Model2501	100	LMMSOFRFLAT	RFRSwap	5.513242	4.914968	4.821135521	-1.234274	0.047056768	 2,580 	0.1512	0.2847	0.4909	1.0087	1.5884	1.1406	0.1877	7.2403	9.8816	64.3111	75.56782	0.99566963	0.0179	5.731	5	261225.2969	NA	NA	0.8206	0.008584857	7.01451789	1.2568	0.013029193	6.06500661	3.0185	0.030659111	3.96400825	6.0486	0.055894073	-5.19679985	6.9354	0.060039319	-11.03530306	7.3936	0.059558477	-17.05110037
AFS	793866	3618MN7M7	Agency MBS 30yr	A-3-Q	GOVERNMENT NATIONAL MORTGAGE A	0.99542639	5	57040	5438071	5413199.38	25003.75	5441621.87	5261013.88	100.5251	97.1886218	-180607.99	7/31/2026	Model2501	100	LMMSOFRFLAT	RFRSwap	5.494429	4.919862	4.902540207	-1.255807	0.047851384	 2,590 	0.1449	0.2747	0.4877	1.0276	1.6281	1.1809	0.1925	7.5464	9.4299	59.3199	73.28697	0.99542639	0.1015	5.743	6	285018.4062	NA	NA	0.7888	0.008246519	6.94269087	1.1747	0.012176944	6.05620093	3.0153	0.030640725	4.01274896	6.1496	0.05677405	-5.28306809	7.0338	0.060773924	-11.20305227	7.4584	0.059914079	-17.27426435
AFS	767625	3618MNK26	Agency MBS 30yr	A-3-Q	GOVERNMENT NATIONAL MORTGAGE A	0.99314129	5	57011	6033525	5992142.8	41642.45	6029127.85	5824625.68	100.6172	97.204387	-204502.17	7/31/2026	Model2501	100	LMMSOFRFLAT	RFRSwap	5.460795	4.914675	5.126256466	-1.177867	0.050043054	 2,999 	0.1226	0.2539	0.4871	1.0945	1.7562	1.2594	0.185	8.2263	7.9926	54.902	66.79373	0.99314129	0.2966	5.583	6	285493.8125	NA	NA	0.6043	0.006318415	6.93871067	1.0437	0.010841779	6.25774594	3.1423	0.032002423	4.22386776	6.3046	0.058101416	-5.46376399	7.0865	0.061056439	-11.46215998	7.4252	0.059474628	-17.52226123
AFS	767624	3618MNK34	Agency MBS 30yr	A-3-Q	GOVERNMENT NATIONAL MORTGAGE A	0.9941902	5	57011	6844907	6805139.46	40042.5	6851356.82	6614875.89	100.6792	97.2041194	-236480.93	7/31/2026	Model2501	100	LMMSOFRFLAT	RFRSwap	5.456863	4.906517	5.212883472	-1.120293	0.050888579	 3,463 	0.1175	0.2461	0.4847	1.1066	1.798	1.288	0.202	8.4018	7.9315	55.1908	65.85596	0.9941902	0.0958	5.608	6	261855.4844	NA	NA	0.5731	0.006009235	7.23267787	1.138	0.011851885	6.53033365	3.296	0.033608083	4.34464774	6.3567	0.05854186	-5.52631346	7.1224	0.061297715	-11.55749866	7.459	0.059660032	-17.63701688
AFS	767626	3618MNKX8	Agency MBS 30yr	A-3-Q	GOVERNMENT NATIONAL MORTGAGE A	0.99424457	5	57011	10071380	10013414.88	58463.26	10097987.36	9733506.45	100.8446	97.2046656	-364480.91	7/31/2026	Model2501	100	LMMSOFRFLAT	RFRSwap	5.393606	4.90744	5.935761452	-1.044449	0.057945695	 5,802 	0.0863	0.2003	0.438	1.0988	2.1942	1.7039	0.2469	9.9505	5.5969	47.163	53.43201	0.99424457	0.0725	5.659	7	476829.2812	NA	NA	0.5688	0.006046516	8.69098406	1.4502	0.015297712	7.86423127	4.0032	0.041116383	5.08832002	7.0104	0.064111345	-6.16964072	7.6243	0.064777724	-12.65868029	7.7717	0.061117463	-18.9800995
AFS	793870	3618MPAA4	Agency MBS 30yr	A-3-Q	GOVERNMENT NATIONAL MORTGAGE A	0.99514549	5	57040	4922434	4898537.99	24036.02	4926815.4	4760817.92	100.5773	97.1885473	-165997.49	7/31/2026	Model2501	100	LMMSOFRFLAT	RFRSwap	5.496943	4.910272	4.932096958	-1.197035	0.048139837	 2,358 	0.142	0.2688	0.4836	1.0381	1.6727	1.1848	0.1732	7.6188	9.201	61.1231	72.91798	0.99514549	0.1285	5.725	5	234092.6406	NA	NA	0.7041	0.007370059	7.07223461	1.2285	0.012753461	6.21160544	3.1011	0.031530879	4.07177907	6.1313	0.05660313	-5.28696951	6.9779	0.060312107	-11.17275059	7.4034	0.05952692	-17.20014583
HTM	875945	3618MQMC5	Agency MBS 30yr	A-3-Q	GOVERNMENT NATIONAL MORTGAGE A	0.99669562	5.5	57071	32769168	32660886.22	0	32859830.16	32571614.15	100.6091	99.7266698	-288216.01	7/31/2026	Model2501	100	LMMSOFRFLAT	RFRSwap	5.560714	5.414942	4.285840511	-1.722404	0.042937692	 14,024 	0.1756	0.3079	0.4924	0.9909	1.3232	0.9065	0.1228	7.5435	9.2773	53.9758	79.92803	0.99669562	0.1035	5.985	5	389017.7188	NA	NA	0.788	0.008307085	5.22889139	0.6979	0.007307472	4.5251033	2.0257	0.020956626	3.27034683	5.7168	0.054440256	-4.95562759	6.6694	0.059678711	-10.70370655	7.1944	0.060033906	-16.74002199
AFS	804360	3618MU2P9	Agency MBS 30yr	A-3-Q	GOVERNMENT NATIONAL MORTGAGE A	0.99643598	5	57071	11829517	11787356.36	42051.94	11757003.19	11455958.85	99.7425	97.188534	-301044.35	7/31/2026	Model2501	100	LMMSOFRFLAT	RFRSwap	5.458656	5.051439	5.40925169	-0.9677228	0.052797113	 6,223 	0.1071	0.2317	0.4785	1.1377	1.9078	1.3578	0.2151	8.5561	8.0566	58.6502	66.79845	0.99643598	0.1207	5.65	4	262009.3125	NA	NA	1.2164	0.01297571	9.06402476	1.925	0.020243229	7.55643037	3.7735	0.038588189	4.6559046	6.4809	0.059585381	-5.66508451	7.2062	0.061850786	-11.77565912	7.5205	0.059947986	-17.89274744
AFS	804358	3618MU2R5	Agency MBS 30yr	A-3-Q	GOVERNMENT NATIONAL MORTGAGE A	0.99610133	5	57071	10132075	10092573.38	39390.52	10064243.77	9808839.99	99.7193	97.1886913	-255403.78	7/31/2026	Model2501	100	LMMSOFRFLAT	RFRSwap	5.452054	5.055035	5.475180149	-0.9689575	0.053440694	 5,394 	0.1016	0.2292	0.4783	1.1496	1.9543	1.3759	0.2116	8.6518	7.9559	57.7135	66.53495	0.99610133	0.2531	5.674	4	288428.4375	NA	NA	1.2576	0.013434991	9.22443123	1.9567	0.020601844	7.68430919	3.8475	0.039373122	4.72915267	6.5435	0.060120702	-5.7263232	7.2617	0.062248111	-11.88420677	7.5586	0.06014755	-18.03075254
HTM	875405	3618MXQU6	Agency MBS 30yr	A-3-Q	GOVERNMENT NATIONAL MORTGAGE A	0.99599612	5.5	57071	30624030	30501415.06	0	30725227.47	30542503.09	100.7338	100.1347086	-182724.38	7/31/2026	Model2501	100	LMMSOFRFLAT	RFRSwap	5.494974	5.399114	4.376727581	-1.679904	0.044026837	 13,429 	0.1626	0.3107	0.503	1.0215	1.3662	0.928	0.1223	7.8537	8.8715	47.0663	72.12711	0.99599612	0.3824	5.948	4	386263.4062	NA	NA	0.7725	0.008180362	5.30571788	0.655	0.00689201	4.63430774	2.0802	0.021627555	3.37694433	5.7887	0.055306349	-5.05148834	6.7262	0.060345054	-10.87632082	7.2273	0.060439516	-16.96643161
HTM	875403	3618MXRV3	Agency MBS 30yr	A-3-Q	GOVERNMENT NATIONAL MORTGAGE A	0.99780229	5.5	57101	35712105	35633620.15	0	35895086.35	35504306.81	100.7338	99.637103	-390779.54	7/31/2026	Model2501	100	LMMSOFRFLAT	RFRSwap	5.574896	5.39901	4.449987411	-1.635643	0.044542346	 15,872 	0.1625	0.3033	0.4973	1.0236	1.4049	0.964	0.129	7.8137	8.8196	56.2414	80.60667	0.99780229	0.0747	5.925	3	387356.9688	NA	NA	0.9788	0.010380185	5.9496033	0.9445	0.00992666	5.00819894	2.2796	0.023611944	3.4825247	5.8404	0.055490922	-5.08275305	6.77	0.060371682	-10.91982588	7.2517	0.060257643	-17.00132464
AFS	836727	3618MY2G1	Agency MBS 30yr	A-3-Q	GOVERNMENT NATIONAL MORTGAGE A	0.99750889	5	57101	2570316	2563913.06	6351.17	2543287.81	2491840.54	99.1956	97.188964	-51447.28	7/31/2026	Model2501	100	LMMSOFRFLAT	RFRSwap	5.444015	5.134169	5.500457287	-0.9566903	0.053687558	 1,377 	0.0914	0.2255	0.4986	1.176	1.9591	1.3832	0.1921	8.8272	7.3792	56.9312	64.89632	0.99750889	0.0588	5.429	3	285003.375	NA	NA	1.0258	0.010937593	9.02159369	1.8452	0.019425858	7.67347021	3.8603	0.039514568	4.75607512	6.5497	0.060167059	-5.74303661	7.2199	0.06188805	-11.88695462	7.4631	0.059428051	-17.97643933
AFS	836736	3618MYZ83	Agency MBS 30yr	A-3-Q	GOVERNMENT NATIONAL MORTGAGE A	0.99774636	5	57101	3208689	3201457.77	7175.87	3177066.55	3111451.41	99.2381	97.1885819	-65615.14	7/31/2026	Model2501	100	LMMSOFRFLAT	RFRSwap	5.432952	5.125192	5.680118561	-0.9225937	0.05544094	 1,775 	0.0855	0.2128	0.4842	1.1718	2.038	1.475	0.2384	9.2364	7.1014	56.012	61.86302	0.99774636	0.0204	5.438	3	266836.9375	NA	NA	1.1504	0.012337688	9.6429601	2.0459	0.021627828	8.10910136	4.0759	0.041803062	4.95670695	6.7162	0.061590474	-5.90156782	7.3627	0.06290368	-12.16950762	7.5921	0.060174637	-18.34534883
AFS	793871	3618N1SM1	Agency MBS 30yr	A-3-Q	GOVERNMENT NATIONAL MORTGAGE A	0.98946079	5	57040	2998223	2966624.1	31751.96	2980667.31	2883696.75	100.4734	97.2046561	-96970.56	7/31/2026	Model2501	100	LMMSOFRFLAT	RFRSwap	5.455939	4.938274	5.48974514	-0.8694741	0.053591616	 1,590 	0.0974	0.2201	0.4774	1.1645	2.0161	1.3718	0.1652	8.635	7.6172	62.4042	66.54055	0.98946079	1.7002	5.49	5	270801.6562	NA	NA	1.0582	0.011299763	9.15949624	1.8881	0.019902466	7.7870713	3.9373	0.040324233	4.79361922	6.4626	0.059406344	-5.6976626	7.0848	0.060840014	-11.74757571	7.3364	0.05860306	-17.74183685
AFS	793998	3618N26Q4	Agency MBS 30yr	A-3-Q	GOVERNMENT NATIONAL MORTGAGE A	0.99476274	5	57040	11428222	11368369.43	59899.33	11377016.56	11048794.21	100.0761	97.1889089	-328222.35	7/31/2026	Model2501	100	LMMSOFRFLAT	RFRSwap	5.49269	4.995186	4.997873306	-1.246229	0.048782028	 5,546 	0.1348	0.2605	0.4947	1.0593	1.6879	1.2048	0.1805	7.7443	9.2194	62.9128	73.63963	0.99476274	0.1706	5.432	6	231570.1406	NA	NA	0.5006	0.005230546	6.87170865	1.0678	0.011089164	6.24749994	3.1684	0.032239769	4.14791373	6.2301	0.05746134	-5.37406422	6.9987	0.060390573	-11.31678886	7.3168	0.058757979	-17.30035843
AFS	724570	3618N53W7	Agency MBS 30yr	A-3-Q	GOVERNMENT NATIONAL MORTGAGE A	0.98255595	4.5	56949	85000000	83517255.75	1442295.86	81220254.34	78325073.73	97.2497	93.7831027	-2895180.61	7/31/2026	Model2501	100	LMMSOFRFLAT	RFRSwap	5.49481	4.929974	5.781056881	-1.033234	0.054433335	 45,461 	0.1029	0.2246	0.4495	1.0695	2.0728	1.611	0.2773	8.4995	7.8445	60.9324	71.90736	0.98255595	1.5503	5.074	8	422033.5312	NA	NA	0.2825	0.002892303	8.23538942	1.4654	0.014918083	7.6419996	4.043	0.040022451	4.83321955	6.8974	0.060922116	-5.83132321	7.5481	0.062002979	-12.01392195	7.7272	0.058789331	-18.0766712
AFS	751426	3618N56G9	Agency MBS 30yr	A-3-Q	GOVERNMENT NATIONAL MORTGAGE A	0.98463594	4.5	56980	345000000	339699399.3	4791701.81	333633372.9	318563978.7	98.2143	93.778199	-15069394.18	7/31/2026	Model2501	100	LMMSOFRFLAT	RFRSwap	5.474978	4.774076	5.868723392	-1.039221	0.055255905	 187,704 	0.0958	0.2176	0.4533	1.0863	2.111	1.6483	0.2863	8.7186	7.5531	59.3392	69.2243	0.98463594	1.6281	5.056	7	410430.75	NA	NA	0.2407	0.002469909	8.46599111	1.5731	0.016042482	7.82629795	4.1326	0.040944427	4.92322993	6.9628	0.061448414	-5.90091674	7.595	0.062299661	-12.12621223	7.7577	0.058915738	-18.20846341
AFS	806535	3618N6AN7	Agency MBS 15yr	A-3-Q	GOVERNMENT NATIONAL MORTGAGE A	0.9647694	5	51533	13703303	13220527.41	334834.03	13353769.37	13166211.1	101.0078	99.5891517	-187558.27	7/31/2026	Model2501	100	LMMSOFRFLAT	RFRSwap	5.090204	4.728575	3.172000408	-0.9830647	0.031721849	 4,194 	0.2294	0.3235	0.512	0.9484	1.1376	0.0519	-0.0152	4.3789	11.5479	53.0446	52.66995	0.9647694	4.0757	5.53	8	226487.4688	NA	NA	0.7079	0.007392483	4.41941433	0.7533	0.007815138	3.73768009	1.7414	0.01785798	2.54667209	3.9436	0.038041774	-3.54071548	4.3661	0.040390957	-7.49534295	4.5341	0.040112078	-11.53758194
AFS	765699	3618N6BD8	Agency MBS 30yr	A-3-Q	GOVERNMENT NATIONAL MORTGAGE A	0.98531518	4.5	57011	325000000	320227433.5	4137749.88	313264140.3	300303519.8	97.8255	93.778199	-12960620.41	7/31/2026	Model2501	100	LMMSOFRFLAT	RFRSwap	5.479373	4.834612	5.849156857	-1.029579	0.055071682	 176,355 	0.0976	0.222	0.4529	1.0776	2.0996	1.6404	0.2876	8.672	7.6355	59.5237	69.78336	0.98531518	2.0741	5.073	6	403958.4375	NA	NA	0.416	0.00427495	8.60180524	1.6362	0.01668524	7.82055772	4.1247	0.040858366	4.90474269	6.9523	0.061365202	-5.88656338	7.5901	0.062275231	-12.10471306	7.7647	0.058983587	-18.18990716
AFS	806538	3618N6EX1	Agency MBS 15yr	A-3-Q	GOVERNMENT NATIONAL MORTGAGE A	0.97743278	5	51592	43206255	42231209.94	984871.91	42641767.68	41955063.1	100.9722	99.3461072	-686704.58	7/31/2026	Model2501	100	LMMSOFRFLAT	RFRSwap	5.150363	4.745973	3.179703474	-1.078055	0.031721603	 13,396 	0.2399	0.3288	0.5046	0.9203	1.1417	0.0737	-0.0139	4.3872	11.2183	54.2942	57.92503	0.97743278	4.6125	5.534	5	241221.7188	NA	NA	0.9077	0.009491853	4.81209948	0.9553	0.009902828	3.89435216	1.8252	0.018675974	2.55878207	4.0381	0.038836733	-3.58668117	4.5148	0.04159008	-7.64396895	4.7072	0.041400231	-11.8125542
HTM	848940	3618N6HH3	Agency MBS Other	A-3-Q	GOVERNMENT NATIONAL MORTGAGE A	0.99726239	5.5	57101	2770174	2762590.34	4466.63	2762590.34	2732887.97	100	98.9248361	-29702.37	7/31/2026	Model2501	100	LMMSOFRFLAT	RFRSwap	5.706656	5.510953	3.613862276	-2.225937	0.03591571	 992 	0.2708	0.3657	0.4134	0.7205	1.0194	0.7336	0.1041	6.3333	10.376	56.7944	97.37539	0.99726239	0.4439	6.058	3	832287.4375	NA	NA	0.733	0.007583383	4.06996591	0.6529	0.006708283	3.37046018	1.3974	0.014231908	2.46379507	5.4185	0.051425945	-4.47502587	6.5969	0.058924004	-10.0621715	7.2788	0.060631331	-16.08429683
AFS	860367	3618N6K63	Agency MBS 30yr	A-3-Q	GOVERNMENT NATIONAL MORTGAGE A	0.99816482	5	57132	20000000	19963296.4	36336.56	19764534.89	19328723.7	99.0044	96.821303	-435811.2	7/31/2026	Model2501	100	LMMSOFRFLAT	RFRSwap	5.533853	5.170836	4.92332077	-1.478265	0.04787337	 9,557 	0.1504	0.297	0.4751	0.9899	1.6357	1.2193	0.2018	7.7555	8.5541	54.5792	76.22687	0.99816482	0.8789	5.531	2	433176.1875	NA	NA	0.7687	0.007993756	6.74920854	1.1249	0.011597195	5.85639727	2.8595	0.02892494	3.91469097	6.2741	0.057661485	-5.33402503	7.1347	0.061288577	-11.33591596	7.5567	0.060284287	-17.46187694
HTM	848932	3618N6KT3	Agency MBS Other	A-3-Q	GOVERNMENT NATIONAL MORTGAGE A	0.99751381	5.5	57132	4562303	4550960.25	11342.75	4550960.25	4514415.46	100	99.1969874	-36544.78	7/31/2026	Model2501	100	LMMSOFRFLAT	RFRSwap	5.6516	5.513919	3.625731707	-2.136835	0.036132347	 1,644 	0.2752	0.3717	0.4063	0.7087	1.0159	0.7552	0.1018	6.6045	9.6252	46.8831	90.33229	0.99751381	1.7634	6.007	2	854381.875	NA	NA	0.7978	0.008280932	4.138852	0.7081	0.007295001	3.36857183	1.3878	0.014172156	2.46329352	5.5102	0.052413154	-4.53570992	6.6888	0.059821598	-10.21938707	7.343	0.061197877	-16.31331917
HTM	874339	3618N6MW4	Agency MBS Other	A-3-Q	GOVERNMENT NATIONAL MORTGAGE A	1	5	57162	59136263	59136263	0	57863986.65	56959130.37	97.8486	96.3184474	-904856.28	7/31/2026	Model2501	100	LMMSOFRFLAT	RFRSwap	5.588691	5.344182	4.973505497	-1.336259	0.04811126	 28,451 	0.1501	0.3132	0.4717	0.9446	1.6212	1.3046	0.2308	7.9354	7.6904	53.2111	79.20248	1	NA	5.564	1	883606.5	NA	NA	0.8636	0.00891846	6.53791829	1.0575	0.010822847	5.60992853	2.6554	0.026697466	3.80349051	6.4519	0.058924429	-5.40611191	7.3206	0.062373132	-11.53346585	7.7167	0.060944486	-17.75797436
HTM	874340	3618N6NA1	Agency MBS 30yr	A-3-Q	GOVERNMENT NATIONAL MORTGAGE A	1	5	57162	25000000	25000000	0	24543991.79	24205325.75	98.176	96.821303	-338666.04	7/31/2026	Model2501	100	LMMSOFRFLAT	RFRSwap	5.527542	5.303559	4.996392727	-1.434325	0.04858391	 12,146 	0.1434	0.2962	0.4798	0.9963	1.67	1.2457	0.2095	7.9494	8.3893	54.6799	75.17312	1	NA	5.545	1	429333.1875	NA	NA	0.9022	0.009417019	7.14434029	1.2665	0.013089973	6.11546745	2.9781	0.030149583	4.00067417	6.3239	0.058083974	-5.38907968	7.1583	0.061433494	-11.41617928	7.5676	0.060305294	-17.54868849
AFS	698085	3618NVNZ1	Agency MBS 30yr	A-3-Q	GOVERNMENT NATIONAL MORTGAGE A	0.97870334	4.5	56888	40031716	39179174.16	770825.99	37886208.01	36441411.63	96.6999	93.0121995	-1444796.39	7/31/2026	Model2501	100	LMMSOFRFLAT	RFRSwap	5.527013	4.974358	6.200133801	-0.8061966	0.057901312	 22,685 	0.0681	0.1719	0.4619	1.1899	2.2718	1.7736	0.2998	9.3286	6.2775	67.2276	70.81651	0.97870334	1.3554	4.915	11	391134.5938	NA	NA	0.1208	0.001244934	9.70659749	2.121	0.021680741	8.82988807	4.7058	0.046430927	5.2792534	7.0706	0.061766282	-6.03103234	7.593	0.061606571	-12.25110282	7.6653	0.057613567	-18.22596367
AFS	753053	3618V4ES8	Agency MBS 30yr	A-3-Q	GOVERNMENT NATIONAL MORTGAGE A	0.99341674	5	56980	2307632	2292440.26	15221.41	2296817	2228347.54	100.1909	97.2041708	-68469.45	7/31/2026	Model2501	100	LMMSOFRFLAT	RFRSwap	5.480065	4.977807	5.238254547	-0.9998833	0.051136281	 1,172 	0.1248	0.2304	0.4628	1.0813	1.8047	1.3393	0.2203	8.221	8.5999	61.6722	68.5611	0.99341674	-0.0091	5.512	7	255392.625	NA	NA	0.9593	0.010173881	8.43717822	1.7144	0.017970433	7.20132659	3.6194	0.036959168	4.49242742	6.3356	0.058351845	-5.51964416	7.1007	0.061129566	-11.53091647	7.4665	0.059744369	-17.60409403
AFS	753055	3618V4ET6	Agency MBS 30yr	A-3-Q	GOVERNMENT NATIONAL MORTGAGE A	0.99260565	5	56980	1729652	1716862.35	12806.64	1719077.2	1668867.11	100.129	97.2044798	-50210.08	7/31/2026	Model2501	100	LMMSOFRFLAT	RFRSwap	5.489435	4.986494	5.092236996	-1.016452	0.049711004	 853 	0.1306	0.2361	0.4672	1.0714	1.7417	1.2805	0.1897	7.8915	8.783	63.7328	70.25423	0.99260565	0.0835	5.542	7	286369.2812	NA	NA	1.0134	0.010720025	8.16652671	1.6474	0.017224802	6.93527394	3.4825	0.03550978	4.34581974	6.1748	0.056955427	-5.38266016	6.9092	0.059676476	-11.24808494	7.2757	0.058522172	-17.1858105
AFS	827525	3618V8HQ0	Agency MBS 30yr	A-3-Q	GOVERNMENT NATIONAL MORTGAGE A	0.99736027	5	57101	22448410	22389152.26	58952.19	22274210.41	21759716.55	99.4866	97.1886577	-514493.86	7/31/2026	Model2501	100	LMMSOFRFLAT	RFRSwap	5.484548	5.093785	5.003545761	-1.201048	0.048837271	 10,934 	0.1377	0.2724	0.4885	1.0452	1.6736	1.2212	0.198	7.7765	8.9783	58.1863	71.22557	0.99736027	0.288	5.706	3	276715.1875	NA	NA	1.0007	0.010529876	7.61620451	1.4574	0.01516595	6.45452121	3.1908	0.032464325	4.13939922	6.215	0.057332262	-5.35753419	7.0714	0.061017297	-11.31788938	7.4799	0.05999044	-17.40334947
AFS	857350	3618VCGM1	Agency MBS 30yr	A-3-Q	GOVERNMENT NATIONAL MORTGAGE A	0.99626738	5	57071	18767753	18697700.11	21949.19	18453097.23	18076237.04	98.6918	96.6762593	-376860.18	7/31/2026	Model2501	100	LMMSOFRFLAT	RFRSwap	5.541887	5.216516	5.310187817	-1.164106	0.051558167	 9,640 	0.1197	0.2526	0.4783	1.0861	1.8246	1.3643	0.2257	8.2402	8.5602	57.995	78.8188	0.99626738	0.1748	5.503	4	564714.6875	NA	NA	1.3225	0.013939205	8.30685903	1.6632	0.017292291	6.87415497	3.3862	0.03435998	4.37874339	6.5476	0.059890632	-5.6239735	7.3681	0.062840506	-11.80551987	7.6688	0.060634904	-18.02629212
AFS	795336	3618VCUS2	Agency MBS 30yr	A-3-Q	GOVERNMENT NATIONAL MORTGAGE A	0.9951944	5	57040	5439072	5412934	26105.33	5406173.15	5260767.05	99.8751	97.1888268	-145406.1	7/31/2026	Model2501	100	LMMSOFRFLAT	RFRSwap	5.43957	5.031919	5.405292511	-1.113849	0.052758623	 2,856 	0.1007	0.2346	0.4963	1.1446	1.8634	1.3689	0.2245	8.8821	7.2296	53.3779	62.62768	0.9951944	0.0774	5.332	5	271443.8438	NA	NA	0.6441	0.006781934	7.68785539	1.1826	0.012363341	6.94242513	3.5508	0.036282144	4.57522352	6.5426	0.060129773	-5.70078903	7.2724	0.06235107	-11.86916019	7.5114	0.059793726	-18.00144296
AFS	806091	3618VDB44	Agency MBS 30yr	A-3-Q	GOVERNMENT NATIONAL MORTGAGE A	0.99634271	5	57071	5220442	5201349.33	19021.07	5181928.64	5055115.95	99.6266	97.1885491	-126812.69	7/31/2026	Model2501	100	LMMSOFRFLAT	RFRSwap	5.441031	5.068888	5.495493412	-0.9829828	0.053638883	 2,790 	0.0973	0.2242	0.4815	1.1575	1.9613	1.3877	0.2133	8.918	7.5104	54.1715	63.97796	0.99634271	0.151	5.529	4	260217.7969	NA	NA	0.8054	0.008553519	8.59482079	1.6592	0.017436475	7.48411022	3.7725	0.038600244	4.7137966	6.5674	0.06032636	-5.74791708	7.2768	0.06234964	-11.92296081	7.5473	0.060029116	-18.0676611
AFS	806092	3618VDB51	Agency MBS 30yr	A-3-Q	GOVERNMENT NATIONAL MORTGAGE A	0.99627618	5	57071	4925832	4907489.09	18262.66	4886123.49	4769524.18	99.5646	97.1886864	-116599.32	7/31/2026	Model2501	100	LMMSOFRFLAT	RFRSwap	5.433926	5.077738	5.602689266	-0.9804208	0.054685246	 2,684 	0.0878	0.214	0.4855	1.1907	2.0231	1.4129	0.2167	9.079	7.2906	54.4489	62.9753	0.99627618	0.185	5.559	4	288762.3125	NA	NA	0.8182	0.008711898	8.87033915	1.7121	0.018034097	7.73038557	3.9158	0.040117051	4.84332819	6.6548	0.061067376	-5.84046425	7.334	0.06272918	-12.07366783	7.5784	0.060146164	-18.24038975
AFS	826084	3618VFBQ0	Agency MBS 30yr	A-3-Q	GOVERNMENT NATIONAL MORTGAGE A	0.99761044	5	57101	5428031	5415060.39	12942.23	5403224.29	5262811.21	99.7814	97.188412	-140413.08	7/31/2026	Model2501	100	LMMSOFRFLAT	RFRSwap	5.467335	5.045216	5.365605354	-0.9441969	0.052371033	 2,836 	0.1105	0.2355	0.482	1.1332	1.8763	1.3331	0.2202	8.4049	8.3893	60.3155	68.21555	0.99761044	0.1499	5.663	3	235486.6875	NA	NA	1.3567	0.014511539	9.35912223	2.0998	0.022102872	7.65640763	3.8075	0.038929775	4.64012585	6.4296	0.059143454	-5.61841528	7.1714	0.061610851	-11.69337236	7.5192	0.060005572	-17.8023589
AFS	826085	3618VFBS6	Agency MBS 30yr	A-3-Q	GOVERNMENT NATIONAL MORTGAGE A	0.99775968	5	57101	8233919	8215472.39	18400.5	8194965.35	7984495.37	99.7504	97.1885121	-210469.98	7/31/2026	Model2501	100	LMMSOFRFLAT	RFRSwap	5.447339	5.050323	5.519544601	-0.9418483	0.053873613	 4,426 	0.1015	0.2248	0.4713	1.1456	1.9655	1.4126	0.2246	8.7999	7.6874	57.1708	64.80124	0.99775968	0.0445	5.66	3	265136.5625	NA	NA	1.4086	0.015098776	9.58232836	2.1156	0.022310406	7.85245388	3.9088	0.040020581	4.77988999	6.5784	0.06041849	-5.760815	7.2847	0.062404014	-11.94091262	7.5784	0.060251895	-18.10017268
AFS	826087	3618VFBU1	Agency MBS 30yr	A-3-Q	GOVERNMENT NATIONAL MORTGAGE A	0.99782908	5	57101	8364620	8346461.08	18102.17	8320445.04	8111810.88	99.6883	97.1886265	-208634.15	7/31/2026	Model2501	100	LMMSOFRFLAT	RFRSwap	5.44694	5.059748	5.474579811	-0.9844214	0.053434797	 4,460 	0.1054	0.233	0.4743	1.1251	1.9258	1.406	0.2327	8.7532	7.7332	55.5878	64.73827	0.99782908	0.0206	5.641	3	287912.2188	NA	NA	1.3699	0.014644371	9.29751933	2.0068	0.021122612	7.65077735	3.801	0.038887419	4.70220476	6.5648	0.060311295	-5.73453551	7.2924	0.062488791	-11.91444485	7.5928	0.06037714	-18.08622262
HTM	860366	3618VM4Z3	Agency MBS 30yr	A-3-Q	GOVERNMENT NATIONAL MORTGAGE A	0.99790628	5.5	57101	11091939	11068715.59	12012.11	11181016.23	11046172.54	101.0146	99.7963355	-134843.69	7/31/2026	Model2501	100	LMMSOFRFLAT	RFRSwap	5.549168	5.349026	4.302929401	-1.715188	0.043138877	 4,775 	0.1771	0.3165	0.4997	0.9746	1.3232	0.9239	0.1226	7.5581	9.2407	51.1629	78.17445	0.99790628	0.0265	5.892	3	589070.4375	NA	NA	1.1756	0.012495359	6.03707218	1.085	0.011409516	4.89733961	2.1959	0.02274744	3.3368223	5.7551	0.054833375	-4.97685936	6.7449	0.060347442	-10.78387163	7.2785	0.060677268	-16.88933882
AFS	613511	36198T4F6	Agency MBS 15yr	A-3-Q	GOVERNMENT NATIONAL MORTGAGE A	0.02192837	3	47270	20312655	445423.41	365531.46	449700.51	437158.47	100.9602	98.1444738	-12542.05	7/31/2026	Model2501	100	LMMSOFRFLAT	RFRSwap	4.752306	1.973984	1.00782001	0.01748316	0.009916391	 44 	0.4703	0.4643	0.0683	0.0039	0.0001	0.0009	0.0001	1.0588	19.9219	61.683	57.36415	0.02192837	17.7367	3.5	146	24395.6855	NA	NA	1.0328	0.010478745	3.06021571	1.0256	0.010298876	2.0215515	1.0169	0.010107966	1.00099936	1.0047	0.009786955	-0.98444597	1.0043	0.00968477	-1.95841016	0.9969	0.009518154	-2.91880739
AFS	614556	36200C6W0	Agency CMBS	A-4-Q	GOVERNMENT NATIONAL MORTGAGE A	0.42132497	5.6	48884	721300	303901.7	35650.14	309887.6	303574	101.9697	99.8921677	-6313.61	7/31/2026	Model2501	100	LMMSOFRFLAT	RFRSwap	5.618473	4.851518	2.823123693	-0.1224277	0.028332539	 86 	0.2048	0.2815	0.5854	1.3894	0.3489	0.0101	0	3.1986	9.5874	134.8894	138.9757	0.42132497	-0.036	5.85	273	483512.125	NA	NA	2.8012	0.030534606	8.64718689	2.7447	0.029101504	5.66800346	2.7333	0.028198989	2.80823494	3.0614	0.029828642	-2.92321182	3.0231	0.028573208	-5.84174064	2.9849	0.027376007	-8.64400587
AFS	613747	36201PYR0	Agency MBS 30yr	A-3-Q	GOVERNMENT NATIONAL MORTGAGE A	0.00454803	6	48366	107304	488.02	394.29	505.1	490.4	103.5004	100.488052	-14.7	7/31/2026	Model2501	100	LMMSOFRFLAT	RFRSwap	5.720455	4.28403	2.032866716	0.0466651	0.020529525	 0 	0.2699	0.3868	0.7444	0.6304	0.0024	-0.0006	-0.0001	2.2885	10.791	152.1049	138.4109	0.00454803	16.2127	6.5	290	25502.1504	NA	NA	1.9614	0.021042513	6.29702572	2.0117	0.02115781	4.18680657	2.0352	0.020975562	2.07606324	2.0254	0.02004284	-2.02896435	2.0099	0.019492291	-4.00698754	1.9874	0.0188928	-5.92594963
AFS	613907	36201U6N9	Agency MBS 30yr	A-3-Q	GOVERNMENT NATIONAL MORTGAGE A	0.0071353	4.5	48792	28317	202.05	25.6	203.14	199.83	100.5392	98.9028772	-3.31	7/31/2026	Model2501	100	LMMSOFRFLAT	RFRSwap	4.910491	4.261132	2.502967596	0.07491482	0.024848931	 0 	0.2267	0.3271	0.657	1.1406	0.1521	0	0.0001	2.8228	11.4258	70.7571	51.67524	0.0071353	15.795	5	277	21026.9941	NA	NA	2.3099	0.024682758	7.58074605	2.4376	0.025436614	5.07124267	2.5003	0.02545185	2.51831803	2.4795	0.024010103	-2.44457567	2.4503	0.023149816	-4.80096927	2.4522	0.022607714	-7.0859907
AFS	614674	36202CR39	Agency MBS 30yr	A-3-Q	GOVERNMENT NATIONAL MORTGAGE A	0.00001519	8.5	46296	4950000	75.19	308.97	75.19	75.22	100	100.0381104	0.03	7/31/2026	Model2501	100	LMMSOFRFLAT	RFRSwap	4.894559	5.185139	0.132920802	0.000553739	0.00133913	 0 	0.1329	0	0	0	0	0	0	0.1341	25	104.5708	101.8497	0.00001519	19.0215	9	358	NA	NA	NA	0.1341	0.001355998	0.40426077	0.1337	0.001350325	0.26894709	0.1333	0.001344741	0.13419289	0.1325	0.001333547	-0.13363367	0.1322	0.001327994	-0.26671041	0.1318	0.00132248	-0.39923308
AFS	613712	36202CRY1	Agency MBS 30yr	A-3-Q	GOVERNMENT NATIONAL MORTGAGE A	0.00000311	7.5	46296	100000	0.31	9.95	0.31	0.31	100.0656	99.8640911	0	7/31/2026	Model2501	100	LMMSOFRFLAT	RFRSwap	4.753773	2.570064	0.093083702	0.000338225	0.00093539	 0 	0.0931	0	0	0	0	0	0	0.0936	0	90.4078	83.97128	0.00000311	23.0317	8.25	359	NA	NA	NA	0.0938	0.000945681	0.28215582	0.0936	0.00094223	0.18776047	0.0933	0.000938799	0.09370924	0.0928	0.000932001	-0.09336934	0.0926	0.000928634	-0.18640091	0.0923	0.000925287	-0.27909676
AFS	613183	36202D2B6	Agency MBS 30yr	A-3-Q	GOVERNMENT NATIONAL MORTGAGE A	0.01327861	4.5	48884	199990	2655.59	800.77	2666.11	2614.45	100.3961	98.4507928	-51.66	7/31/2026	Model2501	100	LMMSOFRFLAT	RFRSwap	5.085608	4.284302	2.417750597	0.06209821	0.023893612	 1 	0.2297	0.3397	0.6993	1.0713	0.0779	0.0007	0.0001	2.7125	9.2285	88.3792	70.70315	0.01327861	13.6315	5.083	276	47694.0156	NA	NA	2.1955	0.02328283	7.22112285	2.3287	0.024142537	4.84721834	2.4036	0.02433425	2.4152629	2.4024	0.023176402	-2.35522437	2.3816	0.022433082	-4.63429283	2.3828	0.021915723	-6.8499772
AFS	613221	36202D2C4	Agency MBS 30yr	A-3-Q	GOVERNMENT NATIONAL MORTGAGE A	0.01802948	4.75	48823	100000	1802.95	565.63	1818.39	1758.69	100.8565	97.5453784	-59.7	7/31/2026	Model2501	100	LMMSOFRFLAT	RFRSwap	6.381795	4.023792	1.408656359	0.03272267	0.013796551	 0 	0.3707	0.5322	0.4861	0.0183	0.0002	0.0013	0.0002	1.5221	8.8867	219.1433	212.2566	0.01802948	11.7993	5	275	15558.0166	NA	NA	1.4168	0.01447951	4.25524645	1.4192	0.014299985	2.81684854	1.4199	0.014104703	1.39534341	1.3951	0.013473189	-1.36354497	1.385	0.013191608	-2.69600469	1.3823	0.0129849	-4.00443512
AFS	612514	36202D2D2	Agency MBS 30yr	A-3-Q	GOVERNMENT NATIONAL MORTGAGE A	0.01121483	5	48884	25073	281.19	81.46	285.9	279.85	101.6735	99.5222909	-6.05	7/31/2026	Model2501	100	LMMSOFRFLAT	RFRSwap	5.139338	4.277634	2.438842773	0.05269941	0.024373541	 0 	0.2303	0.3357	0.6909	1.0968	0.0874	-0.0015	-0.0003	2.7655	8.9111	93.4819	75.70368	0.01121483	14.4392	5.431	275	41460.8516	NA	NA	2.2303	0.023930298	7.35705859	2.3447	0.0245883	4.92773004	2.4127	0.024705449	2.45784983	2.43	0.023700297	-2.40595553	2.4085	0.022928873	-4.73722727	2.3975	0.022282744	-6.99628743
AFS	614811	36202D3F6	Agency MBS 30yr	A-3-Q	GOVERNMENT NATIONAL MORTGAGE A	0.00706791	4.5	48945	50879	359.61	45.37	360.71	353.09	100.3053	98.1876142	-7.62	7/31/2026	Model2501	100	LMMSOFRFLAT	RFRSwap	5.136086	4.341298	2.660947323	0.06427538	0.026226992	 0 	0.21	0.3126	0.6524	1.2846	0.201	0.0013	0.0003	3.0174	9.2285	91.9555	72.83305	0.00706791	16.2643	5.185	273	59459.7461	NA	NA	2.3464	0.024972595	7.86502114	2.5253	0.026229229	5.30259521	2.6323	0.02664198	2.64830719	2.6509	0.025442792	-2.58621185	2.6237	0.024525976	-5.08386271	2.6175	0.02383549	-7.49960253
AFS	614453	36202D3G4	Agency MBS 30yr	A-3-Q	GOVERNMENT NATIONAL MORTGAGE A	0.00782652	5	48945	126055	986.57	310.13	1003.65	981.78	101.7307	99.5141332	-21.87	7/31/2026	Model2501	100	LMMSOFRFLAT	RFRSwap	5.142383	4.257668	2.450698853	0.05466531	0.02449003	 0 	0.23	0.3336	0.6821	1.1097	0.0973	-0.0012	-0.0002	2.779	9.2773	93.6419	75.81541	0.00782652	16.0414	5.542	273	36286.168	NA	NA	2.2556	0.024212789	7.4130311	2.3642	0.024797788	4.95989794	2.4282	0.024865741	2.47127234	2.4422	0.023814371	-2.41731217	2.4189	0.023021424	-4.75914222	2.4087	0.022377919	-7.02674549
AFS	613172	36202D6D8	Agency MBS 30yr	A-3-Q	GOVERNMENT NATIONAL MORTGAGE A	0.01247255	5	49096	25000	311.81	74.45	317.51	310.13	101.8279	99.4616107	-7.38	7/31/2026	Model2501	100	LMMSOFRFLAT	RFRSwap	5.154697	4.287101	2.654863834	0.06260037	0.026516324	 0 	0.213	0.3143	0.6536	1.2848	0.1924	-0.0021	-0.0004	3.0441	8.4473	93.8561	74.68649	0.01247255	14.7269	5.509	267	42665.875	NA	NA	2.4046	0.025941623	8.00288114	2.5415	0.026747767	5.36429994	2.6231	0.026900703	2.67546394	2.6447	0.025723549	-2.6147422	2.6194	0.024815783	-5.14147802	2.6066	0.024057347	-7.58296833
AFS	614152	36202D7G0	Agency MBS 30yr	A-3-Q	GOVERNMENT NATIONAL MORTGAGE A	0.0101428	5	49157	301155	3054.55	413.99	3109.16	3037.68	101.7877	99.4475868	-71.48	7/31/2026	Model2501	100	LMMSOFRFLAT	RFRSwap	5.163749	4.27556	2.56575489	0.04918502	0.02562272	 1 	0.2282	0.3044	0.6061	1.2237	0.2063	-0.0018	-0.0004	2.9426	10.7422	94.6679	75.63454	0.0101428	15.6604	5.616	266	41957.5273	NA	NA	2.2913	0.024642751	7.6870276	2.4447	0.025676627	5.16589691	2.5284	0.025901819	2.58035215	2.5641	0.024956562	-2.53217695	2.5451	0.024147183	-4.98728336	2.5364	0.023461416	-7.36607979
AFS	614407	36202DFZ9	Agency MBS 30yr	A-3-Q	GOVERNMENT NATIONAL MORTGAGE A	0.00055356	8	47515	200000	110.71	48.48	115.17	113.58	104.0282	102.5922046	-1.59	7/31/2026	Model2501	100	LMMSOFRFLAT	RFRSwap	5.797228	4.726883	1.289129376	0.03200027	0.013311405	 0 	0.4022	0.5362	0.351	0.0002	-0.0001	-0.0003	0	1.4069	13.2812	162.813	155.7466	0.00055356	20.9748	8.7	319	18620.3477	NA	NA	1.3245	0.014223106	4.12874815	1.3114	0.013898537	2.72379253	1.3026	0.013626369	1.34722724	1.2734	0.012981777	-1.31455147	1.2621	0.012704792	-2.59799643	1.2561	0.012486098	-3.85775216
AFS	613952	36202DH95	Agency MBS 30yr	A-3-Q	GOVERNMENT NATIONAL MORTGAGE A	0.00058078	7	47696	22485144	13058.92	6117.92	13790.58	13500.61	105.6028	103.382285	-289.97	7/31/2026	Model2501	100	LMMSOFRFLAT	RFRSwap	4.552338	3.117442	1.457200527	0.03935516	0.015149875	 2 	0.3627	0.5202	0.547	0.0278	-0.0001	-0.0004	0	1.5852	10.5469	40.0414	28.98919	0.00058078	21.331	7.824	314	27205.4355	NA	NA	1.4903	0.016196612	4.71146046	1.4844	0.015894076	3.10690918	1.4727	0.015537205	1.5347269	1.438	0.014735747	-1.4942736	1.4197	0.014341877	-2.94784894	1.4026	0.013969957	-4.36333456
AFS	614563	36202DHV6	Agency MBS 30yr	A-3-Q	GOVERNMENT NATIONAL MORTGAGE A	0.00031925	7	47665	10000000	3192.5	817.35	3350.32	3300.48	104.9434	103.382285	-49.84	7/31/2026	Model2501	100	LMMSOFRFLAT	RFRSwap	4.683498	3.721495	1.537545562	0.04442278	0.015985187	 1 	0.3466	0.4849	0.6282	0.0789	-0.0004	-0.0006	-0.0001	1.6823	12.5	52.8394	40.95693	0.00031925	23.0048	7.643	313	11374.6865	NA	NA	1.5593	0.016985275	4.96282351	1.5589	0.016718406	3.27839083	1.5542	0.016410692	1.62059709	1.5166	0.015528259	-1.57534391	1.5024	0.015152868	-3.10854687	1.4893	0.014797915	-4.60644607
AFS	614730	36202DKK6	Agency MBS 30yr	A-3-Q	GOVERNMENT NATIONAL MORTGAGE A	0.00044798	7	47788	24000000	10751.52	5517.17	11341.95	11115.17	105.4916	103.382285	-226.79	7/31/2026	Model2501	100	LMMSOFRFLAT	RFRSwap	4.624401	3.299326	1.49836731	0.0394803	0.015577869	 2 	0.3529	0.4849	0.6008	0.0616	-0.0008	-0.001	-0.0001	1.639	12.9883	47.0988	35.47892	0.00044798	22.5172	7.829	310	23723.9727	NA	NA	1.4863	0.016164165	4.78551032	1.4991	0.016061809	3.17644338	1.5073	0.015907941	1.57584633	1.4788	0.015147236	-1.53610872	1.4702	0.014839044	-3.03400198	1.4652	0.014573303	-4.50523408
AFS	613414	36202DLV1	Agency MBS 30yr	A-3-Q	GOVERNMENT NATIONAL MORTGAGE A	0.00065895	7	47880	9710318	6398.61	2884.26	6861.52	6615.03	107.2345	103.382285	-246.49	7/31/2026	Model2501	100	LMMSOFRFLAT	RFRSwap	4.845024	2.669008	1.646114111	0.04768799	0.017113926	 1 	0.3266	0.4646	0.7124	0.1442	-0.0007	-0.0009	-0.0001	1.8139	11.2305	68.2861	55.75645	0.00065895	21.6235	7.768	307	21696.1484	NA	NA	1.6716	0.018268269	5.31948223	1.6683	0.017930683	3.51022164	1.6614	0.017561192	1.73464173	1.6252	0.016622735	-1.68643199	1.6117	0.0162197	-3.32773501	1.5984	0.015830135	-4.93062263
AFS	614774	36202DVX6	Agency MBS 30yr	A-3-Q	GOVERNMENT NATIONAL MORTGAGE A	0.02069344	4.5	48549	45000	931.2	222.9	933.55	919.38	100.2519	98.7304737	-14.17	7/31/2026	Model2501	100	LMMSOFRFLAT	RFRSwap	5.011739	4.322395	2.198662758	0.08138826	0.021789951	 0 	0.2475	0.3775	0.7892	0.778	0.0067	-0.0002	0	2.4399	7.6172	82.9656	66.32218	0.02069344	11.381	5.224	285	33214.2266	NA	NA	2.1868	0.023163656	6.81949826	2.2277	0.023080798	4.50312551	2.2256	0.022550784	2.21815916	2.1633	0.020976888	-2.1383365	2.1285	0.020201169	-4.19648244	2.1069	0.019577783	-6.18372027
AFS	613135	36202DWE7	Agency MBS 30yr	A-3-Q	GOVERNMENT NATIONAL MORTGAGE A	0.00603042	5	48611	40000	241.22	69.58	245.28	240.22	101.6855	99.5850464	-5.07	7/31/2026	Model2501	100	LMMSOFRFLAT	RFRSwap	5.120925	4.181995	2.189309359	0.04643572	0.021893468	 0 	0.2529	0.3693	0.7385	0.8131	0.0169	-0.0006	-0.0001	2.4492	9.6924	92.6792	76.83137	0.00603042	16.1293	5.848	283	36001.293	NA	NA	2.0685	0.022063954	6.66534164	2.14	0.022351261	4.44298099	2.1769	0.022250647	2.20894344	2.1809	0.021337982	-2.16308266	2.1607	0.02068568	-4.2644148	2.1486	0.020131629	-6.30328494
AFS	613844	36202DWU1	Agency MBS 30yr	A-3-Q	GOVERNMENT NATIONAL MORTGAGE A	0.00680682	5	48639	25000	170.17	48.54	173.07	169.42	101.7039	99.5567969	-3.65	7/31/2026	Model2501	100	LMMSOFRFLAT	RFRSwap	5.129699	4.217546	2.302847862	0.04992821	0.023022369	 0 	0.2417	0.3538	0.7181	0.9486	0.0419	-0.0006	-0.0001	2.5887	9.4971	93.1221	76.43131	0.00680682	15.7117	5.834	282	38036.25	NA	NA	2.1925	0.023460962	7.03426021	2.2563	0.023612462	4.67913233	2.2898	0.023423808	2.32380547	2.2945	0.022417407	-2.27375807	2.2711	0.021687323	-4.47935743	2.2522	0.021026358	-6.61326487
AFS	613388	36202DXB2	Agency MBS 30yr	A-3-Q	GOVERNMENT NATIONAL MORTGAGE A	0.00775058	5	48670	50000	387.53	98.54	394.22	385.78	101.7259	99.5496558	-8.43	7/31/2026	Model2501	100	LMMSOFRFLAT	RFRSwap	5.131819	4.218988	2.327478409	0.04893722	0.023266945	 0 	0.2395	0.3515	0.7141	0.975	0.049	-0.0009	-0.0002	2.6215	9.375	93.0966	76.3084	0.00775058	15.4355	5.813	280	38632.4492	NA	NA	2.1835	0.023371344	7.07141439	2.2633	0.023693115	4.71661057	2.3089	0.023623375	2.34666323	2.3198	0.022656847	-2.29809858	2.2979	0.021930406	-4.52765693	2.2834	0.021299446	-6.68719536
AFS	613787	36202DYJ4	Agency MBS 30yr	A-3-Q	GOVERNMENT NATIONAL MORTGAGE A	0.00724287	4.5	48761	50000	362.14	129.75	363.73	355.3	100.4368	98.1112809	-8.42	7/31/2026	Model2501	100	LMMSOFRFLAT	RFRSwap	5.22892	4.267481	2.41178298	0.09575157	0.023752755	 0 	0.2287	0.3449	0.7289	1.0526	0.0567	0	0	2.7056	7.7637	103.4689	85.52984	0.00724287	15.677	5.196	278	40122.7695	NA	NA	2.4002	0.025431838	7.46885114	2.4494	0.025329439	4.92492183	2.4438	0.024660164	2.42160094	2.3731	0.022819677	-2.32825037	2.3403	0.021979729	-4.56688103	2.3244	0.021327743	-6.73061933
AFS	613610	36202DYK1	Agency MBS 30yr	A-3-Q	GOVERNMENT NATIONAL MORTGAGE A	0.0099557	5	48761	100000	995.57	266.27	1012.69	990.88	101.7201	99.5289202	-21.81	7/31/2026	Model2501	100	LMMSOFRFLAT	RFRSwap	5.13763	4.249969	2.410431385	0.05459098	0.024091197	 0 	0.2327	0.3405	0.6983	1.0644	0.0765	-0.0013	-0.0002	2.7282	9.0576	93.4392	75.89391	0.0099557	14.6825	5.57	278	39283.625	NA	NA	2.2536	0.02417483	7.32413168	2.3405	0.024536109	4.88614427	2.3909	0.024477789	2.43137276	2.4003	0.023419429	-2.37765488	2.3783	0.022656273	-4.68129936	2.3666	0.022017291	-6.91307983
AFS	613209	36202DYY1	Agency MBS 30yr	A-3-Q	GOVERNMENT NATIONAL MORTGAGE A	0.01471986	4.5	48792	100000	1471.99	431.28	1478.03	1443.16	100.4109	98.0419223	-34.87	7/31/2026	Model2501	100	LMMSOFRFLAT	RFRSwap	5.256187	4.278759	2.420490742	0.06839263	0.023821726	 0 	0.2298	0.338	0.6964	1.076	0.0795	0.0013	0.0003	2.7176	9.1309	105.2482	87.72817	0.01471986	13.1576	5.081	277	42851.3438	NA	NA	2.2654	0.023944212	7.27849221	2.3645	0.024419244	4.85747093	2.4162	0.024362598	2.4121167	2.4008	0.023064343	-2.34564777	2.3763	0.022290412	-4.61210599	2.3717	0.021725796	-6.81112666
AFS	613877	36202DYZ8	Agency MBS 30yr	A-3-Q	GOVERNMENT NATIONAL MORTGAGE A	0.01021414	5	48792	141167	1441.9	412.01	1465.18	1452.86	101.6143	100.7599479	-12.31	7/31/2026	Model2501	100	LMMSOFRFLAT	RFRSwap	4.630415	4.28396	2.388093472	0.04705533	0.024161922	 0 	0.2353	0.3439	0.7056	1.0423	0.0652	-0.0033	-0.0007	2.6978	8.9844	43.7953	25.47655	0.01021414	14.658	5.406	277	38022.1914	NA	NA	2.2168	0.024048388	7.30395448	2.3017	0.024410671	4.87946304	2.3587	0.024438865	2.43353186	2.3818	0.023529777	-2.38687111	2.363	0.022796649	-4.70320775	2.3532	0.02217368	-6.95019887
AFS	614297	36202DZF1	Agency MBS 30yr	A-3-Q	GOVERNMENT NATIONAL MORTGAGE A	0.010709	5	48823	25000	267.72	80.31	272.21	269.65	101.6761	100.7178507	-2.57	7/31/2026	Model2501	100	LMMSOFRFLAT	RFRSwap	4.657199	4.277775	2.446331024	0.05172855	0.024740851	 0 	0.2298	0.3373	0.6969	1.1009	0.0858	-0.0033	-0.0007	2.7701	8.8379	46.1996	27.49154	0.010709	14.4247	5.401	276	40177.9453	NA	NA	2.2705	0.024663256	7.48907193	2.3589	0.025036767	5.00241271	2.4183	0.025060317	2.49375675	2.4379	0.02406032	-2.44229364	2.4171	0.023282569	-4.80940812	2.4058	0.02262163	-7.1030611
AFS	614247	36202DZW4	Agency MBS 30yr	A-3-Q	GOVERNMENT NATIONAL MORTGAGE A	0.01133224	4.5	48853	100152	1134.95	409.64	1139.78	1111.92	100.4261	97.971285	-27.86	7/31/2026	Model2501	100	LMMSOFRFLAT	RFRSwap	5.257631	4.282744	2.509222031	0.07577547	0.024677267	 0 	0.2217	0.3303	0.6888	1.1572	0.1112	0.0006	0.0001	2.8316	8.7402	105.0678	86.89899	0.01133224	14.2417	5.056	276	42709.7383	NA	NA	2.3083	0.024434505	7.51063292	2.4346	0.025166912	5.02751985	2.5026	0.025237631	2.49968169	2.487	0.023854725	-2.42773982	2.4652	0.023067944	-4.77198942	2.4644	0.02249893	-7.04920867
AFS	614818	36202E5X3	Agency MBS Other	A-3-Q	GOVERNMENT NATIONAL MORTGAGE A	0.01696263	5	50922	1000000	16962.63	1071.86	17812.32	16533.06	105.0092	97.4675279	-1279.26	7/31/2026	Model2501	100	LMMSOFRFLAT	RFRSwap	5.570847	3.917912	4.177269936	-0.007046236	0.040888872	 7 	0.1341	0.2211	0.492	1.3987	1.8527	0.0901	-0.007	5.3488	5.9082	120.9807	98.057	0.01696263	19.0315	5.5	207	336174.125	NA	NA	2.3062	0.024979712	10.43207909	3.0535	0.032231081	7.67042307	3.8434	0.039173003	4.03848513	4.2877	0.040225778	-4.06703525	4.3406	0.039001681	-8.03054242	4.3413	0.037348974	-11.85325236
AFS	613230	36202EAY5	Agency MBS 30yr	A-3-Q	GOVERNMENT NATIONAL MORTGAGE A	0.00925031	5	49218	100000	925.03	244.58	942.98	919.79	101.9399	99.4335493	-23.19	7/31/2026	Model2501	100	LMMSOFRFLAT	RFRSwap	5.161127	4.275933	2.746580362	0.06789588	0.027424665	 0 	0.2075	0.306	0.6348	1.3485	0.2541	-0.003	-0.0007	3.1673	8.4961	94.0941	74.15852	0.00925031	16.3016	5.697	263	58133.5547	NA	NA	2.3684	0.025584383	8.17354081	2.5849	0.027239703	5.52924489	2.7072	0.027780233	2.76662132	2.734	0.026560128	-2.7020634	2.707	0.025591837	-5.30906234	2.6952	0.024802111	-7.82624278
AFS	614405	36202EB99	Agency MBS 30yr	A-3-Q	GOVERNMENT NATIONAL MORTGAGE A	0.01350824	5	49310	50000	675.41	158.88	687.81	671.5	101.8354	99.4204755	-16.31	7/31/2026	Model2501	100	LMMSOFRFLAT	RFRSwap	5.164975	4.317917	2.771810293	0.0621499	0.027672963	 0 	0.207	0.2996	0.6178	1.3625	0.289	-0.0025	-0.0006	3.2027	8.8135	93.9556	74.02759	0.01350824	15.109	5.628	260	48431.2734	NA	NA	2.4346	0.026322322	8.27906988	2.6181	0.027598772	5.57866068	2.7286	0.028002538	2.78948162	2.766	0.026859889	-2.72992376	2.7386	0.025871685	-5.36667409	2.7235	0.025036091	-7.90933212
HTM	883855	36202EBV0	Agency MBS 30yr	A-3-Q	GOVERNMENT NATIONAL MORTGAGE A	0.01294432	5.5	49279	45000000	582494.4	0	591508.15	591058.79	101.5474	101.4702951	-449.36	7/31/2026	Model2501	100	LMMSOFRFLAT	RFRSwap	4.942561	4.915783	2.76799655	0.04627241	0.028213808	 164 	0.2071	0.2996	0.6187	1.3631	0.2877	-0.0064	-0.0014	3.2299	8.8135	71.8338	51.56164	0.01294432	15.2545	5.976	261	43743.5781	NA	NA	2.5059	0.027674548	8.5092998	2.6437	0.028453944	5.7005656	2.7272	0.028573068	2.84166791	2.778	0.027540307	-2.79116196	2.7561	0.026576765	-5.49831356	2.7331	0.02564257	-8.10776235
HTM	883715	36202ECA5	Agency MBS 30yr	A-3-Q	GOVERNMENT NATIONAL MORTGAGE A	0.01312232	5.5	49310	67222	882.11	0	903.67	902.83	102.4441	102.3488387	-0.84	7/31/2026	Model2501	100	LMMSOFRFLAT	RFRSwap	4.627981	4.594974	2.72627902	0.03177169	0.028028104	 0 	0.2119	0.3005	0.6136	1.3334	0.2782	-0.0092	-0.0019	3.1847	9.3506	40.8082	20.11674	0.01312232	15.2857	5.98	260	40247.7461	NA	NA	2.4374	0.027106548	8.40279536	2.5857	0.028041726	5.64303691	2.6787	0.028293714	2.8177516	2.7485	0.027492451	-2.77977995	2.7356	0.026622502	-5.4871176	2.718	0.025739945	-8.10401122
AFS	613605	36202EE70	Agency MBS 30yr	A-3-Q	GOVERNMENT NATIONAL MORTGAGE A	0.02209588	4.5	49553	2193574	48468.95	12641.64	50723.17	46948.3	104.6509	96.8626308	-3774.86	7/31/2026	Model2501	100	LMMSOFRFLAT	RFRSwap	5.495324	3.035661	3.057679176	0.1049097	0.029732147	 14 	0.1875	0.2756	0.5787	1.5016	0.5138	0.0015	0.0003	3.5525	8.1055	125.4388	104.0133	0.02209588	13.6091	5.081	252	54861.125	NA	NA	2.744	0.029168259	9.06132525	2.9438	0.030412979	6.07414024	3.0427	0.030504724	3.01710743	3.029	0.028569704	-2.91724096	2.9914	0.027378563	-5.71306306	2.9772	0.026448019	-8.40206047
AFS	614794	36202EEG0	Agency MBS 30yr	A-3-Q	GOVERNMENT NATIONAL MORTGAGE A	0.01198349	5	49491	110000	1318.18	302.65	1343.37	1304.35	101.9107	98.9507944	-39.02	7/31/2026	Model2501	100	LMMSOFRFLAT	RFRSwap	5.314408	4.344201	2.966194153	0.06844509	0.029474318	 0 	0.1935	0.286	0.5969	1.4613	0.4331	-0.0027	-0.0006	3.4635	8.2031	107.5188	86.79734	0.01198349	16.128	5.644	254	51436.3281	NA	NA	2.5157	0.027197547	8.74401403	2.7617	0.029078333	5.92415054	2.9088	0.029767914	2.96977387	2.9625	0.028576296	-2.90631459	2.9352	0.027490791	-5.70964949	2.9233	0.02658925	-8.41064624
AFS	613335	36202EF20	Agency MBS 30yr	A-3-Q	GOVERNMENT NATIONAL MORTGAGE A	0.01467885	5	49614	40190	589.94	126.04	601.51	584.99	101.9613	99.1597446	-16.53	7/31/2026	Model2501	100	LMMSOFRFLAT	RFRSwap	5.241119	4.340347	3.014132261	0.05767443	0.030013649	 0 	0.192	0.2811	0.5838	1.4692	0.4942	-0.0037	-0.0009	3.5343	8.374	99.682	78.69845	0.01467885	15.6447	5.604	250	56877.9961	NA	NA	2.4904	0.026993558	8.81580135	2.7672	0.029214602	6.00001009	2.9403	0.030165691	3.01749784	3.0195	0.029172165	-2.96386899	2.9964	0.028091164	-5.82725661	2.9889	0.027195675	-8.58859753
AFS	614648	36202EGN3	Agency MBS 30yr	A-3-Q	GOVERNMENT NATIONAL MORTGAGE A	0.01234918	5	49675	27048	334.02	62.27	340.25	331.29	101.8644	99.1825349	-8.96	7/31/2026	Model2501	100	LMMSOFRFLAT	RFRSwap	5.228383	4.390552	3.102036715	0.05930677	0.030896038	 0 	0.1858	0.2768	0.5796	1.4999	0.5669	-0.0043	-0.001	3.6519	8.0933	97.9408	76.54157	0.01234918	16.5165	5.63	249	56287.6914	NA	NA	2.5307	0.027496262	9.0494957	2.8329	0.029963907	6.17081803	3.0219	0.031036371	3.10579837	3.1094	0.03002041	-3.05068122	3.0849	0.028875859	-5.99588741	3.0747	0.027908338	-8.83187894
AFS	614498	36202EH36	Agency MBS 30yr	A-3-Q	GOVERNMENT NATIONAL MORTGAGE A	0.01171515	5	49796	33541	392.94	63.85	400.35	389.82	101.886	99.2053481	-10.53	7/31/2026	Model2501	100	LMMSOFRFLAT	RFRSwap	5.217723	4.397473	3.150021553	0.04151944	0.031381149	 0 	0.1833	0.2746	0.5742	1.4978	0.6299	-0.0061	-0.0015	3.7294	8.1177	95.9836	74.67674	0.01171515	17.0918	5.659	245	70262.3203	NA	NA	2.3707	0.025738126	8.94691107	2.7743	0.029355064	6.18874199	3.0355	0.031193897	3.14065039	3.1712	0.030607421	-3.10529988	3.1543	0.029496217	-6.11093113	3.1573	0.028607849	-9.01232322
HTM	883862	36202EHF9	Agency MBS 30yr	A-3-Q	GOVERNMENT NATIONAL MORTGAGE A	0.01071447	5.5	49735	26047	279.08	0	285.28	283.9	102.2201	101.725432	-1.38	7/31/2026	Model2501	100	LMMSOFRFLAT	RFRSwap	4.926046	4.772853	3.052212	0.02386957	0.031188652	 0 	0.1934	0.2749	0.5625	1.4491	0.5884	-0.0121	-0.0029	3.6506	9.0088	67.4502	45.75426	0.01071447	17.4069	6.063	246	54506.5547	NA	NA	2.4204	0.026911341	9.00108677	2.7347	0.029632472	6.17306364	2.9502	0.031066868	3.12083061	3.0882	0.030600585	-3.09525355	3.0746	0.029540276	-6.10466828	3.0543	0.028460521	-9.0030373
AFS	612641	36202EJG5	Agency MBS 30yr	A-3-Q	GOVERNMENT NATIONAL MORTGAGE A	0.01097845	5	49827	50711	556.73	133.7	567.43	552.3	101.9225	99.2053432	-15.13	7/31/2026	Model2501	100	LMMSOFRFLAT	RFRSwap	5.21537	4.396011	3.185583591	0.0442329	0.031735424	 0 	0.1804	0.272	0.5735	1.5222	0.647	-0.0059	-0.0016	3.7751	7.7148	95.7176	74.24741	0.01097845	17.4585	5.683	245	66009.3359	NA	NA	2.4526	0.026669165	9.11531827	2.8323	0.029992776	6.27472334	3.0731	0.031591762	3.17752687	3.2017	0.030890999	-3.13763786	3.1776	0.029696453	-6.16762312	3.1631	0.028638616	-9.08144245
HTM	883851	36202EJH3	Agency MBS 30yr	A-3-Q	GOVERNMENT NATIONAL MORTGAGE A	0.00879357	5.5	49827	25000	219.84	0	224.72	223.63	102.221	101.7260968	-1.09	7/31/2026	Model2501	100	LMMSOFRFLAT	RFRSwap	4.961888	4.817206	3.232101679	0.03792286	0.033027049	 0 	0.179	0.2686	0.5636	1.5159	0.7224	-0.0128	-0.0033	3.8916	7.8613	70.2991	47.86407	0.00879357	18.4915	6.061	243	61842.9844	NA	NA	2.5132	0.028069217	9.50077373	2.8731	0.031236241	6.53468026	3.1198	0.032911412	3.30786571	3.2596	0.032242563	-3.2700292	3.2364	0.030989034	-6.43368158	3.2113	0.029773438	-9.46949041
AFS	613762	36202ELU1	Agency MBS 30yr	A-3-Q	GOVERNMENT NATIONAL MORTGAGE A	0.00629322	5	50041	200401	1261.17	227.55	1285.91	1249.21	101.9616	99.0516662	-36.7	7/31/2026	Model2501	100	LMMSOFRFLAT	RFRSwap	5.24897	4.427481	3.396698713	0.04976149	0.033786394	 0 	0.1693	0.258	0.5493	1.5305	0.902	-0.0079	-0.0022	4.0807	7.373	97.4901	75.06358	0.00629322	20.425	5.7	236	71596.7344	NA	NA	2.5904	0.028272249	9.672533	2.9902	0.031736974	6.66834914	3.2663	0.033594489	3.38247086	3.4181	0.032857578	-3.33934897	3.3899	0.031495918	-6.55813656	3.3745	0.030310912	-9.64474712
AFS	614355	36202ETV1	Agency MBS Other	A-3-Q	GOVERNMENT NATIONAL MORTGAGE A	0.00203493	6	50557	9802167	19946.72	1478.51	20442.09	20138.48	102.4835	100.9613228	-303.62	7/31/2026	Model2501	100	LMMSOFRFLAT	RFRSwap	5.749816	5.37063	3.679927588	-0.05575124	0.037337031	 7 	0.1603	0.2462	0.513	1.4446	1.3421	-0.0161	-0.0074	4.7253	5.9814	140.9298	120.6794	0.00203493	27.1506	6.477	219	246723.2656	NA	NA	2.8142	0.031443238	10.26956358	3.0185	0.032766853	7.09241238	3.3884	0.035622504	3.66984723	3.7888	0.037027907	-3.73208537	3.8061	0.035809539	-7.37761465	3.8126	0.03452995	-10.89337225
AFS	613989	36202EUL1	Agency MBS Other	A-3-Q	GOVERNMENT NATIONAL MORTGAGE A	0.00274095	5.5	50587	6000000	16445.7	1152.5	16725.29	16351.52	101.7001	99.4273501	-373.77	7/31/2026	Model2501	100	LMMSOFRFLAT	RFRSwap	5.637094	5.053307	3.613005877	-0.1819492	0.036088757	 6 	0.1655	0.2548	0.5228	1.3671	1.3146	0	-0.0069	4.5891	7.8613	126.6773	109.7021	0.00274095	25.9534	5.857	217	279022.6875	NA	NA	2.1505	0.023405625	8.95123101	2.547	0.027095484	6.49661667	3.1835	0.032905221	3.47675791	3.8104	0.036666322	-3.65901982	3.8875	0.03599349	-7.29710224	3.9334	0.035021376	-10.84948827
AFS	614681	36202EV71	Agency MBS Other	A-3-Q	GOVERNMENT NATIONAL MORTGAGE A	0.00143938	5.5	50649	20000000	28787.6	1742.44	29287.53	28534.29	101.7366	99.1200629	-753.24	7/31/2026	Model2501	100	LMMSOFRFLAT	RFRSwap	5.721388	5.032273	3.530141115	-0.3165057	0.035152581	 10 	0.1773	0.2658	0.5198	1.2669	1.2892	0.0233	-0.0064	4.4954	9.8389	130.6186	117.9902	0.00143938	28.821	6.125	217	300255.375	NA	NA	2.0053	0.021618579	8.22647341	2.2592	0.023859682	6.03225872	2.9626	0.030482236	3.31180546	3.8376	0.03682236	-3.62709619	3.938	0.036341786	-7.29244058	4.0219	0.03566831	-10.89384162
AFS	613738	36202EY86	Agency MBS Other	A-3-Q	GOVERNMENT NATIONAL MORTGAGE A	0.00580243	5	50771	1000000	5802.43	361.74	6095.97	5733.95	105.0589	98.8197221	-362.02	7/31/2026	Model2501	100	LMMSOFRFLAT	RFRSwap	5.248561	3.966292	4.530004978	0.1468368	0.044954132	 3 	0.1152	0.1887	0.4447	1.4879	2.1906	0.1107	-0.0057	5.7366	4.1565	91.6004	64.28561	0.00580243	23.3906	5.5	212	311383.3125	NA	NA	3.4501	0.0387724	13.14454226	4.0256	0.043586768	9.03832116	4.3923	0.045583252	4.54418268	4.5392	0.043044552	-4.40700126	4.5046	0.040827934	-8.60077506	4.4421	0.038498141	-12.56929336
AFS	614282	36202EYD5	Agency MBS Other	A-3-Q	GOVERNMENT NATIONAL MORTGAGE A	0.00484014	5	50740	1000000	4840.14	298.79	5081.98	4717.57	104.9965	97.467542	-364.41	7/31/2026	Model2501	100	LMMSOFRFLAT	RFRSwap	5.563644	3.935602	4.296816349	0.03197172	0.042059045	 2 	0.129	0.2079	0.4701	1.4459	1.9505	0.1007	-0.0032	5.4177	5.4993	121.0952	97.4912	0.00484014	24.0384	5.75	212	358945.5	NA	NA	2.8629	0.031329345	11.54825681	3.5146	0.037260696	8.13408799	4.0276	0.041108027	4.18242198	4.3759	0.041010346	-4.1645381	4.3955	0.039426208	-8.18745425	4.3679	0.03749707	-12.03795398
AFS	613028	36202EYF0	Agency MBS Other	A-3-Q	GOVERNMENT NATIONAL MORTGAGE A	0.0017081	6	50740	2200000	3757.82	310.39	4007.44	3771.75	106.6428	100.3707163	-235.7	7/31/2026	Model2501	100	LMMSOFRFLAT	RFRSwap	5.876503	4.163579	3.158524275	-0.3659992	0.031860262	 1 	0.1982	0.2877	0.543	1.2492	0.9288	-0.0344	-0.0089	4.0921	9.7656	146.9202	136.5937	0.0017081	28.6399	6.402	212	347807.375	NA	NA	1.9658	0.021297781	7.47241533	2.053	0.021811875	5.37329179	2.5842	0.026831256	2.95792866	3.4869	0.034014653	-3.32062775	3.606	0.033947077	-6.73037974	3.6742	0.0333522	-10.09730409
AFS	613795	36202EZA0	Agency MBS Other	A-3-Q	GOVERNMENT NATIONAL MORTGAGE A	0.00246695	6	50771	4800000	11841.36	1089.76	12629.67	12000.68	106.6573	101.3454411	-628.99	7/31/2026	Model2501	100	LMMSOFRFLAT	RFRSwap	5.621552	4.249253	3.476734877	-0.08543869	0.035408963	 4 	0.1672	0.2524	0.5302	1.5038	1.0555	-0.0236	-0.0064	4.3888	6.6772	129.6054	110.395	0.00246695	27.2635	6.667	212	254825.0469	NA	NA	2.532	0.028228564	9.64090283	2.8346	0.030774789	6.72156464	3.2123	0.033833049	3.47696753	3.6155	0.035534818	-3.56005403	3.6621	0.034705322	-7.07757887	3.668	0.033509213	-10.49050492
AFS	614510	36202FEJ1	Agency MBS 30yr	A-3-Q	GOVERNMENT NATIONAL MORTGAGE A	0.03097114	5	51167	1500000	46456.71	7235.32	49469.11	46052.29	106.4843	99.1294665	-3416.82	7/31/2026	Model2501	100	LMMSOFRFLAT	RFRSwap	5.197953	3.526433	4.025121689	0.04573653	0.04006853	 19 	0.1456	0.2222	0.4871	1.3854	1.7116	0.0826	-0.0059	5.062	7.312	86.322	61.96086	0.03097114	16.8618	5.297	199	84928.25	NA	NA	2.5357	0.028042452	11.0455689	3.3532	0.035998758	7.80885982	3.8126	0.039477549	3.9998358	4.0926	0.039117146	-3.96539102	4.1421	0.037992682	-7.82277268	4.1657	0.036653928	-11.55544856
HTM	614468	36202FPE0	Agency MBS 30yr	A-3-Q	GOVERNMENT NATIONAL MORTGAGE A	0.06130436	3.5	51502	15739776	964916.89	125663.18	984150.06	881981.47	101.9932	91.4049153	-102168.59	7/31/2026	Model2501	100	LMMSOFRFLAT	RFRSwap	5.53049	3.051672	4.339330673	0.116742	0.03979018	 384 	0.1249	0.1923	0.4499	1.424	1.9706	0.1784	0.0064	5.2285	7.2266	118.282	93.57729	0.06130436	13.9306	3.981	187	101602.1094	NA	NA	3.3644	0.034847803	11.88064999	4.0049	0.039962206	8.08715184	4.2495	0.040678255	4.028705	4.4217	0.03880845	-3.92870193	4.5141	0.037886903	-7.76576396	4.5234	0.036284994	-11.47958979
HTM	613767	36202FYY6	Agency MBS 15yr	A-3-Q	GOVERNMENT NATIONAL MORTGAGE A	0.00103439	3	46327	15000000	15515.85	121169.08	15515.85	15468.17	100	99.6926927	-47.68	7/31/2026	Model2501	100	LMMSOFRFLAT	RFRSwap	4.163945	1.809977	0.131744847	0.000552848	0.001316693	 0 	0.1317	0	0	0	0	0	0	0.1326	37.5	32.8216	30.23542	0.00103439	18.6272	3.363	177	NA	NA	NA	0.1329	0.001333261	0.39748918	0.1325	0.001327722	0.26444074	0.1321	0.001322199	0.13194483	0.1314	0.001311202	-0.13139424	0.131	0.001305751	-0.26224151	0.1306	0.001300338	-0.3925456
HTM	614704	36202FZU3	Agency MBS 15yr	A-3-Q	GOVERNMENT NATIONAL MORTGAGE A	0.00146108	3	46357	23731541	34673.68	214073	34681.12	34548.83	100.0215	99.6399166	-132.29	7/31/2026	Model2501	100	LMMSOFRFLAT	RFRSwap	4.219383	1.956425	0.170342162	0.000866576	0.001701546	 1 	0.1703	0	0	0	0	0	0	0.1716	31.25	36.091	36.08189	0.00146108	18.3982	3.429	176	NA	NA	NA	0.172	0.001726967	0.51430461	0.1715	0.001718633	0.34202364	0.1709	0.001710119	0.17058462	0.1698	0.001693001	-0.16972548	0.1692	0.001684601	-0.33860498	0.1687	0.001676273	-0.50664801
AFS	613297	36202K5G6	Agency MBS ARM	A-3-Q	GOVERNMENT NATIONAL MORTGAGE A	0.00000396	5.375	46235	15031112	59.52	3451.6	0	59.4	0	99.7940505	0	7/31/2026	Model2501	100	LMMSOFRFLAT	RFRSwap	3.728684	Error	0.054579355	0.000166822	0.000547114	 0 	0.0546	0	0	0	0	0	0	0.0556	5	-4.5423	-20.64217	0.00000396	NA	6.615	359	NA	NA	NA	0.055	0.000552173	0.16489096	0.0549	0.000550477	0.10975851	0.0547	0.000548791	0.05479518	0.0544	0.000545447	-0.05462795	0.0543	0.000543788	-0.1090896	0.0542	0.000542139	-0.16338587
AFS	612386	36202K5U5	Agency MBS ARM	A-3-Q	GOVERNMENT NATIONAL MORTGAGE A	0.0000009	5.375	46235	5290000	4.76	923.94	0	4.75	0	99.7464146	0	7/31/2026	Model2501	100	LMMSOFRFLAT	RFRSwap	4.602081	Error	0.054579355	0.000166822	0.000546854	 0 	0.0546	0	0	0	0	0	0	0.0556	5	82.4323	66.69759	0.0000009	NA	6.875	359	NA	NA	NA	0.055	0.000551911	0.1648126	0.0549	0.000550216	0.10970636	0.0547	0.00054853	0.05476914	0.0544	0.000545187	-0.05460199	0.0543	0.00054353	-0.10903776	0.0542	0.000541881	-0.16330823
AFS	612384	36202K6D2	Agency MBS ARM	A-3-Q	GOVERNMENT NATIONAL MORTGAGE A	0.00000653	5.375	46266	6578734	42.96	1665.23	43.03	42.87	100.1585	99.7899708	-0.16	7/31/2026	Model2501	100	LMMSOFRFLAT	RFRSwap	3.803322	-2.817995	0.054579355	0.000166822	0.000547092	 0 	0.0546	0	0	0	0	0	0	0.0556	5	2.8901	-13.17834	0.00000653	NA	6.631	359	NA	NA	NA	0.055	0.000552151	0.16488424	0.0549	0.000550455	0.10975405	0.0547	0.000548769	0.05479295	0.0544	0.000545424	-0.05462572	0.0543	0.000543766	-0.10908516	0.0542	0.000542117	-0.16337922
AFS	614260	36202K6G5	Agency MBS ARM	A-3-Q	GOVERNMENT NATIONAL MORTGAGE A	0.00000301	5.375	46266	18570904	55.9	1793.93	55.96	55.75	100.1143	99.7378717	-0.2	7/31/2026	Model2501	100	LMMSOFRFLAT	RFRSwap	4.759154	-2.036617	0.054579355	0.000166822	0.000546808	 0 	0.0546	0	0	0	0	0	0	0.0556	5	98.0744	82.40482	0.00000301	NA	6.231	359	NA	NA	NA	0.055	0.000551864	0.16479855	0.0549	0.000550169	0.109697	0.0547	0.000548484	0.05476447	0.0544	0.000545141	-0.05459733	0.0543	0.000543483	-0.10902846	0.0542	0.000541835	-0.1632943
AFS	613954	36202K6Y6	Agency MBS ARM	A-3-Q	GOVERNMENT NATIONAL MORTGAGE A	0.00003236	5.125	46296	2004999	64.88	434.32	64.88	64.77	100	99.8321062	-0.11	7/31/2026	Model2501	100	LMMSOFRFLAT	RFRSwap	4.303175	3.053974	0.135754064	0.000569431	0.001361059	 0 	0.1358	0	0	0	0	0	0	0.1368	23.0113	46.5916	39.74581	0.00003236	NA	6.459	357	NA	NA	NA	0.1369	0.001378352	0.41090419	0.1365	0.001372547	0.27336086	0.1361	0.001366806	0.1363928	0.1354	0.001355366	-0.13582094	0.135	0.001349699	-0.27107394	0.1346	0.001344066	-0.40576181
AFS	612770	36202K6Z3	Agency MBS ARM	A-3-Q	GOVERNMENT NATIONAL MORTGAGE A	0.00002438	5.125	46296	28417742	692.82	5585.93	693.14	691.59	100.046	99.8217349	-1.56	7/31/2026	Model2501	100	LMMSOFRFLAT	RFRSwap	4.047487	1.690911	0.095800027	0.000350175	0.000960384	 0 	0.0958	0	0	0	0	0	0	0.0963	25.5951	21.2552	13.09693	0.00002438	NA	6.387	358	NA	NA	NA	0.0966	0.000971014	0.28970469	0.0963	0.000967449	0.19278176	0.0961	0.000963905	0.09621426	0.0955	0.000956884	-0.0958632	0.0953	0.000953406	-0.19137753	0.095	0.00094995	-0.28654513
AFS	612404	36202K7A7	Agency MBS ARM	A-3-Q	GOVERNMENT NATIONAL MORTGAGE A	0.00002072	5.125	46296	29545026	612.17	4592.68	612.46	610.98	100.0468	99.8057519	-1.48	7/31/2026	Model2501	100	LMMSOFRFLAT	RFRSwap	4.215916	1.679652	0.095715135	0.000349798	0.00095938	 0 	0.0957	0	0	0	0	0	0	0.0962	27.3162	37.7971	29.93768	0.00002072	NA	6.318	358	NA	NA	NA	0.0965	0.000969997	0.28940152	0.0962	0.000966436	0.19258008	0.096	0.000962897	0.09611364	0.0955	0.000955885	-0.09576302	0.0952	0.000952411	-0.19117759	0.0949	0.000948959	-0.28624587
AFS	613078	36202XC96	Agency MBS 30yr	A-3-Q	GOVERNMENT NATIONAL MORTGAGE A	0.00903548	5	48731	129664	1171.58	188.37	1191.3	1183.58	101.6839	101.0244767	-7.73	7/31/2026	Model2501	100	LMMSOFRFLAT	RFRSwap	4.560764	4.299053	2.431799889	0.03911546	0.024668455	 0 	0.2304	0.338	0.6917	1.0883	0.0889	-0.0044	-0.0009	2.7598	9.3262	36.3952	17.81598	0.00903548	14.7089	5.5	279	50528.7734	NA	NA	2.18	0.023718672	7.36175627	2.3026	0.024498008	4.94991392	2.3879	0.02481549	2.47854826	2.4321	0.024078462	-2.44028581	2.4136	0.02332278	-4.81090446	2.401	0.022649208	-7.10776936
AFS	613874	36207RZL2	Agency MBS 30yr	A-3-Q	GOVERNMENT NATIONAL MORTGAGE A	0.0000441	7.25	46419	100000	4.41	54.94	4.41	4.4	100	99.8016688	-0.01	7/31/2026	Model2501	100	LMMSOFRFLAT	RFRSwap	7.044931	6.304239	0.273494333	0.002105611	0.002746043	 0 	0.2735	0	0	0	0	0	0	0.2789	18.75	305.516	310.0082	0.0000441	0.2029	7.75	355	NA	NA	NA	0.2775	0.00280981	0.83330911	0.2761	0.002787989	0.55344737	0.2749	0.00276738	0.27566985	0.2722	0.002725485	-0.27356282	0.271	0.002706085	-0.54514151	0.2697	0.002685651	-0.81474678
AFS	613538	36209HLH6	Agency MBS 30yr	A-3-Q	GOVERNMENT NATIONAL MORTGAGE A	0.00110543	6.5	46874	59040	65.26	37.48	66	67.41	101.1334	103.2829331	1.4	7/31/2026	Model2501	100	LMMSOFRFLAT	RFRSwap	1.97774	4.740921	0.75190407	0.0188603	0.007806614	 0 	0.575	0.1832	-0.001	-0.0043	0	-0.001	-0.0001	0.7903	18.75	-206.6318	-210.2204	0.00110543	15.4637	7	340	14848.5215	NA	NA	0.7725	0.00820608	2.39920125	0.7616	0.008027942	1.5890185	0.7612	0.007962691	0.78927995	0.7385	0.007610912	-0.77031306	0.741	0.007580366	-1.5285264	0.741	0.007523766	-2.2848246
AFS	613120	36209NDW9	Agency MBS 30yr	A-3-Q	GOVERNMENT NATIONAL MORTGAGE A	0.0000216	6.5	46874	78245	1.69	23.48	1.7	1.69	100.3251	99.8588695	0	7/31/2026	Model2501	100	LMMSOFRFLAT	RFRSwap	6.445186	5.85147	0.788102567	0.01294382	0.007912592	 0 	0.5676	0.2202	0	0.0002	0	0	0	0.8342	17.1875	230.5335	233.8997	0.0000216	26.4867	7	339	NA	NA	NA	0.8116	0.008346705	2.43700541	0.8031	0.008192743	1.61024213	0.7956	0.008050959	0.79804977	0.7815	0.00778509	-0.78491379	0.7738	0.007648374	-1.55658771	0.7667	0.007519949	-2.31491119
AFS	613375	36209NE57	Agency MBS 30yr	A-3-Q	GOVERNMENT NATIONAL MORTGAGE A	0.00032528	6.5	46905	65128	21.18	15.59	21.36	21.59	100.8065	101.9143614	0.24	7/31/2026	Model2501	100	LMMSOFRFLAT	RFRSwap	2.974356	4.800294	0.596379876	0.00937828	0.006110271	 0 	0.5561	0.0416	-0.0002	-0.0009	0.0001	-0.0002	0	0.6202	17.1875	-105.253	-105.8689	0.00032528	NA	7	338	NA	NA	NA	0.6108	0.006372426	1.87083417	0.6044	0.006267674	1.23933048	0.6018	0.006202389	0.61576564	0.591	0.006019469	-0.60637855	0.5855	0.005928346	-1.20364544	0.5814	0.005852204	-1.79260829
AFS	613748	36209W4V1	Agency MBS 30yr	A-3-Q	GOVERNMENT NATIONAL MORTGAGE A	0.00171979	6.5	46997	8868822	15252.51	8998.02	15328.81	15527.01	100.5003	101.7997272	198.21	7/31/2026	Model2501	100	LMMSOFRFLAT	RFRSwap	3.987939	5.621589	0.785064697	0.01554338	0.008034461	 1 	0.5675	0.22	-0.0004	-0.0017	0	-0.0004	0	0.8271	18.3594	-10.181	-10.93991	0.00171979	1.453	7	336	NA	NA	NA	0.8063	0.008451512	2.47069878	0.7969	0.008285613	1.634801	0.7933	0.008183387	0.8111903	0.7775	0.007894979	-0.79592178	0.7735	0.007793843	-1.58043268	0.7684	0.007682733	-2.35439457
AFS	613684	3620A2KM7	Agency MBS 30yr	A-3-Q	GOVERNMENT NATIONAL MORTGAGE A	0.02199272	4.5	50802	11250970	247439.43	318950.29	262013.5	239347.58	105.89	96.7297623	-22665.92	7/31/2026	Model2501	100	LMMSOFRFLAT	RFRSwap	5.286524	3.187469	4.061426163	0.06101911	0.039438382	 98 	0.1343	0.2153	0.4919	1.4722	1.7059	0.049	-0.0037	5.0215	6.0913	96.2604	71.56704	0.02199272	17.459	5	210	123719.7188	NA	NA	2.5181	0.027182974	10.84464325	3.3646	0.035261981	7.69812627	3.8597	0.039002698	3.94552351	4.1123	0.038330443	-3.89534054	4.1361	0.036994882	-7.66185118	4.1373	0.035505064	-11.28870768
AFS	614226	3620A2RS7	Agency MBS 30yr	A-3-Q	GOVERNMENT NATIONAL MORTGAGE A	0.17599008	4.5	50891	3094302	544566.46	52392.02	577326.75	516199.38	106.0158	94.7908889	-61127.36	7/31/2026	Model2501	100	LMMSOFRFLAT	RFRSwap	5.776346	3.12531	4.023978233	0.09795149	0.038294546	 209 	0.1351	0.2154	0.4936	1.4906	1.645	0.0486	-0.0002	4.9439	6.2622	145.2678	121.3844	0.17599008	6.9697	4.836	207	108913.2891	NA	NA	2.6906	0.028519288	10.83119295	3.4666	0.035621192	7.59056892	3.8796	0.038415585	3.85282619	4.0609	0.037114043	-3.77334907	4.0933	0.035914838	-7.42491188	4.0948	0.034485288	-10.94760952
AFS	613964	3620A6CW5	Agency MBS 30yr	A-3-Q	GOVERNMENT NATIONAL MORTGAGE A	0.06434147	4.5	50891	12684857	816162.35	165922.86	867616.17	789470.67	106.3044	96.7296123	-78145.5	7/31/2026	Model2501	100	LMMSOFRFLAT	RFRSwap	5.282808	3.106752	4.115880489	0.1107233	0.039967097	 326 	0.1333	0.2109	0.4808	1.4735	1.7638	0.0594	-0.0029	5.0786	6.0913	96.5098	70.97668	0.06434147	12.3813	5	208	81616.2344	NA	NA	2.8622	0.031061418	11.41642948	3.5813	0.037622433	7.94715385	3.9715	0.040163495	4.02540262	4.1422	0.038593929	-3.93192323	4.1592	0.037177343	-7.71955582	4.1525	0.035605535	-11.36042597
AFS	613270	3620A6FG7	Agency MBS 30yr	A-3-Q	GOVERNMENT NATIONAL MORTGAGE A	0.11784007	5	50952	1295959	152715.9	18325.69	157111.07	151269.79	102.878	99.053073	-5841.28	7/31/2026	Model2501	100	LMMSOFRFLAT	RFRSwap	5.276939	4.164389	3.312729597	0.07478963	0.032951634	 50 	0.1717	0.2602	0.5568	1.5408	0.7911	-0.0048	-0.0014	3.9456	7.5195	101.2962	79.01866	0.11784007	9.4557	5.5	206	50905.3008	NA	NA	2.6877	0.029340021	9.6951519	3.0337	0.032179981	6.60577664	3.2335	0.033236653	3.31914788	3.3185	0.031930674	-3.24851828	3.3033	0.030749984	-6.3813876	3.3028	0.029746888	-9.40485323
AFS	612650	3620ADCF7	Agency MBS 30yr	A-3-Q	GOVERNMENT NATIONAL MORTGAGE A	0.08645015	4.5	51044	4578211	395787.03	178045.2	421732.3	380841.21	106.5554	96.2237738	-40891.09	7/31/2026	Model2501	100	LMMSOFRFLAT	RFRSwap	5.36773	3.123198	4.262922287	0.05278148	0.041179307	 163 	0.1266	0.2044	0.4737	1.4256	1.917	0.1241	-0.0036	5.3447	6.2256	101.7342	77.24088	0.08645015	11.183	5	202	131929.0156	NA	NA	2.4584	0.026482575	11.12577619	3.4384	0.035955485	7.97134428	4.0167	0.040450767	4.10744353	4.346	0.04021053	-4.07612974	4.3895	0.038875841	-8.0325307	4.3899	0.037207976	-11.83985321
AFS	614143	3620ADKN1	Agency MBS 30yr	A-3-Q	GOVERNMENT NATIONAL MORTGAGE A	0.15037638	4.5	51044	2459201	369805.74	138127.98	393685.31	351281.65	106.4573	94.9908573	-42403.66	7/31/2026	Model2501	100	LMMSOFRFLAT	RFRSwap	5.662217	3.112023	4.253099918	0.07420164	0.040560052	 150 	0.1252	0.2027	0.4697	1.4283	1.8963	0.1369	0.0004	5.2967	6.72	130.9888	107.0906	0.15037638	8.1603	4.942	202	123268.5781	NA	NA	2.663	0.02839512	11.2618013	3.5631	0.036816899	7.96167164	4.0549	0.040317751	4.06396743	4.3255	0.039516434	-4.00869851	4.3781	0.038293686	-7.90011802	4.3937	0.036779448	-11.65686604
AFS	614361	3620AF3Z8	Agency MBS 30yr	A-3-Q	GOVERNMENT NATIONAL MORTGAGE A	0.03896036	4.5	51136	6900555	268848.11	22821.15	285423.11	259380.03	106.1652	96.4782792	-26043.08	7/31/2026	Model2501	100	LMMSOFRFLAT	RFRSwap	5.330009	3.162287	4.168176174	0.08207148	0.040370155	 109 	0.1315	0.2087	0.4781	1.4475	1.8239	0.0857	-0.0032	5.1791	6.25	99.8285	74.73101	0.03896036	1.6142	5	199	89616.0391	NA	NA	2.6583	0.028734751	11.24312959	3.5081	0.036760606	7.93386499	3.9808	0.040166933	4.04906418	4.2124	0.039121669	-3.98036931	4.2335	0.03769185	-7.82101646	4.2396	0.036179751	-11.51558035
AFS	614300	3620AFVK0	Agency MBS 30yr	A-3-Q	GOVERNMENT NATIONAL MORTGAGE A	0.04068705	4.5	51075	7748420	315260.35	123348.16	334578.62	304699.37	106.1277	96.6500757	-29879.26	7/31/2026	Model2501	100	LMMSOFRFLAT	RFRSwap	5.362599	3.033621	3.830980301	0.06600487	0.037170116	 117 	0.1415	0.2245	0.509	1.5185	1.4324	0.0108	-0.0017	4.656	6.4575	105.6678	81.97287	0.04068705	15.1859	5	201	105086.7812	NA	NA	2.4766	0.026598131	10.3741166	3.2571	0.0339831	7.31086607	3.6711	0.036987167	3.72588049	3.8781	0.036202841	-3.67298517	3.9079	0.035087716	-7.23782828	3.9165	0.033815272	-10.68471205
AFS	614135	3620AFX69	Agency MBS 30yr	A-3-Q	GOVERNMENT NATIONAL MORTGAGE A	0.11133017	4.5	51075	2574179	286583.79	21214.81	290033.13	276978.13	101.2036	96.6482222	-13055	7/31/2026	Model2501	100	LMMSOFRFLAT	RFRSwap	5.310473	4.221276	4.098904133	0.1225053	0.03976889	 114 	0.1335	0.2096	0.4794	1.493	1.7327	0.0552	-0.0017	5.0312	6.2378	99.5717	74.14575	0.11133017	9.8423	5	201	99240.5938	NA	NA	3.0622	0.033262111	11.59714417	3.6607	0.038440358	7.98636191	3.9886	0.040301822	4.01886324	4.1267	0.03842476	-3.91166099	4.1405	0.036991153	-7.68414169	4.112	0.035249859	-11.2980558
AFS	614480	3620AFX77	Agency MBS 30yr	A-3-Q	GOVERNMENT NATIONAL MORTGAGE A	0.05431601	5	51075	3277820	178038.1	88997.99	183588.81	176203.79	103.1177	98.9697091	-7385.02	7/31/2026	Model2501	100	LMMSOFRFLAT	RFRSwap	5.242569	4.323678	4.282215595	0.1210296	0.042559385	 76 	0.133	0.2056	0.4591	1.4042	1.9479	0.1393	-0.0042	5.4041	6.6833	90.2896	64.54208	0.05431601	28.9201	5.5	201	59818.6211	NA	NA	3.3058	0.036968201	12.44130349	3.8147	0.041160122	8.51125214	4.1359	0.042879749	4.29011676	4.3056	0.040990651	-4.18260241	4.3055	0.039262369	-8.19445981	4.2899	0.037474249	-12.03201534
AFS	613514	3620AGDL6	Agency MBS 30yr	A-3-Q	GOVERNMENT NATIONAL MORTGAGE A	0.04081123	5	51075	2250854	91860.12	5303.52	94647.05	90043.72	103.0339	98.0226409	-4603.33	7/31/2026	Model2501	100	LMMSOFRFLAT	RFRSwap	5.61436	4.026177	3.026273966	0.1229649	0.029790431	 27 	0.245	0.2336	0.3739	0.9381	1.1512	0.0865	-0.0003	3.7441	16.1499	130.776	107.6246	0.04081123	15.1865	5.317	201	45930.0586	NA	NA	2.7319	0.029391736	9.1468674	2.9464	0.030807784	6.12093286	3.0294	0.030739387	3.03241731	2.9854	0.028517893	-2.91584321	2.9533	0.027385835	-5.70835466	2.9355	0.026431454	-8.39884557
AFS	613977	3620AGNB7	Agency MBS 30yr	A-3-Q	GOVERNMENT NATIONAL MORTGAGE A	0.02170658	4	51380	3208365	69642.63	4934.84	70265.66	64633.43	100.8946	92.807271	-5632.23	7/31/2026	Model2501	100	LMMSOFRFLAT	RFRSwap	5.75895	3.792975	4.150382519	0.1664721	0.038656913	 27 	0.1324	0.2046	0.467	1.4267	1.8068	0.1153	0.0033	5.0779	7.1472	142.8166	118.0588	0.02170658	0.656	4.5	191	105828.0625	NA	NA	3.2785	0.034344926	11.61743199	3.8697	0.03909855	7.89832411	4.0951	0.039751343	3.9303486	4.1657	0.037221055	-3.79017728	4.2333	0.036270302	-7.46243247	4.2849	0.035180029	-11.03826163
AFS	614131	3620AM4V1	Agency MBS 30yr	A-3-Q	GOVERNMENT NATIONAL MORTGAGE A	0.0442498	4	51622	62406368	2761469.3	993500.79	2787459.69	2567624.65	100.9412	92.9803798	-219835.04	7/31/2026	Model2501	100	LMMSOFRFLAT	RFRSwap	5.671357	3.788796	4.239901543	0.1299891	0.039564095	 1,093 	0.129	0.2001	0.4632	1.4268	1.8874	0.1361	0.0021	5.2124	6.8237	132.9558	108.2731	0.0442498	16.2824	4.5	184	117858.3906	NA	NA	3.0191	0.031652153	11.52681714	3.7963	0.03845029	7.96978602	4.1321	0.040212244	4.00240309	4.2881	0.038343493	-3.89442422	4.3634	0.037365869	-7.67942351	4.3957	0.03602691	-11.35451072
AFS	613451	3620AMP48	Agency MBS 30yr	A-3-Q	GOVERNMENT NATIONAL MORTGAGE A	0.06659442	4	51441	28432044	1893415.48	183118.77	1906471.62	1760469.02	100.6896	92.9784844	-146002.6	7/31/2026	Model2501	100	LMMSOFRFLAT	RFRSwap	5.624266	3.850156	4.373454571	0.1115652	0.040809501	 773 	0.1232	0.1934	0.4535	1.415	2.0013	0.1898	0.003	5.3956	6.842	126.8548	102.2343	0.06659442	13.4455	4.5	189	125698.4141	NA	NA	3.0128	0.031656485	11.76135632	3.8513	0.039084591	8.17117948	4.2336	0.041248109	4.11748479	4.4487	0.039719928	-4.02678836	4.53	0.03866972	-7.94762509	4.5431	0.037058689	-11.74092976
AFS	614273	3620AMVE9	Agency MBS 30yr	A-3-Q	GOVERNMENT NATIONAL MORTGAGE A	0.13635553	4	51533	14517744	1979574.68	464317.02	1993250.4	1838410.9	100.6908	92.8689843	-154839.5	7/31/2026	Model2501	100	LMMSOFRFLAT	RFRSwap	5.753151	3.838295	4.105015278	0.1943853	0.038259696	 757 	0.138	0.2119	0.4686	1.3924	1.7635	0.1325	0.0029	5.0438	7.8735	142.6083	117.3376	0.13635553	9.5954	4.5	187	39973.1328	NA	NA	3.4533	0.036222149	11.68941442	3.8991	0.039413419	7.87980781	4.0823	0.039642107	3.90502482	4.0663	0.036381233	-3.73202356	4.0752	0.035009302	-7.29465064	4.1076	0.033872191	-10.73958766
AFS	613285	3620AMVG4	Agency MBS 30yr	A-3-Q	GOVERNMENT NATIONAL MORTGAGE A	0.11219551	4	51533	50217982	5634232.1	620268.17	5686916.11	5232319.88	100.9351	92.8666017	-454596.23	7/31/2026	Model2501	100	LMMSOFRFLAT	RFRSwap	5.660366	3.796372	4.280384541	0.1339823	0.039893158	 2,248 	0.1319	0.2015	0.4572	1.3708	1.9244	0.1986	0.001	5.3414	7.3486	130.7043	105.548	0.11219551	10.7479	4.5	187	105618.5547	NA	NA	2.8776	0.030111732	11.44016308	3.7476	0.037922014	7.98921407	4.1539	0.040389154	4.03224054	4.3186	0.038555261	-3.92188795	4.383	0.037464611	-7.72251677	4.4285	0.036220681	-11.40959148
AFS	614168	3620AR3R0	Agency MBS 30yr	A-3-Q	GOVERNMENT NATIONAL MORTGAGE A	0.04275157	3.5	51533	100497120	4296409.66	682048.68	4250692.21	3944991.24	98.9359	91.8206492	-305700.96	7/31/2026	Model2501	100	LMMSOFRFLAT	RFRSwap	5.446113	3.733667	4.3200984	0.111664	0.039793428	 1,710 	0.1223	0.1906	0.4523	1.4373	1.9561	0.1626	0.0059	5.1967	7.0862	109.9582	85.40329	0.04275157	16.0016	4	187	128370	NA	NA	3.2565	0.033834316	11.78698179	3.9503	0.03957117	8.05960878	4.2193	0.04056314	4.02473422	4.4106	0.038893089	-3.93226027	4.5079	0.038015462	-7.78139722	4.5088	0.036344212	-11.50489172
AFS	614749	3620AR3S8	Agency MBS 30yr	A-3-Q	GOVERNMENT NATIONAL MORTGAGE A	0.0344234	4	51533	4030624	138747.78	14676.38	140050.32	129004.53	100.9388	92.9777231	-11045.8	7/31/2026	Model2501	100	LMMSOFRFLAT	RFRSwap	5.63497	3.795292	4.385719299	0.05827786	0.04092361	 57 	0.1332	0.1991	0.4417	1.3676	2.025	0.2187	0.0035	5.3931	7.2693	128.0138	102.9891	0.0344234	17.3472	4.5	186	132046.25	NA	NA	3.2762	0.0345174	12.04545168	3.9707	0.040327504	8.25224536	4.2644	0.041552708	4.12893994	4.4975	0.040138587	-4.06399116	4.5475	0.038791358	-8.00884253	4.5611	0.037171993	-11.8127941
AFS	614483	3620ARJG7	Agency MBS 30yr	A-3-Q	GOVERNMENT NATIONAL MORTGAGE A	0.10729451	4	51410	2257606	242228.73	30292.65	254149.63	223727.75	104.9213	92.362186	-30421.88	7/31/2026	Model2501	100	LMMSOFRFLAT	RFRSwap	5.88039	2.90401	4.157339096	0.1121712	0.038536668	 93 	0.1201	0.1953	0.4674	1.5063	1.7871	0.0837	0.0051	5.0332	6.1768	154.7184	130.7822	0.10729451	10.6923	4.5	191	121114.3672	NA	NA	2.9804	0.030968614	11.21135313	3.7212	0.037375603	7.74321261	4.0422	0.039042074	3.89121726	4.2085	0.037412688	-3.79865302	4.2526	0.036237761	-7.48277004	4.2408	0.034632627	-11.03038771
AFS	612390	3620ARLU3	Agency MBS 30yr	A-3-Q	GOVERNMENT NATIONAL MORTGAGE A	0.03383293	4	51410	71891170	2432288.92	380268.85	2461211.5	2261531.2	101.1891	92.9795462	-199680.3	7/31/2026	Model2501	100	LMMSOFRFLAT	RFRSwap	5.657181	3.736849	4.294962406	0.09761942	0.04007753	 975 	0.1279	0.198	0.4585	1.4172	1.9354	0.1599	0.003	5.2728	6.9275	130.7443	106.3742	0.03383293	17.0026	4.5	190	129272.2969	NA	NA	2.9923	0.03138582	11.57650411	3.8008	0.038517594	8.0282479	4.1607	0.040506188	4.04179556	4.3825	0.03915716	-3.96321556	4.4567	0.038098134	-7.82750868	4.4639	0.036492005	-11.5636584
AFS	613326	3620ARUP4	Agency MBS 30yr	A-3-Q	GOVERNMENT NATIONAL MORTGAGE A	0.07377348	4	51471	35577833	2624700.55	428478.68	2648164.7	2422963.8	100.894	92.3139135	-225200.9	7/31/2026	Model2501	100	LMMSOFRFLAT	RFRSwap	5.870916	3.795661	4.214830399	0.1449946	0.039049242	 1,025 	0.1293	0.1995	0.4549	1.3984	1.8655	0.1684	0.0066	5.1605	7.7637	152.4551	128.2876	0.07377348	12.9496	4.5	189	74296.2031	NA	NA	3.3984	0.035484526	11.76961605	3.9355	0.039599963	7.97457695	4.1519	0.040112689	3.9657594	4.2547	0.037784576	-3.8406592	4.317	0.03672995	-7.56495378	4.3572	0.035497919	-11.17811564
AFS	614093	3620ARVU2	Agency MBS 30yr	A-3-Q	GOVERNMENT NATIONAL MORTGAGE A	0.08930551	4	51502	12411119	1108381.31	87121.13	1164849.26	1023210.31	105.0946	92.3157307	-141638.95	7/31/2026	Model2501	100	LMMSOFRFLAT	RFRSwap	5.796898	2.927008	4.393509865	0.1346745	0.040705461	 451 	0.117	0.1866	0.4475	1.4653	2.0269	0.1517	0.0048	5.3748	6.073	145.0421	120.2631	0.08930551	11.8941	4.5	188	115139.6484	NA	NA	3.4168	0.035809439	12.15605031	4.0466	0.040840805	8.27741518	4.3041	0.041653067	4.12546089	4.4535	0.039476074	-4.00876447	4.4966	0.038111705	-7.89191024	4.4659	0.036191434	-11.61024193
AFS	614820	3620ARXW6	Agency MBS 30yr	A-3-Q	GOVERNMENT NATIONAL MORTGAGE A	0.11024226	4	51502	4029004	444166.51	114067.29	448265.3	410034.17	100.9228	92.3154177	-38231.14	7/31/2026	Model2501	100	LMMSOFRFLAT	RFRSwap	5.955532	3.778401	4.061677456	0.1460838	0.037630934	 167 	0.1373	0.2092	0.4637	1.3925	1.7258	0.1323	0.008	4.9172	8.4106	162.1593	138.4157	0.11024226	10.7709	4.5	187	35535.1484	NA	NA	3.6896	0.038509589	11.72374614	3.9573	0.03974551	7.78827275	4.0478	0.039055586	3.83611555	4.0861	0.036345549	-3.70037887	4.1303	0.035261277	-7.27598181	4.1747	0.034190197	-10.74965056
AFS	614469	3620ARYW5	Agency MBS 30yr	A-3-Q	GOVERNMENT NATIONAL MORTGAGE A	0.06618433	4	51533	6674726	441762.27	303212.77	465165.77	410443.36	105.2978	92.9104609	-54722.41	7/31/2026	Model2501	100	LMMSOFRFLAT	RFRSwap	5.548796	2.957459	4.626277924	0.1646067	0.04313717	 191 	0.1144	0.1814	0.431	1.4096	2.2317	0.2609	0.0019	5.7629	6.0181	119.0402	92.61718	0.06618433	13.7518	4.5	187	110440.5703	NA	NA	3.4471	0.03654103	12.76239485	4.1855	0.042690728	8.75351215	4.5212	0.044136535	4.37718615	4.6636	0.04151088	-4.2334399	4.6978	0.039902482	-8.30465876	4.6756	0.037892915	-12.19936516
AFS	612768	3620ASGA1	Agency MBS 30yr	A-3-Q	GOVERNMENT NATIONAL MORTGAGE A	0.03163211	4	51622	28684454	907349.8	60393.88	913517.13	843247.46	100.6797	92.9352119	-70269.67	7/31/2026	Model2501	100	LMMSOFRFLAT	RFRSwap	5.559079	3.860848	4.596652985	0.1028252	0.042872313	 389 	0.1156	0.1833	0.4383	1.395	2.19	0.277	0.0031	5.7134	6.5613	118.5926	93.7612	0.03163211	18.1005	4.5	185	203769.7188	NA	NA	3.1221	0.032971159	12.33704257	4.0293	0.041037507	8.57808385	4.436	0.043291245	4.32201459	4.6977	0.041824527	-4.23641112	4.7847	0.040624853	-8.36241674	4.7679	0.038590517	-12.32995492
AFS	613721	3620ASGJ2	Agency MBS 30yr	A-3-Q	GOVERNMENT NATIONAL MORTGAGE A	0.06894033	4	51622	6459723	445335.44	37651.25	450923.31	413778.45	101.2548	92.9138835	-37144.87	7/31/2026	Model2501	100	LMMSOFRFLAT	RFRSwap	5.710792	3.715509	4.23886013	0.1040277	0.039526191	 176 	0.1352	0.2063	0.4595	1.4081	1.8869	0.1433	0.0034	5.1664	7.1594	137.334	112.534	0.06894033	13.7988	4.5	184	103333.1328	NA	NA	3.407	0.035818122	11.88460561	3.9484	0.03999706	8.0514134	4.1623	0.040478542	4.00419276	4.3042	0.038455408	-3.90284925	4.3604	0.037306391	-7.68902521	4.3914	0.03596136	-11.35683656
AFS	614064	3620ASGU7	Agency MBS 30yr	A-3-Q	GOVERNMENT NATIONAL MORTGAGE A	0.03172747	4	51622	60170074	1909044.22	147926.84	1924260.21	1774990.63	100.797	92.9779736	-149269.58	7/31/2026	Model2501	100	LMMSOFRFLAT	RFRSwap	5.599844	3.830223	4.438972473	0.07888527	0.041420631	 791 	0.1206	0.1907	0.4513	1.4064	2.0627	0.2109	0.0025	5.4909	6.6528	123.5798	99.10677	0.03172747	18.0987	4.5	183	167525.5	NA	NA	2.8197	0.029608192	11.69503392	3.8123	0.03870542	8.21640081	4.2598	0.04152187	4.16231756	4.539	0.040493429	-4.09978436	4.6249	0.039411332	-8.09630065	4.6357	0.037712138	-11.95963474
AFS	613611	3620ASGV5	Agency MBS 30yr	A-3-Q	GOVERNMENT NATIONAL MORTGAGE A	0.05316332	4	51622	43540277	2314745.68	181747.41	2344089.47	2152246.38	101.2677	92.9798204	-191843.09	7/31/2026	Model2501	100	LMMSOFRFLAT	RFRSwap	5.702848	3.71121	4.181881428	0.1451421	0.039022453	 903 	0.1389	0.2018	0.4484	1.3747	1.8711	0.1486	0.0027	5.143	7.4829	136.3817	111.4394	0.05316332	15.2632	4.5	183	110184.7031	NA	NA	3.2689	0.034324311	11.6886663	3.8819	0.039312329	7.95787927	4.1182	0.040060136	3.9627113	4.2144	0.03770994	-3.83524244	4.278	0.036687814	-7.55383725	4.3041	0.035359398	-11.16127006
AFS	612991	3620ASHA0	Agency MBS 30yr	A-3-Q	GOVERNMENT NATIONAL MORTGAGE A	0.03268305	4	51622	21315546	696657.06	79842.7	701464.56	647764.59	100.6901	92.9818457	-53699.97	7/31/2026	Model2501	100	LMMSOFRFLAT	RFRSwap	5.705592	3.840305	4.178954124	0.1552607	0.038995985	 272 	0.1309	0.2027	0.4638	1.4413	1.8331	0.109	0.0031	5.1012	6.7749	137.5032	112.67	0.03268305	17.9383	4.5	184	86073.5234	NA	NA	3.329	0.034967441	11.72463347	3.8922	0.039420173	7.9636778	4.1207	0.04008545	3.96311346	4.196	0.037549388	-3.8259126	4.2501	0.036461808	-7.52452159	4.2829	0.035207503	-11.11023564
AFS	613290	3620ASJ75	Agency MBS 30yr	A-3-Q	GOVERNMENT NATIONAL MORTGAGE A	0.06304062	4.5	51653	2919593	184052.95	10191.69	195727.21	176418.79	106.3429	95.8521914	-19308.42	7/31/2026	Model2501	100	LMMSOFRFLAT	RFRSwap	5.397713	3.253485	4.596171856	0.1472023	0.044227671	 81 	0.1186	0.1877	0.4374	1.3871	2.2056	0.2658	-0.0024	5.8186	6.1646	103.594	77.18896	0.06304062	14.5566	5	183	92026.4766	NA	NA	3.2933	0.035920955	12.84418614	4.0542	0.042608734	8.8709367	4.4473	0.044782698	4.46908853	4.6316	0.042556919	-4.3429374	4.6512	0.040799167	-8.50909047	4.6562	0.038985085	-12.50022713
AFS	613072	3620ASN96	Agency MBS 30yr	A-3-Q	GOVERNMENT NATIONAL MORTGAGE A	0.05252916	4	51683	3144283	165166.54	21807.43	173430.23	153186.83	105.0032	92.7468892	-20243.4	7/31/2026	Model2501	100	LMMSOFRFLAT	RFRSwap	5.671656	2.935553	4.392978668	0.213546	0.040889945	 68 	0.1239	0.1917	0.4454	1.4792	2.0359	0.117	0.0021	5.3762	5.481	134.7713	108.2875	0.05252916	15.5447	4.488	181	88657.2266	NA	NA	3.9509	0.041842628	12.82763977	4.294	0.043629494	8.52491709	4.3987	0.042784583	4.18722314	4.3819	0.039037321	-3.99316015	4.387	0.037405416	-7.81590593	4.3499	0.035502672	-11.46341834
AFS	613058	3620ASR76	Agency MBS 30yr	A-3-Q	GOVERNMENT NATIONAL MORTGAGE A	0.05083363	4.5	51714	10703992	544122.77	326671.9	575629.99	516874.93	105.7905	94.9923367	-58755.06	7/31/2026	Model2501	100	LMMSOFRFLAT	RFRSwap	5.657081	3.251658	4.32754612	0.1508099	0.041270655	 225 	0.1247	0.1956	0.4556	1.4699	1.9694	0.1152	0.001	5.3458	5.8228	132.4968	106.9395	0.05083363	15.8788	4.777	180	108840.875	NA	NA	3.4683	0.03738242	12.41502144	4.0187	0.04170977	8.42221043	4.257	0.042382564	4.19128394	4.3553	0.039770775	-4.05239522	4.3817	0.038300987	-7.95683539	4.3588	0.036469471	-11.69839139
AFS	614190	3620ASSD2	Agency MBS 30yr	A-3-Q	GOVERNMENT NATIONAL MORTGAGE A	0.10953876	4	51714	6439599	705385.69	43595.44	741517.19	650945.25	105.1222	92.2821745	-90571.94	7/31/2026	Model2501	100	LMMSOFRFLAT	RFRSwap	5.707829	2.984177	4.639368534	0.1902682	0.042967748	 303 	0.1093	0.1765	0.4225	1.3933	2.2414	0.2981	0.0066	5.7565	6.4514	134.3063	108.34	0.10953876	11.3875	4.5	180	88173.2109	NA	NA	3.7775	0.039914809	13.04814424	4.3367	0.043985602	8.81108996	4.5676	0.044300355	4.37258708	4.6597	0.041195337	-4.20716654	4.7066	0.03970667	-8.25094395	4.722	0.038000945	-12.13905512
AFS	614284	3620ASSU4	Agency MBS 30yr	A-3-Q	GOVERNMENT NATIONAL MORTGAGE A	0.00905714	4.5	51714	1159037	10497.56	22013.82	10712.71	10439.39	102.0495	99.4458841	-273.32	7/31/2026	Model2501	100	LMMSOFRFLAT	RFRSwap	5.185963	0.868356	0.591522276	0.008677687	0.005904627	 1 	0.563	0.0282	0	0.0001	0	0	0	0.6147	5.4688	112.1681	114.6012	0.00905714	25.1345	5	180	10497.5605	NA	NA	0.6045	0.006143788	1.80778729	0.6004	0.006065046	1.19763131	0.5965	0.005989878	0.59475921	0.5865	0.005819776	-0.58617729	0.5821	0.005742806	-1.16421846	0.578	0.00566948	-1.73484815
AFS	613891	3620AV5H1	Agency MBS 30yr	A-3-Q	GOVERNMENT NATIONAL MORTGAGE A	0.02746666	4	51653	5000000	137333.3	7221.06	138631.46	127291.07	100.9453	92.6876984	-11340.39	7/31/2026	Model2501	100	LMMSOFRFLAT	RFRSwap	5.623824	3.805684	4.563229084	0.1240396	0.04244763	 58 	0.1205	0.1871	0.4389	1.3725	2.1449	0.3017	0.0027	5.7041	6.9946	124.9854	99.95517	0.02746666	19.0028	4.5	182	113957.0625	NA	NA	3.1838	0.033538435	12.318575	4.0412	0.041039631	8.53105793	4.4244	0.043054052	4.28909289	4.6405	0.041225068	-4.18364317	4.7371	0.040155295	-8.25333438	4.7625	0.038494181	-12.19312192
AFS	614290	3620AVWE8	Agency MBS 30yr	A-3-Q	GOVERNMENT NATIONAL MORTGAGE A	0.04956298	4	51441	4883077	242019.85	15191.28	244246.65	224757.46	100.9201	92.8673656	-19489.19	7/31/2026	Model2501	100	LMMSOFRFLAT	RFRSwap	5.642815	3.801888	4.411229134	0.0916024	0.041112963	 100 	0.123	0.1927	0.449	1.4108	2.0345	0.2033	0.0035	5.4367	6.7993	128.4744	103.7899	0.04956298	15.0621	4.5	189	124794.9609	NA	NA	3.0859	0.032426558	11.8791684	3.8942	0.039499599	8.23133192	4.2667	0.041534558	4.14459006	4.5135	0.040229589	-4.06962221	4.58	0.039006487	-8.03403953	4.5803	0.037259612	-11.85301069
AFS	613903	3620AWV80	Agency MBS 30yr	A-3-Q	GOVERNMENT NATIONAL MORTGAGE A	0.08006041	4.5	51257	1521320	121797.5	7600.34	129005.56	115740.7	105.9181	95.0271563	-13264.86	7/31/2026	Model2501	100	LMMSOFRFLAT	RFRSwap	5.626622	3.252336	4.330924988	0.09642468	0.041317958	 50 	0.1249	0.1992	0.4653	1.4373	1.9692	0.1412	-0.002	5.4329	6.073	127.8658	102.9002	0.08006041	12.1314	4.875	195	121797.5	NA	NA	2.7509	0.029431418	11.58590319	3.6719	0.038028155	8.16372204	4.1508	0.041323025	4.15308365	4.3912	0.04010345	-4.07538218	4.4254	0.038671974	-8.01551175	4.4206	0.036957156	-11.80000468
AFS	614632	3620AY5E2	Agency MBS 30yr	A-3-Q	GOVERNMENT NATIONAL MORTGAGE A	0.11627503	4	51622	5000000	581375.15	41366.7	588393.21	540559.98	101.2071	92.9795462	-47833.23	7/31/2026	Model2501	100	LMMSOFRFLAT	RFRSwap	5.662324	3.731946	4.281448841	0.1485896	0.039951432	 232 	0.1303	0.2001	0.4577	1.4125	1.9247	0.1576	0.0024	5.2676	7.019	132.0545	107.0702	0.11627503	10.7285	4.5	185	83427.1406	NA	NA	3.3087	0.034818735	11.92161306	3.9444	0.040014897	8.13346312	4.2079	0.040971611	4.05564251	4.312	0.038544565	-3.92392764	4.3727	0.037426982	-7.72135571	4.4012	0.036052156	-11.39849504
AFS	613480	3620C1AS5	Agency MBS 30yr	A-3-Q	GOVERNMENT NATIONAL MORTGAGE A	0.16810089	4.5	51288	2141774	360034.12	133893.81	383297.67	344300.71	106.4615	95.6300238	-38996.96	7/31/2026	Model2501	100	LMMSOFRFLAT	RFRSwap	5.463923	3.207621	4.481416225	0.1142042	0.043023847	 155 	0.1215	0.1933	0.4494	1.3921	2.1088	0.2237	-0.0032	5.6812	6.3171	110.397	84.61535	0.16810089	8.098	5	195	90236.6641	NA	NA	2.879	0.031118516	12.08390556	3.793	0.039639492	8.5006653	4.2896	0.043038037	4.3262248	4.5275	0.041549232	-4.23384637	4.5472	0.039878882	-8.3048125	4.5498	0.038126804	-12.20617468
AFS	613831	3620C1AT3	Agency MBS 30yr	A-3-Q	GOVERNMENT NATIONAL MORTGAGE A	0.12569623	4.5	51288	1859298	233706.75	23368.51	248497.67	226066.59	106.3288	96.7308767	-22431.09	7/31/2026	Model2501	100	LMMSOFRFLAT	RFRSwap	5.31543	3.037548	3.943531275	0.08699686	0.038294006	 89 	0.1384	0.2182	0.4965	1.5099	1.5637	0.0226	-0.0025	4.8243	6.1401	100.5567	76.05471	0.12569623	2.1212	5	194	77902.25	NA	NA	2.6624	0.028732779	10.81391661	3.3906	0.035489623	7.5653123	3.789	0.038251229	3.84615561	3.9769	0.037116382	-3.77525258	3.9871	0.035759456	-7.4184008	3.9882	0.034370378	-10.92555181
AFS	613298	3620C2KQ6	Agency MBS 30yr	A-3-Q	GOVERNMENT NATIONAL MORTGAGE A	0.02515173	4	51441	4036648	101528.68	5809.42	102462.12	93675.57	100.9194	92.2651291	-8786.55	7/31/2026	Model2501	100	LMMSOFRFLAT	RFRSwap	5.724451	3.810694	4.570420742	0.1392596	0.042321395	 43 	0.1157	0.1832	0.4371	1.4099	2.1711	0.2552	0.0035	5.6838	6.3721	136.1371	110.6792	0.02515173	18.6462	4.5	189	129252.4531	NA	NA	3.3672	0.035383176	12.48279029	4.1306	0.041788742	8.56933809	4.4587	0.043198124	4.28689225	4.6332	0.040972978	-4.1656221	4.6859	0.039551657	-8.19360934	4.6708	0.037618883	-12.05720105
AFS	613649	3620C3Y71	Agency MBS 30yr	A-3-Q	GOVERNMENT NATIONAL MORTGAGE A	0.032359	4	51410	46224339	1495773.39	85760.59	1513485.67	1380777.79	101.1842	92.3119642	-132707.88	7/31/2026	Model2501	100	LMMSOFRFLAT	RFRSwap	5.763802	3.748349	4.431642532	0.07582185	0.041057084	 614 	0.1237	0.1938	0.454	1.3973	2.0373	0.2266	0.0038	5.4847	6.9885	139.5704	115.5806	0.032359	17.2064	4.5	190	159032.1719	NA	NA	2.8817	0.030059416	11.66665944	3.8361	0.03867257	8.16797631	4.2626	0.041251533	4.12914016	4.5522	0.040320937	-4.07080167	4.6428	0.039274182	-8.05365583	4.6462	0.037515607	-11.90054157
AFS	613269	3620C5LB1	Agency MBS 30yr	A-3-Q	GOVERNMENT NATIONAL MORTGAGE A	0.40985642	4	51622	2553950	1046752.8	62460.57	1056631.63	986127.4	100.9438	94.208241	-70504.22	7/31/2026	Model2501	100	LMMSOFRFLAT	RFRSwap	5.137477	3.829507	5.134372234	0.3153492	0.048541162	 508 	0.098	0.1559	0.378	1.403	2.7261	0.3759	-0.0013	6.4345	4.1504	79.1493	48.26323	0.40985642	3.048	4.5	184	85393.6641	NA	NA	4.7349	0.052119661	15.53504266	5.0673	0.053097825	10.24378379	5.1631	0.051395237	5.00131879	5.0671	0.045521718	-4.70380502	4.9832	0.042573541	-9.10707446	4.8807	0.039690431	-13.2199011
AFS	614001	3620E1GJ7	Agency MBS ARM	A-3-Q	GOVERNMENT NATIONAL MORTGAGE A	0.06620213	5.25	52018	3539969	234353.49	9109.08	234353.49	234088.85	100	99.8870788	-264.63	7/31/2026	Model2501	100	LMMSOFRFLAT	RFRSwap	6.071371	6.044718	1.84456408	-0.8686813	0.018505512	 43 	0.6365	-0.0013	0.0598	0.2654	0.7012	0.1697	-0.0062	5.5483	9.4263	143.307	118.5089	0.06620213	16.2313	6	171	234353.4844	NA	NA	1.8753	0.019721232	4.83965035	1.5917	0.016448734	3.01728656	1.3911	0.014171793	1.54991488	2.833	0.027767217	-2.31094024	3.6593	0.034710731	-5.46792546	4.2269	0.038529757	-9.17139379
AFS	613836	3620E1GK4	Agency MBS ARM	A-3-Q	GOVERNMENT NATIONAL MORTGAGE A	0.03298813	5.375	52110	5158011	170153.14	176539.53	170153.14	170996.88	100	100.4958697	843.73	7/31/2026	Model2501	100	LMMSOFRFLAT	RFRSwap	5.963601	6.087116	0.716217816	-0.5446369	0.007229774	 12 	-0.303	-0.1074	-0.0416	0.2179	0.6165	0.1739	-0.0037	5.2335	10.9149	136.9007	108.9392	0.03298813	20.6409	5.738	169	85896.9844	NA	NA	1.8462	0.019302232	3.60543056	1.5335	0.015765263	1.86452793	0.7826	0.007947691	0.6129629	2.0809	0.020739852	-1.27715624	3.1896	0.030924862	-3.98890082	3.811	0.035662152	-7.36667684
AFS	612281	3620E1GL2	Agency MBS ARM	A-3-Q	GOVERNMENT NATIONAL MORTGAGE A	0.07684062	5.375	52079	2129291	163616.04	12235.91	163616.04	165863.66	100	101.3737142	2247.61	7/31/2026	Model2501	100	LMMSOFRFLAT	RFRSwap	5.789695	6.108939	0.575091481	-0.325393	0.005855675	 10 	-0.3127	-0.0915	-0.0504	0.1418	0.5238	0.16	-0.0064	5.5495	9.7135	123.8073	89.27713	0.07684062	15.3985	5.977	170	84705.6016	NA	NA	1.9193	0.02022949	3.57737736	1.5583	0.016143965	1.77711527	0.7317	0.007487969	0.5202492	1.8796	0.018935598	-1.07625258	3.0047	0.029513579	-3.5955154	3.6886	0.035034191	-6.84210607
AFS	612664	36210A5T0	Agency MBS 30yr	A-3-Q	GOVERNMENT NATIONAL MORTGAGE A	0.00049369	6.5	47150	10000000	4936.9	2458.29	4973.84	4981.9	100.7482	100.9115882	8.06	7/31/2026	Model2501	100	LMMSOFRFLAT	RFRSwap	5.369921	5.539223	0.956783831	0.0185583	0.009706884	 0 	0.5034	0.4342	0.0202	-0.0009	0	-0.0002	0	1.0202	15.2344	122.9588	121.0644	0.00049369	19.0246	7	330	17331.5176	NA	NA	0.9837	0.010274976	2.99590245	0.9737	0.01007073	1.9792758	0.9667	0.009901976	0.98044302	0.9499	0.009545217	-0.96208423	0.9441	0.009398337	-1.90949601	0.9364	0.009233656	-2.84115878
AFS	613941	36210ANB9	Agency MBS 30yr	A-3-Q	GOVERNMENT NATIONAL MORTGAGE A	0.00243852	6.5	46997	11913169	29050.5	28683.92	29195.43	29454.02	100.4989	101.3890243	258.59	7/31/2026	Model2501	100	LMMSOFRFLAT	RFRSwap	4.64047	5.688397	0.840372264	0.01637653	0.008565973	 2 	0.5425	0.3006	-0.0004	-0.002	0.0001	-0.0004	0	0.8903	19.1406	52.9205	51.95161	0.00243852	13.612	7	335	NA	NA	NA	0.863	0.009023598	2.63566673	0.8527	0.008840524	1.74357564	0.8491	0.008728022	0.86493008	0.8335	0.008425117	-0.84888817	0.8312	0.008332759	-1.68688217	0.8258	0.008210069	-2.51420004
AFS	613448	36211BGJ7	Agency MBS 30yr	A-3-Q	GOVERNMENT NATIONAL MORTGAGE A	0.00082666	6.5	47239	125000	103.33	168.75	104.23	103.91	100.87	100.5598614	-0.32	7/31/2026	Model2501	100	LMMSOFRFLAT	RFRSwap	3.99073	3.015697	0.316308677	0.00230609	0.003197929	 0 	0.3167	0	0	-0.0002	0	-0.0001	0	0.3231	12.5	5.4992	5.298245	0.00082666	17.5336	7	328	NA	NA	NA	0.3205	0.003271713	0.96894481	0.3185	0.003240822	0.64342087	0.3169	0.003214416	0.32068092	0.3147	0.003172052	-0.31851529	0.3131	0.003145652	-0.63440295	0.3115	0.003119768	-0.947665
AFS	614534	36211LFL1	Agency MBS 30yr	A-3-Q	GOVERNMENT NATIONAL MORTGAGE A	0.06849946	4	51806	1707543	116965.77	36646.17	121634.19	108351.27	103.9913	92.6350256	-13282.91	7/31/2026	Model2501	100	LMMSOFRFLAT	RFRSwap	5.685072	3.149612	4.452172756	0.2102769	0.041391119	 48 	0.1192	0.1871	0.4402	1.4706	2.0907	0.144	0.0042	5.4387	5.5542	135.2641	109.1014	0.06849946	14.3508	4.309	178	58482.8867	NA	NA	4.1076	0.043551743	13.05758232	4.376	0.044461709	8.63627713	4.4528	0.04328328	4.23542731	4.4506	0.039575536	-4.04637711	4.4478	0.037828799	-7.91787221	4.4093	0.035875645	-11.60421513
AFS	613354	36211LFM9	Agency MBS 30yr	A-3-Q	GOVERNMENT NATIONAL MORTGAGE A	0.01853381	4	51775	2905083	53842.26	110000.78	55738.77	50001.89	103.5224	92.8673656	-5736.89	7/31/2026	Model2501	100	LMMSOFRFLAT	RFRSwap	5.705785	3.22939	4.373341084	-0.002677647	0.040759843	 22 	0.1392	0.2231	0.4636	1.3654	1.9728	0.2098	0.0045	5.2618	7.7393	135.8664	111.1702	0.01853381	21.6799	4.5	179	53842.2578	NA	NA	3.6037	0.037975494	12.1789901	4.0304	0.040873099	8.21176398	4.2321	0.041174825	4.09145079	4.4473	0.039650541	-4.04518626	4.4334	0.0378123	-7.91036301	4.4464	0.036276404	-11.61455377
AFS	614295	36213CXT2	Agency MBS 30yr	A-3-Q	GOVERNMENT NATIONAL MORTGAGE A	0.02402952	5	49583	50000	1201.48	518.02	1222.49	1184.11	101.749	98.5545602	-38.38	7/31/2026	Model2501	100	LMMSOFRFLAT	RFRSwap	5.5026	4.371244	2.779343605	0.06310672	0.027507504	 0 	0.2085	0.3007	0.611	1.3572	0.303	0.0003	0	3.2113	8.96	127.1088	107.7292	0.02402952	13.1478	5.5	251	35235.4219	NA	NA	2.4632	0.026416587	8.27429824	2.6457	0.027656637	5.56309143	2.7439	0.027918117	2.77597594	2.7762	0.026722874	-2.71420694	2.7586	0.025828283	-5.34147082	2.7527	0.02507362	-7.88456759
AFS	614210	36213WJP2	Agency MBS 30yr	A-3-Q	GOVERNMENT NATIONAL MORTGAGE A	0.01290567	5	48639	25601	330.4	43.95	335.46	327.91	101.5334	99.2466831	-7.55	7/31/2026	Model2501	100	LMMSOFRFLAT	RFRSwap	5.281074	4.358518	2.453772783	0.05209937	0.024455121	 0 	0.2283	0.3302	0.6648	1.1122	0.1186	0.0006	0.0002	2.7791	10.6445	106.9514	89.39942	0.01290567	13.1962	5.5	281	52487.0625	NA	NA	2.2215	0.023777604	7.37294688	2.3538	0.024624331	4.95288242	2.4354	0.02487364	2.46931698	2.4523	0.023848198	-2.41689807	2.4283	0.023044931	-4.76270689	2.4149	0.022370055	-7.03034734
AFS	614322	36225C3H7	Agency MBS ARM	A-3-Q	GOVERNMENT NATIONAL MORTGAGE A	0.00355767	5	48945	37512577	133457.37	20522.4	134991.4	134408.35	101.1495	100.7125687	-583.05	7/31/2026	Model2501	100	LMMSOFRFLAT	RFRSwap	5.438582	5.269462	1.099760652	-0.4840467	0.011121796	 15 	0.4612	0.1371	0.1163	0.3012	0.0687	-0.0047	-0.001	2.9335	12.0566	108.3258	86.67493	0.00355767	18.6103	5.691	271	43509.1875	NA	NA	1.6456	0.017197767	3.38092781	1.1966	0.012326046	1.88127643	0.8012	0.008175496	0.91139009	1.6627	0.016582238	-1.401089	2.0251	0.019824704	-3.23388508	2.2975	0.022006461	-5.34367422
AFS	614737	36225C3K0	Agency MBS ARM	A-3-Q	GOVERNMENT NATIONAL MORTGAGE A	0.00332533	5	48945	5000000	16626.65	4569.08	16750.07	16745.14	100.7423	100.7126732	-4.92	7/31/2026	Model2501	100	LMMSOFRFLAT	RFRSwap	5.434478	5.422909	1.084586024	-0.4890843	0.010968347	 2 	0.462	0.1361	0.124	0.2797	0.0634	-0.0045	-0.001	2.9164	12.2962	108.5234	86.43267	0.00332533	19.0192	5.701	271	39455.4609	NA	NA	1.6488	0.01722898	3.36491877	1.1954	0.012312219	1.86503977	0.7944	0.008105617	0.89922171	1.6268	0.016227663	-1.37794681	1.9693	0.019292263	-3.16187421	2.2406	0.021491598	-5.21199542
AFS	614713	36225C3N4	Agency MBS ARM	A-3-Q	GOVERNMENT NATIONAL MORTGAGE A	0.00178309	5.5	48945	6251490	11146.97	2302.2	11240.3	11295.37	100.8373	101.3313162	55.08	7/31/2026	Model2501	100	LMMSOFRFLAT	RFRSwap	5.691771	5.884647	1.089288235	-0.4799172	0.011087826	 1 	0.4616	0.1379	0.1254	0.279	0.0657	-0.0037	-0.0008	2.9282	12.6646	133.8361	112.0488	0.00178309	21.3555	6.25	270	31896.877	NA	NA	1.6439	0.017290449	3.38832389	1.1923	0.012360582	1.8838396	0.7983	0.008198815	0.9108182	1.6125	0.01619068	-1.38290457	1.9537	0.019269018	-3.16209569	2.231	0.021545887	-5.21426685
AFS	613797	36225C4J2	Agency MBS ARM	A-3-Q	GOVERNMENT NATIONAL MORTGAGE A	0.00392355	5	48976	41226202	161753.06	39641.95	163549.78	161116.45	101.1108	99.6064303	-2433.33	7/31/2026	Model2501	100	LMMSOFRFLAT	RFRSwap	5.881288	5.307403	1.114175916	-0.4983639	0.011144333	 18 	0.4612	0.1326	0.1087	0.3093	0.082	-0.0015	-0.0004	3.0079	11.6581	150.9226	129.8769	0.00392355	18.3727	5.658	269	44011.0273	NA	NA	1.6654	0.017221939	3.38905311	1.2173	0.012405075	1.88114454	0.807	0.008145723	0.90978061	1.6875	0.016641971	-1.40687729	2.0473	0.019814335	-3.24227645	2.3167	0.021933392	-5.34760585
AFS	613682	36225C5G7	Agency MBS ARM	A-3-Q	GOVERNMENT NATIONAL MORTGAGE A	0.00513045	5	49004	56309609	288893.63	85283.72	292302.23	290992.91	101.1799	100.7266617	-1309.32	7/31/2026	Model2501	100	LMMSOFRFLAT	RFRSwap	5.435418	5.259711	1.09211731	-0.4851418	0.011046037	 32 	0.4633	0.1373	0.1116	0.2918	0.0733	-0.0055	-0.0012	2.931	12.7286	107.7928	85.95183	0.00513045	17.4591	5.674	269	46846.3047	NA	NA	1.605	0.016768388	3.33012963	1.1779	0.012132986	1.86031563	0.7922	0.008084247	0.90331975	1.6568	0.016526772	-1.39423023	2.0249	0.019827731	-3.22413062	2.3035	0.022069318	-5.33738595
PUB_AFS	613237	36225C5Q5	Agency MBS ARM	A-3-Q	GOVERNMENT NATIONAL MORTGAGE A	0.00823896	5	49004	350000	2883.64	374.99	2883.64	2890.95	100	100.2536323	7.32	7/31/2026	Model2501	100	LMMSOFRFLAT	RFRSwap	5.621738	5.721208	1.099966764	-0.4775288	0.011073398	 0 	0.4649	0.1385	0.1156	0.2898	0.0733	-0.0044	-0.0011	2.9292	12.8316	125.8756	104.5739	0.00823896	15.7635	5.75	268	38426.0664	NA	NA	1.6523	0.01719108	3.37129079	1.1991	0.012296173	1.87404163	0.8011	0.008137658	0.90770384	1.6483	0.016364295	-1.38885454	2.0055	0.0195491	-3.19509433	2.2812	0.021760536	-5.27838922
AFS	612265	36225C6F8	Agency MBS ARM	A-3-Q	GOVERNMENT NATIONAL MORTGAGE A	0.00446989	5.25	49035	66138226	295630.6	75013.2	295630.6	298829.47	100	101.082051	3198.88	7/31/2026	Model2501	100	LMMSOFRFLAT	RFRSwap	5.354402	5.762121	1.24936974	-0.4095078	0.012683545	 37 	0.6268	0.0525	0.1581	0.3128	0.095	-0.0056	-0.0013	3.0532	11.8966	101.7257	77.61112	0.00446989	18.0849	5.898	267	42709.6992	NA	NA	1.7526	0.018500246	4.03808189	1.3976	0.01452008	2.37311314	1.091	0.011200605	1.13992554	1.6912	0.016919026	-1.48014494	2.0722	0.020341456	-3.35633032	2.3488	0.02254807	-5.520904
AFS	614328	36225CA71	Agency MBS ARM	A-3-Q	GOVERNMENT NATIONAL MORTGAGE A	0.00007093	5	46388	38464578	2728.29	9643.82	2728.29	2721.28	100	99.7431131	-7.01	7/31/2026	Model2501	100	LMMSOFRFLAT	RFRSwap	4.951499	3.7286	0.212588444	0.001267591	0.002129281	 0 	0.2126	0	0	0	0	0	0	0.2152	25.1723	105.8637	101.8265	0.00007093	NA	6.212	355	NA	NA	NA	0.215	0.002167302	0.64445884	0.2142	0.002154333	0.42839996	0.2134	0.002142112	0.21356787	0.2118	0.002116862	-0.21230076	0.211	0.002104753	-0.42338657	0.2103	0.002092744	-0.63325476
AFS	614166	36225CA89	Agency MBS ARM	A-3-Q	GOVERNMENT NATIONAL MORTGAGE A	0.00006367	5	46388	58748889	3740.54	13610.09	3740.54	3729.97	100	99.7172859	-10.58	7/31/2026	Model2501	100	LMMSOFRFLAT	RFRSwap	5.075058	3.729865	0.212778151	0.001231119	0.002130632	 0 	0.2128	0	0	0	0	0	0	0.2154	24.5663	117.9763	114.1814	0.00006367	NA	6.171	355	NA	NA	NA	0.2152	0.00216901	0.64486747	0.2144	0.002155861	0.42863444	0.2136	0.002143158	0.2136856	0.212	0.002118373	-0.21244785	0.2112	0.002106064	-0.42367645	0.2104	0.002093891	-0.63366994
AFS	613996	36225CA97	Agency MBS ARM	A-3-Q	GOVERNMENT NATIONAL MORTGAGE A	0.00007403	5	46388	13171000	975.05	3649.71	975.05	971.98	100	99.6855055	-3.07	7/31/2026	Model2501	100	LMMSOFRFLAT	RFRSwap	5.230143	3.70724	0.209164679	0.001246222	0.002093784	 0 	0.2092	0	0	0	0	0	0	0.2118	34.4672	133.2527	129.7119	0.00007403	NA	6.221	355	NA	NA	NA	0.2116	0.002131664	0.63378403	0.2108	0.002118825	0.42127031	0.21	0.002106382	0.21000637	0.2084	0.002081534	-0.20876119	0.2076	0.002069473	-0.4163152	0.2068	0.002057498	-0.62265904
AFS	613635	36225CAL0	Agency MBS ARM	A-3-Q	GOVERNMENT NATIONAL MORTGAGE A	0.00002932	5.125	46327	10000000	293.2	1503.52	293.2	292.72	100	99.8357863	-0.48	7/31/2026	Model2501	100	LMMSOFRFLAT	RFRSwap	4.273764	3.049477	0.135465503	0.000562943	0.001358216	 0 	0.1355	0	0	0	0	0	0	0.1365	25.4056	43.7058	36.79985	0.00002932	NA	6.288	357	NA	NA	NA	0.1366	0.001375337	0.41002475	0.1362	0.001369581	0.27278242	0.1359	0.001363922	0.13610572	0.1351	0.001352543	-0.13553811	0.1347	0.001346886	-0.27050933	0.1343	0.001341265	-0.40491649
AFS	614303	36225CAM8	Agency MBS ARM	A-3-Q	GOVERNMENT NATIONAL MORTGAGE A	0.00003131	5.125	46327	22034106	689.89	4271.53	689.89	689.11	100	99.887136	-0.78	7/31/2026	Model2501	100	LMMSOFRFLAT	RFRSwap	4.175645	3.520676	0.174239516	0.0008729	0.00174787	 0 	0.1742	0	0	0	0	0	0	0.1757	27.1657	31.8063	26.13593	0.00003131	NA	6.357	356	NA	NA	NA	0.176	0.001774417	0.52832519	0.1754	0.001765416	0.35134415	0.1748	0.001756774	0.17523012	0.1737	0.00173911	-0.17434837	0.1731	0.001730474	-0.3478263	0.1726	0.001721977	-0.5204478
AFS	613693	36225CAX4	Agency MBS ARM	A-3-Q	GOVERNMENT NATIONAL MORTGAGE A	0.00006003	5.125	46357	26300000	1578.79	6951.77	1578.79	1576.46	100	99.8521993	-2.33	7/31/2026	Model2501	100	LMMSOFRFLAT	RFRSwap	4.37956	3.521817	0.174344331	0.00087128	0.001748312	 0 	0.1743	0	0	0	0	0	0	0.1758	26.589	51.7977	46.52903	0.00006003	NA	6.248	356	NA	NA	NA	0.176	0.001774657	0.52842868	0.1755	0.001765708	0.35142423	0.1749	0.001757192	0.17527286	0.1738	0.001739569	-0.17439335	0.1732	0.001730972	-0.34791884	0.1727	0.001722542	-0.52059341
AFS	613182	36225CAY2	Agency MBS ARM	A-3-Q	GOVERNMENT NATIONAL MORTGAGE A	0.00002894	5.125	46357	27200009	787.17	4753.25	787.17	786.04	100	99.8570898	-1.13	7/31/2026	Model2501	100	LMMSOFRFLAT	RFRSwap	4.350067	3.519767	0.174129963	0.000875345	0.001746248	 0 	0.1741	0	0	0	0	0	0	0.1756	27.6103	48.9106	43.57777	0.00002894	NA	6.411	356	NA	NA	NA	0.1758	0.001772764	0.52783623	0.1753	0.001763783	0.35101928	0.1747	0.001755147	0.17506824	0.1736	0.001737486	-0.17418588	0.173	0.001728851	-0.34750147	0.1724	0.001720376	-0.51996144
AFS	614760	36225CB47	Agency MBS ARM	A-3-Q	GOVERNMENT NATIONAL MORTGAGE A	0.00009702	5.25	46478	13160000	1276.78	3811.37	1276.78	1275.73	100	99.9171328	-1.05	7/31/2026	Model2501	100	LMMSOFRFLAT	RFRSwap	4.722553	4.49144	0.36134398	0.003373058	0.003626254	 0 	0.3614	0	0	0	0	0	0	0.3695	22.1375	75.7938	72.30654	0.00009702	18.9474	6.452	351	NA	NA	NA	0.3677	0.003730796	1.10323263	0.3654	0.003693278	0.73213973	0.3635	0.003661405	0.36437293	0.3595	0.003594742	-0.36101139	0.3575	0.003562254	-0.71889684	0.3556	0.0035301	-1.07350186
AFS	613913	36225CB54	Agency MBS ARM	A-3-Q	GOVERNMENT NATIONAL MORTGAGE A	0.00010864	5.25	46478	36230158	3936.04	8893.82	3936.04	3924.86	100	99.7157826	-11.19	7/31/2026	Model2501	100	LMMSOFRFLAT	RFRSwap	5.283611	4.391529	0.322150588	0.001790279	0.003226444	 0 	0.322	0	0	0	0	0	0	0.3287	25.7997	132.4084	129.961	0.00010864	18.7674	6.486	352	NA	NA	NA	0.327	0.00330697	0.97949761	0.3252	0.003278067	0.65030119	0.3236	0.003251438	0.32380988	0.3217	0.003211277	-0.3218693	0.3202	0.003186014	-0.6418873	0.3186	0.003159934	-0.95914771
AFS	614846	36225CB62	Agency MBS ARM	A-3-Q	GOVERNMENT NATIONAL MORTGAGE A	0.0000911	5.25	46478	91922893	8374.18	17808.89	8374.18	8359.02	100	99.8190367	-15.15	7/31/2026	Model2501	100	LMMSOFRFLAT	RFRSwap	4.994366	4.485046	0.358459324	0.003374218	0.003593789	 0 	0.3584	0	0	0	0	0	0	0.3666	24.767	102.529	99.55366	0.0000911	19.3822	6.489	351	NA	NA	NA	0.3647	0.003695947	1.0932042	0.3624	0.003659463	0.72554741	0.3606	0.003628503	0.36111179	0.3567	0.003563205	-0.35778448	0.3549	0.003533077	-0.71266767	0.3528	0.003499677	-1.06425797
AFS	614335	36225CBD7	Agency MBS ARM	A-3-Q	GOVERNMENT NATIONAL MORTGAGE A	0.00018759	5.125	46388	5124074	961.23	3492.61	961.23	959.68	100	99.8388124	-1.55	7/31/2026	Model2501	100	LMMSOFRFLAT	RFRSwap	4.456445	3.519385	0.17408289	0.000878062	0.001745458	 0 	0.1741	0	0	0	0	0	0	0.1756	27.7768	59.3432	54.21833	0.00018759	15.2671	6.375	356	NA	NA	NA	0.1758	0.001771737	0.52756909	0.1752	0.001762824	0.35085544	0.1747	0.001754357	0.17498972	0.1735	0.001736683	-0.1741062	0.1729	0.001728029	-0.34734052	0.1724	0.001719567	-0.51971837
AFS	613917	36225CBP0	Agency MBS ARM	A-3-Q	GOVERNMENT NATIONAL MORTGAGE A	0.0000621	5	46419	18892905	1173.25	4787.63	1173.25	1169.8	100	99.7060331	-3.45	7/31/2026	Model2501	100	LMMSOFRFLAT	RFRSwap	5.117312	3.929101	0.250420421	0.001324876	0.002507277	 0 	0.2504	0	0	0	0	0	0	0.2541	24.4357	119.7084	116.2131	0.0000621	NA	6.223	354	NA	NA	NA	0.2534	0.002556532	0.75912936	0.2523	0.002538488	0.50439033	0.2512	0.002521616	0.2514229	0.2496	0.002493273	-0.25004172	0.2486	0.002476966	-0.49859507	0.2476	0.002460131	-0.74543363
AFS	613159	36225CBW5	Agency MBS ARM	A-3-Q	GOVERNMENT NATIONAL MORTGAGE A	0.00013104	5	46447	10199129	1336.49	2873.29	1336.5	1330.78	100.0004	99.572208	-5.72	7/31/2026	Model2501	100	LMMSOFRFLAT	RFRSwap	5.582674	4.073044	0.287636101	0.002030685	0.002876041	 0 	0.2875	0	0	0.0001	0	0	0	0.2924	24.1214	162.7396	161.196	0.00013104	NA	6.184	353	NA	NA	NA	0.2917	0.00294188	0.87249438	0.2902	0.00291893	0.5795	0.289	0.002897536	0.28866	0.2865	0.002856471	-0.28662912	0.2851	0.002834609	-0.5711769	0.2838	0.002813309	-0.85359767
AFS	613233	36225CBX3	Agency MBS ARM	A-3-Q	GOVERNMENT NATIONAL MORTGAGE A	0.00010331	5	46447	87801544	9070.78	19550.41	9070.89	9036.56	100.0012	99.622784	-34.32	7/31/2026	Model2501	100	LMMSOFRFLAT	RFRSwap	5.404506	4.067001	0.2871328	0.000281625	0.002872461	 0 	0.2867	0	0.0001	0.0001	0.0001	0.0001	0	0.2914	25.5639	145.3058	143.4015	0.00010331	NA	6.226	353	NA	NA	NA	0.2899	0.002925059	0.86797873	0.2883	0.002901021	0.57668201	0.2873	0.002882206	0.28758234	0.2873	0.002865995	-0.28703136	0.2858	0.002843213	-0.57259062	0.2845	0.002821707	-0.85583651
AFS	614159	36225CBY1	Agency MBS ARM	A-3-Q	GOVERNMENT NATIONAL MORTGAGE A	0.00009966	5	46447	12103104	1206.2	3211.8	1206.2	1203.93	100	99.8123439	-2.26	7/31/2026	Model2501	100	LMMSOFRFLAT	RFRSwap	4.728088	4.057445	0.282761276	0.001297596	0.002834088	 0 	0.2828	0	0	0	0	0	0	0.2874	31.2732	79.2288	75.82241	0.00009966	NA	6.213	353	NA	NA	NA	0.2866	0.002897422	0.85906907	0.2851	0.002873621	0.5705971	0.2839	0.002853095	0.28424302	0.2823	0.002821668	-0.28280228	0.2812	0.002802207	-0.56405414	0.2799	0.002781668	-0.84324187
AFS	612263	36225CC79	Agency MBS ARM	A-3-Q	GOVERNMENT NATIONAL MORTGAGE A	0.00010915	5.375	46569	144892180	15814.98	25645.73	15846.56	15861.64	100.1996	100.2950378	15.09	7/31/2026	Model2501	100	LMMSOFRFLAT	RFRSwap	4.175879	4.397405	0.196156874	-0.01702012	0.001976142	 0 	0.2223	-0.0263	0	0	0	0	0	0.4429	22.3662	19.0346	12.26857	0.00010915	NA	6.617	349	NA	NA	NA	0.4401	0.004478875	1.02460892	0.4318	0.004374922	0.58016969	0.2613	0.002637346	0.20561451	0.3578	0.003595857	-0.25673813	0.425	0.004253486	-0.67163173	0.423	0.004214613	-1.09503855
AFS	613513	36225CC87	Agency MBS ARM	A-3-Q	GOVERNMENT NATIONAL MORTGAGE A	0.00011277	5.375	46569	37663636	4247.33	7020.69	4255.95	4236.4	100.2031	99.7426757	-19.56	7/31/2026	Model2501	100	LMMSOFRFLAT	RFRSwap	5.464049	4.380351	0.195246786	-0.01688278	0.001956189	 0 	0.221	-0.026	0	0	0	0	0	0.4398	24.2604	145.5503	141.1781	0.00011277	NA	6.593	349	NA	NA	NA	0.4357	0.004409215	1.01045483	0.4278	0.004310282	0.57277482	0.2595	0.002605255	0.20344753	0.3555	0.003552694	-0.25385028	0.4235	0.004214674	-0.66427666	0.4216	0.00417785	-1.08399784
AFS	614042	36225CCG9	Agency MBS ARM	A-3-Q	GOVERNMENT NATIONAL MORTGAGE A	0.00011315	5.25	46508	23705000	2682.22	3673.88	2682.22	2680.1	100	99.9210758	-2.12	7/31/2026	Model2501	100	LMMSOFRFLAT	RFRSwap	4.764256	4.563499	0.395680875	0.004187014	0.003970997	 0 	0.3957	0	0	0	0	0	0	0.4058	22.8535	78.4811	74.956	0.00011315	18.8845	6.592	350	NA	NA	NA	0.4033	0.004095966	1.20982316	0.4005	0.004051956	0.80253834	0.3983	0.004013518	0.39922903	0.3933	0.003931954	-0.3950817	0.3912	0.003895024	-0.7864786	0.3886	0.003854154	-1.17391331
AFS	614122	36225CCJ3	Agency MBS ARM	A-3-Q	GOVERNMENT NATIONAL MORTGAGE A	0.00008504	5.25	46508	33955425	2887.57	4561.99	2887.57	2884.49	100	99.8932819	-3.07	7/31/2026	Model2501	100	LMMSOFRFLAT	RFRSwap	4.830278	4.556008	0.391749561	0.004042038	0.003930454	 0 	0.3917	0	0	0	0	0	0	0.4017	25.789	85.0485	81.64102	0.00008504	19.8117	6.489	350	NA	NA	NA	0.3992	0.004052769	1.1971801	0.3964	0.004009052	0.79422149	0.3943	0.003972065	0.39512347	0.3896	0.003893671	-0.39113048	0.3875	0.003857628	-0.7787695	0.385	0.003817897	-1.16249877
AFS	614466	36225CCN4	Agency MBS ARM	A-3-Q	GOVERNMENT NATIONAL MORTGAGE A	0.00010455	5.25	46508	13352831	1396.04	2219.22	1396.04	1393.82	100	99.841072	-2.22	7/31/2026	Model2501	100	LMMSOFRFLAT	RFRSwap	4.965039	4.556667	0.392027378	0.003869688	0.003931195	 0 	0.392	0	0	0	0	0	0	0.4021	25.4985	98.2738	95.12424	0.00010455	19.5009	6.389	350	NA	NA	NA	0.3994	0.004053453	1.19732824	0.3967	0.004009946	0.79424817	0.3945	0.003971837	0.39513389	0.39	0.003895687	-0.39128742	0.3877	0.003857944	-0.77905281	0.3853	0.003818935	-1.16285349
AFS	614393	36225CCW4	Agency MBS ARM	A-3-Q	GOVERNMENT NATIONAL MORTGAGE A	0.00017682	5.25	46539	109966471	19444.27	30199.77	19444.27	19426.37	100	99.907928	-17.9	7/31/2026	Model2501	100	LMMSOFRFLAT	RFRSwap	4.796778	4.562101	0.394937068	0.003985786	0.003963013	 1 	0.3949	0	0	0	0	0	0	0.405	23.3209	81.6873	78.22554	0.00017682	17.1288	6.329	350	NA	NA	NA	0.4022	0.004084844	1.2068777	0.3995	0.004041252	0.80071422	0.3975	0.004004608	0.39837163	0.3929	0.003927169	-0.39443192	0.3907	0.003890154	-0.78539092	0.3883	0.003850912	-1.17239676
AFS	614268	36225CCX2	Agency MBS ARM	A-3-Q	GOVERNMENT NATIONAL MORTGAGE A	0.00007986	5.25	46539	74375283	5939.61	12678.53	5939.61	5933.59	100	99.8985725	-6.03	7/31/2026	Model2501	100	LMMSOFRFLAT	RFRSwap	4.819832	4.560845	0.394219518	0.003392383	0.003955444	 0 	0.3943	0	0	0	0	0	0	0.4043	23.8881	83.9563	80.55248	0.00007986	19.4919	6.48	350	NA	NA	NA	0.4016	0.004077391	1.20422765	0.3987	0.004032591	0.79887223	0.3966	0.003995004	0.39744575	0.3927	0.00392494	-0.39399277	0.3906	0.003888347	-0.78471116	0.3882	0.003849982	-1.17164418
AFS	613556	36225CD29	Agency MBS ARM	A-3-Q	GOVERNMENT NATIONAL MORTGAGE A	0.00021647	5.125	46661	20867433	4517.17	5440.25	4529.51	4514.51	100.2731	99.9410482	-15	7/31/2026	Model2501	100	LMMSOFRFLAT	RFRSwap	4.952702	4.327347	0.402595758	-0.1163307	0.004040778	 0 	0.4496	-0.0492	0	-0.0001	0	0	0	0.5497	22.5473	88.5254	82.55168	0.00021647	18.649	6.37	346	NA	NA	NA	0.5399	0.005491671	1.35567018	0.4925	0.004983354	0.82221666	0.3905	0.003933801	0.38154685	0.4955	0.004950524	-0.45319011	0.5229	0.005198035	-0.96799706	0.5205	0.005146469	-1.48576769
AFS	614181	36225CDJ2	Agency MBS ARM	A-3-Q	GOVERNMENT NATIONAL MORTGAGE A	0.00019332	5.375	46600	247169156	47782.74	55691.77	47887	47873.72	100.2182	100.1903967	-13.28	7/31/2026	Model2501	100	LMMSOFRFLAT	RFRSwap	4.483604	4.422346	0.196034729	-0.0186814	0.00197286	 1 	0.2247	-0.0289	0	0	0	0	0	0.4678	28.1398	48.0547	41.6979	0.00019332	18.4566	6.543	348	NA	NA	NA	0.4635	0.004714068	1.06490291	0.4545	0.004601017	0.59726735	0.2675	0.002697723	0.20605562	0.3734	0.003748407	-0.26209305	0.4475	0.004472509	-0.69768549	0.4454	0.004431189	-1.14290888
AFS	614192	36225CDL7	Agency MBS ARM	A-3-Q	GOVERNMENT NATIONAL MORTGAGE A	0.00014905	5.375	46600	163175057	24321.24	32317.91	24374.06	24283.63	100.2171	99.8453491	-90.42	7/31/2026	Model2501	100	LMMSOFRFLAT	RFRSwap	5.252669	4.443215	0.196614802	-0.01882338	0.001971914	 0 	0.2261	-0.0296	0	-0.0001	-0.0001	0	0	0.4752	24.3534	123.4719	118.5267	0.00014905	19.3115	6.598	348	NA	NA	NA	0.4701	0.004765752	1.07393363	0.461	0.004651329	0.60112064	0.2698	0.002711579	0.20624133	0.3795	0.003795762	-0.2636051	0.4579	0.004560082	-0.70665316	0.4563	0.004523153	-1.16094805
AFS	614550	36225CDM5	Agency MBS ARM	A-3-Q	GOVERNMENT NATIONAL MORTGAGE A	0.00016862	5.375	46600	51960342	8761.55	12725.37	8783.16	8781.65	100.2466	100.2294354	-1.5	7/31/2026	Model2501	100	LMMSOFRFLAT	RFRSwap	4.37613	4.337702	0.193452001	-0.01641152	0.001947623	 0 	0.2239	-0.0283	-0.0004	-0.0007	-0.0009	-0.0005	-0.0001	0.4599	31.9583	37.7206	31.1909	0.00016862	19.0969	6.589	348	NA	NA	NA	0.4549	0.004627259	1.04739302	0.4457	0.004513168	0.58852888	0.2642	0.002665376	0.2040552	0.3679	0.003694484	-0.25805447	0.4448	0.004447396	-0.68926441	0.4445	0.004425115	-1.13316706
AFS	613218	36225CDT0	Agency MBS ARM	A-3-Q	GOVERNMENT NATIONAL MORTGAGE A	0.00013965	5.375	46631	219569853	30662.93	31525.26	30739.79	30735.68	100.2507	100.237269	-4.1	7/31/2026	Model2501	100	LMMSOFRFLAT	RFRSwap	4.494506	4.467602	0.198920608	-0.02149851	0.002002836	 1 	0.2286	-0.0296	-0.0001	-0.0001	-0.0001	-0.0001	0	0.5152	22.174	47.5518	41.06194	0.00013965	18.9275	6.631	347	NA	NA	NA	0.5097	0.005190231	1.15069133	0.4991	0.005056663	0.63615178	0.2821	0.002845933	0.21054871	0.405	0.004066549	-0.2755544	0.4918	0.00491485	-0.75313767	0.4897	0.004870186	-1.24246679
AFS	613744	36225CDU7	Agency MBS ARM	A-3-Q	GOVERNMENT NATIONAL MORTGAGE A	0.00009968	5.375	46631	60440000	6024.66	9271.92	6039.35	6037.23	100.2439	100.2086081	-2.13	7/31/2026	Model2501	100	LMMSOFRFLAT	RFRSwap	4.534477	4.462629	0.196392953	-0.0189743	0.001976823	 0 	0.2279	-0.0291	-0.0004	-0.0009	-0.0008	-0.0005	-0.0001	0.5071	25.6471	51.658	45.27531	0.00009968	19.9964	6.589	347	NA	NA	NA	0.4991	0.005080068	1.12931528	0.4888	0.004950323	0.62574369	0.2782	0.002805687	0.20848691	0.3996	0.00401135	-0.27149081	0.4895	0.004890531	-0.74464661	0.4893	0.00486443	-1.23274211
AFS	614021	36225CDW3	Agency MBS ARM	A-3-Q	GOVERNMENT NATIONAL MORTGAGE A	0.0001101	5.375	46631	7000000	770.7	1354.36	771.83	772.63	100.1464	100.2507494	0.8	7/31/2026	Model2501	100	LMMSOFRFLAT	RFRSwap	4.455618	4.66698	0.19853887	-0.02138431	0.00199926	 0 	0.2275	-0.0292	0	-0.0001	0	0	0	0.5099	24.5432	43.8432	37.29044	0.0001101	20.2322	6.625	347	NA	NA	NA	0.505	0.005142838	1.14177611	0.4944	0.005010215	0.6319574	0.2803	0.002828973	0.20995695	0.4014	0.004030867	-0.27408815	0.4861	0.004859142	-0.74667151	0.4837	0.004811719	-1.23026479
AFS	614368	36225CDY9	Agency MBS ARM	A-3-Q	GOVERNMENT NATIONAL MORTGAGE A	0.00039461	5.125	46661	375000	147.98	245.74	147.98	148.03	100	100.0339075	0.05	7/31/2026	Model2501	100	LMMSOFRFLAT	RFRSwap	4.835993	4.895711	0.417748749	-0.1379196	0.004196745	 0 	0.4635	-0.0469	-0.0002	-0.0005	-0.0005	-0.0003	0	0.5901	20.6712	75.598	69.16634	0.00039461	16.6566	6.408	345	NA	NA	NA	0.5772	0.005880695	1.42470357	0.5222	0.00529026	0.85485658	0.4033	0.004067481	0.39292252	0.5302	0.005300594	-0.4788388	0.5662	0.00562926	-1.03415968	0.5648	0.005583586	-1.59553496
AFS	614285	36225CE44	Agency MBS ARM	A-3-Q	GOVERNMENT NATIONAL MORTGAGE A	0.00032794	5	46753	6527398	2140.59	2458.58	2142.31	2129.52	100.0802	99.482746	-12.79	7/31/2026	Model2501	100	LMMSOFRFLAT	RFRSwap	5.615439	4.653603	0.550244212	-0.04828079	0.005496908	 0 	0.5587	-0.0088	0.0001	0.0003	0	0.0001	0	0.6497	23.4501	148.6922	145.6408	0.00032794	18.2735	6.238	343	NA	NA	NA	0.6322	0.006422997	1.69224042	0.5772	0.005828618	1.07397768	0.5191	0.005213074	0.52881374	0.6024	0.005982882	-0.57775062	0.6122	0.006043276	-1.18101611	0.6108	0.005992548	-1.78379598
AFS	612155	36225CE77	Agency MBS ARM	A-3-Q	GOVERNMENT NATIONAL MORTGAGE A	0.00029297	5	46753	2200000	644.53	474.28	645.27	643.58	100.114	99.8525961	-1.68	7/31/2026	Model2501	100	LMMSOFRFLAT	RFRSwap	5.018224	4.599372	0.550889254	-0.04749984	0.005523726	 0 	0.5599	-0.0089	0	0	0	0	0	0.6499	23.4026	90.1411	85.94276	0.00029297	18.852	6.25	343	NA	NA	NA	0.6328	0.00645297	1.70125901	0.5782	0.005859818	1.07984335	0.5201	0.005242524	0.53167174	0.6023	0.006004381	-0.5800835	0.6131	0.006074479	-1.18598255	0.6114	0.006020896	-1.79173546
AFS	613083	36225CEF9	Agency MBS ARM	A-3-Q	GOVERNMENT NATIONAL MORTGAGE A	0.00021832	5.125	46692	13000000	2838.16	3951.87	2848.12	2845.23	100.3509	100.2489464	-2.89	7/31/2026	Model2501	100	LMMSOFRFLAT	RFRSwap	4.456774	4.277935	0.416384071	-0.1369896	0.00419199	 0 	0.4621	-0.0467	-0.0003	-0.0006	-0.0005	-0.0003	0	0.5887	21.112	38.3629	31.19663	0.00021832	18.7382	6.351	345	NA	NA	NA	0.5769	0.005890404	1.42566556	0.5218	0.00529793	0.85481052	0.4023	0.00406577	0.39265099	0.5271	0.005281413	-0.4777558	0.5619	0.0055987	-1.03045533	0.5601	0.005550001	-1.58864535
AFS	614664	36225CEG7	Agency MBS ARM	A-3-Q	GOVERNMENT NATIONAL MORTGAGE A	0.00022077	5.125	46692	4748388	1048.3	952.45	1051.66	1047.55	100.32	99.9286685	-4.1	7/31/2026	Model2501	100	LMMSOFRFLAT	RFRSwap	5.018166	4.324605	0.415055364	-0.1355578	0.004165319	 0 	0.459	-0.0463	0	-0.0001	0	0	0	0.5849	22.4343	93.5137	87.3935	0.00022077	18.8296	6.388	345	NA	NA	NA	0.5729	0.005830273	1.41353242	0.5186	0.005248081	0.84834117	0.4006	0.00403604	0.39013932	0.5235	0.005228967	-0.47389386	0.556	0.005522594	-1.02007231	0.5534	0.005467109	-1.5701928
AFS	614574	36225CEJ1	Agency MBS ARM	A-3-Q	GOVERNMENT NATIONAL MORTGAGE A	0.00016667	5.125	46692	65899920	10983.54	13290.86	11020.92	11000.17	100.3403	100.1513705	-20.75	7/31/2026	Model2501	100	LMMSOFRFLAT	RFRSwap	4.620729	4.286212	0.414503962	-0.1350783	0.004169017	 0 	0.4589	-0.0462	-0.0001	-0.0003	-0.0002	-0.0002	0	0.5838	22.773	54.5571	47.70845	0.00016667	19.7526	6.313	345	NA	NA	NA	0.5727	0.00584068	1.41540323	0.5181	0.005255087	0.84934344	0.4002	0.004040441	0.39054717	0.5227	0.005232285	-0.47423767	0.5557	0.005531916	-1.02094273	0.5533	0.005477621	-1.57210829
AFS	613205	36225CEN2	Agency MBS ARM	A-3-Q	GOVERNMENT NATIONAL MORTGAGE A	0.00019321	5.125	46722	18230330	3522.28	4328.96	3530.68	3530.04	100.2384	100.2203947	-0.63	7/31/2026	Model2501	100	LMMSOFRFLAT	RFRSwap	4.643429	4.615386	0.44432801	-0.1792278	0.004472049	 0 	0.4692	-0.0282	0	-0.0001	0	0	0	0.6664	18.8456	53.9591	46.66028	0.00019321	19.0276	6.375	343	NA	NA	NA	0.6536	0.00668043	1.55799288	0.5813	0.005903562	0.91373469	0.425	0.004294546	0.41194737	0.5865	0.005872299	-0.52291674	0.6293	0.006261982	-1.14074084	0.6263	0.006193426	-1.76442626
AFS	613315	36225CEP7	Agency MBS ARM	A-3-Q	GOVERNMENT NATIONAL MORTGAGE A	0.00018372	5.125	46722	24433075	4488.84	4594.62	4503.39	4511.04	100.3241	100.4944295	7.65	7/31/2026	Model2501	100	LMMSOFRFLAT	RFRSwap	4.117882	4.399927	0.429147631	-0.1555694	0.004331023	 0 	0.4663	-0.0394	-0.0001	-0.0005	0	-0.0001	0	0.6232	21.2429	3.7659	-4.262038	0.00018372	18.891	6.386	344	NA	NA	NA	0.6111	0.006258233	1.48823538	0.5479	0.005577855	0.88348248	0.4126	0.004180334	0.40258189	0.5528	0.005551852	-0.49901525	0.5904	0.005894813	-1.08111892	0.5882	0.00583843	-1.66857911
AFS	614394	36225CEQ5	Agency MBS ARM	A-3-Q	GOVERNMENT NATIONAL MORTGAGE A	0.00016631	5.125	46722	31523232	5242.63	4856.58	5260.05	5263.46	100.3322	100.3973218	3.41	7/31/2026	Model2501	100	LMMSOFRFLAT	RFRSwap	4.271335	4.379808	0.426305324	-0.1543132	0.004298198	 0 	0.4652	-0.0394	-0.0004	-0.001	-0.0006	-0.0005	0	0.6201	22.18	18.9239	11.21744	0.00016631	19.2969	6.335	344	NA	NA	NA	0.6057	0.006196222	1.47701514	0.5442	0.005534968	0.87762676	0.4105	0.004155059	0.39982586	0.5513	0.005531184	-0.49595691	0.5912	0.005896682	-1.07723334	0.5898	0.005848398	-1.66535671
AFS	614077	36225CER3	Agency MBS ARM	A-3-Q	GOVERNMENT NATIONAL MORTGAGE A	0.00024899	5.125	46722	31734546	7901.58	6908.91	7921.66	7924.8	100.254	100.2938175	3.15	7/31/2026	Model2501	100	LMMSOFRFLAT	RFRSwap	4.441055	4.507697	0.426946908	-0.1534828	0.004300248	 0 	0.4636	-0.0392	-0.0001	-0.0003	0	-0.0001	0	0.6183	22.7259	35.5934	28.19444	0.00024899	18.0653	6.326	344	NA	NA	NA	0.6058	0.006190647	1.47559302	0.5439	0.005526401	0.87693615	0.4105	0.004151093	0.39993759	0.549	0.005502569	-0.4949543	0.5861	0.005840111	-1.07170448	0.5837	0.005782128	-1.65359339
AFS	614576	36225CET9	Agency MBS ARM	A-3-Q	GOVERNMENT NATIONAL MORTGAGE A	0.00004697	5.125	46722	5000000	234.85	200.35	235.7	234.88	100.3609	100.0135149	-0.82	7/31/2026	Model2501	100	LMMSOFRFLAT	RFRSwap	4.951252	4.397552	0.437775314	-0.1720884	0.004397041	 0 	0.4632	-0.0286	0	-0.0001	0	0	0	0.6515	22.9372	84.5101	77.8564	0.00004697	23.0456	6.375	343	NA	NA	NA	0.6381	0.006506364	1.52591377	0.569	0.005766223	0.89787414	0.4192	0.004227203	0.40593608	0.5746	0.005742232	-0.51236057	0.6161	0.006119343	-1.11615286	0.613	0.006051376	-1.72556963
AFS	614575	36225CEY8	Agency MBS ARM	A-3-Q	GOVERNMENT NATIONAL MORTGAGE A	0.00037864	5	46753	23290000	8818.53	9122.77	8839.44	8771.83	100.2372	99.4704929	-67.61	7/31/2026	Model2501	100	LMMSOFRFLAT	RFRSwap	5.631861	4.418348	0.558218837	-0.05185319	0.005575889	 0 	0.566	-0.0086	0.0001	0.0005	0.0001	0.0002	0	0.66	20.637	150.0237	147.0213	0.00037864	17.5975	6.174	343	NA	NA	NA	0.6399	0.006501769	1.71223386	0.584	0.005896673	1.08640388	0.5247	0.005269404	0.53524807	0.6135	0.006091795	-0.58745823	0.6237	0.006154547	-1.20170305	0.6228	0.006107589	-1.81589016
AFS	614116	36225CF43	Agency MBS ARM	A-3-Q	GOVERNMENT NATIONAL MORTGAGE A	0.00024113	5.25	46844	55864027	13470.49	12702.3	13470.49	13488.26	100	100.1318812	17.77	7/31/2026	Model2501	100	LMMSOFRFLAT	RFRSwap	4.866133	5.03978	0.686331332	-0.03425425	0.006902392	 1 	0.6191	0.0701	0	-0.0001	0	0	0	0.7955	20.7384	72.9849	66.70781	0.00024113	19.6112	6.51	339	NA	NA	NA	0.7639	0.00784672	2.1450553	0.7186	0.007326058	1.38285185	0.6738	0.006822671	0.68143429	0.7255	0.007245222	-0.70975477	0.745	0.007385201	-1.44267072	0.7445	0.00732525	-2.17977758
AFS	614422	36225CF50	Agency MBS ARM	A-3-Q	GOVERNMENT NATIONAL MORTGAGE A	0.00025936	5.25	46844	3030000	785.86	672.66	785.86	783.73	100	99.7291762	-2.13	7/31/2026	Model2501	100	LMMSOFRFLAT	RFRSwap	5.382087	5.007726	0.664770126	-0.0291732	0.006658782	 0 	0.614	0.0527	0.0001	0.0003	0	0.0001	0	0.7599	21.1904	124.623	119.7362	0.00025936	19.5363	6.4	340	NA	NA	NA	0.7313	0.007475687	2.06411218	0.6932	0.007036129	1.33535687	0.6544	0.006598419	0.65865436	0.6983	0.006947272	-0.6825067	0.7117	0.007030582	-1.38260331	0.7107	0.006970581	-2.08388417
AFS	614128	36225CFH4	Agency MBS ARM	A-3-Q	GOVERNMENT NATIONAL MORTGAGE A	0.00048269	5	46784	16269439	7853.1	5025.83	7873.42	7816.96	100.2588	99.5399174	-56.46	7/31/2026	Model2501	100	LMMSOFRFLAT	RFRSwap	5.536654	4.475954	0.582648158	-0.06962831	0.005823952	 0 	0.5643	0.0173	0.0002	0.0005	0.0002	0.0002	0	0.7089	24.9176	138.3845	135.0484	0.00048269	16.967	6.182	341	NA	NA	NA	0.6818	0.006936844	1.78842039	0.6132	0.006197756	1.12391516	0.5384	0.005411074	0.5525214	0.6571	0.006526891	-0.62249432	0.6727	0.00663742	-1.28359538	0.6732	0.006598145	-1.94667733
AFS	614658	36225CFJ0	Agency MBS ARM	A-3-Q	GOVERNMENT NATIONAL MORTGAGE A	0.00049188	5	46784	13600000	6689.57	8060.01	6706.47	6658.56	100.2526	99.5365009	-47.91	7/31/2026	Model2501	100	LMMSOFRFLAT	RFRSwap	5.534084	4.451343	0.57420975	-0.05917073	0.005739409	 0 	0.5707	0.0032	0.0001	0.0003	0	0.0001	0	0.6912	21.4047	139.0599	135.7175	0.00049188	17.0419	6.197	342	NA	NA	NA	0.6693	0.006808121	1.7680373	0.6049	0.00611392	1.11498554	0.536	0.005386518	0.54825999	0.6376	0.006334728	-0.60824501	0.6502	0.006418146	-1.24823339	0.6492	0.006366734	-1.88868512
AFS	614570	36225CFL5	Agency MBS ARM	A-3-Q	GOVERNMENT NATIONAL MORTGAGE A	0.00036679	5	46784	5998901	2200.34	2038.97	2201.91	2190.98	100.0715	99.5745861	-10.93	7/31/2026	Model2501	100	LMMSOFRFLAT	RFRSwap	5.475554	4.71964	0.57248348	-0.05891077	0.005724334	 0 	0.5693	0.0028	0.0001	0.0003	0	0.0001	0	0.688	22.1227	133.425	129.9901	0.00036679	18.1619	6.021	342	NA	NA	NA	0.6664	0.006780818	1.76242431	0.6025	0.006091904	1.11195541	0.5345	0.005373326	0.54690016	0.6351	0.006311812	-0.60643867	0.6473	0.006391553	-1.24374326	0.6463	0.006341113	-1.88164712
AFS	614314	36225CFR2	Agency MBS ARM	A-3-Q	GOVERNMENT NATIONAL MORTGAGE A	0.0002471	5	46813	59886537	14797.96	12551.19	14842.61	14731.41	100.3017	99.5502268	-111.2	7/31/2026	Model2501	100	LMMSOFRFLAT	RFRSwap	5.529976	4.454709	0.592134118	-0.07360642	0.005919381	 1 	0.5589	0.0328	0.0001	0.0004	0	0.0001	0	0.7316	26.7469	136.7632	133.2917	0.0002471	18.7632	6.238	340	NA	NA	NA	0.7068	0.00719484	1.82683476	0.6282	0.006352083	1.14105255	0.5446	0.00547476	0.5598878	0.6695	0.006650594	-0.63423955	0.6854	0.006762486	-1.30744192	0.6851	0.006713153	-1.98284696
AFS	614778	36225CFU5	Agency MBS ARM	A-3-Q	GOVERNMENT NATIONAL MORTGAGE A	0.00026714	5	46813	4200000	1121.99	1051.37	1125	1116.34	100.2686	99.4967354	-8.66	7/31/2026	Model2501	100	LMMSOFRFLAT	RFRSwap	5.598195	4.483528	0.592451811	-0.06841709	0.005919388	 0 	0.5742	0.0179	0.0001	0.0003	0	0.0001	0	0.7249	21.4006	144.0349	140.771	0.00026714	18.6696	6.206	341	NA	NA	NA	0.6987	0.007107949	1.82478097	0.6266	0.006332033	1.14468152	0.5482	0.005507696	0.56216804	0.6659	0.006610711	-0.63160088	0.6814	0.006719293	-1.30090822	0.6804	0.006664158	-1.97140813
AFS	614312	36225CFW1	Agency MBS ARM	A-3-Q	GOVERNMENT NATIONAL MORTGAGE A	0.00022875	5	46813	1071007	244.99	213.95	245.2	244.18	100.0858	99.6664925	-1.02	7/31/2026	Model2501	100	LMMSOFRFLAT	RFRSwap	5.352219	4.749779	0.594930112	-0.06786402	0.005954248	 0 	0.5765	0.0184	0	0.0001	0	0	0	0.7287	20.5259	119.8415	116.0767	0.00022875	19.5636	6.177	341	NA	NA	NA	0.7076	0.007211905	1.84160001	0.6319	0.006396728	1.15294428	0.5509	0.005544454	0.56568858	0.6665	0.006628464	-0.63449033	0.681	0.006727274	-1.30477539	0.6799	0.006670441	-1.97609039
AFS	614772	36225CFX9	Agency MBS ARM	A-3-Q	GOVERNMENT NATIONAL MORTGAGE A	0.00016687	5	46813	5970000	996.21	776.7	997.53	997.85	100.1317	100.1642697	0.32	7/31/2026	Model2501	100	LMMSOFRFLAT	RFRSwap	4.687242	4.731561	0.615889013	-0.0775815	0.006194669	 0 	0.5786	0.0375	0	0	0	0	0	0.7662	19.6774	53.4509	48.25122	0.00016687	20.4373	6.042	340	NA	NA	NA	0.746	0.007647166	1.92166367	0.6584	0.006701106	1.19483444	0.5654	0.005720076	0.58514473	0.6967	0.006961669	-0.66409246	0.7131	0.007074814	-1.36859855	0.7122	0.007015297	-2.07477647
AFS	614433	36225CGE0	Agency MBS ARM	A-3-Q	GOVERNMENT NATIONAL MORTGAGE A	0.00032107	5.25	46874	19864760	6377.98	6272.33	6377.98	6363.33	100	99.7702596	-14.65	7/31/2026	Model2501	100	LMMSOFRFLAT	RFRSwap	5.34606	5.045591	0.692155302	-0.03715355	0.006935933	 0 	0.6225	0.072	0.0001	0.0002	0	0.0001	0	0.8042	19.1397	119.8133	114.4755	0.00032107	18.7032	6.464	339	10111.9414	NA	NA	0.7678	0.007858956	2.15246337	0.724	0.00735511	1.3878262	0.6784	0.006844293	0.68392588	0.7344	0.007306623	-0.71473523	0.7524	0.007430615	-1.45313484	0.7523	0.007373869	-2.19483293
AFS	614592	36225CGF7	Agency MBS ARM	A-3-Q	GOVERNMENT NATIONAL MORTGAGE A	0.00020057	5.25	46874	16020995	3213.33	4124.37	3213.33	3219.7	100	100.1981	6.36	7/31/2026	Model2501	100	LMMSOFRFLAT	RFRSwap	4.786199	5.044602	0.69151026	-0.03498228	0.006959055	 0 	0.6227	0.0718	0	-0.0002	0	0	0	0.8027	19.4098	64.9968	58.526	0.00020057	20.1877	6.48	339	NA	NA	NA	0.7719	0.007934635	2.16446013	0.7247	0.007394571	1.39438724	0.6789	0.006878345	0.68693438	0.7315	0.007308713	-0.71584747	0.7509	0.00744777	-1.45505098	0.7507	0.007390004	-2.19851267
AFS	614261	36225CGG5	Agency MBS ARM	A-3-Q	GOVERNMENT NATIONAL MORTGAGE A	0.00041105	5.25	46874	102618817	42181.46	28814.28	42181.46	42232.91	100	100.1219621	51.44	7/31/2026	Model2501	100	LMMSOFRFLAT	RFRSwap	4.878511	5.039213	0.685921788	-0.03519435	0.006897593	 3 	0.6192	0.0699	-0.0001	-0.0002	-0.0001	-0.0001	0	0.7951	20.834	74.213	67.98501	0.00041105	18.2618	6.499	339	NA	NA	NA	0.7623	0.007828548	2.14240667	0.7178	0.007317023	1.38151137	0.6733	0.006816601	0.68078493	0.7267	0.007256475	-0.71002524	0.7467	0.007400965	-1.44440559	0.7467	0.007345278	-2.18325141
AFS	613408	36225CGH3	Agency MBS ARM	A-3-Q	GOVERNMENT NATIONAL MORTGAGE A	0.00023522	5.25	46874	2020000	475.14	280.66	475.14	474.55	100	99.8738696	-0.6	7/31/2026	Model2501	100	LMMSOFRFLAT	RFRSwap	5.203638	5.035964	0.681908548	-0.03582454	0.006840318	 0 	0.6158	0.0689	0	-0.0001	0	0	0	0.7901	21.7168	106.1383	100.6039	0.00023522	19.9994	6.388	339	NA	NA	NA	0.7595	0.007780533	2.12523954	0.7141	0.007260534	1.36958529	0.6689	0.006755102	0.67477547	0.7212	0.007183905	-0.70403413	0.7381	0.007298043	-1.4291951	0.7375	0.007238945	-2.15778758
AFS	614748	36225CGR1	Agency MBS ARM	A-3-Q	GOVERNMENT NATIONAL MORTGAGE A	0.00038055	5.25	46905	64859422	24682.25	20997.32	24682.25	24625.59	100	99.7704465	-56.65	7/31/2026	Model2501	100	LMMSOFRFLAT	RFRSwap	5.343136	5.03973	0.68589443	-0.035218	0.006873207	 2 	0.6184	0.0698	0	0.0002	0	0	0	0.7955	20.7211	119.7328	114.4134	0.00038055	18.5395	6.421	339	NA	NA	NA	0.7649	0.007828332	2.1371098	0.7188	0.00730203	1.37698303	0.6732	0.006792037	0.67832433	0.7264	0.007228095	-0.70747329	0.7444	0.007352725	-1.43807495	0.7438	0.007291938	-2.17172468
AFS	614130	36225CGS9	Agency MBS ARM	A-3-Q	GOVERNMENT NATIONAL MORTGAGE A	0.00026176	5.25	46905	13287187	3478.05	4178.09	3478.05	3480.08	100	100.0581579	2.03	7/31/2026	Model2501	100	LMMSOFRFLAT	RFRSwap	4.958866	5.036	0.682540119	-0.03342832	0.006859232	 0 	0.6167	0.0686	0	0	0	0	0	0.7902	21.7109	82.2034	76.13822	0.00026176	19.7575	6.5	339	NA	NA	NA	0.7585	0.007784036	2.13184932	0.7149	0.007282938	1.37482777	0.6705	0.00678356	0.67739248	0.7206	0.007190682	-0.70490272	0.7385	0.007316201	-1.4315985	0.7375	0.007252336	-2.16153237
AFS	614495	36225CHQ2	Agency MBS ARM	A-3-Q	GOVERNMENT NATIONAL MORTGAGE A	0.00021129	5.125	47058	9340668	1973.59	1062.37	1981.21	1977.92	100.3859	100.2194386	-3.28	7/31/2026	Model2501	100	LMMSOFRFLAT	RFRSwap	5.071972	4.903269	0.536875367	-0.3564557	0.005403464	 0 	0.3549	0.1944	-0.0192	-0.0003	0	-0.0001	0	1.0403	18.2477	87.4347	76.40067	0.00021129	21.0479	6.5	332	11344.1133	NA	NA	0.9387	0.009637338	2.017867	0.7924	0.008062943	1.10641298	0.4951	0.005006338	0.46841272	0.8318	0.008313591	-0.69534843	0.9464	0.009373937	-1.60140653	0.9629	0.00944597	-2.54616639
AFS	614206	36225CJ23	Agency MBS ARM	A-3-Q	GOVERNMENT NATIONAL MORTGAGE A	0.00203985	5	47209	5941470	12119.71	4332.23	12102.38	12093.47	99.857	99.7835242	-8.91	7/31/2026	Model2501	100	LMMSOFRFLAT	RFRSwap	5.420235	5.353006	0.781739473	-0.2005338	0.007833045	 1 	0.492	0.2621	0.0284	-0.0006	-0.0001	-0.0001	0	1.1681	18.1216	116.7672	109.328	0.00203985	15.2233	6.375	328	12527.6777	NA	NA	1.0426	0.010700241	2.42659606	0.8536	0.008676305	1.44049959	0.6585	0.006644515	0.69899001	0.9895	0.009825862	-0.89601404	1.0538	0.01035738	-1.91163113	1.0755	0.0104584	-2.95714133
AFS	613742	36225CJJ6	Agency MBS ARM	A-3-Q	GOVERNMENT NATIONAL MORTGAGE A	0.00011089	5	47178	26254347	2911.34	5740.63	2923.64	2906	100.4225	99.8162675	-17.65	7/31/2026	Model2501	100	LMMSOFRFLAT	RFRSwap	5.361723	4.782521	0.761868536	-0.1815864	0.007636432	 0 	0.4999	0.26	0.0024	-0.0002	-0.0001	0	0	1.109	17.7469	111.9078	105.0295	0.00011089	23.296	6.25	330	NA	NA	NA	1.0085	0.010347481	2.37032383	0.8316	0.008453021	1.41377112	0.6491	0.0065504	0.68652677	0.9506	0.009445923	-0.86625274	1.0065	0.009902853	-1.83972134	1.0231	0.009964334	-2.83723532
AFS	613019	36225CJL1	Agency MBS ARM	A-3-Q	GOVERNMENT NATIONAL MORTGAGE A	0.00064355	5	47178	4885512	3144.07	1286.66	3146.52	3151.19	100.078	100.2265575	4.67	7/31/2026	Model2501	100	LMMSOFRFLAT	RFRSwap	4.85954	5.018113	0.697639465	-0.1683762	0.007021269	 0 	0.5335	0.1747	0.0055	-0.0058	-0.0074	-0.0037	-0.0003	0.9869	32.082	65.2011	58.33058	0.00064355	18.3507	6.25	329	18213.8613	NA	NA	0.8806	0.009053858	2.16563416	0.7523	0.007670051	1.316316	0.6118	0.006196519	0.63897246	0.8947	0.008932558	-0.80448552	0.9844	0.009735419	-1.74437692	1.0358	0.010140291	-2.74271905
AFS	613765	36225CK39	Agency MBS ARM	A-3-Q	GOVERNMENT NATIONAL MORTGAGE A	0.00193488	5.375	47331	4122331	7976.22	2499.84	8017.25	7994.86	100.5145	100.2336915	-22.4	7/31/2026	Model2501	100	LMMSOFRFLAT	RFRSwap	5.318	5.086851	0.209490791	-0.04558833	0.002109187	 0 	-0.0546	0.1296	0.1341	-0.0059	-0.0002	-0.0002	0	1.2974	19.5115	111.5026	97.04361	0.00193488	16.1444	6.625	323	18918.2441	NA	NA	1.0729	0.011021952	2.04921804	0.9625	0.00978758	1.01029392	0.4219	0.004258049	0.23815797	0.7588	0.007609006	-0.40725696	1.0779	0.010702609	-1.39384137	1.1522	0.011312508	-2.5027854
AFS	612765	36225CKM7	Agency MBS ARM	A-3-Q	GOVERNMENT NATIONAL MORTGAGE A	0.00111413	5.375	47300	3000000	3342.39	1533.36	3366.34	3341.19	100.7165	99.9639812	-25.15	7/31/2026	Model2501	100	LMMSOFRFLAT	RFRSwap	5.52811	4.890753	0.208076164	-0.04512425	0.002089332	 0 	-0.0482	0.1495	0.1068	-0.005	-0.0002	-0.0001	0	1.2591	18.0491	132.3523	118.7893	0.00111413	17.3903	6.607	325	16998.5137	NA	NA	1.0585	0.010842096	2.02136559	0.9519	0.009653421	0.99753185	0.4176	0.00420295	0.23580179	0.7499	0.007499448	-0.40210139	1.063	0.010527874	-1.37375543	1.1296	0.011064974	-2.46128459
AFS	614781	36225CKZ8	Agency MBS ARM	A-3-Q	GOVERNMENT NATIONAL MORTGAGE A	0.00087482	5.375	47331	39703824	34733.7	26236.78	34983.69	34697.85	100.7197	99.8967982	-285.84	7/31/2026	Model2501	100	LMMSOFRFLAT	RFRSwap	5.592711	4.908513	0.20822452	-0.04579766	0.002089423	 1 	-0.0539	0.1391	0.1229	-0.0057	-0.0001	-0.0001	0	1.285	18.3137	138.4774	124.794	0.00087482	18.2582	6.509	324	19469.4199	NA	NA	1.0672	0.010925735	2.03545849	0.9602	0.009731336	1.00382524	0.4204	0.004228104	0.23604439	0.7567	0.007562698	-0.40437111	1.0761	0.010648724	-1.38560362	1.1466	0.011219862	-2.48748038
AFS	614677	36225CL20	Agency MBS ARM	A-3-Q	GOVERNMENT NATIONAL MORTGAGE A	0.00082777	5.125	47423	8000000	6622.16	2117.18	6678.48	6620.64	100.8504	99.9770083	-57.84	7/31/2026	Model2501	100	LMMSOFRFLAT	RFRSwap	5.47585	4.79308	0.585924685	-0.4637309	0.005882923	 0 	0.294	0.125	0.1669	-0.0114	-0.0003	-0.0002	0	1.3669	18.7098	123.2275	109.0415	0.00082777	18.9404	6.378	321	17889.3281	NA	NA	1.1287	0.011590141	2.27948176	0.9147	0.009294423	1.20398456	0.5289	0.00533678	0.49289122	0.9914	0.009875036	-0.79684148	1.1791	0.011614799	-1.89953211	1.2304	0.011974471	-3.08585991
AFS	614197	36225CL61	Agency MBS ARM	A-3-Q	GOVERNMENT NATIONAL MORTGAGE A	0.01088199	5.125	47423	1290970	14048.32	4569.48	14092.46	14120.26	100.3142	100.5120451	27.8	7/31/2026	Model2501	100	LMMSOFRFLAT	RFRSwap	5.07146	5.223555	0.587192535	-0.4662561	0.00592707	 1 	0.2927	0.1245	0.176	-0.0164	-0.0004	-0.0016	-0.0002	1.3927	18.7587	83.4582	68.36207	0.01088199	11.1309	6.625	320	14048.3223	NA	NA	1.15	0.011874625	2.31408657	0.9246	0.009445782	1.21802229	0.5321	0.00539714	0.49713492	1.0003	0.010016375	-0.80546118	1.1925	0.011806984	-1.92534256	1.2497	0.012222905	-3.13344291
AFS	613847	36225CLA2	Agency MBS ARM	A-3-Q	GOVERNMENT NATIONAL MORTGAGE A	0.00068041	5.375	47362	4763228	3240.95	987.7	3257.29	3244.86	100.5043	100.1206856	-12.44	7/31/2026	Model2501	100	LMMSOFRFLAT	RFRSwap	5.432515	5.129062	0.209900349	-0.04645308	0.002110939	 0 	-0.0734	0.1324	0.1501	-0.0064	-0.0001	-0.0001	0	1.3523	15.8323	122.2356	107.6044	0.00068041	19.3266	6.769	323	16940.7578	NA	NA	1.1254	0.011556149	2.11976268	0.999	0.010150135	1.03594926	0.4314	0.004349293	0.23970446	0.7792	0.007803783	-0.41422803	1.1056	0.010961188	-1.42698486	1.1743	0.011509693	-2.55825767
AFS	613696	36225CLH7	Agency MBS ARM	A-3-Q	GOVERNMENT NATIONAL MORTGAGE A	0.00130181	5.125	47392	59538880	77508.31	37389.28	78151.71	77267.31	100.8301	99.6890727	-884.39	7/31/2026	Model2501	100	LMMSOFRFLAT	RFRSwap	5.698557	4.795797	0.58632195	-0.4639407	0.00587003	 5 	0.2965	0.1362	0.1538	-0.0117	0	0	0	1.3532	17.7383	145.1211	131.6701	0.00130181	17.2933	6.337	322	16655.1133	NA	NA	1.1241	0.011509598	2.269174	0.9128	0.009248527	1.20011725	0.529	0.005322586	0.49186443	0.9912	0.009845186	-0.7948524	1.1751	0.011541734	-1.89280852	1.2228	0.011866909	-3.06975098
AFS	614816	36225CLK0	Agency MBS ARM	A-3-Q	GOVERNMENT NATIONAL MORTGAGE A	0.00054922	5.125	47392	23166226	12723.35	6840.11	12831.81	12673.39	100.8524	99.6072975	-158.41	7/31/2026	Model2501	100	LMMSOFRFLAT	RFRSwap	5.760331	4.74808	0.577950001	-0.4498684	0.005781487	 1 	0.3013	0.1319	0.144	-0.0106	0.0001	0.0001	0	1.3165	20.0947	151.4672	138.3455	0.00054922	20.0497	6.306	322	16419.4824	NA	NA	1.1017	0.011266149	2.22853673	0.8954	0.009063168	1.18203067	0.5225	0.00525224	0.48603697	0.9702	0.009630064	-0.77938086	1.1486	0.011276912	-1.85243687	1.1938	0.011583346	-3.00178963
AFS	613148	36225CLS3	Agency MBS ARM	A-3-Q	GOVERNMENT NATIONAL MORTGAGE A	0.00234799	5.375	47392	5000000	11739.95	3673.55	11779.52	11755.02	100.3371	100.1283904	-24.5	7/31/2026	Model2501	100	LMMSOFRFLAT	RFRSwap	5.412812	5.243011	0.209130093	-0.0460357	0.002103353	 0 	-0.062	0.1293	0.1408	-0.0059	-0.0001	-0.0001	0	1.3171	18.2171	120.6114	106.1827	0.00234799	15.4843	6.625	323	16425.6289	NA	NA	1.0867	0.011154415	2.06534277	0.9719	0.009873445	1.01607434	0.4244	0.004278543	0.23793875	0.7662	0.007674403	-0.40914169	1.0924	0.010833824	-1.40618385	1.1706	0.011477195	-2.53037827
AFS	613776	36225CM29	Agency MBS ARM	A-3-Q	GOVERNMENT NATIONAL MORTGAGE A	0.00034912	5	47515	15026061	5245.9	2511.13	5279.86	5243.2	100.6474	99.9485281	-36.66	7/31/2026	Model2501	100	LMMSOFRFLAT	RFRSwap	5.419972	4.92062	0.87606585	-0.2853575	0.008792652	 0 	0.4698	0.1879	0.2176	0.0014	-0.0004	-0.0003	0	1.5045	17.4586	113.6165	102.6596	0.00034912	21.9017	6.291	317	22533.7441	NA	NA	1.2091	0.012461958	2.70590899	0.9594	0.009779789	1.57243567	0.703	0.007108983	0.76108008	1.1745	0.011666232	-1.0387183	1.2957	0.012710631	-2.26665326	1.3513	0.013080331	-3.56356759
AFS	613027	36225CMA1	Agency MBS ARM	A-3-Q	GOVERNMENT NATIONAL MORTGAGE A	0.00123504	5.125	47453	37672571	46527.13	19343.99	46932.81	46527.57	100.8719	100.0009437	-405.24	7/31/2026	Model2501	100	LMMSOFRFLAT	RFRSwap	5.476204	4.822361	0.596346378	-0.4835114	0.005988989	 3 	0.2887	0.1174	0.1886	-0.0103	-0.0007	-0.0005	-0.0001	1.4265	16.843	122.8321	108.2615	0.00123504	17.6019	6.319	320	18905.9277	NA	NA	1.1735	0.012060182	2.33912582	0.94	0.009555708	1.22659199	0.5372	0.005421438	0.49942905	1.0254	0.01021416	-0.81855116	1.2277	0.012088668	-1.96350944	1.2893	0.012535207	-3.20198444
AFS	613035	36225CMN3	Agency MBS ARM	A-3-Q	GOVERNMENT NATIONAL MORTGAGE A	0.00068	5	47484	91087979	61939.83	27870.46	62361.8	61781.41	100.6813	99.7442392	-580.39	7/31/2026	Model2501	100	LMMSOFRFLAT	RFRSwap	5.551474	4.856149	0.862335563	-0.2735566	0.008637231	 5 	0.4718	0.1981	0.1979	-0.0051	-0.0002	-0.0002	0	1.4473	17.4351	126.8426	116.7132	0.00068	19.7806	6.265	319	23902.2227	NA	NA	1.1844	0.012178618	2.66066508	0.9445	0.009606369	1.55048129	0.6964	0.007027705	0.7504901	1.1476	0.011378079	-1.01641532	1.2553	0.012295951	-2.20899618	1.3036	0.012605757	-3.46077392
AFS	613146	36225CMP8	Agency MBS ARM	A-3-Q	GOVERNMENT NATIONAL MORTGAGE A	0.00057044	5	47484	25043380	14285.75	7578.16	14376.47	14265.11	100.635	99.8555251	-111.35	7/31/2026	Model2501	100	LMMSOFRFLAT	RFRSwap	5.463868	4.879869	0.857026935	-0.2675273	0.008593597	 1 	0.4726	0.1977	0.1917	-0.0048	-0.0001	-0.0001	0	1.4317	18.3226	118.4467	108.1744	0.00057044	20.4296	6.26	319	17464.1836	NA	NA	1.1965	0.012316489	2.66556668	0.9452	0.009623948	1.54881567	0.6952	0.007023364	0.74850743	1.1356	0.011272159	-1.00870875	1.2415	0.012177343	-2.18976912	1.2886	0.012479588	-3.42925095
AFS	614016	36225CN28	Agency MBS ARM	A-3-Q	GOVERNMENT NATIONAL MORTGAGE A	0.00102678	5.25	47604	10000000	10267.8	3723.67	10267.8	10254.14	100	99.8669358	-13.66	7/31/2026	Model2501	100	LMMSOFRFLAT	RFRSwap	5.542904	5.449832	0.986090839	-0.206673	0.009890929	 1 	0.5864	0.1525	0.2352	0.0228	-0.0002	-0.0001	0	1.5535	17.9187	128.3815	115.57	0.00102678	19.1175	6.351	315	22049.0762	NA	NA	1.2893	0.013340351	3.16757223	1.098	0.011225109	1.92558171	0.9137	0.009249331	0.93010823	1.2027	0.011931975	-1.09822769	1.3316	0.013042661	-2.35533573	1.3845	0.013377402	-3.68488244
AFS	614406	36225CNB8	Agency MBS ARM	A-3-Q	GOVERNMENT NATIONAL MORTGAGE A	0.00088491	5	47543	27488219	24324.6	10836.49	24509.68	24298.06	100.7609	99.8909066	-211.62	7/31/2026	Model2501	100	LMMSOFRFLAT	RFRSwap	5.460169	4.836929	0.874476612	-0.284155	0.008771663	 2 	0.4698	0.1873	0.216	0.0018	-0.0002	-0.0002	0	1.5	17.6651	117.5841	106.7301	0.00088491	19.1037	6.159	317	21599.4043	NA	NA	1.2177	0.01254474	2.7086307	0.961	0.0097908	1.57111313	0.7028	0.007102557	0.75975906	1.1721	0.011635216	-1.03609314	1.2907	0.01265479	-2.25974693	1.3458	0.013021063	-3.55071375
AFS	614532	36225CNK8	Agency MBS ARM	A-3-Q	GOVERNMENT NATIONAL MORTGAGE A	0.00086659	5.25	47574	18876110	16357.85	8964.88	16357.85	16299.43	100	99.6428442	-58.43	7/31/2026	Model2501	100	LMMSOFRFLAT	RFRSwap	5.694854	5.439996	0.978475451	-0.201305	0.009792616	 2 	0.586	0.157	0.2272	0.0185	0	0.0001	0	1.5236	18.0852	143.4213	131.1988	0.00086659	19.411	6.508	316	21633.252	NA	NA	1.2611	0.013014757	3.12288496	1.0834	0.011049386	1.90594835	0.9076	0.009167291	0.92196113	1.1906	0.011786549	-1.08574023	1.3194	0.012897425	-2.32828887	1.3678	0.013190583	-3.64111884
AFS	614499	36225CNZ5	Agency MBS ARM	A-3-Q	GOVERNMENT NATIONAL MORTGAGE A	0.0012307	5.25	47604	46171291	56823.01	33165.27	56823.01	56890.37	100	100.1185495	67.36	7/31/2026	Model2501	100	LMMSOFRFLAT	RFRSwap	5.375962	5.457388	0.993835688	-0.2086685	0.009993618	 6 	0.5893	0.1492	0.2391	0.0277	-0.0006	-0.0004	-0.0001	1.5804	17.9215	111.9691	98.55739	0.0012307	18.4467	6.186	314	17792.9219	NA	NA	1.3179	0.013675871	3.21461748	1.112	0.011398344	1.9480053	0.9216	0.00935386	0.93978987	1.213	0.012062974	-1.10977518	1.347	0.013224234	-2.38230319	1.4053	0.013606717	-3.73278374
AFS	613464	36225CP34	Agency MBS ARM	A-3-Q	GOVERNMENT NATIONAL MORTGAGE A	0.0015596	5.375	47696	44351200	69170.13	19189.58	69850.05	69412.12	100.983	100.3498464	-437.93	7/31/2026	Model2501	100	LMMSOFRFLAT	RFRSwap	5.377261	4.959851	0.209527165	-0.04828643	0.002111987	 1 	-0.1276	0.0573	0.2173	0.0412	-0.0004	-0.0004	0	1.6378	17.6659	114.9794	97.4146	0.0015596	18.0722	6.516	312	19547.1387	NA	NA	1.2377	0.012757282	2.27137217	1.0712	0.010914447	1.09288318	0.4535	0.004581996	0.24320174	0.8442	0.008472773	-0.436392	1.2528	0.012432034	-1.56087272	1.3814	0.013527901	-2.87112338
AFS	612889	36225CP59	Agency MBS ARM	A-3-Q	GOVERNMENT NATIONAL MORTGAGE A	0.00149984	5.375	47696	84504086	126742.61	44501.9	127948.78	126866.94	100.9517	100.0981005	-1081.84	7/31/2026	Model2501	100	LMMSOFRFLAT	RFRSwap	5.548277	4.989168	0.208324999	-0.0488798	0.002094625	 3 	-0.1318	0.0581	0.22	0.0411	-0.0006	-0.0005	-0.0001	1.6517	16.9799	131.5309	114.3479	0.00149984	18.2931	6.607	312	35604.1406	NA	NA	1.2312	0.012658469	2.26684678	1.0742	0.010917465	1.09185047	0.454	0.004575876	0.2415606	0.8484	0.008493489	-0.43591465	1.2618	0.012489744	-1.56504944	1.3897	0.013572764	-2.880711
AFS	612675	36225CP67	Agency MBS ARM	A-3-Q	GOVERNMENT NATIONAL MORTGAGE A	0.0007915	5.375	47696	13009546	10297.06	5629.14	10404.67	10328.54	101.0451	100.3058081	-76.12	7/31/2026	Model2501	100	LMMSOFRFLAT	RFRSwap	5.407762	4.921715	0.20931758	-0.04912734	0.002108953	 0 	-0.1289	0.0579	0.2179	0.0411	-0.0003	-0.0003	0	1.6411	17.5224	117.9284	100.4307	0.0007915	20.3866	6.625	312	19429.7676	NA	NA	1.2477	0.012855598	2.28255983	1.0772	0.010971338	1.09561739	0.4543	0.004588714	0.24281306	0.8453	0.008479895	-0.43661937	1.2507	0.01240651	-1.56091116	1.3735	0.013445064	-2.86521624
AFS	613893	36225CPC4	Agency MBS ARM	A-3-Q	GOVERNMENT NATIONAL MORTGAGE A	0.00112248	5.25	47635	6591208	7398.5	3631.27	7398.5	7390.49	100	99.8917632	-8	7/31/2026	Model2501	100	LMMSOFRFLAT	RFRSwap	5.529029	5.453905	0.988826215	-0.2035964	0.009920821	 1 	0.5876	0.15	0.2343	0.0276	-0.0002	-0.0001	0	1.5667	18.5572	127.0043	113.9933	0.00112248	18.9567	6.227	314	20151.2402	NA	NA	1.3029	0.01348678	3.18730344	1.1044	0.011294389	1.93515739	0.9184	0.009299592	0.93416933	1.203	0.011937712	-1.09969952	1.3331	0.013060267	-2.35773796	1.3876	0.01340952	-3.68989734
AFS	613496	36225CPK6	Agency MBS ARM	A-3-Q	GOVERNMENT NATIONAL MORTGAGE A	0.00204097	5.375	47665	40658384	82982.54	32049.46	83800.74	83023.92	100.986	100.0498649	-776.82	7/31/2026	Model2501	100	LMMSOFRFLAT	RFRSwap	5.571447	4.945892	0.208209112	-0.04840286	0.002092455	 2 	-0.1263	0.0609	0.2177	0.0359	-0.0003	-0.0002	0	1.6185	17.3003	134.0227	117.1028	0.00204097	17.0779	6.536	313	20793.4609	NA	NA	1.2303	0.012642145	2.2550235	1.0676	0.010845019	1.08523349	0.4513	0.004546798	0.24099399	0.841	0.008415517	-0.43315522	1.2488	0.012356395	-1.55071152	1.3721	0.013398062	-2.85064082
AFS	614701	36225CPL4	Agency MBS ARM	A-3-Q	GOVERNMENT NATIONAL MORTGAGE A	0.00102644	5.375	47665	117986382	121105.94	44846.92	122254.13	121055.02	100.9481	99.9579485	-1199.12	7/31/2026	Model2501	100	LMMSOFRFLAT	RFRSwap	5.633489	4.971462	0.207845628	-0.04844841	0.002086892	 3 	-0.1266	0.0619	0.2171	0.0356	-0.0003	-0.0002	0	1.6186	17.2291	140.077	123.3016	0.00102644	19.3483	6.446	313	25658.0938	NA	NA	1.2297	0.012624592	2.25421412	1.0689	0.010847977	1.08477224	0.4514	0.004543231	0.24049168	0.841	0.008407571	-0.43252171	1.2464	0.012321333	-1.54840531	1.3648	0.01331547	-2.8422868
AFS	614705	36225CPN0	Agency MBS ARM	A-3-Q	GOVERNMENT NATIONAL MORTGAGE A	0.00114169	5.375	47665	12047875	13754.94	3735.3	13895.2	13717.63	101.0198	99.7287793	-177.57	7/31/2026	Model2501	100	LMMSOFRFLAT	RFRSwap	5.786337	4.913105	0.206687897	-0.04868659	0.002070531	 0 	-0.1228	0.0628	0.2119	0.0349	-0.0001	0	0	1.6014	18.0798	155.1399	138.7924	0.00114169	19.1366	6.639	313	20529.2949	NA	NA	1.2245	0.012540154	2.23783093	1.0633	0.010766389	1.07635297	0.4489	0.004507387	0.23848735	0.8358	0.008336888	-0.42904138	1.2394	0.012225106	-1.53544985	1.3612	0.013252416	-2.82168094
AFS	613087	36225CQ25	Agency MBS ARM	A-3-Q	GOVERNMENT NATIONAL MORTGAGE A	0.00096514	5.125	47788	7999500	7720.64	1672.1	7788.49	7740.99	100.8789	100.2636588	-47.5	7/31/2026	Model2501	100	LMMSOFRFLAT	RFRSwap	5.39578	5.006608	0.624969602	-0.5371926	0.006292866	 0 	0.264	0.0629	0.2282	0.0496	-0.0005	-0.0005	-0.0001	1.7127	17.8938	113.4086	96.13209	0.00096514	20.1028	6.375	309	23473.1094	NA	NA	1.2796	0.013203927	2.49378009	1.0065	0.010263837	1.28645489	0.556	0.005627137	0.51582776	1.117	0.011149292	-0.87841245	1.3796	0.013595455	-2.14700847	1.4821	0.0143958	-3.55646145
AFS	614571	36225CQF6	Agency MBS ARM	A-3-Q	GOVERNMENT NATIONAL MORTGAGE A	0.00128768	5.375	47727	18779459	24181.93	13256.22	24399.46	24181.28	100.8996	99.997311	-218.18	7/31/2026	Model2501	100	LMMSOFRFLAT	RFRSwap	5.61798	5.029799	0.207606122	-0.04890855	0.002085304	 1 	-0.133	0.0535	0.2165	0.0479	-0.0004	-0.0003	0	1.6642	17.6748	138.3213	121.1106	0.00128768	18.771	6.625	311	24265.3574	NA	NA	1.238	0.012715667	2.26845463	1.0759	0.010924629	1.09094387	0.454	0.004570886	0.24071598	0.8494	0.008495341	-0.43530604	1.2668	0.012526177	-1.56608847	1.3989	0.013646973	-2.88751519
AFS	614806	36225CQH2	Agency MBS ARM	A-3-Q	GOVERNMENT NATIONAL MORTGAGE A	0.0016934	5.375	47727	25000000	42335	18033.72	42866.7	42424.44	101.2559	100.2112581	-442.26	7/31/2026	Model2501	100	LMMSOFRFLAT	RFRSwap	5.4727	4.788633	0.208245173	-0.04932277	0.002096179	 1 	-0.1281	0.0552	0.2132	0.046	-0.0005	-0.0004	-0.0001	1.6475	18.3901	124.2165	106.7909	0.0016934	18.0117	6.591	311	23361.1426	NA	NA	1.2352	0.01271373	2.26558063	1.0707	0.010894423	1.08943555	0.4526	0.004567122	0.24139889	0.8447	0.008465665	-0.43520595	1.256	0.012447027	-1.5600784	1.386	0.013552798	-2.87248178
AFS	613854	36225CQQ2	Agency MBS ARM	A-3-Q	GOVERNMENT NATIONAL MORTGAGE A	0.00147627	5.125	47757	47005028	69392.11	16782.6	70098.26	69472.53	101.0176	100.1158836	-625.73	7/31/2026	Model2501	100	LMMSOFRFLAT	RFRSwap	5.48488	4.908845	0.621716142	-0.536328	0.006250918	 4 	0.2667	0.061	0.2304	0.0447	-0.0011	-0.0007	-0.0001	1.6934	17.5617	122.1758	105.244	0.00147627	18.5484	6.41	310	26643.7891	NA	NA	1.273	0.013113679	2.47373409	0.9991	0.010172299	1.27506229	0.5516	0.00557382	0.51185389	1.1166	0.011128577	-0.87486523	1.3794	0.013573029	-2.14189123	1.4813	0.014368051	-3.54872325
AFS	614845	36225CQR0	Agency MBS ARM	A-3-Q	GOVERNMENT NATIONAL MORTGAGE A	0.00136758	5.125	47757	30502343	41714.39	21092.49	42155.89	41739.43	101.0584	100.0600112	-416.46	7/31/2026	Model2501	100	LMMSOFRFLAT	RFRSwap	5.479197	4.776562	0.590445518	-0.4776869	0.005933215	 2 	0.2822	0.0597	0.1941	0.0372	-0.0003	-0.0003	0	1.5307	24.2427	122.4982	106.2124	0.00136758	18.9045	6.258	310	29496.7598	NA	NA	1.1849	0.012183172	2.33408447	0.9384	0.009543397	1.21662769	0.5308	0.005359949	0.4933221	1.0227	0.010193598	-0.81286768	1.2433	0.012249811	-1.96312197	1.322	0.012857692	-3.22692739
AFS	614567	36225CQZ2	Agency MBS ARM	A-3-Q	GOVERNMENT NATIONAL MORTGAGE A	0.00040388	5.125	47788	8000000	3231.04	989.42	3264.16	3235.51	101.025	100.1383877	-28.65	7/31/2026	Model2501	100	LMMSOFRFLAT	RFRSwap	5.473102	4.909648	0.623680294	-0.534627	0.00627207	 0 	0.2648	0.0628	0.2257	0.0497	-0.0003	-0.0002	0	1.7037	18.2721	121.0341	103.9357	0.00040388	22.6636	6.375	309	17002.1406	NA	NA	1.2897	0.01329156	2.49678951	1.009	0.010276353	1.28507552	0.5558	0.005617848	0.51473784	1.1122	0.011087981	-0.87447753	1.3719	0.013503559	-2.13506302	1.4726	0.014288721	-3.53449095
AFS	614520	36225CR40	Agency MBS ARM	A-3-Q	GOVERNMENT NATIONAL MORTGAGE A	0.00108397	5.25	47939	407811	442.05	83.94	442.05	440.57	100	99.6638208	-1.48	7/31/2026	Model2501	100	LMMSOFRFLAT	RFRSwap	5.746094	5.555549	1.08341229	-0.270923	0.0108451	 0 	0.6014	0.1046	0.2645	0.1228	-0.0007	-0.0003	-0.0001	1.9506	14.4637	146.184	130.8119	0.00108397	19.7871	6.5	304	33121.2188	NA	NA	1.4515	0.015034561	3.47937984	1.2164	0.012430141	2.08921773	0.987	0.009979678	1.00549676	1.3686	0.013532178	-1.22494172	1.5618	0.015216733	-2.67323583	1.6591	0.015904259	-4.24113849
AFS	614188	36225CR57	Agency MBS ARM	A-3-Q	GOVERNMENT NATIONAL MORTGAGE A	0.00033346	5.25	47939	8259255	2754.13	1211.09	2754.13	2761.31	100	100.2606464	7.18	7/31/2026	Model2501	100	LMMSOFRFLAT	RFRSwap	5.406765	5.554182	1.083232045	-0.2651719	0.010907945	 0 	0.601	0.1055	0.2655	0.1213	-0.0007	-0.0005	-0.0001	1.945	14.6952	113.1625	96.98412	0.00033346	23.5737	6.5	304	23746.8184	NA	NA	1.4993	0.015628858	3.54418607	1.2332	0.012678946	2.11368936	0.9919	0.010088758	1.01375718	1.3611	0.013539017	-1.22859788	1.5509	0.015202527	-2.67575923	1.6492	0.01590747	-4.24314265
AFS	614628	36225CRD0	Agency MBS ARM	A-3-Q	GOVERNMENT NATIONAL MORTGAGE A	0.00171086	5	47849	25000000	42771.5	23112.03	43107.27	42777.16	100.785	100.0132254	-330.12	7/31/2026	Model2501	100	LMMSOFRFLAT	RFRSwap	5.468255	4.999419	0.934737682	-0.3405466	0.00938756	 4 	0.4652	0.1558	0.2476	0.0663	-0.0008	-0.0007	-0.0001	1.793	16.9633	116.9044	103.6217	0.00171086	18.2813	6.311	307	21284.3652	NA	NA	1.3544	0.01399623	2.90706923	1.0346	0.010562408	1.65773015	0.7312	0.007401663	0.79975867	1.2996	0.01290467	-1.13168891	1.4648	0.014344555	-2.50407472	1.5622	0.015066416	-3.98375467
AFS	613916	36225CRT5	Agency MBS ARM	A-3-Q	GOVERNMENT NATIONAL MORTGAGE A	0.00047447	5	47908	2000000	948.94	1547.69	950.82	949.65	100.1986	100.0743917	-1.18	7/31/2026	Model2501	100	LMMSOFRFLAT	RFRSwap	5.456022	5.383581	0.953224361	-0.3591031	0.009579052	 0 	0.4644	0.1526	0.2502	0.0857	-0.0007	-0.0011	-0.0002	1.8827	15.4272	115.3191	101.4017	0.00047447	22.3441	5.5	305	20050.1738	NA	NA	1.3998	0.014482365	2.97117217	1.058	0.010810012	1.685664	0.7406	0.007502668	0.81224359	1.3359	0.013269463	-1.16053111	1.511	0.014795381	-2.57439145	1.614	0.015557447	-4.10080328
AFS	614257	36225CS23	Agency MBS ARM	A-3-Q	GOVERNMENT NATIONAL MORTGAGE A	0.00171195	5.375	48061	50000000	85597.5	28644.06	86581.14	85290.55	101.1491	99.6413999	-1290.6	7/31/2026	Model2501	100	LMMSOFRFLAT	RFRSwap	5.885112	5.030337	0.203090325	-0.05146378	0.002032717	 2 	-0.1657	0.0075	0.166	0.1535	-0.0016	0	0	1.9442	17.6321	162.8432	143.6928	0.00171195	18.7384	6.528	300	29861.2363	NA	NA	1.3175	0.013496682	2.35127392	1.1229	0.011363789	1.11481826	0.4648	0.0046635	0.23748388	0.8911	0.008879632	-0.44393332	1.3719	0.013505306	-1.64624232	1.551	0.01504478	-3.08853432
AFS	613412	36225CS31	Agency MBS ARM	A-3-Q	GOVERNMENT NATIONAL MORTGAGE A	0.00146495	5.375	48061	4833493	7080.83	1462.62	7159.86	7089.69	101.1161	100.1251661	-70.17	7/31/2026	Model2501	100	LMMSOFRFLAT	RFRSwap	5.621185	5.083402	0.206305906	-0.05222272	0.002074882	 0 	-0.1844	0.01	0.1803	0.1583	-0.0026	-0.0007	-0.0001	2.026	15.3415	136.8035	116.9099	0.00146495	19.3696	6.674	300	32501.1914	NA	NA	1.3594	0.014002679	2.43596155	1.1589	0.011788617	1.15355176	0.4784	0.004823421	0.2434902	0.9169	0.009179828	-0.45727193	1.4112	0.01395343	-1.69958985	1.6033	0.015613311	-3.19347332
AFS	613840	36225CS80	Agency MBS ARM	A-3-Q	GOVERNMENT NATIONAL MORTGAGE A	0.00215247	5.375	48092	13147298	28299.16	6129.68	28628.96	28323.41	101.1654	100.0856828	-305.56	7/31/2026	Model2501	100	LMMSOFRFLAT	RFRSwap	5.648826	5.070685	0.206194684	-0.05232868	0.002072949	 1 	-0.1883	0.0068	0.1734	0.1699	-0.0025	-0.0006	-0.0001	2.0577	15.1434	139.3558	119.3064	0.00215247	18.1251	6.517	299	33033.5781	NA	NA	1.3776	0.01418826	2.45546884	1.1686	0.011883685	1.15939892	0.4807	0.004844698	0.24371308	0.9222	0.009229387	-0.45873454	1.4258	0.014089784	-1.71076704	1.6172	0.015738301	-3.21817131
AFS	614546	36225CSC1	Agency MBS ARM	A-3-Q	GOVERNMENT NATIONAL MORTGAGE A	0.0005466	5.25	47969	6682826	3652.83	4439.06	3652.83	3635.7	100	99.5309933	-17.13	7/31/2026	Model2501	100	LMMSOFRFLAT	RFRSwap	5.824497	5.557668	1.080168247	-0.2715437	0.010798279	 0 	0.6016	0.1017	0.2487	0.1361	-0.0003	0.0001	0	1.9551	15.9842	153.7502	138.4137	0.0005466	22.0911	6.083	302	24962.5645	NA	NA	1.4807	0.015318852	3.48507138	1.2197	0.01244682	2.08301594	0.9849	0.009944238	1.00093872	1.369	0.013518494	-1.22157047	1.5599	0.015177721	-2.66707074	1.6643	0.015932906	-4.23364229
AFS	613994	36225CSH0	Agency MBS ARM	A-3-Q	GOVERNMENT NATIONAL MORTGAGE A	0.00214532	5.25	48000	18950548	40654.99	12851.21	40654.99	40548.45	100	99.7379304	-106.55	7/31/2026	Model2501	100	LMMSOFRFLAT	RFRSwap	5.712285	5.564882	1.08201158	-0.2862566	0.010839097	 4 	0.5998	0.0988	0.2449	0.1468	-0.0006	-0.0002	-0.0001	1.9803	16.0522	142.5758	126.8163	0.00214532	17.7526	6.297	301	35794.0273	NA	NA	1.4279	0.014795487	3.44026891	1.2	0.012269865	2.07128274	0.9777	0.009892329	0.99944071	1.3877	0.013730116	-1.23404036	1.5906	0.015503587	-2.7069648	1.7022	0.01631844	-4.30993528
AFS	613404	36225CSJ6	Agency MBS ARM	A-3-Q	GOVERNMENT NATIONAL MORTGAGE A	0.00086589	5.25	48000	44096787	38182.97	30582.92	38182.97	38014.59	100	99.5590144	-168.38	7/31/2026	Model2501	100	LMMSOFRFLAT	RFRSwap	5.81245	5.565963	1.087759376	-0.2744538	0.010877214	 4 	0.6032	0.0985	0.2465	0.1472	-0.0002	0.0001	0	1.9912	15.7726	152.4641	136.7823	0.00086589	20.8019	6.358	301	22869.6973	NA	NA	1.5085	0.015617026	3.52900103	1.2371	0.012630613	2.10244905	0.9929	0.010028635	1.00821738	1.3791	0.013620583	-1.2303197	1.5757	0.015332599	-2.68891028	1.6821	0.016101552	-4.27197588
AFS	613494	36225CSQ0	Agency MBS ARM	A-3-Q	GOVERNMENT NATIONAL MORTGAGE A	0.00099629	5.375	48030	68712961	68458.04	14676.94	69254.75	68488	101.1638	100.0437739	-766.75	7/31/2026	Model2501	100	LMMSOFRFLAT	RFRSwap	5.657785	5.039131	0.206698954	-0.05163205	0.002077153	 1 	-0.178	0.0107	0.1848	0.1479	-0.0019	-0.0004	-0.0001	1.9891	15.6454	140.6346	121.082	0.00099629	20.5036	6.625	301	26598.8398	NA	NA	1.3618	0.014016164	2.42948402	1.1553	0.011742451	1.14891374	0.4767	0.004801939	0.24347935	0.9118	0.009121049	-0.45534813	1.4053	0.01388469	-1.69085911	1.5893	0.015466982	-3.1735036
AFS	613857	36225CT30	Agency MBS ARM	A-3-Q	GOVERNMENT NATIONAL MORTGAGE A	0.00284081	5	48214	40005000	113646.6	37996.71	114686.73	114174.04	100.9152	100.4641059	-512.68	7/31/2026	Model2501	100	LMMSOFRFLAT	RFRSwap	5.351509	5.128579	1.009978533	-0.4077708	0.010188741	 12 	0.4617	0.1416	0.1955	0.2089	-0.0036	-0.0015	-0.0003	2.229	13.5627	103.7007	86.86082	0.00284081	17.5492	6.17	295	31390.3867	NA	NA	1.5067	0.015675511	3.15505234	1.124	0.011537527	1.77053605	0.766	0.00779266	0.85227778	1.4513	0.014459795	-1.2506552	1.6824	0.016499134	-2.80950645	1.841	0.017738223	-4.5311278
AFS	614342	36225CTC0	Agency MBS ARM	A-3-Q	GOVERNMENT NATIONAL MORTGAGE A	0.00213802	5.125	48122	17250287	36881.46	9376.75	37309.31	37107.78	101.1601	100.613643	-201.54	7/31/2026	Model2501	100	LMMSOFRFLAT	RFRSwap	5.305307	5.010839	0.643348694	-0.5819004	0.006500442	 2 	0.2478	0.0247	0.1748	0.169	-0.0061	-0.0018	-0.0003	2.0301	16.6799	103.1206	83.05743	0.00213802	18.2038	6.361	298	28104.6523	NA	NA	1.3632	0.014129957	2.60925959	1.0553	0.010802813	1.32667746	0.5657	0.005745368	0.52509108	1.2009	0.012022452	-0.92880165	1.5314	0.015118657	-2.31897004	1.6955	0.016468566	-3.90905098
AFS	613255	36225CTD8	Agency MBS ARM	A-3-Q	GOVERNMENT NATIONAL MORTGAGE A	0.00132519	5.125	48122	27003362	35784.59	12783.07	36185.3	35843.92	101.1198	100.1658179	-341.39	7/31/2026	Model2501	100	LMMSOFRFLAT	RFRSwap	5.566123	5.070144	0.659287035	-0.6059856	0.00663196	 2 	0.2397	0.0233	0.184	0.1814	-0.0049	-0.0009	-0.0002	2.1172	14.251	128.2209	108.4978	0.00132519	19.8996	6.333	297	39362.7461	NA	NA	1.4186	0.014650657	2.68486482	1.0949	0.011162218	1.35643204	0.5782	0.005847212	0.53300661	1.2368	0.012323325	-0.95108589	1.5762	0.015480757	-2.37535623	1.7378	0.016785791	-4.00026088
AFS	614243	36225CTQ9	Agency MBS ARM	A-3-Q	GOVERNMENT NATIONAL MORTGAGE A	0.00212537	5.125	48153	32996040	70128.79	12047.5	71048.38	70081.81	101.3113	99.9330083	-966.57	7/31/2026	Model2501	100	LMMSOFRFLAT	RFRSwap	5.684645	4.95851	0.654186547	-0.5998416	0.006565422	 5 	0.2426	0.0259	0.1756	0.1789	-0.0043	-0.0008	-0.0001	2.0902	15.7126	139.8459	120.4729	0.00212537	18.4106	6.375	297	36270.6016	NA	NA	1.3842	0.01425638	2.63565187	1.0762	0.010944549	1.33846869	0.573	0.005781139	0.52783751	1.2275	0.012204061	-0.9413918	1.5678	0.015365623	-2.35357627	1.7296	0.016672447	-3.96687724
AFS	613442	36225CTV8	Agency MBS ARM	A-3-Q	GOVERNMENT NATIONAL MORTGAGE A	0.00108987	5.125	48183	22000000	23977.14	7148.39	24269.71	24007.93	101.2202	100.1284031	-261.78	7/31/2026	Model2501	100	LMMSOFRFLAT	RFRSwap	5.590035	5.027163	0.659995735	-0.6087667	0.00663662	 2 	0.2392	0.0218	0.1774	0.1888	-0.0043	-0.0008	-0.0001	2.1358	14.4792	130.5052	110.6313	0.00108987	20.4866	6.226	297	26720.3945	NA	NA	1.4281	0.014744384	2.69231502	1.0985	0.011194936	1.35819617	0.579	0.005852815	0.53310419	1.2397	0.012347337	-0.9525458	1.5758	0.015470382	-2.3782	1.7365	0.016766708	-4.00087396
AFS	614375	36225CUK0	Agency MBS ARM	A-3-Q	GOVERNMENT NATIONAL MORTGAGE A	0.00286293	5	48274	71420914	204473.08	55425.52	206341.88	205515.32	100.914	100.5097231	-826.56	7/31/2026	Model2501	100	LMMSOFRFLAT	RFRSwap	5.333267	5.13415	1.005557179	-0.4083011	0.010148725	 21 	0.4629	0.1426	0.1855	0.2112	-0.0024	-0.0021	-0.0004	2.24	14.5539	101.8215	84.7343	0.00286293	17.6361	6.065	293	36952.2695	NA	NA	1.463	0.015220197	3.10662751	1.104	0.011335939	1.75467677	0.7599	0.00773338	0.84776925	1.4505	0.014458323	-1.24802807	1.6866	0.01654808	-2.80914771	1.8543	0.017872965	-4.53943981
AFS	613309	36225CUU8	Agency MBS ARM	A-3-Q	GOVERNMENT NATIONAL MORTGAGE A	0.00163225	5.25	48305	105064558	171491.62	43633.32	171491.62	172957.61	100	100.8548458	1465.99	7/31/2026	Model2501	100	LMMSOFRFLAT	RFRSwap	5.221779	5.632977	1.143396139	-0.3159004	0.011581728	 20 	0.6125	0.0797	0.2114	0.2417	0.0033	-0.0021	-0.0004	2.3129	13.6497	93.3812	73.97373	0.00163225	19.6964	6.363	291	31926.3613	NA	NA	1.5965	0.01676931	3.74325003	1.2982	0.013437994	2.2176212	1.0301	0.010544015	1.06307588	1.4763	0.014758386	-1.32135664	1.7193	0.016914219	-2.91633513	1.8765	0.01812938	-4.68136515
AFS	614309	36225CV78	Agency MBS ARM	A-3-Q	GOVERNMENT NATIONAL MORTGAGE A	0.00332014	5.375	48458	7000000	23240.98	5945.72	23536.68	23182.65	101.2723	99.7490157	-354.03	7/31/2026	Model2501	100	LMMSOFRFLAT	RFRSwap	5.874345	5.171383	0.202173337	-0.05697303	0.002025715	 0 	-0.2275	-0.0218	0.1137	0.2482	0.0174	-0.0005	-0.0001	2.4287	13.7719	159.4799	137.2116	0.00332014	17.7158	6.516	287	41111.3164	NA	NA	1.471	0.015116309	2.56810991	1.2318	0.012489438	1.19737418	0.4973	0.004995272	0.24149955	0.9753	0.009725728	-0.47181005	1.5466	0.015216678	-1.80871152	1.8004	0.017417181	-3.45712557
AFS	613488	36225CVD5	Agency MBS ARM	A-3-Q	GOVERNMENT NATIONAL MORTGAGE A	0.00182393	5.25	48366	10000000	18239.3	4819.18	18239.3	18431.5	100	101.0537844	192.2	7/31/2026	Model2501	100	LMMSOFRFLAT	RFRSwap	5.148682	5.64392	1.151960373	-0.3211189	0.011691394	 2 	0.6131	0.079	0.2081	0.2503	0.0064	-0.0026	-0.0005	2.3694	13.5542	85.9705	65.98166	0.00182393	19.4547	6.332	290	37600.9844	NA	NA	1.5933	0.016769335	3.76055863	1.3011	0.01349528	2.23171457	1.0343	0.010608224	1.07124808	1.4887	0.014910334	-1.33435526	1.7389	0.017135367	-2.94771266	1.9033	0.018415367	-4.73833943
AFS	612288	36225CVW3	Agency MBS ARM	A-3-Q	GOVERNMENT NATIONAL MORTGAGE A	0.0024358	5.375	48427	77198105	188039.14	55372.63	190365.52	189694.88	101.2372	100.8805276	-670.64	7/31/2026	Model2501	100	LMMSOFRFLAT	RFRSwap	5.340843	5.175485	0.208576918	-0.05861538	0.002113477	 4 	-0.2118	-0.018	0.1136	0.2445	0.0122	-0.0027	-0.0005	2.392	13.9246	107.5119	84.20113	0.0024358	18.6227	6.441	288	45022.5938	NA	NA	1.4261	0.014813345	2.54817069	1.2044	0.01234839	1.19920159	0.495	0.005028152	0.24920793	0.9665	0.00974742	-0.47903984	1.5215	0.015141339	-1.81204689	1.7738	0.017360263	-3.45639457
AFS	614291	36225CVY9	Agency MBS ARM	A-3-Q	GOVERNMENT NATIONAL MORTGAGE A	0.00225709	5.375	48427	6560103	14806.74	4076.64	14853.34	14817.87	100.3147	100.0751459	-35.47	7/31/2026	Model2501	100	LMMSOFRFLAT	RFRSwap	5.702259	5.583277	0.202835009	-0.05315847	0.00203896	 0 	-0.1938	-0.0172	0.1081	0.2275	0.0134	-0.0009	-0.0002	2.2623	16.7332	143.2053	120.9926	0.00225709	19.0113	6.482	288	34914.5352	NA	NA	1.4023	0.014442272	2.46542986	1.1731	0.011927502	1.15601155	0.4802	0.004838753	0.24079291	0.9305	0.009311056	-0.45814932	1.4635	0.014457967	-1.73211188	1.6964	0.016494032	-3.2950242
AFS	613092	36225CW28	Agency MBS ARM	A-3-Q	GOVERNMENT NATIONAL MORTGAGE A	0.00317259	5	48580	33635350	106711.18	23435.93	107812.42	106641.18	101.032	99.9344108	-1171.24	7/31/2026	Model2501	100	LMMSOFRFLAT	RFRSwap	5.680202	5.198349	1.047269106	-0.4518007	0.010509458	 11 	0.4612	0.1349	0.1504	0.2655	0.0214	-0.0012	-0.0003	2.558	13.3412	134.2347	115.435	0.00317259	18.1929	6.089	283	35634.3438	NA	NA	1.5809	0.016377434	3.2427826	1.1636	0.011886669	1.80568297	0.7788	0.007882998	0.86880368	1.5427	0.015279049	-1.30844426	1.8196	0.017719364	-2.96890646	2.0363	0.019448942	-4.83785119
AFS	613420	36225CWD4	Agency MBS ARM	A-3-Q	GOVERNMENT NATIONAL MORTGAGE A	0.00388618	5.125	48488	22919015	89067.42	20190.48	90429.89	89306.2	101.5297	100.2680932	-1123.68	7/31/2026	Model2501	100	LMMSOFRFLAT	RFRSwap	5.617726	5.074458	0.688994288	-0.6658587	0.00693784	 6 	0.2208	-0.0058	0.1188	0.2833	0.0163	-0.0014	-0.0003	2.5861	11.1425	131.3705	108.4558	0.00388618	17.3381	6.255	286	41119.3477	NA	NA	1.576	0.016325178	2.88833346	1.1841	0.012092586	1.42643941	0.5993	0.006067962	0.54937788	1.3377	0.013333802	-1.01498879	1.7333	0.017008759	-2.56851439	1.9529	0.018811451	-4.36952932
AFS	613760	36225CX35	Agency MBS ARM	A-3-Q	GOVERNMENT NATIONAL MORTGAGE A	0.00230062	5.25	48700	48800000	112270.26	19145.2	112270.26	111650.93	100	99.4483647	-619.32	7/31/2026	Model2501	100	LMMSOFRFLAT	RFRSwap	5.942632	5.710483	1.206068516	-0.3772521	0.01204692	 14 	0.6233	0.053	0.1734	0.2998	0.0496	0	-0.0001	2.7305	12.5998	161.2344	140.4473	0.00230062	19.5556	6.186	278	41849.3281	NA	NA	1.7105	0.017749159	3.88036172	1.3711	0.014007548	2.27711608	1.0655	0.010758524	1.08924437	1.6088	0.015844595	-1.39777088	1.9154	0.018532999	-3.12768507	2.1383	0.020271884	-5.08224495
AFS	613799	36225CX76	Agency MBS ARM	A-3-Q	GOVERNMENT NATIONAL MORTGAGE A	0.00344899	5.25	48731	90323398	311524.5	39457.52	311524.5	310457.42	100	99.6574653	-1067.08	7/31/2026	Model2501	100	LMMSOFRFLAT	RFRSwap	5.863698	5.725924	1.259680152	-0.3904114	0.012608764	 39 	0.6222	0.051	0.1645	0.3575	0.0585	-0.0012	-0.0004	2.8617	10.3762	151.8982	131.6677	0.00344899	17.9133	6.01	278	53993.4062	NA	NA	1.7446	0.018159758	3.99909135	1.4019	0.014362936	2.3574953	1.1009	0.01114403	1.13410164	1.7063	0.01682793	-1.47353498	2.0563	0.019898718	-3.32404063	2.2765	0.021554299	-5.41493891
AFS	613694	36225CX84	Agency MBS ARM	A-3-Q	GOVERNMENT NATIONAL MORTGAGE A	0.00156286	5.25	48731	100521383	157100.85	30447.6	157100.85	156315.08	100	99.4998322	-785.77	7/31/2026	Model2501	100	LMMSOFRFLAT	RFRSwap	5.927844	5.723618	1.226121306	-0.3937531	0.012253529	 19 	0.6235	0.0487	0.1648	0.3276	0.057	-0.0001	-0.0001	2.8121	11.2144	159.1983	138.1358	0.00156286	20.7856	6.176	278	41541.0234	NA	NA	1.7632	0.018319184	3.96194608	1.4001	0.01431609	2.31422644	1.0794	0.010906819	1.1054642	1.6401	0.01615742	-1.42396868	1.9659	0.019018529	-3.19596022	2.1853	0.020702589	-5.20026005
AFS	613215	36225CX92	Agency MBS ARM	A-3-Q	GOVERNMENT NATIONAL MORTGAGE A	0.00261128	5.25	48731	53600000	139964.61	47265.72	139964.61	141365.42	100	101.0008309	1400.81	7/31/2026	Model2501	100	LMMSOFRFLAT	RFRSwap	5.300344	5.713469	1.198886275	-0.3706663	0.012161301	 17 	0.6185	0.0602	0.1798	0.2954	0.0431	-0.0045	-0.0009	2.7436	12.3181	98.548	76.23364	0.00261128	19.1444	6.205	278	55595.3242	NA	NA	1.6449	0.017320851	3.86334125	1.3399	0.013897814	2.28662654	1.0555	0.010822698	1.09913513	1.5948	0.015953116	-1.40812278	1.9128	0.018799052	-3.15580724	2.1434	0.020640269	-5.14293652
AFS	613834	36225CXC5	Agency MBS ARM	A-3-Q	GOVERNMENT NATIONAL MORTGAGE A	0.00172631	5	48611	20000000	34526.2	36403.33	34772.44	34490.69	100.7132	99.8971491	-281.75	7/31/2026	Model2501	100	LMMSOFRFLAT	RFRSwap	5.707615	5.356952	1.057140231	-0.4614066	0.010604576	 4 	0.4609	0.1336	0.1458	0.2756	0.0258	-0.0011	-0.0003	2.6255	12.5636	136.6381	117.4563	0.00172631	20.3839	6.161	282	39161.9844	NA	NA	1.6128	0.016708381	3.28525382	1.1811	0.012063423	1.82202073	0.7843	0.007936551	0.87510058	1.5621	0.015463122	-1.32259923	1.8487	0.017989051	-3.00593862	2.0716	0.019765044	-4.9046927
HTM	885683	36225CXJ0	Agency MBS ARM	A-3-Q	GOVERNMENT NATIONAL MORTGAGE A	0.0031095	5	48639	345002500	1072785.27	0	1080144.16	1079603.51	100.686	100.6355642	-540.65	7/31/2026	Model2501	100	LMMSOFRFLAT	RFRSwap	5.389482	5.367855	1.053513646	-0.4607715	0.01064599	 114 	0.4613	0.1364	0.1433	0.2726	0.0265	-0.0033	-0.0007	2.6195	13.0757	105.5112	85.59956	0.0031095	18.248	6.121	281	41636.8477	NA	NA	1.559	0.016260024	3.24810947	1.1552	0.011883792	1.81572566	0.7774	0.007924277	0.87698682	1.5579	0.015536442	-1.32719932	1.8612	0.01824465	-3.02573835	2.0914	0.020097654	-4.95343682
AFS	613001	36225CXK7	Agency MBS ARM	A-3-Q	GOVERNMENT NATIONAL MORTGAGE A	0.00246723	5	48639	11280613	27831.87	5446.38	28124.05	27876.98	101.0498	100.1620928	-247.07	7/31/2026	Model2501	100	LMMSOFRFLAT	RFRSwap	5.583697	5.197798	1.050624132	-0.4529592	0.010567048	 3 	0.4612	0.135	0.1492	0.2693	0.022	-0.0015	-0.0003	2.5784	12.9464	124.7789	105.6005	0.00246723	19.192	6.11	281	41644.4961	NA	NA	1.6036	0.016654583	3.27733342	1.1744	0.012025272	1.81928033	0.7822	0.007935695	0.87391071	1.5457	0.015343161	-1.31463762	1.8256	0.017816832	-2.98311096	2.0429	0.019553412	-4.86248136
AFS	612385	36225CYF7	Agency MBS ARM	A-3-Q	GOVERNMENT NATIONAL MORTGAGE A	0.00461659	5.875	48761	5000000	23082.95	3247.44	23265.89	23443.7	100.7925	101.5628318	177.81	7/31/2026	Model2501	100	LMMSOFRFLAT	RFRSwap	5.644173	5.96673	0.270937383	-0.114434	0.002764981	 1 	-0.2033	-0.0361	0.0645	0.3033	0.0525	-0.0058	-0.001	2.7143	13.0281	134.0558	110.2615	0.00461659	17.1311	6.536	277	43828.6797	NA	NA	1.5125	0.015844796	2.7081873	1.2478	0.012893627	1.28243715	0.5251	0.005374533	0.29387233	1.1421	0.01158763	-0.59233006	1.8045	0.018026315	-2.1578165	2.1437	0.020994157	-4.11869086
AFS	613131	36225CZP4	Agency MBS ARM	A-3-Q	GOVERNMENT NATIONAL MORTGAGE A	0.00502798	5.125	48853	24250000	121928.51	42172.52	123518.58	123855.45	101.3041	101.5803806	336.88	7/31/2026	Model2501	100	LMMSOFRFLAT	RFRSwap	5.139792	5.249767	0.703216195	-0.6809257	0.00717333	 9 	0.2258	-0.0088	0.0906	0.2799	0.0519	-0.0056	-0.0012	2.8166	12.5669	83.1575	57.24677	0.00502798	17.2035	5.828	274	43051.0078	NA	NA	1.5566	0.016330976	2.90737952	1.1685	0.012088735	1.4467201	0.6	0.006154228	0.56427782	1.3753	0.01388439	-1.05066378	1.8449	0.018322585	-2.69101006	2.1282	0.020717397	-4.65940013
AFS	613603	36225D2D5	Agency MBS ARM	A-3-Q	GOVERNMENT NATIONAL MORTGAGE A	0.01463113	5.25	49766	27704587	405349.41	154653.21	405349.41	405651.98	100	100.0746434	302.57	7/31/2026	Model2501	100	LMMSOFRFLAT	RFRSwap	5.805661	5.830958	1.246269107	-0.4350345	0.012526518	 51 	0.6376	0.0456	0.1665	0.2308	0.1491	-0.0071	-0.002	3.49	12.8097	143.3824	115.9979	0.01463113	16.1929	5.866	243	106151.3281	NA	NA	1.5852	0.016540078	3.82995815	1.3385	0.013761522	2.30087879	1.0711	0.010885679	1.11616248	1.7031	0.016867317	-1.47156274	2.0692	0.020108769	-3.33171357	2.389	0.022702307	-5.48230949
AFS	614836	36225D6U3	Agency MBS ARM	A-3-Q	GOVERNMENT NATIONAL MORTGAGE A	0.01577504	5.125	49949	15271017	240900.9	36145.02	245323.07	245362.67	101.8357	101.8521186	39.61	7/31/2026	Model2501	100	LMMSOFRFLAT	RFRSwap	5.274895	5.280215	0.701121807	-0.692787	0.007171018	 17 	0.2175	-0.0057	0.0706	0.1933	0.1482	-0.0178	-0.0045	3.5585	12.9939	91.8182	60.32573	0.01577504	16.3924	5.831	238	84972.4375	NA	NA	1.4213	0.014934226	2.79729505	1.1287	0.011705174	1.421802	0.5865	0.006031306	0.55646116	1.4243	0.014415417	-1.07212032	1.9487	0.019386647	-2.79575824	2.3355	0.022741379	-4.90590013
AFS	614493	36225DEQ3	Agency MBS ARM	A-3-Q	GOVERNMENT NATIONAL MORTGAGE A	0.00603474	5.375	49157	16159979	97521.27	28205.98	98834.72	98578.92	101.3468	101.0845313	-255.8	7/31/2026	Model2501	100	LMMSOFRFLAT	RFRSwap	5.452573	5.35634	0.210689157	-0.06378075	0.002139179	 2 	-0.2593	-0.0482	0.0649	0.2405	0.1003	-0.0043	-0.001	3.1021	11.9882	114.489	86.25523	0.00603474	17.7431	6.067	264	46763.5352	NA	NA	1.5979	0.016666394	2.76983775	1.3085	0.013452381	1.27796897	0.5252	0.005345863	0.25473935	1.0407	0.010513525	-0.50479654	1.6902	0.016828284	-1.96654159	2.0302	0.019838752	-3.81523009
AFS	614775	36225DF82	Agency MBS ARM	A-3-Q	GOVERNMENT NATIONAL MORTGAGE A	0.01164385	5.125	49218	23462810	273197.44	55295.77	277718.22	277832.75	101.6548	101.6966868	114.52	7/31/2026	Model2501	100	LMMSOFRFLAT	RFRSwap	5.21059	5.225599	0.746816933	-0.7168213	0.007626776	 21 	0.2215	-0.0161	0.0688	0.2902	0.1069	-0.0091	-0.0023	3.1706	12.0259	87.4007	59.87188	0.01164385	14.9769	5.829	261	50961.8594	NA	NA	1.5538	0.016328165	2.96408152	1.1828	0.012256174	1.49250413	0.6173	0.006341089	0.5927113	1.4858	0.015006793	-1.12424222	2.0505	0.020340877	-2.92447625	2.4001	0.023280624	-5.12696679
AFS	613380	36225DFV1	Agency MBS ARM	A-3-Q	GOVERNMENT NATIONAL MORTGAGE A	0.00511463	5.375	49188	15001500	76727.12	11424.21	77927.63	76928.48	101.5646	100.2624388	-999.14	7/31/2026	Model2501	100	LMMSOFRFLAT	RFRSwap	5.751562	5.263898	0.205842555	-0.06482345	0.002073048	 2 	-0.2603	-0.0471	0.0648	0.2362	0.1006	-0.0029	-0.0008	3.0622	12.7775	143.7085	116.3643	0.00511463	18.432	6.095	263	59606.2578	NA	NA	1.5852	0.016396811	2.72735191	1.3021	0.013276962	1.25661317	0.5197	0.005247215	0.24751073	1.0376	0.010398264	-0.49649161	1.6971	0.016761078	-1.94807317	2.0418	0.019788712	-3.79168895
AFS	613688	36225DGA6	Agency MBS ARM	A-3-Q	GOVERNMENT NATIONAL MORTGAGE A	0.01234222	5.125	49218	30901496	381393.06	88312.59	387677.67	387833.8	101.6478	101.6887401	156.12	7/31/2026	Model2501	100	LMMSOFRFLAT	RFRSwap	5.223909	5.238428	0.726658583	-0.7173662	0.007420334	 28 	0.219	-0.0179	0.0669	0.2762	0.1044	-0.0075	-0.0019	3.1958	11.3767	89.1646	60.91799	0.01234222	14.8901	5.823	262	50355.793	NA	NA	1.6182	0.017012037	3.0106488	1.2113	0.012549304	1.48867836	0.6121	0.006285497	0.57808255	1.4453	0.014600755	-1.09685861	1.9732	0.019590395	-2.83528543	2.3087	0.022431985	-4.95443128
AFS	614140	36225DHM9	Agency MBS ARM	A-3-Q	GOVERNMENT NATIONAL MORTGAGE A	0.00849176	5.125	49249	49001600	416109.83	127133.04	423168.65	423169.37	101.6964	101.6965576	0.73	7/31/2026	Model2501	100	LMMSOFRFLAT	RFRSwap	5.207352	5.207409	0.720756114	-0.7070989	0.007360624	 31 	0.2214	-0.017	0.0667	0.2677	0.105	-0.0073	-0.0018	3.1489	12.2863	87.7499	59.38743	0.00849176	16.4277	5.83	261	42814.3242	NA	NA	1.6216	0.017046789	2.9989225	1.2045	0.012478627	1.48069508	0.6094	0.006258883	0.57504842	1.43	0.01444883	-1.08601852	1.9552	0.019418048	-2.80750406	2.2904	0.022265702	-4.90974274
AFS	614616	36225DHN7	Agency MBS ARM	A-3-Q	GOVERNMENT NATIONAL MORTGAGE A	0.01041165	5.625	49249	1000100	10412.69	1171.76	10619.49	10612.01	101.986	101.9142316	-7.48	7/31/2026	Model2501	100	LMMSOFRFLAT	RFRSwap	5.590512	5.563807	0.730867147	-0.700048	0.007482836	 1 	0.2341	-0.0081	0.0716	0.2728	0.0927	-0.0107	-0.0024	3.0659	13.3588	124.9604	98.66162	0.01041165	15.6497	6.071	261	54434.4453	NA	NA	1.4598	0.015359399	2.83001967	1.1196	0.011624453	1.44241479	0.5976	0.006152893	0.58004348	1.4454	0.01463959	-1.10009624	1.9939	0.019844932	-2.85526463	2.3448	0.022831894	-5.00936279
AFS	612513	36225DHZ0	Agency MBS ARM	A-3-Q	GOVERNMENT NATIONAL MORTGAGE A	0.00403102	5.125	49249	12175346	49079.06	83655.65	49957.16	48930.12	101.7892	99.6965152	-1027.05	7/31/2026	Model2501	100	LMMSOFRFLAT	RFRSwap	5.941371	5.184449	0.716088414	-0.724564	0.007169735	 4 	0.2145	-0.0268	0.0602	0.2728	0.11	-0.0015	-0.0005	3.1825	11.8501	159.4936	132.4443	0.00403102	19.2857	5.875	261	35691.7695	NA	NA	1.7178	0.017719392	3.02688751	1.2486	0.012684787	1.46643401	0.613	0.006172265	0.55845416	1.4365	0.014228893	-1.06798979	1.9399	0.018888526	-2.75338054	2.2726	0.021663317	-4.79757955
AFS	614538	36225DJJ4	Agency MBS ARM	A-3-Q	GOVERNMENT NATIONAL MORTGAGE A	0.01402263	5.125	49279	42983546	602742.36	101921.25	613072.12	613012.01	101.7138	101.7038202	-60.11	7/31/2026	Model2501	100	LMMSOFRFLAT	RFRSwap	5.207565	5.203985	0.742139161	-0.7137571	0.007579534	 46 	0.2237	-0.0106	0.072	0.2825	0.1032	-0.0112	-0.0028	3.1607	12.3159	86.7804	59.47187	0.01402263	14.4143	5.792	260	70515.4219	NA	NA	1.441	0.015127823	2.85301164	1.1395	0.011804136	1.46271735	0.6066	0.006230843	0.58663609	1.4817	0.014966826	-1.11953026	2.05	0.020338899	-2.91735203	2.4053	0.023333194	-5.12196218
AFS	614092	36225DJZ8	Agency MBS ARM	A-3-Q	GOVERNMENT NATIONAL MORTGAGE A	0.01449218	5.125	49279	7997000	115893.96	25056.41	117812.95	117858.21	101.6558	101.694868	45.26	7/31/2026	Model2501	100	LMMSOFRFLAT	RFRSwap	5.201934	5.216061	0.708007634	-0.692347	0.007230312	 8 	0.2219	-0.0137	0.0695	0.2578	0.0963	-0.0069	-0.0016	3.1302	12.5161	87.6313	59.16056	0.01449218	14.5609	5.717	260	39707.875	NA	NA	1.6263	0.017093312	2.98491129	1.201	0.012440855	1.46924249	0.6067	0.006230658	0.56727249	1.412	0.014268322	-1.07213779	1.8936	0.018815648	-2.75746729	2.228	0.021684557	-4.79645859
AFS	614471	36225DKN3	Agency MBS ARM	A-3-Q	GOVERNMENT NATIONAL MORTGAGE A	0.00737595	5	49310	31303122	230890.26	52973.64	233684.41	232720.48	101.2102	100.7926802	-963.92	7/31/2026	Model2501	100	LMMSOFRFLAT	RFRSwap	5.490413	5.342912	1.108008265	-0.5220799	0.011214079	 26 	0.4622	0.1356	0.0978	0.2682	0.1187	-0.0058	-0.0015	3.2492	11.6681	111.8698	87.17186	0.00737595	17.1495	5.722	259	49956.6211	NA	NA	1.6895	0.017677611	3.42572392	1.2193	0.012570501	1.88833276	0.7971	0.008140057	0.91026045	1.6887	0.016850796	-1.42169605	2.077	0.02033814	-3.28745128	2.3971	0.022950878	-5.46422596
AFS	612669	36225DLA0	Agency MBS ARM	A-3-Q	GOVERNMENT NATIONAL MORTGAGE A	0.01710335	5	49310	18661064	319166.71	68600.66	322992.53	321691.88	101.1987	100.7911771	-1300.65	7/31/2026	Model2501	100	LMMSOFRFLAT	RFRSwap	5.484475	5.339873	1.101966381	-0.5124519	0.011152764	 36 	0.4646	0.1368	0.1042	0.259	0.1103	-0.0048	-0.0012	3.2335	11.9575	111.8244	86.98215	0.01710335	14.0005	5.598	259	44254.6055	NA	NA	1.7406	0.018219933	3.46842257	1.2364	0.012747694	1.89786593	0.8022	0.008192345	0.90959783	1.6722	0.016687866	-1.41209908	2.0293	0.019879181	-3.24818967	2.3524	0.022542233	-5.38039595
AFS	614544	36225DLR3	Agency MBS ARM	A-3-Q	GOVERNMENT NATIONAL MORTGAGE A	0.01027238	5	49341	14101305	144853.96	31204.4	147048.57	146010.68	101.515	100.7985395	-1037.89	7/31/2026	Model2501	100	LMMSOFRFLAT	RFRSwap	5.490214	5.239261	1.137356281	-0.514803	0.011511775	 17 	0.4622	0.1392	0.094	0.2928	0.1293	-0.0063	-0.0016	3.2785	11.6833	111.1277	87.16886	0.01027238	15.8158	5.708	258	49314.2773	NA	NA	1.6849	0.01763724	3.4655931	1.2244	0.01262811	1.92603796	0.8156	0.008331579	0.93591627	1.7479	0.01743629	-1.46208605	2.1681	0.021205546	-3.40673889	2.4936	0.023822745	-5.67795846
AFS	613150	36225DLT9	Agency MBS ARM	A-3-Q	GOVERNMENT NATIONAL MORTGAGE A	0.00740728	5	49341	7031592	52084.97	8688.26	52723.35	52500.92	101.2256	100.7985885	-222.44	7/31/2026	Model2501	100	LMMSOFRFLAT	RFRSwap	5.492061	5.342635	1.11993587	-0.5246215	0.01133546	 6 	0.4628	0.1379	0.1026	0.2696	0.1215	-0.006	-0.0016	3.2915	11.5521	112.0846	87.32739	0.00740728	17.2261	5.712	258	43880.2539	NA	NA	1.7046	0.017843917	3.46328841	1.2305	0.012689361	1.91204271	0.8091	0.008264004	0.92223423	1.7067	0.017029142	-1.4362732	2.1029	0.020585954	-3.32360798	2.4299	0.023250751	-5.52728348
AFS	612904	36225DM84	Agency MBS ARM	A-3-Q	GOVERNMENT NATIONAL MORTGAGE A	0.02400369	5	49369	28000000	672103.32	128347.93	680360.28	677501.83	101.2285	100.8032268	-2858.45	7/31/2026	Model2501	100	LMMSOFRFLAT	RFRSwap	5.476386	5.324412	1.09568727	-0.508543	0.011090535	 75 	0.464	0.1386	0.107	0.2497	0.1108	-0.0058	-0.0015	3.219	12.6806	111.0622	86.17174	0.02400369	12.7692	5.607	257	44418.957	NA	NA	1.7161	0.01795985	3.43643793	1.2224	0.012603388	1.88685461	0.7996	0.00816551	0.90565105	1.6642	0.016611055	-1.40457339	2.0234	0.019826476	-3.23425942	2.3534	0.022558875	-5.36382824
AFS	614255	36225DMA9	Agency MBS ARM	A-3-Q	GOVERNMENT NATIONAL MORTGAGE A	0.0135118	5	49341	19149865	258749.15	50341.93	262641.7	260811.33	101.5044	100.796983	-1830.37	7/31/2026	Model2501	100	LMMSOFRFLAT	RFRSwap	5.490204	5.242678	1.107229471	-0.5173731	0.011206673	 29 	0.4626	0.1388	0.1075	0.2593	0.1124	-0.0057	-0.0014	3.2759	11.7128	112.2331	87.27381	0.0135118	15.0028	5.581	258	43800.8984	NA	NA	1.7235	0.018040441	3.46151297	1.2321	0.012704615	1.90139386	0.8046	0.008216912	0.91311966	1.6821	0.016785873	-1.42007878	2.0411	0.019991914	-3.26684642	2.3698	0.022702739	-5.41233961
AFS	614638	36225DNR1	Agency MBS ARM	A-3-Q	GOVERNMENT NATIONAL MORTGAGE A	0.00969431	5.25	49400	55677400	539753.98	162771.21	539753.98	545981.89	100	101.1538426	6227.92	7/31/2026	Model2501	100	LMMSOFRFLAT	RFRSwap	5.411089	5.808846	1.290759563	-0.4456045	0.013112999	 71 	0.6302	0.0501	0.1529	0.3034	0.1484	-0.0085	-0.0022	3.3767	11.1713	105.042	79.21297	0.00969431	16.226	5.906	256	58340.0664	NA	NA	1.6902	0.01785369	4.036201	1.3888	0.014442903	2.40488473	1.105	0.011355073	1.16729197	1.7715	0.017723523	-1.54086945	2.2026	0.021600895	-3.5208714	2.5242	0.024171405	-5.83127628
HTM	885677	36225DPX6	Agency MBS ARM	A-3-Q	GOVERNMENT NATIONAL MORTGAGE A	0.00841044	5.25	49430	122298439	1028583.68	0	1041136.43	1040514.53	101.2204	101.1599299	-621.9	7/31/2026	Model2501	100	LMMSOFRFLAT	RFRSwap	5.414433	5.39392	1.271892071	-0.4299647	0.012922097	 133 	0.6313	0.0484	0.1625	0.2775	0.1399	-0.0086	-0.0023	3.3989	11.1747	105.9298	79.25721	0.00841044	17.0138	5.917	255	68048.2031	NA	NA	1.7187	0.0181568	4.04449097	1.4006	0.014564549	2.39165595	1.0983	0.011285543	1.15360755	1.7385	0.017398924	-1.51524253	2.1472	0.021074805	-3.44669651	2.4797	0.0237781	-5.70625908
AFS	612890	36225DPY4	Agency MBS ARM	A-3-Q	GOVERNMENT NATIONAL MORTGAGE A	0.01729993	5.75	49430	2000000	34599.86	3238.23	34599.86	35004.3	100	101.1688924	404.44	7/31/2026	Model2501	100	LMMSOFRFLAT	RFRSwap	5.884171	6.300493	1.270688415	-0.439126	0.012916301	 4 	0.6258	0.0581	0.1585	0.2897	0.1359	-0.0096	-0.0025	3.306	12.2773	151.5156	127.1713	0.01729993	14.1389	6.303	255	85997.9297	NA	NA	1.5597	0.016456574	3.86467155	1.3207	0.013733792	2.33895298	1.0771	0.011071647	1.1463705	1.74	0.017422779	-1.51593296	2.1734	0.021338113	-3.4675124	2.5021	0.0239933	-5.75472858
AFS	612671	36225DQW7	Agency MBS ARM	A-3-Q	GOVERNMENT NATIONAL MORTGAGE A	0.00857993	5.25	49461	56790671	487259.98	166925.57	487259.98	486191.12	100	99.7806382	-1068.86	7/31/2026	Model2501	100	LMMSOFRFLAT	RFRSwap	5.888544	5.812294	1.280704975	-0.4363356	0.012834987	 63 	0.636	0.0384	0.1535	0.2819	0.1511	-0.0025	-0.0008	3.3941	11.5353	152.035	126.3425	0.00857993	17.029	5.946	254	56570.9648	NA	NA	1.8034	0.018811274	4.09020249	1.4419	0.014795688	2.39400679	1.1123	0.011274357	1.14707222	1.7518	0.017292464	-1.50704552	2.1501	0.020812886	-3.42021938	2.4739	0.023395669	-5.64718826
AFS	613614	36225DRX4	Agency MBS ARM	A-3-Q	GOVERNMENT NATIONAL MORTGAGE A	0.01051058	5.375	49491	24559505	258134.64	89980.37	262443.21	261111.22	101.6691	101.1531093	-1331.99	7/31/2026	Model2501	100	LMMSOFRFLAT	RFRSwap	5.482492	5.304139	0.240317509	-0.1074361	0.00244165	 6 	-0.2576	-0.05	0.0499	0.226	0.1485	-0.0067	-0.0017	3.3294	12.2619	115.2606	85.84	0.01051058	16.3177	6.075	253	50996.4414	NA	NA	1.5721	0.016408704	2.77549662	1.3028	0.013405761	1.29650281	0.5335	0.005434604	0.27150844	1.1177	0.011293637	-0.55747109	1.8571	0.018473241	-2.12960127	2.28	0.022211244	-4.1844363
AFS	613965	36225DSE5	Agency MBS ARM	A-3-Q	GOVERNMENT NATIONAL MORTGAGE A	0.01412334	5.375	49491	9835021	138903.35	38414.01	141579.55	140503.82	101.9267	101.1522192	-1075.73	7/31/2026	Model2501	100	LMMSOFRFLAT	RFRSwap	5.495349	5.232065	0.220027268	-0.0766632	0.00223548	 3 	-0.2587	-0.0534	0.0475	0.211	0.1489	-0.0065	-0.0017	3.3729	11.7595	116.5392	86.43327	0.01412334	15.2844	6.009	253	72359.2266	NA	NA	1.6299	0.017018525	2.81611578	1.3257	0.013641335	1.29683967	0.5323	0.005421961	0.26242214	1.0773	0.010888516	-0.52537613	1.7755	0.017676186	-2.04579427	2.1796	0.021268379	-4.02031478
AFS	614588	36225DSJ4	Agency MBS ARM	A-3-Q	GOVERNMENT NATIONAL MORTGAGE A	0.01425352	5.375	49491	12861664	183323.99	57772.42	186412.72	185436.72	101.6849	101.152462	-975.99	7/31/2026	Model2501	100	LMMSOFRFLAT	RFRSwap	5.459743	5.270344	0.212932274	-0.06597981	0.0021634	 4 	-0.2532	-0.0444	0.0618	0.2039	0.1283	-0.0069	-0.0018	3.2307	13.4167	114.0904	84.54596	0.01425352	15.3781	6.027	253	63557.2344	NA	NA	1.5688	0.016367599	2.73443303	1.2891	0.013260975	1.26760976	0.5223	0.005320363	0.25544371	1.0414	0.010527754	-0.50634362	1.7167	0.017101642	-1.97909879	2.1034	0.020555491	-3.87697003
AFS	613622	36225DSW5	Agency MBS ARM	A-3-Q	GOVERNMENT NATIONAL MORTGAGE A	0.00936915	5.375	49522	27608988	258672.75	85947.72	262991.84	257997.27	101.6697	99.7388666	-4994.57	7/31/2026	Model2501	100	LMMSOFRFLAT	RFRSwap	5.983326	5.316622	0.22803776	-0.1100102	0.002284637	 6 	-0.2804	-0.0604	0.0406	0.232	0.1629	-0.0018	-0.0005	3.3839	11.9229	163.7813	135.2895	0.00936915	16.8664	6.063	252	54660.5195	NA	NA	1.6207	0.016688764	2.78814739	1.3363	0.013559435	1.28675693	0.5333	0.005357134	0.25741551	1.1343	0.011302467	-0.54732401	1.901	0.018640626	-2.13149211	2.3215	0.022283571	-4.19940468
AFS	613755	36225DTV6	Agency MBS ARM	A-3-Q	GOVERNMENT NATIONAL MORTGAGE A	0.00653649	5.375	49553	25351957	165712.81	39343.39	168507.24	165885.58	101.6863	100.1042584	-2621.66	7/31/2026	Model2501	100	LMMSOFRFLAT	RFRSwap	5.860768	5.322764	0.231851488	-0.1113806	0.002331317	 4 	-0.2772	-0.0584	0.0425	0.2277	0.1654	-0.0037	-0.001	3.4226	11.6586	151.5877	122.5966	0.00653649	18.3769	6.004	251	55707.2109	NA	NA	1.5905	0.016434379	2.77626444	1.3254	0.013498499	1.28989808	0.5342	0.005385166	0.2611745	1.1363	0.011363382	-0.55271083	1.8988	0.018685976	-2.14219971	2.3202	0.022351947	-4.21549477
AFS	613654	36225DYY4	Agency MBS ARM	A-3-Q	GOVERNMENT NATIONAL MORTGAGE A	0.01084155	5	49706	10279979	111450.91	12078.62	112916.53	111787.65	101.315	100.3021449	-1128.88	7/31/2026	Model2501	100	LMMSOFRFLAT	RFRSwap	5.730778	5.409476	1.135843515	-0.5425168	0.011440081	 13 	0.4635	0.1365	0.0961	0.232	0.1716	-0.0045	-0.0013	3.6729	10.5331	133.8521	106.5088	0.01084155	17.1129	5.628	246	69717.0625	NA	NA	1.8268	0.019054014	3.58636748	1.2904	0.013247813	1.94566524	0.8217	0.008352295	0.9289229	1.7371	0.017243136	-1.45463453	2.1121	0.02056459	-3.3535655	2.4722	0.023524757	-5.5628875
HTM	885676	36225E2K7	Agency MBS ARM	A-3-Q	GOVERNMENT NATIONAL MORTGAGE A	0.031213	5.375	51318	46009211	1436085.5	0	1456700.06	1455606.64	101.4355	101.3593296	-1093.42	7/31/2026	Model2501	100	LMMSOFRFLAT	RFRSwap	5.655858	5.635295	0.462825865	-0.258222	0.004711903	 68 	-0.2568	-0.0425	0.0269	0.1795	0.3808	0.0353	-0.0107	4.5119	11.4126	116.4513	86.20094	0.031213	16.8093	5.708	192	120245.4609	NA	NA	1.1807	0.012342702	2.72650289	1.2307	0.012710633	1.47589689	0.622	0.00635935	0.42650751	1.6187	0.016333651	-0.89930939	2.6585	0.026236234	-3.11805568	3.2799	0.031417225	-6.01943426
HTM	885666	36225E5L2	Agency MBS ARM	A-3-Q	GOVERNMENT NATIONAL MORTGAGE A	0.02172228	5.125	51410	109991402	2389264.03	0	2439509.98	2437675.02	102.103	102.0261885	-1834.96	7/31/2026	Model2501	100	LMMSOFRFLAT	RFRSwap	5.475735	5.455822	0.962417364	-0.900399	0.009860281	 236 	0.2133	-0.0239	0.0382	0.2003	0.3932	0.0402	-0.0114	4.6837	11.0157	97.5288	66.16142	0.02172228	18.9716	5.526	190	112612.2969	NA	NA	1.3104	0.013826374	3.05997069	1.17	0.012187053	1.70756008	0.7152	0.007380739	0.74896662	1.9873	0.020067519	-1.47548998	2.8489	0.028070865	-3.920491	3.414	0.032594468	-6.98074687
HTM	885673	36225E5Z1	Agency MBS ARM	A-3-Q	GOVERNMENT NATIONAL MORTGAGE A	0.02617007	5.125	51441	121435126	3177965.75	0	3227458.67	3225030.91	101.5574	101.4809839	-2427.76	7/31/2026	Model2501	100	LMMSOFRFLAT	RFRSwap	5.624521	5.604708	0.962508678	-0.9128863	0.00980874	 312 	0.2109	-0.0196	0.0452	0.2077	0.3845	0.0367	-0.0129	4.7113	10.6798	111.0423	80.75453	0.02617007	18.1415	5.59	189	131067.6094	NA	NA	1.1262	0.011797604	2.8521056	1.091	0.011298025	1.64835903	0.6966	0.007150426	0.7367413	2.0136	0.020222014	-1.47930554	2.8963	0.028372142	-3.94816157	3.4778	0.032991748	-7.04370626
AFS	614277	36225EAR3	Agency MBS ARM	A-3-Q	GOVERNMENT NATIONAL MORTGAGE A	0.01061037	5.125	50010	9739215	103336.67	8071.6	105362.53	103315.81	101.9604	99.9798114	-2046.72	7/31/2026	Model2501	100	LMMSOFRFLAT	RFRSwap	5.897832	5.258204	0.715965688	-0.7277546	0.00718879	 7 	0.2108	-0.03	0.0479	0.2063	0.1814	-0.0042	-0.001	3.6341	12.7093	152.6439	121.7467	0.01061037	18.2452	5.808	237	58333.3984	NA	NA	1.689	0.017469672	3.02818517	1.2513	0.012748413	1.47257639	0.6123	0.00618237	0.55824538	1.4669	0.01456993	-1.08315308	1.9868	0.019388985	-2.8169138	2.3567	0.022504654	-4.91460164
AFS	613616	36225EBB7	Agency MBS ARM	A-3-Q	GOVERNMENT NATIONAL MORTGAGE A	0.00871747	5	50041	28513699	248567.32	24352.34	252925.84	246882.67	101.7535	99.3222583	-6043.17	7/31/2026	Model2501	100	LMMSOFRFLAT	RFRSwap	6.055777	5.276674	1.128292918	-0.5568349	0.011253472	 28 	0.4631	0.1348	0.0992	0.2058	0.1873	-0.0037	-0.0011	3.7012	12.3128	164.5808	137.6313	0.00871747	19.1536	5.75	236	99852.0938	NA	NA	1.6202	0.016704675	3.36171903	1.2199	0.012395697	1.87530998	0.801	0.0080616	0.90641818	1.7509	0.017211251	-1.44211597	2.145	0.020676438	-3.34514281	2.5336	0.023858232	-5.5717429
AFS	613460	36225ECR1	Agency MBS ARM	A-3-Q	GOVERNMENT NATIONAL MORTGAGE A	0.00682913	5.25	50131	28921006	197505.31	250953.36	197505.31	197457.55	100	99.9758206	-47.76	7/31/2026	Model2501	100	LMMSOFRFLAT	RFRSwap	5.893003	5.885661	1.299222469	-0.4465358	0.013045924	 26 	0.6499	0.0233	0.1524	0.2128	0.2244	-0.0008	-0.0008	3.9783	11.0284	150.1552	119.5243	0.00682913	20.4534	6	232	53797.3281	NA	NA	2.0143	0.021100152	4.34064077	1.5435	0.015881632	2.48083017	1.1439	0.011620161	1.16966429	1.7807	0.017607493	-1.53113733	2.175	0.021082854	-3.478443	2.5353	0.024002494	-5.74197508
AFS	614535	36225EFG2	Agency MBS ARM	A-3-Q	GOVERNMENT NATIONAL MORTGAGE A	0.01768583	5.125	50314	31563183	558221.09	44847.99	568321.44	560298.59	101.8094	100.3721645	-8022.85	7/31/2026	Model2501	100	LMMSOFRFLAT	RFRSwap	5.860502	5.467653	0.741266668	-0.768004	0.007471912	 42 	0.1954	-0.0455	0.0249	0.1812	0.2584	-0.0014	-0.0021	4.3556	8.8964	145.9123	110.9545	0.01768583	16.9826	5.825	226	75618.9609	NA	NA	1.8213	0.018945973	3.22606896	1.3341	0.013654084	1.54383064	0.6335	0.006421832	0.57639413	1.5418	0.015366033	-1.13605794	2.1088	0.02062997	-2.97179895	2.5429	0.0243049	-5.21949964
AFS	614667	36225ENJ7	Agency MBS ARM	A-3-Q	GOVERNMENT NATIONAL MORTGAGE A	0.00496543	5.125	50679	30500000	151445.62	9348.28	154682.91	151655.78	102.1376	100.1387725	-3027.13	7/31/2026	Model2501	100	LMMSOFRFLAT	RFRSwap	5.905504	5.31945	0.720195413	-0.7356707	0.007242707	 11 	0.2044	-0.0274	0.0482	0.1832	0.1994	0.0004	-0.0038	4.0829	12.2603	149.7244	116.2371	0.00496543	23.7828	5.836	214	128677.2891	NA	NA	1.4053	0.01453014	2.82599958	1.1778	0.012015131	1.44421994	0.6031	0.006098936	0.55745013	1.5054	0.014973029	-1.10205432	2.0859	0.020371128	-2.90333884	2.5473	0.024308654	-5.13647264
HTM	885671	36225FBF5	Agency MBS ARM	A-3-Q	GOVERNMENT NATIONAL MORTGAGE A	0.02549545	5	51533	57499000	1465962.88	0	1482313.59	1481196.06	101.1154	101.0391245	-1117.53	7/31/2026	Model2501	100	LMMSOFRFLAT	RFRSwap	5.697515	5.677775	1.366175294	-0.7435268	0.013860639	 203 	0.4493	0.1522	0.0652	0.2122	0.4086	0.0541	-0.0108	4.7865	10.8279	115.5123	87.56173	0.02549545	18.6114	5.494	186	136079.4062	NA	NA	1.2983	0.01361431	3.4093793	1.1459	0.011865987	2.09753169	0.8984	0.009212771	1.08871299	2.2681	0.022596033	-1.82864702	2.9844	0.028959168	-4.42197695	3.5468	0.033303395	-7.55862847
AFS	612172	36225FF53	Agency MBS ARM	A-3-Q	GOVERNMENT NATIONAL MORTGAGE A	0.02524311	5.375	51683	24999000	631052.51	98415.01	647925.44	639743.15	102.6738	101.3771661	-8182.3	7/31/2026	Model2501	100	LMMSOFRFLAT	RFRSwap	5.703303	5.375807	0.498175472	-0.2882642	0.005072676	 32 	-0.2803	-0.0461	0.0232	0.1749	0.4103	0.0665	-0.0145	4.846	11.1735	118.1292	87.01105	0.02524311	19.2521	5.748	180	119004.8047	NA	NA	1.2671	0.01326767	2.88630997	1.3002	0.013440354	1.54474782	0.6438	0.00658476	0.45047133	1.7086	0.017233724	-0.9593526	2.7858	0.027450396	-3.28810586	3.4321	0.032779701	-6.3163112
AFS	613256	3622A2GS5	Agency MBS 15yr	A-3-Q	GOVERNMENT NATIONAL MORTGAGE A	0.01305521	2.5	46935	40000000	522208.4	802899.27	521055.89	516394.73	99.7793	98.8867143	-4661.16	7/31/2026	Model2501	100	LMMSOFRFLAT	RFRSwap	4.383267	2.737736	0.544702172	0.00656857	0.005397729	 28 	0.5218	0.0218	0.0002	0.0007	0	0.0002	0	0.5615	23.4375	34.4296	35.52014	0.01305521	14.9848	3	164	15409.165	NA	NA	0.5575	0.005616988	1.65231819	0.5536	0.005546408	1.09406802	0.5489	0.005469411	0.54326468	0.5419	0.00534109	-0.53683283	0.5386	0.005279976	-1.06810299	0.5337	0.005203429	-1.59221975
AFS	614201	3622AB4L3	Agency MBS 30yr	A-3-Q	GOVERNMENT NATIONAL MORTGAGE A	0.66797224	5	55763	25000000	16699306	2410145.01	16867765.57	16238379.45	101.0088	97.2398461	-629386.12	7/31/2026	Model2501	100	LMMSOFRFLAT	RFRSwap	5.532047	4.816811	4.505868912	-0.8106897	0.044002745	 7,348 	0.1593	0.2421	0.4717	1.0159	1.5837	0.9743	0.0755	6.7225	9.967	76.7875	78.74505	0.66797224	8.6333	5.545	48	199351.0781	NA	NA	0.5996	0.006276804	7.01844645	1.3388	0.013904886	6.20763684	3.1822	0.032315616	3.89317934	5.3487	0.049706429	-4.72442094	5.997	0.052651569	-9.86069294	6.4049	0.052836765	-15.16169479
AFS	613950	3622AB5B4	Agency MBS 30yr	A-3-Q	GOVERNMENT NATIONAL MORTGAGE A	0.72394575	5	55763	25000000	18098643.75	2110458.38	18224509.34	17596269.07	100.6954	97.2242413	-628240.27	7/31/2026	Model2501	100	LMMSOFRFLAT	RFRSwap	5.53503	4.874298	4.503470898	-0.8105626	0.043972302	 7,958 	0.1622	0.2443	0.4647	1.0197	1.5891	0.9651	0.0766	6.6678	10.3027	75.8829	80.81384	0.72394575	6.7073	5.636	48	245095.5	NA	NA	0.818	0.008572299	7.15591893	1.3889	0.014422613	6.20274239	3.1662	0.032145746	3.88656867	5.3548	0.049754933	-4.72388423	6.014	0.052787967	-9.86630956	6.4275	0.052998889	-15.18500039
HTM	613413	3622AB5M0	Agency MBS 30yr	A-3-Q	GOVERNMENT NATIONAL MORTGAGE A	0.65851132	5	55763	8724001	5744853.41	808707.21	5717719.91	5571346	99.5277	96.9797764	-146373.92	7/31/2026	Model2501	100	LMMSOFRFLAT	RFRSwap	5.60784	5.093248	4.463717937	-0.6874946	0.043475024	 2,498 	0.165	0.2311	0.4514	1.0101	1.5937	0.9524	0.0747	6.5449	10.5957	87.1182	87.27146	0.65851132	8.9525	5.523	48	218152.8438	NA	NA	0.7072	0.007419721	7.52397086	1.6281	0.016913403	6.48785623	3.3258	0.033696979	3.92222333	5.2247	0.048468828	-4.62820277	5.8281	0.051153213	-9.6269291	6.201	0.051235642	-14.77229416
HTM	614205	3622AB5N8	Agency MBS 30yr	A-3-Q	GOVERNMENT NATIONAL MORTGAGE A	0.69786711	5	55763	13929657	9721049.47	1406639.15	9788940.85	9452731.76	100.6984	97.2398277	-336209.09	7/31/2026	Model2501	100	LMMSOFRFLAT	RFRSwap	5.5541	4.86568	4.440105915	-0.6902849	0.043360516	 4,215 	0.1652	0.2299	0.4494	1.0009	1.5836	0.951	0.0751	6.5658	10.614	81.7977	81.47609	0.69786711	7.5826	5.538	48	199123.5625	NA	NA	0.6486	0.006816258	7.42822286	1.5885	0.016535446	6.43959703	3.2935	0.033449747	3.90549506	5.196	0.048343413	-4.61691895	5.7871	0.050959438	-9.59977022	6.1666	0.051138178	-14.7291462
HTM	614528	3622AB6R8	Agency MBS 30yr	A-3-Q	GOVERNMENT NATIONAL MORTGAGE A	0.77076868	4.5	55763	13300875	10251897.87	863581.05	10170119.82	9706609.53	99.2023	94.6810986	-463510.29	7/31/2026	Model2501	100	LMMSOFRFLAT	RFRSwap	5.441072	4.637188	5.311418056	-0.4185321	0.050488267	 5,176 	0.1156	0.1831	0.4433	1.143	2.0428	1.2899	0.1097	7.6698	8.3618	75.247	66.44444	0.77076868	5.1641	5.069	49	247460.625	NA	NA	0.9224	0.009735472	10.49160985	2.8735	0.029787024	8.60487846	4.4367	0.044297423	4.7861655	5.9302	0.053283609	-5.20447706	6.407	0.054112315	-10.59845347	6.6539	0.052634988	-15.95200678
HTM	613518	3622AB6W7	Agency MBS 30yr	A-3-Q	GOVERNMENT NATIONAL MORTGAGE A	0.71979467	5	55763	69067339	49714302.48	7110242.74	50049785.28	48334834.89	100.6748	97.2252098	-1714950.38	7/31/2026	Model2501	100	LMMSOFRFLAT	RFRSwap	5.551499	4.872238	4.415677547	-0.7489145	0.043115504	 21,435 	0.1679	0.2381	0.4539	0.9905	1.5583	0.9483	0.0747	6.5275	10.5225	79.9111	81.32855	0.71979467	7.0195	5.59	48	224251.9375	NA	NA	0.6742	0.007066968	7.17058282	1.4625	0.015193775	6.24674794	3.1975	0.03245132	3.84746161	5.2023	0.048397455	-4.61175094	5.8042	0.051099651	-9.6034677	6.1723	0.051167894	-14.74255085
HTM	614672	3622AB6Y3	Agency MBS 30yr	A-3-Q	GOVERNMENT NATIONAL MORTGAGE A	0.68308533	5	55793	72013859	49191610.64	7682028.39	49547487.32	47833851.84	100.7234	97.239857	-1713635.49	7/31/2026	Model2501	100	LMMSOFRFLAT	RFRSwap	5.541369	4.86563	4.508647919	-0.7404146	0.044029888	 21,659 	0.16	0.2336	0.4601	1.0155	1.6085	0.9732	0.0741	6.6704	10.2173	79.8779	79.89716	0.68308533	8.2932	5.565	48	199546.2344	NA	NA	0.6555	0.006888144	7.42659984	1.5546	0.016185561	6.45494125	3.2976	0.033503961	3.94437995	5.2974	0.049243595	-4.69869218	5.9095	0.051933482	-9.77528157	6.3031	0.052098218	-15.00191573
AFS	614062	3622AB6Y3	Agency MBS 30yr	A-3-Q	GOVERNMENT NATIONAL MORTGAGE A	0.68308533	5	55793	10000000	6830853.3	1070152.96	6901940.96	6642311.98	101.0407	97.239857	-259628.98	7/31/2026	Model2501	100	LMMSOFRFLAT	RFRSwap	5.541369	4.806397	4.508647919	-0.7404146	0.044029888	 3,008 	0.16	0.2336	0.4601	1.0155	1.6085	0.9732	0.0741	6.6704	10.2173	79.8779	79.89716	0.68308533	8.2932	5.565	48	199546.2344	NA	NA	0.6555	0.006888144	7.42659984	1.5546	0.016185561	6.45494125	3.2976	0.033503961	3.94437995	5.2974	0.049243595	-4.69869218	5.9095	0.051933482	-9.77528157	6.3031	0.052098218	-15.00191573
HTM	614111	3622AB7G1	Agency MBS 30yr	A-3-Q	GOVERNMENT NATIONAL MORTGAGE A	0.67505304	5	55793	24617445	16618081.08	2186733.41	16776101.52	16171970.11	100.9509	97.3155085	-604131.41	7/31/2026	Model2501	100	LMMSOFRFLAT	RFRSwap	5.532147	4.820358	4.449598312	-0.6615747	0.043486893	 7,227 	0.1643	0.2299	0.4523	0.9969	1.5821	0.965	0.0738	6.6437	10.3546	80.5048	78.55263	0.67505304	8.5865	5.511	46	173584.6719	NA	NA	0.6548	0.006893991	7.54740535	1.6385	0.01708067	6.51625849	3.3302	0.033856422	3.93318522	5.1645	0.048092969	-4.61059159	5.7156	0.050400048	-9.55241869	6.0713	0.050461993	-14.61684184
AFS	614663	3622AC3C2	Agency MBS 30yr	A-3-Q	GOVERNMENT NATIONAL MORTGAGE A	0.70052185	5	56128	38104263	26692868.81	5136796.42	26700266.6	25996512.27	100.0277	97.3912263	-703754.33	7/31/2026	Model2501	100	LMMSOFRFLAT	RFRSwap	5.487035	4.999697	4.693362713	-0.7063299	0.045904793	 12,253 	0.1491	0.2265	0.463	1.0348	1.6758	1.066	0.0946	7.1637	9.436	73.8013	71.96155	0.70052185	11.9795	5.613	37	151649.5938	NA	NA	0.5807	0.006126777	7.69582315	1.588	0.016602036	6.7386835	3.44	0.035066161	4.1279376	5.4757	0.05088855	-4.87223857	6.0765	0.05329651	-10.09902996	6.4892	0.053438623	-15.45725813
AFS	614536	3622AC3D0	Agency MBS 30yr	A-3-Q	GOVERNMENT NATIONAL MORTGAGE A	0.71883724	5	56097	33975000	24422495.23	4347453.9	24369442.74	23740236.07	99.7828	97.2064314	-629206.67	7/31/2026	Model2501	100	LMMSOFRFLAT	RFRSwap	5.526457	5.043821	4.634811878	-0.727096	0.045246471	 11,050 	0.1534	0.2289	0.4576	1.0189	1.6525	1.05	0.0904	7.0453	9.5215	76.4374	76.25177	0.71883724	11.0717	5.599	38	175345.6562	NA	NA	0.6344	0.006665914	7.44583386	1.4822	0.015438779	6.5349027	3.347	0.034028444	4.04679309	5.4342	0.05043276	-4.81639565	6.04	0.05292261	-10.0027746	6.4295	0.05291792	-15.31856341
AFS	614626	3622AC3T5	Agency MBS 30yr	A-3-Q	GOVERNMENT NATIONAL MORTGAGE A	0.77671607	5	56128	42536306	33038632.43	4185339.81	32926843.73	32120830.98	99.6616	97.2220356	-806012.75	7/31/2026	Model2501	100	LMMSOFRFLAT	RFRSwap	5.521611	5.065924	4.622391701	-0.7920771	0.045132432	 14,911 	0.1508	0.2363	0.4718	1.05	1.6483	1.0064	0.0787	6.941	9.4757	74.2545	76.77004	0.77671607	8.2354	5.613	42	198095.9062	NA	NA	0.6754	0.007082001	7.22503479	1.3679	0.014226452	6.3663069	3.2572	0.033105474	4.00045433	5.4593	0.050669927	-4.82446684	6.096	0.053396054	-10.04716998	6.5097	0.053522676	-15.41867464
HTM	883880	3622AC6B1	Agency MBS 30yr	A-3-Q	GOVERNMENT NATIONAL MORTGAGE A	0.85609302	5.5	56281	50000000	42804651	0	43931085.61	43718404.2	102.6316	102.1347054	-212681.41	7/31/2026	Model2501	100	LMMSOFRFLAT	RFRSwap	5.135463	5.050135	4.034913063	-1.14835	0.0413954	 17,719 	0.1659	0.2885	0.5191	1.047	1.3335	0.691	0.0126	7.0345	9.6802	24.1705	36.76522	0.85609302	4.9653	6.054	35	244057.9062	NA	NA	0.4174	0.004488226	4.92505573	0.4302	0.004614347	4.6646829	2.2145	0.023466541	3.37472838	5.0377	0.049368251	-4.59514722	5.7212	0.053121649	-9.74212655	6.2038	0.05425439	-15.13968383
HTM	614850	3622ACAF7	Agency MBS 30yr	A-3-Q	GOVERNMENT NATIONAL MORTGAGE A	0.68490961	5	55824	36223711	24809967.77	4275428.18	25273255.48	24448466.92	101.8673	98.5429209	-824788.56	7/31/2026	Model2501	100	LMMSOFRFLAT	RFRSwap	5.283937	4.652321	4.578847885	-0.458754	0.045312092	 11,242 	0.1587	0.2147	0.4337	1.0244	1.6799	1.0105	0.0675	6.8597	10.1685	62.8143	52.53133	0.68490961	8.4349	5.524	47	107890.7109	NA	NA	1.0544	0.01140964	9.2465829	2.3748	0.025279026	7.48876607	3.7302	0.038495388	4.24012434	5.115	0.04821201	-4.70265381	5.5386	0.04949449	-9.59728815	5.8783	0.049609717	-14.56506237
HTM	613383	3622ACAG5	Agency MBS 30yr	A-3-Q	GOVERNMENT NATIONAL MORTGAGE A	0.69964039	5	55824	38225837	26744339.51	3321939.39	27081086.33	26087716.63	101.2591	97.5448155	-993369.69	7/31/2026	Model2501	100	LMMSOFRFLAT	RFRSwap	5.479237	4.76658	4.481181622	-0.65928	0.043898322	 11,740 	0.1608	0.2307	0.4617	1.0169	1.5927	0.9631	0.0692	6.7207	10.1532	76.0734	73.07004	0.69964039	7.906	5.549	47	152656.6094	NA	NA	0.641	0.006770779	7.66965151	1.681	0.017578579	6.6100608	3.367	0.034322873	3.97709099	5.185	0.048382957	-4.64732456	5.7341	0.050659772	-9.61378774	6.1186	0.050937098	-14.71235775
AFS	613562	3622ACAH3	Agency MBS 30yr	A-3-Q	GOVERNMENT NATIONAL MORTGAGE A	0.69550485	5	55793	31973962	22238045.64	2950997.44	22514192.87	21641055.7	101.2418	97.3154568	-873137.16	7/31/2026	Model2501	100	LMMSOFRFLAT	RFRSwap	5.538707	4.761897	4.402088642	-0.6783819	0.043022547	 9,567 	0.171	0.231	0.4458	0.9827	1.5599	0.9503	0.0761	6.5277	10.6537	81.143	79.64725	0.69550485	8.0681	5.564	47	176846.4688	NA	NA	0.7	0.007366254	7.5030733	1.6479	0.017165286	6.43367462	3.2791	0.033319551	3.88044161	5.1216	0.047714144	-4.57039725	5.6844	0.050166216	-9.4790528	6.0572	0.050396893	-14.53019752
HTM	614320	3622ACAN0	Agency MBS 30yr	A-3-Q	GOVERNMENT NATIONAL MORTGAGE A	0.66544844	5	55701	40417872	26896009.87	4066632.41	26736732.02	26190592.22	99.4078	97.3772405	-546139.8	7/31/2026	Model2501	100	LMMSOFRFLAT	RFRSwap	5.521061	5.116226	4.471371651	-0.6608168	0.04372729	 11,761 	0.1635	0.23	0.4533	1.0027	1.5954	0.969	0.071	6.6298	10.3577	80.6695	77.79226	0.66544844	9.1126	5.465	50	175160.3281	NA	NA	0.7117	0.007511046	7.74733735	1.7293	0.018056637	6.61989821	3.3731	0.03432399	3.96432938	5.1869	0.048321266	-4.63392752	5.751	0.050719008	-9.60262618	6.1172	0.050828312	-14.70251661
HTM	613473	3622ACAQ3	Agency MBS 30yr	A-3-Q	GOVERNMENT NATIONAL MORTGAGE A	0.70480197	5	55793	36429120	25675315.54	3669607	25546410.16	24965552.15	99.4979	97.2356196	-580858.01	7/31/2026	Model2501	100	LMMSOFRFLAT	RFRSwap	5.548029	5.098481	4.481511116	-0.6860859	0.043762978	 11,236 	0.1632	0.2309	0.4489	1.0173	1.6089	0.9542	0.0746	6.6064	10.4919	80.1343	81.23016	0.70480197	7.7377	5.623	47	219333.0938	NA	NA	0.8195	0.00862289	7.56525775	1.6084	0.016748263	6.48046579	3.3107	0.033634856	3.94059953	5.2324	0.048661862	-4.65177489	5.8173	0.051186826	-9.66150331	6.1943	0.051315404	-14.80953469
HTM	612280	3622ACAR1	Agency MBS 30yr	A-3-Q	GOVERNMENT NATIONAL MORTGAGE A	0.71863261	5	55793	50000000	35931630.5	4993202.38	35756661.1	34949842.82	99.513	97.2676228	-806818.28	7/31/2026	Model2501	100	LMMSOFRFLAT	RFRSwap	5.529989	5.094546	4.573589325	-0.6959293	0.044676784	 16,053 	0.1565	0.2298	0.4577	1.0348	1.6474	0.9879	0.0758	6.7848	10.0769	78.7089	78.73757	0.71863261	7.2347	5.562	47	195988.4219	NA	NA	0.7611	0.00802321	7.7329201	1.6597	0.01731595	6.6456795	3.39	0.034480605	4.02784774	5.3375	0.049606044	-4.7456929	5.933	0.052112278	-9.84956329	6.3176	0.052181304	-15.08745061
HTM	612660	3622ACCL2	Agency MBS 30yr	A-3-Q	GOVERNMENT NATIONAL MORTGAGE A	0.73636977	5	55885	37506352	27618543.8	4017381.6	27964554.14	26890961.68	101.2528	97.3656029	-1073592.46	7/31/2026	Model2501	100	LMMSOFRFLAT	RFRSwap	5.500236	4.776664	4.643973351	-0.6343148	0.045409825	 12,542 	0.1517	0.2228	0.4586	1.0336	1.6801	1.0356	0.0761	6.991	9.5703	77.9049	73.96474	0.73636977	6.9798	5.541	45	152932.6875	NA	NA	0.7175	0.007599857	8.14074781	1.8411	0.019282227	6.95019783	3.536	0.036039118	4.13870051	5.3444	0.049700495	-4.78751936	5.8814	0.051702466	-9.87338684	6.2422	0.051637493	-15.05961617
HTM	613501	3622ACCM0	Agency MBS 30yr	A-3-Q	GOVERNMENT NATIONAL MORTGAGE A	0.71584727	5	55885	70393169	50390757.86	7796178.21	50862969.66	49058101.75	100.9371	97.3553561	-1804867.91	7/31/2026	Model2501	100	LMMSOFRFLAT	RFRSwap	5.499038	4.834888	4.572492599	-0.7762094	0.044706188	 22,528 	0.1562	0.2367	0.4637	1.0127	1.6263	1.0166	0.0789	6.8955	9.5886	73.1452	74.21415	0.71584727	7.7431	5.569	45	196533.2344	NA	NA	0.6737	0.007076667	7.26933265	1.4219	0.014808045	6.36911113	3.2522	0.0330888	3.97143551	5.3847	0.050075881	-4.77526243	5.9889	0.052609093	-9.928329	6.3615	0.052521959	-15.20966687
AFS	614580	3622ACCX6	Agency MBS 30yr	A-3-Q	GOVERNMENT NATIONAL MORTGAGE A	0.71976555	5	55793	50000000	35988277.5	5075031.88	36211377.21	34976128.5	100.6199	97.1875592	-1235248.72	7/31/2026	Model2501	100	LMMSOFRFLAT	RFRSwap	5.547107	4.88661	4.552401543	-0.6752758	0.044433363	 15,991 	0.1578	0.2298	0.4586	1.0261	1.6344	0.9859	0.0752	6.7546	10.1105	81.7869	80.34614	0.71976555	7.5912	5.594	47	174995.4531	NA	NA	0.7007	0.007381666	7.74893124	1.6939	0.017661687	6.66121289	3.3999	0.034550559	4.0173933	5.2812	0.049060877	-4.70725535	5.8484	0.0513831	-9.74519235	6.2355	0.051562045	-14.91274868
HTM	613736	3622ACDB3	Agency MBS 30yr	A-3-Q	GOVERNMENT NATIONAL MORTGAGE A	0.71469373	5	55885	54915646	39247867.88	5497262.86	39536955.4	38455449.89	100.7366	97.980991	-1081505.51	7/31/2026	Model2501	100	LMMSOFRFLAT	RFRSwap	5.374859	4.873396	4.70902586	-0.5329977	0.046335708	 18,186 	0.1406	0.2195	0.4676	1.1067	1.7294	0.9938	0.0653	7.1404	9.4574	66.3582	61.88496	0.71469373	7.7551	5.508	48	215341.2656	NA	NA	0.6981	0.007470405	8.61780286	2.0104	0.02126066	7.35366136	3.7262	0.038264759	4.29319218	5.3424	0.049981348	-4.84223692	5.8524	0.05176622	-9.94541071	6.1848	0.051502131	-15.12492782
HTM	612892	3622ACDC1	Agency MBS 30yr	A-3-Q	GOVERNMENT NATIONAL MORTGAGE A	0.72481984	5	55854	53036443	38441866.13	3290761.09	38688124.76	37467591.09	100.6406	97.4655886	-1220533.67	7/31/2026	Model2501	100	LMMSOFRFLAT	RFRSwap	5.428532	4.907036	5.132085323	-0.7966945	0.050234005	 19,311 	0.1268	0.2029	0.4317	1.0338	1.959	1.2997	0.0959	7.9496	7.5836	63.2043	62.6931	0.72481984	7.3961	5.534	47	381479.3125	NA	NA	0.5393	0.005724424	8.27136722	1.6534	0.017399132	7.35172439	3.7463	0.03835959	4.51163835	5.9753	0.055305567	-5.32590383	6.4852	0.056381155	-10.94394782	6.642	0.054061774	-16.48820341
HTM	614650	3622ACDD9	Agency MBS 30yr	A-3-Q	GOVERNMENT NATIONAL MORTGAGE A	0.66891683	5	55763	53790176	35981154.02	5592621.74	36261034.69	34948726.51	100.7779	97.1306437	-1312308.18	7/31/2026	Model2501	100	LMMSOFRFLAT	RFRSwap	5.582976	4.848022	4.395418644	-0.6950401	0.042876124	 15,427 	0.1707	0.235	0.4488	0.9927	1.5577	0.9302	0.0763	6.4388	10.8917	84.1741	85.14951	0.66891683	9.5031	5.584	48	222480.2031	NA	NA	0.7295	0.007652963	7.35943161	1.5676	0.016285753	6.34252404	3.2472	0.03292723	3.85541139	5.1457	0.047845077	-4.5674693	5.7303	0.050453749	-9.49932896	6.0979	0.050595533	-14.57583785
HTM	614101	3622ACDE7	Agency MBS 30yr	A-3-Q	GOVERNMENT NATIONAL MORTGAGE A	0.66020586	5	55763	53589233	35379925.66	5165956.95	35655272.65	34372794.36	100.7783	97.1533821	-1282478.28	7/31/2026	Model2501	100	LMMSOFRFLAT	RFRSwap	5.559608	4.855006	4.513251781	-0.718114	0.044035818	 15,580 	0.1599	0.2335	0.4587	1.0216	1.6108	0.969	0.0764	6.67	10.2844	81.0828	82.00939	0.66020586	9.8294	5.572	48	222984.0156	NA	NA	0.6344	0.006659947	7.41534055	1.5423	0.016046034	6.47252328	3.3173	0.033678677	3.95508918	5.2905	0.049136899	-4.69181639	5.8939	0.051756985	-9.75547105	6.2704	0.051801726	-14.95719975
AFS	613991	3622ACQD5	Agency MBS 30yr	A-3-Q	GOVERNMENT NATIONAL MORTGAGE A	0.87975243	5	56097	28114974	24734216.7	1497257.53	24604814.41	24158722.26	99.4768	97.6732862	-446092.14	7/31/2026	Model2501	100	LMMSOFRFLAT	RFRSwap	5.417433	5.097455	4.774404049	-0.6772993	0.046832107	 11,584 	0.1347	0.2284	0.4789	1.1116	1.7242	1.0272	0.0844	7.3618	9.1553	64.3605	65.9044	0.87975243	2.898	5.563	38	264458.9375	NA	NA	0.6616	0.007011588	7.88594127	1.5683	0.016473861	6.95004732	3.5717	0.0365532	4.25057308	5.5348	0.051548913	-4.95406643	6.122	0.053782113	-10.23970675	6.4577	0.053260911	-15.61378895
AFS	613012	3622ACTV2	Agency MBS 30yr	A-3-Q	GOVERNMENT NATIONAL MORTGAGE A	0.7071431	4.5	55732	16733925	11833279.6	2091656.96	11553260.63	11179822.45	97.6336	94.4778018	-373438.18	7/31/2026	Model2501	100	LMMSOFRFLAT	RFRSwap	5.524648	4.925635	5.199578762	-0.3368599	0.049319461	 5,836 	0.1287	0.1857	0.4161	1.0886	1.9924	1.288	0.1115	7.3948	9.1125	88.9106	76.36871	0.7071431	10.34	5.124	48	121157.2344	NA	NA	1.6146	0.017114775	11.14855401	3.191	0.033033289	8.6680463	4.4524	0.044335272	4.72358167	5.7169	0.051340722	-5.04805022	6.1823	0.052310042	-10.24046516	6.5096	0.051684722	-15.45487516
AFS	614420	3622ACTW0	Agency MBS 30yr	A-3-Q	GOVERNMENT NATIONAL MORTGAGE A	0.76588308	4.5	55763	11382873	8717949.83	1074010.42	8487854.5	8222131.73	97.3607	94.3126754	-265722.77	7/31/2026	Model2501	100	LMMSOFRFLAT	RFRSwap	5.574244	4.983163	5.083397865	-0.4645428	0.048133511	 4,196 	0.131	0.1927	0.4341	1.078	1.9173	1.2366	0.1074	7.1878	9.3506	90.3014	82.11996	0.76588308	7.6862	5.111	47	163558.1719	NA	NA	1.1017	0.011531586	9.98399988	2.705	0.027805457	8.10413049	4.2033	0.041708563	4.53993441	5.7052	0.051177062	-4.98494125	6.2242	0.052592989	-10.18958998	6.5358	0.051802438	-15.42842934
AFS	614349	3622ACVK3	Agency MBS 30yr	A-3-Q	GOVERNMENT NATIONAL MORTGAGE A	0.72246063	5	55854	21375332	15442835.82	2367297.31	15276003.99	15131035.44	98.9197	97.9809383	-144968.56	7/31/2026	Model2501	100	LMMSOFRFLAT	RFRSwap	5.375876	5.201439	4.660722733	-0.6108233	0.045860395	 7,082 	0.1429	0.2268	0.4745	1.0992	1.6897	0.975	0.0674	7.0989	9.5734	64.3122	62.1882	0.72246063	9.7637	5.495	46	255790.125	NA	NA	0.5605	0.005967602	8.06980475	1.7538	0.018494926	7.06054951	3.5978	0.036914703	4.20588742	5.3536	0.050094225	-4.82596693	5.9162	0.052317668	-9.96574893	6.2604	0.052083019	-15.20358002
AFS	613539	3622ACW63	Agency MBS 30yr	A-3-Q	GOVERNMENT NATIONAL MORTGAGE A	0.82061561	5	56005	68094123	55879100.28	7192358.78	55490331.78	54578982.49	99.3043	97.673338	-911349.29	7/31/2026	Model2501	100	LMMSOFRFLAT	RFRSwap	5.412171	5.126515	4.811885834	-0.7047545	0.047199789	 26,375 	0.1295	0.2305	0.4893	1.1297	1.7424	1.0277	0.0786	7.4176	8.9539	63.6444	65.63625	0.82061561	5.7433	5.564	41	267359.2188	NA	NA	0.5467	0.005784193	7.71145844	1.4682	0.015414623	6.90312887	3.5545	0.03638256	4.26568982	5.5935	0.052069575	-5.00006462	6.197	0.054378133	-10.34047558	6.5529	0.053938016	-15.77778559
HTM	883874	3622ACW97	Agency MBS 30yr	A-3-Q	GOVERNMENT NATIONAL MORTGAGE A	0.63490577	5.5	56128	25000000	15872644.25	0	16074978.02	15996077.92	101.2747	100.7776503	-78900.1	7/31/2026	Model2501	100	LMMSOFRFLAT	RFRSwap	5.36132	5.268711	3.9070611	-1.232182	0.039553516	 6,278 	0.1929	0.2849	0.4779	0.9314	1.2591	0.7449	0.0364	6.6179	10.5072	48.1727	60.96888	0.63490577	14.5198	6.11	38	178169.4531	NA	NA	0.5747	0.006108251	5.04296956	0.6466	0.006840163	4.5481429	2.1332	0.022272905	3.17634924	4.9766	0.048168488	-4.44554958	5.7103	0.05238292	-9.50130559	6.23	0.053825624	-14.83884802
AFS	613419	3622ACXN5	Agency MBS 30yr	A-3-Q	GOVERNMENT NATIONAL MORTGAGE A	0.74140042	4.5	55975	51836341	38431484.99	4796650.61	37383615.03	36110096.2	97.2734	93.9596693	-1273518.82	7/31/2026	Model2501	100	LMMSOFRFLAT	RFRSwap	5.637886	4.996737	5.138896942	-0.6040282	0.048477612	 18,631 	0.1255	0.1963	0.4375	1.0863	1.9208	1.2559	0.1323	7.2054	9.494	91.1361	89.14236	0.74140042	9.1531	5.142	42	202006.6562	NA	NA	0.7915	0.008193898	9.19524095	2.2828	0.023312872	7.78793104	4.0964	0.040488519	4.50384041	5.8858	0.052534424	-5.07804781	6.4868	0.054418012	-10.44472281	6.8229	0.053539392	-15.86397656
HTM	883836	3622AD4N5	Agency MBS 30yr	A-3-Q	GOVERNMENT NATIONAL MORTGAGE A	0.87869564	5.5	56735	15000000	13180434.6	0	13282352.18	13202554.11	100.7732	100.1678208	-79798.07	7/31/2026	Model2501	100	LMMSOFRFLAT	RFRSwap	5.476005	5.361748	4.010002136	-1.234304	0.040351111	 5,318 	0.1924	0.2759	0.4551	0.9249	1.2894	0.8153	0.0805	6.7566	10.6628	58.4844	71.76126	0.87869564	12.019	5.993	19	224367.4688	NA	NA	0.5912	0.006253776	5.15566751	0.6491	0.006835078	4.66867421	2.2189	0.023051715	3.26085358	5.1138	0.049143407	-4.52714279	5.9082	0.053720877	-9.69953256	6.4118	0.054798197	-15.16121796
HTM	883718	3622AD6A1	Agency MBS 30yr	A-3-Q	GOVERNMENT NATIONAL MORTGAGE A	0.97829695	5.5	56796	45526246	44538187.61	0	45717472.46	45494943.5	102.6478	102.1481698	-222528.96	7/31/2026	Model2501	100	LMMSOFRFLAT	RFRSwap	5.17777	5.100749	4.58471632	-1.119635	0.047042172	 20,952 	0.1257	0.2763	0.5346	1.1626	1.5746	0.8756	0.0601	8.114	8.2825	26.391	38.04015	0.97829695	1.3808	6.033	13	238790.6875	NA	NA	0.3527	0.003829572	5.96525679	0.6021	0.006519753	5.67199625	2.7821	0.029651079	3.97095578	5.6391	0.054951575	-5.15923603	6.3258	0.058052368	-10.83537835	6.7402	0.057925303	-16.66633966
AFS	674735	3622AD6P8	Agency MBS 30yr	A-3-Q	GOVERNMENT NATIONAL MORTGAGE A	0.9191671	5	56858	25000000	22979177.5	2024295.79	23022146.25	22384952.49	100.187	97.4140719	-637193.76	7/31/2026	Model2501	100	LMMSOFRFLAT	RFRSwap	5.452026	4.976837	5.061141968	-0.8925851	0.049513526	 11,378 	0.133	0.2316	0.4613	1.0621	1.7749	1.2483	0.1717	7.911	8.7433	63.6456	66.37036	0.9191671	8.3745	5.57	13	188899.1406	NA	NA	0.6437	0.006809852	7.96147677	1.5603	0.016354138	6.98180547	3.5327	0.036106102	4.37328406	6.0469	0.055943564	-5.31498884	6.7483	0.058549836	-11.06862136	7.1204	0.057620402	-16.90769196
AFS	674747	3622AD6Q6	Agency MBS 30yr	A-3-Q	GOVERNMENT NATIONAL MORTGAGE A	0.94657376	5	56309	16146562	15283911.9	863997.99	15306595.97	14950213.64	100.1484	97.8166698	-356382.33	7/31/2026	Model2501	100	LMMSOFRFLAT	RFRSwap	5.369361	4.985773	5.111719131	-0.735525	0.050214119	 7,675 	0.112	0.2155	0.4876	1.1716	1.8743	1.1601	0.1089	8.0418	8.1726	57.3989	58.66421	0.94657376	4.945	5.513	31	263621.9375	NA	NA	0.5215	0.005556511	8.31204457	1.6173	0.017093917	7.46131906	3.8256	0.039325006	4.5600837	5.9275	0.055083267	-5.30451601	6.5451	0.057133831	-10.94093161	6.8619	0.056001123	-16.62148099
HTM	883827	3622AD7D4	Agency MBS 30yr	A-3-Q	GOVERNMENT NATIONAL MORTGAGE A	0.93284802	5.5	56858	50380536	46997383.25	0	47427387.22	47134125.95	100.915	100.2909581	-293261.27	7/31/2026	Model2501	100	LMMSOFRFLAT	RFRSwap	5.463926	5.358235	4.309174061	-1.406738	0.043414623	 20,404 	0.169	0.2795	0.484	1.0154	1.4007	0.8937	0.0951	7.4655	9.4147	52.2039	69.22124	0.93284802	6.8641	6.083	12	232148.4375	NA	NA	0.6123	0.006499202	5.40171902	0.6628	0.007001927	4.88900893	2.2797	0.023757005	3.46013531	5.5308	0.053018734	-4.88820682	6.3694	0.057515495	-10.4489563	6.8812	0.058130156	-16.27204233
HTM	883816	3622ADR59	Agency MBS 30yr	A-3-Q	GOVERNMENT NATIONAL MORTGAGE A	0.89072194	5.5	56646	28411667	25306895.15	0	25500833.78	25347619.86	100.7663	100.1609234	-153213.92	7/31/2026	Model2501	100	LMMSOFRFLAT	RFRSwap	5.478918	5.366746	4.192929268	-1.082212	0.042188942	 10,677 	0.1768	0.2674	0.4702	0.9841	1.3826	0.8517	0.0816	6.9819	10.3516	62.0284	71.93381	0.89072194	6.6386	6.005	21	202926.0625	NA	NA	0.6027	0.00641394	5.80607908	0.8449	0.008942462	5.21982567	2.5289	0.026336452	3.52189341	5.2049	0.049949151	-4.65303127	5.9557	0.05404349	-9.87699718	6.4521	0.055009078	-15.36181236
AFS	816195	3622ADRK6	Agency MBS 30yr	A-3-Q	GOVERNMENT NATIONAL MORTGAGE A	0.85409622	5	54820	18478817	15782687.75	373380.59	15953433.55	15497069.63	101.0819	98.1903075	-456363.91	7/31/2026	Model2501	100	LMMSOFRFLAT	RFRSwap	5.351337	4.799081	4.695245743	-0.481748	0.0462984	 7,307 	0.145	0.2025	0.4157	1.0944	1.8953	0.9615	-0.0082	6.7334	8.9081	73.6595	61.97211	0.85409622	7.8917	5.415	98	182346.875	NA	NA	1.3947	0.015113859	9.76018239	2.5725	0.027349129	7.70567785	3.8186	0.03930591	4.32633266	5.2623	0.049359232	-4.80863582	5.671	0.050355025	-9.81265863	5.838	0.048928175	-14.79745473
HTM	876922	3622ADV47	Agency MBS 30yr	A-3-Q	GOVERNMENT NATIONAL MORTGAGE A	0.87075035	5.5	56705	45000000	39183765.75	0	39716814.74	39313241.53	101.3604	100.3304322	-403573.22	7/31/2026	Model2501	100	LMMSOFRFLAT	RFRSwap	5.453915	5.275006	4.121095657	-1.448507	0.041536015	 16,275 	0.1826	0.2876	0.48	0.9678	1.3113	0.8388	0.0807	7.1518	9.8145	50.6075	69.01817	0.87075035	9.3582	6.094	17	256720.1406	NA	NA	0.5099	0.005377728	4.66914477	0.3811	0.00400719	4.37021216	2.0266	0.021082122	3.23868749	5.3546	0.051442709	-4.71651996	6.2015	0.056220047	-10.13364165	6.7203	0.057087082	-15.8411434
HTM	883723	3622ADVM7	Agency MBS 30yr	A-3-Q	GOVERNMENT NATIONAL MORTGAGE A	0.82641966	5.5	56705	90173684	74521305.27	0	75128114.08	74676946.89	100.8143	100.2088552	-451167.19	7/31/2026	Model2501	100	LMMSOFRFLAT	RFRSwap	5.473952	5.366564	4.149460316	-1.376577	0.041771449	 31,129 	0.1815	0.2804	0.4706	0.9686	1.3479	0.8471	0.0795	7.0912	9.9487	54.7404	71.32681	0.82641966	13.0509	6.069	20	265722.625	NA	NA	0.6312	0.006671027	5.02162955	0.5177	0.005448577	4.58702023	2.1508	0.022363018	3.30848303	5.3449	0.05128485	-4.71534562	6.188	0.056035012	-10.11308691	6.7172	0.057003491	-15.80549781
HTM	876911	3622ADW95	Agency MBS 30yr	A-3-Q	GOVERNMENT NATIONAL MORTGAGE A	0.87770771	5.5	56735	55216509	48463955.67	0	49111183.52	48612220.82	101.3355	100.3059287	-498962.7	7/31/2026	Model2501	100	LMMSOFRFLAT	RFRSwap	5.460434	5.285206	4.117681503	-1.559873	0.041491512	 20,108 	0.1823	0.2914	0.4832	0.9725	1.2999	0.8357	0.0826	7.2331	9.7382	46.2341	70.06788	0.87770771	9.4681	6.099	16	368074.875	NA	NA	0.6352	0.006686557	4.50647655	0.3095	0.003247762	4.15888379	1.8891	0.01963374	3.16797671	5.4388	0.052214399	-4.76101045	6.3131	0.057132892	-10.26530218	6.831	0.057859264	-16.06300354
HTM	876918	3622ADWH7	Agency MBS 30yr	A-3-Q	GOVERNMENT NATIONAL MORTGAGE A	0.892926	5.5	56735	92351123	82462718.86	0	83455303.63	82620959.37	101.2037	100.1918934	-834344.26	7/31/2026	Model2501	100	LMMSOFRFLAT	RFRSwap	5.479174	5.304804	4.172670364	-1.477552	0.041998025	 34,633 	0.1794	0.2873	0.482	0.9849	1.3404	0.8445	0.0821	7.2147	9.7107	52.7396	71.81963	0.892926	8.1099	6.098	17	278314.6875	NA	NA	0.5674	0.005980093	4.73779193	0.3932	0.004130263	4.39584916	2.0323	0.021118369	3.26493032	5.4289	0.052051239	-4.7720073	6.2948	0.056902464	-10.25378366	6.8265	0.057765745	-16.03041433
HTM	876914	3622ADX52	Agency MBS 30yr	A-3-Q	GOVERNMENT NATIONAL MORTGAGE A	0.91046995	5.5	56735	69514709	63291053.63	0	64147688.16	63495606.45	101.3535	100.3231939	-652081.71	7/31/2026	Model2501	100	LMMSOFRFLAT	RFRSwap	5.456651	5.280038	4.143889427	-1.517658	0.041762751	 26,432 	0.1804	0.2906	0.485	0.9827	1.3215	0.8316	0.0805	7.2289	9.7473	49.2107	69.48998	0.91046995	7.1591	6.111	15	275661.9375	NA	NA	0.5203	0.005482981	4.59997281	0.3571	0.003752641	4.30199317	1.9735	0.02052474	3.22181049	5.4284	0.052121125	-4.76648034	6.3085	0.057103809	-10.26255608	6.8481	0.05801627	-16.06273841
HTM	875395	3622ADX60	Agency MBS 30yr	A-3-Q	GOVERNMENT NATIONAL MORTGAGE A	0.91716496	5.5	56735	54413684	49906324.31	0	50553994.44	50047255.18	101.2978	100.2823908	-506739.26	7/31/2026	Model2501	100	LMMSOFRFLAT	RFRSwap	5.461172	5.282595	4.197228909	-1.307654	0.042283189	 21,102 	0.1789	0.2746	0.471	0.9811	1.3631	0.8689	0.0843	7.1839	9.7595	55.5663	69.20936	0.91716496	6.4952	6.08	16	202468.9531	NA	NA	0.5022	0.005326048	5.32146167	0.6706	0.007081813	4.86468201	2.2917	0.023866104	3.40218356	5.3438	0.051300883	-4.73932048	6.146	0.055695251	-10.11995694	6.6738	0.056703713	-15.77558545
HTM	876926	3622ADXK9	Agency MBS 30yr	A-3-Q	GOVERNMENT NATIONAL MORTGAGE A	0.87742184	5.5	56735	114751909	100685831.1	0	101943771.6	100925788.2	101.2494	100.2383226	-1017983.4	7/31/2026	Model2501	100	LMMSOFRFLAT	RFRSwap	5.468512	5.289631	4.130815029	-1.434109	0.041595925	 41,881 	0.1832	0.2811	0.4674	0.962	1.328	0.8486	0.0877	7.1029	10.0128	53.0746	70.55819	0.87742184	9.4775	6.027	15	265632.5312	NA	NA	0.6325	0.006685694	5.00360463	0.5511	0.005799633	4.53905553	2.1044	0.021878539	3.27018099	5.3734	0.051571418	-4.7218683	6.243	0.056520842	-10.16175162	6.7681	0.057391714	-15.89966764
HTM	883730	3622ADXU7	Agency MBS 30yr	A-3-Q	GOVERNMENT NATIONAL MORTGAGE A	0.85796848	5.5	56735	42623652	36569749.92	0	36997101.35	36775745.09	101.1686	100.5632939	-221356.26	7/31/2026	Model2501	100	LMMSOFRFLAT	RFRSwap	5.402814	5.290586	4.165388584	-1.036369	0.04207943	 15,388 	0.1805	0.2641	0.4657	0.972	1.37	0.8554	0.0773	6.9454	10.3638	58.0101	63.70852	0.85796848	11.1539	6.077	18	133236.7344	NA	NA	0.5389	0.005776395	6.16228511	1.073	0.011422731	5.43732581	2.6069	0.027260277	3.54804561	5.1163	0.04932322	-4.61748035	5.7936	0.052878179	-9.75175014	6.3039	0.054148104	-15.12496053
HTM	875411	3622ADXV5	Agency MBS 30yr	A-3-Q	GOVERNMENT NATIONAL MORTGAGE A	0.89424418	5.5	56766	52721707	47146079.64	0	47881826.48	47401705.55	101.5606	100.5421997	-480120.94	7/31/2026	Model2501	100	LMMSOFRFLAT	RFRSwap	5.416609	5.240139	4.255169392	-1.270623	0.042977437	 20,262 	0.173	0.2742	0.4797	0.9922	1.3862	0.8854	0.0891	7.3146	9.6466	51.803	64.12691	0.89424418	8.665	6.069	15	190664	NA	NA	0.4567	0.004864462	5.50701969	0.7308	0.007749694	5.03737838	2.3803	0.024871795	3.48903108	5.387	0.051824037	-4.7976976	6.1796	0.056095898	-10.22513371	6.6911	0.056934059	-15.91133321
HTM	883901	3622ADYA0	Agency MBS 30yr	A-3-Q	GOVERNMENT NATIONAL MORTGAGE A	0.87971719	5.5	56735	30000000	26391515.7	0	26635903.22	26476131.97	100.926	100.3206192	-159771.25	7/31/2026	Model2501	100	LMMSOFRFLAT	RFRSwap	5.451188	5.341297	4.157039165	-1.228676	0.041894209	 11,057 	0.1817	0.2743	0.4684	0.9646	1.3555	0.8517	0.0842	7.0453	10.1593	56.8157	68.69141	0.87971719	10.0153	6.026	17	193284.0625	NA	NA	0.4937	0.005242516	5.41838643	0.7251	0.00766589	4.93705036	2.3461	0.024443699	3.41079409	5.2594	0.050544973	-4.67552027	6.0487	0.054922476	-9.97835172	6.5646	0.055944934	-15.55621393
HTM	880350	3622ADYB8	Agency MBS 30yr	A-3-Q	GOVERNMENT NATIONAL MORTGAGE A	0.85375513	5.5	56735	58831703	50227868.24	0	50542454.67	50381778.44	100.6263	100.3064239	-160676.23	7/31/2026	Model2501	100	LMMSOFRFLAT	RFRSwap	5.456488	5.399664	4.118202209	-1.406803	0.041496962	 20,843 	0.1836	0.2871	0.4821	0.9713	1.2971	0.8368	0.0857	7.0588	10.141	51.1083	69.85789	0.85375513	12.4983	6.142	16	246839.7188	NA	NA	0.6513	0.006895841	5.10705333	0.6116	0.00644392	4.59209562	2.1247	0.022104679	3.27100244	5.3406	0.051301561	-4.70516074	6.1972	0.05617924	-10.11163762	6.7511	0.057341017	-15.8287022
HTM	874347	3622ADYC6	Agency MBS 30yr	A-3-Q	GOVERNMENT NATIONAL MORTGAGE A	0.87978403	5.5	56766	61184033	53828735.12	0	54497146.25	53926679.79	101.2417	100.1819561	-570466.46	7/31/2026	Model2501	100	LMMSOFRFLAT	RFRSwap	5.480749	5.297825	4.23740387	-1.402651	0.042645354	 22,955 	0.1758	0.2814	0.4755	0.9905	1.3846	0.8725	0.0864	7.3022	9.6344	54.524	71.59581	0.87978403	10.0203	6.018	15	294336.0938	NA	NA	0.6316	0.006675505	5.05837427	0.498	0.005242493	4.63460896	2.1678	0.022548389	3.3733892	5.4443	0.052174773	-4.80593187	6.2788	0.05673217	-10.28510423	6.7656	0.057246018	-16.02649954
HTM	883892	3622ADYT9	Agency MBS 30yr	A-3-Q	GOVERNMENT NATIONAL MORTGAGE A	0.91821042	5.5	56766	58690520	53890247.02	0	54303256.75	53976978.09	100.7664	100.1609402	-326278.66	7/31/2026	Model2501	100	LMMSOFRFLAT	RFRSwap	5.483839	5.378083	4.327973366	-1.22291	0.043547753	 23,468 	0.1692	0.2685	0.4743	1.0061	1.439	0.9042	0.0915	7.3629	9.5703	59.0589	71.25757	0.91821042	6.4146	6.06	15	201883.125	NA	NA	0.543	0.005773995	5.71359189	0.7762	0.008212867	5.18445169	2.4748	0.025784917	3.56996366	5.4251	0.051965576	-4.83151471	6.1891	0.055926081	-10.25677338	6.6536	0.056364488	-15.90664366
HTM	883712	3622ADYW2	Agency MBS 30yr	A-3-Q	GOVERNMENT NATIONAL MORTGAGE A	0.89296987	5.5	56766	75359392	67293666.48	0	67893085.28	67494018.77	100.8908	100.2977283	-399066.51	7/31/2026	Model2501	100	LMMSOFRFLAT	RFRSwap	5.45768	5.352233	4.263366222	-1.20975	0.042955998	 28,907 	0.1755	0.2689	0.466	0.9911	1.4184	0.8818	0.086	7.2233	9.7015	58.0807	68.6673	0.89296987	8.7766	6.057	16	178648.7188	NA	NA	0.6125	0.006529282	5.84635102	0.8826	0.009352356	5.2071377	2.4682	0.025738781	3.52653101	5.3457	0.051312126	-4.76816347	6.118	0.055442013	-10.13497213	6.6463	0.056488361	-15.76343568
HTM	883906	3622ADZ35	Agency MBS 30yr	A-3-Q	GOVERNMENT NATIONAL MORTGAGE A	0.94947187	5.5	56796	51288911	48697378.24	0	49159519.42	48855657.38	100.949	100.325026	-303862.04	7/31/2026	Model2501	100	LMMSOFRFLAT	RFRSwap	5.454125	5.344581	4.253662586	-1.27636	0.04286984	 20,876 	0.1738	0.2738	0.4794	1.0001	1.3718	0.8832	0.0963	7.2484	9.8999	54.1868	68.68648	0.94947187	3.8765	6.116	14	205178.1094	NA	NA	0.6218	0.006623636	5.73819214	0.8485	0.008984929	5.10703427	2.4048	0.025075566	3.48845698	5.394	0.051778276	-4.79087762	6.1938	0.056095526	-10.2157388	6.7083	0.056939054	-15.9043361
HTM	875406	3622ADZA9	Agency MBS 30yr	A-3-Q	GOVERNMENT NATIONAL MORTGAGE A	0.86460703	5.5	56766	50000000	43230351.5	0	43846331.47	43410961.47	101.4249	100.4177851	-435370	7/31/2026	Model2501	100	LMMSOFRFLAT	RFRSwap	5.436289	5.258425	4.188572407	-1.333494	0.042252693	 18,266 	0.1809	0.2785	0.4684	0.9664	1.3601	0.8698	0.09	7.2031	9.7717	53.4545	66.40518	0.86460703	11.4594	6.014	14	206051.6875	NA	NA	0.5078	0.00538872	5.23391878	0.6361	0.006721939	4.79296889	2.2461	0.023417331	3.37950262	5.363	0.051552694	-4.75009518	6.1908	0.056155786	-10.16784794	6.7172	0.057102587	-15.86714292
HTM	875408	3622ADZB7	Agency MBS 30yr	A-3-Q	GOVERNMENT NATIONAL MORTGAGE A	0.90343492	5.5	56766	50000000	45171746	0	45735592.99	45288003.17	101.2482	100.257367	-447589.82	7/31/2026	Model2501	100	LMMSOFRFLAT	RFRSwap	5.465335	5.290464	4.241900921	-1.2902	0.042722601	 19,299 	0.1771	0.2747	0.4693	0.9904	1.3938	0.8734	0.0886	7.2219	9.8328	56.187	69.90273	0.90343492	7.8024	6.051	15	230993.4688	NA	NA	0.6695	0.007114558	5.54574228	0.7356	0.007774395	4.96663532	2.3438	0.02441504	3.45431752	5.3893	0.051703278	-4.77923584	6.2013	0.056130711	-10.20193447	6.7099	0.056916397	-15.89173226
HTM	868176	3622ADZC5	Agency MBS 30yr	A-3-Q	GOVERNMENT NATIONAL MORTGAGE A	0.93936956	5.5	56766	70000000	65755869.2	0	66663397.85	65890903.74	101.3801	100.2053574	-772494.1	7/31/2026	Model2501	100	LMMSOFRFLAT	RFRSwap	5.476492	5.273628	4.250650883	-1.395002	0.042788621	 28,136 	0.1752	0.2797	0.4753	0.9968	1.3864	0.8747	0.0898	7.3188	9.6344	54.7997	71.04426	0.93936956	4.4254	6.03	15	254972.2656	NA	NA	0.5955	0.006301272	5.14844429	0.5454	0.005747312	4.71651672	2.2087	0.022983771	3.39540626	5.457	0.05230223	-4.81917751	6.3015	0.056934711	-10.31315142	6.8243	0.057718318	-16.08652433
HTM	883908	3622ADZJ0	Agency MBS 30yr	A-3-Q	GOVERNMENT NATIONAL MORTGAGE A	0.88203054	5.5	56674	52699621	46482675.17	0	46933771.54	46652379.6	100.9705	100.3650918	-281391.94	7/31/2026	Model2501	100	LMMSOFRFLAT	RFRSwap	5.444345	5.335689	4.190874577	-1.254594	0.042253833	 19,641 	0.1782	0.2731	0.4692	0.9732	1.3797	0.8602	0.0816	7.1321	9.9487	55.443	67.7909	0.88203054	9.7783	6.014	19	206673.0781	NA	NA	0.5134	0.0054492	5.31788504	0.6379	0.0067438	4.88896271	2.3276	0.024265215	3.42528644	5.3179	0.051105183	-4.72271196	6.1285	0.055607378	-10.0876486	6.6526	0.056606185	-15.73478252
HTM	875400	3622ADZV3	Agency MBS 30yr	A-3-Q	GOVERNMENT NATIONAL MORTGAGE A	0.92238186	5.5	56766	34630858	31942875.22	0	32360706.7	32035813.62	101.3081	100.2909519	-324893.08	7/31/2026	Model2501	100	LMMSOFRFLAT	RFRSwap	5.461897	5.286841	4.281313896	-1.335194	0.043133933	 13,778 	0.1725	0.2762	0.4808	1.0035	1.3869	0.8928	0.0948	7.3091	9.7168	53.3218	69.50854	0.92238186	6.6067	6.121	14	230374.2812	NA	NA	0.6287	0.006690137	5.657081	0.8051	0.008518245	5.04869254	2.3624	0.024623871	3.48115501	5.4559	0.052329078	-4.83604741	6.2638	0.056644086	-10.31779271	6.764	0.057288788	-16.0531229
HTM	883921	3622AEBJ4	Agency MBS 30yr	A-3-Q	GOVERNMENT NATIONAL MORTGAGE A	0.96148891	5.5	56888	50203711	48270311.37	0	48647730.32	48355472.8	100.7819	100.1764261	-292257.52	7/31/2026	Model2501	100	LMMSOFRFLAT	RFRSwap	5.48187	5.377101	4.176623821	-1.524956	0.042031355	 20,289 	0.1828	0.2911	0.4762	0.9651	1.3306	0.8635	0.0956	7.2731	9.6191	53.3236	71.56281	0.96148891	3.9149	6.017	11	258885.2812	NA	NA	0.5621	0.005930131	4.85678637	0.4985	0.005238038	4.44949153	2.03	0.021089638	3.25434521	5.456	0.052293688	-4.78884135	6.3217	0.057109773	-10.29619678	6.8357	0.057796855	-16.08365931
AFS	712767	3622AEBK1	Agency MBS 30yr	A-3-Q	GOVERNMENT NATIONAL MORTGAGE A	0.96694821	5	56888	40000000	38677928.4	1276703.08	38801158.02	37593248.21	100.3186	97.1956094	-1207909.8	7/31/2026	Model2501	100	LMMSOFRFLAT	RFRSwap	5.469138	4.959644	5.273921013	-0.8858644	0.051479943	 19,911 	0.1192	0.2162	0.4586	1.0964	1.8982	1.3272	0.1809	8.3551	8.0444	63.7082	66.95547	0.96694821	3.0456	5.51	13	222916.5469	NA	NA	0.6343	0.006713347	8.22296225	1.5557	0.016320914	7.29866543	3.725	0.038065732	4.57651821	6.2403	0.057483286	-5.49594481	6.8785	0.05932121	-11.37078115	7.1369	0.057366077	-17.23262803
AFS	772898	3622AEBY1	Agency MBS 30yr	A-3-Q	GOVERNMENT NATIONAL MORTGAGE A	0.95412162	5	56888	51605604	49238022.49	1704288.45	49673840.77	47986995.37	100.8851	97.4592255	-1686845.4	7/31/2026	Model2501	100	LMMSOFRFLAT	RFRSwap	5.429742	4.867999	5.159302711	-0.9236584	0.050497133	 24,864 	0.1202	0.2305	0.4796	1.1145	1.8145	1.2521	0.1713	8.1316	8.2947	58.3802	63.66429	0.95412162	4.792	5.629	13	218343.5	NA	NA	0.6078	0.006428714	7.8914166	1.4618	0.015331975	7.00973215	3.5542	0.036365911	4.4424992	6.1664	0.057011444	-5.42134582	6.8663	0.059461463	-11.27668789	7.2041	0.058130041	-17.18612349
AFS	772908	3622AECK0	Agency MBS 30yr	A-3-Q	GOVERNMENT NATIONAL MORTGAGE A	0.97325802	5	56919	59425898	57836731.82	1368189.66	58299259	56247764.67	100.7997	97.2526678	-2051494.33	7/31/2026	Model2501	100	LMMSOFRFLAT	RFRSwap	5.46751	4.880435	5.094129086	-1.056269	0.04975402	 28,776 	0.1276	0.2433	0.4781	1.0818	1.7707	1.2451	0.1732	8.0214	8.4106	59.9726	68.04449	0.97325802	2.6586	5.564	11	254913.3125	NA	NA	0.5625	0.00589883	7.19078802	1.1486	0.011967388	6.52107356	3.3114	0.033761807	4.28577901	6.1985	0.05719427	-5.39744263	6.9523	0.060048848	-11.29629466	7.3006	0.058698796	-17.26614313
AFS	752472	3622AECS3	Agency MBS 30yr	A-3-Q	GOVERNMENT NATIONAL MORTGAGE A	0.97547465	5	56919	58341974	56911116.67	1278421.73	57207579.35	55498060.76	100.5209	97.5170828	-1709518.59	7/31/2026	Model2501	100	LMMSOFRFLAT	RFRSwap	5.403031	4.931658	5.362866402	-0.95734	0.052520562	 29,890 	0.1105	0.2229	0.4716	1.1186	1.9156	1.3576	0.191	8.6106	7.6599	55.2622	59.568	0.97547465	2.352	5.577	10	211878.6094	NA	NA	0.6345	0.006731167	8.16062766	1.4842	0.015612257	7.2585456	3.6731	0.037668463	4.61934159	6.3984	0.059060369	-5.62884255	7.0768	0.061046742	-11.67041721	7.3801	0.059205681	-17.71024003
AFS	848062	3622AECU8	Agency MBS 30yr	A-3-Q	GOVERNMENT NATIONAL MORTGAGE A	0.96220614	5	56919	35000000	33677214.9	600976.14	33278814.12	32623996.44	98.817	96.8726082	-654817.69	7/31/2026	Model2501	100	LMMSOFRFLAT	RFRSwap	5.523195	5.20077	5.191602707	-1.060715	0.050508726	 17,010 	0.1214	0.2449	0.4813	1.0971	1.8055	1.2771	0.1919	8.1501	8.3191	63.0672	73.93382	0.96220614	4.3637	5.625	9	315984.2188	NA	NA	0.7212	0.00754787	7.37075419	1.1793	0.012251019	6.59575899	3.3585	0.034133855	4.34491539	6.3253	0.058072697	-5.47875003	7.1094	0.061012525	-11.47017353	7.4523	0.059441041	-17.52740994
AFS	773438	3622AEDH6	Agency MBS 30yr	A-3-Q	GOVERNMENT NATIONAL MORTGAGE A	0.97793936	5	56949	51886400	50741752.81	1016890.35	51170777.5	49326568.22	100.8455	97.2110057	-1844209.28	7/31/2026	Model2501	100	LMMSOFRFLAT	RFRSwap	5.474376	4.873187	5.256999016	-0.9463539	0.051322859	 26,042 	0.1219	0.2345	0.4654	1.0881	1.8724	1.3081	0.1919	8.2317	8.4778	62.5831	68.77511	0.97793936	2.4685	5.579	8	209178.1094	NA	NA	0.96	0.010184938	8.47049002	1.7203	0.018035732	7.21581581	3.6224	0.03699955	4.51219484	6.3019	0.058051024	-5.51165106	7.0351	0.060606893	-11.47888234	7.3936	0.059241213	-17.50244405
AFS	731002	3622AEDL7	Agency MBS 30yr	A-3-Q	GOVERNMENT NATIONAL MORTGAGE A	0.97986284	5	56949	61512968	60274271.52	1240244.85	60345929.28	58663875.83	100.1189	97.3282204	-1682053.45	7/31/2026	Model2501	100	LMMSOFRFLAT	RFRSwap	5.449952	4.99089	5.169305325	-1.015231	0.050527316	 30,455 	0.1247	0.2359	0.4734	1.0867	1.7859	1.2925	0.1949	8.1879	8.2733	57.7916	65.28755	0.97986284	2.1172	5.55	9	244588.9375	NA	NA	0.6848	0.007224752	7.76318858	1.3999	0.014645018	6.87202275	3.4805	0.035551742	4.4016628	6.2506	0.057683926	-5.45927778	6.9986	0.060428422	-11.40109571	7.3299	0.058893088	-17.3986231
AFS	772914	3622AEE85	Agency MBS 30yr	A-3-Q	GOVERNMENT NATIONAL MORTGAGE A	0.96609265	5	56949	67759623	65462073.75	2144561.8	66096190.82	63808240.51	100.9687	97.4736009	-2287950.31	7/31/2026	Model2501	100	LMMSOFRFLAT	RFRSwap	5.430381	4.853168	5.167145252	-0.9616184	0.050581321	 33,112 	0.1235	0.2336	0.4748	1.0938	1.8068	1.2741	0.1842	8.1814	8.4137	59.4153	63.69255	0.96609265	4.4622	5.575	9	183848.2812	NA	NA	0.5881	0.006221425	7.90393005	1.4795	0.015518796	7.00243578	3.5395	0.036219496	4.4389485	6.2008	0.057324979	-5.44222073	6.9107	0.059817489	-11.33257597	7.2703	0.058604427	-17.28191058
AFS	772222	3622AEE93	Agency MBS 30yr	A-3-Q	GOVERNMENT NATIONAL MORTGAGE A	0.97778409	5	56949	58274509	56979887.75	1160411.84	57497491.14	55394649.55	100.9084	97.2178987	-2102841.58	7/31/2026	Model2501	100	LMMSOFRFLAT	RFRSwap	5.455946	4.870641	5.292225361	-1.023551	0.051670413	 29,442 	0.1141	0.2354	0.4785	1.1147	1.8618	1.3188	0.1957	8.4382	7.9224	57.4183	65.73763	0.97778409	2.4958	5.584	8	260297.4219	NA	NA	0.7198	0.007592733	7.85074123	1.371	0.014340624	6.96256806	3.5294	0.036045648	4.49487216	6.3825	0.058759045	-5.57149969	7.123	0.061273996	-11.61128491	7.4477	0.059546582	-17.68198843
AFS	772906	3622AEF35	Agency MBS 30yr	A-3-Q	GOVERNMENT NATIONAL MORTGAGE A	0.97965128	5	56980	63635884	62340975.21	945757.28	62868269.34	60660140.33	100.8458	97.303804	-2208129.01	7/31/2026	Model2501	100	LMMSOFRFLAT	RFRSwap	5.459032	4.872921	5.110213757	-1.081168	0.049937248	 31,131 	0.1291	0.2466	0.474	1.071	1.778	1.256	0.183	8.0683	8.5083	58.2344	67.33865	0.97965128	2.7309	5.583	9	258189.6406	NA	NA	0.7477	0.007857378	7.37025276	1.2303	0.01282646	6.5337014	3.2911	0.033571534	4.28660972	6.2354	0.057550486	-5.42380457	7.0051	0.060493469	-11.36387844	7.3652	0.059172276	-17.38033699
AFS	772905	3622AEF43	Agency MBS 30yr	A-3-Q	GOVERNMENT NATIONAL MORTGAGE A	0.9798582	5	56980	54845748	53741055.91	1045542.81	54212892.32	52287073.32	100.878	97.2944659	-1925819.01	7/31/2026	Model2501	100	LMMSOFRFLAT	RFRSwap	5.454569	4.870447	5.173974991	-1.071842	0.050555497	 27,169 	0.1245	0.2447	0.4743	1.0753	1.8093	1.2839	0.1903	8.2447	8.3191	57.806	66.55206	0.9798582	2.6925	5.564	8	235887.6406	NA	NA	0.7012	0.00737494	7.46521834	1.2595	0.013141482	6.62878623	3.3357	0.034043387	4.34529269	6.2872	0.057989039	-5.47764905	7.0368	0.060700074	-11.45014088	7.3867	0.05926438	-17.47947663
AFS	763728	3622AEF76	Agency MBS 30yr	A-3-Q	GOVERNMENT NATIONAL MORTGAGE A	0.97393232	5	56980	66858147	65115310.22	1645073.39	65465068.95	63285029.74	100.5371	97.1891703	-2180039.21	7/31/2026	Model2501	100	LMMSOFRFLAT	RFRSwap	5.471569	4.924643	5.183161736	-1.016812	0.050590683	 32,942 	0.1234	0.2387	0.4719	1.0856	1.8181	1.2846	0.1872	8.2022	8.2428	59.6897	67.91508	0.97393232	3.8606	5.603	10	249060.9219	NA	NA	0.7012	0.007373807	7.56040521	1.2774	0.013330076	6.74462956	3.4215	0.034895856	4.38436491	6.2644	0.05772138	-5.46410188	7.0038	0.060373571	-11.40512615	7.3384	0.058859456	-17.39851189
AFS	772903	3622AEF84	Agency MBS 30yr	A-3-Q	GOVERNMENT NATIONAL MORTGAGE A	0.97575187	5	56980	64142509	62587173.1	1190030.88	63135171.31	60827970.59	100.8756	97.1891964	-2307200.72	7/31/2026	Model2501	100	LMMSOFRFLAT	RFRSwap	5.470954	4.871433	5.148468494	-1.059668	0.050252069	 31,451 	0.1237	0.2438	0.478	1.0917	1.7983	1.2617	0.1791	8.1392	8.2367	58.5955	68.21319	0.97575187	3.4966	5.619	10	272364.25	NA	NA	0.672	0.007047588	7.27640275	1.1492	0.011969794	6.55078951	3.3238	0.033878643	4.32136702	6.2556	0.057652	-5.44558982	7.0139	0.060472045	-11.38838835	7.3566	0.059007235	-17.39541244
AFS	772913	3622AEFC5	Agency MBS 30yr	A-3-Q	GOVERNMENT NATIONAL MORTGAGE A	0.97739466	5	56949	60384997	59019973.61	945507.96	59542530.7	57423288.56	100.8854	97.29467	-2119242.15	7/31/2026	Model2501	100	LMMSOFRFLAT	RFRSwap	5.458275	4.867612	5.173930168	-1.025571	0.050555166	 29,838 	0.1234	0.24	0.4755	1.0921	1.8179	1.2689	0.1821	8.1707	8.3893	59.5505	67.01558	0.97739466	2.5457	5.606	9	229254.0312	NA	NA	0.6894	0.00726303	7.63970231	1.3362	0.013962226	6.77714779	3.4244	0.034961779	4.38391506	6.2596	0.057743806	-5.46302724	7.0084	0.060483586	-11.41020126	7.3694	0.059167083	-17.4240932
AFS	751849	3622AEFE1	Agency MBS 30yr	A-3-Q	GOVERNMENT NATIONAL MORTGAGE A	0.99141898	5	56949	59951500	59437054.98	442908.72	59765133.11	57796492.35	100.552	97.2398319	-1968640.77	7/31/2026	Model2501	100	LMMSOFRFLAT	RFRSwap	5.458328	4.923759	5.214161396	-1.053067	0.050919674	 30,265 	0.1186	0.2397	0.4798	1.1041	1.8267	1.2831	0.1888	8.3081	8.136	57.347	66.46816	0.99141898	0.147	5.588	9	283557.9062	NA	NA	0.6328	0.006648399	7.39977635	1.1733	0.012242184	6.68493626	3.4009	0.03470723	4.39608278	6.3252	0.058283322	-5.51162889	7.0807	0.060995273	-11.51360483	7.4124	0.059368536	-17.56297534
AFS	763730	3622AEFY7	Agency MBS 30yr	A-3-Q	GOVERNMENT NATIONAL MORTGAGE A	0.99254649	5	56980	66230920	65737267.18	418557.35	66029493.15	63910722.1	100.4445	97.2214466	-2118771.04	7/31/2026	Model2501	100	LMMSOFRFLAT	RFRSwap	5.46689	4.939103	5.175136566	-1.062934	0.050529059	 33,216 	0.1219	0.2451	0.4837	1.0917	1.7962	1.2719	0.1912	8.1917	8.3496	58.4267	67.90566	0.99254649	0.1579	5.571	8	277147.75	NA	NA	0.7069	0.007431749	7.48675275	1.2542	0.013081284	6.66135375	3.3726	0.034399103	4.35689248	6.2979	0.058040608	-5.47886179	7.0671	0.060899746	-11.46415156	7.4099	0.059374325	-17.50989772
AFS	772907	3622AEFZ4	Agency MBS 30yr	A-3-Q	GOVERNMENT NATIONAL MORTGAGE A	0.98826971	5	56980	67614080	66820947.23	714979.59	67345101.44	64979196.81	100.7844	97.2437529	-2365904.63	7/31/2026	Model2501	100	LMMSOFRFLAT	RFRSwap	5.457576	4.887482	5.213611603	-1.071321	0.050916348	 34,023 	0.1219	0.2418	0.473	1.0838	1.8336	1.2994	0.1877	8.299	8.0963	57.3996	66.36731	0.98826971	1.0142	5.592	9	281238.2188	NA	NA	0.7307	0.007681848	7.47465609	1.2217	0.012745366	6.66536028	3.3698	0.034385514	4.38094782	6.3349	0.058372743	-5.51606003	7.0888	0.061058875	-11.52577219	7.4226	0.05943818	-17.58312447
AFS	772214	3622AEGD2	Agency MBS 30yr	A-3-Q	GOVERNMENT NATIONAL MORTGAGE A	0.97806766	5	56980	60326305	59003207.97	1253089.14	59593341.15	57441596.08	101.0002	97.3533441	-2151745.06	7/31/2026	Model2501	100	LMMSOFRFLAT	RFRSwap	5.444901	4.851159	5.24596405	-0.986034	0.051289797	 30,263 	0.1198	0.2332	0.4721	1.0972	1.8453	1.3086	0.1944	8.3182	8.2611	59.2759	65.04266	0.97806766	3.0534	5.587	8	208867.25	NA	NA	0.7157	0.007573577	8.04366541	1.5078	0.015806139	7.0562864	3.5602	0.036406156	4.4883653	6.3071	0.0581824	-5.52144264	7.0284	0.060635831	-11.49792082	7.3726	0.059167173	-17.51747463
AFS	765698	3622AEGF7	Agency MBS 30yr	A-3-Q	GOVERNMENT NATIONAL MORTGAGE A	0.98328756	5	56980	100647077	98965018.76	1564424.38	99740505.82	96274675.81	100.7836	97.2815213	-3465830.01	7/31/2026	Model2501	100	LMMSOFRFLAT	RFRSwap	5.453859	4.886565	5.247345924	-1.038513	0.05126562	 50,735 	0.119	0.2382	0.476	1.0983	1.8415	1.3047	0.1955	8.3159	8.2214	58.6426	66.20958	0.98328756	2.0117	5.571	7	231348.2031	NA	NA	0.7208	0.007612547	7.90909471	1.4564	0.015238532	6.93653906	3.4925	0.035676327	4.45358249	6.3465	0.058489893	-5.53801789	7.0805	0.060997296	-11.5504843	7.4155	0.059396613	-17.59998252
AFS	772215	3622AEGG5	Agency MBS 30yr	A-3-Q	GOVERNMENT NATIONAL MORTGAGE A	0.98376962	5	56980	51890463	51048261.07	780195.8	51466714.92	49625459.61	100.8197	97.2128307	-1841255.31	7/31/2026	Model2501	100	LMMSOFRFLAT	RFRSwap	5.462678	4.881996	5.228925705	-1.056207	0.051049735	 26,060 	0.1194	0.2428	0.4779	1.0844	1.8338	1.3044	0.1919	8.3343	8.136	58.5659	67.13965	0.98376962	1.9016	5.543	7	274895.5938	NA	NA	0.6795	0.00714866	7.57849395	1.2888	0.013451675	6.74131236	3.4123	0.034818284	4.40946387	6.342	0.058411472	-5.52626305	7.0643	0.060824648	-11.52773378	7.3656	0.058984857	-17.54760408
AFS	767647	3622AEGJ9	Agency MBS 30yr	A-3-Q	GOVERNMENT NATIONAL MORTGAGE A	0.97690937	5	56980	65202732	63697159.84	860387.76	64215168.6	61940567.08	100.8132	97.2422746	-2274601.52	7/31/2026	Model2501	100	LMMSOFRFLAT	RFRSwap	5.467119	4.879175	5.165822029	-1.047236	0.050448872	 32,134 	0.1247	0.2419	0.4755	1.0845	1.8011	1.2761	0.1878	8.1433	8.4229	59.6511	67.98392	0.97690937	3.2715	5.572	8	253424.1094	NA	NA	0.781	0.008227049	7.68721995	1.3669	0.014271874	6.74830632	3.4031	0.034719177	4.36437402	6.2722	0.057826996	-5.46294037	7.0218	0.060555112	-11.41996503	7.3622	0.059064604	-17.43212209
AFS	767648	3622AEGK6	Agency MBS 30yr	A-3-Q	GOVERNMENT NATIONAL MORTGAGE A	0.98653373	5	56980	90274241	89058583.7	1113192.76	89730314.61	86591231.58	100.7543	97.2295179	-3139083.03	7/31/2026	Model2501	100	LMMSOFRFLAT	RFRSwap	5.464906	4.890285	5.200140476	-1.050418	0.050777391	 45,222 	0.1224	0.2413	0.4757	1.088	1.814	1.2891	0.1958	8.2338	8.3282	58.4958	67.4324	0.98653373	1.3758	5.589	8	279174.5312	NA	NA	0.7933	0.008356743	7.69909871	1.3471	0.014066269	6.77263899	3.4208	0.034904987	4.3919413	6.3159	0.058199454	-5.49885035	7.0729	0.06093445	-11.49383625	7.407	0.059334904	-17.53920208
AFS	772902	3622AEGP5	Agency MBS 30yr	A-3-Q	GOVERNMENT NATIONAL MORTGAGE A	0.98508351	5	56980	77819860	76659060.84	1068179.44	77326511.12	74556015.1	100.8707	97.2566247	-2770496.02	7/31/2026	Model2501	100	LMMSOFRFLAT	RFRSwap	5.459282	4.872338	5.247710228	-1.013977	0.051256113	 39,292 	0.1181	0.2369	0.4763	1.1039	1.8521	1.2963	0.19	8.2979	8.252	59.0933	66.8828	0.98508351	1.6638	5.612	8	253721.375	NA	NA	0.7929	0.008370807	7.9029172	1.419	0.014844832	6.94018828	3.5081	0.035830662	4.46320333	6.3266	0.058297191	-5.52677106	7.06	0.060824603	-11.519669	7.3983	0.059273895	-17.5545545
AFS	775400	3622AEH25	Agency MBS 30yr	A-3-Q	GOVERNMENT NATIONAL MORTGAGE A	0.98099172	5	57011	78715085	77218846.62	1509096.67	77871820.6	75097518.04	100.8456	97.2528357	-2774302.56	7/31/2026	Model2501	100	LMMSOFRFLAT	RFRSwap	5.459537	4.876448	5.167043209	-1.109874	0.050466254	 38,969 	0.1246	0.2491	0.4768	1.0725	1.7961	1.2833	0.1941	8.2383	8.2733	57.1573	66.91402	0.98099172	3.2319	5.594	7	257194.3906	NA	NA	0.7185	0.007547832	7.37559088	1.2346	0.012863888	6.52862706	3.2732	0.033380561	4.31201486	6.3118	0.058185223	-5.48480348	7.0793	0.061013546	-11.48401696	7.4286	0.059522416	-17.54355086
AFS	775401	3622AEH90	Agency MBS 30yr	A-3-Q	GOVERNMENT NATIONAL MORTGAGE A	0.98443352	5	57011	62797962	61820418.78	984722.05	62267616.01	60115972.22	100.7234	97.2429068	-2151643.79	7/31/2026	Model2501	100	LMMSOFRFLAT	RFRSwap	5.446874	4.901023	5.248374462	-1.102893	0.051255401	 31,686 	0.1158	0.2428	0.4843	1.1144	1.8074	1.3087	0.2028	8.3892	8.0597	53.7194	66.0904	0.98443352	2.4129	5.618	7	307813	NA	NA	0.6008	0.006315684	7.46351887	1.2421	0.012960839	6.68836072	3.3765	0.034460999	4.40054469	6.3963	0.058907613	-5.56247094	7.1748	0.061722375	-11.63329517	7.4963	0.059903726	-17.74839401
AFS	772904	3622AEHK5	Agency MBS 30yr	A-3-Q	GOVERNMENT NATIONAL MORTGAGE A	0.97384983	5	57011	50271108	48956509.98	1327127.78	49435656.48	47657503.77	100.9787	97.3466119	-1778152.71	7/31/2026	Model2501	100	LMMSOFRFLAT	RFRSwap	5.440977	4.856988	5.306680679	-0.9807743	0.051879849	 25,399 	0.1131	0.2321	0.4786	1.1173	1.8814	1.3164	0.1926	8.4193	8.1268	58.1289	64.76167	0.97384983	4.8912	5.595	8	231627.9688	NA	NA	0.7828	0.008290635	8.14854888	1.5084	0.015822941	7.13887854	3.6088	0.036921665	4.54682835	6.3674	0.058698729	-5.57697881	7.0871	0.06106358	-11.60190787	7.4182	0.059425794	-17.65468654
AFS	773442	3622AEHL3	Agency MBS 30yr	A-3-Q	GOVERNMENT NATIONAL MORTGAGE A	0.98380332	5	57011	55580769	54680545.07	906834.95	55076687.49	53168019.13	100.7245	97.2338865	-1908668.36	7/31/2026	Model2501	100	LMMSOFRFLAT	RFRSwap	5.453459	4.898867	5.250457287	-1.072703	0.051271006	 28,035 	0.116	0.2417	0.485	1.1074	1.8211	1.3049	0.2016	8.379	8.0627	56.0102	66.00766	0.98380332	2.5707	5.62	7	297509.1875	NA	NA	0.7249	0.007632654	7.64184861	1.2971	0.013544411	6.76903519	3.4233	0.034942765	4.42353664	6.3826	0.058780465	-5.55575427	7.145	0.061477594	-11.60746346	7.4654	0.059687953	-17.69772837
AFS	774661	3622AEHQ2	Agency MBS 30yr	A-3-Q	GOVERNMENT NATIONAL MORTGAGE A	0.99270003	5	57011	50693693	50323630.56	305871.67	50623581.02	48889733.49	100.596	97.1506486	-1733847.53	7/31/2026	Model2501	100	LMMSOFRFLAT	RFRSwap	5.478538	4.915138	5.193052292	-1.072147	0.050667219	 25,498 	0.1236	0.2461	0.4746	1.084	1.816	1.2823	0.1941	8.1966	8.3618	59.193	69.14472	0.99270003	0.4312	5.604	8	300001.7188	NA	NA	0.8272	0.008698366	7.58143583	1.2969	0.013516998	6.66071656	3.3572	0.034217909	4.35775762	6.326	0.058244571	-5.49579967	7.0934	0.061051801	-11.49906948	7.4411	0.059533343	-17.5616611
AFS	774324	3622AEHS8	Agency MBS 30yr	A-3-Q	GOVERNMENT NATIONAL MORTGAGE A	0.98737876	5	57011	54100660	53417842.59	689005.45	53893520.04	51945964.68	100.8905	97.244595	-1947555.35	7/31/2026	Model2501	100	LMMSOFRFLAT	RFRSwap	5.449428	4.874367	5.310605526	-1.011769	0.051864043	 27,705 	0.1111	0.2322	0.4828	1.1242	1.867	1.3244	0.1947	8.4858	7.8674	57.1257	65.12022	0.98737876	1.6959	5.557	7	260580.25	NA	NA	0.648	0.006840636	7.90423957	1.3993	0.014648771	7.02737388	3.5654	0.036432318	4.52305558	6.3963	0.058892578	-5.58818391	7.1212	0.061261367	-11.6349806	7.4201	0.059336923	-17.69363327
AFS	776797	3622AEHT6	Agency MBS 30yr	A-3-Q	GOVERNMENT NATIONAL MORTGAGE A	0.99416084	5	57011	79698598	79233225.13	377006.84	79855478.23	77018416.89	100.7853	97.2046976	-2837061.34	7/31/2026	Model2501	100	LMMSOFRFLAT	RFRSwap	5.454718	4.890952	5.238819122	-1.07648	0.05114207	 40,522 	0.1158	0.2415	0.4839	1.1129	1.8147	1.3012	0.1957	8.3785	8.017	55.1388	66.54626	0.99416084	0.0779	5.599	7	305770.5625	NA	NA	0.6925	0.007280907	7.52215438	1.2409	0.01294688	6.70968947	3.4005	0.034694046	4.40458744	6.3655	0.058613062	-5.54148884	7.1257	0.06131291	-11.57676011	7.4328	0.059443805	-17.64663549
AFS	826657	3622AEJ23	Agency MBS 30yr	A-3-Q	GOVERNMENT NATIONAL MORTGAGE A	0.98220439	5	57011	16541362	16246998.37	230077.77	16174906.74	15821159.14	99.5563	97.3789667	-353747.6	7/31/2026	Model2501	100	LMMSOFRFLAT	RFRSwap	5.428007	5.080554	5.468230724	-0.8617739	0.053476911	 8,688 	0.106	0.2154	0.4626	1.141	1.9766	1.3859	0.2044	8.6987	7.7911	59.6779	62.2083	0.98220439	2.9294	5.593	6	183569.0156	NA	NA	0.9176	0.009818445	9.21111506	1.9663	0.02077077	7.83792095	3.939	0.040407307	4.78746601	6.4456	0.059369333	-5.68773165	7.0992	0.061090026	-11.74409985	7.4141	0.059317563	-17.78900123
AFS	826656	3622AEJ31	Agency MBS 30yr	A-3-Q	GOVERNMENT NATIONAL MORTGAGE A	0.99378167	5	57011	18106596	17994003.21	43163.92	17898179.54	17511619.83	99.4675	97.3191992	-386559.7	7/31/2026	Model2501	100	LMMSOFRFLAT	RFRSwap	5.445157	5.095193	5.369885445	-0.9411031	0.052483041	 9,444 	0.1109	0.2249	0.4713	1.13	1.9146	1.34	0.2026	8.4958	8.1299	59.7385	64.98384	0.99378167	0.1694	5.599	6	207209.0781	NA	NA	0.851	0.009055794	8.67578952	1.7598	0.018512834	7.46278802	3.7562	0.038454957	4.64247128	6.4081	0.059026726	-5.62253629	7.109	0.061184891	-11.66898494	7.4384	0.059511255	-17.73087806
AFS	783649	3622AEJ49	Agency MBS 30yr	A-3-Q	GOVERNMENT NATIONAL MORTGAGE A	0.99117036	5	57011	60439410	59905751.77	458987.93	60475354.16	58240624.07	100.9508	97.220421	-2234730.09	7/31/2026	Model2501	100	LMMSOFRFLAT	RFRSwap	5.461017	4.861801	5.293278694	-1.003977	0.051682033	 30,961 	0.1132	0.235	0.4817	1.1212	1.8666	1.3103	0.191	8.378	8.0872	59.194	66.83879	0.99117036	0.7811	5.562	7	250657.5469	NA	NA	0.7777	0.008220728	8.07000961	1.4872	0.015572619	7.07193685	3.5769	0.036539324	4.51559454	6.3722	0.058669541	-5.56660293	7.0994	0.061086111	-11.59245548	7.4217	0.059368726	-17.64360054
AFS	833434	3622AEJ64	Agency MBS 30yr	A-3-Q	GOVERNMENT NATIONAL MORTGAGE A	0.9865358	5	57011	25000000	24663395	59316.5	24551368.99	23901823.67	99.5458	96.9121391	-649545.32	7/31/2026	Model2501	100	LMMSOFRFLAT	RFRSwap	5.508841	5.08247	5.24130249	-1.072628	0.051012971	 12,582 	0.1176	0.2449	0.4836	1.1032	1.8109	1.3029	0.2059	8.2956	8.1635	61.2007	72.11287	0.9865358	1.9161	5.604	6	317255.5938	NA	NA	0.768	0.008061904	7.64611763	1.3192	0.013729676	6.74567809	3.4163	0.034752689	4.39748796	6.376	0.058530923	-5.52936155	7.1411	0.061250109	-11.55729963	7.4616	0.059471425	-17.6254293
AFS	775402	3622AEJB3	Agency MBS 30yr	A-3-Q	GOVERNMENT NATIONAL MORTGAGE A	0.98315294	5	57011	77889739	76577525.89	1322874.84	77189901.78	74443524.82	100.7997	97.2132802	-2746376.96	7/31/2026	Model2501	100	LMMSOFRFLAT	RFRSwap	5.461607	4.885543	5.222854614	-1.083589	0.050990701	 39,047 	0.1189	0.2438	0.4833	1.0984	1.8118	1.2976	0.1964	8.3019	8.1268	57.5721	66.91369	0.98315294	2.7091	5.585	7	268162.375	NA	NA	0.7468	0.007859426	7.60680443	1.3016	0.013582619	6.72291024	3.3921	0.034606479	4.39155167	6.3581	0.058557864	-5.5302107	7.1155	0.061243545	-11.5595525	7.4449	0.059559137	-17.63054174
AFS	784295	3622AEJW7	Agency MBS 30yr	A-3-Q	GOVERNMENT NATIONAL MORTGAGE A	0.99299185	5	57011	57358865	56956885.47	317425.07	57580062.84	55453813.99	101.0941	97.3610364	-2126248.84	7/31/2026	Model2501	100	LMMSOFRFLAT	RFRSwap	5.449454	4.833213	5.187096596	-1.012887	0.05071824	 28,888 	0.1238	0.2368	0.472	1.0941	1.8127	1.2807	0.1915	8.1531	8.5297	59.2954	66.23225	0.99299185	0.3401	5.583	7	217627.1094	NA	NA	0.8197	0.008676503	8.06798868	1.5537	0.016277075	6.98684773	3.5122	0.035896268	4.42711112	6.2677	0.057851631	-5.47685077	6.9969	0.060418751	-11.42719665	7.339	0.058970552	-17.42592058
AFS	778618	3622AEJZ0	Agency MBS 30yr	A-3-Q	GOVERNMENT NATIONAL MORTGAGE A	0.98379711	5	56980	50085952	49274414.83	745725.78	49850230.32	47923788.34	101.1686	97.25897	-1926441.99	7/31/2026	Model2501	100	LMMSOFRFLAT	RFRSwap	5.462903	4.82354	5.124573231	-1.049491	0.050054595	 24,664 	0.1254	0.2425	0.4789	1.0888	1.7757	1.2575	0.183	8.1133	8.3344	58.7785	67.18039	0.98379711	2.5422	5.62	9	234782.7969	NA	NA	0.612	0.006428018	7.35019353	1.2152	0.012671891	6.59922307	3.3422	0.034088355	4.31763034	6.2214	0.057394654	-5.42198041	6.9812	0.060271781	-11.34140796	7.3374	0.05894921	-17.33462655
AFS	797108	3622AEKQ8	Agency MBS 30yr	A-3-Q	GOVERNMENT NATIONAL MORTGAGE A	0.98924407	5	57040	160634081	158906312.1	1501541.78	157095421.7	154665871.7	98.8604	97.331484	-2429550.01	7/31/2026	Model2501	100	LMMSOFRFLAT	RFRSwap	5.443907	5.192946	5.294195175	-0.9760628	0.051749781	 82,234 	0.1162	0.2315	0.4735	1.1085	1.8648	1.3255	0.1991	8.3943	8.1238	58.4009	64.69318	0.98924407	1.8789	5.565	7	230241.5	NA	NA	0.8244	0.008744726	8.33174086	1.6316	0.017124465	7.20575848	3.6256	0.037085507	4.54105774	6.3537	0.058571272	-5.56360182	7.0686	0.060913093	-11.57429471	7.395	0.059260428	-17.61190421
AFS	833435	3622AEMT0	Agency MBS 30yr	A-3-Q	GOVERNMENT NATIONAL MORTGAGE A	0.99498272	5	57071	50834793	50579740.61	188735.09	50390999.43	49139201.12	99.6268	97.1519437	-1251798.31	7/31/2026	Model2501	100	LMMSOFRFLAT	RFRSwap	5.463481	5.069448	5.391808987	-0.985564	0.05260713	 26,609 	0.1061	0.2313	0.4839	1.1268	1.9055	1.3541	0.2099	8.613	7.901	59.1142	66.74529	0.99498272	0.6794	5.558	5	268093.4688	NA	NA	0.9401	0.009978911	8.58196808	1.6997	0.017835751	7.36762215	3.7075	0.037886977	4.62171721	6.4571	0.059354361	-5.64800363	7.1533	0.06140596	-11.72557017	7.4424	0.059373621	-17.79064927
AFS	828334	3622AENP7	Agency MBS 30yr	A-3-Q	GOVERNMENT NATIONAL MORTGAGE A	0.97518637	5	57071	30116061	29368772.21	402410.29	29345897.37	28534419.66	99.9221	97.1590486	-811477.71	7/31/2026	Model2501	100	LMMSOFRFLAT	RFRSwap	5.548012	5.017587	4.728822708	-0.8216032	0.046141826	 13,551 	0.1569	0.2312	0.4355	0.9935	1.6483	1.1326	0.1491	7.1183	10.321	77.4143	79.03538	0.97518637	8.2304	5.512	14	144430.625	NA	NA	0.8315	0.008775251	7.95658108	1.7405	0.018155623	6.73986336	3.4029	0.034601741	4.10686439	5.633	0.052175287	-4.95211336	6.2812	0.054803677	-10.32540256	6.6587	0.054441627	-15.8160688
HTM	857351	3622AEQ25	Agency MBS 30yr	A-3-Q	GOVERNMENT NATIONAL MORTGAGE A	0.99892789	5.5	57132	25000000	24973197.25	27066.59	25218699.96	24887380.35	100.9831	99.656364	-331319.61	7/31/2026	Model2501	100	LMMSOFRFLAT	RFRSwap	5.572574	5.348658	4.34444952	-1.569258	0.043494325	 10,862 	0.1739	0.3114	0.5044	1.008	1.3487	0.9011	0.1263	7.402	9.8846	56.2253	82.94697	0.99892789	0.0914	6.029	3	517777.5312	NA	NA	1.3711	0.014650272	6.7375918	1.3812	0.014563755	5.3292615	2.4289	0.025160173	3.47065816	5.7406	0.054614887	-4.9762664	6.7135	0.059994061	-10.75147831	7.2635	0.060497761	-16.82444732
AFS	613573	36230L6X2	Agency MBS 30yr	A-3-Q	GOVERNMENT NATIONAL MORTGAGE A	0.08919404	4.5	51410	3504907	312616.82	181234.39	331191.54	296952.63	105.9417	94.9893333	-34238.92	7/31/2026	Model2501	100	LMMSOFRFLAT	RFRSwap	5.586287	3.30583	4.555986881	0.1454902	0.043447867	 136 	0.1191	0.1879	0.4401	1.4096	2.1748	0.2301	-0.0016	5.7608	5.9387	122.8483	96.73029	0.08919404	11.8974	4.75	191	111192.7188	NA	NA	3.2354	0.034934796	12.61120625	4.0203	0.041848529	8.7294664	4.4198	0.044091061	4.39453517	4.5976	0.04188171	-4.26895767	4.6204	0.040193394	-8.37410194	4.5924	0.038148575	-12.29488117
AFS	614120	36230L6Y0	Agency MBS 30yr	A-3-Q	GOVERNMENT NATIONAL MORTGAGE A	0.22483831	4	51410	1947456	437862.72	25402.49	460142.99	403079.06	105.0884	92.0560362	-57063.93	7/31/2026	Model2501	100	LMMSOFRFLAT	RFRSwap	5.724076	2.993633	4.704040051	0.1449407	0.043460328	 190 	0.1058	0.1713	0.421	1.4259	2.2923	0.2902	0.0062	5.836	6.0303	135.1716	109.8029	0.22483831	6.4236	4.336	190	150005	NA	NA	3.5253	0.037108939	12.87537628	4.2654	0.043166164	8.81038964	4.5841	0.044370312	4.40159008	4.7662	0.041996758	-4.27493159	4.7845	0.040190056	-8.38931067	4.7304	0.037888139	-12.29463773
AFS	614817	36230LCU1	Agency MBS 30yr	A-3-Q	GOVERNMENT NATIONAL MORTGAGE A	0.0510858	4	51441	9072625	463482.31	72622.73	467796.06	427858.66	100.9307	92.3139135	-39937.4	7/31/2026	Model2501	100	LMMSOFRFLAT	RFRSwap	5.814768	3.794831	4.318695068	0.1364268	0.040011521	 185 	0.1295	0.199	0.4529	1.4043	1.9567	0.1769	0.0038	5.3206	6.9946	146.7873	121.9323	0.0510858	14.8665	4.5	191	86597.0469	NA	NA	3.4063	0.03564116	11.98439059	3.9928	0.040246278	8.15074495	4.2436	0.041038703	4.06023331	4.3738	0.038798537	-3.94050071	4.4205	0.037525214	-7.75754407	4.4353	0.036018874	-11.43758303
AFS	614298	36230MAE7	Agency MBS 30yr	A-3-Q	GOVERNMENT NATIONAL MORTGAGE A	0.08460544	4	51380	1358222	114912.97	11556.95	120346.87	104738.34	104.7287	91.1457908	-15608.54	7/31/2026	Model2501	100	LMMSOFRFLAT	RFRSwap	6.305456	2.873658	3.921487808	0.1408884	0.035873428	 41 	0.1387	0.2148	0.4931	1.5209	1.5192	0.0352	0.0035	4.7433	6.3477	198.8866	175.912	0.08460544	12.0537	4.25	192	114912.9688	NA	NA	3.0534	0.031214248	10.74827303	3.6667	0.036227282	7.32278383	3.8741	0.036851384	3.64415013	3.9397	0.034651093	-3.52445525	3.9753	0.033608064	-6.93797301	3.9608	0.03218003	-10.23189951
AFS	613758	36230QBF4	Agency MBS 30yr	A-3-Q	GOVERNMENT NATIONAL MORTGAGE A	0.04033036	4	51441	730312	29453.75	3395.11	29728.05	27385.65	100.9313	92.9784844	-2342.41	7/31/2026	Model2501	100	LMMSOFRFLAT	RFRSwap	5.661062	3.792962	4.287208557	0.08412353	0.040004723	 12 	0.1313	0.1981	0.4527	1.3843	1.9375	0.1852	0.0034	5.2759	7.3792	130.4858	106.3235	0.04033036	16.157	4.5	190	136655.3438	NA	NA	2.9397	0.030809853	11.49277589	3.7685	0.038175218	7.98915845	4.1422	0.040320013	4.02876539	4.3877	0.039203919	-3.96229936	4.4673	0.038185567	-7.83394073	4.4772	0.036592923	-11.57957781
AFS	612154	36230RYW0	Agency MBS 30yr	A-3-Q	GOVERNMENT NATIONAL MORTGAGE A	0.05645022	4	51471	4608180	260132.77	42351.37	273288.04	241412.73	105.0571	92.8036573	-31875.31	7/31/2026	Model2501	100	LMMSOFRFLAT	RFRSwap	5.564043	3.008468	4.677410603	0.1806904	0.043563996	 113 	0.1125	0.177	0.4239	1.4277	2.2913	0.2465	0.0019	5.8121	5.5786	120.9783	94.26867	0.05645022	14.4319	4.5	190	152324.7344	NA	NA	3.7019	0.039348934	13.15714597	4.3434	0.044330291	8.92617322	4.605	0.044930764	4.43349806	4.7086	0.04184318	-4.270776	4.7145	0.039965644	-8.36504821	4.6505	0.037618179	-12.24644294
AFS	613454	36230UD63	Agency MBS 30yr	A-3-Q	GOVERNMENT NATIONAL MORTGAGE A	0.05865067	4	51502	24327335	1426814.5	227718.96	1440168.42	1326626.83	100.9359	92.9782274	-113541.6	7/31/2026	Model2501	100	LMMSOFRFLAT	RFRSwap	5.667646	3.791038	4.270014286	0.1495869	0.039844166	 569 	0.1345	0.199	0.4457	1.3676	1.9345	0.19	0.0034	5.2705	7.5745	132.1088	106.9877	0.05865067	14.3154	4.5	188	72948.3281	NA	NA	3.3716	0.035490207	11.95143671	3.9582	0.040151305	8.12774636	4.2034	0.040924221	4.04719579	4.3019	0.038457401	-3.91454115	4.3538	0.037273291	-7.70008602	4.3788	0.03588485	-11.36020682
AFS	613618	36230UFZ7	Agency MBS 30yr	A-3-Q	GOVERNMENT NATIONAL MORTGAGE A	0.05024568	4	51533	76677285	3852702.33	437739.37	3890412.14	3582154.9	100.9788	92.9777231	-308257.24	7/31/2026	Model2501	100	LMMSOFRFLAT	RFRSwap	5.623915	3.788263	4.390851498	0.1149993	0.040971503	 1,579 	0.1278	0.1944	0.4444	1.3834	2.0269	0.2154	0.003	5.426	7.1106	127.0073	101.7723	0.05024568	15.2794	4.5	187	100497.4297	NA	NA	3.2984	0.0347724	12.11129241	3.9912	0.040553208	8.29586347	4.289	0.041800115	4.14748832	4.4649	0.039856795	-4.04375622	4.5248	0.038616594	-7.96745282	4.5408	0.037033364	-11.75469934
AFS	614239	36230UPU7	Agency MBS 30yr	A-3-Q	GOVERNMENT NATIONAL MORTGAGE A	0.14897306	4	51471	2468808	367785.88	20908.51	386916.18	338566.49	105.2015	92.0553243	-48349.7	7/31/2026	Model2501	100	LMMSOFRFLAT	RFRSwap	5.795898	2.931373	4.590229511	-0.1479845	0.042408511	 156 	0.1301	0.2095	0.448	1.3562	2.1434	0.301	0.0051	5.6059	7.2327	141.7411	117.7162	0.14897306	8.9785	4.31	188	122595.2969	NA	NA	3.0955	0.032312144	11.99645702	3.9513	0.039798334	8.33342416	4.3434	0.041957103	4.21101087	4.8707	0.042905193	-4.30020094	4.8216	0.040462781	-8.4680373	4.7793	0.038226962	-12.40421954
AFS	614184	36241K4G0	Agency MBS 30yr	A-3-Q	GOVERNMENT NATIONAL MORTGAGE A	0.03171303	4	50861	5492403	174180.74	26783.74	174622.29	162605.74	100.2535	93.3546051	-12016.55	7/31/2026	Model2501	100	LMMSOFRFLAT	RFRSwap	5.70435	3.934304	3.932340384	0.1465632	0.036841284	 64 	0.1413	0.2181	0.4922	1.4809	1.5603	0.0416	0.0014	4.7562	6.9336	139.6346	115.2132	0.03171303	15.5465	4.5	209	90084.1719	NA	NA	3.0207	0.031611431	10.96088351	3.6361	0.036791127	7.4952965	3.8752	0.037755575	3.7403869	3.9394	0.035483405	-3.6140419	3.9888	0.034532923	-7.11369048	4.0117	0.033368099	-10.51119759
AFS	614446	36241LSX5	Agency MBS 30yr	A-3-Q	GOVERNMENT NATIONAL MORTGAGE A	0.06614837	4	51441	48206745	3188797.6	334350.96	3225354.77	2964879.4	101.1464	92.9779736	-260475.38	7/31/2026	Model2501	100	LMMSOFRFLAT	RFRSwap	5.656703	3.746683	4.230429649	0.1602048	0.039474692	 1,259 	0.1384	0.2065	0.4565	1.3599	1.8904	0.1822	0.0004	5.2702	7.5195	131.336	105.7352	0.06614837	13.6919	4.5	190	85049.1641	NA	NA	3.0791	0.032298587	11.5858495	3.8183	0.03867979	7.9907466	4.144	0.040327538	4.00528655	4.239	0.037914827	-3.86800779	4.2938	0.036801107	-7.60346135	4.3339	0.035576455	-11.22227371
AFS	613983	36241LTY2	Agency MBS 30yr	A-3-Q	GOVERNMENT NATIONAL MORTGAGE A	0.06534064	4	51561	115594549	7553021.81	891822.97	7651648.55	6994837.84	101.3058	92.6097927	-656810.71	7/31/2026	Model2501	100	LMMSOFRFLAT	RFRSwap	5.667037	3.726723	4.496443748	0.1843887	0.041791353	 3,157 	0.1221	0.1884	0.4355	1.4279	2.1389	0.1848	0.0014	5.5695	5.8105	132.7014	106.0414	0.06534064	13.7723	4.5	192	105151.9375	NA	NA	3.632	0.03836903	12.69720213	4.2213	0.042859495	8.58881893	4.4454	0.043209985	4.25882106	4.5268	0.040217414	-4.10076839	4.528	0.038447082	-8.03395925	4.5049	0.036560204	-11.78704411
AFS	613079	36241LVD5	Agency MBS 30yr	A-3-Q	GOVERNMENT NATIONAL MORTGAGE A	0.11419582	4	51622	50000000	5709791	855146.94	5768386.74	5379160.29	101.0262	94.2094079	-389226.45	7/31/2026	Model2501	100	LMMSOFRFLAT	RFRSwap	5.205078	3.801094	4.830201626	0.2499046	0.04566605	 2,607 	0.109	0.1714	0.4064	1.4161	2.4535	0.2767	-0.001	6.0169	4.9133	86.4614	57.1583	0.11419582	10.8665	4.5	184	84889.7891	NA	NA	4.1735	0.045400433	14.24006173	4.6463	0.04834656	9.51199671	4.8174	0.047800697	4.68158664	4.7907	0.043164242	-4.44181387	4.7533	0.04083271	-8.63949828	4.7027	0.038531341	-12.60816873
AFS	613897	36241LVH6	Agency MBS 30yr	A-3-Q	GOVERNMENT NATIONAL MORTGAGE A	0.06319762	4	51622	25000000	1579940.5	108980.09	1599896.79	1469004.73	101.2631	92.9784844	-130892.06	7/31/2026	Model2501	100	LMMSOFRFLAT	RFRSwap	5.684426	3.71612	4.235178947	0.164267	0.039519224	 624 	0.1427	0.2028	0.4386	1.3402	1.9268	0.1846	0.0024	5.2283	7.7148	134.4165	108.8813	0.06319762	14.2917	4.5	183	83103.4922	NA	NA	3.538	0.03728833	12.08283792	4.0265	0.040847134	8.13482843	4.2004	0.040885426	4.02594029	4.2435	0.037952971	-3.87424817	4.281	0.036691997	-7.6024764	4.3067	0.035359561	-11.2076325
AFS	613552	36241LVJ2	Agency MBS 30yr	A-3-Q	GOVERNMENT NATIONAL MORTGAGE A	0.0732843	4	51622	30000000	2198529	470824.12	2225193.21	2044164.67	101.2128	92.9787447	-181028.54	7/31/2026	Model2501	100	LMMSOFRFLAT	RFRSwap	5.591069	3.74386	4.472829342	0.2085246	0.041736901	 918 	0.1235	0.1906	0.4385	1.414	2.1116	0.196	0.0018	5.5368	6.2256	125.2245	98.46304	0.0732843	13.4356	4.5	184	74514.0703	NA	NA	3.7996	0.040347271	12.8748933	4.2767	0.04360095	8.63844829	4.4499	0.043420672	4.26507052	4.4607	0.039805442	-4.0762334	4.4794	0.038225841	-7.97505141	4.4827	0.036577106	-11.71655625
AFS	613548	36291AFC8	Agency MBS 30yr	A-3-Q	GOVERNMENT NATIONAL MORTGAGE A	0.02326991	4.5	48884	25000	581.75	126.39	585.12	573.48	100.5789	98.5791142	-11.63	7/31/2026	Model2501	100	LMMSOFRFLAT	RFRSwap	5.058427	4.235354	2.400693178	0.05760605	0.023755847	 0 	0.2281	0.3432	0.72	1.0508	0.06	-0.0006	-0.0002	2.6991	7.9346	85.8048	68.27493	0.02326991	11.1591	5	275	40924.5117	NA	NA	2.1488	0.022794802	7.12821418	2.2902	0.023761051	4.79611275	2.3763	0.024083924	2.39725216	2.3866	0.023057437	-2.34233303	2.3656	0.02231748	-4.61048236	2.3528	0.021680051	-6.80961408
AFS	612398	36291HTN4	Agency MBS 30yr	A-3-Q	GOVERNMENT NATIONAL MORTGAGE A	0.01133503	5	49004	43424	492.21	209.48	500.93	485.63	101.7711	98.6636516	-15.29	7/31/2026	Model2501	100	LMMSOFRFLAT	RFRSwap	5.51979	4.268279	2.438330173	0.06448092	0.024159051	 0 	0.2291	0.3351	0.6813	1.097	0.0962	0.0002	0.0001	2.7687	9.1064	130.5834	113.5712	0.01133503	14.8321	5.5	269	29770.0293	NA	NA	2.3153	0.024650471	7.38557771	2.3814	0.024764657	4.91218945	2.423	0.024599146	2.44159576	2.4244	0.023443352	-2.38160333	2.4039	0.022691399	-4.68768296	2.3988	0.022105737	-6.92537044
AFS	613041	36291YNZ6	Agency MBS 30yr	A-3-Q	GOVERNMENT NATIONAL MORTGAGE A	0.0205831	5	49522	25031	515.22	148.25	525.89	512.19	102.0726	99.4125928	-13.7	7/31/2026	Model2501	100	LMMSOFRFLAT	RFRSwap	5.180514	4.329122	3.010436058	0.05308945	0.03005296	 0 	0.1907	0.2828	0.5868	1.4591	0.4975	-0.0041	-0.001	3.5336	8.3984	93.3874	72.54835	0.0205831	14.0311	5.5	252	44300.6992	NA	NA	2.5362	0.027565716	8.86077824	2.7778	0.029399162	6.00507131	2.9313	0.030147886	3.01779815	3.0184	0.029235799	-2.96928465	2.9989	0.028186304	-5.84041882	2.9928	0.027299687	-8.61195546
AFS	613009	36292AWX2	Agency MBS 30yr	A-3-Q	GOVERNMENT NATIONAL MORTGAGE A	0.0044203	5	49583	43056	190.32	124.46	193.84	188.47	101.8514	99.0265011	-5.38	7/31/2026	Model2501	100	LMMSOFRFLAT	RFRSwap	5.322368	4.359499	2.86438489	0.06038248	0.028484352	 0 	0.1967	0.2934	0.6145	1.4254	0.3378	-0.0017	-0.0004	3.3235	7.9102	108.8239	88.92712	0.0044203	20.3019	5.5	251	53020.0664	NA	NA	2.4947	0.026929159	8.50102404	2.6919	0.028312087	5.73326084	2.8134	0.028784284	2.86976997	2.8629	0.027664909	-2.81076704	2.8445	0.026713906	-5.52895723	2.8448	0.025967548	-8.16137552
AFS	613896	36292H2W2	Agency CMBS	A-4-Q	GOVERNMENT NATIONAL MORTGAGE A	0.32925787	5.58	48030	1483800	488552.83	90745.94	499133.03	487999.96	102.1656	99.886836	-11133.08	7/31/2026	Model2501	100	LMMSOFRFLAT	RFRSwap	5.580757	4.372889	1.954977989	-0.1131572	0.019618563	 96 	0.2849	0.3729	0.713	0.5243	0.0502	0.0066	0	2.1188	14.1664	135.1989	137.9771	0.32925787	0	5.83	240	1094944.875	NA	NA	1.924	0.020440808	5.8899357	1.8915	0.019715548	3.88311138	1.89	0.019332413	1.9336656	2.1801	0.021429924	-2.05557931	2.1499	0.020679748	-4.16067473	2.1404	0.020152152	-6.20176733
AFS	614245	36292HQA4	Agency MBS 30yr	A-3-Q	GOVERNMENT NATIONAL MORTGAGE A	0.01246884	5	49553	25106	313.04	30.36	318.96	310.08	101.8899	99.0534757	-8.88	7/31/2026	Model2501	100	LMMSOFRFLAT	RFRSwap	5.286726	4.417975	3.188217878	0.09450255	0.031713247	 0 	0.1775	0.2679	0.5714	1.5449	0.631	-0.0024	-0.0006	3.7558	7.6416	103.9006	81.71984	0.01246884	15.8724	5.5	251	55246.2031	NA	NA	2.7848	0.03036112	9.55620272	3.0165	0.031946026	6.43404589	3.1477	0.032320764	3.2088562	3.1745	0.030586785	-3.11795182	3.144	0.029351192	-6.11376956	3.1344	0.02835769	-8.99717144
HTM	883916	36294YNS9	Agency MBS 30yr	A-3-Q	GOVERNMENT NATIONAL MORTGAGE A	0.00338621	5.5	50041	200487	678.89	0	690.52	687.15	101.7128	101.2163226	-3.37	7/31/2026	Model2501	100	LMMSOFRFLAT	RFRSwap	5.176829	5.044775	3.588774443	0.05759158	0.036488742	 0 	0.1625	0.2424	0.5164	1.4717	1.2076	-0.0073	-0.003	4.4018	7.7515	88.6966	65.21109	0.00338621	23.0045	6	235	43772.1641	NA	NA	2.9343	0.03299569	10.77329549	3.2887	0.035844669	7.3192986	3.4914	0.036780577	3.67014142	3.6206	0.035506707	-3.60648973	3.5963	0.034017179	-7.08509269	3.5672	0.032555629	-10.41144642
AFS	613559	36295PND0	Agency MBS 30yr	A-3-Q	GOVERNMENT NATIONAL MORTGAGE A	0.00598407	5	50406	40000000	239362.8	17805.2	239362.8	238764.64	100	99.7501026	-598.16	7/31/2026	Model2501	100	LMMSOFRFLAT	RFRSwap	5.066371	5.003153	3.775518179	0.01223939	0.037818145	 91 	0.1536	0.2368	0.5105	1.4119	1.4543	0.0172	-0.0054	4.6917	7.4097	74.8807	51.47	0.00598407	21.8676	5.5	224	90043.8516	NA	NA	2.423	0.026766118	10.301833	3.0934	0.033242349	7.29470212	3.5493	0.036884818	3.75599168	3.8402	0.037024487	-3.75329848	3.8418	0.035643794	-7.3871015	3.8611	0.034470249	-10.88994066
AFS	613704	36295WBR7	Agency MBS 30yr	A-3-Q	GOVERNMENT NATIONAL MORTGAGE A	0.04395281	5	50496	1182631	51979.96	6431.75	53223.24	51572.46	102.3919	99.2160467	-1650.79	7/31/2026	Model2501	100	LMMSOFRFLAT	RFRSwap	5.247668	4.217202	2.969626427	0.05370969	0.029587194	 15 	0.1875	0.2852	0.6119	1.4943	0.3973	-0.0044	-0.0012	3.4733	6.8359	100.7596	80.3403	0.04395281	13.2347	5.5	220	51979.957	NA	NA	2.3831	0.025801552	8.63464116	2.7111	0.028610675	5.89989109	2.8914	0.029667489	2.97181836	2.9753	0.028774297	-2.9227012	2.9554	0.027746143	-5.74857332	2.9466	0.026860086	-8.47715856
AFS	613372	36296A5W0	Agency MBS 30yr	A-3-Q	GOVERNMENT NATIONAL MORTGAGE A	0.026291	5	50526	1101913	28970.39	1968.56	29708.82	28759.03	102.5489	99.2704104	-949.8	7/31/2026	Model2501	100	LMMSOFRFLAT	RFRSwap	5.188714	4.371552	3.863153219	0.1221661	0.038510647	 11 	0.1506	0.2258	0.4897	1.4498	1.5214	0.0288	-0.001	4.7194	7.3364	88.95	63.91342	0.026291	15.7514	5.5	220	28970.3945	NA	NA	3.4975	0.038995512	11.80695917	3.6915	0.039700888	7.85986581	3.8004	0.039367277	3.90011294	3.8593	0.037013501	-3.78083263	3.8306	0.035351932	-7.3982547	3.824	0.03396678	-10.86104774
HTM	883898	36296BAD4	Agency MBS 30yr	A-3-Q	GOVERNMENT NATIONAL MORTGAGE A	0.02431058	5.5	50557	1754161	42644.67	0	42429.32	42409.6	99.495	99.4487741	-19.72	7/31/2026	Model2501	100	LMMSOFRFLAT	RFRSwap	5.670679	5.651626	2.41187501	0.03671812	0.024096346	 10 	0.2286	0.342	0.7183	1.0701	0.0557	-0.0015	-0.0004	2.7541	7.0557	145.3075	129.4599	0.02431058	16.2627	5.875	219	42644.6719	NA	NA	2.107	0.022560455	7.16902205	2.2821	0.023903612	4.8381099	2.3714	0.024266563	2.42163101	2.4131	0.023533516	-2.38448588	2.3948	0.022800067	-4.70146721	2.3822	0.022144718	-6.94720128
HTM	883894	36296DAR9	Agency MBS 30yr	A-3-Q	GOVERNMENT NATIONAL MORTGAGE A	0.02735926	5.5	50587	15000000	410388.9	0	423448.7	421415.76	103.1823	102.6869286	-2032.94	7/31/2026	Model2501	100	LMMSOFRFLAT	RFRSwap	4.805076	4.679103	3.585633993	-0.02470127	0.036984116	 152 	0.1664	0.2468	0.5153	1.3697	1.2999	-0.0034	-0.0074	4.4947	8.5693	49.075	26.17896	0.02735926	15.7472	6	219	52616.8711	NA	NA	2.5534	0.028975183	10.33319707	3.0533	0.033688821	7.19115604	3.3913	0.036224794	3.67173647	3.6773	0.036573417	-3.68934912	3.681	0.035285413	-7.28617292	3.6721	0.033930723	-10.74503626
AFS	613396	36296JSX4	Agency MBS 30yr	A-3-Q	GOVERNMENT NATIONAL MORTGAGE A	0.03767928	5	50983	1417933	53426.69	3551.01	56986.62	53073.61	106.6632	99.339122	-3913.01	7/31/2026	Model2501	100	LMMSOFRFLAT	RFRSwap	5.16236	3.527893	4.071262836	0.05077266	0.040613204	 22 	0.1421	0.2214	0.4887	1.378	1.7454	0.1051	-0.0064	5.1474	7.489	82.3179	57.72314	0.03767928	15.3409	5.5	205	80495.4219	NA	NA	2.5897	0.028736198	11.20695471	3.3883	0.036480997	7.91329466	3.8534	0.040002648	4.05446811	4.1219	0.039464176	-4.01305466	4.1314	0.037956316	-7.88360271	4.1437	0.036526039	-11.60762585
HTM	883507	36296PQM6	Agency MBS 30yr	A-3-Q	GOVERNMENT NATIONAL MORTGAGE A	0.053757	6	50649	1022856	54985.67	0	56699.52	56606.22	103.1169	102.9472181	-93.3	7/31/2026	Model2501	100	LMMSOFRFLAT	RFRSwap	5.193764	5.148033	3.419101954	-0.03014278	0.035369661	 19 	0.1757	0.2557	0.5221	1.364	1.13	-0.0194	-0.0072	4.3152	9.021	88.4067	66.78525	0.053757	12.9423	6.5	215	54985.6719	NA	NA	2.3989	0.027167657	9.80279632	2.8831	0.031800505	6.85331003	3.2318	0.034565836	3.50915567	3.5263	0.035230502	-3.53815657	3.5553	0.034282755	-7.01991241	3.5533	0.033067133	-10.38676635
HTM	883506	36296PQN4	Agency MBS 30yr	A-3-Q	GOVERNMENT NATIONAL MORTGAGE A	0.05755821	6	50649	1412420	81296.37	0	83587.35	83448.65	102.8181	102.6474579	-138.7	7/31/2026	Model2501	100	LMMSOFRFLAT	RFRSwap	5.297388	5.253748	3.553622484	-0.08983922	0.036654714	 30 	0.1681	0.2531	0.5234	1.3561	1.2785	-0.0125	-0.0102	4.5833	8.3496	96.0991	75.44406	0.05755821	12.5495	6.25	215	81296.3672	NA	NA	2.1088	0.023764877	9.54381634	2.7348	0.030087171	6.86807045	3.2573	0.034768227	3.59238792	3.6973	0.03677379	-3.68567307	3.7278	0.035723593	-7.31801514	3.719	0.034336355	-10.82053379
HTM	883888	36296PSK8	Agency MBS 30yr	A-3-Q	GOVERNMENT NATIONAL MORTGAGE A	0.08989741	5.5	50710	2047589	184072.95	0	188169.33	187254.86	102.2254	101.728614	-914.47	7/31/2026	Model2501	100	LMMSOFRFLAT	RFRSwap	5.085874	4.966225	3.778401852	-0.1242081	0.038610335	 71 	0.1579	0.2399	0.5005	1.3249	1.5365	0.0335	-0.0111	4.8846	8.0688	72.2762	51.58062	0.08989741	10.3844	6	213	92036.4766	NA	NA	2.135	0.023924926	9.87503934	2.8246	0.030885374	7.15707912	3.4207	0.036243059	3.76605389	3.9577	0.038901642	-3.89338677	4.0086	0.037860341	-7.73882577	4.0266	0.036532532	-11.45870304
HTM	883504	36296PSL6	Agency MBS 30yr	A-3-Q	GOVERNMENT NATIONAL MORTGAGE A	0.06394818	6	50710	2464566	157604.51	0	163250.3	162983.04	103.5823	103.412677	-267.26	7/31/2026	Model2501	100	LMMSOFRFLAT	RFRSwap	5.139716	5.097571	3.553642988	-0.18114	0.036926858	 58 	0.1747	0.2565	0.5078	1.2418	1.3787	0.0123	-0.0145	4.7086	9.2896	76.8563	57.71719	0.06394818	12.2243	6.5	214	107664.9219	NA	NA	1.9569	0.022119608	9.11960336	2.5152	0.027813073	6.66920584	3.1423	0.033771902	3.56206432	3.7868	0.037926055	-3.75822535	3.8801	0.037395574	-7.53565709	3.914	0.036280029	-11.21990543
HTM	883499	36296XD43	Agency MBS 30yr	A-3-Q	GOVERNMENT NATIONAL MORTGAGE A	0.08747636	6	50710	1660346	145241.02	0	149500.78	149253.87	102.9329	102.7628901	-246.91	7/31/2026	Model2501	100	LMMSOFRFLAT	RFRSwap	5.289919	5.246499	3.578284025	-0.07413094	0.036950395	 54 	0.1648	0.2498	0.5187	1.3875	1.2877	-0.018	-0.0096	4.5967	7.8003	95.8385	74.92789	0.08747636	10.5804	6.5	214	72620.5156	NA	NA	2.2765	0.025733365	9.77495207	2.8064	0.030933117	6.96254104	3.2928	0.035197075	3.62840574	3.7197	0.037030086	-3.71149636	3.7503	0.035963614	-7.36874354	3.74	0.034545902	-10.89405806
HTM	883502	36296XD50	Agency MBS 30yr	A-3-Q	GOVERNMENT NATIONAL MORTGAGE A	0.08480096	6	50679	1448360	122822.32	0	126365.26	126156.1	102.8846	102.714309	-209.17	7/31/2026	Model2501	100	LMMSOFRFLAT	RFRSwap	5.344042	5.302865	3.701408148	-0.1431467	0.038203828	 47 	0.1618	0.2488	0.5098	1.3227	1.462	0.0127	-0.0128	4.8783	7.8918	97.498	77.96198	0.08480096	10.8108	6.5	214	122822.3203	NA	NA	2.2595	0.025520112	9.72929588	2.7259	0.030043203	6.9992439	3.3083	0.035372999	3.70634	3.8898	0.038646277	-3.86048388	3.9377	0.037617777	-7.6824136	3.9382	0.036169134	-11.3721769
AFS	613707	36297GHU7	Agency MBS 30yr	A-3-Q	GOVERNMENT NATIONAL MORTGAGE A	0.00565885	5	49614	1581201	8947.78	27659.71	9450.5	8885.74	105.6184	99.3066074	-564.76	7/31/2026	Model2501	100	LMMSOFRFLAT	RFRSwap	5.236404	3.013849	2.689147949	0.06398544	0.026817063	 2 	0.2085	0.309	0.6439	1.3171	0.2129	-0.0012	-0.0002	3.0872	8.0811	101.5475	82.44161	0.00565885	22.9627	5.5	258	23660.7891	NA	NA	2.5688	0.027727699	8.21645161	2.6203	0.027558664	5.45078889	2.663	0.027277507	2.70780339	2.6808	0.026024548	-2.64465542	2.6579	0.025123307	-5.20185381	2.6458	0.024354329	-7.67379032
AFS	613753	36297GQ29	Agency MBS 30yr	A-3-Q	GOVERNMENT NATIONAL MORTGAGE A	0.29367283	4	51622	15020068	4410985.88	358653.35	4451447.72	4155479.92	100.9173	94.2075091	-295967.8	7/31/2026	Model2501	100	LMMSOFRFLAT	RFRSwap	5.12389	3.836886	5.182518005	0.3311175	0.048995961	 2,161 	0.097	0.1539	0.3739	1.3877	2.7555	0.418	-0.002	6.5279	4.2603	77.2635	46.21455	0.29367283	5.1389	4.5	183	85183.7031	NA	NA	4.7213	0.0520202	15.64072183	5.0935	0.053418741	10.3350211	5.2093	0.051880565	5.05052642	5.1051	0.045843128	-4.74177892	5.0209	0.042861719	-9.17495843	4.922	0.039979033	-13.31638149
AFS	613532	36297GQC7	Agency MBS 30yr	A-3-Q	GOVERNMENT NATIONAL MORTGAGE A	0.2682328	4	51502	2017136	541062.04	54599.92	547282.65	509728.13	101.1497	94.2088137	-37554.52	7/31/2026	Model2501	100	LMMSOFRFLAT	RFRSwap	5.158516	3.787076	5.034299374	0.3065114	0.047595348	 258 	0.1007	0.1604	0.3867	1.4176	2.6417	0.3294	-0.0009	6.287	4.2908	81.7854	51.21501	0.2682328	5.4332	4.5	188	80674.8672	NA	NA	4.6655	0.051208008	15.2157999	4.9681	0.051953208	10.03178645	5.0611	0.050329618	4.90129568	4.9695	0.04468929	-4.61491289	4.8875	0.041837867	-8.93968963	4.7919	0.039081711	-12.98507782
233_PUB_HTM	611274	363046WQ2	MUNI	IG-2	GAINESVILLE TX		3.75	48625	320000	320000	0	320000	312792.54	100	97.74767	-7207.46	7/31/2026	Muni	100	Single	RFRSwap	4.146549	3.749782	3.596921444	-1.699817	0.035781037	 114 	0.1868	0.2417	0.3435	2.1154	0.7744	0	0	3.5808	0	-50.9118	-8.797806	0	0	0	0	0	0	0	0.145	0.001487067	3.07965436	0.1601	0.001639333	2.92847027	0.1643	0.001679526	2.76016242	2.8126	0.028355183	1.33741056	4.5671	0.044282913	-2.51537169	5.0907	0.04700502	-7.1413199
233_PUB_HTM	611841	363046WR0	MUNI	IG-2	GAINESVILLE TX		3.75	48990	330000	330000	0	330000	319567.61	100	96.83867	-10432.39	7/31/2026	Muni	100	Single	RFRSwap	4.244169	3.749808	4.370702267	-1.587629	0.043081064	 142 	0.1371	0.2172	0.3277	2.0867	1.6565	0	0	4.4805	0	-39.1958	-2.13052	0	0	0	0	0	0	0	0.1449	0.001485904	3.96911941	0.16	0.001638058	3.81805327	0.1642	0.001678226	3.64987605	4.0901	0.040782906	1.14380058	5.5079	0.052248199	-3.70765371	5.9023	0.0528575	-9.01355644
233_PUB_HTM	611189	364195GZ4	MUNI	IG-2	GALVESTON CNTY TX		4	48976	2350000	2350000	0	2366563.48	2354050.7	100.7048	100.17237	-12512.78	7/31/2026	Muni	100	Single	RFRSwap	3.973197	3.890745	1.8616997	-1.874571	0.019021427	 447 	0.4357	0.1674	0.1729	0.6976	0.5082	0	0	1.8141	0	-156.9699	-34.24588	0	0	0	0	0	0	0	0.5074	0.005338738	3.04702338	0.5047	0.005283935	2.51589767	0.5021	0.005229971	1.99021017	1.394	0.014333211	0.64896443	3.3842	0.033973321	-1.78307554	4.7315	0.04555963	-5.88228778
233_PUB_HTM	611914	364195HA8	MUNI	IG-2	GALVESTON CNTY TX		4	49341	1430000	1430000	0	1439878.41	1431584.58	100.6908	100.11081	-8293.83	7/31/2026	Muni	100	Single	RFRSwap	3.984503	3.903718	2.047725201	-2.090613	0.020909488	 299 	0.4197	0.1675	0.1747	0.6084	0.8161	0	0	1.9825	0	-159.9998	-31.30136	0	0	0	0	0	0	0	0.5076	0.005342029	3.14038384	0.5049	0.005287175	2.60893166	0.5023	0.005233161	2.08292269	1.6441	0.016889816	0.6183141	3.9083	0.039035011	-2.23434163	5.316	0.050649915	-6.83235038
233_PUB_HTM	611460	3652982R8	MUNI	IG-2	GARDEN GROVE CA UNIF SCH DIST		3	51714	1705000	1705000	0	1590330.51	1426521.5	93.2745	83.66695	-163809.01	7/31/2026	Muni	100	Single	RFRSwap	4.510194	3.583527	10.33378792	0.6069914	0.088009715	 1,501 	-0.0065	-0.0175	0.0178	0.2692	5.2524	4.8199	0	12.49	0	-17.4625	-0.96477	0	0	0	0	0	0	0	3.8659	0.044793744	30.70237211	5.3374	0.059224814	25.79423241	8.1056	0.084044911	18.52062971	10.4365	0.089286149	0.38504686	10.6218	0.08176218	-8.1909382	10.5259	0.072886117	-15.92247942
233_PUB_HTM	612032	366244JG7	MUNI	IG-2	GARNER NC		4	47880	620000	620000	0	620000	620083.45	100	100.01346	83.45	7/31/2026	Muni	100	Single	RFRSwap	3.996702	4	0.859134614	-1.784107	0.008764329	 54 	0.2416	0.0971	0.2066	0.3278	0	0	0	0.7626	0	-120.7487	-18.72466	0	0	0	0	0	0	0	0.1262	0.001296986	0.75079895	0.1259	0.00129197	0.62135143	0.1256	0.001286987	0.49240383	0.1329	0.001358403	0.23599556	1.8641	0.018890243	-0.67461234	3.1036	0.030639997	-3.28943121
233_PUB_HTM	612441	372622GH7	MUNI	IG-2	GEORGETOWN CNTY SC		4	47908	1590000	1590000	0	1629306.64	1612671.49	102.4721	101.42588	-16635.15	7/31/2026	Muni	100	Single	RFRSwap	3.658653	3.412219	2.222391129	-0.5685347	0.022911195	 364 	0.3569	0.7365	0.447	0.7031	0	0	0	2.1467	0	-141.5955	-109.3309	0	0	0	0	0	0	0	1.5281	0.017009865	8.22358841	1.5448	0.016936088	6.53820755	1.5399	0.016622413	4.85555953	2.0815	0.021720428	1.25873959	2.7132	0.027642261	-1.2111246	3.1951	0.031602699	-4.18320769
233_PUB_HTM	612504	372712AS8	MUNI	IG-2	GEORGETOWN KY		3.5	48000	290000	290000	0	290000	283839.96	100	97.87585	-6160.04	7/31/2026	Muni	100	Single	RFRSwap	3.986652	3.499236	3.069993258	-1.168121	0.030226903	 88 	0.1829	0.2524	0.5637	2.1012	0	0	0	2.9445	0	-50.8303	-19.97122	0	0	0	0	0	0	0	0.0445	0.000449268	2.50857081	0.0786	0.000793337	2.45765083	0.0886	0.000893454	2.36815111	2.4151	0.024082627	1.25961	3.709	0.035810277	-1.9106531	4.0582	0.037672311	-5.62815649
233_PUB_HTM	612848	372712AT6	MUNI	IG-2	GEORGETOWN KY		3.5	48366	250000	250000	0	250000	242048.8	100	96.81952	-7951.2	7/31/2026	Muni	100	Single	RFRSwap	4.11813	3.499356	3.89279604	-1.063948	0.037916943	 95 	0.1188	0.2187	0.3639	2.7402	0.4861	0	0	3.8797	0	-35.8313	-9.517443	0	0	0	0	0	0	0	0.0445	0.000448871	3.55180333	0.0786	0.000792639	3.50092826	0.0885	0.000892672	3.4115071	3.3583	0.033231854	1.55212015	4.5084	0.042829894	-2.40344919	4.826	0.043739147	-6.77045212
233_PUB_HTM	612081	373046WR8	MUNI	IG-2	GEORGETOWN TX INDEP SCH DIST		4	49536	300000	300000	0	309155.18	300902.13	103.0517	100.30071	-8253.05	7/31/2026	Muni	100	Single	RFRSwap	3.959911	3.601283	4.034508228	-1.21703	0.041210547	 124 	0.0005	0.8003	0.4368	0.9571	1.8633	0	0	4.0122	0	-124.0107	-35.37672	0	0	0	0	0	0	0	1.9848	0.022615891	11.7996833	1.9788	0.022105647	9.5694865	2.0393	0.022334034	7.37200887	4.1152	0.042547178	1.24486955	5.2829	0.052075233	-3.5713842	6.042	0.056252949	-9.04230788
233_PUB_HTM	612598	373046WS6	MUNI	IG-2	GEORGETOWN TX INDEP SCH DIST		4	49902	445000	445000	0	458201.02	445637.82	102.9665	100.14333	-12563.2	7/31/2026	Muni	100	Single	RFRSwap	3.982366	3.644345	4.325876236	-1.387688	0.04411865	 196 	0.0003	0.7767	0.4213	0.5805	2.5723	0.0091	0	4.2936	0	-128.7338	-36.63095	0	0	0	0	0	0	0	1.9854	0.022646436	12.07638775	1.9794	0.022135399	9.84318675	2.0494	0.022466889	7.64107085	4.4112	0.045546122	1.26353928	5.7009	0.05593292	-3.87492035	6.4989	0.059961393	-9.72445598
233_PUB_HTM	612086	373385HA4	MUNI	IG-2	GEORGIA ST		3	50983	20000000	20000000	0	19988480.55	17574478	99.9424	87.87239	-2414002.55	7/31/2026	Muni	100	Single	RFRSwap	4.221764	3.005385	9.07006073	0.171414	0.081061296	 16,212 	-0.008	-0.019	0.0773	0.4805	6.1101	2.4198	0	10.3726	0	-44.3144	-23.76008	0	0	0	0	0	0	0	3.8593	0.045202199	27.75164839	4.6854	0.052679453	23.06017444	6.8161	0.072366215	16.79674329	9.1557	0.082403496	0.62961474	9.4635	0.077575259	-7.39955017	9.5157	0.07093326	-14.8287635
233_PUB_HTM	612356	373385HB2	MUNI	IG-2	GEORGIA ST		3	51349	10000000	10000000	0	9913235.03	8653258	99.1324	86.53258	-1259977.03	7/31/2026	Muni	100	Single	RFRSwap	4.289519	3.076742	9.625464439	0.3433493	0.084735446	 8,474 	-0.0079	-0.0183	0.0557	0.4269	5.7109	3.4413	0	11.1135	0	-40.7223	-20.26567	0	0	0	0	0	0	0	3.8609	0.045149077	28.90780478	4.8563	0.054483812	24.15890439	7.2531	0.076585747	17.55766358	9.751	0.086348951	0.52148194	10.0007	0.080204755	-7.83321923	10.02	0.07268735	-15.49035141
233_PUB_HTM	611226	374118XN2	MUNI	IG-2	GERMANTOWN WI		3.5	48639	440000	440000	0	440000	438584.7	100	99.67834	-1415.3	7/31/2026	Muni	100	Single	RFRSwap	3.554862	3.499638	1.814325094	-2.395241	0.01834948	 81 	0.2675	0.1217	0.1488	0.8597	0.2843	0	0	1.3928	0	-162.3781	-67.91717	0	0	0	0	0	0	0	0.1692	0.001736951	1.54489639	0.202	0.002070821	1.3655839	0.2114	0.002162631	1.14880961	0.8597	0.008746282	0.6047562	3.3555	0.033415675	-1.55257781	4.5971	0.043946054	-5.54136181
233_PUB_HTM	611477	374118XP7	MUNI	IG-2	GERMANTOWN WI		3.5	49004	455000	455000	0	455000	451341.66	100	99.19597	-3658.34	7/31/2026	Muni	100	Single	RFRSwap	3.621871	3.49968	2.592566252	-2.775116	0.026095295	 119 	0.2854	0.1923	0.2289	1.0925	0.8446	0	0	2.3906	0	-146.1897	-64.37416	0	0	0	0	0	0	0	0.169	0.001734938	1.99260782	0.2019	0.002068434	1.8135026	0.2113	0.002160151	1.59697754	1.7997	0.018240472	0.69582692	4.5597	0.044700198	-2.62043347	5.5381	0.051572293	-7.53192102
233_PUB_HTM	611352	378460WY1	MUNI	IG-2	GLENDALE CA UNIF SCH DIST		4	48823	1300000	1300000	0	1302134.22	1301555.06	100.1642	100.11962	-579.16	7/31/2026	Muni	100	Single	RFRSwap	2.519554	1.993109	0.085613407	0.000292834	0.000871427	 11 	0.0856	0	0	0	0	0	0	0.0833	0	-136.4317	-136.4317	0	0	0	0	0	0	0	0.0433	0.000442547	0.36837145	0.0765	0.00078088	0.31822377	0.0862	0.000879329	0.23013913	0.0858	0.000873306	0.05487685	0.0855	0.000870322	-0.03230441	0.0853	0.000867356	-0.11918816
233_PUB_HTM	612834	378460WZ8	MUNI	IG-2	GLENDALE CA UNIF SCH DIST		4	49188	3130000	3130000	0	3135138.53	3133744.11	100.1642	100.11962	-1394.42	7/31/2026	Muni	100	Single	RFRSwap	2.519554	1.993109	0.085613407	0.000292834	0.000871427	 27 	0.0856	0	0	0	0	0	0	0.0833	0	-136.4317	-136.4317	0	0	0	0	0	0	0	0.0433	0.000442547	0.36837145	0.0765	0.00078088	0.31822378	0.0862	0.000879329	0.23013913	0.0858	0.000873306	0.05487685	0.0855	0.000870322	-0.03230441	0.0853	0.000867356	-0.11918816
233_PUB_HTM	611665	378460XA2	MUNI	IG-2	GLENDALE CA UNIF SCH DIST		4	49553	570000	570000	0	570935.77	570681.83	100.1642	100.11962	-253.94	7/31/2026	Muni	100	Single	RFRSwap	2.519554	1.993109	0.085613407	0.000292834	0.000871427	 5 	0.0856	0	0	0	0	0	0	0.0833	0	-136.4317	-136.4317	0	0	0	0	0	0	0	0.0433	0.000442547	0.36837145	0.0765	0.00078088	0.31822378	0.0862	0.000879329	0.23013913	0.0858	0.000873306	0.05487685	0.0855	0.000870322	-0.03230441	0.0853	0.000867356	-0.11918816
233_PUB_HTM	611748	379713KF6	MUNI	IG-2	GLOUCESTER MA	1	3	49567	825000	825000	0	825189.47	759461.09	100.023	92.05589	-65728.38	7/31/2026	Muni	100	Single	RFRSwap	4.104381	2.996676	6.367584705	-0.2731419	0.059339028	 490 	-0.0095	0.0789	0.2081	2.0108	4.0748	0	0	6.7483	0	-37.1481	-19.91987	0	0	0	0	0	0	0	2.0392	0.022348162	16.40274499	2.1671	0.023268005	14.18143925	3.5661	0.037264071	11.30481988	6.33	0.059594493	0.95759658	6.7514	0.059515186	-5.03736757	6.8871	0.056696706	-10.86577745
233_PUB_HTM	612581	382372CD0	MUNI	IG-2	GOODLETTSVILLE TN		2.5	47178	165000	165000	0	165000	160176.8	100	97.07685	-4823.2	7/31/2026	Muni	100	Single	RFRSwap	3.696188	2.499566	2.294204473	-0.1406236	0.022510393	 37 	0.0475	1.0458	1.1986	0	0	0	0	2.3675	0	-50.5782	-47.11206	0	0	0	0	0	0	0	0.0316	0.000320281	3.13491802	0.0558	0.000565231	3.09862222	0.0629	0.00063665	3.03485544	2.1333	0.02121417	1.32414527	2.3615	0.022952287	-0.92517966	2.3837	0.02262312	-3.21081772
233_PUB_HTM	612467	382372CE8	MUNI	IG-2	GOODLETTSVILLE TN		2.5	47543	170000	170000	0	170000	162188.16	100	95.4048	-7811.84	7/31/2026	Muni	100	Single	RFRSwap	3.885621	2.499683	3.163946867	-0.09986731	0.030515149	 52 	0.0029	0.0937	2.2231	0.8407	0	0	0	3.3	0	-31.7504	-28.32615	0	0	0	0	0	0	0	0.0316	0.00031994	4.79526844	0.0558	0.000564634	4.75901109	0.0629	0.000635981	4.69531157	3.0653	0.030044319	1.56702327	3.248	0.030835476	-1.50916552	3.2582	0.029940156	-4.55343637
233_PUB_HTM	612222	382372CF5	MUNI	IG-2	GOODLETTSVILLE TN		2.75	47908	175000	175000	0	175000	166644.08	100	95.22519	-8355.92	7/31/2026	Muni	100	Single	RFRSwap	3.897235	2.749695	3.78832221	-0.2854739	0.036508448	 64 	0.0176	0.1133	0.9847	2.6717	0	0	0	3.9216	0	-36.0852	-28.26098	0	0	0	0	0	0	0	0.0316	0.000320396	4.99290775	0.0558	0.000565438	4.95659875	0.0629	0.000636886	4.89280855	3.6577	0.035819385	1.55765145	4.0094	0.037766531	-2.17663472	4.0625	0.036747973	-5.91352562
233_PUB_HTM	612931	382372CG3	MUNI	IG-2	GOODLETTSVILLE TN		2.75	48274	180000	180000	0	180000	168864.66	100	93.8137	-11135.34	7/31/2026	Muni	100	Single	RFRSwap	3.996824	2.749746	4.596173763	-0.2266397	0.04364505	 79 	-0.0006	0.0633	0.2123	3.8404	0.4725	0	0	4.8348	0	-28.2302	-20.87258	0	0	0	0	0	0	0	0.0316	0.000320254	6.39951335	0.0558	0.000565189	6.3632204	0.0629	0.000636606	6.29945826	4.4808	0.043331113	1.74460197	4.8173	0.044447161	-2.69465729	4.8651	0.042761438	-7.06581225
233_PUB_HTM	612795	382372CH1	MUNI	IG-2	GOODLETTSVILLE TN		2.75	48639	185000	185000	0	183937.1	170795.33	99.4255	92.3218	-13141.77	7/31/2026	Muni	100	Single	RFRSwap	4.091928	2.846087	5.388345242	-0.1408914	0.050363589	 93 	-0.0092	0.0324	0.1395	3.6556	1.5703	0	0	5.7638	0	-21.189	-14.31508	0	0	0	0	0	0	0	0.0316	0.000320127	7.88703687	0.0558	0.000564965	7.8507583	0.0628	0.000636356	7.78702129	5.3333	0.050781339	1.7488157	5.6243	0.050674155	-3.36912794	5.6529	0.048133753	-8.31843796
233_PUB_HTM	611449	382505KB0	MUNI	IG-2	GOODYEAR AZ		3	47300	325000	325000	0	325000	320242.1	100	98.53603	-4757.9	7/31/2026	Muni	100	Single	RFRSwap	3.531983	2.999442	2.0471766	-0.7794238	0.020223245	 66 	0.2276	0.4343	1.4272	0	0	0	0	2.0091	0	-85.367	-63.6776	0	0	0	0	0	0	0	0.0446	0.000448506	1.83511509	0.0787	0.000791983	1.78428179	0.0888	0.00089192	1.69493529	1.4266	0.014242353	1.04837899	2.3438	0.022937195	-0.92286124	2.5899	0.024720317	-3.338417
233_PUB_HTM	611295	382505KC8	MUNI	IG-2	GOODYEAR AZ		3	47665	400000	400000	0	400000	390605.08	100	97.65127	-9394.92	7/31/2026	Muni	100	Single	RFRSwap	3.648467	2.999578	2.811622858	-0.8027717	0.027526144	 110 	0.1603	0.2479	1.4442	0.9925	0	0	0	2.7434	0	-73.7134	-52.30664	0	0	0	0	0	0	0	0.0445	0.000448197	2.70971521	0.0787	0.000791441	2.65891681	0.0887	0.000891312	2.56963135	2.2696	0.02251772	1.31407376	3.1936	0.030796241	-1.46956169	3.4346	0.032030944	-4.64189345
233_PUB_HTM	612941	382505KD6	MUNI	IG-2	GOODYEAR AZ		3	48030	155000	155000	0	155000	150308.43	100	96.97318	-4691.57	7/31/2026	Muni	100	Single	RFRSwap	3.678171	2.999659	3.472055674	-0.8734611	0.033756427	 52 	0.1238	0.2113	0.4806	2.6779	0	0	0	3.3828	0	-73.9735	-50.94273	0	0	0	0	0	0	0	0.0445	0.000448204	3.38803189	0.0787	0.000791453	3.33723271	0.0887	0.000891326	3.24794589	3.0336	0.029917803	1.39740338	3.9956	0.03799621	-2.12831139	4.2481	0.038753517	-5.99823164
AFS	614605	38376CJT7	Agency CMO	A-4-Q	GOVERNMENT NATIONAL MORTGAGE A	0.00191619	4	50922	2000000	3832.38	9825.23	3893.13	3823.08	101.5853	99.75729	-70.06	7/31/2026	Model2501	100	LMMSOFRFLAT	RFRSwap	4.118001	-3.246331	0.244303823	-0.01594936	0.002445252	 0 	0.2429	0.0002	0.0002	0.0006	0.0004	0.0003	0	0.2462	7.7025	21.8129	16.65768	0.00191619	17.624	5.8558	203	70173.7969	NA	NA	0.1957	0.001971232	0.65461036	0.2087	0.002097794	0.4492441	0.2222	0.002229538	0.2338441	0.2529	0.002525477	-0.2496265	0.2564	0.002552941	-0.50358589	0.261	0.002592999	-0.76055331
HTM	884823	38381N3P1	Agency CMO	A-4-Q	GOVERNMENT NATIONAL MORTGAGE A	0.826772778	5	55305	70278598	58104431.7	0	57660653.57	57610358.1	99.2362	99.14968	-50295.47	7/31/2026	Model2501	100	LMMSOFRFLAT	RFRSwap	5.242659	5.213784	2.563175917	-1.279759	0.025520606	 14,829 	0.2663	0.3796	0.5496	0.9081	0.4655	0.007	0.0035	3.1421	11.3638	54.5852	101.2139	0.82677277	11.1647	6.5295	12	237714.9531	NA	NA	0.3916	0.004005554	2.72320267	0.2465	0.002514723	2.43461648	1.0781	0.010933645	1.85071827	3.6661	0.035370123	-3.08678639	4.5605	0.042220023	-6.98921855	5.3354	0.047001723	-11.47255817
HTM	884819	38381NUE6	Agency CMO	A-4-Q	GOVERNMENT NATIONAL MORTGAGE A	0.739948294	5	55244	35382357	26181114.7	0	25995413.24	25973147.63	99.2907	99.20566	-22265.6	7/31/2026	Model2501	100	LMMSOFRFLAT	RFRSwap	5.243881	5.212228	2.372567892	-1.142542	0.023636073	 6,188 	0.281	0.391	0.5469	0.8294	0.3289	0.0049	0.0038	2.8073	11.7781	57.9273	102.5062	0.73994829	15.9386	6.5801	14	222981.9531	NA	NA	0.3648	0.003728477	2.57894354	0.2697	0.00274868	2.28769357	1.0276	0.01041421	1.71984917	3.4153	0.033045758	-2.86547594	4.319	0.040197339	-6.55237791	5.117	0.045424998	-10.84900075
HTM	885670	38381NZP6	Agency CMO	A-4-Q	GOVERNMENT NATIONAL MORTGAGE A	0.93466331	5	54483	86327000	80686679.56	0	80132310.56	80009944.24	99.3129	99.16128	-122366.32	7/31/2026	Model2501	100	LMMSOFRFLAT	RFRSwap	5.177945	5.143885	3.896739721	-0.9035297	0.038802937	 31,309 	0.1532	0.2547	0.5318	1.3816	1.4569	0.132	0.002	5.0112	9.2166	50.173	88.07269	0.93466331	3.8713	6.5126	21	321467.4375	NA	NA	1.5764	0.016842946	7.26912126	1.7527	0.018431239	5.57977641	2.6594	0.027369898	3.33940553	4.7621	0.04539879	-4.2435298	5.4059	0.048970215	-8.99101561	5.8141	0.049782891	-13.95343984
HTM	885679	38381NZR2	Agency CMO	A-4-Q	GOVERNMENT NATIONAL MORTGAGE A	0.94080674	5	54302	50000000	47040337	0	46898399.32	46827832.28	99.6983	99.54825	-70567.04	7/31/2026	Model2501	100	LMMSOFRFLAT	RFRSwap	5.090408	5.057582	4.200618744	-0.5656734	0.04199145	 19,753 	0.1249	0.2217	0.5173	1.5188	1.714	0.1165	-0.0029	5.3968	8.2703	49.1448	78.10287	0.94080674	3.2313	6.5094	18	231518.8906	NA	NA	2.3311	0.02556286	9.6945446	2.6651	0.028518904	7.0433891	3.3848	0.035148855	3.87818281	4.897	0.046772763	-4.45246591	5.4505	0.049424887	-9.28582871	5.8206	0.049879264	-14.2708491
HTM	883480	38381PAZ6	Agency CMO	A-4-Q	GOVERNMENT NATIONAL MORTGAGE A	0.890222467	5	54789	49029486	43647149.98	0	43160124.96	43117513.64	98.8842	98.78655	-42611.32	7/31/2026	Model2501	100	LMMSOFRFLAT	RFRSwap	5.338831	5.308735	2.82193327	-1.329412	0.027994486	 12,219 	0.233	0.373	0.5857	1.0746	0.5785	-0.0076	0.0019	3.5865	9.2503	66.2367	110.3323	0.89022246	5.8044	6.0558	13	248569.6875	NA	NA	0.2877	0.002933772	2.77484637	0.0639	0.000651153	2.66605883	1.2631	0.012794532	2.09194928	3.9397	0.037769824	-3.33407968	4.8677	0.044650164	-7.47666149	5.584	0.048594519	-12.17917862
HTM	883484	38381PC84	Agency CMO	A-4-Q	GOVERNMENT NATIONAL MORTGAGE A	0.792194722	5	55397	75000000	59414604.15	0	58939411.56	58906858.83	99.2002	99.14542	-32552.74	7/31/2026	Model2501	100	LMMSOFRFLAT	RFRSwap	5.235437	5.217977	2.657305717	-1.34359	0.026456689	 15,719 	0.2595	0.3768	0.5522	0.931	0.5395	0.0115	0.0035	3.3158	11.192	51.1859	100.0305	0.79219472	13.9409	6.5159	13	257680.9844	NA	NA	0.4027	0.004121721	2.78854146	0.2416	0.002466099	2.50314655	1.1029	0.01119181	1.91114746	3.8157	0.036765378	-3.20958361	4.7427	0.043775357	-7.26069827	5.5184	0.048379272	-11.89359298
HTM	884957	38381PEV1	Agency CMO	A-4-Q	GOVERNMENT NATIONAL MORTGAGE A	0.793995597	5	55366	157828000	125314737.1	0	124326447.1	124216954.9	99.2114	99.12398	-109492.13	7/31/2026	Model2501	100	LMMSOFRFLAT	RFRSwap	5.253351	5.223852	2.506942987	-1.319026	0.024954272	 31,271 	0.2755	0.3829	0.5263	0.8571	0.462	0.0142	0.0044	3.0426	11.573	52.9374	102.489	0.79399559	13.73	6.5005	12	255012.7188	NA	NA	0.4027	0.004113526	2.6133865	0.2489	0.002534951	2.30317443	0.9989	0.01012041	1.77590939	3.6712	0.035419188	-3.06275894	4.5962	0.042537209	-6.99228516	5.3529	0.04712908	-11.49711931
HTM	884521	38381PGX5	Agency CMO	A-4-Q	GOVERNMENT NATIONAL MORTGAGE A	0.859562655	5	55427	134699000	115782230.1	0	114909804.6	114807633.1	99.2465	99.15825	-102171.5	7/31/2026	Model2501	100	LMMSOFRFLAT	RFRSwap	5.187612	5.16636	3.456196547	-1.591236	0.034415048	 39,847 	0.1994	0.3162	0.5327	1.0761	1.193	0.1577	0.0042	4.6627	9.0671	35.2203	91.16138	0.85956265	9.0886	6.4657	14	467249	NA	NA	0.3162	0.003257491	3.43810906	0.2023	0.002080306	3.27056881	1.4896	0.015209005	2.5272836	4.7889	0.04573388	-4.07439657	5.6452	0.0511491	-8.96885593	6.1358	0.052394226	-14.18432142
HTM	885662	38381PM75	Agency CMO	A-4-Q	GOVERNMENT NATIONAL MORTGAGE A	0.950923161	5	55366	50000000	47546158.05	0	46983719.86	46920830.98	98.8171	98.6848	-62888.88	7/31/2026	Model2501	100	LMMSOFRFLAT	RFRSwap	5.314149	5.280518	3.220844984	-1.113488	0.031919047	 15,176 	0.1919	0.359	0.6316	1.1588	0.8716	0.0245	0.0001	4.2374	9.4152	63.0045	104.2712	0.95092316	2.3935	6.4569	13	217358.2188	NA	NA	0.3603	0.003712133	3.93137219	0.4909	0.005041571	3.59452813	1.7434	0.017719306	2.53539938	4.1413	0.0395431	-3.61628441	4.8618	0.044373199	-7.83203613	5.4833	0.047513776	-12.44893487
HTM	883476	38381PR21	Agency CMO	A-4-Q	GOVERNMENT NATIONAL MORTGAGE A	0.831001529	5	55366	53647863	44581456.18	0	44225532.92	44199442.14	99.2016	99.14311	-26090.78	7/31/2026	Model2501	100	LMMSOFRFLAT	RFRSwap	5.243248	5.223884	2.65571928	-1.231115	0.026440283	 11,787 	0.2547	0.3696	0.5686	0.9408	0.5191	0.0149	0.0044	3.2394	11.4007	56.0551	100.9794	0.83100152	11.0718	6.5032	13	218794.625	NA	NA	0.4097	0.004202875	3.02914276	0.363	0.003712004	2.7022898	1.2224	0.012411469	1.97016899	3.7469	0.036119271	-3.16288391	4.6563	0.043031264	-7.14380314	5.4566	0.047932971	-11.71553594
HTM	883470	38381PTU7	Agency CMO	A-4-Q	GOVERNMENT NATIONAL MORTGAGE A	0.853207081	5	54848	71714280	61187131.5	0	60507587.43	60447948.13	98.8894	98.79193	-59639.31	7/31/2026	Model2501	100	LMMSOFRFLAT	RFRSwap	5.36036	5.327867	2.634399176	-1.264533	0.026135506	 15,992 	0.2569	0.3833	0.5568	0.9811	0.4675	-0.002	0.0035	3.2526	9.8469	68.7316	113.4495	0.85320708	8.319	6.068	13	260754.5156	NA	NA	0.2884	0.002935095	2.57215283	0.0675	0.000686429	2.42686814	1.1423	0.011554165	1.93573617	3.7547	0.036067206	-3.15089632	4.6875	0.04316029	-7.13233821	5.4303	0.047517229	-11.70418734
HTM	883465	38381PUR2	Agency CMO	A-4-Q	GOVERNMENT NATIONAL MORTGAGE A	0.796159335	5	54820	56363166	44874060.76	0	44356486.46	44316352.47	98.8466	98.75717	-40133.98	7/31/2026	Model2501	100	LMMSOFRFLAT	RFRSwap	5.396189	5.364092	2.515849829	-1.118984	0.02495065	 11,196 	0.2652	0.3894	0.5661	0.9523	0.3529	-0.0016	0.0037	3.021	9.971	76.8153	117.7328	0.79615933	11.9562	6.0663	14	218479.4375	NA	NA	0.2691	0.002737515	2.57049544	0.1121	0.001138868	2.41717778	1.1628	0.011751628	1.8859667	3.5285	0.033943303	-2.97563003	4.4177	0.040839948	-6.72836414	5.1492	0.045365028	-11.07237803
HTM	883472	38381PYW7	Agency CMO	A-4-Q	GOVERNMENT NATIONAL MORTGAGE A	0.78674843	5	55397	75000000	59006132.25	0	58566100.86	58536897.78	99.2543	99.20477	-29203.07	7/31/2026	Model2501	100	LMMSOFRFLAT	RFRSwap	5.221377	5.205136	2.612164974	-1.246305	0.026022762	 15,355 	0.2587	0.3738	0.5609	0.933	0.4966	0.0022	0.0026	3.2554	11.234	52.8482	98.76846	0.78674842	14.3209	6.5077	15	229219.0469	NA	NA	0.3735	0.003826105	2.82887315	0.2707	0.002765518	2.55901369	1.1488	0.011664534	1.9158751	3.6973	0.035677269	-3.1252877	4.5975	0.042556368	-7.05723971	5.3914	0.047465798	-11.5815483
AFS	654272	38381QXN6	Agency CMO	A-4-Q	GOVERNMENT NATIONAL MORTGAGE A	0.840426993	5	55366	90000000	75638429.37	14376156.6	75702770.8	74792171.49	100.0851	98.88118	-910599.31	7/31/2026	Model2501	100	LMMSOFRFLAT	RFRSwap	5.315386	4.940074	2.749793291	-1.36653	0.027304856	 20,653 	0.2579	0.3819	0.553	0.9363	0.5933	0.0374	0.0073	3.311	11.1582	58.5374	108.2519	0.84042699	11.293	6.5044	11	274487.2812	NA	NA	0.4346	0.004443804	2.95961209	0.2892	0.002947332	2.62056023	1.1616	0.011765546	1.98701908	3.9205	0.03763698	-3.29796641	4.8394	0.044458143	-7.43109249	5.5896	0.048731517	-12.11530785
HTM	885642	38381U5P3	Agency CMO	A-4-Q	GOVERNMENT NATIONAL MORTGAGE A	0.964754065	5	56584	38098562	36755742.56	0	36328737.52	36243360.16	98.8383	98.60598	-85377.37	7/31/2026	Model2501	100	LMMSOFRFLAT	RFRSwap	5.286893	5.23773	4.178732872	-1.245963	0.041378919	 15,209 	0.1603	0.2603	0.4561	1.0927	1.7548	0.4645	0.0017	6.2172	8.9724	48.5353	96.96196	0.96475406	8.8126	6.5258	12	438518.5938	NA	NA	0.6212	0.006519932	5.9343616	0.9653	0.010070734	5.30267795	2.5843	0.026479725	3.4402341	5.4592	0.051493991	-4.69816579	6.261	0.055676855	-10.09683001	6.7102	0.055912212	-15.69870819
HTM	885638	38383B4G4	Agency CMO	A-4-Q	GOVERNMENT NATIONAL MORTGAGE A	0.96207741	4.75	56888	35000000	33672709.35	0	32905992.74	32826177.44	97.723	97.486	-79815.31	7/31/2026	Model2501	100	LMMSOFRFLAT	RFRSwap	5.27957	5.22784	3.66308856	-1.253002	0.03585498	 12,073 	0.2117	0.2402	0.3909	0.8512	1.3027	0.5505	0.0509	5.9621	11.41	53.1881	94.57099	0.9620774	12.247	6.5245	11	221325.7656	NA	NA	1.2626	0.013279752	7.29491494	1.7441	0.018090237	5.839504	3.1466	0.031835545	3.29111178	4.7021	0.044146303	-3.99601044	5.5131	0.049178332	-8.67953799	6.3422	0.053297523	-13.84491211
HTM	884814	38383BMP4	Agency CMO	A-4-Q	GOVERNMENT NATIONAL MORTGAGE A	0.838730534	5	55640	50000000	41936526.7	0	41847110.21	41806259.27	99.7868	99.68937	-40850.94	7/31/2026	Model2501	100	LMMSOFRFLAT	RFRSwap	5.062222	5.033431	2.588895321	-1.670112	0.025916405	 10,868 	0.2717	0.3797	0.525	0.8625	0.5711	0.0001	-0.0021	3.4933	11.4941	25.9659	81.11594	0.83873053	13.3554	6.5237	10	279918	NA	NA	0.4431	0.004544612	2.46791798	0.2113	0.002161158	2.16493103	0.8495	0.008650179	1.71599819	3.9282	0.038041014	-3.26605046	4.9107	0.04548905	-7.47401161	5.7058	0.050112218	-12.27970218
AFS	778527	38383BQK1	Agency CMO	A-4-Q	GOVERNMENT NATIONAL MORTGAGE A	0.961849489	4.5	56858	24009000	23093044.38	488193.48	23056777.94	22233715.25	99.843	96.27884	-823062.69	7/31/2026	Model2501	100	LMMSOFRFLAT	RFRSwap	5.281955	4.523249	4.148135662	-0.7145137	0.040093325	 9,259 	0.1724	0.2954	0.4903	1.0924	1.4717	0.557	0.0393	6.0105	9.6934	65.3586	92.35057	0.96184948	2.4937	6.432	14	222376.9062	NA	NA	1.5159	0.015927929	8.41626311	2.4396	0.025156487	6.46417384	3.2435	0.032525856	3.6265911	4.8459	0.04476615	-4.27528937	5.4322	0.047681533	-8.87862556	5.9467	0.049308721	-13.73613672
HTM	884811	38383LY95	Agency CMO	A-4-Q	GOVERNMENT NATIONAL MORTGAGE A	0.546873397	4.5	52749	30730012	16805426.05	0	16643134.16	16632533.51	99.0343	98.97121	-10600.65	7/31/2026	Model2501	100	LMMSOFRFLAT	RFRSwap	4.977139	4.941695	1.858509541	-0.3846776	0.018463587	 3,103 	0.2938	0.4469	0.7439	0.3525	0.0205	0.0032	0.0013	2.006	8.1968	66.0226	77.95905	0.54687339	5.6318	5.0534	53	245065.2969	NA	NA	-0.2355	-0.002400421	2.59176462	0.4789	0.004884224	2.64575601	1.375	0.013885449	1.63814765	2.2686	0.022078117	-2.02577901	2.7558	0.02615474	-4.43680687	3.1482	0.02900612	-7.21040022
HTM	614577	38383VP85	Agency CMO	A-4-Q	GOVERNMENT NATIONAL MORTGAGE A	0.713830169	4.75	55916	100000000	71383016.9	9638213.27	71927901.82	68130121.37	100.7633	95.44304	-3797780.45	7/31/2026	Model2501	100	LMMSOFRFLAT	RFRSwap	5.615459	4.611615	4.852065086	-0.6315064	0.046501644	 33,194 	0.1479	0.2174	0.4437	1.0529	1.7832	1.1191	0.1044	6.8642	9.8154	87.6724	121.6261	0.71383016	8.0174	5.5884	46	238526.625	NA	NA	1.0042	0.01048354	8.55472439	1.9895	0.020495672	7.17982512	3.7228	0.037261754	4.25276959	5.6042	0.050962158	-4.90398555	6.1949	0.053099509	-10.12386014	6.5334	0.05253388	-15.43087727
HTM	885633	38383VQQ4	Agency CMO	A-4-Q	GOVERNMENT NATIONAL MORTGAGE A	0.692478403	4.75	55916	30000000	20774352.09	0	20341567.98	20286967.09	97.9167	97.65391	-54600.9	7/31/2026	Model2501	100	LMMSOFRFLAT	RFRSwap	5.213554	5.160007	4.382515907	-0.7267172	0.042970456	 8,927 	0.1743	0.2377	0.4444	0.9919	1.5462	0.9274	0.0749	6.3011	11.5084	46.9031	82.79185	0.6924784	8.943	6.0192	44	172686.9219	NA	NA	1.0423	0.011027092	7.75035488	1.7549	0.018328542	6.39513643	3.2062	0.032671358	3.84935224	5.1283	0.047935359	-4.57829849	5.6903	0.050383128	-9.50718429	6.1453	0.051279366	-14.60537213
HTM	614668	38383VUV8	Agency CMO	A-4-Q	GOVERNMENT NATIONAL MORTGAGE A	0.688999043	5	55916	58511103	40314093.97	7411122.48	40573113.61	39339113.73	100.6425	97.58154	-1233999.88	7/31/2026	Model2501	100	LMMSOFRFLAT	RFRSwap	5.468414	4.878791	4.579681396	-0.9780098	0.044880059	 18,093 	0.1691	0.2419	0.441	1.021	1.6516	0.9887	0.0875	6.4242	11.6645	62.9722	110.7502	0.68899904	9.2138	6.5514	42	334232.5625	NA	NA	1.1527	0.012163794	7.53052187	1.5661	0.016323594	6.23024149	3.0857	0.03143777	3.88361208	5.4964	0.051196225	-4.85258434	6.0846	0.053471353	-10.11890898	6.4559	0.053275913	-15.47559834
HTM	614718	38383WBG0	Agency CMO	A-4-Q	GOVERNMENT NATIONAL MORTGAGE A	0.611282696	4.5	55916	53901945	32949326.26	6340610.17	32831690.59	31077389.37	99.643	94.31874	-1754301.22	7/31/2026	Model2501	100	LMMSOFRFLAT	RFRSwap	5.66545	4.563259	4.820521355	-0.5416996	0.045647323	 15,040 	0.1539	0.2002	0.4138	1.0293	1.7863	1.1348	0.116	6.4489	11.0586	99.2219	127.7091	0.61128269	12.0778	5.5525	47	168704.8281	NA	NA	1.5235	0.015899254	9.66621745	2.6453	0.027058907	7.59590019	3.9233	0.038820513	4.25519386	5.4455	0.048973385	-4.75996878	5.9288	0.050363611	-9.74654487	6.2402	0.049871836	-14.77398676
HTM	614838	38383WBJ4	Agency CMO	A-4-Q	GOVERNMENT NATIONAL MORTGAGE A	0.669913243	4.5	55916	30500000	20432353.91	3003831.74	20401550.42	19472783.15	99.8492	95.30367	-928767.28	7/31/2026	Model2501	100	LMMSOFRFLAT	RFRSwap	5.392269	4.524226	5.071921349	-0.3211829	0.048527472	 9,915 	0.1319	0.1805	0.3942	1.1067	2.0918	1.1619	0.0167	6.9791	8.5725	80.216	98.74457	0.66991324	9.0629	4.9366	94	182001.0781	NA	NA	1.7186	0.018360976	11.15956991	3.2107	0.033469845	8.56669276	4.353	0.043672137	4.64770836	5.5774	0.050591063	-4.97143204	5.9297	0.050767925	-10.06287828	6.0066	0.048439261	-15.03520556
HTM	614489	38383WBV7	Agency CMO	A-4-Q	GOVERNMENT NATIONAL MORTGAGE A	0.656584403	4.5	55916	70340764	46184648.54	5687447.63	46114612.26	44242246.92	99.8484	95.79427	-1872365.34	7/31/2026	Model2501	100	LMMSOFRFLAT	RFRSwap	5.336296	4.523289	4.785367012	-0.414135	0.046020526	 21,254 	0.1491	0.1956	0.3994	1.0719	1.9334	1.0314	0.0143	6.4827	9.6381	74.0766	94.08583	0.6565844	9.7062	5.4307	96	168382.3906	NA	NA	1.7741	0.018894631	10.33372462	2.9029	0.030217608	7.92372934	4.0133	0.040342141	4.35294109	5.3133	0.048570871	-4.75510742	5.7138	0.049423922	-9.67066929	5.8444	0.047701433	-14.54986109
HTM	885646	38384ALF8	Agency CMO	A-4-Q	GOVERNMENT NATIONAL MORTGAGE A	0.680748113	5	51227	77197709	52552194.73	0	52990206.76	52911415.26	100.8335	100.68355	-78791.5	7/31/2026	Model2501	100	LMMSOFRFLAT	RFRSwap	4.819661	4.783702	3.93483901	0.01521987	0.03978131	 20,906 	0.1503	0.2285	0.4963	1.3851	1.6327	0.0529	-0.0079	4.9307	NA	49.4447	51.67546	0.68074811	6.9516	5.3934	201	80836.25	NA	NA	2.3481	0.026262492	10.74555517	3.1941	0.034741979	7.66791407	3.6925	0.038790602	3.95266634	4.0091	0.038950209	-3.94635515	4.0492	0.037785526	-7.78379205	4.0693	0.036462385	-11.49688075
HTM	884807	38384MB22	Agency CMO	A-4-Q	GOVERNMENT NATIONAL MORTGAGE A	0.731784316	5.5	54848	85688000	62705134.47	0	62694600.26	62630948.02	99.9832	99.88169	-63652.23	7/31/2026	Model2501	100	LMMSOFRFLAT	RFRSwap	5.504887	5.473159	2.469684839	-1.402912	0.024780825	 15,539 	0.2593	0.3852	0.5528	0.9339	0.4386	-0.0729	-0.0097	3.5179	9.9529	79.8042	125.8398	0.73178431	7.8545	6.0913	28	263583.75	NA	NA	0.2277	0.00232587	1.79417484	-0.2304	-0.002354768	1.85829129	0.7934	0.00809513	1.69554741	3.5987	0.035014048	-3.04443348	4.491	0.04195736	-6.91545067	5.2123	0.046375107	-11.36707423
HTM	884803	38384MJD0	Agency CMO	A-4-Q	GOVERNMENT NATIONAL MORTGAGE A	0.604554667	5.5	55335	50000000	30227733.35	0	30363413.55	30337565.82	100.4489	100.36335	-25847.73	7/31/2026	Model2501	100	LMMSOFRFLAT	RFRSwap	5.328175	5.298288	2.113507032	-1.267546	0.021308733	 6,441 	0.2931	0.3874	0.5148	0.7593	0.2614	-0.0787	-0.0102	3.02	12.0741	61.9888	108.387	0.60455466	14.1915	6.5738	28	209529.4844	NA	NA	0.312	0.003205929	1.93875889	0.0902	0.000925337	1.78351953	0.7179	0.007341169	1.43991425	3.1621	0.031038491	-2.66286897	3.9675	0.037574839	-6.11526013	4.698	0.042604018	-10.13540677
HTM	884952	38384MJK4	Agency CMO	A-4-Q	GOVERNMENT NATIONAL MORTGAGE A	0.604554667	5.5	55335	91749000	55467286.14	0	55716256.6	55668826.53	100.4489	100.36335	-47430.07	7/31/2026	Model2501	100	LMMSOFRFLAT	RFRSwap	5.328175	5.298288	2.113507032	-1.267546	0.021308733	 11,819 	0.2931	0.3874	0.5148	0.7593	0.2614	-0.0787	-0.0102	3.02	12.0741	61.9888	108.387	0.60455466	14.1915	6.5738	28	209529.4844	NA	NA	0.312	0.003205929	1.93875889	0.0902	0.000925337	1.78351953	0.7179	0.007341169	1.43991425	3.1621	0.031038491	-2.66286897	3.9675	0.037574839	-6.11526013	4.698	0.042604018	-10.13540677
HTM	884794	38384MQ42	Agency CMO	A-4-Q	GOVERNMENT NATIONAL MORTGAGE A	0.576518686	5.5	55335	75000000	43238901.45	0	43280328.64	43241660.09	100.0958	100.00638	-38668.55	7/31/2026	Model2501	100	LMMSOFRFLAT	RFRSwap	5.448426	5.41559	2.231625795	-0.9624194	0.022419963	 9,694 	0.2793	0.3629	0.54	0.8438	0.2771	-0.0532	-0.0061	2.9524	11.8853	83.8009	121.1421	0.57651868	15.5288	6.5647	34	134900.1406	NA	NA	0.2949	0.003040066	2.61726907	0.3391	0.003486208	2.35788047	1.0703	0.010934143	1.69206057	3.0537	0.029870585	-2.64773717	3.7	0.03498761	-5.90422476	4.3479	0.039494175	-9.63051519
HTM	884799	38384NGD1	Agency CMO	A-4-Q	GOVERNMENT NATIONAL MORTGAGE A	0.72812501	5.5	53662	69522973	50621415.41	0	50704712.95	50650087.38	100.1645	100.05664	-54625.57	7/31/2026	Model2501	100	LMMSOFRFLAT	RFRSwap	5.455262	5.423232	2.618614197	-1.170488	0.026320994	 13,324 	0.2376	0.3568	0.5756	1.0612	0.5109	-0.0945	-0.0138	3.6903	10.3291	81.2058	119.8183	0.728125	9.2106	6.1005	30	233028.5938	NA	NA	0.2802	0.002884373	2.43470653	0.0041	0.000041718	2.4022893	1.1012	0.01128275	1.93944412	3.5745	0.034819055	-3.10598082	4.2918	0.040188991	-6.87392484	4.8656	0.04351135	-11.08940541
HTM	883462	38384NJD8	Agency CMO	A-4-Q	GOVERNMENT NATIONAL MORTGAGE A	0.630607117	5.5	54820	50000000	31530355.85	0	31722394.64	31680727.27	100.6091	100.47691	-41667.37	7/31/2026	Model2501	100	LMMSOFRFLAT	RFRSwap	5.327603	5.288107	2.626777172	-0.9819193	0.026513439	 8,360 	0.2462	0.3251	0.5262	0.9944	0.6287	-0.068	-0.0134	3.6552	12.6107	68.882	105.3486	0.63060711	15.4007	6.6197	38	140894.8281	NA	NA	0.379	0.003954173	3.40236714	0.5111	0.005313264	3.01769475	1.403	0.01445231	2.07731228	3.4372	0.033644374	-3.05098248	4.0173	0.037879165	-6.64431984	4.5372	0.040989298	-10.59464421
HTM	883459	38384NJK2	Agency CMO	A-4-Q	GOVERNMENT NATIONAL MORTGAGE A	0.800872745	5.5	53997	80595000	64546338.88	0	65014164.29	64906914.1	100.7248	100.55863	-107250.19	7/31/2026	Model2501	100	LMMSOFRFLAT	RFRSwap	5.336365	5.29309	2.932468653	-0.9771887	0.029622909	 19,121 	0.2025	0.3353	0.5992	1.1766	0.7643	-0.1078	-0.0218	4.2504	9.8053	69.8242	105.4628	0.80087274	6.2505	6.0592	37	245315.1875	NA	NA	0.2328	0.002423081	3.0465857	0.0881	0.000916964	3.02740872	1.4545	0.015031187	2.32258891	3.7424	0.036551122	-3.34812393	4.358	0.040872015	-7.23106867	4.866	0.043569472	-11.47747376
HTM	884793	38384NQP3	Agency CMO	A-4-Q	GOVERNMENT NATIONAL MORTGAGE A	0.691830922	5.5	53813	89022000	61588172.34	0	61695896.21	61624466.25	100.1749	100.05893	-71429.96	7/31/2026	Model2501	100	LMMSOFRFLAT	RFRSwap	5.453054	5.418142	2.549281359	-1.200097	0.025624679	 15,782 	0.2458	0.3549	0.5558	1.0276	0.4907	-0.0961	-0.0138	3.6196	10.4986	80.4482	119.6338	0.69183092	11.4936	6.0921	29	243800.2188	NA	NA	0.2752	0.002827198	2.22600723	-0.061	-0.000627083	2.22247509	1.0019	0.010256343	1.85304213	3.5156	0.034267381	-3.04583797	4.228	0.039640572	-6.7599169	4.7811	0.042840209	-10.91470109
HTM	885578	38384NTV7	Agency CMO	A-4-Q	GOVERNMENT NATIONAL MORTGAGE A	0.806548412	5.5	54118	53998035	43552029.38	0	43613951.66	43539991.6	100.1422	99.97236	-73960.06	7/31/2026	Model2501	100	LMMSOFRFLAT	RFRSwap	5.498788	5.459442	3.303660393	-1.308094	0.033178888	 14,450 	0.195	0.2955	0.5221	1.1327	1.1952	0.0028	-0.02	4.8473	8.4743	75.4281	119.1435	0.80654841	6.3984	6.0645	36	448442.2188	NA	NA	0.1829	0.001892267	3.01276279	-0.0903	-0.000935497	3.14093643	1.5045	0.015488985	2.52016924	4.3985	0.04248441	-3.84162521	5.0906	0.046879519	-8.34110041	5.4489	0.047586173	-13.09968039
HTM	885581	38384NZT5	Agency CMO	A-4-Q	GOVERNMENT NATIONAL MORTGAGE A	0.743222347	5.5	56370	50000000	37161117.35	0	37065867.87	36982442.98	99.7437	99.51919	-83424.89	7/31/2026	Model2501	100	LMMSOFRFLAT	RFRSwap	5.599826	5.553141	3.692279577	-1.367062	0.036914498	 13,718 	0.216	0.2921	0.4543	0.8815	1.1378	0.6721	0.0648	5.7726	13.2516	64.7977	122.9941	0.74322234	16.2451	6.6565	27	320886.3438	NA	NA	0.8804	0.009250285	5.09124733	0.861	0.008975235	4.26772885	1.9733	0.020298863	2.88868887	4.8365	0.046310969	-4.22409815	5.6246	0.051096458	-9.13217028	6.1823	0.052932575	-14.35780022
HTM	884788	38384PSK7	Agency CMO	A-4-Q	GOVERNMENT NATIONAL MORTGAGE A	0.529875118	5.5	55366	25000000	13246877.95	0	13311910.85	13300951.71	100.4909	100.4082	-10959.14	7/31/2026	Model2501	100	LMMSOFRFLAT	RFRSwap	5.295704	5.264907	1.948923826	-1.304796	0.01965812	 2,604 	0.3111	0.398	0.497	0.7023	0.1471	-0.0844	-0.01	2.8045	12.0054	59.1576	105.8793	0.52987511	18.8427	6.576	25	194932	NA	NA	0.2599	0.002661968	1.57285507	0.0111	0.00011319	1.4666521	0.5468	0.005583815	1.25610564	3.0316	0.029815037	-2.51965538	3.8889	0.036939744	-5.87838032	4.6612	0.042420611	-9.85816746
HTM	884783	38384QFS2	Agency CMO	A-4-Q	GOVERNMENT NATIONAL MORTGAGE A	0.680102306	5.5	55427	50000000	34005115.3	0	34050226.49	34020094.55	100.1327	100.04405	-30131.94	7/31/2026	Model2501	100	LMMSOFRFLAT	RFRSwap	5.453136	5.425227	2.378872395	-1.443945	0.023908233	 8,130 	0.2763	0.3772	0.5198	0.8137	0.4579	-0.0411	-0.0076	3.3744	11.9564	67.1856	120.1595	0.6801023	12.5412	6.6175	24	239684.1562	NA	NA	0.3655	0.003754266	2.20826986	0.1258	0.001289776	2.01798329	0.8206	0.008379918	1.6147122	3.5565	0.034680743	-2.98764553	4.4542	0.041721221	-6.8343199	5.2279	0.04665117	-11.2672863
HTM	883455	38384U4K2	Agency CMO	A-4-Q	GOVERNMENT NATIONAL MORTGAGE A	0.71708713	5	54728	29412075	21091020.45	0	21029700.5	21008548.23	99.7093	99.60897	-21152.26	7/31/2026	Model2501	100	LMMSOFRFLAT	RFRSwap	5.084038	5.055936	2.921501637	-1.140116	0.029222507	 6,163 	0.2257	0.3269	0.5468	1.0482	0.8019	-0.0061	-0.0055	3.8551	11.6232	40.1101	81.39137	0.71708712	12.6979	6.6122	24	177341.6562	NA	NA	0.4449	0.004611287	3.61410327	0.4974	0.005135064	3.21331646	1.4969	0.015311748	2.26115946	3.8725	0.037426773	-3.37881993	4.6091	0.042689741	-7.40593089	5.24	0.04619588	-11.8648917
HTM	884960	38384UWL9	Agency CMO	A-4-Q	GOVERNMENT NATIONAL MORTGAGE A	0.73229372	5	55427	100000000	73229372	0	72387760.59	72304301.96	98.8507	98.73675	-83458.64	7/31/2026	Model2501	100	LMMSOFRFLAT	RFRSwap	5.330542	5.298124	3.030128717	-1.186825	0.030044762	 22,002 	0.2247	0.3311	0.5392	1.0128	0.88	0.057	0.0031	3.9339	10.2314	62.6465	106.8176	0.73229371	10.5784	6.1357	25	195205.3594	NA	NA	0.232	0.002374879	3.19269699	0.2159	0.002207245	3.09372499	1.4889	0.015108152	2.31851871	4.0591	0.038833395	-3.48302967	4.9012	0.044830825	-7.68355672	5.5899	0.048502482	-12.385535
HTM	885573	38384UWM7	Agency CMO	A-4-Q	GOVERNMENT NATIONAL MORTGAGE A	0.753762646	5	55427	75000000	56532198.45	0	55976704.17	55877815.64	99.0174	98.84246	-98888.53	7/31/2026	Model2501	100	LMMSOFRFLAT	RFRSwap	5.301336	5.25151	3.022192001	-1.171324	0.029998012	 16,959 	0.2233	0.3295	0.5424	1.0117	0.8776	0.0537	0.0022	3.9408	10.3544	60.1314	103.7887	0.75376264	9.5475	6.1113	27	200145.5	NA	NA	0.2582	0.002647492	3.26033582	0.2466	0.002524608	3.12482045	1.5027	0.015264194	2.32268835	4.0451	0.038745329	-3.47493003	4.8833	0.04472867	-7.66462131	5.5652	0.048363719	-12.35503951
HTM	884780	38384UZY8	Agency CMO	A-4-Q	GOVERNMENT NATIONAL MORTGAGE A	0.690294041	5.25	55610	70893333	48937245.32	0	48903537.63	48857369.94	99.9311	99.83678	-46167.68	7/31/2026	Model2501	100	LMMSOFRFLAT	RFRSwap	5.270839	5.243827	2.659847021	-1.458858	0.026671423	 13,052 	0.2569	0.3589	0.5239	0.8742	0.6572	0.0141	-0.0048	3.7068	11.7001	47.0508	100.6587	0.69029404	13.411	6.6198	24	220068.1875	NA	NA	0.3826	0.003937045	2.6217494	0.2147	0.002204432	2.39581281	1.023	0.010448952	1.86172276	3.8272	0.037132163	-3.25296028	4.7042	0.043725647	-7.32410131	5.4414	0.048071284	-11.9312918
HTM	883443	38384VBC0	Agency CMO	A-4-Q	GOVERNMENT NATIONAL MORTGAGE A	0.68389502	5	55610	61309000	41928919.78	0	41645505.52	41611429.81	99.3241	99.24279	-34075.71	7/31/2026	Model2501	100	LMMSOFRFLAT	RFRSwap	5.192615	5.168704	2.848248005	-1.37051	0.028385485	 11,902 	0.244	0.3525	0.5374	0.9246	0.7446	0.0618	0.0041	3.6644	11.8766	41.972	94.15128	0.68389501	13.448	6.6154	23	242998.2188	NA	NA	0.417	0.004283649	3.07780682	0.3289	0.003369364	2.78172192	1.25	0.012716359	2.07493659	3.988	0.038391579	-3.39254022	4.892	0.045039572	-7.59130755	5.6672	0.049488716	-12.33541193
HTM	885576	38384VNR4	Agency CMO	A-4-Q	GOVERNMENT NATIONAL MORTGAGE A	0.589851433	5	55579	96889352	57150323.12	0	56645469.86	56572961.98	99.1166	98.98975	-72507.89	7/31/2026	Model2501	100	LMMSOFRFLAT	RFRSwap	5.286396	5.245662	2.737884521	-1.272892	0.02721633	 15,554 	0.2521	0.3624	0.5413	0.9127	0.6368	0.0453	0.0068	3.3314	12.1522	55.7271	105.357	0.58985143	18.1559	6.6657	23	231219.4375	NA	NA	0.3885	0.003979879	3.04029133	0.3234	0.003303773	2.75427217	1.2627	0.012808319	2.02944768	3.806	0.03660243	-3.23632855	4.6797	0.043128137	-7.2469678	5.4491	0.047735766	-11.8037302
HTM	883451	38384VTH0	Agency CMO	A-4-Q	GOVERNMENT NATIONAL MORTGAGE A	0.812577458	5	55640	49774158	40445358.78	0	40329694.78	40247293.82	99.714	99.51029	-82400.97	7/31/2026	Model2501	100	LMMSOFRFLAT	RFRSwap	5.106047	5.054408	3.17155242	-1.32005	0.03169236	 12,818 	0.2156	0.3267	0.5386	1.0017	1.0039	0.1113	-0.0058	4.4384	10.2724	32.7432	81.47809	0.81257745	7.9567	6.1066	22	211322.5625	NA	NA	0.2216	0.002283501	3.10627137	0.1138	0.001172203	3.04174552	1.3964	0.014284781	2.372019	4.316	0.041528773	-3.70688907	5.209	0.047782417	-8.1958214	5.8932	0.051120821	-13.18196393
HTM	883448	38384WJ89	Agency CMO	A-4-Q	GOVERNMENT NATIONAL MORTGAGE A	0.701348867	5	55793	50000000	35067443.35	0	34833715.65	34798251.63	99.3335	99.23236	-35464.02	7/31/2026	Model2501	100	LMMSOFRFLAT	RFRSwap	5.186535	5.158728	3.06890583	-1.264801	0.030581348	 10,724 	0.2296	0.3254	0.5276	0.971	0.9101	0.1196	0.0043	4.0047	11.7951	41.7183	91.54855	0.70134886	13.7483	6.5606	25	211468.5312	NA	NA	0.4584	0.004736469	3.67504369	0.48	0.004940188	3.26159997	1.5091	0.015389214	2.32939273	4.1278	0.039663799	-3.56052117	4.9766	0.045683634	-7.8517211	5.7055	0.04964447	-12.63668958
AFS	614771	38384XAK9	Agency CMO	A-4-Q	GOVERNMENT NATIONAL MORTGAGE A	0.652028622	5	55732	100524000	65544525.2	27257282.3	65744194.29	64788102.05	100.3046	98.84594	-956092.24	7/31/2026	Model2501	100	LMMSOFRFLAT	RFRSwap	5.303543	4.887359	3.015458107	-1.272159	0.029932223	 19,619 	0.2337	0.3362	0.5342	0.9577	0.8551	0.1085	0.0091	3.7689	11.8399	54.5064	105.0668	0.65202862	16.1709	6.5897	23	230198.5312	NA	NA	0.4251	0.004366846	3.46252941	0.4152	0.004251366	3.12276793	1.4581	0.014804159	2.26989507	4.0888	0.039154284	-3.50326551	4.9495	0.045293089	-7.75142653	5.6806	0.049287017	-12.49951889
HTM	883438	38384XJW4	Agency CMO	A-4-Q	GOVERNMENT NATIONAL MORTGAGE A	0.672952806	5	54848	75000000	50471460.45	0	50320198.21	50265844.77	99.7003	99.59261	-54353.45	7/31/2026	Model2501	100	LMMSOFRFLAT	RFRSwap	5.089257	5.058525	2.880293369	-1.188384	0.028805606	 14,539 	0.2306	0.3258	0.5384	1.0263	0.7771	0.0025	-0.0035	3.7616	12.0791	39.2169	82.37746	0.6729528	15.9879	6.6358	23	208548.1719	NA	NA	0.4886	0.005061124	3.56944961	0.5057	0.005216644	3.13791883	1.4509	0.01483116	2.20828834	3.8763	0.037463341	-3.36127266	4.6424	0.042989533	-7.40789364	5.2742	0.046471272	-11.89828637
HTM	885626	38384XLV3	Agency CMO	A-4-Q	GOVERNMENT NATIONAL MORTGAGE A	0.796471225	5	56370	52456667	41780225.82	0	41393528.67	41315491.84	99.0744	98.88767	-78036.82	7/31/2026	Model2501	100	LMMSOFRFLAT	RFRSwap	5.271168	5.221933	3.281755924	-1.453713	0.03258926	 13,616 	0.2267	0.3067	0.5006	1.0639	1.1168	0.0398	-0.0073	4.5186	10.3827	60.8789	99.66189	0.79647122	9.6867	6.1255	27	328424.4062	NA	NA	0.6897	0.007148598	4.35073943	0.7726	0.00796219	3.75089709	1.7343	0.017671667	2.58797142	4.3172	0.041245691	-3.76585716	5.0833	0.046333805	-8.15578431	5.611	0.04846859	-12.92352962
HTM	885656	38384XPN7	Agency CMO	A-4-Q	GOVERNMENT NATIONAL MORTGAGE A	0.758410835	5	55701	36974000	28041482.21	0	27707453.82	27653172.18	98.8088	98.61523	-54281.64	7/31/2026	Model2501	100	LMMSOFRFLAT	RFRSwap	5.333348	5.283807	3.324324846	-1.215078	0.032921419	 9,232 	0.2083	0.3182	0.5343	1.0134	1.0936	0.1724	0.0041	4.4354	10.4045	56.2177	105.1376	0.75841083	10.447	6.126	27	226523.4219	NA	NA	0.2902	0.002977887	3.5964637	0.2573	0.002636836	3.43244954	1.6443	0.016703712	2.55594678	4.4109	0.042013101	-3.78445798	5.2553	0.047685746	-8.29297419	5.8994	0.05060707	-13.24880943
HTM	883434	38384XTF0	Agency CMO	A-4-Q	GOVERNMENT NATIONAL MORTGAGE A	0.658627105	5	55975	75000000	49397032.88	0	49062779.13	49008253.53	99.3233	99.21295	-54525.6	7/31/2026	Model2501	100	LMMSOFRFLAT	RFRSwap	5.18895	5.159237	3.12183857	-1.269416	0.031102758	 15,364 	0.229	0.3203	0.5145	0.9577	0.963	0.1539	0.0038	4.0896	12.0599	40.8615	90.82719	0.6586271	17.5552	6.5965	27	193380.0938	NA	NA	0.4104	0.004241141	3.70859233	0.4679	0.004817617	3.32697383	1.542	0.015729547	2.37558091	4.1817	0.040151134	-3.6128488	5.0138	0.045969203	-7.94398648	5.7149	0.049655996	-12.7413491
AFS	614084	38384YAL5	Agency CMO	A-4-Q	GOVERNMENT NATIONAL MORTGAGE A	0.775143338	5	55701	100000000	77514333.8	17852941.25	77349379.79	76245951.25	99.7872	98.36368	-1103428.54	7/31/2026	Model2501	100	LMMSOFRFLAT	RFRSwap	5.410846	5.035395	3.322799444	-1.137681	0.032822728	 25,442 	0.2099	0.3106	0.5324	1.0338	1.0842	0.1622	0.0082	4.286	10.4672	68.165	113.1902	0.77514333	10.003	6.1151	22	193635.1094	NA	NA	0.298	0.003059893	3.88706421	0.3996	0.004093149	3.64007991	1.775	0.017997108	2.61192983	4.3503	0.04134398	-3.74405043	5.2001	0.047110118	-8.18502771	5.8787	0.050371736	-13.0951071
HTM	884523	38384YGR6	Agency CMO	A-4-Q	GOVERNMENT NATIONAL MORTGAGE A	0.766553578	5	55488	150000000	114983036.7	0	113817547.1	113682808.5	98.9864	98.8692	-134738.56	7/31/2026	Model2501	100	LMMSOFRFLAT	RFRSwap	5.290278	5.257374	3.032937765	-1.272668	0.030112786	 34,625 	0.2272	0.3361	0.5408	0.9961	0.8796	0.0666	0.0031	3.9757	10.381	55.8579	102.8095	0.76655357	10.0517	6.1214	24	203542.2188	NA	NA	0.2962	0.003032498	3.10124959	0.1855	0.001897401	2.974308	1.4001	0.014219747	2.27529005	4.1296	0.039545003	-3.52581084	5.0158	0.045878842	-7.81805744	5.7241	0.049603041	-12.62957168
HTM	885651	38384YSB8	Agency CMO	A-4-Q	GOVERNMENT NATIONAL MORTGAGE A	0.697756294	5	55885	75000000	52331722.05	0	51848889.55	51769747.39	99.0774	98.92613	-79142.17	7/31/2026	Model2501	100	LMMSOFRFLAT	RFRSwap	5.273863	5.23152	3.111824989	-1.272368	0.030913739	 16,178 	0.2291	0.325	0.5266	0.9595	0.9315	0.1513	0.009	3.943	12.1862	49.9905	100.9047	0.69775629	14.7619	6.6137	22	223364.8281	NA	NA	0.4639	0.004780733	3.70838909	0.4783	0.004909395	3.30094327	1.5412	0.015674606	2.36195892	4.1803	0.040025357	-3.59430138	5.0331	0.046013016	-7.92197428	5.7532	0.049828984	-12.7324424
HTM	883391	38385AAW2	Agency CMO	A-4-Q	GOVERNMENT NATIONAL MORTGAGE A	0.738077948	5.5	55763	68760000	50750239.7	0	50827928.17	50732284.27	100.1531	99.96462	-95643.9	7/31/2026	Model2501	100	LMMSOFRFLAT	RFRSwap	5.489065	5.437461	2.957158804	-0.9467731	0.029696662	 15,071 	0.222	0.3107	0.5379	1.0212	0.886	0.0055	-0.0124	4.168	10.561	82.4061	119.8423	0.73807794	12.5699	6.1176	37	126687.8359	NA	NA	0.1474	0.001531721	3.49571777	0.3652	0.00379001	3.34245814	1.6142	0.016595114	2.38093525	3.7792	0.03668277	-3.3569565	4.4247	0.041220132	-7.26287902	4.9918	0.044360403	-11.55721698
HTM	883387	38385ABA9	Agency CMO	A-4-Q	GOVERNMENT NATIONAL MORTGAGE A	0.718270912	5.5	55732	48917000	35135658.2	0	35206319.52	35144115.36	100.2011	100.02407	-62204.16	7/31/2026	Model2501	100	LMMSOFRFLAT	RFRSwap	5.472572	5.42404	2.875906944	-1.174271	0.028897803	 10,153 	0.2311	0.3332	0.5412	0.9712	0.8247	0.0034	-0.012	4.1412	10.5566	75.0872	118.8061	0.71827091	13.5468	6.1051	36	178215.5	NA	NA	0.1442	0.001488746	2.73190062	0.0383	0.000394999	2.75204981	1.279	0.013129573	2.17198295	3.8756	0.037636857	-3.37102405	4.6493	0.04326218	-7.43234058	5.2837	0.046771102	-11.96266839
HTM	884782	38385CJQ2	Agency CMO	A-4-Q	GOVERNMENT NATIONAL MORTGAGE A	0.708403145	5.5	55458	152692000	108167493	0	108326077.4	108232966.8	100.1466	100.06053	-93110.58	7/31/2026	Model2501	100	LMMSOFRFLAT	RFRSwap	5.436933	5.40731	2.209045649	-1.368569	0.022205077	 24,019 	0.2917	0.3838	0.5119	0.762	0.332	-0.0506	-0.0061	3.0688	12.337	69.4755	119.6031	0.70840314	14.4839	6.5789	18	252056.6719	NA	NA	0.3694	0.003789695	2.0580576	0.1133	0.001159492	1.84963197	0.7401	0.007549744	1.48733587	3.3504	0.032740541	-2.79710223	4.2333	0.039822694	-6.44985098	4.9953	0.044865925	-10.70202425
HTM	884777	38385CWQ7	Agency CMO	A-4-Q	GOVERNMENT NATIONAL MORTGAGE A	0.70181579	5.5	55488	63210514	44362136.82	0	44622462.71	44583011.46	100.5868	100.49789	-39451.25	7/31/2026	Model2501	100	LMMSOFRFLAT	RFRSwap	5.270665	5.238528	2.010416508	-1.334467	0.020296406	 9,004 	0.3041	0.3893	0.5019	0.7024	0.2168	-0.0805	-0.0103	2.9081	12.6141	55.3654	102.8413	0.70181578	14.8736	6.5421	20	222570.0938	NA	NA	0.3427	0.00352095	1.78388231	0.0769	0.000788307	1.60497416	0.6148	0.006287542	1.31893959	3.1188	0.030677186	-2.59389138	3.9772	0.037749939	-6.03971274	4.7422	0.043088023	-10.09601455
HTM	884771	38385CY69	Agency CMO	A-4-Q	GOVERNMENT NATIONAL MORTGAGE A	0.691987366	5	55427	50000000	34599368.3	0	34387611	34358508.26	99.388	99.30386	-29102.74	7/31/2026	Model2501	100	LMMSOFRFLAT	RFRSwap	5.201783	5.171639	2.44534564	-1.12516	0.024385117	 8,437 	0.2687	0.3755	0.5473	0.8605	0.4057	-0.0005	0.0026	2.9872	12.1556	53.991	97.5715	0.69198736	15.9399	6.5369	22	219888.8125	NA	NA	0.3794	0.003888382	2.77559153	0.3007	0.003073599	2.48907936	1.1361	0.011536285	1.82237563	3.4334	0.033238314	-2.91195646	4.2822	0.039882105	-6.58652923	5.0633	0.044998694	-10.84824137
HTM	883380	38385D3C8	Agency CMO	A-4-Q	GOVERNMENT NATIONAL MORTGAGE A	0.820277248	5	55732	110000000	90230497.28	0	89403186.98	89328138.17	99.0831	98.99994	-75048.81	7/31/2026	Model2501	100	LMMSOFRFLAT	RFRSwap	5.216865	5.19782	3.681883097	-1.47998	0.036604032	 33,028 	0.1934	0.2972	0.5053	1.0667	1.3474	0.289	0.0059	5.0144	9.626	34.8396	92.2832	0.82027724	9.9528	6.5289	17	435108.3125	NA	NA	0.289	0.002982445	3.79446945	0.2239	0.002307839	3.63701879	1.6929	0.017297655	2.76137842	4.9933	0.047511186	-4.26755696	5.8448	0.052655697	-9.32747301	6.3177	0.053538192	-14.67377945
HTM	884770	38385DB21	Agency CMO	A-4-Q	GOVERNMENT NATIONAL MORTGAGE A	0.690043152	5.25	56646	39787000	27454746.89	0	27416328.12	27390884.4	99.8601	99.76739	-25443.72	7/31/2026	Model2501	100	LMMSOFRFLAT	RFRSwap	5.288543	5.258283	2.471460819	-1.358014	0.024765247	 6,799 	0.2711	0.3625	0.5242	0.835	0.5058	-0.008	-0.0015	3.2695	12.2757	55.0001	104.1798	0.69004315	NA	6.5367	17	231808.0469	NA	NA	0.41	0.004213776	2.57858891	0.2652	0.002718315	2.30242357	0.9812	0.010002988	1.74212607	3.6286	0.035255305	-3.04497973	4.5409	0.04234504	-6.95235595	5.3225	0.047238152	-11.45296226
HTM	883428	38385DK39	Agency CMO	A-4-Q	GOVERNMENT NATIONAL MORTGAGE A	0.752019952	5	54483	50000000	37600997.6	0	37414710.98	37380651.99	99.5046	99.41399	-34058.98	7/31/2026	Model2501	100	LMMSOFRFLAT	RFRSwap	5.147465	5.11949	2.720934391	-1.128643	0.027163267	 10,214 	0.2412	0.3448	0.5609	1.0062	0.6011	-0.0156	-0.0018	3.4336	12.1845	48.9581	89.82486	0.75201995	15.1119	6.5651	20	208594.125	NA	NA	0.4615	0.004760937	3.3272878	0.4625	0.004752337	2.93215344	1.3559	0.013817774	2.07728947	3.6897	0.035659567	-3.18367154	4.4475	0.041263886	-7.05097037	5.0991	0.045098569	-11.386572
HTM	885565	38385ECL6	Agency CMO	A-4-Q	GOVERNMENT NATIONAL MORTGAGE A	0.770867931	5	55519	25000000	19271698.28	0	19145077.16	19121186.31	99.343	99.219	-23890.85	7/31/2026	Model2501	100	LMMSOFRFLAT	RFRSwap	5.215003	5.174805	2.710089445	-1.167752	0.027002158	 5,204 	0.2476	0.3538	0.5611	0.9476	0.5947	0.0188	0.0035	3.3623	11.6227	52.9438	97.51183	0.77086793	12.3295	6.5231	18	202080.9375	NA	NA	0.3785	0.003891399	3.17538096	0.4158	0.004261705	2.85364991	1.3175	0.013396326	2.04679074	3.7477	0.036143508	-3.19329127	4.6198	0.04272287	-7.15749459	5.407	0.047551863	-11.69109995
HTM	885587	38385EEX8	Agency CMO	A-4-Q	GOVERNMENT NATIONAL MORTGAGE A	0.816367339	5	54697	59679780	48720623.19	0	48159973.85	48093501.07	98.8493	98.71282	-66472.78	7/31/2026	Model2501	100	LMMSOFRFLAT	RFRSwap	5.415271	5.365837	2.521032572	-1.075158	0.024990866	 12,176 	0.2588	0.3808	0.5698	0.9596	0.3632	-0.0017	0.0037	3.0293	10.0697	79.9689	119.6404	0.81636733	7.7548	6.0509	19	234602.2031	NA	NA	0.2582	0.002625883	2.56697606	0.0663	0.00067374	2.45275252	1.2078	0.012203356	1.90948877	3.5057	0.033713199	-2.96252964	4.379	0.040480789	-6.68556464	5.085	0.044820223	-10.98669895
HTM	884767	38385EKN3	Agency CMO	A-4-Q	GOVERNMENT NATIONAL MORTGAGE A	0.723204148	5.25	55701	100000000	72320414.8	0	72221664.35	72153622.23	99.8635	99.76937	-68042.12	7/31/2026	Model2501	100	LMMSOFRFLAT	RFRSwap	5.289378	5.261389	2.647976398	-1.452224	0.026534544	 19,190 	0.2581	0.361	0.5365	0.8829	0.6225	0.0111	-0.0025	3.6073	11.6662	50.6616	103.2945	0.72320414	16.1079	6.5616	16	232711.5625	NA	NA	0.4002	0.004117223	2.66147411	0.2527	0.002592554	2.40348783	1.0179	0.010388763	1.85016259	3.8487	0.037316248	-3.24965163	4.7633	0.044227701	-7.35537493	5.5366	0.048820566	-12.02905038
HTM	884765	38385EP81	Agency CMO	A-4-Q	GOVERNMENT NATIONAL MORTGAGE A	0.69435802	5	55154	47910064	33266737.18	0	33035637.83	33009399.01	99.3053	99.22644	-26238.82	7/31/2026	Model2501	100	LMMSOFRFLAT	RFRSwap	5.240791	5.210705	2.293072224	-1.128088	0.022848884	 7,601 	0.2931	0.4027	0.5416	0.7904	0.2775	0.0021	0.0033	2.7037	11.7967	57.7301	102.6732	0.69435802	16.3775	6.5823	16	234682.5938	NA	NA	0.3448	0.003518329	2.41052923	0.2446	0.00249002	2.14008249	0.9531	0.009654095	1.64662076	3.298	0.031947933	-2.7715915	4.1833	0.039032567	-6.33852529	4.9822	0.044399738	-10.52616123
HTM	883376	38385FBE0	Agency CMO	A-4-Q	GOVERNMENT NATIONAL MORTGAGE A	0.852179676	5	55123	50045015	42647344.67	0	42159586.71	42144135.85	98.8563	98.82007	-15450.85	7/31/2026	Model2501	100	LMMSOFRFLAT	RFRSwap	5.316631	5.305927	3.079684258	-1.183506	0.030561781	 13,034 	0.2074	0.3498	0.6163	1.0753	0.7734	0.0654	0.01	3.6599	10.8456	60.4331	107.914	0.85217967	8.5657	6.5105	16	430295.5312	NA	NA	0.7541	0.007827129	4.55569223	0.9217	0.009493902	3.77262611	1.794	0.018241059	2.43988026	4.1631	0.039831784	-3.55797631	5.0226	0.045885086	-7.8795668	5.6353	0.048799366	-12.64143555
HTM	883410	38385G2U2	Agency CMO	A-4-Q	GOVERNMENT NATIONAL MORTGAGE A	0.808136862	5	55244	69695000	56323098.6	0	55678162.83	55654948.94	98.8549	98.81372	-23213.89	7/31/2026	Model2501	100	LMMSOFRFLAT	RFRSwap	5.372855	5.358219	2.596338034	-1.091545	0.025763564	 14,511 	0.2612	0.3778	0.5704	0.9177	0.4482	0.0281	0.0072	3.0024	11.5134	72.444	115.1814	0.80813686	11.3667	6.496	15	221847.0156	NA	NA	0.3828	0.003915567	3.0589268	0.3638	0.003709298	2.72772547	1.273	0.01288249	1.97116445	3.5789	0.034426678	-3.0378814	4.4366	0.040994253	-6.82927458	5.2035	0.045812208	-11.18959503
HTM	884763	38385G3D9	Agency CMO	A-4-Q	GOVERNMENT NATIONAL MORTGAGE A	0.752375615	5	55185	45371399	34136334.23	0	33903629.5	33874955.73	99.3183	99.23431	-28673.77	7/31/2026	Model2501	100	LMMSOFRFLAT	RFRSwap	5.230332	5.199584	2.387693405	-1.116344	0.023793597	 8,122 	0.2775	0.393	0.5628	0.8594	0.3107	-0.0061	0.0022	2.8742	11.4109	58.8389	100.8614	0.75237561	14.6584	6.5173	14	211936.3281	NA	NA	0.3676	0.003759033	2.60082882	0.2498	0.002547077	2.3232434	1.0541	0.010688269	1.74917622	3.3852	0.032765999	-2.85944163	4.2525	0.039613098	-6.49834138	5.0387	0.044801485	-10.73687288
HTM	884759	38385G3V9	Agency CMO	A-4-Q	GOVERNMENT NATIONAL MORTGAGE A	0.737248467	5	55213	92496497	68192900.62	0	67722411.02	67665298.96	99.3101	99.22631	-57112.06	7/31/2026	Model2501	100	LMMSOFRFLAT	RFRSwap	5.229594	5.199538	2.385790348	-1.18223	0.023772726	 16,211 	0.2825	0.393	0.5437	0.8495	0.3343	-0.0057	0.0022	2.8991	11.4175	55.6172	100.7059	0.73724846	15.9969	6.527	15	263369.1875	NA	NA	0.3821	0.003901887	2.48156826	0.2116	0.002154824	2.20548846	0.98	0.009933018	1.71024127	3.4445	0.033326875	-2.89028733	4.341	0.040390905	-6.59878455	5.1122	0.045362834	-10.90791389
HTM	884749	38385GN54	Agency CMO	A-4-Q	GOVERNMENT NATIONAL MORTGAGE A	0.712444514	5	55305	85000000	60557783.69	0	60135536.31	60085996.16	99.3027	99.22093	-49540.15	7/31/2026	Model2501	100	LMMSOFRFLAT	RFRSwap	5.24576	5.214091	2.307497025	-1.080328	0.022991344	 13,923 	0.2894	0.3965	0.5454	0.7998	0.2822	0.004	0.0034	2.697	11.8812	60.7642	102.9521	0.71244451	17.9787	6.5142	15	193962.3438	NA	NA	0.3521	0.003598426	2.56095967	0.2941	0.002996532	2.26485997	1.0237	0.010372305	1.68529702	3.2909	0.031877857	-2.77202521	4.1661	0.038872816	-6.32944205	4.9799	0.044385817	-10.5071257
HTM	883423	38385GX79	Agency CMO	A-4-Q	GOVERNMENT NATIONAL MORTGAGE A	0.747067375	5	55335	70211706	52452874.9	0	51855820.41	51837308.94	98.8617	98.82644	-18511.47	7/31/2026	Model2501	100	LMMSOFRFLAT	RFRSwap	5.367652	5.355149	2.579394817	-1.133669	0.025598716	 13,427 	0.264	0.3762	0.5566	0.905	0.4555	0.0296	0.0073	2.9801	11.5219	70.6654	114.7187	0.74706737	15.7824	6.5598	16	219369.1875	NA	NA	0.3922	0.004009676	2.99138875	0.3433	0.003498007	2.66046335	1.2338	0.012483677	1.93795902	3.5842	0.034482758	-3.03604407	4.4529	0.041145641	-6.8404067	5.227	0.046012245	-11.215367
HTM	883419	38385GZ51	Agency CMO	A-4-Q	GOVERNMENT NATIONAL MORTGAGE A	0.774773697	5	55763	55657000	43121579.65	0	42712915.65	42672878.06	99.0523	98.95945	-40037.59	7/31/2026	Model2501	100	LMMSOFRFLAT	RFRSwap	5.308613	5.277233	2.690349102	-0.9440163	0.026735645	 11,529 	0.2512	0.3355	0.5365	0.9382	0.6138	0.0243	0.0044	3.2519	12.3017	67.5629	106.9754	0.77477369	15.3515	6.5752	36	155021.0625	NA	NA	0.3919	0.004034339	3.5645122	0.5828	0.005974558	3.141672	1.5087	0.01531471	2.13446432	3.5303	0.033999123	-3.06940728	4.2072	0.038977358	-6.73187427	4.8682	0.043099739	-10.84330485
AFS	715676	38385H4T1	Agency CMO	A-4-Q	GOVERNMENT NATIONAL MORTGAGE A	0.970627623	4.75	56888	80000000	77650209.84	2279792.54	77556670.64	75972965.31	99.8795	97.84	-1583705.33	7/31/2026	Model2501	100	LMMSOFRFLAT	RFRSwap	5.220303	4.765815	3.649111986	-0.3813502	0.035847355	 27,836 	0.2009	0.2951	0.434	0.9898	1.3346	0.3925	0.0051	5.7455	10.1299	58.0117	88.5965	0.97062762	2.7466	6.0984	9	234127.4062	NA	NA	1.0423	0.010946172	6.77917362	1.7735	0.018390644	5.46275641	2.5618	0.025955142	3.08074168	4.5153	0.042563658	-3.96961899	5.1158	0.045992125	-8.33394463	5.7904	0.049289368	-13.11274682
HTM	885616	38385HEU7	Agency CMO	A-4-Q	GOVERNMENT NATIONAL MORTGAGE A	0.935361837	4.75	56646	26000000	24319407.76	0	23951915.06	23903847.45	98.4889	98.29124	-48067.6	7/31/2026	Model2501	100	LMMSOFRFLAT	RFRSwap	5.101103	5.05906	4.066928387	-1.285907	0.040135328	 9,761 	0.1836	0.2828	0.5076	1.0586	1.3982	0.6362	0.0236	5.4575	11.4475	22.8455	76.33106	0.93536183	22.6532	6.5664	13	216835.3438	NA	NA	0.6145	0.006391681	5.32267322	0.8238	0.008514929	4.68028256	2.2309	0.022733549	3.21514241	5.2336	0.049282629	-4.5213117	6.1081	0.05433321	-9.73445253	6.7696	0.056447558	-15.30329966
HTM	885584	38385HLW5	Agency CMO	A-4-Q	GOVERNMENT NATIONAL MORTGAGE A	0.965599977	4.75	56888	24160031	23328925.38	0	22725214.46	22668366.86	97.4122	97.1685	-56847.61	7/31/2026	Model2501	100	LMMSOFRFLAT	RFRSwap	5.329452	5.277819	3.835082531	-1.193859	0.037416726	 8,729 	0.1963	0.2415	0.4321	0.8822	1.3251	0.6185	0.0596	6.1668	11.1512	56.9407	98.64191	0.96559997	10.3793	6.5513	11	238479.6875	NA	NA	1.3135	0.013824415	7.68043822	1.8465	0.019149987	6.14282827	3.2935	0.03327648	3.47341503	4.8823	0.045593988	-4.17788334	5.7229	0.050663218	-9.03661895	6.4913	0.054043595	-14.3093175
AFS	695210	38385HM61	Agency CMO	A-4-Q	GOVERNMENT NATIONAL MORTGAGE A	0.955944052	4.75	56888	50000000	47797202.6	2199011.34	47717652.29	46346074.75	99.8336	96.96399	-1371577.54	7/31/2026	Model2501	100	LMMSOFRFLAT	RFRSwap	5.367399	4.777843	4.06328392	-0.5803612	0.039560061	 18,909 	0.1928	0.2724	0.4322	0.9923	1.5312	0.611	0.0433	6.2864	9.8336	68.6183	100.3797	0.95594405	10.1868	6.0617	15	224035.9688	NA	NA	1.1139	0.011675944	7.45738102	1.8717	0.019360179	6.07884649	2.9439	0.029689722	3.49319255	4.8822	0.045451581	-4.26374861	5.5168	0.048771653	-8.95347429	6.167	0.051415719	-13.98793217
AFS	714990	38385JKS1	Agency CMO	A-4-Q	GOVERNMENT NATIONAL MORTGAGE A	0.978542904	4.75	56919	25000000	24463572.6	536259.77	24455760.1	23663369.14	99.9681	96.729	-792390.96	7/31/2026	Model2501	100	LMMSOFRFLAT	RFRSwap	5.362074	4.754727	4.820462704	-0.8405346	0.046818662	 11,454 	0.1556	0.2277	0.388	1.0129	1.935	1.0006	0.0926	7.3381	9.0425	59.5593	99.08522	0.9785429	4.9146	6.514	9	407348.6875	NA	NA	1.5324	0.016324507	9.40764157	2.456	0.02568567	7.4570955	3.7067	0.037572265	4.2382546	5.9237	0.054508533	-5.10743763	6.6434	0.057398975	-10.72423421	7.0702	0.057021543	-16.47484744
HTM	885603	38385JUY7	Agency CMO	A-4-Q	GOVERNMENT NATIONAL MORTGAGE A	0.984301078	4.5	55488	14310659	14085997.08	0	13797511.86	13771459.58	97.952	97.76702	-26052.28	7/31/2026	Model2501	100	LMMSOFRFLAT	RFRSwap	4.98755	4.945429	3.911277056	-0.8732492	0.038386062	 5,407 	0.134	0.3002	0.6289	1.3373	1.3754	0.1443	0.005	5.0799	8.2332	30.2163	69.52299	0.98430107	0.4688	6.0138	11	242270.9688	NA	NA	0.3448	0.003561644	5.16732481	0.7116	0.007325509	4.79672786	2.4222	0.024557956	3.2466224	4.8348	0.045411613	-4.21578084	5.5545	0.049527645	-8.97454823	6.0835	0.051163733	-14.04007223
AFS	736546	38385KGH7	Agency CMO	A-4-Q	GOVERNMENT NATIONAL MORTGAGE A	0.972831835	5	56949	45000000	43777432.58	1233790.21	44183592.84	43260364.19	100.9278	98.81887	-923228.66	7/31/2026	Model2501	100	LMMSOFRFLAT	RFRSwap	5.250489	4.792955	3.492138863	-1.302644	0.034654427	 15,171 	0.2152	0.2726	0.4088	0.9139	1.2411	0.4333	0.0315	5.9405	11.5081	59.8596	90.78472	0.97283183	4.4161	6.5478	9	181390.5625	NA	NA	1.4806	0.01582765	7.66443598	2.0519	0.021571174	5.89038867	2.9016	0.029707527	3.14943555	4.3813	0.041795559	-3.84110076	4.8273	0.043985192	-8.11774757	5.5835	0.048291713	-12.7454134
AFS	775909	38385KK25	Agency CMO	A-4-Q	GOVERNMENT NATIONAL MORTGAGE A	0.970992277	5	56949	71840000	69756085.18	1636263.83	70860050.01	68412031.91	101.5826	98.07321	-2448018.1	7/31/2026	Model2501	100	LMMSOFRFLAT	RFRSwap	5.409267	4.66223	3.607216835	-1.328215	0.035527434	 24,783 	0.2087	0.2432	0.3948	0.8938	1.3068	0.5198	0.0424	5.9399	11.2481	66.2829	107.4538	0.97099227	9.7171	6.5166	10	219416.4844	NA	NA	1.1746	0.012374863	6.86739989	1.6007	0.016650917	5.53222526	2.9291	0.02977345	3.15798499	4.7493	0.044868849	-4.01449853	5.5639	0.049922861	-8.76390292	6.2975	0.053233933	-13.95784634
AFS	736051	38385KNG1	Agency CMO	A-4-Q	GOVERNMENT NATIONAL MORTGAGE A	0.970759019	4.5	56858	57383000	55705064.79	1666923.76	55342553.69	53586517.62	99.3492	96.19685	-1756036.07	7/31/2026	Model2501	100	LMMSOFRFLAT	RFRSwap	5.385365	4.634879	3.378091574	-1.212489	0.032622855	 18,173 	0.2236	0.2513	0.3805	0.9191	1.262	0.3517	0.0184	5.3127	12.023	76.7303	106.7228	0.97075901	4.1214	6.5125	8	248235.375	NA	NA	1.6033	0.016766259	7.99863171	2.2819	0.023426833	6.09405216	3.2425	0.032299682	3.04037069	4.2575	0.039586239	-3.59180417	4.8504	0.043115828	-7.68020824	5.7581	0.048517685	-12.31150465
HTM	883415	38385KW97	Agency CMO	A-4-Q	GOVERNMENT NATIONAL MORTGAGE A	0.963043366	4.5	56949	61324188	59057852.43	0	57521451.52	57336003.02	97.3985	97.08447	-185448.49	7/31/2026	Model2501	100	LMMSOFRFLAT	RFRSwap	5.139344	5.067502	3.884310246	-0.8628649	0.037856281	 22,357 	0.1991	0.2668	0.447	1.0625	1.4408	0.4219	0.0294	5.7543	9.631	48.9401	80.90392	0.96304336	7.0758	6.0741	12	240582.3125	NA	NA	1.126	0.011769672	7.06901276	1.9305	0.019908095	5.6648515	2.6161	0.026347848	3.2552835	4.9781	0.046369985	-4.31229234	5.7368	0.050649878	-9.17014359	6.2844	0.052231815	-14.34588388
AFS	757010	38385L2V9	Agency CMO	A-4-Q	GOVERNMENT NATIONAL MORTGAGE A	0.979194527	4.5	56980	50000000	48959726.35	1031943.33	48573085.89	47325866.84	99.2103	96.66285	-1247219.05	7/31/2026	Model2501	100	LMMSOFRFLAT	RFRSwap	5.212278	4.656865	3.925545216	-0.4910153	0.038092647	 18,650 	0.1976	0.2789	0.4459	1.0823	1.4407	0.4242	0.021	5.9774	9.4885	60.6643	86.85487	0.97919452	2.2776	6.0587	7	243357.0469	NA	NA	1.4882	0.015644426	8.08563899	2.4582	0.025369972	6.16855868	2.9194	0.029314676	3.377062	4.7401	0.044004772	-4.20327011	5.5083	0.048590183	-8.82536829	6.0736	0.050543793	-13.81871051
AFS	777446	38385L5N4	Agency CMO	A-4-Q	GOVERNMENT NATIONAL MORTGAGE A	0.987376303	4.5	56705	109611000	108227304	1377372.13	107737531.1	104403979.6	99.5475	96.46732	-3333551.47	7/31/2026	Model2501	100	LMMSOFRFLAT	RFRSwap	5.260844	4.585584	3.778454065	-1.223599	0.036591426	 39,602 	0.1892	0.2468	0.4429	1.0305	1.5295	0.3568	0.0147	5.5594	9.7538	56.7113	94.07719	0.9873763	1.1253	6.0085	5	244325.5781	NA	NA	0.939	0.009737392	6.85454776	1.5802	0.016201532	5.6874586	2.9496	0.029516	3.22400568	4.7075	0.043701697	-4.00777781	5.389	0.047584735	-8.54191891	6.1608	0.051340666	-13.50797903
AFS	757014	38385LAM0	Agency CMO	A-4-Q	GOVERNMENT NATIONAL MORTGAGE A	0.975405543	4.5	56980	66404000	64770829.68	1567019.48	64284059.88	62608591.55	99.2485	96.66171	-1675468.33	7/31/2026	Model2501	100	LMMSOFRFLAT	RFRSwap	5.220558	4.649978	3.848757267	-0.2701942	0.037347075	 24,190 	0.2039	0.2709	0.3991	0.9973	1.4285	0.4895	0.0467	5.9187	10.0663	57.6185	88.21898	0.97540554	5.9777	6.0859	9	258134.25	NA	NA	1.4485	0.015194592	7.86258485	2.244	0.023143765	6.10004712	2.8896	0.028993528	3.29917353	4.7235	0.043888506	-4.12208974	5.4336	0.048021071	-8.65851995	6.1203	0.051033955	-13.6514136
AFS	763727	38385LDH8	Agency CMO	A-4-Q	GOVERNMENT NATIONAL MORTGAGE A	0.979945341	4.5	56980	94201023	92311853.61	1657842.67	91174078.17	88725095	98.7675	96.11452	-2448983.17	7/31/2026	Model2501	100	LMMSOFRFLAT	RFRSwap	5.258848	4.731777	4.92956543	-1.050366	0.04756514	 43,908 	0.1213	0.2014	0.452	1.2732	2.2392	0.6922	0.0326	6.6075	7.0872	62.4974	93.27279	0.97994534	1.4423	6.0443	8	461745.6562	NA	NA	1.6544	0.017476849	9.14744034	2.6274	0.027182268	6.96932504	3.353	0.033729453	4.10647295	5.7464	0.052536424	-5.06520897	6.2835	0.054077528	-10.42627542	6.4734	0.052252863	-15.76968683
AFS	772901	38385LGK8	Agency CMO	A-4-Q	GOVERNMENT NATIONAL MORTGAGE A	0.97972588	4.5	56919	27638000	27077663.87	486856.47	27048890.2	26095543.46	99.8937	96.37295	-953346.74	7/31/2026	Model2501	100	LMMSOFRFLAT	RFRSwap	5.226073	4.514228	4.072827339	-0.9981645	0.039403766	 10,670 	0.1818	0.2347	0.4277	0.9773	1.5936	0.672	0.033	6.2035	9.9164	48.8234	87.82371	0.97972587	6.1997	6.034	8	223356.7344	NA	NA	0.9527	0.009908639	7.25901352	1.662	0.017087117	6.06121833	3.0648	0.030716175	3.47500081	5.033	0.046530392	-4.29686972	5.7569	0.050445795	-9.12122517	6.5535	0.053984523	-14.37316429
AFS	757013	38385LGL6	Agency CMO	A-4-Q	GOVERNMENT NATIONAL MORTGAGE A	0.979744256	4.5	56919	46190000	45254387.18	932104.27	45085285.22	43493394.17	99.6263	96.10868	-1591891.05	7/31/2026	Model2501	100	LMMSOFRFLAT	RFRSwap	5.281256	4.566781	4.12709713	-0.7268299	0.039819755	 18,020 	0.179	0.2433	0.429	0.9865	1.6199	0.6883	0.0309	6.2508	10.0369	57.7538	93.06075	0.97974425	4.4175	6.0495	8	188245.875	NA	NA	1.1398	0.011902269	7.9377388	1.9934	0.020519467	6.45371106	3.2594	0.032614715	3.57990459	4.9507	0.045659736	-4.25500764	5.551	0.048599154	-8.93312679	6.3984	0.052766133	-14.01643266
AFS	757015	38385LJN9	Agency CMO	A-4-Q	GOVERNMENT NATIONAL MORTGAGE A	0.979018768	4.5	56980	250000000	244754692	4957758.8	242612576.5	234716690.2	99.1248	95.89875	-7895886.34	7/31/2026	Model2501	100	LMMSOFRFLAT	RFRSwap	5.35156	4.669977	4.105909348	-0.401774	0.03952913	 96,749 	0.1852	0.2664	0.4246	1.0478	1.555	0.5722	0.0547	6.2415	9.4426	71.841	99.59789	0.97901876	2.2097	6.0458	7	230373.5	NA	NA	1.5273	0.016018381	8.60830128	2.5783	0.026525402	6.60707649	3.1659	0.031605128	3.55627008	4.9787	0.045773312	-4.33581659	5.7356	0.050001118	-9.09648812	6.3386	0.052004065	-14.23072741
AFS	755222	38385LNQ7	Agency CMO	A-4-Q	GOVERNMENT NATIONAL MORTGAGE A	0.979244536	4.5	56949	58916779	57693933.91	1213578.21	57247455.2	55301897.26	99.2261	95.85392	-1945557.94	7/31/2026	Model2501	100	LMMSOFRFLAT	RFRSwap	5.30552	4.642159	4.215411663	-0.3306304	0.040564451	 23,403 	0.1699	0.2802	0.4623	1.0952	1.6133	0.5793	0.0026	6.4191	9.5254	71.5447	93.79954	0.97924453	1.8836	6.0392	8	204815.0938	NA	NA	1.5053	0.015812231	8.81531387	2.5967	0.026752938	6.79917335	3.414	0.034130886	3.74349386	4.754	0.04372355	-4.25658083	5.0438	0.044186957	-8.62216208	5.476	0.045521233	-13.09978833
AFS	757011	38385LRF7	Agency CMO	A-4-Q	GOVERNMENT NATIONAL MORTGAGE A	0.979346437	4.5	56980	25000000	24483660.92	513192.63	24336781.72	23571385.03	99.4001	96.27394	-765396.69	7/31/2026	Model2501	100	LMMSOFRFLAT	RFRSwap	5.279528	4.614538	3.972695351	-0.4305586	0.03839568	 9,401 	0.1891	0.2736	0.419	1.0275	1.4886	0.5294	0.0504	6.061	9.6347	62.5189	92.7678	0.97934643	1.6107	6.0458	8	285161.8438	NA	NA	1.4355	0.015005173	7.87906479	2.237	0.022994407	6.14204177	2.9126	0.029133612	3.37566824	4.868	0.044991985	-4.22565743	5.5645	0.048838675	-8.88104321	6.1936	0.051238548	-13.92015797
AFS	764245	38385LT32	Agency CMO	A-4-Q	GOVERNMENT NATIONAL MORTGAGE A	0.973801329	4.5	56493	103813000	101093237.4	2547220.29	100433869	97943030.56	99.3478	96.88386	-2490838.43	7/31/2026	Model2501	100	LMMSOFRFLAT	RFRSwap	5.185001	4.630754	4.268916607	-0.8055605	0.041518994	 41,973 	0.1289	0.247	0.5638	1.344	1.7216	0.2685	0.0102	5.5222	8.5265	54.99	88.13227	0.97380132	3.5952	6.0084	13	250817.75	NA	NA	0.8449	0.008825272	7.19884894	1.5226	0.015726881	6.02907096	3.135	0.031644586	3.67971024	4.9951	0.046373498	-4.42175572	5.6811	0.049988385	-9.26851748	6.1683	0.051145099	-14.3434859
AFS	765686	38385LTG3	Agency CMO	A-4-Q	GOVERNMENT NATIONAL MORTGAGE A	0.972272521	4.5	56980	74984286	72905160.78	1802571.85	72518775.56	70518632.22	99.47	96.72653	-2000143.34	7/31/2026	Model2501	100	LMMSOFRFLAT	RFRSwap	5.208846	4.602603	3.871471405	-0.6068817	0.037592579	 27,407 	0.1957	0.27	0.4325	1.0628	1.4362	0.4313	0.0326	5.8537	9.4914	57.3157	87.40704	0.97227252	8.8198	6.0524	11	240890.6875	NA	NA	1.3015	0.013612933	7.49498765	2.1445	0.02208378	5.87923184	2.7505	0.027614633	3.29528195	4.86	0.045138866	-4.22278065	5.6427	0.049731944	-8.96666898	6.1876	0.051385269	-14.05563641
AFS	775910	38385LWZ7	Agency CMO	A-4-Q	GOVERNMENT NATIONAL MORTGAGE A	0.983807879	4.75	56980	30230081	29740591.87	452853.35	29971347.79	28790463.23	100.7759	96.80528	-1180884.56	7/31/2026	Model2501	100	LMMSOFRFLAT	RFRSwap	5.348363	4.608627	4.931139469	-0.8668771	0.047931224	 14,255 	0.1504	0.2214	0.3912	1.0346	2.007	1.0258	0.0938	7.4667	8.9648	58.8446	97.13676	0.98380787	3.966	6.5013	8	401120.7188	NA	NA	1.7872	0.019165924	10.03799141	2.7348	0.028706269	7.76610227	3.8783	0.03939005	4.36406986	6.0911	0.056008913	-5.24897956	6.8241	0.058807407	-11.02494161	7.2325	0.058081772	-16.89489467
AFS	757012	38385LXQ6	Agency CMO	A-4-Q	GOVERNMENT NATIONAL MORTGAGE A	0.979121242	4.75	56980	101603002	99481657.51	2121191.83	99472970.4	96859947.75	99.9913	97.36463	-2613022.65	7/31/2026	Model2501	100	LMMSOFRFLAT	RFRSwap	5.323179	4.741958	3.785125017	-0.5757735	0.037003558	 36,812 	0.1959	0.2815	0.458	1.0615	1.3766	0.3867	0.0281	5.8538	9.6496	68.6102	98.83457	0.97912124	2.7267	6.0446	7	264484.4375	NA	NA	1.2911	0.013554222	7.21914021	2.0144	0.02083125	5.64955353	2.6223	0.026478322	3.21315258	4.7358	0.044331167	-4.15239679	5.5374	0.049248058	-8.82262656	6.0918	0.051099639	-13.877291
AFS	777367	38385MGK6	Agency CMO	A-4-Q	GOVERNMENT NATIONAL MORTGAGE A	0.984799938	4.5	57011	191309186	188401274.5	2898369.9	187788355.2	181232116.2	99.6747	96.19474	-6556239.05	7/31/2026	Model2501	100	LMMSOFRFLAT	RFRSwap	5.273586	4.557438	4.168860435	-0.3771924	0.040258579	 75,848 	0.1863	0.2675	0.4152	1.0305	1.5835	0.6023	0.0585	6.3938	9.3361	62.5838	91.65674	0.98479993	1.9432	6.0209	6	225948.3594	NA	NA	1.5424	0.016233891	8.68240362	2.5635	0.026466923	6.67411119	3.2295	0.032357711	3.62574308	5.0716	0.0467375	-4.41432473	5.8031	0.050678488	-9.23911071	6.3935	0.052514333	-14.43313106
AFS	777444	38385MHN9	Agency CMO	A-4-Q	GOVERNMENT NATIONAL MORTGAGE A	0.986757564	4.75	56949	32317000	31889044.2	430597.09	32082821.9	30993478.66	100.6077	97.19162	-1089343.23	7/31/2026	Model2501	100	LMMSOFRFLAT	RFRSwap	5.298221	4.630544	4.738674164	-0.9965179	0.046243515	 14,747 	0.1458	0.2193	0.4212	1.1011	2.0359	0.8111	0.0207	6.9702	8.9414	57.961	93.91416	0.98675756	2.1072	6.507	8	416701.7812	NA	NA	1.6842	0.018041013	9.53129673	2.6058	0.027353723	7.38607506	3.6954	0.037599437	4.15939787	5.8329	0.053963669	-5.0708251	6.6145	0.057482071	-10.6847355	7.0542	0.057240847	-16.44301777
AFS	777447	38385MJA5	Agency CMO	A-4-Q	GOVERNMENT NATIONAL MORTGAGE A	0.990448957	4.5	56980	36378000	36030552.16	345439.16	35824465.59	34567146.06	99.428	95.93843	-1257319.53	7/31/2026	Model2501	100	LMMSOFRFLAT	RFRSwap	5.293013	4.604011	4.383486271	-0.4385568	0.04221886	 15,212 	0.1266	0.2644	0.5472	1.2465	1.6644	0.5685	0.0025	6.3599	9.3199	73.3065	92.78909	0.99044895	0.5375	6.4222	7	207762.375	NA	NA	2.0873	0.022165809	9.87863126	2.8527	0.029558534	7.30435624	3.7578	0.037697103	4.00454054	4.7732	0.043894108	-4.35487986	5.1246	0.044848517	-8.79745394	5.5442	0.046000838	-13.34287661
AFS	777445	38385MKD7	Agency CMO	A-4-Q	GOVERNMENT NATIONAL MORTGAGE A	0.985013985	4.5	57011	43253813	42605610.71	645366.41	42420813.43	40643971.7	99.5663	95.39582	-1776841.73	7/31/2026	Model2501	100	LMMSOFRFLAT	RFRSwap	5.34729	4.575361	5.328881741	-0.9464293	0.051035136	 21,744 	0.1167	0.1737	0.4185	1.1836	2.3182	1.0467	0.0899	7.4627	7.0897	64.3413	99.47062	0.98501398	3.4682	6.0282	8	394543.3438	NA	NA	1.7201	0.018257108	10.36863758	2.8499	0.029576154	8.00921174	3.9491	0.039625201	4.5692408	6.3111	0.056994628	-5.46207597	6.9245	0.0585154	-11.26548301	7.2093	0.056746814	-17.05749413
AFS	786628	38385MLA2	Agency CMO	A-4-Q	GOVERNMENT NATIONAL MORTGAGE A	0.983247783	4.75	57011	100000000	98324778.3	1466644.76	98492394.57	95252748.42	100.1705	96.87563	-3239646.15	7/31/2026	Model2501	100	LMMSOFRFLAT	RFRSwap	5.386782	4.710348	3.95206809	-0.7117909	0.038442343	 37,798 	0.1837	0.2843	0.4495	1.0181	1.4315	0.5169	0.0432	6.1573	9.4842	72.5619	102.7576	0.98324778	1.6984	6.0483	7	276719.5625	NA	NA	1.1664	0.012190379	7.2391969	1.9177	0.019765425	5.7961562	2.7025	0.027175555	3.28734142	4.85	0.04512962	-4.22020567	5.5775	0.049285825	-8.90676516	6.1314	0.051084872	-13.95455801
AFS	777455	38385MMN3	Agency CMO	A-4-Q	GOVERNMENT NATIONAL MORTGAGE A	0.983297607	4.5	57011	59886680	58886429.14	996421.78	58663440.32	56902345.12	99.6213	96.63066	-1761095.2	7/31/2026	Model2501	100	LMMSOFRFLAT	RFRSwap	5.213732	4.569367	4.075564384	-1.163033	0.03953528	 23,281 	0.1897	0.2474	0.4337	1.1038	1.5501	0.488	0.0321	6.1233	9.0356	61.577	87.29693	0.9832976	1.2674	5.9699	7	224832.2812	NA	NA	1.7899	0.018949281	8.86278297	2.8008	0.029006323	6.55978715	3.0946	0.031100517	3.49348317	4.8174	0.04464728	-4.32698715	5.561	0.04893291	-9.01253845	6.1041	0.050646532	-14.03377779
HTM	885611	38385MNM4	Agency CMO	A-4-Q	GOVERNMENT NATIONAL MORTGAGE A	0.98178132	5	57011	46347272	45502885.88	0	45074607.16	44962093.18	99.0588	98.81152	-112513.98	7/31/2026	Model2501	100	LMMSOFRFLAT	RFRSwap	5.249046	5.19534	3.964987278	-1.351492	0.039343849	 17,903 	0.1784	0.267	0.4967	1.161	1.4691	0.368	0.0075	6.051	8.9924	64.1962	90.66706	0.98178132	3.8195	5.9655	6	322893.6562	NA	NA	1.6888	0.018067813	7.75912771	2.1578	0.02266781	5.82222676	2.7744	0.028464958	3.36920848	4.8449	0.045956895	-4.37218003	5.5853	0.050272312	-9.21943872	5.9906	0.050873697	-14.30558109
AFS	775908	38385MPZ3	Agency CMO	A-4-Q	GOVERNMENT NATIONAL MORTGAGE A	0.982805138	4.5	56980	125000000	122850642.3	2146335.22	122678080.7	119112444.6	99.8595	96.95712	-3565636.02	7/31/2026	Model2501	100	LMMSOFRFLAT	RFRSwap	5.206931	4.516959	3.268870115	-0.2358746	0.031816605	 39,087 	0.2156	0.2523	0.3735	0.8621	1.2236	0.4283	0.0333	5.353	12.4388	51.1563	90.24552	0.98280513	2.7678	6.555	7	224137.5781	NA	NA	1.3432	0.014060041	7.34029415	1.91	0.019688709	5.7499038	3.2587	0.032712296	3.05354187	4.3022	0.040336281	-3.57479474	5.0201	0.044923734	-7.84469532	6.012	0.050880689	-12.70030549
AFS	777787	38385MRG3	Agency CMO	A-4-Q	GOVERNMENT NATIONAL MORTGAGE A	0.980523058	4.5	57011	54613000	53549305.77	1058874.37	53308168.99	51837339.82	99.5497	96.80301	-1470829.17	7/31/2026	Model2501	100	LMMSOFRFLAT	RFRSwap	5.180082	4.584694	3.833268881	-0.1784147	0.037250943	 19,948 	0.1914	0.2832	0.435	0.9865	1.4456	0.5005	0.0191	5.9883	10.2173	57.1547	84.15855	0.98052305	3.9857	6.0401	8	167596.3594	NA	NA	1.3068	0.013767823	8.18041945	2.3775	0.024617888	6.36840692	3.0545	0.030715393	3.37930128	4.5288	0.042184196	-4.0306856	4.9785	0.044250902	-8.29439202	5.6623	0.047723446	-12.89560194
AFS	777454	38385MWG7	Agency CMO	A-4-Q	GOVERNMENT NATIONAL MORTGAGE A	0.977921274	4.5	57011	50000000	48896063.7	1095699.9	48531712.84	47173078.88	99.2548	96.47623	-1358633.97	7/31/2026	Model2501	100	LMMSOFRFLAT	RFRSwap	5.254605	4.647439	3.886193275	-0.4148299	0.037638258	 18,404 	0.1972	0.2702	0.4135	0.9881	1.4365	0.5195	0.046	5.9521	9.9557	59.911	90.91856	0.97792127	6.436	6.068	10	233863.2812	NA	NA	1.2478	0.013029496	7.57063224	2.0871	0.021468518	6.01350981	2.8916	0.028963601	3.3133405	4.7965	0.044458982	-4.15991125	5.5193	0.048620068	-8.76038698	6.2397	0.051810231	-13.81852685
AFS	777453	38385MZU3	Agency CMO	A-4-Q	GOVERNMENT NATIONAL MORTGAGE A	0.976901574	4.5	56980	52036000	50834050.3	1197583.24	50648732.44	48917250.77	99.6354	96.2293	-1731481.68	7/31/2026	Model2501	100	LMMSOFRFLAT	RFRSwap	5.251841	4.564874	4.270963669	-0.2348021	0.041259345	 20,974 	0.1811	0.2503	0.4065	0.9887	1.6342	0.7388	0.0659	6.5257	9.8006	60.5924	89.12171	0.97690157	9.7319	6.0778	12	131442.4844	NA	NA	1.3249	0.013974961	8.8747468	2.4813	0.02570894	7.00600364	3.4803	0.034952026	3.82456963	4.9487	0.045633785	-4.3912442	5.447	0.047705833	-9.02319023	6.1453	0.050791528	-13.95367481
AFS	798160	38385N3K8	Agency CMO	A-4-Q	GOVERNMENT NATIONAL MORTGAGE A	0.983178164	4.75	57040	100000000	98317816.4	1688754.63	98698679.57	96009323.9	100.3874	97.65201	-2689355.67	7/31/2026	Model2501	100	LMMSOFRFLAT	RFRSwap	5.251914	4.658579	3.809905052	-0.5793651	0.037355296	 36,727 	0.2003	0.2688	0.4332	1.0352	1.4242	0.4314	0.0291	5.9279	9.6706	58.9991	91.77944	0.98317816	4.0297	6.045	8	246417.2656	NA	NA	1.1844	0.012441595	6.99573076	1.8227	0.018890085	5.58900774	2.6006	0.026335951	3.22116725	4.8328	0.045350075	-4.20897611	5.6357	0.050200466	-8.97171463	6.195	0.051995277	-14.11613525
AFS	777452	38385NAJ3	Agency CMO	A-4-Q	GOVERNMENT NATIONAL MORTGAGE A	0.981186545	4.5	56766	26546293	26046865.51	496501.16	25892989.6	25038080.83	99.4092	96.12704	-854908.77	7/31/2026	Model2501	100	LMMSOFRFLAT	RFRSwap	5.235724	4.605924	4.296141148	-0.3797367	0.041458637	 10,799 	0.1567	0.2739	0.4837	1.0715	1.7565	0.6003	-0.0114	6.4572	9.618	61.9457	86.4285	0.98118654	8.4565	6.0928	10	138594.8281	NA	NA	1.111	0.011673016	8.56301941	2.291	0.023694089	6.92109222	3.4436	0.034559295	3.85588588	4.8112	0.044358816	-4.30340044	5.0237	0.0441062	-8.70657802	5.4201	0.045172866	-13.15843551
AFS	777451	38385NAU8	Agency CMO	A-4-Q	GOVERNMENT NATIONAL MORTGAGE A	0.983557321	4.5	56493	22824676	22449377.18	374859.02	22423103.42	21618099.19	99.883	96.2971	-805004.23	7/31/2026	Model2501	100	LMMSOFRFLAT	RFRSwap	5.249287	4.515978	4.106601715	-0.7572817	0.039699383	 8,912 	0.1631	0.2498	0.4776	1.1014	1.7005	0.4444	0.007	5.9137	9.686	58.4984	90.54179	0.98355732	3.0559	6.0856	7	205338.6562	NA	NA	1.001	0.010439549	7.61474108	1.8356	0.018898152	6.28035865	3.1764	0.031841762	3.57143919	4.8636	0.044952679	-4.24440696	5.47	0.048026033	-8.87248832	6.1973	0.05133111	-13.84368981
AFS	798178	38385NPN8	Agency CMO	A-4-Q	GOVERNMENT NATIONAL MORTGAGE A	0.990628307	4.5	57040	99707000	98772576.61	930079.79	98316314.42	94995760.21	99.5381	96.17625	-3320554.21	7/31/2026	Model2501	100	LMMSOFRFLAT	RFRSwap	5.108357	4.575039	5.857861042	-0.9138965	0.056558378	 55,864 	0.0848	0.1807	0.4274	1.1741	2.5774	1.3495	0.0818	8.3659	5.5377	34.9314	71.75231	0.9906283	3.2124	5.5838	6	533168.0625	NA	NA	1.183	0.012630494	10.21755438	2.1926	0.023045117	8.55301734	4.39	0.044637002	5.12690768	6.7589	0.061240297	-5.94484716	7.276	0.061436549	-12.11363187	7.4298	0.058269996	-18.12338942
HTM	885595	38385NW67	Agency CMO	A-4-Q	GOVERNMENT NATIONAL MORTGAGE A	0.988924462	4.5	56281	43000000	42523751.87	0	41439895.14	41337917.51	97.4512	97.21136	-101977.62	7/31/2026	Model2501	100	LMMSOFRFLAT	RFRSwap	5.099661	5.046017	3.734603405	-1.068119	0.036444634	 15,498 	0.178	0.25	0.4869	1.1133	1.4997	0.2372	0.0042	5.3922	9.6087	41.3969	77.95204	0.98892446	1.3688	6.0265	5	309496.375	NA	NA	0.9416	0.009779414	6.2742202	1.3712	0.014095413	5.20690199	2.5339	0.025511241	3.09354796	4.7644	0.044557966	-4.06337862	5.5991	0.04972652	-8.7749688	6.2161	0.052020434	-13.8996153
AFS	807620	38385NXA7	Agency CMO	A-4-Q	GOVERNMENT NATIONAL MORTGAGE A	0.987141322	4.5	57040	134272828	132546256.9	1364136.67	130905758.9	128271322	98.7623	96.77476	-2634436.85	7/31/2026	Model2501	100	LMMSOFRFLAT	RFRSwap	5.193076	4.754728	4.195504665	-1.238534	0.040759224	 54,025 	0.1902	0.2256	0.4212	1.1107	1.6881	0.5127	0.0394	5.9811	9.1296	53.7355	87.48026	0.98714132	2.2229	5.9547	5	224597.9062	NA	NA	1.5285	0.016116632	8.29200798	2.4576	0.025432289	6.33456173	2.9158	0.029354166	3.52440921	5.236	0.048478149	-4.56374341	6.0801	0.053182971	-9.67849445	6.5673	0.053907413	-15.06507372
AFS	797600	38385PAF6	Agency CMO	A-4-Q	GOVERNMENT NATIONAL MORTGAGE A	0.964550385	4.5	56370	36446596	35154578.2	1289141.04	35077017.83	33818299.95	99.7794	96.19885	-1258717.88	7/31/2026	Model2501	100	LMMSOFRFLAT	RFRSwap	5.198401	4.537123	4.406739712	-0.5219629	0.042557582	 14,961 	0.1636	0.2483	0.4438	0.9798	1.6132	0.9376	0.0787	6.6001	10.5698	47.8179	79.69429	0.96455038	20.4015	6.123	34	195333.2188	NA	NA	1.0775	0.011271925	8.03577401	1.8093	0.018684827	6.69797301	3.4986	0.035166513	3.94090477	4.8811	0.044983003	-4.41639448	5.4547	0.047745395	-9.04268729	6.1861	0.051093694	-13.97919875
AFS	798163	38385PQB8	Agency CMO	A-4-Q	GOVERNMENT NATIONAL MORTGAGE A	0.992289609	4.75	57011	23492500	23311363.64	181950.06	23414242.92	22629844.27	100.4413	97.07645	-784398.64	7/31/2026	Model2501	100	LMMSOFRFLAT	RFRSwap	5.350608	4.654854	4.127257824	-0.7077782	0.040229324	 9,378 	0.1772	0.264	0.4429	1.0727	1.6186	0.5486	0.0121	6.2747	9.2237	67.9836	99.9824	0.9922896	0.2056	6.0186	6	260673.7188	NA	NA	1.3164	0.013865384	7.85371763	2.1487	0.022273626	6.18955287	3.0043	0.030349832	3.54948195	5.1567	0.047956318	-4.47344285	5.9303	0.052177075	-9.4883657	6.4362	0.053214706	-14.791965
AFS	798169	38385PQY8	Agency CMO	A-4-Q	GOVERNMENT NATIONAL MORTGAGE A	0.986989211	4.5	57040	99474000	98179764.78	1289089.03	97791999.11	93958339.25	99.605	95.70031	-3833659.87	7/31/2026	Model2501	100	LMMSOFRFLAT	RFRSwap	5.305502	4.568502	4.683252335	-0.9913349	0.044994492	 44,175 	0.1421	0.2319	0.4679	1.1441	1.8697	0.7939	0.0702	7.0487	8.3335	68.5906	92.18929	0.98698921	2.4374	5.5964	7	194663.4844	NA	NA	1.4671	0.015479898	9.43519653	2.7261	0.028188318	7.32568802	3.6594	0.036653228	4.08656426	5.3247	0.048623718	-4.75758304	5.9662	0.051490542	-9.7722573	6.4412	0.052223884	-14.99687937
AFS	826490	38385RPS8	Agency CMO	A-4-Q	GOVERNMENT NATIONAL MORTGAGE A	0.99415131	4.75	56980	54125000	53808439.65	208086.07	53175079.36	52300119.14	98.8229	97.19687	-874960.21	7/31/2026	Model2501	100	LMMSOFRFLAT	RFRSwap	5.314646	4.98075	3.860845566	-1.077075	0.037679035	 20,275 	0.1955	0.2909	0.4373	0.9427	1.4609	0.516	0.0136	6.105	9.9103	60.012	96.18362	0.99415131	0.1373	6.0341	5	266630.3125	NA	NA	1.1487	0.01203804	7.20632089	1.7664	0.018266596	5.8196943	2.8339	0.028599713	3.32699541	4.8109	0.044965751	-4.12597856	5.5332	0.04911983	-8.81913358	6.2275	0.052105915	-13.92216147
HTM	885802	38385S2L6	Agency CMO	A-4-Q	GOVERNMENT NATIONAL MORTGAGE A	0.994160033	4.5	57011	40862206	40623572.07	0	39194312.41	39091738.41	96.4817	96.2292	-102574	7/31/2026	Model2501	100	LMMSOFRFLAT	RFRSwap	5.262321	5.209196	3.951972008	-1.633629	0.03817771	 15,509 	0.1861	0.2354	0.4322	0.9988	1.5321	0.6223	0.0386	6.0581	NA	50.2161	91.10254	0.99416003	4.2141	6.0222	6	511205.25	NA	NA	1.4042	0.014648997	7.71757074	1.9141	0.019663049	6.12296392	3.0372	0.030377226	3.41303579	4.9949	0.046133317	-4.24278519	5.7927	0.050693128	-9.0928047	6.5049	0.053506907	-14.34777396
AFS	840659	38385SMF7	Agency CMO	A-4-Q	GOVERNMENT NATIONAL MORTGAGE A	0.99454982	4.75	56919	80000000	79563985.6	432199.27	78871495.27	77517225.94	99.1296	97.42753	-1354269.33	7/31/2026	Model2501	100	LMMSOFRFLAT	RFRSwap	5.246215	4.913718	4.099329472	-0.5657447	0.040101018	 31,906 	0.1711	0.2928	0.4804	1.0763	1.6158	0.454	-0.0094	6.3279	8.8794	57.5111	88.28446	0.99454982	1.8769	5.959	3	252240.1562	NA	NA	1.2183	0.012841211	7.57833314	1.9345	0.020093573	6.04813977	2.9793	0.030209145	3.57485758	4.9737	0.046485294	-4.36039722	5.62	0.049842067	-9.13654257	6.1536	0.051444203	-14.22359546
HTM	884748	38385SQZ9	Agency CMO	A-4-Q	GOVERNMENT NATIONAL MORTGAGE A	0.993933781	5	56858	50000000	49696689.05	0	49287698.7	49182661.29	99.177	98.96567	-105037.42	7/31/2026	Model2501	100	LMMSOFRFLAT	RFRSwap	5.200114	5.158699	3.831884146	-0.9539177	0.03808216	 18,926 	0.1695	0.3095	0.5349	1.072	1.389	0.4127	-0.0182	6.1569	9.8718	42.968	84.15291	0.99393378	3.4878	6.0879	6	265008.9375	NA	NA	0.8028	0.008440778	5.76545125	1.0177	0.010617646	4.95251608	2.334	0.023954775	3.25031401	4.8064	0.045734927	-4.22790609	5.5282	0.0499608	-9.00826042	6.294	0.05360961	-14.20604517
HTM	884745	38385SS46	Agency CMO	A-4-Q	GOVERNMENT NATIONAL MORTGAGE A	0.995084153	5	55793	30000000	29852524.59	0	29775923.11	29729472.48	99.7434	99.5878	-46450.62	7/31/2026	Model2501	100	LMMSOFRFLAT	RFRSwap	5.084749	5.047228	3.257462978	-1.689413	0.032576084	 9,725 	0.2105	0.3658	0.5693	1.0537	0.9945	0.0914	-0.0039	4.6256	9.3494	26.9791	80.18784	0.99508415	3.1114	6.019	3	267588.6875	NA	NA	0.5732	0.005937306	3.57667438	0.4239	0.004370822	3.10694324	1.3394	0.013707623	2.33657342	4.639	0.044569775	-3.92739061	5.6744	0.051766686	-8.7757793	6.3941	0.054892436	-14.15611544
HTM	884954	38385TRH6	Agency CMO	A-4-Q	GOVERNMENT NATIONAL MORTGAGE A	0.998066741	5	56949	50000000	49903337.05	0	49508590.35	49412268.25	99.209	99.01596	-96322.1	7/31/2026	Model2501	100	LMMSOFRFLAT	RFRSwap	5.196312	5.156815	3.461083889	-2.096601	0.034414466	 17,174 	0.2011	0.3204	0.4966	0.9806	1.2552	0.3076	-0.0142	5.8564	9.754	38.0504	85.35599	0.99806674	0.0943	5.9736	2	540506.4375	NA	NA	1.1959	0.012582656	5.78079755	1.2752	0.013260936	4.55600205	1.9743	0.020195801	2.8604772	4.7165	0.044998214	-4.02698747	5.5858	0.050607204	-8.83236534	6.2459	0.053313378	-14.07469763
HTM	885688	38385XCR1	Agency CMO	A-4-Q	GOVERNMENT NATIONAL MORTGAGE A	1	5	56766	100000000	100000000	0	99515461.3	99000000	99.5155	99	-515461.3	7/31/2026	Model2501	100	LMMSOFRFLAT	RFRSwap	5.207759	5.096657	3.449021101	-2.071793	0.034289017	 34,289 	0.1973	0.3243	0.5263	1.0284	1.2493	0.2341	-0.0116	5.4737	9.5828	38.1813	89.79567	1	NA	6.0034	1	536819.75	NA	NA	1.1833	0.012424104	5.58019045	1.2193	0.012655917	4.38281181	1.916	0.019580528	2.77564455	4.8523	0.046252158	-4.09666175	5.8125	0.052511092	-9.07469019	6.4436	0.054725043	-14.48796514
233_PUB_HTM	611738	387460NR5	MUNI	IG-2	GRANITE UT SCH DIST SALT LAKE		5	48366	810000	810000	0	828357.88	824066.78	102.2664	101.73664	-4291.09	7/31/2026	Muni	100	Single	RFRSwap	4.655347	4.552001	1.369440198	-0.6894388	0.014046345	 114 	0.6871	0.1076	0.101	0.4084	0.0641	0	0	1.1942	0	-153.6474	-119.7119	0	0	0	0	0	0	0	0.672	0.007166147	4.06876369	0.7964	0.008433805	3.33381624	0.8285	0.008700988	2.4562984	0.9866	0.010188127	0.69651125	1.7694	0.018034188	-0.65004779	2.8297	0.028182594	-2.97395162
233_PUB_HTM	612320	387460NS3	MUNI	IG-2	GRANITE UT SCH DIST SALT LAKE		5	48731	500000	500000	0	511307.71	508394.55	102.2615	101.67891	-2913.16	7/31/2026	Muni	100	Single	RFRSwap	4.70869	4.60934	1.472631574	-0.8790258	0.015096277	 75 	0.6699	0.1173	0.1076	0.4117	0.1798	0	0	1.3099	0	-154.4006	-112.757	0	0	0	0	0	0	0	0.672	0.007165201	4.11780094	0.7963	0.008432698	3.38295029	0.8284	0.008699853	2.50554728	1.0735	0.011081917	0.71541571	2.1256	0.021608206	-0.85648144	3.315	0.032791469	-3.59262844
233_PUB_HTM	611280	387460NU8	MUNI	IG-2	GRANITE UT SCH DIST SALT LAKE		4	49461	410000	410000	0	415244.45	410751.2	101.2791	100.18322	-4493.25	7/31/2026	Muni	100	Single	RFRSwap	3.97461	3.827407	2.619533062	-1.849483	0.026417961	 108 	0.4955	0.198	0.2072	0.6434	1.0969	0	0	2.3492	0	-156.7895	-33.15136	0	0	0	0	0	0	0	0.6752	0.007146311	4.99367136	0.7997	0.008405407	4.26085309	0.8318	0.008670203	3.38642457	2.4254	0.024665395	0.84521246	4.3013	0.042277671	-2.55941067	5.5622	0.052014947	-7.33481696
233_PUB_HTM	611860	388625JA4	MUNI	IG-2	GRAPEVINE TX		3	49355	1345000	1345000	0	1352386.06	1220950.38	100.5491	90.77698	-131435.68	7/31/2026	Muni	100	Single	RFRSwap	4.301906	2.926753	6.503698349	-0.1679669	0.059938289	 806 	-0.0077	0.0404	0.1397	2.1451	4.2009	0	0	7.0095	0	-12.097	0.172301	0	0	0	0	0	0	0	1.5109	0.016201589	15.06834265	1.5917	0.016811857	13.45962555	3.3012	0.034090266	11.10477105	6.3879	0.059426088	0.86912492	6.7556	0.058822788	-5.0878076	6.8518	0.055726979	-10.828549
233_PUB_HTM	611252	388625JB2	MUNI	IG-2	GRAPEVINE TX		3	49720	1385000	1385000	0	1392345.5	1223617.31	100.5304	88.34782	-168728.19	7/31/2026	Muni	100	Single	RFRSwap	4.516922	2.935748	7.341498375	0.09696027	0.065876111	 912 	-0.0109	0.0073	0.0705	0.971	6.2877	0	0	8.2026	0	8.8471	18.20341	0	0	0	0	0	0	0	1.5091	0.016126467	17.13051111	1.6958	0.017847566	15.51669555	4.1057	0.042060956	12.71485837	7.2095	0.065359697	0.92619933	7.4792	0.062985569	-5.51684421	7.5246	0.058780044	-11.61350495
233_PUB_HTM	611179	391554BT8	MUNI	IG-2	GTR ALBANY OR SCH DIST #8J		5	48745	2000000	2000000	0	2045586.12	2034805.6	102.2793	101.74028	-10780.52	7/31/2026	Muni	100	Single	RFRSwap	4.699787	4.608343	1.488290668	-0.8911098	0.015236996	 305 	0.7056	0.1143	0.1031	0.3933	0.1723	0	0	1.3559	0	-147.1389	-111.5718	0	0	0	0	0	0	0	0.6912	0.00737321	4.29347965	0.8305	0.008796054	3.53540309	0.8666	0.009098832	2.61741597	1.1282	0.011634247	0.74426224	2.1958	0.022285065	-0.8917448	3.3687	0.033246573	-3.68670603
233_PUB_HTM	611453	394262ML0	MUNI	IG-2	GREENDALE WI SCH DIST		4	48639	2385000	2385000	0	2406593.44	2391875.72	100.9054	100.28829	-14717.72	7/31/2026	Muni	100	Single	RFRSwap	3.492228	2.424584	0.566755116	0.006635332	0.005778349	 138 	0.5668	0	0	0	0	0	0	0.5833	0	-48.3741	-48.37436	0	0	0	0	0	0	0	0.5401	0.005654829	2.73947378	0.5697	0.005932488	2.17129054	0.5761	0.005963993	1.57132043	0.5691	0.005824521	0.3925559	0.5657	0.005756649	-0.18649118	0.5623	0.00568998	-0.75881148
233_PUB_HTM	611989	394262MM8	MUNI	IG-2	GREENDALE WI SCH DIST		4	49004	1730000	1730000	0	1745178.99	1735526.14	100.8774	100.31943	-9652.85	7/31/2026	Muni	100	Single	RFRSwap	3.950423	3.865001	1.922861814	-1.721454	0.019610517	 339 	0.4773	0.154	0.1633	0.6637	0.4918	0	0	1.7374	0	-164.9705	-53.791	0	0	0	0	0	0	0	0.5434	0.005728314	3.42714194	0.5732	0.00600916	2.85159428	0.5796	0.006040668	2.24389086	1.5525	0.015938912	0.68131719	3.392	0.03398392	-1.79781922	4.7079	0.045254979	-5.86085573
233_PUB_HTM	611557	394262MN6	MUNI	IG-2	GREENDALE WI SCH DIST		4	49369	885000	885000	0	892464.43	887087.1	100.8434	100.23583	-5377.34	7/31/2026	Muni	100	Single	RFRSwap	3.966934	3.883145	2.110991955	-1.963214	0.021511536	 190 	0.4577	0.1717	0.1722	0.5852	0.8221	0	0	1.9881	0	-166.3685	-39.2431	0	0	0	0	0	0	0	0.5435	0.005731133	3.53823467	0.5733	0.006012101	2.96240447	0.5797	0.00604361	2.35440436	1.7522	0.017971555	0.66190471	3.8712	0.038588051	-2.22261146	5.2964	0.050375268	-6.78981223
233_PUB_HTM	612577	39466HAR8	MUNI	IG-2	GREENE CNTY OH VOTECH SCH DIST		4	49279	700000	700000	0	721741.42	703819.48	103.1059	100.54564	-17921.94	7/31/2026	Muni	100	Single	RFRSwap	3.921996	3.56535	4.10511446	-0.9548425	0.041548811	 291 	-0.0028	0.6442	0.6913	1.258	1.5128	0	0	4.01	0	-118.9948	-42.08388	0	0	0	0	0	0	0	2.136	0.024390794	12.9769162	2.2431	0.025070066	10.55161627	2.3767	0.02595949	8.01403251	4.2475	0.043526117	1.26289949	5.2293	0.051079392	-3.53257872	5.853	0.054075275	-8.82407285
233_PUB_HTM	612541	39466HAS6	MUNI	IG-2	GREENE CNTY OH VOTECH SCH DIST		4	49644	600000	600000	0	618460.05	601110.42	103.0767	100.18507	-17349.63	7/31/2026	Muni	100	Single	RFRSwap	3.975506	3.608294	4.461586952	-1.065023	0.044995882	 270 	-0.0028	0.5874	0.6769	0.9488	2.2851	0	0	4.3683	0	-118.2061	-34.79272	0	0	0	0	0	0	0	2.136	0.024388995	13.33076021	2.2431	0.025068613	10.90563826	2.393	0.026135791	8.36366624	4.6055	0.047044102	1.2953002	5.6826	0.055110585	-3.87047761	6.3483	0.057954025	-9.56120114
233_PUB_HTM	611422	399028DS5	MUNI	IG-2	GROSSE POINTE FARMS MI		3	46661	250000	250000	0	250000	250007.15	100	100.00286	7.15	7/31/2026	Muni	100	Single	RFRSwap	2.995309	2.99782	0.356684446	-0.6381489	0.003602615	 9 	0.3224	0.0356	0	0	0	0	0	0.3367	0	-160.2957	-114.0111	0	0	0	0	0	0	0	0.0447	0.000453862	0.43510757	0.079	0.000801424	0.3836678	0.0891	0.000902532	0.29325726	0.0908	0.000918627	0.11337664	0.5619	0.005666891	-0.14854016	0.998	0.009981034	-0.98950907
233_PUB_HTM	611196	399028DT3	MUNI	IG-2	GROSSE POINTE FARMS MI		3	47027	275000	275000	0	275000	274565.56	100	99.84202	-434.45	7/31/2026	Muni	100	Single	RFRSwap	3.074705	2.998808	0.759259164	-1.13	0.007656523	 21 	0.2611	0.4519	0.0724	0	0	0	0	0.6859	0	-165.8207	-109.7593	0	0	0	0	0	0	0	0.0448	0.000454011	0.60082442	0.0791	0.000801685	0.54936783	0.0891	0.000902825	0.45892787	0.1477	0.001493604	0.27373702	1.1634	0.011691725	-0.34870811	1.7597	0.017414723	-1.87587658
233_PUB_HTM	611817	399028DU0	MUNI	IG-2	GROSSE POINTE FARMS MI		3	47392	275000	275000	0	275000	271368.05	100	98.67929	-3631.95	7/31/2026	Muni	100	Single	RFRSwap	3.442834	2.999172	2.072968006	-0.9476531	0.020663196	 57 	0.2328	0.286	1.4483	0.1145	0	0	0	1.9116	0	-99.4389	-72.88512	0	0	0	0	0	0	0	0.0446	0.000452229	1.70506608	0.0788	0.000798554	1.65381094	0.0888	0.000899316	1.56372335	1.2889	0.012977823	1.00845449	2.4496	0.024173936	-0.9920979	2.7553	0.026482634	-3.56577997
233_PUB_HTM	612055	399028DV8	MUNI	IG-2	GROSSE POINTE FARMS MI		3	47757	275000	275000	0	275000	269454.71	100	97.98353	-5545.29	7/31/2026	Muni	100	Single	RFRSwap	3.523836	2.999362	2.77040863	-1.006192	0.027422482	 75 	0.1809	0.2485	1.1537	1.2036	0	0	0	2.6616	0	-92.3162	-65.20564	0	0	0	0	0	0	0	0.0446	0.000452038	2.39456396	0.0788	0.000798219	2.34333035	0.0888	0.000898941	2.25328042	2.1018	0.021065621	1.24070981	3.2712	0.031872202	-1.55213006	3.5788	0.033681903	-4.8684467
233_PUB_HTM	612237	399262LU6	MUNI	IG-2	GROSSMONT CA UNION HIGH SCH DI		3	48427	1000000	1000000	0	1000000	981280.6	100	98.12806	-18719.4	7/31/2026	Muni	100	Single	RFRSwap	45.249088	3.020331	0.041406624	0.000107207	0.000412526	 4 	0.0414	0	0	0	0	0	0	0.05	0	4138.656	4138.656	0	0	0	0	0	0	0	0.0417	0.000416558	0.19189645	0.0417	0.000415683	0.15028441	0.0416	0.00041481	0.10875979	0.0415	0.000413071	0.02597185	0.0414	0.000412205	-0.01529194	0.0413	0.000411342	-0.05646927
233_PUB_HTM	612913	3993522B8	MUNI	IG-2	GROTON TOWN CT		3	49963	1000000	1000000	0	1006076.47	916932.6	100.6076	91.69326	-89143.87	7/31/2026	Muni	100	Single	RFRSwap	3.998863	2.930385	7.129432678	-0.3755125	0.066001862	 660 	-0.011	0.0812	0.2273	0.5738	6.128	0.1197	0	7.5783	0	-60.4183	-36.05056	0	0	0	0	0	0	0	2.0849	0.022979734	17.64148136	2.2485	0.024267323	15.35175214	3.7658	0.039501935	12.32026761	7.0438	0.065941028	1.03859932	7.6257	0.06630744	-5.6237142	7.8285	0.06299343	-12.10965304
233_PUB_HTM	611780	3993522C6	MUNI	IG-2	GROTON TOWN CT		3	50328	1000000	1000000	0	1005518.92	902707.1	100.5519	90.27071	-102811.82	7/31/2026	Muni	100	Single	RFRSwap	4.090688	2.941548	7.793529034	-0.2998326	0.071041167	 710 	-0.0106	0.0585	0.1819	0.5015	6.2802	0.7898	0	8.381	0	-53.5606	-30.4878	0	0	0	0	0	0	0	2.0841	0.022932904	18.88527005	2.3051	0.024836598	16.59123467	4.2114	0.043994624	13.31222228	7.7232	0.071104281	0.91230422	8.2981	0.070477851	-6.2218922	8.4749	0.066181295	-13.06315392
233_PUB_HTM	612230	3993522D4	MUNI	IG-2	GROTON TOWN CT		3	50693	1000000	1000000	0	1004446.51	888048	100.4447	88.8048	-116398.51	7/31/2026	Muni	100	Single	RFRSwap	4.179962	2.956071	8.475689888	-0.1512329	0.076016873	 760 	-0.0106	0.037	0.1381	0.4273	6.244	1.6381	0	9.4062	0	-46.7992	-25.19062	0	0	0	0	0	0	0	2.0832	0.022887472	20.17769046	2.3796	0.025595739	17.87653228	4.7168	0.049049854	14.30164421	8.4604	0.076515324	0.75175885	8.9315	0.07400921	-6.8253434	9.0656	0.068638474	-13.97461933
233_PUB_HTM	612088	3993522E2	MUNI	IG-2	GROTON TOWN CT		3	51058	1000000	1000000	0	1003060.93	866696	100.3061	86.6696	-136364.93	7/31/2026	Muni	100	Single	RFRSwap	4.33612	2.971559	9.225388527	0.09527564	0.080770984	 808 	-0.0101	0.014	0.0907	0.3306	6.1435	2.6518	0	10.4206	0	-31.8187	-12.99961	0	0	0	0	0	0	0	2.0813	0.022786288	21.92601978	2.5653	0.027487217	19.59701945	5.497	0.056658905	15.52018919	9.1941	0.081046186	0.59693647	9.6151	0.077109694	-7.35647845	9.6682	0.070402429	-14.73458135
233_PUB_HTM	611752	401766VU1	MUNI	IG-2	GUILFORD CT		4	47710	300000	300000	0	300198.66	300198.87	100.0662	100.06629	0.21	7/31/2026	Muni	100	Single	RFRSwap	3.981686	3.98171	0.850823164	-1.074401	0.008670801	 26 	0.2546	0.0877	0.2647	0.2032	0	0	0	0.6631	0	-158.1256	-24.29037	0	0	0	0	0	0	0	0.1455	0.001496977	0.95619289	0.1607	0.001650371	0.80400073	0.1649	0.001690827	0.63455781	0.2523	0.002577908	0.27817312	1.4396	0.014600142	-0.49341635	2.5541	0.025366984	-2.59034273
233_PUB_HTM	611321	401784B77	MUNI	IG-2	GUILFORD CNTY NC		4	47150	4870000	4870000	0	4870000	4873982.69	100	100.08178	3982.69	7/31/2026	Muni	100	Single	RFRSwap	3.965317	4	0.516691983	-0.932267	0.005274484	 257 	0.2333	0.1851	0.1156	0	0	0	0	0.4787	0	-106.0197	-49.83775	0	0	0	0	0	0	0	0.1261	0.00129578	0.66373981	0.1258	0.001290776	0.5344123	0.1255	0.001285803	0.40558365	0.1248	0.001275954	0.14941008	0.9042	0.009206149	-0.26163671	1.8131	0.018197002	-1.7178184
233_PUB_HTM	611287	406107AQ5	MUNI	IG-2	HALLANDALE BEACH FL		3	48030	750000	750000	0	750000	727266	100	96.9688	-22734	7/31/2026	Muni	100	Single	RFRSwap	3.67917	2.999659	3.47380352	-0.8713126	0.033771902	 253 	0.1235	0.2111	0.4805	2.6799	0	0	0	3.3828	0	-73.8277	-50.84278	0	0	0	0	0	0	0	0.0445	0.0004482	3.39228483	0.0787	0.000791446	3.34148609	0.0887	0.000891318	3.25220003	3.0362	0.029941866	1.39807224	3.9965	0.038002793	-2.12912384	4.2485	0.038754456	-5.99935791
233_PUB_HTM	612294	406107AR3	MUNI	IG-2	HALLANDALE BEACH FL		3	48396	750000	750000	0	750000	718111.5	100	95.7482	-31888.5	7/31/2026	Muni	100	Single	RFRSwap	3.809049	2.999712	4.308331966	-0.7963195	0.041359209	 310 	0.0736	0.1655	0.3183	3.144	0.633	0	0	4.322	0	-60.356	-40.63341	0	0	0	0	0	0	0	0.0445	0.000447844	4.60114847	0.0787	0.00079082	4.55039001	0.0887	0.000890617	4.46117444	3.9354	0.038436837	1.67098575	4.8083	0.044905044	-2.60655991	5.0383	0.044779554	-7.11953084
233_PUB_HTM	611547	406107AS1	MUNI	IG-2	HALLANDALE BEACH FL		3	48761	500000	500000	0	500000	472292.95	100	94.45859	-27707.05	7/31/2026	Muni	100	Single	RFRSwap	3.922195	2.99975	5.11981678	-0.6931539	0.048489064	 242 	0.0387	0.1201	0.2577	3.0558	1.6641	0	0	5.2594	0	-49.674	-32.3488	0	0	0	0	0	0	0	0.0445	0.000447562	5.88145911	0.0786	0.000790324	5.83073255	0.0886	0.000890061	5.74157278	4.9549	0.047697846	1.55463989	5.6761	0.051760517	-3.51762019	5.8495	0.050341692	-8.64679751
233_PUB_HTM	611239	4140188A2	MUNI	IG-2	HARRIS CNTY TX FLOOD CONTROL D		3	50679	835000	835000	0	837104.39	725495.51	100.252	86.88569	-111608.88	7/31/2026	Muni	100	Single	RFRSwap	4.403447	2.974919	8.810796738	0.2262184	0.077434294	 647 	-0.0095	-0.0177	0.0998	0.336	6.6754	1.7158	0	9.911	0	-17.98	-2.644693	0	0	0	0	0	0	0	3.0067	0.03385156	24.70083985	3.8042	0.041487359	21.17172679	6.2819	0.065148972	15.82288278	8.8303	0.078209519	0.68387472	9.1307	0.073897436	-6.9526096	9.1454	0.067548439	-14.02509026
233_PUB_HTM	612571	4140188B0	MUNI	IG-2	HARRIS CNTY TX FLOOD CONTROL D		3	51044	4165000	4165000	0	4166837.43	3545982.29	100.0441	85.13763	-620855.15	7/31/2026	Muni	100	Single	RFRSwap	4.508734	2.995693	9.457951546	0.4524362	0.081468552	 3,393 	-0.009	-0.0174	0.0616	0.2602	6.3615	2.7852	0	10.9723	0	-9.6357	4.45452	0	0	0	0	0	0	0	3.0064	0.033758122	26.14883899	4.0537	0.044059265	22.5500562	6.9087	0.071073391	16.73826144	9.4945	0.082299337	0.5433631	9.7145	0.076472998	-7.41716356	9.7	0.069279261	-14.71556302
233_PUB_HTM	611488	415666QZ2	MUNI	IG-2	HARRISONBURG VA		3	48775	1400000	1400000	0	1400000	1336443.22	100	95.46023	-63556.78	7/31/2026	Muni	100	Single	RFRSwap	3.747309	2.999855	4.83039856	-1.007884	0.046175499	 646 	0.0748	0.1609	0.2966	2.7914	1.5364	0	0	4.8143	0	-74.2161	-50.01505	0	0	0	0	0	0	0	0.0445	0.00044769	4.90107374	0.0787	0.000790545	4.85033279	0.0887	0.000890304	4.76114835	4.5546	0.044217855	1.49131936	5.5573	0.051226582	-3.41463871	5.8288	0.050737802	-8.54632235
233_PUB_HTM	611886	415666RA6	MUNI	IG-2	HARRISONBURG VA		3	49140	1765000	1765000	0	1765000	1664385.82	100	94.29948	-100614.18	7/31/2026	Muni	100	Single	RFRSwap	3.838133	2.999872	5.611494541	-0.9241146	0.052990921	 935 	0.0464	0.1265	0.2501	2.4131	2.7977	0	0	5.7551	0	-66.1425	-44.18933	0	0	0	0	0	0	0	0.0445	0.000447477	6.05479701	0.0787	0.00079017	6.0040802	0.0887	0.000889884	5.91493795	5.6724	0.054111473	0.96183535	6.4742	0.058060329	-4.75326071	6.6444	0.055793036	-10.46305975
233_PUB_HTM	611836	417123ED4	MUNI	IG-2	HARTNELL CA CMNTY CLG DIST		3.5	47331	500000	500000	0	500000	500090.4	100	100.01808	90.4	7/31/2026	Muni	100	Single	RFRSwap	3.4936	3.5	0.7061131	-1.299521	0.007185978	 36 	0.2444	0.1144	0.3615	0	0	0	0	0.5221	0	-151.7573	-68.57525	0	0	0	0	0	0	0	0.1267	0.001298722	0.72299803	0.1264	0.001293687	0.59337785	0.1261	0.001288685	0.46425956	0.1254	0.001278776	0.20751569	1.2479	0.012652511	-0.37411286	2.2078	0.021976158	-2.23102981
233_PUB_HTM	611218	419434ML6	MUNI	IG-2	HAVERFORD TWP PA SCH DIST		4	49188	1230000	1230000	0	1275369.03	1240432.12	103.6885	100.84814	-34936.91	7/31/2026	Muni	100	Single	RFRSwap	3.876386	3.472393	4.145879745	-0.8364078	0.042501409	 523 	-0.0024	0.4113	0.9849	1.3957	1.4051	0	0	4.2013	0	-117.9641	-51.49043	0	0	0	0	0	0	0	2.474	0.02886935	14.17836511	2.4803	0.028238283	11.33604701	2.6039	0.028910935	8.51287761	4.3244	0.044896815	1.30668443	5.1684	0.051153209	-3.54094811	5.6817	0.053244516	-8.8032876
233_PUB_HTM	612326	419722U76	MUNI	IG-2	HAWAII CNTY HI		5	48823	1235000	1235000	0	1253446.77	1249388.61	101.4937	101.16507	-4058.15	7/31/2026	Muni	100	Single	RFRSwap	4.803311	4.74852	1.276342154	-0.9267541	0.013178029	 163 	0.5169	0.097	0.0962	0.375	0.1934	0	0	1.1113	0	-154.1254	-100.9742	0	0	0	0	0	0	0	0.54	0.005734127	2.93435289	0.5697	0.006016918	2.35818748	0.5761	0.006049054	1.74964879	0.7784	0.008075777	0.50275621	1.9706	0.020189824	-0.79559194	3.484	0.034718957	-3.5972285
233_PUB_HTM	611261	419722W82	MUNI	IG-2	HAWAII CNTY HI		4	47727	3450000	3450000	0	3482145.26	3467626.05	100.9317	100.5109	-14519.21	7/31/2026	Muni	100	Single	RFRSwap	3.862842	3.75109	1.245023727	-0.8345402	0.012721349	 439 	0.4861	0.1342	0.3449	0.2789	0	0	0	1.0945	0	-148.5794	-87.02773	0	0	0	0	0	0	0	0.5429	0.005716342	3.11884865	0.5726	0.005996667	2.54450083	0.579	0.006028175	1.93805742	0.8851	0.009101774	0.6514576	1.815	0.018420706	-0.68873428	2.6104	0.025910689	-2.91932306
233_PUB_HTM	611602	419792H82	MUNI	IG-2	HAWAII ST		5	46600	8525000	8525000	0	8525000	8583154.14	100	100.68216	58154.14	7/31/2026	Muni	100	Single	RFRSwap	4.295784	5	0.126040459	0.000492927	0.001300513	 111 	0.126	0	0	0	0	0	0	0.125	0	-431.6207	-431.6208	0	0	0	0	0	0	0	0.1276	0.001324555	0.60755008	0.1273	0.001319298	0.47535775	0.1269	0.001314076	0.34368937	0.1263	0.001303736	0.08191048	0.1259	0.001298618	-0.04820692	0.1256	0.001293533	-0.17781418
233_PUB_HTM	612084	419792WJ1	MUNI	IG-2	HAWAII ST		5	47484	2795000	2795000	0	2901666.03	2880817.68	103.8163	103.0704	-20848.35	7/31/2026	Muni	100	Single	RFRSwap	4.027993	3.797425	1.57628727	-0.2396132	0.016312536	 456 	0.6546	0.6104	0.2788	0.0579	0	0	0	1.5869	0	-147.265	-138.8987	0	0	0	0	0	0	0	1.2802	0.014135071	6.92272802	1.3755	0.014992156	5.5051069	1.3939	0.014981137	3.98862455	1.4584	0.015242945	1.02860347	1.7084	0.017576832	-0.60160776	2.0844	0.021043617	-2.53073794
233_PUB_HTM	611813	419792WK8	MUNI	IG-2	HAWAII ST		5	47849	2000000	2000000	0	2074928.03	2059034.4	103.7464	102.95172	-15893.63	7/31/2026	Muni	100	Single	RFRSwap	4.258876	4.063921	1.709193945	-0.3517883	0.017667662	 353 	0.6263	0.5865	0.234	0.2709	0	0	0	1.6575	0	-144.431	-130.4723	0	0	0	0	0	0	0	1.28	0.014124983	6.98421703	1.3753	0.014981521	5.56760487	1.3936	0.01497057	4.05219509	1.535	0.016029181	1.05520796	1.9883	0.020404784	-0.74474652	2.5464	0.025546478	-3.04570386
233_PUB_HTM	611976	419792WL6	MUNI	IG-2	HAWAII ST		4	48214	14885000	14885000	0	15213073.85	15019255.26	102.2041	100.90195	-193818.59	7/31/2026	Muni	100	Single	RFRSwap	3.81358	3.548642	2.386312962	-0.8446004	0.024157906	 3,596 	0.4466	0.5302	0.2647	1.0728	0.0818	0	0	2.2207	0	-133.6827	-82.14284	0	0	0	0	0	0	0	1.2865	0.013994187	7.54420649	1.3817	0.01483618	6.14084075	1.4017	0.014840767	4.64024677	2.1904	0.022448968	1.2517989	3.0352	0.030298619	-1.4101453	3.7014	0.035712127	-4.75263045
233_PUB_HTM	612634	419792WM4	MUNI	IG-2	HAWAII ST		5	48214	1500000	1500000	0	1554399.77	1542153.15	103.6267	102.81021	-12246.62	7/31/2026	Muni	100	Single	RFRSwap	4.410293	4.24277	1.836596608	-0.5509243	0.018958613	 284 	0.6121	0.577	0.1484	0.4844	0.0357	0	0	1.7612	0	-140.5152	-120.4082	0	0	0	0	0	0	0	1.2797	0.014111936	7.05175003	1.3749	0.014967768	5.63644272	1.3933	0.014956904	4.12242004	1.6382	0.01708884	1.08640115	2.2812	0.023341216	-0.90559195	2.9609	0.029510038	-3.56108816
233_PUB_HTM	612944	421020J74	MUNI	IG-2	HAYS CNTY TX		4	48990	2000000	2000000	0	2015765.84	2003867.2	100.7883	100.19336	-11898.64	7/31/2026	Muni	100	Single	RFRSwap	3.969852	3.878189	1.924667001	-1.792491	0.019638879	 393 	0.4469	0.1694	0.1743	0.7037	0.5197	0	0	1.81	0	-158.9815	-35.16449	0	0	0	0	0	0	0	0.5242	0.005519213	3.2603256	0.5366	0.005620922	2.70860284	0.5382	0.005606967	2.14478327	1.5026	0.015433189	0.67375233	3.4094	0.034170046	-1.81512986	4.7335	0.045502089	-5.90936797
233_PUB_HTM	612308	425074FS5	MUNI	IG-2	HENDERSON KY		3.5	48884	480000	480000	0	480000	472940.54	100	98.52928	-7059.46	7/31/2026	Muni	100	Single	RFRSwap	3.732778	3.499403	3.220336437	-2.480069	0.03201152	 154 	0.2525	0.2296	0.2913	1.5567	0.9815	0	0	3.0712	0	-114.6181	-52.45602	0	0	0	0	0	0	0	0.0446	0.000452269	1.91137286	0.0789	0.000798621	1.8601133	0.0889	0.000899388	1.77001833	2.3027	0.023112534	0.96603704	4.7495	0.045890618	-2.78144392	5.536	0.050767332	-7.70059161
233_PUB_HTM	612545	425074FT3	MUNI	IG-2	HENDERSON KY		3.5	49249	520000	520000	0	520000	506844.78	100	97.47015	-13155.22	7/31/2026	Muni	100	Single	RFRSwap	3.860396	3.499466	4.250657558	-2.187734	0.041803155	 217 	0.1797	0.2269	0.3174	1.5727	2.0074	0	0	4.1751	0	-93.1579	-42.91463	0	0	0	0	0	0	0	0.0446	0.000451695	2.95164186	0.0788	0.000797613	2.90044717	0.0888	0.000898258	2.81046567	3.9586	0.039285302	0.89489575	5.8644	0.055293545	-4.05830732	6.415	0.056853626	-9.71974195
233_PUB_HTM	612000	426362MA4	MUNI	IG-2	HENRY CNTY GA SCH DIST		4	46966	1000000	1000000	0	 1,000,000.00 	1000745.2	100	100.07452	745.2																																															
233_PUB_HTM	612039	426362ME6	MUNI	IG-2	HENRY CNTY GA SCH DIST		4	48427	2500000	2500000	0	2500000	2500000	100	100	0	7/31/2026	Muni	100	Single	RFRSwap	0	0	0	0	0	 -   	0	0	0	0	0	0	0	0	0	100	100	0	0	0	0	0	0	0	0	0	0	0	0	0	0	0	0	0	0	0	0	0	0	0	0	0
233_PUB_HTM	611272	426362MF3	MUNI	IG-2	HENRY CNTY GA SCH DIST		4	48792	1500000	1500000	0	1500000	1500000	100	100	0	7/31/2026	Muni	100	Single	RFRSwap	0	0	0	0	0	 -   	0	0	0	0	0	0	0	0	0	100	100	0	0	0	0	0	0	0	0	0	0	0	0	0	0	0	0	0	0	0	0	0	0	0	0	0
233_PUB_HTM	611747	427290PP0	MUNI	IG-2	HERKIMER CNTY NY		4	48167	1675000	1675000	0	1683307.83	1678512.48	100.496	100.2097	-4795.35	7/31/2026	Muni	100	Single	RFRSwap	3.954661	3.89433	1.138090491	-1.177487	0.011500876	 193 	0.3408	0.1094	0.1246	0.5789	0.0303	0	0	0.9574	0	-181.4974	-63.78296	0	0	0	0	0	0	0	0.1489	0.00152842	1.55984569	0.2625	0.002689537	1.3868956	0.2957	0.003020279	1.08392131	0.5803	0.005888472	0.42538988	1.9186	0.019242939	-0.75675046	3.1672	0.030946888	-3.34502464
233_PUB_HTM	611325	427632CK8	MUNI	IG-2	HERMOSA BEACH CA CITY SCH DIST		5	46235	285000	285000	0	285000	285000	100	100	0	7/31/2026	Muni	100	Single	RFRSwap	0	0	0	0	0	 -   	0	0	0	0	0	0	0	0	0	100	100	0	0	0	0	0	0	0	0	0	0	0	0	0	0	0	0	0	0	0	0	0	0	0	0	0
233_PUB_HTM	612811	427632CL6	MUNI	IG-2	HERMOSA BEACH CA CITY SCH DIST		5	46600	210000	210000	0	210000	210414.35	100	100.19731	414.35	7/31/2026	Muni	100	Single	RFRSwap	4.795565	5	0.123615585	0.000470826	0.001269499	 3 	0.1236	0	0	0	0	0	0	0.125	0	-42.5708	-42.57082	0	0	0	0	0	0	0	0.1251	0.001292215	0.59289009	0.1248	0.001287251	0.46391708	0.1245	0.001282318	0.33543893	0.1238	0.001272547	0.07995461	0.1235	0.001267707	-0.04705779	0.5554	0.005684197	-0.35339447
233_PUB_HTM	611428	427632CM4	MUNI	IG-2	HERMOSA BEACH CA CITY SCH DIST		5	46966	305000	305000	0	305000	305602.59	100	100.19757	602.59	7/31/2026	Muni	100	Single	RFRSwap	4.895097	5	0.137735903	-0.4115789	0.001414514	 4 	0.1236	0	0	0	0	0	0	0.125	0	-42.782	-42.78198	0	0	0	0	0	0	0	0.1251	0.001292233	0.59289788	0.1248	0.001287268	0.46392315	0.1245	0.001282335	0.33544331	0.1238	0.001272563	0.07995565	0.3841	0.003941449	-0.08478933	1.2239	0.012458649	-0.90408892
233_PUB_HTM	611556	427632CN2	MUNI	IG-2	HERMOSA BEACH CA CITY SCH DIST		5	47331	435000	435000	0	435000	435861.69	100	100.19809	861.69	7/31/2026	Muni	100	Single	RFRSwap	4.92816	5	0.295653582	-0.8442732	0.003036306	 13 	0.1518	0.0115	0.0876	0	0	0	0	0.125	0	-43.2051	-43.20428	0	0	0	0	0	0	0	0.1251	0.001292267	0.59291448	0.1248	0.001287302	0.46393633	0.1245	0.001282369	0.3354531	0.1238	0.001272596	0.07995874	0.731	0.007491964	-0.21242251	1.8602	0.018810011	-1.57850356
233_PUB_HTM	612318	427632CP7	MUNI	IG-2	HERMOSA BEACH CA CITY SCH DIST		5	47696	465000	465000	0	465000	465867.69	100	100.1866	867.69	7/31/2026	Muni	100	Single	RFRSwap	4.948008	5	0.410013855	-1.171392	0.004210293	 20 	0.2168	0.0705	0.1351	0.0997	0	0	0	0.5194	0	-47.04	-33.87043	0	0	0	0	0	0	0	0.1251	0.001292579	0.60926853	0.1248	0.001287611	0.48025934	0.1245	0.001282675	0.35174534	0.1238	0.001272897	0.09619026	1.0631	0.010879503	-0.35380507	2.4599	0.024708925	-2.2403515
233_PUB_HTM	611345	427632CQ5	MUNI	IG-2	HERMOSA BEACH CA CITY SCH DIST		5	48061	575000	575000	0	575000	576046.5	100	100.182	1046.5	7/31/2026	Muni	100	Single	RFRSwap	4.958454	5	0.48098594	-1.356464	0.00493886	 28 	0.2349	0.0679	0.0761	0.2351	0	0	0	0.5849	0	-54.5686	-30.13214	0	0	0	0	0	0	0	0.1252	0.001293191	0.62342104	0.1249	0.001288218	0.49435086	0.1245	0.001283277	0.36577642	0.1239	0.001273488	0.11010206	1.4721	0.015043604	-0.48707593	3.0271	0.030205017	-2.89963442
233_PUB_HTM	612725	427632CR3	MUNI	IG-2	HERMOSA BEACH CA CITY SCH DIST		5	48427	555000	555000	0	555000	555980.35	100	100.17664	980.35	7/31/2026	Muni	100	Single	RFRSwap	4.965596	5	0.55685842	-1.529659	0.005717635	 32 	0.2314	0.0674	0.0711	0.2603	0.0605	0	0	0.6295	0	-61.4276	-25.77514	0	0	0	0	0	0	0	0.1252	0.00129375	0.63748789	0.1249	0.001288772	0.5083621	0.1246	0.001283825	0.37973255	0.1239	0.001274027	0.12394944	1.7314	0.017679781	-0.56251259	3.5109	0.034860633	-3.38502109
233_PUB_HTM	612090	427632CS1	MUNI	IG-2	HERMOSA BEACH CA CITY SCH DIST		5	48792	500000	500000	0	500000	500867.9	100	100.17358	867.9	7/31/2026	Muni	100	Single	RFRSwap	4.970336	5	0.624161065	-1.702369	0.006408485	 32 	0.229	0.0664	0.0704	0.2677	0.1388	0	0	0.6968	0	-67.7823	-23.28722	0	0	0	0	0	0	0	0.1253	0.001294268	0.64861799	0.1249	0.001289285	0.51944064	0.1246	0.001284334	0.39075999	0.124	0.001274527	0.13487604	2.1633	0.022035869	-0.81113343	4.0879	0.040276259	-4.14918273
233_PUB_HTM	612850	427632CT9	MUNI	IG-2	HERMOSA BEACH CA CITY SCH DIST		5	49157	425000	425000	0	425000	425711.66	100	100.16745	711.66	7/31/2026	Muni	100	Single	RFRSwap	4.974373	5	0.699531674	-1.951532	0.007181913	 31 	0.2261	0.0644	0.0703	0.2486	0.2325	0	0	0.7517	0	-73.3789	-18.30211	0	0	0	0	0	0	0	0.1253	0.001294724	0.66185789	0.125	0.001289737	0.53263511	0.1246	0.001284782	0.40390942	0.1698	0.001745772	0.14793661	2.9329	0.029754147	-1.21632527	4.7398	0.046201609	-5.19243925
233_PUB_HTM	612476	433344VX3	MUNI	IG-2	HINGHAM MA		2	50816	4000000	4000000	0	3348145.22	3034255.6	83.7036	75.85639	-313889.62	7/31/2026	Muni	100	Single	RFRSwap	4.547502	3.62923	10.27160168	1.0616	0.078863934	 3,155 	-0.0241	-0.036	-0.0831	-0.2588	7.8793	2.7913	0	11.7666	0	5.659	9.505802	0	0	0	0	0	0	0	2.0555	0.021783177	29.19468549	6.0944	0.062339518	25.51085924	9.3307	0.088036597	17.57247715	10.3165	0.079596885	0.37662053	10.2544	0.071382724	-7.16674281	10.106	0.063541181	-13.90387663
233_PUB_HTM	612967	436083FM6	MUNI	IG-2	HOLLY SPRINGS NC		2	50192	1500000	1500000	0	1294644.85	1193856.3	86.3097	79.59042	-100788.55	7/31/2026	Muni	100	Single	RFRSwap	4.386887	3.531616	9.153621674	0.8103061	0.073159173	 1,097 	-0.0202	-0.0376	-0.0931	-0.1737	8.6722	0.802	0	10.1574	0	-3.5087	-0.059138	0	0	0	0	0	0	0	4.8533	0.053990852	31.32108685	7.2613	0.076091804	24.86757045	8.6842	0.083913654	16.70384925	9.2126	0.074255995	0.67848782	9.1782	0.067469396	-6.41286719	9.0768	0.060901973	-12.82779134
233_PUB_HTM	612737	436083FN4	MUNI	IG-2	HOLLY SPRINGS NC		2	50557	1500000	1500000	0	1277254.34	1159972.2	85.1503	77.33148	-117282.14	7/31/2026	Muni	100	Single	RFRSwap	4.490086	3.5474	9.893356323	0.9807539	0.076836571	 1,153 	-0.0198	-0.0372	-0.0929	-0.2422	8.3283	1.9455	0	11.1759	0	3.1505	6.442861	0	0	0	0	0	0	0	5.0147	0.055595975	33.20098119	7.9547	0.08268366	26.27863817	9.4491	0.089887053	17.46291105	9.9811	0.077992976	0.47583517	9.8924	0.069985017	-6.91848422	9.7619	0.062592514	-13.54530703
233_PUB_HTM	612256	436083FP9	MUNI	IG-2	HOLLY SPRINGS NC		2	50922	1500000	1500000	0	1260177.82	1124222.1	84.0119	74.94814	-135955.72	7/31/2026	Muni	100	Single	RFRSwap	4.607235	3.562966	10.59779263	1.183273	0.079781748	 1,197 	-0.0193	-0.0364	-0.0922	-0.2842	7.786	3.2407	0	12.1636	0	11.4831	14.49432	0	0	0	0	0	0	0	5.2371	0.057809383	35.10331595	8.7067	0.08960449	27.63256186	10.2254	0.095556289	18.16808757	10.6971	0.080869704	0.31849602	10.592	0.071986929	-7.31776525	10.4156	0.063728899	-14.09524658
233_PUB_HTM	612203	4386703Z2	MUNI	IG-2	HONOLULU CITY & CNTY HI		4	48122	2000000	2000000	0	2005356.82	2000554.8	100.2678	100.02774	-4802.02	7/31/2026	Muni	100	Single	RFRSwap	3.993054	3.941267	1.018440604	-1.722795	0.010323023	 206 	0.2674	0.0929	0.1151	0.5439	0.0175	0	0	0.9162	0	-157.6268	-20.11564	0	0	0	0	0	0	0	0.0844	0.000863321	0.95733675	0.1507	0.0015406	0.85921536	0.1702	0.00173644	0.68519845	0.4174	0.004243481	0.30368774	2.0518	0.020620486	-0.86245658	3.3304	0.032547504	-3.63234712
233_PUB_HTM	612423	4386704A6	MUNI	IG-2	HONOLULU CITY & CNTY HI		4	48488	2000000	2000000	0	2005126.64	2000284.4	100.2563	100.01422	-4842.24	7/31/2026	Muni	100	Single	RFRSwap	3.996563	3.951958	1.138700366	-2.003685	0.01154045	 231 	0.283	0.1104	0.1277	0.5535	0.1442	0	0	1.1411	0	-167.1367	-22.60847	0	0	0	0	0	0	0	0.0844	0.000863966	0.98992479	0.1508	0.001541746	0.8917303	0.1703	0.001737724	0.71758433	0.459	0.004666837	0.32834442	2.3839	0.023919499	-1.00789147	3.8168	0.037090283	-4.17100911
233_PUB_HTM	612327	4386705M9	MUNI	IG-2	HONOLULU CITY & CNTY HI		4	48853	1000000	1000000	0	1002518.14	1000001.7	100.2518	100.00017	-2516.44	7/31/2026	Muni	100	Single	RFRSwap	3.99926	3.958597	1.246190429	-2.272239	0.012628084	 126 	0.2999	0.1195	0.1336	0.523	0.3081	0	0	1.3058	0	-174.0453	-25.34862	0	0	0	0	0	0	0	0.0845	0.000864589	1.02237716	0.1509	0.001542851	0.92411208	0.1703	0.001738965	0.7498415	0.5949	0.006047558	0.32593956	2.9219	0.029213019	-1.35444428	4.4189	0.042538695	-5.06871294
233_PUB_HTM	611501	439506FY7	MUNI	IG-2	HOPEDALE MA		2.55	46553	285000	285000	0	285000	283546.27	100	99.48992	-1453.73	7/31/2026	Muni	100	Single	RFRSwap	3.145236	2.548211	0.791024446	-0.1943213	0.00789567	 23 	0.791	0	0	0	0	0	0	0.8248	0	-94.9768	-93.12984	0	0	0	0	0	0	0	0.0446	0.000448926	0.85090314	0.0788	0.000792723	0.80002226	0.0888	0.000892751	0.71059237	0.4245	0.004256974	0.46651479	0.8218	0.008182303	-0.24498349	0.8398	0.008291835	-1.07472402
233_PUB_HTM	612564	439506FZ4	MUNI	IG-2	HOPEDALE MA		2.625	46919	295000	295000	0	295000	291670.04	100	98.8712	-3329.96	7/31/2026	Muni	100	Single	RFRSwap	3.250219	2.624104	1.496564031	-0.4413677	0.014846905	 44 	0.3895	1.1194	0	0	0	0	0	1.496	0	-102.2456	-91.9491	0	0	0	0	0	0	0	0.0446	0.000449191	1.48244843	0.0788	0.000793189	1.43153761	0.0888	0.000893274	1.34205527	1.0156	0.010163172	0.86470232	1.6226	0.016011318	-0.53265024	1.7382	0.016862202	-2.19659055
233_PUB_HTM	611846	440884JP0	MUNI	IG-2	HORTONVILLE WI SCH DIST		3.5	47939	245000	245000	0	245000	244421.56	100	99.7639	-578.44	7/31/2026	Muni	100	Single	RFRSwap	3.554548	3.49921	1.178058267	-1.975633	0.011890208	 29 	0.243	0.1286	0.2668	0.5847	0	0	0	1.0519	0	-154.0838	-62.80403	0	0	0	0	0	0	0	0.0447	0.000454635	0.7120027	0.079	0.000802789	0.66047534	0.0891	0.000904071	0.56991068	0.3394	0.003438422	0.36443267	2.3215	0.023217762	-0.91919282	3.3766	0.032790214	-3.82076517
233_PUB_HTM	611912	440884JQ8	MUNI	IG-2	HORTONVILLE WI SCH DIST		3.5	48305	1755000	1755000	0	1755000	1741981.41	100	99.2582	-13018.59	7/31/2026	Muni	100	Single	RFRSwap	3.645385	3.499338	2.090586662	-2.298525	0.020994687	 368 	0.279	0.1982	0.2458	1.2927	0.1695	0	0	1.9324	0	-129.2207	-56.29139	0	0	0	0	0	0	0	0.0447	0.000453965	1.19573896	0.0789	0.000801613	1.14428728	0.089	0.000902753	1.053855	0.9319	0.009424954	0.71608243	3.2779	0.032422259	-1.51444357	4.2249	0.040209133	-5.25279293
233_PUB_HTM	612209	444060BT3	MUNI	IG-2	HUDSON NY		4	47588	105000	105000	0	105000	105089.08	100	100.08484	89.08	7/31/2026	Muni	100	Single	RFRSwap	3.973755	3.998595	0.394810677	-1.215193	0.003997956	 4 	0.1511	0.0436	0.1229	0.0547	0	0	0	0.3199	0	-140.7124	-89.81998	0	0	0	0	0	0	0	0.0447	0.000454517	0.42238895	0.079	0.000802584	0.37087483	0.089	0.000903844	0.2803331	0.0886	0.000897601	0.10018986	1.1124	0.011228188	-0.32996965	2.3592	0.023382498	-2.14957336
233_PUB_HTM	611448	444060BU0	MUNI	IG-2	HUDSON NY		4	47953	110000	110000	0	110000	110078.41	100	100.07128	78.41	7/31/2026	Muni	100	Single	RFRSwap	3.982116	3.998872	0.515982449	-1.488974	0.005224274	 6 	0.1466	0.0414	0.0744	0.1901	0	0	0	0.3626	0	-146.7649	-74.02911	0	0	0	0	0	0	0	0.0447	0.00045468	0.4412992	0.079	0.000802871	0.38976664	0.089	0.000904165	0.29919266	0.102	0.001033594	0.11898575	1.5834	0.015950006	-0.5142818	2.9995	0.029496776	-2.91071735
233_PUB_HTM	611536	444060BV8	MUNI	IG-2	HUDSON NY		4	48319	115000	115000	0	115000	115067.03	100	100.05829	67.03	7/31/2026	Muni	100	Single	RFRSwap	3.987531	3.999052	0.647262037	-1.787887	0.006552626	 8 	0.1536	0.0408	0.0463	0.2864	0.0297	0	0	0.403	0	-152.338	-58.88852	0	0	0	0	0	0	0	0.0447	0.00045483	0.45921728	0.079	0.000803135	0.40766774	0.0891	0.000904461	0.31706404	0.1178	0.001194563	0.13679846	1.9173	0.019283818	-0.65927602	3.5514	0.034703355	-3.51844885
233_PUB_HTM	611893	444060BW6	MUNI	IG-2	HUDSON NY		4	48684	120000	120000	0	120000	120054.77	100	100.04564	54.77	7/31/2026	Muni	100	Single	RFRSwap	3.991354	3.999178	0.776865542	-2.172591	0.007863699	 9 	0.1739	0.0489	0.0587	0.2988	0.111	0	0	0.4416	0	-157.5883	-44.14118	0	0	0	0	0	0	0	0.0447	0.000454972	0.47651142	0.079	0.000803384	0.42494586	0.0891	0.00090474	0.33431415	0.1468	0.001488309	0.15399327	2.3887	0.023958601	-0.92550687	4.1417	0.040142559	-4.29939761
233_PUB_HTM	612117	446186PV4	MUNI	IG-2	HUNTINGTON BEACH CA CITY SCH D		3	51349	1250000	1250000	0	1218280.72	1066848.62	97.4625	85.34789	-151432.1	7/31/2026	Muni	100	Single	RFRSwap	4.414218	3.226694	9.646945953	0.3009003	0.083781689	 1,047 	-0.0074	0.0075	0.0594	0.2898	5.7456	3.5593	0	11.3113	0	-25.7093	-7.765984	0	0	0	0	0	0	0	1.975	0.021584779	22.43955003	2.4146	0.025858035	20.24066323	5.7107	0.058806866	16.12904336	9.6419	0.084226236	0.50676754	9.9522	0.078793623	-7.67599342	9.9829	0.07151854	-15.20705006
233_PUB_HTM	611457	446186PY8	MUNI	IG-2	HUNTINGTON BEACH CA CITY SCH D		3	51714	1000000	1000000	0	970978.99	840258.7	97.0979	84.02587	-130720.29	7/31/2026	Muni	100	Single	RFRSwap	4.473324	3.245916	10.21318531	0.4190144	0.087349154	 873 	-0.0068	0.001	0.0497	0.232	5.1881	4.7533	0	12.1759	0	-22.5994	-4.66258	0	0	0	0	0	0	0	1.9747	0.021566091	23.68767654	2.5512	0.027296154	21.46583881	6.2881	0.064457044	16.98019022	10.1714	0.087411933	0.4129435	10.4894	0.081265651	-8.05167993	10.4723	0.07304769	-15.77268477
233_PUB_HTM	612192	453722NK2	MUNI	IG-2	INDEPENDENCE MO SCH DIST		5.5	48274	1000000	1000000	0	1018830.28	1012407.8	101.883	101.24078	-6422.48	7/31/2026	Muni	100	Single	RFRSwap	5.239768	5.107116	1.133308172	-0.7387333	0.011733416	 117 	0.5228	0.0984	0.1004	0.4022	0.0436	0	0	1.0026	0	-111.0281	-64.68269	0	0	0	0	0	0	0	0.5378	0.005723586	2.90309515	0.5674	0.006006759	2.32796879	0.5738	0.006039205	1.72042864	0.7084	0.007369237	0.49287183	1.4357	0.014782077	-0.57040825	2.5482	0.025712078	-2.62779121
233_PUB_HTM	611260	453740MM1	MUNI	IG-2	INDEPENDENCE OH		2	48914	1120000	1120000	0	1035202.35	960464.06	92.4288	85.75572	-74738.28	7/31/2026	Muni	100	Single	RFRSwap	4.283616	3.164712	6.462779522	0.3413028	0.05563746	 623 	-0.0236	-0.033	-0.0451	3.4995	3.0565	0	0	6.9219	0	-0.6389	2.10485	0	0	0	0	0	0	0	1.1771	0.012208295	17.62434679	2.3354	0.023885868	16.18713992	5.07	0.049880214	12.2930647	6.3807	0.055693556	1.19481619	6.4449	0.052755624	-4.23243169	6.4227	0.049295634	-9.33715849
233_PUB_HTM	611418	462326LQ0	MUNI	IG-2	IOWA CITY IA CMNTY SCH DIST		2.25	48731	3380000	3380000	0	3225290.9	2879796.17	95.4228	85.20107	-345494.73	7/31/2026	Muni	100	Single	RFRSwap	4.816868	2.995408	6.07330513	0.3905383	0.051972959	 1,757 	-0.017	-0.0319	-0.0658	3.8856	2.3011	0	0	6.6842	0	56.4501	57.19125	0	0	0	0	0	0	0	1.6646	0.017361041	18.71725301	3.0201	0.030886661	16.6933877	5.2755	0.051652599	12.33393059	6.0449	0.052659605	1.53838124	6.0376	0.049510166	-3.57356983	5.9884	0.046239324	-8.36082389
233_PUB_HTM	612923	462326LT4	MUNI	IG-2	IOWA CITY IA CMNTY SCH DIST		2.375	49827	1605000	1605000	0	1513649.61	1276236.13	94.3084	79.51627	-237413.48	7/31/2026	Muni	100	Single	RFRSwap	5.042208	3.049038	8.312427521	0.7466071	0.066426359	 1,066 	-0.0145	-0.0281	-0.0672	0.0908	8.3273	0	0	9.5179	0	68.1573	69.4331	0	0	0	0	0	0	0	1.6701	0.01742366	24.41411917	4.9218	0.04997113	21.61713497	7.6854	0.073003471	15.078152	8.3228	0.067133516	0.74970352	8.2624	0.061336286	-5.67688881	8.1568	0.055778887	-11.52921537
233_PUB_HTM	611757	463610LD5	MUNI	IG-2	IRVINE CA UNIF SCH DIST		4	51380	1055000	1055000	0	1102815.1	1064442.67	104.5322	100.89504	-38372.43	7/31/2026	Muni	100	Single	RFRSwap	3.916461	3.587043	6.867506027	-0.7103586	0.07043431	 743 	-0.0013	-0.0037	0.6031	1.4615	3.147	1.6627	0	7.5296	0	-140.5587	-56.94027	0	0	0	0	0	0	0	3.8545	0.048641134	23.6310505	3.8855	0.047184039	18.8733128	4.4907	0.052339733	13.99003559	7.2053	0.07472574	1.14742017	8.1491	0.078223713	-6.57164341	8.7118	0.076845676	-14.35333339
233_PUB_HTM	611461	463610LE3	MUNI	IG-2	IRVINE CA UNIF SCH DIST		4	51745	415000	415000	0	433505.23	417418.2	104.4591	100.5827	-16087.02	7/31/2026	Muni	100	Single	RFRSwap	3.94812	3.613702	7.156036854	-0.8173132	0.073170021	 304 	-0.001	-0.0033	0.5764	1.4172	2.967	2.1796	0	7.8389	0	-142.4633	-56.48043	0	0	0	0	0	0	0	3.8551	0.04868767	24.04532599	3.8926	0.047307063	19.28165598	4.5737	0.053331442	14.35553253	7.49	0.077396125	1.08320552	8.4934	0.08096303	-6.92472615	9.0915	0.079339772	-14.98082406
233_PUB_HTM	612250	463610LF0	MUNI	IG-2	IRVINE CA UNIF SCH DIST		3	52110	1500000	1500000	0	1428999.75	1240553.7	95.2666	82.70358	-188446.05	7/31/2026	Muni	100	Single	RFRSwap	4.525234	3.383901	10.85449696	0.7263175	0.091127381	 1,367 	-0.0076	-0.0164	0.0073	0.2791	4.401	6.1685	0	13.1929	0	-19.9488	-2.043503	0	0	0	0	0	0	0	3.9197	0.045443293	31.98353632	5.6369	0.062490907	26.90705587	8.5627	0.08835113	19.22831748	10.9899	0.092576861	0.28484929	11.1477	0.084036812	-8.56896913	11.0461	0.074514695	-16.4953912
233_PUB_HTM	611300	4637774W9	MUNI	IG-2	IRVING TX		2	49567	800000	800000	0	711608.57	656860.56	88.9511	82.10757	-54748.01	7/31/2026	Muni	100	Single	RFRSwap	4.402517	3.419993	7.851994514	0.5754352	0.06506408	 521 	-0.0193	-0.0379	-0.0722	1.2898	6.6735	0	0	8.6492	0	5.255	7.851004	0	0	0	0	0	0	0	3.0826	0.033336725	25.28088793	5.3451	0.055553772	21.0703863	7.1473	0.069658585	14.59794134	7.8938	0.065979607	0.72090959	7.8705	0.060796406	-5.6171002	7.7987	0.055700254	-11.44061013
233_PUB_HTM	611426	4637774X7	MUNI	IG-2	IRVING TX		2	49933	1050000	1050000	0	917454.12	835052.72	87.3766	79.52883	-82401.4	7/31/2026	Muni	100	Single	RFRSwap	4.545445	3.490937	8.623274803	0.7612375	0.069231436	 727 	-0.019	-0.0372	-0.0815	-0.2312	8.864	0.1135	0	9.6358	0	16.0981	18.40171	0	0	0	0	0	0	0	3.1221	0.033647642	27.48818144	6.0271	0.062203187	22.92102211	7.9881	0.076697141	15.73040325	8.6548	0.070125856	0.74061328	8.6092	0.063980646	-5.96758797	8.5112	0.058061298	-12.06724077
233_PUB_HTM	612075	4637774Y5	MUNI	IG-2	IRVING TX		2	50298	1050000	1050000	0	901185.5	809897.24	85.8272	77.13307	-91288.26	7/31/2026	Muni	100	Single	RFRSwap	4.657305	3.553611	9.361709595	0.9237081	0.072917074	 766 	-0.0186	-0.0366	-0.0858	-0.2799	8.6492	1.1315	0	10.6235	0	23.6953	25.83889	0	0	0	0	0	0	0	3.2042	0.034448668	29.62342864	6.8289	0.069967814	24.57028879	8.8423	0.083562881	16.61448776	9.4193	0.073930517	0.60002764	9.3362	0.066716082	-6.42937589	9.2072	0.059966128	-12.75878762
233_PUB_HTM	612246	4637774Z2	MUNI	IG-2	IRVING TX		2	50663	1050000	1050000	0	888989.93	783208.76	84.6657	74.59131	-105781.18	7/31/2026	Muni	100	Single	RFRSwap	4.786708	3.569219	10.08937073	1.094953	0.076020241	 798 	-0.0182	-0.0359	-0.0883	-0.3256	8.2166	2.3329	0	11.6916	0	33.155	35.01153	0	0	0	0	0	0	0	3.3629	0.036044661	31.83494182	7.8069	0.079198763	26.09974137	9.7398	0.090276547	17.3418402	10.1581	0.076949641	0.40529041	10.0424	0.068762146	-6.87502341	9.8719	0.061189014	-13.36374862
233_PUB_HTM	612810	4637775A6	MUNI	IG-2	IRVING TX		2	51028	1050000	1050000	0	877025.68	759531.47	83.5263	72.33633	-117494.22	7/31/2026	Muni	100	Single	RFRSwap	4.879078	3.584579	10.77716732	1.288218	0.078772351	 827 	-0.0176	-0.0351	-0.0878	-0.3403	7.5705	3.683	0	12.6517	0	38.9171	40.66284	0	0	0	0	0	0	0	3.5623	0.038104877	33.8746295	8.672	0.08722578	27.49093735	10.5515	0.096144006	18.02706026	10.8536	0.079621956	0.26781899	10.702	0.07048253	-7.23287266	10.4989	0.062190238	-13.85673417
233_PUB_HTM	612471	464632RW0	MUNI	IG-2	ISLE WIGHT CNTY VA		3	49126	920000	920000	0	922253.09	868513.86	100.2449	94.40368	-53739.24	7/31/2026	Muni	100	Single	RFRSwap	3.825748	2.964847	5.480537891	-0.8243851	0.051875308	 477 	0.0567	0.1405	0.2663	2.3723	2.6478	0	0	5.5321	0	-71.7048	-45.24627	0	0	0	0	0	0	0	0.7878	0.008222662	9.72168043	0.8888	0.009202647	8.88713749	1.4319	0.014672482	7.81469655	5.1716	0.04947456	1.01247941	5.9476	0.053791523	-4.21115408	6.2766	0.053385518	-9.59934253
233_PUB_HTM	612731	464632RX8	MUNI	IG-2	ISLE WIGHT CNTY VA		3	49491	445000	445000	0	446029.86	414932.33	100.2314	93.24322	-31097.53	7/31/2026	Muni	100	Single	RFRSwap	3.904342	2.970073	6.185154438	-0.7737408	0.057827003	 257 	0.0322	0.1146	0.2388	1.6883	4.1413	0	0	6.3504	0	-66.1309	-40.75941	0	0	0	0	0	0	0	0.7876	0.008215559	10.82416091	0.8896	0.009205909	9.99033705	1.6991	0.017388843	8.85076085	5.8504	0.055266712	0.97406807	6.6537	0.059009787	-4.8059272	6.9266	0.057379078	-10.65451685
AFS	611131	46514XBZ1	Foreign_Bonds	S-8	STATE OF ISRAEL		4.4	46388	1000000	1000000	0	1000000	999850.4	100	99.9850397	-149.6	7/31/2026																																														
233_PUB_HTM	611515	467646EN1	MUNI	IG-2	JACKSON CNTY OR		3	50557	680000	680000	0	674403.48	595534.82	99.177	87.57865	-78868.66	7/31/2026	Muni	100	Single	RFRSwap	4.353968	3.083277	8.656088829	0.2622646	0.076241665	 518 	-0.0096	-0.0183	0.0761	0.4469	6.7406	1.4272	0	9.7212	0	-22.3721	-6.387898	0	0	0	0	0	0	0	3.5629	0.040767942	26.34467644	4.5453	0.050057169	22.05103046	6.6513	0.069251604	16.03809651	8.7125	0.077386081	0.74279675	8.9842	0.073015407	-6.8075865	9.0249	0.067029722	-13.80629172
233_PUB_HTM	611514	467646EP6	MUNI	IG-2	JACKSON CNTY OR		3	50922	520000	520000	0	514239.84	444904.1	98.8923	85.55848	-69335.74	7/31/2026	Muni	100	Single	RFRSwap	4.492583	3.105067	9.340335846	0.4301702	0.080381513	 418 	-0.0092	-0.0177	0.0379	0.3244	6.5473	2.4543	0	10.7288	0	-10.1681	3.972368	0	0	0	0	0	0	0	3.5658	0.040612571	27.83663706	4.8649	0.053267755	23.43619262	7.3024	0.075200737	16.9220899	9.4299	0.081701957	0.58256099	9.5945	0.075565293	-7.29986223	9.5916	0.068620212	-14.5166171
233_PUB_HTM	612125	472736Y27	MUNI	IG-2	JEFFERSON CNTY CO SCH DIST #R-		4	48928	5000000	5000000	0	5175942.7	5136863.5	103.5189	102.73727	-39079.2	7/31/2026	Muni	100	Single	RFRSwap	2.798187	2.462743	2.235485315	0.07341205	0.023081023	 1,154 	-0.0051	1.4048	0.8358	0	0	0	0	2.3722	0	-137.5626	-137.5682	0	0	0	0	0	0	0	2.1579	0.024721783	11.31797248	2.2798	0.025558259	8.85729323	2.2992	0.025186671	6.29566216	2.251	0.023561707	1.42320634	2.2275	0.02279944	-0.89455044	2.2044	0.022068426	-3.13765823
233_PUB_HTM	612847	478251ND9	MUNI	IG-2	JOHNSON CITY TN		4	48366	690000	690000	0	690000	690071.42	100	100.01035	71.41	7/31/2026	Muni	100	Single	RFRSwap	3.997142	3.999148	0.547492981	-1.752482	0.005511996	 38 	0.0993	0.0296	0.0352	0.1872	0.0294	0	0	0.3049	0	-156.5607	-21.56748	0	0	0	0	0	0	0	0.0318	0.000321307	0.35882461	0.0561	0.000567025	0.32241309	0.0633	0.000638652	0.25844485	0.1338	0.001349141	0.13112436	1.9708	0.019715143	-0.63966744	3.583	0.034817312	-3.50398963
233_PUB_HTM	611966	478251NE7	MUNI	IG-2	JOHNSON CITY TN		4	48731	720000	720000	0	720000	720012.17	100	100.00169	12.17	7/31/2026	Muni	100	Single	RFRSwap	3.998974	3.999259	0.654571474	-2.102306	0.006589463	 47 	0.0978	0.0288	0.0346	0.1931	0.0748	0	0	0.3345	0	-162.6751	-24.30735	0	0	0	0	0	0	0	0.0318	0.000321419	0.37129887	0.0562	0.000567221	0.33487473	0.0633	0.000638871	0.27088444	0.1739	0.001752781	0.13928675	2.4488	0.024425535	-0.92404547	4.1823	0.040303767	-4.30061281
233_PUB_HTM	612933	478251NF4	MUNI	IG-2	JOHNSON CITY TN		4	49096	590000	590000	0	590000	589682.34	100	99.94616	-317.66	7/31/2026	Muni	100	Single	RFRSwap	4.007416	3.999341	0.981840193	-2.946358	0.009878571	 58 	0.1993	0.0844	0.0987	0.3502	0.3104	0	0	1.1087	0	-157.0523	-26.60374	0	0	0	0	0	0	0	0.0318	0.000321316	0.42332123	0.0561	0.000567041	0.38690869	0.0633	0.000638669	0.32293868	0.3327	0.003352165	0.15105104	3.3556	0.033209551	-1.64424495	5.0573	0.047915194	-5.86762162
233_PUB_HTM	612949	478251PU9	MUNI	IG-2	JOHNSON CITY TN		4	49096	1100000	1100000	0	1141380.96	1116795.68	103.7619	101.52688	-24585.28	7/31/2026	Muni	100	Single	RFRSwap	3.772427	3.447341	4.200088501	-0.6981291	0.042922191	 472 	-0.0006	0.176	1.3286	1.4767	1.233	0	0	4.1866	0	-128.5709	-74.12946	0	0	0	0	0	0	0	2.6058	0.030566208	15.10565774	2.7082	0.030946851	12.0794056	2.8594	0.031783063	8.96010423	4.3723	0.045293797	1.39853583	5.1122	0.050497267	-3.41640744	5.5929	0.052361902	-8.57218422
233_PUB_HTM	611670	478251PV7	MUNI	IG-2	JOHNSON CITY TN		4	49461	685000	685000	0	710490.13	693833.62	103.7212	101.28958	-16656.5	7/31/2026	Muni	100	Single	RFRSwap	3.826008	3.505974	4.507356167	-0.842738	0.045955312	 315 	-0.0008	0.1714	1.2612	1.1972	1.8871	0	0	4.4581	0	-131.2629	-65.34125	0	0	0	0	0	0	0	2.6064	0.030600592	15.45135494	2.7093	0.030988351	12.42167553	2.8934	0.032187521	9.28677422	4.684	0.048392188	1.35772576	5.5581	0.054532006	-3.84324596	6.1402	0.056807794	-9.43814018
233_PUB_HTM	611450	47844PKV6	MUNI	IG-2	JOHNSON CNTY KS		4	49188	2090000	2090000	0	2126606.81	2097408.84	101.7515	100.35449	-29197.97	7/31/2026	Muni	100	Single	RFRSwap	3.947952	3.746475	2.726202726	-1.541138	0.027813036	 581 	0.4794	0.3107	0.2477	0.878	0.9004	0	0	2.5789	0	-145.9807	-46.74649	0	0	0	0	0	0	0	1.0433	0.011306714	6.3546438	1.0654	0.01142696	5.22957167	1.0656	0.011306905	4.08821657	2.6069	0.026842225	0.94345769	4.2096	0.041877192	-2.54075575	5.2481	0.049772367	-7.18284175
233_PUB_HTM	612729	484873PA6	MUNI	IG-2	KANSAS CITY MO		3	48611	2500000	2500000	0	2514789.48	2368551	100.5916	94.74204	-146238.48	7/31/2026	Muni	100	Single	RFRSwap	3.924336	2.899482	4.802202702	-0.5020646	0.046217378	 1,155 	0.027	0.1527	0.2851	3.1532	1.1921	0	0	4.9214	0	-49.8033	-31.21775	0	0	0	0	0	0	0	1.4964	0.016141497	11.62432245	1.4828	0.015757574	10.03056612	1.9337	0.020226024	8.35372491	4.4597	0.043671302	1.68204729	5.019	0.046853691	-2.88966837	5.2518	0.046562608	-7.58256222
233_PUB_HTM	612307	484873PB4	MUNI	IG-2	KANSAS CITY MO		3	48976	2500000	2500000	0	2513030.08	2339022.5	100.5212	93.5609	-174007.58	7/31/2026	Muni	100	Single	RFRSwap	4.00234	2.922109	5.510564804	-0.4894581	0.052383926	 1,310 	0.0061	0.115	0.2433	2.7965	2.3668	0	0	5.7661	0	-44.883	-26.54189	0	0	0	0	0	0	0	1.496	0.016125388	12.72661069	1.4914	0.015837472	11.13416392	2.3388	0.024404923	9.28925969	5.3177	0.051196374	1.21528589	5.8256	0.05302221	-4.04432511	6.0342	0.051745348	-9.30751017
233_PUB_HTM	612438	489836RX6	MUNI	IG-2	KENOSHA WI UNIF SCH DIST #1		3	47574	1280000	1280000	0	1280000	1258353.41	100	98.30886	-21646.59	7/31/2026	Muni	100	Single	RFRSwap	3.494566	2.99928	2.419202566	-0.9706476	0.024024826	 308 	0.2035	0.2734	1.4167	0.5811	0	0	0	2.3405	0	-94.5097	-67.62094	0	0	0	0	0	0	0	0.0446	0.000452097	2.07116222	0.0788	0.000798322	2.01992198	0.0888	0.000899057	1.92986045	1.6888	0.016966006	1.15093683	2.8609	0.028054232	-1.24905435	3.1656	0.030109921	-4.19400224
233_PUB_HTM	612693	489836SA5	MUNI	IG-2	KENOSHA WI UNIF SCH DIST #1		3	48670	720000	720000	0	720000	659101.68	100	91.5419	-60898.32	7/31/2026	Muni	100	Single	RFRSwap	4.481051	2.999586	5.501265049	-0.02571097	0.05090975	 367 	-0.0081	0.0188	0.1097	3.6665	1.7147	0	0	5.986	0	19.0976	24.29956	0	0	0	0	0	0	0	0.0443	0.000449079	8.73858279	0.0783	0.000793019	8.68768376	0.1347	0.001362144	8.59821911	5.4837	0.05168448	1.70837802	5.6844	0.050648212	-3.44193262	5.6844	0.047845419	-8.37277793
233_PUB_HTM	612947	492246SF1	MUNI	IG-2	KERN CA HIGH SCH DIST		2	49522	2000000	2000000	0	1792946.91	1640197	89.6473	82.00985	-152749.91	7/31/2026	Muni	100	Single	RFRSwap	4.447425	3.341432	7.758236408	0.6068521	0.064401008	 1,288 	-0.0165	-0.038	-0.0807	1.4612	6.4186	0	0	8.6113	0	10.6699	12.80334	0	0	0	0	0	0	0	4.087	0.044943389	26.95596848	6.121	0.064003579	21.5542293	7.3473	0.071734652	14.62400842	7.8133	0.065396681	0.68985537	7.7782	0.06021966	-5.58844756	7.6859	0.05507623	-11.35111009
233_PUB_HTM	612792	494619EQ8	MUNI	IG-2	KING & PIERCE CNTY WA SCH DIST		4	49279	3000000	3000000	0	3059477.74	3009366.3	101.9826	100.31221	-50111.44	7/31/2026	Muni	100	Single	RFRSwap	3.955039	3.720539	3.140272617	-1.4732	0.031710118	 951 	0.4033	0.4323	0.2711	0.9249	1.1287	0	0	2.9424	0	-139.4526	-39.80528	0	0	0	0	0	0	0	1.1716	0.012735514	7.71937176	1.2895	0.013850741	6.43573709	1.3242	0.014036848	5.0245367	3.1462	0.032097753	1.04058686	4.602	0.045159012	-2.84986705	5.5282	0.051554497	-7.72170348
233_PUB_HTM	612355	494656T50	MUNI	IG-2	KING & SNOHOMISH CNTYS WA SCHD		5	48549	2000000	2000000	0	2091394.31	2069282.4	104.5697	103.46412	-22111.91	7/31/2026	Muni	100	Single	RFRSwap	4.366908	4.170497	2.372500896	-0.5929844	0.024744581	 495 	0.1859	1.1522	0.2263	0.6456	0.1816	0	0	2.3456	0	-135.88	-112.9011	0	0	0	0	0	0	0	1.6448	0.018667972	9.19683933	1.7573	0.019615807	7.3300947	1.7782	0.019498095	5.35280308	2.1878	0.023107566	1.32360106	2.887	0.029736117	-1.29804455	3.6184	0.036071587	-4.60716679
233_PUB_HTM	611542	494890B62	MUNI	IG-2	KING CNTY WA SCH DIST #210 FED		4	48914	2000000	2000000	0	2043855.22	2012325.6	102.1928	100.61628	-31529.62	7/31/2026	Muni	100	Single	RFRSwap	3.901876	3.655773	2.822134495	-1.252684	0.028583409	 572 	0.4393	0.4489	0.2548	1.0311	0.6477	0	0	2.5753	0	-143.2294	-63.27894	0	0	0	0	0	0	0	1.1718	0.012742197	7.45608518	1.2897	0.013857963	6.1717788	1.3186	0.013982358	4.76021224	2.6632	0.027287241	1.17616214	3.9291	0.038939718	-2.17690138	4.8163	0.045664027	-6.47139215
233_PUB_HTM	611768	495080TF0	MUNI	IG-2	KING CNTY WA SCH DIST #403 REN		4	48183	1000000	1000000	0	1000000	1000236.5	100	100.02365	236.5	7/31/2026	Muni	100	Single	RFRSwap	3.994111	3.999077	0.442028403	-1.524538	0.004450798	 45 	0.1007	0.0292	0.0355	0.1645	0.0103	0	0	0.2841	0	-155.7225	-28.05339	0	0	0	0	0	0	0	0.0318	0.000321292	0.3450018	0.0561	0.000566999	0.308592	0.0633	0.000638622	0.24462679	0.1185	0.001194771	0.11731227	1.7761	0.017787663	-0.54035025	3.3052	0.032234315	-3.16346377
233_PUB_HTM	612857	495098B95	MUNI	IG-2	KING CNTY WA SCH DIST #405 BEL		3	50010	1000000	1000000	0	995037.11	900943	99.5037	90.0943	-94094.11	7/31/2026	Muni	100	Single	RFRSwap	4.190539	3.056087	7.555421352	-0.08417159	0.068447813	 684 	-0.0119	-0.0048	0.2157	0.5007	6.6417	0.2148	0	8.1748	0	-35.9037	-17.31584	0	0	0	0	0	0	0	2.6233	0.0292404	20.87142801	3.0671	0.033278391	17.90792526	4.9195	0.051318604	13.72307861	7.5323	0.068981811	0.98647957	7.9261	0.067172237	-5.84597859	8.0463	0.06294547	-12.36498346
233_PUB_HTM	612425	495098YY5	MUNI	IG-2	KING CNTY WA SCH DIST #405 BEL		3	48183	2000000	2000000	0	2004169.58	1916106	100.2085	95.8053	-88063.58	7/31/2026	Muni	100	Single	RFRSwap	3.877537	2.956956	4.01209259	-0.6251542	0.038638577	 773 	0.0645	0.1703	0.34	3.2464	0.2104	0	0	4.013	0	-49.4258	-32.17958	0	0	0	0	0	0	0	0.1708	0.001740322	5.61522888	0.3008	0.00306006	5.41842043	0.4251	0.004309423	5.07384282	3.2644	0.031904519	1.42823845	3.972	0.037414908	-2.10981011	4.2708	0.038595513	-5.93534243
233_PUB_HTM	612132	495098YZ2	MUNI	IG-2	KING CNTY WA SCH DIST #405 BEL		3	48549	2000000	2000000	0	2001691.09	1899237.4	100.0846	94.96187	-102453.69	7/31/2026	Muni	100	Single	RFRSwap	3.905039	2.98481	4.689258099	-0.6690621	0.044764534	 895 	0.0478	0.1418	0.2833	3.1919	1.0359	0	0	4.753	0	-50.7864	-32.42133	0	0	0	0	0	0	0	0.1708	0.00174106	6.47591828	0.3009	0.003061351	6.27902659	0.4825	0.004892728	5.93430387	3.8602	0.03745044	1.55599175	4.6269	0.042994823	-2.53898369	4.958	0.043903656	-6.9113716
233_PUB_HTM	611286	4952242Z9	MUNI	IG-2	KING CNTY WA SCH DIST #411 ISS		3	47818	2000000	2000000	0	2000000	2000453.2	100	100.02266	453.2	7/31/2026	Muni	100	Single	RFRSwap	2.795676	2.985075	0.124863125	0.000477419	0.001255157	 25 	0.1249	0	0	0	0	0	0	0.1222	0	-193.8821	-193.8821	0	0	0	0	0	0	0	0.0626	0.000633094	0.53057014	0.1114	0.001125151	0.45869282	0.1257	0.001267899	0.33165807	0.1251	0.001258186	0.07905173	0.1247	0.001253377	-0.04652615	0.1244	0.001248598	-0.17162463
233_PUB_HTM	611654	4952243A3	MUNI	IG-2	KING CNTY WA SCH DIST #411 ISS		4	48183	1000000	1000000	0	1000000	1001372.9	100	100.13729	1372.9	7/31/2026	Muni	100	Single	RFRSwap	2.827861	3.97351	0.125010759	0.000487148	0.001260158	 13 	0.125	0	0	0	0	0	0	0.1222	0	-217.7278	-217.7278	0	0	0	0	0	0	0	0.0627	0.000635638	0.53269432	0.1116	0.001129665	0.46052841	0.1259	0.001272975	0.33298452	0.1252	0.001263205	0.07936867	0.1249	0.001258367	-0.04670963	0.1246	0.00125356	-0.17230568
233_PUB_HTM	611245	4952243B1	MUNI	IG-2	KING CNTY WA SCH DIST #411 ISS		4	48549	2000000	2000000	0	2000000	2002745.8	100	100.13729	2745.8	7/31/2026	Muni	100	Single	RFRSwap	2.827861	3.97351	0.125010759	0.000487148	0.001260158	 25 	0.125	0	0	0	0	0	0	0.1222	0	-217.7278	-217.7278	0	0	0	0	0	0	0	0.0627	0.000635638	0.53269432	0.1116	0.001129665	0.46052842	0.1259	0.001272976	0.33298452	0.1252	0.001263205	0.07936867	0.1249	0.001258367	-0.04670963	0.1246	0.00125356	-0.17230569
233_PUB_HTM	611858	496443WU2	MUNI	IG-2	KINGSPORT TN		3	48639	880000	880000	0	881764.16	841975.38	100.2005	95.67902	-39788.78	7/31/2026	Muni	100	Single	RFRSwap	3.746378	2.965991	4.545623302	-0.9037283	0.044060282	 388 	0.0736	0.1778	0.3146	2.8665	1.1444	0	0	4.5605	0	-73.9581	-48.83676	0	0	0	0	0	0	0	0.5441	0.005660756	7.11178438	0.5738	0.005936979	6.54304236	0.7092	0.007294979	5.93154966	3.8588	0.037983581	1.50559863	4.7112	0.044402871	-2.67847652	5.0909	0.045672961	-7.21447697
233_PUB_HTM	612051	496443WW8	MUNI	IG-2	KINGSPORT TN		3	49369	930000	930000	0	930626.3	870568.16	100.0673	93.60948	-60058.14	7/31/2026	Muni	100	Single	RFRSwap	3.882314	2.990846	5.945465565	-0.8132274	0.056398377	 525 	0.0275	0.1158	0.2439	1.9543	3.6267	0	0	6.1222	0	-65.6224	-41.77179	0	0	0	0	0	0	0	0.5439	0.005655476	9.12970036	0.5735	0.005931472	8.56148735	1.1173	0.011477346	7.8602122	5.4774	0.052479073	0.95059588	6.2522	0.056450807	-4.57025943	6.5886	0.055777673	-10.20222953
233_PUB_HTM	612312	496443WX6	MUNI	IG-2	KINGSPORT TN		3	49735	955000	955000	0	955034.46	879589.57	100.0036	92.10362	-75444.89	7/31/2026	Muni	100	Single	RFRSwap	3.999806	2.999377	6.735636234	-0.5912666	0.062879607	 601 	0.011	0.0787	0.1963	1.0344	5.4202	0	0	7.1928	0	-54.7689	-33.59323	0	0	0	0	0	0	0	0.5435	0.005647445	10.55697388	0.5731	0.005923094	9.98956573	1.3908	0.014267607	9.23376574	6.2301	0.058793329	1.01614221	6.9444	0.061314601	-5.05971261	7.2292	0.059440129	-11.13111744
233_PUB_HTM	612151	496443WY4	MUNI	IG-2	KINGSPORT TN		3	50100	985000	985000	0	979549.94	890993.08	99.4467	90.45615	-88556.86	7/31/2026	Muni	100	Single	RFRSwap	4.121579	3.061425	7.502583027	-0.3915576	0.068803303	 678 	-0.0004	0.0475	0.1484	0.4799	6.4789	0.3722	0	8.1898	0	-43.4023	-24.98088	0	0	0	0	0	0	0	0.5431	0.005639224	12.12395736	0.5728	0.005914519	11.55737299	1.8141	0.018567216	10.64327439	7.0179	0.065045334	0.97868181	7.6788	0.066101089	-5.62393683	7.9021	0.062915415	-12.08707891
233_PUB_HTM	611834	496443WZ1	MUNI	IG-2	KINGSPORT TN		3	50465	1010000	1010000	0	1001828.65	896498.52	99.191	88.76223	-105330.13	7/31/2026	Muni	100	Single	RFRSwap	4.237465	3.083421	8.22849369	-0.1957237	0.074066512	 748 	-0.0058	0.0247	0.1098	0.3938	6.5413	1.1565	0	9.25	0	-34.3323	-17.04671	0	0	0	0	0	0	0	0.5428	0.00563253	13.75229483	0.5795	0.005980575	13.18638128	2.539	0.025909038	12.03019152	7.7481	0.070385471	0.82999979	8.3177	0.069679655	-6.2390483	8.4994	0.065432936	-13.02699529
233_PUB_HTM	611788	497692FS7	MUNI	IG-2	KIRTLAND OH LOCAL SCH DIST		3	48183	855000	855000	0	855000	829240.99	100	96.98725	-25759.01	7/31/2026	Muni	100	Single	RFRSwap	3.625734	2.999494	3.679612398	-1.004269	0.035871528	 307 	0.1177	0.2223	0.3775	2.8183	0.18	0	0	3.6065	0	-81.9419	-57.3614	0	0	0	0	0	0	0	0.0446	0.000449531	3.3811815	0.0787	0.000793793	3.33023205	0.0887	0.000893959	3.2406813	3.1867	0.031534243	1.46912461	4.2655	0.040609121	-2.28303998	4.5487	0.04142344	-6.41988166
233_PUB_HTM	612009	497692FT5	MUNI	IG-2	KIRTLAND OH LOCAL SCH DIST		3	48549	885000	885000	0	885000	851298.93	100	96.19197	-33701.07	7/31/2026	Muni	100	Single	RFRSwap	3.678981	2.999567	4.370890141	-1.038594	0.042262997	 374 	0.0876	0.1896	0.3244	2.8761	0.9156	0	0	4.3627	0	-79.4332	-55.03007	0	0	0	0	0	0	0	0.0446	0.000449464	4.17426873	0.0787	0.000793676	4.12332681	0.0887	0.000893828	4.03378924	3.9086	0.038429309	1.62754615	5.0183	0.047120932	-2.79323829	5.3096	0.047330689	-7.55010744
233_PUB_HTM	611676	497692FU2	MUNI	IG-2	KIRTLAND OH LOCAL SCH DIST		3	48914	230000	230000	0	230000	218903.01	100	95.17522	-11096.99	7/31/2026	Muni	100	Single	RFRSwap	3.758388	2.999621	5.118618488	-0.9506929	0.048972499	 113 	0.0528	0.1504	0.287	2.6921	1.9538	0	0	5.1838	0	-72.9568	-50.20272	0	0	0	0	0	0	0	0.0445	0.000449292	5.18535958	0.0787	0.000793374	5.13443709	0.0887	0.00089349	5.04493352	4.9997	0.04848836	1.30737235	5.9113	0.054223984	-3.94619077	6.1341	0.052962914	-9.33278761
233_PUB_HTM	611233	498098SH6	MUNI	IG-2	KITSAP CNTY WA SCH DIST #401 C		4	48183	1290000	1290000	0	1318450.04	1302474.43	102.2054	100.96701	-15975.61	7/31/2026	Muni	100	Single	RFRSwap	3.797125	3.541756	2.266126633	-0.8314897	0.023031479	 297 	0.4739	0.5005	0.2729	1.0264	0.0618	0	0	2.1467	0	-140.1949	-90.23268	0	0	0	0	0	0	0	1.1715	0.012731695	7.04123783	1.2894	0.013846605	5.75798745	1.3157	0.013944259	4.34775717	2.0348	0.020922331	1.18715524	2.9155	0.029244451	-1.32659888	3.602	0.034962434	-4.56979651
233_PUB_HTM	612314	498206EX5	MUNI	IG-2	KITTERY ME		2.75	46767	275000	275000	0	275000	273169.21	100	99.33426	-1830.79	7/31/2026	Muni	100	Single	RFRSwap	3.221229	2.749465	1.119475007	-0.420107	0.011133905	 31 	0.7026	0.4222	0	0	0	0	0	1.1085	0	-105.1397	-94.64046	0	0	0	0	0	0	0	0.0446	0.000448364	1.03241841	0.0788	0.000791727	0.9816014	0.0889	0.000891627	0.89228401	0.5066	0.005070877	0.63080636	1.2387	0.012273748	-0.37039236	1.3641	0.013338112	-1.67607565
233_PUB_HTM	611671	498206EY3	MUNI	IG-2	KITTERY ME		2.75	47133	275000	275000	0	275000	271245.29	100	98.63465	-3754.71	7/31/2026	Muni	100	Single	RFRSwap	3.333317	2.749678	1.836717129	-0.6272977	0.018138845	 50 	0.2208	0.9917	0.6398	0	0	0	0	1.7956	0	-100.7043	-84.37131	0	0	0	0	0	0	0	0.0446	0.000448246	1.72816199	0.0788	0.000791521	1.67735827	0.0888	0.000891395	1.58806414	1.2852	0.012820103	0.9982036	2.0482	0.020074973	-0.74223228	2.2353	0.021438757	-2.8454819
233_PUB_HTM	611148	498206EZ0	MUNI	IG-2	KITTERY ME		2.95	47498	275000	275000	0	275000	268216.55	100	97.53329	-6783.45	7/31/2026	Muni	100	Single	RFRSwap	3.716925	2.949732	2.666870356	-0.5591196	0.026045829	 72 	0.1289	0.243	1.8272	0.4803	0	0	0	2.6376	0	-60.7871	-45.83328	0	0	0	0	0	0	0	0.0445	0.000447306	2.8120164	0.0787	0.00078987	2.76131887	0.0887	0.000889547	2.6722104	2.2125	0.021902375	1.33061529	2.9368	0.028306188	-1.27869596	3.0992	0.028977353	-4.16519627
233_PUB_HTM	611991	498206FA4	MUNI	IG-2	KITTERY ME		3	47863	275000	275000	0	275000	271763.22	100	98.82299	-3236.78	7/31/2026	Muni	100	Single	RFRSwap	3.285896	2.999782	2.316291332	-1.514572	0.022921167	 63 	0.2538	0.2329	0.7156	1.1623	0	0	0	2.0587	0	-138.6353	-89.6918	0	0	0	0	0	0	0	0.0447	0.0004494	1.5944999	0.079	0.000793549	1.54356569	0.089	0.00089367	1.45404318	1.3606	0.01359256	0.94410316	3.1036	0.03026762	-1.43282659	3.674	0.034617275	-4.73466061
233_PUB_HTM	611464	498206FB2	MUNI	IG-2	KITTERY ME		3.15	48228	275000	275000	0	275000	268505.79	100	97.63847	-6494.21	7/31/2026	Muni	100	Single	RFRSwap	3.630824	3.1498	3.363694429	-1.373013	0.03288969	 90 	0.1805	0.2306	0.3563	2.4289	0.2145	0	0	3.1932	0	-92.7534	-57.34171	0	0	0	0	0	0	0	0.0446	0.000448268	2.75191989	0.0788	0.000791562	2.70111357	0.0888	0.000891444	2.61181466	2.7028	0.02678567	1.3236533	4.1021	0.039239813	-2.12170164	4.5406	0.041576065	-6.21337818
233_PUB_HTM	611695	498531KA9	MUNI	IG-2	KLEIN TX INDEP SCH DIST		4	48427	2050000	2050000	0	2050000	2050645.34	100	100.03148	645.34	7/31/2026	Muni	100	Single	RFRSwap	3.994048	4	0.963412046	-2.180953	0.009829836	 202 	0.2338	0.0754	0.09	0.4553	0.0824	0	0	0.6966	0	-139.3556	-22.38762	0	0	0	0	0	0	0	0.1263	0.001298512	0.75647667	0.126	0.001293483	0.62687725	0.1257	0.001288486	0.49777912	0.1439	0.001471427	0.2410738	2.3323	0.023595041	-0.8643985	3.8548	0.037754461	-4.0902832
233_PUB_HTM	612211	498531KB7	MUNI	IG-2	KLEIN TX INDEP SCH DIST		4	48792	2000000	2000000	0	2000000	2000512.2	100	100.02561	512.2	7/31/2026	Muni	100	Single	RFRSwap	3.99577	4	1.053947091	-2.486974	0.010752959	 215 	0.2351	0.0794	0.0904	0.4274	0.2058	0	0	0.9323	0	-147.1064	-25.18795	0	0	0	0	0	0	0	0.1264	0.001299148	0.77222636	0.126	0.001294113	0.64256358	0.1257	0.001289111	0.51340265	0.2556	0.00261432	0.25657341	2.9191	0.029438943	-1.17507995	4.4971	0.043638632	-4.9880007
233_PUB_HTM	612719	499513BG3	MUNI	IG-2	KNOX CNTY TN		4	48000	1660000	1660000	0	1707732	1686664.91	102.8754	101.60632	-21067.09	7/31/2026	Muni	100	Single	RFRSwap	3.633708	3.34984	2.501091957	-0.5354495	0.025579413	 425 	0.1647	1.0178	0.4062	0.9634	0	0	0	2.4061	0	-139.7107	-108.0046	0	0	0	0	0	0	0	1.6585	0.018520605	9.39467223	1.771	0.01944847	7.54291726	1.7969	0.019380305	5.58239107	2.4289	0.025171818	1.36033054	2.9946	0.030203758	-1.41281804	3.4552	0.033738513	-4.62812368
233_PUB_HTM	612757	499513BH1	MUNI	IG-2	KNOX CNTY TN		4	48366	1660000	1660000	0	1705864.5	1682582.64	102.7629	101.3604	-23281.86	7/31/2026	Muni	100	Single	RFRSwap	3.737489	3.471964	2.79951334	-0.7456123	0.028562613	 474 	0.1319	0.9444	0.3352	1.2092	0.2	0	0	2.6864	0	-138.6356	-94.23331	0	0	0	0	0	0	0	1.6585	0.018519454	9.63528147	1.771	0.019447276	7.78364082	1.7986	0.019397445	5.82311922	2.6338	0.027251324	1.44164033	3.415	0.034278724	-1.64887203	4.0123	0.038797203	-5.33040075
233_PUB_HTM	611224	503282FY6	MUNI	IG-2	LA GRANGE IL		2.3	46722	115000	115000	0	115000	114235	100	99.33478	-765	7/31/2026	Muni	100	Single	RFRSwap	2.810447	2.298882	1.107762575	-0.3972876	0.011046399	 13 	0.793	0.3105	0	0	0	0	0	1.0605	0	-140.6623	-134.3094	0	0	0	0	0	0	0	0.0447	0.000450303	1.02450766	0.079	0.000795144	0.97347109	0.089	0.000895465	0.8837687	0.525	0.005267791	0.61392042	1.1891	0.011815098	-0.35490958	1.2624	0.01238882	-1.581116
233_PUB_HTM	611582	503282FZ3	MUNI	IG-2	LA GRANGE IL		2.4	47088	115000	115000	0	115000	113392.67	100	98.60232	-1607.33	7/31/2026	Muni	100	Single	RFRSwap	3.024009	2.399296	1.838377595	-0.5033342	0.018200366	 21 	0.204	1.1682	0.4679	0	0	0	0	1.7899	0	-127.3496	-114.9247	0	0	0	0	0	0	0	0.0447	0.000450061	1.75396417	0.0789	0.00079472	1.70295491	0.089	0.000894991	1.6133002	1.2661	0.012662645	1.01199385	2.0124	0.019778656	-0.71867372	2.1497	0.020688843	-2.7631055
233_PUB_HTM	612742	503282GA7	MUNI	IG-2	LA GRANGE IL		2.5	47453	120000	120000	0	120000	117150.61	100	97.62551	-2849.39	7/31/2026	Muni	100	Single	RFRSwap	3.256776	2.499458	2.626590729	-0.5306684	0.025751667	 31 	0.1214	0.2607	1.9109	0.3411	0	0	0	2.5671	0	-105.0293	-91.57465	0	0	0	0	0	0	0	0.0446	0.00044958	2.71989731	0.0788	0.000793875	2.66894243	0.0889	0.000894046	2.57938273	2.1721	0.02158634	1.3359284	2.8761	0.027841097	-1.24004046	3.0203	0.028381636	-4.07162099
233_PUB_HTM	611681	503282GB5	MUNI	IG-2	LA GRANGE IL		2.6	47818	125000	125000	0	125000	119591.06	100	95.67285	-5408.94	7/31/2026	Muni	100	Single	RFRSwap	3.689011	2.599542	3.61050272	-0.325009	0.034699164	 43 	0.0277	0.1331	1.3313	2.1225	0	0	0	3.6818	0	-57.27	-48.97518	0	0	0	0	0	0	0	0.0445	0.000448426	4.63949779	0.0786	0.000791848	4.58867338	0.0886	0.000891775	4.49934179	3.4419	0.03361591	1.56046058	3.835	0.036096469	-1.98244226	3.9	0.035310727	-5.56477416
233_PUB_HTM	612822	503282GC3	MUNI	IG-2	LA GRANGE IL		2.65	48183	130000	130000	0	130000	123006.68	100	94.62052	-6993.32	7/31/2026	Muni	100	Single	RFRSwap	3.772398	2.649608	4.366375923	-0.3430455	0.041507725	 54 	0.0123	0.0948	0.2625	3.7413	0.2489	0	0	4.5009	0	-51.8251	-42.72001	0	0	0	0	0	0	0	0.0445	0.000448338	5.69139675	0.0786	0.000791694	5.64058224	0.0886	0.000891603	5.55126793	4.2194	0.040810846	1.65912665	4.6394	0.042902239	-2.58801804	4.7145	0.04159873	-6.82615333
233_PUB_HTM	612753	503282GD1	MUNI	IG-2	LA GRANGE IL		2.7	48549	135000	135000	0	135000	125560.4	100	93.0077	-9439.6	7/31/2026	Muni	100	Single	RFRSwap	3.958525	2.699653	5.198059082	-0.2213168	0.048579868	 66 	-0.0032	0.0495	0.1757	3.7283	1.2569	0	0	5.4594	0	-34.9349	-27.1144	0	0	0	0	0	0	0	0.0445	0.000447948	7.29381343	0.0786	0.000791009	7.24304301	0.0885	0.000890836	7.15380578	5.0912	0.048502997	1.81034681	5.4545	0.049268737	-3.13013659	5.508	0.047092583	-7.95889714
233_PUB_HTM	612920	503642CY4	MUNI	IG-2	LA MESA CA		4	47696	500000	500000	0	500000	500203.4	100	100.04068	203.4	7/31/2026	Muni	100	Single	RFRSwap	2.891523	4.037324	0.035981208	0.000105138	0.000367155	 2 	0.036	0	0	0	0	0	0	0.0361	0	-97.0894	-97.08938	0	0	0	0	0	0	0	0.0364	0.000372186	0.17111745	0.0363	0.000371088	0.13395384	0.0362	0.000369996	0.0968997	0.036	0.000367831	0.02311741	0.0359	0.000366757	-0.01361193	0.0359	0.000365689	-0.0502342
233_PUB_HTM	612016	503642CZ1	MUNI	IG-2	LA MESA CA		4	48061	375000	375000	0	375000	375152.55	100	100.04068	152.55	7/31/2026	Muni	100	Single	RFRSwap	2.891523	4.037324	0.035981208	0.000105138	0.000367155	 1 	0.036	0	0	0	0	0	0	0.0361	0	-97.0894	-97.08938	0	0	0	0	0	0	0	0.0364	0.000372186	0.17111745	0.0363	0.000371088	0.13395384	0.0362	0.000369996	0.0968997	0.036	0.000367831	0.02311741	0.0359	0.000366757	-0.01361193	0.0359	0.000365689	-0.0502342
233_PUB_HTM	611724	503642DC1	MUNI	IG-2	LA MESA CA		4	49157	745000	745000	0	745000	745303.07	100	100.04068	303.07	7/31/2026	Muni	100	Single	RFRSwap	2.891523	4.037324	0.035981208	0.000105138	0.000367155	 3 	0.036	0	0	0	0	0	0	0.0361	0	-97.0894	-97.08938	0	0	0	0	0	0	0	0.0364	0.000372186	0.17111745	0.0363	0.000371088	0.13395384	0.0362	0.000369996	0.0968997	0.036	0.000367831	0.02311741	0.0359	0.000366757	-0.01361193	0.0359	0.000365689	-0.0502342
233_PUB_HTM	612362	505786KV4	MUNI	IG-2	LADUE MO SCH DIST		2	49004	5000000	5000000	0	4630176.7	4162992	92.6035	83.25984	-467184.7	7/31/2026	Muni	100	Single	RFRSwap	4.643986	3.101923	6.676257133	0.4512925	0.056142762	 2,807 	-0.0244	-0.0364	-0.076	3.2453	3.5647	0	0	7.312	0	36.0958	37.50372	0	0	0	0	0	0	0	0.5427	0.005547811	18.12871533	2.6107	0.026432499	17.15473191	5.8336	0.056386389	12.5643096	6.616	0.056261677	0.94598779	6.6227	0.052708607	-4.50549991	6.5704	0.048954599	-9.5856313
233_PUB_HTM	612458	509076CA1	MUNI	IG-2	LAKE CNTY IL SCH DIST #112 N S		4	49096	3220000	3220000	0	3289933.76	3246536.34	102.1719	100.82411	-43397.42	7/31/2026	Muni	100	Single	RFRSwap	3.87637	3.677759	3.424458265	-1.128148	0.034755096	 1,119 	0.1194	0.8361	0.3399	1.1496	0.9921	0	0	3.2227	0	-137.1378	-64.05103	0	0	0	0	0	0	0	1.6585	0.018519869	10.17351255	1.771	0.01944772	8.32183002	1.8257	0.019689484	6.35678619	3.4689	0.035631374	1.22698995	4.5639	0.045017686	-2.85157172	5.3164	0.04989586	-7.63743159
233_PUB_HTM	611614	509076CB9	MUNI	IG-2	LAKE CNTY IL SCH DIST #112 N S		4	49461	1780000	1780000	0	1817558.21	1791853.38	102.11	100.66592	-25704.83	7/31/2026	Muni	100	Single	RFRSwap	3.909541	3.717035	3.67884469	-1.303572	0.037278686	 664 	0.1137	0.8127	0.3312	0.9166	1.5322	0	0	3.5333	0	-140.2558	-55.10845	0	0	0	0	0	0	0	1.6589	0.018536845	10.4103001	1.7714	0.019465439	8.55692467	1.835	0.0198036	6.58894054	3.7854	0.038813587	1.20191955	5.0412	0.04944827	-3.24347644	5.8659	0.0544702	-8.47389535
233_PUB_HTM	611320	509624KL5	MUNI	IG-2	LAKE ELMO MN		2.25	47088	340000	340000	0	340000	328823.42	100	96.71277	-11176.58	7/31/2026	Muni	100	Single	RFRSwap	3.733118	2.249382	2.174964905	-0.02695886	0.021116249	 72 	0.0109	1.4698	0.6893	0	0	0	0	2.2449	0	-45.171	-44.01904	0	0	0	0	0	0	0	0.0445	0.000447712	3.55882416	0.0786	0.00079059	3.50808056	0.0886	0.000890362	3.41889072	2.1053	0.020713495	1.29761946	2.1976	0.021156203	-0.81610699	2.191	0.020635001	-2.90806365
233_PUB_HTM	611424	509624KM3	MUNI	IG-2	LAKE ELMO MN		2.5	47453	335000	335000	0	335000	318846.4	100	95.17803	-16153.6	7/31/2026	Muni	100	Single	RFRSwap	4.060405	2.499458	3.03194499	-0.02082917	0.028983785	 97 	-0.0066	0.0665	2.4883	0.4779	0	0	0	3.1695	0	-13.0277	-11.21017	0	0	0	0	0	0	0	0.0444	0.000447145	5.08716632	0.0785	0.000789597	5.03648669	0.0884	0.000889252	4.94740848	2.975	0.028897835	1.54001535	3.0779	0.028999286	-1.37609231	3.0703	0.028051194	-4.23162921
233_PUB_HTM	612912	509624KN1	MUNI	IG-2	LAKE ELMO MN		2.5	47818	325000	325000	0	325000	301745.4	100	92.84474	-23254.59	7/31/2026	Muni	100	Single	RFRSwap	4.327877	2.499578	3.923815727	0.08168443	0.036594059	 119 	-0.0168	-0.0024	1.3597	2.5767	0	0	0	4.1794	0	13.686	14.90964	0	0	0	0	0	0	0	0.0444	0.000446443	7.39724739	0.0784	0.000788363	7.34664716	0.2335	0.002346906	7.25770785	3.9247	0.03723282	1.60682431	3.9614	0.036123402	-2.07233566	3.933	0.034476247	-5.6034505
233_PUB_HTM	612252	511074SE7	MUNI	IG-2	LAKE TRAVIS TX INDEP SCH DIST		5	48259	925000	925000	0	938264.82	936115.35	101.434	101.20166	-2149.46	7/31/2026	Muni	100	Single	RFRSwap	2.73612	2.305168	0.526845396	0.005735276	0.00545323	 50 	0.5268	0	0	0	0	0	0	0.5389	0	-124.7448	-124.7456	0	0	0	0	0	0	0	0.5209	0.005526418	2.5947534	0.5333	0.005629112	2.04229179	0.5349	0.005615471	1.47762321	0.5288	0.005493332	0.36681316	0.5259	0.005433773	-0.17953281	0.5229	0.005375191	-0.71997196
233_PUB_HTM	611911	511074SF4	MUNI	IG-2	LAKE TRAVIS TX INDEP SCH DIST		4	48625	500000	500000	0	504068.04	503379.55	100.8136	100.67591	-688.49	7/31/2026	Muni	100	Single	RFRSwap	2.726138	2.469202	0.529187143	0.005762353	0.005425245	 27 	0.5292	0	0	0	0	0	0	0.5389	0	-125.7462	-125.7467	0	0	0	0	0	0	0	0.5232	0.005499051	2.58154203	0.5357	0.005600498	2.03182955	0.5372	0.005586698	1.47005333	0.5312	0.005465148	0.36493874	0.5282	0.005405875	-0.17860319	0.5253	0.005347576	-0.71626678
233_PUB_HTM	611610	511074SG2	MUNI	IG-2	LAKE TRAVIS TX INDEP SCH DIST		4	48990	1000000	1000000	0	1007882.92	1000670.4	100.7883	100.06704	-7212.52	7/31/2026	Muni	100	Single	RFRSwap	3.870485	2.516362	0.526164412	0.005700948	0.00536222	 54 	0.5262	0	0	0	0	0	0	0.5389	0	-11.3121	-11.31219	0	0	0	0	0	0	0	0.5201	0.005433621	2.55119334	0.5325	0.005534213	2.00800482	0.5341	0.005520917	1.45286023	0.5281	0.005401445	0.36069252	0.5252	0.005343179	-0.17652962	0.5223	0.005285864	-0.70797296
233_PUB_HTM	612943	511074SH0	MUNI	IG-2	LAKE TRAVIS TX INDEP SCH DIST		4	49355	900000	900000	0	906911.78	898653.78	100.768	99.85042	-8258	7/31/2026	Muni	100	Single	RFRSwap	4.280855	2.554219	0.525088668	0.005678294	0.005339882	 48 	0.5251	0	0	0	0	0	0	0.5389	0	29.7248	29.72486	0	0	0	0	0	0	0	0.5191	0.005410438	2.54043852	0.5314	0.005510725	1.99956161	0.533	0.005497606	1.44676694	0.5271	0.005378867	0.35918741	0.5241	0.005320957	-0.17579489	0.5212	0.00526399	-0.70503352
233_PUB_HTM	611237	511074TK2	MUNI	IG-2	LAKE TRAVIS TX INDEP SCH DIST		4	47894	250000	250000	0	252178.72	250934.23	100.8715	100.37369	-1244.5	7/31/2026	Muni	100	Single	RFRSwap	3.909012	3.788875	1.339625597	-0.9920315	0.013693403	 34 	0.4544	0.1265	0.2604	0.4409	0	0	0	1.1267	0	-145.2228	-69.11299	0	0	0	0	0	0	0	0.5237	0.005509499	2.985484	0.5362	0.005611081	2.43472987	0.5377	0.005597199	1.87189493	0.9229	0.009493579	0.65010621	2.0095	0.020375362	-0.82192577	2.9152	0.028827494	-3.32981872
233_PUB_HTM	611565	511074TL0	MUNI	IG-2	LAKE TRAVIS TX INDEP SCH DIST		5	48259	255000	255000	0	258656.78	257623.01	101.434	101.02863	-1033.78	7/31/2026	Muni	100	Single	RFRSwap	4.785946	4.702476	1.105126858	-0.7707005	0.011419739	 29 	0.4946	0.0932	0.096	0.3925	0.0393	0	0	0.9621	0	-139.3094	-92.52745	0	0	0	0	0	0	0	0.5206	0.005520612	2.7111865	0.533	0.00562323	2.15930387	0.5346	0.005609633	1.59522384	0.6519	0.006766092	0.46018692	1.5021	0.015436238	-0.569755	2.7236	0.027398301	-2.73681188
233_PUB_HTM	612351	511074TM8	MUNI	IG-2	LAKE TRAVIS TX INDEP SCH DIST		4	48625	250000	250000	0	252034.02	250411.78	100.8136	100.16471	-1622.24	7/31/2026	Muni	100	Single	RFRSwap	3.970904	3.857793	1.816742539	-1.587174	0.018532438	 46 	0.4449	0.173	0.1818	0.8108	0.298	0	0	1.6963	0	-149.4317	-29.75937	0	0	0	0	0	0	0	0.5238	0.005512292	3.22165617	0.5363	0.005613911	2.67062345	0.5379	0.005600009	2.10750527	1.2758	0.013109098	0.74358366	2.8959	0.029150443	-1.34832177	4.0948	0.039773822	-4.87561675
233_PUB_HTM	612917	512445M79	MUNI	IG-2	LAKEVILLE MN		3	47515	1180000	1180000	0	1180000	1156339.23	100	97.99485	-23660.77	7/31/2026	Muni	100	Single	RFRSwap	3.615063	3	2.55508399	-0.719088	0.02542177	 300 	0.166	0.284	1.6595	0.4711	0	0	0	2.5021	0	-74.271	-56.13031	0	0	0	0	0	0	0	0.1265	0.00129158	2.58508113	0.1262	0.001286605	2.45617217	0.1259	0.001281662	2.32775913	1.9904	0.020059096	1.28480116	2.8719	0.028212661	-1.25928194	3.0738	0.029302986	-4.16333316
233_PUB_HTM	611751	51353PAP5	MUNI	IG-2	LAMMERSVILLE CA JT UNIF SCH DI		5	48792	1000000	1000000	0	1000000	1001735.8	100	100.17358	1735.8	7/31/2026	Muni	100	Single	RFRSwap	4.970336	5	0.624161065	-1.702369	0.006408485	 64 	0.229	0.0664	0.0704	0.2677	0.1388	0	0	0.6968	0	-67.7823	-23.28722	0	0	0	0	0	0	0	0.1253	0.001294268	0.64861799	0.1249	0.001289285	0.51944064	0.1246	0.001284334	0.39075999	0.124	0.001274527	0.13487604	2.1633	0.022035869	-0.81113343	4.0879	0.040276259	-4.14918273
233_PUB_HTM	612025	51353PAQ3	MUNI	IG-2	LAMMERSVILLE CA JT UNIF SCH DI		5	49157	1000000	1000000	0	1000000	1001674.5	100	100.16745	1674.5	7/31/2026	Muni	100	Single	RFRSwap	4.974373	5	0.699531674	-1.951532	0.007181913	 72 	0.2261	0.0644	0.0703	0.2486	0.2325	0	0	0.7517	0	-73.3789	-18.30211	0	0	0	0	0	0	0	0.1253	0.001294724	0.66185789	0.125	0.001289737	0.53263511	0.1246	0.001284782	0.40390942	0.1698	0.001745772	0.14793661	2.9329	0.029754147	-1.21632527	4.7398	0.046201609	-5.19243925
233_PUB_HTM	611825	514014PH6	MUNI	IG-2	LANCASTER CNTY NE SCH DIST #1		4	47498	1370000	1370000	0	1370000	1370873.38	100	100.06375	873.38	7/31/2026	Muni	100	Single	RFRSwap	3.979574	3.9995	0.309792221	-0.9086	0.003105404	 43 	0.1275	0.0366	0.1287	0.0298	0	0	0	0.2512	0	-143.6282	-61.99889	0	0	0	0	0	0	0	0.0447	0.000450118	0.44442739	0.079	0.000794815	0.39341189	0.089	0.000895094	0.30374662	0.1126	0.001130002	0.12534744	0.9627	0.009626969	-0.23791033	2.1854	0.0214852	-1.92747911
233_PUB_HTM	612570	514120MH4	MUNI	IG-2	LANCASTER CNTY SC SCH DIST		3	49369	2000000	2000000	0	2000781.51	1862843.8	100.0391	93.14219	-137937.71	7/31/2026	Muni	100	Single	RFRSwap	3.949537	2.994594	6.069439888	-0.6777183	0.057290774	 1,146 	0.0203	0.099	0.2222	1.9954	3.7552	0	0	6.3488	0	-56.3142	-35.04659	0	0	0	0	0	0	0	0.5435	0.005648391	9.5276684	0.5732	0.005924081	8.96016539	1.2212	0.012532369	8.23461248	5.6291	0.053660467	0.93541696	6.3366	0.056865465	-4.65143972	6.637	0.055808321	-10.30569512
233_PUB_HTM	612304	515300SE2	MUNI	IG-2	LANE CNTY OR SCH DIST #4J EUGE		3	48745	2740000	2740000	0	2745596.93	2600613.19	100.2043	94.91289	-144983.75	7/31/2026	Muni	100	Single	RFRSwap	3.849063	2.966579	4.91375494	-0.755842	0.046826228	 1,283 	0.0565	0.1462	0.2851	2.9246	1.5155	0	0	4.9228	0	-62.3781	-39.5605	0	0	0	0	0	0	0	0.694	0.007229408	8.87197207	0.8329	0.008614295	8.12885831	1.1775	0.012066133	7.17492863	4.4301	0.042878751	1.49231331	5.1811	0.047769736	-3.09568721	5.4978	0.048040528	-7.91444995
233_PUB_HTM	611190	515300SF9	MUNI	IG-2	LANE CNTY OR SCH DIST #4J EUGE		3	49110	2260000	2260000	0	2264289.52	2131160.34	100.1898	94.29913	-133129.18	7/31/2026	Muni	100	Single	RFRSwap	3.845806	2.97248	5.489462852	-0.8100338	0.051975589	 1,175 	0.053	0.1363	0.2614	2.421	2.6245	0	0	5.5771	0	-68.4739	-43.1221	0	0	0	0	0	0	0	0.6943	0.007236809	9.55301198	0.8332	0.008623067	8.80913942	1.3963	0.01430944	7.80007033	5.1671	0.049451601	1.02287762	5.9364	0.053716186	-4.19561631	6.2517	0.053210419	-9.56952171
233_PUB_HTM	612547	515390PP1	MUNI	IG-2	LANE CNTY OR SCH DIST #52 BETH		3	50936	2500000	2500000	0	2472231.66	2136981.5	98.8893	85.47926	-335250.16	7/31/2026	Muni	100	Single	RFRSwap	4.497941	3.105128	9.4692173	0.5534662	0.081305161	 2,033 	-0.0086	-0.0181	-0.0372	0.3822	6.6127	2.5246	0	10.9896	0	-8.8525	4.394388	0	0	0	0	0	0	0	4.5269	0.052832887	30.84660631	5.9652	0.066217452	25.14290782	7.9841	0.082599066	17.59202755	9.5765	0.082756154	0.55293283	9.7038	0.076135211	-7.40365483	9.6747	0.068887323	-14.65872699
233_PUB_HTM	611866	515390PQ9	MUNI	IG-2	LANE CNTY OR SCH DIST #52 BETH		3	51302	1750000	1750000	0	1725196.36	1471495.72	98.5826	84.08547	-253700.63	7/31/2026	Muni	100	Single	RFRSwap	4.56041	3.126516	10.04222775	0.63692	0.084825501	 1,484 	-0.0084	-0.0176	-0.0359	0.3036	6.1647	3.6423	0	11.8423	0	-6.1571	7.33966	0	0	0	0	0	0	0	4.5392	0.052901376	32.0749466	6.2195	0.068867773	26.25941893	8.4443	0.08679688	18.31875879	10.1588	0.086267285	0.44969299	10.2716	0.078737043	-7.81374032	10.1804	0.070442803	-15.27411842
233_PUB_HTM	612050	517128FS8	MUNI	IG-2	LARIMER/BOULDER CNTYS CO PARK	1	3	48183	700000	700000	0	700000	661581.9	100	94.5117	-38418.1	7/31/2026	Muni	100	Single	RFRSwap	4.267413	2.999446	4.074521065	-0.1863908	0.038712718	 271 	0.0059	0.0789	0.7931	3.0696	0.1296	0	0	4.2847	0	2.0053	7.737858	0	0	0	0	0	0	0	0.0444	0.000447311	5.78353295	0.0784	0.000789893	5.73283444	0.0884	0.000889589	5.64372266	3.9822	0.038483527	1.62754815	4.2516	0.039412528	-2.31066038	4.2775	0.037993625	-6.18909586
233_PUB_HTM	612969	517138XX6	MUNI	IG-2	LARIMER CNTY CO SCH DIST #R-1P		4	48928	250000	250000	0	259087.28	252755.8	103.6349	101.10232	-6331.48	7/31/2026	Muni	100	Single	RFRSwap	3.826415	3.43714	3.777988911	-0.8070394	0.038389444	 96 	-0.0037	0.6491	0.7851	1.4454	0.9067	0	0	3.6728	0	-125.4254	-66.36711	0	0	0	0	0	0	0	2.157	0.024671305	12.76502638	2.279	0.025507426	10.30935613	2.3671	0.025884967	7.7380313	3.8097	0.039268542	1.46189984	4.6292	0.045728832	-2.82971101	5.2021	0.048907701	-7.59795094
233_PUB_HTM	612240	517138YF4	MUNI	IG-2	LARIMER CNTY CO SCH DIST #R-1P		4	48563	400000	400000	0	415179.33	405588.36	103.7948	101.39709	-9590.97	7/31/2026	Muni	100	Single	RFRSwap	3.750841	3.333508	3.442361832	-0.6275367	0.035080492	 140 	-0.0038	0.7081	0.8318	1.5067	0.4497	0	0	3.4187	0	-125.2835	-79.30914	0	0	0	0	0	0	0	2.1569	0.024664916	12.44645002	2.2788	0.025499914	9.9914155	2.3279	0.025452524	7.42979928	3.3509	0.034698375	1.64025244	4.0578	0.040484913	-2.13722634	4.5329	0.04331921	-6.34190641
233_PUB_HTM	612853	517624MY5	MUNI	IG-2	LAS LOMITAS CA ELEM SCH DIST		3	48396	670000	670000	0	673730.92	653182.6	100.5569	97.48994	-20548.32	7/31/2026	Muni	100	Single	RFRSwap	3.472632	2.896625	3.665313959	-1.077925	0.035824757	 240 	0.1943	0.243	0.3479	2.4339	0.4751	0	0	3.4824	0	-114.2834	-74.27833	0	0	0	0	0	0	0	0.7897	0.008279101	7.09550081	0.891	0.009265481	6.25524415	0.9781	0.010078499	5.29796517	3.1111	0.030859394	1.45224732	4.0394	0.038639557	-2.08400154	4.5259	0.041461717	-6.12921588
233_PUB_HTM	612683	517697BU1	MUNI	IG-2	LAS VEGAS NV		3	49096	250000	250000	0	250461.72	235304.52	100.1847	94.12181	-15157.19	7/31/2026	Muni	100	Single	RFRSwap	3.876827	2.973041	5.522987366	-0.7626648	0.052259505	 131 	0.0446	0.1294	0.2533	2.4808	2.6306	0	0	5.6278	0	-63.5057	-39.91483	0	0	0	0	0	0	0	0.675	0.007033167	9.57052624	0.7991	0.008267875	8.84938141	1.4256	0.014610142	7.86252903	5.1401	0.049167372	1.03300772	5.8773	0.053180352	-4.13780685	6.1926	0.052737053	-9.4597335
233_PUB_HTM	612569	517697BV9	MUNI	IG-2	LAS VEGAS NV		3	49461	750000	750000	0	751291.32	694615.5	100.1722	92.6154	-56675.82	7/31/2026	Muni	100	Single	RFRSwap	4.000172	2.977367	6.319472313	-0.6120232	0.058844019	 441 	0.0218	0.0892	0.204	1.7938	4.2192	0	0	6.5822	0	-51.9013	-30.93364	0	0	0	0	0	0	0	0.6746	0.007020758	10.96287533	0.7988	0.008256497	10.24299973	1.7586	0.017980266	9.12491181	5.918	0.055673733	0.96050729	6.6358	0.058586478	-4.82630061	6.8768	0.0567328	-10.61686729
233_PUB_HTM	612700	523336NS0	MUNI	IG-2	LEDYARD CT		3	46522	300000	300000	0	300000	300021.09	100	100.00703	21.09	7/31/2026	Muni	100	Single	RFRSwap	2.987413	2.996486	0.271147847	-0.5868298	0.002728842	 8 	0.2711	0	0	0	0	0	0	0.1711	0	-134.8938	-106.3295	0	0	0	0	0	0	0	0.0447	0.000451538	0.40796711	0.0789	0.000797326	0.35679055	0.089	0.000897924	0.26684197	0.0885	0.000891725	0.08787839	0.4938	0.004962933	-0.12566488	0.74	0.007389493	-0.78812012
233_PUB_HTM	612070	523336NX9	MUNI	IG-2	LEDYARD CT		3	48349	345000	345000	0	345000	333931.19	100	96.79165	-11068.81	7/31/2026	Muni	100	Single	RFRSwap	3.618648	2.999484	3.914551258	-1.078171	0.03813751	 132 	0.1143	0.2124	0.3523	2.8008	0.4651	0	0	3.846	0	-85.8006	-59.32498	0	0	0	0	0	0	0	0.0446	0.000450228	3.58030503	0.0788	0.000795024	3.52927655	0.0888	0.000895345	3.439587	3.3862	0.033517793	1.55849913	4.54	0.043131672	-2.4222991	4.8637	0.044066995	-6.82126732
233_PUB_HTM	612568	523336NY7	MUNI	IG-2	LEDYARD CT		3	48714	345000	345000	0	345000	330074.68	100	95.67382	-14925.32	7/31/2026	Muni	100	Single	RFRSwap	3.726568	2.999554	4.716675282	-0.9950191	0.045424957	 157 	0.0698	0.1711	0.3128	2.8388	1.3587	0	0	4.73	0	-75.0144	-51.52058	0	0	0	0	0	0	0	0.0446	0.000449941	4.68869501	0.0787	0.00079452	4.63769895	0.0887	0.00089478	4.54806613	4.4104	0.043165509	1.56449415	5.4057	0.050309144	-3.23988106	5.6723	0.049928915	-8.28503755
233_PUB_HTM	612632	523336NZ4	MUNI	IG-2	LEDYARD CT		3	49079	345000	345000	0	345000	326521.9	100	94.64403	-18478.1	7/31/2026	Muni	100	Single	RFRSwap	3.800381	2.999605	5.450759411	-0.9087512	0.051933397	 179 	0.0458	0.1345	0.2658	2.4857	2.5392	0	0	5.6127	0	-69.4632	-47.36445	0	0	0	0	0	0	0	0.0445	0.000449794	5.71362894	0.0787	0.000794261	5.66264956	0.0887	0.000894489	5.5730459	5.4996	0.052976806	1.05145011	6.2965	0.057116531	-4.56513518	6.4819	0.055142149	-10.2070448
233_PUB_HTM	611146	523336PQ2	MUNI	IG-2	LEDYARD CT		4	46935	295000	295000	0	295000	295265.5	100	100.09	265.5	7/31/2026	Muni	100	Single	RFRSwap	3.9493	3.998499	0.22080259	-0.3312387	0.002217373	 7 	0.1354	0.0852	0	0	0	0	0	0.1745	0	-128.2023	-93.34164	0	0	0	0	0	0	0	0.0447	0.000450402	0.40491445	0.0789	0.000795322	0.35386657	0.089	0.000895669	0.26414399	0.0885	0.000889489	0.08562954	0.4003	0.004016115	-0.0885005	1.2724	0.012650402	-0.99981145
233_PUB_HTM	611386	527826GW5	MUNI	IG-2	LEWIS CNTY WA		2	49279	835000	835000	0	759691.14	687352.71	90.981	82.31769	-72338.43	7/31/2026	Muni	100	Single	RFRSwap	4.575585	3.243584	7.326706409	0.5587264	0.06055598	 506 	-0.0234	-0.0379	-0.0889	2.4067	5.0731	0	0	8.056	0	26.6142	27.92843	0	0	0	0	0	0	0	4.368	0.047583554	26.28527473	6.3167	0.065249875	20.6457133	7.1917	0.069362141	13.79682723	7.4028	0.06161651	0.58282752	7.356	0.056867652	-5.34360472	7.2674	0.052220106	-10.79571568
233_PUB_HTM	611574	527826GX3	MUNI	IG-2	LEWIS CNTY WA		2	49644	855000	855000	0	765247.98	683802.49	89.5027	79.9769	-81445.49	7/31/2026	Muni	100	Single	RFRSwap	4.67108	3.316761	8.112333298	0.6970636	0.065150335	 557 	-0.023	-0.0374	-0.0909	0.904	7.3464	0	0	9.0436	0	32.6453	33.96983	0	0	0	0	0	0	0	4.4189	0.048013467	28.34419542	6.842	0.070291124	22.4246484	7.9031	0.075316608	14.99016727	8.1794	0.066266678	0.70672662	8.1025	0.060510125	-5.62914394	8.0051	0.05515619	-11.40921906
233_PUB_HTM	611203	529063UR8	MUNI	IG-2	LEXINGTON CNTY SC SCH DIST #1		3	49706	5000000	5000000	0	5000732.58	4567642.5	100.0147	91.35285	-433090.08	7/31/2026	Muni	100	Single	RFRSwap	4.108592	2.99821	6.88553524	-0.2298715	0.063934155	 3,197 	-0.0141	0.0391	0.2209	1.1557	5.4978	0	0	7.3756	0	-41.5626	-22.6094	0	0	0	0	0	0	0	2.4588	0.027434377	18.72430609	2.6126	0.028439028	16.00054608	4.1749	0.043986671	12.50602518	6.8636	0.06442932	1.01833804	7.2703	0.063565142	-5.4217265	7.4136	0.060215946	-11.62964322
233_PUB_HTM	611483	530260DH8	MUNI	IG-2	LIBERTY-BENTON OH LOCAL SCH DI		3	49249	250000	250000	0	251292.47	233738.5	100.517	93.4954	-17553.97	7/31/2026	Muni	100	Single	RFRSwap	3.93029	2.928628	6.156483173	-0.1996472	0.058022022	 145 	-0.0119	-0.02	0.3934	2.4102	3.3793	0	0	6.4607	0	-55.9202	-36.07071	0	0	0	0	0	0	0	3.0578	0.034852535	19.73461368	3.3397	0.036903627	16.2536578	4.4762	0.047588617	12.07017874	6.2761	0.059751116	0.95942571	6.5828	0.058763657	-4.97732718	6.6955	0.055919714	-10.726431
233_PUB_HTM	612035	530260DJ4	MUNI	IG-2	LIBERTY-BENTON OH LOCAL SCH DI		3	49614	315000	315000	0	316026.13	290171.26	100.3258	92.11786	-25854.87	7/31/2026	Muni	100	Single	RFRSwap	4.028704	2.959137	6.815853596	-0.1193386	0.063297376	 199 	-0.0117	-0.0197	0.3021	1.4891	5.0352	0	0	7.2587	0	-49.3349	-29.61221	0	0	0	0	0	0	0	3.0566	0.03476835	20.88054479	3.3983	0.037470683	17.39433826	4.7753	0.050573751	13.03972153	6.8434	0.06425491	1.02484183	7.2166	0.06313628	-5.38046723	7.334	0.059651807	-11.53199998
233_PUB_HTM	611832	530260DK1	MUNI	IG-2	LIBERTY-BENTON OH LOCAL SCH DI		3	49980	300000	300000	0	298555.24	271116.39	99.5184	90.37213	-27438.85	7/31/2026	Muni	100	Single	RFRSwap	4.163051	3.054754	7.50750351	-0.04917963	0.068409972	 205 	-0.0113	-0.019	0.2147	0.5601	6.6104	0.1541	0	8.0971	0	-37.9961	-19.80289	0	0	0	0	0	0	0	3.0545	0.034616575	22.20618	3.5029	0.038472045	18.70779278	5.2244	0.054950111	14.05711372	7.5351	0.069420382	1.00699128	7.8837	0.0672189	-5.85893715	7.99	0.062920757	-12.37286938
233_PUB_HTM	611154	538310G64	MUNI	IG-2	LIVERMORE VLY CA JT UNIF SCH D		3	48427	1395000	1395000	0	1395000	1395381.25	100	100.02733	381.25	7/31/2026	Muni	100	Single	RFRSwap	2.706739	3.01856	0.08908622	0.000308545	0.000904469	 13 	0.0891	0	0	0	0	0	0	0.0889	0	-115.5677	-115.5677	0	0	0	0	0	0	0	0.0902	0.000919179	0.42207235	0.0899	0.000915966	0.33031532	0.0897	0.000912772	0.23887861	0.0892	0.000906443	0.05695836	0.089	0.000903308	-0.03352901	0.0888	0.000900191	-0.12370375
233_PUB_HTM	611870	538310G72	MUNI	IG-2	LIVERMORE VLY CA JT UNIF SCH D		4	48792	500000	500000	0	500000	500556.3	100	100.11126	556.3	7/31/2026	Muni	100	Single	RFRSwap	2.760808	4.033031	0.088627458	0.000306825	0.000904986	 5 	0.0886	0	0	0	0	0	0	0.0889	0	-110.1608	-110.1609	0	0	0	0	0	0	0	0.0897	0.000919698	0.42231227	0.0895	0.000916484	0.33050335	0.0892	0.000913291	0.23901479	0.0888	0.000906961	0.05699093	0.0885	0.000903825	-0.0335482	0.0883	0.000900708	-0.12377466
233_PUB_HTM	611881	540261LU6	MUNI	IG-2	LODI CA UNIF SCH DIST		3	50253	2000000	2000000	0	2000737.09	1816931.6	100.0369	90.84658	-183805.49	7/31/2026	Muni	100	Single	RFRSwap	4.038857	2.996038	7.524615765	-0.5265402	0.069487251	 1,390 	0.0074	0.0618	0.1696	0.5188	6.1612	0.6291	0	8.1531	0	-58.1828	-34.9064	0	0	0	0	0	0	0	1.0025	0.010622209	13.61108127	0.9979	0.010469026	12.55958793	2.3118	0.02392769	11.15497267	7.2374	0.067518659	0.94517227	7.9151	0.068418689	-5.90588166	8.1616	0.065079108	-12.60800327
233_PUB_HTM	611310	540890BW9	MUNI	IG-2	LOGAN ELM OH LOCAL SCH DIST	1	4	48884	650000	650000	0	669034.29	658529.82	102.9284	101.31228	-10504.47	7/31/2026	Muni	100	Single	RFRSwap	3.777559	3.509208	3.410690069	-0.76645	0.034895547	 227 	-0.0018	0.8288	0.6564	1.3746	0.5702	0	0	3.3214	0	-128.0658	-78.71351	0	0	0	0	0	0	0	2.0947	0.02393827	11.97041357	2.1698	0.024282144	9.59532933	2.2056	0.024147589	7.16892754	3.3822	0.035125755	1.54290837	4.1807	0.041806038	-2.31487229	4.7426	0.045344204	-6.70233809
233_PUB_HTM	612826	540890CQ1	MUNI	IG-2	LOGAN ELM OH LOCAL SCH DIST	1	4	49249	915000	915000	0	940475.68	923693.87	102.7842	100.95015	-16781.8	7/31/2026	Muni	100	Single	RFRSwap	3.829141	3.506461	3.392849684	-0.7289979	0.034590155	 316 	-0.0016	0.7779	0.7353	1.3378	0.551	0	0	3.3162	0	-110.8407	-61.97055	0	0	0	0	0	0	0	2.0926	0.023822537	11.89379352	2.1677	0.024165494	9.53015978	2.2065	0.0240648	7.11499265	3.3631	0.034783956	1.47920865	4.1252	0.041086778	-2.34975736	4.6287	0.044114035	-6.64383046
233_PUB_HTM	612335	542433RF6	MUNI	IG-2	LONG BEACH CA UNIF SCH DIST		3	48427	2000000	2000000	0	2000000	2000000	100	100	0	7/31/2026	Muni	100	Single	RFRSwap	0	0	0	0	0	 -   	0	0	0	0	0	0	0	0	0	100	100	0	0	0	0	0	0	0	0	0	0	0	0	0	0	0	0	0	0	0	0	0	0	0	0	0
233_PUB_HTM	612001	544203JR4	MUNI	IG-2	LOS ALAMITOS CA UNIF SCH DIST		2	49888	320000	320000	0	283918.49	258470.02	88.7245	80.77188	-25448.47	7/31/2026	Muni	100	Single	RFRSwap	4.397169	3.33531	8.48186779	0.70072	0.069357827	 222 	-0.0165	-0.0378	-0.0794	-0.1654	8.7661	0	0	9.4156	0	1.0258	4.049549	0	0	0	0	0	0	0	4.0832	0.04507304	28.61595934	6.3642	0.066748865	23.1100426	7.8855	0.076910689	15.7625553	8.5181	0.070303373	0.76221814	8.4964	0.064399458	-5.97569742	8.3982	0.058498196	-12.11596478
233_PUB_HTM	611662	544203JS2	MUNI	IG-2	LOS ALAMITOS CA UNIF SCH DIST		2	50253	1090000	1090000	0	957906.77	858510.7	87.8814	78.76245	-99396.06	7/31/2026	Muni	100	Single	RFRSwap	4.464451	3.324407	9.208943367	0.8601242	0.073452793	 801 	-0.0164	-0.0374	-0.0828	-0.2203	8.5836	0.9751	0	10.362	0	3.9167	7.037026	0	0	0	0	0	0	0	4.1518	0.045775749	30.49227573	6.9341	0.072402284	24.65293736	8.627	0.083199643	16.67869835	9.2598	0.074455656	0.64511755	9.2111	0.067523912	-6.45537792	9.0997	0.060869582	-12.87062022
233_PUB_HTM	612305	544203JT0	MUNI	IG-2	LOS ALAMITOS CA UNIF SCH DIST		2	50618	1205000	1205000	0	1037959.63	924434.55	86.1377	76.71656	-113525.08	7/31/2026	Muni	100	Single	RFRSwap	4.537654	3.417952	9.919566154	1.009759	0.077091455	 929 	-0.016	-0.037	-0.0858	-0.2571	8.1866	2.127	0	11.3464	0	7.3947	10.55877	0	0	0	0	0	0	0	4.2815	0.047132868	32.36858557	7.596	0.078844897	26.0813943	9.379	0.089262702	17.45622503	9.9996	0.078159668	0.4464436	9.907	0.070097022	-6.96171959	9.7629	0.062600493	-13.59565033
233_PUB_HTM	611631	544203JU7	MUNI	IG-2	LOS ALAMITOS CA UNIF SCH DIST		2	50983	795000	795000	0	667761.63	592458.25	83.9952	74.52305	-75303.38	7/31/2026	Muni	100	Single	RFRSwap	4.63036	3.54746	10.61270714	1.182981	0.080150403	 637 	-0.0156	-0.0363	-0.0867	-0.2922	7.6019	3.438	0	12.324	0	13.2062	16.19302	0	0	0	0	0	0	0	4.4431	0.048788641	34.28571504	8.3339	0.085841864	27.48012467	10.1706	0.095308535	18.18648263	10.6988	0.081125714	0.30398265	10.5915	0.072196655	-7.35837472	10.4026	0.063843407	-14.15027008
233_PUB_HTM	612936	544203JV5	MUNI	IG-2	LOS ALAMITOS CA UNIF SCH DIST		2	51349	445000	445000	0	367621.63	321340.77	82.6116	72.21141	-46280.86	7/31/2026	Muni	100	Single	RFRSwap	4.738061	3.591196	11.29446316	1.381145	0.082688354	 368 	-0.0153	-0.0356	-0.0868	-0.3217	6.824	4.9293	0	13.3581	0	20.8412	23.54682	0	0	0	0	0	0	0	4.6693	0.051100992	36.22845159	9.1299	0.093158297	28.82497958	10.9677	0.100984745	18.86358156	11.3799	0.083536312	0.19548127	11.223	0.073573776	-7.65508175	11.0005	0.064530954	-14.54956102
233_PUB_HTM	611522	544203JW3	MUNI	IG-2	LOS ALAMITOS CA UNIF SCH DIST		2	51714	845000	845000	0	690256.24	587367.02	81.6871	69.51089	-102889.22	7/31/2026	Muni	100	Single	RFRSwap	4.89257	3.589555	11.94204521	1.599892	0.08420442	 712 	-0.0146	-0.0343	-0.085	-0.3431	5.8391	6.5781	0	14.3908	0	33.853	36.08688	0	0	0	0	0	0	0	5.0883	0.05536437	38.29731277	10.1619	0.102195919	30.05641753	11.8265	0.106310017	19.38068635	12.0401	0.085014984	0.09892171	11.8164	0.074049711	-7.84402965	11.5394	0.064341918	-14.75261578
233_PUB_HTM	611551	5446464Y5	MUNI	IG-2	LOS ANGELES CA UNIF SCH DIST		5	47665	3565000	3565000	0	3565000	3571079.04	100	100.17052	6079.04	7/31/2026	Muni	100	Single	RFRSwap	4.950369	4.998785	0.186007962	-0.3456322	0.001871002	 67 	0.1239	0.0193	0.0502	0.0326	0	0	0	0.1905	0	-97.819	-87.29208	0	0	0	0	0	0	0	0.0446	0.00045035	0.38412806	0.0788	0.000795236	0.33308589	0.0888	0.00089558	0.24337259	0.0884	0.000889417	0.06487414	0.3819	0.003836316	-0.12292295	1.9396	0.019249769	-1.34210516
233_PUB_HTM	612939	5446465Q1	MUNI	IG-2	LOS ANGELES CA UNIF SCH DIST		5	46569	500000	500000	0	512938.81	510832.4	102.5878	102.16648	-2106.41	7/31/2026	Muni	100	Single	RFRSwap	2.590641	2.132209	0.888335049	0.01599799	0.009112821	 46 	0.8883	0	0	0	0	0	0	0.9167	0	-149.2892	-149.2907	0	0	0	0	0	0	0	0.7853	0.008396912	4.3418221	0.8866	0.009404527	3.48947374	0.9109	0.00957363	2.5231808	0.8941	0.00922924	0.64322231	0.8859	0.009064038	-0.27139925	0.8779	0.008903275	-1.16972411
233_PUB_HTM	612534	54589TGV8	MUNI	IG-2	LOUDOUN CNTY VA		4	48183	2500000	2500000	0	2500000	2501349.5	100	100.05398	1349.5	7/31/2026	Muni	100	Single	RFRSwap	3.987744	3.999077	0.47384122	-1.511909	0.00477256	 119 	0.1309	0.0362	0.0426	0.1936	0.0119	0	0	0.3491	0	-151.2291	-52.14766	0	0	0	0	0	0	0	0.0447	0.000452511	0.46168025	0.079	0.000799039	0.41039359	0.0891	0.000899849	0.32025193	0.1411	0.001423214	0.14090551	1.7942	0.017973332	-0.54662335	3.39	0.033047296	-3.23468624
233_PUB_HTM	612213	546585PF1	MUNI	IG-2	LOUISVILLE & JEFFERSON CNTY KY		3	48914	3305000	3305000	0	3305000	3092912.53	100	93.58283	-212087.47	7/31/2026	Muni	100	Single	RFRSwap	4.018503	2.999621	5.524868488	-0.5410926	0.051979527	 1,718 	0.0197	0.0917	0.2205	2.9692	2.2486	0	0	5.7715	0	-38.916	-24.18507	0	0	0	0	0	0	0	0.0388	0.000391036	6.70538051	0.0685	0.000690044	6.66106807	0.0772	0.000777128	6.58322566	5.5231	0.052690059	1.31686965	6.0776	0.054667793	-4.1331914	6.1885	0.052343201	-9.50125007
233_PUB_HTM	612876	546585QG8	MUNI	IG-2	LOUISVILLE & JEFFERSON CNTY KY		5	46357	1695000	1695000	0	1695000	1697495.21	100	100.14721	2495.21	7/31/2026	Muni	100	Single	RFRSwap	4.514107	4.958678	0.076864526	0.000255314	0.000776182	 13 	0.0769	0	0	0	0	0	0	0.075	0	-87.0134	-87.01339	0	0	0	0	0	0	0	0.0389	0.000394009	0.32803989	0.0687	0.00069528	0.28339093	0.0774	0.000783013	0.20495841	0.077	0.000777807	0.04887742	0.0768	0.000775227	-0.02877413	0.1083	0.001092871	-0.11357389
233_PUB_HTM	612188	547541MJ8	MUNI	IG-2	LOWELL CA JT SCH DIST		3	51714	1485000	1485000	0	1433329.15	1223191.68	96.5205	82.36981	-210137.47	7/31/2026	Muni	100	Single	RFRSwap	4.645046	3.29588	10.46505261	0.7412031	0.087770194	 1,303 	-0.0058	-0.0164	0.005	0.2125	5.3122	4.9585	0	12.6066	0	-0.9013	12.56042	0	0	0	0	0	0	0	3.8716	0.044572465	31.25624603	5.6027	0.061698113	26.25186111	8.4313	0.086458482	18.67516795	10.5694	0.089017764	0.35238773	10.6636	0.080742531	-8.15176384	10.5521	0.071850166	-15.7790147
233_PUB_HTM	612559	547647LA3	MUNI	IG-2	LOWELL MA		4	46631	2000000	2000000	0	2040274.78	2031237.4	102.0137	101.56187	-9037.38	7/31/2026	Muni	100	Single	RFRSwap	2.527708	2.108737	1.036085248	0.02111207	0.010695356	 214 	0.9298	0.1063	0	0	0	0	0	1.0833	0	-160.0603	-160.0626	0	0	0	0	0	0	0	1.0437	0.011321132	5.23968175	1.0659	0.011441446	4.113179	1.0648	0.011308449	2.97039799	1.0434	0.010849345	0.75508849	1.0329	0.01062978	-0.3188073	1.0227	0.010416535	-1.37106492
233_PUB_HTM	611372	549815SZ2	MUNI	IG-2	LUFKIN TX INDEP SCH DIST		2.5	50632	1190000	1190000	0	1131130.17	969919.26	95.053	81.50582	-161210.91	7/31/2026	Muni	100	Single	RFRSwap	4.507224	2.992335	9.418616295	0.6941701	0.077852957	 926 	-0.0121	-0.0269	-0.0235	0.0057	7.5421	1.9183	0	10.8138	0	0.6447	7.773113	0	0	0	0	0	0	0	2.9786	0.032807894	27.48549365	4.9805	0.052902296	23.56006563	7.8237	0.077825926	16.81604245	9.4452	0.078599863	0.55794807	9.5077	0.071953915	-6.97889393	9.411	0.064792685	-13.81109992
233_PUB_HTM	611674	549815TA6	MUNI	IG-2	LUFKIN TX INDEP SCH DIST		2.25	50997	710000	710000	0	613198.2	542823.47	86.3659	76.45401	-70374.73	7/31/2026	Muni	100	Single	RFRSwap	4.68329	3.566628	10.39535427	1.08322	0.080555171	 572 	-0.0138	-0.0308	-0.0668	-0.1921	7.3696	3.3315	0	12.1636	0	17.4398	21.6058	0	0	0	0	0	0	0	3.0915	0.033593226	31.17152145	6.7317	0.069875717	26.31015089	9.4907	0.090593189	17.96273226	10.4575	0.081393518	0.34091474	10.3712	0.072731376	-7.3634119	10.209	0.064586647	-14.22693394
233_PUB_HTM	612630	5512396Z4	MUNI	IG-2	LYNCHBURG VA		3	48611	2070000	2070000	0	2070000	1988128.6	100	96.04486	-81871.4	7/31/2026	Muni	100	Single	RFRSwap	3.689938	3	4.465100288	-1.010434	0.043554761	 902 	0.0762	0.1879	0.3244	2.8561	1.0565	0	0	4.5273	0	-78.3849	-54.66088	0	0	0	0	0	0	0	0.1266	0.001291915	4.5402863	0.1262	0.001286937	4.411344	0.1259	0.001281991	4.28289793	4.0675	0.040337306	1.62611517	5.1175	0.048410688	-2.94600531	5.3907	0.048368666	-7.81826101
233_PUB_HTM	612824	554086MY1	MUNI	IG-2	MABANK TX INDEP SCH DIST		4	48075	355000	355000	0	355000	355155.53	100	100.04381	155.53	7/31/2026	Muni	100	Single	RFRSwap	3.990002	3.999685	0.939291775	-1.696336	0.00957028	 34 	0.2517	0.0824	0.1012	0.4901	0.0031	0	0	0.7391	0	-131.6176	-20.16626	0	0	0	0	0	0	0	0.1454	0.00149584	0.95966358	0.1606	0.001649125	0.80758673	0.1648	0.001689556	0.63827148	0.2617	0.002673806	0.28332417	1.994	0.020165857	-0.75715776	3.3567	0.033009022	-3.55177152
233_PUB_HTM	612178	554086MZ8	MUNI	IG-2	MABANK TX INDEP SCH DIST		4	48441	260000	260000	0	260000	260082.89	100	100.03188	82.89	7/31/2026	Muni	100	Single	RFRSwap	3.993739	3.999732	1.052631378	-2.012828	0.010723822	 28 	0.2526	0.0775	0.0941	0.4995	0.0943	0	0	0.8171	0	-140.1315	-22.56712	0	0	0	0	0	0	0	0.1455	0.001496695	0.9858845	0.1607	0.001650062	0.83372097	0.1649	0.001690511	0.66430974	0.2743	0.002802624	0.30653849	2.3429	0.023658654	-0.89692998	3.8626	0.037762448	-4.11292002
233_PUB_HTM	612069	554086NA2	MUNI	IG-2	MABANK TX INDEP SCH DIST		4	48806	230000	230000	0	230000	230040.46	100	100.01759	40.46	7/31/2026	Muni	100	Single	RFRSwap	3.996874	3.999766	1.16488874	-2.321903	0.011865794	 27 	0.2542	0.082	0.0954	0.4711	0.2344	0	0	0.882	0	-147.0868	-25.22589	0	0	0	0	0	0	0	0.1456	0.001497394	1.01185538	0.1607	0.001650828	0.85962098	0.1649	0.001691292	0.69013127	0.4148	0.004238281	0.31895251	2.9468	0.029653927	-1.23243735	4.5241	0.043799572	-5.04744277
233_PUB_HTM	611957	561824ZA4	MUNI	IG-2	MANASSAS VA		4	47300	2000000	2000000	0	2000000	2001290.6	100	100.06453	1290.6	7/31/2026	Muni	100	Single	RFRSwap	3.975349	3.998994	0.287838519	-0.8095807	0.002889837	 58 	0.1296	0.0491	0.1206	0	0	0	0	0.2355	0	-135.1819	-63.42648	0	0	0	0	0	0	0	0.0447	0.000450589	0.43649854	0.0789	0.000795649	0.3854296	0.089	0.000896035	0.29567019	0.0998	0.001002693	0.11708301	0.81	0.008116445	-0.18870957	1.8849	0.01861375	-1.64850485
233_PUB_HTM	612435	561824ZB2	MUNI	IG-2	MANASSAS VA		4	47665	2000000	2000000	0	2000000	2001052.2	100	100.05261	1052.2	7/31/2026	Muni	100	Single	RFRSwap	3.984598	3.999236	0.359823078	-1.147743	0.003612118	 72 	0.1299	0.0377	0.1154	0.0718	0	0	0	0.2965	0	-144.2445	-49.40839	0	0	0	0	0	0	0	0.0447	0.000450831	0.45636102	0.079	0.000796074	0.40526471	0.089	0.000896512	0.31545743	0.1289	0.001295506	0.13677575	1.2469	0.012474784	-0.34047564	2.4721	0.0242557	-2.26789388
233_PUB_HTM	612432	5621112C7	MUNI	IG-2	MANCHESTER CT		4	46784	225000	225000	0	227092.53	226608.39	100.93	100.71484	-484.14	7/31/2026	Muni	100	Single	RFRSwap	3.506632	3.359058	0.61872524	-0.2727287	0.006355227	 14 	0.5501	0.0703	0	0	0	0	0	0.5493	0	-150.7969	-143.9346	0	0	0	0	0	0	0	0.5072	0.005334266	2.4613069	0.5045	0.005279531	1.930625	0.5019	0.005225633	1.40537457	0.5104	0.005261551	0.37083795	0.7102	0.007278795	-0.22418353	1.0116	0.010280502	-1.08824947
233_PUB_HTM	611774	5621112E3	MUNI	IG-2	MANCHESTER CT		4	47515	200000	200000	0	201770.46	201176.32	100.8852	100.58816	-594.14	7/31/2026	Muni	100	Single	RFRSwap	3.818877	3.727881	0.964182794	-0.7056238	0.009891374	 20 	0.4763	0.1115	0.313	0.0821	0	0	0	0.8747	0	-157.4672	-118.4254	0	0	0	0	0	0	0	0.5073	0.005337789	2.62204873	0.5047	0.005282999	2.09101728	0.5021	0.005229049	1.56542267	0.6118	0.006306546	0.49885093	1.353	0.01381732	-0.46110262	2.1663	0.021730511	-2.27459077
233_PUB_HTM	612803	5621112F0	MUNI	IG-2	MANCHESTER CT		3	47880	725000	725000	0	726990.82	715892.33	100.2746	98.74377	-11098.49	7/31/2026	Muni	100	Single	RFRSwap	3.302715	2.934414	2.509472609	-1.225972	0.0251559	 182 	0.2692	0.2591	0.7446	1.2858	0	0	0	2.3927	0	-132.8129	-88.16114	0	0	0	0	0	0	0	0.5102	0.005321237	4.05338326	0.5075	0.005266564	3.52400114	0.5049	0.005212731	3.00004416	1.9353	0.019603195	1.04663069	2.8275	0.027963607	-1.3446676	3.3374	0.031998206	-4.36725074
233_PUB_HTM	611904	562111Y57	MUNI	IG-2	MANCHESTER CT		3	48611	810000	810000	0	810000	768601.95	100	94.88913	-41398.05	7/31/2026	Muni	100	Single	RFRSwap	3.897689	3	4.815533638	-0.6517012	0.04641651	 376 	0.0303	0.1313	0.2849	3.1854	1.2049	0	0	4.9869	0	-49.8981	-33.8829	0	0	0	0	0	0	0	0.1264	0.001289599	5.65993093	0.126	0.001284642	5.53121917	0.1257	0.001279716	5.40300157	4.5842	0.044970959	1.71173436	5.2932	0.049379263	-3.10051329	5.456	0.048222855	-8.00352846
233_PUB_HTM	611305	562111Y65	MUNI	IG-2	MANCHESTER CT		3	48976	860000	860000	0	860000	805294.97	100	93.63895	-54705.03	7/31/2026	Muni	100	Single	RFRSwap	3.989723	3	5.580300808	-0.5396671	0.053090394	 457 	0.0119	0.0917	0.2257	2.8426	2.4241	0	0	5.8962	0	-42.5322	-27.80389	0	0	0	0	0	0	0	0.1263	0.001289002	6.90079077	0.126	0.00128405	6.7721385	0.1257	0.001279129	6.64397986	5.6292	0.054233633	1.20518419	6.1567	0.055875707	-4.38300046	6.2525	0.053321335	-9.85909368
233_PUB_HTM	611509	562333PG3	MUNI	IG-2	MANCHESTER NH		3	50740	400000	400000	0	401032.5	348307.16	100.2581	87.07679	-52725.34	7/31/2026	Muni	100	Single	RFRSwap	4.365876	2.974607	8.988834381	0.3646364	0.07872133	 315 	-0.0119	-0.0181	0.027	0.4601	6.6582	1.8734	0	10.1309	0	-22.9198	-7.028834	0	0	0	0	0	0	0	4.0346	0.046806395	28.43470643	5.1721	0.057433635	23.46757137	7.2094	0.075224727	16.76580987	9.0817	0.080140807	0.66793512	9.3148	0.074947044	-7.11640916	9.3104	0.068246327	-14.27597164
233_PUB_HTM	612544	562333PH1	MUNI	IG-2	MANCHESTER NH		3	51105	750000	750000	0	749566.99	639597.15	99.9423	85.27962	-109969.84	7/31/2026	Muni	100	Single	RFRSwap	4.477792	3.005057	9.624201775	0.508028	0.082556032	 619 	-0.0115	-0.0178	0.006	0.3505	6.3298	2.9684	0	11.1679	0	-14.1158	0.787736	0	0	0	0	0	0	0	4.0416	0.046708643	29.79128683	5.4676	0.060414139	24.71501275	7.7805	0.080409065	17.56736612	9.7179	0.083870001	0.52501086	9.8924	0.077382408	-7.55562163	9.8799	0.069999896	-14.92851002
233_PUB_HTM	611368	564538FX9	MUNI	IG-2	MANTECA CA UNIF SCH DIST		3	50983	1845000	1845000	0	1824335.69	1583267.93	98.88	85.81398	-241067.76	7/31/2026	Muni	100	Single	RFRSwap	4.448798	3.105369	9.200498581	0.2767152	0.080333211	 1,482 	-0.0072	0.006	0.0581	0.2904	6.3129	2.5444	0	10.7115	0	-16.4565	-1.013853	0	0	0	0	0	0	0	1.974	0.021531666	21.76419634	2.3867	0.025511747	19.57582293	5.5163	0.056757238	15.57517705	9.1776	0.080666967	0.5811285	9.4815	0.075886019	-7.27781279	9.4962	0.069108106	-14.53937766
233_PUB_HTM	612063	564538FZ4	MUNI	IG-2	MANTECA CA UNIF SCH DIST	1	2.25	52079	1840000	1840000	0	1533878.51	1267431.38	83.363	68.88214	-266447.13	7/31/2026	Muni	100	Single	RFRSwap	5.196421	3.665481	11.95131493	1.646717	0.083667733	 1,539 	-0.0107	-0.027	-0.0673	-0.2763	5.1553	7.1687	0	14.9287	0	63.3883	65.60002	0	0	0	0	0	0	0	2.2942	0.024174476	35.36463626	9.3348	0.092994019	29.6136185	11.8232	0.105514146	19.23643934	12.0246	0.084279448	0.08224269	11.7656	0.073212221	-7.7815771	11.4552	0.063465357	-14.60396528
233_PUB_HTM	611204	565116EF3	MUNI	IG-2	MAPLE DALE-INDIAN HILL WI SCHD		3	48670	635000	635000	0	637267.73	613416.6	100.3571	96.60104	-23851.13	7/31/2026	Muni	100	Single	RFRSwap	3.577072	2.940218	4.248125076	-1.177118	0.041462142	 263 	0.1251	0.2174	0.3372	2.546	1.0729	0	0	4.143	0	-100.7415	-66.11314	0	0	0	0	0	0	0	0.5889	0.006143792	6.73064374	0.6509	0.006750026	6.1083118	0.728	0.007498998	5.41110157	3.5768	0.035422713	1.43376285	4.5999	0.043699883	-2.59968623	5.0703	0.045880448	-7.11188724
233_PUB_HTM	611187	565116EG1	MUNI	IG-2	MAPLE DALE-INDIAN HILL WI SCHD		3	49035	655000	655000	0	657264.88	626142.34	100.3458	95.59425	-31122.55	7/31/2026	Muni	100	Single	RFRSwap	3.663905	2.948916	4.977206707	-1.141986	0.048076957	 315 	0.0882	0.1796	0.2998	2.3277	2.1081	0	0	4.9326	0	-93.1249	-60.63429	0	0	0	0	0	0	0	0.5886	0.006137614	7.67808624	0.6506	0.006743276	7.05637846	0.8562	0.00881429	6.34664693	4.4819	0.043783445	1.09448626	5.4636	0.050744817	-3.71678483	5.8752	0.051537741	-8.87375044
233_PUB_HTM	612635	565116EH9	MUNI	IG-2	MAPLE DALE-INDIAN HILL WI SCHD		3	49400	675000	675000	0	677264.19	639687.51	100.3354	94.76852	-37576.68	7/31/2026	Muni	100	Single	RFRSwap	3.711016	2.955526	5.615791321	-1.138813	0.053781603	 363 	0.0604	0.1597	0.2826	1.7753	3.3591	0	0	5.7117	0	-91.8514	-59.26768	0	0	0	0	0	0	0	0.5886	0.006137037	8.49827925	0.6506	0.006742646	7.87662969	0.9577	0.009855672	7.13644214	5.1716	0.050028246	0.96854353	6.1466	0.056142617	-4.42930275	6.5599	0.056215372	-10.07299843
233_PUB_HTM	612557	565116EJ5	MUNI	IG-2	MAPLE DALE-INDIAN HILL WI SCHD		3	49766	700000	700000	0	702292.45	656159.14	100.3275	93.73702	-46133.31	7/31/2026	Muni	100	Single	RFRSwap	3.779072	2.9605	6.311504364	-1.054433	0.059793312	 419 	0.0458	0.1281	0.2478	0.9391	4.9547	0	0	6.4669	0	-87.4063	-56.05691	0	0	0	0	0	0	0	0.5884	0.006133443	9.49523938	0.6504	0.00673872	8.87395294	1.0569	0.010869537	8.10926242	5.8196	0.055742357	1.04638348	6.7819	0.060941581	-4.87729899	7.2011	0.06032297	-10.96741273
233_PUB_HTM	611675	565352HE4	MUNI	IG-2	MAPLE SHADE TWP NJ SCH DIST		3	49871	1830000	1830000	0	1822135.89	1656674.66	99.5703	90.52867	-165461.23	7/31/2026	Muni	100	Single	RFRSwap	4.172175	3.050265	7.396037579	-0.3137886	0.067053959	 1,227 	0.0016	0.0386	0.1263	0.5178	6.7019	0	0	8.0741	0	-31.4924	-17.75583	0	0	0	0	0	0	0	0.0445	0.000446563	9.79548781	0.0785	0.000788565	9.7448743	0.1642	0.001646827	9.65591276	7.5498	0.069167987	0.95373165	7.9954	0.06773816	-5.94027843	8.033	0.062809341	-12.47273857
233_PUB_HTM	612215	566217NB7	MUNI	IG-2	MARCELLUS NY CENTRL SCH DIST		4	47863	335000	335000	0	335000	335098.29	100	100.02934	98.29	7/31/2026	Muni	100	Single	RFRSwap	3.992352	3.999605	0.475575417	-1.36558	0.004765604	 16 	0.1239	0.0371	0.091	0.1369	0	0	0	0.3216	0	-143.0222	-21.43537	0	0	0	0	0	0	0	0.0447	0.000450101	0.47830698	0.079	0.000794787	0.42729331	0.089	0.000895062	0.33763124	0.168	0.001685995	0.15923837	1.6291	0.016245816	-0.48414599	2.8669	0.027931102	-2.78053013
233_PUB_HTM	612247	566217NC5	MUNI	IG-2	MARCELLUS NY CENTRL SCH DIST		4	48228	250000	250000	0	250000	250046.28	100	100.01851	46.27	7/31/2026	Muni	100	Single	RFRSwap	3.995861	3.999671	0.599698663	-1.642437	0.006008758	 15 	0.1214	0.0356	0.0435	0.2109	0.0179	0	0	0.3565	0	-149.8789	-20.76999	0	0	0	0	0	0	0	0.0447	0.000450284	0.49513936	0.079	0.000795109	0.444105	0.0891	0.000895423	0.35440675	0.1956	0.001963083	0.17358085	1.99	0.01981047	-0.64464464	3.4498	0.033385266	-3.42253845
233_PUB_HTM	611873	567137P73	MUNI	IG-2	MARICOPA CNTY AZ ELEM SCH DIST		4	49491	750000	750000	0	772690.53	755492.33	103.0254	100.73231	-17198.2	7/31/2026	Muni	100	Single	RFRSwap	3.90161	3.599992	3.786308527	-1.246065	0.038266569	 287 	0.0463	0.8678	0.3664	0.925	1.6242	0	0	3.6582	0	-139.9781	-56.80508	0	0	0	0	0	0	0	1.7713	0.019828737	10.87590306	1.8613	0.020468114	8.90018761	1.9243	0.020764172	6.83851887	3.8823	0.039712794	1.22545408	5.1443	0.050282162	-3.3220861	5.9238	0.054773062	-8.60263717
233_PUB_HTM	611936	567288UM5	MUNI	IG-2	MARICOPA CNTY AZ UNIF SCH DIST		4	48030	600000	600000	0	608874.22	604377.3	101.479	100.72955	-4496.92	7/31/2026	Muni	100	Single	RFRSwap	3.835181	3.66794	1.756268859	-0.9222034	0.01774936	 106 	0.6164	0.1869	0.2261	0.7413	0	0	0	1.6029	0	-145.8892	-90.01274	0	0	0	0	0	0	0	0.7877	0.008342906	4.85722992	0.8889	0.009340464	4.01043121	0.9132	0.009507332	3.05081944	1.4861	0.015156393	0.9276769	2.4437	0.024439653	-1.05117646	3.2145	0.031243403	-3.86861027
233_PUB_HTM	611771	567389VQ1	MUNI	IG-2	MARICOPA CNTY AZ UNIF SCH DIST		3	48030	1000000	1000000	0	1000000	968760.7	100	96.87607	-31239.3	7/31/2026	Muni	100	Single	RFRSwap	3.700342	2.999659	3.510046482	-0.836653	0.034091704	 341 	0.1178	0.2082	0.4792	2.7213	0	0	0	3.4164	0	-70.7653	-48.72557	0	0	0	0	0	0	0	0.0445	0.000448119	3.48234615	0.0787	0.000791304	3.43155657	0.0887	0.000891159	3.34228654	3.0903	0.030450311	1.40991191	4.0152	0.03813646	-2.14583873	4.2554	0.03876856	-6.02230712
233_PUB_HTM	612604	567389VS7	MUNI	IG-2	MARICOPA CNTY AZ UNIF SCH DIST		4	48761	750000	750000	0	750000	750214.8	100	100.02864	214.8	7/31/2026	Muni	100	Single	RFRSwap	3.994763	3.999542	0.664875686	-1.951871	0.006672824	 50 	0.124	0.0347	0.0403	0.189	0.0913	0	0	0.3998	0	-165.7881	-24.92018	0	0	0	0	0	0	0	0.0448	0.000451407	0.49922905	0.0791	0.000797087	0.44806758	0.0891	0.000897647	0.35814632	0.2323	0.002335305	0.1710213	2.4596	0.024456972	-0.92773057	4.2249	0.040576689	-4.31999831
233_PUB_HTM	612345	567430RJ4	MUNI	IG-2	MARICOPA CNTY AZ UNIF SCH DIST		4	49126	500000	500000	0	514787.17	503363.8	102.9574	100.67276	-11423.37	7/31/2026	Muni	100	Single	RFRSwap	3.900011	3.567542	3.585386276	-1.099547	0.036214586	 181 	0.046	0.874	0.3725	1.2076	1.1091	0	0	3.4868	0	-129.4648	-53.57693	0	0	0	0	0	0	0	1.7703	0.019774934	10.69945164	1.8602	0.020412913	8.72908276	1.9215	0.020690698	6.67318324	3.6687	0.037506953	1.22776019	4.7842	0.04687677	-3.02386655	5.4502	0.050731871	-7.92403045
233_PUB_HTM	612226	567505MC3	MUNI	IG-2	MARICOPA CNTY AZ HIGH SCH DIST		4	46935	2925000	2925000	0	2925000	2927770.85	100	100.09473	2770.85	7/31/2026	Muni	100	Single	RFRSwap	3.946716	3.998499	0.217258036	-0.2858347	0.00218188	 64 	0.1344	0.0811	0	0	0	0	0	0.1723	0	-131.0217	-98.89146	0	0	0	0	0	0	0	0.0447	0.000450477	0.40265396	0.0789	0.000795454	0.35159757	0.089	0.000895817	0.26186012	0.0885	0.000889635	0.0833163	0.3728	0.003740668	-0.08676331	1.2596	0.012527622	-0.97372931
233_PUB_HTM	612329	567505PX4	MUNI	IG-2	MARICOPA CNTY AZ HIGH SCH DIST		4	49126	500000	500000	0	506654.44	501625.8	101.3309	100.32516	-5028.64	7/31/2026	Muni	100	Single	RFRSwap	3.951365	3.803342	2.529277086	-1.602647	0.025459321	 127 	0.5229	0.2347	0.2207	0.8349	0.7831	0	0	2.3617	0	-150.734	-45.04869	0	0	0	0	0	0	0	0.7879	0.008351442	5.33117573	0.8893	0.009349974	4.48351256	0.9135	0.009516964	3.52292625	2.3127	0.023481075	0.87449722	3.9917	0.039255574	-2.31558096	5.1203	0.048078373	-6.76012875
233_PUB_HTM	612708	567527SK3	MUNI	IG-2	MARICOPA CNTY AZ HIGH SCH DIST		5	47665	280000	280000	0	286911.93	285732.33	102.4685	102.04726	-1179.61	7/31/2026	Muni	100	Single	RFRSwap	4.423894	4.307307	1.15765655	-0.3891203	0.011861804	 33 	0.787	0.0905	0.1822	0.1034	0	0	0	1.106	0	-150.8308	-136.2655	0	0	0	0	0	0	0	0.7852	0.008392783	4.42735587	0.8865	0.009399927	3.57542564	0.9107	0.009568973	2.609604	0.9659	0.009965705	0.70940162	1.3691	0.013966866	-0.44637255	1.9978	0.020042742	-2.13939323
233_PUB_HTM	611573	567527SL1	MUNI	IG-2	MARICOPA CNTY AZ HIGH SCH DIST		5	48030	250000	250000	0	256171.36	254936.43	102.4685	101.97457	-1234.93	7/31/2026	Muni	100	Single	RFRSwap	4.546414	4.434815	1.265326381	-0.5475447	0.012955833	 32 	0.7697	0.096	0.1012	0.2959	0	0	0	1.1665	0	-148.9398	-128.312	0	0	0	0	0	0	0	0.785	0.008388325	4.46367397	0.8863	0.009394961	3.61219512	0.9105	0.009563946	2.64688225	1.0312	0.010634108	0.72973184	1.6486	0.016782945	-0.59221081	2.4384	0.024322161	-2.6467632
233_PUB_HTM	611764	567527SM9	MUNI	IG-2	MARICOPA CNTY AZ HIGH SCH DIST		4	48396	250000	250000	0	253606.78	251545.3	101.4427	100.61812	-2061.48	7/31/2026	Muni	100	Single	RFRSwap	3.881559	3.725562	1.998620272	-1.109782	0.020176362	 50 	0.5967	0.1814	0.1902	0.8648	0.1556	0	0	1.7641	0	-148.7635	-77.65093	0	0	0	0	0	0	0	0.7878	0.008346781	5.00024074	0.8891	0.009344781	4.15304957	0.9133	0.009511705	3.19299538	1.6354	0.016671913	0.99212537	2.7858	0.027774869	-1.24933285	3.756	0.036223155	-4.50983145
233_PUB_HTM	611763	567527SN7	MUNI	IG-2	MARICOPA CNTY AZ HIGH SCH DIST		4	48761	250000	250000	0	253391.25	251201.82	101.3565	100.48073	-2189.43	7/31/2026	Muni	100	Single	RFRSwap	3.919528	3.774899	2.268107414	-1.370449	0.022865713	 57 	0.569	0.2013	0.1946	0.8834	0.4113	0	0	1.9141	0	-150.1371	-62.37973	0	0	0	0	0	0	0	0.7879	0.008349465	5.1594958	0.8892	0.00934777	4.31203287	0.9134	0.009514732	3.35167232	1.9361	0.019707847	0.97790742	3.3389	0.03310569	-1.6625094	4.4002	0.041952323	-5.47311349
233_PUB_HTM	612953	567541PG6	MUNI	IG-2	MARICOPA CNTY AZ UN HIGH SCH D		4	47300	250000	250000	0	250000	250155.93	100	100.06237	155.93	7/31/2026	Muni	100	Single	RFRSwap	3.976141	3.998994	0.289464355	-0.8301924	0.002906098	 7 	0.1299	0.0498	0.1218	0	0	0	0	0.2358	0	-134.2231	-60.88713	0	0	0	0	0	0	0	0.0447	0.000450563	0.43781851	0.0789	0.000795604	0.38675246	0.089	0.000895985	0.29699812	0.1015	0.001019829	0.11842093	0.8219	0.008235199	-0.19460887	1.8929	0.018688988	-1.66222244
233_PUB_HTM	611809	567541PH4	MUNI	IG-2	MARICOPA CNTY AZ UN HIGH SCH D		4	47665	325000	325000	0	325000	325166.04	100	100.05109	166.04	7/31/2026	Muni	100	Single	RFRSwap	3.985021	3.999236	0.366578281	-1.154534	0.003679875	 12 	0.13	0.0381	0.1161	0.0724	0	0	0	0.2981	0	-143.7007	-47.62003	0	0	0	0	0	0	0	0.0447	0.000450816	0.45740433	0.079	0.000796049	0.40630966	0.089	0.000896483	0.31650526	0.1301	0.001308057	0.13782925	1.26	0.012604894	-0.34445772	2.4768	0.024298763	-2.27804113
233_PUB_HTM	611411	567541PY7	MUNI	IG-2	MARICOPA CNTY AZ UN HIGH SCH D		4	47665	1500000	1500000	0	1522185.53	1512238.35	101.479	100.81589	-9947.18	7/31/2026	Muni	100	Single	RFRSwap	3.773243	3.591149	1.548717499	-0.6988049	0.015665157	 235 	0.6417	0.1882	0.46	0.272	0	0	0	1.3838	0	-142.1184	-99.57659	0	0	0	0	0	0	0	0.7875	0.008337797	4.72925204	0.8888	0.009334773	3.88297066	0.913	0.009501568	2.92394211	1.2835	0.0130968	0.8868426	2.0061	0.02013766	-0.76560033	2.627	0.025763202	-3.07789218
233_PUB_HTM	612254	567541PZ4	MUNI	IG-2	MARICOPA CNTY AZ UN HIGH SCH D		4	48030	750000	750000	0	761092.77	755471.62	101.479	100.72955	-5621.15	7/31/2026	Muni	100	Single	RFRSwap	3.835181	3.66794	1.756268859	-0.9222034	0.01774936	 133 	0.6164	0.1869	0.2261	0.7413	0	0	0	1.6029	0	-145.8892	-90.01274	0	0	0	0	0	0	0	0.7877	0.008342906	4.85722992	0.8889	0.009340464	4.01043121	0.9132	0.009507332	3.05081944	1.4861	0.015156393	0.9276769	2.4437	0.024439653	-1.05117646	3.2145	0.031243403	-3.86861027
233_PUB_HTM	611830	567541RG4	MUNI	IG-2	MARICOPA CNTY AZ UN HIGH SCH D		3	50587	1150000	1150000	0	1140477.31	1005505.38	99.1719	87.43525	-134971.93	7/31/2026	Muni	100	Single	RFRSwap	4.363102	3.083406	8.658901215	0.1559659	0.075925797	 873 	-0.0084	-0.0144	0.1221	0.3705	6.7031	1.4918	0	9.6663	0	-22.1603	-5.725189	0	0	0	0	0	0	0	2.7331	0.030357067	23.38621666	3.4462	0.037192818	20.23763211	5.9255	0.061053976	15.35126538	8.6685	0.076646112	0.73428576	9.0138	0.072925426	-6.78085126	9.0799	0.067102179	-13.78295788
233_PUB_HTM	611691	569203NE8	MUNI	IG-2	MARION & POLK CNTYS OR SCH DIS		5	48745	1000000	1000000	0	1050466.4	1035102.9	105.0466	103.51029	-15363.5	7/31/2026	Muni	100	Single	RFRSwap	4.401624	4.147669	2.473610878	-0.649434	0.025762454	 258 	0.1382	1.2064	0.2374	0.638	0.2804	0	0	2.4285	0	-135.886	-111.393	0	0	0	0	0	0	0	1.664	0.018898619	9.42373114	1.7916	0.020008979	7.53142949	1.8172	0.019927206	5.51056963	2.3202	0.024472948	1.32843578	3.131	0.032140374	-1.49718494	3.9028	0.038674299	-5.05596706
233_PUB_HTM	611986	574193NM6	MUNI	IG-2	MARYLAND ST		4	47557	4250000	4250000	0	4296818.3	4275953.05	101.1016	100.61066	-20865.25	7/31/2026	Muni	100	Single	RFRSwap	3.816846	3.671428	1.165817738	-0.739319	0.011905537	 506 	0.5251	0.1404	0.3924	0.1345	0	0	0	1.0609	0	-146.2581	-99.86783	0	0	0	0	0	0	0	0.5634	0.005936773	3.24330986	0.6083	0.006372564	2.64442251	0.6188	0.006442555	1.99603076	0.8473	0.008707603	0.64508416	1.6072	0.016320491	-0.57858442	2.3382	0.023274632	-2.57947313
233_PUB_HTM	612966	574193QV3	MUNI	IG-2	MARYLAND ST		4	48427	14500000	14500000	0	14954949.31	14722880.95	103.1376	101.53711	-232068.35	7/31/2026	Muni	100	Single	RFRSwap	3.711869	3.417188	2.907049894	-0.7339799	0.030098755	 4,364 	0.0014	1.1044	0.3625	1.2117	0.2411	0	0	2.8464	0	-138.5765	-97.09186	0	0	0	0	0	0	0	1.9658	0.022442402	10.62868968	1.9445	0.02176985	8.41833388	1.933	0.021225728	6.2727654	2.7805	0.029210538	1.51966448	3.515	0.035776712	-1.75479268	4.0785	0.039953731	-5.57537586
233_PUB_HTM	612594	574193QW1	MUNI	IG-2	MARYLAND ST		4	48792	27500000	27500000	0	28323644.36	27865755.5	102.9951	101.33002	-457888.86	7/31/2026	Muni	100	Single	RFRSwap	3.781958	3.513627	3.182075739	-0.876696	0.032880396	 9,042 	0.0015	1.0517	0.3678	1.197	0.5813	0	0	3.0858	0	-139.6791	-86.40991	0	0	0	0	0	0	0	1.966	0.022453168	10.87805903	1.9447	0.021780243	8.66664535	1.9424	0.021336602	6.51873581	3.1452	0.032957681	1.45589764	4.0529	0.040967774	-2.24846328	4.7049	0.045510478	-6.59977318
233_PUB_HTM	612469	57582RA55	MUNI	IG-2	MASSACHUSETTS ST		2.5	50830	15000000	15000000	0	13722363.7	11921901	91.4824	79.47934	-1800462.7	7/31/2026	Muni	100	Single	RFRSwap	4.675518	3.334197	9.860165596	0.8920464	0.079395041	 11,909 	-0.0174	-0.0256	-0.0444	-0.0632	7.4302	2.5815	0	11.4556	0	17.22	22.77496	0	0	0	0	0	0	0	3.5356	0.03917205	30.27118537	6.2144	0.065764904	25.30536266	8.7082	0.085359141	17.50070958	9.9077	0.08021713	0.44334689	9.8991	0.072578885	-7.20266306	9.7686	0.064911157	-14.07195267
233_PUB_HTM	611865	57582RD29	MUNI	IG-2	MASSACHUSETTS ST		3	50952	3000000	3000000	0	2929076.59	2592159.3	97.6359	86.40531	-336917.29	7/31/2026	Muni	100	Single	RFRSwap	4.389918	3.225081	9.307201385	0.3478472	0.080651842	 2,420 	-0.0082	-0.0179	0.0568	0.4002	6.4205	2.4409	0	10.4289	0	-23.0406	-6.558134	0	0	0	0	0	0	0	3.679	0.04212014	27.83169665	4.8177	0.052993301	23.34169233	7.1536	0.074075937	16.89570587	9.4083	0.082087733	0.59464787	9.6277	0.076345742	-7.35744496	9.65	0.069476217	-14.65935958
233_PUB_HTM	612957	57582RFS0	MUNI	IG-2	MASSACHUSETTS ST		3.25	50649	1070000	1070000	0	1070000	978797.59	100	91.47641	-91202.41	7/31/2026	Muni	100	Single	RFRSwap	4.154093	3.249816	7.85701704	-0.813812	0.072937146	 780 	0.0115	0.0747	0.1842	0.5165	5.7353	1.3501	0	8.6691	0	-51.2623	-27.17412	0	0	0	0	0	0	0	0.1684	0.001722141	9.45747361	0.2011	0.002052943	9.27969185	0.2254	0.002296895	9.06479235	8.0716	0.075562984	0.78500493	8.8633	0.076159686	-6.90359823	8.9878	0.070616372	-14.26126445
233_PUB_HTM	611644	57582RJV9	MUNI	IG-2	MASSACHUSETTS ST		5	46935	5000000	5000000	0	5269673.56	5222230	105.3935	104.4446	-47443.56	7/31/2026	Muni	100	Single	RFRSwap	2.606391	2.112827	1.811958909	0.05136517	0.019000432	 950 	0.1568	1.6552	0	0	0	0	0	1.9167	0	-156.1022	-156.1081	0	0	0	0	0	0	0	1.7595	0.020088581	9.31256184	1.8495	0.020745883	7.31076154	1.8628	0.020507222	5.22984364	1.8245	0.019359024	1.24473967	1.8059	0.018817065	-0.66387188	1.7877	0.01829521	-2.51930162
233_PUB_HTM	611801	57582RLS3	MUNI	IG-2	MASSACHUSETTS ST		5	46722	5000000	5000000	0	5048732.11	5038166.5	100.9746	100.76333	-10565.61	7/31/2026	Muni	100	Single	RFRSwap	4.399563	4.235971	0.440528423	-0.1465861	0.004475622	 224 	0.4106	0.0308	0	0	0	0	0	0.4056	0	-132.4845	-123.4885	0	0	0	0	0	0	0	0.1711	0.001763128	1.46031329	0.3014	0.003100118	1.26092722	0.3393	0.003478157	0.91184149	0.3367	0.003428119	0.22123377	0.3781	0.003836437	-0.12034601	0.6354	0.00641646	-0.61093493
233_PUB_HTM	611970	57582RLT1	MUNI	IG-2	MASSACHUSETTS ST		5	47088	5000000	5000000	0	5047678.15	5034734.5	100.9536	100.69469	-12943.65	7/31/2026	Muni	100	Single	RFRSwap	4.679326	4.561682	0.546796679	-0.2867847	0.005551518	 278 	0.3627	0.1435	0.0525	0	0	0	0	0.4916	0	-130.2488	-102.9318	0	0	0	0	0	0	0	0.1709	0.001760734	1.47303264	0.3012	0.003095927	1.27391665	0.339	0.003473478	0.9253017	0.3364	0.003423554	0.23561828	0.5326	0.005398298	-0.1757757	1.0933	0.010990321	-1.00435155
233_PUB_HTM	612702	57582RLU8	MUNI	IG-2	MASSACHUSETTS ST		5	47453	5000000	5000000	0	5046755.53	5032821	100.9351	100.65642	-13934.53	7/31/2026	Muni	100	Single	RFRSwap	4.782469	4.691585	0.679083824	-0.5948061	0.006892005	 345 	0.3488	0.0627	0.2075	0.0344	0	0	0	0.5429	0	-139.4411	-91.45545	0	0	0	0	0	0	0	0.1709	0.001760586	1.50783161	0.3011	0.003095667	1.30873237	0.339	0.003473188	0.96014663	0.3364	0.003423271	0.27052056	0.8184	0.008286741	-0.23924975	1.6325	0.016327968	-1.4734243
233_PUB_HTM	611282	57582RLV6	MUNI	IG-2	MASSACHUSETTS ST		5	47818	7000000	7000000	0	7064291.83	7043848.7	100.9185	100.62641	-20443.13	7/31/2026	Muni	100	Single	RFRSwap	4.836319	4.761232	0.842197239	-0.8112977	0.008544912	 598 	0.3427	0.0598	0.1511	0.1908	0	0	0	0.587	0	-147.622	-82.4485	0	0	0	0	0	0	0	0.1709	0.001760804	1.54294889	0.3012	0.00309605	1.343825	0.339	0.003473615	0.99519628	0.3823	0.003890429	0.30548582	1.1354	0.011476222	-0.38704622	2.1515	0.021393403	-2.02624899
233_PUB_HTM	611772	57582RLY0	MUNI	IG-2	MASSACHUSETTS ST		5	48914	3000000	3000000	0	3026765.1	3016908.9	100.8922	100.56363	-9856.2	7/31/2026	Muni	100	Single	RFRSwap	4.906455	4.852863	1.204285026	-1.271904	0.012211085	 366 	0.3866	0.101	0.1144	0.4388	0.28	0	0	1.0455	0	-168.5279	-63.58467	0	0	0	0	0	0	0	0.171	0.001761689	1.6264138	0.3013	0.0030976	1.42719003	0.3391	0.003475345	1.0783872	0.5873	0.005976108	0.35300396	2.1086	0.021185543	-0.92309649	3.7731	0.036791686	-3.88733233
233_PUB_HTM	612613	57582RVU7	MUNI	IG-2	MASSACHUSETTS ST		5	50041	1000000	1000000	0	1056871.23	1035701.9	105.6871	103.57019	-21169.33	7/31/2026	Muni	100	Single	RFRSwap	4.565037	4.31593	3.706319332	-0.9884675	0.038540851	 385 	0.0057	0.7787	0.9011	0.4864	1.5288	0.0567	0	3.7585	0	-120.4412	-72.85337	0	0	0	0	0	0	0	2.2299	0.026036022	12.7694121	2.3141	0.026421236	10.18717669	2.3457	0.02616265	7.54858627	3.7548	0.039571114	1.4023975	4.9626	0.050055373	-3.12171145	5.8879	0.056232966	-8.48091387
233_PUB_HTM	611645	57582RZP4	MUNI	IG-2	MASSACHUSETTS ST		4	50649	650000	650000	0	672456.87	636006.15	103.4549	97.8471	-36450.72	7/31/2026	Muni	100	Single	RFRSwap	4.229082	3.643715	6.315793037	-0.9472638	0.062850833	 409 	0.0002	-0.0013	0.8656	0.8297	3.8258	0.8257	0	6.7228	0	-81.7488	-19.11739	0	0	0	0	0	0	0	2.934	0.034704	18.76936851	2.9509	0.033898152	15.36031891	3.5259	0.039253343	11.81625153	6.5818	0.066240869	1.12907505	7.5114	0.070427664	-5.75216912	8.0316	0.069648072	-12.79612901
233_PUB_HTM	611973	577489GX9	MUNI	IG-2	MAUMEE OH CITY SCH DIST		0	47088	370000	370000	0	347273.14	341803.11	93.8576	92.37922	-5470.03	7/31/2026	Muni	100	Single	RFRSwap	3.426221	2.735312	2.282298803	0.07469143	0.021083698	 78 	-0.0507	1.5432	0.7898	0	0	0	0	2.3333	0	-74.8104	-74.81036	0	0	0	0	0	0	0	2.3922	0.024613591	10.5121156	2.3679	0.023790408	8.09225048	2.344	0.023002015	5.75294696	2.2974	0.0215226	1.30264044	2.2747	0.020828335	-0.81463426	2.2524	0.020162363	-2.86391059
233_PUB_HTM	612709	577625ZQ2	MUNI	IG-2	MAURY CNTY TN		3	47574	2580000	2580000	0	2580000	2530060.75	100	98.06437	-49939.25	7/31/2026	Muni	100	Single	RFRSwap	3.566995	2.99928	2.551332235	-0.8499679	0.025274612	 652 	0.1784	0.2594	1.4983	0.6193	0	0	0	2.435	0	-83.4405	-60.37782	0	0	0	0	0	0	0	0.0446	0.000451801	2.30592431	0.0787	0.000797803	2.2547175	0.0888	0.000898474	2.16471446	1.9081	0.019136231	1.22436715	2.9341	0.028686529	-1.29540161	3.1908	0.030245589	-4.27510159
233_PUB_HTM	612963	577625ZR0	MUNI	IG-2	MAURY CNTY TN		3	47939	1895000	1895000	0	1895000	1845384.92	100	97.38179	-49615.08	7/31/2026	Muni	100	Single	RFRSwap	3.614026	2.999426	3.210040331	-0.9640371	0.031580951	 598 	0.1392	0.2289	0.7755	2.1011	0	0	0	3.1653	0	-81.2677	-56.87696	0	0	0	0	0	0	0	0.0446	0.000451743	2.98659563	0.0787	0.000797701	2.93539538	0.0887	0.00089836	2.84540381	2.6992	0.02691582	1.33432383	3.7451	0.036114287	-1.95057759	4.0066	0.037155591	-5.6459433
233_PUB_HTM	612101	580773LF4	MUNI	IG-2	MCHENRY & KANE CNTYS IL CMNTYC		4	48945	1680000	1680000	0	1714878.13	1682879.69	102.0761	100.17141	-31998.44	7/31/2026	Muni	100	Single	RFRSwap	3.972662	3.67723	3.130641937	-1.237395	0.031464435	 529 	0.3268	0.5013	0.3054	1.2243	0.8302	0	0	2.9815	0	-122.4637	-29.00447	0	0	0	0	0	0	0	1.2858	0.013968196	8.12758937	1.381	0.014808786	6.72682302	1.4084	0.014891292	5.22826496	3.0085	0.030595461	1.19365274	4.2905	0.042060282	-2.47461456	5.0756	0.04746747	-6.98344686
233_PUB_HTM	611379	581170GT8	MUNI	IG-2	MCHENRY IL	0.506849315	2.35	46371	365000	185000	180034.06	185034.06	184658.21	100.0184	99.81525	-341.79	7/31/2026	Muni	100	Single	RFRSwap	2.843059	2.293259	0.357689232	-0.08755435	0.003581025	 7 	0.3577	0	0	0	0	0	0	0.3604	0	-109.0207	-108.5948	0	0	0	0	0	0	0	0.0446	0.000449108	0.52055868	0.0788	0.000793041	0.46965729	0.0889	0.000893106	0.3801917	0.1767	0.001772465	0.19001643	0.3725	0.003724549	-0.12885575	0.3728	0.003713256	-0.50163575
233_PUB_HTM	611571	581170GV3	MUNI	IG-2	MCHENRY IL	1	2.5	47102	325000	325000	0	325000	319686.06	100	98.36494	-5313.95	7/31/2026	Muni	100	Single	RFRSwap	3.4601	2.499142	1.572988987	-0.1672821	0.015522945	 50 	0.5362	0.7778	0.2578	0	0	0	0	1.5699	0	-74.8621	-70.67434	0	0	0	0	0	0	0	0.0446	0.000448345	1.95401807	0.0787	0.000791702	1.90320289	0.0887	0.000891606	1.81388797	1.3207	0.013160562	0.96363447	1.6297	0.015992459	-0.55079057	1.66	0.016023379	-2.15907995
233_PUB_HTM	611689	581170GX9	MUNI	IG-2	MCHENRY IL	1	2.7	47832	275000	275000	0	275000	264641.05	100	96.23311	-10358.95	7/31/2026	Muni	100	Single	RFRSwap	3.752477	2.69953	3.226702929	-0.3415615	0.031162886	 86 	0.0467	0.1583	1.7217	1.3123	0	0	0	3.2765	0	-50.9214	-42.46795	0	0	0	0	0	0	0	0.0445	0.000447903	4.08224844	0.0786	0.000790926	4.03148325	0.0886	0.000890738	3.94225561	3.0061	0.029483397	1.49996508	3.4316	0.032570105	-1.66669358	3.5023	0.032103702	-4.91308441
233_PUB_HTM	612349	581170GZ4	MUNI	IG-2	MCHENRY IL	1	2.8	48563	295000	295000	0	295000	278040.69	100	94.25108	-16959.31	7/31/2026	Muni	100	Single	RFRSwap	3.903881	2.799657	4.706455708	-0.3954597	0.04452724	 131 	0.0161	0.0941	0.2382	3.623	0.7481	0	0	4.8677	0	-41.7321	-31.36065	0	0	0	0	0	0	0	0.0445	0.000447755	6.06490412	0.0786	0.000790667	6.01415558	0.0886	0.00089045	5.92495697	4.5352	0.043684788	1.71587943	5.0263	0.046124466	-2.84323954	5.1157	0.044616122	-7.39472675
233_PUB_HTM	611357	584002VL0	MUNI	IG-2	MECKLENBURG CNTY NC		4	47574	5000000	5000000	0	5058902.1	5039048.5	101.178	100.78097	-19853.6	7/31/2026	Muni	100	Single	RFRSwap	3.768732	3.65263	1.173308611	-0.6700715	0.011981159	 599 	0.5699	0.1317	0.3506	0.1279	0	0	0	1.0326	0	-158.2952	-121.184	0	0	0	0	0	0	0	0.5873	0.006197495	3.41055637	0.6494	0.006811782	2.78273772	0.6646	0.006925507	2.08543819	0.8521	0.008756843	0.65016788	1.5711	0.01595588	-0.55334166	2.3069	0.022974469	-2.52392333
233_PUB_HTM	612596	584122UQ6	MUNI	IG-2	MEDFIELD MA		4	48472	610000	610000	0	610000	600773.51	100	98.48746	-9226.49	7/31/2026	Muni	100	Single	RFRSwap	4.282747	3.99932	2.957455873	-2.019112	0.029574137	 180 	0.234	0.2299	0.3097	1.778	0.4267	0	0	2.8094	0	-46.2922	6.09703	0	0	0	0	0	0	0	0.0445	0.00045347	1.93681324	0.0786	0.000800758	1.88541697	0.0886	0.000901813	1.79507999	1.8454	0.018660372	1.12001715	3.9845	0.039039969	-2.01838976	4.6586	0.043682013	-6.23163918
233_PUB_HTM	612433	584122WE1	MUNI	IG-2	MEDFIELD MA		4	47983	815000	815000	0	815000	815433.09	100	100.05314	433.09	7/31/2026	Muni	100	Single	RFRSwap	3.986587	3.998882	0.278971106	-1.188185	0.002814751	 23 	0.1037	0.029	0.0473	0.1195	0	0	0	0.2568	0	-157.0518	-77.33385	0	0	0	0	0	0	0	0.0318	0.000321882	0.31656115	0.0561	0.00056804	0.28008446	0.0633	0.000639795	0.21600176	0.0772	0.000779397	0.08845346	1.4225	0.014298954	-0.37747302	2.9736	0.029209828	-2.66757381
233_PUB_HTM	612043	584122WF8	MUNI	IG-2	MEDFIELD MA		4	48349	815000	815000	0	815000	815396.66	100	100.04867	396.66	7/31/2026	Muni	100	Single	RFRSwap	3.989561	3.999058	0.318860829	-1.443998	0.003217086	 26 	0.1041	0.0288	0.0327	0.1437	0.0243	0	0	0.2889	0	-164.3211	-69.96965	0	0	0	0	0	0	0	0.0318	0.000322015	0.32557417	0.0562	0.000568274	0.28908246	0.0633	0.000640056	0.22497349	0.0873	0.000881287	0.09737331	1.7385	0.017457934	-0.47077632	3.491	0.034110319	-3.18486595
233_PUB_HTM	612573	584122WG6	MUNI	IG-2	MEDFIELD MA		4	48714	815000	815000	0	815000	815366.99	100	100.04503	366.99	7/31/2026	Muni	100	Single	RFRSwap	3.991545	3.999181	0.387819022	-1.65871	0.003912686	 32 	0.1028	0.0287	0.0315	0.1395	0.0636	0	0	0.3098	0	-171.1801	-63.97064	0	0	0	0	0	0	0	0.0318	0.00032214	0.33350252	0.0562	0.000568494	0.29699662	0.0633	0.000640303	0.23286284	0.1143	0.001154209	0.10521367	2.1133	0.02117868	-0.67365186	4.0815	0.039586999	-3.89801924
233_PUB_HTM	611882	584122WH4	MUNI	IG-2	MEDFIELD MA		4	49079	320000	320000	0	320000	320131.01	100	100.04094	131.01	7/31/2026	Muni	100	Single	RFRSwap	3.993106	3.999273	0.460258335	-1.892599	0.004643334	 15 	0.1016	0.0284	0.0311	0.1277	0.1111	0	0	0.338	0	-177.2054	-57.22761	0	0	0	0	0	0	0	0.0318	0.000322251	0.34136096	0.0562	0.000568688	0.30484259	0.0633	0.00064052	0.24068701	0.1711	0.001728354	0.11299477	2.8306	0.028246565	-1.09437406	4.7743	0.045785293	-4.98603355
233_PUB_HTM	611537	585089MB8	MUNI	IG-2	MEDWAY MA		2.25	46798	380000	380000	0	380000	376050.55	100	98.96067	-3949.45	7/31/2026	Muni	100	Single	RFRSwap	2.945363	2.249699	1.329564095	-0.259523	0.013295398	 51 	0.6961	0.6299	0	0	0	0	0	1.3352	0	-127.0695	-122.2773	0	0	0	0	0	0	0	0.1465	0.001490369	1.74704265	0.1616	0.001641928	1.59554249	0.1658	0.001681869	1.42699749	0.9076	0.009149573	0.81042018	1.394	0.01387941	-0.43415843	1.4474	0.014205692	-1.85116635
233_PUB_HTM	611429	585089MC6	MUNI	IG-2	MEDWAY MA		2.35	47164	380000	380000	0	380000	370977.77	100	97.62573	-9022.23	7/31/2026	Muni	100	Single	RFRSwap	3.33276	2.349799	2.191585302	-0.2513859	0.021632994	 82 	0.0887	1.0875	1.0143	0	0	0	0	2.2266	0	-89.7916	-84.04771	0	0	0	0	0	0	0	0.1461	0.001486936	3.03623769	0.1613	0.001638234	2.88508436	0.1655	0.001678124	2.71691567	1.9196	0.019190913	1.26410606	2.2927	0.022429127	-0.88184037	2.3445	0.022407681	-3.1346228
233_PUB_HTM	611699	585089MD4	MUNI	IG-2	MEDWAY MA		2.5	47529	380000	380000	0	380000	365322.61	100	96.13753	-14677.39	7/31/2026	Muni	100	Single	RFRSwap	3.67365	2.499834	3.041945457	-0.2077522	0.029595179	 112 	0.0246	0.1462	2.1518	0.7207	0	0	0	3.1194	0	-55.4972	-49.92471	0	0	0	0	0	0	0	0.1458	0.001483956	4.49199764	0.1609	0.001635071	4.34114454	0.1651	0.001674931	4.17329688	2.872	0.028381394	1.5299961	3.1721	0.030399373	-1.45695762	3.2124	0.029815078	-4.47679288
233_PUB_HTM	611648	585089ME2	MUNI	IG-2	MEDWAY MA		2.6	47894	380000	380000	0	380000	361933.7	100	95.24571	-18066.3	7/31/2026	Muni	100	Single	RFRSwap	3.748646	2.599858	3.774549484	-0.2798231	0.036403492	 138 	0.0153	0.1116	1.0494	2.5997	0	0	0	3.8943	0	-50.956	-43.36664	0	0	0	0	0	0	0	0.1457	0.001483791	5.39269821	0.1608	0.001634958	5.24186061	0.165	0.001674836	5.07402259	3.6439	0.035713259	1.5642175	3.991	0.037629385	-2.15808168	4.0431	0.036615606	-5.88161829
233_PUB_HTM	611410	585089MF9	MUNI	IG-2	MEDWAY MA		2.7	48259	380000	380000	0	380000	359174.25	100	94.51954	-20825.75	7/31/2026	Muni	100	Single	RFRSwap	3.806591	2.699873	4.455251217	-0.3605197	0.042665511	 162 	0.0112	0.0955	0.2556	3.6824	0.4108	0	0	4.6129	0	-49.653	-39.94423	0	0	0	0	0	0	0	0.1456	0.001483947	6.1331344	0.1607	0.001635198	5.98227972	0.1649	0.0016751	5.81441531	4.2898	0.041816507	1.71459983	4.7383	0.044121731	-2.64692388	4.8215	0.04279444	-7.00688441
233_PUB_HTM	612026	586145P99	MUNI	IG-2	MEMPHIS TN		3.25	48700	1000000	1000000	0	1000000	973934.7	100	97.39347	-26065.3	7/31/2026	Muni	100	Single	RFRSwap	3.689131	3.249456	3.919789314	-1.619298	0.038494673	 385 	0.1652	0.2165	0.3269	2.2297	0.989	0	0	3.7609	0	-95.3663	-55.04647	0	0	0	0	0	0	0	0.0446	0.000451379	3.00863229	0.0788	0.000797054	2.95747345	0.0888	0.000897628	2.86755502	3.2162	0.032025587	1.36949623	4.9146	0.046888754	-2.7979796	5.4135	0.049023662	-7.64723655
233_PUB_HTM	612094	587059GT7	MUNI	IG-2	MENOMONEE FALLS WI SCH DIST		3	47939	2530000	2530000	0	2530000	2478524.37	100	97.96539	-51475.63	7/31/2026	Muni	100	Single	RFRSwap	3.475395	2.999426	2.935117245	-1.199321	0.029047502	 735 	0.1863	0.2443	0.7095	1.8331	0	0	0	2.8024	0	-103.0338	-70.74062	0	0	0	0	0	0	0	0.0446	0.000452325	2.42212769	0.0788	0.000798723	2.37086167	0.0888	0.000899506	2.28075507	2.258	0.022621104	1.21515075	3.5839	0.034816794	-1.81665746	3.9474	0.036914911	-5.44761071
233_PUB_HTM	612300	590485H76	MUNI	IG-2	MESA AZ		3	48030	2000000	2000000	0	2000000	1939463.6	100	96.97318	-60536.4	7/31/2026	Muni	100	Single	RFRSwap	3.678171	2.999659	3.472055674	-0.8734611	0.033756427	 675 	0.1238	0.2113	0.4806	2.6779	0	0	0	3.3828	0	-73.9735	-50.94273	0	0	0	0	0	0	0	0.0445	0.000448204	3.38803189	0.0787	0.000791453	3.33723271	0.0887	0.000891326	3.24794589	3.0336	0.029917803	1.39740338	3.9956	0.03799621	-2.12831139	4.2481	0.038753517	-5.99823164
233_PUB_HTM	612459	590485V54	MUNI	IG-2	MESA AZ		2	49491	500000	500000	0	449616.25	411782.45	89.9233	82.35649	-37833.8	7/31/2026	Muni	100	Single	RFRSwap	4.414953	3.314426	7.760046005	0.5848697	0.064038351	 320 	-0.0184	-0.0383	-0.079	1.6185	6.2617	0	0	8.4835	0	7.5938	9.94356	0	0	0	0	0	0	0	3.883	0.042316426	26.45481228	5.9995	0.062300146	21.31949288	7.3029	0.070855856	14.50135391	7.8165	0.065033965	0.67785923	7.7982	0.060009412	-5.57025821	7.7128	0.054921128	-11.31500279
233_PUB_HTM	612728	590485V70	MUNI	IG-2	MESA AZ	1	2	51318	520000	520000	0	432682.3	374985.99	83.2081	72.11269	-57696.31	7/31/2026	Muni	100	Single	RFRSwap	4.85217	3.587616	11.05517387	1.339611	0.079906084	 416 	-0.0169	-0.0355	-0.0887	-0.338	7.3758	4.1527	0	12.9122	0	35.107	36.99187	0	0	0	0	0	0	0	4.5777	0.049310017	35.43931169	9.2071	0.092444912	28.12693784	10.8714	0.09850122	18.32670957	11.1502	0.08086317	0.24209167	10.9934	0.071364775	-7.36336663	10.7854	0.062791325	-14.06045595
233_PUB_HTM	612745	591537XP5	MUNI	IG-2	METHUEN MA		3.75	48823	355000	355000	0	355000	355031.63	100	100.00891	31.63	7/31/2026	Muni	100	Single	RFRSwap	3.748163	3.749607	1.313696861	-2.34235	0.013343404	 47 	0.2971	0.112	0.1226	0.5359	0.2884	0	0	1.211	0	-169.0366	-50.31712	0	0	0	0	0	0	0	0.1691	0.001738862	1.28105812	0.2019	0.002073403	1.10154314	0.2113	0.0021654	0.88449103	0.5877	0.005992518	0.3942722	3.0883	0.030948577	-1.35991532	4.6548	0.044815242	-5.29299817
233_PUB_HTM	612185	591537XQ3	MUNI	IG-2	METHUEN MA		3.75	49188	645000	645000	0	645000	645011.16	100	100.00173	11.16	7/31/2026	Muni	100	Single	RFRSwap	3.7494	3.74965	1.40808773	-2.609578	0.014301134	 92 	0.2989	0.1138	0.1202	0.4541	0.48	0	0	1.3051	0	-177.1344	-53.38335	0	0	0	0	0	0	0	0.1691	0.001739872	1.30561237	0.202	0.002074601	1.12599341	0.2114	0.002166645	0.90881625	0.8065	0.008222094	0.38957548	3.7049	0.036925197	-1.89956057	5.3167	0.050571896	-6.44449756
233_PUB_HTM	611484	592240UR4	MUNI	IG-2	MET PARK DIST OF TACOMA WA		4	47818	1000000	1000000	0	1005662.09	1002336.4	100.5662	100.23364	-3325.69	7/31/2026	Muni	100	Single	RFRSwap	3.939725	3.855795	1.124231815	-0.9711035	0.011343533	 113 	0.3671	0.1214	0.3025	0.3689	0	0	0	0.9525	0	-167.5658	-62.96901	0	0	0	0	0	0	0	0.1713	0.001759074	1.76004037	0.3019	0.003092955	1.56111394	0.3398	0.003470076	1.21283691	0.6182	0.006266486	0.46459113	1.6803	0.016845334	-0.64688559	2.6758	0.026237905	-2.84544018
233_PUB_HTM	612679	592240US2	MUNI	IG-2	MET PARK DIST OF TACOMA WA		4	48183	1000000	1000000	0	1005529.86	1002293.1	100.553	100.22931	-3236.76	7/31/2026	Muni	100	Single	RFRSwap	3.950983	3.883311	1.252761245	-1.149622	0.012639857	 126 	0.3625	0.1192	0.1351	0.6209	0.0377	0	0	1.0303	0	-178.7043	-61.66042	0	0	0	0	0	0	0	0.1714	0.001760399	1.79526897	0.302	0.003095276	1.59619299	0.34	0.003472667	1.24765526	0.6704	0.006796469	0.48640256	2.0184	0.020202646	-0.8050556	3.228	0.031452108	-3.46032321
233_PUB_HTM	612197	592240UU7	MUNI	IG-2	MET PARK DIST OF TACOMA WA		5	48914	1000000	1000000	0	1009077.01	1006482.8	100.9077	100.64828	-2594.21	7/31/2026	Muni	100	Single	RFRSwap	4.892628	4.85034	1.124009609	-1.258289	0.011406631	 114 	0.3644	0.0791	0.0911	0.3667	0.2178	0	0	0.9458	0	-177.8588	-89.01303	0	0	0	0	0	0	0	0.1711	0.001763696	1.58862619	0.3015	0.003101113	1.38917603	0.3394	0.003479267	1.03997858	0.5054	0.005146148	0.33863649	1.8581	0.018707572	-0.8005385	3.5937	0.035185255	-3.57280242
233_PUB_HTM	611335	592240UV5	MUNI	IG-2	MET PARK DIST OF TACOMA WA		5	49279	1000000	1000000	0	1008952.65	1006285.1	100.8953	100.62851	-2667.55	7/31/2026	Muni	100	Single	RFRSwap	4.906212	4.86704	1.213854671	-1.402393	0.012315993	 123 	0.3893	0.0933	0.1074	0.3359	0.372	0	0	1.0906	0	-181.8221	-83.07899	0	0	0	0	0	0	0	0.1711	0.001763801	1.61084708	0.3015	0.003101296	1.41138508	0.3394	0.003479472	1.06216698	0.6297	0.006409744	0.32834254	2.3919	0.024011845	-1.07358834	4.2015	0.040781353	-4.39833974
233_PUB_HTM	612331	593201ZD1	MUNI	IG-2	MIAMI BEACH FL		3	48700	2000000	2000000	0	2007607.92	1893788.4	100.3804	94.68942	-113819.52	7/31/2026	Muni	100	Single	RFRSwap	3.901892	2.937013	5.155289173	-0.2569862	0.049201779	 984 	-0.0115	0.0445	0.4623	3.1802	1.4765	0	0	5.2799	0	-51.9269	-33.80757	0	0	0	0	0	0	0	2.581	0.028884249	16.47268704	2.6905	0.029340388	13.61396918	3.3585	0.035559472	10.43815355	5.041	0.048966993	1.69870257	5.405	0.049818337	-3.26812409	5.5576	0.048486266	-8.19582057
233_PUB_HTM	611456	59333FQH6	MUNI	IG-2	MIAMI-DADE CNTY FL		5	47665	705000	705000	0	705000	706168.11	100	100.16569	1168.11	7/31/2026	Muni	100	Single	RFRSwap	4.951739	4.998785	0.194183737	-0.3487822	0.001953146	 14 	0.1236	0.0199	0.0562	0.0335	0	0	0	0.1912	0	-95.1589	-81.63063	0	0	0	0	0	0	0	0.0446	0.000450279	0.38662878	0.0788	0.000795111	0.33559462	0.0888	0.000895441	0.24589533	0.0884	0.00088928	0.06742454	0.4155	0.004174178	-0.12591645	1.9616	0.019459773	-1.37948528
233_PUB_HTM	611281	59333FQJ2	MUNI	IG-2	MIAMI-DADE CNTY FL		5	48030	1295000	1295000	0	1295000	1297185.44	100	100.16876	2185.44	7/31/2026	Muni	100	Single	RFRSwap	4.959916	4.999009	0.215021536	-0.4056357	0.002162803	 28 	0.1231	0.0191	0.026	0.0825	0	0	0	0.2043	0	-102.6798	-85.22932	0	0	0	0	0	0	0	0.0446	0.000450479	0.39014526	0.0788	0.000795463	0.33908846	0.0888	0.000895835	0.24934955	0.0884	0.000889668	0.07080054	0.6708	0.006735995	-0.16649706	2.4366	0.02406127	-1.83458435
233_PUB_HTM	611253	5977492J8	MUNI	IG-2	MIDLAND TX		4	49004	1310000	1310000	0	1340712.18	1318094.1	102.3444	100.61787	-22618.08	7/31/2026	Muni	100	Single	RFRSwap	3.904665	3.64301	3.123193741	-1.180275	0.031945441	 418 	0.2755	0.6434	0.3069	1.123	0.8231	0	0	2.98	0	-134.3635	-56.89721	0	0	0	0	0	0	0	1.5276	0.016991973	8.94511317	1.5444	0.016918385	7.26149981	1.5513	0.016733015	5.57930414	3.0672	0.031740315	1.199469	4.2708	0.042587526	-2.56680921	5.0887	0.048406586	-7.15939386
233_PUB_HTM	612447	5977492K5	MUNI	IG-2	MIDLAND TX		4	49369	765000	765000	0	782511.85	768458.64	102.2891	100.45211	-14053.21	7/31/2026	Muni	100	Single	RFRSwap	3.937039	3.68612	3.393761873	-1.350517	0.034656681	 265 	0.2399	0.6195	0.3163	0.9575	1.3377	0	0	3.309	0	-136.9798	-46.07121	0	0	0	0	0	0	0	1.5279	0.017004408	9.17100673	1.5447	0.016930699	7.48616441	1.5586	0.016820194	5.8014666	3.4551	0.035673551	1.12896991	4.8191	0.047729637	-3.07603366	5.635	0.052944265	-8.16265536
233_PUB_HTM	612292	599496VP8	MUNI	IG-2	MILFORD MA		3	47969	1335000	1335000	0	1335000	1279710.71	100	95.85848	-55289.29	7/31/2026	Muni	100	Single	RFRSwap	3.964295	2.999365	3.745146513	-0.469156	0.03618129	 483 	0.0474	0.155	0.7396	2.8065	0	0	0	3.825	0	-33.8718	-21.90231	0	0	0	0	0	0	0	0.0445	0.000449369	4.46816113	0.0785	0.000793519	4.4172296	0.0885	0.000893664	4.32770914	3.5355	0.034689236	1.50930038	4.0659	0.038376842	-2.22144955	4.1691	0.037757467	-6.04388461
233_PUB_HTM	612721	599496VQ6	MUNI	IG-2	MILFORD MA		3	48335	400000	400000	0	400000	380086.04	100	95.02151	-19913.96	7/31/2026	Muni	100	Single	RFRSwap	3.976393	2.999468	4.440001011	-0.5207728	0.042522561	 170 	0.0335	0.1294	0.2937	3.447	0.5518	0	0	4.559	0	-36.6357	-23.37195	0	0	0	0	0	0	0	0.0445	0.000449442	5.30754649	0.0786	0.000793648	5.25660668	0.0885	0.000893808	5.16707173	4.2003	0.040951058	1.7236615	4.8033	0.0447325	-2.64206738	4.9372	0.043785561	-7.08708512
233_PUB_HTM	611965	599496VR4	MUNI	IG-2	MILFORD MA		3	48700	1400000	1400000	0	1400000	1322640.2	100	94.4743	-77359.8	7/31/2026	Muni	100	Single	RFRSwap	3.939655	2.99954	5.045306206	-0.6243596	0.048043575	 673 	0.029	0.1136	0.2616	3.1564	1.4965	0	0	5.2062	0	-45.8272	-30.03068	0	0	0	0	0	0	0	0.0445	0.000449686	5.86279156	0.0786	0.000794076	5.8118242	0.0886	0.000894288	5.72224107	4.8687	0.047161505	1.64221379	5.5414	0.050908618	-3.35402979	5.6976	0.049471933	-8.39531115
233_PUB_HTM	611711	599496VS2	MUNI	IG-2	MILFORD MA		3	49065	865000	865000	0	865000	811779.66	100	93.84736	-53220.34	7/31/2026	Muni	100	Single	RFRSwap	3.92801	2.999594	5.648247242	-0.6769747	0.05343093	 462 	0.0238	0.1043	0.2358	2.6389	2.6673	0	0	5.8485	0	-51.9533	-34.42313	0	0	0	0	0	0	0	0.0445	0.000449849	6.49508926	0.0786	0.000794362	6.44410352	0.0886	0.000894608	6.35448825	5.752	0.055015448	1.04895729	6.3555	0.057174027	-4.63748886	6.4703	0.054576848	-10.24780503
233_PUB_HTM	612033	600225LQ7	MUNI	IG-2	MILLBURN TWP NJ BRD OF EDU		2.5	47894	1250000	1250000	0	1242337.88	1182524.5	99.387	94.60196	-59813.38	7/31/2026	Muni	100	Single	RFRSwap	3.806016	2.644072	3.823403597	-0.1913103	0.036610901	 458 	0.0073	0.0933	1.0467	2.6727	0	0	0	3.913	0	-45.1594	-37.63323	0	0	0	0	0	0	0	0.5252	0.005423593	7.51147564	0.5376	0.005522718	6.96931774	1.0578	0.010794921	6.3005035	3.3839	0.032902364	1.47663541	3.7379	0.035060465	-1.95664161	3.8697	0.034938708	-5.46760057
233_PUB_HTM	611178	601090MC4	MUNI	IG-2	MILLIS MA		2.6	47529	160000	160000	0	160000	152656.88	100	95.41055	-7343.12	7/31/2026	Muni	100	Single	RFRSwap	4.003533	2.59982	3.128059387	-0.08679934	0.030220008	 48 	0.0022	0.0924	2.2594	0.7733	0	0	0	3.264	0	-20.0464	-16.93337	0	0	0	0	0	0	0	0.1455	0.001480732	5.17649612	0.1605	0.001631605	5.0259687	0.1647	0.001671419	4.85847404	3.0369	0.029813617	1.56304093	3.2052	0.030490061	-1.48240869	3.2122	0.029590214	-4.49157761
233_PUB_HTM	612437	601090MD2	MUNI	IG-2	MILLIS MA		2.75	47894	280000	280000	0	280000	265087.48	100	94.6741	-14912.52	7/31/2026	Muni	100	Single	RFRSwap	4.045987	2.749841	3.848882198	-0.1703499	0.036927007	 103 	0.0031	0.0818	1.0482	2.718	0	0	0	4.0365	0	-19.0395	-13.62617	0	0	0	0	0	0	0	0.1454	0.001481059	5.93590638	0.1604	0.001632066	5.78534389	0.1661	0.001686799	5.61779916	3.7694	0.03675862	1.57725915	4.0119	0.037616216	-2.18111257	4.0344	0.036332451	-5.88616668
233_PUB_HTM	611700	601090ME0	MUNI	IG-2	MILLIS MA		2.75	48259	280000	280000	0	280000	261148.22	100	93.26722	-18851.78	7/31/2026	Muni	100	Single	RFRSwap	4.121802	2.749868	4.64610672	-0.1221083	0.0439221	 123 	-0.0077	0.0427	0.176	3.9787	0.4528	0	0	4.941	0	-13.8516	-8.416785	0	0	0	0	0	0	0	0.1453	0.001480547	7.33417353	0.1604	0.001631505	7.183663	0.1823	0.001851461	7.0161758	4.5718	0.044017658	1.74530559	4.816	0.044225655	-2.70530719	4.8361	0.042314131	-7.03967963
233_PUB_HTM	612443	601090MF7	MUNI	IG-2	MILLIS MA		2.75	48625	280000	280000	0	280000	257248.94	100	91.87462	-22751.06	7/31/2026	Muni	100	Single	RFRSwap	4.182993	2.749887	5.420258045	-0.05736699	0.050485734	 141 	-0.0119	0.0202	0.1176	3.7422	1.5572	0	0	5.848	0	-10.8079	-5.302235	0	0	0	0	0	0	0	0.1453	0.001480246	8.72172173	0.1604	0.001631175	8.57124167	0.2135	0.002167709	8.40378819	5.3812	0.051072545	1.76697158	5.6118	0.05039385	-3.34264914	5.619	0.047699191	-8.25385596
233_PUB_HTM	612309	601090MZ3	MUNI	IG-2	MILLIS MA		3	48427	390000	390000	0	390000	369859.19	100	94.83569	-20140.81	7/31/2026	Muni	100	Single	RFRSwap	3.975949	3	4.587623596	-0.5158026	0.04419519	 172 	0.0298	0.1204	0.2846	3.3964	0.77	0	0	4.7871	0	-37.5351	-24.30166	0	0	0	0	0	0	0	0.1263	0.001288597	5.69773033	0.126	0.001283648	5.56911838	0.1256	0.001278731	5.44099972	4.3579	0.042754281	1.77177821	4.9551	0.046364736	-2.76563373	5.0871	0.045259673	-7.36625879
233_PUB_HTM	612231	601090NA7	MUNI	IG-2	MILLIS MA		3	48792	610000	610000	0	610000	575496.94	100	94.34376	-34503.06	7/31/2026	Muni	100	Single	RFRSwap	3.932205	3	5.178772449	-0.6163754	0.049635302	 303 	0.0266	0.1101	0.2548	3.0325	1.761	0	0	5.4236	0	-47.6261	-31.71894	0	0	0	0	0	0	0	0.1264	0.001289415	6.20242567	0.126	0.001284459	6.07373226	0.1257	0.001279535	5.94553285	5.0604	0.049277849	1.53499035	5.7086	0.052629471	-3.65020092	5.8448	0.050848957	-8.84489104
233_PUB_HTM	612261	602366UC8	MUNI	IG-2	MILWAUKEE WI		4	47192	500000	500000	0	500000	500272.85	100	100.05457	272.85	7/31/2026	Muni	100	Single	RFRSwap	3.976403	3.998515	0.413985521	-0.9953882	0.004204672	 21 	0.1816	0.1352	0.1213	0	0	0	0	0.2901	0	-115.3207	-55.65664	0	0	0	0	0	0	0	0.0446	0.000455324	0.4306953	0.0789	0.000804015	0.37908951	0.0889	0.000905462	0.28838602	0.1011	0.001027491	0.10791885	0.8471	0.008582075	-0.25966486	1.8148	0.018128945	-1.6723208
233_PUB_HTM	611679	602366UD6	MUNI	IG-2	MILWAUKEE WI		4	47557	500000	500000	0	500000	500193.35	100	100.03867	193.35	7/31/2026	Muni	100	Single	RFRSwap	3.987336	3.998904	0.539594173	-1.224767	0.005479567	 27 	0.1972	0.0832	0.2307	0.0872	0	0	0	0.562	0	-127.2568	-37.17102	0	0	0	0	0	0	0	0.0447	0.000455646	0.45716699	0.0789	0.000804581	0.40552481	0.089	0.000906096	0.31475766	0.1167	0.001187153	0.13416481	1.2348	0.01249095	-0.38966885	2.4092	0.023908336	-2.31107407
233_PUB_HTM	612036	602737PT9	MUNI	IG-2	MINEOLA NY		2	50055	720000	720000	0	622547.84	569676.67	86.465	79.12176	-52871.17	7/31/2026	Muni	100	Single	RFRSwap	4.528797	3.561777	8.917240143	0.7776601	0.070634037	 509 	-0.0247	-0.037	-0.0805	-0.223	8.8532	0.4251	0	9.8634	0	12.6148	15.40044	0	0	0	0	0	0	0	2.3476	0.024832217	26.56633403	5.5328	0.056499489	22.90722122	8.0813	0.076882198	15.92550733	8.938	0.071443252	0.72097136	8.9173	0.065183625	-6.11290382	8.8222	0.059012964	-12.31938666
233_PUB_HTM	611851	602737PU6	MUNI	IG-2	MINEOLA NY		2	50420	730000	730000	0	623342.28	560645.18	85.3894	76.80071	-62697.1	7/31/2026	Muni	100	Single	RFRSwap	4.632547	3.564595	9.669260979	0.9496622	0.074346557	 543 	-0.0243	-0.0368	-0.0854	-0.2778	8.5802	1.5088	0	10.9041	0	19.3767	22.00505	0	0	0	0	0	0	0	2.3939	0.025278682	28.7056097	6.3885	0.064818427	24.57144778	8.9582	0.083911814	16.78131641	9.7098	0.075188473	0.54601364	9.651	0.067832433	-6.60453405	9.5282	0.060846508	-13.02988043
233_PUB_HTM	611627	602737PV4	MUNI	IG-2	MINEOLA NY		2	50785	750000	750000	0	630905.49	552405.3	84.1207	73.65404	-78500.19	7/31/2026	Muni	100	Single	RFRSwap	4.841294	3.592464	10.41159821	1.18007	0.076778173	 576 	-0.0236	-0.0359	-0.0889	-0.3349	8.1074	2.7859	0	11.9936	0	37.2815	39.15319	0	0	0	0	0	0	0	2.5468	0.026770255	31.37211304	7.7495	0.077538736	26.31323494	10.0315	0.091525555	17.49565472	10.4829	0.077672228	0.35129641	10.3586	0.069154873	-6.98241884	10.1891	0.061380919	-13.50115987
233_PUB_HTM	611579	602737PW2	MUNI	IG-2	MINEOLA NY		2	51150	760000	760000	0	629791.88	535493.04	82.8674	70.45961	-94298.85	7/31/2026	Muni	100	Single	RFRSwap	5.051967	3.619606	11.11082459	1.387739	0.078385197	 596 	-0.0228	-0.0346	-0.0881	-0.3652	7.3887	4.2326	0	13.0919	0	55.4143	56.7561	0	0	0	0	0	0	0	2.9082	0.030424226	34.06695844	9.2302	0.090772063	27.7936357	11.043	0.097830892	18.04245571	11.1979	0.079251625	0.22528295	11.0152	0.069762453	-7.215317	10.7979	0.061319776	-13.76004039
233_PUB_HTM	611843	602737PX0	MUNI	IG-2	MINEOLA NY		2	51516	780000	780000	0	635942.42	524011.41	81.5311	67.18095	-111931.01	7/31/2026	Muni	100	Single	RFRSwap	5.272748	3.656177	11.76648331	1.61052	0.079152942	 617 	-0.0217	-0.0329	-0.0847	-0.3706	6.436	5.8354	0	14.1598	0	74.7156	75.6429	0	0	0	0	0	0	0	3.6542	0.038013373	36.75684172	10.7414	0.103354223	28.95099984	11.9744	0.102595665	18.40927709	11.8635	0.079959407	0.12991777	11.623	0.069657646	-7.338958	11.3561	0.060671005	-13.84396178
233_PUB_HTM	611585	602737PY8	MUNI	IG-2	MINEOLA NY		2	51881	645000	645000	0	514369.29	421845.48	79.7472	65.4024	-92523.81	7/31/2026	Muni	100	Single	RFRSwap	5.309024	3.736829	12.38332367	1.796758	0.081099987	 523 	-0.0211	-0.0319	-0.0823	-0.3628	5.3387	7.5364	0	15.1188	0	75.5249	76.5591	0	0	0	0	0	0	0	4.0219	0.041806664	38.45722185	11.4945	0.109749369	29.98885965	12.6664	0.106916085	18.91825138	12.4845	0.081817113	0.04386687	12.2087	0.070715487	-7.56901223	11.8983	0.06109279	-14.14556902
233_PUB_HTM	611447	60375BEN2	MUNI	IG-2	MINNEAPOLIS MN		4	48549	1000000	1000000	0	1005993.53	1002600.8	100.5994	100.26008	-3392.73	7/31/2026	Muni	100	Single	RFRSwap	3.952396	3.891535	1.326677799	-1.319193	0.013389727	 134 	0.3619	0.1168	0.127	0.5905	0.1741	0	0	1.1291	0	-191.5748	-70.95647	0	0	0	0	0	0	0	0.1716	0.001762576	1.81520796	0.3022	0.003099087	1.61588639	0.3402	0.003476921	1.26692058	0.7078	0.007178568	0.498085	2.2614	0.02261422	-0.92782778	3.6707	0.035607789	-3.92241645
233_PUB_HTM	612421	60375BEP7	MUNI	IG-2	MINNEAPOLIS MN		4	48914	2000000	2000000	0	2011786.59	2004659.6	100.5893	100.23298	-7126.99	7/31/2026	Muni	100	Single	RFRSwap	3.962389	3.906127	1.459691048	-1.509647	0.014728231	 295 	0.3559	0.1145	0.1232	0.5393	0.3405	0	0	1.2128	0	-195.8237	-62.76954	0	0	0	0	0	0	0	0.1716	0.001763774	1.87021313	0.3023	0.003101185	1.67075634	0.3404	0.003479264	1.32155483	0.8909	0.009032915	0.4888763	2.7708	0.02759032	-1.32333931	4.3177	0.041467909	-4.85885355
233_PUB_HTM	612797	60375BEQ5	MUNI	IG-2	MINNEAPOLIS MN		4	49279	2000000	2000000	0	2011396.26	2003270.6	100.5698	100.16353	-8125.66	7/31/2026	Muni	100	Single	RFRSwap	3.976132	3.918581	1.649859548	-1.839156	0.016635567	 333 	0.3482	0.1069	0.1226	0.4514	0.5543	0	0	1.3097	0	-194.904	-41.76643	0	0	0	0	0	0	0	0.1717	0.001764406	1.95438508	0.3024	0.003102293	1.75485693	0.3404	0.0034805	1.40553102	1.1963	0.012120948	0.49183107	3.3992	0.033671875	-1.77243782	4.9277	0.046787973	-5.88147865
233_PUB_HTM	612756	603790JM9	MUNI	IG-2	MINNEAPOLIS MN SPL SCH DIST #1		5	46784	1000000	1000000	0	1014531.88	1011383.8	101.4532	101.13838	-3148.08	7/31/2026	Muni	100	Single	RFRSwap	4.208916	3.992268	0.541550756	-0.06644627	0.005612544	 56 	0.5142	0.027	0	0	0	0	0	0.5371	0	-133.1736	-129.8831	0	0	0	0	0	0	0	0.5043	0.005349309	2.43608003	0.5016	0.005294477	1.9038987	0.499	0.005240483	1.37715852	0.4938	0.005134944	0.33967113	0.5322	0.005505949	-0.17986451	0.7309	0.007515438	-0.81859498
233_PUB_HTM	611263	60412AGE7	MUNI	IG-2	MINNESOTA ST		3	48792	4000000	4000000	0	4000000	3774436.4	100	94.36091	-225563.6	7/31/2026	Muni	100	Single	RFRSwap	3.929283	3	5.174615383	-0.6216093	0.049604334	 1,984 	0.027	0.1106	0.2558	3.029	1.7581	0	0	5.4236	0	-48.0052	-32.01121	0	0	0	0	0	0	0	0.1264	0.001289446	6.18575537	0.126	0.00128449	6.0570589	0.1257	0.001279565	5.92885646	5.0554	0.049237639	1.53496729	5.7062	0.05261803	-3.64840229	5.8441	0.050853796	-8.84306766
233_PUB_HTM	612567	60412AKE2	MUNI	IG-2	MINNESOTA ST		3	47757	7290000	7290000	0	7345991.61	7142601.3	100.7681	97.97807	-203390.3	7/31/2026	Muni	100	Single	RFRSwap	3.525273	2.802801	2.910294056	-0.6371807	0.02880553	 2,100 	0.1872	0.2978	1.2016	1.241	0	0	0	2.8314	0	-91.8046	-65.06192	0	0	0	0	0	0	0	1.0891	0.01159607	7.49422768	1.1436	0.012044001	6.33491401	1.2176	0.01267416	5.11359473	2.577	0.025860278	1.37052329	3.1229	0.03044478	-1.48773722	3.4062	0.032133311	-4.64066835
233_PUB_HTM	611167	60412ALK7	MUNI	IG-2	MINNESOTA ST		5	49218	10000000	10000000	0	10315348.75	10205257	103.1535	102.05257	-110091.75	7/31/2026	Muni	100	Single	RFRSwap	4.693563	4.532755	1.988972187	-1.042026	0.020629467	 2,063 	0.6472	0.3294	0.162	0.465	0.4664	0	0	1.9229	0	-135.2691	-94.45129	0	0	0	0	0	0	0	1.0765	0.011810688	5.99387383	1.1311	0.012276446	4.81292006	1.1392	0.012223327	3.57719745	1.7585	0.018396605	0.89722292	3.1355	0.032019816	-1.59846848	4.3677	0.042951431	-5.38101263
233_PUB_HTM	612376	60412ALL5	MUNI	IG-2	MINNESOTA ST		5	49583	10000000	10000000	0	10314465.68	10195773	103.1447	101.95773	-118692.68	7/31/2026	Muni	100	Single	RFRSwap	4.733394	4.575287	2.145357132	-1.161609	0.022231132	 2,223 	0.6308	0.3159	0.1629	0.3815	0.7077	0	0	2.0452	0	-134.9942	-86.23109	0	0	0	0	0	0	0	1.0765	0.011808925	6.07753542	1.1311	0.012274625	4.89675743	1.1392	0.012221524	3.66121756	1.9052	0.019918915	0.92312385	3.4641	0.035273686	-1.79782905	4.8167	0.047036927	-5.96956043
233_PUB_HTM	611206	60412AMC4	MUNI	IG-2	MINNESOTA ST		3	48122	5700000	5700000	0	5740222.74	5534197.26	100.7057	97.09118	-206025.48	7/31/2026	Muni	100	Single	RFRSwap	3.621741	2.851639	3.590166569	-0.7370052	0.035216369	 2,007 	0.1307	0.2515	0.3847	2.7514	0.0876	0	0	3.5321	0	-83.8969	-57.31352	0	0	0	0	0	0	0	1.0888	0.011583863	8.30386996	1.1433	0.012031397	7.14577327	1.2739	0.013248478	5.91066008	3.2208	0.032061841	1.45545274	3.8656	0.037126105	-2.05000905	4.1722	0.038483918	-5.85227319
233_PUB_HTM	611242	60412AMD2	MUNI	IG-2	MINNESOTA ST		3	48488	5700000	5700000	0	5737336.49	5452227.27	100.655	95.65311	-285109.21	7/31/2026	Muni	100	Single	RFRSwap	3.796702	2.882876	4.4226408	-0.6957362	0.042746197	 2,437 	0.0686	0.1833	0.324	3.0476	0.8209	0	0	4.4192	0	-65.2144	-42.72206	0	0	0	0	0	0	0	1.0876	0.011544796	9.4945161	1.1421	0.01199105	8.34031477	1.4065	0.014590599	7.08241448	3.9748	0.039073192	1.64950802	4.6454	0.043717381	-2.54406673	4.9515	0.044403005	-6.9768506
233_PUB_HTM	611377	60412AME0	MUNI	IG-2	MINNESOTA ST		3	48853	5700000	5700000	0	5730115.85	5392355.04	100.5283	94.60272	-337760.81	7/31/2026	Muni	100	Single	RFRSwap	3.86904	2.917399	5.118597984	-0.6839874	0.04893519	 2,789 	0.0463	0.1438	0.2762	2.8243	1.8331	0	0	5.2178	0	-60.867	-38.5701	0	0	0	0	0	0	0	1.0874	0.011536856	10.4945913	1.1427	0.011991698	9.34118163	1.6255	0.016843768	8.01968055	4.7657	0.046230346	1.40281217	5.453	0.050234761	-3.47881361	5.7261	0.049872402	-8.50674865
233_PUB_HTM	612821	60412AMF7	MUNI	IG-2	MINNESOTA ST		3	49218	5700000	5700000	0	5724543.3	5335824.15	100.4306	93.61095	-388719.15	7/31/2026	Muni	100	Single	RFRSwap	3.92139	2.939968	5.789224148	-0.6759369	0.054772399	 3,122 	0.0269	0.1187	0.248	2.2945	3.1178	0	0	5.9759	0	-59.1577	-36.60387	0	0	0	0	0	0	0	1.0873	0.011533719	11.46647906	1.1462	0.012026431	10.31337857	1.968	0.020365296	8.87246304	5.5848	0.053367879	0.9478611	6.2157	0.055963341	-4.5752741	6.4807	0.054742657	-10.14124342
233_PUB_HTM	611767	60412AMG5	MUNI	IG-2	MINNESOTA ST		3	49583	5700000	5700000	0	5723631.79	5276379.42	100.4146	92.56806	-447252.37	7/31/2026	Muni	100	Single	RFRSwap	3.974926	2.947749	6.449007988	-0.5770028	0.060342118	 3,440 	0.0195	0.0923	0.2086	1.4658	4.6628	0	0	6.7822	0	-57.3032	-34.64052	0	0	0	0	0	0	0	1.0872	0.011530315	12.48779671	1.1492	0.012055952	11.33492122	2.1808	0.022547508	9.8248631	6.1945	0.058582447	1.00307335	6.8689	0.060821284	-5.0226697	7.1156	0.058735989	-11.02252748
233_PUB_HTM	612491	60412AUF8	MUNI	IG-2	MINNESOTA ST		2	48427	2600000	2600000	0	2448496.24	2289220.44	94.1729	88.04694	-159275.8	7/31/2026	Muni	100	Single	RFRSwap	4.280037	3.070815	5.38653183	0.2932326	0.047965419	 1,247 	-0.0169	-0.0393	-0.0511	4.3992	1.0928	0	0	5.8265	0	4.7388	5.997995	0	0	0	0	0	0	0	3.9151	0.043151535	21.17136897	4.3477	0.04602192	16.80649234	5.0156	0.050644025	11.92625914	5.3726	0.048827443	1.83567515	5.3673	0.046227362	-2.91987219	5.3283	0.043500524	-7.4057056
233_PUB_HTM	611360	60412AUG6	MUNI	IG-2	MINNESOTA ST		2	48792	7600000	7600000	0	7050094.31	6533479.08	92.7644	85.96683	-516615.23	7/31/2026	Muni	100	Single	RFRSwap	4.346714	3.160316	6.192454815	0.3736147	0.053853817	 4,093 	-0.0165	-0.0388	-0.0664	3.783	2.5306	0	0	6.7389	0	7.967	9.551264	0	0	0	0	0	0	0	3.9295	0.043259997	23.12460649	4.8898	0.051570524	18.49962272	5.8005	0.05794888	12.93586608	6.2167	0.054975741	1.46604816	6.2	0.051526602	-3.85891842	6.1461	0.048020341	-8.83480591
233_PUB_HTM	612049	604543CX4	MUNI	IG-2	MINUTEMAN MA REGL VOTECH SCH D		4	48867	1650000	1650000	0	1655028.9	1652920.34	100.3048	100.17699	-2108.56	7/31/2026	Muni	100	Single	RFRSwap	3.970748	3.950218	1.041938305	-1.749058	0.010560541	 174 	0.2435	0.0594	0.0662	0.3045	0.1769	0	0	0.7023	0	-193.2588	-74.59563	0	0	0	0	0	0	0	0.1055	0.001080894	1.12650498	0.187	0.001914517	1.00391351	0.211	0.002154711	0.78793438	0.5214	0.005301265	0.31808292	2.5539	0.025594302	-1.13730286	4.2542	0.041156322	-4.61154861
233_PUB_HTM	612875	604543CZ9	MUNI	IG-2	MINUTEMAN MA REGL VOTECH SCH D		4	49597	1650000	1650000	0	1654938.34	1652333.76	100.2993	100.14144	-2604.58	7/31/2026	Muni	100	Single	RFRSwap	3.980873	3.960263	1.297419906	-2.401746	0.013145357	 217 	0.2392	0.0531	0.0629	0.2038	0.5413	0	0	0.8087	0	-196.137	-57.25634	0	0	0	0	0	0	0	0.1055	0.001081958	1.19136577	0.1872	0.001916391	1.06865401	0.2111	0.00215681	0.85246394	0.7888	0.008016841	0.3158009	3.5096	0.034946639	-1.74607209	5.3158	0.050559793	-6.20690828
233_PUB_HTM	612368	605581HS9	MUNI	IG-2	MISSISSIPPI ST		5	47453	5250000	5250000	0	5301695.26	5290004.48	100.9847	100.76199	-11690.79	7/31/2026	Muni	100	Single	RFRSwap	2.671412	2.009369	0.335841537	0.002415217	0.003411993	 179 	0.3358	0	0	0	0	0	0	0.3333	0	-123.0872	-123.0875	0	0	0	0	0	0	0	0.1711	0.001763068	1.46026441	0.3014	0.003100014	1.26088505	0.3393	0.00347804	0.91181101	0.3367	0.003428006	0.22122628	0.3354	0.003403417	-0.12034222	0.3341	0.003379108	-0.45946591
233_PUB_HTM	611183	605581HU4	MUNI	IG-2	MISSISSIPPI ST		5	48183	500000	500000	0	504923.36	503809.95	100.9847	100.76199	-1113.41	7/31/2026	Muni	100	Single	RFRSwap	2.671412	2.009369	0.335841596	0.002415204	0.003411993	 17 	0.3358	0	0	0	0	0	0	0.3333	0	-123.0872	-123.0875	0	0	0	0	0	0	0	0.1711	0.001763068	1.46026445	0.3014	0.003100014	1.26088509	0.3393	0.00347804	0.91181106	0.3367	0.003428006	0.22122629	0.3354	0.003403418	-0.12034223	0.3341	0.003379109	-0.45946594
233_PUB_HTM	612096	605581HV2	MUNI	IG-2	MISSISSIPPI ST		5	48549	7000000	7000000	0	7068927.01	7053339.3	100.9847	100.76199	-15587.71	7/31/2026	Muni	100	Single	RFRSwap	2.671412	2.009369	0.335841626	0.002415199	0.003411994	 239 	0.3358	0	0	0	0	0	0	0.3333	0	-123.0873	-123.0875	0	0	0	0	0	0	0	0.1711	0.001763068	1.46026448	0.3014	0.003100014	1.26088512	0.3393	0.00347804	0.91181108	0.3367	0.003428006	0.2212263	0.3354	0.003403418	-0.12034224	0.3341	0.003379109	-0.45946596
233_PUB_HTM	611862	605581HW0	MUNI	IG-2	MISSISSIPPI ST		5	48914	2000000	2000000	0	2019754.89	2015239.8	100.9877	100.76199	-4515.09	7/31/2026	Muni	100	Single	RFRSwap	2.671412	2.000471	0.335841626	0.002415193	0.003411994	 68 	0.3358	0	0	0	0	0	0	0.3333	0	-123.0873	-123.0875	0	0	0	0	0	0	0	0.1711	0.001763068	1.46026451	0.3014	0.003100014	1.26088515	0.3393	0.00347804	0.9118111	0.3367	0.003428006	0.22122631	0.3354	0.003403418	-0.12034224	0.3341	0.003379109	-0.45946598
233_PUB_HTM	611583	605581HX8	MUNI	IG-2	MISSISSIPPI ST		5	49279	5000000	5000000	0	5049464.83	5038099.5	100.9893	100.76199	-11365.33	7/31/2026	Muni	100	Single	RFRSwap	2.671412	1.995725	0.335841656	0.002415188	0.003411994	 171 	0.3358	0	0	0	0	0	0	0.3333	0	-123.0873	-123.0875	0	0	0	0	0	0	0	0.1711	0.001763068	1.46026453	0.3014	0.003100014	1.26088517	0.3393	0.00347804	0.91181112	0.3367	0.003428006	0.22122631	0.3354	0.003403418	-0.12034225	0.3341	0.003379109	-0.459466
233_PUB_HTM	611855	606020Y82	MUNI	IG-2	MISSOURI CITY TX		4	49110	1810000	1810000	0	1810000	1810101.18	100	100.00559	101.18	7/31/2026	Muni	100	Single	RFRSwap	3.998604	3.999438	0.874218822	-2.508398	0.008787359	 159 	0.1235	0.0335	0.0403	0.2235	0.1926	0	0	0.4432	0	-166.3427	-27.58781	0	0	0	0	0	0	0	0.0448	0.000452219	0.52309056	0.0791	0.000798521	0.47183707	0.0891	0.000899261	0.38175408	0.3588	0.003612159	0.16244765	3.2521	0.032206967	-1.48176329	4.9906	0.047368608	-5.60188736
233_PUB_HTM	611977	60843PDM8	MUNI	IG-2	MOKENA IL CMNTY PARK DIST		3.5	48578	405000	405000	0	405000	391069.21	100	96.5603	-13930.79	7/31/2026	Muni	100	Single	RFRSwap	4.114962	3.499631	4.167473793	-1.18639	0.040362801	 163 	0.117	0.1962	0.3288	2.6448	0.8946	0	0	4.1397	0	-40.8522	-11.70485	0	0	0	0	0	0	0	0.0458	0.000461462	3.82724842	0.081	0.000815429	3.77493672	0.0914	0.000918407	3.68293628	3.6335	0.035752278	1.54341674	4.8898	0.046032682	-2.71096726	5.2502	0.046962585	-7.40345266
233_PUB_HTM	612732	60843PDN6	MUNI	IG-2	MOKENA IL CMNTY PARK DIST		3.5	48943	420000	420000	0	420000	399494.26	100	95.11768	-20505.74	7/31/2026	Muni	100	Single	RFRSwap	4.274692	3.499675	5.074815273	-0.9764975	0.048418481	 203 	0.064	0.1508	0.2868	2.5947	1.9902	0	0	5.2047	0	-21.9536	1.189342	0	0	0	0	0	0	0	0.0458	0.000460946	5.25289259	0.081	0.000814521	5.20063927	0.0913	0.00091739	5.10874098	4.9676	0.048012201	1.24038073	5.8696	0.053679913	-3.95584514	6.0832	0.052390054	-9.28657114
233_PUB_HTM	612694	60843PDP1	MUNI	IG-2	MOKENA IL CMNTY PARK DIST		3.5	49308	435000	435000	0	435000	407527.58	100	93.6845	-27472.42	7/31/2026	Muni	100	Single	RFRSwap	4.405823	3.499709	5.898188114	-0.7481083	0.055428907	 241 	0.0332	0.1119	0.2369	2.1045	3.4272	0	0	6.2608	0	-8.5209	11.06913	0	0	0	0	0	0	0	0.0458	0.00046058	6.67401815	0.0809	0.000813877	6.62180623	0.0912	0.000916668	6.52998043	6.0213	0.057136256	0.91394293	6.6717	0.059349213	-5.01887796	6.8238	0.056726284	-10.84568738
233_PUB_HTM	611657	609677DX4	MUNI	IG-2	MONMOUTH NJ REGL HIGH SCH DIST		3	48976	245000	245000	0	245221.76	233206.12	100.0905	95.18617	-12015.64	7/31/2026	Muni	100	Single	RFRSwap	3.742067	2.986442	5.061090469	-0.999638	0.048933744	 120 	0.0587	0.1633	0.2958	2.5309	2.0576	0	0	5.1559	0	-79.5914	-52.57566	0	0	0	0	0	0	0	0.5086	0.00528846	7.29391873	0.506	0.005234294	6.76778889	0.6362	0.006547915	6.23387237	4.4639	0.043679826	1.1658779	5.3907	0.050171867	-3.61500024	5.7568	0.05065586	-8.69249562
233_PUB_HTM	611157	609677DY2	MUNI	IG-2	MONMOUTH NJ REGL HIGH SCH DIST		3	49341	1755000	1755000	0	1756446.48	1649361.64	100.0824	93.98072	-107084.84	7/31/2026	Muni	100	Single	RFRSwap	3.836595	2.98895	5.816828251	-0.8751439	0.055539496	 975 	0.0347	0.1232	0.2504	1.9891	3.4298	0	0	6.0164	0	-71.6188	-46.40693	0	0	0	0	0	0	0	0.5084	0.005283652	8.45277752	0.5057	0.00522956	7.92712476	0.8326	0.008562692	7.36256308	5.3432	0.051524758	0.95039928	6.1571	0.056016207	-4.50240601	6.4992	0.055488564	-10.10272045
233_PUB_HTM	611292	611815CQ2	MUNI	IG-2	MONTAGUE MA	0.37037037	4	46327	67500	25000	0	24969.51	24993.31	99.878	99.97323	23.79	7/31/2026	Muni	100	Single	RFRSwap	4.067494	4.448938	0.184829935	-0.1838035	0.001866288	 0 	0.1848	0	0	0	0	0	0	0.2122	0	16.3386	20.80525	0	0	0	0	0	0	0	0.0443	0.000449533	0.39579424	0.0783	0.000793821	0.34484367	0.0883	0.000894017	0.25528852	0.0946	0.000956331	0.07709558	0.2361	0.002381633	-0.08354894	0.2504	0.00252032	-0.33387016
233_PUB_HTM	611495	612289SF6	MUNI	IG-2	MONTEBELLO CA UNIF SCH DIST		5	48427	1000000	1000000	0	1000000	1000991.8	100	100.09918	991.8	7/31/2026	Muni	100	Single	RFRSwap	4.980674	5	0.763955534	-1.807364	0.007838122	 78 	0.2222	0.0689	0.0791	0.3525	0.0674	0	0	0.6737	0	-48.3588	37.32045	0	0	0	0	0	0	0	0.1251	0.001292686	0.69836151	0.1248	0.001287717	0.56934164	0.1245	0.00128278	0.44081705	0.1239	0.001273001	0.18524109	1.9793	0.020167835	-0.70788101	3.639	0.035986029	-3.70899099
233_PUB_HTM	611905	616157TA1	MUNI	IG-2	MOORHEAD MN INDEP SCH DIST #15		2.25	49341	1735000	1735000	0	1604723.95	1473118.06	92.4913	84.90594	-131605.89	7/31/2026	Muni	100	Single	RFRSwap	4.39751	3.268934	7.195939064	0.4181155	0.06190734	 1,074 	-0.0224	-0.0281	-0.0351	2.2039	5.0755	0	0	7.9059	0	5.8009	9.454234	0	0	0	0	0	0	0	1.5016	0.015819736	19.3188486	2.6496	0.027432788	17.50439239	5.6771	0.056303751	13.14640615	7.1574	0.062061757	0.67926888	7.2224	0.058273103	-5.34695709	7.1813	0.053909276	-10.96207925
233_PUB_HTM	612361	616794WA7	MUNI	IG-2	MORELAND CA SCH DIST		3	51714	525000	525000	0	506732.52	433054.23	96.5205	82.48652	-73678.29	7/31/2026	Muni	100	Single	RFRSwap	4.632809	3.29588	10.4081049	0.6596167	0.087414049	 459 	-0.0057	-0.0162	0.033	0.1964	5.2789	4.9187	0	12.4538	0	-2.7724	11.33302	0	0	0	0	0	0	0	2.9217	0.032744214	28.08675068	4.2928	0.046561155	24.47632214	7.7307	0.078914262	18.09294249	10.4545	0.088186629	0.36623083	10.6151	0.080552161	-8.10182183	10.5179	0.071801133	-15.72055625
233_PUB_HTM	612229	616794WH2	MUNI	IG-2	MORELAND CA SCH DIST		3	52079	750000	750000	0	714627.03	609799.28	95.2836	81.30657	-104827.76	7/31/2026	Muni	100	Single	RFRSwap	4.671895	3.384175	10.89906979	0.7796625	0.090251461	 677 	-0.006	-0.0161	0.0213	0.1623	4.5159	6.2447	0	13.4747	0	-1.7354	12.85595	0	0	0	0	0	0	0	2.9234	0.032751992	29.22595164	4.5103	0.048866626	25.53773586	8.2053	0.083346575	18.77004545	10.9664	0.091103204	0.2685008	11.094	0.082511894	-8.43136431	10.9731	0.07307905	-16.20841372
233_PUB_HTM	611617	618091ET5	MUNI	IG-2	MORRIS IL		2.3	46357	525000	525000	0	525000	524080.2	100	99.8248	-919.8	7/31/2026	Muni	100	Single	RFRSwap	2.819731	2.291217	0.32299754	-0.06731921	0.003236698	 17 	0.323	0	0	0	0	0	0	0.3244	0	-108.6087	-108.318	0	0	0	0	0	0	0	0.0446	0.000449449	0.50644765	0.0788	0.000793644	0.45550761	0.0889	0.000893784	0.36597409	0.1726	0.001732457	0.17634958	0.3343	0.003346361	-0.11762677	0.3339	0.003331118	-0.45193496
233_PUB_HTM	612373	618813FE4	MUNI	IG-2	MORRISVILLE NC		3	47331	200000	200000	0	200000	197210.12	100	98.60506	-2789.88	7/31/2026	Muni	100	Single	RFRSwap	3.49382	3	2.095373154	-0.7976043	0.020975746	 42 	0.2321	0.336	1.5671	0	0	0	0	2.1025	0	-88.5296	-67.74619	0	0	0	0	0	0	0	0.1266	0.001292742	1.99295268	0.1263	0.001287756	1.8639281	0.126	0.001282802	1.73540048	1.3422	0.013580175	1.07174697	2.4027	0.023819398	-0.96760014	2.6372	0.025485694	-3.46594909
233_PUB_HTM	612180	618813FF1	MUNI	IG-2	MORRISVILLE NC		3	47696	200000	200000	0	200000	195407.74	100	97.70387	-4592.26	7/31/2026	Muni	100	Single	RFRSwap	3.62179	3	2.854539156	-0.79312	0.028318133	 57 	0.1542	0.2608	1.3839	1.0887	0	0	0	2.8334	0	-75.6121	-55.20979	0	0	0	0	0	0	0	0.1265	0.001291689	2.87776106	0.1262	0.001286713	2.74884123	0.1259	0.001281769	2.62041743	2.3122	0.023249889	1.35000703	3.2456	0.031700067	-1.53190855	3.469	0.032754559	-4.78421529
233_PUB_HTM	611498	620535Q56	MUNI	IG-2	MOUND MN		2.6	46419	310000	310000	0	310000	309147.1	100	99.72487	-852.9	7/31/2026	Muni	100	Single	RFRSwap	3.158951	2.6	0.489514023	-0.1000277	0.004945309	 15 	0.4895	0	0	0	0	0	0	0.4844	0	-83.329	-83.24717	0	0	0	0	0	0	0	0.1268	0.001291674	0.81643806	0.1265	0.001286695	0.68751992	0.1262	0.001281747	0.55909812	0.2786	0.002822256	0.27521814	0.4958	0.0050009	-0.16805584	0.4933	0.004951034	-0.66564553
233_PUB_HTM	611219	620535Q72	MUNI	IG-2	MOUND MN	1	2.75	47150	465000	465000	0	465000	456152.86	100	98.09739	-8847.14	7/31/2026	Muni	100	Single	RFRSwap	3.849609	2.75	1.64130342	-0.08988877	0.016326437	 76 	0.5222	0.8189	0.2995	0	0	0	0	1.6989	0	-34.6405	-32.52979	0	0	0	0	0	0	0	0.1264	0.001287961	2.40107198	0.1261	0.001283016	2.27252342	0.1258	0.001278103	2.14446778	1.4863	0.014939396	1.04052028	1.674	0.016554914	-0.57512978	1.6799	0.016336305	-2.22418656
233_PUB_HTM	611362	620535V27	MUNI	IG-2	MOUND MN		2.75	48245	205000	205000	0	205000	191416.17	100	93.37374	-13583.83	7/31/2026	Muni	100	Single	RFRSwap	4.108289	2.75	4.611701965	-0.12577	0.043695293	 90 	-0.0087	0.0447	0.1844	3.9751	0.4151	0	0	4.9037	0	-15.2171	-9.806222	0	0	0	0	0	0	0	0.1263	0.00128639	7.10018584	0.126	0.001281459	6.97179372	0.1257	0.001276559	6.84389313	4.5383	0.043788031	1.73645941	4.7827	0.044027891	-2.69301736	4.8022	0.042134717	-7.00839126
233_PUB_HTM	612537	620535V35	MUNI	IG-2	MOUND MN		2.75	48611	205000	205000	0	205000	188185.26	100	91.79769	-16814.74	7/31/2026	Muni	100	Single	RFRSwap	4.205349	2.75	5.408242226	-0.03529742	0.05039005	 103 	-0.0139	0.0159	0.1117	3.7766	1.5205	0	0	5.8366	0	-8.2253	-3.150606	0	0	0	0	0	0	0	0.1263	0.001285825	8.66741093	0.1259	0.001280899	8.53907505	0.1256	0.001276004	8.41123019	5.3732	0.051021885	1.78403051	5.5842	0.05018118	-3.31001867	5.5863	0.047469229	-8.19874086
233_PUB_HTM	611659	622826XT7	MUNI	IG-2	MOUNT PROSPECT IL		3	48183	525000	525000	0	525921.96	507131.42	100.1756	96.59646	-18790.55	7/31/2026	Muni	100	Single	RFRSwap	3.708597	2.963662	3.764503002	-0.8790629	0.036551993	 192 	0.1092	0.2023	0.3614	2.9243	0.1865	0	0	3.6568	0	-72.8442	-49.07463	0	0	0	0	0	0	0	0.171	0.001744822	4.92926446	0.3013	0.003067937	4.73194832	0.3392	0.003442062	4.38648576	2.9275	0.028813668	1.32736506	3.7775	0.035931822	-1.97565411	4.1561	0.03798404	-5.702911
233_PUB_HTM	611701	622826XU4	MUNI	IG-2	MOUNT PROSPECT IL		3	48549	555000	555000	0	555928.92	528286.8	100.1674	95.18681	-27642.12	7/31/2026	Muni	100	Single	RFRSwap	3.863452	2.970381	4.626529217	-0.7303069	0.044269785	 246 	0.0538	0.1469	0.2921	3.1284	1.0096	0	0	4.6593	0	-56.4089	-36.58055	0	0	0	0	0	0	0	0.1709	0.001742144	6.27633505	0.301	0.00306325	6.07932102	0.4573	0.004637821	5.73438506	3.7709	0.036662366	1.53825662	4.5781	0.042659067	-2.50605756	4.9279	0.043775696	-6.85535545
233_PUB_HTM	611510	622826XW0	MUNI	IG-2	MOUNT PROSPECT IL	1	3	49279	1205000	1205000	0	1206661.92	1109221.18	100.1379	92.05155	-97440.74	7/31/2026	Muni	100	Single	RFRSwap	4.199519	2.979801	6.042044163	-0.3189537	0.055920057	 674 	0.0038	0.0584	0.1698	2.6935	3.1051	0	0	6.4402	0	-20.5229	-7.852616	0	0	0	0	0	0	0	0.1705	0.001735655	9.25968624	0.3003	0.003051888	9.06340442	1.3088	0.013230107	8.5328992	5.482	0.051333081	1.08843583	6.0181	0.053184316	-4.1770212	6.2176	0.051678408	-9.43462549
233_PUB_HTM	611346	625506PE4	MUNI	IG-2	MULTNOMAH CNTY OR		4	48366	5000000	5000000	0	5067604.2	5032793.5	101.3521	100.65587	-34810.7	7/31/2026	Muni	100	Single	RFRSwap	3.872485	3.739073	1.870251775	-1.077196	0.018949864	 947 	0.5681	0.195	0.1968	0.8299	0.1398	0	0	1.7123	0	-159.0359	-87.6795	0	0	0	0	0	0	0	0.6751	0.007143341	4.49378906	0.7995	0.008401931	3.76127468	0.8317	0.008666635	2.88720687	1.4546	0.014871209	0.91013077	2.6396	0.026443595	-1.14058101	3.6368	0.035292707	-4.27829871
233_PUB_HTM	611211	625517LV7	MUNI	IG-2	MULTNOMAH CNTY OR SCH DIST #1J		2	50936	2000000	2000000	0	1693571.27	1486946.4	84.6786	74.34732	-206624.87	7/31/2026	Muni	100	Single	RFRSwap	4.674497	3.487363	10.64239883	1.201338	0.079395354	 1,588 	-0.0183	-0.0363	-0.088	-0.3023	7.7714	3.3127	0	12.2267	0	18.3636	21.11125	0	0	0	0	0	0	0	4.1778	0.045303203	33.83627881	8.3417	0.084987365	27.27945578	10.2027	0.094520651	18.04016944	10.7306	0.080387734	0.31169118	10.6197	0.071499556	-7.27545266	10.4421	0.063275807	-14.00621358
233_PUB_HTM	612131	625574PZ5	MUNI	IG-2	MULTNOMAH CNTY OR SCH DIST #7		3	49461	350000	350000	0	352614.46	324979.34	100.747	92.85124	-27635.12	7/31/2026	Muni	100	Single	RFRSwap	3.966823	2.903209	6.636583328	-0.06117397	0.061953329	 217 	-0.0105	-0.0198	0.2356	2.0833	4.3659	0	0	7.0747	0	-53.496	-34.27006	0	0	0	0	0	0	0	3.5653	0.041275404	22.4197452	4.0065	0.04471774	18.26297295	5.1758	0.055178322	13.25805587	6.7732	0.063905291	0.99908917	7.001	0.061638597	-5.30895693	7.1256	0.058447648	-11.32668235
233_PUB_HTM	611903	627627QU9	MUNI	IG-2	MUSKEGO NORWAY WI SCH DIST		3.25	47939	1405000	1405000	0	1405000	1397404.71	100	99.45941	-7595.29	7/31/2026	Muni	100	Single	RFRSwap	3.375471	3.249322	1.681360245	-2.057287	0.016904857	 238 	0.2895	0.196	0.4102	0.9087	0	0	0	1.6006	0	-152.29	-80.72294	0	0	0	0	0	0	0	0.0447	0.000454116	0.99320052	0.079	0.000801875	0.94173187	0.0891	0.000903042	0.85127036	0.6727	0.006801983	0.57738381	2.7412	0.02722908	-1.21130611	3.5796	0.03442416	-4.3751826
233_PUB_HTM	611821	627627QV7	MUNI	IG-2	MUSKEGO NORWAY WI SCH DIST		3.25	48305	2395000	2395000	0	2395000	2344831.22	100	97.90527	-50168.78	7/31/2026	Muni	100	Single	RFRSwap	3.662055	3.249433	3.253643036	-1.546747	0.032207359	 771 	0.1952	0.2416	0.3432	2.2415	0.3019	0	0	3.1584	0	-94.7318	-54.64729	0	0	0	0	0	0	0	0.0446	0.000452571	2.49660146	0.0788	0.000799159	2.44530749	0.0888	0.000899999	2.35515152	2.4152	0.024218645	1.28637325	4.0929	0.039654668	-2.10301634	4.5888	0.042547107	-6.26891671
233_PUB_HTM	612984	630191ZE7	MUNI	IG-2	NANTUCKET MA		3	47788	1320000	1320000	0	1322175.55	1303153.1	100.1648	98.72372	-19022.44	7/31/2026	Muni	100	Single	RFRSwap	3.323709	2.957756	2.404862642	-1.321615	0.023922063	 316 	0.2579	0.2552	0.9017	1.0209	0	0	0	2.2578	0	-128.4091	-85.45869	0	0	0	0	0	0	0	0.1294	0.001320872	2.61238448	0.2282	0.00232628	2.46281761	0.2572	0.002614843	2.200656	1.6229	0.016295528	0.93897994	2.5937	0.025498688	-1.16232666	3.094	0.029555485	-3.94831924
233_PUB_HTM	611308	630191ZF4	MUNI	IG-2	NANTUCKET MA		3	48153	1615000	1615000	0	1617292.86	1589569.56	100.142	98.42536	-27723.3	7/31/2026	Muni	100	Single	RFRSwap	3.328738	2.970016	2.908833265	-1.621614	0.028848458	 466 	0.2375	0.2436	0.3397	2.0072	0.0902	0	0	2.6253	0	-133.2758	-86.92437	0	0	0	0	0	0	0	0.1294	0.001321803	2.93470654	0.2283	0.002327913	2.78503442	0.2573	0.00261667	2.52268917	1.9895	0.01993265	1.01393023	3.1495	0.030740296	-1.5725403	3.7611	0.03544829	-4.92574424
233_PUB_HTM	611643	630191ZH0	MUNI	IG-2	NANTUCKET MA	1	3	48884	1000000	1000000	0	1001181.72	970451.8	100.1182	97.04518	-30729.92	7/31/2026	Muni	100	Single	RFRSwap	3.494457	2.980092	4.121048927	-1.468567	0.040301871	 403 	0.1512	0.2245	0.3318	2.3567	1.0907	0	0	3.9907	0	-113.173	-74.96642	0	0	0	0	0	0	0	0.1293	0.001319575	4.25757895	0.2281	0.002324008	4.10815847	0.257	0.002612303	3.84625225	3.1152	0.030855589	1.25179844	4.3475	0.041436113	-2.48543617	4.9065	0.044633538	-6.82655625
233_PUB_HTM	611227	631298AT3	MUNI	IG-2	NASHUA NH		3	48853	830000	830000	0	830000	795409.25	100	95.83244	-34590.75	7/31/2026	Muni	100	Single	RFRSwap	3.666052	2.999612	4.768378258	-1.171991	0.046173371	 383 	0.0865	0.18	0.3033	2.5927	1.655	0	0	4.8173	0	-86.1507	-58.8732	0	0	0	0	0	0	0	0.0446	0.000451874	4.54023555	0.0788	0.00079793	4.48902056	0.0888	0.000898617	4.3990032	4.5093	0.044285469	1.37624565	5.6236	0.052424889	-3.61010019	5.9216	0.052086778	-8.87178682
233_PUB_HTM	612323	641462AN6	MUNI	IG-2	NEVADA ST		3	47604	3000000	3000000	0	3015310.84	2956828.5	100.5104	98.56095	-58482.34	7/31/2026	Muni	100	Single	RFRSwap	3.411165	2.854758	2.463363171	-0.8023186	0.024463892	 734 	0.2595	0.2964	1.3046	0.6189	0	0	0	2.3291	0	-107.0288	-75.85835	0	0	0	0	0	0	0	0.6313	0.006594666	5.14906558	0.7247	0.007521636	4.47650823	0.7607	0.007836018	3.69951909	2.0118	0.020216327	1.17793729	2.6378	0.025892084	-1.15155226	2.9861	0.028492833	-3.89336836
233_PUB_HTM	611268	641462AP1	MUNI	IG-2	NEVADA ST		3	47969	2000000	2000000	0	2008802.18	1958514.6	100.4401	97.92573	-50287.58	7/31/2026	Muni	100	Single	RFRSwap	3.476772	2.899539	3.073234081	-0.944388	0.030325362	 607 	0.197	0.2637	0.6619	1.98	0	0	0	2.9447	0	-103.2757	-70.65668	0	0	0	0	0	0	0	0.6313	0.00659422	5.78009264	0.7247	0.007521132	5.10758057	0.7748	0.007980621	4.32823329	2.5387	0.025369467	1.25549215	3.3369	0.032362226	-1.69203543	3.7367	0.034970548	-5.08921766
233_PUB_HTM	611194	641462FS0	MUNI	IG-2	NEVADA ST		3	48335	5050000	5050000	0	5086556.11	4890733.6	100.7239	96.84621	-195822.5	7/31/2026	Muni	100	Single	RFRSwap	3.611676	2.862059	4.342640877	-0.2965591	0.042382527	 2,140 	-0.012	0.0985	0.7099	3.0745	0.4716	0	0	4.3781	0	-82.5041	-59.84699	0	0	0	0	0	0	0	2.5855	0.029172193	15.23323872	2.6658	0.029309846	12.349565	2.9997	0.032072369	9.32066521	4.2437	0.042175144	1.7865562	4.5865	0.043605283	-2.52317427	4.7554	0.043144409	-6.86839819
233_PUB_HTM	612685	641462FT8	MUNI	IG-2	NEVADA ST		3	48700	5210000	5210000	0	5244201.4	4983103.98	100.6565	95.64499	-261097.42	7/31/2026	Muni	100	Single	RFRSwap	3.735327	2.891799	5.003495216	-0.3384545	0.048231188	 2,513 	-0.0118	0.0645	0.5759	3.0082	1.3713	0	0	5.124	0	-73.5289	-50.46695	0	0	0	0	0	0	0	2.5843	0.029097639	16.19709238	2.6793	0.029395591	13.31903734	3.2403	0.034535069	10.18507268	4.9111	0.048177797	1.70555803	5.302	0.049411207	-3.20067343	5.4969	0.048526205	-8.11544783
233_PUB_HTM	611823	641462FU5	MUNI	IG-2	NEVADA ST		3	49065	5355000	5355000	0	5386598.72	5090342.51	100.5901	95.05775	-296256.2	7/31/2026	Muni	100	Single	RFRSwap	3.73997	2.913992	5.547241688	-0.4127333	0.053146873	 2,846 	-0.0118	0.0516	0.5237	2.564	2.4542	0	0	5.7211	0	-79.395	-53.23256	0	0	0	0	0	0	0	2.5854	0.029164737	16.99798277	2.7312	0.030018838	14.10458805	3.5858	0.038216058	10.76780429	5.6105	0.054411333	1.17356988	6.0395	0.055237602	-4.34721729	6.2484	0.053732872	-9.8127225
233_PUB_HTM	611524	641462FV3	MUNI	IG-2	NEVADA ST		3	49430	5520000	5520000	0	5536227.1	5085866.35	100.294	92.13526	-450360.75	7/31/2026	Muni	100	Single	RFRSwap	4.077188	2.961253	6.51034832	-0.1917293	0.060471538	 3,338 	-0.0113	0.0135	0.2901	1.9407	4.2706	0	0	6.9217	0	-40.8734	-22.87243	0	0	0	0	0	0	0	2.5794	0.028786931	18.7161687	2.8548	0.031037623	15.83408993	4.265	0.044785339	12.1212298	6.515	0.061132442	0.94792545	6.9102	0.060611378	-5.17227596	7.0097	0.057342049	-11.08162126
233_PUB_HTM	612134	641462FW1	MUNI	IG-2	NEVADA ST		3	49796	5690000	5690000	0	5667532.2	5128316.2	99.6051	90.12858	-539216	7/31/2026	Muni	100	Single	RFRSwap	4.246535	3.046783	7.263581753	-0.05542925	0.066010401	 3,756 	-0.0109	0.0034	0.1868	0.8243	6.2664	0	0	7.8243	0	-25.0121	-9.502397	0	0	0	0	0	0	0	2.577	0.028631078	20.22519836	2.951	0.031935189	17.33873241	4.7755	0.049756203	13.31172501	7.2656	0.066751309	0.99393468	7.5901	0.064716622	-5.61383019	7.6952	0.060778644	-11.8959991
233_PUB_HTM	612191	641462FX9	MUNI	IG-2	NEVADA ST		3	50161	5855000	5855000	0	5822194.27	5171979.71	99.4397	88.33441	-650214.57	7/31/2026	Muni	100	Single	RFRSwap	4.371153	3.061248	7.987789154	0.06312253	0.071158752	 4,166 	-0.0108	-0.0055	0.125	0.4006	6.9443	0.5317	0	8.895	0	-14.7807	-0.616522	0	0	0	0	0	0	0	2.5754	0.028531143	21.69824805	3.1071	0.033515804	18.78424926	5.3329	0.055179194	14.38455588	7.9712	0.071730308	0.90276148	8.2583	0.068500623	-6.13707742	8.3189	0.063498653	-12.75368577
233_PUB_HTM	612796	641462FY7	MUNI	IG-2	NEVADA ST		3	50526	3025000	3025000	0	3000246.13	2614785.2	99.1817	86.43918	-385460.93	7/31/2026	Muni	100	Single	RFRSwap	4.498012	3.083255	8.680251122	0.2829419	0.075682402	 2,289 	-0.0104	-0.0092	0.0735	0.2944	6.9508	1.3875	0	9.8921	0	-4.2695	8.422248	0	0	0	0	0	0	0	2.5739	0.028429462	23.26360044	3.3281	0.035772972	20.29860645	5.9868	0.06142218	15.40665308	8.6804	0.076308534	0.72006916	8.95	0.072020687	-6.71934654	8.9473	0.065832146	-13.61191644
233_PUB_HTM	611375	641840GA5	MUNI	IG-2	NEW ALBANY OH		4	49279	1065000	1065000	0	1086396.61	1071058.47	102.0091	100.56887	-15338.15	7/31/2026	Muni	100	Single	RFRSwap	3.918712	3.716855	3.026221275	-1.464593	0.030636113	 326 	0.4307	0.4364	0.2531	0.8643	1.0456	0	0	2.7373	0	-149.6626	-59.62545	0	0	0	0	0	0	0	1.1723	0.012759535	7.60929221	1.2902	0.013876709	6.32324286	1.3228	0.014040682	4.90954893	2.9995	0.030676709	1.0378653	4.4391	0.043723874	-2.73837585	5.4345	0.05092923	-7.52092633
233_PUB_HTM	611505	641840GB3	MUNI	IG-2	NEW ALBANY OH		4	49644	1105000	1105000	0	1126928.62	1109628.51	101.9845	100.41887	-17300.11	7/31/2026	Muni	100	Single	RFRSwap	3.945356	3.745557	3.272835255	-1.64405	0.033083633	 366 	0.4089	0.4351	0.2623	0.6453	1.5555	0	0	3.0974	0	-151.8353	-48.05047	0	0	0	0	0	0	0	1.1725	0.012767937	7.81054944	1.2904	0.013885794	6.52365541	1.324	0.014060395	5.10898051	3.2479	0.033180598	1.07561752	4.8704	0.047769085	-3.00460759	5.9182	0.054978613	-8.18777628
233_PUB_HTM	611552	642101JK6	MUNI	IG-2	NEW BALTIMORE MI		2.5	47027	310000	310000	0	310000	305472.6	100	98.53955	-4527.4	7/31/2026	Muni	100	Single	RFRSwap	3.202022	2.499177	1.757261515	-0.4307203	0.017462414	 54 	0.1954	1.3286	0.2279	0	0	0	0	1.7192	0	-107.0854	-97.05064	0	0	0	0	0	0	0	0.0446	0.000451496	1.80820117	0.0788	0.000797259	1.75702911	0.0889	0.000897856	1.66708773	1.2701	0.012748992	1.00217026	1.8922	0.018678626	-0.66123625	1.997	0.019329594	-2.57804108
233_PUB_HTM	611521	642101JL4	MUNI	IG-2	NEW BALTIMORE MI		2.5	47392	690000	690000	0	690000	667952.78	100	96.80475	-22047.22	7/31/2026	Muni	100	Single	RFRSwap	3.575378	2.49943	2.70921278	-0.2600462	0.026452236	 183 	0.0603	0.2014	2.2518	0.1918	0	0	0	2.7314	0	-66.0849	-59.64648	0	0	0	0	0	0	0	0.0445	0.000450404	3.5070488	0.0787	0.000795338	3.45600028	0.0887	0.000895704	3.366275	2.4818	0.024586357	1.42710869	2.8418	0.027397659	-1.22944545	2.8958	0.027125916	-3.96632062
233_PUB_HTM	611951	643154FT9	MUNI	IG-2	NEW CANEY TX INDEP SCH DIST		3	49720	1750000	1750000	0	1768903.48	1578865.92	101.0802	90.22091	-190037.55	7/31/2026	Muni	100	Single	RFRSwap	4.258016	2.869655	7.123405933	-0.02141609	0.065253422	 1,142 	-0.0132	-0.0187	0.2049	1.086	5.8729	0	0	7.8044	0	-22.5133	-7.703618	0	0	0	0	0	0	0	2.9424	0.03317995	21.160354	3.3004	0.036115941	17.82324664	4.9808	0.052318681	13.43751715	7.1567	0.066264711	0.98646185	7.4367	0.063996486	-5.54898533	7.5137	0.059995048	-11.75686275
233_PUB_HTM	612445	643154FU6	MUNI	IG-2	NEW CANEY TX INDEP SCH DIST		3	50086	250000	250000	0	252578.34	221841.72	101.0313	88.73669	-30736.61	7/31/2026	Muni	100	Single	RFRSwap	4.34315	2.885726	7.800064087	0.06332852	0.070294194	 176 	-0.0134	-0.0184	0.1486	0.4138	6.8765	0.3665	0	8.7104	0	-17.301	-2.795268	0	0	0	0	0	0	0	2.9416	0.033117805	22.46514481	3.43	0.037461888	19.09948643	5.4364	0.056827504	14.41096849	7.7858	0.070895888	0.93849247	8.076	0.067908205	-6.03400751	8.1255	0.062997259	-12.58956028
233_PUB_HTM	611459	64327TFN3	MUNI	IG-2	NEW CASTLE CNTY DE		3	47939	1250000	1250000	0	1254499.48	1227783.62	100.36	98.22269	-26715.86	7/31/2026	Muni	100	Single	RFRSwap	3.414577	2.916371	2.883026123	-1.051568	0.028606161	 358 	0.2251	0.2628	0.6929	1.7319	0	0	0	2.7237	0	-113.7675	-76.82267	0	0	0	0	0	0	0	0.5892	0.006152799	5.1954699	0.6513	0.006759867	4.57222799	0.6818	0.00702987	3.88011989	2.3364	0.023459964	1.18892037	3.1671	0.030924169	-1.58213265	3.6064	0.034030333	-4.86289996
233_PUB_HTM	611169	64327TFP8	MUNI	IG-2	NEW CASTLE CNTY DE		3	48305	1250000	1250000	0	1254317.54	1204915.5	100.3454	96.39324	-49402.04	7/31/2026	Muni	100	Single	RFRSwap	3.711015	2.932929	3.973594904	-0.8508329	0.038700126	 484 	0.0951	0.1936	0.3481	2.9422	0.4039	0	0	3.9138	0	-73.8951	-49.77431	0	0	0	0	0	0	0	0.5879	0.006119736	6.70719214	0.6498	0.006723739	6.08729075	0.7484	0.007692316	5.39100755	3.3625	0.033252019	1.49646811	4.1477	0.039486103	-2.1927676	4.4993	0.041010506	-6.24491262
233_PUB_HTM	611793	64327TFQ6	MUNI	IG-2	NEW CASTLE CNTY DE		3	48670	2500000	2500000	0	2508204.92	2369302.25	100.3282	94.77209	-138902.67	7/31/2026	Muni	100	Single	RFRSwap	3.897493	2.945013	4.862230301	-0.6725698	0.046566594	 1,164 	0.0427	0.1403	0.2807	3.071	1.3425	0	0	4.943	0	-53.6195	-34.06586	0	0	0	0	0	0	0	0.5872	0.006103147	8.16865169	0.649	0.006705612	7.55042634	0.8914	0.009145909	6.82938637	4.2842	0.041699987	1.5627414	5.0185	0.046598721	-2.91837129	5.3132	0.046839099	-7.61593814
233_PUB_HTM	611616	644503DC5	MUNI	IG-2	NEW GLARUS WI SCH DIST		2.5	46844	90000	90000	0	90000	88558.33	100	98.39814	-1441.67	7/31/2026	Muni	100	Single	RFRSwap	3.496264	2.498936	1.509162664	-0.1399638	0.014975644	 13 	0.5616	0.9409	0	0	0	0	0	1.5235	0	-69.7691	-67.23935	0	0	0	0	0	0	0	0.0445	0.000450502	1.91688586	0.0787	0.000795511	1.86582625	0.0887	0.000895897	1.7760816	1.2761	0.012784826	0.95505358	1.5485	0.015288959	-0.50016841	1.5667	0.015228181	-2.03169349
233_PUB_HTM	612978	644503FJ8	MUNI	IG-2	NEW GLARUS WI SCH DIST		2	50131	1470000	1470000	0	1264986.29	1116347.11	86.0535	75.94198	-148639.18	7/31/2026	Muni	100	Single	RFRSwap	4.926417	3.584661	9.07908535	0.9182182	0.069553643	 1,022 	-0.0219	-0.0357	-0.0902	-0.3365	8.8981	0.6585	0	10.3879	0	53.4769	54.57646	0	0	0	0	0	0	0	1.6309	0.016952418	27.33434318	6.4684	0.064894378	23.71692623	8.7694	0.081220791	16.01017167	9.1122	0.070401534	0.65205835	9.0137	0.063602798	-6.04644154	8.8837	0.057318661	-12.08732995
233_PUB_HTM	611408	644503FK5	MUNI	IG-2	NEW GLARUS WI SCH DIST		2	50496	1500000	1500000	0	1320117.65	1096393.35	88.0078	73.09289	-223724.3	7/31/2026	Muni	100	Single	RFRSwap	5.085875	3.242589	9.802049637	1.094374	0.072299488	 1,084 	-0.0214	-0.0348	-0.0897	-0.3639	8.5121	1.7943	0	11.4341	0	65.8816	66.75313	0	0	0	0	0	0	0	1.7495	0.018146111	29.96221209	7.8545	0.077840418	25.34291853	9.7112	0.087832287	16.68471133	9.8636	0.073205911	0.45859896	9.7197	0.065407746	-6.46533467	9.5517	0.058371585	-12.64812857
233_PUB_HTM	611267	6446822U9	MUNI	IG-2	NEW HAMPSHIRE ST		5	46905	1500000	1500000	0	1500000	1502544.6	100	100.16964	2544.6	7/31/2026	Muni	100	Single	RFRSwap	4.898252	4.996047	0.088178702	-0.09566698	0.000890631	 13 	0.0882	0	0	0	0	0	0	0.0861	0	-87.5189	-87.51894	0	0	0	0	0	0	0	0.0446	0.000451935	0.37646637	0.0788	0.000798038	0.32524444	0.0888	0.000898738	0.23521492	0.0883	0.000892559	0.05608646	0.1489	0.00150294	-0.03603675	0.8163	0.008210653	-0.42499855
233_PUB_HTM	612299	6446822V7	MUNI	IG-2	NEW HAMPSHIRE ST		5	47270	1500000	1500000	0	1500000	1502566.95	100	100.17113	2566.95	7/31/2026	Muni	100	Single	RFRSwap	4.931957	4.997379	0.126004606	-0.2280457	0.001272703	 19 	0.0882	0	0.003	0	0	0	0	0.0861	0	-89.2578	-89.25784	0	0	0	0	0	0	0	0.0446	0.000451981	0.37650459	0.0788	0.000798119	0.3252774	0.0888	0.00089883	0.23523869	0.0883	0.000892649	0.0560921	0.266	0.002684438	-0.07277108	1.3392	0.013414639	-0.83500797
233_PUB_HTM	612478	6446824A1	MUNI	IG-2	NEW HAMPSHIRE ST		3	48549	2000000	2000000	0	2011954.73	1922285.6	100.5977	96.11428	-89669.13	7/31/2026	Muni	100	Single	RFRSwap	3.69316	2.895612	4.378530979	-0.7607871	0.042302862	 846 	0.0834	0.2182	0.3309	2.8472	0.9058	0	0	4.3005	0	-81.6875	-53.61195	0	0	0	0	0	0	0	1.1758	0.012529174	9.94131132	1.2936	0.013621074	8.67860944	1.5852	0.016462572	7.23522203	3.9614	0.038916647	1.62640268	4.6775	0.043989062	-2.56968112	5.0231	0.044990078	-7.04747379
233_PUB_HTM	612053	6446824B9	MUNI	IG-2	NEW HAMPSHIRE ST		3	48914	2000000	2000000	0	2009884.8	1893532.2	100.4942	94.67661	-116352.6	7/31/2026	Muni	100	Single	RFRSwap	3.839297	2.924267	5.185014248	-0.6895587	0.049349211	 987 	0.0397	0.1627	0.2839	2.7339	1.9938	0	0	5.2251	0	-66.6793	-42.10991	0	0	0	0	0	0	0	1.1749	0.012492029	11.1520893	1.2951	0.01360782	9.893121	1.9181	0.019855632	8.34059255	4.9082	0.047358882	1.31204743	5.5668	0.050954375	-3.64416467	5.86	0.05064689	-8.74797941
233_PUB_HTM	611755	6446824C7	MUNI	IG-2	NEW HAMPSHIRE ST		3	49279	2000000	2000000	0	2006898.72	1867424	100.3449	93.3712	-139474.72	7/31/2026	Muni	100	Single	RFRSwap	3.940475	2.952676	5.925275326	-0.6425022	0.05562127	 1,112 	0.0225	0.1183	0.2398	2.1974	3.3724	0	0	6.0849	0	-58.0572	-35.27929	0	0	0	0	0	0	0	1.1743	0.012470669	12.32694342	1.3055	0.013700165	11.06970176	2.3229	0.023980157	9.36031434	5.7205	0.054234594	0.93689205	6.3809	0.056913462	-4.67803023	6.607	0.055208489	-10.31064255
233_PUB_HTM	611487	646449MU9	MUNI	IG-2	NEW LENOX IL		4	47102	560000	560000	0	560000	560396.2	100	100.07075	396.2	7/31/2026	Muni	100	Single	RFRSwap	3.966792	3.998323	0.261012882	-0.6764158	0.002625316	 15 	0.1328	0.0968	0.0388	0	0	0	0	0.2175	0	-127.2234	-71.30367	0	0	0	0	0	0	0	0.0447	0.000451171	0.42357131	0.0789	0.00079668	0.37243625	0.089	0.000897199	0.28256041	0.0885	0.000891009	0.10374094	0.6399	0.006426969	-0.13698365	1.5703	0.01558231	-1.34853095
233_PUB_HTM	611975	646449MV7	MUNI	IG-2	NEW LENOX IL		4	47467	335000	335000	0	335000	335181.6	100	100.05421	181.6	7/31/2026	Muni	100	Single	RFRSwap	3.981465	3.998797	0.355077058	-1.034066	0.003570844	 12 	0.134	0.0412	0.1371	0.0269	0	0	0	0.2816	0	-136.0586	-51.89248	0	0	0	0	0	0	0	0.0447	0.000451408	0.44786457	0.0789	0.000797095	0.3967028	0.089	0.000897664	0.30678025	0.112	0.001127565	0.12786857	1.0627	0.01065733	-0.2815807	2.1868	0.021557644	-1.9831812
233_PUB_HTM	612212	648517AT7	MUNI	IG-2	NEW ROCHELLE NY		2	50816	1205000	1205000	0	1009988.5	872125.14	83.8165	72.37553	-137863.36	7/31/2026	Muni	100	Single	RFRSwap	4.990185	3.616742	10.36986065	1.215477	0.076008745	 916 	-0.0231	-0.0348	-0.0883	-0.355	7.9766	2.8899	0	12.196	0	52.5917	53.83086	0	0	0	0	0	0	0	2.9215	0.030908903	32.50006731	8.4538	0.084486932	26.64229448	10.2431	0.092958674	17.45457176	10.4413	0.076873422	0.32654535	10.2857	0.068269387	-6.92461252	10.0917	0.060493186	-13.35453531
233_PUB_HTM	611739	648517AU4	MUNI	IG-2	NEW ROCHELLE NY		2	51181	1230000	1230000	0	1009669.42	845652.06	82.0869	68.7522	-164017.36	7/31/2026	Muni	100	Single	RFRSwap	5.254316	3.693187	11.0394516	1.429135	0.076916739	 946 	-0.0221	-0.033	-0.0854	-0.3749	7.2175	4.3355	0	13.3035	0	76.0174	76.78185	0	0	0	0	0	0	0	3.6215	0.038061138	35.42351653	10.0964	0.098541871	27.92698894	11.2422	0.098401338	17.85422814	11.1326	0.077795178	0.20620848	10.9117	0.068293162	-7.08750426	10.6639	0.059917562	-13.4871037
233_PUB_HTM	611967	648517AV2	MUNI	IG-2	NEW ROCHELLE NY		2	51547	1255000	1255000	0	1008648.63	825002.61	80.3704	65.73726	-183646.02	7/31/2026	Muni	100	Single	RFRSwap	5.440485	3.765586	11.66095352	1.62606	0.077731311	 976 	-0.021	-0.0313	-0.0816	-0.3703	6.2555	5.9074	0	14.3516	0	91.7028	92.28522	0	0	0	0	0	0	0	4.6488	0.048588295	37.85841672	11.3595	0.108532667	28.88384172	12.0723	0.102420092	18.17912572	11.7678	0.078582697	0.11831763	11.4895	0.06830214	-7.21189771	11.1922	0.059401792	-13.58516431
233_PUB_HTM	611255	64966MAY5	MUNI	IG-2	NEW YORK NY		5	47696	2500000	2500000	0	2500000	2504174.75	100	100.16699	4174.75	7/31/2026	Muni	100	Single	RFRSwap	4.953467	5	0.45018366	-1.185007	0.0046219	 116 	0.2373	0.0731	0.1677	0.1246	0	0	0	0.5405	0	-43.0999	-17.92797	0	0	0	0	0	0	0	0.1251	0.001292259	0.623881	0.1248	0.001287294	0.4949037	0.1245	0.00128236	0.36642131	0.1238	0.001272588	0.11092862	1.1338	0.011598533	-0.36862876	2.4923	0.025011621	-2.3098621
233_PUB_HTM	612849	64966MAZ2	MUNI	IG-2	NEW YORK NY		5	48061	2500000	2500000	0	2500000	2504060	100	100.1624	4060	7/31/2026	Muni	100	Single	RFRSwap	4.962924	5	0.527413666	-1.367277	0.005414555	 135 	0.2318	0.069	0.0783	0.2696	0	0	0	0.5908	0	-50.9377	-14.19955	0	0	0	0	0	0	0	0.1252	0.001292896	0.63841353	0.1248	0.001287925	0.50937277	0.1245	0.001282986	0.38082748	0.1239	0.001273203	0.12521067	1.5336	0.015666833	-0.50334185	3.0707	0.030609706	-2.97909517
233_PUB_HTM	612859	64966MB32	MUNI	IG-2	NEW YORK NY		5	48061	1000000	1000000	0	1037282.89	1029020.9	103.7283	102.90209	-8261.99	7/31/2026	Muni	100	Single	RFRSwap	4.347945	4.166268	1.823459625	-0.4695064	0.019219646	 192 	0.549	0.6775	0.1591	0.4632	0	0	0	1.8081	0	-133.165	-116.4421	0	0	0	0	0	0	0	1.4757	0.016670814	7.5664952	1.4599	0.016252331	5.92047021	1.4444	0.01584767	4.31559696	1.6576	0.017656557	1.11814616	2.2243	0.023244984	-0.89900603	2.818	0.028713943	-3.50592544
233_PUB_HTM	612561	64966MBA6	MUNI	IG-2	NEW YORK NY		4	48427	500000	500000	0	500000	500031.9	100	100.00638	31.9	7/31/2026	Muni	100	Single	RFRSwap	3.998793	4	0.998779476	-2.246049	0.010188187	 51 	0.2431	0.0934	0.1077	0.484	0.0989	0	0	0.8695	0	-135.9236	-21.91297	0	0	0	0	0	0	0	0.1263	0.00129823	0.77720357	0.126	0.001293204	0.64763219	0.1256	0.001288209	0.51856185	0.1773	0.00181345	0.26191137	2.4328	0.024595441	-0.90566449	3.8895	0.038048856	-4.18235839
233_PUB_HTM	611350	64966MBB4	MUNI	IG-2	NEW YORK NY		4	48792	500000	500000	0	500000	499995	100	99.999	-5	7/31/2026	Muni	100	Single	RFRSwap	4.000165	4	1.086586237	-2.542293	0.011083071	 55 	0.2465	0.0968	0.1065	0.4542	0.2287	0	0	0.974	0	-143.9655	-24.7483	0	0	0	0	0	0	0	0.1264	0.00129889	0.79483222	0.126	0.001293858	0.66519512	0.1257	0.001288858	0.53605964	0.2914	0.002980369	0.27928064	2.9744	0.029975647	-1.22003497	4.5323	0.043924779	-5.0831517
233_PUB_HTM	612690	64966MBK4	MUNI	IG-2	NEW YORK NY		5	48427	2000000	2000000	0	2000000	2003140.8	100	100.15704	3140.8	7/31/2026	Muni	100	Single	RFRSwap	4.96941	5	0.608281076	-1.546404	0.006244434	 125 	0.2292	0.0683	0.0735	0.295	0.0624	0	0	0.6546	0	-58.0545	-9.835556	0	0	0	0	0	0	0	0.1252	0.001293475	0.65280565	0.1249	0.001288499	0.52370722	0.1246	0.001283556	0.39510476	0.1239	0.001273762	0.13937515	1.7914	0.018284062	-0.59239485	3.5457	0.03516924	-3.46764681
233_PUB_HTM	612099	64966MCA5	MUNI	IG-2	NEW YORK NY		3	47331	625000	625000	0	625000	622671.25	100	99.6274	-2328.75	7/31/2026	Muni	100	Single	RFRSwap	3.131094	3	1.285776138	-1.504633	0.01300272	 81 	0.3326	0.2536	0.8395	0	0	0	0	1.3269	0	-153.8107	-104.0194	0	0	0	0	0	0	0	0.127	0.001298083	1.05360485	0.1267	0.001293049	0.92404855	0.1264	0.001288048	0.79499397	0.4208	0.004277022	0.5179157	1.8781	0.018864328	-0.68392551	2.4601	0.02416293	-2.90991605
233_PUB_HTM	612106	64966MCC1	MUNI	IG-2	NEW YORK NY		4	48061	270000	270000	0	270000	270037.48	100	100.01388	37.48	7/31/2026	Muni	100	Single	RFRSwap	3.99691	4	0.903195977	-1.926192	0.009213853	 25 	0.2412	0.0929	0.1136	0.4781	0	0	0	0.8035	0	-126.6752	-19.34222	0	0	0	0	0	0	0	0.1262	0.001297472	0.75792393	0.1259	0.001292452	0.62842806	0.1256	0.001287464	0.49943256	0.1596	0.001631713	0.24292974	2.0818	0.021076076	-0.77631672	3.3815	0.033268098	-3.63014944
233_PUB_HTM	611985	64966MCD9	MUNI	IG-2	NEW YORK NY		3	48427	470000	470000	0	470000	453909.74	100	96.57654	-16090.26	7/31/2026	Muni	100	Single	RFRSwap	3.640312	3	4.074106693	-1.032575	0.03995743	 188 	0.1039	0.2	0.3466	2.8199	0.6199	0	0	4.0688	0	-83.1041	-57.86872	0	0	0	0	0	0	0	0.1266	0.001292299	4.01459057	0.1263	0.001287318	3.88561001	0.1259	0.001282368	3.75712601	3.5734	0.035625357	1.61909628	4.6829	0.044735353	-2.54681578	4.986	0.045366593	-7.08917738
233_PUB_HTM	611342	64966MCE7	MUNI	IG-2	NEW YORK NY		3	48792	670000	670000	0	670000	622533.78	100	92.91549	-47466.22	7/31/2026	Muni	100	Single	RFRSwap	4.177721	3	5.470399857	-0.2894803	0.051649049	 346 	0.0056	0.0581	0.1868	3.2788	1.9509	0	0	5.85	0	-17.014	-7.162821	0	0	0	0	0	0	0	0.1262	0.001286936	7.59199568	0.1258	0.001282002	7.46354912	0.1255	0.001277099	7.33559436	5.4463	0.052263148	1.54494605	5.8382	0.05291944	-3.77149954	5.8866	0.050314017	-8.94331718
233_PUB_HTM	611799	64966MEZ8	MUNI	IG-2	NEW YORK NY		5	47696	1000000	1000000	0	1000000	1001669.9	100	100.16699	1669.9	7/31/2026	Muni	100	Single	RFRSwap	4.953467	5	0.45018366	-1.185007	0.0046219	 46 	0.2373	0.0731	0.1677	0.1246	0	0	0	0.5405	0	-43.0999	-17.92797	0	0	0	0	0	0	0	0.1251	0.001292259	0.623881	0.1248	0.001287294	0.4949037	0.1245	0.00128236	0.36642131	0.1238	0.001272588	0.11092862	1.1338	0.011598533	-0.36862876	2.4923	0.025011621	-2.3098621
233_PUB_HTM	612413	64966MFC8	MUNI	IG-2	NEW YORK NY		5	48792	1000000	1000000	0	1000000	1001478.6	100	100.14786	1478.6	7/31/2026	Muni	100	Single	RFRSwap	4.974727	5	0.694390714	-1.820626	0.007127772	 71 	0.2259	0.0666	0.0735	0.2936	0.1442	0	0	0.7139	0	-63.6358	-2.360842	0	0	0	0	0	0	0	0.1252	0.00129393	0.66907179	0.1249	0.00128895	0.53992809	0.1246	0.001284002	0.41128078	0.1239	0.001274201	0.15546264	2.2815	0.02322077	-0.86986041	4.1301	0.040631153	-4.27069292
233_PUB_HTM	612968	64966MFE4	MUNI	IG-2	NEW YORK NY		4	49522	2950000	2950000	0	2950000	2908503.24	100	98.59333	-41496.76	7/31/2026	Muni	100	Single	RFRSwap	4.18922	4	3.486866236	-3.17872	0.035075549	 1,035 	0.261	0.2255	0.2803	0.9318	1.8987	0	0	3.4819	0	-83.5309	-12.28841	0	0	0	0	0	0	0	0.126	0.001293944	2.1236117	0.1256	0.001288955	1.99446705	0.1253	0.001283999	1.86581961	2.7392	0.027777817	0.81390978	5.5665	0.053982675	-3.61527404	6.3797	0.058226299	-9.32475349
233_PUB_HTM	612843	64966MTD1	MUNI	IG-2	NEW YORK NY		4	49157	9170000	9170000	0	9348585.11	9209563.96	101.9475	100.43145	-139021.14	7/31/2026	Muni	100	Single	RFRSwap	3.936607	3.716346	3.168256044	-1.328864	0.032452904	 2,976 	0.301	0.5677	0.3096	1.0546	1.0198	0	0	3.0855	0	-132.9051	-47.00561	0	0	0	0	0	0	0	1.4892	0.01654421	8.66067321	1.4734	0.016128115	7.02718865	1.4689	0.015843786	5.43340044	3.1934	0.033065934	1.11166721	4.5329	0.045147229	-2.83184211	5.341	0.050619718	-7.65614135
233_PUB_HTM	611920	64966MZP7	MUNI	IG-2	NEW YORK NY		5	49035	2000000	2000000	0	2076531.17	2058173.2	103.8266	102.90866	-18357.97	7/31/2026	Muni	100	Single	RFRSwap	4.545445	4.405486	2.410275221	-0.8259259	0.02520553	 504 	0.3635	0.8723	0.194	0.5685	0.4032	0	0	2.2629	0	-129.4324	-97.59086	0	0	0	0	0	0	0	1.5574	0.01761817	8.55281566	1.6066	0.017893732	6.80127175	1.6102	0.017645907	5.01373434	2.2869	0.024185183	1.18058086	3.3364	0.034308787	-1.74358778	4.3168	0.042712707	-5.6304063
233_PUB_HTM	611840	64966MZQ5	MUNI	IG-2	NEW YORK NY		5	49400	1725000	1725000	0	1789148.53	1772916.36	103.7188	102.77776	-16232.18	7/31/2026	Muni	100	Single	RFRSwap	4.606737	4.476708	2.582609177	-1.002594	0.026973914	 465 	0.3283	0.8651	0.2255	0.518	0.6907	0	0	2.5488	0	-128.1034	-89.61621	0	0	0	0	0	0	0	1.5572	0.017610716	8.64807864	1.6064	0.01788621	6.89727365	1.6105	0.017644355	5.11046437	2.4989	0.026386417	1.14652381	3.7797	0.038685925	-2.09301805	4.7881	0.046940211	-6.40952927
233_PUB_HTM	611576	652233JZ1	MUNI	IG-2	NEWPORT NEWS VA		4	48410	1945000	1945000	0	1945000	1945651.19	100	100.03348	651.19	7/31/2026	Muni	100	Single	RFRSwap	3.993324	3.999696	0.548894048	-1.653092	0.005500536	 107 	0.1233	0.0347	0.0408	0.1994	0.0397	0	0	0.3615	0	-160.1059	-26.32094	0	0	0	0	0	0	0	0.0447	0.000450558	0.48912659	0.079	0.000795589	0.43806134	0.0891	0.000895961	0.34830906	0.187	0.001876962	0.16973808	2.0364	0.020278987	-0.62991545	3.6273	0.035072338	-3.52130988
233_PUB_HTM	612950	652233LE5	MUNI	IG-2	NEWPORT NEWS VA		4	48061	1000000	1000000	0	1016474.53	1009226.6	101.6475	100.92266	-7247.93	7/31/2026	Muni	100	Single	RFRSwap	3.795664	3.636657	1.747650623	-0.9047254	0.017987285	 180 	0.655	0.1968	0.1959	0.731	0	0	0	1.6182	0	-151.2434	-105.2172	0	0	0	0	0	0	0	0.9997	0.010823674	5.35128762	0.9893	0.01060592	4.2798703	0.9792	0.010394681	3.22990008	1.5016	0.015598864	0.95982315	2.4456	0.024911519	-1.05937774	3.2142	0.031820636	-3.92210783
233_PUB_HTM	611254	652233LF2	MUNI	IG-2	NEWPORT NEWS VA		3	48427	1000000	1000000	0	1006360.76	966494.4	100.6361	96.64944	-39866.36	7/31/2026	Muni	100	Single	RFRSwap	3.626408	2.883786	4.018564224	-0.9107714	0.039441984	 394 	0.1159	0.2263	0.3545	2.7583	0.6031	0	0	3.9632	0	-88.4566	-59.25924	0	0	0	0	0	0	0	1.0042	0.010675201	8.15364822	0.9939	0.01046053	7.09692304	1.0844	0.01129854	6.04455029	3.4943	0.034844283	1.56876772	4.3059	0.041273165	-2.29758965	4.6873	0.0429429	-6.53482586
233_PUB_HTM	611762	652233LG0	MUNI	IG-2	NEWPORT NEWS VA		3	48792	1000000	1000000	0	1006127.59	954864.1	100.6128	95.48641	-51263.49	7/31/2026	Muni	100	Single	RFRSwap	3.738827	2.902631	4.773895741	-0.9001458	0.046300303	 463 	0.0759	0.1772	0.313	2.7141	1.5201	0	0	4.7946	0	-77.979	-51.06032	0	0	0	0	0	0	0	1.0036	0.010657112	9.19883018	0.9933	0.010442899	8.14389089	1.2389	0.01289051	7.0657261	4.3109	0.042433694	1.44754014	5.1248	0.048091013	-3.14682266	5.4759	0.048718646	-8.01686517
233_PUB_HTM	611857	652300NK6	MUNI	IG-2	NEWPORT OR		4	48366	260000	260000	0	260000	258869.83	100	99.56532	-1130.17	7/31/2026	Muni	100	Single	RFRSwap	4.083626	3.999148	1.741996646	-2.707471	0.017460378	 45 	0.285	0.1469	0.1889	0.9802	0.1591	0	0	1.4849	0	-101.8639	-12.91793	0	0	0	0	0	0	0	0.0317	0.000320312	0.76979217	0.056	0.000565278	0.73349312	0.0631	0.000636694	0.66972153	0.4459	0.004490381	0.47617625	2.9689	0.029365528	-1.32282604	4.0989	0.039093889	-4.85634754
233_PUB_HTM	611812	652300NL4	MUNI	IG-2	NEWPORT OR		4	48731	740000	740000	0	740000	735340.52	100	99.37034	-4659.48	7/31/2026	Muni	100	Single	RFRSwap	4.105848	3.999259	2.114990711	-2.885265	0.021157732	 157 	0.3005	0.1864	0.2172	1.0698	0.5003	0	0	2.0731	0	-101.545	-13.61741	0	0	0	0	0	0	0	0.0317	0.000320306	0.96457387	0.056	0.000565268	0.92827547	0.0631	0.000636682	0.86450503	0.8327	0.008381385	0.62125535	3.6751	0.036097914	-1.81359149	4.8194	0.045317397	-6.00534451
233_PUB_HTM	612223	6530636A0	MUNI	IG-2	NEWTON MA		3	48959	2090000	2090000	0	2090000	2025550.88	100	96.91631	-64449.12	7/31/2026	Muni	100	Single	RFRSwap	3.472865	2.999864	4.370615482	-1.747093	0.042416666	 887 	0.1563	0.2072	0.3047	2.1161	1.6247	0	0	4.2303	0	-120.4635	-79.30225	0	0	0	0	0	0	0	0.0447	0.000448916	3.48530883	0.0789	0.0007927	3.43442928	0.0889	0.000892718	3.34500237	3.9924	0.039198849	1.13429536	5.5942	0.052254703	-3.64089595	6.0871	0.053600974	-8.99369325
233_PUB_HTM	611414	6530637B7	MUNI	IG-2	NEWTON MA		3	48305	1490000	1490000	0	1490000	1457979.45	100	97.85097	-32020.55	7/31/2026	Muni	100	Single	RFRSwap	3.419843	2.99952	3.302286148	-1.536106	0.032643419	 486 	0.1902	0.2391	0.343	2.2884	0.308	0	0	3.1785	0	-118.5082	-78.89388	0	0	0	0	0	0	0	0.0446	0.000452739	2.55016437	0.0789	0.000799451	2.49885151	0.0889	0.000900322	2.40866296	2.4736	0.024774717	1.3044223	4.1378	0.040020775	-2.13059701	4.6326	0.042861257	-6.33065025
233_PUB_HTM	612938	653063X36	MUNI	IG-2	NEWTON MA	1	2.75	47209	220000	220000	0	220000	215694.8	100	98.04309	-4305.2	7/31/2026	Muni	100	Single	RFRSwap	3.698754	2.749	1.871497154	-0.2296008	0.01852029	 41 	0.334	0.9043	0.6294	0	0	0	0	1.882	0	-52.4519	-47.03543	0	0	0	0	0	0	0	0.0445	0.000450508	2.27838917	0.0786	0.000795526	2.22732867	0.0886	0.000895919	2.13758201	1.5952	0.01596169	1.10335885	1.9532	0.019189484	-0.71586032	1.9959	0.019223254	-2.64595106
233_PUB_HTM	611687	653063X69	MUNI	IG-2	NEWTON MA	1	3	48305	200000	200000	0	200000	190053.74	100	95.02687	-9946.26	7/31/2026	Muni	100	Single	RFRSwap	4.186602	2.999425	3.864427567	-0.2477655	0.037108887	 74 	0.0159	0.098	1.062	2.52	0.1735	0	0	4.0534	0	-7.004	-0.319544	0	0	0	0	0	0	0	0.0444	0.000449769	5.27642336	0.0784	0.000794231	5.22544631	0.0884	0.000894473	5.13584517	3.7284	0.036405757	1.61805015	4.0546	0.038059525	-2.15829262	4.0923	0.036876287	-5.91482474
233_PUB_HTM	612916	653234S54	MUNI	IG-2	NEWTOWN CT		3	47557	585000	585000	0	586247.95	584988.53	100.2133	99.99804	-1259.42	7/31/2026	Muni	100	Single	RFRSwap	2.999969	2.936902	1.582509041	-0.9302898	0.016004132	 94 	0.4513	0.2235	0.7138	0.2474	0	0	0	1.4675	0	-189.4195	-117.7188	0	0	0	0	0	0	0	0.5681	0.005958301	3.74514485	0.6131	0.00639317	3.1441395	0.6236	0.006462436	2.49372866	1.262	0.012869348	0.84665353	1.9563	0.019630153	-0.78999896	2.4843	0.024375357	-3.01419841
233_PUB_HTM	612201	653234S62	MUNI	IG-2	NEWTOWN CT		3	47922	585000	585000	0	586077.69	580348.96	100.1842	99.20495	-5728.73	7/31/2026	Muni	100	Single	RFRSwap	3.185831	2.956596	2.310953856	-1.198035	0.023187716	 136 	0.3403	0.2344	0.5491	1.179	0	0	0	2.0585	0	-157.8873	-99.53778	0	0	0	0	0	0	0	0.5673	0.0059386	4.34797198	0.6122	0.006372148	3.74894854	0.6247	0.00646226	3.10067056	1.8311	0.018562725	1.03686407	2.7545	0.027282134	-1.2929106	3.3093	0.031788152	-4.28171992
233_PUB_HTM	612696	653234S70	MUNI	IG-2	NEWTOWN CT		3	48288	585000	585000	0	585995.14	572278.77	100.1701	97.82543	-13716.37	7/31/2026	Muni	100	Single	RFRSwap	3.428081	2.966532	3.354421377	-1.237797	0.033194941	 194 	0.1975	0.2459	0.349	2.3075	0.2864	0	0	3.2184	0	-118.5862	-77.88969	0	0	0	0	0	0	0	0.566	0.005908821	5.43934122	0.6108	0.006340368	4.84331381	0.6371	0.006571684	4.19792163	2.6546	0.026615355	1.30396677	3.6895	0.035811502	-1.89614606	4.2177	0.03933619	-5.69345868
233_PUB_HTM	611333	653234S88	MUNI	IG-2	NEWTOWN CT		3	48653	585000	585000	0	585901.69	562153.41	100.1541	96.0946	-23748.28	7/31/2026	Muni	100	Single	RFRSwap	3.669224	2.973848	4.422093391	-1.033136	0.042995099	 252 	0.0934	0.1866	0.3197	2.7184	1.1152	0	0	4.3883	0	-86.0274	-56.71464	0	0	0	0	0	0	0	0.5649	0.00588337	6.92338034	0.6096	0.006313206	6.32991359	0.7107	0.007313664	5.67924766	3.7688	0.037198916	1.47518521	4.69	0.044349845	-2.6644439	5.1094	0.045991082	-7.21540434
233_PUB_HTM	611839	653234S96	MUNI	IG-2	NEWTOWN CT		3	49018	585000	585000	0	585815.17	552940.24	100.1393	94.5197	-32874.92	7/31/2026	Muni	100	Single	RFRSwap	3.835628	2.979133	5.309658051	-0.8377714	0.050788492	 297 	0.0466	0.14	0.27	2.5565	2.3047	0	0	5.4236	0	-67.3296	-43.27095	0	0	0	0	0	0	0	0.5643	0.005868862	8.35738929	0.609	0.006297722	7.76538221	0.908	0.009326921	7.07085982	4.8518	0.046958774	1.13278187	5.6641	0.051975645	-3.88958457	5.9619	0.051605709	-9.09318482
233_PUB_HTM	611444	653234T20	MUNI	IG-2	NEWTOWN CT		3	49383	585000	585000	0	585758.93	542407.26	100.1297	92.71919	-43351.67	7/31/2026	Muni	100	Single	RFRSwap	4.00663	2.982557	6.193070889	-0.5651736	0.058123533	 340 	0.016	0.0858	0.2057	1.9838	3.9032	0	0	6.5267	0	-49.2521	-29.50311	0	0	0	0	0	0	0	0.5636	0.005854876	10.0219287	0.6083	0.006282795	9.43132879	1.3359	0.013693239	8.64937084	5.84	0.055352654	0.92984242	6.483	0.057744104	-4.78232857	6.7306	0.056096464	-10.5069382
233_PUB_HTM	612535	653234T38	MUNI	IG-2	NEWTOWN CT		3	49749	580000	580000	0	580674.7	529267.81	100.1163	91.25307	-51406.9	7/31/2026	Muni	100	Single	RFRSwap	4.109401	2.985757	6.931922436	-0.4181007	0.06404154	 371 	0.0039	0.058	0.1647	0.9822	5.732	0	0	7.4457	0	-40.9421	-22.80272	0	0	0	0	0	0	0	0.5634	0.005848612	11.42709917	0.608	0.006276109	10.83712955	1.675	0.017142514	9.95631242	6.5437	0.061111018	1.00245818	7.173	0.062516056	-5.23125263	7.3881	0.059858698	-11.36592899
233_PUB_HTM	611548	653234T46	MUNI	IG-2	NEWTOWN CT		3	50114	580000	580000	0	580583.94	519237.58	100.1007	89.52372	-61346.36	7/31/2026	Muni	100	Single	RFRSwap	4.234534	2.988638	7.707532883	-0.2084955	0.06987422	 405 	-0.005	0.0309	0.12	0.4284	6.7079	0.4161	0	8.4896	0	-29.6312	-13.84941	0	0	0	0	0	0	0	0.563	0.005840083	13.07341862	0.6099	0.00629104	12.48430715	2.2282	0.022745086	11.4190371	7.3154	0.067018032	0.95478631	7.8565	0.066673957	-5.79235823	8.029	0.062917963	-12.29390899
233_PUB_HTM	612149	653742ER3	MUNI	IG-2	NICHOLASVILLE KY		2	48245	1385000	1385000	0	1309461.96	1232123.7	94.546	88.962	-77338.26	7/31/2026	Muni	100	Single	RFRSwap	4.273247	3.085777	4.950331688	0.216547	0.044534173	 617 	-0.0267	-0.0307	-0.0205	4.5275	0.4954	0	0	5.294	0	5.2181	6.627773	0	0	0	0	0	0	0	1.9934	0.021127434	16.02367188	2.431	0.02523886	13.86062229	3.9772	0.039971977	10.54174432	4.879	0.044727787	1.71264024	4.9202	0.042945478	-2.67857065	4.9032	0.040744461	-6.86486083
233_PUB_HTM	611721	653742ET9	MUNI	IG-2	NICHOLASVILLE KY	1	2	48976	3615000	3615000	0	3331550.87	3059193.75	92.1591	84.625	-272357.12	7/31/2026	Muni	100	Single	RFRSwap	4.593636	3.261811	6.216906071	0.4013757	0.05323226	 1,924 	-0.0261	-0.0374	-0.0783	3.7382	2.6163	0	0	6.8366	0	32.9682	33.8599	0	0	0	0	0	0	0	1.9905	0.020977765	19.76298878	3.4652	0.035663359	17.29379427	5.5673	0.054654121	12.54443174	6.2133	0.054042649	1.35420021	6.1953	0.050642502	-3.8820839	6.1348	0.047148485	-8.77127041
233_PUB_HTM	612330	6582563S9	MUNI	IG-2	NORTH CAROLINA ST		3	48366	5000000	5000000	0	5039366.94	4841935.5	100.7873	96.83871	-197431.44	7/31/2026	Muni	100	Single	RFRSwap	3.605199	2.852096	4.10427475	-0.588447	0.039950483	 1,998 	0.0226	0.3672	0.3923	2.8401	0.5071	0	0	4.0398	0	-90.0367	-60.8672	0	0	0	0	0	0	0	1.6684	0.018164849	11.53806793	1.7819	0.019076748	9.7220591	2.0748	0.021799006	7.72486605	3.858	0.038199522	1.67514667	4.3945	0.041739944	-2.35732692	4.6887	0.042546913	-6.59586593
233_PUB_HTM	612375	659666K34	MUNI	IG-2	NORTH HEMPSTEAD NY		2	49522	715000	715000	0	638276.67	577551.83	89.2695	80.77648	-60724.84	7/31/2026	Muni	100	Single	RFRSwap	4.636854	3.393617	7.7759552	0.6442921	0.063589022	 455 	-0.016	-0.0371	-0.0832	1.4218	6.4831	0	0	8.6829	0	30.258	31.75303	0	0	0	0	0	0	0	2.0047	0.021139693	23.67413058	4.822	0.049357239	20.58231373	7.1811	0.06902194	14.33915847	7.8053	0.064354949	0.6736972	7.7665	0.059236836	-5.50457028	7.6727	0.054172434	-11.17238855
233_PUB_HTM	611369	659666K42	MUNI	IG-2	NORTH HEMPSTEAD NY		2	49888	1040000	1040000	0	915345.66	816888.59	88.014	78.54698	-98457.07	7/31/2026	Muni	100	Single	RFRSwap	4.715445	3.425741	8.529924393	0.7802256	0.067852966	 706 	-0.0156	-0.0368	-0.0859	-0.2721	8.9343	0	0	9.6407	0	34.3255	35.89468	0	0	0	0	0	0	0	2.0133	0.021212637	25.81692623	5.49	0.055981014	22.42258488	7.9796	0.075821474	15.47180689	8.5577	0.068700269	0.73232889	8.4913	0.062591583	-5.83448571	8.3847	0.056803387	-11.8007817
233_PUB_HTM	612262	659666K59	MUNI	IG-2	NORTH HEMPSTEAD NY		2	50253	1060000	1060000	0	919995.44	809107.43	86.792	76.33089	-110888	7/31/2026	Muni	100	Single	RFRSwap	4.793798	3.45341	9.264778137	0.926638	0.071645357	 759 	-0.0154	-0.0363	-0.0872	-0.3137	8.7109	1.0015	0	10.6069	0	38.4237	39.99764	0	0	0	0	0	0	0	2.0427	0.021504836	27.94540003	6.3193	0.064092211	24.09282745	8.7993	0.082454801	16.37479776	9.3088	0.072554976	0.61171372	9.2093	0.065430813	-6.28213684	9.0758	0.058846585	-12.49156134
233_PUB_HTM	611250	659666K67	MUNI	IG-2	NORTH HEMPSTEAD NY		2	50618	1080000	1080000	0	924038.37	800251.81	85.5591	74.09739	-123786.56	7/31/2026	Muni	100	Single	RFRSwap	4.87692	3.482632	9.978058815	1.101493	0.07493262	 809 	-0.0151	-0.0357	-0.0875	-0.3359	8.2716	2.1779	0	11.6164	0	42.9744	44.52206	0	0	0	0	0	0	0	2.1011	0.022098798	30.0798904	7.2802	0.07333111	25.62978194	9.6515	0.088997893	17.11360301	10.0309	0.075752482	0.42154101	9.913	0.067754403	-6.74834391	9.7392	0.060338311	-13.14327425
233_PUB_HTM	612205	659666K75	MUNI	IG-2	NORTH HEMPSTEAD NY		2	50983	1105000	1105000	0	931898.32	790554.35	84.3347	71.54338	-141343.98	7/31/2026	Muni	100	Single	RFRSwap	5.00394	3.511267	10.66357708	1.289703	0.077357195	 855 	-0.0146	-0.0348	-0.0866	-0.3519	7.6268	3.5198	0	12.6258	0	52.2033	53.60506	0	0	0	0	0	0	0	2.2634	0.023759605	32.43089757	8.4768	0.084461473	27.09517812	10.5272	0.095042497	17.73911638	10.7267	0.078110985	0.27598491	10.5622	0.069141544	-7.08184054	10.3561	0.061060097	-13.58308978
233_PUB_HTM	611359	660266HV2	MUNI	IG-2	NORTH KANSAS CITY MO SCH DIST		4	46813	1000000	1000000	0	1000000	1000999.9	100	100.09999	999.9	7/31/2026	Muni	100	Single	RFRSwap	3.932461	3.998187	0.541723967	-0.5983661	0.005512943	 55 	0.3987	0.1575	0	0	0	0	0	0.5162	0	-80.0452	-34.00978	0	0	0	0	0	0	0	0.1682	0.001728906	1.05201512	0.2009	0.002061909	0.87351965	0.2103	0.002153544	0.65765953	0.2387	0.00243444	0.22737488	0.7175	0.00728621	-0.21215772	1.2578	0.012641178	-1.26108061
233_PUB_HTM	611719	660266HX8	MUNI	IG-2	NORTH KANSAS CITY MO SCH DIST		4	47543	4000000	4000000	0	4000000	4003035.2	100	100.07588	3035.2	7/31/2026	Muni	100	Single	RFRSwap	3.976242	3.999167	0.864822268	-1.2028	0.008798922	 352 	0.2841	0.0983	0.3515	0.1031	0	0	0	0.7042	0	-115.9012	-22.292	0	0	0	0	0	0	0	0.1685	0.001733339	1.15270553	0.2013	0.002067168	0.97375357	0.2106	0.002159008	0.75734438	0.3067	0.003129653	0.31066882	1.443	0.014613439	-0.47319885	2.4815	0.024616817	-2.54073554
233_PUB_HTM	611863	662323JZ8	MUNI	IG-2	NORTH SHORE NY CENTRL SCH DIST		3	47832	1050000	1050000	0	1050000	1025573.64	100	97.67368	-24426.36	7/31/2026	Muni	100	Single	RFRSwap	3.578889	2.999479	2.984880447	-0.9817864	0.029268848	 307 	0.1662	0.2415	1.0337	1.5697	0	0	0	2.8527	0	-86.1017	-60.10714	0	0	0	0	0	0	0	0.0446	0.00044912	2.69825637	0.0788	0.000793068	2.64735343	0.0888	0.000893142	2.55788454	2.4031	0.023874691	1.2921444	3.4842	0.033566952	-1.71633313	3.781	0.035113871	-5.18800331
233_PUB_HTM	611165	663804HX3	MUNI	IG-2	NORTHBRIDGE MA		3	50192	1000000	1000000	0	989803.34	912039.1	98.9803	91.20391	-77764.24	7/31/2026	Muni	100	Single	RFRSwap	4.008572	3.111321	7.46452713	-0.6296815	0.068452634	 685 	0.0092	0.0725	0.1738	0.5198	6.1728	0.5219	0	7.9908	0	-61.2429	-37.28725	0	0	0	0	0	0	0	0.675	0.007031759	12.4754905	0.8016	0.008293292	11.75448966	2.0628	0.021094335	10.55600859	6.9897	0.064783253	0.98053946	7.7903	0.067007542	-5.68954124	8.0931	0.064296328	-12.25816103
233_PUB_HTM	611803	663821VG8	MUNI	IG-2	NORTHBROOK IL		3	46722	2000000	2000000	0	2000000	2000078.4	100	100.00392	78.4	7/31/2026	Muni	100	Single	RFRSwap	2.995071	2.99809	0.371261954	-0.8034829	0.003731328	 75 	0.2892	0.0407	0	0	0	0	0	0.2097	0	-162.0546	-115.8083	0	0	0	0	0	0	0	0.0447	0.000451668	0.43470531	0.0791	0.000797549	0.38351422	0.0891	0.000898168	0.2935408	0.0982	0.00098768	0.11453001	0.6959	0.006982391	-0.17168782	1.147	0.011397053	-1.1403831
233_PUB_HTM	611848	663821VH6	MUNI	IG-2	NORTHBROOK IL		3	47088	1540000	1540000	0	1540000	1539371.99	100	99.95922	-628.01	7/31/2026	Muni	100	Single	RFRSwap	3.017116	2.998892	0.613758922	-1.341249	0.006165774	 95 	0.2466	0.3163	0.1256	0	0	0	0	0.7255	0	-181.5258	-115.5883	0	0	0	0	0	0	0	0.0448	0.000452191	0.49651609	0.0791	0.000798467	0.44526595	0.0892	0.000899196	0.35518924	0.1451	0.001460023	0.17597454	1.1264	0.011277441	-0.34051363	1.8485	0.018219421	-1.89660478
233_PUB_HTM	612348	663835GS9	MUNI	IG-2	NORTHBROOK IL PARK DIST		4	48914	1245000	1245000	0	1270732.95	1252045.21	102.0669	100.56588	-18687.74	7/31/2026	Muni	100	Single	RFRSwap	3.909818	3.675264	2.842849016	-1.265367	0.028778885	 358 	0.4347	0.4459	0.2579	1.0477	0.6581	0	0	2.5773	0	-141.0463	-59.39496	0	0	0	0	0	0	0	1.1717	0.012737062	7.47513962	1.2895	0.013852411	6.19134952	1.3188	0.013980659	4.78033082	2.6798	0.027443701	1.17571101	3.9452	0.039070778	-2.19771445	4.8354	0.045803156	-6.50814794
233_PUB_HTM	612697	666641JV8	MUNI	IG-2	NORTHPORT-EAST NORTHPORT NY UN		2	48519	715000	715000	0	682180.03	628703.36	95.4098	87.93054	-53476.67	7/31/2026	Muni	100	Single	RFRSwap	4.216416	2.805523	5.577988148	0.2499629	0.04932645	 353 	-0.0226	-0.0305	-0.0233	4.2487	1.4039	0	0	5.9221	0	-3.448	-1.228263	0	0	0	0	0	0	0	1.1354	0.011778611	15.31288916	1.6119	0.016524442	14.08450401	3.9632	0.039501477	11.23997571	5.4305	0.048997659	1.79601964	5.5183	0.047131114	-3.02139607	5.5206	0.044617563	-7.61100645
233_PUB_HTM	612239	666641JW6	MUNI	IG-2	NORTHPORT-EAST NORTHPORT NY UN		2	48884	2120000	2120000	0	1987704.38	1816912.08	93.7596	85.7034	-170792.3	7/31/2026	Muni	100	Single	RFRSwap	4.317231	2.96254	6.39574337	0.3642913	0.055133484	 1,169 	-0.0225	-0.0344	-0.0504	3.5721	2.9289	0	0	6.8766	0	3.3197	5.673335	0	0	0	0	0	0	0	1.1349	0.011764002	17.44899215	2.1796	0.022296159	16.0929386	5.0467	0.049712166	12.30015343	6.3234	0.055303369	1.25555518	6.3773	0.052338813	-4.13310047	6.3485	0.048889566	-9.19427801
233_PUB_HTM	611166	666641JX4	MUNI	IG-2	NORTHPORT-EAST NORTHPORT NY UN		2	49249	2165000	2165000	0	1991220.45	1804100.13	91.9732	83.33026	-187120.32	7/31/2026	Muni	100	Single	RFRSwap	4.434328	3.110347	7.198766708	0.4759624	0.060347445	 1,307 	-0.0223	-0.0362	-0.0676	2.5103	4.8141	0	0	7.84	0	11.713	14.03021	0	0	0	0	0	0	0	1.1344	0.011745608	19.70746108	3.122	0.031809129	18.05796976	6.1779	0.059910875	13.14636214	7.1978	0.06078741	0.6228895	7.2048	0.056618627	-5.24561253	7.157	0.05234313	-10.69473159
233_PUB_HTM	611490	66702RNZ1	MUNI	IG-2	NORTHSIDE TX INDEP SCH DIST		4	48806	2000000	2000000	0	2001216.86	2000765.4	100.0608	100.03827	-451.46	7/31/2026	Muni	100	Single	RFRSwap	2.960183	2.391017	0.039864812	0.000117704	0.000406154	 8 	0.0399	0	0	0	0	0	0	0.0389	0	-91.6663	-91.66633	0	0	0	0	0	0	0	0.0202	0.000205853	0.17152018	0.0356	0.000363335	0.14819053	0.0401	0.00040933	0.10719661	0.0399	0.000406909	0.02557316	0.0398	0.000405709	-0.0150577	0.0397	0.000404516	-0.05556887
233_PUB_HTM	611922	66702RXX5	MUNI	IG-2	NORTHSIDE TX INDEP SCH DIST		3	50922	375000	375000	0	377405.05	312609.41	100.6413	83.36251	-64795.63	7/31/2026	Muni	100	Single	RFRSwap	4.745465	2.939421	9.531140327	0.597033	0.079930536	 300 	-0.0082	-0.0149	0.021	0.1658	6.7955	2.5728	0	11.1727	0	19.7588	29.3075	0	0	0	0	0	0	0	2.6168	0.028699355	25.81269062	4.0233	0.042840231	22.61652748	7.23	0.0727074	16.7011234	9.5439	0.080537461	0.52414228	9.693	0.074276	-7.23423609	9.6101	0.066858456	-14.29130258
233_PUB_HTM	611804	667712BW2	MUNI	IG-2	N W OH LOCAL SCH DIST HAMILTON		3	48914	1300000	1300000	0	1300000	1235576.16	100	95.04432	-64423.84	7/31/2026	Muni	100	Single	RFRSwap	3.779582	2.999621	5.159452915	-0.915711	0.049295641	 641 	0.0506	0.1467	0.2819	2.7181	1.9783	0	0	5.2116	0	-69.944	-48.08281	0	0	0	0	0	0	0	0.0445	0.000449212	5.31362766	0.0787	0.000793234	5.26271421	0.0887	0.000893332	5.17322644	5.0599	0.049007677	1.31046778	5.9269	0.054275949	-3.96808245	6.1425	0.052940387	-9.35685797
233_PUB_HTM	612609	667712BX0	MUNI	IG-2	N W OH LOCAL SCH DIST HAMILTON		3	49279	685000	685000	0	685000	643008.13	100	93.8698	-41991.87	7/31/2026	Muni	100	Single	RFRSwap	3.867087	2.999662	5.913107872	-0.8364227	0.05580188	 382 	0.0239	0.1094	0.2424	2.1962	3.3762	0	0	6.1183	0	-62.6964	-42.62088	0	0	0	0	0	0	0	0.0445	0.00044902	6.48181825	0.0787	0.000792896	6.43092653	0.0887	0.000892954	6.34147677	6.0772	0.057896264	0.89767558	6.763	0.060373113	-5.10051789	6.8957	0.057478238	-11.01617635
233_PUB_HTM	611512	667825Z97	MUNI	IG-2	NORTHWEST TX INDEP SCH DIST		4	48259	255000	255000	0	255000	254783.53	100	99.91511	-216.47	7/31/2026	Muni	100	Single	RFRSwap	4.016957	3.999711	1.15572226	-2.029157	0.011760578	 30 	0.2691	0.12	0.1385	0.6235	0.0652	0	0	1.0775	0	-122.4314	-18.80012	0	0	0	0	0	0	0	0.1454	0.001494919	1.07295317	0.1605	0.001648114	0.92096974	0.1647	0.001688526	0.75175795	0.396	0.004044386	0.38325915	2.4809	0.025006073	-0.96570008	3.7368	0.036473855	-4.15139853
233_PUB_HTM	612633	669555XE9	MUNI	IG-2	NORWOOD MA		3	48410	1560000	1560000	0	1560000	1520973.79	100	97.49832	-39026.21	7/31/2026	Muni	100	Single	RFRSwap	3.468358	2.999833	3.596199512	-1.497322	0.035110291	 548 	0.1803	0.2199	0.3358	2.4061	0.494	0	0	3.4238	0	-113.1477	-74.87509	0	0	0	0	0	0	0	0.0446	0.000448722	2.89691415	0.0789	0.000792358	2.84605657	0.0889	0.000892335	2.7566681	2.8751	0.028471163	1.39639214	4.4038	0.0419893	-2.28418913	4.8977	0.044551849	-6.66655522
233_PUB_HTM	612034	669555XF6	MUNI	IG-2	NORWOOD MA		3	48775	1545000	1545000	0	1545000	1501387.43	100	97.17718	-43612.57	7/31/2026	Muni	100	Single	RFRSwap	3.459942	2.999855	4.077076912	-1.703416	0.039674245	 613 	0.1679	0.2028	0.3073	2.2299	1.1834	0	0	3.8746	0	-120.2144	-78.757	0	0	0	0	0	0	0	0.0447	0.00044891	3.22422137	0.0789	0.000792688	3.17334257	0.0889	0.000892705	3.08391697	3.4699	0.034218509	1.30491112	5.1504	0.048561271	-3.02404111	5.6556	0.050493229	-8.02971855
233_PUB_HTM	611943	669555XG4	MUNI	IG-2	NORWOOD MA		3	49140	525000	525000	0	525000	505441.65	100	96.2746	-19558.35	7/31/2026	Muni	100	Single	RFRSwap	3.541285	2.999872	4.835888863	-1.607563	0.046621807	 245 	0.1217	0.1893	0.2974	2.0344	2.2287	0	0	4.7498	0	-111.5764	-73.8833	0	0	0	0	0	0	0	0.0446	0.00044868	4.11926316	0.0789	0.000792285	4.0684103	0.0889	0.000892253	3.97903008	4.7195	0.045956429	0.96730928	6.1213	0.056375787	-4.30990007	6.5046	0.056212597	-9.98881248
233_PUB_HTM	611842	669878EV8	MUNI	IG-2	NOVATO CA UNIF SCH DIST		4	48061	1605000	1605000	0	1605000	1605701.55	100	100.04371	701.55	7/31/2026	Muni	100	Single	RFRSwap	3.99027	4	0.849973619	-1.82535	0.008673446	 139 	0.231	0.074	0.0931	0.4391	0	0	0	0.6403	0	-131.4706	-20.20107	0	0	0	0	0	0	0	0.1263	0.001297865	0.73420096	0.1259	0.001292842	0.60466595	0.1256	0.001287851	0.47563165	0.125	0.001277965	0.21905229	1.9617	0.019876627	-0.72162858	3.3432	0.032939754	-3.51616573
233_PUB_HTM	611186	669878EW6	MUNI	IG-2	NOVATO CA UNIF SCH DIST		4	48427	1765000	1765000	0	1765000	1765504.79	100	100.0286	504.79	7/31/2026	Muni	100	Single	RFRSwap	3.994592	4	0.971065104	-2.195	0.009907641	 175 	0.2349	0.0776	0.0923	0.4591	0.0842	0	0	0.6966	0	-138.8992	-22.33316	0	0	0	0	0	0	0	0.1263	0.001298474	0.7587751	0.126	0.001293446	0.62917941	0.1257	0.001288449	0.50008498	0.1482	0.001516017	0.24338696	2.3456	0.023727631	-0.8703394	3.8592	0.037791222	-4.10288525
233_PUB_HTM	611618	669878EX4	MUNI	IG-2	NOVATO CA UNIF SCH DIST		3.25	48792	1500000	1500000	0	1500000	1483855.35	100	98.92369	-16144.65	7/31/2026	Muni	100	Single	RFRSwap	3.424228	3.25	2.866329432	-2.851417	0.028820567	 432 	0.2975	0.2284	0.2741	1.4119	0.7523	0	0	2.7822	0	-150.5481	-82.48215	0	0	0	0	0	0	0	0.1269	0.001298219	1.78450296	0.1265	0.001293186	1.65493299	0.1262	0.001288186	1.52586467	1.721	0.017455954	0.8790807	4.4091	0.043270346	-2.4098956	5.2677	0.049209125	-7.13216856
233_PUB_HTM	612595	670386RC7	MUNI	IG-2	NUECES CNTY TX		4	48990	250000	250000	0	260784.81	252427.38	104.3139	100.97095	-8357.43	7/31/2026	Muni	100	Single	RFRSwap	3.850175	3.347609	4.319358349	-0.5929852	0.044409655	 111 	-0.0023	-0.0025	1.3897	1.7591	1.1996	0	0	4.4462	0	-105.7015	-51.28761	0	0	0	0	0	0	0	2.9148	0.034688383	16.19199124	2.8993	0.033516925	12.78933242	3.038	0.03410551	9.4468327	4.4591	0.046507973	1.48307793	5.0912	0.050611906	-3.40508177	5.471	0.051574562	-8.54613602
233_PUB_HTM	612144	670386RD5	MUNI	IG-2	NUECES CNTY TX		4	49355	500000	500000	0	521340.02	502888.35	104.268	100.57767	-18451.67	7/31/2026	Muni	100	Single	RFRSwap	3.919548	3.41926	4.686057568	-0.7065755	0.04799559	 240 	-0.0022	-0.0024	1.2982	1.4767	1.924	0	0	4.833	0	-105.7537	-37.76928	0	0	0	0	0	0	0	2.9149	0.034696665	16.60859276	2.9018	0.033552572	13.20494231	3.1172	0.034992009	9.83359907	4.9075	0.050904326	1.3050856	5.6322	0.055408105	-4.04544336	6.0649	0.056265499	-9.65047462
233_PUB_HTM	611546	670386RF0	MUNI	IG-2	NUECES CNTY TX		4	50086	2500000	2500000	0	2604601.49	2470863.5	104.1841	98.83454	-133737.99	7/31/2026	Muni	100	Single	RFRSwap	4.137391	3.521185	5.633433819	-0.8318895	0.056716841	 1,418 	-0.0025	-0.0017	1.024	0.8139	3.6188	0.1716	0	5.8814	0	-86.5683	-22.85792	0	0	0	0	0	0	0	2.9116	0.034473203	17.72229766	2.9036	0.033397079	14.3399668	3.2865	0.036677517	10.92199222	5.8102	0.059249792	1.29566859	6.7089	0.064235918	-4.93099225	7.1729	0.064050049	-11.38410729
233_PUB_HTM	611400	670386RG8	MUNI	IG-2	NUECES CNTY TX		4	50451	1750000	1750000	0	1822128.36	1708339.5	104.1216	97.6194	-113788.86	7/31/2026	Muni	100	Single	RFRSwap	4.263179	3.561146	6.193749428	-0.9199622	0.061605413	 1,078 	-0.0017	-0.0011	0.8603	0.8129	3.9492	0.5921	0	6.522	0	-72.3917	-13.78948	0	0	0	0	0	0	0	2.909	0.034304515	18.46187745	2.9078	0.033311799	15.09523455	3.4665	0.038507007	11.62035442	6.4233	0.064637177	1.16552999	7.2988	0.068549477	-5.54518356	7.7823	0.067754857	-12.40071694
233_PUB_HTM	611664	671089BS8	MUNI	IG-2	OAK BROOK IL PARK DIST		4	48517	945000	945000	0	962937.75	951014.45	101.8982	100.63645	-11923.29	7/31/2026	Muni	100	Single	RFRSwap	3.883456	3.656688	2.468297243	-1.097138	0.025086898	 237 	0.5061	0.3871	0.2343	1.0583	0.2709	0	0	2.2112	0	-134.4284	-67.85411	0	0	0	0	0	0	0	1.129	0.012247294	6.84164101	1.2152	0.013032853	5.61200162	1.2325	0.013055928	4.29200369	2.1731	0.02234913	1.20997595	3.288	0.032904312	-1.56358364	4.1314	0.039823074	-5.24432216
233_PUB_HTM	611864	671089BT6	MUNI	IG-2	OAK BROOK IL PARK DIST		4	48882	985000	985000	0	1003454.91	990328.85	101.8736	100.541	-13126.06	7/31/2026	Muni	100	Single	RFRSwap	3.912799	3.702243	2.713626623	-1.310546	0.027554436	 271 	0.4709	0.3963	0.259	1.0188	0.6011	0	0	2.5331	0	-139.2463	-60.0231	0	0	0	0	0	0	0	1.1294	0.012259636	7.01374272	1.2156	0.013045911	5.78286736	1.2337	0.013077823	4.46155055	2.4956	0.025623221	1.13332845	3.8533	0.038316894	-2.10243164	4.7943	0.045631591	-6.36300631
233_PUB_HTM	612958	671089BU3	MUNI	IG-2	OAK BROOK IL PARK DIST		4	49247	1025000	1025000	0	1041267.97	1030479.86	101.5871	100.53462	-10788.12	7/31/2026	Muni	100	Single	RFRSwap	3.922824	3.773668	2.898402214	-1.505413	0.029428815	 302 	0.4553	0.3986	0.2614	0.8639	0.9785	0	0	2.6846	0	-147.3903	-59.49928	0	0	0	0	0	0	0	1.1299	0.012279296	7.14216889	1.2161	0.013066709	5.90932487	1.2352	0.013108528	4.58582659	2.8497	0.029219694	1.00020478	4.3942	0.043440651	-2.67605815	5.404	0.05084553	-7.44632527
233_PUB_HTM	612077	671089BV1	MUNI	IG-2	OAK BROOK IL PARK DIST		4	49612	1065000	1065000	0	1081663.61	1071120.66	101.5647	100.57471	-10542.95	7/31/2026	Muni	100	Single	RFRSwap	3.924678	3.797208	3.051152706	-1.6875	0.030991996	 330 	0.451	0.4032	0.2587	0.6301	1.3932	0	0	2.9043	0	-156.7518	-62.78997	0	0	0	0	0	0	0	1.1305	0.012302527	7.24622634	1.2168	0.013091287	6.011056	1.2359	0.013132247	4.68512985	2.9836	0.030613497	1.02998116	4.7184	0.04657688	-2.86085997	5.8042	0.054335702	-7.96012342
233_PUB_HTM	612612	671130PM8	MUNI	IG-2	OAK CREEK-FRANKLIN WI JT SCH D		3	49766	5000000	5000000	0	5008883.27	4545845	100.1777	90.9169	-463038.27	7/31/2026	Muni	100	Single	RFRSwap	4.149817	2.978413	7.031505585	-0.3595104	0.064631417	 3,232 	0.0021	0.0488	0.1555	0.9115	5.9162	0	0	7.547	0	-35.9738	-18.95764	0	0	0	0	0	0	0	0.5866	0.006089378	11.89115212	0.6484	0.006690566	11.27431795	1.8533	0.018941112	10.28421517	6.661	0.061891381	0.99970563	7.2532	0.062837243	-5.28302606	7.4458	0.059923694	-11.43663659
233_PUB_HTM	611416	671205S60	MUNI	IG-2	OAK GROVE CA SCH DIST		4	48427	1685000	1685000	0	1685000	1685725.56	100	100.04306	725.56	7/31/2026	Muni	100	Single	RFRSwap	3.991859	4	0.931381285	-2.121609	0.009504099	 160 	0.2296	0.0695	0.0835	0.4398	0.0759	0	0	0.6941	0	-141.1927	-22.60655	0	0	0	0	0	0	0	0.1263	0.001298663	0.74723796	0.126	0.001293632	0.61762352	0.1257	0.001288634	0.48851051	0.1264	0.001292878	0.23177584	2.2794	0.023068244	-0.8406239	3.8377	0.037610818	-4.03961034
233_PUB_HTM	611500	671205S78	MUNI	IG-2	OAK GROVE CA SCH DIST		4	48792	315000	315000	0	315000	315114.75	100	100.03643	114.75	7/31/2026	Muni	100	Single	RFRSwap	3.993983	4	1.023287416	-2.430876	0.01044126	 33 	0.2311	0.0697	0.0823	0.4136	0.195	0	0	0.7497	0	-148.7174	-25.36667	0	0	0	0	0	0	0	0.1264	0.001299281	0.76346039	0.1261	0.001294245	0.63378442	0.1257	0.001289241	0.50461044	0.2373	0.00242676	0.24775543	2.8891	0.029146198	-1.1517104	4.4791	0.043491729	-4.93644383
233_PUB_HTM	612927	67184PHS3	MUNI	IG-2	OAKBROOK TERRACE IL		3	46371	315000	315000	0	315000	314972.66	100	99.99132	-27.34	7/31/2026	Muni	100	Single	RFRSwap	3.012035	2.988544	0.209635258	-0.3276942	0.002104207	 7 	0.2096	0	0	0	0	0	0	0.1281	0	-101.8484	-91.63423	0	0	0	0	0	0	0	0.0446	0.000449539	0.3943747	0.0788	0.000793803	0.34342446	0.0888	0.000893965	0.25387284	0.0932	0.000935999	0.07569639	0.3201	0.003209434	-0.10434227	0.3726	0.003722903	-0.4668956
233_PUB_HTM	612787	67184PHT1	MUNI	IG-2	OAKBROOK TERRACE IL		3	46736	330000	330000	0	330000	329677.13	100	99.90216	-322.87	7/31/2026	Muni	100	Single	RFRSwap	3.071731	2.998411	0.594847441	-0.9571849	0.005965457	 20 	0.464	0.1542	0	0	0	0	0	0.5909	0	-143.3819	-108.6232	0	0	0	0	0	0	0	0.0447	0.000450646	0.51988499	0.079	0.000795748	0.46880961	0.089	0.000896145	0.3790391	0.1402	0.001408502	0.19820292	0.8614	0.008617429	-0.24037985	1.2105	0.011980823	-1.31524044
233_PUB_HTM	611935	67184PHU8	MUNI	IG-2	OAKBROOK TERRACE IL		3	47102	355000	355000	0	355000	354201.04	100	99.77494	-798.96	7/31/2026	Muni	100	Single	RFRSwap	3.09817	2.999067	0.993720233	-1.37737	0.00995293	 35 	0.2823	0.4825	0.196	0	0	0	0	0.7888	0	-162.0465	-107.6104	0	0	0	0	0	0	0	0.0447	0.000451145	0.66346943	0.0791	0.000796625	0.61233764	0.0891	0.000897128	0.52246844	0.2263	0.002273448	0.32032352	1.3932	0.013891644	-0.44625329	1.9348	0.018965771	-2.13438217
233_PUB_HTM	612500	672240VM7	MUNI	IG-2	OAKLAND CA		2	49324	950000	950000	0	866789.52	802509.27	91.241	84.47466	-64280.25	7/31/2026	Muni	100	Single	RFRSwap	4.200325	3.189968	7.351347446	0.4524975	0.062165603	 591 	-0.0255	-0.0389	-0.0482	2.2914	5.1611	0	0	7.9148	0	-13.8007	-10.15805	0	0	0	0	0	0	0	3.341	0.036355007	24.24994224	5.155	0.053868059	19.93303748	6.6693	0.065603659	13.80319462	7.4154	0.063188888	0.64956508	7.4208	0.05870568	-5.45389921	7.3803	0.054220263	-11.09686226
233_PUB_HTM	612819	672240VP0	MUNI	IG-2	OAKLAND CA		2.125	50055	2000000	2000000	0	1800691.4	1606870.8	90.0346	80.34354	-193820.6	7/31/2026	Muni	100	Single	RFRSwap	4.502723	3.257198	8.82628727	0.7464318	0.070996873	 1,420 	-0.0233	-0.035	-0.0681	-0.1507	8.6854	0.4131	0	9.7891	0	9.4364	12.86927	0	0	0	0	0	0	0	3.3695	0.03652114	27.94842732	6.0167	0.062376585	23.23429615	8.0268	0.077426255	16.02210854	8.8609	0.071932048	0.74100495	8.8537	0.065775059	-6.14705805	8.7609	0.05959681	-12.41227469
233_PUB_HTM	611879	672240VQ8	MUNI	IG-2	OAKLAND CA		2.25	50420	1050000	1050000	0	942831.42	834730.16	89.7935	79.49811	-108101.26	7/31/2026	Muni	100	Single	RFRSwap	4.568456	3.328842	9.435119629	0.8342597	0.075101763	 789 	-0.0214	-0.0319	-0.0605	-0.1312	8.2634	1.4164	0	10.5996	0	11.5396	15.78487	0	0	0	0	0	0	0	3.3683	0.03663294	29.16060509	6.2151	0.064611763	24.36115728	8.5036	0.081962004	16.78733271	9.4751	0.075979345	0.59060588	9.4678	0.069048665	-6.66806351	9.3659	0.062162247	-13.22695586
233_PUB_HTM	612107	6775226V1	MUNI	IG-2	OHIO ST		4	50526	2375000	2375000	0	2514083.39	2383409.16	105.8561	100.35407	-130674.23	7/31/2026	Muni	100	Single	RFRSwap	3.961493	3.391142	6.822496891	-0.3153769	0.069148786	 1,642 	-0.0026	-0.004	0.1556	1.9536	4.0092	0.6987	0	7.4236	0	-103.7006	-44.62215	0	0	0	0	0	0	0	4.3722	0.055532072	25.65813017	4.4902	0.054589905	20.22060836	5.1124	0.059271064	14.58257914	7.076	0.072575346	1.21081558	7.6773	0.073106311	-6.12967362	7.9953	0.070376299	-13.33205027
233_PUB_HTM	612839	6775226W9	MUNI	IG-2	OHIO ST		3	50891	2470000	2470000	0	2442782.99	2108243.8	98.8981	85.354	-334539.19	7/31/2026	Muni	100	Single	RFRSwap	4.523813	3.105041	9.383028984	0.5921733	0.080791637	 1,996 	-0.0104	-0.0179	-0.025	0.3523	6.6743	2.3943	0	10.9104	0	-5.0224	7.454129	0	0	0	0	0	0	0	4.4568	0.051951528	30.46197557	5.8391	0.064795561	24.86411272	7.8627	0.081420802	17.4487366	9.4641	0.082017839	0.55849431	9.604	0.075644016	-7.3410383	9.5621	0.068424717	-14.54581108
233_PUB_HTM	612047	6775226Y5	MUNI	IG-2	OHIO ST		4	51622	2500000	2500000	0	2639527.38	2458282.25	105.5811	98.33129	-181245.13	7/31/2026	Muni	100	Single	RFRSwap	4.151954	3.511586	7.938910961	-0.4722334	0.078858227	 1,971 	-0.0023	-0.0035	0.118	1.6578	3.7091	2.4866	0	9.0198	0	-96.4767	-35.07935	0	0	0	0	0	0	0	4.37	0.055331897	27.2863039	4.552	0.05516246	21.85213215	5.5464	0.063954756	15.97793939	8.273	0.08293429	0.91580097	9.0087	0.082789414	-7.43215719	9.3578	0.078426763	-15.52191964
233_PUB_HTM	611559	6775227T5	MUNI	IG-2	OHIO ST		4	51302	1940000	1940000	0	2052240.74	1921371.15	105.7856	99.03975	-130869.59	7/31/2026	Muni	100	Single	RFRSwap	4.091032	3.470672	7.722183228	-0.4010628	0.076875001	 1,491 	-0.0008	-0.0033	0.0675	1.812	3.9632	1.8785	0	8.4828	0	-100.3423	-38.75163	0	0	0	0	0	0	0	4.4348	0.056282133	27.35821696	4.6621	0.056585617	21.8227483	5.5708	0.064276218	15.82927448	7.9956	0.080398127	1.00178086	8.716	0.080573522	-7.10726731	9.0371	0.076431841	-14.97500791
233_PUB_HTM	612488	678519PV5	MUNI	IG-2	OKLAHOMA CITY OK		3.2	48274	3740000	3740000	0	3740000	3704027.18	100	99.03816	-35972.82	7/31/2026	Muni	100	Single	RFRSwap	3.390169	3.199652	2.467927694	-2.135113	0.024770958	 926 	0.2904	0.2208	0.2842	1.5425	0.1755	0	0	2.344	0	-143.324	-81.50392	0	0	0	0	0	0	0	0.1692	0.001733287	2.08138213	0.202	0.002066096	1.90245387	0.2114	0.002157618	1.68618274	1.4102	0.014282366	0.90502696	3.5284	0.034816191	-1.69644948	4.3103	0.040865283	-5.56373473
233_PUB_HTM	612915	678519PW3	MUNI	IG-2	OKLAHOMA CITY OK		3.25	48639	260000	260000	0	260000	256561.45	100	98.67748	-3438.55	7/31/2026	Muni	100	Single	RFRSwap	3.476151	3.24969	2.965064526	-2.27227	0.029660027	 77 	0.2588	0.231	0.2917	1.6462	0.6206	0	0	2.8192	0	-136.8674	-75.82624	0	0	0	0	0	0	0	0.1691	0.001732702	2.438748	0.2019	0.002065465	2.25987883	0.2113	0.00215698	2.04367188	1.9425	0.019635871	1.05330739	4.2353	0.041430101	-2.20986656	5.0354	0.046986081	-6.71935935
233_PUB_HTM	611718	6817125U5	MUNI	IG-2	OMAHA NE		3	49780	1960000	1960000	0	1976859.01	1768337.48	100.8602	90.2213	-208521.53	7/31/2026	Muni	100	Single	RFRSwap	4.238976	2.897378	7.212038994	-0.07069348	0.065705016	 1,288 	-0.0113	0.009	0.1893	0.8734	6.1607	0	0	7.7706	0	-25.8654	-10.14035	0	0	0	0	0	0	0	2.5548	0.028390745	20.02376911	2.8958	0.031353883	17.1671875	4.6967	0.048993398	13.21093623	7.2128	0.066429511	0.99481172	7.5455	0.064527631	-5.58708111	7.6503	0.060629826	-11.85347432
233_PUB_HTM	612712	6817125V3	MUNI	IG-2	OMAHA NE		4	50145	730000	730000	0	756556.94	729592.37	103.6379	99.94416	-26964.57	7/31/2026	Muni	100	Single	RFRSwap	4.005909	3.587279	5.177940845	-1.144979	0.052360341	 382 	-0.0021	0.2446	0.9678	0.6936	3.0705	0.1946	0	5.2248	0	-116.8087	-36.49669	0	0	0	0	0	0	0	2.5371	0.029641064	15.70726003	2.5918	0.029521793	12.7805704	2.8322	0.031411912	9.78841262	5.3236	0.054531474	1.31060297	6.4332	0.062092505	-4.60235308	7.1082	0.064093679	-10.95360485
233_PUB_HTM	612549	6822168T6	MUNI	IG-2	ONALASKA WI	1	2.75	48488	500000	500000	0	500000	466457.5	100	93.2915	-33542.5	7/31/2026	Muni	100	Single	RFRSwap	4.208565	2.749564	4.433996677	-0.05383076	0.04177187	 209 	-0.0053	0.0303	0.622	3.3601	0.423	0	0	4.7376	0	-3.0849	0.723681	0	0	0	0	0	0	0	0.0444	0.000449199	6.98679539	0.0784	0.000793227	6.93588284	0.0884	0.000893342	6.84639499	4.3834	0.042040594	1.6996361	4.5553	0.041765891	-2.52234607	4.5507	0.039863359	-6.6090885
233_PUB_HTM	612750	68277DET7	MUNI	IG-2	ONONDAGA CNTY NY		2	49963	880000	880000	0	784426.61	695686.55	89.1394	79.05529	-88740.06	7/31/2026	Muni	100	Single	RFRSwap	4.593498	3.259312	8.706476212	0.7784837	0.06934201	 610 	-0.0207	-0.0368	-0.0834	-0.2437	8.8858	0.1903	0	9.7201	0	20.6699	22.89921	0	0	0	0	0	0	0	2.123	0.022415873	25.94203269	5.3298	0.054469451	22.55290602	7.9411	0.0757064	15.69074949	8.7246	0.070125744	0.73289653	8.6823	0.063963644	-5.9727727	8.5815	0.057991117	-12.06744553
233_PUB_HTM	611232	68277DEU4	MUNI	IG-2	ONONDAGA CNTY NY		2	50328	1120000	1120000	0	952082.66	861172.03	85.0074	76.89036	-90910.63	7/31/2026	Muni	100	Single	RFRSwap	4.672239	3.641162	9.437345505	0.9389587	0.073119842	 819 	-0.0203	-0.0365	-0.086	-0.2806	8.6389	1.2205	0	10.6981	0	24.7783	27.02339	0	0	0	0	0	0	0	2.1489	0.022668643	28.00910076	6.1229	0.062261112	24.20667445	8.7859	0.082635194	16.57507622	9.4783	0.073993966	0.58711168	9.4116	0.066849187	-6.45057461	9.2824	0.060049471	-12.78718124
233_PUB_HTM	611710	68609BC70	MUNI	IG-2	OREGON ST		5	48731	600000	600000	0	613117.9	610073.46	102.1863	101.67891	-3044.44	7/31/2026	Muni	100	Single	RFRSwap	4.70869	4.622126	1.472631574	-0.8790258	0.015096277	 91 	0.6699	0.1173	0.1076	0.4117	0.1798	0	0	1.3099	0	-154.4006	-112.757	0	0	0	0	0	0	0	0.672	0.007165201	4.11780094	0.7963	0.008432698	3.38295029	0.8284	0.008699853	2.50554728	1.0735	0.011081917	0.71541571	2.1256	0.021608206	-0.85648144	3.315	0.032791469	-3.59262844
233_PUB_HTM	611399	68609BE78	MUNI	IG-2	OREGON ST		4	47209	5590000	5590000	0	5656235.91	5634846.89	101.1849	100.80227	-21389.02	7/31/2026	Muni	100	Single	RFRSwap	3.679779	3.52898	1.016657948	-0.4313579	0.010383697	 580 	0.5831	0.2304	0.2118	0	0	0	0	0.9449	0	-149.4919	-124.4032	0	0	0	0	0	0	0	0.587	0.006190643	3.3234596	0.6491	0.006804292	2.69633331	0.6643	0.006917932	1.99979841	0.7809	0.008022857	0.59779583	1.2232	0.012443727	-0.40055994	1.7464	0.017503094	-1.91387575
233_PUB_HTM	611952	68609BE86	MUNI	IG-2	OREGON ST		4	47574	1275000	1275000	0	1289095.39	1283209.6	101.1055	100.64389	-5885.79	7/31/2026	Muni	100	Single	RFRSwap	3.808944	3.67379	1.219643474	-0.7392557	0.012437585	 159 	0.5468	0.1476	0.3989	0.1511	0	0	0	1.113	0	-145.0987	-100.4376	0	0	0	0	0	0	0	0.5869	0.006187924	3.45572076	0.6489	0.00680132	2.82886922	0.6642	0.006914927	2.13263771	0.9091	0.009332885	0.68223399	1.6705	0.016934179	-0.605513	2.386	0.023697218	-2.65789028
233_PUB_HTM	611704	68609BN86	MUNI	IG-2	OREGON ST		5	47696	3070000	3070000	0	3153742.41	3136770.35	102.7278	102.17493	-16972.06	7/31/2026	Muni	100	Single	RFRSwap	4.401058	4.25122	1.204379559	-0.3853033	0.012606834	 387 	0.8255	0.0979	0.178	0.1141	0	0	0	1.1843	0	-145.982	-132.8407	0	0	0	0	0	0	0	0.9923	0.010879763	4.96868526	0.982	0.010661251	3.89169704	0.9719	0.010449269	2.83623107	1.0225	0.010781397	0.76579215	1.4276	0.014875415	-0.47914357	2.0506	0.020999048	-2.26814709
233_PUB_HTM	612451	68609BN94	MUNI	IG-2	OREGON ST		5	48061	1800000	1800000	0	1848018.76	1838614.14	102.6677	102.14523	-9404.62	7/31/2026	Muni	100	Single	RFRSwap	4.515889	4.399799	1.303010702	-0.5293895	0.013635386	 245 	0.8137	0.0994	0.0912	0.2997	0	0	0	1.2384	0	-147.7655	-129.8568	0	0	0	0	0	0	0	0.9923	0.010880094	5.0005416	0.982	0.010661574	3.9235207	0.9719	0.010449586	2.86802275	1.0832	0.01142016	0.78211412	1.6848	0.017527319	-0.61473752	2.4656	0.025123624	-2.74934915
233_PUB_HTM	612724	68609BP43	MUNI	IG-2	OREGON ST		5	49157	2000000	2000000	0	2051240.77	2038556.2	102.562	101.92781	-12684.57	7/31/2026	Muni	100	Single	RFRSwap	4.708009	4.613387	1.7099998	-1.023015	0.017857153	 357 	0.7153	0.1703	0.1309	0.4001	0.3654	0	0	1.6378	0	-145.4387	-107.9734	0	0	0	0	0	0	0	0.9919	0.010868488	5.14236084	0.9816	0.010650262	4.06648568	0.9716	0.010438558	3.01210456	1.4139	0.014876076	0.78789082	2.7411	0.028257076	-1.34144727	4.1226	0.041051134	-4.85269405
233_PUB_HTM	611497	68609BR74	MUNI	IG-2	OREGON ST		4	48427	2245000	2245000	0	2280202.63	2258510.19	101.568	100.60179	-21692.45	7/31/2026	Muni	100	Single	RFRSwap	3.886586	3.706131	2.10309124	-1.14733	0.021578092	 484 	0.5971	0.2099	0.1993	0.9074	0.1748	0	0	1.8632	0	-141.0679	-72.54095	0	0	0	0	0	0	0	0.9991	0.010807747	5.56855085	0.9888	0.010590397	4.49870586	0.9787	0.010379547	3.4502684	1.7411	0.01804677	1.04770236	2.9027	0.029393639	-1.33976963	3.8402	0.03757935	-4.74361408
233_PUB_HTM	611760	68609BR82	MUNI	IG-2	OREGON ST		4	48792	3760000	3760000	0	3818212.36	3778707.5	101.5482	100.49754	-39504.86	7/31/2026	Muni	100	Single	RFRSwap	3.918041	3.746507	2.344922304	-1.379341	0.024034876	 904 	0.5592	0.2319	0.2184	0.9095	0.4499	0	0	2.1996	0	-144.6816	-61.89062	0	0	0	0	0	0	0	0.9994	0.010815111	5.72071504	0.9891	0.010597575	4.650143	0.979	0.010386547	3.60099666	2.0399	0.021118641	1.02834339	3.453	0.034783423	-1.7632539	4.4733	0.043286715	-5.7296335
233_PUB_HTM	611684	68609BR90	MUNI	IG-2	OREGON ST		4	49157	2000000	2000000	0	2030100.29	2006955.8	101.505	100.34779	-23144.49	7/31/2026	Muni	100	Single	RFRSwap	3.948874	3.780238	2.598271847	-1.593211	0.026592739	 532 	0.5092	0.2576	0.2345	0.8604	0.8317	0	0	2.4431	0	-146.1291	-46.56272	0	0	0	0	0	0	0	0.9995	0.010819127	5.89659309	0.9892	0.010601491	4.82562452	0.9791	0.010390365	3.77609153	2.4394	0.02518962	0.91260368	4.103	0.040989019	-2.44698386	5.1781	0.049357552	-7.02838405
233_PUB_HTM	611926	68609BT98	MUNI	IG-2	OREGON ST		4	47696	2385000	2385000	0	2424291.76	2406900.74	101.6475	100.91827	-17391.02	7/31/2026	Muni	100	Single	RFRSwap	3.75064	3.554508	1.586524367	-0.6873628	0.016328234	 389 	0.6655	0.2025	0.442	0.2945	0	0	0	1.5143	0	-141.9828	-104.7712	0	0	0	0	0	0	0	0.9991	0.010807793	5.2523607	0.9888	0.010590439	4.1825113	0.9787	0.010379585	3.13406981	1.3371	0.013885963	0.93214943	2.0556	0.020991648	-0.80086311	2.6678	0.026603797	-3.19655327
233_PUB_HTM	611172	68609BU21	MUNI	IG-2	OREGON ST		4	48061	3865000	3865000	0	3926754.3	3893858.41	101.5978	100.74666	-32895.89	7/31/2026	Muni	100	Single	RFRSwap	3.834473	3.647517	1.833423972	-0.9107653	0.018837819	 728 	0.633	0.2038	0.211	0.8087	0	0	0	1.6764	0	-139.9848	-87.31343	0	0	0	0	0	0	0	0.9991	0.010805388	5.40832541	0.9888	0.010588096	4.33871338	0.9786	0.010377303	3.29050315	1.5627	0.016209099	0.98049304	2.5185	0.025595848	-1.11724216	3.2885	0.032451086	-4.06489596
233_PUB_HTM	612139	68609BU39	MUNI	IG-2	OREGON ST		5	48427	3630000	3630000	0	3726114.48	3705357.71	102.6478	102.07597	-20756.76	7/31/2026	Muni	100	Single	RFRSwap	4.600124	4.49166	1.439244866	-0.6958141	0.015051043	 546 	0.7968	0.1088	0.0862	0.3618	0.0641	0	0	1.308	0	-146.6589	-122.8934	0	0	0	0	0	0	0	0.9922	0.010876158	5.04416959	0.9819	0.010657739	3.96753719	0.9718	0.010445846	2.91241792	1.1393	0.012006732	0.81475491	1.8778	0.01950217	-0.72095513	2.9009	0.029411972	-3.1873004
233_PUB_HTM	611919	68609BZ59	MUNI	IG-2	OREGON ST		5	48167	840000	840000	0	857594.52	854005.32	102.0946	101.6673	-3589.2	7/31/2026	Muni	100	Single	RFRSwap	4.639368	4.54848	1.257943273	-0.6007983	0.012921953	 109 	0.6701	0.098	0.0945	0.3783	0.0181	0	0	1.1063	0	-151.4642	-120.7931	0	0	0	0	0	0	0	0.6479	0.006903806	3.84130751	0.7557	0.007999971	3.1352272	0.7835	0.008228565	2.30576518	0.9144	0.009451754	0.64653578	1.6074	0.016418837	-0.57786388	2.5895	0.025900321	-2.70352209
233_PUB_HTM	612680	68609BZ67	MUNI	IG-2	OREGON ST		5	48533	615000	615000	0	627784.87	624917.67	102.0788	101.61263	-2867.19	7/31/2026	Muni	100	Single	RFRSwap	4.699525	4.614115	1.362479568	-0.7925565	0.01398833	 86 	0.6515	0.1071	0.1012	0.4024	0.1107	0	0	1.215	0	-152.5996	-113.8415	0	0	0	0	0	0	0	0.6478	0.006903035	3.88879259	0.7557	0.007999083	3.1827909	0.7834	0.008227657	2.35342064	0.9574	0.009894808	0.67786194	1.8607	0.018971467	-0.70828622	3.0199	0.030046627	-3.17131556
233_PUB_HTM	612831	68609BZ75	MUNI	IG-2	OREGON ST		5	48898	275000	275000	0	280673.48	279305.95	102.0631	101.5658	-1367.53	7/31/2026	Muni	100	Single	RFRSwap	4.742236	4.661744	1.461383939	-0.960712	0.01499692	 41 	0.6412	0.1114	0.1064	0.3919	0.2295	0	0	1.3046	0	-153.8073	-107.8819	0	0	0	0	0	0	0	0.6478	0.00690269	3.93240831	0.7557	0.007998686	3.22644179	0.7834	0.008227251	2.39711256	1.0975	0.011337209	0.68196792	2.2875	0.023251114	-0.97598895	3.5927	0.035451703	-3.94427775
233_PUB_HTM	612855	68609BZ83	MUNI	IG-2	OREGON ST		5	49263	1240000	1240000	0	1264817.09	1258642.41	102.0014	101.50342	-6174.68	7/31/2026	Muni	100	Single	RFRSwap	4.777157	4.704578	1.59088695	-1.10092	0.016315972	 202 	0.6306	0.1127	0.1096	0.3487	0.3798	0	0	1.4063	0	-153.4079	-99.93649	0	0	0	0	0	0	0	0.6478	0.006901239	3.98125746	0.7556	0.007997015	3.27543897	0.7833	0.008225542	2.44628257	1.2535	0.012940338	0.67369522	2.6778	0.027112745	-1.30947014	4.2181	0.041239262	-4.79133251
233_PUB_HTM	611798	68609TEV6	MUNI	IG-2	OREGON ST		5	48700	250000	250000	0	261702.75	258415.35	104.6811	103.36614	-3287.4	7/31/2026	Muni	100	Single	RFRSwap	4.416662	4.195366	2.287781477	-0.672667	0.023933886	 60 	0.301	1.0234	0.1889	0.5562	0.2197	0	0	2.2257	0	-139.157	-115.7539	0	0	0	0	0	0	0	1.6004	0.018155115	8.82143609	1.6813	0.018768262	7.01105351	1.6932	0.018581612	5.12724276	2.1176	0.022424527	1.28074386	2.89	0.029848641	-1.33530739	3.734	0.037302613	-4.71654438
233_PUB_HTM	612727	68609TEW4	MUNI	IG-2	OREGON ST		5	49065	350000	350000	0	365953.23	361359	104.5581	103.24543	-4594.23	7/31/2026	Muni	100	Single	RFRSwap	4.49829	4.301135	2.451200247	-0.7890226	0.025613923	 90 	0.3018	1.0039	0.1928	0.5346	0.4006	0	0	2.3407	0	-137.9686	-108.7751	0	0	0	0	0	0	0	1.6003	0.018148582	8.91135398	1.6812	0.018761555	7.10162077	1.6938	0.01858299	5.21844411	2.374	0.025094243	1.209762	3.3866	0.034791648	-1.7624564	4.3559	0.043038331	-5.68962251
233_PUB_HTM	612085	68609TEX2	MUNI	IG-2	OREGON ST		5	49430	500000	500000	0	522666.89	515538.45	104.5334	103.10769	-7128.44	7/31/2026	Muni	100	Single	RFRSwap	4.564235	4.370034	2.629498482	-0.9680954	0.027440839	 137 	0.2755	0.9844	0.2196	0.4841	0.6791	0	0	2.4343	0	-136.015	-100.7986	0	0	0	0	0	0	0	1.6001	0.018139374	9.00566861	1.681	0.018752096	7.19685111	1.694	0.018579016	5.31459954	2.5379	0.026785474	1.18607516	3.782	0.038679063	-2.08609225	4.8156	0.047170904	-6.4035481
233_PUB_HTM	612073	68609TFS2	MUNI	IG-2	OREGON ST		5	48731	250000	250000	0	262242.85	258607	104.8971	103.4428	-3635.85	7/31/2026	Muni	100	Single	RFRSwap	4.409928	4.168092	2.444105625	-0.6450914	0.025486188	 64 	0.1799	1.1445	0.2351	0.6415	0.2762	0	0	2.407	0	-137.4018	-111.7237	0	0	0	0	0	0	0	1.645	0.018673386	9.2433055	1.7574	0.01962146	7.37602087	1.7785	0.019505989	5.39814963	2.2634	0.023898199	1.31154399	3.0721	0.03158728	-1.45637013	3.8571	0.03830374	-4.96975663
233_PUB_HTM	611934	68609TFT0	MUNI	IG-2	OREGON ST		5	49096	350000	350000	0	366677.75	361546.85	104.7651	103.2991	-5130.9	7/31/2026	Muni	100	Single	RFRSwap	4.494744	4.276802	2.616521597	-0.762619	0.027246477	 95 	0.1809	1.1129	0.2427	0.6184	0.4949	0	0	2.536	0	-136.1831	-103.7796	0	0	0	0	0	0	0	1.6448	0.018666049	9.35294365	1.7572	0.019613804	7.48639043	1.7794	0.01951002	5.50919001	2.5426	0.026794903	1.25124546	3.5205	0.035986669	-1.91113406	4.4622	0.043814506	-5.94302343
233_PUB_HTM	612930	68609TFU7	MUNI	IG-2	OREGON ST		5	49461	375000	375000	0	392774.23	386833.61	104.7398	103.15563	-5940.62	7/31/2026	Muni	100	Single	RFRSwap	4.561101	4.347254	2.790169477	-0.9637362	0.029014684	 109 	0.1817	1.0759	0.2427	0.529	0.7736	0	0	2.6419	0	-134.8521	-95.83398	0	0	0	0	0	0	0	1.6446	0.018658852	9.46299734	1.7571	0.019606296	7.5971616	1.7801	0.019511702	5.62062018	2.7332	0.028757893	1.22857945	3.9063	0.039765168	-2.19247448	4.8985	0.047697678	-6.61740282
233_PUB_HTM	611311	68609TGM4	MUNI	IG-2	OREGON ST		5	48366	490000	490000	0	514221.54	507406.07	104.9432	103.55226	-6815.46	7/31/2026	Muni	100	Single	RFRSwap	4.303755	4.039276	2.287409306	-0.5208961	0.023877257	 117 	0.2021	1.1739	0.2166	0.6207	0.0927	0	0	2.1737	0	-137.4077	-117.7652	0	0	0	0	0	0	0	1.645	0.018676866	9.14999481	1.7575	0.019625088	7.2823634	1.7783	0.019505784	5.30414371	2.1162	0.022368329	1.31509049	2.724	0.02811219	-1.18463885	3.3754	0.033785559	-4.29336135
233_PUB_HTM	612419	68609TGP7	MUNI	IG-2	OREGON ST		5	49096	250000	250000	0	261912.67	258247.75	104.7651	103.2991	-3664.92	7/31/2026	Muni	100	Single	RFRSwap	4.494744	4.276802	2.616521597	-0.762619	0.027246477	 68 	0.1809	1.1129	0.2427	0.6184	0.4949	0	0	2.536	0	-136.1831	-103.7796	0	0	0	0	0	0	0	1.6448	0.018666049	9.35294365	1.7572	0.019613804	7.48639043	1.7794	0.01951002	5.50919001	2.5426	0.026794903	1.25124546	3.5205	0.035986669	-1.91113406	4.4622	0.043814506	-5.94302343
233_PUB_HTM	612194	68609TH76	MUNI	IG-2	OREGON ST		4	51288	3455000	3455000	0	3660710.76	3380723.03	105.954	97.85016	-279987.73	7/31/2026	Muni	100	Single	RFRSwap	4.206122	3.454601	7.849167824	-0.2191573	0.077327512	 2,672 	-0.0015	-0.0033	0.0605	1.6573	4.1362	2.02	0	8.9229	0	-82.3326	-27.10655	0	0	0	0	0	0	0	4.41	0.055502631	27.3405631	4.6495	0.055977292	21.87677007	5.6667	0.064833343	15.89372035	8.1271	0.080832705	0.94357728	8.7776	0.0801792	-7.17119947	9.0791	0.075836539	-14.98834452
233_PUB_HTM	612007	68609TH84	MUNI	IG-2	OREGON ST		4	51653	3045000	3045000	0	3222161.42	2959817.65	105.8181	97.20255	-262343.77	7/31/2026	Muni	100	Single	RFRSwap	4.255849	3.49372	8.223813057	-0.2844897	0.080485813	 2,451 	-0.0014	-0.0029	0.0614	1.5527	3.8744	2.7316	0	9.437	0	-81.0055	-24.91592	0	0	0	0	0	0	0	4.4096	0.055464614	27.91260501	4.6754	0.056252427	22.44556914	5.8241	0.066541202	16.38139157	8.531	0.084240898	0.87795431	9.1808	0.08293087	-7.53841918	9.5278	0.078355126	-15.63101434
233_PUB_HTM	611430	68609TSE9	MUNI	IG-2	OREGON ST	1	2.6	49279	1090000	1090000	0	1083713.02	955424.68	99.4232	87.65364	-128288.34	7/31/2026	Muni	100	Single	RFRSwap	4.665434	2.689553	6.111680508	0.2874159	0.053835943	 587 	-0.0147	-0.0192	-0.0084	3.4961	2.6522	0	0	6.7357	0	38.5276	40.88484	0	0	0	0	0	0	0	1.6615	0.01750626	17.27831263	2.2805	0.023610804	15.44494568	4.5715	0.04571024	11.90216472	6.0485	0.054074898	1.31505252	6.1103	0.051397689	-3.96985567	6.0787	0.048107374	-8.94572668
233_PUB_HTM	611666	68609TYD4	MUNI	IG-2	OREGON ST	1	2.15	49279	3025000	3025000	0	2856484.76	2493092.47	94.4292	82.41628	-363392.29	7/31/2026	Muni	100	Single	RFRSwap	5.170348	3.036725	6.251350403	0.4656925	0.05174531	 1,565 	-0.0192	-0.0341	-0.0865	3.6369	2.7541	0	0	6.9868	0	91.3736	91.55203	0	0	0	0	0	0	0	2.6649	0.027948825	22.10358862	5.1451	0.05201124	18.31345332	6.2092	0.059191156	12.55376704	6.2976	0.052912846	1.24614041	6.2235	0.049116787	-3.85302801	6.1422	0.045568772	-8.58500484
233_PUB_HTM	611625	686237BL1	MUNI	IG-2	ORINDA CA		4	48823	610000	610000	0	620314.16	614815.04	101.6908	100.78935	-5499.13	7/31/2026	Muni	100	Single	RFRSwap	3.871084	3.725797	2.30253458	-1.245952	0.023590852	 144 	0.5841	0.2497	0.1958	0.8173	0.431	0	0	2.0737	0	-159.0077	-87.78961	0	0	0	0	0	0	0	1.0439	0.011328395	6.05876108	1.0661	0.011448748	4.93153739	1.0654	0.011318724	3.78802882	2.0619	0.021340327	1.04093654	3.3933	0.034173485	-1.74608689	4.4312	0.042896144	-5.6502452
233_PUB_HTM	611727	686237CF3	MUNI	IG-2	ORINDA CA		4	48458	500000	500000	0	508615.04	504675.45	101.723	100.93509	-3939.59	7/31/2026	Muni	100	Single	RFRSwap	3.825757	3.680817	2.050672531	-1.081226	0.021040261	 105 	0.6061	0.2655	0.1997	0.819	0.184	0	0	1.8995	0	-158.4908	-101.4867	0	0	0	0	0	0	0	1.0439	0.011325859	5.89676935	1.066	0.011446199	4.76979732	1.065	0.011313125	3.62654274	1.7584	0.018230485	1.07722945	2.8602	0.02897778	-1.28944711	3.7725	0.036957394	-4.63536663
233_PUB_HTM	611289	686237CG1	MUNI	IG-2	ORINDA CA		4	48823	500000	500000	0	508454.24	503946.75	101.6908	100.78935	-4507.49	7/31/2026	Muni	100	Single	RFRSwap	3.871084	3.725797	2.30253458	-1.245952	0.023590852	 118 	0.5841	0.2497	0.1958	0.8173	0.431	0	0	2.0737	0	-159.0077	-87.78961	0	0	0	0	0	0	0	1.0439	0.011328395	6.05876108	1.0661	0.011448748	4.93153739	1.0654	0.011318724	3.78802882	2.0619	0.021340327	1.04093654	3.3933	0.034173485	-1.74608689	4.4312	0.042896144	-5.6502452
233_PUB_HTM	611635	686356SH0	MUNI	IG-2	ORLAND PARK IL		3	51471	2425000	2425000	0	2292042	2008656.12	94.5172	82.83118	-283385.88	7/31/2026	Muni	100	Single	RFRSwap	4.654506	3.489113	10.29466724	0.7509476	0.085786678	 2,080 	-0.0105	-0.0164	-0.0071	0.2278	5.8749	4.2168	0	12.1595	0	2.7467	15.34837	0	0	0	0	0	0	0	4.0559	0.046532862	31.39645803	5.9261	0.064874396	26.14070223	8.5041	0.086513489	18.40000561	10.3958	0.087041438	0.3961846	10.4871	0.079082116	-7.92206923	10.3957	0.070613027	-15.40595036
233_PUB_HTM	612072	686356SJ6	MUNI	IG-2	ORLAND PARK IL		3	51836	2500000	2500000	0	2350051.41	2042871.5	94.0021	81.71486	-307179.91	7/31/2026	Muni	100	Single	RFRSwap	4.684624	3.508883	10.79397392	0.8765016	0.088742502	 2,219 	-0.0105	-0.0163	-0.0136	0.2017	5.1479	5.4962	0	13.1048	0	2.337	15.69042	0	0	0	0	0	0	0	4.069	0.046688993	32.52866259	6.1651	0.067427523	27.15454631	8.9349	0.090489984	19.06165519	10.9005	0.089958154	0.31158992	10.9907	0.081282094	-8.25954831	10.8658	0.07203085	-15.92330616
233_PUB_HTM	611355	688443V49	MUNI	IG-2	OSSEO MN INDEP SCH DIST #279		4	48245	850000	850000	0	856258.31	853127.74	100.7363	100.36797	-3130.57	7/31/2026	Muni	100	Single	RFRSwap	3.924964	3.850173	1.41292417	-1.260334	0.014463818	 123 	0.4366	0.1117	0.1284	0.6257	0.0534	0	0	1.1376	0	-155.9283	-73.93299	0	0	0	0	0	0	0	0.5073	0.005336075	2.82567037	0.5046	0.005281312	2.29480897	0.502	0.005227388	1.76938175	0.9072	0.009343993	0.63154088	2.2551	0.022868121	-0.96164094	3.419	0.033678971	-3.86395286
233_PUB_HTM	611336	688443V56	MUNI	IG-2	OSSEO MN INDEP SCH DIST #279		4	48611	3000000	3000000	0	3021641.08	3009240.9	100.7214	100.30803	-12400.18	7/31/2026	Muni	100	Single	RFRSwap	3.945811	3.873393	1.612940669	-1.584384	0.016501678	 495 	0.4302	0.1158	0.1318	0.6659	0.2077	0	0	1.2262	0	-159.2413	-61.78748	0	0	0	0	0	0	0	0.5074	0.005338686	2.91085882	0.5047	0.005283883	2.37973829	0.5021	0.00522992	1.8540559	1.0649	0.010964783	0.65859093	2.6752	0.027041422	-1.22488713	3.981	0.038894646	-4.60709994
233_PUB_HTM	612833	688443V64	MUNI	IG-2	OSSEO MN INDEP SCH DIST #279		4	48976	1000000	1000000	0	1007114.24	1002468	100.7114	100.2468	-4646.24	7/31/2026	Muni	100	Single	RFRSwap	3.96164	3.889726	1.798196554	-1.857733	0.018385984	 184 	0.4453	0.1591	0.1657	0.6435	0.4572	0	0	1.7287	0	-161.7389	-49.36558	0	0	0	0	0	0	0	0.5075	0.005341319	2.99754138	0.5049	0.005286476	2.46615955	0.5022	0.005232473	1.94021986	1.3658	0.014050477	0.62785993	3.3157	0.033329748	-1.72471431	4.6774	0.04512693	-5.76887939
233_PUB_HTM	612616	689225XS4	MUNI	IG-2	OTTAWA CNTY MI		4	48396	690000	690000	0	709476.61	702627.62	102.8227	101.83009	-6848.99	7/31/2026	Muni	100	Single	RFRSwap	3.652781	3.467751	2.800297499	-0.692752	0.028608799	 197 	0.0734	1.0855	0.3439	1.1306	0.203	0	0	2.6806	0	-154.2619	-115.8794	0	0	0	0	0	0	0	1.7725	0.019886114	10.02960911	1.8625	0.020526838	8.04819313	1.8817	0.020350698	5.9887794	2.6682	0.027652662	1.47383621	3.4197	0.034376998	-1.63733161	3.9882	0.038628019	-5.30653772
233_PUB_HTM	612942	689225XT2	MUNI	IG-2	OTTAWA CNTY MI		4	48761	720000	720000	0	739991.98	731427.26	102.7767	101.58712	-8564.71	7/31/2026	Muni	100	Single	RFRSwap	3.737055	3.543419	3.066059351	-0.9155573	0.031249415	 225 	0.0736	1.0315	0.3243	1.128	0.5202	0	0	2.9148	0	-153.1396	-102.8752	0	0	0	0	0	0	0	1.7725	0.019884892	10.26723664	1.8625	0.020525591	8.28594174	1.8902	0.020441426	6.22559395	2.9922	0.030925842	1.43334108	3.8945	0.038878903	-2.0895625	4.6084	0.044074681	-6.27971296
233_PUB_HTM	612618	689225XU9	MUNI	IG-2	OTTAWA CNTY MI		4	49126	750000	750000	0	770054.3	760611	102.6739	101.4148	-9443.3	7/31/2026	Muni	100	Single	RFRSwap	3.791071	3.608329	3.326657534	-1.061614	0.033848118	 254 	0.0743	1.0039	0.3223	1.0072	0.924	0	0	3.1536	0	-154.9137	-93.62813	0	0	0	0	0	0	0	1.7727	0.019897204	10.49352602	1.8627	0.020538254	8.51100727	1.9075	0.020638209	6.44682591	3.406	0.035079997	1.24507318	4.5187	0.044722978	-2.77494919	5.2812	0.049748529	-7.54945457
233_PUB_HTM	612352	689225XV7	MUNI	IG-2	OTTAWA CNTY MI		4	49491	390000	390000	0	400324.32	394727.85	102.6473	101.21227	-5596.47	7/31/2026	Muni	100	Single	RFRSwap	3.837818	3.649181	3.610562801	-1.215814	0.036663678	 143 	0.0749	0.9499	0.3375	0.819	1.4419	0	0	3.3779	0	-155.6197	-82.73409	0	0	0	0	0	0	0	1.7728	0.019903949	10.7256127	1.8629	0.020545209	8.74242359	1.9136	0.020709028	6.67585002	3.6882	0.037903801	1.22435221	4.969	0.048885763	-3.16348993	5.8116	0.054168612	-8.33734467
233_PUB_HTM	611737	690564QW2	MUNI	IG-2	OWATONNA MN INDEP SCH DIST #76		3	47880	2000000	2000000	0	2000000	1947147.2	100	97.35736	-52852.8	7/31/2026	Muni	100	Single	RFRSwap	3.642009	3	3.192513943	-0.8307315	0.03156035	 631 	0.1243	0.2348	0.9848	1.8752	0	0	0	3.1888	0	-75.1635	-54.23077	0	0	0	0	0	0	0	0.1265	0.001291653	3.2237024	0.1262	0.001286677	3.09478621	0.1259	0.001281733	2.96636601	2.7346	0.027412534	1.38634852	3.6623	0.035514068	-1.88648187	3.881	0.036231294	-5.50191651
233_PUB_HTM	611560	691582GL8	MUNI	IG-2	OXFORD MA	0.5	2.35	46402	200000	100000	100020.74	100020.74	99780.25	100.0207	99.78025	-219.75	7/31/2026	Muni	100	Single	RFRSwap	2.835648	2.301681	0.433057636	-0.1224651	0.004325583	 4 	0.4331	0	0	0	0	0	0	0.4376	0	-114.3549	-113.7437	0	0	0	0	0	0	0	0.0446	0.000448375	0.55994863	0.0789	0.000791745	0.50913042	0.0889	0.000891644	0.41981118	0.1978	0.001980153	0.22685621	0.4547	0.004534897	-0.15310505	0.4562	0.004528861	-0.60780817
233_PUB_HTM	612806	691582GN4	MUNI	IG-2	OXFORD MA	1	2.55	47133	400000	400000	0	400000	391960.52	100	97.99013	-8039.48	7/31/2026	Muni	100	Single	RFRSwap	3.625817	2.549655	1.757067204	-0.1463762	0.017237438	 69 	0.4282	0.8992	0.4307	0	0	0	0	1.7899	0	-58.3091	-54.7748	0	0	0	0	0	0	0	0.0445	0.000447008	2.31853038	0.0786	0.000789345	2.26786661	0.0886	0.000888956	2.17881742	1.5502	0.015374142	1.06871731	1.8095	0.01763767	-0.63228512	1.8324	0.017537097	-2.39857166
233_PUB_HTM	611591	691582GQ7	MUNI	IG-2	OXFORD MA	1	2.65	47863	400000	400000	0	400000	382576.84	100	95.64421	-17423.16	7/31/2026	Muni	100	Single	RFRSwap	3.848729	2.649811	3.38897419	-0.2325811	0.032453492	 130 	0.0227	0.1214	1.7136	1.5342	0	0	0	3.4631	0	-39.2235	-33.08387	0	0	0	0	0	0	0	0.0445	0.000446563	4.65649071	0.0786	0.000788563	4.60587723	0.0886	0.000888081	4.51691594	3.2373	0.031499706	1.54139744	3.5497	0.033370491	-1.75287255	3.5898	0.03256071	-5.05886577
233_PUB_HTM	611222	692039QD5	MUNI	IG-2	OXNARD CA UNION HIGH SCH DIST		4	48427	2000000	2000000	0	2000000	2000000	100	100	0	7/31/2026	Muni	100	Single	RFRSwap	0	0	0	0	0	 -   	0	0	0	0	0	0	0	0	0	100	100	0	0	0	0	0	0	0	0	0	0	0	0	0	0	0	0	0	0	0	0	0	0	0	0	0
233_PUB_HTM	611802	694393NE5	MUNI	IG-2	PACIFIC GROVE CA UNIF SCH DIST	1	4	47696	615000	615000	0	615000	615159.1	100	100.02587	159.1	7/31/2026	Muni	100	Single	RFRSwap	2.985397	4.038229	0.024898475	0.000069884	0.000254029	 2 	0.0249	0	0	0	0	0	0	0.025	0	-87.7019	-87.70193	0	0	0	0	0	0	0	0.0252	0.000257371	0.11836179	0.0251	0.000256642	0.09266116	0.0251	0.000255917	0.06703325	0.0249	0.000254478	0.01599401	0.0249	0.000253765	-0.00941809	0.0248	0.000253055	-0.03475903
233_PUB_HTM	612024	694393NT2	MUNI	IG-2	PACIFIC GROVE CA UNIF SCH DIST	1	4	48061	505000	505000	0	505000	505130.64	100	100.02587	130.64	7/31/2026	Muni	100	Single	RFRSwap	2.985397	4.038229	0.024898475	0.000069884	0.000254029	 1 	0.0249	0	0	0	0	0	0	0.025	0	-87.7019	-87.70193	0	0	0	0	0	0	0	0.0252	0.000257371	0.11836179	0.0251	0.000256642	0.09266116	0.0251	0.000255917	0.06703325	0.0249	0.000254478	0.01599401	0.0249	0.000253765	-0.00941809	0.0248	0.000253055	-0.03475903
233_PUB_HTM	612600	694393NU9	MUNI	IG-2	PACIFIC GROVE CA UNIF SCH DIST	1	4	47331	680000	680000	0	680000	680175.92	100	100.02587	175.92	7/31/2026	Muni	100	Single	RFRSwap	2.985397	4.038229	0.024898475	0.000069884	0.000254029	 2 	0.0249	0	0	0	0	0	0	0.025	0	-87.7019	-87.70193	0	0	0	0	0	0	0	0.0252	0.000257371	0.11836179	0.0251	0.000256642	0.09266116	0.0251	0.000255917	0.06703325	0.0249	0.000254478	0.01599401	0.0249	0.000253765	-0.00941809	0.0248	0.000253055	-0.03475903
233_PUB_HTM	611314	698873C87	MUNI	IG-2	PAPILLION-LA VISTA NE SCH DIST		3	50740	525000	525000	0	526755.73	457826.51	100.3344	87.20505	-68929.22	7/31/2026	Muni	100	Single	RFRSwap	4.351175	2.967186	8.920054436	0.2855924	0.078233384	 411 	-0.0117	-0.0181	0.0743	0.4271	6.5931	1.8622	0	10.0013	0	-25.306	-8.501357	0	0	0	0	0	0	0	3.5643	0.04083018	26.84681292	4.605	0.050761662	22.52568797	6.8273	0.071064278	16.38292235	8.9876	0.079434939	0.67760418	9.2801	0.074834079	-7.06556797	9.2961	0.068313517	-14.2186021
233_PUB_HTM	612058	698873C95	MUNI	IG-2	PAPILLION-LA VISTA NE SCH DIST		3	51105	510000	510000	0	511142.28	435602.17	100.224	85.41219	-75540.11	7/31/2026	Muni	100	Single	RFRSwap	4.463169	2.979295	9.566432953	0.4402446	0.082187317	 419 	-0.0114	-0.0179	0.0392	0.3304	6.2872	2.9462	0	11.0958	0	-16.1717	-0.677612	0	0	0	0	0	0	0	3.5671	0.040718812	28.23877678	4.8849	0.053605307	23.82344599	7.4127	0.076459616	17.2342594	9.6582	0.083498061	0.54108735	9.856	0.077265203	-7.51789823	9.8563	0.070005	-14.88642115
233_PUB_HTM	612593	698873F43	MUNI	IG-2	PAPILLION-LA VISTA NE SCH DIST		3	50740	1000000	1000000	0	1002969.91	872050.5	100.297	87.20505	-130919.41	7/31/2026	Muni	100	Single	RFRSwap	4.351175	2.970823	8.974837303	0.3525601	0.078713849	 787 	-0.0119	-0.0182	0.0287	0.473	6.6385	1.8718	0	10.0917	0	-24.7408	-8.501357	0	0	0	0	0	0	0	4.0345	0.046840485	28.39621494	5.1545	0.057286527	23.43303262	7.1817	0.075018547	16.75278784	9.066	0.080121867	0.67151057	9.3117	0.075042307	-7.11577453	9.31	0.06835568	-14.28324091
233_PUB_HTM	611875	698873F50	MUNI	IG-2	PAPILLION-LA VISTA NE SCH DIST		3	51105	575000	575000	0	578243.32	489810.47	100.5641	85.18443	-88432.85	7/31/2026	Muni	100	Single	RFRSwap	4.488308	2.948304	9.636944771	0.5139866	0.082573615	 475 	-0.0114	-0.0177	0.0059	0.3403	6.3407	2.9763	0	11.1679	0	-12.8382	1.841581	0	0	0	0	0	0	0	4.0419	0.046687141	29.82267488	5.4831	0.060547512	24.7418998	7.8039	0.080583408	17.5756406	9.7262	0.083844453	0.52065366	9.8981	0.07733278	-7.55562977	9.8819	0.069926769	-14.92176583
233_PUB_HTM	612835	698873F68	MUNI	IG-2	PAPILLION-LA VISTA NE SCH DIST		3	51471	690000	690000	0	690623.76	574761.65	100.0904	83.29879	-115862.11	7/31/2026	Muni	100	Single	RFRSwap	4.604191	2.991984	10.24901867	0.67259	0.08588554	 593 	-0.0108	-0.0168	-0.0036	0.2533	5.8484	4.1692	0	12.1135	0	-3.3211	10.30364	0	0	0	0	0	0	0	4.0517	0.046602719	31.22275199	5.8318	0.064035483	26.00604246	8.3863	0.085676238	18.36278187	10.3485	0.087144844	0.41118799	10.4658	0.079395801	-7.93700863	10.3846	0.070968628	-15.45850826
233_PUB_HTM	612313	702334DA8	MUNI	IG-2	PASADENA TX INDEP SCH DIST		4	47894	4105000	4105000	0	4211878.88	4149696.47	102.6036	101.08883	-62182.41	7/31/2026	Muni	100	Single	RFRSwap	3.736643	3.376199	2.234473467	-0.6255227	0.023000168	 944 	0.3786	0.6681	0.4794	0.7386	0	0	0	2.1733	0	-127.0598	-89.92776	0	0	0	0	0	0	0	1.5064	0.016722545	8.07467916	1.5058	0.016466882	6.42082155	1.4966	0.016121408	4.78990294	2.0937	0.021814488	1.26004043	2.7357	0.02782236	-1.2323954	3.21	0.031684399	-4.22744734
233_PUB_HTM	612062	702334DB6	MUNI	IG-2	PASADENA TX INDEP SCH DIST		4	48259	710000	710000	0	727997.62	716442.61	102.5349	100.90741	-11555.01	7/31/2026	Muni	100	Single	RFRSwap	3.816423	3.492433	2.504531384	-0.8080418	0.025734525	 183 	0.3585	0.6226	0.2786	1.1306	0.1131	0	0	2.392	0	-128.6575	-77.82018	0	0	0	0	0	0	0	1.5066	0.016730009	8.29241226	1.506	0.016474197	6.63781822	1.4978	0.016139485	5.00612247	2.3189	0.0241332	1.31829842	3.1352	0.031743575	-1.50146664	3.7778	0.036937412	-4.97614064
233_PUB_HTM	611753	703589FZ9	MUNI	IG-2	PAULDING CNTY GA		3.5	48611	600000	600000	0	607045.44	583071.12	101.1742	97.17852	-23974.32	7/31/2026	Muni	100	Single	RFRSwap	3.997202	3.297821	4.091254234	-0.8977652	0.040474173	 243 	0.1061	0.3096	0.3632	2.4396	0.8808	0	0	4.1048	0	-59.7307	-23.8563	0	0	0	0	0	0	0	1.4903	0.01624213	10.05793993	1.4746	0.015834449	8.45423971	1.5663	0.016571652	6.87275205	3.7923	0.03812227	1.59703676	4.6223	0.044527553	-2.59629787	5.0096	0.045977492	-7.14900932
233_PUB_HTM	612258	703589GA3	MUNI	IG-2	PAULDING CNTY GA		3.5	48976	500000	500000	0	505360.9	483989.75	101.0722	96.79795	-21371.15	7/31/2026	Muni	100	Single	RFRSwap	3.998372	3.33722	4.554745674	-1.002746	0.044886086	 224 	0.104	0.2894	0.3402	2.1562	1.6679	0	0	4.5574	0	-66.1186	-26.8261	0	0	0	0	0	0	0	1.4909	0.016267128	10.56091479	1.4753	0.015859801	8.95475273	1.6578	0.017555365	7.35026531	4.4345	0.044254437	1.24700719	5.3162	0.050500777	-3.55381802	5.7265	0.051459596	-8.68506331
233_PUB_HTM	611580	705795PJ5	MUNI	IG-2	PELHAM NY UNION FREE SCH DIST		2	49980	1640000	1640000	0	1462890.16	1278247.82	89.2006	77.94194	-184642.34	7/31/2026	Muni	100	Single	RFRSwap	4.741727	3.246846	8.774015427	0.8261736	0.068825074	 1,129 	-0.0214	-0.0368	-0.0878	-0.2884	8.9735	0.232	0	9.873	0	36.0116	37.53977	0	0	0	0	0	0	0	2.1687	0.022814905	26.76043453	5.933	0.060188368	23.00498401	8.2696	0.077892862	15.74982632	8.808	0.06972269	0.71655366	8.7415	0.063379698	-5.93721968	8.6302	0.057367336	-11.96951337
233_PUB_HTM	612566	705795PK2	MUNI	IG-2	PELHAM NY UNION FREE SCH DIST		2	50345	1165000	1165000	0	1029037.43	883567.57	88.3294	75.84271	-145469.86	7/31/2026	Muni	100	Single	RFRSwap	4.804376	3.246421	9.508966446	0.9729477	0.072594024	 846 	-0.0211	-0.0364	-0.0887	-0.3195	8.6827	1.286	0	10.8565	0	38.4581	40.05021	0	0	0	0	0	0	0	2.2194	0.023335291	28.79938211	6.7331	0.067954503	24.58284878	9.0798	0.084382705	16.591839	9.5513	0.073454089	0.56200512	9.4562	0.066124752	-6.41556788	9.3179	0.059316061	-12.68438309
233_PUB_HTM	611950	705795PM8	MUNI	IG-2	PELHAM NY UNION FREE SCH DIST		2	51075	1345000	1345000	0	1161792.53	962388.25	86.3786	71.55303	-199404.28	7/31/2026	Muni	100	Single	RFRSwap	4.953217	3.275257	10.90113163	1.327482	0.078545958	 1,056 	-0.0202	-0.035	-0.0877	-0.3479	7.4997	3.8896	0	12.8011	0	45.9547	47.60262	0	0	0	0	0	0	0	2.4494	0.025705969	32.8960447	8.5441	0.084990226	27.4199471	10.6905	0.096250027	17.97985536	10.9685	0.0793062	0.25025888	10.8114	0.070099518	-7.21443195	10.6075	0.061791986	-13.7998003
233_PUB_HTM	611271	706711JH2	MUNI	IG-2	PENDER CNTY NC		3.5	47727	1000000	1000000	0	1000934.54	997222.7	100.0935	99.72227	-3711.84	7/31/2026	Muni	100	Single	RFRSwap	3.57313	3.474686	1.350088596	-1.358829	0.013660278	 137 	0.273	0.1388	0.4533	0.3788	0	0	0	1.0646	0	-149.0805	-60.28346	0	0	0	0	0	0	0	0.1693	0.001738921	1.53485152	0.2022	0.002073157	1.3553362	0.2116	0.002165057	1.13831809	0.7186	0.007311904	0.57315174	1.9372	0.019453393	-0.76242144	2.7183	0.026659373	-3.10773347
233_PUB_HTM	612100	706711JJ8	MUNI	IG-2	PENDER CNTY NC		3	48092	1000000	1000000	0	1000439.7	972118.6	100.044	97.21186	-28321.1	7/31/2026	Muni	100	Single	RFRSwap	3.604784	2.990275	3.416636705	-1.006611	0.033640839	 336 	0.1411	0.2276	0.3777	2.649	0.0424	0	0	3.337	0	-86.7614	-58.90188	0	0	0	0	0	0	0	0.1692	0.001731005	3.84130919	0.202	0.002063137	3.66262053	0.2114	0.002154473	3.44666495	2.5994	0.025914537	1.23425051	3.4937	0.033762421	-1.82372105	3.9003	0.036313277	-5.35843214
233_PUB_HTM	612214	706711JK5	MUNI	IG-2	PENDER CNTY NC		3	48458	1000000	1000000	0	1000303.76	959724.8	100.0304	95.97248	-40578.96	7/31/2026	Muni	100	Single	RFRSwap	3.746155	2.994216	4.272025108	-0.8775788	0.04153369	 415 	0.0809	0.1838	0.3239	2.9733	0.7343	0	0	4.292	0	-70.6034	-47.61711	0	0	0	0	0	0	0	0.1691	0.001728889	5.04422596	0.2018	0.002060628	4.86575511	0.2288	0.002330943	4.65006138	3.3862	0.033424672	1.48740168	4.2678	0.040519308	-2.28064899	4.6477	0.042191241	-6.44383501
233_PUB_HTM	611660	706711JL3	MUNI	IG-2	PENDER CNTY NC		3	48823	1000000	1000000	0	1000284.66	952957.3	100.0285	95.29573	-47327.36	7/31/2026	Muni	100	Single	RFRSwap	3.762432	2.99526	4.872881889	-0.950919	0.047045592	 470 	0.0652	0.1602	0.2984	2.7334	1.65	0	0	4.9059	0	-74.0223	-49.03419	0	0	0	0	0	0	0	0.1691	0.001729714	5.73520208	0.2019	0.002061607	5.55664627	0.2671	0.002720935	5.3408504	4.0487	0.039629914	1.33634024	4.9443	0.04622874	-3.04682045	5.3521	0.04751353	-7.76996608
233_PUB_HTM	612748	709699GM8	MUNI	IG-2	PENTUCKET MA REGL SCH DIST		2.4	47270	310000	310000	0	310000	303303.75	100	97.83992	-6696.25	7/31/2026	Muni	100	Single	RFRSwap	3.202792	2.399417	2.318686724	-0.4111004	0.022778759	 71 	0.1304	0.5944	1.5981	0	0	0	0	2.3042	0	-107.1187	-96.7502	0	0	0	0	0	0	0	0.0446	0.000449523	2.49866974	0.0788	0.000793773	2.44772138	0.0889	0.00089393	2.35817319	1.9046	0.018949166	1.25260135	2.4965	0.02427556	-1.00068046	2.603	0.024670441	-3.46458351
233_PUB_HTM	611184	709699GN6	MUNI	IG-2	PENTUCKET MA REGL SCH DIST		2.5	47635	310000	310000	0	310000	300904.44	100	97.06595	-9095.55	7/31/2026	Muni	100	Single	RFRSwap	3.320844	2.499526	3.026113033	-0.5457575	0.029499343	 91 	0.0953	0.2213	1.6985	1.0244	0	0	0	2.9775	0	-98.6687	-85.13873	0	0	0	0	0	0	0	0.0446	0.000449411	3.27389792	0.0788	0.000793578	3.22296216	0.0888	0.000893713	3.1334359	2.6485	0.026201997	1.45000139	3.3071	0.031728111	-1.54289639	3.4489	0.031983133	-4.74925332
233_PUB_HTM	611480	709699GP1	MUNI	IG-2	PENTUCKET MA REGL SCH DIST		2.625	48000	130000	130000	0	130000	123660.81	100	95.1237	-6339.19	7/31/2026	Muni	100	Single	RFRSwap	3.736486	2.624579	3.989044905	-0.3287746	0.038119793	 50 	0.0212	0.1129	0.5845	3.267	0	0	0	4.0754	0	-53.8283	-45.03093	0	0	0	0	0	0	0	0.0445	0.000448363	5.18780512	0.0786	0.000791737	5.13698781	0.0886	0.000891652	5.04766862	3.8565	0.037454274	1.55897211	4.2481	0.039596129	-2.35274147	4.3134	0.038514521	-6.270514
233_PUB_HTM	611722	709699JL7	MUNI	IG-2	PENTUCKET MA REGL SCH DIST		3	49919	1250000	1250000	0	1226234.52	1142635.5	98.0988	91.41084	-83599.02	7/31/2026	Muni	100	Single	RFRSwap	4.045551	3.222141	7.05620575	-0.4991404	0.065383397	 817 	0.0081	0.0705	0.1769	0.5506	6.2161	0.05	0	7.596	0	-52.5888	-30.95658	0	0	0	0	0	0	0	1.0458	0.011081242	13.29461058	1.0793	0.011316542	12.1917473	2.3455	0.024242621	10.69508335	6.7283	0.063030101	1.01803258	7.4173	0.06470076	-5.43115601	7.6585	0.061943389	-11.77923447
233_PUB_HTM	612743	712838RM5	MUNI	IG-2	PEORIA AZ		4	46583	750000	750000	0	750000	750757.8	100	100.10104	757.8	7/31/2026	Muni	100	Single	RFRSwap	3.889584	3.998278	0.123198204	-0.1467039	0.001235417	 9 	0.1232	0	0	0	0	0	0	0.1402	0	-106.6145	-105.8507	0	0	0	0	0	0	0	0.0446	0.000449132	0.37477644	0.0788	0.000793084	0.32387236	0.0889	0.000893154	0.23440198	0.0884	0.000887003	0.05638757	0.1715	0.001718549	-0.05418241	0.7262	0.00724504	-0.50741886
233_PUB_HTM	612119	712838RN3	MUNI	IG-2	PEORIA AZ		3	46949	495000	495000	0	495000	494248	100	99.84808	-752	7/31/2026	Muni	100	Single	RFRSwap	3.080154	2.999521	0.768973708	-1.263066	0.007688308	 38 	0.3259	0.515	0	0	0	0	0	0.7577	0	-158.4361	-108.9795	0	0	0	0	0	0	0	0.0447	0.000449928	0.58672306	0.079	0.000794477	0.53572918	0.0891	0.000894709	0.44610228	0.1915	0.001919447	0.25133994	1.1431	0.011390024	-0.3415943	1.6286	0.015996924	-1.7592533
233_PUB_HTM	612605	712838RP8	MUNI	IG-2	PEORIA AZ		3.125	47314	500000	500000	0	500000	491523.25	100	98.30465	-8476.75	7/31/2026	Muni	100	Single	RFRSwap	3.735779	3.124651	2.165883064	-0.6745743	0.02132172	 107 	0.2017	0.3676	1.6049	0	0	0	0	2.1135	0	-62.0339	-43.41408	0	0	0	0	0	0	0	0.0445	0.000447441	2.05683129	0.0787	0.000790108	2.00611851	0.0887	0.000889815	1.91698324	1.6167	0.016095411	1.11356006	2.4372	0.023756318	-0.96842123	2.6395	0.025077101	-3.43583971
233_PUB_HTM	612928	713499ET4	MUNI	IG-2	PEQUANNOCK TWP NJ BRD OF EDU		3.875	47345	300000	300000	0	300000	300190.68	100	100.06356	190.68	7/31/2026	Muni	100	Single	RFRSwap	3.852168	3.874529	0.704162419	-1.068216	0.00717192	 22 	0.2571	0.099	0.3459	0.0061	0	0	0	0.5993	0	-122.9628	-35.16567	0	0	0	0	0	0	0	0.1455	0.001494614	0.90481575	0.1606	0.001647695	0.7528648	0.1648	0.001688073	0.58369838	0.2164	0.002208774	0.23936445	1.1943	0.012120035	-0.36630457	2.1499	0.021436902	-2.1388907
233_PUB_HTM	612477	716898CF6	MUNI	IG-2	PEWAUKEE VLG WI		3	47543	205000	205000	0	205000	200763.59	100	97.93346	-4236.41	7/31/2026	Muni	100	Single	RFRSwap	3.619551	2.99954	2.591737509	-0.7542884	0.025705751	 53 	0.1687	0.2772	1.6167	0.5576	0	0	0	2.5413	0	-74.2434	-54.92249	0	0	0	0	0	0	0	0.1687	0.00172389	2.99696355	0.2014	0.002054702	2.81900738	0.2108	0.002145711	2.60393234	2.0422	0.020516941	1.28077712	2.9221	0.028604141	-1.29325974	3.1353	0.029766887	-4.24159108
233_PUB_HTM	611994	716898CG4	MUNI	IG-2	PEWAUKEE VLG WI		3	47908	215000	215000	0	215000	208190.82	100	96.83294	-6809.18	7/31/2026	Muni	100	Single	RFRSwap	3.758206	2.999635	3.391812086	-0.6953565	0.033267889	 72 	0.0939	0.2115	0.9298	2.1744	0	0	0	3.3843	0	-59.5834	-42.15544	0	0	0	0	0	0	0	0.1686	0.001722089	4.06634215	0.2013	0.002052566	3.88857148	0.2106	0.002143492	3.67371944	3.0273	0.030128736	1.44100858	3.7994	0.036504831	-2.00288149	3.9765	0.036739767	-5.69005611
233_PUB_HTM	611503	716898CH2	MUNI	IG-2	PEWAUKEE VLG WI		3	48274	215000	215000	0	215000	205615.44	100	95.63509	-9384.56	7/31/2026	Muni	100	Single	RFRSwap	3.876549	2.999696	4.193334579	-0.6305112	0.040627159	 87 	0.0474	0.151	0.3195	3.2839	0.3917	0	0	4.2768	0	-48.4684	-32.87924	0	0	0	0	0	0	0	0.1685	0.001720725	5.240603	0.2012	0.002050949	5.06297274	0.2105	0.002141812	4.84828952	3.9007	0.038437277	1.65434878	4.6041	0.043438945	-2.53724232	4.7663	0.042900179	-6.87708766
233_PUB_HTM	611999	716898CJ8	MUNI	IG-2	PEWAUKEE VLG WI		3	48639	220000	220000	0	220000	207665.77	100	94.39353	-12334.23	7/31/2026	Muni	100	Single	RFRSwap	3.97596	2.999738	4.969267845	-0.5542463	0.047527835	 105 	0.0211	0.1071	0.2532	3.2538	1.3385	0	0	5.1762	0	-40.1656	-25.87517	0	0	0	0	0	0	0	0.1684	0.001719707	6.46455425	0.2011	0.002049742	6.28702876	0.2104	0.002140559	6.0724715	4.7826	0.046556421	1.70219082	5.4088	0.049993642	-3.21271474	5.5451	0.048511885	-8.15803162
233_PUB_HTM	611462	717021KW8	MUNI	IG-2	PEWAUKEE WI SCH DIST		4	49004	1250000	1250000	0	1299561.15	1263312.62	103.9649	101.06501	-36248.53	7/31/2026	Muni	100	Single	RFRSwap	3.563805	2.407103	2.382765532	0.08258335	0.024478549	 306 	-0.0058	1.007	1.3816	0	0	0	0	2.5833	0	-60.3012	-60.30396	0	0	0	0	0	0	0	2.4647	0.028317455	12.16137489	2.4702	0.027691748	9.37328463	2.4529	0.026828121	6.64212103	2.3998	0.025004018	1.4617021	2.3739	0.024150826	-0.9956885	2.3484	0.023334173	-3.36960494
233_PUB_HTM	612409	717021LF4	MUNI	IG-2	PEWAUKEE WI SCH DIST		4	48823	500000	500000	0	520195.3	505657.75	104.0391	101.13155	-14537.55	7/31/2026	Muni	100	Single	RFRSwap	3.53681	2.378026	2.383141994	0.08260321	0.024498273	 122 	-0.0058	1.0071	1.3818	0	0	0	0	2.5833	0	-63.0006	-63.00352	0	0	0	0	0	0	0	2.4651	0.028340861	12.17129704	2.4706	0.027714502	9.38090873	2.4533	0.026850043	6.64750744	2.4002	0.025024228	1.46287864	2.3742	0.024170242	-0.99649276	2.3488	0.023352833	-3.37231259
233_PUB_HTM	612865	720135PS5	MUNI	IG-2	PIEDMONT CA UNIF SCH DIST		4	48792	3000000	3000000	0	3044662.8	3022296.9	101.4888	100.74323	-22365.9	7/31/2026	Muni	100	Single	RFRSwap	3.877743	3.75615	2.187334538	-1.28026	0.022473382	 674 	0.6189	0.1908	0.1834	0.7918	0.3811	0	0	1.9589	0	-158.0445	-86.96405	0	0	0	0	0	0	0	1.0001	0.010836892	5.61668474	0.9898	0.010618808	4.54396221	0.9796	0.010407249	3.49271935	1.9033	0.019745227	0.99982422	3.2765	0.033123646	-1.64974778	4.349	0.042300534	-5.47904203
233_PUB_HTM	612723	720135PT3	MUNI	IG-2	PIEDMONT CA UNIF SCH DIST		4	49157	2000000	2000000	0	2028109.02	2013223	101.4055	100.66115	-14886.02	7/31/2026	Muni	100	Single	RFRSwap	3.902986	3.79465	2.407315016	-1.520986	0.024713773	 494 	0.5917	0.2084	0.1856	0.713	0.6907	0	0	2.1082	0	-161.2747	-78.59781	0	0	0	0	0	0	0	1.0003	0.010843813	5.74376452	0.99	0.010625555	4.67035856	0.9799	0.010413829	3.61844935	2.2407	0.023203347	0.89500787	3.8833	0.038990967	-2.2551031	5.0408	0.048366893	-6.70955938
233_PUB_HTM	612196	720594NQ9	MUNI	IG-2	PIERCE CNTY WA SCH DIST #402 F		4	48549	1000000	1000000	0	1021658.17	1007838	102.1658	100.7838	-13820.17	7/31/2026	Muni	100	Single	RFRSwap	3.85856	3.613633	2.547094107	-1.026545	0.025840389	 258 	0.4486	0.4657	0.256	1.0827	0.3168	0	0	2.3887	0	-141.3811	-76.16916	0	0	0	0	0	0	0	1.1716	0.012735792	7.24947075	1.2895	0.013851038	5.96580827	1.3161	0.013951494	4.55512766	2.2594	0.023205046	1.25309058	3.3492	0.033442453	-1.5978136	4.1566	0.039965551	-5.30174662
233_PUB_HTM	612880	720594NR7	MUNI	IG-2	PIERCE CNTY WA SCH DIST #402 F		4	48914	575000	575000	0	587301	578692.3	102.1393	100.64214	-8608.69	7/31/2026	Muni	100	Single	RFRSwap	3.897803	3.664052	2.811720848	-1.248334	0.028485207	 164 	0.4417	0.4502	0.2521	1.0227	0.6421	0	0	2.5753	0	-144.3489	-65.27074	0	0	0	0	0	0	0	1.1719	0.012744832	7.44630285	1.2897	0.013860811	6.16173164	1.3184	0.013983231	4.74988395	2.6546	0.02720556	1.17563138	3.921	0.038873773	-2.16665871	4.8059	0.045586754	-6.45259591
233_PUB_HTM	612929	720594NS5	MUNI	IG-2	PIERCE CNTY WA SCH DIST #402 F		4	49279	425000	425000	0	433763.56	427093.89	102.062	100.49268	-6669.67	7/31/2026	Muni	100	Single	RFRSwap	3.929485	3.709504	3.054566383	-1.484703	0.030899793	 131 	0.4235	0.4368	0.2604	0.8831	1.0698	0	0	2.8293	0	-146.549	-53.74913	0	0	0	0	0	0	0	1.1721	0.012752233	7.64093272	1.2899	0.013868815	6.35561738	1.3232	0.014039146	4.94268181	3.0434	0.031102099	1.03679555	4.4908	0.044182528	-2.77419071	5.4647	0.051137131	-7.58157199
233_PUB_HTM	611443	722171HA6	MUNI	IG-2	PINAL CNTY AZ UNIF SCH DIST #2	1	4	49126	1000000	1000000	0	1000000	1000117.2	100	100.01172	117.2	7/31/2026	Muni	100	Single	RFRSwap	3.997591	3.999543	0.762264431	-2.204214	0.007648947	 76 	0.1222	0.0341	0.0408	0.2112	0.0985	0	0	0.41	0	-156.9447	-25.05009	0	0	0	0	0	0	0	0.0447	0.00045117	0.50838872	0.079	0.000796671	0.45725402	0.0891	0.000897181	0.36737958	0.2596	0.002609732	0.17271351	2.7102	0.02690001	-1.09103482	4.3797	0.04190683	-4.66019317
233_PUB_HTM	611581	724581SF1	MUNI	IG-2	PITTSBURG CA UNIF SCH DIST		4	48427	1000000	1000000	0	1000000	1000000	100	100	0	7/31/2026	Muni	100	Single	RFRSwap	4.039815	4.039815	0.005504364	0.000005398	0.000056145	 1 	0.0055	0	0	0	0	0	0	0.0056	0	17.7759	17.77593	0	0	0	0	0	0	0	0.0056	0.000056824	0.02614426	0.0056	0.000056676	0.02046929	0.0055	0.000056528	0.01480909	0.0055	0.000056236	0.00353272	0.0055	0.000056091	-0.00208361	0.0055	0.000055946	-0.00768546
233_PUB_HTM	611421	725277MV6	MUNI	IG-2	PITTSBURGH PA SCH DIST		4	48092	1395000	1395000	0	1408320.9	1401363.57	100.9549	100.45617	-6957.32	7/31/2026	Muni	100	Single	RFRSwap	3.899616	3.79113	1.4460572	-1.060134	0.014767546	 206 	0.4765	0.131	0.1471	0.6571	0.0096	0	0	1.208	0	-154.9946	-77.53931	0	0	0	0	0	0	0	0.543	0.005719775	3.20709509	0.5728	0.00600025	2.63240316	0.5792	0.006031758	2.02559837	1.0269	0.010557785	0.69003871	2.2026	0.022287058	-0.93727942	3.196	0.031461637	-3.68064752
233_PUB_HTM	611455	725277MW4	MUNI	IG-2	PITTSBURGH PA SCH DIST		4	48458	1450000	1450000	0	1463594.32	1455001.05	100.9375	100.3449	-8593.27	7/31/2026	Muni	100	Single	RFRSwap	3.935188	3.825312	1.699683428	-1.386876	0.017338738	 251 	0.4665	0.1359	0.1544	0.7506	0.1599	0	0	1.352	0	-155.5795	-58.21905	0	0	0	0	0	0	0	0.5431	0.005720218	3.3226877	0.5728	0.006000713	2.74795138	0.5792	0.006032221	2.14109996	1.1757	0.012080831	0.74379366	2.5825	0.026044136	-1.16274741	3.766	0.03676793	-4.38036864
233_PUB_HTM	612678	725277MX2	MUNI	IG-2	PITTSBURGH PA SCH DIST		4	48823	1155000	1155000	0	1165560.81	1157940.98	100.9144	100.25463	-7619.83	7/31/2026	Muni	100	Single	RFRSwap	3.95798	3.85084	1.910111547	-1.637353	0.019468104	 225 	0.4666	0.1697	0.1752	0.7569	0.4107	0	0	1.7868	0	-157.4964	-42.51588	0	0	0	0	0	0	0	0.5432	0.005722731	3.43748701	0.5729	0.006003335	2.86249878	0.5793	0.006034844	2.2553828	1.452	0.014906117	0.73802232	3.1714	0.03182387	-1.5745908	4.418	0.042649955	-5.38435951
233_PUB_HTM	611872	725463T78	MUNI	IG-2	PITTSFIELD MA		3	48183	430000	430000	0	430000	409833.09	100	95.31002	-20166.91	7/31/2026	Muni	100	Single	RFRSwap	3.984112	2.999494	4.188917637	-0.4864255	0.040134028	 173 	0.0342	0.1363	0.3164	3.4857	0.2286	0	0	4.3001	0	-33.5958	-21.52121	0	0	0	0	0	0	0	0.0445	0.00044825	5.01621149	0.0785	0.000791542	4.96540684	0.0885	0.000891437	4.87610939	3.984	0.038816508	1.62171419	4.5307	0.042271663	-2.50915569	4.6427	0.041367326	-6.70800905
233_PUB_HTM	611275	725463T86	MUNI	IG-2	PITTSFIELD MA		3	48549	455000	455000	0	455000	430744.59	100	94.66914	-24255.41	7/31/2026	Muni	100	Single	RFRSwap	3.959327	2.999567	4.828209877	-0.5715082	0.045949657	 209 	0.027	0.1172	0.2723	3.3357	1.0875	0	0	4.9921	0	-41.2572	-26.99174	0	0	0	0	0	0	0	0.0445	0.000448452	5.66377096	0.0786	0.000791898	5.61294341	0.0886	0.000891836	5.5236059	4.6026	0.044608094	1.74996069	5.25	0.048394822	-2.98807526	5.4	0.04718563	-7.78837891
233_PUB_HTM	611316	725463T94	MUNI	IG-2	PITTSFIELD MA		3	48914	425000	425000	0	425000	400832.76	100	94.31359	-24167.24	7/31/2026	Muni	100	Single	RFRSwap	3.898511	2.999621	5.368250847	-0.7202032	0.050898314	 216 	0.0268	0.1134	0.2537	2.8763	2.1237	0	0	5.5629	0	-53.7262	-36.18711	0	0	0	0	0	0	0	0.0445	0.000448782	6.03019816	0.0786	0.000792478	5.9793333	0.0886	0.000892486	5.88993055	5.3332	0.051269449	1.31851275	6.0272	0.054691594	-4.07297506	6.1717	0.052676018	-9.46200249
233_PUB_HTM	611761	725463U27	MUNI	IG-2	PITTSFIELD MA		3	49279	440000	440000	0	440000	412295.44	100	93.70351	-27704.56	7/31/2026	Muni	100	Single	RFRSwap	3.891513	2.999662	5.96192503	-0.7888622	0.05616343	 247 	0.0225	0.1045	0.2332	2.2111	3.4205	0	0	6.1821	0	-59.367	-40.17733	0	0	0	0	0	0	0	0.0445	0.000448932	6.64520154	0.0786	0.000792741	6.59431979	0.0887	0.00089278	6.50488748	6.1317	0.058311604	0.89530284	6.7802	0.060396712	-5.12496125	6.903	0.057410665	-11.03530962
233_PUB_HTM	612255	726209PS2	MUNI	IG-2	PLAINFIELD CT	1	4	48775	825000	825000	0	825000	820020.71	100	99.39645	-4979.29	7/31/2026	Muni	100	Single	RFRSwap	4.11522	3.999695	2.044657707	-2.614238	0.020359522	 168 	0.3159	0.2022	0.2457	1.1658	0.2707	0	0	2.0252	0	-88.7	-10.43483	0	0	0	0	0	0	0	0.0446	0.000448656	1.06372935	0.0788	0.000792248	1.01287903	0.0888	0.000892217	0.9235027	0.7625	0.007639401	0.61987279	3.3323	0.032657806	-1.56931235	4.3544	0.041024014	-5.36118718
233_PUB_HTM	611741	726838LB9	MUNI	IG-2	PLAINVILLE MA		4	48136	1040000	1040000	0	1060677.38	1053114.5	101.9882	101.26101	-7562.87	7/31/2026	Muni	100	Single	RFRSwap	3.730277	3.577092	1.955623269	-0.8093147	0.020033168	 208 	0.605	0.3606	0.2001	0.773	0.0274	0	0	1.8036	0	-160.7755	-121.7525	0	0	0	0	0	0	0	1.1065	0.012031936	6.30447907	1.1759	0.012645294	5.09911173	1.1881	0.012624397	3.82253694	1.728	0.017887224	1.07311448	2.6215	0.026555495	-1.13884864	3.3496	0.032930136	-4.1269404
233_PUB_HTM	611323	727177YS0	MUNI	IG-2	PLANO TX		3	48823	3860000	3860000	0	3905386.82	3665472.98	101.1758	94.96044	-239913.83	7/31/2026	Muni	100	Single	RFRSwap	3.818424	2.815512	5.204948425	-0.3748512	0.050077036	 1,933 	-0.01	0.0952	0.4556	2.9229	1.7595	0	0	5.3544	0	-65.6283	-43.43379	0	0	0	0	0	0	0	2.4978	0.028047599	16.0768414	2.5451	0.027874105	13.31093771	3.232	0.034418795	10.2848627	5.1096	0.049945798	1.53785732	5.5497	0.051415764	-3.56443945	5.7324	0.050190005	-8.6552523
233_PUB_HTM	612091	727730HV8	MUNI	IG-2	PLATTE CNTY MO SCH DIST PARK H		4	47908	3000000	3000000	0	3000000	3001378.8	100	100.04596	1378.8	7/31/2026	Muni	100	Single	RFRSwap	3.988267	3.999336	0.331900299	-1.287315	0.003375845	 101 	0.1247	0.0405	0.0797	0.1344	0	0	0	0.3251	0	-150.7088	-68.14276	0	0	0	0	0	0	0	0.0318	0.000324383	0.32076513	0.0561	0.000572455	0.28400496	0.0633	0.000644769	0.21942413	0.0668	0.000679772	0.090884	1.407	0.014255205	-0.39817758	2.8607	0.028342133	-2.63787546
233_PUB_HTM	612130	729654SF1	MUNI	IG-2	PLYMOUTH MA		4	48700	1175000	1175000	0	1175000	1175798.18	100	100.06793	798.18	7/31/2026	Muni	100	Single	RFRSwap	3.987581	3.999156	0.550777733	-1.806194	0.005566597	 65 	0.1347	0.0348	0.0387	0.1786	0.0753	0	0	0.3922	0	-166.9714	-69.56051	0	0	0	0	0	0	0	0.0448	0.000454428	0.46219917	0.0791	0.000802421	0.41069531	0.0891	0.000903654	0.3201723	0.1488	0.001506414	0.14006845	2.1938	0.022005154	-0.76086587	4.0874	0.039663952	-4.02830268
233_PUB_HTM	612316	729654VA8	MUNI	IG-2	PLYMOUTH MA		3	49461	765000	765000	0	766507.12	728983.03	100.197	95.2919	-37524.09	7/31/2026	Muni	100	Single	RFRSwap	3.627312	2.974157	5.662322998	-0.890176	0.054240469	 415 	0.0195	0.2758	0.3097	1.6357	3.4454	0	0	5.6483	0	-107.0926	-68.23711	0	0	0	0	0	0	0	1.6703	0.018254995	13.50179873	1.797	0.019311978	11.67599177	2.5185	0.026514124	9.48464145	5.5975	0.054212268	1.0597274	6.4103	0.058448609	-4.61282783	6.7529	0.057634249	-10.44486627
233_PUB_HTM	611620	729654VB6	MUNI	IG-2	PLYMOUTH MA		3	49827	1315000	1315000	0	1315036.69	1227387.34	100.0028	93.33744	-87649.36	7/31/2026	Muni	100	Single	RFRSwap	3.818689	2.999376	6.560159206	-0.7406473	0.061558858	 809 	0.003	0.1665	0.257	0.8019	5.3512	0	0	6.7157	0	-84.3586	-52.69041	0	0	0	0	0	0	0	1.6681	0.018149894	14.97017299	1.8154	0.019422639	13.15313569	2.9345	0.03070798	10.80655728	6.3943	0.060693938	1.0820596	7.1639	0.063495971	-5.20408605	7.4812	0.061611161	-11.48312639
233_PUB_HTM	612726	732098NC8	MUNI	IG-2	POMONA CA UNIF SCH DIST		4	50253	2000000	2000000	0	2099815.14	2036191.4	104.9908	101.80957	-63623.74	7/31/2026	Muni	100	Single	RFRSwap	3.797218	3.450886	5.852974892	-0.6285596	0.060759481	 1,215 	-0.0005	-0.0041	0.7299	1.5429	3.2857	0.3078	0	6.2287	0	-134.9198	-66.25705	0	0	0	0	0	0	0	3.8092	0.047920335	21.99338887	3.7861	0.045859341	17.31616293	4.1491	0.048333108	12.68145505	6.1205	0.064387858	1.39018326	6.8378	0.067412719	-5.22113588	7.2873	0.066920988	-11.97767786
233_PUB_HTM	611816	734122BR4	MUNI	IG-2	PORT FREEPORT TX		2	50983	1495000	1495000	0	1273204.11	1065212.32	85.1642	71.25166	-207991.79	7/31/2026	Muni	100	Single	RFRSwap	5.041472	3.423527	10.67293835	1.304302	0.077113748	 1,153 	-0.0144	-0.0346	-0.0866	-0.3614	7.638	3.5318	0	12.6589	0	56.2255	57.36378	0	0	0	0	0	0	0	3.6886	0.039278947	34.23475587	9.1479	0.091156349	27.39521213	10.6643	0.09600991	17.77788407	10.765	0.078069195	0.26981871	10.5738	0.068921611	-7.07007856	10.3577	0.060803834	-13.54785998
233_PUB_HTM	612814	734122BS2	MUNI	IG-2	PORT FREEPORT TX		2	51349	1525000	1525000	0	1273225.09	1051098.93	83.4902	68.92452	-222126.16	7/31/2026	Muni	100	Single	RFRSwap	5.14063	3.501976	11.32598019	1.489124	0.079196371	 1,208 	-0.0139	-0.0336	-0.0845	-0.3646	6.7987	5.0222	0	13.6741	0	62.7953	63.87899	0	0	0	0	0	0	0	4.0831	0.043371793	36.29931569	10.1057	0.099577665	28.61198829	11.4516	0.101077661	18.34065661	11.419	0.080044657	0.17354536	11.1973	0.070096716	-7.32312412	10.9358	0.06128867	-13.88058994
233_PUB_HTM	611909	734122BT0	MUNI	IG-2	PORT FREEPORT TX		2	51714	1555000	1555000	0	1272314.4	1041652.83	81.8209	66.98732	-230661.57	7/31/2026	Muni	100	Single	RFRSwap	5.195873	3.576508	11.9485054	1.670898	0.081234686	 1,263 	-0.0135	-0.0326	-0.0823	-0.362	5.7923	6.6445	0	14.6322	0	65.3267	66.48769	0	0	0	0	0	0	0	4.4343	0.047042143	38.09995534	10.8768	0.106269553	29.71586426	12.1545	0.105593786	18.88864795	12.0481	0.082017727	0.0879731	11.7791	0.071179189	-7.55881365	11.4753	0.061731685	-14.19196195
233_PUB_HTM	612681	736560HC0	MUNI	IG-2	PORTLAND ME		2.375	46419	460000	460000	0	460000	459191.27	100	99.82419	-808.73	7/31/2026	Muni	100	Single	RFRSwap	2.731422	2.375	0.460018814	-0.2390139	0.004646728	 21 	0.46	0	0	0	0	0	0	0.4844	0	-126.7447	-126	0	0	0	0	0	0	0	0.1273	0.001294855	0.74402784	0.1269	0.001289845	0.61479313	0.1266	0.001284868	0.48605778	0.2041	0.002066578	0.22882377	0.4915	0.004956833	-0.16532442	0.4949	0.004966597	-0.66448351
233_PUB_HTM	611234	736560LM3	MUNI	IG-2	PORTLAND ME		3	47788	555000	555000	0	555000	549303.09	100	98.97353	-5696.91	7/31/2026	Muni	100	Single	RFRSwap	3.259829	2.999296	2.198277473	-1.642684	0.021922	 122 	0.2875	0.2566	0.8289	0.9364	0	0	0	2.102	0	-138.7389	-91.84685	0	0	0	0	0	0	0	0.0447	0.000452163	1.44502859	0.079	0.000798429	1.3937812	0.089	0.000899165	1.30370824	1.1224	0.011293036	0.89016873	2.9513	0.029039744	-1.32769568	3.5054	0.033376623	-4.50749805
233_PUB_HTM	611714	736560LN1	MUNI	IG-2	PORTLAND ME		3	48153	555000	555000	0	555000	543324.13	100	97.89624	-11675.87	7/31/2026	Muni	100	Single	RFRSwap	3.440755	2.999421	3.203884125	-1.368546	0.031605113	 175 	0.1876	0.2484	0.3694	2.3425	0.1092	0	0	3.1006	0	-111.2311	-75.72198	0	0	0	0	0	0	0	0.0446	0.000451427	2.49815255	0.0789	0.000797136	2.44698836	0.0889	0.000897716	2.35706094	2.4631	0.024612492	1.27838701	3.9591	0.038241725	-2.05472177	4.3846	0.040600777	-6.0473412
233_PUB_HTM	612536	736560LP6	MUNI	IG-2	PORTLAND ME		3	48519	550000	550000	0	550000	529880.89	100	96.34198	-20119.11	7/31/2026	Muni	100	Single	RFRSwap	3.659466	2.999507	4.264204979	-1.072471	0.041402012	 228 	0.0942	0.1925	0.3273	2.8346	0.8289	0	0	4.2635	0	-82.1364	-56.78682	0	0	0	0	0	0	0	0.0446	0.000450651	4.02689513	0.0787	0.000795772	3.97581868	0.0888	0.000896188	3.88604471	3.7771	0.037283938	1.61973406	4.9104	0.046346776	-2.70746212	5.2214	0.046829794	-7.40308602
233_PUB_HTM	612846	736560LQ4	MUNI	IG-2	PORTLAND ME		3	48884	340000	340000	0	340000	323851.33	100	95.25039	-16148.67	7/31/2026	Muni	100	Single	RFRSwap	3.753841	2.999569	5.041258335	-0.9563398	0.048396274	 165 	0.0561	0.149	0.2899	2.7133	1.8557	0	0	5.1021	0	-73.4112	-50.4536	0	0	0	0	0	0	0	0.0445	0.000450419	5.11084125	0.0787	0.000795364	5.05979105	0.0887	0.00089573	4.97006301	4.8823	0.047528971	1.34952775	5.8198	0.053639289	-3.83344876	6.0472	0.05250971	-9.16712475
233_PUB_HTM	611947	737016PH2	MUNI	IG-2	PORTOLA VLY CA SCH DIST		3	50253	690000	690000	0	682876.2	632107.14	98.9676	91.60973	-50769.06	7/31/2026	Muni	100	Single	RFRSwap	3.947699	3.111552	7.732700825	-0.02816358	0.071998969	 497 	-0.0082	-0.0203	0.1703	0.7812	6.1825	0.6365	0	8.5454	0	-68.6689	-44.03169	0	0	0	0	0	0	0	3.8609	0.045658499	25.14774871	4.2676	0.048511073	20.56386972	5.7365	0.062055264	15.06635795	7.837	0.073735319	0.97687517	8.1883	0.071094282	-6.28505191	8.3097	0.06642434	-13.17428411
233_PUB_HTM	612013	737016PJ8	MUNI	IG-2	PORTOLA VLY CA SCH DIST		3	50618	675000	675000	0	659427.18	606611.43	97.6929	89.86836	-52815.75	7/31/2026	Muni	100	Single	RFRSwap	4.075957	3.233495	8.374142647	0.02443221	0.076513171	 516 	-0.0077	-0.0192	0.1233	0.6305	6.2489	1.411	0	9.2623	0	-57.7031	-34.85772	0	0	0	0	0	0	0	3.8597	0.04545128	26.38993639	4.4472	0.050312079	21.76411083	6.215	0.066673532	15.90972353	8.4989	0.078330614	0.79724784	8.8317	0.074614264	-6.88378899	8.9094	0.068872146	-14.0656056
233_PUB_HTM	611632	737016PK5	MUNI	IG-2	PORTOLA VLY CA SCH DIST		3	50983	725000	725000	0	705512.85	637919.02	97.3121	87.98883	-67593.84	7/31/2026	Muni	100	Single	RFRSwap	4.209109	3.25524	9.059238434	0.1639255	0.081070065	 588 	-0.0079	-0.019	0.0811	0.4859	6.0898	2.4093	0	10.2981	0	-45.933	-25.02793	0	0	0	0	0	0	0	3.8595	0.045233157	27.70991339	4.67	0.052542169	23.02140477	6.7901	0.072154969	16.77565885	9.139	0.082360864	0.63127448	9.451	0.077584483	-7.39748618	9.5137	0.071023948	-14.83430155
233_PUB_HTM	612118	73723RVP5	MUNI	IG-2	PORTSMOUTH VA		3	48792	1560000	1560000	0	1560000	1476881.64	100	94.6719	-83118.36	7/31/2026	Muni	100	Single	RFRSwap	3.876399	3	5.096309185	-0.7150731	0.049012173	 765 	0.0355	0.1264	0.2736	2.9601	1.7092	0	0	5.2816	0	-54.9455	-37.30058	0	0	0	0	0	0	0	0.1264	0.001290009	5.88354996	0.1261	0.001285048	5.75479741	0.1258	0.001280118	5.62653938	4.9623	0.04848332	1.53058818	5.6666	0.052450199	-3.61223312	5.8318	0.050948597	-8.80861689
233_PUB_HTM	612207	743600E95	MUNI	IG-2	PROSPER TX INDEP SCH DIST		4	48990	600000	600000	0	623244.78	606777.54	103.8741	101.12959	-16467.24	7/31/2026	Muni	100	Single	RFRSwap	3.825891	3.412649	3.894006968	-0.7542449	0.040098161	 241 	-0.0048	0.4888	0.9586	1.4587	1.0062	0	0	3.8045	0	-121.985	-64.22664	0	0	0	0	0	0	0	2.4554	0.028666703	13.7742374	2.4439	0.027843159	10.9550519	2.5126	0.027931023	8.19122992	3.9946	0.04170727	1.4343337	4.8003	0.047953889	-3.07642332	5.3125	0.050445683	-8.01714498
233_PUB_HTM	611686	743600F29	MUNI	IG-2	PROSPER TX INDEP SCH DIST		4	49355	1000000	1000000	0	1037143.21	1007885.7	103.7143	100.78857	-29257.51	7/31/2026	Muni	100	Single	RFRSwap	3.890383	3.492994	4.22997427	-0.9023398	0.043413505	 434 	-0.0047	0.4475	0.9262	1.2405	1.6609	0	0	4.28	0	-121.6381	-50.13563	0	0	0	0	0	0	0	2.4555	0.028670471	14.12757931	2.4444	0.027851477	11.30800078	2.5635	0.028495856	8.52876228	4.4024	0.045750912	1.28959656	5.3202	0.052640237	-3.68958644	5.8931	0.055109888	-9.11784862
233_PUB_HTM	611611	748508VF2	MUNI	IG-2	QUINCY MA		2	49933	905000	905000	0	783507.1	718902.41	86.5754	79.43673	-64604.7	7/31/2026	Muni	100	Single	RFRSwap	4.558508	3.593611	8.626578331	0.763466	0.069178499	 626 	-0.019	-0.0372	-0.0821	-0.2354	8.871	0.1135	0	9.639	0	17.4802	19.70874	0	0	0	0	0	0	0	3.1252	0.03366667	27.53365546	6.0604	0.062506169	22.94572164	8.0106	0.076841876	15.73263247	8.659	0.070078969	0.73935587	8.6106	0.063915901	-5.96294141	8.5114	0.057993591	-12.05597523
233_PUB_HTM	612691	748508VG0	MUNI	IG-2	QUINCY MA		2	50298	925000	925000	0	789987.02	713011.46	85.404	77.08232	-76975.56	7/31/2026	Muni	100	Single	RFRSwap	4.664154	3.604355	9.362695694	0.9247503	0.072877228	 674 	-0.0185	-0.0365	-0.0859	-0.2818	8.6522	1.1321	0	10.6235	0	24.4184	26.52443	0	0	0	0	0	0	0	3.2077	0.034478337	29.64965	6.849	0.070146456	24.58079985	8.8549	0.083635442	16.61335062	9.4212	0.073896892	0.59891567	9.3363	0.066672102	-6.4264128	9.2066	0.059922505	-12.75173749
233_PUB_HTM	611531	748508VH8	MUNI	IG-2	QUINCY MA		2	50663	945000	945000	0	792738.75	706506	83.8877	74.76254	-86232.75	7/31/2026	Muni	100	Single	RFRSwap	4.764483	3.657234	10.08483601	1.088461	0.076158762	 720 	-0.0182	-0.0359	-0.0877	-0.3201	8.2107	2.3288	0	11.6441	0	30.8249	32.78645	0	0	0	0	0	0	0	3.346	0.035889532	31.74298151	7.7297	0.078528538	26.07491372	9.7032	0.090115175	17.35397922	10.1512	0.077074744	0.40850524	10.0432	0.068927422	-6.88729221	9.8743	0.061345924	-13.39140248
233_PUB_HTM	611605	748508WF1	MUNI	IG-2	QUINCY MA		2	50785	1225000	1225000	0	1020824.98	905879.29	83.3327	73.94933	-114945.68	7/31/2026	Muni	100	Single	RFRSwap	4.803348	3.680173	10.411273	1.172546	0.077083215	 944 	-0.0237	-0.0361	-0.0891	-0.3307	8.1051	2.7832	0	11.9622	0	33.405	35.35379	0	0	0	0	0	0	0	3.805	0.040713433	32.9602453	8.2833	0.08341869	26.66934199	10.0935	0.092498049	17.60319028	10.4933	0.078059137	0.35104311	10.3661	0.069473244	-7.01884637	10.196	0.061654516	-13.56867236
233_PUB_HTM	611641	750022BR5	MUNI	IG-2	RACINE WI		4	46722	805000	805000	0	805000	805675.64	100	100.08393	675.64	7/31/2026	Muni	100	Single	RFRSwap	3.931413	3.996585	0.176192865	-0.266665	0.001775154	 14 	0.1594	0.021	0	0	0	0	0	0.1609	0	-104.3382	-87.2262	0	0	0	0	0	0	0	0.0446	0.000451256	0.39052785	0.0788	0.000796834	0.33938307	0.0888	0.000897378	0.24948957	0.0884	0.000891199	0.07063312	0.2993	0.003013226	-0.07055011	0.9917	0.009915314	-0.77238861
233_PUB_HTM	611607	750022BS3	MUNI	IG-2	RACINE WI		4	47088	790000	790000	0	790000	790695.36	100	100.08802	695.36	7/31/2026	Muni	100	Single	RFRSwap	3.958166	3.998009	0.247190699	-0.5403405	0.002490562	 20 	0.1301	0.0853	0.0271	0	0	0	0	0.1881	0	-129.5256	-92.01105	0	0	0	0	0	0	0	0.0447	0.000451929	0.40855551	0.0789	0.000798017	0.35733461	0.089	0.000898704	0.26730797	0.0885	0.000892502	0.08818864	0.5436	0.005470819	-0.10585956	1.5562	0.015485535	-1.24540909
233_PUB_HTM	612424	751622TR2	MUNI	IG-2	RAMSEY CNTY MN		2	49706	945000	945000	0	844215.37	760511.81	89.335	80.47744	-83703.56	7/31/2026	Muni	100	Single	RFRSwap	4.554499	3.318058	8.143120766	0.6862182	0.066348061	 627 	-0.0254	-0.0374	-0.0831	0.6547	7.6296	0	0	9.1095	0	19.6102	21.54919	0	0	0	0	0	0	0	3.5855	0.038971145	27.21455036	6.1334	0.06358739	22.19670894	7.6767	0.074157126	15.12293693	8.1854	0.067292795	0.73381057	8.1426	0.061687943	-5.71813786	8.0449	0.056207318	-11.61015377
233_PUB_HTM	611434	751622TS0	MUNI	IG-2	RAMSEY CNTY MN		2	50072	1140000	1140000	0	994581.41	890385.71	87.244	78.10401	-104195.7	7/31/2026	Muni	100	Single	RFRSwap	4.660781	3.459172	8.895140648	0.8340194	0.070364133	 802 	-0.0248	-0.0368	-0.0867	-0.2723	8.8394	0.4728	0	10.0687	0	26.5479	28.40229	0	0	0	0	0	0	0	3.6639	0.039726663	29.32203747	6.8176	0.070221551	23.8957517	8.4681	0.080644876	16.13000011	8.948	0.071408205	0.69994304	8.8736	0.064774744	-6.10686128	8.7514	0.058494922	-12.26360468
233_PUB_HTM	612975	751622TT8	MUNI	IG-2	RAMSEY CNTY MN		2	50437	1160000	1160000	0	1024592.97	878775.63	88.327	75.75652	-145817.34	7/31/2026	Muni	100	Single	RFRSwap	4.762212	3.222799	9.625695229	0.9966359	0.073883489	 857 	-0.0245	-0.0362	-0.0884	-0.318	8.523	1.5599	0	11.0972	0	33.0328	34.77686	0	0	0	0	0	0	0	3.817	0.041286983	31.41043825	7.6434	0.078089416	25.40892357	9.2904	0.087025553	16.91631058	9.6832	0.074824721	0.51656948	9.5825	0.067241617	-6.58522404	9.4304	0.060173292	-12.9484546
233_PUB_HTM	612480	751622TU5	MUNI	IG-2	RAMSEY CNTY MN		2	50802	1185000	1185000	0	1031076.75	869493.99	87.0107	73.37502	-161582.76	7/31/2026	Muni	100	Single	RFRSwap	4.868499	3.274658	10.32668877	1.18937	0.076804772	 910 	-0.0239	-0.0353	-0.0883	-0.3391	7.9958	2.8185	0	12.0525	0	40.0578	41.66957	0	0	0	0	0	0	0	4.0576	0.043770235	33.49754758	8.5208	0.08622247	26.81591238	10.1338	0.093206748	17.60108712	10.4052	0.077739857	0.33733896	10.2575	0.069109507	-7.00057841	10.0714	0.061295521	-13.51406304
233_PUB_HTM	612234	757889DX5	MUNI	IG-2	REDWOOD CITY CA SCH DIST		3	49888	2220000	2220000	0	2219819.95	2069307.73	99.9919	93.21206	-150512.22	7/31/2026	Muni	100	Single	RFRSwap	3.82319	3.000944	6.841135979	-0.3745216	0.06479381	 1,438 	-0.0089	-0.0198	0.4503	0.6683	5.753	0	0	7.2081	0	-82.2823	-52.87277	0	0	0	0	0	0	0	2.9331	0.03367896	20.11274801	3.0612	0.034131452	16.78341097	4.3167	0.046433251	12.85411336	6.8996	0.066109657	1.10448154	7.3877	0.065884203	-5.53127245	7.6214	0.063042566	-11.99404192
233_PUB_HTM	612328	757889DZ0	MUNI	IG-2	REDWOOD CITY CA SCH DIST		3	50618	2210000	2210000	0	2159013.43	1986090.76	97.6929	89.86836	-172922.67	7/31/2026	Muni	100	Single	RFRSwap	4.075957	3.233495	8.21308136	-0.1809099	0.075041577	 1,658 	-0.0077	-0.019	0.2437	0.5014	6.121	1.3857	0	9.0246	0	-59.3432	-34.85772	0	0	0	0	0	0	0	2.9289	0.033399124	22.66401435	3.2668	0.036156688	19.31183024	5.2348	0.055572499	14.79055113	8.2637	0.076173097	0.80984596	8.7481	0.074029818	-6.74484321	8.8679	0.068707101	-13.89021072
233_PUB_HTM	611639	757889EA4	MUNI	IG-2	REDWOOD CITY CA SCH DIST		3	50983	570000	570000	0	554679.08	500210.17	97.3121	87.75617	-54468.91	7/31/2026	Muni	100	Single	RFRSwap	4.234415	3.25524	8.969434738	0.02124866	0.08005774	 456 	-0.0081	-0.0191	0.1516	0.3908	6.0535	2.408	0	10.3142	0	-43.4597	-22.49265	0	0	0	0	0	0	0	2.9261	0.033203296	24.21549065	3.4665	0.038161058	20.82850961	5.9302	0.062339846	15.86636778	9.0004	0.08090324	0.63218723	9.3889	0.076946609	-7.30128404	9.4901	0.070756979	-14.6977166
233_PUB_HTM	612367	758926HT9	MUNI	IG-2	REGL SCH DIST #16 CT		2.6	47727	400000	400000	0	400000	386718.4	100	96.6796	-13281.6	7/31/2026	Muni	100	Single	RFRSwap	3.47891	2.599697	3.232786894	-0.4974614	0.031604674	 126 	0.0727	0.1953	1.5129	1.4666	0	0	0	3.2577	0	-82.0691	-69.73463	0	0	0	0	0	0	0	0.169	0.001723132	4.1837557	0.2018	0.002053299	4.00588672	0.2111	0.002144116	3.79097118	2.9171	0.028954973	1.49651119	3.5169	0.03377416	-1.7276785	3.6397	0.033719018	-5.12045296
233_PUB_HTM	612238	758926HU6	MUNI	IG-2	REGL SCH DIST #16 CT		2.65	48092	400000	400000	0	400000	382047.68	100	95.51192	-17952.32	7/31/2026	Muni	100	Single	RFRSwap	3.624322	2.649743	4.02007246	-0.4844307	0.038840365	 155 	0.0382	0.137	0.3266	3.4693	0.057	0	0	4.0681	0	-68.8039	-56.97031	0	0	0	0	0	0	0	0.1689	0.001721717	5.33373491	0.2016	0.002051684	5.15601051	0.211	0.002142456	4.94126193	3.8241	0.037546411	1.56832392	4.3598	0.041059114	-2.43849169	4.4657	0.040234212	-6.51990938
233_PUB_HTM	611396	758926HV4	MUNI	IG-2	REGL SCH DIST #16 CT		2.7	48458	200000	200000	0	200000	186170.7	100	93.08535	-13829.3	7/31/2026	Muni	100	Single	RFRSwap	3.991121	2.699774	5.009970188	-0.1882545	0.047199104	 94 	-0.0005	0.047	0.1746	3.8036	0.9919	0	0	5.2937	0	-30.1412	-23.15556	0	0	0	0	0	0	0	0.1685	0.001717194	7.68881579	0.2012	0.002046385	7.51155594	0.2269	0.002303606	7.29735894	4.8999	0.047060899	1.83481433	5.2292	0.047720145	-2.95313211	5.2719	0.045643829	-7.63114775
233_PUB_HTM	612411	75914TCT8	MUNI	IG-2	REGL SCH UNIT #1 ME LOWER KENN		3	49249	1000000	1000000	0	1003187.07	932236.7	100.3187	93.22367	-70950.37	7/31/2026	Muni	100	Single	RFRSwap	3.970769	2.955807	6.196247101	-0.1518723	0.058228407	 582 	-0.0118	-0.0198	0.3657	2.4209	3.4394	0	0	6.5091	0	-50.7493	-32.0213	0	0	0	0	0	0	0	3.0568	0.034782466	19.81354808	3.3544	0.037002187	16.33521124	4.5166	0.047920387	12.123589	6.3011	0.059810955	0.94827336	6.6065	0.058782317	-4.99766606	6.7032	0.05579238	-10.74061859
233_PUB_HTM	612028	75914TCV3	MUNI	IG-2	REGL SCH UNIT #1 ME LOWER KENN		3.25	49980	1000000	1000000	0	1008751	924929.2	100.8751	92.49292	-83821.8	7/31/2026	Muni	100	Single	RFRSwap	4.156422	3.149076	7.147166729	-0.2101203	0.066686936	 667 	-0.0089	-0.0148	0.3401	0.6897	5.9678	0.139	0	7.7144	0	-44.7346	-20.3352	0	0	0	0	0	0	0	3.0449	0.03485731	21.17113184	3.3134	0.036779463	17.69839139	4.7099	0.050269503	13.42560177	7.1716	0.067682162	1.07035284	7.6439	0.066959634	-5.70666952	7.8013	0.063244365	-12.23633639
233_PUB_HTM	612011	761440C53	MUNI	IG-2	REVERE MA		3	49735	715000	715000	0	705332.61	659748.16	98.6479	92.27247	-45584.45	7/31/2026	Muni	100	Single	RFRSwap	3.977404	3.164467	6.801032543	-0.6276797	0.063604936	 455 	0.0046	0.0717	0.1818	1.0488	5.5139	0	0	7.3462	0	-53.9129	-35.83481	0	0	0	0	0	0	0	0.1685	0.001721393	8.61477545	0.2012	0.002051741	8.43707644	0.224	0.002278798	8.22231055	6.9402	0.065593936	0.99114863	7.5509	0.066326007	-5.68376664	7.6591	0.062335148	-12.13524227
233_PUB_HTM	612701	761440P42	MUNI	IG-2	REVERE MA		3	49919	815000	815000	0	807820.5	744998.35	99.1191	91.41084	-62822.15	7/31/2026	Muni	100	Single	RFRSwap	4.045551	3.102221	7.212458611	-0.1517215	0.066831246	 545 	-0.0093	-0.0191	0.2882	0.6129	6.2975	0.0502	0	7.7972	0	-52.6956	-30.95658	0	0	0	0	0	0	0	2.9712	0.033821236	21.16837714	3.2574	0.03597733	17.78737824	4.81	0.051069938	13.51470571	7.239	0.067831904	1.04214048	7.6367	0.066406384	-5.7037805	7.7717	0.062552661	-12.17319986
233_PUB_HTM	611640	761440P59	MUNI	IG-2	REVERE MA		2	50284	1715000	1715000	0	1465289.49	1323810.73	85.4396	77.19013	-141478.76	7/31/2026	Muni	100	Single	RFRSwap	4.657946	3.605126	9.322004318	0.9176745	0.072733507	 1,247 	-0.0178	-0.0365	-0.085	-0.2766	8.6456	1.091	0	10.5854	0	23.8298	26.02225	0	0	0	0	0	0	0	3.1835	0.034233026	29.50840881	6.79	0.069600068	24.48014463	8.7932	0.083173409	16.56487133	9.3766	0.073730044	0.60825721	9.2974	0.066587456	-6.40432722	9.1694	0.059877831	-12.72146294
233_PUB_HTM	612788	761440P67	MUNI	IG-2	REVERE MA		2	50649	1755000	1755000	0	1472865.69	1314090.82	83.924	74.87697	-158774.87	7/31/2026	Muni	100	Single	RFRSwap	4.757499	3.657839	10.0431366	1.07738	0.076036893	 1,334 	-0.0174	-0.0359	-0.087	-0.3154	8.2158	2.2749	0	11.602	0	30.1707	32.20929	0	0	0	0	0	0	0	3.3182	0.03560739	31.59968066	7.6632	0.077926464	25.97902138	9.6405	0.089677326	17.31126763	10.1041	0.076918438	0.4159866	10.0008	0.068846323	-6.86957487	9.8355	0.061316069	-13.36864758
233_PUB_HTM	612858	76222RTS1	MUNI	IG-2	RHODE ISLAND ST & PROVIDENCE P		3	46508	1845000	1845000	0	1845000	1845060.52	100	100.00328	60.52	7/31/2026	Muni	100	Single	RFRSwap	2.991763	2.996213	0.281199783	-0.5812932	0.00283318	 52 	0.2812	0	0	0	0	0	0	0.1695	0	-130.0733	-104.1163	0	0	0	0	0	0	0	0.0447	0.000451931	0.40766154	0.0789	0.000798021	0.35644039	0.089	0.000898708	0.26641333	0.0885	0.000892506	0.08729319	0.4875	0.004905021	-0.12995998	0.707	0.007068771	-0.77105324
233_PUB_HTM	612867	76222RTT9	MUNI	IG-2	RHODE ISLAND ST & PROVIDENCE P		3	46874	1895000	1895000	0	1895000	1895026.72	100	100.00141	26.72	7/31/2026	Muni	100	Single	RFRSwap	2.997519	2.998351	0.447226077	-0.9991826	0.004505866	 85 	0.247	0.1828	0	0	0	0	0	0.2381	0	-174.656	-117.2741	0	0	0	0	0	0	0	0.0448	0.000453128	0.44876162	0.0791	0.000800123	0.39740522	0.0892	0.000901063	0.30714157	0.102	0.001028595	0.12755437	0.8396	0.008440248	-0.22739065	1.4267	0.014171628	-1.42302761
233_PUB_HTM	611228	76222RTU6	MUNI	IG-2	RHODE ISLAND ST & PROVIDENCE P		3	47239	3905000	3905000	0	3905000	3898150.63	100	99.8246	-6849.37	7/31/2026	Muni	100	Single	RFRSwap	3.065906	2.998935	0.939439714	-1.499668	0.009448377	 369 	0.2778	0.2929	0.4081	0	0	0	0	0.7741	0	-173.1395	-110.4613	0	0	0	0	0	0	0	0.0448	0.000453087	0.62423548	0.0791	0.000800052	0.57288369	0.0892	0.000900983	0.48262811	0.2023	0.002040744	0.29257953	1.4924	0.014936404	-0.49204151	2.1824	0.021428365	-2.38875579
233_PUB_HTM	611482	76222RTV4	MUNI	IG-2	RHODE ISLAND ST & PROVIDENCE P		3	47604	4025000	4025000	0	4025000	3984211.46	100	98.98662	-40788.54	7/31/2026	Muni	100	Single	RFRSwap	3.288579	2.999208	2.060326099	-1.407474	0.020548996	 827 	0.2852	0.2686	1.0896	0.5139	0	0	0	2.0184	0	-129.5605	-88.1172	0	0	0	0	0	0	0	0.0447	0.000451917	1.42387086	0.0789	0.000797997	1.37265126	0.089	0.000898681	1.28262691	1.0254	0.010318112	0.889195	2.6539	0.026172144	-1.1198435	3.1363	0.030031232	-3.98409326
233_PUB_HTM	611765	76222RTX0	MUNI	IG-2	RHODE ISLAND ST & PROVIDENCE P		3	48335	1260000	1260000	0	1260000	1217520.11	100	96.62858	-42479.89	7/31/2026	Muni	100	Single	RFRSwap	3.65476	2.999468	3.9585495	-1.012525	0.038547792	 486 	0.1055	0.2011	0.3486	2.8703	0.4475	0	0	3.885	0	-80.3066	-55.53816	0	0	0	0	0	0	0	0.0446	0.000450602	3.73869171	0.0787	0.000795686	3.68762076	0.0887	0.000896092	3.59785643	3.4653	0.034289714	1.57369546	4.5443	0.043144483	-2.43644651	4.8418	0.043845244	-6.82233203
233_PUB_HTM	612921	76222RVE9	MUNI	IG-2	RHODE ISLAND ST & PROVIDENCE P		4	47239	4835000	4835000	0	4900241.98	4869862.77	101.3494	100.72105	-30379.21	7/31/2026	Muni	100	Single	RFRSwap	3.719953	3.479547	1.158315539	-0.5047092	0.011782506	 570 	0.6059	0.2603	0.303	0	0	0	0	1.055	0	-132.1753	-101.728	0	0	0	0	0	0	0	0.6289	0.006633082	3.74410946	0.7224	0.007569426	3.0675619	0.7463	0.007761554	2.28552995	0.9032	0.009250324	0.69521054	1.4234	0.014412493	-0.46868849	1.9236	0.019151151	-2.16406869
233_PUB_HTM	612325	76222RVF6	MUNI	IG-2	RHODE ISLAND ST & PROVIDENCE P		4	47604	5030000	5030000	0	5095253.02	5061098.98	101.2973	100.61827	-34154.04	7/31/2026	Muni	100	Single	RFRSwap	3.820104	3.62559	1.375095248	-0.7318417	0.01397348	 703 	0.5708	0.1655	0.4474	0.1969	0	0	0	1.2443	0	-135.6578	-87.86065	0	0	0	0	0	0	0	0.6291	0.006636512	3.87923928	0.7225	0.007573319	3.20234272	0.7464	0.007765525	2.41990962	1.0674	0.010929509	0.77552833	1.855	0.01872205	-0.68846474	2.5181	0.024862424	-2.88219335
233_PUB_HTM	611595	76222RVG4	MUNI	IG-2	RHODE ISLAND ST & PROVIDENCE P		4	47969	5230000	5230000	0	5295115.45	5257433.44	101.245	100.52454	-37682.01	7/31/2026	Muni	100	Single	RFRSwap	3.876911	3.710636	1.616245031	-0.984959	0.016408853	 858 	0.5546	0.1595	0.2541	0.6286	0	0	0	1.3994	0	-139.1435	-75.19371	0	0	0	0	0	0	0	0.6292	0.006639452	4.00068275	0.7226	0.007576655	3.32348714	0.7465	0.007768928	2.54071029	1.2557	0.012850582	0.81272615	2.2884	0.023008252	-0.98077339	3.1453	0.030761773	-3.72085756
233_PUB_HTM	612580	76222RVH2	MUNI	IG-2	RHODE ISLAND ST & PROVIDENCE P		4	48335	5440000	5440000	0	5506110.64	5464930.43	101.2153	100.45828	-41180.21	7/31/2026	Muni	100	Single	RFRSwap	3.909285	3.762077	1.839429498	-1.25835	0.018662535	 1,015 	0.5418	0.1718	0.1831	0.8342	0.1146	0	0	1.5134	0	-144.7531	-66.22725	0	0	0	0	0	0	0	0.6294	0.006643979	4.10962642	0.7228	0.007581794	3.43197012	0.7467	0.00777417	2.64866374	1.392	0.014243541	0.86387769	2.6491	0.02656389	-1.18193153	3.6863	0.035792008	-4.36482237
233_PUB_HTM	612551	763682R52	MUNI	IG-2	RICHLAND CNTY SC SCH DIST #2		2	49004	5000000	5000000	0	4520718.07	4317119.5	90.4144	86.34239	-203598.57	7/31/2026	Muni	100	Single	RFRSwap	4.114672	3.447057	6.579660416	0.3256435	0.057358667	 2,868 	-0.0252	-0.0329	-0.0238	3.2403	3.4182	0	0	7.0278	0	-19.2405	-15.4377	0	0	0	0	0	0	0	2.5264	0.027233675	20.61949733	3.7114	0.038874872	17.5683235	5.5389	0.055335164	12.72793803	6.5806	0.058026027	1.0010985	6.6233	0.05466285	-4.64397062	6.6062	0.05102963	-9.93108897
233_PUB_HTM	612127	76541VRZ2	MUNI	IG-2	RICHMOND VA		3	48044	1000000	1000000	0	1007144.46	991573.9	100.7144	99.15739	-15570.56	7/31/2026	Muni	100	Single	RFRSwap	3.184942	2.844233	2.637088776	-1.024688	0.026183844	 262 	0.3837	0.2655	0.3647	1.6562	0	0	0	2.3812	0	-159.2622	-100.4186	0	0	0	0	0	0	0	0.8195	0.008636416	6.09798543	0.9304	0.009723442	5.22065599	0.9706	0.01004632	4.21884338	2.3268	0.023382561	1.20061062	3.1514	0.030806072	-1.53652212	3.657	0.034546964	-4.82216309
233_PUB_HTM	612336	76541VSA6	MUNI	IG-2	RICHMOND VA		3	48410	2000000	2000000	0	2013474.04	1943622.2	100.6737	97.18111	-69851.84	7/31/2026	Muni	100	Single	RFRSwap	3.528747	2.875946	3.818351269	-1.012135	0.037158072	 743 	0.1747	0.2249	0.341	2.5564	0.5251	0	0	3.6329	0	-105.1442	-68.83566	0	0	0	0	0	0	0	0.817	0.008561756	7.47881192	0.9276	0.009639822	6.60904774	1.0372	0.01067555	5.60733601	3.2863	0.032473538	1.49948873	4.1597	0.039582513	-2.15777397	4.6115	0.041984074	-6.27182298
233_PUB_HTM	611797	76541VSB4	MUNI	IG-2	RICHMOND VA		3	48775	2000000	2000000	0	2013209.55	1927902.2	100.6605	96.39511	-85307.35	7/31/2026	Muni	100	Single	RFRSwap	3.590113	2.894339	4.461888313	-1.101097	0.043069914	 861 	0.1289	0.2164	0.3281	2.4935	1.3393	0	0	4.3572	0	-102.0939	-65.73757	0	0	0	0	0	0	0	0.8169	0.008558591	8.2395273	0.9275	0.009636277	7.37008387	1.1168	0.011489445	6.35093651	3.9757	0.0389347	1.40270658	4.9161	0.046025071	-2.90698239	5.3719	0.047756184	-7.62789169
233_PUB_HTM	611634	767556HF3	MUNI	IG-2	RIPON WI SCH DIST		3.5	48639	615000	615000	0	615000	609460.94	100	99.09934	-5539.06	7/31/2026	Muni	100	Single	RFRSwap	3.654787	3.499638	2.574595928	-2.448163	0.025889538	 159 	0.2762	0.1897	0.2412	1.3515	0.4905	0	0	2.2882	0	-129.615	-57.92298	0	0	0	0	0	0	0	0.1689	0.001732882	2.05379348	0.2017	0.002065995	1.87490005	0.2111	0.002157616	1.65862967	1.4887	0.015099838	0.87306631	3.9277	0.03871911	-1.9791026	4.8637	0.045841731	-6.30516907
233_PUB_HTM	612872	767556HG1	MUNI	IG-2	RIPON WI SCH DIST	0.634920635	3.5	49004	630000	400000	0	400000	394175.68	100	98.54392	-5824.32	7/31/2026	Muni	100	Single	RFRSwap	3.721807	3.49968	3.272818804	-2.541383	0.032728925	 131 	0.2471	0.2282	0.2848	1.4425	1.1412	0	0	3.1342	0	-118.8975	-54.37767	0	0	0	0	0	0	0	0.1688	0.001731554	2.5863171	0.2016	0.00206442	2.40756039	0.211	0.00215598	2.19145442	2.5581	0.025812319	0.90114047	4.9852	0.048320718	-3.0746312	5.7333	0.052636258	-8.19396807
233_PUB_HTM	611663	767556JA2	MUNI	IG-2	RIPON WI SCH DIST		3.25	48639	255000	255000	0	255000	246787.57	100	96.77944	-8212.43	7/31/2026	Muni	100	Single	RFRSwap	3.807314	3.24969	4.158943176	-1.318236	0.040813208	 104 	0.1198	0.2169	0.343	2.5342	0.991	0	0	4.1383	0	-74.1007	-42.70466	0	0	0	0	0	0	0	0.1686	0.001724948	4.20298206	0.2013	0.002056271	4.0249113	0.2106	0.002147428	3.80966431	3.6272	0.036142804	1.5104271	4.9597	0.047266953	-2.83226663	5.3394	0.048309147	-7.65707354
233_PUB_HTM	611454	768143FG9	MUNI	IG-2	RIVER EDGE NJ SCH DIST		3.5	47406	225000	225000	0	225000	225047.23	100	100.02099	47.23	7/31/2026	Muni	100	Single	RFRSwap	3.491802	3.498778	0.59109062	-1.3402	0.005973062	 13 	0.1942	0.0821	0.2788	0.0298	0	0	0	0.5754	0	-164.0014	-68.55296	0	0	0	0	0	0	0	0.0448	0.000454292	0.46343687	0.0791	0.000802182	0.41194842	0.0891	0.000903385	0.32145241	0.1038	0.001049957	0.14140204	1.2495	0.01257793	-0.38591265	2.2599	0.022332998	-2.2271992
233_PUB_HTM	612677	768143FH7	MUNI	IG-2	RIVER EDGE NJ SCH DIST		3.5	47771	780000	780000	0	780000	780110.37	100	100.01415	110.37	7/31/2026	Muni	100	Single	RFRSwap	3.495406	3.499052	0.693858325	-1.650481	0.007011071	 55 	0.2007	0.0815	0.2002	0.1973	0	0	0	0.6366	0	-176.6804	-68.25992	0	0	0	0	0	0	0	0.0448	0.000454634	0.48148128	0.0791	0.000802783	0.42995417	0.0892	0.000904058	0.33939053	0.1233	0.001247475	0.15920664	1.6235	0.016315077	-0.55213487	2.8743	0.028207412	-2.90762106
233_PUB_HTM	612871	768143FJ3	MUNI	IG-2	RIVER EDGE NJ SCH DIST		3.5	48136	905000	905000	0	905000	905084.07	100	100.00929	84.07	7/31/2026	Muni	100	Single	RFRSwap	3.497254	3.499221	0.785183728	-1.961312	0.007933484	 72 	0.206	0.0791	0.0952	0.4181	0.0162	0	0	0.7104	0	-186.997	-69.87445	0	0	0	0	0	0	0	0.0448	0.000454913	0.49546432	0.0792	0.000803272	0.4439057	0.0892	0.000904606	0.35328696	0.1421	0.001438572	0.17299429	2.0131	0.020189	-0.75418642	3.4684	0.03379745	-3.5959293
233_PUB_HTM	611328	768177PC5	MUNI	IG-2	RIVER FALLS WI		3.75	48549	300000	300000	0	300000	300036.6	100	100.0122	36.6	7/31/2026	Muni	100	Single	RFRSwap	3.747127	3.749309	0.751401067	-2.153338	0.00756189	 23 	0.1257	0.0352	0.0423	0.2721	0.0614	0	0	0.3985	0	-173.7525	-48.11265	0	0	0	0	0	0	0	0.0448	0.000452832	0.50164464	0.0791	0.000799602	0.4503217	0.0892	0.000900477	0.36011685	0.1945	0.001961291	0.18064655	2.3523	0.023468444	-0.86720679	4.0536	0.039109312	-4.15746556
233_PUB_HTM	611241	768177PD3	MUNI	IG-2	RIVER FALLS WI		3.75	48914	310000	310000	0	310000	310020.68	100	100.00667	20.68	7/31/2026	Muni	100	Single	RFRSwap	3.748344	3.749392	0.845885992	-2.474972	0.008512292	 26 	0.1244	0.0333	0.04	0.2465	0.1219	0	0	0.4293	0	-180.8244	-51.05016	0	0	0	0	0	0	0	0.0448	0.000453023	0.51340295	0.0791	0.000799936	0.46205851	0.0892	0.000900851	0.37181605	0.2866	0.002889586	0.17399148	3.043	0.030238707	-1.26161544	4.7694	0.045506705	-5.21781309
233_PUB_HTM	611523	768177PE1	MUNI	IG-2	RIVER FALLS WI		3.75	49096	330000	330000	0	330000	330010.2	100	100.00309	10.2	7/31/2026	Muni	100	Single	RFRSwap	3.748967	3.749426	0.894569576	-2.624003	0.009001883	 30 	0.1239	0.0327	0.0395	0.225	0.1851	0	0	0.442	0	-184.7351	-52.5181	0	0	0	0	0	0	0	0.0448	0.000453128	0.52042825	0.0791	0.000800121	0.46907191	0.0892	0.000901058	0.37880864	0.3499	0.003526615	0.1650485	3.3413	0.033114869	-1.52094494	5.1274	0.048621256	-5.80119111
233_PUB_HTM	611703	769059ZT6	MUNI	IG-2	RIVERSIDE CA UNIF SCH DIST		3	50618	2000000	2000000	0	2000319.96	1765959.2	100.016	88.29796	-234360.76	7/31/2026	Muni	100	Single	RFRSwap	4.25537	2.998403	8.429579735	-0.1629113	0.07569591	 1,514 	-0.0014	0.0227	0.1076	0.3828	6.4029	1.5068	0	9.5004	0	-35.3648	-16.8908	0	0	0	0	0	0	0	1.0011	0.01058036	15.88649429	1.0241	0.010715881	14.83836166	3.2936	0.033859942	13.00792107	8.1756	0.074046873	0.77212258	8.7121	0.072481766	-6.60123571	8.8359	0.067335024	-13.59207736
233_PUB_HTM	612952	771486FF9	MUNI	IG-2	ROCHESTER MA		2.5	47484	330000	330000	0	330000	321454.65	100	97.4105	-8545.35	7/31/2026	Muni	100	Single	RFRSwap	3.633661	2.499537	2.142771244	-0.1562087	0.020917483	 69 	0.3038	0.6719	0.9925	0.1773	0	0	0	2.175	0	-58.1319	-53.90194	0	0	0	0	0	0	0	0.0445	0.000447408	2.8937812	0.0786	0.00079005	2.84307217	0.0886	0.00088975	2.75394341	1.973	0.019499175	1.21366893	2.2147	0.021426329	-0.87442794	2.2334	0.02112997	-3.00874641
233_PUB_HTM	611473	771486FJ1	MUNI	IG-2	ROCHESTER MA		2.5	48580	330000	330000	0	330000	300560.83	100	91.07904	-29439.16	7/31/2026	Muni	100	Single	RFRSwap	4.371505	2.499786	4.825189114	0.1552244	0.044047885	 145 	-0.0191	-0.0159	0.4163	3.792	0.6486	0	0	5.2063	0	14.9015	16.27768	0	0	0	0	0	0	0	0.0443	0.000445487	9.16183906	0.0784	0.000786674	9.11134719	0.5639	0.005655517	8.99706736	4.8341	0.044953763	1.70500676	4.8645	0.043089576	-2.70858173	4.8224	0.040696029	-6.89865207
233_PUB_HTM	612608	771614TD6	MUNI	IG-2	ROCHESTER MN INDEP SCH DIST #5		3	49341	2525000	2525000	0	2533071.84	2296871.8	100.3197	90.96522	-236200.04	7/31/2026	Muni	100	Single	RFRSwap	4.27912	2.957187	6.453423977	-0.1931238	0.059671726	 1,507 	-0.0067	0.0414	0.1462	2.1783	4.1066	0	0	6.9517	0	-14.7225	-2.136331	0	0	0	0	0	0	0	1.4934	0.016019085	14.80136349	1.5377	0.016250839	13.21567435	3.1639	0.032723818	10.96435967	6.3379	0.059155993	0.87157816	6.7139	0.058676727	-5.06893519	6.816	0.055662379	-10.80072589
233_PUB_HTM	611955	774268QJ8	MUNI	IG-2	ROCKWALL CNTY TX		4	47880	1315000	1315000	0	1348436.86	1330881.26	102.5427	101.2077	-17555.61	7/31/2026	Muni	100	Single	RFRSwap	3.706148	3.386053	2.158516645	-0.617734	0.022277553	 293 	0.4183	0.6403	0.4635	0.6605	0	0	0	2.0677	0	-134.1124	-100.2502	0	0	0	0	0	0	0	1.4891	0.016539505	7.86142014	1.4733	0.016123543	6.2283994	1.4586	0.015729832	4.63623536	2.0034	0.020922992	1.22982203	2.6586	0.027126262	-1.17440488	3.1501	0.03121968	-4.10230485
233_PUB_HTM	612546	774268QK5	MUNI	IG-2	ROCKWALL CNTY TX		4	48245	1370000	1370000	0	1403893.27	1383400.79	102.474	100.97816	-20492.48	7/31/2026	Muni	100	Single	RFRSwap	3.801236	3.501564	2.41994977	-0.8303604	0.024920197	 341 	0.3918	0.5952	0.2733	1.0647	0.0986	0	0	2.3253	0	-132.575	-84.56318	0	0	0	0	0	0	0	1.489	0.016536659	8.07706765	1.4733	0.016120788	6.44432696	1.4594	0.015736395	4.85240298	2.2333	0.023287132	1.29307491	3.0644	0.031111777	-1.45286327	3.7217	0.036510188	-4.87660315
233_PUB_HTM	612064	774268QL3	MUNI	IG-2	ROCKWALL CNTY TX		4	48611	1425000	1425000	0	1459074.85	1436345.99	102.3912	100.79621	-22728.86	7/31/2026	Muni	100	Single	RFRSwap	3.860324	3.584334	2.711674452	-0.9992709	0.027874986	 397 	0.375	0.576	0.2643	1.1241	0.3651	0	0	2.5308	0	-134.0571	-72.09423	0	0	0	0	0	0	0	1.4892	0.016543871	8.29424754	1.4734	0.016127782	6.66079658	1.4606	0.015754338	5.0681286	2.5041	0.026073039	1.32678214	3.5367	0.035728876	-1.77425053	4.2992	0.041749224	-5.68787963
233_PUB_HTM	611897	774268SB3	MUNI	IG-2	ROCKWALL CNTY TX		3	50802	250000	250000	0	250839.33	206958.62	100.3357	82.78345	-43880.7	7/31/2026	Muni	100	Single	RFRSwap	4.853238	2.967659	9.335708618	0.6372385	0.078684576	 197 	-0.0124	-0.0129	0.0018	0.1074	6.9776	2.2597	0	11.1575	0	33.7373	41.06511	0	0	0	0	0	0	0	2.4482	0.026794281	25.16300754	3.682	0.039213054	22.21522534	7.0829	0.071405597	16.53068	9.3413	0.079236291	0.54061295	9.4122	0.072673194	-7.07170592	9.3091	0.065448828	-13.9773397
233_PUB_HTM	611338	774574NP8	MUNI	IG-2	ROCKY HILL CT		3	48061	1670000	1670000	0	1670000	1607115.65	100	96.23447	-62884.35	7/31/2026	Muni	100	Single	RFRSwap	3.834787	3	3.761768818	-0.621654	0.036765449	 614 	0.0689	0.1857	0.3804	3.1483	0	0	0	3.8257	0	-51.0975	-35.60097	0	0	0	0	0	0	0	0.1264	0.001289697	4.31610891	0.1261	0.001284738	4.18738746	0.1257	0.001279812	4.05916026	3.5047	0.034782082	1.50839394	4.1649	0.039743882	-2.30937513	4.3134	0.03944299	-6.29053132
233_PUB_HTM	611251	774574NQ6	MUNI	IG-2	ROCKY HILL CT		3	48427	1670000	1670000	0	1670000	1586218.77	100	94.98316	-83781.23	7/31/2026	Muni	100	Single	RFRSwap	3.947244	3	4.552439213	-0.5540141	0.043923371	 734 	0.0344	0.13	0.292	3.3568	0.7578	0	0	4.7135	0	-41.176	-27.17259	0	0	0	0	0	0	0	0.1263	0.001288892	5.55486522	0.126	0.001283941	5.4262239	0.1257	0.001279021	5.29807611	4.3045	0.042290129	1.76228663	4.9382	0.04628589	-2.75242777	5.0812	0.0452893	-7.35150682
233_PUB_HTM	611963	774574NR4	MUNI	IG-2	ROCKY HILL CT		3	48792	1660000	1660000	0	1660000	1558199.67	100	93.86745	-101800.33	7/31/2026	Muni	100	Single	RFRSwap	4.013607	3	5.285619736	-0.4902868	0.050407607	 837 	0.0189	0.0949	0.2345	3.1261	1.8315	0	0	5.5849	0	-37.2067	-23.57732	0	0	0	0	0	0	0	0.1263	0.00128857	6.66555503	0.126	0.001283622	6.53694574	0.1256	0.001278705	6.4088297	5.2109	0.050497815	1.54064291	5.7622	0.052823287	-3.69610222	5.8655	0.05072365	-8.88904442
233_PUB_HTM	612863	775252VH9	MUNI	IG-2	ROGERS MN	1	3.5	48197	295000	295000	0	295000	295058.44	100	100.01981	58.44	7/31/2026	Muni	100	Single	RFRSwap	3.494899	3.499352	0.616621435	-1.655284	0.006195013	 18 	0.1269	0.0367	0.0725	0.2018	0.0075	0	0	0.3459	0	-190.4056	-69.64363	0	0	0	0	0	0	0	0.0448	0.000452386	0.48677168	0.0792	0.000798809	0.43549952	0.0892	0.000899579	0.34538433	0.1726	0.001737359	0.16609378	1.8346	0.018320058	-0.61022822	3.2218	0.031334415	-3.21045601
233_PUB_HTM	612714	783311HA4	MUNI	IG-2	RUTHERFORD NJ BRD OF EDU		2.5	48563	160000	160000	0	157763.6	144653.73	98.6022	90.40858	-13109.87	7/31/2026	Muni	100	Single	RFRSwap	4.232618	2.740285	5.473530769	0.08216012	0.049660262	 79 	-0.016	0.0022	0.0691	3.9767	1.4411	0	0	5.8001	0	-4.477	0.102251	0	0	0	0	0	0	0	0.1905	0.001933227	10.73918885	0.3354	0.003395922	10.52068024	2.1315	0.021385832	9.60403743	5.0868	0.047034923	1.7364367	5.3416	0.046870019	-2.98346778	5.4253	0.045105189	-7.58954377
233_PUB_HTM	612108	783311HF3	MUNI	IG-2	RUTHERFORD NJ BRD OF EDU		2.75	50389	1840000	1840000	0	1748171.51	1531323.26	95.0093	83.22409	-216848.26	7/31/2026	Muni	100	Single	RFRSwap	4.667564	3.27907	8.935982704	0.5917398	0.074682906	 1,374 	-0.0141	-0.0164	-0.0114	0.0809	7.6953	1.1967	0	10.2242	0	19.8338	26.44662	0	0	0	0	0	0	0	0.1903	0.001931295	17.92032041	0.5538	0.005608812	17.70202906	5.5386	0.054514397	14.85090102	8.6414	0.072844878	0.72197732	8.8252	0.068148479	-6.35481908	8.818	0.062329806	-12.89097042
233_PUB_HTM	612444	788076SM0	MUNI	IG-2	SAINT CHARLES PARISH LA SCH DI		3.5	47908	2000000	2000000	0	2000000	2000085.6	100	100.00428	85.6	7/31/2026	Muni	100	Single	RFRSwap	3.498479	3.499497	1.068143725	-1.643045	0.010837666	 217 	0.3016	0.1238	0.244	0.4435	0	0	0	0.9898	0	-169.1598	-68.34687	0	0	0	0	0	0	0	0.1692	0.001737796	1.23348771	0.2021	0.002071822	1.05408826	0.2115	0.002163671	0.83720942	0.3905	0.003976206	0.37157121	2.0379	0.020516926	-0.78377088	3.2006	0.031360671	-3.479411
233_PUB_HTM	612012	789483DD3	MUNI	IG-2	SAINT FRANCIS WI		2.55	47880	490000	490000	0	487271.26	464026.57	99.4431	94.6993	-23244.69	7/31/2026	Muni	100	Single	RFRSwap	3.844005	2.682201	3.845206022	-0.1666216	0.036904097	 181 	-0.0012	0.0791	1.1127	2.6563	0	0	0	4.0148	0	-39.2639	-34.04694	0	0	0	0	0	0	0	0.1266	0.001288015	5.77996671	0.1263	0.001283068	5.6514129	0.1259	0.001278152	5.52335221	3.768	0.036760688	1.58637895	4.0052	0.037571371	-2.16890112	4.0262	0.036277913	-5.86883301
233_PUB_HTM	612589	789483DE1	MUNI	IG-2	SAINT FRANCIS WI		2.6	48245	510000	510000	0	505905.57	476433.84	99.1972	93.4184	-29471.73	7/31/2026	Muni	100	Single	RFRSwap	3.942802	2.758318	4.625976562	-0.1379298	0.043816511	 223 	-0.0096	0.0447	0.1834	3.9902	0.4169	0	0	4.8822	0	-31.9907	-26.36807	0	0	0	0	0	0	0	0.1265	0.001287506	7.05793456	0.1262	0.001282564	6.92943138	0.1259	0.001277653	6.80142083	4.5471	0.043861218	1.7404492	4.804	0.044203904	-2.7034674	4.8277	0.04232914	-7.03789187
233_PUB_HTM	612628	792554YU5	MUNI	IG-2	SAINT MARYS CNTY MD		4	48472	1700000	1700000	0	1754607.7	1724205.28	103.2122	101.42384	-30402.42	7/31/2026	Muni	100	Single	RFRSwap	3.737025	3.413568	3.096282005	-0.7148477	0.031871565	 542 	-0.0002	0.9792	0.5101	1.3181	0.3066	0	0	3.0081	0	-131.6726	-87.47497	0	0	0	0	0	0	0	2.028	0.023155799	11.24440424	2.0544	0.022986164	8.95516568	2.063	0.022612086	6.67381791	2.9849	0.031192942	1.5663266	3.6932	0.037318375	-1.88740802	4.2428	0.041192401	-5.84803046
233_PUB_HTM	612482	792554YV3	MUNI	IG-2	SAINT MARYS CNTY MD		4	48837	1770000	1770000	0	1826019.37	1790887.42	103.1649	101.18008	-35131.95	7/31/2026	Muni	100	Single	RFRSwap	3.808695	3.493692	3.39905262	-0.8374509	0.034905277	 618 	0.0001	0.913	0.5076	1.3092	0.6835	0	0	3.2808	0	-132.2639	-75.58136	0	0	0	0	0	0	0	2.0282	0.023164069	11.52010603	2.0545	0.02299438	9.23005175	2.0797	0.022800557	6.94518618	3.3674	0.035074942	1.46971815	4.2707	0.042809814	-2.45108068	4.8922	0.046828806	-6.96989006
233_PUB_HTM	611667	792895U93	MUNI	IG-2	SAINT PAUL MN INDEP SCH DIST #		4	47150	1420000	1420000	0	1432217.36	1428508.78	100.8604	100.59921	-3708.58	7/31/2026	Muni	100	Single	RFRSwap	3.746679	3.63684	0.830469191	-0.4525761	0.008520548	 121 	0.4815	0.2167	0.124	0	0	0	0	0.7446	0	-146.4982	-120.653	0	0	0	0	0	0	0	0.5071	0.005331875	2.55381203	0.5044	0.005277176	2.02336738	0.5018	0.005223315	1.49835056	0.5676	0.00584859	0.45007769	1.0185	0.010416175	-0.32822324	1.6058	0.016206184	-1.6784231
233_PUB_HTM	611656	792895V27	MUNI	IG-2	SAINT PAUL MN INDEP SCH DIST #		4	47515	1520000	1520000	0	1532624.28	1527911.45	100.8305	100.52049	-4712.84	7/31/2026	Muni	100	Single	RFRSwap	3.839651	3.744614	0.990018904	-0.7474383	0.010149722	 154 	0.4654	0.1208	0.3426	0.0917	0	0	0	0.9162	0	-149.5877	-104.7725	0	0	0	0	0	0	0	0.5071	0.00533353	2.64853456	0.5045	0.005278806	2.11792574	0.5018	0.005224919	1.59274726	0.6447	0.00664272	0.52084338	1.4164	0.014450715	-0.49357207	2.2274	0.022309853	-2.36005037
233_PUB_HTM	611845	793185MY2	MUNI	IG-2	SAINT PETERS MO		3	47543	1435000	1435000	0	1435000	1414944.73	100	98.60242	-20055.27	7/31/2026	Muni	100	Single	RFRSwap	3.417178	2.99954	2.276772022	-1.048001	0.02273412	 326 	0.2334	0.2814	1.3399	0.4484	0	0	0	2.105	0	-104.7679	-75.16016	0	0	0	0	0	0	0	0.169	0.001727652	2.39294913	0.2017	0.002059162	2.21460567	0.2111	0.002150345	1.99906502	1.5002	0.01514368	1.09095827	2.7265	0.026906766	-1.16657051	3.0715	0.029433038	-4.02748556
233_PUB_HTM	612804	793185NA3	MUNI	IG-2	SAINT PETERS MO		3	48274	1525000	1525000	0	1525000	1478324.32	100	96.9393	-46675.68	7/31/2026	Muni	100	Single	RFRSwap	3.609826	2.999696	3.761038303	-1.068922	0.036929373	 563 	0.1163	0.2199	0.3646	2.7761	0.3244	0	0	3.7162	0	-85.744	-59.55353	0	0	0	0	0	0	0	0.1688	0.001725306	4.01557624	0.2016	0.00205638	3.83747432	0.2109	0.002147455	3.62222405	3.2361	0.032263897	1.51151629	4.3726	0.041909155	-2.34409487	4.6803	0.042856649	-6.62015745
233_PUB_HTM	612374	793185NB1	MUNI	IG-2	SAINT PETERS MO		3	48639	300000	300000	0	300000	286659.15	100	95.55305	-13340.85	7/31/2026	Muni	100	Single	RFRSwap	3.76872	2.999738	4.64914465	-0.8791392	0.045005139	 135 	0.058	0.1578	0.3064	2.957	1.1907	0	0	4.7524	0	-67.8	-46.6023	0	0	0	0	0	0	0	0.1687	0.001723098	5.36368218	0.2014	0.002053763	5.18580758	0.2107	0.002144736	4.9708306	4.331	0.042635966	1.64086962	5.2498	0.049205452	-3.07553974	5.4878	0.048731901	-8.00331092
233_PUB_HTM	611307	793185ND7	MUNI	IG-2	SAINT PETERS MO	1	3	49369	740000	740000	0	740000	687457.26	100	92.89963	-52542.74	7/31/2026	Muni	100	Single	RFRSwap	4.037783	2.999782	6.022475719	-0.4805461	0.056701384	 420 	0.0045	0.0714	0.1949	2.4518	3.3064	0	0	6.4632	0	-38.7014	-24.65668	0	0	0	0	0	0	0	0.1684	0.001719528	7.95535005	0.2011	0.00204953	7.77784303	0.2253	0.002291422	7.56330796	6.1513	0.05853286	1.0049483	6.6245	0.059096579	-4.9402816	6.6905	0.055830866	-10.70212997
233_PUB_HTM	612020	793810LZ3	MUNI	IG-2	SALADO TX INDEP SCH DIST		4	49355	250000	250000	0	255683.98	251287.93	102.2736	100.51517	-4396.05	7/31/2026	Muni	100	Single	RFRSwap	3.928205	3.687018	3.295509577	-1.381139	0.033732709	 84 	0.2824	0.596	0.3063	0.9284	1.263	0	0	3.2098	0	-140.2012	-51.54271	0	0	0	0	0	0	0	1.5078	0.016777996	8.91798306	1.5072	0.016521199	7.25865532	1.5107	0.016312473	5.6205501	3.344	0.034599319	1.10832192	4.7462	0.047153875	-3.00924682	5.5805	0.052636042	-8.03788359
233_PUB_HTM	611361	793810MA7	MUNI	IG-2	SALADO TX INDEP SCH DIST		4	49720	250000	250000	0	255477.02	250790.15	102.1908	100.31606	-4686.87	7/31/2026	Muni	100	Single	RFRSwap	3.959713	3.72484	3.58740449	-1.535579	0.036649108	 92 	0.2661	0.5723	0.2996	0.663	1.8456	0	0	3.5291	0	-141.6987	-38.15093	0	0	0	0	0	0	0	1.508	0.016787212	9.16189003	1.5074	0.016530227	7.50165308	1.5145	0.016360205	5.86231501	3.5839	0.037033081	1.16988643	5.1108	0.050533406	-3.28560984	6.0747	0.056762025	-8.72023244
233_PUB_HTM	612105	794199G86	MUNI	IG-2	SALEM MA		3	47058	375000	375000	0	375000	373241.44	100	99.53105	-1758.56	7/31/2026	Muni	100	Single	RFRSwap	3.216336	2.998708	1.228540301	-1.060831	0.012319931	 46 	0.3011	0.7427	0.193	0	0	0	0	1.1569	0	-129.6201	-95.86673	0	0	0	0	0	0	0	0.0447	0.000451919	0.87949324	0.0789	0.000798	0.82827346	0.089	0.000898684	0.73824879	0.3552	0.003580186	0.51241188	1.5719	0.015681963	-0.5177983	1.951	0.019114688	-2.30709645
233_PUB_HTM	612740	794199G94	MUNI	IG-2	SALEM MA		3	47423	350000	350000	0	350000	344508.85	100	98.4311	-5491.15	7/31/2026	Muni	100	Single	RFRSwap	3.51398	2.999092	2.254956245	-0.832173	0.022364903	 78 	0.2124	0.3028	1.585	0.1977	0	0	0	2.1826	0	-88.4691	-65.96979	0	0	0	0	0	0	0	0.0446	0.00045082	1.9433255	0.0788	0.000796068	1.89222997	0.0888	0.00089652	1.80242264	1.5469	0.015514947	1.11904493	2.6031	0.025537295	-1.07787983	2.8594	0.027286645	-3.75335012
233_PUB_HTM	612881	794199H28	MUNI	IG-2	SALEM MA		3	47788	305000	305000	0	305000	295714.82	100	96.95568	-9285.18	7/31/2026	Muni	100	Single	RFRSwap	3.781242	2.999296	3.220256805	-0.6402751	0.031463739	 96 	0.1009	0.2199	1.2926	1.6322	0	0	0	3.1987	0	-55.5067	-39.70392	0	0	0	0	0	0	0	0.0445	0.000449943	3.38987794	0.0786	0.000794528	3.33888153	0.0886	0.000894793	3.2492476	2.85	0.028258337	1.44590502	3.5719	0.034262985	-1.78086026	3.7367	0.034549206	-5.24537942
233_PUB_HTM	612199	794199H36	MUNI	IG-2	SALEM MA		3.25	48153	305000	305000	0	305000	297257.79	100	97.46157	-7742.21	7/31/2026	Muni	100	Single	RFRSwap	3.786907	3.249317	3.410634995	-1.160505	0.0335177	 102 	0.156	0.2346	0.3806	2.5527	0.1192	0	0	3.3472	0	-70.2354	-41.08643	0	0	0	0	0	0	0	0.0445	0.000450709	2.91849102	0.0787	0.000795877	2.86740791	0.0887	0.000896309	2.77762195	2.8103	0.028001558	1.36636923	4.0682	0.039103266	-2.1544527	4.4021	0.040542327	-6.17579488
233_PUB_HTM	612310	794199H44	MUNI	IG-2	SALEM MA		3.25	48519	295000	295000	0	295000	281897.72	100	95.55855	-13102.28	7/31/2026	Muni	100	Single	RFRSwap	4.061034	3.249417	4.505371571	-0.7858097	0.043418739	 128 	0.0589	0.155	0.3132	3.081	0.9067	0	0	4.5852	0	-35.5181	-16.59055	0	0	0	0	0	0	0	0.0445	0.000449787	4.79111559	0.0786	0.000794256	4.74013675	0.0885	0.000894493	4.65053319	4.1611	0.040807657	1.69805474	5.0154	0.046927724	-2.80451922	5.2321	0.046496145	-7.50372201
233_PUB_HTM	611532	794199H51	MUNI	IG-2	SALEM MA		3.5	48884	295000	295000	0	295000	285560.09	100	96.80003	-9439.91	7/31/2026	Muni	100	Single	RFRSwap	4.012366	3.499403	4.358531952	-1.524351	0.042571973	 126 	0.1333	0.2163	0.3325	2.2433	1.4754	0	0	4.3579	0	-60.0413	-24.48993	0	0	0	0	0	0	0	0.0445	0.000450812	3.59270318	0.0786	0.000796061	3.5416083	0.0887	0.00089652	3.45180138	3.9988	0.039566368	1.27162319	5.404	0.050926559	-3.43712098	5.8059	0.051706418	-8.6166203
233_PUB_HTM	612818	794454V39	MUNI	IG-2	SALEM OR		4	48000	2000000	2000000	0	2026052.03	2012789.6	101.3026	100.63948	-13262.43	7/31/2026	Muni	100	Single	RFRSwap	3.852757	3.702257	1.708834887	-0.9042172	0.017311547	 346 	0.5746	0.1972	0.2649	0.7287	0	0	0	1.5811	0	-147.5109	-85.68374	0	0	0	0	0	0	0	0.6747	0.007132534	4.41108622	0.7991	0.008389289	3.67967727	0.8312	0.008653663	2.8069211	1.3717	0.014015111	0.86353206	2.3432	0.023504637	-0.99592487	3.1571	0.03079896	-3.75264182
233_PUB_HTM	611290	794454V47	MUNI	IG-2	SALEM OR		4	48366	2000000	2000000	0	2025392.02	2009860.2	101.2696	100.49301	-15531.82	7/31/2026	Muni	100	Single	RFRSwap	3.903848	3.754826	1.974360108	-1.130429	0.019972563	 399 	0.5531	0.1889	0.1987	0.8993	0.1477	0	0	1.7451	0	-148.7749	-67.82533	0	0	0	0	0	0	0	0.6747	0.007133488	4.56630509	0.7991	0.008390405	3.83479857	0.8312	0.00865481	2.96192655	1.5205	0.015524932	0.94315408	2.7451	0.027436873	-1.2102489	3.7189	0.035973009	-4.43029389
233_PUB_HTM	611293	794454V54	MUNI	IG-2	SALEM OR		3	48731	1000000	1000000	0	1002025.3	949640.6	100.2025	94.96406	-52384.7	7/31/2026	Muni	100	Single	RFRSwap	3.844492	2.966643	4.881810188	-0.7650793	0.046603739	 466 	0.0569	0.1469	0.2839	2.9321	1.4749	0	0	4.8933	0	-62.5442	-39.92644	0	0	0	0	0	0	0	0.675	0.007031614	8.71400144	0.799	0.008266058	7.9930155	1.1628	0.011923289	7.07109289	4.3274	0.041958865	1.49603715	5.0892	0.047048911	-3.01613507	5.4196	0.047527425	-7.7680938
233_PUB_HTM	611720	7962376B6	MUNI	IG-2	SAN ANTONIO TX		4	48427	1000000	1000000	0	1016276.73	1004842.4	101.6277	100.48424	-11434.33	7/31/2026	Muni	100	Single	RFRSwap	3.908678	3.695046	2.172884941	-1.194776	0.022268645	 223 	0.5681	0.2307	0.2207	0.9741	0.1977	0	0	2.0565	0	-134.3744	-60.53067	0	0	0	0	0	0	0	0.9988	0.010796897	5.61548511	0.9885	0.010579821	4.54671133	0.9784	0.010369235	3.49931822	1.801	0.018648168	1.06198495	2.9862	0.030190062	-1.38528556	3.8923	0.038003325	-4.84589799
233_PUB_HTM	611297	7962376C4	MUNI	IG-2	SAN ANTONIO TX		4	48792	1000000	1000000	0	1016375.65	1003898.2	101.6376	100.38982	-12477.45	7/31/2026	Muni	100	Single	RFRSwap	3.935746	3.732007	2.402808905	-1.3955	0.024602318	 246 	0.5261	0.252	0.2357	0.9651	0.4822	0	0	2.2979	0	-139.3072	-50.86825	0	0	0	0	0	0	0	0.9991	0.010806333	5.77132202	0.9888	0.010589019	4.70161659	0.9787	0.010378204	3.65331512	2.077	0.021483822	1.04713738	3.5169	0.03537285	-1.80978099	4.5222	0.043667767	-5.82631471
233_PUB_HTM	611693	7962376D2	MUNI	IG-2	SAN ANTONIO TX		4	49157	2000000	2000000	0	2032553.47	2005967.8	101.6277	100.29839	-26585.67	7/31/2026	Muni	100	Single	RFRSwap	3.956123	3.762489	2.628730297	-1.597237	0.026891487	 538 	0.5019	0.26	0.238	0.8759	0.8473	0	0	2.5123	0	-143.8422	-41.49872	0	0	0	0	0	0	0	0.9994	0.010815386	5.92165714	0.9891	0.010597844	4.85105791	0.979	0.01038681	3.80188498	2.4747	0.025542431	0.91696652	4.1456	0.041383319	-2.47479955	5.1969	0.049485702	-7.07679616
233_PUB_HTM	611789	797356BU5	MUNI	IG-2	SAN DIEGO CA UNIF SCH DIST		3	50952	1000000	1000000	0	973264.86	880274.6	97.3265	88.02746	-92990.26	7/31/2026	Muni	100	Single	RFRSwap	4.211	3.255028	9.116778374	0.2255482	0.080480598	 805 	-0.0087	-0.0189	0.0964	0.4939	6.1808	2.3532	0	10.1578	0	-45.7134	-24.48326	0	0	0	0	0	0	0	3.6801	0.042506006	27.22522919	4.6018	0.051107537	22.781969	6.78	0.071130857	16.63585234	9.1887	0.081704617	0.64125347	9.5473	0.07727357	-7.3400976	9.6167	0.070717618	-14.74117958
233_PUB_HTM	611735	797508GP7	MUNI	IG-2	SAN DIEGUITO CA UNION HIGH SCH		4	49157	1545000	1545000	0	1545000	1545165.47	100	100.01071	165.47	7/31/2026	Muni	100	Single	RFRSwap	3.998423	4	1.146396637	-2.795381	0.011694473	 181 	0.242	0.0915	0.0982	0.3748	0.3696	0	0	1.0432	0	-153.6662	-28.10475	0	0	0	0	0	0	0	0.1264	0.001299688	0.7954916	0.1261	0.001294648	0.66577514	0.1258	0.001289641	0.53656102	0.4587	0.004691985	0.27962682	3.5524	0.035625465	-1.72589106	5.1956	0.049789105	-6.18099245
233_PUB_HTM	612695	798492PJ7	MUNI	IG-2	SAN LORENZO CA UNIF SCH DIST A		3	48427	2000000	2000000	0	2000000	1947957	100	97.39785	-52043	7/31/2026	Muni	100	Single	RFRSwap	3.484358	3	3.721184969	-1.376175	0.036801722	 736 	0.1589	0.2274	0.3502	2.4691	0.5352	0	0	3.6678	0	-107.4067	-73.46565	0	0	0	0	0	0	0	0.1267	0.001294282	3.22412607	0.1264	0.001289283	3.09494814	0.1261	0.001284315	2.96626854	2.9964	0.03007737	1.48009659	4.4838	0.043275204	-2.38329319	4.9046	0.045145199	-6.85137208
233_PUB_HTM	612718	798546DF1	MUNI	IG-2	SAN LUIS COASTAL CA UNIF SCH D		4	48792	1650000	1650000	0	1650000	1650000	100	100	0	7/31/2026	Muni	100	Single	RFRSwap	0	0	0	0	0	 -   	0	0	0	0	0	0	0	0	0	100	100	0	0	0	0	0	0	0	0	0	0	0	0	0	0	0	0	0	0	0	0	0	0	0	0	0
233_PUB_HTM	611861	799055SQ2	MUNI	IG-2	SAN MATEO CA FOSTER CITY SCH D		3	50983	1225000	1225000	0	1192073.44	1076215.54	97.3121	87.85433	-115857.9	7/31/2026	Muni	100	Single	RFRSwap	4.223729	3.25524	8.957753181	0.006200126	0.080041409	 981 	-0.0081	-0.0189	0.1569	0.3915	6.0356	2.3992	0	10.2266	0	-44.8386	-23.56326	0	0	0	0	0	0	0	2.9264	0.033220209	24.1655906	3.4561	0.038063083	20.78018835	5.9048	0.06211365	15.83735163	8.9813	0.080821335	0.63418533	9.3785	0.076956362	-7.29788037	9.4862	0.07081937	-14.69917928
233_PUB_HTM	612434	799055SR0	MUNI	IG-2	SAN MATEO CA FOSTER CITY SCH D		3	51349	1305000	1305000	0	1264726.54	1125888.75	96.9139	86.275	-138837.79	7/31/2026	Muni	100	Single	RFRSwap	4.316458	3.276617	9.566425323	0.2335827	0.083969302	 1,096 	-0.0077	-0.0178	0.1154	0.3452	5.6761	3.4376	0	10.9477	0	-37.9987	-17.56536	0	0	0	0	0	0	0	2.9254	0.033138305	25.50372024	3.6417	0.040002536	22.07128735	6.4471	0.067376107	16.73065251	9.6137	0.08489155	0.5277367	9.9539	0.079667501	-7.73864487	9.9894	0.07234437	-15.3539208
233_PUB_HTM	612206	799055SS8	MUNI	IG-2	SAN MATEO CA FOSTER CITY SCH D		3	51714	1200000	1200000	0	1158245.78	1021137.6	96.5205	85.0948	-137108.18	7/31/2026	Muni	100	Single	RFRSwap	4.36463	3.29588	10.07673264	0.3757305	0.087259263	 1,047 	-0.0075	-0.0179	0.0914	0.3118	5.0947	4.622	0	11.9275	0	-36.4945	-15.56394	0	0	0	0	0	0	0	2.9256	0.03312394	26.62595848	3.7883	0.041575223	23.15078293	6.8653	0.071452521	17.48265481	10.1634	0.088455409	0.43887177	10.4668	0.082147017	-8.11170421	10.4731	0.074005768	-15.93190266
233_PUB_HTM	611726	799055TG3	MUNI	IG-2	SAN MATEO CA FOSTER CITY SCH D		3	51349	770000	770000	0	746237.11	664317.5	96.9139	86.275	-81919.61	7/31/2026	Muni	100	Single	RFRSwap	4.316458	3.276617	9.566425323	0.2335827	0.083969302	 647 	-0.0077	-0.0178	0.1154	0.3452	5.6761	3.4376	0	10.9477	0	-37.9987	-17.56536	0	0	0	0	0	0	0	2.9254	0.033138305	25.50372024	3.6417	0.040002536	22.07128735	6.4471	0.067376107	16.73065251	9.6137	0.08489155	0.5277367	9.9539	0.079667501	-7.73864487	9.9894	0.07234437	-15.3539208
233_PUB_HTM	611678	801155ZM7	MUNI	IG-2	SANTA ANA CA UNIF SCH DIST		2	51349	2000000	2000000	0	1612267.06	1408759.8	80.6134	70.43799	-203507.26	7/31/2026	Muni	100	Single	RFRSwap	4.952567	3.798212	11.30405903	1.436279	0.080753922	 1,615 	-0.0146	-0.0344	-0.0851	-0.3392	6.8028	4.9686	0	13.4537	0	43.0401	45.03725	0	0	0	0	0	0	0	2.2842	0.024022149	33.72834849	8.7829	0.087557845	28.25316246	11.0915	0.099731028	18.47823647	11.3681	0.081425689	0.18824372	11.1893	0.071591049	-7.4563883	10.9545	0.062743247	-14.16174134
233_PUB_HTM	611569	801283GA4	MUNI	IG-2	SANTA BARBARA CA CMNTY CLG DIS		5	48427	100000	100000	0	 100,000.00 	100119.21	100	100.11921	119.21																																															
233_PUB_HTM	611784	801283GB2	MUNI	IG-2	SANTA BARBARA CA CMNTY CLG DIS		4	48792	1770000	1770000	0	 1,770,000.00 	1770265.32	100	100.01499	265.32																																															
233_PUB_HTM	612017	802615B37	MUNI	IG-2	SANTA ROSA CA HIGH SCH DIST		4.5	48427	1000000	1000000	0	1000000	1000000	100	100	0	7/31/2026	Muni	100	Single	RFRSwap	0	0	0	0	0	 -   	0	0	0	0	0	0	0	0	0	100	100	0	0	0	0	0	0	0	0	0	0	0	0	0	0	0	0	0	0	0	0	0	0	0	0	0
233_PUB_HTM	612465	802615B45	MUNI	IG-2	SANTA ROSA CA HIGH SCH DIST		4.5	48792	1790000	1790000	0	1790000	1790000	100	100	0	7/31/2026	Muni	100	Single	RFRSwap	0	0	0	0	0	 -   	0	0	0	0	0	0	0	0	0	100	100	0	0	0	0	0	0	0	0	0	0	0	0	0	0	0	0	0	0	0	0	0	0	0	0	0
233_PUB_HTM	611539	802615B52	MUNI	IG-2	SANTA ROSA CA HIGH SCH DIST		4.5	49157	1855000	1855000	0	1855000	1855000	100	100	0	7/31/2026	Muni	100	Single	RFRSwap	0	0	0	0	0	 -   	0	0	0	0	0	0	0	0	0	100	100	0	0	0	0	0	0	0	0	0	0	0	0	0	0	0	0	0	0	0	0	0	0	0	0	0
233_PUB_HTM	612934	803327LE3	MUNI	IG-2	SARASOTA FL		5	47300	500000	500000	0	500000	500813.15	100	100.16263	813.15	7/31/2026	Muni	100	Single	RFRSwap	4.937873	4.998407	0.166568816	-0.2868308	0.001675337	 8 	0.1193	0.0271	0.049	0	0	0	0	0.1772	0	-85.1178	-78.04292	0	0	0	0	0	0	0	0.0446	0.000450012	0.38089968	0.0787	0.000794642	0.32989572	0.0888	0.000894914	0.24024928	0.0883	0.000888763	0.0618828	0.2891	0.002904803	-0.09447184	1.4893	0.014832705	-0.98699763
233_PUB_HTM	612631	803327LF0	MUNI	IG-2	SARASOTA FL		5	47665	500000	500000	0	500000	500813.15	100	100.16263	813.15	7/31/2026	Muni	100	Single	RFRSwap	4.952607	4.998785	0.199360132	-0.3508705	0.00200515	 10 	0.1236	0.0203	0.058	0.0342	0	0	0	0.1912	0	-93.4738	-78.04292	0	0	0	0	0	0	0	0.0446	0.000450234	0.38821337	0.0788	0.000795033	0.33718428	0.0888	0.000895352	0.24749386	0.0883	0.000889193	0.06904058	0.4369	0.004388425	-0.12783937	1.975	0.019586841	-1.40314646
233_PUB_HTM	612956	803327LG8	MUNI	IG-2	SARASOTA FL		5	48030	500000	500000	0	500000	500786.35	100	100.15727	786.35	7/31/2026	Muni	100	Single	RFRSwap	4.962575	4.999009	0.235205457	-0.4139909	0.002365554	 12 	0.1226	0.0202	0.0275	0.0916	0	0	0	0.22	0	-96.8307	-71.75678	0	0	0	0	0	0	0	0.0446	0.000450323	0.39651258	0.0788	0.00079519	0.34547339	0.0888	0.000895528	0.2557653	0.0884	0.000889366	0.07727712	0.7669	0.00769981	-0.17457556	2.4936	0.024593402	-1.94804799
233_PUB_HTM	612184	803327LH6	MUNI	IG-2	SARASOTA FL		3.25	48396	500000	500000	0	500000	497602.85	100	99.52057	-2397.15	7/31/2026	Muni	100	Single	RFRSwap	3.339622	3.24966	1.892596483	-2.738408	0.018886486	 94 	0.296	0.1618	0.198	1.0682	0.1971	0	0	1.5948	0	-175.9195	-87.55474	0	0	0	0	0	0	0	0.0448	0.000451109	0.95136852	0.0791	0.000796558	0.90024098	0.0892	0.000897048	0.8103796	0.5675	0.00569393	0.53469724	3.117	0.030665087	-1.41091366	4.2695	0.04043806	-5.07778272
233_PUB_HTM	611933	804243A29	MUNI	IG-2	SAUGUS MA		4	47908	1955000	1955000	0	2009473.29	1988925.11	102.7864	101.7353	-20548.18	7/31/2026	Muni	100	Single	RFRSwap	3.585462	3.33876	2.140819311	-0.5400317	0.022136495	 433 	0.3735	0.7667	0.4101	0.6325	0	0	0	2.0973	0	-156.8809	-129.2625	0	0	0	0	0	0	0	1.5293	0.017064089	8.17620473	1.5461	0.016989771	6.48546572	1.5408	0.016671296	4.79758053	2.0084	0.021016262	1.2385853	2.6197	0.026786482	-1.15235235	3.1344	0.031135542	-4.06557835
233_PUB_HTM	611195	804243A37	MUNI	IG-2	SAUGUS MA		4	48274	2030000	2030000	0	2085794.58	2062480.41	102.7485	101.60002	-23314.17	7/31/2026	Muni	100	Single	RFRSwap	3.679857	3.454041	2.38044095	-0.7325648	0.024582025	 499 	0.3605	0.7335	0.261	0.9518	0.1016	0	0	2.276	0	-158.6503	-120.5584	0	0	0	0	0	0	0	1.5295	0.017072557	8.35240194	1.5463	0.016998161	6.66082586	1.5413	0.016682405	4.97206616	2.2032	0.023038777	1.30120332	3.0122	0.030688055	-1.38635845	3.6448	0.035913154	-4.7327761
233_PUB_HTM	612716	806415P82	MUNI	IG-2	SCHENECTADY CNTY NY		3	48259	1000000	1000000	0	1000000	964378.7	100	96.43787	-35621.3	7/31/2026	Muni	100	Single	RFRSwap	3.717329	2.999842	3.92808342	-0.8726248	0.038424984	 384 	0.0842	0.1927	0.3474	2.991	0.3239	0	0	3.9579	0	-69.892	-48.84598	0	0	0	0	0	0	0	0.1456	0.001486813	4.2978226	0.1607	0.001638544	4.14667359	0.1649	0.001678571	3.97846084	3.5038	0.034824956	1.56993229	4.4486	0.042439345	-2.42196074	4.6868	0.042702567	-6.7089137
233_PUB_HTM	612878	806415P90	MUNI	IG-2	SCHENECTADY CNTY NY		3	48625	1330000	1330000	0	1330000	1267313.38	100	95.28672	-62686.62	7/31/2026	Muni	100	Single	RFRSwap	3.821258	2.999864	4.7115798	-0.7855575	0.045546867	 606 	0.0468	0.1456	0.2911	3.048	1.1883	0	0	4.8176	0	-60.462	-41.44268	0	0	0	0	0	0	0	0.1455	0.001485876	5.4332566	0.1606	0.001637516	5.28220263	0.1648	0.001677523	5.11409508	4.4159	0.043425336	1.66946568	5.2599	0.049228035	-3.07828612	5.4661	0.048473638	-7.98965611
233_PUB_HTM	611806	806415Q24	MUNI	IG-2	SCHENECTADY CNTY NY		3	48990	1670000	1670000	0	1670000	1568168.74	100	93.90232	-101831.26	7/31/2026	Muni	100	Single	RFRSwap	3.942709	2.99988	5.525733471	-0.6460069	0.052652311	 879 	0.0192	0.1025	0.2338	2.7652	2.4155	0	0	5.8097	0	-48.9124	-32.45409	0	0	0	0	0	0	0	0.1454	0.001484729	6.79842146	0.1605	0.00163626	6.64748374	0.1647	0.001676243	6.47950489	5.564	0.053672813	1.17899919	6.1602	0.055994328	-4.38902369	6.2768	0.053603258	-9.88697611
233_PUB_HTM	612954	806640YU6	MUNI	IG-2	SCHERTZ-CIBOLO-UNIVERSAL CITYT	0.745	4	48611	2000000	1490000	0	 1,490,000.00 	1489960.66	100	99.99736	-39.34																																															
233_PUB_HTM	612586	80784PAM0	MUNI	IG-2	MAINE SCH ADMIN DIST #28 ME		5	47604	760000	760000	0	795483.01	787810.15	104.6688	103.65923	-7672.86	7/31/2026	Muni	100	Single	RFRSwap	3.939038	3.654769	1.882026672	-0.2301818	0.019744197	 150 	0.3293	1.1184	0.3313	0.1276	0	0	0	1.9215	0	-140.5312	-132.6545	0	0	0	0	0	0	0	1.6007	0.018167429	8.58637747	1.6816	0.018780898	6.77477099	1.6934	0.018592808	4.88969835	1.7866	0.018959686	1.21288309	2.0566	0.021412924	-0.79074814	2.4044	0.024482649	-3.08600129
233_PUB_HTM	612800	80784PAN8	MUNI	IG-2	MAINE SCH ADMIN DIST #28 ME		5	47969	1210000	1210000	0	1265541.17	1252809.19	104.5902	103.53795	-12731.98	7/31/2026	Muni	100	Single	RFRSwap	4.16975	3.929793	2.020650864	-0.3426335	0.021173986	 256 	0.3139	1.0823	0.2395	0.4111	0	0	0	2.0115	0	-138.5913	-125.6685	0	0	0	0	0	0	0	1.6005	0.018157294	8.65988265	1.6814	0.018770492	6.84928381	1.6932	0.018583028	4.96525243	1.8885	0.020022001	1.23354637	2.3529	0.024426218	-0.97372428	2.8631	0.028958632	-3.64526432
233_PUB_HTM	612379	8104537Y0	MUNI	IG-2	SCOTTSDALE AZ		4	46935	915000	915000	0	915000	915804.01	100	100.08787	804.01	7/31/2026	Muni	100	Single	RFRSwap	3.950464	3.998499	0.222411349	-0.3501867	0.002233482	 20 	0.1358	0.087	0	0	0	0	0	0.2036	0	-126.9912	-90.84188	0	0	0	0	0	0	0	0.0447	0.00045037	0.40598385	0.0789	0.000795265	0.35493962	0.0889	0.000895605	0.26522343	0.0885	0.000889426	0.08672159	0.4122	0.004135439	-0.08916426	1.2778	0.012702234	-1.01155068
233_PUB_HTM	612862	8104538L7	MUNI	IG-2	SCOTTSDALE AZ		5	48030	500000	500000	0	512755.41	509872.85	102.5511	101.97457	-2882.56	7/31/2026	Muni	100	Single	RFRSwap	4.546414	4.416214	1.265326381	-0.5475447	0.012955833	 65 	0.7697	0.096	0.1012	0.2959	0	0	0	1.1665	0	-148.9398	-128.312	0	0	0	0	0	0	0	0.785	0.008388325	4.46367397	0.8863	0.009394961	3.61219512	0.9105	0.009563946	2.64688225	1.0312	0.010634108	0.72973184	1.6486	0.016782945	-0.59221081	2.4384	0.024322161	-2.6467632
233_PUB_HTM	612006	810454AN8	MUNI	IG-2	SCOTTSDALE AZ		5	47665	250000	250000	0	256469.4	255118.15	102.5878	102.04726	-1351.25	7/31/2026	Muni	100	Single	RFRSwap	4.423894	4.274391	1.15765655	-0.3891203	0.011861804	 30 	0.787	0.0905	0.1822	0.1034	0	0	0	1.106	0	-150.8308	-136.2655	0	0	0	0	0	0	0	0.7852	0.008392783	4.42735587	0.8865	0.009399927	3.57542564	0.9107	0.009568973	2.609604	0.9659	0.009965705	0.70940162	1.3691	0.013966866	-0.44637255	1.9978	0.020042742	-2.13939323
233_PUB_HTM	612056	810454AP3	MUNI	IG-2	SCOTTSDALE AZ		4	48030	200000	200000	0	203048.99	201726.98	101.5245	100.86349	-1322.01	7/31/2026	Muni	100	Single	RFRSwap	3.805186	3.657833	1.693430185	-0.9024935	0.017136974	 34 	0.6372	0.1761	0.2084	0.6872	0	0	0	1.5431	0	-155.0083	-104.8438	0	0	0	0	0	0	0	0.788	0.008353724	4.81141447	0.8894	0.009352512	3.96352046	0.9136	0.009519531	3.00267422	1.4298	0.014598796	0.90386999	2.3781	0.023826338	-1.00663585	3.1588	0.030779982	-3.75624163
233_PUB_HTM	612682	810454AR9	MUNI	IG-2	SCOTTSDALE AZ		3.3	48761	400000	400000	0	403039.07	381699.2	100.7598	95.4248	-21339.87	7/31/2026	Muni	100	Single	RFRSwap	4.065091	3.176482	4.768470287	-0.8583378	0.045634162	 183 	0.0773	0.172	0.3081	2.7684	1.4641	0	0	4.7912	0	-43.4382	-18.00387	0	0	0	0	0	0	0	0.7857	0.008198531	8.64726581	0.8865	0.009176952	7.81514145	1.1166	0.0114494	6.84154293	4.3198	0.041974541	1.46887746	5.1629	0.047810752	-3.09478103	5.5015	0.048286494	-7.93061937
233_PUB_HTM	611958	812627BL0	MUNI	IG-2	SEATTLE WA		4	48549	1285000	1285000	0	1285000	1285359.67	100	100.02799	359.67	7/31/2026	Muni	100	Single	RFRSwap	3.994163	3.999208	0.468928337	-1.698287	0.004721858	 61 	0.1008	0.0284	0.0325	0.1563	0.0475	0	0	0.3039	0	-166.8172	-35.23458	0	0	0	0	0	0	0	0.0318	0.000321494	0.34758361	0.0562	0.000567354	0.31115091	0.0633	0.00063902	0.24714568	0.1253	0.001262785	0.11975211	2.0246	0.020258684	-0.63205459	3.7854	0.036742885	-3.62895777
233_PUB_HTM	612836	812627BM8	MUNI	IG-2	SEATTLE WA		4	48914	1335000	1335000	0	1335000	1335283.55	100	100.02124	283.55	7/31/2026	Muni	100	Single	RFRSwap	3.995933	3.999303	0.5597471	-1.96543	0.005635976	 75 	0.0996	0.0281	0.0321	0.1452	0.0947	0	0	0.3364	0	-172.6656	-26.23335	0	0	0	0	0	0	0	0.0318	0.000321601	0.35798403	0.0562	0.000567542	0.32153926	0.0633	0.000639231	0.25751291	0.1806	0.00182117	0.12551951	2.6159	0.026073795	-1.01380689	4.4525	0.042780519	-4.60630877
233_PUB_HTM	612704	812627BN6	MUNI	IG-2	SEATTLE WA		4	49279	245000	245000	0	245000	245043.05	100	100.01757	43.05	7/31/2026	Muni	100	Single	RFRSwap	3.996875	3.999375	0.631833136	-2.224262	0.006361564	 16 	0.0986	0.0275	0.0317	0.1213	0.1487	0	0	0.3575	0	-179.391	-29.34185	0	0	0	0	0	0	0	0.0318	0.000321724	0.36585339	0.0562	0.000567758	0.32939472	0.0633	0.000639473	0.26534407	0.2488	0.002507921	0.11669419	3.2387	0.032160718	-1.38175398	5.1162	0.048668329	-5.55750634
233_PUB_HTM	611470	818359ER8	MUNI	IG-2	SEWANHAKA NY CENTRL HIGH SCH D		3	49140	2000000	2000000	0	2000000	1831656.2	100	91.58281	-168343.8	7/31/2026	Muni	100	Single	RFRSwap	4.258267	2.999872	6.239944458	-0.2261853	0.057230365	 1,145 	0.0012	0.0413	0.1411	2.6945	3.3714	0	0	6.665	0	-12.1757	-2.162802	0	0	0	0	0	0	0	0.0444	0.000446055	8.72458367	0.0785	0.000787672	8.67402757	0.1825	0.001830601	8.58516647	6.4123	0.059378982	0.88570366	6.7021	0.058099445	-5.02730306	6.7142	0.054420918	-10.66278356
233_PUB_HTM	612841	819156Q37	MUNI	IG-2	SHAKOPEE MN		3	47515	275000	275000	0	275000	270380.58	100	98.32021	-4619.42	7/31/2026	Muni	100	Single	RFRSwap	3.51426	3	2.414165735	-0.8398088	0.024098253	 66 	0.1977	0.2906	1.5336	0.4298	0	0	0	2.3799	0	-88.8074	-66.21082	0	0	0	0	0	0	0	0.1266	0.001292764	2.27815505	0.1263	0.001287778	2.14912822	0.126	0.001282825	2.02059837	1.6896	0.017066568	1.18771004	2.7931	0.027544238	-1.20398904	3.0458	0.029163294	-4.07133732
233_PUB_HTM	611478	819156Q45	MUNI	IG-2	SHAKOPEE MN		3	47880	1785000	1785000	0	1785000	1737828.88	100	97.35736	-47171.12	7/31/2026	Muni	100	Single	RFRSwap	3.642009	3	3.192513943	-0.8307315	0.03156035	 563 	0.1243	0.2348	0.9848	1.8752	0	0	0	3.1888	0	-75.1635	-54.23077	0	0	0	0	0	0	0	0.1265	0.001291653	3.2237024	0.1262	0.001286677	3.09478621	0.1259	0.001281733	2.96636601	2.7346	0.027412534	1.38634852	3.6623	0.035514068	-1.88648187	3.881	0.036231294	-5.50191651
233_PUB_HTM	612489	819156Q52	MUNI	IG-2	SHAKOPEE MN		3	48245	1835000	1835000	0	1835000	1770991.35	100	96.51179	-64008.65	7/31/2026	Muni	100	Single	RFRSwap	3.706907	3	3.903512716	-0.8642316	0.038259026	 702 	0.0829	0.1969	0.3544	2.9798	0.2968	0	0	3.9515	0	-70.7632	-49.92689	0	0	0	0	0	0	0	0.1265	0.001291295	4.06369527	0.1262	0.001286322	3.93481473	0.1258	0.001281381	3.80642985	3.4914	0.034767352	1.56745122	4.4221	0.042275883	-2.41130029	4.6553	0.042517472	-6.68083764
233_PUB_HTM	611921	819649YX6	MUNI	IG-2	SHARON MA		4	48136	240000	240000	0	240000	237550.13	100	98.97922	-2449.87	7/31/2026	Muni	100	Single	RFRSwap	4.219378	3.99897	2.352356434	-2.00038	0.023560496	 57 	0.2853	0.2294	0.305	1.5451	0.0583	0	0	2.2477	0	-54.4522	2.376399	0	0	0	0	0	0	0	0.0445	0.000452204	1.45196552	0.0786	0.00079852	1.40071285	0.0886	0.00089929	1.31062846	1.2577	0.012705498	0.86379217	3.3438	0.032951131	-1.61201634	4.0204	0.038161691	-5.23764066
233_PUB_HTM	611439	819649YY4	MUNI	IG-2	SHARON MA		4	48502	240000	240000	0	240000	237242.18	100	98.85091	-2757.82	7/31/2026	Muni	100	Single	RFRSwap	4.211419	3.99912	2.657325268	-2.301194	0.026580876	 64 	0.2738	0.2278	0.2854	1.5398	0.4136	0	0	2.5845	0	-63.3763	-1.275006	0	0	0	0	0	0	0	0.0445	0.000452442	1.5881247	0.0787	0.000798939	1.5368451	0.0887	0.00089976	1.44671359	1.4667	0.014810023	0.94917064	3.8365	0.037652638	-1.88474803	4.6313	0.043535262	-6.02632281
233_PUB_HTM	611370	819649YZ1	MUNI	IG-2	SHARON MA		4	48867	240000	240000	0	240000	237207.91	100	98.83663	-2792.09	7/31/2026	Muni	100	Single	RFRSwap	4.187896	3.999227	2.859224796	-2.654325	0.028596368	 69 	0.2799	0.2174	0.2672	1.3581	0.8166	0	0	2.8025	0	-75.6068	-6.644596	0	0	0	0	0	0	0	0.0446	0.000452769	1.61316879	0.0787	0.000799513	1.56185223	0.0887	0.000900403	1.47165608	1.8814	0.018976586	0.84849797	4.4258	0.043157894	-2.49940573	5.3129	0.049299542	-7.22172955
233_PUB_HTM	611730	820888HE8	MUNI	IG-2	SHEBOYGAN FALLS WI		4	48305	535000	535000	0	535000	535009.84	100	100.00184	9.84	7/31/2026	Muni	100	Single	RFRSwap	3.998758	3.999124	0.754471779	-1.794315	0.007645453	 41 	0.1966	0.0716	0.0835	0.3814	0.0499	0	0	0.651	0	-146.7446	-20.90521	0	0	0	0	0	0	0	0.0447	0.000455376	0.51097885	0.079	0.0008041	0.45936739	0.089	0.00090555	0.36865474	0.1518	0.001540899	0.18817192	1.9797	0.019920634	-0.71229579	3.5741	0.034927297	-3.61073201
233_PUB_HTM	611182	820888HF5	MUNI	IG-2	SHEBOYGAN FALLS WI		4	48670	255000	255000	0	255000	255016.83	100	100.0066	16.83	7/31/2026	Muni	100	Single	RFRSwap	3.998103	3.999241	0.805418253	-2.016871	0.008162104	 21 	0.1956	0.0691	0.0793	0.3493	0.1419	0	0	0.7143	0	-156.9407	-23.84678	0	0	0	0	0	0	0	0.0447	0.000455652	0.51524999	0.079	0.000804584	0.46360739	0.0891	0.000906092	0.37284028	0.1682	0.001707617	0.19224994	2.3549	0.023651686	-0.90397507	4.1084	0.039888617	-4.24881342
233_PUB_HTM	611249	821686T36	MUNI	IG-2	SHELBY CNTY TN		5	49035	3415000	3415000	0	3476170.18	3454223.67	101.7912	101.14857	-21946.51	7/31/2026	Muni	100	Single	RFRSwap	4.817998	4.717837	1.484742761	-1.119173	0.015265418	 521 	0.561	0.1008	0.106	0.3941	0.294	0	0	1.2836	0	-134.2679	-77.85212	0	0	0	0	0	0	0	0.5836	0.006199075	3.4018129	0.6456	0.006816559	2.77377442	0.6608	0.006931375	2.07589755	1.0358	0.010710713	0.59407327	2.5836	0.02626064	-1.1731682	4.0399	0.039712522	-4.51403492
233_PUB_HTM	611198	8225165P1	MUNI	IG-2	SHELDON TX INDEP SCH DIST		5	47529	1000000	1000000	0	1043480.5	1030230.6	104.348	103.02306	-13249.9	7/31/2026	Muni	100	Single	RFRSwap	4.073499	3.677929	1.691733479	-0.2294189	0.017818796	 178 	0.5227	0.7618	0.3366	0.0878	0	0	0	1.7279	0	-128.953	-119.1969	0	0	0	0	0	0	0	1.4933	0.016870305	7.64147049	1.4928	0.016614605	5.97293623	1.4815	0.016245866	4.32746092	1.571	0.016721355	1.10731805	1.857	0.019433105	-0.67823362	2.226	0.022824962	-2.79286542
233_PUB_HTM	611791	8225165R7	MUNI	IG-2	SHELDON TX INDEP SCH DIST		3	48259	1000000	1000000	0	1007492.09	954928.2	100.7492	95.49282	-52563.89	7/31/2026	Muni	100	Single	RFRSwap	3.912786	2.85266	4.198167324	-0.4524136	0.040670231	 407 	0.0315	0.1818	0.3317	3.297	0.3602	0	0	4.2799	0	-45.9737	-29.29885	0	0	0	0	0	0	0	1.5138	0.016320439	10.93222858	1.515	0.016088022	9.31811811	1.8778	0.019622594	7.62366364	3.8889	0.03831118	1.63799695	4.365	0.041246805	-2.38151726	4.5679	0.041271817	-6.52495268
233_PUB_HTM	612483	825230LT0	MUNI	IG-2	SHOREWOOD WI		2.35	46600	440000	440000	0	440000	435401.56	100	98.9549	-4598.44	7/31/2026	Muni	100	Single	RFRSwap	3.421998	2.35	0.955682397	-0.005979461	0.009569238	 42 	0.9557	0	0	0	0	0	0	0.9961	0	-68.7331	-68.6782	0	0	0	0	0	0	0	0.1269	0.001290085	1.5366025	0.1266	0.001285117	1.4078427	0.1262	0.001280182	1.27957803	0.8728	0.008796637	0.66217426	0.9561	0.009546348	-0.28353115	0.9477	0.009372921	-1.22975553
233_PUB_HTM	612588	825230LU7	MUNI	IG-2	SHOREWOOD WI		2.55	46966	340000	340000	0	340000	334001.01	100	98.23559	-5998.99	7/31/2026	Muni	100	Single	RFRSwap	3.470809	2.55	1.756374836	-0.1987391	0.01747779	 59 	0.1428	1.5966	0	0	0	0	0	1.7812	0	-74.2104	-70.10921	0	0	0	0	0	0	0	0.1268	0.001290852	2.28789941	0.1265	0.001285879	2.15906318	0.1261	0.001280939	2.03072259	1.4764	0.014851213	1.07800361	1.823	0.018026317	-0.62961632	1.858	0.018035809	-2.4407798
233_PUB_HTM	612142	825230LV5	MUNI	IG-2	SHOREWOOD WI		2.7	47331	345000	345000	0	345000	335074.32	100	97.12299	-9925.68	7/31/2026	Muni	100	Single	RFRSwap	3.722435	2.7	2.546353817	-0.2558474	0.025074707	 87 	0.0707	0.2431	2.2235	0	0	0	0	2.5962	0	-51.19	-44.89058	0	0	0	0	0	0	0	0.1266	0.001289222	3.39014045	0.1262	0.001284266	3.26146634	0.1259	0.001279341	3.1332863	2.3139	0.02310532	1.382783	2.6729	0.026018692	-1.13152976	2.7265	0.025829919	-3.73502053
233_PUB_HTM	612038	825230LW3	MUNI	IG-2	SHOREWOOD WI		2.8	47696	340000	340000	0	340000	327864.21	100	96.43065	-12135.79	7/31/2026	Muni	100	Single	RFRSwap	3.769672	2.8	3.234835386	-0.3908415	0.031646606	 108 	0.0596	0.183	1.6381	1.3668	0	0	0	3.3055	0	-50.3201	-40.42472	0	0	0	0	0	0	0	0.1265	0.001289312	4.09390155	0.1262	0.001284356	3.96521844	0.1258	0.001279431	3.83702939	2.9896	0.029704828	1.52862491	3.4621	0.033285052	-1.69067939	3.552	0.032967333	-5.01813847
233_PUB_HTM	612837	825230LX1	MUNI	IG-2	SHOREWOOD WI		2.85	48061	345000	345000	0	345000	329562.25	100	95.52529	-15437.75	7/31/2026	Muni	100	Single	RFRSwap	3.842199	2.85	3.949543953	-0.4441749	0.038290944	 132 	0.0375	0.1378	0.3399	3.4335	0	0	0	4.0793	0	-46.1487	-34.86678	0	0	0	0	0	0	0	0.1264	0.001289054	5.00024461	0.1261	0.0012841	4.87158717	0.1258	0.001279178	4.74342353	3.7761	0.037195403	1.5528146	4.2672	0.040348839	-2.39531183	4.3614	0.039491575	-6.40265175
233_PUB_HTM	611993	825502H26	MUNI	IG-2	SHREWSBURY MA		2	51150	2280000	2280000	0	1884006.49	1675449.79	82.6319	73.48464	-208556.69	7/31/2026	Muni	100	Single	RFRSwap	4.67746	3.644451	11.05635262	1.286029	0.081345491	 1,855 	-0.0236	-0.0362	-0.0871	-0.31	7.3668	4.1428	0	12.7402	0	16.2003	19.24383	0	0	0	0	0	0	0	3.741	0.04026866	34.06648339	8.3644	0.084813356	27.82464198	10.5269	0.096858576	18.43677602	11.1454	0.082280062	0.25044258	11.0201	0.072816052	-7.49757177	10.8354	0.064181611	-14.34018747
233_PUB_HTM	612133	825502H34	MUNI	IG-2	SHREWSBURY MA		2	51516	2280000	2280000	0	1847876.5	1623565.66	81.0472	71.20902	-224310.85	7/31/2026	Muni	100	Single	RFRSwap	4.781366	3.705179	11.72532177	1.488636	0.083599098	 1,906 	-0.0232	-0.0353	-0.0869	-0.3224	6.4742	5.7091	0	13.7158	0	23.5288	26.4019	0	0	0	0	0	0	0	3.9788	0.04270611	36.03663788	9.2262	0.092668541	29.14241476	11.336	0.102445267	19.07358001	11.8125	0.084403925	0.15544006	11.6602	0.074083872	-7.76237969	11.4329	0.064718507	-14.69078694
233_PUB_HTM	611626	830388LX0	MUNI	IG-2	SKAGIT CNTY WA CONSOL SCH DIST		4	48914	1000000	1000000	0	1000000	1000197.2	100	100.01972	197.2	7/31/2026	Muni	100	Single	RFRSwap	3.996174	3.999303	0.569157004	-1.985568	0.005730636	 57 	0.0994	0.0281	0.0323	0.1462	0.0951	0	0	0.3366	0	-172.1546	-26.20929	0	0	0	0	0	0	0	0.0318	0.000321592	0.35918505	0.0562	0.000567526	0.32274133	0.0633	0.000639212	0.25871683	0.1825	0.001840209	0.12617772	2.6307	0.026217891	-1.02349696	4.458	0.042824905	-4.62403209
233_PUB_HTM	612189	833068NM7	MUNI	IG-2	SNOHOMISH & ISLAND CNTYS WA SC		5	48928	1000000	1000000	0	1062761.81	1039568.3	106.2762	103.95683	-23193.51	7/31/2026	Muni	100	Single	RFRSwap	4.365674	4.00754	3.080803871	-0.5948814	0.032223888	 322 	0.006	0.9216	0.8608	0.8377	0.4959	0	0	3.0948	0	-120.3749	-92.18035	0	0	0	0	0	0	0	2.1352	0.024904493	12.03977479	2.2571	0.025765916	9.56050194	2.2844	0.025487017	6.97623508	3.0578	0.032437198	1.48280627	3.825	0.039197646	-2.11868632	4.5178	0.044394489	-6.3299189
233_PUB_HTM	611188	833068NN5	MUNI	IG-2	SNOHOMISH & ISLAND CNTYS WA SC		5	49293	500000	500000	0	531178.71	519065.25	106.2357	103.81305	-12113.46	7/31/2026	Muni	100	Single	RFRSwap	4.448747	4.111421	3.273403406	-0.7647704	0.034191333	 171 	0.0062	0.8859	0.8394	0.7551	0.8037	0	0	3.2203	0	-120.6718	-85.98257	0	0	0	0	0	0	0	2.1353	0.024905659	12.18792201	2.2571	0.025767151	9.70853309	2.2931	0.025585588	7.12270023	3.3416	0.035363838	1.37865744	4.29	0.0437086	-2.5671652	5.0364	0.048960537	-7.23911247
233_PUB_HTM	612295	833124QH6	MUNI	IG-2	SNOHOMISH CNTY WA SCH DIST #4L		4	46722	1000000	1000000	0	1000000	1000590.5	100	100.05905	590.5	7/31/2026	Muni	100	Single	RFRSwap	3.950725	3.996585	0.206554383	-0.4928237	0.002080534	 21 	0.1771	0.0304	0	0	0	0	0	0.1883	0	-89.3107	-58.09082	0	0	0	0	0	0	0	0.0446	0.000450855	0.4022276	0.0788	0.00079613	0.35112813	0.0888	0.000896589	0.2613139	0.0883	0.000890424	0.08261394	0.4173	0.00420014	-0.07631191	1.06	0.010582017	-0.8977581
233_PUB_HTM	611650	833715CP8	MUNI	IG-2	SOCORRO TX INDEP SCH DIST		4	48075	1000000	1000000	0	1016964.37	1006547.9	101.6964	100.65479	-10416.47	7/31/2026	Muni	100	Single	RFRSwap	3.855474	3.628307	1.938224912	-0.8969116	0.019866657	 199 	0.6059	0.2373	0.22	0.8905	0.0062	0	0	1.7736	0	-134.0692	-76.58287	0	0	0	0	0	0	0	1.0192	0.011022132	5.64875498	1.024	0.010962437	4.55496522	1.0182	0.010789649	3.4649895	1.667	0.017256696	1.01888473	2.6043	0.026386963	-1.18011367	3.3601	0.033029079	-4.20073894
233_PUB_HTM	611944	833715CQ6	MUNI	IG-2	SOCORRO TX INDEP SCH DIST		4	48441	500000	500000	0	508328.12	501783.1	101.6656	100.35662	-6545.02	7/31/2026	Muni	100	Single	RFRSwap	3.932817	3.68955	2.296169519	-1.183303	0.023467096	 117 	0.5254	0.271	0.246	1.0683	0.2334	0	0	2.138	0	-128.0093	-47.22784	0	0	0	0	0	0	0	1.0189	0.011012412	5.88404902	1.0237	0.010952823	4.79122127	1.018	0.010781221	3.7021989	1.9339	0.019978747	1.10879371	3.1091	0.031322237	-1.45770174	3.9728	0.03861415	-5.00577739
233_PUB_HTM	612113	833715CR4	MUNI	IG-2	SOCORRO TX INDEP SCH DIST		4	48806	1500000	1500000	0	1524365.24	1502067.75	101.6243	100.13785	-22297.49	7/31/2026	Muni	100	Single	RFRSwap	3.977121	3.735223	2.60038209	-1.3734	0.026519293	 398 	0.474	0.2852	0.2549	1.0947	0.5652	0	0	2.5013	0	-127.9772	-27.20167	0	0	0	0	0	0	0	1.0189	0.011013775	6.11164408	1.0237	0.010954172	5.01868132	1.0184	0.010785927	3.92952506	2.2642	0.023338936	1.09525672	3.6967	0.036972079	-1.96773461	4.6499	0.04457961	-6.10915848
233_PUB_HTM	611907	833715CS2	MUNI	IG-2	SOCORRO TX INDEP SCH DIST		4	49171	1000000	1000000	0	1015832.04	996876.7	101.5832	99.68767	-18955.34	7/31/2026	Muni	100	Single	RFRSwap	4.045689	3.76968	3.058798552	-1.667284	0.031056628	 311 	0.4371	0.2687	0.2564	1.0419	1.0688	0	0	2.8052	0	-118.4185	-23.51685	0	0	0	0	0	0	0	1.0184	0.010998988	6.46613824	1.0233	0.010939545	5.37463903	1.0206	0.010799765	4.28679456	2.9008	0.029735083	0.97425544	4.4974	0.044392437	-2.82552549	5.438	0.051037055	-7.67990994
233_PUB_HTM	611888	833715DL6	MUNI	IG-2	SOCORRO TX INDEP SCH DIST		4	49171	1000000	1000000	0	1015729.57	1000331.2	101.573	100.03312	-15398.37	7/31/2026	Muni	100	Single	RFRSwap	3.965743	2.456342	0.984471262	0.01950404	0.010029553	 100 	0.9353	0.0492	0	0	0	0	0	1.0389	0	-15.2315	-15.23163	0	0	0	0	0	0	0	1.0126	0.010815176	4.92769815	1.0175	0.010757701	3.85439244	1.0116	0.010588118	2.78472	0.9914	0.010170285	0.70930487	0.9815	0.009970405	-0.29767497	0.9719	0.009776246	-1.28495493
233_PUB_HTM	611916	834307FY1	MUNI	IG-2	SOLON IA CMNTY SCH DIST	0.517241379	3.25	48700	725000	375000	0	375000	365818.05	100	97.55148	-9181.95	7/31/2026	Muni	100	Single	RFRSwap	3.662096	3.249456	3.823886633	-1.718214	0.037613269	 141 	0.1754	0.231	0.3326	2.1644	0.9591	0	0	3.6717	0	-100.2791	-57.75052	0	0	0	0	0	0	0	0.0446	0.00045151	2.85493494	0.0788	0.000797284	2.80376128	0.0888	0.000897886	2.71381691	3.0816	0.030726722	1.34727471	4.8558	0.046429127	-2.74829722	5.392	0.04895211	-7.57740818
233_PUB_HTM	611380	834494NF9	MUNI	IG-2	SOMERS CT		3	48153	250000	250000	0	250000	242741.85	100	97.09674	-7258.15	7/31/2026	Muni	100	Single	RFRSwap	3.611336	2.999421	3.582336187	-1.021285	0.035051994	 88 	0.1254	0.2226	0.3761	2.7632	0.1299	0	0	3.5236	0	-83.9821	-58.66274	0	0	0	0	0	0	0	0.0446	0.0004507	3.27375258	0.0787	0.000795858	3.22267057	0.0888	0.000896285	3.13288688	3.0902	0.030679084	1.432291	4.1811	0.039973754	-2.2403375	4.47	0.040912259	-6.32019225
233_PUB_HTM	612935	834494NG7	MUNI	IG-2	SOMERS CT		3.125	48519	250000	250000	0	250000	239542.52	100	95.81701	-10457.48	7/31/2026	Muni	100	Single	RFRSwap	3.884573	3.124463	4.436214924	-0.8796999	0.042853065	 107 	0.0694	0.1742	0.3275	3.0188	0.8836	0	0	4.5047	0	-55.1882	-34.25613	0	0	0	0	0	0	0	0.0445	0.000450122	4.53906931	0.0786	0.000794843	4.48805265	0.0886	0.000895149	4.39838311	4.056	0.039860133	1.67723167	4.9938	0.04685133	-2.77851146	5.239	0.046685547	-7.48622731
233_PUB_HTM	611901	834494NH5	MUNI	IG-2	SOMERS CT		3.125	48884	250000	250000	0	250000	237196.37	100	94.87855	-12803.63	7/31/2026	Muni	100	Single	RFRSwap	3.943479	3.12453	5.140143871	-0.8422472	0.049170513	 123 	0.0481	0.1392	0.2789	2.7781	1.9155	0	0	5.3014	0	-51.7679	-31.45886	0	0	0	0	0	0	0	0.0445	0.000450031	5.47453596	0.0786	0.000794684	5.42352957	0.0886	0.00089497	5.33387799	5.0398	0.048897121	1.36268364	5.8381	0.053585809	-3.87332135	6.0382	0.052211702	-9.19101029
233_PUB_HTM	611175	834494NJ1	MUNI	IG-2	SOMERS CT		3.25	49249	250000	250000	0	250000	236939.55	100	94.77582	-13060.45	7/31/2026	Muni	100	Single	RFRSwap	3.999104	3.249544	5.54008913	-1.04058	0.052956779	 132 	0.0549	0.1439	0.273	2.1245	2.9753	0	0	5.7445	0	-53.8772	-29.11153	0	0	0	0	0	0	0	0.0445	0.000450274	5.58991142	0.0786	0.000795112	5.53887749	0.0886	0.000895453	5.44917755	5.6413	0.054449465	0.93125389	6.5074	0.059039522	-4.86159814	6.704	0.05691462	-10.69225236
233_PUB_HTM	611199	834494NY8	MUNI	IG-2	SOMERS CT		2	48867	530000	530000	0	484115.02	455998.38	91.3425	86.03743	-28116.64	7/31/2026	Muni	100	Single	RFRSwap	4.271252	3.362642	6.359126091	0.3677579	0.055086769	 292 	-0.0216	-0.0389	-0.0462	3.6141	2.8495	0	0	6.861	0	-0.9919	1.271779	0	0	0	0	0	0	0	3.075	0.033311397	21.70211174	4.2816	0.044805087	18.01878584	5.6766	0.056453448	12.82360923	6.3687	0.055996075	1.29728271	6.3798	0.052625403	-4.13893115	6.34	0.049072463	-9.22444898
233_PUB_HTM	611820	834494NZ5	MUNI	IG-2	SOMERS CT		2	49232	540000	540000	0	484829.71	452801.45	89.7833	83.85212	-32028.26	7/31/2026	Muni	100	Single	RFRSwap	4.361831	3.439357	7.1571455	0.4665689	0.06043566	 326 	-0.0213	-0.0384	-0.0649	2.5703	4.7115	0	0	7.8089	0	4.665	6.973973	0	0	0	0	0	0	0	3.1262	0.033804681	23.69157018	5.0811	0.052841719	19.55511281	6.6166	0.064807884	13.50601173	7.2165	0.061390806	0.62845904	7.2095	0.057056747	-5.29972149	7.1402	0.052595295	-10.78038709
233_PUB_HTM	612738	834494PA8	MUNI	IG-2	SOMERS CT		2	49597	555000	555000	0	489512.43	452872.78	88.2004	81.5987	-36639.65	7/31/2026	Muni	100	Single	RFRSwap	4.458683	3.510919	7.942957878	0.6153573	0.065281257	 362 	-0.0211	-0.038	-0.0758	1.1537	6.9103	0	0	8.7787	0	10.8216	13.17051	0	0	0	0	0	0	0	3.1445	0.033935148	25.73134566	5.5613	0.057588711	21.36567409	7.3101	0.070843726	14.72447866	7.9893	0.066238694	0.72208487	7.9549	0.060898297	-5.63340987	7.8784	0.055720098	-11.46287206
233_PUB_HTM	612602	834494PB6	MUNI	IG-2	SOMERS CT		2	49963	565000	565000	0	492021.39	447748.38	87.0834	79.2475	-44273.02	7/31/2026	Muni	100	Single	RFRSwap	4.56631	3.517077	8.706537247	0.777877	0.069509849	 393 	-0.0208	-0.0373	-0.083	-0.2394	8.8822	0.1897	0	9.7172	0	17.924	20.17867	0	0	0	0	0	0	0	3.1832	0.03427276	27.8328392	6.1871	0.063712217	23.13881302	8.1057	0.077544324	15.8295449	8.7418	0.0704327	0.73382961	8.6925	0.064184122	-5.99827701	8.5913	0.058182362	-12.11406642
233_PUB_HTM	612983	834494PC4	MUNI	IG-2	SOMERS CT		2	50328	575000	575000	0	490618.32	442162.29	85.3249	76.89779	-48456.02	7/31/2026	Muni	100	Single	RFRSwap	4.67124	3.603119	9.442782402	0.9406145	0.073168986	 421 	-0.0203	-0.0367	-0.0865	-0.2848	8.648	1.2218	0	10.7015	0	24.7931	26.92337	0	0	0	0	0	0	0	3.2777	0.035210874	29.93922127	6.9805	0.071367234	24.750858	8.9606	0.084385887	16.68807129	9.5039	0.074195758	0.58224032	9.4177	0.066882305	-6.46881819	9.2866	0.060060825	-12.81200734
233_PUB_HTM	612236	834494PD2	MUNI	IG-2	SOMERS CT		2	50693	585000	585000	0	492240.77	436215.84	84.1437	74.56681	-56024.94	7/31/2026	Muni	100	Single	RFRSwap	4.773093	3.618326	10.16553974	1.105305	0.076399826	 447 	-0.02	-0.0361	-0.0883	-0.3225	8.188	2.4373	0	11.7226	0	31.3672	33.34009	0	0	0	0	0	0	0	3.4296	0.036760554	32.03085648	7.8686	0.079776391	26.22967474	9.8043	0.09076196	17.41771806	10.2367	0.077338077	0.39377744	10.1242	0.069080412	-6.92245877	9.9548	0.061437547	-13.43915839
233_PUB_HTM	612358	834494PF7	MUNI	IG-2	SOMERS CT		2	51424	610000	610000	0	499327.78	427115.96	81.857	70.01901	-72211.82	7/31/2026	Muni	100	Single	RFRSwap	4.966624	3.647685	11.51865387	1.492433	0.081330799	 496 	-0.0189	-0.0344	-0.0869	-0.3539	6.6708	5.3411	0	13.7325	0	44.0455	45.80334	0	0	0	0	0	0	0	3.918	0.041802566	36.08466438	9.6335	0.095860958	28.89955373	11.4145	0.101956554	18.71429739	11.6116	0.082176477	0.16333456	11.4064	0.071945883	-7.53314534	11.1621	0.062890649	-14.26491396
233_PUB_HTM	612426	83461RBW7	MUNI	IG-2	SOMERSET-BERKLEY REGL SCH DIST		3.5	49188	605000	605000	0	605000	573705.41	100	94.82734	-31294.59	7/31/2026	Muni	100	Single	RFRSwap	4.262837	3.499698	5.408902168	-1.005115	0.052079979	 315 	0.0557	0.1449	0.2772	2.21	2.7281	0	0	5.7271	0	-25.5361	-2.087128	0	0	0	0	0	0	0	0.168	0.00172006	6.10418139	0.2006	0.002050789	5.92660817	0.21	0.002141818	5.71192538	5.4778	0.053271174	0.96348007	6.3016	0.057709176	-4.70762815	6.4828	0.055677041	-10.40194736
233_PUB_HTM	611554	83710RSK4	MUNI	IG-2	SOUTH CAROLINA ST		4	47939	1000000	1000000	0	1020554.66	1010494	102.0555	101.0494	-10060.66	7/31/2026	Muni	100	Single	RFRSwap	3.751797	3.517633	1.876813889	-0.7609471	0.019215332	 192 	0.6048	0.3297	0.3241	0.6322	0	0	0	1.717	0	-146.1978	-106.048	0	0	0	0	0	0	0	1.0845	0.011766066	6.1066429	1.1392	0.012224981	4.93025817	1.1472	0.012170294	3.69987452	1.6657	0.01722821	1.04936188	2.4725	0.025051884	-1.05977155	3.1128	0.030667555	-3.86111195
233_PUB_HTM	611216	83710RSL2	MUNI	IG-2	SOUTH CAROLINA ST		3	48305	4000000	4000000	0	4022678.63	3866682.8	100.567	96.66707	-155995.83	7/31/2026	Muni	100	Single	RFRSwap	3.655936	2.890343	3.919643641	-0.7838923	0.038282011	 1,531 	0.1044	0.241	0.3692	2.8559	0.3898	0	0	3.8667	0	-82.1958	-55.28262	0	0	0	0	0	0	0	1.0887	0.0115813	8.7117559	1.1432	0.012028751	7.55391475	1.2923	0.0134376	6.31456178	3.4898	0.034628205	1.5606101	4.1955	0.040043425	-2.22335058	4.5273	0.041358232	-6.31455028
233_PUB_HTM	611869	83710RSM0	MUNI	IG-2	SOUTH CAROLINA ST		3	48670	4000000	4000000	0	4019189.43	3826101.2	100.4797	95.65253	-193088.23	7/31/2026	Muni	100	Single	RFRSwap	3.742372	2.919891	4.624055862	-0.8024564	0.044692673	 1,788 	0.0746	0.1882	0.3149	2.8416	1.2182	0	0	4.6052	0	-75.917	-49.58051	0	0	0	0	0	0	0	1.0883	0.011568919	9.64791102	1.1428	0.012016125	8.49130428	1.4262	0.014815602	7.22631717	4.1931	0.041184183	1.56716407	4.9331	0.046267338	-2.86226463	5.2764	0.047011461	-7.55558274
233_PUB_HTM	611688	83710RSN8	MUNI	IG-2	SOUTH CAROLINA ST		3	49035	1000000	1000000	0	1004020.18	944259.7	100.402	94.42597	-59760.48	7/31/2026	Muni	100	Single	RFRSwap	3.84593	2.940692	5.365279675	-0.7458082	0.051198702	 512 	0.0451	0.1426	0.2698	2.5418	2.3688	0	0	5.439	0	-66.8579	-42.42677	0	0	0	0	0	0	0	1.0878	0.011550505	10.75783578	1.1437	0.012012625	9.60306509	1.7191	0.017821575	8.23994422	5.1092	0.049337115	1.13874854	5.8061	0.053056661	-4.04499328	6.0942	0.052464209	-9.33682583
233_PUB_HTM	611661	839856U74	MUNI	IG-2	SOUTH SAN ANTONIO TX INDEP SCH		0	48806	1000000	1000000	0	804824.21	761707.8	80.4824	76.17078	-43116.41	7/31/2026	Muni	100	Single	RFRSwap	3.904604	3.108655	6.875263691	0.5394579	0.052369419	 524 	-0.0434	-0.0868	-0.2208	4.0896	3.1362	0	0	7.0389	0	-35.2711	-35.27112	0	0	0	0	0	0	0	7.2157	0.074161187	26.6069612	7.1441	0.068338491	19.48698924	7.0739	0.063024245	12.92338114	6.9378	0.053730972	1.27646113	6.8717	0.049669072	-3.89018025	6.8069	0.04594877	-8.66802369
233_PUB_HTM	612202	840772V38	MUNI	IG-2	SOUTH WINDSOR CT		2	50437	950000	950000	0	807701.84	724119.26	85.0212	76.22308	-83582.58	7/31/2026	Muni	100	Single	RFRSwap	4.700039	3.60241	9.53483963	0.9377382	0.073630966	 699 	-0.0244	-0.0356	-0.0795	-0.2404	8.3988	1.5179	0	10.735	0	24.7539	28.55371	0	0	0	0	0	0	0	0.5077	0.00519362	25.0835284	4.7482	0.047799885	23.4468384	8.6326	0.080767043	16.33749142	9.4385	0.073410511	0.55445687	9.4232	0.066681892	-6.45935158	9.3272	0.060091015	-12.79732711
233_PUB_HTM	612617	840772V46	MUNI	IG-2	SOUTH WINDSOR CT		2	50802	1350000	1350000	0	1131999.26	996990.79	83.8518	73.85117	-135008.46	7/31/2026	Muni	100	Single	RFRSwap	4.807318	3.61731	10.23078251	1.10797	0.07657861	 1,034 	-0.0239	-0.035	-0.082	-0.2746	7.8934	2.7498	0	11.6971	0	31.7342	35.54369	0	0	0	0	0	0	0	0.5075	0.005189555	27.41578977	6.1262	0.061261889	25.14822781	9.5046	0.087359503	17.06213929	10.1886	0.076646931	0.37694559	10.1196	0.068777852	-6.88650443	9.9769	0.061329409	-13.3797036
233_PUB_HTM	611278	840772V53	MUNI	IG-2	SOUTH WINDSOR CT		2	51167	1350000	1350000	0	1116563.6	952828.24	82.7084	70.57987	-163735.35	7/31/2026	Muni	100	Single	RFRSwap	5.028242	3.631779	10.93280792	1.31817	0.078256898	 1,056 	-0.0231	-0.034	-0.0844	-0.3238	7.2196	4.1751	0	12.8522	0	51.3181	54.19169	0	0	0	0	0	0	0	0.529	0.005404111	30.57891921	8.2102	0.080877215	26.92797265	10.5749	0.094402641	17.69066649	10.9226	0.078454338	0.24776757	10.7822	0.069483951	-7.13639816	10.5862	0.061308168	-13.66640964
233_PUB_HTM	611754	840772V61	MUNI	IG-2	SOUTH WINDSOR CT		2	51533	1350000	1350000	0	1101782.58	923508.54	81.6135	68.40804	-178274.04	7/31/2026	Muni	100	Single	RFRSwap	5.111511	3.643614	11.56702519	1.517994	0.080284454	 1,084 	-0.0224	-0.033	-0.0825	-0.3244	6.3171	5.7063	0	13.7729	0	56.3958	59.32685	0	0	0	0	0	0	0	0.5831	0.005954753	32.72229141	9.32	0.090965852	28.19500772	11.3457	0.099484839	18.27698499	11.556	0.080390625	0.15798256	11.3839	0.070607193	-7.3845587	11.1435	0.061750062	-13.99440101
233_PUB_HTM	612371	844402H34	MUNI	IG-2	SOUTHINGTON CT		2	50055	200000	200000	0	173133.4	157318.16	86.5667	78.65908	-15815.24	7/31/2026	Muni	100	Single	RFRSwap	4.593088	3.549041	8.919775963	0.7867517	0.070241421	 140 	-0.0247	-0.0367	-0.0813	-0.2317	8.864	0.426	0	9.8882	0	19.1034	21.83378	0	0	0	0	0	0	0	1.3224	0.013681462	24.71153737	4.6814	0.04731356	22.32000927	7.9558	0.075177051	15.74594385	8.9098	0.070805646	0.7211553	8.8917	0.064641804	-6.04871065	8.808	0.058610119	-12.20625159
233_PUB_HTM	612340	844402H42	MUNI	IG-2	SOUTHINGTON CT		2	50420	610000	610000	0	520875.06	465571.03	85.3894	76.32312	-55304.03	7/31/2026	Muni	100	Single	RFRSwap	4.695862	3.564595	9.668698311	0.9620529	0.073880464	 451 	-0.0241	-0.0366	-0.0854	-0.2825	8.5826	1.5105	0	10.904	0	25.7345	28.34246	0	0	0	0	0	0	0	1.3341	0.013787897	26.94150682	5.6689	0.056963589	24.07284732	8.8853	0.082648508	16.6051726	9.6619	0.074353926	0.5441443	9.6157	0.067190327	-6.53611006	9.4988	0.060320154	-12.90902202
233_PUB_HTM	612061	844402H59	MUNI	IG-2	SOUTHINGTON CT		2	50785	610000	610000	0	511753.1	451138.49	83.894	73.95713	-60614.61	7/31/2026	Muni	100	Single	RFRSwap	4.802348	3.617601	10.38149548	1.149558	0.076870844	 469 	-0.0235	-0.0359	-0.0868	-0.3116	8.0775	2.7577	0	11.8578	0	32.7263	35.25367	0	0	0	0	0	0	0	1.369	0.014134104	29.19755584	6.7899	0.067722507	25.69407608	9.7768	0.089342594	17.33657591	10.41	0.077460423	0.36325901	10.3123	0.069176458	-6.96452784	10.1627	0.061536241	-13.49477251
233_PUB_HTM	612816	844402H67	MUNI	IG-2	SOUTHINGTON CT		2	51150	610000	610000	0	504770.22	430449.67	82.7492	70.56552	-74320.55	7/31/2026	Muni	100	Single	RFRSwap	5.038545	3.632066	11.08715725	1.371472	0.078335658	 478 	-0.0228	-0.0346	-0.0872	-0.3481	7.3695	4.2072	0	12.9761	0	53.6475	55.41161	0	0	0	0	0	0	0	1.5448	0.015897993	32.25897613	8.6465	0.084788837	27.40656972	10.8875	0.096434183	17.91864986	11.1412	0.078975715	0.2319626	10.9823	0.069693938	-7.19410719	10.7786	0.061347645	-13.73813659
233_PUB_HTM	612311	844402H75	MUNI	IG-2	SOUTHINGTON CT		2	51516	610000	610000	0	498083.14	417621.25	81.653	68.4625	-80461.89	7/31/2026	Muni	100	Single	RFRSwap	5.11278	3.643885	11.74290371	1.556154	0.080499239	 491 	-0.0221	-0.0337	-0.0856	-0.3568	6.4593	5.7811	0	13.9596	0	57.8011	59.61225	0	0	0	0	0	0	0	1.7259	0.01774846	34.28754113	9.6213	0.093514502	28.64435318	11.6598	0.101506464	18.50540159	11.8029	0.081081852	0.14493824	11.6102	0.070944868	-7.44591365	11.364	0.06190601	-14.07605075
233_PUB_HTM	612045	846754JK6	MUNI	IG-2	SPARTA WI AREA SCH DIST		4	47178	1000000	1000000	0	1010071.06	1006539	101.0071	100.6539	-3532.06	7/31/2026	Muni	100	Single	RFRSwap	3.731077	3.587317	0.954658866	-0.4613062	0.009768124	 98 	0.5238	0.2487	0.183	0	0	0	0	0.8628	0	-143.4565	-111.7742	0	0	0	0	0	0	0	0.5428	0.005713625	2.94932925	0.5725	0.005993833	2.37525364	0.5789	0.00602534	1.7690961	0.6877	0.007074211	0.54334215	1.1631	0.0118571	-0.37460003	1.7002	0.017083367	-1.84215984
233_PUB_HTM	611332	846754JN0	MUNI	IG-2	SPARTA WI AREA SCH DIST		4	48274	1000000	1000000	0	1008911.33	1004422.9	100.8911	100.44229	-4488.43	7/31/2026	Muni	100	Single	RFRSwap	3.224657	2.449187	0.567513347	0.006651856	0.005794819	 58 	0.5675	0	0	0	0	0	0	0.5833	0	-75.131	-75.13141	0	0	0	0	0	0	0	0.5409	0.005671342	2.7473759	0.5705	0.005949717	2.17753772	0.5769	0.005981224	1.57582974	0.5699	0.005841179	0.39367671	0.5664	0.005773031	-0.18702232	0.563	0.005706091	-0.76096722
233_PUB_HTM	611672	849067X73	MUNI	IG-2	SPOKANE WA		4	49279	3000000	3000000	0	3078447.25	3017040.9	102.6149	100.56803	-61406.35	7/31/2026	Muni	100	Single	RFRSwap	3.918831	3.63294	3.607699871	-1.218913	0.036522441	 1,096 	0.1126	0.8065	0.3359	1.0714	1.3006	0	0	3.449	0	-132.9008	-49.56556	0	0	0	0	0	0	0	1.6582	0.018503491	10.35376085	1.7706	0.01943063	8.50371128	1.8378	0.019806257	6.53876294	3.7308	0.03821034	1.18299222	4.9011	0.048068158	-3.15820838	5.6595	0.052636534	-8.22859382
233_PUB_HTM	612380	849067X81	MUNI	IG-2	SPOKANE WA		4	49644	2000000	2000000	0	2051793.12	2001783.6	102.5897	100.08918	-50009.52	7/31/2026	Muni	100	Single	RFRSwap	3.987896	3.669286	4.013547421	-1.322395	0.040438838	 809 	0.1137	0.7445	0.3382	0.8042	2.016	0	0	3.8177	0	-126.4999	-33.55286	0	0	0	0	0	0	0	1.6577	0.018479453	10.72129096	1.7701	0.019405551	8.87363798	1.8493	0.019910075	6.90955434	4.0557	0.041355327	1.21352304	5.3662	0.052162528	-3.54929572	6.2141	0.056978423	-9.06430041
233_PUB_HTM	612431	8500007K0	MUNI	IG-2	SPRING TX INDEP SCH DIST		4	49171	2000000	2000000	0	2062241.75	2013352	103.1121	100.6676	-48889.75	7/31/2026	Muni	100	Single	RFRSwap	3.902244	3.551396	3.672711611	-1.070479	0.037649717	 753 	0.0004	0.8839	0.4275	1.2155	1.2032	0	0	3.6006	0	-126.1314	-51.61572	0	0	0	0	0	0	0	1.985	0.022624649	11.46699986	1.9789	0.022114031	9.23594211	2.0246	0.022179786	7.04075147	3.8045	0.039473284	1.24178808	4.8556	0.048230469	-3.18253639	5.4931	0.051793426	-8.22356685
233_PUB_HTM	611779	850211CJ0	MUNI	IG-2	SPRING VLY WI SCH DIST		3	49004	600000	600000	0	600566.91	561818.04	100.0945	93.63634	-38748.87	7/31/2026	Muni	100	Single	RFRSwap	3.980108	2.985753	5.535461903	-0.6154283	0.052523971	 315 	0.0199	0.1027	0.2375	2.7367	2.4554	0	0	5.7815	0	-46.9218	-28.65409	0	0	0	0	0	0	0	0.5432	0.005640869	8.95987461	0.5728	0.005916234	8.39312542	1.1105	0.011391305	7.69454396	5.0595	0.04859069	1.15161159	5.7371	0.052171253	-3.95001546	5.976	0.051243685	-9.13702861
233_PUB_HTM	612860	850211CK7	MUNI	IG-2	SPRING VLY WI SCH DIST		3	49369	850000	850000	0	850720.98	785794.06	100.0848	92.44636	-64926.92	7/31/2026	Muni	100	Single	RFRSwap	4.050359	2.98852	6.243257046	-0.5000126	0.058497045	 497 	0.0092	0.077	0.1997	2.0358	3.9211	0	0	6.6242	0	-42.8455	-24.96018	0	0	0	0	0	0	0	0.5431	0.005638221	10.12391608	0.5727	0.005913471	9.55743229	1.4218	0.014570119	8.78367901	5.8312	0.055173226	0.9211892	6.4426	0.057299461	-4.75801655	6.685	0.05566084	-10.43408832
233_PUB_HTM	611331	850211CL5	MUNI	IG-2	SPRING VLY WI SCH DIST		3	49735	300000	300000	0	300232.24	273195.24	100.0774	91.06508	-27037	7/31/2026	Muni	100	Single	RFRSwap	4.138639	2.990464	6.958262444	-0.3754858	0.064235255	 193 	0.0016	0.05	0.156	1.0167	5.7351	0	0	7.4983	0	-36.4546	-19.70098	0	0	0	0	0	0	0	0.5429	0.005633755	11.46144276	0.5725	0.005908812	10.89540652	1.7214	0.017614551	10.00963795	6.5054	0.060705934	1.00050511	7.105	0.061906043	-5.18481932	7.321	0.0593355	-11.26696721
233_PUB_HTM	612597	851035TV7	MUNI	IG-2	SPRINGFIELD MO SCH DIST #R-12		4	47908	2970000	2970000	0	3051349.24	3014228.35	102.739	101.48917	-37120.89	7/31/2026	Muni	100	Single	RFRSwap	3.643661	3.349821	2.205279589	-0.5575109	0.022748746	 676 	0.3593	0.7424	0.4387	0.6881	0	0	0	2.1412	0	-144.7058	-113.4143	0	0	0	0	0	0	0	1.5283	0.017020874	8.2135167	1.5451	0.016946986	6.52704796	1.54	0.016631624	4.84333665	2.066	0.021570718	1.25429815	2.6916	0.027442878	-1.19917132	3.1848	0.031527866	-4.15952403
233_PUB_HTM	611298	851790DL6	MUNI	IG-2	SPRINGS NY UNION FREE SCH DIST		2	50284	915000	915000	0	815574.23	696626.92	89.1338	76.13409	-118947.31	7/31/2026	Muni	100	Single	RFRSwap	4.801869	3.170273	9.323001862	0.9351041	0.071756743	 657 	-0.0174	-0.0357	-0.0858	-0.2937	8.6603	1.0963	0	10.5947	0	38.4251	40.4266	0	0	0	0	0	0	0	1.0561	0.010903419	26.27686336	5.6262	0.056607068	23.64601234	8.7134	0.081213608	16.23841626	9.3099	0.072217532	0.60308383	9.2403	0.065319777	-6.27768172	9.1238	0.058835108	-12.48222199
233_PUB_HTM	611880	851790DN2	MUNI	IG-2	SPRINGS NY UNION FREE SCH DIST		2	51014	440000	440000	0	382459.64	314067.42	86.9226	71.37896	-68392.21	7/31/2026	Muni	100	Single	RFRSwap	5.008152	3.233688	10.71539116	1.283729	0.077378295	 340 	-0.0164	-0.0343	-0.0855	-0.335	7.5695	3.6158	0	12.5497	0	51.7265	53.70701	0	0	0	0	0	0	0	1.1482	0.01183648	30.87617299	8.0305	0.079445563	26.71770337	10.4288	0.093669452	17.60578988	10.7344	0.07781437	0.27842376	10.5986	0.069052041	-7.06042065	10.4035	0.06102249	-13.55642482
233_PUB_HTM	612317	851790DP7	MUNI	IG-2	SPRINGS NY UNION FREE SCH DIST		2	51380	645000	645000	0	538876.06	440976.63	83.5467	68.36847	-97899.43	7/31/2026	Muni	100	Single	RFRSwap	5.194474	3.488527	11.37723732	1.494417	0.078732535	 508 	-0.0156	-0.0329	-0.0837	-0.3535	6.7259	5.1344	0	13.6459	0	67.4502	68.99734	0	0	0	0	0	0	0	1.4054	0.014461625	33.69741133	9.6516	0.093921609	28.10966067	11.3635	0.099207483	18.10162324	11.419	0.079221554	0.17491078	11.2203	0.069506906	-7.25435673	10.9764	0.060852468	-13.7623509
233_PUB_HTM	611262	852036EL2	MUNI	IG-2	SPRINGVILLE UT		3	47604	580000	580000	0	580000	567039.67	100	97.76546	-12960.33	7/31/2026	Muni	100	Single	RFRSwap	3.641921	2.999208	2.721061707	-0.7468878	0.026806666	 155 	0.1555	0.2641	1.5662	0.7716	0	0	0	2.6898	0	-72.3163	-52.78221	0	0	0	0	0	0	0	0.0445	0.00045039	2.59481228	0.0787	0.000795313	2.54376538	0.0887	0.000895673	2.4540431	2.1743	0.021706624	1.31755939	3.0754	0.029869677	-1.39079657	3.2919	0.030961933	-4.46122781
233_PUB_HTM	611425	852036EM0	MUNI	IG-2	SPRINGVILLE UT		3	47969	625000	625000	0	625000	599229.25	100	95.87668	-25770.75	7/31/2026	Muni	100	Single	RFRSwap	3.95995	2.999365	3.741100311	-0.4746794	0.03614901	 226 	0.0484	0.1564	0.7401	2.8008	0	0	0	3.825	0	-34.4125	-22.33681	0	0	0	0	0	0	0	0.0445	0.000449383	4.45043363	0.0785	0.000793544	4.39950047	0.0885	0.000893692	4.30997718	3.5289	0.034630671	1.50821644	4.0637	0.038363926	-2.21964605	4.1685	0.037760131	-6.04184022
233_PUB_HTM	611143	852036EN8	MUNI	IG-2	SPRINGVILLE UT		3	48335	640000	640000	0	640000	611270.34	100	95.51099	-28729.66	7/31/2026	Muni	100	Single	RFRSwap	3.877775	2.999468	4.316656113	-0.6556121	0.041552559	 266 	0.0491	0.1478	0.3138	3.287	0.5233	0	0	4.3809	0	-49.346	-33.23478	0	0	0	0	0	0	0	0.0445	0.000449779	4.82917879	0.0786	0.00079424	4.77820087	0.0886	0.000894471	4.68859928	4.0058	0.039237183	1.68965816	4.7399	0.044398069	-2.59273826	4.9159	0.043865684	-7.02920819
233_PUB_HTM	612877	852036EP3	MUNI	IG-2	SPRINGVILLE UT		3	48700	660000	660000	0	660000	627067.58	100	95.01024	-32932.42	7/31/2026	Muni	100	Single	RFRSwap	3.845757	2.99954	4.900042534	-0.7771221	0.046922922	 310 	0.0468	0.1395	0.2835	3.0308	1.4194	0	0	4.9991	0	-58.2946	-39.42207	0	0	0	0	0	0	0	0.0445	0.000450017	5.33775732	0.0786	0.000794658	5.28675255	0.0886	0.000894939	5.19710398	4.6578	0.04535557	1.61479317	5.4762	0.050637905	-3.29160603	5.6707	0.04958022	-8.32760509
233_PUB_HTM	612827	852519JY4	MUNI	IG-2	STAFFORD TX MUNI SCH DIST		5	47345	250000	250000	0	264219.59	259962.05	105.6878	103.98482	-4257.54	7/31/2026	Muni	100	Single	RFRSwap	3.603295	3.02636	2.023549795	-0.08173417	0.021508386	 54 	0.0119	1.5115	0.5054	0.0064	0	0	0	2.125	0	-124.8229	-120.1665	0	0	0	0	0	0	0	1.9637	0.022846898	10.05293681	1.9576	0.022334218	7.79984768	1.941	0.021717342	5.59490056	1.9838	0.021351414	1.33608294	2.1072	0.022220334	-0.84258123	2.2613	0.023327908	-3.12723622
233_PUB_HTM	612687	852519JZ1	MUNI	IG-2	STAFFORD TX MUNI SCH DIST		5	47710	500000	500000	0	528413.89	519788.45	105.6828	103.95769	-8625.44	7/31/2026	Muni	100	Single	RFRSwap	3.930225	3.479209	2.161077976	-0.2238727	0.022964315	 115 	0.0111	1.458	0.4653	0.2415	0	0	0	2.2439	0	-127.7299	-118.8193	0	0	0	0	0	0	0	1.9641	0.022862963	10.14301185	1.9579	0.022349844	7.88834227	1.9415	0.02173458	5.6818458	2.086	0.022450641	1.36101944	2.3742	0.024992323	-0.99518381	2.6975	0.027683714	-3.63416365
233_PUB_HTM	612579	852519KA4	MUNI	IG-2	STAFFORD TX MUNI SCH DIST		4	48075	250000	250000	0	258306.43	253277.78	103.3226	101.31111	-5028.65	7/31/2026	Muni	100	Single	RFRSwap	3.712019	3.279003	2.766991615	-0.5532717	0.028543057	 71 	0.0008	1.0653	0.4447	1.2704	0.0088	0	0	2.7383	0	-119.6125	-84.37852	0	0	0	0	0	0	0	1.984	0.02257395	10.62535842	1.9779	0.022064207	8.39928795	1.9739	0.021589691	6.21931814	2.6941	0.028184883	1.46003193	3.2542	0.033041127	-1.62145638	3.664	0.035928443	-5.09769135
233_PUB_HTM	611390	852519KB2	MUNI	IG-2	STAFFORD TX MUNI SCH DIST		4	48441	250000	250000	0	258035.87	252753.15	103.2143	101.10126	-5282.72	7/31/2026	Muni	100	Single	RFRSwap	3.793981	3.406384	3.064171076	-0.7131059	0.031544324	 79 	0.0011	1.0023	0.426	1.3757	0.2896	0	0	2.999	0	-122.043	-73.7236	0	0	0	0	0	0	0	1.9843	0.022592468	10.90758627	1.9782	0.022082213	8.67969432	1.9774	0.021641513	6.49752934	2.9414	0.030734748	1.54598642	3.6671	0.037067652	-1.86387698	4.2058	0.040862188	-5.78936117
233_PUB_HTM	612350	852634MF8	MUNI	IG-2	STAMFORD CT		3	48044	1250000	1250000	0	1250000	1222512.75	100	97.80102	-27487.25	7/31/2026	Muni	100	Single	RFRSwap	3.486796	2.999803	3.112393618	-1.262601	0.030481026	 381 	0.1912	0.2361	0.4199	2.3171	0	0	0	2.9459	0	-104.1918	-70.23197	0	0	0	0	0	0	0	0.0446	0.000448484	2.58640179	0.0788	0.000791941	2.53557109	0.0888	0.000891867	2.44622963	2.5123	0.024914941	1.2369547	3.8018	0.036487568	-1.96095207	4.1985	0.038696617	-5.76750077
233_PUB_HTM	611341	852634MG6	MUNI	IG-2	STAMFORD CT		3	48410	1250000	1250000	0	1250000	1206391.5	100	96.51132	-43608.5	7/31/2026	Muni	100	Single	RFRSwap	3.657002	2.999833	4.058827877	-1.065898	0.039226402	 490 	0.1153	0.1897	0.3297	2.8438	0.5924	0	0	3.9385	0	-82.5735	-56.00897	0	0	0	0	0	0	0	0.0446	0.000447911	3.8572609	0.0787	0.000790934	3.80649496	0.0888	0.000890739	3.71726679	3.518	0.034556225	1.5824728	4.6826	0.044084009	-2.50093708	5.012	0.044934534	-6.99059363
233_PUB_HTM	611553	852634MH4	MUNI	IG-2	STAMFORD CT		3	48775	1250000	1250000	0	1250000	1195746.12	100	95.65969	-54253.88	7/31/2026	Muni	100	Single	RFRSwap	3.713624	2.999855	4.757043362	-1.072744	0.045569159	 570 	0.0842	0.1722	0.3042	2.7377	1.4995	0	0	4.7372	0	-79.1548	-53.38422	0	0	0	0	0	0	0	0.0446	0.000447821	4.70591362	0.0787	0.000790775	4.65515791	0.0887	0.000890561	4.56594763	4.4624	0.043406751	1.47914724	5.522	0.051031388	-3.37775647	5.8168	0.050774705	-8.50392761
233_PUB_HTM	612793	852634MJ0	MUNI	IG-2	STAMFORD CT		3	49140	1250000	1250000	0	1250000	1179832.62	100	94.38661	-70167.38	7/31/2026	Muni	100	Single	RFRSwap	3.824889	2.999872	5.584541321	-0.9501901	0.052785054	 660 	0.0498	0.1297	0.2534	2.3976	2.7767	0	0	5.7033	0	-67.9968	-45.51419	0	0	0	0	0	0	0	0.0445	0.000447526	5.96928054	0.0787	0.000790256	5.91855818	0.0887	0.00088998	5.82940625	5.6392	0.053846013	0.96459189	6.4608	0.05800489	-4.73980528	6.6397	0.055820227	-10.44963694
233_PUB_HTM	612233	856706WR3	MUNI	IG-2	STATE COLLEGE PA AREA SCH DIST		5	47922	1420000	1420000	0	1420000	1421962.58	100	100.13821	1962.58	7/31/2026	Muni	100	Single	RFRSwap	4.96478	4.998601	0.216786176	-0.8162933	0.002211807	 31 	0.1072	0.0127	0.0253	0.0473	0	0	0	0.1735	0	-76.7652	-54.32476	0	0	0	0	0	0	0	0.0446	0.000456356	0.39955509	0.0787	0.000805847	0.34783202	0.0887	0.000907535	0.25692142	0.0888	0.000906577	0.07603901	0.9701	0.009872508	-0.25494944	2.5535	0.025517808	-2.09571495
233_PUB_HTM	611535	856706WT9	MUNI	IG-2	STATE COLLEGE PA AREA SCH DIST		4	48653	805000	805000	0	805000	805239.33	100	100.02973	239.33	7/31/2026	Muni	100	Single	RFRSwap	3.994212	3.999365	0.766881347	-1.985812	0.007786978	 63 	0.2088	0.0722	0.0829	0.3354	0.1404	0	0	0.7402	0	-157.151	-26.75698	0	0	0	0	0	0	0	0.0447	0.000456454	0.49261682	0.079	0.000806001	0.44088328	0.0891	0.000907687	0.34995635	0.1589	0.001616335	0.16526199	2.283	0.022982681	-0.8719609	4.0766	0.039685719	-4.19016508
233_PUB_HTM	611998	859328H41	MUNI	IG-2	STERLING HEIGHTS MI		2	49400	800000	800000	0	724382.99	647698.48	90.5479	80.96231	-76684.51	7/31/2026	Muni	100	Single	RFRSwap	4.699241	3.260537	7.564511776	0.6108516	0.061748337	 494 	-0.023	-0.0371	-0.0871	1.9173	5.7858	0	0	8.4188	0	38.1181	39.23558	0	0	0	0	0	0	0	2.6332	0.027943859	24.49080043	5.5291	0.056464206	20.49245503	7.2091	0.06892848	13.98412401	7.623	0.062683523	0.60013531	7.5652	0.057658501	-5.41355614	7.4739	0.052835014	-10.9367207
233_PUB_HTM	612112	859328H58	MUNI	IG-2	STERLING HEIGHTS MI		2	49766	815000	815000	0	717849.9	638104.17	88.0797	78.29499	-79745.73	7/31/2026	Muni	100	Single	RFRSwap	4.837294	3.461219	8.338242531	0.762863	0.065840147	 537 	-0.0223	-0.0364	-0.0902	0.2862	8.1946	0	0	9.4148	0	48.3635	49.34459	0	0	0	0	0	0	0	2.6826	0.028389914	26.86730427	6.3278	0.064159006	22.43011977	8.0634	0.075892627	15.15874049	8.3865	0.066816695	0.71040595	8.3073	0.060882874	-5.67347868	8.1939	0.055295933	-11.47712942
233_PUB_HTM	612979	859328H66	MUNI	IG-2	STERLING HEIGHTS MI		2	50131	830000	830000	0	714243.96	631825.13	86.0535	76.12351	-82418.83	7/31/2026	Muni	100	Single	RFRSwap	4.900584	3.584661	9.08207798	0.9184424	0.069741443	 579 	-0.022	-0.0358	-0.0904	-0.3373	8.9026	0.6588	0	10.388	0	50.9281	51.99123	0	0	0	0	0	0	0	2.7534	0.029118251	28.96317192	7.0691	0.071294494	24.06295281	8.8337	0.082062826	16.10746939	9.133	0.070727341	0.65170457	9.0303	0.063858107	-6.07460111	8.8935	0.057499778	-12.13667443
233_PUB_HTM	611270	862378HU3	MUNI	IG-2	STOW MA	1	3.25	49079	865000	865000	0	865000	834590.84	100	96.48449	-30409.16	7/31/2026	Muni	100	Single	RFRSwap	3.805992	3.249505	4.569279194	-1.442333	0.044399962	 384 	0.1113	0.1974	0.3195	2.3316	1.6293	0	0	4.569	0	-77.5325	-45.25813	0	0	0	0	0	0	0	0.0446	0.00045034	3.90183436	0.0787	0.000795223	3.85079317	0.0887	0.000895571	3.76108109	4.2591	0.041923363	1.26162616	5.5946	0.052338861	-3.61870066	5.9421	0.052455254	-8.89343734
233_PUB_HTM	612808	866854SF0	MUNI	IG-2	SUN PRAIRIE WI AREA SCH DIST		3	49735	1200000	1200000	0	1203410.73	1089054.72	100.2842	90.75456	-114356.01	7/31/2026	Muni	100	Single	RFRSwap	4.180504	2.965528	6.985956669	-0.2754707	0.064273983	 771 	-0.0021	0.0515	0.1529	1.0146	5.7682	0	0	7.5119	0	-32.4835	-15.51173	0	0	0	0	0	0	0	1.5331	0.016498862	15.61156066	1.6192	0.017159697	13.97129307	3.2789	0.033977591	11.62007698	6.8081	0.063318238	0.99939225	7.2993	0.063228816	-5.38112313	7.4528	0.059955727	-11.55728439
233_PUB_HTM	612856	867578TG1	MUNI	IG-2	SUNNYVALE CA SCH DIST		4	48458	540000	540000	0	540773.44	540581.9	100.1432	100.10776	-191.54	7/31/2026	Muni	100	Single	RFRSwap	2.659686	2.24104	0.085553572	0.000292304	0.000870717	 5 	0.0856	0	0	0	0	0	0	0.0833	0	-122.2666	-122.2666	0	0	0	0	0	0	0	0.0433	0.000442177	0.3680678	0.0764	0.000780231	0.31796188	0.0861	0.000878602	0.22995022	0.0857	0.000872592	0.05483204	0.0855	0.000869614	-0.03227809	0.0853	0.000866654	-0.11909131
233_PUB_HTM	612684	867578TH9	MUNI	IG-2	SUNNYVALE CA SCH DIST		4	48823	625000	625000	0	625874.23	625673.5	100.1399	100.10776	-200.73	7/31/2026	Muni	100	Single	RFRSwap	2.659686	2.28001	0.085553572	0.000292304	0.000870717	 5 	0.0856	0	0	0	0	0	0	0.0833	0	-122.2666	-122.2666	0	0	0	0	0	0	0	0.0433	0.000442177	0.3680678	0.0764	0.000780231	0.31796188	0.0861	0.000878602	0.22995022	0.0857	0.000872592	0.05483204	0.0855	0.000869614	-0.03227809	0.0853	0.000866654	-0.11909131
233_PUB_HTM	612124	867578TJ5	MUNI	IG-2	SUNNYVALE CA SCH DIST		4	49188	940000	940000	0	941267.84	941012.94	100.1349	100.10776	-254.89	7/31/2026	Muni	100	Single	RFRSwap	2.659686	2.33906	0.085553572	0.000292304	0.000870717	 8 	0.0856	0	0	0	0	0	0	0.0833	0	-122.2666	-122.2666	0	0	0	0	0	0	0	0.0433	0.000442177	0.3680678	0.0764	0.000780231	0.31796188	0.0861	0.000878602	0.22995022	0.0857	0.000872592	0.05483204	0.0855	0.000869614	-0.03227809	0.0853	0.000866654	-0.11909131
233_PUB_HTM	612343	867578TK2	MUNI	IG-2	SUNNYVALE CA SCH DIST		4	49553	1000000	1000000	0	1001290.13	1001077.6	100.129	100.10776	-212.53	7/31/2026	Muni	100	Single	RFRSwap	2.659686	2.408747	0.085553572	0.000292303	0.000870717	 9 	0.0856	0	0	0	0	0	0	0.0833	0	-122.2666	-122.2666	0	0	0	0	0	0	0	0.0433	0.000442177	0.3680678	0.0764	0.000780231	0.31796188	0.0861	0.000878602	0.22995022	0.0857	0.000872592	0.05483204	0.0855	0.000869614	-0.03227809	0.0853	0.000866654	-0.11909131
233_PUB_HTM	611877	867646GY1	MUNI	IG-2	SUNNYVALE TX SCH DIST		4	48259	500000	500000	0	500000	500181.1	100	100.03622	181.1	7/31/2026	Muni	100	Single	RFRSwap	3.992358	3.999711	1.002001166	-1.853197	0.010208455	 51 	0.2517	0.0798	0.0971	0.5041	0.0447	0	0	0.7793	0	-136.4946	-21.26031	0	0	0	0	0	0	0	0.1455	0.00149633	0.97543872	0.1606	0.001649661	0.82331223	0.1648	0.001690103	0.65394202	0.2684	0.002742256	0.29732698	2.1565	0.021793718	-0.82126255	3.603	0.035332393	-3.81670465
233_PUB_HTM	611403	867646GZ8	MUNI	IG-2	SUNNYVALE TX SCH DIST		4	48625	500000	500000	0	500000	500106.5	100	100.0213	106.5	7/31/2026	Muni	100	Single	RFRSwap	3.996017	3.99975	1.118661165	-2.176199	0.011395325	 57 	0.2534	0.08	0.0951	0.4929	0.1601	0	0	0.8472	0	-144.0558	-23.81808	0	0	0	0	0	0	0	0.1455	0.001497089	1.0030543	0.1607	0.001650494	0.85085079	0.1649	0.001690952	0.68139529	0.3329	0.003401242	0.31786399	2.6231	0.026447991	-1.03799642	4.1663	0.040556382	-4.52261361
233_PUB_HTM	612922	867646HA2	MUNI	IG-2	SUNNYVALE TX SCH DIST		4	48990	1000000	1000000	0	1000000	1000048.4	100	100.00484	48.4	7/31/2026	Muni	100	Single	RFRSwap	3.999029	3.999779	1.234042287	-2.493778	0.012568632	 126 	0.2581	0.0894	0.1015	0.4492	0.3238	0	0	0.9132	0	-150.4642	-26.59794	0	0	0	0	0	0	0	0.1456	0.001497733	1.03027932	0.1607	0.001651201	0.87801048	0.1649	0.001691672	0.70848264	0.5464	0.0055823	0.32464143	3.2474	0.032580502	-1.52099948	4.8995	0.047119476	-5.67819883
233_PUB_HTM	612455	86771RBL9	MUNI	IG-2	SUNRISE FL		3	48761	760000	760000	0	763309.22	717229.56	100.4354	94.37231	-46079.66	7/31/2026	Muni	100	Single	RFRSwap	3.937042	2.929756	5.333645344	-0.2133271	0.050468184	 384 	-0.0092	0.0013	0.4795	3.1655	1.692	0	0	5.4906	0	-48.5286	-30.86379	0	0	0	0	0	0	0	2.7369	0.03063044	17.29439591	2.8818	0.031377338	14.25973164	3.6388	0.038372718	10.83097595	5.2697	0.050722502	1.63155661	5.5941	0.050987296	-3.47784663	5.7344	0.049382281	-8.50691067
233_PUB_HTM	611215	86771RBM7	MUNI	IG-2	SUNRISE FL		3	49126	785000	785000	0	787593.08	734376.45	100.3303	93.55114	-53216.63	7/31/2026	Muni	100	Single	RFRSwap	3.95648	2.952688	5.93721962	-0.2207028	0.055691797	 437 	-0.0093	0.0021	0.4245	2.6065	2.9241	0	0	6.1598	0	-51.788	-32.16902	0	0	0	0	0	0	0	2.7376	0.030674314	18.24857601	2.9827	0.032507781	15.18761581	4.1024	0.043181036	11.45760046	6.0141	0.057041824	1.04592544	6.3571	0.056665175	-4.66407813	6.4845	0.054200746	-10.21541721
233_PUB_HTM	611818	86771RBN5	MUNI	IG-2	SUNRISE FL		3	49491	805000	805000	0	806866.76	740657.56	100.2319	92.00715	-66209.21	7/31/2026	Muni	100	Single	RFRSwap	4.077948	2.970009	6.643775463	-0.1841691	0.06129358	 493 	-0.0091	-0.0096	0.3154	1.7938	4.5514	0	0	7.0064	0	-42.0197	-23.39041	0	0	0	0	0	0	0	2.736	0.030571723	19.47969847	3.0642	0.03329761	16.40991548	4.5018	0.047137149	12.44980613	6.6996	0.062466849	0.98200176	7.0205	0.06109548	-5.23276102	7.1795	0.058183696	-11.21627431
233_PUB_HTM	611786	86771RBP0	MUNI	IG-2	SUNRISE FL		3	49857	830000	830000	0	829305.85	755871.46	99.9164	91.06885	-73434.4	7/31/2026	Muni	100	Single	RFRSwap	4.105169	3.009631	7.248558044	-0.1746372	0.066192999	 549 	-0.0086	-0.0093	0.2671	0.6589	6.3248	0	0	7.7492	0	-44.4134	-24.29107	0	0	0	0	0	0	0	2.7364	0.030596931	20.49459222	3.1031	0.033740684	17.4150161	4.7587	0.049785398	13.30002017	7.269	0.067126997	1.02796895	7.6463	0.065517858	-5.63284763	7.7887	0.061765257	-12.01752156
233_PUB_HTM	611304	86771RBQ8	MUNI	IG-2	SUNRISE FL		3	50222	855000	855000	0	846227.28	766802.65	98.974	89.68452	-79424.63	7/31/2026	Muni	100	Single	RFRSwap	4.186701	3.111396	7.892889023	-0.06221834	0.070984319	 607 	-0.0085	-0.0086	0.2165	0.4704	6.6072	0.6196	0	8.5196	0	-39.348	-19.73183	0	0	0	0	0	0	0	2.7356	0.030543078	21.7138322	3.1972	0.034705825	18.61642258	5.1592	0.053739402	14.2267809	7.9142	0.071909338	0.9267986	8.3095	0.069604889	-6.16879799	8.4217	0.064871959	-12.9049745
233_PUB_HTM	611516	86771RBR6	MUNI	IG-2	SUNRISE FL		3	50587	880000	880000	0	868387.11	773193.96	98.6804	87.86295	-95193.15	7/31/2026	Muni	100	Single	RFRSwap	4.313021	3.133385	8.59750843	0.09795594	0.075755186	 667 	-0.0086	-0.0148	0.1434	0.3985	6.6067	1.4812	0	9.6171	0	-28.4515	-10.74044	0	0	0	0	0	0	0	2.7341	0.030425141	23.16820133	3.393	0.03669259	20.02868163	5.7935	0.059869613	15.22701238	8.6077	0.076483406	0.74138005	8.9693	0.072962366	-6.76592767	9.0549	0.067297451	-13.79135625
233_PUB_HTM	612208	869461HW6	MUNI	IG-2	SUTTON MA		2.75	47894	250000	250000	0	250000	240397.68	100	96.15907	-9602.33	7/31/2026	Muni	100	Single	RFRSwap	3.676311	2.749841	3.575156689	-0.4911194	0.034831725	 87 	0.0532	0.1712	1.0237	2.3433	0	0	0	3.6127	0	-62.8047	-50.59489	0	0	0	0	0	0	0	0.1457	0.001485395	4.52371327	0.1608	0.001636819	4.37271117	0.165	0.001676762	4.20467982	3.3361	0.03300748	1.51233442	3.8884	0.037077148	-2.07337987	4.001	0.036668707	-5.77859206
233_PUB_HTM	611615	869461HX4	MUNI	IG-2	SUTTON MA		2.75	48259	250000	250000	0	250000	235392.85	100	94.15714	-14607.15	7/31/2026	Muni	100	Single	RFRSwap	3.934087	2.749868	4.514770985	-0.2824428	0.043082289	 108 	0.0045	0.0805	0.2388	3.7741	0.4232	0	0	4.7234	0	-35.4216	-27.18929	0	0	0	0	0	0	0	0.1455	0.00148268	6.48008317	0.1606	0.001633842	6.32935639	0.1648	0.001673729	6.1616298	4.3836	0.042587541	1.7259442	4.7604	0.044157282	-2.66602008	4.8217	0.042627335	-7.01706013
233_PUB_HTM	611908	869461HY2	MUNI	IG-2	SUTTON MA		2.75	48625	250000	250000	0	250000	231922	100	92.7688	-18078	7/31/2026	Muni	100	Single	RFRSwap	4.018356	2.749887	5.297535896	-0.208934	0.049816363	 125 	-0.0061	0.0446	0.1655	3.6164	1.4813	0	0	5.623	0	-29.64	-21.76818	0	0	0	0	0	0	0	0.1455	0.001482107	7.85881433	0.1605	0.001633215	7.70814557	0.1784	0.001811772	7.5404832	5.2197	0.05000405	1.76180101	5.5628	0.050468907	-3.31190152	5.6068	0.048098125	-8.25080209
233_PUB_HTM	612143	870262FA5	MUNI	IG-2	SWEDESBORO WOOLWICH NJ CONSOL		3	47498	500000	500000	0	500000	496756.55	100	99.35131	-3243.45	7/31/2026	Muni	100	Single	RFRSwap	3.199492	2.999723	1.655082464	-1.37487	0.01646553	 82 	0.2984	0.2341	0.9699	0.2398	0	0	0	1.5367	0	-150.5214	-97.57656	0	0	0	0	0	0	0	0.0447	0.000449717	1.07657029	0.079	0.000794106	1.02560027	0.0891	0.000894294	0.93601513	0.5741	0.005748687	0.65782517	2.2159	0.021853257	-0.8632141	2.8296	0.027193364	-3.38145985
233_PUB_HTM	612427	876672S80	MUNI	IG-2	TAUNTON MA	1	4	48092	490000	490000	0	490000	490046.8	100	100.00955	46.8	7/31/2026	Muni	100	Single	RFRSwap	3.997032	3.999335	0.473101318	-1.526523	0.004810315	 24 	0.1222	0.041	0.087	0.1594	0.0017	0	0	0.3489	0	-135.7379	-18.83068	0	0	0	0	0	0	0	0.0318	0.000324108	0.34775218	0.0561	0.000571971	0.31102315	0.0632	0.000644226	0.24649675	0.0873	0.000888225	0.11806414	1.6269	0.016461369	-0.49197642	3.0206	0.029826311	-2.93381678
233_PUB_HTM	612220	8797096C2	MUNI	IG-2	TEMPE AZ		5	48396	500000	500000	0	525787.34	518596.9	105.1575	103.71938	-7190.44	7/31/2026	Muni	100	Single	RFRSwap	4.281024	4.011445	2.368427038	-0.5005781	0.024663862	 123 	0.1099	1.3075	0.23	0.628	0.1057	0	0	2.3082	0	-137.0302	-117.9941	0	0	0	0	0	0	0	1.7575	0.019989951	9.60423715	1.8474	0.020644678	7.61223702	1.8611	0.020412302	5.5414241	2.2138	0.023355894	1.36514853	2.8298	0.029115655	-1.24499697	3.4338	0.034237146	-4.42841751
233_PUB_HTM	612227	880220FP8	MUNI	IG-2	TEMPLETON MA		2.5	48990	360000	360000	0	340524.66	323730.72	94.5902	89.9252	-16793.94	7/31/2026	Muni	100	Single	RFRSwap	4.064873	3.31683	6.177753448	0.07371798	0.056265727	 203 	-0.0198	-0.0036	0.1076	3.1412	2.9672	0	0	6.6014	0	-28.537	-20.35278	0	0	0	0	0	0	0	2.4894	0.027294533	18.56678131	2.8965	0.03095467	15.79167293	4.4996	0.046352062	11.9354761	6.1408	0.056621958	1.12801477	6.329	0.054819852	-4.46096486	6.3543	0.051649753	-9.79539013
233_PUB_HTM	611694	880220FQ6	MUNI	IG-2	TEMPLETON MA		2.5	49355	370000	370000	0	346273.53	325479.31	93.5874	87.96738	-20794.23	7/31/2026	Muni	100	Single	RFRSwap	4.190713	3.370394	6.953274727	0.1922331	0.061967693	 229 	-0.0195	-0.0131	0.051	2.1829	4.7428	0	0	7.5313	0	-18.8006	-11.11847	0	0	0	0	0	0	0	2.4884	0.027215654	20.24815676	3.2142	0.034232412	17.38356247	5.226	0.053341489	12.94973172	6.9561	0.062528946	0.7708405	7.0991	0.059476156	-5.34035889	7.113	0.055498797	-11.09547909
233_PUB_HTM	612487	880220FR4	MUNI	IG-2	TEMPLETON MA		2.5	49720	375000	375000	0	348669.07	322675.05	92.9784	86.04668	-25994.02	7/31/2026	Muni	100	Single	RFRSwap	4.29843	3.366647	7.688830853	0.3458676	0.067046188	 251 	-0.0193	-0.0195	0.0178	0.8689	6.827	0	0	8.4614	0	-11.2573	-3.884358	0	0	0	0	0	0	0	2.4875	0.027150262	21.94872898	3.4253	0.036386911	19.02916796	5.8377	0.059178803	14.17380474	7.6569	0.067430958	0.86672214	7.7986	0.063560285	-5.69707772	7.7885	0.058714021	-11.81384502
233_PUB_HTM	612225	880220FS2	MUNI	IG-2	TEMPLETON MA		2.5	50086	385000	385000	0	353877.25	323486.12	91.9162	84.02237	-30391.13	7/31/2026	Muni	100	Single	RFRSwap	4.411997	3.419944	8.407067299	0.4816146	0.071607322	 276 	-0.0186	-0.0222	-0.0086	0.0997	7.9167	0.4384	0	9.3878	0	-3.2145	3.804611	0	0	0	0	0	0	0	2.4874	0.027091764	23.74062874	3.7584	0.039800026	20.72162806	6.552	0.065824702	15.28955398	8.3873	0.072126232	0.81975047	8.4931	0.067112908	-6.15450536	8.4579	0.061400283	-12.57979196
233_PUB_HTM	611586	880220FT0	MUNI	IG-2	TEMPLETON MA		2.5	50451	395000	395000	0	357645.25	323867.61	90.5431	81.9918	-33777.64	7/31/2026	Muni	100	Single	RFRSwap	4.519916	3.50333	9.112648964	0.6483799	0.075766735	 299 	-0.0183	-0.0238	-0.0259	0.0088	7.7684	1.3933	0	10.3967	0	4.3444	10.89032	0	0	0	0	0	0	0	2.4892	0.027056707	25.55342911	4.242	0.044754598	22.35800237	7.3598	0.073159426	16.25943711	9.0963	0.07621216	0.63869798	9.1779	0.070165917	-6.69365832	9.1079	0.063546702	-13.37364014
233_PUB_HTM	611677	880541WF0	MUNI	IG-2	TENNESSEE ST		4	46966	5000000	5000000	0	5000000	5005063	100	100.10126	5063	7/31/2026	Muni	100	Single	RFRSwap	3.946848	4	0.407604277	-0.7905938	0.004161691	 208 	0.2438	0.2201	0	0	0	0	0	0.4286	0	-99.8247	-65.66323	0	0	0	0	0	0	0	0.1261	0.001295274	0.63638334	0.1257	0.001290274	0.50710625	0.1254	0.001285306	0.37832757	0.1248	0.001275465	0.1222526	0.6819	0.006948538	-0.20018527	1.4922	0.015030492	-1.37573161
233_PUB_HTM	611319	880541WU7	MUNI	IG-2	TENNESSEE ST		5	46966	1315000	1315000	0	1315000	1321932.81	100	100.52721	6932.81	7/31/2026	Muni	100	Single	RFRSwap	4.720659	5	0.125261664	0.00048749	0.001290536	 17 	0.1253	0	0	0	0	0	0	0.125	0	-308.3063	-308.3062	0	0	0	0	0	0	0	0.1268	0.001314148	0.60283375	0.1265	0.001308986	0.47167735	0.1261	0.001303858	0.34103546	0.1255	0.001293703	0.08128169	0.1251	0.001288675	-0.04783688	0.1248	0.00128368	-0.17645431
233_PUB_HTM	611520	880541WW3	MUNI	IG-2	TENNESSEE ST		5	47696	3455000	3455000	0	3455000	3473267.97	100	100.52874	18267.97	7/31/2026	Muni	100	Single	RFRSwap	4.852978	5	0.125269338	0.000487635	0.001290634	 45 	0.1253	0	0	0	0	0	0	0.125	0	-309.5286	-309.5284	0	0	0	0	0	0	0	0.1268	0.001314251	0.6028802	0.1265	0.001309088	0.4717136	0.1261	0.001303959	0.34106161	0.1255	0.001293801	0.0812879	0.1251	0.001288773	-0.0478405	0.1248	0.001283777	-0.17646768
233_PUB_HTM	611407	880541WX1	MUNI	IG-2	TENNESSEE ST		5	48061	2790000	2790000	0	2790000	2804761.33	100	100.52908	14761.33	7/31/2026	Muni	100	Single	RFRSwap	4.879472	5	0.125271052	0.000487552	0.001290656	 36 	0.1253	0	0	0	0	0	0	0.125	0	-309.8002	-309.8	0	0	0	0	0	0	0	0.1268	0.001314273	0.60289049	0.1265	0.00130911	0.47172163	0.1261	0.001303981	0.34106739	0.1255	0.001293823	0.08128925	0.1251	0.001288794	-0.04784133	0.1248	0.001283798	-0.17647067
233_PUB_HTM	612499	880541WY9	MUNI	IG-2	TENNESSEE ST		5	48427	2075000	2075000	0	2075000	2085980.69	100	100.52919	10980.69	7/31/2026	Muni	100	Single	RFRSwap	4.897143	5	0.125271603	0.000487466	0.001290663	 27 	0.1253	0	0	0	0	0	0	0.125	0	-309.888	-309.8878	0	0	0	0	0	0	0	0.1268	0.001314281	0.60289381	0.1265	0.001309117	0.47172421	0.1261	0.001303988	0.34106925	0.1255	0.001293831	0.08128968	0.1251	0.001288802	-0.04784162	0.1422	0.001462222	-0.17647165
233_PUB_HTM	611538	880541XA0	MUNI	IG-2	TENNESSEE ST		5	49157	925000	925000	0	 925,000.00 	929894.17	100	100.5291	4894.17																																															
233_PUB_HTM	611567	880541XN2	MUNI	IG-2	TENNESSEE ST		5	48061	1000000	1000000	0	1000000	1005290.8	100	100.52908	5290.8	7/31/2026	Muni	100	Single	RFRSwap	4.879472	5	0.125271052	0.000487552	0.001290656	 13 	0.1253	0	0	0	0	0	0	0.125	0	-309.8002	-309.8	0	0	0	0	0	0	0	0.1268	0.001314273	0.60289049	0.1265	0.00130911	0.47172163	0.1261	0.001303981	0.34106739	0.1255	0.001293823	0.08128925	0.1251	0.001288794	-0.04784133	0.1248	0.001283798	-0.17647067
233_PUB_HTM	612260	881626K79	MUNI	IG-2	TEWKSBURY MA		3	47164	990000	990000	0	990000	985106.73	100	99.50573	-4893.27	7/31/2026	Muni	100	Single	RFRSwap	3.203905	2.999669	1.336460352	-1.11462	0.013483423	 133 	0.3058	0.6017	0.4558	0	0	0	0	1.2623	0	-134.8745	-96.91129	0	0	0	0	0	0	0	0.1461	0.0014933	1.33853222	0.1612	0.001645655	1.18672547	0.1654	0.001685818	1.01778457	0.5679	0.005763767	0.60032738	1.7277	0.017327135	-0.59814319	2.1559	0.021195626	-2.5758119
233_PUB_HTM	611393	881626K87	MUNI	IG-2	TEWKSBURY MA		3	47529	985000	985000	0	985000	976399.87	100	99.12689	-8600.13	7/31/2026	Muni	100	Single	RFRSwap	3.262979	2.999759	1.909938574	-1.417553	0.019196836	 189 	0.2965	0.2719	1.0878	0.3322	0	0	0	1.8769	0	-132.3473	-90.98048	0	0	0	0	0	0	0	0.1461	0.001493047	1.71314096	0.1612	0.001645377	1.56135989	0.1654	0.001685535	1.39244741	0.9762	0.009893184	0.83035002	2.4578	0.024455905	-1.00762857	2.9499	0.02855204	-3.72033931
233_PUB_HTM	611507	886172NM3	MUNI	IG-2	THURSTON CNTY WA SCH DIST #111		3	47818	1000000	1000000	0	1002020.49	971094.3	100.202	97.10943	-30926.19	7/31/2026	Muni	100	Single	RFRSwap	3.727791	2.949396	3.158550978	-0.707148	0.030830435	 308 	0.1245	0.2244	1.1569	1.6712	0	0	0	3.0719	0	-66.0453	-45.08302	0	0	0	0	0	0	0	0.1709	0.001743184	4.37803183	0.3011	0.003065071	4.18090044	0.339	0.003438861	3.83575992	2.4516	0.024233473	1.2394852	3.1404	0.030173177	-1.52841762	3.4617	0.032172605	-4.67121123
233_PUB_HTM	612970	886172NN1	MUNI	IG-2	THURSTON CNTY WA SCH DIST #111		3	48183	2000000	2000000	0	2003841.23	1899172.2	100.1921	94.95861	-104669.03	7/31/2026	Muni	100	Single	RFRSwap	4.060116	2.960298	4.217053413	-0.4157091	0.040255405	 805 	0.0323	0.1291	0.3023	3.5336	0.2316	0	0	4.2975	0	-25.9741	-13.92044	0	0	0	0	0	0	0	0.1705	0.001735941	6.35934151	0.3004	0.003052389	6.16302736	0.5428	0.005496751	5.8089265	3.5882	0.034789488	1.49600326	4.1451	0.038647391	-2.22295775	4.3676	0.039017789	-6.12425564
233_PUB_HTM	611828	886172NP6	MUNI	IG-2	THURSTON CNTY WA SCH DIST #111		3	48549	1000000	1000000	0	1000852.89	945142.8	100.0853	94.51428	-55710.09	7/31/2026	Muni	100	Single	RFRSwap	3.988125	2.984688	4.803918362	-0.5540509	0.045644086	 456 	0.0328	0.1228	0.2722	3.3142	1.0795	0	0	4.9255	0	-39.8219	-24.11161	0	0	0	0	0	0	0	0.1707	0.001738978	6.87478694	0.3007	0.003057706	6.67813018	0.5514	0.00558778	6.32621298	4.0384	0.039012026	1.58930369	4.7242	0.043658774	-2.59916239	5.01	0.044090521	-7.0089032
233_PUB_HTM	611915	888701DV8	MUNI	IG-2	TIVERTON RI	1	3.5	49218	1355000	1355000	0	1355000	1296356.82	100	95.67209	-58643.18	7/31/2026	Muni	100	Single	RFRSwap	4.254295	3.499426	4.615423203	-0.914467	0.044695184	 606 	0.0668	0.1581	0.3003	2.7726	1.335	0	0	4.7938	0	-19.02	1.019084	0	0	0	0	0	0	0	0.0444	0.000451019	4.68488657	0.0785	0.000796437	4.63376787	0.0885	0.000896953	4.54391807	4.4043	0.043265484	1.39589293	5.2847	0.049400315	-3.36002322	5.4649	0.048398454	-8.27592824
233_PUB_HTM	611948	889481RC3	MUNI	IG-2	TOLLAND CT	0.757575758	3	46631	224400	170000	0	170000	170005.39	100	100.00317	5.39	7/31/2026	Muni	100	Single	RFRSwap	2.991727	2.997279	0.323005557	-0.2645164	0.003270534	 6 	0.305	0.018	0	0	0	0	0	0.3108	0	-136.1862	-112.0214	0	0	0	0	0	0	0	0.1065	0.001085954	0.72985737	0.1394	0.001420405	0.61553501	0.1489	0.001515069	0.46369836	0.1679	0.001702701	0.15867639	0.3983	0.004028015	-0.11451593	0.5331	0.005365692	-0.60798501
233_PUB_HTM	612257	890091TZ4	MUNI	IG-2	TOMPKINS CNTY NY		3	47832	755000	755000	0	755000	747449.55	100	98.99994	-7550.45	7/31/2026	Muni	100	Single	RFRSwap	3.24663	2.999479	2.160587549	-1.620924	0.021472625	 162 	0.2747	0.2309	0.7079	0.995	0	0	0	1.9049	0	-146.0665	-93.33411	0	0	0	0	0	0	0	0.0447	0.000450718	1.42445763	0.079	0.000795874	1.37337415	0.089	0.000896286	1.28358946	1.1082	0.011109838	0.8663576	2.9396	0.028823487	-1.33125277	3.5634	0.03380077	-4.52894248
233_PUB_HTM	611202	890091UA7	MUNI	IG-2	TOMPKINS CNTY NY		3	48197	1000000	1000000	0	1000000	981956.8	100	98.19568	-18043.2	7/31/2026	Muni	100	Single	RFRSwap	3.369501	2.999569	3.013943672	-1.606828	0.029711159	 297 	0.231	0.2361	0.338	2.1173	0.1516	0	0	2.8651	0	-126.9816	-83.14601	0	0	0	0	0	0	0	0.0447	0.000450208	2.21200071	0.0789	0.000794979	2.16097481	0.0889	0.000895283	2.07129086	2.1799	0.021744352	1.17111156	3.8669	0.03736116	-1.96228268	4.4064	0.040825006	-5.92937806
233_PUB_HTM	611476	890091UB5	MUNI	IG-2	TOMPKINS CNTY NY		3	48563	330000	330000	0	330000	322000.77	100	97.57599	-7999.23	7/31/2026	Muni	100	Single	RFRSwap	3.426249	2.999632	3.67667222	-1.663613	0.036016431	 119 	0.1824	0.2252	0.3295	2.2703	0.7285	0	0	3.4931	0	-122.717	-80.47199	0	0	0	0	0	0	0	0.0447	0.000450094	2.82795782	0.0789	0.000794779	2.77694478	0.0889	0.000895059	2.6872833	2.9061	0.028865365	1.36700623	4.6127	0.044047538	-2.46790954	5.1679	0.046964768	-7.08103526
233_PUB_HTM	612098	890125YL5	MUNI	IG-2	TOMS RIVER NJ BRD OF EDU		3	49871	2000000	2000000	0	2000000	1721615.8	100	86.08079	-278384.2	7/31/2026	Muni	100	Single	RFRSwap	4.772625	2.999894	7.985928059	0.4075916	0.068849981	 1,377 	-0.0065	-0.0114	0.0032	0.2215	7.756	0	0	9.139	0	38.1437	42.33395	0	0	0	0	0	0	0	0.0443	0.000444737	14.18302275	0.0783	0.000785356	14.13261566	2.5254	0.025248988	13.76580158	8.1225	0.070713945	0.84533227	8.1611	0.065487333	-5.97075461	8.0658	0.059677579	-12.22563216
233_PUB_HTM	611279	8913813C7	MUNI	IG-2	TORRANCE CA UNIF SCH DIST		5	48061	825000	825000	0	825000	826526.83	100	100.18507	1526.83	7/31/2026	Muni	100	Single	RFRSwap	4.957754	5	0.474214464	-1.35462	0.004869475	 40 	0.2356	0.0677	0.0757	0.2297	0	0	0	0.5849	0	-55.1405	-32.62714	0	0	0	0	0	0	0	0.1252	0.001293238	0.62107691	0.1249	0.001288264	0.4920021	0.1245	0.001283322	0.36342305	0.1239	0.001273533	0.10773964	1.4615	0.014936152	-0.48451701	3.021	0.030149113	-2.88715854
233_PUB_HTM	612060	8913813D5	MUNI	IG-2	TORRANCE CA UNIF SCH DIST		4.25	48427	1175000	1175000	0	1175000	1178127.14	100	100.26614	3127.15	7/31/2026	Muni	100	Single	RFRSwap	4.199359	4.25	0.194749579	-0.8326468	0.001994063	 23 	0.1249	0	0	0	0	0	0	0.125	0	-173.8803	-173.8762	0	0	0	0	0	0	0	0.1264	0.001301756	0.59721458	0.1261	0.0012967	0.46729208	0.1257	0.001291676	0.33787357	0.1251	0.001281727	0.08053545	1.0764	0.010990664	-0.2841201	3.1407	0.031376649	-2.4870511
233_PUB_HTM	612181	8913813Z6	MUNI	IG-2	TORRANCE CA UNIF SCH DIST		5.25	47331	500000	500000	0	500000	501033.25	100	100.20665	1033.25	7/31/2026	Muni	100	Single	RFRSwap	5.174746	5.25	0.248017073	-0.719861	0.0025504	 13 	0.1234	0	0.039	0	0	0	0	0.125	0	-24.8817	-24.8805	0	0	0	0	0	0	0	0.1248	0.00129118	0.5924241	0.1245	0.001286226	0.46355409	0.1242	0.001281305	0.33517783	0.1236	0.001271555	0.07989397	0.6903	0.007085915	-0.18190152	1.7906	0.018150739	-1.46582658
233_PUB_HTM	612186	8913814A0	MUNI	IG-2	TORRANCE CA UNIF SCH DIST		5	47696	500000	500000	0	500000	500936.8	100	100.18736	936.8	7/31/2026	Muni	100	Single	RFRSwap	4.947797	5	0.408762872	-1.170367	0.004197478	 21 	0.2158	0.0704	0.1338	0.0985	0	0	0	0.5194	0	-47.1966	-34.48798	0	0	0	0	0	0	0	0.1251	0.001292592	0.6087072	0.1248	0.001287624	0.47969674	0.1245	0.001282688	0.35118147	0.1238	0.001272909	0.09562392	1.0604	0.010851856	-0.35322852	2.4585	0.024695396	-2.23759332
233_PUB_HTM	612578	8913814B8	MUNI	IG-2	TORRANCE CA UNIF SCH DIST		5	48061	500000	500000	0	500000	500925.35	100	100.18507	925.35	7/31/2026	Muni	100	Single	RFRSwap	4.957754	5	0.474214464	-1.35462	0.004869475	 24 	0.2356	0.0677	0.0757	0.2297	0	0	0	0.5849	0	-55.1405	-32.62714	0	0	0	0	0	0	0	0.1252	0.001293238	0.62107691	0.1249	0.001288264	0.4920021	0.1245	0.001283322	0.36342305	0.1239	0.001273533	0.10773964	1.4615	0.014936152	-0.48451701	3.021	0.030149113	-2.88715854
233_PUB_HTM	611427	8913814C6	MUNI	IG-2	TORRANCE CA UNIF SCH DIST		4.25	48427	500000	500000	0	500000	501330.7	100	100.26614	1330.7	7/31/2026	Muni	100	Single	RFRSwap	4.199359	4.25	0.194749579	-0.8326468	0.001994063	 10 	0.1249	0	0	0	0	0	0	0.125	0	-173.8803	-173.8762	0	0	0	0	0	0	0	0.1264	0.001301756	0.59721458	0.1261	0.0012967	0.46729208	0.1257	0.001291676	0.33787357	0.1251	0.001281727	0.08053545	1.0764	0.010990664	-0.2841201	3.1407	0.031376649	-2.4870511
233_PUB_HTM	612449	89453PT82	MUNI	IG-2	TRAVIS CNTY TX		3	49735	850000	850000	0	855577.44	776359.74	100.6562	91.33644	-79217.7	7/31/2026	Muni	100	Single	RFRSwap	4.102188	2.92082	6.947615623	-0.2151358	0.064325497	 547 	-0.0132	0.0329	0.2321	1.0617	5.64	0	0	7.4347	0	-42.7576	-23.34845	0	0	0	0	0	0	0	2.4945	0.027846916	19.04734828	2.7054	0.029450484	16.27095078	4.2882	0.04512782	12.65172697	6.9212	0.0647889	1.02261693	7.3386	0.063941933	-5.45490144	7.4775	0.060488123	-11.69244724
233_PUB_HTM	612560	897676EJ7	MUNI	IG-2	TROY OH CITY SCH DIST		3	48183	500000	500000	0	500000	476763.45	100	95.35269	-23236.55	7/31/2026	Muni	100	Single	RFRSwap	3.974906	2.999494	4.178685665	-0.4976873	0.040053826	 200 	0.0361	0.1377	0.3183	3.4711	0.2274	0	0	4.2817	0	-34.7449	-22.44194	0	0	0	0	0	0	0	0.0445	0.00044828	4.97454309	0.0785	0.000791596	4.923735	0.0885	0.000891497	4.83443155	3.9673	0.038669564	1.61902515	4.526	0.042249154	-2.50519684	4.6411	0.041375235	-6.70371476
233_PUB_HTM	611894	897676EK4	MUNI	IG-2	TROY OH CITY SCH DIST		3	48549	485000	485000	0	485000	456263.8	100	94.07501	-28736.2	7/31/2026	Muni	100	Single	RFRSwap	4.070105	2.999567	4.962424755	-0.427576	0.046932139	 228 	0.0151	0.0947	0.2415	3.4792	1.146	0	0	5.1709	0	-27.3756	-15.91241	0	0	0	0	0	0	0	0.0444	0.000448085	6.24580077	0.0785	0.000791254	6.19501469	0.0885	0.000891114	6.10574973	4.7849	0.046101142	1.77251305	5.317	0.048670236	-3.03799492	5.421	0.047020294	-7.83829281
233_PUB_HTM	611230	899052LW2	MUNI	IG-2	TUKWILA WA		4	48183	1120000	1120000	0	1134403.49	1127798	101.286	100.69625	-6605.49	7/31/2026	Muni	100	Single	RFRSwap	3.853444	3.730999	1.762341261	-0.99464	0.017863605	 200 	0.5773	0.1935	0.1975	0.8113	0.0494	0	0	1.6288	0	-156.5889	-92.59423	0	0	0	0	0	0	0	0.675	0.007141189	4.43368383	0.7995	0.008399414	3.70138955	0.8316	0.008664052	2.82758291	1.4051	0.014365546	0.87538118	2.4693	0.024767794	-1.05867156	3.3749	0.032863457	-3.98718678
233_PUB_HTM	612204	899052LX0	MUNI	IG-2	TUKWILA WA		4	48549	1115000	1115000	0	1129430.71	1120871.92	101.2942	100.52663	-8558.78	7/31/2026	Muni	100	Single	RFRSwap	3.904567	3.767652	2.036197901	-1.220724	0.020604957	 230 	0.5533	0.184	0.1923	0.8673	0.2495	0	0	1.8037	0	-155.6753	-71.92814	0	0	0	0	0	0	0	0.675	0.007140846	4.6001638	0.7994	0.008399013	3.86790455	0.8315	0.008663642	2.99413942	1.5815	0.016153473	0.94695212	2.9069	0.029032616	-1.31801722	3.9586	0.038185373	-4.73041813
233_PUB_HTM	612932	899052LZ5	MUNI	IG-2	TUKWILA WA		4	49279	1260000	1260000	0	1274853.67	1263409.06	101.1789	100.27056	-11444.61	7/31/2026	Muni	100	Single	RFRSwap	3.960944	3.832803	2.48758626	-1.7438	0.025109006	 316 	0.5079	0.1966	0.198	0.7188	0.8814	0	0	2.2896	0	-157.5052	-40.62304	0	0	0	0	0	0	0	0.6752	0.007145962	4.90313632	0.7997	0.008404999	4.17035371	0.8318	0.008669784	3.29596752	2.2936	0.023341397	0.82952558	4.0601	0.040004149	-2.40613622	5.2913	0.049718548	-6.97476207
233_PUB_HTM	611291	899052MW1	MUNI	IG-2	TUKWILA WA		3	50010	1500000	1500000	0	1492555.68	1339717.05	99.5037	89.31447	-152838.63	7/31/2026	Muni	100	Single	RFRSwap	4.290656	3.056087	7.67637825	0.04380882	0.068944983	 1,034 	-0.0118	-0.0061	0.1663	0.4517	6.8273	0.2196	0	8.3457	0	-23.2282	-7.295507	0	0	0	0	0	0	0	2.6213	0.029110909	21.24152618	3.1353	0.033888023	18.27249445	5.1356	0.053289879	13.95131335	7.6553	0.069498427	0.970398	8.0004	0.067145936	-5.88651106	8.075	0.062531769	-12.37552695
233_PUB_HTM	611633	901072JH2	MUNI	IG-2	TUSTIN CA UNIF SCH DIST SCH FA		4	48792	805000	805000	0	805000	805000	100	100	0	7/31/2026	Muni	100	Single	RFRSwap	0	0	0	0	0	 -   	0	0	0	0	0	0	0	0	0	100	100	0	0	0	0	0	0	0	0	0	0	0	0	0	0	0	0	0	0	0	0	0	0	0	0	0
233_PUB_HTM	612741	901072JJ8	MUNI	IG-2	TUSTIN CA UNIF SCH DIST SCH FA		4	49157	850000	850000	0	850000	850000	100	100	0	7/31/2026	Muni	100	Single	RFRSwap	0	0	0	0	0	 -   	0	0	0	0	0	0	0	0	0	100	100	0	0	0	0	0	0	0	0	0	0	0	0	0	0	0	0	0	0	0	0	0	0	0	0	0
233_PUB_HTM	611504	901072JK5	MUNI	IG-2	TUSTIN CA UNIF SCH DIST SCH FA		4	49522	755000	755000	0	755000	755000	100	100	0	7/31/2026	Muni	100	Single	RFRSwap	0	0	0	0	0	 -   	0	0	0	0	0	0	0	0	0	100	100	0	0	0	0	0	0	0	0	0	0	0	0	0	0	0	0	0	0	0	0	0	0	0	0	0
233_PUB_HTM	611435	901072JL3	MUNI	IG-2	TUSTIN CA UNIF SCH DIST SCH FA		4	49888	475000	475000	0	475000	475000	100	100	0	7/31/2026	Muni	100	Single	RFRSwap	0	0	0	0	0	 -   	0	0	0	0	0	0	0	0	0	100	100	0	0	0	0	0	0	0	0	0	0	0	0	0	0	0	0	0	0	0	0	0	0	0	0	0
233_PUB_HTM	612078	903766R88	MUNI	IG-2	ULSTER CNTY NY		2.375	48898	1355000	1355000	0	1305862.52	1191603.67	96.3736	87.94123	-114258.85	7/31/2026	Muni	100	Single	RFRSwap	4.320732	2.930857	6.209087372	0.2136911	0.054914795	 744 	-0.0176	-0.0122	0.0239	3.4382	2.7765	0	0	6.6412	0	0.9144	6.013531	0	0	0	0	0	0	0	0.1479	0.001498972	12.92833548	0.3985	0.004033103	12.75871312	3.5166	0.034945969	10.93282331	5.8529	0.052508153	1.27039908	6.0561	0.051182047	-3.92971109	6.1134	0.04861268	-8.92444145
233_PUB_HTM	611493	906395Z50	MUNI	IG-2	UNION CNTY NC		3	48458	2500000	2500000	0	2515027.64	2423359.25	100.6011	96.93437	-91668.39	7/31/2026	Muni	100	Single	RFRSwap	3.564673	2.891264	3.961343288	-0.9527488	0.038894199	 972 	0.1426	0.2357	0.3423	2.6186	0.6344	0	0	3.8674	0	-99.0375	-65.7674	0	0	0	0	0	0	0	1.0486	0.011172245	8.35549363	1.0707	0.011288699	7.243845	1.185	0.012356847	6.09609288	3.4705	0.034615651	1.55823856	4.2912	0.041151892	-2.28686065	4.7034	0.043110192	-6.52772999
APT_AFS	880100	912797UL9	Treasuries	A-1-Q	TREASURY BILL		0	46317	1240000	1240000	0	1229421.05	1229856.61	99.1469	99.1819844	435.56	7/31/2026	Default	Default	Default	RFRSwap	3.636904	3.794231	0.230878815	0.001118757	0.002289902	 28 	0.2309	0	0	0	0	0	0	0.2278	0	-22.7511	-22.75112	0	0	0	0	0	0	0	0.2326	0.002323563	0.69200068	0.2321	0.002312259	0.46021039	0.2315	0.002301039	0.22954627	0.2303	0.002278847	-0.22843666	0.2297	0.002267872	-0.45577186	0.2291	0.002256979	-0.68201367
PUB_HTM	611874	912828Z78	Treasuries	A-1-Q	UNITED STATES TREASURY		1.5	46418	50000000	50000000	0	49767622.08	49397786.45	99.5352	98.7955729	-369835.63	7/31/2026	Default	Default	Default	RFRSwap	3.956507	2.440946	0.50102222	0.005034108	0.004949878	 2,475 	0.501	0	0	0	0	0	0	0.5	0	-3.2177	-3.217745	0	0	0	0	0	0	0	0.5087	0.005102531	1.50768465	0.5061	0.00505087	1.00002204	0.5036	0.004999991	0.49748629	0.4985	0.004900516	-0.4925127	0.496	0.00485189	-0.98012615	0.4936	0.004803985	-1.46291322
PUB_HTM	611440	91282CDK4	Treasuries	A-1-Q	UNITED STATES TREASURY		1.25	46356	100000000	100000000	0	99609010.14	99151041.7	99.609	99.1510417	-457968.44	7/31/2026	Default	Default	Default	RFRSwap	3.821355	2.427434	0.335882992	0.0023977	0.003337312	 3,337 	0.3359	0	0	0	0	0	0	0.3333	0	-9.3971	-9.397144	0	0	0	0	0	0	0	0.3397	0.003410021	1.0120367	0.3384	0.003385507	0.67226297	0.3372	0.003361272	0.33492665	0.3346	0.003313624	-0.33254427	0.3334	0.003290201	-0.66273304	0.3321	0.003267042	-0.99059275
PUB_HTM	612552	91282CDQ1	Treasuries	A-1-Q	UNITED STATES TREASURY		1.25	46387	250000000	250000000	0	248769320.4	247255859.3	99.5077	98.9023437	-1513461.17	7/31/2026	Default	Default	Default	RFRSwap	3.929105	2.443551	0.418412089	0.003647038	0.0041426	 10,357 	0.4184	0	0	0	0	0	0	0.4167	0	-3.7256	-3.725625	0	0	0	0	0	0	0	0.4242	0.004253159	1.25924943	0.4222	0.004215803	0.83580613	0.4203	0.004178953	0.41607302	0.4165	0.004106733	-0.4124621	0.4147	0.004071345	-0.82136157	0.4128	0.004036427	-1.22674579
AFS	612553	91282CFM8	Treasuries	A-1-Q	UNITED STATES TREASURY		4.125	46660	225000000	225000000	0	224864310.9	224806640.6	99.9397	99.9140625	-57670.24	7/31/2026	Default	Default	Default	RFRSwap	4.197021	4.174288	1.107189178	0.02343551	0.011214616	 25,233 	0.9141	0.1931	0	0	0	0	0	1.1667	0	5.9741	5.97408	0	0	0	0	0	0	0	1.1416	0.011959499	3.47442406	1.1299	0.011703734	2.29133478	1.1185	0.011455537	1.13344078	1.0961	0.010980692	-1.10970106	1.0852	0.0107535	-2.19634875	1.0745	0.010532787	-3.26060351
AFS	611835	91282CFU0	Treasuries	A-1-Q	UNITED STATES TREASURY		4.125	46691	100000000	100000000	0	99696720.06	99906250	99.6967	99.90625	209529.94	7/31/2026	Default	Default	Default	RFRSwap	4.198327	4.372341	1.188763618	0.0262128	0.011999083	 11,999 	0.8991	0.2897	0	0	0	0	0	1.25	0	4.95	4.950027	0	0	0	0	0	0	0	1.2259	0.012829848	3.72242645	1.2133	0.012544485	2.45379161	1.2009	0.012267673	1.21326228	1.1768	0.011738397	-1.18680134	1.165	0.011485315	-2.34791705	1.1533	0.011239551	-3.48409305
AFS	612414	91282CFZ9	Treasuries	A-1-Q	UNITED STATES TREASURY		3.875	46721	100000000	100000000	0	99330263.66	99542968.7	99.3303	99.5429687	212705.04	7/31/2026	Default	Default	Default	RFRSwap	4.227629	4.393981	1.272049069	0.02908707	0.012744507	 12,745 	0.8435	0.4285	0	0	0	0	0	1.3333	0	6.9955	6.995499	0	0	0	0	0	0	0	1.3117	0.013660621	3.958605	1.2983	0.0133457	2.60838152	1.2851	0.013040455	1.28916268	1.2592	0.012457495	-1.26001796	1.2466	0.012179073	-2.49176736	1.2342	0.011908914	-3.69609073
WTNA_AFS	612554	91282CFZ9	Treasuries	A-1-Q	UNITED STATES TREASURY		3.875	46721	1101000	1101000	0	1100711.81	1095968.09	99.9738	99.5429687	-4743.72	7/31/2026	Default	Default	Default	RFRSwap	4.227629	3.892135	1.272049069	0.02908707	0.012744507	 140 	0.8435	0.4285	0	0	0	0	0	1.3333	0	6.9955	6.995499	0	0	0	0	0	0	0	1.3117	0.013660621	3.958605	1.2983	0.0133457	2.60838152	1.2851	0.013040455	1.28916268	1.2592	0.012457495	-1.26001796	1.2466	0.012179073	-2.49176736	1.2342	0.011908914	-3.69609073
AFS	612457	91282CGP0	Treasuries	A-1-Q	UNITED STATES TREASURY		4	46812	193000000	193000000	0	192969278.5	192253632.7	99.9841	99.6132812	-715645.8	7/31/2026	Default	Default	Default	RFRSwap	4.253057	4.008626	1.483752608	0.03737222	0.015026901	 29,002 	0.6188	0.865	0	0	0	0	0	1.5806	0	9.3441	9.344146	0	0	0	0	0	0	0	1.5309	0.016221648	4.68421406	1.5149	0.015809854	3.08277043	1.4992	0.015411795	1.521814	1.4685	0.01465463	-1.48396069	1.4535	0.014294466	-2.9313043	1.4387	0.013945919	-4.34321682
AFS	611212	91282CJT9	Treasuries	A-1-Q	UNITED STATES TREASURY		4	46402	100000000	100000000	0	99926721.38	100031250	99.9267	100.03125	104528.62	7/31/2026	Default	Default	Default	RFRSwap	3.923498	4.15638	0.459789097	0.004324882	0.004607324	 4,607 	0.4598	0	0	0	0	0	0	0.4583	0	-6.6399	-6.639879	0	0	0	0	0	0	0	0.4665	0.004740188	1.40198089	0.4643	0.004695258	0.93021467	0.462	0.004650974	0.46290904	0.4576	0.004564295	-0.45857519	0.4554	0.004521876	-0.91287808	0.4533	0.004480055	-1.36296904
AFS	612089	91282CKA8	Treasuries	A-1-Q	UNITED STATES TREASURY		4.125	46433	187500000	187500000	0	187211285.8	187602172.9	99.846	100.0544922	390887.09	7/31/2026	Default	Default	Default	RFRSwap	4.0193	4.412724	0.530243754	0.005803482	0.005405626	 10,136 	0.5302	0	0	0	0	0	0	0.5417	0	1.8776	1.877628	0	0	0	0	0	0	0	0.5393	0.005587161	1.64868774	0.5363	0.005525632	1.09305779	0.5332	0.005465128	0.54352929	0.5273	0.005347104	-0.53762661	0.5244	0.005289541	-1.06944999	0.5215	0.005232914	-1.59556405
AFS	612626	91282CKE0	Treasuries	A-1-Q	UNITED STATES TREASURY		4.25	46461	175000000	175000000	0	174489598.9	175255322.2	99.7083	100.1458984	765723.26	7/31/2026	Default	Default	Default	RFRSwap	4.004827	4.721477	0.608398914	0.007639267	0.006189829	 10,832 	0.6084	0	0	0	0	0	0	0.625	0	-1.0214	-1.021367	0	0	0	0	0	0	0	0.6204	0.006429704	1.89257695	0.6164	0.00634819	1.25369716	0.6124	0.006268246	0.6228899	0.6045	0.006112902	-0.61512246	0.6006	0.006037426	-1.22262541	0.5968	0.005963364	-1.82265177
AFS	611265	91282CKJ9	Treasuries	A-1-Q	UNITED STATES TREASURY		4.5	46492	362500000	362500000	0	363019034.3	363579003.7	100.1432	100.2976562	559969.38	7/31/2026	Default	Default	Default	RFRSwap	4.06109	4.283999	0.686065078	0.009590084	0.006971329	 25,271 	0.6861	0	0	0	0	0	0	0.7083	0	2.9695	2.969536	0	0	0	0	0	0	0	0.701	0.007273227	2.13619204	0.696	0.00717043	1.41402999	0.691	0.007069818	0.70203775	0.6812	0.006874902	-0.6922925	0.6764	0.006780481	-1.37504314	0.6717	0.006688009	-2.04844964
AFS	612381	91282CKR1	Treasuries	A-1-Q	UNITED STATES TREASURY		4.5	46522	92500000	92500000	0	93059778.28	92759361.3	100.6052	100.2803906	-300416.98	7/31/2026	Default	Default	Default	RFRSwap	4.128691	3.709792	0.764690638	0.01187374	0.007740349	 7,160 	0.7647	0	0	0	0	0	0	0.7917	0	7.5371	7.537141	0	0	0	0	0	0	0	0.7832	0.00811406	2.37748425	0.7769	0.007986506	1.57248469	0.7708	0.007861967	0.78008886	0.7587	0.00762156	-0.76806933	0.7528	0.007505512	-1.52439761	0.747	0.007392121	-2.26925471
AFS	612370	91282CKV2	Treasuries	A-1-Q	UNITED STATES TREASURY		4.625	46553	150000000	150000000	0	150185530	150626074.2	100.1237	100.4173828	440544.19	7/31/2026	Default	Default	Default	RFRSwap	4.128819	4.473493	0.843736947	0.01448054	0.00852163	 12,782 	0.8437	0	0	0	0	0	0	0.875	0	4.9762	4.97625	0	0	0	0	0	0	0	0.8664	0.008978164	2.62405195	0.8587	0.008821942	1.73408572	0.8512	0.008669811	0.85953575	0.8364	0.008377262	-0.84490955	0.8293	0.008236576	-1.67556755	0.8222	0.008099445	-2.49233582
AFS	611511	91282CKZ3	Treasuries	A-1-Q	UNITED STATES TREASURY		4.375	46583	200000000	200000000	0	200299398.9	200414062.4	100.1497	100.2070312	114663.52	7/31/2026	Default	Default	Default	RFRSwap	4.150081	4.211735	0.923547983	0.01723248	0.009272167	 18,544 	0.9235	0	0	0	0	0	0	0.9583	0	4.3731	4.373084	0	0	0	0	0	0	0	0.9504	0.009813992	2.86174624	0.9413	0.009628189	1.88968749	0.9323	0.009447646	0.93594413	0.9149	0.009101565	-0.91864177	0.9065	0.008935657	-1.82045965	0.8982	0.008774273	-2.70591452
AFS	611717	91282CLG4	Treasuries	A-1-Q	UNITED STATES TREASURY		3.75	46614	375000000	375000000	0	374765316.9	373318363.9	99.9374	99.5515637	-1446953	7/31/2026	Default	Default	Default	RFRSwap	4.193092	3.810548	0.987337112	0.01957886	0.009998879	 37,496 	0.9389	0.0484	0	0	0	0	0	1.0417	0	7.5604	7.560379	0	0	0	0	0	0	0	1.0177	0.010620766	3.09154835	1.0074	0.010407301	2.04020477	0.9973	0.010200085	1.00989297	0.9776	0.009803453	-0.99006348	0.968	0.009613588	-1.96086439	0.9586	0.009429074	-2.91294825
AFS	612430	91282CLL3	Treasuries	A-1-Q	UNITED STATES TREASURY		3.375	46645	62500000	62500000	0	62136369.33	61950683.56	99.4182	99.1210937	-185685.77	7/31/2026	Default	Default	Default	RFRSwap	4.179884	3.905823	1.071516156	0.02222991	0.010756599	 6,723 	0.9256	0.1459	0	0	0	0	0	1.125	0	4.8692	4.869174	0	0	0	0	0	0	0	1.1046	0.011456726	3.33041432	1.0934	0.011216359	2.19682777	1.0824	0.010983075	1.08692112	1.0609	0.010536671	-1.06460327	1.0504	0.010323042	-2.10753096	1.0401	0.010115476	-3.12940112
AFS	611209	91282CLQ2	Treasuries	A-1-Q	UNITED STATES TREASURY		3.875	46675	112500000	112500000	0	112089438.1	112064941.4	99.6351	99.6132812	-24496.74	7/31/2026	Default	Default	Default	RFRSwap	4.202572	4.183824	1.149626374	0.0248535	0.011582041	 13,030 	0.9077	0.242	0	0	0	0	0	1.2083	0	5.6716	5.671573	0	0	0	0	0	0	0	1.1854	0.012367984	3.59070611	1.1733	0.012098071	2.36748017	1.1614	0.011836194	1.17084075	1.1381	0.011335316	-1.14579956	1.1267	0.011095738	-2.26728654	1.1155	0.010863037	-3.365162
AFS	611706	91282CLX7	Treasuries	A-1-Q	UNITED STATES TREASURY		4.125	46706	87500000	87500000	0	87380116.02	87387206.99	99.863	99.8710937	7090.97	7/31/2026	Default	Default	Default	RFRSwap	4.224451	4.230959	1.229514956	0.02760943	0.012385421	 10,837 	0.8724	0.3571	0	0	0	0	0	1.2917	0	6.7991	6.799058	0	0	0	0	0	0	0	1.2679	0.013259186	3.8446541	1.2549	0.012958943	2.53383472	1.2421	0.012667806	1.25258095	1.2171	0.012111451	-1.22476625	1.2049	0.011845571	-2.42254294	1.1929	0.011587477	-3.59412377
AFS	612982	91282CMF5	Treasuries	A-1-Q	UNITED STATES TREASURY		4.25	46767	100000000	100000000	0	99805246.7	100003906.2	99.8052	100.0039062	198659.5	7/31/2026	Default	Default	Default	RFRSwap	4.245942	4.388217	1.392179728	0.03349198	0.013948066	 13,948 	0.7542	0.638	0	0	0	0	0	1.4583	0	7.2062	7.206217	0	0	0	0	0	0	0	1.4355	0.015004873	4.34034648	1.4208	0.014641155	2.85815615	1.4064	0.01428904	1.411753	1.3782	0.013617788	-1.37819447	1.3644	0.013297787	-2.72387886	1.3508	0.01298766	-4.03806048
AFS	611971	91282CMH1	Treasuries	A-1-Q	UNITED STATES TREASURY		4.125	46418	100000000	100000000	0	99922081.19	100068359.4	99.9221	100.0683594	146278.21	7/31/2026	Default	Default	Default	RFRSwap	3.985557	4.284137	0.500950873	0.005033064	0.005012933	 5,013 	0.501	0	0	0	0	0	0	0.5	0	-0.3128	-0.312824	0	0	0	0	0	0	0	0.5086	0.005167508	1.52688743	0.506	0.005115197	1.01275967	0.5035	0.005063677	0.50382332	0.4984	0.00496295	-0.49878705	0.496	0.004913711	-0.99261315	0.4935	0.004865203	-1.48155207
AFS	611381	91282CMP3	Treasuries	A-1-Q	UNITED STATES TREASURY		4.125	46446	137500000	137500000	0	137554923	137562976.1	100.0399	100.0458008	8053.15	7/31/2026	Default	Default	Default	RFRSwap	4.039824	4.050128	0.564144194	0.006570525	0.005740777	 7,894 	0.5641	0	0	0	0	0	0	0.5778	0	7.9071	7.907146	0	0	0	0	0	0	0	0.5745	0.005946854	1.75286293	0.571	0.005876922	1.16168601	0.5676	0.005808239	0.57743953	0.5608	0.005674505	-0.57075308	0.5575	0.005609395	-1.13493736	0.5542	0.005545421	-1.69266767
AFS	611150	91282CMS7	Treasuries	A-1-Q	UNITED STATES TREASURY		3.875	46827	142500000	142500000	0	142668251.3	141665039.1	100.1181	99.4140625	-1003212.2	7/31/2026	Default	Default	Default	RFRSwap	4.249524	3.797179	1.528076649	0.03911078	0.015413279	 21,964 	0.5676	0.9605	0	0	0	0	0	1.625	0	8.0712	8.071245	0	0	0	0	0	0	0	1.5765	0.016659662	4.80768452	1.5601	0.016229823	3.16334994	1.544	0.015814567	1.56126416	1.5124	0.015025374	-1.52180981	1.497	0.014650296	-3.00547558	1.4819	0.014287521	-4.45225355
AFS	611441	91282CMV0	Treasuries	A-1-Q	UNITED STATES TREASURY		3.875	46477	50000000	50000000	0	49998634.66	49949218.75	99.9973	99.8984375	-49415.91	7/31/2026	Default	Default	Default	RFRSwap	4.024332	3.872802	0.648406148	0.008617058	0.006561229	 3,281 	0.6484	0	0	0	0	0	0	0.6667	0	0.2631	0.263095	0	0	0	0	0	0	0	0.6619	0.006830962	2.00840937	0.6574	0.006739205	1.32991874	0.6528	0.00664931	0.66051021	0.644	0.00647491	-0.65179059	0.6397	0.006390308	-1.29503559	0.6354	0.006307376	-1.9299043
AFS	612886	91282CMW8	Treasuries	A-1-Q	UNITED STATES TREASURY		3.75	46858	175000000	175000000	0	174284135.3	173523437.5	99.5909	99.15625	-760697.84	7/31/2026	Default	Default	Default	RFRSwap	4.264609	3.997467	1.609550357	0.04241654	0.016136155	 28,238 	0.471	1.1385	0	0	0	0	0	1.7083	0	9.5889	9.588914	0	0	0	0	0	0	0	1.6603	0.017481811	5.03907025	1.6431	0.017017255	3.31427268	1.6262	0.016568936	1.63511206	1.5932	0.01571824	-1.59258335	1.5771	0.015314562	-3.14409288	1.5612	0.014924518	-4.65592179
233_PUB_HTM	612248	915506ME6	MUNI	IG-2	UPPER ARLINGTON OH CITY SCH DI		4	48183	3225000	3225000	0	3293136.74	3257401.57	102.1128	101.0047	-35735.17	7/31/2026	Muni	100	Single	RFRSwap	3.789299	3.560726	2.254123211	-0.8318561	0.022917978	 739 	0.4811	0.4999	0.2712	1.0115	0.0612	0	0	2.144	0	-142.0777	-93.12144	0	0	0	0	0	0	0	1.1717	0.012736115	7.03052875	1.2895	0.013851384	5.74683404	1.3158	0.013948661	4.33611846	2.0283	0.020862505	1.18349749	2.9009	0.029111492	-1.31693672	3.5896	0.034862731	-4.549007
233_PUB_HTM	611637	915506MF3	MUNI	IG-2	UPPER ARLINGTON OH CITY SCH DI		4	48549	1580000	1580000	0	1613173.85	1592977.96	102.0996	100.82139	-20195.89	7/31/2026	Muni	100	Single	RFRSwap	3.851846	3.625278	2.529962301	-1.019306	0.025676096	 406 	0.4487	0.4681	0.2556	1.0696	0.3132	0	0	2.3601	0	-143.1109	-79.05753	0	0	0	0	0	0	0	1.1718	0.012739846	7.23661874	1.2896	0.01385542	5.95254883	1.3162	0.013955494	4.54142323	2.2443	0.023057705	1.24878575	3.3301	0.033268008	-1.58687414	4.1453	0.039881472	-5.28009422
233_PUB_HTM	611238	918608RZ5	MUNI	IG-2	VACAVILLE CA UNIF SCH DIST		3	47696	540000	540000	0	543605.65	536317.47	100.6677	99.31805	-7288.18	7/31/2026	Muni	100	Single	RFRSwap	3.182922	2.822302	2.292611361	-0.7920698	0.023113662	 125 	0.3935	0.2954	0.9447	0.6834	0	0	0	2.1167	0	-147.175	-99.0974	0	0	0	0	0	0	0	1.0074	0.010773549	6.12458589	0.997	0.010556387	5.05815135	0.9944	0.010424455	4.0122085	1.9965	0.020368598	1.20292437	2.6384	0.026294	-1.15802947	3.0271	0.029318323	-3.96402604
233_PUB_HTM	611486	918608SB7	MUNI	IG-2	VACAVILLE CA UNIF SCH DIST		3.125	48427	460000	460000	0	463126.93	454488.69	100.6798	98.80189	-8638.23	7/31/2026	Muni	100	Single	RFRSwap	3.347067	3.000351	3.115458012	-1.28887	0.031268105	 144 	0.3169	0.2801	0.3277	1.836	0.3906	0	0	2.9305	0	-145.5045	-87.18282	0	0	0	0	0	0	0	1.0067	0.010787445	6.7942532	0.9963	0.010570021	5.72644221	0.9978	0.010481669	4.67882513	2.6817	0.027275199	1.34570575	3.695	0.036392134	-1.87339664	4.3004	0.040681005	-5.76559427
233_PUB_HTM	611709	918608SZ4	MUNI	IG-2	VACAVILLE CA UNIF SCH DIST		4	48792	610000	610000	0	610000	610000	100	100	0	7/31/2026	Muni	100	Single	RFRSwap	0	0	0	0	0	 -   	0	0	0	0	0	0	0	0	0	100	100	0	0	0	0	0	0	0	0	0	0	0	0	0	0	0	0	0	0	0	0	0	0	0	0	0
233_PUB_HTM	612538	918608TA8	MUNI	IG-2	VACAVILLE CA UNIF SCH DIST		4	49157	750000	750000	0	750000	750000	100	100	0	7/31/2026	Muni	100	Single	RFRSwap	0	0	0	0	0	 -   	0	0	0	0	0	0	0	0	0	100	100	0	0	0	0	0	0	0	0	0	0	0	0	0	0	0	0	0	0	0	0	0	0	0	0	0
233_PUB_HTM	612436	918608TC4	MUNI	IG-2	VACAVILLE CA UNIF SCH DIST		4	49888	1000000	1000000	0	1000000	1000000	100	100	0	7/31/2026	Muni	100	Single	RFRSwap	0	0	0	0	0	 -   	0	0	0	0	0	0	0	0	0	100	100	0	0	0	0	0	0	0	0	0	0	0	0	0	0	0	0	0	0	0	0	0	0	0	0	0
233_PUB_HTM	611277	921138FU2	MUNI	IG-2	VAN METER IA CMNTY SCH DIST		3	47239	580000	580000	0	580000	577969.01	100	99.64983	-2030.99	7/31/2026	Muni	100	Single	RFRSwap	3.132778	2.998935	1.195176959	-1.482127	0.011999557	 70 	0.3046	0.3871	0.5456	0	0	0	0	1.1236	0	-154.1547	-103.4632	0	0	0	0	0	0	0	0.0447	0.000452577	0.78228888	0.079	0.000799155	0.73099476	0.0891	0.000899979	0.64084004	0.2748	0.002771159	0.42961733	1.6993	0.016962713	-0.57869133	2.2679	0.022177743	-2.60871718
PUB_HTM	611156	92419RAP7	MUNI	IG-2	VERMONT ST HSG FIN AGY PROPERT	0.732	3.75	50345	4699453.55	3440000	0	3512602.53	3138771.58	102.1105	91.24336	-373830.94	7/31/2026	Muni	100	Single	RFRSwap	5.515055	3.357745	4.994682789	0.4056176	0.046041418	 1,584 	0.0835	0.14	0.3533	1.5018	2.7924	0.1234	0	6.1933	0	123.0628	123.1021	0	0	0	0	0	0	0	5.485	0.05916046	15.67802083	5.3167	0.054330543	10.0081876	5.1532	0.049975116	4.79709381	4.8409	0.042483136	-4.42291419	4.692	0.039259557	-8.50708668	4.5477	0.036334839	-12.28415954
233_PUB_HTM	611438	9242582L9	MUNI	IG-2	VERMONT ST		3	48441	4205000	4205000	0	4220708.89	4080664.04	100.3736	97.04314	-140044.86	7/31/2026	Muni	100	Single	RFRSwap	3.548103	2.931902	3.892520905	-0.9709564	0.038312711	 1,611 	0.153	0.2297	0.3416	2.5813	0.5909	0	0	3.7296	0	-101.3974	-67.2477	0	0	0	0	0	0	0	1.0254	0.010922226	8.08577464	1.0303	0.010861779	7.00192793	1.1231	0.011717959	5.90632642	3.387	0.033858865	1.5419494	4.2262	0.040649977	-2.2413231	4.6488	0.042760946	-6.44359072
233_PUB_HTM	611326	9242582M7	MUNI	IG-2	VERMONT ST		3	48806	4305000	4305000	0	4320061.62	4140087.93	100.3499	96.16929	-179973.68	7/31/2026	Muni	100	Single	RFRSwap	3.621253	2.944473	4.548333645	-1.032179	0.044370189	 1,910 	0.1045	0.2056	0.3216	2.5191	1.4358	0	0	4.5297	0	-96.5777	-62.97736	0	0	0	0	0	0	0	1.0252	0.01091455	8.91000354	1.03	0.010854189	7.82691637	1.2336	0.012861424	6.70848939	4.1329	0.04089668	1.40133061	4.9956	0.047209494	-3.0495393	5.4177	0.048587546	-7.87025274
233_PUB_HTM	612418	9242582N5	MUNI	IG-2	VERMONT ST		3	49171	1490000	1490000	0	1494946.99	1412520	100.332	94.8	-82426.99	7/31/2026	Muni	100	Single	RFRSwap	3.75526	2.953191	5.371438026	-0.9534303	0.051664282	 770 	0.0609	0.1563	0.286	2.2167	2.6624	0	0	5.4561	0	-82.0719	-52.83463	0	0	0	0	0	0	0	1.0243	0.010887258	10.10273402	1.0299	0.010834945	9.02234802	1.52	0.015809245	7.82429184	5.0981	0.049540225	0.99145891	5.8979	0.054215427	-4.25936443	6.251	0.054064196	-9.69489942
233_PUB_HTM	611630	925836JH2	MUNI	IG-2	VICTOR CA ELEM SCH DIST		4	48427	2000000	2000000	0	2000000	2000378	100	100.0189	378	7/31/2026	Muni	100	Single	RFRSwap	3.996426	4	0.984075725	-2.221699	0.010039432	 201 	0.2383	0.0845	0.0995	0.4707	0.0899	0	0	0.8695	0	-137.5149	-22.14975	0	0	0	0	0	0	0	0.1263	0.001298361	0.76671107	0.126	0.001293333	0.6371267	0.1257	0.001288338	0.50804347	0.1618	0.001654358	0.25136757	2.3861	0.02413114	-0.88739608	3.8731	0.037909336	-4.14049884
233_PUB_HTM	611384	932493HH5	MUNI	IG-2	WALLER TX INDEP SCH DIST		3	49720	345000	345000	0	349696.97	309604.14	101.3614	89.74033	-40092.84	7/31/2026	Muni	100	Single	RFRSwap	4.323848	2.83601	7.242798805	0.1090549	0.065999039	 228 	-0.0134	-0.0185	0.1341	1.1098	6.0157	0	0	7.9461	0	-13.9494	-1.116306	0	0	0	0	0	0	0	3.4078	0.038895901	23.01567319	3.9241	0.043237403	19.06052914	5.5331	0.058160786	13.99019254	7.2979	0.067209728	0.97120211	7.5029	0.064158179	-5.61218167	7.541	0.059804831	-11.81723065
233_PUB_HTM	612446	932493HK8	MUNI	IG-2	WALLER TX INDEP SCH DIST		3	50451	1655000	1655000	0	1666971.89	1434196.19	100.7234	86.65838	-232775.7	7/31/2026	Muni	100	Single	RFRSwap	4.494365	2.925598	8.531927109	0.3309865	0.075116552	 1,243 	-0.0132	-0.0179	0.0658	0.33	6.9764	1.1925	0	9.7972	0	-3.6905	8.696822	0	0	0	0	0	0	0	3.4083	0.038762152	25.687104	4.2993	0.047145337	21.61658968	6.508	0.067586206	15.8095736	8.5753	0.076145336	0.75457748	8.7822	0.07148277	-6.6462304	8.7671	0.065361865	-13.48808621
233_PUB_HTM	611558	932712RM6	MUNI	IG-2	WALNUT CREEK CA SCH DIST CONTR		2	48458	725000	725000	0	694867.93	640575.06	95.8439	88.35518	-54292.87	7/31/2026	Muni	100	Single	RFRSwap	4.187997	2.746352	5.456208706	0.2928447	0.048663117	 353 	-0.0191	-0.0392	-0.0429	4.3614	1.1957	0	0	5.8646	0	-5.186	-3.558236	0	0	0	0	0	0	0	3.9609	0.043806937	21.41022119	4.3922	0.046635348	16.98931874	5.0542	0.051168349	12.05153044	5.439	0.049507618	1.83559797	5.4415	0.046905506	-2.98846839	5.4065	0.04414228	-7.54141126
233_PUB_HTM	612798	932712RN4	MUNI	IG-2	WALNUT CREEK CA SCH DIST CONTR		2	48823	770000	770000	0	728807.78	664039.68	94.6504	86.23892	-64768.1	7/31/2026	Muni	100	Single	RFRSwap	4.271735	2.838891	6.263597965	0.3826125	0.054538559	 420 	-0.0187	-0.0388	-0.0645	3.7263	2.6539	0	0	6.7981	0	-0.2658	1.698498	0	0	0	0	0	0	0	3.9792	0.043928117	23.32252009	4.9482	0.052303329	18.62882545	5.8496	0.05853742	12.99882173	6.2876	0.055628899	1.40215404	6.2753	0.05213742	-3.98810225	6.228	0.048607491	-9.02509532
233_PUB_HTM	612315	932712RP9	MUNI	IG-2	WALNUT CREEK CA SCH DIST CONTR		2	49188	800000	800000	0	741371.79	671783.52	92.6715	83.97294	-69588.27	7/31/2026	Muni	100	Single	RFRSwap	4.375117	3.028792	7.059751034	0.4756477	0.059871119	 479 	-0.0184	-0.0382	-0.0753	2.7152	4.4709	0	0	7.7337	0	6.6812	8.700505	0	0	0	0	0	0	0	4.1182	0.0453321	25.27207813	5.7652	0.060437746	20.02642597	6.7618	0.066518992	13.56768553	7.1363	0.06098656	0.65298171	7.1049	0.056541204	-5.22565699	7.0306	0.052132774	-10.65538832
233_PUB_HTM	611306	932712RQ7	MUNI	IG-2	WALNUT CREEK CA SCH DIST CONTR		2	49553	830000	830000	0	757012.92	679046.99	91.2064	81.81289	-77965.93	7/31/2026	Muni	100	Single	RFRSwap	4.456491	3.119051	7.838415146	0.6184238	0.064781539	 538 	-0.0184	-0.0378	-0.082	1.3379	6.6277	0	0	8.6873	0	11.2362	13.36401	0	0	0	0	0	0	0	4.1477	0.045572154	27.22837928	6.2208	0.06494087	21.74695353	7.431	0.072363026	14.73371227	7.893	0.065785132	0.70010414	7.8566	0.060520913	-5.61394974	7.7668	0.055332463	-11.40388155
233_PUB_HTM	611776	932712RR5	MUNI	IG-2	WALNUT CREEK CA SCH DIST CONTR		2	49919	865000	865000	0	772084.54	688931.41	89.2583	79.64525	-83153.13	7/31/2026	Muni	100	Single	RFRSwap	4.537811	3.258302	8.59346962	0.7651591	0.069159023	 598 	-0.0182	-0.0372	-0.0852	-0.2272	8.8681	0.0774	0	9.6066	0	15.5447	17.76275	0	0	0	0	0	0	0	4.2035	0.04610388	29.20128133	6.7428	0.07006599	23.43366967	8.1549	0.078543074	15.83481042	8.6414	0.070185408	0.74128721	8.5851	0.063969351	-5.96670337	8.4823	0.058031544	-12.06343592
233_PUB_HTM	611642	932712RS3	MUNI	IG-2	WALNUT CREEK CA SCH DIST CONTR		2	50284	905000	905000	0	794622.47	701239.34	87.8036	77.48501	-93383.13	7/31/2026	Muni	100	Single	RFRSwap	4.618156	3.324477	9.324404716	0.9170185	0.073027194	 661 	-0.0179	-0.0367	-0.0873	-0.27	8.6436	1.09	0	10.5898	0	19.8119	22.04	0	0	0	0	0	0	0	4.32	0.047293961	31.15900206	7.3975	0.076404944	24.96715587	8.9208	0.084770098	16.70704662	9.3923	0.074129455	0.60779901	9.3053	0.066885717	-6.43942743	9.1741	0.060119797	-12.78641098
233_PUB_HTM	611749	932889YX0	MUNI	IG-2	WALNUT VLY CA UNIF SCH DIST		2	50253	1040000	1040000	0	913876.08	817749.4	87.8727	78.62975	-96126.68	7/31/2026	Muni	100	Single	RFRSwap	4.482126	3.32543	9.215155602	0.8627777	0.073380053	 763 	-0.0163	-0.0374	-0.0836	-0.2258	8.5919	0.9777	0	10.4108	0	5.8092	8.80592	0	0	0	0	0	0	0	4.1612	0.045844223	30.5419165	6.975	0.072752558	24.67425331	8.6511	0.083315857	16.67714415	9.2672	0.074390553	0.64334045	9.215	0.067436874	-6.44810082	9.1013	0.060775902	-12.8528789
233_PUB_HTM	612136	932889YY8	MUNI	IG-2	WALNUT VLY CA UNIF SCH DIST		2	50618	1145000	1145000	0	983536.23	875491.5	85.8984	76.46214	-108044.72	7/31/2026	Muni	100	Single	RFRSwap	4.570027	3.444643	9.927776337	1.026238	0.07690268	 881 	-0.0159	-0.0368	-0.0858	-0.2662	8.2037	2.1301	0	11.3464	0	10.8559	13.79938	0	0	0	0	0	0	0	4.3065	0.047342543	32.46941434	7.6832	0.079581738	26.11727977	9.4225	0.08942654	17.44560151	10.0039	0.077934422	0.44183687	9.9116	0.069893621	-6.94529976	9.7618	0.062382977	-13.55696853
233_PUB_HTM	611987	932889YZ5	MUNI	IG-2	WALNUT VLY CA UNIF SCH DIST		2	50983	1555000	1555000	0	1300489.83	1153006.22	83.6328	74.14831	-147483.61	7/31/2026	Muni	100	Single	RFRSwap	4.676393	3.586279	10.62847328	1.19779	0.079871178	 1,242 	-0.0156	-0.0362	-0.0868	-0.3068	7.6121	3.457	0	12.3656	0	18.1117	20.80288	0	0	0	0	0	0	0	4.4992	0.04930684	34.4408204	8.4781	0.087048613	27.52666955	10.2397	0.095549323	18.16431535	10.7176	0.080860674	0.29829233	10.5891	0.071814194	-7.32912322	10.396	0.063480876	-14.08577683
233_PUB_HTM	611853	932889ZA9	MUNI	IG-2	WALNUT VLY CA UNIF SCH DIST		2	51349	1260000	1260000	0	1035122.85	904042.44	82.1526	71.7494	-131080.41	7/31/2026	Muni	100	Single	RFRSwap	4.793353	3.638239	11.30349255	1.404113	0.082232229	 1,036 	-0.0151	-0.0352	-0.0863	-0.3257	6.8173	4.9429	0	13.3609	0	26.7084	29.08622	0	0	0	0	0	0	0	4.7591	0.051956888	36.42462009	9.3241	0.094741203	28.85919102	11.0519	0.10119433	18.81302759	11.3946	0.083114594	0.19256806	11.2275	0.073131271	-7.6134674	10.9928	0.064074367	-14.46192344
233_PUB_HTM	612253	933254T53	MUNI	IG-2	WALTHAM MA	1	3.375	50891	5000000	5000000	0	5022102.9	4593497.5	100.4421	91.86995	-428605.4	7/31/2026	Muni	100	Single	RFRSwap	4.493931	3.316883	6.57780695	-0.1383369	0.060985282	 3,049 	-0.0067	0.0137	0.2334	2.0071	3.9278	0.4047	0	7.365	0	2.5193	16.19372	0	0	0	0	0	0	0	2.5606	0.02851294	18.6369767	2.7354	0.029683935	15.80581545	4.0942	0.042992264	12.29503964	6.5845	0.061820328	1.17427307	6.8934	0.060478758	-4.97877895	6.9559	0.056936	-10.86116965
233_PUB_HTM	612585	9353246W8	MUNI	IG-2	WARREN MI		3	48580	1010000	1010000	0	1011239.29	957533.43	100.1227	94.80529	-53705.86	7/31/2026	Muni	100	Single	RFRSwap	3.923251	2.978586	5.128896236	-0.0752907	0.04875287	 492 	-0.0142	-0.0204	0.451	3.5188	1.1895	0	0	5.3348	0	-45.5349	-30.95132	0	0	0	0	0	0	0	3.2121	0.036502577	18.58399382	3.3465	0.036824003	14.98164991	3.9181	0.041588895	11.09161534	5.0549	0.048971772	1.82530284	5.2942	0.048694726	-3.07695786	5.3922	0.047011178	-7.87216774
233_PUB_HTM	612710	9353247B3	MUNI	IG-2	WARREN MI		3	50406	1635000	1635000	0	1634432.09	1445459.03	99.9653	88.40728	-188973.06	7/31/2026	Muni	100	Single	RFRSwap	4.295047	3.003451	8.36607933	0.1559138	0.074171379	 1,213 	-0.0131	-0.0189	0.1353	0.446	6.7492	1.049	0	9.2848	0	-27.8718	-10.86147	0	0	0	0	0	0	0	3.2104	0.036284834	24.36553081	3.9464	0.043122455	20.61261652	6.0358	0.062747002	15.30070111	8.3945	0.075111672	0.81974653	8.6989	0.071436614	-6.53572379	8.7673	0.065963924	-13.4186656
233_PUB_HTM	612128	937425BK1	MUNI	IG-2	WASHINGTON CHRT TWP MI		3	49766	1125000	1125000	0	1127407.98	1008177.86	100.214	89.61581	-119230.12	7/31/2026	Muni	100	Single	RFRSwap	4.325361	2.97407	7.276505947	-0.007383194	0.065936647	 742 	-0.0116	0.0044	0.1501	0.8874	6.236	0	0	7.9347	0	-15.0189	-1.391341	0	0	0	0	0	0	0	2.5336	0.02807194	20.18390167	2.9131	0.031451192	17.35035608	4.8396	0.050304215	13.32751484	7.2745	0.066628851	0.97623481	7.5566	0.064245351	-5.59666007	7.6395	0.060190525	-11.82719852
233_PUB_HTM	612302	937425BL9	MUNI	IG-2	WASHINGTON CHRT TWP MI		3	50131	1160000	1160000	0	1160540.47	1025318.55	100.0466	88.38953	-135221.92	7/31/2026	Muni	100	Single	RFRSwap	4.373246	2.994591	7.913071632	0.05015455	0.070734575	 821 	-0.0118	-0.001	0.122	0.3965	6.932	0.4693	0	8.8208	0	-14.2959	-0.162411	0	0	0	0	0	0	0	2.5335	0.028064365	21.3846762	3.0086	0.032468069	18.5295315	5.2172	0.054070491	14.25005715	7.8853	0.071205072	0.91195205	8.183	0.068165772	-6.08803443	8.2418	0.063228831	-12.67207731
233_PUB_HTM	611731	938395RM4	MUNI	IG-2	WASHINGTON & CLACKAMAS CNTYS O		5	47284	500000	500000	0	511939.18	510084.3	102.3878	102.01686	-1854.88	7/31/2026	Muni	100	Single	RFRSwap	4.24485	4.108345	1.015535235	-0.2701946	0.010425053	 52 	0.7891	0.0971	0.1391	0	0	0	0	0.9537	0	-151.5922	-143.3757	0	0	0	0	0	0	0	0.6916	0.007384995	4.12398817	0.831	0.00881003	3.36470317	0.8671	0.00911321	2.44526152	0.8771	0.009060816	0.64899791	1.1072	0.011328304	-0.34256859	1.512	0.015270878	-1.66023943
233_PUB_HTM	612179	938395RN2	MUNI	IG-2	WASHINGTON & CLACKAMAS CNTYS O		5	47649	500000	500000	0	511765	509738	102.353	101.9476	-2027	7/31/2026	Muni	100	Single	RFRSwap	4.445464	4.331965	1.128206968	-0.4186204	0.011573879	 58 	0.7514	0.108	0.1983	0.1067	0	0	0	1.1012	0	-149.2215	-135.4248	0	0	0	0	0	0	0	0.6915	0.007380744	4.15462868	0.8308	0.008804989	3.39577956	0.8669	0.009108024	2.4768626	0.9217	0.009517813	0.67373834	1.3	0.013278536	-0.44055546	1.9204	0.019301273	-2.07982956
233_PUB_HTM	612575	938395RP7	MUNI	IG-2	WASHINGTON & CLACKAMAS CNTYS O		5	48014	750000	750000	0	767581.49	764088.15	102.3442	101.87842	-3493.34	7/31/2026	Muni	100	Single	RFRSwap	4.564403	4.458191	1.246927023	-0.5226537	0.01278316	 96 	0.7339	0.1118	0.1194	0.3139	0	0	0	1.1679	0	-148.0886	-127.4738	0	0	0	0	0	0	0	0.6913	0.007377012	4.18989218	0.8306	0.008800562	3.43142579	0.8667	0.00910347	2.51296948	0.9818	0.010133245	0.68920256	1.5777	0.016084123	-0.57151033	2.4301	0.024283137	-2.59241313
233_PUB_HTM	611682	938395RQ5	MUNI	IG-2	WASHINGTON & CLACKAMAS CNTYS O		5	48380	500000	500000	0	511808.16	509089.75	102.3616	101.81795	-2718.41	7/31/2026	Muni	100	Single	RFRSwap	4.641682	4.536335	1.370816231	-0.680007	0.01404495	 70 	0.7236	0.1064	0.0991	0.3813	0.0635	0	0	1.2329	0	-148.1956	-120.517	0	0	0	0	0	0	0	0.6913	0.007375505	4.23667233	0.8306	0.008798776	3.47836041	0.8667	0.009101633	2.56008999	1.0281	0.010607546	0.7219715	1.8145	0.018469771	-0.66641974	2.8669	0.028504737	-3.028845
233_PUB_HTM	612023	938650PW2	MUNI	IG-2	WASHINGTON CNTY TN		3	48731	2000000	2000000	0	2000000	1911452.4	100	95.57262	-88547.6	7/31/2026	Muni	100	Single	RFRSwap	3.739708	2.999596	4.729804039	-1.008239	0.045440465	 909 	0.0743	0.1665	0.3007	2.8135	1.4082	0	0	4.7325	0	-74.591	-50.40677	0	0	0	0	0	0	0	0.0317	0.000319096	4.68426976	0.0559	0.000563137	4.64810836	0.063	0.000634286	4.58457813	4.4281	0.043221198	1.53387	5.4332	0.050418235	-3.27681204	5.709	0.050088815	-8.33648147
233_PUB_HTM	611868	938650PX0	MUNI	IG-2	WASHINGTON CNTY TN		3	49096	2000000	2000000	0	2000000	1892318.8	100	94.61594	-107681.2	7/31/2026	Muni	100	Single	RFRSwap	3.800709	2.999642	5.448212624	-0.9803119	0.051821187	 1,036 	0.0535	0.1369	0.2605	2.4325	2.5795	0	0	5.5707	0	-70.6886	-47.52891	0	0	0	0	0	0	0	0.0317	0.000319025	5.63853281	0.0559	0.000563013	5.60237936	0.063	0.000634148	5.53886304	5.4727	0.052614018	1.02307247	6.3182	0.057196975	-4.58824638	6.5169	0.055315457	-10.23625125
233_PUB_HTM	612794	939307JC9	MUNI	IG-2	WASHINGTON MULTNOMAH & YAMHILL		5	48014	1185000	1185000	0	1214019.61	1207054.51	102.4489	101.86114	-6965.1	7/31/2026	Muni	100	Single	RFRSwap	4.568354	4.434394	1.253389478	-0.5225303	0.012847246	 152 	0.7329	0.1116	0.1205	0.3174	0	0	0	1.1682	0	-146.5548	-125.4865	0	0	0	0	0	0	0	0.6913	0.007375383	4.19236518	0.8306	0.00879863	3.43406585	0.8667	0.009101482	2.51581067	0.985	0.010164518	0.6911847	1.5895	0.016200898	-0.5749736	2.4427	0.024400076	-2.6090169
233_PUB_HTM	611525	939307JD7	MUNI	IG-2	WASHINGTON MULTNOMAH & YAMHILL		5	48380	1500000	1500000	0	1536341.72	1526880.75	102.4228	101.79205	-9460.97	7/31/2026	Muni	100	Single	RFRSwap	4.646718	4.524517	1.379305601	-0.6946719	0.014128357	 212 	0.7208	0.1068	0.099	0.3884	0.0642	0	0	1.2332	0	-145.9882	-117.5353	0	0	0	0	0	0	0	0.6912	0.007373215	4.24175424	0.8305	0.00879606	3.48367719	0.8666	0.009098837	2.56568951	1.0327	0.010653278	0.72615276	1.8312	0.018633623	-0.67651785	2.8853	0.028672712	-3.05608328
233_PUB_HTM	611770	939307JE5	MUNI	IG-2	WASHINGTON MULTNOMAH & YAMHILL		5	48745	1000000	1000000	0	1023966.19	1017316.6	102.3966	101.73166	-6649.59	7/31/2026	Muni	100	Single	RFRSwap	4.701254	4.588518	1.491023779	-0.8953887	0.015263692	 153 	0.7045	0.1149	0.1041	0.3955	0.1737	0	0	1.3559	0	-146.4579	-110.5783	0	0	0	0	0	0	0	0.6912	0.007372482	4.295479	0.8305	0.00879519	3.53747713	0.8666	0.009097943	2.61957992	1.1318	0.011670597	0.74551158	2.2049	0.022374552	-0.89597206	3.3745	0.033296954	-3.69822305
233_PUB_HTM	611621	93974DE95	MUNI	IG-2	WASHINGTON ST		5	47515	5000000	5000000	0	5069161.9	5055667.5	101.3832	101.11335	-13494.4	7/31/2026	Muni	100	Single	RFRSwap	4.651626	4.56788	0.726353228	-0.5034782	0.007525989	 376 	0.4891	0.0517	0.1473	0.0302	0	0	0	0.5844	0	-139.064	-124.866	0	0	0	0	0	0	0	0.5043	0.005349451	2.46248673	0.5017	0.005294616	1.93029129	0.499	0.005240621	1.40353722	0.4976	0.005174306	0.36602269	0.8196	0.008470521	-0.25768699	1.5829	0.016170077	-1.45907302
233_PUB_HTM	611961	93974DF29	MUNI	IG-2	WASHINGTON ST		5	47880	5000000	5000000	0	5067907.9	5054681	101.3582	101.09362	-13226.9	7/31/2026	Muni	100	Single	RFRSwap	4.727357	4.661921	0.836664379	-0.6465272	0.008667309	 433 	0.4927	0.0769	0.1398	0.2016	0	0	0	0.7917	0	-144.366	-120.9091	0	0	0	0	0	0	0	0.5043	0.005349185	2.479639	0.5016	0.005294354	1.94746999	0.499	0.005240363	1.42074192	0.5259	0.005468595	0.38327821	1.0605	0.010948098	-0.35741559	2.0334	0.020668756	-1.94602628
233_PUB_HTM	612576	93974DF37	MUNI	IG-2	WASHINGTON ST		5	48245	8000000	8000000	0	8107455.04	8084728	101.3432	101.0591	-22727.04	7/31/2026	Muni	100	Single	RFRSwap	4.778745	4.719859	0.955426872	-0.7684559	0.009894314	 792 	0.4814	0.0803	0.08	0.3291	0.0303	0	0	0.8788	0	-147.9903	-113.9824	0	0	0	0	0	0	0	0.5042	0.005347529	2.49812961	0.5016	0.005292724	1.96612489	0.4989	0.005238757	1.43955858	0.5554	0.005774203	0.39725895	1.2642	0.013031311	-0.47799013	2.5533	0.025817852	-2.44409736
233_PUB_HTM	611969	93974DF45	MUNI	IG-2	WASHINGTON ST		5	48611	5000000	5000000	0	5066661.59	5050984	101.3332	101.01968	-15677.59	7/31/2026	Muni	100	Single	RFRSwap	4.815431	4.759123	1.079522014	-0.8761823	0.011175177	 559 	0.473	0.0806	0.0815	0.3313	0.1094	0	0	0.9206	0	-149.5131	-106.0667	0	0	0	0	0	0	0	0.5042	0.005346324	2.52588589	0.5015	0.005291538	1.9940007	0.4989	0.00523759	1.46755207	0.5955	0.006189185	0.41507132	1.611	0.016580341	-0.60310838	3.0889	0.031040119	-3.03027978
233_PUB_HTM	611930	93974DF52	MUNI	IG-2	WASHINGTON ST		5	48976	5000000	5000000	0	5066163.38	5049261	101.3233	100.98522	-16902.38	7/31/2026	Muni	100	Single	RFRSwap	4.841779	4.787907	1.183153272	-1.020854	0.012243887	 612 	0.4687	0.0771	0.0806	0.3117	0.2066	0	0	0.9872	0	-150.1868	-99.14198	0	0	0	0	0	0	0	0.5041	0.005346075	2.55793494	0.5015	0.005291293	2.02607446	0.4989	0.005237348	1.49965015	0.6574	0.006830988	0.42713094	2.0764	0.021304691	-0.88039744	3.7769	0.037617736	-3.88651549
233_PUB_HTM	612468	93974DYG7	MUNI	IG-2	WASHINGTON ST		5	48061	5000000	5000000	0	5000000	5000000	100	100	0	7/31/2026	Muni	100	Single	RFRSwap	0	0	0	0	0	 -   	0	0	0	0	0	0	0	0	0	100	100	0	0	0	0	0	0	0	0	0	0	0	0	0	0	0	0	0	0	0	0	0	0	0	0	0
233_PUB_HTM	612297	93974EJD9	MUNI	IG-2	WASHINGTON ST		5	50253	5000000	5000000	0	5470044.96	5273031.5	109.4009	105.46063	-197013.46	7/31/2026	Muni	100	Single	RFRSwap	4.369458	3.938653	5.05606699	-0.5610656	0.054585617	 2,729 	0.0095	0.0124	0.9759	1.6985	2.2113	0.1928	0	5.5027	0	-107.2193	-64.91619	0	0	0	0	0	0	0	3.7384	0.048196059	20.96022141	3.6951	0.04590014	16.25855437	3.8111	0.04561263	11.7232338	5.2648	0.057655744	1.55100775	6.025	0.062349495	-4.47660288	6.6267	0.064359918	-10.8381395
233_PUB_HTM	611472	93974EKH8	MUNI	IG-2	WASHINGTON ST		5	51288	3000000	3000000	0	3263322.68	3127384.5	108.7774	104.24615	-135938.18	7/31/2026	Muni	100	Single	RFRSwap	4.581566	4.158632	5.726107121	-0.7912149	0.060169641	 1,805 	0.0081	0.0136	0.9985	1.4507	2.2606	1.0127	0	6.3022	0	-102.6833	-37.38161	0	0	0	0	0	0	0	3.4694	0.043644071	20.71837907	3.5634	0.043297466	16.42647037	3.8147	0.044687036	12.0633653	6.0123	0.064000212	1.36949991	7.0424	0.070195876	-5.40303485	7.79	0.072060853	-12.57562335
233_PUB_HTM	611713	93974EMW3	MUNI	IG-2	WASHINGTON ST		4	52018	5740000	5740000	0	6058760.01	5554520.51	105.5533	96.76865	-504239.5	7/31/2026	Muni	100	Single	RFRSwap	4.282726	3.538547	8.541507721	-0.3941934	0.083224446	 4,777 	-0.0013	-0.0025	0.0625	1.5199	3.5281	3.427	0	9.8451	0	-82.7313	-24.62065	0	0	0	0	0	0	0	4.4103	0.055519585	28.45165986	4.7021	0.056616627	22.97153247	5.9576	0.068069205	16.82106542	8.8545	0.086984076	0.80237618	9.5702	0.085692726	-7.89371373	9.8656	0.080121689	-16.22238124
233_PUB_HTM	611246	940157Q52	MUNI	IG-2	WASHINGTON MD SUBURBAN SAN DIS		4	49475	1000000	1000000	0	1014311.83	1003712.3	101.4312	100.37123	-10599.53	7/31/2026	Muni	100	Single	RFRSwap	3.949492	3.807911	2.565841436	-1.829272	0.025884809	 259 	0.533	0.1919	0.1949	0.6006	1.055	0	0	2.3204	0	-163.6291	-51.60717	0	0	0	0	0	0	0	0.6947	0.00736283	5.09645965	0.8342	0.008778115	4.33955583	0.8704	0.00907861	3.42358874	2.3666	0.024078829	0.86068734	4.2024	0.041350715	-2.48521702	5.5073	0.051586777	-7.21244414
233_PUB_HTM	611939	940859EE7	MUNI	IG-2	WASHOE CNTY NV SCH DIST		3	49827	1380000	1380000	0	1383778.75	1234720.64	100.2738	89.47251	-149058.11	7/31/2026	Muni	100	Single	RFRSwap	4.32527	2.967402	7.420713902	0.04406108	0.066766024	 921 	-0.0096	-0.0067	0.1611	0.6771	6.5737	0	0	8.0837	0	-16.2186	-1.996305	0	0	0	0	0	0	0	2.6202	0.0290392	20.85701726	3.1301	0.033764224	17.89534419	5.0543	0.052355621	13.61472232	7.4079	0.067371644	0.97360747	7.72	0.065083198	-5.66817787	7.7756	0.060658816	-11.9612451
233_PUB_HTM	612799	940859FK2	MUNI	IG-2	WASHOE CNTY NV SCH DIST		3	50314	620000	620000	0	616410.26	546186.95	99.421	88.09467	-70223.31	7/31/2026	Muni	100	Single	RFRSwap	4.357423	3.06134	8.210661888	0.1035239	0.073152617	 454 	-0.0098	-0.0185	0.1237	0.4042	6.8451	0.8595	0	9.2643	0	-18.6404	-3.615644	0	0	0	0	0	0	0	3.0064	0.033856209	23.51942037	3.6502	0.039835963	20.03863745	5.8125	0.060520779	15.02691056	8.2317	0.074035354	0.84420707	8.492	0.070226952	-6.3969502	8.5567	0.064967453	-13.16878482
233_PUB_HTM	611781	9412475N4	MUNI	IG-2	WATERBURY CT		4	50437	1000000	1000000	0	1043629.34	1005797.7	104.3629	100.57977	-37831.64	7/31/2026	Muni	100	Single	RFRSwap	3.936828	3.534995	5.823596954	-0.8585437	0.059738323	 597 	-0.0058	-0.0029	0.984	1.0832	3.296	0.4762	0	6.1042	0	-123.9238	-46.45853	0	0	0	0	0	0	0	3.3597	0.041162428	19.93683159	3.3351	0.039518293	15.91080344	3.7074	0.042439383	11.89321351	6.0619	0.062966362	1.29277833	6.995	0.068045653	-5.30262658	7.5336	0.068138011	-12.13458977
233_PUB_HTM	611420	942044VA3	MUNI	IG-2	WATERTOWN MA		2	50437	2605000	2605000	0	2211993.03	2039314.61	84.9134	78.28463	-172678.42	7/31/2026	Muni	100	Single	RFRSwap	4.430403	3.615068	9.535358429	0.8991153	0.075600736	 1,969 	-0.0251	-0.0372	-0.0798	-0.2145	8.3861	1.5079	0	10.7382	0	-2.2707	1.564982	0	0	0	0	0	0	0	3.6147	0.039587945	30.23509381	6.6821	0.069641523	24.9362799	8.7715	0.084450528	16.9935912	9.5845	0.076521851	0.55471394	9.5488	0.069272965	-6.73807493	9.434	0.062239353	-13.31135996
233_PUB_HTM	612183	942833YH1	MUNI	IG-2	WAUKEE IA CMNTY SCH DIST		3	48731	4985000	4985000	0	4997943.05	4682982.78	100.2596	93.94148	-314960.27	7/31/2026	Muni	100	Single	RFRSwap	4.022305	2.957365	5.148618221	-0.5198224	0.048624314	 2,424 	0.0268	0.1071	0.2471	3.1561	1.6211	0	0	5.2762	0	-38.5461	-22.14206	0	0	0	0	0	0	0	0.674	0.00700476	9.48963886	0.7978	0.008234657	8.77139953	1.3496	0.013799732	7.80919053	4.6475	0.044605009	1.53429892	5.2736	0.048139192	-3.15888272	5.5229	0.047754288	-7.97508751
233_PUB_HTM	612097	943080MN8	MUNI	IG-2	WAUKESHA WI	1	4	48122	775000	775000	0	775000	775446.71	100	100.05764	446.71	7/31/2026	Muni	100	Single	RFRSwap	3.985316	3.998957	0.530893922	-1.445472	0.005382785	 42 	0.1862	0.0614	0.1226	0.2283	0.0045	0	0	0.4872	0	-143.7177	-58.64222	0	0	0	0	0	0	0	0.0447	0.000455294	0.45249885	0.079	0.000803956	0.40089663	0.089	0.000905389	0.31020014	0.1177	0.001195276	0.12974922	1.5543	0.015680576	-0.50625249	2.9927	0.029480472	-2.88421862
233_PUB_HTM	611575	943080MP3	MUNI	IG-2	WAUKESHA WI	1	4	49218	1285000	1285000	0	1285000	1285264.97	100	100.02062	264.97	7/31/2026	Muni	100	Single	RFRSwap	3.995957	3.999288	0.798294485	-2.146767	0.00809103	 104 	0.1927	0.0676	0.0761	0.3133	0.1921	0	0	0.7418	0	-158.8843	-26.06705	0	0	0	0	0	0	0	0.0447	0.000455704	0.5029521	0.079	0.000804676	0.45130356	0.0891	0.000906195	0.36052606	0.1829	0.001857332	0.17806734	2.7356	0.027421666	-1.11240736	4.5185	0.043616157	-4.82582155
233_PUB_HTM	611946	944216S84	MUNI	IG-2	WAYLAND MA		2	48884	1230000	1230000	0	1132864.34	1080323.02	92.1028	87.83114	-52541.32	7/31/2026	Muni	100	Single	RFRSwap	3.945989	3.230212	6.313341141	0.2603321	0.05576646	 686 	-0.023	-0.0394	0.0157	3.5424	2.8092	0	0	6.6708	0	-36.1553	-31.45695	0	0	0	0	0	0	0	3.1012	0.033983078	21.24759787	3.9975	0.042358242	17.63157915	5.386	0.05441783	12.70477158	6.3079	0.056540586	1.30411235	6.3767	0.053641181	-4.21110643	6.3625	0.050217338	-9.40426387
233_PUB_HTM	612864	944216S92	MUNI	IG-2	WAYLAND MA		2	49249	1185000	1185000	0	1067508.33	1015634.59	90.0851	85.70756	-51873.74	7/31/2026	Muni	100	Single	RFRSwap	4.055333	3.387332	7.105928898	0.3966643	0.061258476	 726 	-0.0229	-0.0391	-0.0236	2.5485	4.6429	0	0	7.6129	0	-28.5269	-23.87964	0	0	0	0	0	0	0	3.1256	0.034164604	23.09728461	4.638	0.048874728	19.17049372	6.2589	0.062385213	13.46606219	7.1723	0.062308364	0.66665875	7.2069	0.058265351	-5.36074947	7.1749	0.053978901	-10.97478803
233_PUB_HTM	612244	944216T26	MUNI	IG-2	WAYLAND MA		2	49614	1135000	1135000	0	1000503.12	948512.01	88.1501	83.56934	-51991.11	7/31/2026	Muni	100	Single	RFRSwap	4.157518	3.511186	7.878816128	0.5185088	0.06623669	 752 	-0.0226	-0.0386	-0.0467	1.1851	6.8008	0	0	8.4971	0	-21.8143	-17.1522	0	0	0	0	0	0	0	3.1325	0.03416416	24.99494351	5.0135	0.0526357	20.91761151	6.9463	0.068605185	14.69534384	7.9039	0.067059413	0.77441712	7.9512	0.062307917	-5.70657601	7.9049	0.057221465	-11.68223638
233_PUB_HTM	611655	944216T75	MUNI	IG-2	WAYLAND MA	1	2	51441	775000	775000	0	636502.88	549045.26	82.1294	70.84455	-87457.62	7/31/2026	Muni	100	Single	RFRSwap	5.270146	3.847518	10.17987061	1.225527	0.072627828	 563 	-0.0196	-0.0342	-0.0876	-0.388	8.0719	2.6345	0	12.1122	0	82.3178	82.78445	0	0	0	0	0	0	0	4.3129	0.045416418	33.96023403	9.5568	0.093435504	26.42397491	10.4224	0.092043303	16.96870971	10.2707	0.073668495	0.3819606	10.0721	0.065256298	-6.55517949	9.8617	0.057832215	-12.70120569
233_PUB_HTM	612925	947440G56	MUNI	IG-2	WEBB CNTY TX		3	50086	500000	500000	0	503140.14	437315.25	100.628	87.46305	-65824.89	7/31/2026	Muni	100	Single	RFRSwap	4.507384	2.930218	7.930963039	0.184771	0.070463739	 352 	-0.0133	-0.0013	0.0793	0.3253	7.1485	0.3799	0	8.906	0	2.4782	13.64325	0	0	0	0	0	0	0	2.4687	0.027232964	21.46529471	2.9742	0.031980708	18.68170539	5.3712	0.055428155	14.34784531	7.8919	0.070826449	0.89937955	8.1283	0.067310005	-6.03726329	8.1594	0.062273078	-12.52593304
233_PUB_HTM	611805	947440G64	MUNI	IG-2	WEBB CNTY TX		3	50451	300000	300000	0	301650.55	255527.73	100.5502	85.17591	-46122.82	7/31/2026	Muni	100	Single	RFRSwap	4.676854	2.943336	8.654876709	0.3974732	0.074915953	 225 	-0.0125	-0.0094	0.0331	0.2245	7.1707	1.2542	0	10.091	0	17.7074	26.969	0	0	0	0	0	0	0	2.4667	0.027103066	23.31785197	3.3015	0.035332579	20.45946154	6.2241	0.063513361	15.48494726	8.6493	0.075487368	0.7162241	8.7978	0.070349872	-6.59630622	8.7626	0.064163618	-13.33447435
233_PUB_HTM	612474	947440G72	MUNI	IG-2	WEBB CNTY TX		3	50816	900000	900000	0	904474.73	745292.61	100.4972	82.81029	-159182.12	7/31/2026	Muni	100	Single	RFRSwap	4.845163	2.952192	9.358012199	0.635792	0.078788497	 709 	-0.012	-0.0125	0.0036	0.1126	6.9561	2.2987	0	11.1732	0	32.7232	40.23744	0	0	0	0	0	0	0	2.4651	0.02698091	25.2576418	3.7427	0.03984794	22.27347521	7.1056	0.071581043	16.54554195	9.3656	0.079356007	0.5380691	9.4409	0.072796166	-7.08675295	9.3419	0.06556911	-14.00560847
233_PUB_HTM	612829	947440G80	MUNI	IG-2	WEBB CNTY TX		3	51181	300000	300000	0	301334.8	247334.67	100.4449	82.44489	-54000.13	7/31/2026	Muni	100	Single	RFRSwap	4.775437	2.959806	9.830216408	0.6576986	0.082404956	 247 	-0.012	-0.0115	0.0083	0.1336	6.3654	3.3509	0	11.876	0	20.2889	29.89873	0	0	0	0	0	0	0	2.4671	0.027089907	25.97462505	3.7702	0.0402661	22.97267307	7.3109	0.073806912	17.12692119	9.8402	0.082935348	0.45411954	9.9447	0.075894259	-7.51196169	9.8494	0.068075784	-14.71171366
233_PUB_HTM	612217	94766PJC6	MUNI	IG-2	WEBER UT SCH DIST		4	48380	1915000	1915000	0	1974951.37	1938332.74	103.1306	101.21842	-36618.63	7/31/2026	Muni	100	Single	RFRSwap	3.766105	3.406658	2.889303207	-0.7364796	0.029392747	 563 	0.0872	0.963	0.3628	1.2757	0.225	0	0	2.7906	0	-131.5048	-84.74166	0	0	0	0	0	0	0	1.677	0.018712003	9.85268795	1.8046	0.019797964	7.97933647	1.8381	0.019797495	5.97946842	2.7242	0.028113814	1.46992633	3.5052	0.03505988	-1.70800095	4.0831	0.039310742	-5.45264073
233_PUB_HTM	612624	950732ZL4	MUNI	IG-2	WENTZVILLE MO SCH DIST #R-4		4	47908	5000000	5000000	0	5048329.34	5024637.5	100.9666	100.49275	-23691.84	7/31/2026	Muni	100	Single	RFRSwap	3.880966	3.767774	1.337589025	-0.9404827	0.013664732	 683 	0.4817	0.132	0.2523	0.4506	0	0	0	1.1591	0	-152.5754	-83.88217	0	0	0	0	0	0	0	0.543	0.005718679	3.1598206	0.5727	0.005999107	2.58523848	0.5791	0.006030614	1.97854902	0.9587	0.00985871	0.67166514	2.0102	0.020372694	-0.8152835	2.9014	0.028683273	-3.29996026
233_PUB_HTM	612082	952347T44	MUNI	IG-2	W CONTRA COSTA CA UNIF SCH DIS		4	49157	2000000	2000000	0	2054421.68	2021811	102.7211	101.09055	-32610.68	7/31/2026	Muni	100	Single	RFRSwap	3.840376	3.605418	3.485889912	-1.052662	0.035936233	 719 	0.0019	0.9744	0.3714	1.1116	1.0399	0	0	3.3113	0	-139.9065	-74.02295	0	0	0	0	0	0	0	1.9661	0.022458525	11.13856673	1.9448	0.021785529	8.9266266	1.9629	0.021564843	6.77335297	3.5939	0.037494179	1.23782057	4.6765	0.046800848	-3.01439079	5.3835	0.051220119	-7.94849208
233_PUB_HTM	611623	952377VM8	MUNI	IG-2	WEST COVINA CA UNIF SCH DIST	1	3	50618	2015000	2015000	0	1968830.34	1810847.45	97.7087	89.86836	-157982.88	7/31/2026	Muni	100	Single	RFRSwap	4.151879	3.248243	7.976998329	0.0570455	0.072884522	 1,469 	-0.0072	-0.0193	0.1123	0.5977	6.5523	0.7503	0	8.8728	0	-42.3884	-24.0256	0	0	0	0	0	0	0	3.855	0.045115858	25.66349009	4.4053	0.049538832	21.08477183	6.0586	0.064671203	15.37428054	8.0832	0.074581176	0.89904954	8.3531	0.070968226	-6.4085021	8.4021	0.065639578	-13.24507646
233_PUB_HTM	612801	952433GQ7	MUNI	IG-2	WEST DE PERE WI SCH DIST		3	48670	1000000	1000000	0	1003896.09	948107.5	100.3896	94.81075	-55788.59	7/31/2026	Muni	100	Single	RFRSwap	3.890647	2.934826	4.891689301	-0.5206706	0.046867643	 469 	0.0194	0.177	0.2936	3.0685	1.3397	0	0	4.9686	0	-55.1889	-34.75056	0	0	0	0	0	0	0	1.5785	0.017055042	12.23388866	1.6318	0.017354542	10.53850113	2.1462	0.022421354	8.65845753	4.6032	0.044861764	1.64702122	5.1621	0.047891799	-3.03471155	5.4008	0.047518093	-7.82654473
233_PUB_HTM	612121	952433GR5	MUNI	IG-2	WEST DE PERE WI SCH DIST		3	49035	1000000	1000000	0	1003117	928533.1	100.3117	92.85331	-74583.9	7/31/2026	Muni	100	Single	RFRSwap	4.095068	2.953909	5.762223721	-0.3648305	0.054080378	 541 	0.0019	0.0945	0.2119	2.7696	2.6868	0	0	6.0225	0	-33.7347	-17.50599	0	0	0	0	0	0	0	1.5766	0.016969988	13.78495911	1.6597	0.017584199	12.09594993	2.7717	0.028768603	9.93960725	5.6356	0.053520095	1.11517283	6.0816	0.054449283	-4.32186869	6.2484	0.052588809	-9.68901368
233_PUB_HTM	611566	952718XM1	MUNI	IG-2	W FARGO ND		3.5	48335	1000000	1000000	0	1000000	969261.3	100	96.92613	-30738.7	7/31/2026	Muni	100	Single	RFRSwap	4.104719	3.499266	3.794028282	-1.086237	0.037106026	 371 	0.1246	0.2212	0.3638	2.7061	0.4167	0	0	3.7507	0	-37.5732	-10.48993	0	0	0	0	0	0	0	0.0316	0.000319712	3.33861339	0.0558	0.000564229	3.30238199	0.0629	0.000635524	3.23872814	3.2489	0.032269109	1.52191992	4.4188	0.042178012	-2.35089015	4.7409	0.043209609	-6.65928314
233_PUB_HTM	612029	952734RD5	MUNI	IG-2	W FARGO ND PUBLIC SCH DIST #6		4	49157	1000000	1000000	0	1030559.18	1006853	103.0559	100.6853	-23706.18	7/31/2026	Muni	100	Single	RFRSwap	3.899457	3.557712	3.613259077	-1.091348	0.037102859	 371 	0.0008	0.9137	0.3936	1.2047	1.1593	0	0	3.5456	0	-126.6803	-52.97535	0	0	0	0	0	0	0	1.9646	0.022384547	11.25330973	1.9434	0.021714225	9.04863638	1.9752	0.021645371	6.90014451	3.738	0.038847439	1.23943673	4.8084	0.04786738	-3.13489084	5.4582	0.051602289	-8.14525281
233_PUB_HTM	611572	955686TB6	MUNI	IG-2	WEST SAINT PAUL MN INDEP SCH D		4	48976	2000000	2000000	0	2017107.16	2006105.8	100.8554	100.30529	-11001.36	7/31/2026	Muni	100	Single	RFRSwap	3.952566	3.867515	1.743477821	-1.825318	0.017836701	 357 	0.4342	0.1272	0.1369	0.6007	0.4167	0	0	1.3658	0	-165.8238	-61.23193	0	0	0	0	0	0	0	0.5076	0.005343514	2.96025598	0.505	0.005288637	2.42865642	0.5023	0.005234601	1.90250234	1.3271	0.013657685	0.60875321	3.2551	0.032754879	-1.68043954	4.6286	0.044729181	-5.66907749
233_PUB_HTM	612030	956553A76	MUNI	IG-2	WEST VIRGINIA ST		5	48366	3000000	3000000	0	3153267.1	3101150.4	105.1089	103.37168	-52116.7	7/31/2026	Muni	100	Single	RFRSwap	4.338398	4.008044	2.319436073	-0.5379462	0.024169685	 725 	0.1894	1.1541	0.229	0.658	0.106	0	0	2.3078	0	-129.0567	-107.7934	0	0	0	0	0	0	0	1.6442	0.018639207	9.15567325	1.7566	0.019585775	7.29179712	1.7775	0.019467903	5.31752526	2.1444	0.022628024	1.31801198	2.7709	0.028537596	-1.21587653	3.4312	0.034254737	-4.37204328
233_PUB_HTM	611519	956553A92	MUNI	IG-2	WEST VIRGINIA ST		5	48731	3000000	3000000	0	3150778.92	3097873.8	105.026	103.26246	-52905.12	7/31/2026	Muni	100	Single	RFRSwap	4.440196	4.146848	2.485317469	-0.6389728	0.025871111	 776 	0.1801	1.1316	0.2434	0.6778	0.29	0	0	2.4327	0	-129.498	-101.7518	0	0	0	0	0	0	0	1.6442	0.01863862	9.26218038	1.7566	0.019585168	7.39836245	1.7779	0.019471679	5.42413296	2.303	0.024277462	1.31881958	3.1426	0.032243151	-1.4956279	3.8976	0.038601734	-5.0556316
233_PUB_HTM	612496	956553B34	MUNI	IG-2	WEST VIRGINIA ST		5	49096	4000000	4000000	0	4198988.57	4125482.8	104.9747	103.13707	-73505.76	7/31/2026	Muni	100	Single	RFRSwap	4.519057	4.245938	2.66216588	-0.8017327	0.027678646	 1,107 	0.181	1.0891	0.2446	0.6489	0.5138	0	0	2.5538	0	-129.317	-94.80505	0	0	0	0	0	0	0	1.6442	0.018636057	9.37566868	1.7566	0.019582495	7.51210621	1.779	0.019481113	5.53800134	2.5779	0.027124058	1.24615542	3.5698	0.036415376	-1.96219946	4.514	0.044208776	-6.03343586
233_PUB_HTM	611229	957178SQ0	MUNI	IG-2	WESTBROOK ME		5	47041	875000	875000	0	875000	876490.65	100	100.17036	1490.65	7/31/2026	Muni	100	Single	RFRSwap	4.913996	4.99638	0.088190623	-0.08583634	0.000896392	 8 	0.0882	0	0	0	0	0	0	0.0861	0	-90.263	-90.26297	0	0	0	0	0	0	0	0.0446	0.00045486	0.37890224	0.0788	0.000803202	0.3273488	0.0888	0.000904554	0.23673668	0.0883	0.000898333	0.05644927	0.1558	0.001582934	-0.03742971	0.9763	0.00986764	-0.56593139
233_PUB_HTM	611613	957178SR8	MUNI	IG-2	WESTBROOK ME		3	47406	280000	280000	0	280000	279532.2	100	99.83293	-467.8	7/31/2026	Muni	100	Single	RFRSwap	3.0542	2.999109	0.954571903	-1.598047	0.009614091	 27 	0.262	0.1522	0.5402	0.0528	0	0	0	0.8655	0	-186.4748	-111.8439	0	0	0	0	0	0	0	0.0448	0.000454044	0.62792582	0.0792	0.000801739	0.57646562	0.0892	0.00090288	0.48601982	0.1803	0.001821794	0.3045802	1.6374	0.016401073	-0.54951789	2.4553	0.024078149	-2.65197067
233_PUB_HTM	611213	957178SS6	MUNI	IG-2	WESTBROOK ME		3.125	47771	430000	430000	0	430000	429495.05	100	99.88257	-504.95	7/31/2026	Muni	100	Single	RFRSwap	3.154278	3.12425	0.952490151	-1.917123	0.009601358	 41 	0.2661	0.1327	0.3494	0.3537	0	0	0	0.9645	0	-195.7924	-102.2715	0	0	0	0	0	0	0	0.0448	0.00045451	0.59737748	0.0792	0.000802558	0.54586463	0.0893	0.0009038	0.45532656	0.188	0.001900061	0.2751951	1.9698	0.019713476	-0.72163788	3.0404	0.029648401	-3.28653391
233_PUB_HTM	612087	960811EG8	MUNI	IG-2	WESTMONT IL		4	48945	580000	580000	0	584062.87	581491.47	100.7005	100.25715	-2571.4	7/31/2026	Muni	100	Single	RFRSwap	3.959223	3.889945	1.585408211	-1.652227	0.015947698	 92 	0.3843	0.1032	0.1167	0.5269	0.3431	0	0	1.237	0	-175.3533	-58.96764	0	0	0	0	0	0	0	0.2872	0.002957183	2.38652648	0.3955	0.004060009	2.07226157	0.4264	0.004358566	1.63446276	1.1532	0.011664126	0.55423059	3.0148	0.029873811	-1.50127806	4.4928	0.042845652	-5.22569747
233_PUB_HTM	612357	960811EH6	MUNI	IG-2	WESTMONT IL		3	49310	605000	605000	0	605670.18	567626.19	100.1108	93.82251	-38044	7/31/2026	Muni	100	Single	RFRSwap	3.866586	2.984807	5.854301453	-0.8466368	0.055072881	 333 	0.0386	0.1214	0.2473	2.0843	3.3894	0	0	5.9933	0	-67.7562	-43.03381	0	0	0	0	0	0	0	0.2861	0.002921974	8.07145503	0.394	0.004011796	7.7609268	0.8037	0.00814551	7.27687022	5.3561	0.050882056	0.92646685	6.192	0.055487968	-4.46041579	6.5411	0.054982714	-10.01505568
233_PUB_HTM	611715	960811EJ2	MUNI	IG-2	WESTMONT IL		3	49675	620000	620000	0	620652.01	573189.32	100.1052	92.44989	-47462.69	7/31/2026	Muni	100	Single	RFRSwap	3.968479	2.986912	6.627632618	-0.7010365	0.06143808	 381 	0.0199	0.0873	0.2029	1.2076	5.1102	0	0	6.9154	0	-58.696	-36.26865	0	0	0	0	0	0	0	0.2859	0.002919119	9.39873548	0.3937	0.004007894	9.08850994	1.0261	0.010391287	8.56767863	6.0819	0.05699154	1.00720071	6.8868	0.060443167	-4.93369765	7.186	0.058764279	-10.92416609
233_PUB_HTM	612221	960811FA0	MUNI	IG-2	WESTMONT IL		3	48580	410000	410000	0	410684.28	388594.23	100.1669	94.77908	-22090.05	7/31/2026	Muni	100	Single	RFRSwap	3.928056	2.970975	4.776863575	-0.6472366	0.045394097	 186 	0.0436	0.1388	0.2792	3.2095	1.1247	0	0	4.8453	0	-48.6189	-30.47074	0	0	0	0	0	0	0	0.2857	0.00291522	7.00757288	0.3935	0.004002564	6.6977608	0.5675	0.005747687	6.25234717	4.0887	0.039503578	1.58777784	4.8412	0.044702943	-2.69024818	5.1445	0.045178849	-7.2086083
233_PUB_HTM	611937	960811FB8	MUNI	IG-2	WESTMONT IL		3	48945	425000	425000	0	425761.36	396424.66	100.1791	93.27639	-29336.7	7/31/2026	Muni	100	Single	RFRSwap	4.058602	2.972682	5.587198734	-0.5099168	0.052255053	 222 	0.0179	0.0922	0.221	2.9224	2.3467	0	0	5.7647	0	-36.5191	-20.5368	0	0	0	0	0	0	0	0.2855	0.002911457	8.45042231	0.3932	0.003997421	8.14100918	0.9172	0.00927846	7.63895868	5.1048	0.048370741	1.22875643	5.7306	0.05141205	-3.81208568	5.9693	0.050500628	-8.92612872
233_PUB_HTM	612707	960811FC6	MUNI	IG-2	WESTMONT IL		3	49310	435000	435000	0	435820.17	399033.72	100.1885	91.73189	-36786.45	7/31/2026	Muni	100	Single	RFRSwap	4.174835	2.974311	6.375605583	-0.365301	0.058644027	 255 	0.0038	0.0587	0.167	2.2368	3.9059	0	0	6.7847	0	-26.6109	-12.19646	0	0	0	0	0	0	0	0.2853	0.002908441	9.94692375	0.393	0.003993298	9.63783042	1.4042	0.014179629	8.99736967	5.9679	0.055427872	0.89401163	6.5379	0.057007656	-4.78606121	6.7032	0.054691151	-10.3917178
233_PUB_HTM	611683	960811FD4	MUNI	IG-2	WESTMONT IL		3	49675	450000	450000	0	450915.75	404712	100.2035	89.936	-46203.75	7/31/2026	Muni	100	Single	RFRSwap	4.311366	2.974874	7.165887356	-0.1168432	0.064626276	 291 	-0.0052	0.0283	0.1144	1.1736	5.8358	0	0	7.7715	0	-14.4122	-1.959156	0	0	0	0	0	0	0	0.2851	0.002904655	11.68252811	0.3927	0.003988124	11.37383619	1.9982	0.020130869	10.56052585	6.7641	0.061662745	0.97573502	7.2316	0.061437353	-5.22956804	7.3932	0.058373582	-11.23071283
233_PUB_HTM	612481	961862SM2	MUNI	IG-2	WETHERSFIELD CT		3	47908	550000	550000	0	550000	525250.6	100	95.50011	-24749.4	7/31/2026	Muni	100	Single	RFRSwap	4.086053	2.999635	3.718925238	-0.3343371	0.035980642	 198 	0.0277	0.1323	0.9821	2.5822	0	0	0	3.8739	0	-18.2016	-9.369637	0	0	0	0	0	0	0	0.1682	0.001717021	5.3114427	0.2009	0.002046557	5.13419386	0.2102	0.002137249	4.91996919	3.5711	0.035101581	1.54319733	3.963	0.037492096	-2.14473082	4.0279	0.036608413	-5.86195936
233_PUB_HTM	612232	961862SN0	MUNI	IG-2	WETHERSFIELD CT		3	48274	550000	550000	0	550000	519449.48	100	94.44536	-30550.52	7/31/2026	Muni	100	Single	RFRSwap	4.12352	2.999696	4.460278988	-0.3405263	0.0426828	 235 	0.0133	0.0964	0.2583	3.6516	0.4438	0	0	4.6788	0	-17.631	-8.180243	0	0	0	0	0	0	0	0.1682	0.001716951	6.36498491	0.2009	0.002046474	6.18774324	0.2102	0.002137163	5.9735272	4.3006	0.041893724	1.71814073	4.7329	0.044041801	-2.64109594	4.8107	0.042673521	-6.99026965
233_PUB_HTM	612475	961862SP5	MUNI	IG-2	WETHERSFIELD CT		3	48639	550000	550000	0	550000	514455.42	100	93.53735	-35544.57	7/31/2026	Muni	100	Single	RFRSwap	4.130861	2.999738	5.151135921	-0.3565055	0.048826251	 269 	0.0055	0.0725	0.2133	3.4309	1.436	0	0	5.461	0	-20.9059	-10.3827	0	0	0	0	0	0	0	0.1683	0.001717351	7.27992807	0.2009	0.002046949	7.10264521	0.2102	0.002137656	6.88837964	5.0369	0.04861404	1.72776226	5.4911	0.050247449	-3.28105484	5.5723	0.048237622	-8.22014163
233_PUB_HTM	611562	961862SQ3	MUNI	IG-2	WETHERSFIELD CT		3.25	49004	550000	550000	0	550000	519640.38	100	94.48007	-30359.61	7/31/2026	Muni	100	Single	RFRSwap	4.104068	3.249727	5.350156784	-0.8201801	0.051272821	 282 	0.0343	0.1276	0.2649	2.6366	2.3113	0	0	5.6531	0	-35.6209	-16.19679	0	0	0	0	0	0	0	0.1682	0.001720223	6.4206166	0.2009	0.002050668	6.2430323	0.2102	0.002141607	6.02837023	5.3532	0.051921982	1.1588487	6.0803	0.055643458	-4.32042464	6.2233	0.053543646	-9.79672662
233_PUB_HTM	612851	961862SR1	MUNI	IG-2	WETHERSFIELD CT		3.25	49369	550000	550000	0	550000	512592.58	100	93.19865	-37407.43	7/31/2026	Muni	100	Single	RFRSwap	4.201724	3.249755	6.106392384	-0.6349774	0.05773766	 318 	0.017	0.0884	0.2177	2.0102	3.7725	0	0	6.5514	0	-27.2836	-9.735692	0	0	0	0	0	0	0	0.1682	0.001719202	7.68435665	0.2008	0.002049458	7.50687745	0.2131	0.002170316	7.29234177	6.2577	0.059730411	0.89815665	6.837	0.061080843	-5.21465165	6.9252	0.057739511	-11.17641876
233_PUB_HTM	612417	961862SS9	MUNI	IG-2	WETHERSFIELD CT		3.25	49735	550000	550000	0	550000	503059.2	100	91.46531	-46940.79	7/31/2026	Muni	100	Single	RFRSwap	4.348174	3.249777	6.913817883	-0.4020337	0.064173698	 353 	0.0013	0.0513	0.162	1.0298	5.6784	0	0	7.6491	0	-13.0229	1.376047	0	0	0	0	0	0	0	0.168	0.001717459	9.38748002	0.2007	0.00204739	9.21018035	0.2623	0.002670323	8.99586053	7.0549	0.066165812	0.96725893	7.5232	0.065553091	-5.68439317	7.5768	0.061210297	-12.03249876
233_PUB_HTM	611592	961862TF6	MUNI	IG-2	WETHERSFIELD CT		4	47543	380000	380000	0	380000	380145.62	100	100.03832	145.62	7/31/2026	Muni	100	Single	RFRSwap	3.987587	3.999167	0.914550006	-1.289809	0.00930143	 35 	0.2926	0.1158	0.3828	0.1137	0	0	0	0.7059	0	-110.2442	-19.49183	0	0	0	0	0	0	0	0.1684	0.001732638	1.17817044	0.2012	0.002066337	0.99929063	0.2106	0.002158144	0.78296823	0.3181	0.003245698	0.33307387	1.5093	0.015272797	-0.51342439	2.5194	0.024960695	-2.63119004
233_PUB_HTM	612485	961862TG4	MUNI	IG-2	WETHERSFIELD CT		4	47908	440000	440000	0	440000	440087.21	100	100.01982	87.21	7/31/2026	Muni	100	Single	RFRSwap	3.994562	3.999336	1.045982003	-1.612793	0.010636223	 47 	0.2967	0.1173	0.2342	0.4238	0	0	0	0.9242	0	-120.2496	-18.70831	0	0	0	0	0	0	0	0.1685	0.001733878	1.21806624	0.2013	0.002067807	1.03905878	0.2107	0.002159672	0.82258284	0.3722	0.003798475	0.36004711	1.9798	0.019980643	-0.7615227	3.1475	0.030931624	-3.41280589
233_PUB_HTM	612109	961862TH2	MUNI	IG-2	WETHERSFIELD CT		4	48274	440000	440000	0	440000	440045.98	100	100.01045	45.98	7/31/2026	Muni	100	Single	RFRSwap	3.997338	3.999444	1.160818815	-1.911309	0.011802871	 52 	0.2979	0.1137	0.1325	0.5912	0.068	0	0	1.0893	0	-130.1141	-20.71514	0	0	0	0	0	0	0	0.1686	0.001735101	1.24854552	0.2014	0.002069258	1.06941206	0.2108	0.00216118	0.85278456	0.4212	0.004299337	0.38432105	2.368	0.0238578	-0.92723528	3.6897	0.036028109	-4.03280586
233_PUB_HTM	611929	961862TJ8	MUNI	IG-2	WETHERSFIELD CT		4	48639	440000	440000	0	440000	440007.13	100	100.00162	7.13	7/31/2026	Muni	100	Single	RFRSwap	3.999237	3.99952	1.266628146	-2.193452	0.012877591	 57 	0.2977	0.116	0.1279	0.5666	0.2105	0	0	1.1791	0	-139.0198	-23.39973	0	0	0	0	0	0	0	0.1687	0.001736207	1.27644589	0.2015	0.00207057	1.09719855	0.2109	0.002162543	0.88043407	0.5019	0.005122436	0.40173866	2.7971	0.028117761	-1.14432684	4.2655	0.041346136	-4.73767472
233_PUB_HTM	611942	962201FB0	MUNI	IG-2	WEYMOUTH MASS		2	50632	2230000	2230000	0	1872451.21	1705020.98	83.9664	76.45834	-167430.23	7/31/2026	Muni	100	Single	RFRSwap	4.563106	3.658452	9.951106071	1.014177	0.077002212	 1,717 	-0.0168	-0.0367	-0.0828	-0.2618	8.1689	2.1787	0	11.3635	0	9.7032	12.93849	0	0	0	0	0	0	0	3.1582	0.034113854	30.63543947	6.9239	0.071283087	25.5712201	9.2515	0.08762116	17.32936355	10.0182	0.077965282	0.44297678	9.9347	0.069971152	-6.94945439	9.7941	0.062498011	-13.56854192
233_PUB_HTM	611363	962201FC8	MUNI	IG-2	WEYMOUTH MASS		2	50997	2275000	2275000	0	1883458.77	1684974.43	82.7894	74.06481	-198484.34	7/31/2026	Muni	100	Single	RFRSwap	4.679629	3.672937	10.65431118	1.196301	0.079893515	 1,818 	-0.0164	-0.036	-0.0853	-0.3031	7.5831	3.5079	0	12.3888	0	18.1235	20.97626	0	0	0	0	0	0	0	3.2818	0.035354089	32.74046498	7.8195	0.0798214	27.09289172	10.1222	0.094198301	18.07380828	10.7246	0.080740452	0.29804668	10.617	0.071834922	-7.32697634	10.4296	0.06351871	-14.08443449
233_PUB_HTM	612911	962201FD6	MUNI	IG-2	WEYMOUTH MASS		2	51363	495000	495000	0	404121.87	357314.91	81.6408	72.18483	-46806.97	7/31/2026	Muni	100	Single	RFRSwap	4.734627	3.686948	11.31537724	1.366254	0.082723387	 409 	-0.0162	-0.0354	-0.0857	-0.318	6.7915	4.9801	0	13.3302	0	20.0297	23.07221	0	0	0	0	0	0	0	3.4051	0.036656186	34.54515062	8.4996	0.08628384	28.40789188	10.8448	0.099649996	18.78015037	11.3917	0.083506413	0.19723659	11.2395	0.073570713	-7.64981421	11.0199	0.064533554	-14.54614306
233_PUB_HTM	611171	964390BH0	MUNI	IG-2	WHITE PLAINS NY		2	49157	615000	615000	0	562712.91	510465.68	91.498	83.00255	-52247.23	7/31/2026	Muni	100	Single	RFRSwap	4.559557	3.21368	7.002095699	0.5055796	0.058819387	 362 	-0.0163	-0.0372	-0.0775	2.7708	4.3565	0	0	7.7372	0	26.0693	27.48717	0	0	0	0	0	0	0	1.9986	0.021093195	21.53862389	4.2338	0.043478955	18.69221129	6.4069	0.062242266	13.14620426	7.0377	0.059581771	0.65776206	7.0091	0.05530984	-5.09055977	6.935	0.051039036	-10.40631597
233_PUB_HTM	611984	964390BK3	MUNI	IG-2	WHITE PLAINS NY		2	49888	640000	640000	0	566532.36	502700.67	88.5207	78.54698	-63831.69	7/31/2026	Muni	100	Single	RFRSwap	4.715445	3.361166	8.529924393	0.7802256	0.067852966	 434 	-0.0156	-0.0368	-0.0859	-0.2721	8.9343	0	0	9.6407	0	34.3255	35.89468	0	0	0	0	0	0	0	2.0133	0.021212637	25.81692623	5.49	0.055981014	22.42258488	7.9796	0.075821474	15.47180689	8.5577	0.068700269	0.73232889	8.4913	0.062591583	-5.83448571	8.3847	0.056803387	-11.8007817
233_PUB_HTM	611794	964390BL1	MUNI	IG-2	WHITE PLAINS NY		2	50253	655000	655000	0	569890.7	499967.33	87.0062	76.33089	-69923.37	7/31/2026	Muni	100	Single	RFRSwap	4.793798	3.427901	9.264778137	0.926638	0.071645357	 469 	-0.0154	-0.0363	-0.0872	-0.3137	8.7109	1.0015	0	10.6069	0	38.4237	39.99764	0	0	0	0	0	0	0	2.0427	0.021504836	27.94540003	6.3193	0.064092211	24.09282745	8.7993	0.082454801	16.37479776	9.3088	0.072554976	0.61171372	9.2093	0.065430813	-6.28213684	9.0758	0.058846585	-12.49156134
233_PUB_HTM	612720	964390BM9	MUNI	IG-2	WHITE PLAINS NY		2	50618	270000	270000	0	230403.31	200062.95	85.3346	74.09739	-30340.36	7/31/2026	Muni	100	Single	RFRSwap	4.87692	3.507862	9.978058815	1.101493	0.07493262	 202 	-0.0151	-0.0357	-0.0875	-0.3359	8.2716	2.1779	0	11.6164	0	42.9744	44.52206	0	0	0	0	0	0	0	2.1011	0.022098798	30.0798904	7.2802	0.07333111	25.62978194	9.6515	0.088997893	17.11360301	10.0309	0.075752482	0.42154101	9.913	0.067754403	-6.74834391	9.7392	0.060338311	-13.14327425
233_PUB_HTM	611351	964390BN7	MUNI	IG-2	WHITE PLAINS NY		2	50983	680000	680000	0	571082.65	486494.98	83.9827	71.54338	-84587.67	7/31/2026	Muni	100	Single	RFRSwap	5.00394	3.548796	10.66357708	1.289703	0.077357195	 526 	-0.0146	-0.0348	-0.0866	-0.3519	7.6268	3.5198	0	12.6258	0	52.2033	53.60506	0	0	0	0	0	0	0	2.2634	0.023759605	32.43089757	8.4768	0.084461473	27.09517812	10.5272	0.095042497	17.73911638	10.7267	0.078110985	0.27598491	10.5622	0.069141544	-7.08184054	10.3561	0.061060097	-13.58308978
233_PUB_HTM	612123	964390BP2	MUNI	IG-2	WHITE PLAINS NY		2	51349	695000	695000	0	572635.63	475638.68	82.3936	68.43722	-96996.95	7/31/2026	Muni	100	Single	RFRSwap	5.202202	3.613502	11.31906414	1.492038	0.078596435	 546 	-0.0137	-0.0332	-0.0838	-0.3656	6.7918	5.0228	0	13.6743	0	69.0113	70.04787	0	0	0	0	0	0	0	2.6952	0.028189087	35.15184855	10.0012	0.097849131	28.40065952	11.4583	0.100415774	18.19848881	11.4015	0.079366595	0.17320265	11.1781	0.069502078	-7.2600606	10.9195	0.060792629	-13.76394241
233_PUB_HTM	612334	966204ML0	MUNI	IG-2	WHITEWATER WI		2.4	46266	230000	230000	0	230000	229746.7	100	99.88987	-253.3	7/31/2026	Muni	100	Single	RFRSwap	3.688735	2.376238	0.085115671	0.000288276	0.000858731	 2 	0.0851	0	0	0	0	0	0	0.0833	0	-17.9934	-17.99342	0	0	0	0	0	0	0	0.0431	0.000436028	0.36297736	0.076	0.000769405	0.3135674	0.0857	0.000866437	0.22677568	0.0853	0.000860564	0.05407676	0.085	0.000857653	-0.03183394	0.0848	0.00085476	-0.11745443
233_PUB_HTM	611606	966204MM8	MUNI	IG-2	WHITEWATER WI		2.5	46631	335000	335000	0	335000	330936.48	100	98.78701	-4063.52	7/31/2026	Muni	100	Single	RFRSwap	3.650662	2.498984	1.031178117	-0.01218302	0.010294114	 34 	0.9283	0.1036	0	0	0	0	0	1.0738	0	-48.03	-47.84005	0	0	0	0	0	0	0	0.1688	0.001718525	1.98323821	0.2015	0.002047711	1.80584591	0.2108	0.002138276	1.59151699	0.9516	0.00956767	0.70940437	1.034	0.010290823	-0.30810331	1.0269	0.010115274	-1.32930996
233_PUB_HTM	611491	966204MN6	MUNI	IG-2	WHITEWATER WI		2.6	46997	345000	345000	0	345000	337616.93	100	97.85998	-7383.07	7/31/2026	Muni	100	Single	RFRSwap	3.675618	2.599421	1.862342715	-0.1434833	0.018426636	 64 	0.099	1.612	0.14	0	0	0	0	1.9199	0	-53.0981	-49.92482	0	0	0	0	0	0	0	0.1688	0.001719575	2.94191054	0.2015	0.002049082	2.76440781	0.2108	0.002139735	2.54993251	1.6555	0.016569257	1.14377733	1.9148	0.018816374	-0.67543263	1.9387	0.018686276	-2.55782518
233_PUB_HTM	611388	967171RE1	MUNI	IG-2	WICHITA FALLS TX INDEP SCH DIS		3	51167	600000	600000	0	603435.19	505498.44	100.5725	84.24974	-97936.75	7/31/2026	Muni	100	Single	RFRSwap	4.576895	2.948287	9.646702766	0.5116601	0.082720228	 496 	-0.0128	-0.0174	0.0324	0.2408	6.2499	3.1743	0	11.4729	0	-2.9311	10.05094	0	0	0	0	0	0	0	3.3944	0.038595498	27.95263155	4.6443	0.050864875	23.77214388	7.4179	0.076452971	17.31603363	9.7042	0.083687067	0.48837609	9.8932	0.077334754	-7.58034251	9.8249	0.069586411	-14.92327722
233_PUB_HTM	612003	969872KE9	MUNI	IG-2	WILLIAMSON CNTY TN		4	47209	1000000	1000000	0	1012149.88	1007251.8	101.215	100.72518	-4898.08	7/31/2026	Muni	100	Single	RFRSwap	3.710245	3.517147	1.045306563	-0.4673486	0.010668244	 107 	0.5756	0.2468	0.2301	0	0	0	0	0.9492	0	-141.1405	-112.7464	0	0	0	0	0	0	0	0.5868	0.006184567	3.34218097	0.6488	0.006797651	2.71566861	0.664	0.006911216	2.01981168	0.7889	0.008099766	0.61292054	1.2708	0.012917832	-0.41114255	1.7912	0.017927676	-1.97306858
233_PUB_HTM	612550	969872KF6	MUNI	IG-2	WILLIAMSON CNTY TN		4	47574	2000000	2000000	0	2023560.84	2013128.8	101.178	100.65644	-10432.04	7/31/2026	Muni	100	Single	RFRSwap	3.80526	3.65263	1.215652347	-0.733965	0.012398411	 248 	0.5487	0.1463	0.3942	0.1497	0	0	0	1.113	0	-146.2761	-102.339	0	0	0	0	0	0	0	0.5869	0.006188782	3.45141683	0.649	0.006802259	2.82447856	0.6642	0.006915876	2.12815126	0.9037	0.009278393	0.67914532	1.6601	0.016832024	-0.60063518	2.3793	0.023636794	-2.64574249
233_PUB_HTM	612965	969872KG4	MUNI	IG-2	WILLIAMSON CNTY TN		4	47939	1000000	1000000	0	1011468.08	1005986.7	101.1468	100.59867	-5481.38	7/31/2026	Muni	100	Single	RFRSwap	3.857586	3.729009	1.39941287	-0.9525824	0.014264495	 143 	0.5311	0.1395	0.2404	0.4915	0	0	0	1.2364	0	-151.5982	-93.58292	0	0	0	0	0	0	0	0.5871	0.006192681	3.54663932	0.6492	0.006806521	2.91930705	0.6644	0.006920187	2.22254457	1.0636	0.01091857	0.72652928	2.0956	0.021181539	-0.85523422	2.9679	0.029241854	-3.40568239
233_PUB_HTM	612599	9698875E4	MUNI	IG-2	WILLIAMSON CNTY TX		4	47894	3050000	3050000	0	3077885.49	3062557.46	100.9143	100.41172	-15328.03	7/31/2026	Muni	100	Single	RFRSwap	3.89981	3.778578	1.302939296	-0.9636071	0.013323357	 406 	0.4581	0.1258	0.256	0.4267	0	0	0	1.1002	0	-148.8863	-76.25761	0	0	0	0	0	0	0	0.5238	0.00551162	2.96809564	0.5363	0.005613229	2.41713003	0.5378	0.005599332	1.85408013	0.9037	0.009298967	0.64334934	1.9809	0.020097278	-0.80063267	2.889	0.02859615	-3.27499278
233_PUB_HTM	611600	9698876N3	MUNI	IG-2	WILLIAMSON CNTY TX		3	49355	2000000	2000000	0	2026313.12	1835324	101.3157	91.7662	-190989.12	7/31/2026	Muni	100	Single	RFRSwap	4.155152	2.825402	6.397721291	-0.1745154	0.059594475	 1,192 	-0.0139	0.0364	0.2303	2.1305	4.011	0	0	6.8273	0	-30.3649	-14.50917	0	0	0	0	0	0	0	2.4737	0.02752238	18.11211494	2.6665	0.028936656	15.36976975	4.1306	0.043369025	11.84516698	6.4068	0.060261924	0.90946709	6.7461	0.059390239	-5.1125984	6.8506	0.056337874	-10.91130164
233_PUB_HTM	611850	9698876S2	MUNI	IG-2	WILLIAMSON CNTY TX		4	50816	4250000	4250000	0	4425203.64	4183392.3	104.1224	98.43276	-241811.34	7/31/2026	Muni	100	Single	RFRSwap	4.161539	3.588712	5.892315865	-1.292949	0.059086494	 2,511 	-0.004	0.2789	0.7187	0.7131	3.3016	0.9523	0	6.4226	0	-102.4281	-27.45	0	0	0	0	0	0	0	2.4529	0.028515588	15.9769695	2.4446	0.027734285	13.17242194	2.7893	0.030853443	10.33633642	6.1177	0.062023692	1.10705036	7.3462	0.069562323	-5.58591298	8.0352	0.070425078	-12.6316507
233_PUB_HTM	612071	970718EK4	MUNI	IG-2	WILLISTON ND PUBLIC SCH DIST #		3.35	49157	1000000	1000000	0	1000000	959735.9	100	95.97359	-40264.1	7/31/2026	Muni	100	Single	RFRSwap	3.941723	3.35	4.976815701	-1.386523	0.048597902	 486 	0.0968	0.1918	0.308	2.0759	2.3404	0	0	5.1204	0	-65.6112	-33.94076	0	0	0	0	0	0	0	0.1263	0.001291438	4.63920191	0.1259	0.001286467	4.51030692	0.1256	0.001281528	4.38190744	4.9677	0.049003214	0.9949087	6.09	0.056755148	-4.45489662	6.3861	0.055892255	-10.12632895
233_PUB_HTM	612977	971090WN1	MUNI	IG-2	WILLOUGHBY OH		2.5	47818	365000	365000	0	364934.34	344471.2	99.982	94.37567	-20463.14	7/31/2026	Muni	100	Single	RFRSwap	3.923355	2.503986	3.807540655	-0.08817305	0.036092568	 132 	-0.0057	0.0551	1.3748	2.3835	0	0	0	3.9558	0	-29.3354	-25.54362	0	0	0	0	0	0	0	0.0444	0.000447575	5.90371243	0.0785	0.000790352	5.85298421	0.0885	0.000890098	5.763821	3.7449	0.03609924	1.60360971	3.9236	0.036388025	-2.05196267	3.9298	0.035039827	-5.62854421
233_PUB_HTM	611778	971090WP6	MUNI	IG-2	WILLOUGHBY OH		2.5	48183	375000	375000	0	372872.63	347819.89	99.4327	92.75197	-25052.75	7/31/2026	Muni	100	Single	RFRSwap	4.023	2.614285	4.643442154	-0.02172115	0.043262318	 162 	-0.0131	0.0186	0.1331	4.2097	0.2875	0	0	4.903	0	-21.3264	-17.66968	0	0	0	0	0	0	0	0.0444	0.000447364	7.52044369	0.0785	0.000789981	7.46973934	0.1219	0.001225597	7.38061789	4.6081	0.043713212	1.69367941	4.7665	0.043133337	-2.67635881	4.7639	0.041101351	-6.89273017
233_PUB_HTM	612473	971090WQ4	MUNI	IG-2	WILLOUGHBY OH		2.625	48549	420000	420000	0	417216.73	387174.9	99.3373	92.1845	-30041.83	7/31/2026	Muni	100	Single	RFRSwap	4.035238	2.739346	5.32531023	-0.08382364	0.049324088	 207 	-0.0105	0.0237	0.1248	3.8654	1.325	0	0	5.6577	0	-25.0754	-19.45281	0	0	0	0	0	0	0	0.0444	0.000447603	8.10195814	0.0785	0.000790403	8.0512267	0.1002	0.001007924	7.96205772	5.2595	0.049673498	1.82309382	5.5172	0.049353518	-3.16764486	5.5359	0.046853758	-7.98503195
233_PUB_HTM	611619	973024M33	MUNI	IG-2	WINCHESTER MA		3	48136	395000	395000	0	395460.41	389926.15	100.1166	98.71548	-5534.26	7/31/2026	Muni	100	Single	RFRSwap	3.269742	2.975096	2.629198313	-1.739224	0.026186503	 103 	0.2616	0.2471	0.323	1.8062	0.0688	0	0	2.4933	0	-145.5753	-92.6609	0	0	0	0	0	0	0	0.1056	0.001077786	2.44045017	0.1873	0.001908993	2.31821186	0.2113	0.002148472	2.102857	1.7465	0.017556084	0.92372738	2.9737	0.029190863	-1.43591785	3.6093	0.034271523	-4.64534536
233_PUB_HTM	611792	973024M58	MUNI	IG-2	WINCHESTER MA	1	3	48867	1300000	1300000	0	1300895.03	1271111.4	100.0688	97.7778	-29783.63	7/31/2026	Muni	100	Single	RFRSwap	3.372409	2.98816	3.674738646	-1.84284	0.036255389	 471 	0.2034	0.2391	0.3263	2.0681	0.9125	0	0	3.5361	0	-135.264	-86.98713	0	0	0	0	0	0	0	0.1056	0.001077027	3.35721871	0.1872	0.001907654	3.23506629	0.2111	0.002146973	3.01986204	2.5901	0.025840443	1.1048948	4.0301	0.038861167	-2.23413822	4.6804	0.043189209	-6.38470142
233_PUB_HTM	611822	973279QW5	MUNI	IG-2	WINDHAM CT		4	48061	310000	310000	0	310000	310143.13	100	100.04617	143.13	7/31/2026	Muni	100	Single	RFRSwap	3.989723	4	0.843420327	-1.813797	0.008606781	 27 	0.2301	0.0727	0.0917	0.4358	0	0	0	0.6403	0	-131.8876	-20.86849	0	0	0	0	0	0	0	0.1263	0.001297899	0.73227205	0.126	0.001292875	0.60273363	0.1256	0.001287884	0.47369596	0.125	0.001277998	0.21710994	1.9516	0.019775284	-0.71678714	3.3398	0.032910608	-3.50623227
233_PUB_HTM	611652	973279QX3	MUNI	IG-2	WINDHAM CT		4	48427	305000	305000	0	305000	305126.91	100	100.04161	126.91	7/31/2026	Muni	100	Single	RFRSwap	3.992133	4	0.935388327	-2.128984	0.009544853	 29 	0.2301	0.0702	0.0843	0.4418	0.0767	0	0	0.6941	0	-140.9624	-22.57914	0	0	0	0	0	0	0	0.1263	0.001298644	0.7483944	0.126	0.001293613	0.61878185	0.1257	0.001288616	0.4896707	0.1285	0.00131462	0.23293971	2.286	0.023134341	-0.84359615	3.8398	0.037628803	-4.04596398
233_PUB_HTM	611646	973279QY1	MUNI	IG-2	WINDHAM CT		4	48792	305000	305000	0	305000	305108.34	100	100.03552	108.34	7/31/2026	Muni	100	Single	RFRSwap	3.994133	4	1.02586484	-2.435509	0.010467465	 32 	0.2314	0.0705	0.0828	0.4148	0.1959	0	0	0.7497	0	-148.5812	-25.35165	0	0	0	0	0	0	0	0.1264	0.00129927	0.76419681	0.1261	0.001294234	0.63452196	0.1257	0.00128923	0.50534907	0.2388	0.0024426	0.24849625	2.8916	0.029170956	-1.15368653	4.4806	0.043504156	-4.94080526
233_PUB_HTM	611978	9735686N3	MUNI	IG-2	WINDSOR CT		2.1	50571	780000	780000	0	670227.33	597130.95	85.9266	76.55525	-73096.38	7/31/2026	Muni	100	Single	RFRSwap	4.698781	3.564022	9.991775513	1.099685	0.076760396	 599 	-0.0173	-0.0347	-0.0876	-0.347	8.4237	2.0486	0	11.6513	0	26.6003	27.29834	0	0	0	0	0	0	0	0.0443	0.000445294	23.6410578	0.5851	0.005875702	23.59058771	9.487	0.089653	17.67705327	10.1122	0.078130692	0.44053986	9.9565	0.069582909	-6.93667786	9.7706	0.061870288	-13.50040108
233_PUB_HTM	612734	9735686P8	MUNI	IG-2	WINDSOR CT		2.15	50936	680000	680000	0	581412.14	508657.54	85.5018	74.80258	-72754.6	7/31/2026	Muni	100	Single	RFRSwap	4.795906	3.56402	10.64488602	1.271349	0.079918936	 543 	-0.0163	-0.033	-0.0837	-0.3394	7.7617	3.3533	0	12.6365	0	32.6823	33.42455	0	0	0	0	0	0	0	0.0443	0.000445182	25.39276908	1.1899	0.011948449	25.33468019	10.2748	0.096055143	18.40891214	10.7732	0.081201755	0.29666459	10.5859	0.071705543	-7.34073115	10.3684	0.063246325	-14.07798929
233_PUB_HTM	612366	975893DK1	MUNI	IG-2	WINTER PARK FL		3	47665	1375000	1375000	0	1380363.59	1366767.05	100.3901	99.40124	-13596.54	7/31/2026	Muni	100	Single	RFRSwap	3.163299	2.893525	2.196282387	-0.8128806	0.021886228	 301 	0.4023	0.2698	0.9417	0.5971	0	0	0	2.0293	0	-153.3879	-100.8245	0	0	0	0	0	0	0	0.7913	0.008324376	5.55245683	0.8927	0.009315882	4.70761689	0.9243	0.009557806	3.74999326	1.8885	0.019035172	1.14450485	2.5341	0.024978666	-1.08124508	2.9484	0.028268306	-3.77598974
233_PUB_HTM	612490	975893DL9	MUNI	IG-2	WINTER PARK FL		3	48030	1465000	1465000	0	1470177.69	1445876.04	100.3534	98.69461	-24301.65	7/31/2026	Muni	100	Single	RFRSwap	3.289347	2.921981	2.826084375	-1.040725	0.02796258	 410 	0.3021	0.2821	0.4357	1.8614	0	0	0	2.6456	0	-138.6737	-89.82671	0	0	0	0	0	0	0	0.7908	0.00830999	6.14215703	0.8921	0.009299869	5.29877335	0.9432	0.009742375	4.34097968	2.4644	0.024684338	1.21831271	3.2562	0.031690165	-1.62265285	3.7293	0.035041369	-4.98309295
233_PUB_HTM	611317	975893DM7	MUNI	IG-2	WINTER PARK FL		3	48396	1390000	1390000	0	1394623.28	1345819.13	100.3326	96.82152	-48804.16	7/31/2026	Muni	100	Single	RFRSwap	3.600918	2.938066	3.931404829	-0.9550574	0.038162742	 530 	0.1412	0.2278	0.3465	2.7125	0.5375	0	0	3.8285	0	-93.2865	-61.44847	0	0	0	0	0	0	0	0.7888	0.008250576	7.53152409	0.8899	0.009233723	6.69415527	1.0083	0.010365139	5.73080129	3.3884	0.033407614	1.5234948	4.233	0.040154163	-2.2122606	4.6447	0.042136028	-6.35334621
233_PUB_HTM	612705	976350LP1	MUNI	IG-2	WINTHROP MA		4	46706	640000	640000	0	643558.9	641973.25	100.5561	100.30832	-1585.65	7/31/2026	Muni	100	Single	RFRSwap	3.749094	3.551338	0.48688969	-0.342475	0.004925024	 32 	0.4283	0.0404	0	0	0	0	0	0.3919	0	-123.8203	-98.06798	0	0	0	0	0	0	0	0.1486	0.001522478	1.31515609	0.2619	0.002679127	1.1428768	0.295	0.003008647	0.84107237	0.3047	0.003089113	0.243066	0.5728	0.005784021	-0.16963724	0.9224	0.009245532	-0.92331801
233_PUB_HTM	611844	976350LQ9	MUNI	IG-2	WINTHROP MA		4	47072	925000	925000	0	930053.04	928499	100.5463	100.37827	-1554.04	7/31/2026	Muni	100	Single	RFRSwap	3.823699	3.746636	0.599457085	-0.5501012	0.006067867	 56 	0.3201	0.1922	0.046	0	0	0	0	0.447	0	-160.8027	-122.3307	0	0	0	0	0	0	0	0.1489	0.00152692	1.35444373	0.2624	0.00268691	1.18166293	0.2955	0.003017343	0.8789839	0.3358	0.003408284	0.27925785	0.8056	0.008134224	-0.24863486	1.3941	0.013923325	-1.34647268
233_PUB_HTM	611941	976350LR7	MUNI	IG-2	WINTHROP MA		4	47437	960000	960000	0	965091.7	963310.27	100.5304	100.34482	-1781.43	7/31/2026	Muni	100	Single	RFRSwap	3.885767	3.825329	0.778269053	-0.7939015	0.007875247	 76 	0.3625	0.1089	0.3267	0.0489	0	0	0	0.7321	0	-172.2376	-110.734	0	0	0	0	0	0	0	0.1489	0.001527812	1.40980523	0.2625	0.002688472	1.23692373	0.2956	0.00301909	0.93406908	0.4002	0.004062397	0.32249349	1.1142	0.011230331	-0.39236734	1.9438	0.019289702	-1.95055371
233_PUB_HTM	611404	976350LS5	MUNI	IG-2	WINTHROP MA		4	47802	500000	500000	0	502579.84	501594.1	100.516	100.31882	-985.74	7/31/2026	Muni	100	Single	RFRSwap	3.917312	3.867088	0.916902661	-0.9898787	0.009275687	 46 	0.3573	0.1079	0.2629	0.297	0	0	0	0.8484	0	-183.3688	-101.7129	0	0	0	0	0	0	0	0.149	0.001528917	1.46293311	0.2626	0.002690408	1.28992688	0.2958	0.003021253	0.9868547	0.4761	0.004833122	0.35564374	1.4075	0.014160279	-0.556826	2.5025	0.024673898	-2.56457295
233_PUB_HTM	611354	976350LT3	MUNI	IG-2	WINTHROP MA		4	48167	975000	975000	0	979943.15	977868.84	100.507	100.29424	-2074.31	7/31/2026	Muni	100	Single	RFRSwap	3.936826	3.892016	1.037901163	-1.18217	0.010497196	 102 	0.3503	0.105	0.1197	0.5382	0.028	0	0	0.9204	0	-191.1875	-93.17868	0	0	0	0	0	0	0	0.149	0.0015296	1.50429393	0.2627	0.002691606	1.33121052	0.2958	0.003022591	1.02800373	0.5379	0.005460343	0.38274426	1.7922	0.017997451	-0.71524734	3.0663	0.030038349	-3.17466457
233_PUB_HTM	612919	976626EC1	MUNI	IG-2	WISCONSIN DELLS WI SCH DIST		4	48639	350000	350000	0	353037.99	351140.3	100.868	100.3258	-1897.69	7/31/2026	Muni	100	Single	RFRSwap	3.942855	3.849024	1.785707951	-1.514857	0.018212875	 64 	0.4716	0.1463	0.1608	0.7441	0.2643	0	0	1.6189	0	-158.2096	-54.89864	0	0	0	0	0	0	0	0.5432	0.005722586	3.36489342	0.5729	0.006003183	2.78991981	0.5793	0.006034691	2.1828192	1.2748	0.013096718	0.74291833	2.8217	0.028405692	-1.32229503	4.0505	0.039373633	-4.78635129
233_PUB_HTM	611653	97705MPW9	MUNI	IG-2	WISCONSIN ST		5	47604	1000000	1000000	0	1100588.22	1074636.7	110.0588	107.46367	-25951.52	7/31/2026	Muni	100	Single	RFRSwap	2.88453	2.190379	3.368539572	0.1531889	0.036620628	 366 	0.0066	0.012	2.1041	1.2458	0	0	0	3.75	0	-128.4646	-128.4778	0	0	0	0	0	0	0	3.4311	0.043536834	18.17645591	3.4875	0.042761698	13.90142294	3.4754	0.041149862	9.68863604	3.3938	0.0375163	1.82905114	3.354	0.035846401	-1.8382153	3.3149	0.034266222	-5.34303252
233_PUB_HTM	611526	97705MUB9	MUNI	IG-2	WISCONSIN ST		4	50161	11390000	11390000	0	11839926.36	11412349.46	103.9502	100.19622	-427576.9	7/31/2026	Muni	100	Single	RFRSwap	3.976823	3.554169	5.1734519	-1.155855	0.052353378	 5,963 	-0.0015	0.2128	1.0239	0.7025	3.027	0.2038	0	5.2332	0	-121.9971	-39.53513	0	0	0	0	0	0	0	2.5604	0.029966276	15.84296842	2.6318	0.030023115	12.88128134	2.8714	0.031881712	9.83574716	5.3431	0.054776769	1.32242898	6.4372	0.062186077	-4.59145578	7.1145	0.064202756	-10.95452073
233_PUB_HTM	612042	978879NY6	MUNI	IG-2	WOODBRIDGE TWP NJ BRD OF EDU		2	49018	530000	530000	0	476768.69	444958.43	89.9564	83.95442	-31810.26	7/31/2026	Muni	100	Single	RFRSwap	4.510793	3.513192	6.712005615	0.4415822	0.056857381	 301 	-0.024	-0.0365	-0.0737	3.2108	3.6318	0	0	7.3406	0	22.5363	24.0121	0	0	0	0	0	0	0	1.5624	0.016327677	19.7970381	3.3884	0.034697123	17.68987954	5.9029	0.057561364	12.80329097	6.717	0.05751314	0.91288668	6.7126	0.05374134	-4.65014694	6.6567	0.049847331	-9.82752256
233_PUB_HTM	612758	978879NZ3	MUNI	IG-2	WOODBRIDGE TWP NJ BRD OF EDU		2	49383	1470000	1470000	0	1299581.85	1200452.86	88.4069	81.66346	-99128.99	7/31/2026	Muni	100	Single	RFRSwap	4.599954	3.574016	7.5014081	0.5796884	0.061825864	 909 	-0.0239	-0.0368	-0.0822	1.9985	5.6454	0	0	8.3113	0	27.9671	29.49999	0	0	0	0	0	0	0	1.5657	0.016348159	21.99385555	4.2024	0.042850453	19.54780478	6.8105	0.065510236	13.77163594	7.5349	0.062567033	0.61743094	7.4952	0.057727512	-5.39975627	7.4213	0.053049468	-10.93598732
233_PUB_HTM	611588	979234DX6	MUNI	IG-2	WOODCLIFF LAKE NJ SCH DIST		3	46433	470000	470000	0	470000	469955.63	100	99.99056	-44.37	7/31/2026	Muni	100	Single	RFRSwap	3.016271	2.998488	0.338586718	-0.3169812	0.003432385	 16 	0.3386	0	0	0	0	0	0	0.3373	0	-110.476	-96.73658	0	0	0	0	0	0	0	0.1459	0.001490858	0.81288295	0.161	0.001642979	0.66132375	0.1652	0.001683091	0.49265689	0.1748	0.001775049	0.15653217	0.429	0.004342849	-0.13033839	0.5255	0.005293624	-0.63881592
233_PUB_HTM	611756	979234DZ1	MUNI	IG-2	WOODCLIFF LAKE NJ SCH DIST		3.5	47164	440000	440000	0	440000	440168.74	100	100.03835	168.74	7/31/2026	Muni	100	Single	RFRSwap	3.483635	3.499547	0.69730407	-0.9938002	0.007088252	 31 	0.2639	0.2474	0.1661	0	0	0	0	0.5593	0	-147.8942	-69.40337	0	0	0	0	0	0	0	0.1459	0.00149604	0.91008675	0.161	0.001649002	0.75799586	0.1652	0.00168933	0.58870273	0.213	0.002170027	0.24438773	1.0748	0.010891449	-0.31587406	1.8809	0.018765859	-1.8819622
233_PUB_HTM	611269	979894QD7	MUNI	IG-2	WOODRIDGE IL	1	4	47150	1025000	1025000	0	1025000	1025039.87	100	100.00389	39.87	7/31/2026	Muni	100	Single	RFRSwap	3.998343	4	0.656642437	-1.148704	0.006698008	 69 	0.252	0.2601	0.1605	0	0	0	0	0.6033	0	-89.5231	-17.95688	0	0	0	0	0	0	0	0.126	0.001294433	0.72066245	0.1257	0.00128944	0.59146912	0.1254	0.00128448	0.46277344	0.1247	0.001274654	0.20686228	1.0908	0.011093117	-0.30837624	1.8941	0.018956814	-1.92174958
233_PUB_HTM	612493	979894QE5	MUNI	IG-2	WOODRIDGE IL		4	47515	375000	375000	0	375000	374848.84	100	99.95969	-151.16	7/31/2026	Muni	100	Single	RFRSwap	4.01246	4	0.811297119	-1.5287	0.008271961	 31 	0.2611	0.1275	0.3903	0.1072	0	0	0	0.8008	0	-100.2934	-16.36447	0	0	0	0	0	0	0	0.1261	0.001295312	0.77854912	0.1258	0.001290312	0.64926822	0.1254	0.001285344	0.52048575	0.1341	0.001370345	0.26440332	1.5521	0.01574461	-0.51724346	2.5433	0.025248235	-2.68631719
233_PUB_HTM	611608	979894QF2	MUNI	IG-2	WOODRIDGE IL		4	47880	300000	300000	0	300000	298267.53	100	99.42251	-1732.47	7/31/2026	Muni	100	Single	RFRSwap	4.141983	4	1.794703841	-1.96902	0.018202337	 55 	0.297	0.2107	0.519	0.8386	0	0	0	1.7009	0	-65.0589	-4.19604	0	0	0	0	0	0	0	0.1259	0.001292438	1.27098835	0.1255	0.001287464	1.14199354	0.1252	0.001282521	1.01349461	0.7798	0.007959334	0.65161778	2.7625	0.027682839	-1.2147185	3.4641	0.033622675	-4.36082461
233_PUB_HTM	612251	979894QG0	MUNI	IG-2	WOODRIDGE IL		4	48245	300000	300000	0	300000	296587.86	100	98.86262	-3412.14	7/31/2026	Muni	100	Single	RFRSwap	4.23398	4	2.576477051	-2.071426	0.025987022	 78 	0.2767	0.2427	0.3201	1.6665	0.1587	0	0	2.5333	0	-50.2181	2.862139	0	0	0	0	0	0	0	0.1258	0.001291231	1.81206317	0.1254	0.001286267	1.68318853	0.1251	0.001281335	1.55480869	1.4485	0.014749756	0.96654139	3.5769	0.035449408	-1.75508716	4.2169	0.040168192	-5.60800113
233_PUB_HTM	611896	981306KF9	MUNI	IG-2	WORCESTER MA		3	48014	1000000	1000000	0	1000000	960251.5	100	96.02515	-39748.5	7/31/2026	Muni	100	Single	RFRSwap	3.903133	2.999529	3.752265215	-0.5725699	0.03617502	 362 	0.0683	0.1697	0.5436	2.9847	0	0	0	3.7632	0	-43.0521	-28.39349	0	0	0	0	0	0	0	0.0445	0.00044798	4.309238	0.0786	0.000791065	4.25846394	0.0886	0.000890897	4.1692205	3.4979	0.034244388	1.49177525	4.1253	0.038843725	-2.24853936	4.2663	0.038512208	-6.13673565
233_PUB_HTM	611740	981306WE9	MUNI	IG-2	WORCESTER MA		2.25	50802	1000000	1000000	0	866860.17	770782.6	86.686	77.07826	-96077.57	7/31/2026	Muni	100	Single	RFRSwap	4.695002	3.580549	10.02479553	0.9979937	0.07839717	 784 	-0.0211	-0.0303	-0.0647	-0.1744	7.6819	2.6234	0	11.5932	0	20.2133	24.53849	0	0	0	0	0	0	0	1.5045	0.015812812	26.90366204	4.8	0.049228583	24.35581692	8.7631	0.083617166	17.21604139	10.0021	0.078634746	0.41518062	9.9606	0.070853814	-7.0689496	9.8352	0.063361727	-13.77957321
233_PUB_HTM	611917	982671Z28	MUNI	IG-2	WYANDOTTE CNTY/KANSAS CITY KS		4	46600	1480000	1480000	0	1480000	1481312.17	100	100.08866	1312.17	7/31/2026	Muni	100	Single	RFRSwap	3.908733	4	0.265833259	-0.5061069	0.002713856	 40 	0.2658	0	0	0	0	0	0	0.3311	0	-62.8325	-55.4288	0	0	0	0	0	0	0	0.1258	0.001292257	0.6020146	0.1255	0.001287284	0.47303783	0.1252	0.001282343	0.34455678	0.1245	0.001272555	0.08906916	0.4327	0.004411899	-0.12464329	0.877	0.008879039	-0.84834022
233_PUB_HTM	611826	984334NQ1	MUNI	IG-2	YAKIMA CNTY WA		3.5	48914	405000	405000	0	405000	391058.2	100	96.55758	-13941.8	7/31/2026	Muni	100	Single	RFRSwap	4.046591	3.499475	4.44718504	-1.475529	0.043200362	 175 	0.1265	0.2014	0.3174	2.2706	1.5801	0	0	4.4359	0	-56.362	-21.26886	0	0	0	0	0	0	0	0.0316	0.000319128	3.71865005	0.0559	0.000563196	3.68248493	0.063	0.000634356	3.61894786	4.1117	0.040447783	1.23081567	5.5044	0.05151625	-3.54979877	5.8915	0.052061163	-8.77396119
233_PUB_HTM	611746	984334NR9	MUNI	IG-2	YAKIMA CNTY WA		3.5	49279	420000	420000	0	420000	401173.92	100	95.5176	-18826.08	7/31/2026	Muni	100	Single	RFRSwap	4.140948	3.49953	5.229352951	-1.36383	0.050254568	 211 	0.0898	0.1732	0.2938	1.9357	2.7763	0	0	5.3865	0	-46.3176	-15.07286	0	0	0	0	0	0	0	0.0316	0.000318947	4.75240934	0.0558	0.000562878	4.71626468	0.0629	0.000634	4.65276338	5.2242	0.050689138	0.9262862	6.3825	0.058361594	-4.66114001	6.6513	0.056968804	-10.44985347
233_PUB_HTM	612924	985046HF1	MUNI	IG-2	YARMOUTH ME		4	48533	310000	310000	0	310000	308409.82	100	99.48704	-1590.18	7/31/2026	Muni	100	Single	RFRSwap	4.092441	3.999124	1.922404408	-2.844778	0.019287769	 60 	0.2913	0.185	0.2123	1.0408	0.304	0	0	1.8652	0	-96.9284	-13.44048	0	0	0	0	0	0	0	0.0446	0.000451852	0.98113478	0.0788	0.000797888	0.92992238	0.0888	0.000898567	0.83990984	0.6425	0.00648295	0.57068042	3.3987	0.033580121	-1.52986635	4.4771	0.042484425	-5.43976515
233_PUB_HTM	612959	985046HG9	MUNI	IG-2	YARMOUTH ME		4	48898	285000	285000	0	285000	283230.15	100	99.379	-1769.85	7/31/2026	Muni	100	Single	RFRSwap	4.098629	3.99923	2.206053019	-3.11522	0.022109823	 63 	0.2778	0.1869	0.2131	0.9909	0.6323	0	0	2.1066	0	-101.917	-15.85406	0	0	0	0	0	0	0	0.0446	0.000451985	1.09355863	0.0788	0.000798123	1.04233115	0.0888	0.00089883	0.95229225	1.0371	0.0104587	0.6238269	4.0811	0.040013451	-2.17731067	5.1965	0.048586592	-6.72537914
233_PUB_HTM	612080	985046JV4	MUNI	IG-2	YARMOUTH ME		2	50724	2330000	2330000	0	1971868.96	1709712.29	84.6296	73.37821	-262156.67	7/31/2026	Muni	100	Single	RFRSwap	4.910725	3.554436	10.26562309	1.16986	0.075760745	 1,765 	-0.0212	-0.0356	-0.0899	-0.346	8.1863	2.5717	0	11.9018	0	45.4341	46.79478	0	0	0	0	0	0	0	4.9914	0.053918112	34.22111627	8.9149	0.089671314	26.78539749	10.1862	0.092947394	17.44830787	10.3539	0.076789826	0.36467911	10.2146	0.068350069	-6.88618289	10.0319	0.060665667	-13.32749208
233_PUB_HTM	612472	985046JW2	MUNI	IG-2	YARMOUTH ME		2	51089	2000000	2000000	0	1662937.94	1421474.8	83.1469	71.07374	-241463.14	7/31/2026	Muni	100	Single	RFRSwap	5.006352	3.607361	10.95480442	1.355101	0.078322433	 1,566 	-0.0206	-0.0347	-0.0884	-0.363	7.4916	3.9693	0	12.9303	0	51.5375	52.81407	0	0	0	0	0	0	0	5.3553	0.057660077	36.17298896	9.7514	0.097068697	28.04760378	10.9671	0.098238952	18.07987917	11.05	0.07926549	0.2372685	10.8683	0.069867961	-7.21002349	10.6503	0.061482225	-13.76792643
233_PUB_HTM	611207	986370NU4	MUNI	IG-2	YORK CNTY PA		4	49369	3565000	3565000	0	3648918.48	3579220.78	102.354	100.3989	-69697.7	7/31/2026	Muni	100	Single	RFRSwap	3.944387	3.677352	3.416441441	-1.351381	0.034870103	 1,243 	0.2395	0.6151	0.3167	0.9665	1.3581	0	0	3.3364	0	-135.1503	-42.59095	0	0	0	0	0	0	0	1.5278	0.016997842	9.19246843	1.5445	0.016924199	7.50827497	1.5597	0.016827626	5.82407978	3.4744	0.035854939	1.13247339	4.8352	0.047854804	-3.09364773	5.6505	0.053041101	-8.19538938
233_PUB_HTM	611205	986523TP3	MUNI	IG-2	YORK CNTY SC SCH DIST #3 ROCK		4	49369	2000000	2000000	0	2016855.09	2005702	100.8428	100.2851	-11153.09	7/31/2026	Muni	100	Single	RFRSwap	3.960117	3.883227	2.070343494	-1.949652	0.021107519	 422 	0.466	0.1641	0.1659	0.5561	0.7875	0	0	1.978	0	-169.2274	-47.81931	0	0	0	0	0	0	0	0.5436	0.005732931	3.50650052	0.5734	0.006013977	2.93049007	0.5798	0.006045486	2.3223007	1.7103	0.017548164	0.65407984	3.8207	0.038120009	-2.17945934	5.2657	0.050147068	-6.7179676
233_PUB_HTM	612582	986525UK7	MUNI	IG-2	YORK CNTY SC SCH DIST #4 FORT		3	47908	2000000	2000000	0	2000000	1947807.8	100	97.39039	-52192.2	7/31/2026	Muni	100	Single	RFRSwap	3.622627	2.999635	3.194532633	-0.9038975	0.031510994	630.21988	0.1324	0.2355	0.8915	1.9712	0	0	0	3.166	0	-78.5981	-55.71374	0	0	0	0	0	0	0	0.1687	0.001724426	3.54929026	0.2015	0.002055337	3.37127893	0.2108	0.002146371	3.15613756	2.7094	0.027093451	1.35838096	3.6951	0.035742205	-1.91146963	3.9398	0.036670581	-5.56264296
233_PUB_HTM	612018	986525UL5	MUNI	IG-2	YORK CNTY SC SCH DIST #4 FORT		3	48274	2000000	2000000	0	2000000	1930869.8	100	96.54349	-69130.2	7/31/2026	Muni	100	Single	RFRSwap	3.690336	2.999696	3.911104918	-0.9223176	0.038248058	 765 	0.093	0.1963	0.3476	2.9391	0.3447	0	0	3.9169	0	-73.8813	-51.50191	0	0	0	0	0	0	0	0.1687	0.001723846	4.38616385	0.2014	0.002054649	4.20821227	0.2108	0.002145657	3.99314274	3.4586	0.034363452	1.56402695	4.4554	0.042494897	-2.41561635	4.713	0.042923395	-6.71827295
233_PUB_HTM	611636	98816PBE1	MUNI	IG-2	YSLETA TX INDEP SCH DIST		4	48075	1600000	1600000	0	1601004.17	1600664.48	100.0628	100.04153	-339.69	7/31/2026	Muni	100	Single	RFRSwap	3.990506	3.985806	0.980589271	-1.28286	0.009990829	 160 	0.2492	0.085	0.1017	0.4986	0.0034	0	0	0.7369	0	-167.9728	-20.11587	0	0	0	0	0	0	0	0.1456	0.001497753	0.99391264	0.1607	0.001651222	0.84164183	0.1649	0.001691693	0.67211182	0.2853	0.002915304	0.30590751	1.8589	0.018807305	-0.71009068	3.1651	0.031192929	-3.33463252
233_PUB_HTM	611436	98816PBG6	MUNI	IG-2	YSLETA TX INDEP SCH DIST		4	48806	500000	500000	0	500298.47	500087.95	100.0597	100.01759	-210.52	7/31/2026	Muni	100	Single	RFRSwap	3.996874	3.989955	1.188820004	-1.837361	0.012109563	 61 	0.2457	0.0751	0.0897	0.4697	0.2288	0	0	0.8691	0	-184.1471	-25.22589	0	0	0	0	0	0	0	0.1457	0.001499757	1.05131445	0.1609	0.001653419	0.89884045	0.1651	0.001693933	0.72908541	0.465	0.004753034	0.34402906	2.6906	0.027095579	-1.15785093	4.2215	0.041027308	-4.67489184
PUB_HTM	611114	ACBBSTCK	Misc_Securities	E-9	ACBB		0	73415	1	1	0	1	1	100	100	0	7/31/2026																																														
HTM	611110	CBB-STOCK	Misc_Securities	E-9	COMBANKB		0	73415	0.03	0.03	0	0.03	0.03	100	100	0	7/31/2026																																														
HTM	611142	CPCNYSCON	CPC	N-5	COMMPRESCORP	0.838186145	0	51592	1101554.62	923307.82	178246.8	923307.82	923307.82	100	100	0	7/31/2026																																														
HTM	611099	DTC-SER-A	Misc_Securities	E-9	DTCCCOLLATSERVICES		0	73415	86789	86789	0	86789	86789	100	100	0	7/31/2026																																														
HTM	611095	DTC-STK	Misc_Securities	E-9	DTCCCOLLATSERVICES		0	73415	132982.48	132982.48	0	132982.48	132982.48	100	100	0	7/31/2026																																														
REG_STCK	614862	FHLBOSTK	Regulatory_Stock	E-9	FHLB_BOSTON_AGNT_CPTY		0	73051	90200	90200	0	90200	90200	100	100	0	7/31/2026																																														
REG_STCK	611034	FHLBSTOCK	Regulatory_Stock	E-9	FHLBNY-STOCK		0	73051	216729700	216729700	0	216729700	216729700	100	100	0	7/31/2026																																														
MTBC_AFS	611123	MOCAFIB1	Misc_Securities	E-9	MOCAFI		0	73415	499999.42	499999.42	0	499999.42	499999.42	100	100	0	7/31/2026																																														
MTBC_AFS	611122	MOCAFISB	Misc_Securities	E-9	MOCAFI		0	73415	499999.21	499999.21	0	499999.21	499999.21	100	100	0	7/31/2026																																														
HTM	611121	NYSBDS	Misc_Securities	E-3	NYSBD		0	73415	392602.02	392602.02	0	392602.02	392602.02	100	100	0	7/31/2026																																														
HTM	611124	SOLO-HESS	Misc_Securities	E-7	SOLOMON-HESS		0	51682	3007483.65	3007483.65	0	3007483.65	3007483.65	100	100	0	7/31/2026																																														
HTM	611120	SWIFT-STK	Misc_Securities	E-10	SWIFT		0	73415	207103.67	207103.67	0	207103.67	207103.67	100	100	0	7/31/2026																																														
HTM	611125	SWIFT-WTC	Misc_Securities	E-10	SWIFT		0	73415	3901.97	3901.97	0	3901.97	3901.97	100	100	0	7/31/2026																																														
PUB_HTM	611126	VISAASTCK	Misc_Securities	Y-4	VISA		0	73415	6952683.03	6952683.03	0	6952683.03	6952683.03	100	100	0	7/31/2026																																														
