																						Model Calcs																	Indic Calcs							Shock Scenarios																	
									Original Balance	Current Balance	Can we make this just for one month?	Book Value	Market Value	Book Price	Market Price	MTM												Partial Durations																		-300			-200			-100			+100			+200			+300		
Book	Position ID	CUSIP	Sub Type	PRODUCT_CODE_2052a_Collateral_Class	Issuer	Current Factor	Coupon	Maturity Date	Nominal	CA_NOTIONAL	TOTAL_PAYDOWN_BOOK_VALUE	MTB_BOOK VALUE (Clean)	PV_NET (MV Clean)	MTB_BOOK PRICE (Clean)	PRICE (Mkt)	NPV_DISC (Clean MTM)	Curve Date	Prepay Model	Prepay Rate	Vol Model	Curve Type	Forward Yield	Prospective Yield	Effective Duration	Effective Convexity	Effective DV01	Dollar Duration	1YR	2YR	3YR	5YR	10YR	20YR	30YR	Average Life	LT CPR	OAS	Z-Spread	Factor	Life CPR	GWAC	WALA	WALS	MaxServicerName	MaxServicerPercent	Eff. Dur	DV01	Dollar Return	Eff. Dur	DV01	Dollar Return	Eff. Dur	DV01	Dollar Return	Eff. Dur	DV01	Dollar Return	Eff. Dur	DV01	Dollar Return	Eff. Dur	DV01	Dollar Return
233_PUB_HTM	612346	000416V38	MUNI	IG-2	ABC CA UNIF SCH DIST		3	8/1/2036	 580,000 	 580,000 	 -   	579952.95	531627.83	99.9919	91.65997	-48325.13	7/31/2026	Muni	100	Single	RFRSwap	4.02	3.00	7.11	-0.19	0.066	 384 	-0.01	-0.02	0.31	0.62	6.21	0.00	0.00	7.7	0.0	-55.3	-33	0.00	0.00	0.00	0.00	0.00	0.00	0.00	2.93	0.03	20.73	3.14	0.03	17.41	4.64	0.05	13.30	7.14	0.07	1.05	7.54	0.07	-5.64	7.69	0.06	-12.09
233_PUB_HTM	611322	005104HJ6	MUNI	IG-2	ACUSHNET MA	1	3.5	8/1/2034	935000	 935,000 	 -   	935000	921552.55	100	98.56177	-13447.45	7/31/2026	Muni	100	Single	RFRSwap	3.73	3.50	3.22	-2.50	0.032	 302 	0.25	0.23	0.29	1.59	0.90	0.00	0.00	3.1	0.0	-108.6	-52	0.00	0.00	0.00	0.00	0.00	0.00	0.00	0.13	0.00	2.12	0.13	0.00	2.00	0.13	0.00	1.87	2.21	0.02	1.02	4.67	0.05	-2.71	5.37	0.05	-7.56
233_PUB_HTM	611540	0054823B8	MUNI	IG-2	ADAMS & ARAPAHOE CNTYS CO JT S		5	12/1/2031	3000000	 3,000,000 	 -   	3027844.03	3023011.2	100.9281	100.76704	-4832.83	7/31/2026	Muni	100	Single	RFRSwap	4.83	4.80	0.79	-0.83	0.008	 241 	0.35	0.06	0.06	0.28	0.02	0.00	0.00	0.6	0.0	-182.2	-125	0.00	0.00	0.00	0.00	0.00	0.00	0.00	0.17	0.00	1.52	0.30	0.00	1.32	0.34	0.00	0.97	0.34	0.00	0.28	1.11	0.01	-0.37	2.35	0.02	-2.10
233_PUB_HTM	611962	010824MA5	MUNI	IG-2	ALAMEDA CA UNIF SCH DIST ALAME		3	8/1/2037	1275000	 1,275,000 	 -   	1255988.91	1151414.76	98.5089	90.30704	-104574.15	7/31/2026	Muni	100	Single	RFRSwap	4.10	3.16	7.65	-0.42	0.070	 895 	0.01	0.05	0.15	0.48	6.33	0.65	0.00	8.4	0.0	-49.3	-28	0.00	0.00	0.00	0.00	0.00	0.00	0.00	1.00	0.01	14.05	1.00	0.01	13.00	2.48	0.03	11.51	7.37	0.07	0.93	7.97	0.07	-5.96	8.18	0.06	-12.66
233_PUB_HTM	611859	010824MB3	MUNI	IG-2	ALAMEDA CA UNIF SCH DIST ALAME		3	8/1/2038	1000000	 1,000,000 	 -   	972071.16	889661.1	97.2071	88.96611	-82410.06	7/31/2026	Muni	100	Single	RFRSwap	4.18	3.28	8.30	-0.27	0.075	 751 	0.00	0.04	0.13	0.42	6.26	1.45	0.00	9.2	0.0	-45.4	-25	0.00	0.00	0.00	0.00	0.00	0.00	0.00	1.00	0.01	15.34	1.01	0.01	14.29	2.98	0.03	12.59	8.01	0.07	0.78	8.63	0.07	-6.55	8.80	0.07	-13.56
233_PUB_HTM	612147	012104QK4	MUNI	IG-2	ALBANY CA UNIF SCH DIST		4	8/1/2032	280000	 280,000 	 -   	280000	280000	100	100	0	7/31/2026	Muni	100	Single	RFRSwap	0.00	0.00	0.00	0.00	0.000	 -   	0.00	0.00	0.00	0.00	0.00	0.00	0.00	0.0	0.0	100.0	100	0.00	0.00	0.00	0.00	0.00	0.00	0.00	0.00	0.00	0.00	0.00	0.00	0.00	0.00	0.00	0.00	0.00	0.00	0.00	0.00	0.00	0.00	0.00	0.00	0.00
233_PUB_HTM	611680	012104QL2	MUNI	IG-2	ALBANY CA UNIF SCH DIST		4	8/1/2033	355000	 355,000 	 -   	355000	355000	100	100	0	7/31/2026	Muni	100	Single	RFRSwap	0.00	0.00	0.00	0.00	0.000	 -   	0.00	0.00	0.00	0.00	0.00	0.00	0.00	0.0	0.0	100.0	100	0.00	0.00	0.00	0.00	0.00	0.00	0.00	0.00	0.00	0.00	0.00	0.00	0.00	0.00	0.00	0.00	0.00	0.00	0.00	0.00	0.00	0.00	0.00	0.00	0.00
233_PUB_HTM	611725	012104QM0	MUNI	IG-2	ALBANY CA UNIF SCH DIST		4	8/1/2034	410000	 410,000 	 -   	410000	410000	100	100	0	7/31/2026	Muni	100	Single	RFRSwap	0.00	0.00	0.00	0.00	0.000	 -   	0.00	0.00	0.00	0.00	0.00	0.00	0.00	0.0	0.0	100.0	100	0.00	0.00	0.00	0.00	0.00	0.00	0.00	0.00	0.00	0.00	0.00	0.00	0.00	0.00	0.00	0.00	0.00	0.00	0.00	0.00	0.00	0.00	0.00	0.00	0.00
233_PUB_HTM	611288	0153023Y6	MUNI	IG-2	ALEXANDRIA VA		3	7/15/2033	4980000	 4,980,000 	 -   	5010207.79	4770024.28	100.6066	95.78362	-240183.52	7/31/2026	Muni	100	Single	RFRSwap	3.69	2.90	4.69	-0.96	0.045	 2,239 	0.10	0.18	0.31	2.66	1.45	0.00	0.00	4.6	0.0	-86.0	-55	0.00	0.00	0.00	0.00	0.00	0.00	0.00	0.82	0.01	8.66	0.93	0.01	7.80	1.20	0.01	6.77	4.21	0.04	1.43	5.06	0.05	-3.03	5.46	0.05	-7.81
233_PUB_HTM	612182	01728VUW8	MUNI	IG-2	ALLEGHENY CNTY PA		2	11/1/2034	460000	 460,000 	 -   	411020.43	381088.84	89.3523	82.8454	-29931.59	7/31/2026	Muni	100	Single	RFRSwap	4.51	3.50	7.25	0.54	0.060	 278 	-0.02	-0.04	-0.09	2.51	4.88	0.00	0.00	8.0	0.0	20.5	22	0.00	0.00	0.00	0.00	0.00	0.00	0.00	4.28	0.05	25.96	6.14	0.06	20.45	7.05	0.07	13.72	7.33	0.06	0.59	7.27	0.06	-5.33	7.20	0.05	-10.77
233_PUB_HTM	611257	01728VUX6	MUNI	IG-2	ALLEGHENY CNTY PA		3	11/1/2035	1000000	 1,000,000 	 -   	1004571.89	909243.3	100.4572	90.92433	-95328.59	7/31/2026	Muni	100	Single	RFRSwap	4.19	2.94	7.12	0.14	0.065	 652 	-0.01	-0.02	0.08	1.64	5.43	0.00	0.00	7.7	0.0	-26.9	-13	0.00	0.00	0.00	0.00	0.00	0.00	0.00	3.98	0.05	24.54	4.56	0.05	19.84	5.83	0.06	14.19	7.21	0.07	0.98	7.39	0.06	-5.57	7.43	0.06	-11.72
233_PUB_HTM	612565	01728VVB3	MUNI	IG-2	ALLEGHENY CNTY PA		3	11/1/2039	540000	 540,000 	 -   	533859.05	453986.96	98.8628	84.07166	-79872.09	7/31/2026	Muni	100	Single	RFRSwap	4.62	3.11	9.68	0.62	0.082	 443 	-0.01	-0.02	0.00	0.26	6.50	2.96	0.00	11.4	0.0	3.6	15	0.00	0.00	0.00	0.00	0.00	0.00	0.00	4.00	0.05	29.93	5.57	0.06	24.87	7.95	0.08	17.62	9.77	0.08	0.50	9.90	0.08	-7.51	9.82	0.07	-14.77
233_PUB_HTM	611669	021087VQ1	MUNI	IG-2	ALPINE UT SCH DIST		4	3/15/2031	3460000	 3,460,000 	 -   	3495865.62	3477730.08	101.0366	100.51243	-18135.54	7/31/2026	Muni	100	Single	RFRSwap	3.88	3.75	1.38	-0.95	0.014	 488 	0.50	0.14	0.25	0.47	0.00	0.00	0.00	1.2	0.0	-148.3	-84	0.00	0.00	0.00	0.00	0.00	0.00	0.00	0.56	0.01	3.35	0.61	0.01	2.76	0.62	0.01	2.11	1.02	0.01	0.71	2.07	0.02	-0.85	2.95	0.03	-3.38
233_PUB_HTM	611568	021087VT5	MUNI	IG-2	ALPINE UT SCH DIST		3.25	3/15/2034	1540000	 1,540,000 	 -   	1544428.53	1476490.4	100.2876	95.876	-67938.13	7/31/2026	Muni	100	Single	RFRSwap	3.88	3.21	4.84	-1.20	0.047	 724 	0.10	0.19	0.31	2.29	1.98	0.00	0.00	4.8	0.0	-71.5	-39	0.00	0.00	0.00	0.00	0.00	0.00	0.00	0.56	0.01	7.18	0.61	0.01	6.58	0.72	0.01	5.93	4.38	0.04	1.11	5.42	0.05	-3.66	5.83	0.05	-8.81
233_PUB_HTM	612972	022447K39	MUNI	IG-2	ALVIN TX INDEP SCH DIST		4	2/15/2029	500000	 500,000 	 -   	504497.76	502352.9	100.8996	100.47058	-2144.86	7/31/2026	Muni	100	Single	RFRSwap	3.80	3.63	0.94	-0.54	0.010	 48 	0.49	0.28	0.19	0.00	0.00	0.00	0.00	0.9	0.0	-127.1	-87	0.00	0.00	0.00	0.00	0.00	0.00	0.00	0.52	0.01	2.79	0.54	0.01	2.24	0.54	0.01	1.68	0.65	0.01	0.54	1.20	0.01	-0.39	1.75	0.02	-1.90
233_PUB_HTM	612874	022447K47	MUNI	IG-2	ALVIN TX INDEP SCH DIST		4	2/15/2030	250000	 250,000 	 -   	252111.52	250940.5	100.8446	100.3762	-1171.02	7/31/2026	Muni	100	Single	RFRSwap	3.88	3.74	1.17	-0.77	0.012	 30 	0.46	0.13	0.43	0.12	0.00	0.00	0.00	1.0	0.0	-132.7	-70	0.00	0.00	0.00	0.00	0.00	0.00	0.00	0.52	0.01	2.92	0.54	0.01	2.37	0.54	0.01	1.80	0.80	0.01	0.62	1.65	0.02	-0.60	2.35	0.02	-2.61
233_PUB_HTM	611200	031069XD4	MUNI	IG-2	AMESBURY MA		2.125	6/1/2037	1665000	 1,665,000 	 -   	1458024.54	1321835.51	87.569	79.38952	-136189.03	7/31/2026	Muni	100	Single	RFRSwap	4.56	3.51	9.07	0.79	0.072	 1,204 	-0.02	-0.03	-0.07	-0.17	8.57	0.79	0.00	10.2	0.0	13.6	17	0.00	0.00	0.00	0.00	0.00	0.00	0.00	2.70	0.03	27.40	5.71	0.06	23.37	8.18	0.08	16.23	9.09	0.07	0.69	9.07	0.07	-6.31	8.98	0.06	-12.65
233_PUB_HTM	611913	0342854E3	MUNI	IG-2	ANDOVER MA		4	1/15/2027	995000	 995,000 	 -   	995000	995382.18	100	100.03841	382.18	7/31/2026	Muni	100	Single	RFRSwap	3.91	3.99	0.13	-0.23	0.001	 13 	0.13	0.00	0.00	0.00	0.00	0.00	0.00	0.1	0.0	-42.0	-32	0.00	0.00	0.00	0.00	0.00	0.00	0.00	0.04	0.00	0.38	0.08	0.00	0.33	0.09	0.00	0.24	0.09	0.00	0.06	0.24	0.00	-0.06	0.45	0.00	-0.45
233_PUB_HTM	612703	035438HW3	MUNI	IG-2	ANN ARBOR MI		4	5/1/2033	2300000	 2,300,000 	 -   	2382146.21	2338966.37	103.5716	101.69419	-43179.84	7/31/2026	Muni	100	Single	RFRSwap	3.71	3.40	3.78	-0.58	0.039	 893 	0.00	0.29	1.28	1.60	0.63	0.00	0.00	3.8	0.0	-125.0	-82	0.00	0.00	0.00	0.00	0.00	0.00	0.00	2.56	0.03	14.36	2.63	0.03	11.40	2.69	0.03	8.41	3.77	0.04	1.68	4.40	0.04	-2.51	4.85	0.05	-7.05
233_PUB_HTM	612298	035438HX1	MUNI	IG-2	ANN ARBOR MI		4	5/1/2034	2685000	 2,685,000 	 -   	2781849.46	2724152.13	103.6071	101.45818	-57697.33	7/31/2026	Muni	100	Single	RFRSwap	3.78	3.46	4.09	-0.70	0.042	 1,125 	0.00	0.27	1.24	1.46	1.14	0.00	0.00	4.0	0.0	-126.9	-73	0.00	0.00	0.00	0.00	0.00	0.00	0.00	2.56	0.03	14.68	2.63	0.03	11.72	2.75	0.03	8.71	4.25	0.04	1.41	5.03	0.05	-3.32	5.52	0.05	-8.43
233_PUB_HTM	612735	035771Q72	MUNI	IG-2	ANNAPOLIS MD		4	8/1/2028	645000	 645,000 	 -   	645000	645319.73	100	100.04957	319.73	7/31/2026	Muni	100	Single	RFRSwap	3.97	4.00	0.52	-0.89	0.005	 35 	0.25	0.29	0.00	0.00	0.00	0.00	0.00	0.4	0.0	-87.5	-24	0.00	0.00	0.00	0.00	0.00	0.00	0.00	0.13	0.00	0.67	0.13	0.00	0.54	0.13	0.00	0.41	0.12	0.00	0.16	0.82	0.01	-0.23	1.54	0.02	-1.50
233_PUB_HTM	612095	035771Q80	MUNI	IG-2	ANNAPOLIS MD		4	8/1/2029	665000	 665,000 	 -   	665000	665290.34	100	100.04366	290.34	7/31/2026	Muni	100	Single	RFRSwap	3.98	4.00	0.66	-1.21	0.007	 45 	0.24	0.09	0.32	0.00	0.00	0.00	0.00	0.5	0.0	-106.5	-20	0.00	0.00	0.00	0.00	0.00	0.00	0.00	0.13	0.00	0.70	0.13	0.00	0.57	0.13	0.00	0.44	0.12	0.00	0.19	1.18	0.01	-0.34	2.15	0.02	-2.14
233_PUB_HTM	611906	035771Q98	MUNI	IG-2	ANNAPOLIS MD		4	8/1/2030	685000	 685,000 	 -   	685000	685266.33	100	100.03888	266.33	7/31/2026	Muni	100	Single	RFRSwap	3.99	4.00	0.78	-1.54	0.008	 54 	0.23	0.08	0.26	0.17	0.00	0.00	0.00	0.6	0.0	-119.8	-20	0.00	0.00	0.00	0.00	0.00	0.00	0.00	0.13	0.00	0.72	0.13	0.00	0.59	0.13	0.00	0.47	0.12	0.00	0.21	1.54	0.02	-0.51	2.75	0.03	-2.81
233_PUB_HTM	612333	035771R22	MUNI	IG-2	ANNAPOLIS MD		4	8/1/2031	705000	 705,000 	 -   	705000	705243.51	100	100.03454	243.51	7/31/2026	Muni	100	Single	RFRSwap	3.99	4.00	0.87	-1.87	0.009	 63 	0.23	0.08	0.10	0.45	0.00	0.00	0.00	0.6	0.0	-129.9	-20	0.00	0.00	0.00	0.00	0.00	0.00	0.00	0.13	0.00	0.74	0.13	0.00	0.61	0.13	0.00	0.48	0.13	0.00	0.23	2.00	0.02	-0.74	3.36	0.03	-3.55
233_PUB_HTM	611945	035771R30	MUNI	IG-2	ANNAPOLIS MD		4	8/1/2032	275000	 275,000 	 -   	275000	275082.58	100	100.03003	82.58	7/31/2026	Muni	100	Single	RFRSwap	3.99	4.00	0.97	-2.19	0.010	 27 	0.23	0.08	0.09	0.46	0.08	0.00	0.00	0.7	0.0	-139.1	-22	0.00	0.00	0.00	0.00	0.00	0.00	0.00	0.13	0.00	0.76	0.13	0.00	0.63	0.13	0.00	0.50	0.15	0.00	0.24	2.34	0.02	-0.87	3.86	0.04	-4.10
233_PUB_HTM	612698	035771R48	MUNI	IG-2	ANNAPOLIS MD		4	8/1/2033	285000	 285,000 	 -   	285000	285075.87	100	100.02662	75.87	7/31/2026	Muni	100	Single	RFRSwap	4.00	4.00	1.05	-2.48	0.011	 31 	0.23	0.08	0.09	0.43	0.20	0.00	0.00	0.7	0.0	-147.2	-25	0.00	0.00	0.00	0.00	0.00	0.00	0.00	0.13	0.00	0.77	0.13	0.00	0.64	0.13	0.00	0.51	0.25	0.00	0.26	2.92	0.03	-1.17	4.50	0.04	-4.98
233_PUB_HTM	612807	03871LDF7	MUNI	IG-2	ARAPAHOE CNTY CO WTR & WSTWTRP		3	12/1/2037	2000000	 2,000,000 	 -   	1988272.77	1768836.4	99.4136	88.44182	-219436.37	7/31/2026	Muni	100	Single	RFRSwap	4.30	3.06	8.29	0.13	0.074	 1,474 	-0.01	-0.02	0.14	0.45	6.73	0.98	0.00	9.1	0.0	-27.1	-10	0.00	0.00	0.00	0.00	0.00	0.00	0.00	3.10	0.03	23.99	3.82	0.04	20.38	5.92	0.06	15.18	8.32	0.07	0.83	8.61	0.07	-6.48	8.68	0.07	-13.33
233_PUB_HTM	611852	039069JE0	MUNI	IG-2	ARCADIA CA UNIF SCH DIST		2	8/1/2035	575000	 575,000 	 -   	524868.14	474085.03	91.2814	82.44957	-50783.11	7/31/2026	Muni	100	Single	RFRSwap	4.38	3.12	7.83	0.64	0.065	 376 	-0.02	-0.04	-0.09	1.40	6.56	0.00	0.00	8.8	0.0	5.5	6	0.00	0.00	0.00	0.00	0.00	0.00	0.00	0.13	0.00	17.90	0.13	0.00	17.78	6.81	0.07	14.82	7.93	0.07	0.66	7.84	0.06	-5.72	7.73	0.06	-11.54
233_PUB_HTM	611193	039069JF7	MUNI	IG-2	ARCADIA CA UNIF SCH DIST		2	8/1/2036	1015000	 1,015,000 	 -   	908244.19	812780.94	89.4822	80.07694	-95463.25	7/31/2026	Muni	100	Single	RFRSwap	4.50	3.24	8.60	0.82	0.070	 708 	-0.02	-0.04	-0.09	-0.34	9.07	0.00	0.00	9.8	0.0	13.3	14	0.00	0.00	0.00	0.00	0.00	0.00	0.00	0.13	0.00	20.27	0.13	0.00	20.14	7.86	0.08	16.08	8.70	0.07	0.73	8.59	0.06	-6.05	8.45	0.06	-12.17
233_PUB_HTM	612021	040319B61	MUNI	IG-2	ARGYLE TX INDEP SCH DIST		4	8/15/2031	1000000	 1,000,000 	 -   	1016062	1007054.4	101.6062	100.70544	-9007.6	7/31/2026	Muni	100	Single	RFRSwap	3.84	3.65	1.91	-0.90	0.020	 196 	0.61	0.23	0.22	0.86	0.01	0.00	0.00	1.8	0.0	-137.1	-82	0.00	0.00	0.00	0.00	0.00	0.00	0.00	1.02	0.01	5.63	1.02	0.01	4.54	1.02	0.01	3.45	1.65	0.02	1.01	2.59	0.03	-1.16	3.34	0.03	-4.16
233_PUB_HTM	612448	040319B79	MUNI	IG-2	ARGYLE TX INDEP SCH DIST		4	8/15/2032	1000000	 1,000,000 	 -   	1015888.58	1005080.2	101.5889	100.50802	-10808.38	7/31/2026	Muni	100	Single	RFRSwap	3.90	3.70	2.22	-1.15	0.023	 227 	0.56	0.25	0.21	0.98	0.20	0.00	0.00	1.9	0.0	-136.0	-62	0.00	0.00	0.00	0.00	0.00	0.00	0.00	1.02	0.01	5.82	1.02	0.01	4.73	1.02	0.01	3.64	1.86	0.02	1.09	3.02	0.03	-1.41	3.91	0.04	-4.89
233_PUB_HTM	612002	041431SD0	MUNI	IG-2	ARLINGTON CNTY VA		4	8/15/2034	5000000	 5,000,000 	 -   	5076586.13	5023802	101.5317	100.47604	-52784.13	7/31/2026	Muni	100	Single	RFRSwap	3.93	3.78	2.59	-1.54	0.026	 1,323 	0.53	0.26	0.22	0.81	0.81	0.00	0.00	2.4	0.0	-152.5	-59	0.00	0.00	0.00	0.00	0.00	0.00	0.00	1.02	0.01	6.06	1.03	0.01	4.96	1.02	0.01	3.86	2.43	0.03	0.92	4.04	0.04	-2.42	5.16	0.05	-6.97
233_PUB_HTM	611744	041609K31	MUNI	IG-2	ARLINGTON MA		3	9/1/2035	2160000	 2,160,000 	 -   	2166811.18	2051154.14	100.3153	94.96084	-115657.04	7/31/2026	Muni	100	Single	RFRSwap	3.66	2.96	5.89	-0.80	0.057	 1,223 	-0.01	0.24	0.34	1.47	3.85	0.00	0.00	6.0	0.0	-102.9	-66	0.00	0.00	0.00	0.00	0.00	0.00	0.00	2.03	0.02	14.98	2.07	0.02	12.75	2.88	0.03	10.23	5.86	0.06	1.09	6.58	0.06	-4.81	6.91	0.06	-10.80
233_PUB_HTM	611808	041609K49	MUNI	IG-2	ARLINGTON MA		3	9/1/2036	2215000	 2,215,000 	 -   	2217066.3	2058858.67	100.0933	92.95073	-158207.63	7/31/2026	Muni	100	Single	RFRSwap	3.85	2.99	6.75	-0.60	0.064	 1,409 	-0.01	0.15	0.26	0.60	5.71	0.05	0.00	7.0	0.0	-80.8	-51	0.00	0.00	0.00	0.00	0.00	0.00	0.00	2.03	0.02	16.45	2.09	0.02	14.23	3.29	0.03	11.52	6.69	0.06	1.07	7.34	0.07	-5.42	7.64	0.06	-11.84
233_PUB_HTM	612027	041609K56	MUNI	IG-2	ARLINGTON MA		3	9/1/2037	625000	 625,000 	 -   	624320.26	567453.31	99.8912	90.79253	-56866.95	7/31/2026	Muni	100	Single	RFRSwap	4.04	3.01	7.60	-0.38	0.070	 437 	-0.01	0.08	0.18	0.53	6.14	0.69	0.00	8.2	0.0	-60.1	-35	0.00	0.00	0.00	0.00	0.00	0.00	0.00	2.02	0.02	18.10	2.16	0.02	15.89	3.90	0.04	12.87	7.53	0.07	0.94	8.11	0.07	-6.10	8.31	0.07	-12.89
233_PUB_HTM	611247	044357PG0	MUNI	IG-2	ASHLAND MA	1	3.5	8/1/2031	240000	 240,000 	 -   	240000	240028.97	100	100.01207	28.97	7/31/2026	Muni	100	Single	RFRSwap	3.50	3.50	0.77	-1.56	0.008	 19 	0.24	0.16	0.20	0.18	0.00	0.00	0.00	0.7	0.0	-153.6	-68	0.00	0.00	0.00	0.00	0.00	0.00	0.00	0.13	0.00	0.73	0.13	0.00	0.60	0.13	0.00	0.47	0.13	0.00	0.22	1.52	0.02	-0.51	2.58	0.03	-2.70
233_PUB_HTM	612068	046558DS8	MUNI	IG-2	ATASCADERO CA UNIF SCH DIST		4	8/1/2031	755000	 755,000 	 -   	766158.98	763017.87	101.478	101.06197	-3141.11	7/31/2026	Muni	100	Single	RFRSwap	3.77	3.67	1.70	-0.86	0.018	 132 	0.67	0.19	0.18	0.67	0.00	0.00	0.00	1.5	0.0	-160.5	-119	0.00	0.00	0.00	0.00	0.00	0.00	0.00	1.00	0.01	5.31	0.99	0.01	4.24	0.98	0.01	3.19	1.45	0.02	0.94	2.38	0.02	-1.01	3.16	0.03	-3.81
233_PUB_HTM	612747	046558DT6	MUNI	IG-2	ATASCADERO CA UNIF SCH DIST		4	8/1/2032	770000	 770,000 	 -   	781172.94	777056.13	101.451	100.91638	-4116.82	7/31/2026	Muni	100	Single	RFRSwap	3.83	3.73	1.92	-1.10	0.020	 152 	0.64	0.20	0.19	0.76	0.15	0.00	0.00	1.8	0.0	-159.8	-105	0.00	0.00	0.00	0.00	0.00	0.00	0.00	1.00	0.01	5.45	0.99	0.01	4.38	0.98	0.01	3.33	1.60	0.02	1.01	2.74	0.03	-1.21	3.68	0.04	-4.46
233_PUB_HTM	611814	047195JC7	MUNI	IG-2	ATHENS OH CITY SCH DIST		4	12/1/2035	600000	 600,000 	 -   	621204.9	604567.26	103.5342	100.76121	-16637.64	7/31/2026	Muni	100	Single	RFRSwap	3.90	3.55	4.29	-1.10	0.043	 261 	0.00	0.66	0.69	0.88	2.06	0.00	0.00	4.2	0.0	-133.9	-52	0.00	0.00	0.00	0.00	0.00	0.00	0.00	2.14	0.02	13.16	2.24	0.03	10.73	2.37	0.03	8.18	4.40	0.05	1.32	5.52	0.05	-3.72	6.26	0.06	-9.34
233_PUB_HTM	612293	0498434S1	MUNI	IG-2	ATTLEBORO MA		3	10/15/2034	2425000	 2,425,000 	 -   	2431182.49	2275898.63	100.2549	93.85149	-155283.86	7/31/2026	Muni	100	Single	RFRSwap	3.88	2.96	5.86	-0.49	0.056	 1,346 	-0.01	0.15	0.30	2.27	3.14	0.00	0.00	6.1	0.0	-64.7	-41	0.00	0.00	0.00	0.00	0.00	0.00	0.00	2.09	0.02	15.59	2.21	0.02	13.30	3.26	0.03	10.51	5.87	0.06	0.98	6.36	0.06	-4.73	6.58	0.06	-10.39
233_PUB_HTM	611502	0498434T9	MUNI	IG-2	ATTLEBORO MA		3	10/15/2035	2575000	 2,575,000 	 -   	2575562.07	2381970.02	100.0218	92.50369	-193592.05	7/31/2026	Muni	100	Single	RFRSwap	3.98	3.00	6.56	-0.39	0.061	 1,578 	-0.01	0.10	0.25	1.46	4.77	0.00	0.00	6.9	0.0	-56.9	-34	0.00	0.00	0.00	0.00	0.00	0.00	0.00	2.08	0.02	16.75	2.23	0.02	14.46	3.57	0.04	11.53	6.50	0.06	1.03	7.04	0.06	-5.19	7.22	0.06	-11.28
233_PUB_HTM	612484	0522492S7	MUNI	IG-2	AUSTIN MN		2.375	12/1/2026	415000	 415,000 	 -   	415000	414444.52	100	99.86615	-555.48	7/31/2026	Muni	100	Single	RFRSwap	2.77	2.37	0.31	-0.13	0.003	 13 	0.31	0.00	0.00	0.00	0.00	0.00	0.00	0.3	0.0	-114.3	-113	0.00	0.00	0.00	0.00	0.00	0.00	0.00	0.04	0.00	0.48	0.08	0.00	0.43	0.09	0.00	0.34	0.13	0.00	0.15	0.33	0.00	-0.12	0.33	0.00	-0.45
233_PUB_HTM	612218	0522492T5	MUNI	IG-2	AUSTIN MN		2.5	12/1/2027	425000	 425,000 	 -   	425000	422591.44	100	99.43328	-2408.56	7/31/2026	Muni	100	Single	RFRSwap	2.93	2.50	1.05	-0.48	0.010	 44 	0.77	0.30	0.00	0.00	0.00	0.00	0.00	1.1	0.0	-130.1	-122	0.00	0.00	0.00	0.00	0.00	0.00	0.00	0.04	0.00	0.93	0.08	0.00	0.88	0.09	0.00	0.79	0.42	0.00	0.56	1.16	0.01	-0.34	1.26	0.01	-1.56
233_PUB_HTM	611445	052430PM1	MUNI	IG-2	AUSTIN TX INDEP SCH DIST		4	8/1/2031	2000000	 2,000,000 	 -   	2000000	2000931.6	100	100.04658	931.6	7/31/2026	Muni	100	Single	RFRSwap	3.99	4.00	0.84	-1.81	0.009	 172 	0.23	0.07	0.09	0.44	0.00	0.00	0.00	0.6	0.0	-132.0	-21	0.00	0.00	0.00	0.00	0.00	0.00	0.00	0.13	0.00	0.73	0.13	0.00	0.60	0.13	0.00	0.47	0.13	0.00	0.22	1.95	0.02	-0.72	3.34	0.03	-3.50
233_PUB_HTM	612909	052430PN9	MUNI	IG-2	AUSTIN TX INDEP SCH DIST		4	8/1/2032	2000000	 2,000,000 	 -   	2000000	2000644.8	100	100.03224	644.8	7/31/2026	Muni	100	Single	RFRSwap	3.99	4.00	0.96	-2.18	0.010	 196 	0.23	0.07	0.09	0.45	0.08	0.00	0.00	0.7	0.0	-139.5	-22	0.00	0.00	0.00	0.00	0.00	0.00	0.00	0.13	0.00	0.76	0.13	0.00	0.63	0.13	0.00	0.50	0.14	0.00	0.24	2.33	0.02	-0.86	3.85	0.04	-4.09
233_PUB_HTM	611244	052430PP4	MUNI	IG-2	AUSTIN TX INDEP SCH DIST		4	8/1/2033	1000000	 1,000,000 	 -   	1000000	1000172.4	100	100.01724	172.4	7/31/2026	Muni	100	Single	RFRSwap	4.00	4.00	1.07	-2.51	0.011	 109 	0.24	0.09	0.10	0.44	0.21	0.00	0.00	0.9	0.0	-146.1	-25	0.00	0.00	0.00	0.00	0.00	0.00	0.00	0.13	0.00	0.78	0.13	0.00	0.65	0.13	0.00	0.52	0.27	0.00	0.26	2.94	0.03	-1.19	4.51	0.04	-5.02
233_PUB_HTM	612193	054141JX5	MUNI	IG-2	AVON MA		3	9/15/2034	830000	 830,000 	 -   	833700.5	798199.13	100.4458	96.16857	-35501.37	7/31/2026	Muni	100	Single	RFRSwap	3.55	2.94	5.23	-0.75	0.051	 422 	-0.01	0.32	0.40	2.06	2.48	0.00	0.00	5.2	0.0	-113.5	-74	0.00	0.00	0.00	0.00	0.00	0.00	0.00	2.05	0.02	14.17	2.09	0.02	11.91	2.73	0.03	9.42	5.28	0.05	1.09	5.95	0.06	-4.33	6.31	0.06	-9.87
233_PUB_HTM	612869	054141JY3	MUNI	IG-2	AVON MA		3	9/15/2035	860000	 860,000 	 -   	861888.51	816154.53	100.2196	94.90169	-45733.98	7/31/2026	Muni	100	Single	RFRSwap	3.66	2.97	5.94	-0.79	0.057	 490 	-0.01	0.23	0.35	1.44	3.93	0.00	0.00	6.1	0.0	-102.2	-66	0.00	0.00	0.00	0.00	0.00	0.00	0.00	2.05	0.02	15.17	2.10	0.02	12.92	2.94	0.03	10.35	5.92	0.06	1.09	6.63	0.06	-4.85	6.96	0.06	-10.87
233_PUB_HTM	611743	054141JZ0	MUNI	IG-2	AVON MA		3	9/15/2036	880000	 880,000 	 -   	879779.9	817393.72	99.975	92.88565	-62386.18	7/31/2026	Muni	100	Single	RFRSwap	3.86	3.00	6.80	-0.58	0.064	 563 	-0.01	0.14	0.26	0.60	5.74	0.07	0.00	7.0	0.0	-80.1	-50	0.00	0.00	0.00	0.00	0.00	0.00	0.00	2.04	0.02	16.64	2.13	0.02	14.39	3.35	0.04	11.63	6.75	0.06	1.07	7.40	0.07	-5.46	7.68	0.06	-11.91
233_PUB_HTM	611197	05620PKA0	MUNI	IG-2	BABYLON NY		3	6/1/2032	1015000	 1,015,000 	 -   	1015000	980323.34	100	96.58358	-34676.66	7/31/2026	Muni	100	Single	RFRSwap	3.66	3.00	4.03	-1.02	0.039	 397 	0.10	0.20	0.35	2.88	0.51	0.00	0.00	3.9	0.0	-80.6	-56	0.00	0.00	0.00	0.00	0.00	0.00	0.00	0.04	0.00	3.78	0.08	0.00	3.73	0.09	0.00	3.64	3.52	0.03	1.59	4.62	0.04	-2.48	4.92	0.04	-6.92
233_PUB_HTM	612372	05620PKB8	MUNI	IG-2	BABYLON NY		3	6/1/2033	1045000	 1,045,000 	 -   	1045000	999147.28	100	95.61218	-45852.72	7/31/2026	Muni	100	Single	RFRSwap	3.73	3.00	4.77	-0.98	0.046	 479 	0.07	0.17	0.31	2.84	1.41	0.00	0.00	4.8	0.0	-74.3	-51	0.00	0.00	0.00	0.00	0.00	0.00	0.00	0.04	0.00	4.75	0.08	0.00	4.70	0.09	0.00	4.61	4.48	0.04	1.55	5.46	0.05	-3.30	5.72	0.05	-8.37
233_PUB_HTM	611931	05620PKC6	MUNI	IG-2	BABYLON NY		3	6/1/2034	940000	 940,000 	 -   	940000	887168.52	100	94.37963	-52831.48	7/31/2026	Muni	100	Single	RFRSwap	3.84	3.00	5.56	-0.85	0.053	 496 	0.04	0.13	0.26	2.51	2.66	0.00	0.00	5.8	0.0	-64.6	-44	0.00	0.00	0.00	0.00	0.00	0.00	0.00	0.04	0.00	5.97	0.08	0.00	5.92	0.09	0.00	5.83	5.63	0.05	1.02	6.38	0.06	-4.65	6.53	0.06	-10.32
233_PUB_HTM	611923	058219VK9	MUNI	IG-2	BALDWIN PARK CA UNIF SCH DIST		3	8/1/2038	300000	 300,000 	 -   	300092.07	266898.33	100.0307	88.96611	-33193.74	7/31/2026	Muni	100	Single	RFRSwap	4.18	3.00	8.31	-0.19	0.075	 225 	-0.01	0.04	0.13	0.42	6.26	1.45	0.00	9.3	0.0	-45.8	-25	0.00	0.00	0.00	0.00	0.00	0.00	0.00	1.98	0.02	19.29	2.12	0.02	17.13	4.35	0.05	13.92	8.26	0.08	0.78	8.75	0.07	-6.70	8.87	0.07	-13.78
233_PUB_HTM	612717	05914FB66	MUNI	IG-2	BALTIMORE CNTY MD		3	2/1/2034	2000000	 2,000,000 	 -   	2000000	1915864	100	95.7932	-84136	7/31/2026	Muni	100	Single	RFRSwap	3.65	3.00	4.93	-1.22	0.048	 959 	0.08	0.18	0.31	2.44	1.97	0.00	0.00	5.0	0.0	-89.9	-62	0.00	0.00	0.00	0.00	0.00	0.00	0.00	0.13	0.00	4.81	0.13	0.00	4.68	0.13	0.00	4.55	4.83	0.05	1.21	5.88	0.05	-4.06	6.15	0.05	-9.54
233_PUB_HTM	611235	05914FQ94	MUNI	IG-2	BALTIMORE CNTY MD		4	3/1/2035	3000000	 3,000,000 	 -   	3068673.94	3020411.1	102.2891	100.68037	-48262.84	7/31/2026	Muni	100	Single	RFRSwap	3.91	3.69	3.30	-1.36	0.034	 1,013 	0.27	0.64	0.31	0.90	1.25	0.00	0.00	3.2	0.0	-145.0	-61	0.00	0.00	0.00	0.00	0.00	0.00	0.00	1.53	0.02	9.08	1.55	0.02	7.39	1.56	0.02	5.71	3.35	0.03	1.12	4.74	0.05	-2.99	5.58	0.05	-8.02
233_PUB_HTM	611847	059189XG0	MUNI	IG-2	BALTIMORE MD		3	10/15/2035	3645000	 3,645,000 	 -   	3651430.83	3354077.61	100.1764	92.01859	-297353.22	7/31/2026	Muni	100	Single	RFRSwap	4.05	2.98	6.79	-0.12	0.063	 2,299 	-0.01	-0.02	0.30	1.52	4.98	0.00	0.00	7.2	0.0	-46.9	-28	0.00	0.00	0.00	0.00	0.00	0.00	0.00	3.03	0.03	20.74	3.36	0.04	17.29	4.75	0.05	12.98	6.82	0.06	1.02	7.18	0.06	-5.37	7.30	0.06	-11.49
233_PUB_HTM	611330	059189XH8	MUNI	IG-2	BALTIMORE MD		3	10/15/2036	1355000	 1,355,000 	 -   	1354508.45	1228377.69	99.9637	90.65518	-126130.76	7/31/2026	Muni	100	Single	RFRSwap	4.13	3.00	7.43	-0.07	0.068	 921 	-0.01	-0.02	0.23	0.58	6.52	0.13	0.00	8.0	0.0	-42.0	-23	0.00	0.00	0.00	0.00	0.00	0.00	0.00	3.03	0.03	21.93	3.43	0.04	18.46	5.12	0.05	13.91	7.45	0.07	1.02	7.82	0.07	-5.82	7.93	0.06	-12.32
233_PUB_HTM	612235	0600956A9	MUNI	IG-2	BANGOR ME		3.75	3/1/2032	300000	 300,000 	 -   	300000	300001.68	100	100.00056	1.68	7/31/2026	Muni	100	Single	RFRSwap	3.75	3.75	1.18	-1.93	0.012	 36 	0.30	0.12	0.14	0.61	0.07	0.00	0.00	1.1	0.0	-154.5	-46	0.00	0.00	0.00	0.00	0.00	0.00	0.00	0.17	0.00	1.26	0.20	0.00	1.08	0.21	0.00	0.86	0.43	0.00	0.39	2.41	0.02	-0.94	3.73	0.04	-4.08
233_PUB_HTM	611622	0600956B7	MUNI	IG-2	BANGOR ME		3.75	3/1/2033	300000	 300,000 	 -   	300000	299925.06	100	99.97502	-74.94	7/31/2026	Muni	100	Single	RFRSwap	3.75	3.75	1.30	-2.23	0.013	 39 	0.30	0.12	0.13	0.59	0.23	0.00	0.00	1.2	0.0	-162.1	-48	0.00	0.00	0.00	0.00	0.00	0.00	0.00	0.17	0.00	1.30	0.20	0.00	1.12	0.21	0.00	0.90	0.53	0.01	0.42	2.86	0.03	-1.18	4.33	0.04	-4.83
MTBC_AFS	611091	065437105	Misc_Securities	E-9	BANK OF UTICA	1	0	12/31/2100	255000	 255,000 	 -   	255000	952875.08	100	373.6765	697875.08	7/31/2026																																														
MTBC_AFS	611094	065437204	Misc_Securities	E-9	BANK OF UTICA	1	0	12/31/2100	1020000	 1,020,000 	 -   	1020000	3841080.3	100	376.5765	2821080.3	7/31/2026																																														
233_PUB_HTM	611707	067032GL0	MUNI	IG-2	BARABOO WI SCH DIST		3.75	4/1/2033	35000	 35,000 	 -   	35000	35000.13	100	100.00036	0.13	7/31/2026	Muni	100	Single	RFRSwap	3.75	3.75	0.83	-2.05	0.008	 3 	0.19	0.07	0.08	0.36	0.14	0.00	0.00	0.7	0.0	-181.5	-49	0.00	0.00	0.00	0.00	0.00	0.00	0.00	0.04	0.00	0.52	0.08	0.00	0.47	0.09	0.00	0.38	0.17	0.00	0.20	2.40	0.02	-0.92	4.15	0.04	-4.31
233_PUB_HTM	611329	067167XM3	MUNI	IG-2	BARBERS HILL TX INDEP SCH DIST		5	2/15/2031	1500000	 1,500,000 	 -   	1562478.34	1546957.35	104.1652	103.13049	-15520.99	7/31/2026	Muni	100	Single	RFRSwap	4.23	3.99	1.81	-0.35	0.019	 286 	0.52	0.75	0.24	0.32	0.00	0.00	0.00	1.8	0.0	-140.2	-126	0.00	0.00	0.00	0.00	0.00	0.00	0.00	1.49	0.02	7.71	1.49	0.02	6.04	1.48	0.02	4.39	1.64	0.02	1.13	2.09	0.02	-0.83	2.63	0.03	-3.27
233_PUB_HTM	611811	067167XN1	MUNI	IG-2	BARBERS HILL TX INDEP SCH DIST		4	2/15/2032	1000000	 1,000,000 	 -   	1024595.98	1008626.8	102.4596	100.86268	-15969.18	7/31/2026	Muni	100	Single	RFRSwap	3.83	3.51	2.52	-0.81	0.026	 259 	0.36	0.62	0.28	1.15	0.11	0.00	0.00	2.4	0.0	-126.6	-75	0.00	0.00	0.00	0.00	0.00	0.00	0.00	1.51	0.02	8.30	1.51	0.02	6.65	1.50	0.02	5.02	2.33	0.02	1.32	3.15	0.03	-1.51	3.79	0.04	-5.00
233_PUB_HTM	612321	067167XP6	MUNI	IG-2	BARBERS HILL TX INDEP SCH DIST		4	2/15/2033	1000000	 1,000,000 	 -   	1024090.33	1006600.9	102.409	100.66009	-17489.43	7/31/2026	Muni	100	Single	RFRSwap	3.88	3.58	2.83	-1.01	0.029	 290 	0.33	0.61	0.29	1.21	0.41	0.00	0.00	2.6	0.0	-127.9	-61	0.00	0.00	0.00	0.00	0.00	0.00	0.00	1.51	0.02	8.54	1.51	0.02	6.88	1.50	0.02	5.25	2.63	0.03	1.35	3.64	0.04	-1.85	4.38	0.04	-5.85
233_PUB_HTM	611838	069338QJ3	MUNI	IG-2	BARTLETT IL		2	12/1/2035	1035000	 1,035,000 	 -   	922330.87	819689.57	89.1141	79.19706	-102641.3	7/31/2026	Muni	100	Single	RFRSwap	4.79	3.37	8.11	0.72	0.065	 668 	-0.02	-0.04	-0.09	0.88	7.37	0.00	0.00	9.1	0.0	44.7	46	0.00	0.00	0.00	0.00	0.00	0.00	0.00	2.23	0.02	25.41	5.79	0.06	21.63	7.73	0.07	14.75	8.16	0.07	0.70	8.09	0.06	-5.56	7.99	0.05	-11.28
233_PUB_HTM	611264	069338QK0	MUNI	IG-2	BARTLETT IL		2	12/1/2036	1055000	 1,055,000 	 -   	926967.81	811650.43	87.8642	76.93369	-115317.38	7/31/2026	Muni	100	Single	RFRSwap	4.87	3.40	8.87	0.87	0.069	 723 	-0.02	-0.04	-0.09	-0.32	9.02	0.32	0.00	10.1	0.0	48.6	50	0.00	0.00	0.00	0.00	0.00	0.00	0.00	2.27	0.02	27.58	6.53	0.07	23.37	8.51	0.08	15.79	8.91	0.07	0.69	8.82	0.06	-5.92	8.70	0.06	-11.91
233_PUB_HTM	612019	069338QL8	MUNI	IG-2	BARTLETT IL		2	12/1/2037	1075000	 1,075,000 	 -   	918218.01	800183.24	85.4156	74.43565	-118034.77	7/31/2026	Muni	100	Single	RFRSwap	4.98	3.58	9.60	1.03	0.072	 772 	-0.02	-0.04	-0.09	-0.35	8.70	1.40	0.00	11.0	0.0	56.1	57	0.00	0.00	0.00	0.00	0.00	0.00	0.00	2.40	0.03	29.89	7.55	0.08	24.96	9.42	0.09	16.56	9.67	0.07	0.53	9.55	0.07	-6.37	9.39	0.06	-12.55
233_PUB_HTM	611162	069338QM6	MUNI	IG-2	BARTLETT IL		2	12/1/2038	1100000	 1,100,000 	 -   	962968.9	792408.32	87.5426	72.03712	-170560.58	7/31/2026	Muni	100	Single	RFRSwap	5.08	3.23	10.32	1.21	0.075	 821 	-0.02	-0.03	-0.09	-0.37	8.18	2.65	0.00	12.0	0.0	62.4	63	0.00	0.00	0.00	0.00	0.00	0.00	0.00	2.62	0.03	32.11	8.60	0.08	26.37	10.28	0.09	17.21	10.39	0.08	0.35	10.24	0.07	-6.78	10.05	0.06	-13.10
233_PUB_HTM	612539	069338QN4	MUNI	IG-2	BARTLETT IL		2	12/1/2039	500000	 500,000 	 -   	432581.9	350602.9	86.5164	70.12058	-81979	7/31/2026	Muni	100	Single	RFRSwap	5.12	3.25	10.99	1.38	0.077	 387 	-0.02	-0.03	-0.09	-0.37	7.46	4.04	0.00	13.0	0.0	62.9	64	0.00	0.00	0.00	0.00	0.00	0.00	0.00	2.83	0.03	34.00	9.38	0.09	27.62	10.99	0.10	17.86	11.08	0.08	0.23	10.89	0.07	-7.12	10.67	0.06	-13.59
HTM	613015	07324SCM2	Non-Agency CMBS	N-6	BAYVIEW COMMERCIAL ASSET TRUST	0.041334468	0	11/25/2035	6511000	 269,129 	 34,671.49 	 269,129 	 380,297 	 100 	141.30686	 111,169 	7/31/2026																																														
HTM	613109	07324SDQ2	Non-Agency CMBS	N-6	BAYVIEW COMMERCIAL ASSET TRUST	0.037197812	0	4/25/2036	3655000	 135,958 	 (41,395.23)	 135,958 	 409,602 	 100 	301.27121	 273,644 	7/31/2026																																														
HTM	613011	073250BM3	Non-Agency MBS	N-6	BAYVIEW FINANCIAL ACQUISITION	0.092628629	4.85788	2/28/2040	16000000	 1,482,058 	 292,018.35 	 1,470,805 	 1,460,909 	 99 	98.57298	 (9,896)	7/31/2026																																														
HTM	612159	073250BR2	Non-Agency MBS	N-6	BAYVIEW FINANCIAL ACQUISITION	0.092631057	0	2/28/2040	26600000	 2,463,986 	 469,161.52 	 2,463,986 	 1,406,276 	 100 	57.07322	 (1,057,710)	7/31/2026																																														
HTM	613338	073250BV3	Non-Agency MBS	N-6	BAYVIEW FINANCIAL REVOLVING MO	0.036138368	0	12/28/2040	40000000	 1,445,535 	 627,758.70 	 1,445,535 	 1,609,124 	 100 	111.31687	 163,589 	7/31/2026																																														
HTM	612532	073250BX9	Non-Agency MBS	N-6	BAYVIEW FINANCIAL REVOLVING MO	0.036138368	3.5	12/28/2040	23150000	 836,603 	 359,451.27 	 836,603 	 4,092,845 	 100 	489.2218	 3,256,242 	7/31/2026																																														
HTM	612289	073250BY7	Non-Agency MBS	N-6	BAYVIEW FINANCIAL REVOLVING MO	0.036138368	0	12/28/2040	10500000	 379,453 	 174,596.43 	 379,453 	 1,922,815 	 100 	506.73352	 1,543,362 	7/31/2026																																														
HTM	613558	07326CAC9	Non-Agency CMO	N-6	BAYVIEW FINANCIAL ASSET TRUST	0.090870533	5.08888	10/25/2037	294731000	 26,782,363 	 6,039,032.70 	 25,271,682 	 26,300,390 	 94 	98.20041	 1,028,708 	7/31/2026																																														
233_PUB_HTM	611728	073900L59	MUNI	IG-2	BEAUFORT CNTY SC SCH DIST		3	3/1/2037	2500000	 2,500,000 	 -   	2486167.37	2274546.25	99.4467	90.98185	-211621.12	7/31/2026	Muni	100	Single	RFRSwap	4.06	3.06	7.57	-0.04	0.070	 1,746 	-0.01	-0.02	0.20	0.66	6.39	0.36	0.00	8.2	0.0	-53.1	-32	0.00	0.00	0.00	0.00	0.00	0.00	0.00	3.43	0.04	23.50	3.85	0.04	19.50	5.44	0.06	14.47	7.63	0.07	1.01	7.99	0.07	-6.03	8.11	0.06	-12.70
233_PUB_HTM	612548	075147CS5	MUNI	IG-2	BEAVER DAM WI UNIF SCH DIST		2.45	4/1/2029	350000	 350,000 	 -   	349575.95	337856.75	99.8788	96.5305	-11719.2	7/31/2026	Muni	100	Single	RFRSwap	3.83	2.50	2.42	-0.07	0.024	 82 	0.02	0.89	1.50	0.00	0.00	0.00	0.00	2.5	0.0	-36.3	-34	0.00	0.00	0.00	0.00	0.00	0.00	0.00	0.04	0.00	3.75	0.08	0.00	3.70	0.09	0.00	3.61	2.31	0.02	1.37	2.46	0.02	-0.99	2.47	0.02	-3.34
233_PUB_HTM	611884	075147CT3	MUNI	IG-2	BEAVER DAM WI UNIF SCH DIST		2.55	4/1/2030	535000	 535,000 	 -   	534200.51	510298.35	99.8506	95.38287	-23902.15	7/31/2026	Muni	100	Single	RFRSwap	3.91	2.59	3.22	-0.12	0.031	 166 	0.01	0.10	2.13	0.98	0.00	0.00	0.00	3.3	0.0	-29.7	-26	0.00	0.00	0.00	0.00	0.00	0.00	0.00	0.04	0.00	4.90	0.08	0.00	4.85	0.09	0.00	4.76	3.11	0.03	1.57	3.32	0.03	-1.56	3.33	0.03	-4.66
233_PUB_HTM	611960	075147CU0	MUNI	IG-2	BEAVER DAM WI UNIF SCH DIST		2.65	4/1/2031	550000	 550,000 	 -   	550000	518856.42	100	94.33753	-31143.59	7/31/2026	Muni	100	Single	RFRSwap	3.99	2.65	3.99	-0.15	0.038	 209 	0.00	0.07	0.83	3.09	0.00	0.00	0.00	4.2	0.0	-24.4	-19	0.00	0.00	0.00	0.00	0.00	0.00	0.00	0.04	0.00	5.95	0.08	0.00	5.90	0.09	0.00	5.81	3.92	0.04	1.57	4.15	0.04	-2.29	4.17	0.04	-6.08
233_PUB_HTM	612623	075147CV8	MUNI	IG-2	BEAVER DAM WI UNIF SCH DIST		2.7	4/1/2032	565000	 565,000 	 -   	564346.48	526001.44	99.8843	93.0976	-38345.04	7/31/2026	Muni	100	Single	RFRSwap	4.08	2.72	4.76	-0.13	0.045	 253 	-0.01	0.04	0.17	3.97	0.58	0.00	0.00	5.0	0.0	-19.1	-13	0.00	0.00	0.00	0.00	0.00	0.00	0.00	0.04	0.00	7.19	0.08	0.00	7.14	0.09	0.00	7.05	4.68	0.04	1.78	4.94	0.05	-2.75	4.96	0.04	-7.17
233_PUB_HTM	611208	07916PCN0	MUNI	IG-2	BELLEVUE KY	1	2.3	2/1/2028	315000	 315,000 	 -   	315000	312275	100	99.13492	-2725	7/31/2026	Muni	100	Single	RFRSwap	3.18	2.30	0.95	-0.06	0.009	 30 	0.62	0.33	0.00	0.00	0.00	0.00	0.00	1.0	0.0	-96.3	-95	0.00	0.00	0.00	0.00	0.00	0.00	0.00	0.13	0.00	1.39	0.13	0.00	1.26	0.13	0.00	1.13	0.77	0.01	0.62	0.96	0.01	-0.31	0.96	0.01	-1.27
233_PUB_HTM	612048	07916PCP5	MUNI	IG-2	BELLEVUE KY		2.375	2/1/2029	210000	 210,000 	 -   	210000	206224.18	100	98.20199	-3775.82	7/31/2026	Muni	100	Single	RFRSwap	3.13	2.38	2.05	-0.41	0.020	 43 	0.15	1.08	0.83	0.00	0.00	0.00	0.00	2.1	0.0	-114.2	-105	0.00	0.00	0.00	0.00	0.00	0.00	0.00	0.13	0.00	2.35	0.13	0.00	2.22	0.13	0.00	2.09	1.62	0.02	1.17	2.20	0.02	-0.83	2.30	0.02	-3.04
233_PUB_HTM	612715	07916PCQ3	MUNI	IG-2	BELLEVUE KY		2.5	2/1/2030	230000	 230,000 	 -   	230000	223911.79	100	97.35295	-6088.21	7/31/2026	Muni	100	Single	RFRSwap	3.31	2.50	2.78	-0.50	0.027	 63 	0.10	0.24	1.89	0.55	0.00	0.00	0.00	2.8	0.0	-99.0	-87	0.00	0.00	0.00	0.00	0.00	0.00	0.00	0.13	0.00	3.20	0.13	0.00	3.07	0.13	0.00	2.94	2.41	0.02	1.41	3.02	0.03	-1.35	3.15	0.03	-4.32
233_PUB_HTM	611795	07916PCR1	MUNI	IG-2	BELLEVUE KY		2.625	2/1/2031	245000	 245,000 	 -   	245000	234127.44	100	95.56222	-10872.56	7/31/2026	Muni	100	Single	RFRSwap	3.70	2.63	3.70	-0.33	0.036	 88 	0.02	0.13	1.10	2.45	0.00	0.00	0.00	3.8	0.0	-56.4	-48	0.00	0.00	0.00	0.00	0.00	0.00	0.00	0.13	0.00	4.95	0.13	0.00	4.82	0.13	0.00	4.69	3.55	0.03	1.56	3.94	0.04	-2.11	4.00	0.04	-5.82
233_PUB_HTM	611902	081077F20	MUNI	IG-2	BELTON TX INDEP SCH DIST		4	2/15/2031	125000	 125,000 	 -   	125075.65	125057.79	100.0605	100.04623	-17.87	7/31/2026	Muni	100	Single	RFRSwap	3.99	3.98	1.01	-1.13	0.010	 13 	0.28	0.09	0.21	0.38	0.00	0.00	0.00	0.8	0.0	-159.0	-21	0.00	0.00	0.00	0.00	0.00	0.00	0.00	0.17	0.00	1.21	0.20	0.00	1.03	0.21	0.00	0.82	0.36	0.00	0.35	1.75	0.02	-0.66	2.90	0.03	-3.08
233_PUB_HTM	612918	081077F38	MUNI	IG-2	BELTON TX INDEP SCH DIST		4	2/15/2032	110000	 110,000 	 -   	110065.1	110036.5	100.0592	100.03318	-28.6	7/31/2026	Muni	100	Single	RFRSwap	3.99	3.99	1.13	-1.40	0.012	 13 	0.27	0.09	0.11	0.56	0.05	0.00	0.00	0.8	0.0	-169.5	-22	0.00	0.00	0.00	0.00	0.00	0.00	0.00	0.17	0.00	1.24	0.20	0.00	1.06	0.21	0.00	0.85	0.41	0.00	0.38	2.08	0.02	-0.83	3.43	0.03	-3.68
233_PUB_HTM	612440	081077F46	MUNI	IG-2	BELTON TX INDEP SCH DIST		4	2/15/2033	250000	 250,000 	 -   	250144.5	250053.25	100.0578	100.0213	-91.25	7/31/2026	Muni	100	Single	RFRSwap	4.00	3.99	1.24	-1.68	0.013	 32 	0.28	0.08	0.10	0.54	0.18	0.00	0.00	0.9	0.0	-178.0	-24	0.00	0.00	0.00	0.00	0.00	0.00	0.00	0.17	0.00	1.28	0.20	0.00	1.10	0.21	0.00	0.88	0.50	0.01	0.40	2.47	0.02	-1.03	3.95	0.04	-4.31
233_PUB_HTM	611712	081077F53	MUNI	IG-2	BELTON TX INDEP SCH DIST		4	2/15/2034	250000	 250,000 	 -   	250139.03	250012.1	100.0556	100.00484	-126.93	7/31/2026	Muni	100	Single	RFRSwap	4.00	3.99	1.35	-1.98	0.014	 34 	0.28	0.09	0.11	0.49	0.35	0.00	0.00	1.0	0.0	-183.1	-27	0.00	0.00	0.00	0.00	0.00	0.00	0.00	0.17	0.00	1.31	0.20	0.00	1.13	0.21	0.00	0.92	0.73	0.01	0.40	3.10	0.03	-1.47	4.59	0.04	-5.35
233_PUB_HTM	612195	083763WP3	MUNI	IG-2	BERGEN CNTY NJ		2	11/1/2034	2740000	 2,740,000 	 -   	2470743.94	2295204.57	90.1731	83.76659	-175539.37	7/31/2026	Muni	100	Single	RFRSwap	4.36	3.37	7.19	0.46	0.061	 1,660 	-0.02	-0.04	-0.06	2.52	4.80	0.00	0.00	7.8	0.0	4.5	7	0.00	0.00	0.00	0.00	0.00	0.00	0.00	2.13	0.02	21.70	4.14	0.04	18.81	6.37	0.06	13.34	7.22	0.06	0.62	7.24	0.06	-5.31	7.17	0.05	-10.80
233_PUB_HTM	611391	083763WQ1	MUNI	IG-2	BERGEN CNTY NJ		2	11/1/2035	2125000	 2,125,000 	 -   	1886112.96	1734995.35	88.7583	81.64684	-151117.61	7/31/2026	Muni	100	Single	RFRSwap	4.44	3.43	7.97	0.60	0.066	 1,392 	-0.02	-0.04	-0.07	1.09	7.00	0.00	0.00	8.8	0.0	8.6	11	0.00	0.00	0.00	0.00	0.00	0.00	0.00	2.13	0.02	23.72	4.58	0.05	20.66	7.07	0.07	14.60	7.99	0.07	0.74	7.98	0.06	-5.63	7.91	0.06	-11.48
233_PUB_HTM	612420	084113TH2	MUNI	IG-2	BERKELEY CA		3	9/1/2032	810000	 810,000 	 -   	810000	784091.66	100	96.80144	-25908.34	7/31/2026	Muni	100	Single	RFRSwap	3.59	3.00	4.01	-1.18	0.039	 318 	0.12	0.21	0.35	2.71	0.66	0.00	0.00	4.0	0.0	-91.4	-63	0.00	0.00	0.00	0.00	0.00	0.00	0.00	0.17	0.00	4.17	0.20	0.00	3.99	0.21	0.00	3.77	3.44	0.03	1.57	4.69	0.04	-2.54	5.04	0.05	-7.12
233_PUB_HTM	611833	084113TJ8	MUNI	IG-2	BERKELEY CA		3	9/1/2033	445000	 445,000 	 -   	445000	423412.56	100	95.14889	-21587.44	7/31/2026	Muni	100	Single	RFRSwap	3.79	3.00	4.99	-0.90	0.048	 214 	0.05	0.15	0.28	2.81	1.71	0.00	0.00	5.1	0.0	-67.6	-47	0.00	0.00	0.00	0.00	0.00	0.00	0.00	0.17	0.00	5.77	0.20	0.00	5.59	0.21	0.00	5.37	4.81	0.05	1.45	5.69	0.05	-3.65	5.89	0.05	-8.90
233_PUB_HTM	611469	084113TK5	MUNI	IG-2	BERKELEY CA		3	9/1/2034	250000	 250,000 	 -   	250000	235282.2	100	94.11288	-14717.8	7/31/2026	Muni	100	Single	RFRSwap	3.85	3.00	5.71	-0.83	0.054	 136 	0.03	0.11	0.25	2.34	3.00	0.00	0.00	6.0	0.0	-63.2	-43	0.00	0.00	0.00	0.00	0.00	0.00	0.00	0.17	0.00	6.79	0.20	0.00	6.62	0.21	0.00	6.40	5.83	0.06	0.93	6.52	0.06	-4.92	6.67	0.06	-10.72
233_PUB_HTM	612955	084113TL3	MUNI	IG-2	BERKELEY CA		3	9/1/2035	660000	 660,000 	 -   	660000	612341.66	100	92.77904	-47658.34	7/31/2026	Muni	100	Single	RFRSwap	3.95	3.00	6.48	-0.65	0.061	 402 	0.01	0.08	0.20	1.55	4.65	0.00	0.00	7.0	0.0	-54.6	-37	0.00	0.00	0.00	0.00	0.00	0.00	0.00	0.17	0.00	8.11	0.20	0.00	7.93	0.22	0.00	7.72	6.62	0.06	0.96	7.24	0.06	-5.46	7.34	0.06	-11.71
233_PUB_HTM	612854	084113VV8	MUNI	IG-2	BERKELEY CA		3	9/1/2034	460000	 460,000 	 -   	462953.92	439291.67	100.6422	95.49819	-23662.25	7/31/2026	Muni	100	Single	RFRSwap	3.65	2.91	5.68	-0.41	0.055	 253 	-0.01	-0.02	0.62	2.35	2.76	0.00	0.00	5.9	0.0	-93.1	-64	0.00	0.00	0.00	0.00	0.00	0.00	0.00	2.98	0.03	18.51	3.09	0.03	15.12	3.93	0.04	11.34	5.80	0.06	1.09	6.22	0.06	-4.65	6.43	0.06	-10.32
233_PUB_HTM	612452	084113VX4	MUNI	IG-2	BERKELEY CA		3	9/1/2036	495000	 495,000 	 -   	494904.11	460744.76	99.9806	93.07975	-34159.35	7/31/2026	Muni	100	Single	RFRSwap	3.83	3.00	6.93	-0.35	0.065	 324 	-0.01	-0.02	0.44	0.67	5.81	0.05	0.00	7.3	0.0	-81.3	-52	0.00	0.00	0.00	0.00	0.00	0.00	0.00	2.98	0.03	20.52	3.16	0.04	17.13	4.46	0.05	13.06	6.99	0.07	1.10	7.47	0.07	-5.59	7.70	0.06	-12.08
233_PUB_HTM	612498	084113VY2	MUNI	IG-2	BERKELEY CA		3	9/1/2037	460000	 460,000 	 -   	455219.6	420277.39	98.9608	91.36465	-34942.21	7/31/2026	Muni	100	Single	RFRSwap	3.97	3.11	7.63	-0.22	0.071	 325 	-0.01	-0.02	0.31	0.60	6.07	0.70	0.00	8.3	0.0	-68.6	-42	0.00	0.00	0.00	0.00	0.00	0.00	0.00	2.97	0.03	21.79	3.27	0.04	18.39	4.92	0.05	14.04	7.68	0.07	0.96	8.14	0.07	-6.18	8.32	0.07	-13.04
233_PUB_HTM	611570	084113WV7	MUNI	IG-2	BERKELEY CA		3	9/1/2038	770000	 770,000 	 -   	752136.35	689904.68	97.68	89.59801	-62231.67	7/31/2026	Muni	100	Single	RFRSwap	4.10	3.23	8.31	-0.12	0.076	 581 	-0.01	-0.02	0.23	0.50	6.16	1.48	0.00	9.2	0.0	-56.7	-33	0.00	0.00	0.00	0.00	0.00	0.00	0.00	2.97	0.03	23.13	3.40	0.04	19.71	5.43	0.06	15.00	8.39	0.08	0.79	8.82	0.07	-6.80	8.95	0.07	-13.96
233_PUB_HTM	611925	084113WW5	MUNI	IG-2	BERKELEY CA		3	9/1/2039	650000	 650,000 	 -   	632438.39	571193.54	97.2982	87.87593	-61244.85	7/31/2026	Muni	100	Single	RFRSwap	4.21	3.26	9.01	0.00	0.080	 522 	-0.01	-0.02	0.16	0.40	6.00	2.48	0.00	10.2	0.0	-46.5	-25	0.00	0.00	0.00	0.00	0.00	0.00	0.00	2.97	0.03	24.48	3.57	0.04	21.02	6.01	0.06	15.94	9.04	0.08	0.63	9.45	0.08	-7.33	9.55	0.07	-14.76
233_PUB_HTM	611979	085797WF1	MUNI	IG-2	BERRYESSA CA UNION SCH DIST		2	8/1/2038	1450000	 1,450,000 	 -   	1245526.23	1087282.79	85.8984	74.98502	-158243.44	7/31/2026	Muni	100	Single	RFRSwap	4.76	3.44	9.96	1.06	0.076	 1,097 	-0.02	-0.04	-0.09	-0.31	8.25	2.16	0.00	11.5	0.0	30.8	33	0.00	0.00	0.00	0.00	0.00	0.00	0.00	2.06	0.02	29.45	6.74	0.07	25.39	9.43	0.09	17.15	10.00	0.08	0.43	9.90	0.07	-6.81	9.74	0.06	-13.28
233_PUB_HTM	611145	085797WG9	MUNI	IG-2	BERRYESSA CA UNION SCH DIST		2	8/1/2039	1700000	 1,700,000 	 -   	1421757.37	1231540.01	83.6328	72.44353	-190217.36	7/31/2026	Muni	100	Single	RFRSwap	4.89	3.59	10.65	1.26	0.078	 1,330 	-0.02	-0.04	-0.09	-0.33	7.63	3.49	0.00	12.5	0.0	40.2	42	0.00	0.00	0.00	0.00	0.00	0.00	0.00	2.17	0.02	31.79	7.91	0.08	26.93	10.34	0.09	17.83	10.72	0.08	0.28	10.56	0.07	-7.16	10.36	0.06	-13.74
233_PUB_HTM	611366	085797WH7	MUNI	IG-2	BERRYESSA CA UNION SCH DIST		2	8/1/2040	1850000	 1,850,000 	 -   	1519823.22	1284484.78	82.1526	69.43161	-235338.44	7/31/2026	Muni	100	Single	RFRSwap	5.08	3.64	11.32	1.47	0.080	 1,474 	-0.01	-0.03	-0.08	-0.36	6.80	5.00	0.00	13.6	0.0	56.1	58	0.00	0.00	0.00	0.00	0.00	0.00	0.00	2.44	0.03	34.45	9.40	0.09	28.36	11.29	0.10	18.36	11.40	0.08	0.18	11.18	0.07	-7.36	10.94	0.06	-13.96
233_PUB_HTM	612148	0876717X5	MUNI	IG-2	BETTENDORF IA		4	6/1/2032	695000	 695,000 	 -   	714202.3	703243.26	102.7629	101.18608	-10959.05	7/31/2026	Muni	100	Single	RFRSwap	3.77	3.47	2.85	-0.74	0.029	 201 	0.12	0.93	0.35	1.26	0.21	0.00	0.00	2.8	0.0	-131.8	-84	0.00	0.00	0.00	0.00	0.00	0.00	0.00	1.66	0.02	9.67	1.77	0.02	7.82	1.80	0.02	5.87	2.67	0.03	1.45	3.46	0.03	-1.68	4.05	0.04	-5.39
233_PUB_HTM	612832	0876717Y3	MUNI	IG-2	BETTENDORF IA		4	6/1/2033	725000	 725,000 	 -   	744075.16	732029.31	102.6311	100.96956	-12045.85	7/31/2026	Muni	100	Single	RFRSwap	3.84	3.56	3.15	-0.91	0.032	 232 	0.12	0.88	0.35	1.28	0.56	0.00	0.00	3.0	0.0	-133.2	-72	0.00	0.00	0.00	0.00	0.00	0.00	0.00	1.66	0.02	9.93	1.77	0.02	8.08	1.80	0.02	6.12	3.02	0.03	1.44	3.98	0.04	-2.12	4.64	0.04	-6.35
233_PUB_HTM	611402	0876717Z0	MUNI	IG-2	BETTENDORF IA		4	6/1/2034	755000	 755,000 	 -   	773964.25	760658.65	102.5118	100.74949	-13305.6	7/31/2026	Muni	100	Single	RFRSwap	3.89	3.63	3.45	-1.14	0.035	 264 	0.12	0.83	0.34	1.16	1.01	0.00	0.00	3.3	0.0	-134.5	-60	0.00	0.00	0.00	0.00	0.00	0.00	0.00	1.66	0.02	10.20	1.77	0.02	8.35	1.83	0.02	6.38	3.50	0.04	1.23	4.60	0.05	-2.88	5.34	0.05	-7.68
233_PUB_HTM	612116	0876718A4	MUNI	IG-2	BETTENDORF IA		4	6/1/2035	785000	 785,000 	 -   	804228.71	789411.94	102.4495	100.56203	-14816.77	7/31/2026	Muni	100	Single	RFRSwap	3.92	3.67	3.71	-1.30	0.038	 295 	0.11	0.80	0.33	0.93	1.56	0.00	0.00	3.5	0.0	-136.9	-49	0.00	0.00	0.00	0.00	0.00	0.00	0.00	1.66	0.02	10.45	1.77	0.02	8.59	1.84	0.02	6.63	3.82	0.04	1.20	5.07	0.05	-3.27	5.90	0.05	-8.53
233_PUB_HTM	612412	0876718B2	MUNI	IG-2	BETTENDORF IA		4	6/1/2036	815000	 815,000 	 -   	834935.03	817732.29	102.446	100.33525	-17202.74	7/31/2026	Muni	100	Single	RFRSwap	3.96	3.70	4.02	-1.41	0.041	 331 	0.11	0.77	0.33	0.59	2.22	0.00	0.00	3.8	0.0	-138.4	-38	0.00	0.00	0.00	0.00	0.00	0.00	0.00	1.66	0.02	10.72	1.77	0.02	8.87	1.85	0.02	6.90	4.05	0.04	1.23	5.45	0.05	-3.59	6.38	0.06	-9.24
233_PUB_HTM	611831	088095T53	MUNI	IG-2	BEVERLY MA		4	10/15/2029	480000	 480,000 	 -   	481767.48	481169.95	100.3682	100.24374	-597.53	7/31/2026	Muni	100	Single	RFRSwap	3.92	3.88	0.54	-0.71	0.006	 26 	0.26	0.07	0.22	0.02	0.00	0.00	0.00	0.5	0.0	-165.2	-107	0.00	0.00	0.00	0.00	0.00	0.00	0.00	0.11	0.00	1.00	0.19	0.00	0.87	0.21	0.00	0.66	0.23	0.00	0.23	0.98	0.01	-0.29	1.96	0.02	-1.81
233_PUB_HTM	611758	088095T61	MUNI	IG-2	BEVERLY MA		3	10/15/2030	1090000	 1,090,000 	 -   	1091223.94	1079188.62	100.1123	99.00813	-12035.32	7/31/2026	Muni	100	Single	RFRSwap	3.25	2.97	2.15	-1.50	0.021	 234 	0.30	0.26	0.82	0.87	0.00	0.00	0.00	2.1	0.0	-142.4	-92	0.00	0.00	0.00	0.00	0.00	0.00	0.00	0.11	0.00	2.13	0.19	0.00	2.01	0.21	0.00	1.79	1.33	0.01	0.85	2.38	0.02	-1.04	2.97	0.03	-3.69
233_PUB_HTM	612744	088095T79	MUNI	IG-2	BEVERLY MA		3	10/15/2031	590000	 590,000 	 -   	590566.92	582421.33	100.0961	98.71548	-8145.59	7/31/2026	Muni	100	Single	RFRSwap	3.27	2.98	2.63	-1.74	0.026	 155 	0.26	0.25	0.32	1.81	0.07	0.00	0.00	2.5	0.0	-145.6	-93	0.00	0.00	0.00	0.00	0.00	0.00	0.00	0.11	0.00	2.44	0.19	0.00	2.32	0.21	0.00	2.10	1.75	0.02	0.92	2.97	0.03	-1.44	3.61	0.03	-4.65
233_PUB_HTM	612815	088095T87	MUNI	IG-2	BEVERLY MA		3	10/15/2032	1090000	 1,090,000 	 -   	1090781.1	1061956.48	100.0717	97.4272	-28824.62	7/31/2026	Muni	100	Single	RFRSwap	3.46	2.99	3.74	-1.44	0.037	 401 	0.17	0.23	0.34	2.38	0.64	0.00	0.00	3.6	0.0	-115.5	-76	0.00	0.00	0.00	0.00	0.00	0.00	0.00	0.11	0.00	3.65	0.19	0.00	3.53	0.21	0.00	3.31	2.66	0.03	1.27	3.91	0.04	-2.03	4.47	0.04	-6.01
233_PUB_HTM	611201	088095U28	MUNI	IG-2	BEVERLY MA	1	3	10/15/2034	730000	 730,000 	 -   	730324.19	701988.22	100.0444	96.16277	-28335.97	7/31/2026	Muni	100	Single	RFRSwap	3.57	2.99	4.79	-1.39	0.046	 339 	0.11	0.20	0.32	2.18	2.03	0.00	0.00	4.8	0.0	-106.6	-70	0.00	0.00	0.00	0.00	0.00	0.00	0.00	0.11	0.00	4.89	0.19	0.00	4.77	0.21	0.00	4.56	3.97	0.04	1.06	5.10	0.05	-3.36	5.61	0.05	-8.28
233_PUB_HTM	611356	09005PBE9	MUNI	IG-2	BILLERICA MA		3	2/1/2033	2000000	 2,000,000 	 -   	2002970.61	1961306.4	100.1485	98.06532	-41664.21	7/31/2026	Muni	100	Single	RFRSwap	3.33	2.97	3.47	-1.69	0.035	 691 	0.23	0.24	0.32	2.00	0.72	0.00	0.00	3.3	0.0	-142.1	-90	0.00	0.00	0.00	0.00	0.00	0.00	0.00	0.51	0.01	4.81	0.51	0.01	4.28	0.51	0.01	3.76	2.65	0.03	1.22	3.93	0.04	-2.11	4.60	0.04	-6.21
233_PUB_HTM	612686	09088RXW1	MUNI	IG-2	BIRMINGHAM AL		4	12/1/2030	4000000	 4,000,000 	 -   	4000000	4001334.4	100	100.03336	1334.4	7/31/2026	Muni	100	Single	RFRSwap	3.99	4.00	0.50	-1.41	0.005	 203 	0.13	0.04	0.10	0.12	0.00	0.00	0.00	0.3	0.0	-134.8	-28	0.00	0.00	0.00	0.00	0.00	0.00	0.00	0.04	0.00	0.47	0.08	0.00	0.42	0.09	0.00	0.33	0.14	0.00	0.15	1.57	0.02	-0.47	2.89	0.03	-2.79
233_PUB_HTM	611854	092142EF1	MUNI	IG-2	BLACK JACK MO FIRE PROT DIST S	1	3.5	4/15/2032	425000	 425,000 	 -   	425000	414244.91	100	97.46939	-10755.09	7/31/2026	Muni	100	Single	RFRSwap	4.05	3.50	3.36	-1.15	0.033	 140 	0.15	0.23	0.55	2.28	0.17	0.00	0.00	3.3	0.0	-42.9	-15	0.00	0.00	0.00	0.00	0.00	0.00	0.00	0.04	0.00	2.91	0.08	0.00	2.86	0.09	0.00	2.77	2.75	0.03	1.36	3.99	0.04	-2.09	4.30	0.04	-6.04
233_PUB_HTM	611815	094491SM0	MUNI	IG-2	BLOOMINGTON IL		3.75	6/1/2033	930000	 930,000 	 -   	930000	900424.42	100	96.81983	-29575.58	7/31/2026	Muni	100	Single	RFRSwap	4.29	3.75	4.21	-1.38	0.041	 382 	0.13	0.22	0.35	2.40	1.16	0.00	0.00	4.2	0.0	-27.9	5	0.00	0.00	0.00	0.00	0.00	0.00	0.00	0.04	0.00	3.57	0.08	0.00	3.52	0.09	0.00	3.43	3.72	0.04	1.43	5.08	0.05	-2.99	5.47	0.05	-7.88
233_PUB_HTM	611340	094491SN8	MUNI	IG-2	BLOOMINGTON IL		3.75	6/1/2034	1050000	 1,050,000 	 -   	1050000	1004737.65	100	95.6893	-45262.35	7/31/2026	Muni	100	Single	RFRSwap	4.41	3.75	5.02	-1.21	0.048	 508 	0.09	0.18	0.31	2.23	2.24	0.00	0.00	5.2	0.0	-15.0	13	0.00	0.00	0.00	0.00	0.00	0.00	0.00	0.04	0.00	4.69	0.08	0.00	4.63	0.09	0.00	4.55	4.97	0.05	1.05	6.01	0.06	-4.28	6.27	0.05	-9.79
233_PUB_HTM	611423	095167TC6	MUNI	IG-2	BLOUNT CNTY TN		5	6/1/2030	820000	 820,000 	 -   	820000	820728.08	100	100.08879	728.08	7/31/2026	Muni	100	Single	RFRSwap	4.97	5.00	0.20	-0.43	0.002	 16 	0.09	0.02	0.06	0.03	0.00	0.00	0.00	0.2	0.0	-74.3	-36	0.00	0.00	0.00	0.00	0.00	0.00	0.00	0.03	0.00	0.29	0.06	0.00	0.25	0.06	0.00	0.19	0.06	0.00	0.06	0.63	0.01	-0.12	2.08	0.02	-1.61
233_PUB_HTM	612296	095167TD4	MUNI	IG-2	BLOUNT CNTY TN		5	6/1/2032	3130000	 3,130,000 	 -   	3130000	3132499.3	100	100.07985	2499.31	7/31/2026	Muni	100	Single	RFRSwap	4.98	5.00	0.27	-0.97	0.003	 84 	0.09	0.02	0.02	0.11	0.02	0.00	0.00	0.2	0.0	-84.0	-21	0.00	0.00	0.00	0.00	0.00	0.00	0.00	0.03	0.00	0.31	0.06	0.00	0.27	0.06	0.00	0.21	0.07	0.00	0.08	1.28	0.01	-0.33	3.14	0.03	-2.67
233_PUB_HTM	611563	097437RS8	MUNI	IG-2	BOISE CITY ID INDEP SCH DIST		5	8/1/2032	1000000	 1,000,000 	 -   	1013331.54	1010039.6	101.3332	101.00396	-3291.94	7/31/2026	Muni	100	Single	RFRSwap	4.81	4.74	1.05	-0.82	0.011	 109 	0.47	0.08	0.08	0.34	0.07	0.00	0.00	0.9	0.0	-144.7	-103	0.00	0.00	0.00	0.00	0.00	0.00	0.00	0.50	0.01	2.52	0.50	0.01	1.99	0.50	0.01	1.46	0.58	0.01	0.41	1.48	0.02	-0.55	2.85	0.03	-2.78
233_PUB_HTM	612479	097437RT6	MUNI	IG-2	BOISE CITY ID INDEP SCH DIST		5	8/1/2033	625000	 625,000 	 -   	633283.25	631037.44	101.3253	100.96599	-2245.81	7/31/2026	Muni	100	Single	RFRSwap	4.84	4.78	1.16	-0.96	0.012	 75 	0.47	0.08	0.08	0.34	0.16	0.00	0.00	1.0	0.0	-145.7	-95	0.00	0.00	0.00	0.00	0.00	0.00	0.00	0.50	0.01	2.56	0.50	0.01	2.02	0.50	0.01	1.50	0.64	0.01	0.44	1.87	0.02	-0.73	3.48	0.03	-3.50
233_PUB_HTM	611160	100853SR2	MUNI	IG-2	BOSTON MA		3	3/1/2031	3920000	 3,920,000 	 -   	3920000	3875929.4	100	98.87575	-44070.6	7/31/2026	Muni	100	Single	RFRSwap	3.27	3.00	2.36	-1.61	0.024	 926 	0.26	0.25	0.65	1.28	0.00	0.00	0.00	2.2	0.0	-139.5	-91	0.00	0.00	0.00	0.00	0.00	0.00	0.00	0.17	0.00	2.19	0.20	0.00	2.01	0.21	0.00	1.80	1.47	0.01	0.95	3.19	0.03	-1.51	3.74	0.04	-4.92
233_PUB_HTM	612114	101295FV0	MUNI	IG-2	BOTHELL WA		3	12/1/2032	285000	 285,000 	 -   	287260.74	274811.42	100.7932	96.42506	-12449.32	7/31/2026	Muni	100	Single	RFRSwap	3.64	2.86	4.87	-0.18	0.047	 135 	-0.01	-0.02	0.67	3.25	0.99	0.00	0.00	5.0	0.0	-80.7	-59	0.00	0.00	0.00	0.00	0.00	0.00	0.00	3.10	0.04	17.96	3.23	0.04	14.44	3.68	0.04	10.69	4.80	0.05	1.84	5.09	0.05	-2.94	5.24	0.05	-7.68
233_PUB_HTM	612790	101295FX6	MUNI	IG-2	BOTHELL WA		3	12/1/2034	1365000	 1,365,000 	 -   	1374253.43	1292231.3	100.6779	94.66896	-82022.13	7/31/2026	Muni	100	Single	RFRSwap	3.75	2.91	6.04	-0.23	0.057	 784 	-0.01	-0.02	0.50	2.33	3.25	0.00	0.00	6.3	0.0	-80.3	-54	0.00	0.00	0.00	0.00	0.00	0.00	0.00	3.10	0.04	19.78	3.38	0.04	16.22	4.40	0.05	12.02	6.16	0.06	1.03	6.55	0.06	-4.92	6.69	0.06	-10.71
233_PUB_HTM	612606	101295FY4	MUNI	IG-2	BOTHELL WA		3	12/1/2035	1405000	 1,405,000 	 -   	1409626.93	1306193.52	100.3293	92.96751	-103433.41	7/31/2026	Muni	100	Single	RFRSwap	3.91	2.96	6.73	-0.24	0.063	 884 	-0.01	-0.02	0.36	1.47	4.97	0.00	0.00	7.0	0.0	-66.2	-42	0.00	0.00	0.00	0.00	0.00	0.00	0.00	3.10	0.04	20.96	3.45	0.04	17.40	4.75	0.05	13.00	6.83	0.06	1.08	7.20	0.06	-5.36	7.37	0.06	-11.56
233_PUB_HTM	611876	101295FZ1	MUNI	IG-2	BOTHELL WA		3	12/1/2036	1445000	 1,445,000 	 -   	1437828.64	1323286.78	99.5037	91.57694	-114541.86	7/31/2026	Muni	100	Single	RFRSwap	4.00	3.06	7.40	-0.20	0.068	 984 	-0.01	-0.02	0.29	0.64	6.29	0.20	0.00	7.9	0.0	-59.6	-36	0.00	0.00	0.00	0.00	0.00	0.00	0.00	3.10	0.04	22.10	3.53	0.04	18.53	5.09	0.05	13.91	7.46	0.07	1.04	7.82	0.07	-5.83	7.99	0.06	-12.42
233_PUB_HTM	611638	102637UA1	MUNI	IG-2	BOWLING GREEN KY		3.25	6/1/2029	930000	 930,000 	 -   	930000	934926.49	100	100.52973	4926.49	7/31/2026	Muni	100	Single	RFRSwap	3.05	3.25	1.92	-0.57	0.019	 181 	0.26	0.82	0.86	0.00	0.00	0.00	0.00	1.9	0.0	-146.3	-122	0.00	0.00	0.00	0.00	0.00	0.00	0.00	0.04	0.00	1.93	0.08	0.00	1.88	0.09	0.00	1.79	1.41	0.01	1.05	2.12	0.02	-0.80	2.36	0.02	-3.02
233_PUB_HTM	612706	102637UB9	MUNI	IG-2	BOWLING GREEN KY		3.25	6/1/2030	1070000	 1,070,000 	 -   	1070000	1073223.05	100	100.30122	3223.05	7/31/2026	Muni	100	Single	RFRSwap	3.17	3.25	2.29	-0.79	0.023	 247 	0.24	0.60	0.99	0.49	0.00	0.00	0.00	2.2	0.0	-151.3	-109	0.00	0.00	0.00	0.00	0.00	0.00	0.00	0.04	0.00	2.17	0.08	0.00	2.11	0.09	0.00	2.02	1.72	0.02	1.13	2.62	0.03	-1.12	3.00	0.03	-3.90
233_PUB_HTM	611364	102637UY9	MUNI	IG-2	BOWLING GREEN KY		2	9/1/2037	630000	 630,000 	 -   	539599.62	480373.8	85.6507	76.24981	-59225.82	7/31/2026	Muni	100	Single	RFRSwap	4.79	3.58	9.36	0.95	0.072	 454 	-0.02	-0.04	-0.09	-0.32	8.71	1.11	0.00	10.7	0.0	37.4	39	0.00	0.00	0.00	0.00	0.00	0.00	0.00	4.47	0.05	31.61	7.81	0.08	25.08	9.12	0.09	16.63	9.42	0.07	0.59	9.32	0.07	-6.36	9.17	0.06	-12.60
233_PUB_HTM	612456	1050252R0	MUNI	IG-2	BRAINTREE MA		4	6/1/2031	925000	 925,000 	 -   	953920.23	943165.34	103.1265	101.96382	-10754.9	7/31/2026	Muni	100	Single	RFRSwap	3.55	3.29	2.43	-0.54	0.025	 230 	0.17	1.06	0.36	0.85	0.00	0.00	0.00	2.4	0.0	-155.6	-128	0.00	0.00	0.00	0.00	0.00	0.00	0.00	1.66	0.02	9.35	1.77	0.02	7.50	1.80	0.02	5.53	2.36	0.02	1.35	2.90	0.03	-1.36	3.38	0.03	-4.51
233_PUB_HTM	611256	1050252S8	MUNI	IG-2	BRAINTREE MA		4	6/1/2032	945000	 945,000 	 -   	974200.54	962067.83	103.09	101.80612	-12132.71	7/31/2026	Muni	100	Single	RFRSwap	3.65	3.41	2.68	-0.69	0.027	 259 	0.17	1.02	0.30	1.06	0.17	0.00	0.00	2.5	0.0	-157.1	-119	0.00	0.00	0.00	0.00	0.00	0.00	0.00	1.66	0.02	9.56	1.77	0.02	7.70	1.80	0.02	5.73	2.56	0.03	1.42	3.29	0.03	-1.57	3.90	0.04	-5.15
233_PUB_HTM	611431	1050252T6	MUNI	IG-2	BRAINTREE MA		4	6/1/2033	955000	 955,000 	 -   	983242.53	971044.19	102.9573	101.68002	-12198.34	7/31/2026	Muni	100	Single	RFRSwap	3.72	3.51	2.93	-0.89	0.030	 286 	0.14	0.97	0.31	1.07	0.46	0.00	0.00	2.7	0.0	-159.9	-112	0.00	0.00	0.00	0.00	0.00	0.00	0.00	1.66	0.02	9.76	1.77	0.02	7.90	1.80	0.02	5.93	2.81	0.03	1.40	3.76	0.04	-1.96	4.49	0.04	-6.04
233_PUB_HTM	612031	1050252U3	MUNI	IG-2	BRAINTREE MA		4	6/1/2034	920000	 920,000 	 -   	946102.09	934122.18	102.8372	101.53502	-11979.9	7/31/2026	Muni	100	Single	RFRSwap	3.77	3.58	3.17	-1.05	0.032	 298 	0.12	0.93	0.33	0.99	0.85	0.00	0.00	3.1	0.0	-162.2	-104	0.00	0.00	0.00	0.00	0.00	0.00	0.00	1.66	0.02	9.97	1.77	0.02	8.11	1.81	0.02	6.13	3.25	0.03	1.24	4.36	0.04	-2.63	5.11	0.05	-7.27
233_PUB_HTM	612057	105385YJ1	MUNI	IG-2	BRANFORD CT		2.5	10/15/2037	2500000	 2,500,000 	 -   	2290561.77	2068929	91.6225	82.75716	-221632.77	7/31/2026	Muni	100	Single	RFRSwap	4.47	3.41	9.09	0.70	0.076	 1,898 	-0.02	-0.03	-0.05	-0.08	8.14	1.12	0.00	10.5	0.0	4.3	7	0.00	0.00	0.00	0.00	0.00	0.00	0.00	0.04	0.00	17.49	0.08	0.00	17.44	5.23	0.05	16.18	9.23	0.08	0.65	9.20	0.07	-6.77	9.06	0.06	-13.46
233_PUB_HTM	612603	105385YK8	MUNI	IG-2	BRANFORD CT		2.5	10/15/2038	1000000	 1,000,000 	 -   	915568.54	808449.1	91.5569	80.84491	-107119.44	7/31/2026	Muni	100	Single	RFRSwap	4.56	3.35	9.78	0.86	0.080	 798 	-0.02	-0.03	-0.06	-0.13	7.77	2.23	0.00	11.5	0.0	9.9	13	0.00	0.00	0.00	0.00	0.00	0.00	0.00	0.04	0.00	19.40	0.08	0.00	19.35	6.74	0.07	17.30	9.93	0.08	0.46	9.86	0.07	-7.28	9.69	0.07	-14.20
233_PUB_HTM	612562	105385YL6	MUNI	IG-2	BRANFORD CT		2.625	10/15/2039	1500000	 1,500,000 	 -   	1374445.97	1201796.1	91.6297	80.11974	-172649.87	7/31/2026	Muni	100	Single	RFRSwap	4.66	3.42	10.30	0.95	0.083	 1,249 	-0.01	-0.02	-0.05	-0.10	7.10	3.38	0.00	12.4	0.0	15.2	19	0.00	0.00	0.00	0.00	0.00	0.00	0.00	0.04	0.00	20.13	0.08	0.00	20.08	7.02	0.07	17.95	10.46	0.08	0.35	10.38	0.08	-7.69	10.18	0.07	-14.84
233_PUB_HTM	611343	106241F23	MUNI	IG-2	BRAZOSPORT TX INDEP SCH DIST		3	2/15/2037	4985000	 4,985,000 	 -   	5025905.76	4423524	100.8206	88.73669	-602381.76	7/31/2026	Muni	100	Single	RFRSwap	4.34	2.91	7.77	0.01	0.070	 3,490 	-0.01	0.01	0.13	0.40	6.86	0.37	0.00	8.7	0.0	-17.4	-3	0.00	0.00	0.00	0.00	0.00	0.00	0.00	2.47	0.03	20.77	2.83	0.03	18.00	4.98	0.05	13.96	7.72	0.07	0.94	8.05	0.07	-5.99	8.11	0.06	-12.54
233_PUB_HTM	612813	111746DH3	MUNI	IG-2	BROCKTON MA	1	3.75	8/15/2032	310000	 310,000 	 -   	310000	307975.24	100	99.34685	-2024.77	7/31/2026	Muni	100	Single	RFRSwap	3.89	3.75	1.99	-2.08	0.020	 62 	0.29	0.21	0.41	1.05	0.09	0.00	0.00	1.9	0.0	-92.7	-30	0.00	0.00	0.00	0.00	0.00	0.00	0.00	0.15	0.00	1.55	0.16	0.00	1.40	0.16	0.00	1.23	0.95	0.01	0.72	3.04	0.03	-1.38	3.84	0.04	-4.84
233_PUB_HTM	612802	111746DK6	MUNI	IG-2	BROCKTON MA	1	4	8/15/2034	690000	 690,000 	 -   	690000	690125.1	100	100.01813	125.1	7/31/2026	Muni	100	Single	RFRSwap	4.00	4.00	1.20	-2.47	0.012	 84 	0.25	0.08	0.09	0.43	0.31	0.00	0.00	0.9	0.0	-149.6	-27	0.00	0.00	0.00	0.00	0.00	0.00	0.00	0.15	0.00	1.02	0.16	0.00	0.86	0.16	0.00	0.69	0.51	0.01	0.31	3.23	0.03	-1.48	4.90	0.05	-5.63
233_PUB_HTM	612619	113152E57	MUNI	IG-2	BROOKHAVEN NY		2	9/15/2032	4095000	 4,095,000 	 -   	3957455.96	3625650.76	96.6412	88.53848	-331805.2	7/31/2026	Muni	100	Single	RFRSwap	4.14	2.60	5.44	0.22	0.049	 1,989 	-0.02	-0.03	-0.01	4.27	1.23	0.00	0.00	5.8	0.0	-11.2	-9	0.00	0.00	0.00	0.00	0.00	0.00	0.00	1.07	0.01	14.54	1.38	0.01	13.40	3.65	0.04	10.89	5.27	0.05	1.80	5.38	0.05	-2.93	5.39	0.04	-7.46
233_PUB_HTM	611240	113709RN1	MUNI	IG-2	BROOKLAND CAYCE SC SCH DIST #2		3	3/1/2032	2000000	 2,000,000 	 -   	2000000	1921160.8	100	96.05804	-78839.2	7/31/2026	Muni	100	Single	RFRSwap	3.79	3.00	4.07	-0.75	0.040	 792 	0.07	0.18	0.34	3.14	0.37	0.00	0.00	4.1	0.0	-60.1	-42	0.00	0.00	0.00	0.00	0.00	0.00	0.00	0.17	0.00	4.84	0.20	0.00	4.66	0.21	0.00	4.45	3.72	0.04	1.62	4.54	0.04	-2.48	4.75	0.04	-6.81
233_PUB_HTM	611673	1137452E2	MUNI	IG-2	BROOKLINE MA		4	3/1/2031	350000	 350,000 	 -   	350000	350284.27	100	100.08122	284.27	7/31/2026	Muni	100	Single	RFRSwap	3.98	4.00	0.96	-1.48	0.010	 34 	0.28	0.09	0.20	0.37	0.00	0.00	0.00	0.8	0.0	-128.5	-25	0.00	0.00	0.00	0.00	0.00	0.00	0.00	0.17	0.00	1.17	0.20	0.00	1.00	0.21	0.00	0.78	0.34	0.00	0.32	1.82	0.02	-0.68	3.08	0.03	-3.25
233_PUB_HTM	612450	1137452F9	MUNI	IG-2	BROOKLINE MA		3	3/1/2032	435000	 435,000 	 -   	435000	425999.42	100	97.9309	-9000.58	7/31/2026	Muni	100	Single	RFRSwap	3.41	3.00	3.27	-1.50	0.032	 141 	0.19	0.25	0.35	2.28	0.26	0.00	0.00	3.2	0.0	-118.3	-80	0.00	0.00	0.00	0.00	0.00	0.00	0.00	0.17	0.00	3.09	0.20	0.00	2.91	0.21	0.00	2.70	2.49	0.02	1.31	4.09	0.04	-2.11	4.57	0.04	-6.28
233_PUB_HTM	611968	1137452G7	MUNI	IG-2	BROOKLINE MA		3	3/1/2033	450000	 450,000 	 -   	450000	439112.56	100	97.58057	-10887.43	7/31/2026	Muni	100	Single	RFRSwap	3.41	3.00	3.77	-1.69	0.037	 168 	0.17	0.23	0.33	2.22	0.86	0.00	0.00	3.7	0.0	-123.7	-82	0.00	0.00	0.00	0.00	0.00	0.00	0.00	0.17	0.00	3.46	0.20	0.00	3.28	0.21	0.00	3.06	3.05	0.03	1.38	4.76	0.05	-2.65	5.29	0.05	-7.42
233_PUB_HTM	611624	1137452H5	MUNI	IG-2	BROOKLINE MA		3	3/1/2034	460000	 460,000 	 -   	460000	445183.91	100	96.77911	-14816.09	7/31/2026	Muni	100	Single	RFRSwap	3.49	3.00	4.50	-1.66	0.044	 203 	0.13	0.21	0.32	2.12	1.77	0.00	0.00	4.5	0.0	-116.4	-78	0.00	0.00	0.00	0.00	0.00	0.00	0.00	0.17	0.00	4.24	0.20	0.00	4.06	0.21	0.00	3.85	4.23	0.04	1.13	5.71	0.05	-3.87	6.14	0.05	-9.33
233_PUB_HTM	612306	1137456P3	MUNI	IG-2	BROOKLINE MA		2.375	3/15/2038	3305000	 3,305,000 	 -   	2938917.51	2746787.48	88.9234	83.11006	-192130.03	7/31/2026	Muni	100	Single	RFRSwap	4.23	3.55	9.12	0.54	0.077	 2,533 	-0.02	-0.02	-0.01	0.08	7.64	1.45	0.00	10.2	0.0	-28.1	-18	0.00	0.00	0.00	0.00	0.00	0.00	0.00	2.54	0.03	25.21	4.04	0.04	22.05	7.07	0.07	16.20	9.13	0.08	0.65	9.26	0.07	-6.81	9.23	0.06	-13.63
233_PUB_HTM	612817	119535MM1	MUNI	IG-2	BUFFALO GROVE IL		2.75	12/30/2030	750000	 750,000 	 -   	750000	710862.22	100	94.78163	-39137.78	7/31/2026	Muni	100	Single	RFRSwap	4.05	2.75	3.78	-0.18	0.036	 270 	0.01	0.09	1.22	2.46	0.00	0.00	0.00	3.9	0.0	-18.6	-13	0.00	0.00	0.00	0.00	0.00	0.00	0.00	0.05	0.00	5.52	0.08	0.00	5.47	0.09	0.00	5.38	3.69	0.04	1.58	3.95	0.04	-2.08	3.98	0.04	-5.70
233_PUB_HTM	612065	121457KV6	MUNI	IG-2	BURLINGAME CA ELEM SCH DIST		3	8/1/2036	175000	 175,000 	 -   	174985.8	163121.1	99.9919	93.21206	-11864.7	7/31/2026	Muni	100	Single	RFRSwap	3.82	3.00	6.84	-0.37	0.065	 113 	-0.01	-0.02	0.45	0.67	5.75	0.00	0.00	7.2	0.0	-82.3	-53	0.00	0.00	0.00	0.00	0.00	0.00	0.00	2.93	0.03	20.11	3.06	0.03	16.78	4.32	0.05	12.85	6.90	0.07	1.10	7.39	0.07	-5.53	7.62	0.06	-11.99
233_PUB_HTM	612190	121457KW4	MUNI	IG-2	BURLINGAME CA ELEM SCH DIST		3	8/1/2037	150000	 150,000 	 -   	148451.35	137414.6	98.9676	91.60973	-11036.76	7/31/2026	Muni	100	Single	RFRSwap	3.95	3.11	7.53	-0.26	0.070	 105 	-0.01	-0.02	0.33	0.60	6.01	0.62	0.00	8.1	0.0	-71.1	-44	0.00	0.00	0.00	0.00	0.00	0.00	0.00	2.93	0.03	21.33	3.15	0.03	18.00	4.74	0.05	13.82	7.57	0.07	0.98	8.05	0.07	-6.11	8.23	0.07	-12.95
233_PUB_HTM	612360	121457KX2	MUNI	IG-2	BURLINGAME CA ELEM SCH DIST		3	8/1/2038	150000	 150,000 	 -   	146539.37	134802.54	97.6929	89.86836	-11736.83	7/31/2026	Muni	100	Single	RFRSwap	4.08	3.23	8.21	-0.18	0.075	 113 	-0.01	-0.02	0.24	0.50	6.12	1.39	0.00	9.0	0.0	-59.3	-35	0.00	0.00	0.00	0.00	0.00	0.00	0.00	2.93	0.03	22.66	3.27	0.04	19.31	5.23	0.06	14.79	8.26	0.08	0.81	8.75	0.07	-6.74	8.87	0.07	-13.89
233_PUB_HTM	612291	121457KY0	MUNI	IG-2	BURLINGAME CA ELEM SCH DIST		3	8/1/2039	150000	 150,000 	 -   	145968.17	131634.26	97.3121	87.75617	-14333.92	7/31/2026	Muni	100	Single	RFRSwap	4.23	3.26	8.97	0.02	0.080	 120 	-0.01	-0.02	0.15	0.39	6.05	2.41	0.00	10.3	0.0	-43.5	-22	0.00	0.00	0.00	0.00	0.00	0.00	0.00	2.93	0.03	24.22	3.47	0.04	20.83	5.93	0.06	15.87	9.00	0.08	0.63	9.39	0.08	-7.30	9.49	0.07	-14.70
233_PUB_HTM	612140	121457KZ7	MUNI	IG-2	BURLINGAME CA ELEM SCH DIST		3	8/1/2040	100000	 100,000 	 -   	96913.9	84997.06	96.9139	84.99706	-11916.84	7/31/2026	Muni	100	Single	RFRSwap	4.45	3.28	9.74	0.44	0.084	 84 	-0.01	-0.02	0.07	0.27	5.81	3.61	0.00	11.5	0.0	-20.8	-4	0.00	0.00	0.00	0.00	0.00	0.00	0.00	2.92	0.03	26.20	3.83	0.04	22.73	6.85	0.07	17.06	9.79	0.09	0.49	10.04	0.08	-7.74	10.03	0.07	-15.27
233_PUB_HTM	612470	128019XH4	MUNI	IG-2	CAJON VLY CA UNION SCH DIST		3	8/1/2032	2000000	 2,000,000 	 -   	2000000	2000000	100	100	0	7/31/2026	Muni	100	Single	RFRSwap	0.00	0.00	0.00	0.00	0.000	 -   	0.00	0.00	0.00	0.00	0.00	0.00	0.00	0.0	0.0	100.0	100	0.00	0.00	0.00	0.00	0.00	0.00	0.00	0.00	0.00	0.00	0.00	0.00	0.00	0.00	0.00	0.00	0.00	0.00	0.00	0.00	0.00	0.00	0.00	0.00	0.00
233_PUB_HTM	611594	128199CX2	MUNI	IG-2	CALAVERAS CNTY CA		4	8/1/2031	735000	 735,000 	 -   	735000	735231.75	100	100.03153	231.75	7/31/2026	Muni	100	Single	RFRSwap	3.99	4.00	0.88	-1.88	0.009	 66 	0.24	0.08	0.10	0.46	0.00	0.00	0.00	0.6	0.0	-129.4	-20	0.00	0.00	0.00	0.00	0.00	0.00	0.00	0.13	0.00	0.74	0.13	0.00	0.61	0.13	0.00	0.49	0.14	0.00	0.23	2.01	0.02	-0.75	3.36	0.03	-3.57
233_PUB_HTM	612980	128199CY0	MUNI	IG-2	CALAVERAS CNTY CA		4	8/1/2032	1550000	 1,550,000 	 -   	1550000	1550325.34	100	100.02099	325.34	7/31/2026	Muni	100	Single	RFRSwap	4.00	4.00	0.98	-2.22	0.010	 155 	0.24	0.08	0.10	0.47	0.09	0.00	0.00	0.9	0.0	-137.8	-22	0.00	0.00	0.00	0.00	0.00	0.00	0.00	0.13	0.00	0.76	0.13	0.00	0.64	0.13	0.00	0.51	0.16	0.00	0.25	2.38	0.02	-0.88	3.87	0.04	-4.13
233_PUB_HTM	611210	129451PX2	MUNI	IG-2	CALEDONIA WI		2.65	5/1/2027	305000	 305,000 	 -   	305000	303759.78	100	99.59337	-1240.22	7/31/2026	Muni	100	Single	RFRSwap	3.20	2.65	0.69	-0.18	0.007	 21 	0.69	0.00	0.00	0.00	0.00	0.00	0.00	0.7	0.0	-84.8	-83	0.00	0.00	0.00	0.00	0.00	0.00	0.00	0.04	0.00	0.75	0.08	0.00	0.70	0.09	0.00	0.61	0.33	0.00	0.39	0.71	0.01	-0.22	0.73	0.01	-0.94
233_PUB_HTM	612359	129451PY0	MUNI	IG-2	CALEDONIA WI		2.75	5/1/2028	315000	 315,000 	 -   	315000	311594.44	100	98.91887	-3405.56	7/31/2026	Muni	100	Single	RFRSwap	3.39	2.75	1.44	-0.35	0.014	 45 	0.52	0.93	0.00	0.00	0.00	0.00	0.00	1.4	0.0	-85.4	-78	0.00	0.00	0.00	0.00	0.00	0.00	0.00	0.04	0.00	1.43	0.08	0.00	1.38	0.09	0.00	1.29	0.95	0.01	0.84	1.54	0.02	-0.50	1.63	0.02	-2.07
233_PUB_HTM	611796	129451PZ7	MUNI	IG-2	CALEDONIA WI		2.85	5/1/2029	325000	 325,000 	 -   	325000	317432.18	100	97.67144	-7567.82	7/31/2026	Muni	100	Single	RFRSwap	3.75	2.85	2.29	-0.34	0.023	 73 	0.11	0.74	1.43	0.00	0.00	0.00	0.00	2.3	0.0	-50.1	-42	0.00	0.00	0.00	0.00	0.00	0.00	0.00	0.04	0.00	2.66	0.08	0.00	2.61	0.09	0.00	2.52	1.98	0.02	1.27	2.43	0.02	-0.97	2.51	0.02	-3.36
233_PUB_HTM	611149	129451QA1	MUNI	IG-2	CALEDONIA WI		2.9	5/1/2030	335000	 335,000 	 -   	335000	323375	100	96.52985	-11625	7/31/2026	Muni	100	Single	RFRSwap	3.90	2.90	3.08	-0.36	0.030	 100 	0.06	0.19	1.87	0.97	0.00	0.00	0.00	3.1	0.0	-35.8	-27	0.00	0.00	0.00	0.00	0.00	0.00	0.00	0.04	0.00	3.79	0.08	0.00	3.74	0.09	0.00	3.65	2.83	0.03	1.50	3.28	0.03	-1.53	3.36	0.03	-4.67
233_PUB_HTM	611534	13063CA26	MUNI	IG-2	CALIFORNIA ST		4	9/1/2031	2445000	 2,445,000 	 -   	2448175.6	2446013.45	100.1299	100.04145	-2162.15	7/31/2026	Muni	100	Single	RFRSwap	3.99	3.97	0.46	-1.28	0.005	 114 	0.13	0.04	0.04	0.21	0.00	0.00	0.00	0.3	0.0	-185.6	-43	0.00	0.00	0.00	0.00	0.00	0.00	0.00	0.04	0.00	0.47	0.08	0.00	0.42	0.09	0.00	0.33	0.17	0.00	0.16	1.65	0.02	-0.52	3.03	0.03	-2.94
233_PUB_HTM	612137	13063CD80	MUNI	IG-2	CALIFORNIA ST		4	9/1/2033	1165000	 1,165,000 	 -   	1166450.53	1165285.08	100.1245	100.02447	-1165.46	7/31/2026	Muni	100	Single	RFRSwap	4.00	3.98	0.67	-1.73	0.007	 79 	0.12	0.03	0.04	0.19	0.10	0.00	0.00	0.4	0.0	-198.2	-26	0.00	0.00	0.00	0.00	0.00	0.00	0.00	0.04	0.00	0.50	0.08	0.00	0.45	0.09	0.00	0.37	0.25	0.00	0.18	2.36	0.02	-0.95	4.12	0.04	-4.30
233_PUB_HTM	611276	13063CX54	MUNI	IG-2	CALIFORNIA ST		4	9/1/2032	5000000	 5,000,000 	 -   	5006254.45	5001493.5	100.1251	100.02987	-4760.95	7/31/2026	Muni	100	Single	RFRSwap	3.99	3.98	0.58	-1.53	0.006	 293 	0.13	0.04	0.04	0.21	0.05	0.00	0.00	0.4	0.0	-192.3	-29	0.00	0.00	0.00	0.00	0.00	0.00	0.00	0.04	0.00	0.49	0.08	0.00	0.44	0.09	0.00	0.35	0.19	0.00	0.18	1.93	0.02	-0.65	3.53	0.03	-3.50
233_PUB_HTM	611997	13063CX62	MUNI	IG-2	CALIFORNIA ST		4	9/1/2033	5000000	 5,000,000 	 -   	5006225.44	5001223.5	100.1245	100.02447	-5001.94	7/31/2026	Muni	100	Single	RFRSwap	4.00	3.98	0.67	-1.73	0.007	 339 	0.12	0.03	0.04	0.19	0.10	0.00	0.00	0.4	0.0	-198.2	-26	0.00	0.00	0.00	0.00	0.00	0.00	0.00	0.04	0.00	0.50	0.08	0.00	0.45	0.09	0.00	0.37	0.25	0.00	0.18	2.36	0.02	-0.95	4.12	0.04	-4.30
233_PUB_HTM	611395	13063CX70	MUNI	IG-2	CALIFORNIA ST		4	9/1/2034	5750000	 5,750,000 	 -   	5756877.77	5751023.5	100.1196	100.0178	-5854.27	7/31/2026	Muni	100	Single	RFRSwap	4.00	3.98	0.76	-2.00	0.008	 446 	0.12	0.03	0.04	0.16	0.17	0.00	0.00	0.4	0.0	-201.8	-29	0.00	0.00	0.00	0.00	0.00	0.00	0.00	0.04	0.00	0.52	0.08	0.00	0.47	0.09	0.00	0.38	0.36	0.00	0.16	3.03	0.03	-1.37	4.75	0.05	-5.29
233_PUB_HTM	612627	13063CZ52	MUNI	IG-2	CALIFORNIA ST		4	9/1/2031	500000	 500,000 	 -   	500649.41	500207.25	100.1299	100.04145	-442.16	7/31/2026	Muni	100	Single	RFRSwap	3.99	3.97	0.46	-1.28	0.005	 23 	0.13	0.04	0.04	0.21	0.00	0.00	0.00	0.3	0.0	-185.6	-43	0.00	0.00	0.00	0.00	0.00	0.00	0.00	0.04	0.00	0.47	0.08	0.00	0.42	0.09	0.00	0.33	0.17	0.00	0.16	1.65	0.02	-0.52	3.03	0.03	-2.94
233_PUB_HTM	612845	13063DAW8	MUNI	IG-2	CALIFORNIA ST		4	11/1/2032	2975000	 2,975,000 	 -   	3027934.32	3003475.21	101.7793	100.95715	-24459.11	7/31/2026	Muni	100	Single	RFRSwap	3.83	3.68	2.31	-1.06	0.024	 700 	0.54	0.38	0.23	0.91	0.24	0.00	0.00	2.1	0.0	-150.4	-94	0.00	0.00	0.00	0.00	0.00	0.00	0.00	1.13	0.01	6.74	1.22	0.01	5.50	1.23	0.01	4.18	2.04	0.02	1.19	3.12	0.03	-1.46	4.01	0.04	-5.02
233_PUB_HTM	611451	13063DBY3	MUNI	IG-2	CALIFORNIA ST		4	11/1/2031	4195000	 4,195,000 	 -   	4272619.71	4239923.84	101.8503	101.07089	-32695.88	7/31/2026	Muni	100	Single	RFRSwap	3.77	3.61	2.08	-0.87	0.021	 889 	0.57	0.40	0.23	0.88	0.04	0.00	0.00	1.9	0.0	-147.5	-103	0.00	0.00	0.00	0.00	0.00	0.00	0.00	1.13	0.01	6.57	1.22	0.01	5.34	1.23	0.01	4.02	1.86	0.02	1.13	2.76	0.03	-1.23	3.47	0.03	-4.35
233_PUB_HTM	611374	13063DCA4	MUNI	IG-2	CALIFORNIA ST		4	11/1/2032	9725000	 9,725,000 	 -   	9898037.41	9818082.84	101.7793	100.95715	-79954.57	7/31/2026	Muni	100	Single	RFRSwap	3.83	3.68	2.31	-1.06	0.024	 2,288 	0.54	0.38	0.23	0.91	0.24	0.00	0.00	2.1	0.0	-150.4	-94	0.00	0.00	0.00	0.00	0.00	0.00	0.00	1.13	0.01	6.74	1.22	0.01	5.50	1.23	0.01	4.18	2.04	0.02	1.19	3.12	0.03	-1.46	4.01	0.04	-5.02
233_PUB_HTM	611598	13063DCC0	MUNI	IG-2	CALIFORNIA ST		4	11/1/2033	8000000	 8,000,000 	 -   	8137592.34	8064740	101.7199	100.80925	-72852.34	7/31/2026	Muni	100	Single	RFRSwap	3.87	3.73	2.57	-1.23	0.026	 2,095 	0.53	0.38	0.22	0.90	0.52	0.00	0.00	2.3	0.0	-151.7	-82	0.00	0.00	0.00	0.00	0.00	0.00	0.00	1.13	0.01	6.91	1.22	0.01	5.68	1.23	0.01	4.35	2.42	0.02	1.12	3.73	0.04	-1.99	4.68	0.04	-6.14
233_PUB_HTM	611236	13063DCD8	MUNI	IG-2	CALIFORNIA ST		4	11/1/2034	5000000	 5,000,000 	 -   	5084867.32	5029201.5	101.6973	100.58403	-55665.82	7/31/2026	Muni	100	Single	RFRSwap	3.92	3.76	2.87	-1.49	0.029	 1,460 	0.47	0.39	0.25	0.84	0.96	0.00	0.00	2.7	0.0	-149.5	-64	0.00	0.00	0.00	0.00	0.00	0.00	0.00	1.13	0.01	7.12	1.22	0.01	5.89	1.24	0.01	4.56	2.82	0.03	1.00	4.36	0.04	-2.65	5.39	0.05	-7.40
233_PUB_HTM	612242	1322858H3	MUNI	IG-2	CAMBRIDGE MA		2	2/15/2040	580000	 580,000 	 -   	478829.24	413466.57	82.5568	71.28734	-65362.66	7/31/2026	Muni	100	Single	RFRSwap	4.93	3.64	11.04	1.37	0.080	 462 	-0.02	-0.03	-0.09	-0.35	7.24	4.30	0.00	13.1	0.0	43.0	45	0.00	0.00	0.00	0.00	0.00	0.00	0.00	5.61	0.06	36.79	9.75	0.10	28.47	11.02	0.10	18.38	11.14	0.08	0.22	10.95	0.07	-7.36	10.72	0.06	-14.02
233_PUB_HTM	612962	1322858J9	MUNI	IG-2	CAMBRIDGE MA		2	2/15/2041	580000	 580,000 	 -   	469644.54	404626.73	80.9732	69.76323	-65017.81	7/31/2026	Muni	100	Single	RFRSwap	4.94	3.70	11.68	1.54	0.083	 479 	-0.02	-0.03	-0.09	-0.35	6.33	5.85	0.00	14.0	0.0	40.3	42	0.00	0.00	0.00	0.00	0.00	0.00	0.00	5.77	0.06	38.41	10.29	0.10	29.68	11.67	0.10	19.06	11.78	0.08	0.13	11.57	0.07	-7.67	11.30	0.06	-14.48
233_PUB_HTM	611769	134159XJ6	MUNI	IG-2	CAMPBELL CA UNION HIGH SCH DIS		4	8/1/2030	2455000	 2,455,000 	 -   	2475861.09	2474236.15	100.8497	100.78355	-1624.93	7/31/2026	Muni	100	Single	RFRSwap	2.41	2.28	0.50	0.00	0.005	 125 	0.50	0.00	0.00	0.00	0.00	0.00	0.00	0.5	0.0	-157.7	-158	0.00	0.00	0.00	0.00	0.00	0.00	0.00	0.51	0.01	2.43	0.50	0.01	1.90	0.50	0.01	1.37	0.50	0.01	0.34	0.49	0.01	-0.17	0.49	0.01	-0.68
233_PUB_HTM	612910	134159XK3	MUNI	IG-2	CAMPBELL CA UNION HIGH SCH DIS		4	8/1/2031	720000	 720,000 	 -   	725844.29	725641.56	100.8117	100.78355	-202.73	7/31/2026	Muni	100	Single	RFRSwap	2.41	2.36	0.50	0.00	0.005	 37 	0.50	0.00	0.00	0.00	0.00	0.00	0.00	0.5	0.0	-157.7	-158	0.00	0.00	0.00	0.00	0.00	0.00	0.00	0.51	0.01	2.43	0.50	0.01	1.90	0.50	0.01	1.37	0.50	0.01	0.34	0.49	0.01	-0.17	0.49	0.01	-0.68
233_PUB_HTM	611898	139015PP0	MUNI	IG-2	CANYON TX INDEP SCH DIST		5	2/15/2028	1000000	 1,000,000 	 -   	1015471.62	1012006.8	101.5472	101.20068	-3464.82	7/31/2026	Muni	100	Single	RFRSwap	4.18	3.95	0.59	-0.09	0.006	 62 	0.55	0.04	0.00	0.00	0.00	0.00	0.00	0.6	0.0	-130.0	-125	0.00	0.00	0.00	0.00	0.00	0.00	0.00	0.52	0.01	2.60	0.53	0.01	2.05	0.53	0.01	1.48	0.53	0.01	0.37	0.59	0.01	-0.19	0.79	0.01	-0.90
233_PUB_HTM	611492	139015PQ8	MUNI	IG-2	CANYON TX INDEP SCH DIST		5	2/15/2029	1000000	 1,000,000 	 -   	1015147.99	1011343.4	101.5148	101.13434	-3804.59	7/31/2026	Muni	100	Single	RFRSwap	4.52	4.36	0.70	-0.34	0.007	 72 	0.51	0.10	0.06	0.00	0.00	0.00	0.00	0.6	0.0	-125.5	-112	0.00	0.00	0.00	0.00	0.00	0.00	0.00	0.52	0.01	2.62	0.53	0.01	2.07	0.53	0.01	1.50	0.54	0.01	0.39	0.74	0.01	-0.22	1.26	0.01	-1.24
233_PUB_HTM	611446	139342BJ7	MUNI	IG-2	CAPE COD MA REGL TECH HIGH SCH		4	11/15/2031	1250000	 1,250,000 	 -   	1274945.88	1266720.5	101.9957	101.33764	-8225.38	7/31/2026	Muni	100	Single	RFRSwap	3.72	3.58	2.06	-0.77	0.021	 263 	0.58	0.42	0.20	0.82	0.04	0.00	0.00	1.9	0.0	-162.1	-122	0.00	0.00	0.00	0.00	0.00	0.00	0.00	1.15	0.01	6.72	1.25	0.01	5.46	1.27	0.01	4.10	1.87	0.02	1.12	2.69	0.03	-1.20	3.41	0.03	-4.26
233_PUB_HTM	612590	139342BK4	MUNI	IG-2	CAPE COD MA REGL TECH HIGH SCH		4	11/15/2032	1250000	 1,250,000 	 -   	1274596.64	1265422.12	101.9677	101.23377	-9174.52	7/31/2026	Muni	100	Single	RFRSwap	3.78	3.65	2.29	-1.00	0.023	 292 	0.54	0.44	0.22	0.89	0.24	0.00	0.00	2.1	0.0	-164.8	-114	0.00	0.00	0.00	0.00	0.00	0.00	0.00	1.15	0.01	6.88	1.25	0.01	5.62	1.27	0.01	4.25	2.05	0.02	1.17	3.07	0.03	-1.42	3.94	0.04	-4.92
233_PUB_HTM	612789	139342BL2	MUNI	IG-2	CAPE COD MA REGL TECH HIGH SCH		4	11/15/2033	1250000	 1,250,000 	 -   	1274291.24	1264286.25	101.9433	101.1429	-10004.99	7/31/2026	Muni	100	Single	RFRSwap	3.82	3.69	2.50	-1.18	0.025	 318 	0.50	0.45	0.23	0.87	0.53	0.00	0.00	2.4	0.0	-168.4	-107	0.00	0.00	0.00	0.00	0.00	0.00	0.00	1.15	0.01	7.03	1.25	0.01	5.77	1.27	0.01	4.40	2.33	0.02	1.11	3.60	0.04	-1.92	4.58	0.04	-5.96
233_PUB_HTM	612722	139342BM0	MUNI	IG-2	CAPE COD MA REGL TECH HIGH SCH		4	11/15/2034	1250000	 1,250,000 	 -   	1274049.28	1262940.62	101.9239	101.03525	-11108.65	7/31/2026	Muni	100	Single	RFRSwap	3.85	3.73	2.72	-1.35	0.028	 346 	0.48	0.43	0.23	0.76	0.88	0.00	0.00	2.6	0.0	-170.9	-98	0.00	0.00	0.00	0.00	0.00	0.00	0.00	1.15	0.01	7.19	1.25	0.01	5.93	1.28	0.01	4.55	2.70	0.03	1.03	4.16	0.04	-2.45	5.17	0.05	-7.04
233_PUB_HTM	611489	142665EW4	MUNI	IG-2	CARLSBAD CA UNIF SCH DIST		4	5/1/2032	530000	 530,000 	 -   	536674.38	533404.35	101.2593	100.64233	-3270.03	7/31/2026	Muni	100	Single	RFRSwap	3.87	3.75	1.70	-1.13	0.017	 91 	0.56	0.15	0.16	0.71	0.10	0.00	0.00	1.5	0.0	-158.0	-91	0.00	0.00	0.00	0.00	0.00	0.00	0.00	0.63	0.01	4.03	0.72	0.01	3.35	0.75	0.01	2.57	1.29	0.01	0.84	2.51	0.03	-1.08	3.57	0.03	-4.15
233_PUB_HTM	611609	142665EX2	MUNI	IG-2	CARLSBAD CA UNIF SCH DIST		4	5/1/2033	605000	 605,000 	 -   	612494.83	608430.83	101.2388	100.56708	-4064	7/31/2026	Muni	100	Single	RFRSwap	3.90	3.79	1.91	-1.40	0.019	 118 	0.55	0.15	0.15	0.73	0.29	0.00	0.00	1.6	0.0	-161.2	-81	0.00	0.00	0.00	0.00	0.00	0.00	0.00	0.63	0.01	4.14	0.72	0.01	3.46	0.75	0.01	2.68	1.50	0.02	0.85	2.96	0.03	-1.40	4.17	0.04	-4.97
233_PUB_HTM	611810	142665EY0	MUNI	IG-2	CARLSBAD CA UNIF SCH DIST		4	5/1/2034	525000	 525,000 	 -   	531434.45	527669.26	101.2256	100.50843	-3765.19	7/31/2026	Muni	100	Single	RFRSwap	3.92	3.82	2.11	-1.66	0.021	 113 	0.54	0.17	0.17	0.67	0.56	0.00	0.00	2.0	0.0	-164.5	-73	0.00	0.00	0.00	0.00	0.00	0.00	0.00	0.63	0.01	4.24	0.72	0.01	3.56	0.75	0.01	2.77	1.83	0.02	0.77	3.60	0.04	-1.96	4.87	0.05	-6.17
233_PUB_HTM	611604	144420DQ6	MUNI	IG-2	CARRBORO NC		3	2/1/2031	250000	 250,000 	 -   	250000	243238.7	100	97.29548	-6761.3	7/31/2026	Muni	100	Single	RFRSwap	3.66	3.00	3.22	-0.80	0.032	 79 	0.12	0.23	0.99	1.90	0.00	0.00	0.00	3.2	0.0	-73.0	-53	0.00	0.00	0.00	0.00	0.00	0.00	0.00	0.13	0.00	3.28	0.13	0.00	3.15	0.13	0.00	3.03	2.78	0.03	1.40	3.67	0.04	-1.90	3.89	0.04	-5.52
233_PUB_HTM	611827	145814RF8	MUNI	IG-2	CARSON CITY NV SCH DIST		5	6/1/2029	920000	 920,000 	 -   	940606.27	936584.66	102.2398	101.80268	-4021.62	7/31/2026	Muni	100	Single	RFRSwap	4.32	4.15	1.02	-0.30	0.011	 97 	0.73	0.14	0.18	0.00	0.00	0.00	0.00	1.0	0.0	-139.4	-128	0.00	0.00	0.00	0.00	0.00	0.00	0.00	0.67	0.01	3.95	0.80	0.01	3.22	0.83	0.01	2.34	0.85	0.01	0.63	1.10	0.01	-0.34	1.51	0.02	-1.66
233_PUB_HTM	611956	145814RG6	MUNI	IG-2	CARSON CITY NV SCH DIST		5	6/1/2030	960000	 960,000 	 -   	981247.05	977226.43	102.2132	101.79442	-4020.62	7/31/2026	Muni	100	Single	RFRSwap	4.48	4.37	1.15	-0.41	0.012	 113 	0.71	0.11	0.23	0.12	0.00	0.00	0.00	1.1	0.0	-146.1	-127	0.00	0.00	0.00	0.00	0.00	0.00	0.00	0.67	0.01	3.99	0.80	0.01	3.25	0.83	0.01	2.37	0.89	0.01	0.65	1.27	0.01	-0.44	1.93	0.02	-2.07
233_PUB_HTM	611518	145814RJ0	MUNI	IG-2	CARSON CITY NV SCH DIST		4	6/1/2032	1035000	 1,035,000 	 -   	1047066.65	1040102.65	101.1659	100.49301	-6963.99	7/31/2026	Muni	100	Single	RFRSwap	3.90	3.77	1.97	-1.13	0.020	 207 	0.55	0.19	0.20	0.90	0.15	0.00	0.00	1.7	0.0	-148.8	-68	0.00	0.00	0.00	0.00	0.00	0.00	0.00	0.67	0.01	4.57	0.80	0.01	3.83	0.83	0.01	2.96	1.52	0.02	0.94	2.75	0.03	-1.21	3.72	0.04	-4.43
233_PUB_HTM	611258	145814RK7	MUNI	IG-2	CARSON CITY NV SCH DIST		4	6/1/2033	1080000	 1,080,000 	 -   	1092435.1	1084163.29	101.1514	100.38549	-8271.81	7/31/2026	Muni	100	Single	RFRSwap	3.93	3.81	2.20	-1.39	0.022	 240 	0.54	0.19	0.19	0.88	0.39	0.00	0.00	1.9	0.0	-151.8	-55	0.00	0.00	0.00	0.00	0.00	0.00	0.00	0.67	0.01	4.71	0.80	0.01	3.98	0.83	0.01	3.11	1.79	0.02	0.96	3.27	0.03	-1.59	4.32	0.04	-5.32
233_PUB_HTM	611584	147069DS4	MUNI	IG-2	CASA GRANDE AZ		3	8/1/2030	690000	 690,000 	 -   	690000	674855.19	100	97.8051	-15144.81	7/31/2026	Muni	100	Single	RFRSwap	3.59	3.00	2.82	-0.83	0.028	 193 	0.17	0.27	1.36	1.06	0.00	0.00	0.00	2.8	0.0	-79.6	-58	0.00	0.00	0.00	0.00	0.00	0.00	0.00	0.13	0.00	2.78	0.13	0.00	2.65	0.13	0.00	2.52	2.24	0.02	1.33	3.22	0.03	-1.52	3.46	0.03	-4.76
233_PUB_HTM	612587	148685MM9	MUNI	IG-2	CASTRO VLY CA UNIF SCH DIST		5	8/1/2030	175000	 175,000 	 -   	175000	175199.68	100	100.1141	199.67	7/31/2026	Muni	100	Single	RFRSwap	4.97	5.00	0.58	-1.21	0.006	 10 	0.23	0.07	0.20	0.14	0.00	0.00	0.00	0.6	0.0	-32.7	25	0.00	0.00	0.00	0.00	0.00	0.00	0.00	0.13	0.00	0.66	0.12	0.00	0.53	0.12	0.00	0.41	0.12	0.00	0.15	1.31	0.01	-0.41	2.58	0.03	-2.50
233_PUB_HTM	612005	148685MN7	MUNI	IG-2	CASTRO VLY CA UNIF SCH DIST		5	8/1/2031	225000	 225,000 	 -   	225000	225249.82	100	100.11103	249.82	7/31/2026	Muni	100	Single	RFRSwap	4.97	5.00	0.66	-1.49	0.007	 15 	0.23	0.07	0.08	0.34	0.00	0.00	0.00	0.6	0.0	-41.6	28	0.00	0.00	0.00	0.00	0.00	0.00	0.00	0.13	0.00	0.68	0.12	0.00	0.55	0.12	0.00	0.42	0.12	0.00	0.17	1.68	0.02	-0.58	3.16	0.03	-3.18
233_PUB_HTM	611685	148685PX2	MUNI	IG-2	CASTRO VLY CA UNIF SCH DIST		4	8/1/2038	935000	 935,000 	 -   	990214.62	944377.68	105.9053	101.00296	-45836.94	7/31/2026	Muni	100	Single	RFRSwap	3.89	3.40	6.88	-0.24	0.071	 663 	0.00	0.00	-0.01	2.15	3.94	0.80	0.00	7.6	0.0	-113.4	-52	0.00	0.00	0.00	0.00	0.00	0.00	0.00	4.69	0.06	27.04	4.71	0.06	21.10	5.30	0.06	15.11	7.14	0.07	1.20	7.75	0.07	-6.31	8.02	0.07	-13.65
233_PUB_HTM	612092	150667GR8	MUNI	IG-2	CEDARBURG WI SCH DIST		4	3/1/2033	1010000	 1,010,000 	 -   	1019263.03	1013348.05	100.9171	100.33149	-5914.98	7/31/2026	Muni	100	Single	RFRSwap	3.94	3.84	1.78	-1.51	0.018	 184 	0.47	0.14	0.16	0.74	0.26	0.00	0.00	1.6	0.0	-158.6	-56	0.00	0.00	0.00	0.00	0.00	0.00	0.00	0.54	0.01	3.36	0.57	0.01	2.79	0.58	0.01	2.18	1.27	0.01	0.74	2.82	0.03	-1.32	4.05	0.04	-4.78
233_PUB_HTM	611296	150667GS6	MUNI	IG-2	CEDARBURG WI SCH DIST		4	3/1/2034	2180000	 2,180,000 	 -   	2199640.47	2185226.33	100.9009	100.23974	-14414.14	7/31/2026	Muni	100	Single	RFRSwap	3.96	3.86	1.99	-1.75	0.020	 441 	0.46	0.17	0.18	0.71	0.54	0.00	0.00	1.9	0.0	-160.0	-40	0.00	0.00	0.00	0.00	0.00	0.00	0.00	0.54	0.01	3.48	0.57	0.01	2.90	0.58	0.01	2.29	1.58	0.02	0.70	3.46	0.03	-1.86	4.77	0.05	-5.98
233_PUB_HTM	611541	150667GT4	MUNI	IG-2	CEDARBURG WI SCH DIST		4	3/1/2035	1810000	 1,810,000 	 -   	1826115.51	1814165.72	100.8904	100.23015	-11949.8	7/31/2026	Muni	100	Single	RFRSwap	3.97	3.88	2.12	-1.96	0.022	 390 	0.46	0.17	0.17	0.59	0.83	0.00	0.00	2.0	0.0	-166.0	-38	0.00	0.00	0.00	0.00	0.00	0.00	0.00	0.54	0.01	3.54	0.57	0.01	2.97	0.58	0.01	2.36	1.76	0.02	0.66	3.88	0.04	-2.23	5.30	0.05	-6.80
233_PUB_HTM	612976	152236MC6	MUNI	IG-2	CENTERVILLE OH	1	4.2	12/1/2032	315000	 315,000 	 -   	315000	315023.72	100	100.00753	23.72	7/31/2026	Muni	100	Single	RFRSwap	4.20	4.20	0.66	-1.83	0.007	 21 	0.13	0.04	0.09	0.18	0.01	0.00	0.00	0.3	0.0	-102.5	1	0.00	0.00	0.00	0.00	0.00	0.00	0.00	0.04	0.00	0.48	0.08	0.00	0.43	0.09	0.00	0.34	0.16	0.00	0.16	1.85	0.02	-0.64	3.21	0.03	-3.27
233_PUB_HTM	611433	159195ZM1	MUNI	IG-2	CHANNELVIEW TX INDEP SCH DIST		2	8/15/2041	2000000	 2,000,000 	 -   	1610881.19	1381469.8	80.5441	69.07349	-229411.39	7/31/2026	Muni	100	Single	RFRSwap	4.94	3.70	11.98	1.62	0.084	 1,678 	-0.02	-0.03	-0.09	-0.35	5.79	6.67	0.00	14.5	0.0	38.5	40	0.00	0.00	0.00	0.00	0.00	0.00	0.00	5.25	0.06	38.54	10.34	0.10	30.09	11.92	0.11	19.34	12.08	0.08	0.09	11.85	0.07	-7.82	11.57	0.06	-14.69
233_PUB_HTM	611549	160069XV7	MUNI	IG-2	CHARLESTON CNTY SC		3	11/1/2028	1030000	 1,030,000 	 -   	1030000	1025832.31	100	99.59537	-4167.69	7/31/2026	Muni	100	Single	RFRSwap	3.19	3.00	1.16	-1.18	0.012	 120 	0.31	0.70	0.18	0.00	0.00	0.00	0.00	1.1	0.0	-135.7	-99	0.00	0.00	0.00	0.00	0.00	0.00	0.00	0.04	0.00	0.82	0.08	0.00	0.77	0.09	0.00	0.68	0.30	0.00	0.46	1.52	0.02	-0.49	1.94	0.02	-2.26
233_PUB_HTM	611392	160069XW5	MUNI	IG-2	CHARLESTON CNTY SC		3	11/1/2029	1060000	 1,060,000 	 -   	1060000	1052329.95	100	99.27641	-7670.05	7/31/2026	Muni	100	Single	RFRSwap	3.24	3.00	1.71	-1.38	0.017	 181 	0.28	0.25	1.07	0.12	0.00	0.00	0.00	1.5	0.0	-136.1	-94	0.00	0.00	0.00	0.00	0.00	0.00	0.00	0.04	0.00	1.14	0.08	0.00	1.09	0.09	0.00	1.00	0.66	0.01	0.73	2.25	0.02	-0.87	2.73	0.03	-3.36
233_PUB_HTM	611837	160069ZJ2	MUNI	IG-2	CHARLESTON CNTY SC		3	11/1/2031	1940000	 1,940,000 	 -   	1954072.35	1886325.24	100.7254	97.23326	-67747.1	7/31/2026	Muni	100	Single	RFRSwap	3.58	2.85	3.61	-0.74	0.035	 686 	0.13	0.26	0.39	2.70	0.13	0.00	0.00	3.5	0.0	-89.9	-62	0.00	0.00	0.00	0.00	0.00	0.00	0.00	1.13	0.01	8.59	1.22	0.01	7.37	1.36	0.01	6.05	3.26	0.03	1.47	3.90	0.04	-2.06	4.23	0.04	-5.91
233_PUB_HTM	612122	166042BM2	MUNI	IG-2	CHESTER TWP NJ BRD OF EDU		3	3/1/2031	600000	 600,000 	 -   	600000	589845.6	100	98.3076	-10154.4	7/31/2026	Muni	100	Single	RFRSwap	3.40	3.00	2.75	-1.31	0.027	 164 	0.22	0.26	0.76	1.57	0.00	0.00	0.00	2.7	0.0	-113.6	-78	0.00	0.00	0.00	0.00	0.00	0.00	0.00	0.17	0.00	2.71	0.20	0.00	2.53	0.21	0.00	2.31	2.00	0.02	1.15	3.44	0.03	-1.70	3.84	0.04	-5.24
233_PUB_HTM	611301	166042BN0	MUNI	IG-2	CHESTER TWP NJ BRD OF EDU		3	3/1/2032	700000	 700,000 	 -   	700000	681983.54	100	97.42622	-18016.46	7/31/2026	Muni	100	Single	RFRSwap	3.51	3.00	3.55	-1.29	0.035	 245 	0.16	0.23	0.36	2.54	0.29	0.00	0.00	3.4	0.0	-101.1	-69	0.00	0.00	0.00	0.00	0.00	0.00	0.00	0.17	0.00	3.56	0.20	0.00	3.38	0.21	0.00	3.17	2.89	0.03	1.42	4.25	0.04	-2.25	4.63	0.04	-6.47
233_PUB_HTM	612601	166042BP5	MUNI	IG-2	CHESTER TWP NJ BRD OF EDU		3	3/1/2033	700000	 700,000 	 -   	700000	676021.15	100	96.57445	-23978.85	7/31/2026	Muni	100	Single	RFRSwap	3.59	3.00	4.27	-1.25	0.042	 293 	0.11	0.20	0.33	2.63	1.03	0.00	0.00	4.3	0.0	-94.3	-65	0.00	0.00	0.00	0.00	0.00	0.00	0.00	0.17	0.00	4.40	0.20	0.00	4.22	0.21	0.00	4.01	3.77	0.04	1.54	5.05	0.05	-2.90	5.41	0.05	-7.77
233_PUB_HTM	611397	1685922A0	MUNI	IG-2	CHICOPEE MA		3	8/15/2034	635000	 635,000 	 -   	635030.23	594019.7	100.0048	93.54641	-41010.53	7/31/2026	Muni	100	Single	RFRSwap	3.94	3.00	5.75	-0.65	0.055	 347 	0.03	0.10	0.24	2.40	3.00	0.00	0.00	6.0	0.0	-54.0	-34	0.00	0.00	0.00	0.00	0.00	0.00	0.00	0.15	0.00	7.23	0.16	0.00	7.08	0.31	0.00	6.89	5.13	0.05	0.97	5.85	0.05	-4.22	6.14	0.05	-9.52
233_PUB_HTM	611988	168592Z97	MUNI	IG-2	CHICOPEE MA		3	8/15/2033	825000	 825,000 	 -   	825075.25	777898.36	100.0091	94.29071	-47176.89	7/31/2026	Muni	100	Single	RFRSwap	3.94	3.00	5.15	-0.65	0.049	 407 	0.03	0.12	0.26	2.97	1.77	0.00	0.00	5.3	0.0	-49.6	-31	0.00	0.00	0.00	0.00	0.00	0.00	0.00	0.15	0.00	6.48	0.16	0.00	6.33	0.25	0.00	6.15	4.42	0.04	1.40	5.15	0.05	-3.18	5.44	0.05	-7.96
233_PUB_HTM	611787	172217E72	MUNI	IG-2	CINCINNATI OH		4	12/1/2032	1460000	 1,460,000 	 -   	1517985.8	1482140.17	103.9716	101.51645	-35845.63	7/31/2026	Muni	100	Single	RFRSwap	3.73	3.30	3.37	-0.65	0.034	 502 	0.00	0.77	0.78	1.45	0.42	0.00	0.00	3.3	0.0	-129.9	-85	0.00	0.00	0.00	0.00	0.00	0.00	0.00	2.14	0.02	12.25	2.24	0.03	9.82	2.29	0.03	7.30	3.27	0.03	1.63	3.97	0.04	-2.08	4.47	0.04	-6.24
233_PUB_HTM	611463	172217E98	MUNI	IG-2	CINCINNATI OH		4	12/1/2034	1330000	 1,330,000 	 -   	1381653.95	1343766.3	103.8838	101.03506	-37887.66	7/31/2026	Muni	100	Single	RFRSwap	3.85	3.46	3.99	-0.98	0.041	 539 	0.00	0.68	0.72	1.19	1.41	0.00	0.00	3.8	0.0	-133.1	-64	0.00	0.00	0.00	0.00	0.00	0.00	0.00	2.14	0.02	12.85	2.24	0.03	10.42	2.36	0.03	7.88	4.16	0.04	1.28	5.13	0.05	-3.41	5.76	0.05	-8.63
233_PUB_HTM	612914	178890LM9	MUNI	IG-2	CLACKAMAS CNTY OR		3	6/1/2030	2000000	 2,000,000 	 -   	2000000	1953151.2	100	97.65756	-46848.8	7/31/2026	Muni	100	Single	RFRSwap	3.66	3.00	2.77	-0.76	0.027	 544 	0.15	0.25	1.51	0.89	0.00	0.00	0.00	2.7	0.0	-71.7	-51	0.00	0.00	0.00	0.00	0.00	0.00	0.00	0.03	0.00	2.60	0.06	0.00	2.56	0.06	0.00	2.50	2.23	0.02	1.31	3.13	0.03	-1.43	3.36	0.03	-4.55
233_PUB_HTM	611708	178890LN7	MUNI	IG-2	CLACKAMAS CNTY OR		3	6/1/2031	2000000	 2,000,000 	 -   	2000000	1935571.2	100	96.77856	-64428.8	7/31/2026	Muni	100	Single	RFRSwap	3.73	3.00	3.50	-0.79	0.034	 682 	0.11	0.21	0.60	2.61	0.00	0.00	0.00	3.5	0.0	-65.6	-45	0.00	0.00	0.00	0.00	0.00	0.00	0.00	0.03	0.00	3.47	0.06	0.00	3.44	0.06	0.00	3.37	3.11	0.03	1.42	3.98	0.04	-2.13	4.19	0.04	-5.96
233_PUB_HTM	611214	180848XZ1	MUNI	IG-2	CLARK CNTY NV		5	12/1/2033	1000000	 1,000,000 	 -   	1057962.72	1042210.8	105.7963	104.22108	-15751.92	7/31/2026	Muni	100	Single	RFRSwap	4.32	4.08	2.98	-0.60	0.031	 313 	0.01	1.00	0.80	0.76	0.44	0.00	0.00	3.0	0.0	-131.9	-106	0.00	0.00	0.00	0.00	0.00	0.00	0.00	2.12	0.02	11.84	2.22	0.03	9.38	2.24	0.03	6.83	2.94	0.03	1.47	3.73	0.04	-2.02	4.38	0.04	-6.12
233_PUB_HTM	612210	180848YV9	MUNI	IG-2	CLARK CNTY NV		5	12/1/2032	2000000	 2,000,000 	 -   	2116781.76	2086839.4	105.8391	104.34197	-29942.36	7/31/2026	Muni	100	Single	RFRSwap	4.21	3.95	2.81	-0.47	0.030	 591 	0.01	1.04	0.79	0.78	0.20	0.00	0.00	2.8	0.0	-131.7	-112	0.00	0.00	0.00	0.00	0.00	0.00	0.00	2.12	0.02	11.72	2.22	0.03	9.26	2.24	0.03	6.71	2.70	0.03	1.54	3.29	0.03	-1.59	3.87	0.04	-5.24
233_PUB_HTM	611983	180848YW7	MUNI	IG-2	CLARK CNTY NV		5	12/1/2033	2000000	 2,000,000 	 -   	2115925.46	2084421.6	105.7963	104.22108	-31503.86	7/31/2026	Muni	100	Single	RFRSwap	4.32	4.08	2.98	-0.60	0.031	 626 	0.01	1.00	0.80	0.76	0.44	0.00	0.00	3.0	0.0	-131.9	-106	0.00	0.00	0.00	0.00	0.00	0.00	0.00	2.12	0.02	11.84	2.22	0.03	9.38	2.24	0.03	6.83	2.94	0.03	1.47	3.73	0.04	-2.02	4.38	0.04	-6.12
233_PUB_HTM	612502	181144SD9	MUNI	IG-2	CLARK CNTY WA SCH DIST #37 VAN		5	12/1/2030	1000000	 1,000,000 	 -   	1022674.69	1017779.1	102.2675	101.77791	-4895.59	7/31/2026	Muni	100	Single	RFRSwap	4.54	4.42	1.21	-0.46	0.012	 124 	0.70	0.11	0.19	0.21	0.00	0.00	0.00	1.1	0.0	-147.8	-125	0.00	0.00	0.00	0.00	0.00	0.00	0.00	0.67	0.01	4.01	0.80	0.01	3.27	0.83	0.01	2.39	0.92	0.01	0.66	1.41	0.01	-0.50	2.17	0.02	-2.31
233_PUB_HTM	611696	181144SE7	MUNI	IG-2	CLARK CNTY WA SCH DIST #37 VAN		5	12/1/2031	1000000	 1,000,000 	 -   	1022384.35	1017201.4	102.2384	101.72014	-5182.95	7/31/2026	Muni	100	Single	RFRSwap	4.63	4.52	1.33	-0.61	0.014	 136 	0.69	0.11	0.10	0.40	0.02	0.00	0.00	1.2	0.0	-149.0	-118	0.00	0.00	0.00	0.00	0.00	0.00	0.00	0.67	0.01	4.05	0.80	0.01	3.32	0.83	0.01	2.44	0.97	0.01	0.69	1.69	0.02	-0.61	2.66	0.03	-2.81
233_PUB_HTM	611161	181144SF4	MUNI	IG-2	CLARK CNTY WA SCH DIST #37 VAN		5	12/1/2032	1600000	 1,600,000 	 -   	1635469.2	1626598.72	102.2168	101.66242	-8870.48	7/31/2026	Muni	100	Single	RFRSwap	4.69	4.59	1.44	-0.81	0.015	 235 	0.67	0.12	0.11	0.43	0.12	0.00	0.00	1.3	0.0	-150.3	-111	0.00	0.00	0.00	0.00	0.00	0.00	0.00	0.67	0.01	4.10	0.80	0.01	3.37	0.83	0.01	2.49	1.03	0.01	0.72	1.95	0.02	-0.75	3.09	0.03	-3.29
233_PUB_HTM	611373	181144SG2	MUNI	IG-2	CLARK CNTY WA SCH DIST #37 VAN		5	12/1/2033	1000000	 1,000,000 	 -   	1022031.33	1015965.2	102.2031	101.59652	-6066.13	7/31/2026	Muni	100	Single	RFRSwap	4.74	4.64	1.55	-0.97	0.016	 159 	0.66	0.12	0.11	0.42	0.25	0.00	0.00	1.4	0.0	-150.2	-103	0.00	0.00	0.00	0.00	0.00	0.00	0.00	0.67	0.01	4.15	0.80	0.01	3.42	0.83	0.01	2.54	1.19	0.01	0.72	2.39	0.02	-1.05	3.70	0.04	-4.11
233_PUB_HTM	611972	181216FA5	MUNI	IG-2	CLARK & SKAMANIA CNTYS WA SCHD		4	12/1/2029	500000	 500,000 	 -   	502899.55	501497.45	100.5799	100.29949	-1402.1	7/31/2026	Muni	100	Single	RFRSwap	3.90	3.81	0.93	-0.78	0.009	 47 	0.38	0.13	0.42	0.07	0.00	0.00	0.00	0.8	0.0	-159.7	-83	0.00	0.00	0.00	0.00	0.00	0.00	0.00	0.17	0.00	1.67	0.30	0.00	1.47	0.34	0.00	1.13	0.51	0.01	0.41	1.24	0.01	-0.45	2.07	0.02	-2.15
233_PUB_HTM	611442	181342HJ8	MUNI	IG-2	CLARK CNTY WA SCH DIST #122 RI		4	12/1/2034	2000000	 2,000,000 	 -   	2025737.38	2005194.6	101.2869	100.25973	-20542.78	7/31/2026	Muni	100	Single	RFRSwap	3.96	3.82	2.49	-1.74	0.025	 504 	0.51	0.20	0.20	0.72	0.89	0.00	0.00	2.3	0.0	-157.0	-39	0.00	0.00	0.00	0.00	0.00	0.00	0.00	0.68	0.01	4.91	0.80	0.01	4.18	0.83	0.01	3.30	2.30	0.02	0.83	4.07	0.04	-2.41	5.30	0.05	-6.99
233_PUB_HTM	611697	182846CE3	MUNI	IG-2	CLATSOP CNTY OR SCH DIST #10 S		5	6/15/2031	1000000	 1,000,000 	 -   	1023502.74	1018093.1	102.3503	101.80931	-5409.64	7/31/2026	Muni	100	Single	RFRSwap	4.58	4.46	1.27	-0.53	0.013	 131 	0.73	0.11	0.12	0.33	0.00	0.00	0.00	1.2	0.0	-142.0	-120	0.00	0.00	0.00	0.00	0.00	0.00	0.00	0.69	0.01	4.20	0.83	0.01	3.44	0.87	0.01	2.53	0.99	0.01	0.70	1.62	0.02	-0.58	2.48	0.02	-2.66
233_PUB_HTM	611144	184541BF6	MUNI	IG-2	CLEAR CREEK TX INDEP SCH DIST		5	2/15/2030	2000000	 2,000,000 	 -   	2029240.71	2022069.4	101.462	101.10347	-7171.31	7/31/2026	Muni	100	Single	RFRSwap	4.66	4.55	0.84	-0.53	0.009	 174 	0.52	0.09	0.21	0.07	0.00	0.00	0.00	0.8	0.0	-129.7	-106	0.00	0.00	0.00	0.00	0.00	0.00	0.00	0.52	0.01	2.65	0.53	0.01	2.10	0.53	0.01	1.53	0.56	0.01	0.42	0.98	0.01	-0.32	1.71	0.02	-1.67
233_PUB_HTM	611223	184541BG4	MUNI	IG-2	CLEAR CREEK TX INDEP SCH DIST		5	2/15/2031	1000000	 1,000,000 	 -   	1014502.82	1010454.1	101.4503	101.04541	-4048.72	7/31/2026	Muni	100	Single	RFRSwap	4.74	4.64	0.98	-0.66	0.010	 101 	0.50	0.09	0.16	0.27	0.00	0.00	0.00	0.9	0.0	-132.2	-96	0.00	0.00	0.00	0.00	0.00	0.00	0.00	0.52	0.01	2.68	0.53	0.01	2.13	0.53	0.01	1.56	0.61	0.01	0.44	1.22	0.01	-0.46	2.26	0.02	-2.26
233_PUB_HTM	611953	184541BH2	MUNI	IG-2	CLEAR CREEK TX INDEP SCH DIST		5	2/15/2032	1000000	 1,000,000 	 -   	1014319.61	1010074	101.432	101.0074	-4245.61	7/31/2026	Muni	100	Single	RFRSwap	4.79	4.70	1.12	-0.77	0.012	 116 	0.49	0.09	0.10	0.40	0.04	0.00	0.00	1.0	0.0	-137.0	-89	0.00	0.00	0.00	0.00	0.00	0.00	0.00	0.52	0.01	2.72	0.53	0.01	2.17	0.53	0.01	1.60	0.66	0.01	0.47	1.53	0.02	-0.58	2.75	0.03	-2.77
233_PUB_HTM	612464	184541BJ8	MUNI	IG-2	CLEAR CREEK TX INDEP SCH DIST		5	2/15/2033	1000000	 1,000,000 	 -   	1014293.88	1009796	101.4294	100.9796	-4497.88	7/31/2026	Muni	100	Single	RFRSwap	4.82	4.74	1.23	-0.89	0.013	 127 	0.49	0.09	0.09	0.40	0.13	0.00	0.00	1.0	0.0	-140.7	-83	0.00	0.00	0.00	0.00	0.00	0.00	0.00	0.52	0.01	2.76	0.53	0.01	2.21	0.53	0.01	1.64	0.71	0.01	0.49	1.83	0.02	-0.70	3.27	0.03	-3.33
AFS	611106	185991932	Misc_Securities	E-9	CLEMCAP		0	12/31/2100	1	 1 	 -   	1	1	100	100	0	7/31/2026																																														
233_PUB_HTM	611174	192450XN9	MUNI	IG-2	COHASSET MA	1	3	8/1/2030	405000	 405,000 	 -   	405000	398479.95	100	98.39011	-6520.05	7/31/2026	Muni	100	Single	RFRSwap	3.57	3.00	2.21	-0.65	0.022	 90 	0.19	0.65	1.04	0.35	0.00	0.00	0.00	2.2	0.0	-77.6	-60	0.00	0.00	0.00	0.00	0.00	0.00	0.00	0.13	0.00	2.19	0.13	0.00	2.07	0.13	0.00	1.94	1.59	0.02	1.13	2.49	0.02	-1.04	2.66	0.03	-3.58
233_PUB_HTM	612303	192450XQ2	MUNI	IG-2	COHASSET MA	1	3	8/1/2032	285000	 285,000 	 -   	285000	274229.96	100	96.22104	-10770.04	7/31/2026	Muni	100	Single	RFRSwap	3.77	3.00	4.01	-0.77	0.039	 112 	0.07	0.19	0.35	3.09	0.34	0.00	0.00	4.1	0.0	-62.1	-44	0.00	0.00	0.00	0.00	0.00	0.00	0.00	0.13	0.00	4.34	0.13	0.00	4.21	0.13	0.00	4.09	3.66	0.04	1.59	4.48	0.04	-2.47	4.68	0.04	-6.76
233_PUB_HTM	611318	195864VP5	MUNI	IG-2	COLONIAL PA SCH DIST		3	2/15/2040	395000	 395,000 	 -   	392531	331242.85	99.3749	83.85895	-61288.15	7/31/2026	Muni	100	Single	RFRSwap	4.62	3.06	9.68	0.49	0.082	 326 	-0.01	-0.01	0.03	0.21	6.25	3.22	0.00	11.4	0.0	1.4	14	0.00	0.00	0.00	0.00	0.00	0.00	0.00	2.47	0.03	25.10	3.46	0.04	22.18	6.82	0.07	16.80	9.68	0.08	0.48	9.89	0.08	-7.53	9.84	0.07	-14.84
AFS	611127	20368N103	CRA_INV_FUND	E-7	CRAQLFINV		0	12/31/2100	22181176	 22,181,176 	 -   	22181176	19951967.34	100	89.94999788	-2229208.66	7/31/2026																																														
233_PUB_HTM	611452	206849GJ4	MUNI	IG-2	CONEJO VLY CA UNIF SCH DIST		2.125	8/1/2034	1785000	 1,785,000 	 -   	1654349.73	1534618.76	92.6807	85.97304	-119730.97	7/31/2026	Muni	100	Single	RFRSwap	4.21	3.17	6.87	0.42	0.060	 1,068 	-0.02	-0.04	-0.04	2.83	4.14	0.00	0.00	7.5	0.0	-11.2	-8	0.00	0.00	0.00	0.00	0.00	0.00	0.00	3.98	0.04	24.48	5.26	0.06	19.55	6.37	0.06	13.45	6.95	0.06	0.72	6.96	0.06	-5.18	6.90	0.05	-10.66
233_PUB_HTM	612462	208418R54	MUNI	IG-2	CONROE TX INDEP SCH DIST		3	2/15/2036	1870000	 1,870,000 	 -   	1894584.41	1701653.62	101.3147	90.99752	-192930.78	7/31/2026	Muni	100	Single	RFRSwap	4.15	2.84	7.09	-0.01	0.066	 1,225 	-0.01	-0.02	0.19	1.19	5.74	0.00	0.00	7.7	0.0	-35.0	-18	0.00	0.00	0.00	0.00	0.00	0.00	0.00	3.41	0.04	22.60	3.80	0.04	18.65	5.27	0.06	13.76	7.14	0.07	1.01	7.43	0.06	-5.57	7.50	0.06	-11.83
233_PUB_HTM	612332	213417EN4	MUNI	IG-2	COOK CNTY IL SCH DIST #30		2.25	12/1/2036	785000	 785,000 	 -   	716649.86	625511.63	91.293	79.68301	-91138.23	7/31/2026	Muni	100	Single	RFRSwap	4.76	3.25	8.70	0.75	0.070	 547 	-0.02	-0.03	-0.07	-0.18	8.68	0.30	0.00	9.9	0.0	37.2	39	0.00	0.00	0.00	0.00	0.00	0.00	0.00	3.22	0.03	27.76	6.13	0.06	23.10	8.07	0.08	15.83	8.73	0.07	0.74	8.68	0.06	-6.00	8.58	0.06	-12.12
233_PUB_HTM	612852	213417EP9	MUNI	IG-2	COOK CNTY IL SCH DIST #30		2.25	12/1/2037	805000	 805,000 	 -   	714254.62	624362.51	88.7273	77.56056	-89892.11	7/31/2026	Muni	100	Single	RFRSwap	4.85	3.46	9.41	0.92	0.073	 590 	-0.02	-0.03	-0.07	-0.22	8.42	1.33	0.00	10.8	0.0	41.8	44	0.00	0.00	0.00	0.00	0.00	0.00	0.00	3.30	0.04	29.71	6.83	0.07	24.62	8.85	0.08	16.66	9.47	0.07	0.58	9.38	0.07	-6.49	9.24	0.06	-12.84
233_PUB_HTM	611651	2174897F4	MUNI	IG-2	COPPELL TX INDEP SCH DIST		5	8/15/2030	500000	 500,000 	 -   	527639.4	520491.95	105.5279	104.09839	-7147.45	7/31/2026	Muni	100	Single	RFRSwap	3.89	3.52	2.15	-0.22	0.023	 114 	0.01	1.47	0.45	0.23	0.00	0.00	0.00	2.2	0.0	-134.2	-126	0.00	0.00	0.00	0.00	0.00	0.00	0.00	1.96	0.02	10.15	1.96	0.02	7.89	1.94	0.02	5.68	2.08	0.02	1.36	2.36	0.02	-0.99	2.67	0.03	-3.61
233_PUB_HTM	612752	2174897G2	MUNI	IG-2	COPPELL TX INDEP SCH DIST		5	8/15/2031	610000	 610,000 	 -   	643308.23	633832.82	105.4604	103.90702	-9475.4	7/31/2026	Muni	100	Single	RFRSwap	4.13	3.80	2.31	-0.33	0.024	 149 	0.01	1.41	0.32	0.60	0.00	0.00	0.00	2.4	0.0	-130.2	-116	0.00	0.00	0.00	0.00	0.00	0.00	0.00	1.96	0.02	10.24	1.96	0.02	7.98	1.94	0.02	5.78	2.21	0.02	1.38	2.68	0.03	-1.20	3.12	0.03	-4.21
233_PUB_HTM	611419	2174897H0	MUNI	IG-2	COPPELL TX INDEP SCH DIST		5	8/15/2032	500000	 500,000 	 -   	527097.04	518551.65	105.4194	103.71033	-8545.39	7/31/2026	Muni	100	Single	RFRSwap	4.30	3.98	2.47	-0.52	0.026	 131 	0.01	1.35	0.31	0.68	0.13	0.00	0.00	2.5	0.0	-126.7	-107	0.00	0.00	0.00	0.00	0.00	0.00	0.00	1.96	0.02	10.35	1.96	0.02	8.10	1.94	0.02	5.89	2.33	0.03	1.43	2.93	0.03	-1.36	3.55	0.04	-4.71
233_PUB_HTM	611940	2174897J6	MUNI	IG-2	COPPELL TX INDEP SCH DIST		4	8/15/2033	500000	 500,000 	 -   	515655.8	504450.45	103.1312	100.89009	-11205.35	7/31/2026	Muni	100	Single	RFRSwap	3.85	3.49	3.37	-0.88	0.035	 173 	0.00	0.93	0.42	1.36	0.67	0.00	0.00	3.2	0.0	-124.1	-63	0.00	0.00	0.00	0.00	0.00	0.00	0.00	1.98	0.02	11.18	1.98	0.02	8.95	1.99	0.02	6.77	3.29	0.03	1.46	4.22	0.04	-2.41	4.84	0.05	-6.88
233_PUB_HTM	612102	219764QT7	MUNI	IG-2	CORONA-NORCO CA UNIF SCH DIST		4	8/1/2032	270000	 270,000 	 -   	278255.74	274888.57	103.0577	101.81058	-3367.18	7/31/2026	Muni	100	Single	RFRSwap	3.66	3.43	2.86	-0.69	0.030	 80 	0.00	1.14	0.37	1.15	0.22	0.00	0.00	2.8	0.0	-149.1	-111	0.00	0.00	0.00	0.00	0.00	0.00	0.00	1.97	0.02	10.59	1.95	0.02	8.37	1.93	0.02	6.22	2.73	0.03	1.51	3.46	0.04	-1.71	4.02	0.04	-5.48
233_PUB_HTM	612937	219764QU4	MUNI	IG-2	CORONA-NORCO CA UNIF SCH DIST		4	8/1/2033	375000	 375,000 	 -   	386306.16	380865.11	103.015	101.56403	-5441.05	7/31/2026	Muni	100	Single	RFRSwap	3.74	3.51	3.12	-0.89	0.032	 121 	0.00	1.09	0.35	1.14	0.55	0.00	0.00	3.0	0.0	-148.0	-98	0.00	0.00	0.00	0.00	0.00	0.00	0.00	1.97	0.02	10.83	1.95	0.02	8.61	1.94	0.02	6.46	3.07	0.03	1.45	3.97	0.04	-2.20	4.65	0.05	-6.50
233_PUB_HTM	612960	2201476E7	MUNI	IG-2	CORPUS CHRISTI TX INDEP SCH DI		3	8/15/2036	1250000	 1,250,000 	 -   	1257082.21	1132079.88	100.5666	90.56639	-125002.33	7/31/2026	Muni	100	Single	RFRSwap	4.16	2.93	7.21	-0.25	0.066	 829 	-0.01	0.06	0.16	0.52	6.46	0.02	0.00	7.8	0.0	-38.2	-19	0.00	0.00	0.00	0.00	0.00	0.00	0.00	2.00	0.02	17.65	2.12	0.02	15.48	3.86	0.04	12.49	7.12	0.07	1.01	7.60	0.07	-5.63	7.73	0.06	-12.02
233_PUB_HTM	611225	222147KM1	MUNI	IG-2	COUNCIL BLUFFS IA CMNTY SCH DI		3	5/1/2034	2000000	 2,000,000 	 -   	2005542.52	1859082.4	100.2771	92.95412	-146460.12	7/31/2026	Muni	100	Single	RFRSwap	4.07	2.96	5.80	-0.47	0.054	 1,087 	0.01	0.08	0.21	2.71	2.79	0.00	0.00	6.1	0.0	-36.4	-20	0.00	0.00	0.00	0.00	0.00	0.00	0.00	0.63	0.01	10.16	0.72	0.01	9.49	1.52	0.02	8.55	5.46	0.05	1.06	6.02	0.05	-4.28	6.23	0.05	-9.61
233_PUB_HTM	611152	226003EP2	MUNI	IG-2	CRESSKILL NJ SCH DIST		2.8	2/1/2029	350000	 350,000 	 -   	350000	345277.31	100	98.65066	-4722.69	7/31/2026	Muni	100	Single	RFRSwap	3.37	2.80	1.89	-0.58	0.019	 66 	0.22	0.98	0.71	0.00	0.00	0.00	0.00	1.9	0.0	-95.4	-81	0.00	0.00	0.00	0.00	0.00	0.00	0.00	0.13	0.00	1.93	0.13	0.00	1.80	0.13	0.00	1.67	1.23	0.01	1.03	2.09	0.02	-0.78	2.26	0.02	-2.94
233_PUB_HTM	612611	226003EQ0	MUNI	IG-2	CRESSKILL NJ SCH DIST		2.8	2/1/2030	350000	 350,000 	 -   	350000	340793.53	100	97.36958	-9206.47	7/31/2026	Muni	100	Single	RFRSwap	3.61	2.80	2.76	-0.49	0.027	 96 	0.10	0.25	1.87	0.55	0.00	0.00	0.00	2.8	0.0	-69.0	-57	0.00	0.00	0.00	0.00	0.00	0.00	0.00	0.13	0.00	3.18	0.13	0.00	3.05	0.13	0.00	2.92	2.39	0.02	1.41	3.00	0.03	-1.34	3.12	0.03	-4.30
233_PUB_HTM	612138	226003ER8	MUNI	IG-2	CRESSKILL NJ SCH DIST		2.85	2/1/2031	350000	 350,000 	 -   	350000	337037.58	100	96.29645	-12962.42	7/31/2026	Muni	100	Single	RFRSwap	3.75	2.85	3.53	-0.50	0.034	 121 	0.06	0.18	1.07	2.24	0.00	0.00	0.00	3.6	0.0	-55.6	-43	0.00	0.00	0.00	0.00	0.00	0.00	0.00	0.13	0.00	4.24	0.13	0.00	4.11	0.13	0.00	3.98	3.28	0.03	1.51	3.84	0.04	-2.04	3.95	0.04	-5.71
233_PUB_HTM	612369	229255GZ1	MUNI	IG-2	CRYSTAL LAKE IL		2.5	12/15/2030	295000	 295,000 	 -   	295000	277976.49	100	94.22932	-17023.51	7/31/2026	Muni	100	Single	RFRSwap	3.95	2.50	3.84	-0.09	0.036	 107 	0.00	0.05	1.31	2.48	0.00	0.00	0.00	4.0	0.0	-27.0	-23	0.00	0.00	0.00	0.00	0.00	0.00	0.00	0.04	0.00	6.05	0.08	0.00	6.00	0.09	0.00	5.91	3.78	0.04	1.60	3.96	0.04	-2.08	3.97	0.04	-5.68
233_PUB_HTM	612940	229255HA5	MUNI	IG-2	CRYSTAL LAKE IL		2.5	12/15/2031	300000	 300,000 	 -   	300000	277292.13	100	92.43071	-22707.87	7/31/2026	Muni	100	Single	RFRSwap	4.08	2.50	4.69	0.00	0.044	 131 	-0.01	0.01	0.12	4.24	0.33	0.00	0.00	5.0	0.0	-15.3	-12	0.00	0.00	0.00	0.00	0.00	0.00	0.00	0.04	0.00	7.84	0.08	0.00	7.79	0.17	0.00	7.70	4.66	0.04	1.70	4.81	0.04	-2.69	4.80	0.04	-6.92
233_PUB_HTM	611334	229255HB3	MUNI	IG-2	CRYSTAL LAKE IL		2.625	12/15/2032	310000	 310,000 	 -   	310000	283309.34	100	91.39011	-26690.66	7/31/2026	Muni	100	Single	RFRSwap	4.18	2.62	5.43	0.01	0.050	 154 	-0.01	0.01	0.08	3.93	1.42	0.00	0.00	5.8	0.0	-9.8	-5	0.00	0.00	0.00	0.00	0.00	0.00	0.00	0.04	0.00	8.88	0.08	0.00	8.83	0.20	0.00	8.74	5.39	0.05	1.81	5.58	0.05	-3.21	5.58	0.05	-8.02
233_PUB_HTM	612015	231237K31	MUNI	IG-2	CUPERTINO CA UNION SCH DIST		3.25	8/1/2032	920000	 920,000 	 -   	920000	920440.59	100	100.04789	440.59	7/31/2026	Muni	100	Single	RFRSwap	2.73	3.27	0.09	0.00	0.001	 8 	0.09	0.00	0.00	0.00	0.00	0.00	0.00	0.1	0.0	-113.7	-114	0.00	0.00	0.00	0.00	0.00	0.00	0.00	0.09	0.00	0.42	0.09	0.00	0.33	0.09	0.00	0.24	0.09	0.00	0.06	0.09	0.00	-0.03	0.09	0.00	-0.12
233_PUB_HTM	612973	231237K49	MUNI	IG-2	CUPERTINO CA UNION SCH DIST		3.25	8/1/2033	1000000	 1,000,000 	 -   	1000000	1000478.9	100	100.04789	478.9	7/31/2026	Muni	100	Single	RFRSwap	2.73	3.27	0.09	0.00	0.001	 9 	0.09	0.00	0.00	0.00	0.00	0.00	0.00	0.1	0.0	-113.7	-114	0.00	0.00	0.00	0.00	0.00	0.00	0.00	0.09	0.00	0.42	0.09	0.00	0.33	0.09	0.00	0.24	0.09	0.00	0.06	0.09	0.00	-0.03	0.09	0.00	-0.12
233_PUB_HTM	611327	231237K56	MUNI	IG-2	CUPERTINO CA UNION SCH DIST		3.25	8/1/2034	1000000	 1,000,000 	 -   	1000000	1000478.9	100	100.04789	478.9	7/31/2026	Muni	100	Single	RFRSwap	2.73	3.27	0.09	0.00	0.001	 9 	0.09	0.00	0.00	0.00	0.00	0.00	0.00	0.1	0.0	-113.7	-114	0.00	0.00	0.00	0.00	0.00	0.00	0.00	0.09	0.00	0.42	0.09	0.00	0.33	0.09	0.00	0.24	0.09	0.00	0.06	0.09	0.00	-0.03	0.09	0.00	-0.12
233_PUB_HTM	611856	23223PFB8	MUNI	IG-2	CUYAHOGA CNTY OH		3	12/1/2034	750000	 750,000 	 -   	750930.73	694380.22	100.1241	92.58403	-56550.5	7/31/2026	Muni	100	Single	RFRSwap	4.06	2.98	6.13	-0.41	0.057	 428 	0.00	0.11	0.21	2.26	3.57	0.00	0.00	6.4	0.0	-42.6	-24	0.00	0.00	0.00	0.00	0.00	0.00	0.00	1.66	0.02	14.82	1.84	0.02	13.02	3.14	0.03	10.53	6.06	0.06	0.93	6.55	0.06	-4.86	6.73	0.06	-10.53
233_PUB_HTM	611466	23223PFC6	MUNI	IG-2	CUYAHOGA CNTY OH		3	12/1/2035	500000	 500,000 	 -   	498320.73	453766.35	99.6641	90.75327	-44554.38	7/31/2026	Muni	100	Single	RFRSwap	4.21	3.04	6.94	-0.24	0.063	 317 	-0.01	0.06	0.16	1.30	5.42	0.00	0.00	7.4	0.0	-28.3	-12	0.00	0.00	0.00	0.00	0.00	0.00	0.00	1.66	0.02	16.35	1.89	0.02	14.55	3.65	0.04	11.82	6.81	0.06	0.98	7.25	0.06	-5.32	7.40	0.06	-11.41
233_PUB_HTM	611587	232769EV7	MUNI	IG-2	CYPRESS-FAIRBANKS TX INDEP SCH		4	2/15/2034	1200000	 1,200,000 	 -   	1247114.04	1212684.24	103.9262	101.05702	-34429.8	7/31/2026	Muni	100	Single	RFRSwap	3.84	3.40	3.91	-0.77	0.040	 483 	0.00	0.48	0.96	1.47	1.02	0.00	0.00	3.8	0.0	-119.9	-61	0.00	0.00	0.00	0.00	0.00	0.00	0.00	2.46	0.03	13.79	2.44	0.03	10.97	2.52	0.03	8.21	4.01	0.04	1.43	4.82	0.05	-3.09	5.32	0.05	-8.04
233_PUB_HTM	611927	234554HH9	MUNI	IG-2	DALLAS CENTER IA GRIMES CMNTY		4	6/1/2034	1600000	 1,600,000 	 -   	1644232.48	1614534.56	102.7645	100.90841	-29697.92	7/31/2026	Muni	100	Single	RFRSwap	3.86	3.59	3.40	-1.11	0.035	 552 	0.12	0.85	0.34	1.13	0.98	0.00	0.00	3.2	0.0	-140.1	-69	0.00	0.00	0.00	0.00	0.00	0.00	0.00	1.66	0.02	10.15	1.77	0.02	8.30	1.82	0.02	6.33	3.44	0.04	1.23	4.53	0.04	-2.82	5.29	0.05	-7.59
233_PUB_HTM	611479	235866DG2	MUNI	IG-2	DANBURY CT		3	11/1/2035	915000	 915,000 	 -   	915922.54	852350.04	100.1008	93.15301	-63572.5	7/31/2026	Muni	100	Single	RFRSwap	3.89	2.99	6.38	-0.80	0.060	 548 	0.02	0.11	0.23	1.38	4.65	0.00	0.00	6.7	0.0	-68.5	-44	0.00	0.00	0.00	0.00	0.00	0.00	0.00	0.13	0.00	8.01	0.23	0.00	7.86	0.52	0.01	7.60	5.67	0.05	1.03	6.50	0.06	-4.64	6.86	0.06	-10.44
233_PUB_HTM	612620	235866DH0	MUNI	IG-2	DANBURY CT		3	11/1/2036	2100000	 2,100,000 	 -   	2102045.34	1919599.71	100.0974	91.40951	-182445.63	7/31/2026	Muni	100	Single	RFRSwap	4.03	2.99	7.20	-0.53	0.066	 1,394 	0.00	0.07	0.18	0.55	6.27	0.15	0.00	7.7	0.0	-54.2	-33	0.00	0.00	0.00	0.00	0.00	0.00	0.00	0.13	0.00	9.70	0.23	0.00	9.56	0.87	0.01	9.22	6.52	0.06	1.02	7.24	0.06	-5.22	7.56	0.06	-11.43
233_PUB_HTM	611649	2364696G2	MUNI	IG-2	DANVERS MA		2	7/1/2033	1435000	 1,435,000 	 -   	1326719.87	1265341.53	92.4543	88.17711	-61378.34	7/31/2026	Muni	100	Single	RFRSwap	3.97	3.23	6.11	0.30	0.054	 774 	-0.02	-0.04	-0.01	3.86	2.32	0.00	0.00	6.4	0.0	-31.4	-28	0.00	0.00	0.00	0.00	0.00	0.00	0.00	3.73	0.04	22.31	4.49	0.05	18.02	5.46	0.06	12.79	6.10	0.05	1.56	6.14	0.05	-3.78	6.12	0.05	-8.82
233_PUB_HTM	612754	2364696H0	MUNI	IG-2	DANVERS MA		2	7/1/2034	1460000	 1,460,000 	 -   	1320663.85	1257761.24	90.4564	86.14803	-62902.61	7/31/2026	Muni	100	Single	RFRSwap	4.06	3.38	6.89	0.39	0.060	 869 	-0.02	-0.04	-0.04	2.97	4.04	0.00	0.00	7.4	0.0	-25.8	-22	0.00	0.00	0.00	0.00	0.00	0.00	0.00	3.80	0.04	24.10	5.18	0.05	19.41	6.34	0.06	13.40	6.97	0.06	0.78	7.00	0.06	-5.10	6.95	0.05	-10.57
233_PUB_HTM	611628	2364696J6	MUNI	IG-2	DANVERS MA		2	7/1/2035	1495000	 1,495,000 	 -   	1323416.23	1256325.64	88.5228	84.03516	-67090.59	7/31/2026	Muni	100	Single	RFRSwap	4.16	3.51	7.68	0.50	0.065	 967 	-0.02	-0.04	-0.06	1.69	6.10	0.00	0.00	8.3	0.0	-19.6	-15	0.00	0.00	0.00	0.00	0.00	0.00	0.00	3.82	0.04	25.95	5.60	0.06	21.05	7.02	0.07	14.49	7.76	0.07	0.72	7.74	0.06	-5.62	7.71	0.06	-11.47
233_PUB_HTM	611299	238640CM6	MUNI	IG-2	DAVIDSON NC		2	6/1/2036	850000	 850,000 	 -   	742918.84	695986.97	87.4022	81.88082	-46931.87	7/31/2026	Muni	100	Single	RFRSwap	4.28	3.53	8.41	0.67	0.069	 588 	-0.02	-0.04	-0.09	0.20	8.34	0.00	0.00	9.2	0.0	-11.0	-7	0.00	0.00	0.00	0.00	0.00	0.00	0.00	4.76	0.05	29.44	6.68	0.07	23.33	7.92	0.08	15.79	8.46	0.07	0.77	8.46	0.06	-5.96	8.37	0.06	-12.11
233_PUB_HTM	611982	238640CN4	MUNI	IG-2	DAVIDSON NC		2	6/1/2037	745000	 745,000 	 -   	643006.94	592948.63	86.3097	79.59042	-50058.32	7/31/2026	Muni	100	Single	RFRSwap	4.39	3.53	9.15	0.81	0.073	 545 	-0.02	-0.04	-0.09	-0.17	8.67	0.80	0.00	10.2	0.0	-3.5	0	0.00	0.00	0.00	0.00	0.00	0.00	0.00	4.85	0.05	31.32	7.26	0.08	24.87	8.68	0.08	16.70	9.21	0.07	0.68	9.18	0.07	-6.41	9.08	0.06	-12.83
233_PUB_HTM	611544	238640CP9	MUNI	IG-2	DAVIDSON NC		2	6/1/2038	845000	 845,000 	 -   	719519.94	653451.01	85.1503	77.33148	-66068.93	7/31/2026	Muni	100	Single	RFRSwap	4.49	3.55	9.89	0.98	0.077	 649 	-0.02	-0.04	-0.09	-0.24	8.33	1.95	0.00	11.2	0.0	3.2	6	0.00	0.00	0.00	0.00	0.00	0.00	0.00	5.01	0.06	33.20	7.95	0.08	26.28	9.45	0.09	17.46	9.98	0.08	0.48	9.89	0.07	-6.92	9.76	0.06	-13.55
233_PUB_HTM	611800	238640CQ7	MUNI	IG-2	DAVIDSON NC		2	6/1/2039	845000	 845,000 	 -   	709900.19	633311.78	84.0119	74.94814	-76588.4	7/31/2026	Muni	100	Single	RFRSwap	4.61	3.56	10.60	1.18	0.080	 674 	-0.02	-0.04	-0.09	-0.28	7.79	3.24	0.00	12.2	0.0	11.5	14	0.00	0.00	0.00	0.00	0.00	0.00	0.00	5.24	0.06	35.10	8.71	0.09	27.63	10.23	0.10	18.17	10.70	0.08	0.32	10.59	0.07	-7.32	10.42	0.06	-14.10
233_PUB_HTM	611981	238640CR5	MUNI	IG-2	DAVIDSON NC		2	6/1/2040	845000	 845,000 	 -   	698459.18	616742.77	82.6579	72.98731	-81716.41	7/31/2026	Muni	100	Single	RFRSwap	4.67	3.60	11.28	1.35	0.083	 699 	-0.02	-0.04	-0.09	-0.31	7.03	4.70	0.00	13.1	0.0	14.6	18	0.00	0.00	0.00	0.00	0.00	0.00	0.00	5.43	0.06	36.86	9.33	0.10	28.92	10.96	0.10	18.88	11.37	0.08	0.21	11.24	0.07	-7.65	11.04	0.06	-14.58
233_PUB_HTM	611496	239019N32	MUNI	IG-2	DAVIS CNTY UT SCH DIST		4	6/1/2031	2000000	 2,000,000 	 -   	2000000	2000836.6	100	100.04183	836.6	7/31/2026	Muni	100	Single	RFRSwap	3.99	4.00	0.50	-1.47	0.005	 100 	0.13	0.04	0.06	0.18	0.00	0.00	0.00	0.3	0.0	-143.4	-38	0.00	0.00	0.00	0.00	0.00	0.00	0.00	0.04	0.00	0.47	0.08	0.00	0.42	0.09	0.00	0.33	0.15	0.00	0.15	1.71	0.02	-0.53	3.16	0.03	-3.06
233_PUB_HTM	612046	240451YK4	MUNI	IG-2	DE KALB CNTY GA		4	12/1/2029	1000000	 1,000,000 	 -   	1005964.76	1002511.8	100.5965	100.25118	-3452.96	7/31/2026	Muni	100	Single	RFRSwap	3.92	3.81	0.97	-0.78	0.010	 98 	0.38	0.13	0.44	0.07	0.00	0.00	0.00	0.8	0.0	-153.7	-68	0.00	0.00	0.00	0.00	0.00	0.00	0.00	0.17	0.00	1.70	0.30	0.00	1.50	0.34	0.00	1.15	0.53	0.01	0.43	1.29	0.01	-0.47	2.11	0.02	-2.21
233_PUB_HTM	612574	240451YL2	MUNI	IG-2	DE KALB CNTY GA		4	12/1/2030	1000000	 1,000,000 	 -   	1005756.23	1001886.6	100.5756	100.18866	-3869.63	7/31/2026	Muni	100	Single	RFRSwap	3.95	3.85	1.18	-0.97	0.012	 119 	0.36	0.12	0.31	0.38	0.00	0.00	0.00	1.0	0.0	-162.5	-49	0.00	0.00	0.00	0.00	0.00	0.00	0.00	0.17	0.00	1.79	0.30	0.00	1.59	0.34	0.00	1.24	0.63	0.01	0.49	1.73	0.02	-0.66	2.72	0.03	-2.92
233_PUB_HTM	611766	243109GY5	MUNI	IG-2	DECATUR GA		3	8/1/2033	3215000	 3,215,000 	 -   	3215000	3096211.22	100	96.30517	-118788.78	7/31/2026	Muni	100	Single	RFRSwap	3.60	3.00	4.54	-1.24	0.044	 1,429 	0.10	0.19	0.32	2.55	1.41	0.00	0.00	4.5	0.0	-94.1	-65	0.00	0.00	0.00	0.00	0.00	0.00	0.00	0.13	0.00	4.30	0.13	0.00	4.17	0.13	0.00	4.04	4.18	0.04	1.44	5.41	0.05	-3.35	5.74	0.05	-8.50
233_PUB_HTM	611315	243667XA5	MUNI	IG-2	DEDHAM MA		3.375	11/15/2027	350000	 350,000 	 -   	350000	350145.95	100	100.0417	145.95	7/31/2026	Muni	100	Single	RFRSwap	3.34	3.37	0.23	-0.60	0.002	 8 	0.19	0.03	0.00	0.00	0.00	0.00	0.00	0.2	0.0	-141.1	-101	0.00	0.00	0.00	0.00	0.00	0.00	0.00	0.04	0.00	0.41	0.08	0.00	0.36	0.09	0.00	0.27	0.09	0.00	0.09	0.49	0.00	-0.11	1.07	0.01	-0.96
233_PUB_HTM	611889	244127L79	MUNI	IG-2	DEER PARK TX INDEP SCH DIST		5	8/15/2030	500000	 500,000 	 -   	500522.86	500533.9	100.1046	100.10678	11.04	7/31/2026	Muni	100	Single	RFRSwap	3.05	3.09	0.06	0.00	0.001	 3 	0.06	0.00	0.00	0.00	0.00	0.00	0.00	0.1	0.0	-82.9	-83	0.00	0.00	0.00	0.00	0.00	0.00	0.00	0.04	0.00	0.25	0.05	0.00	0.21	0.06	0.00	0.15	0.06	0.00	0.04	0.06	0.00	-0.02	0.06	0.00	-0.08
233_PUB_HTM	611294	244127L87	MUNI	IG-2	DEER PARK TX INDEP SCH DIST		5	8/15/2031	500000	 500,000 	 -   	500522.77	500533.9	100.1046	100.10678	11.13	7/31/2026	Muni	100	Single	RFRSwap	3.05	3.09	0.06	0.00	0.001	 3 	0.06	0.00	0.00	0.00	0.00	0.00	0.00	0.1	0.0	-82.9	-83	0.00	0.00	0.00	0.00	0.00	0.00	0.00	0.04	0.00	0.25	0.05	0.00	0.21	0.06	0.00	0.15	0.06	0.00	0.04	0.06	0.00	-0.02	0.06	0.00	-0.08
233_PUB_HTM	612219	244487BX1	MUNI	IG-2	DEERFIELD MA		4	12/15/2030	245000	 245,000 	 -   	245000	244578.04	100	99.82777	-421.96	7/31/2026	Muni	100	Single	RFRSwap	4.04	4.00	1.01	-2.16	0.010	 25 	0.27	0.13	0.34	0.44	0.00	0.00	0.00	1.0	0.0	-106.8	-14	0.00	0.00	0.00	0.00	0.00	0.00	0.00	0.03	0.00	0.51	0.06	0.00	0.47	0.06	0.00	0.41	0.23	0.00	0.26	2.11	0.02	-0.81	3.10	0.03	-3.43
233_PUB_HTM	612415	244487BY9	MUNI	IG-2	DEERFIELD MA		4	12/15/2031	245000	 245,000 	 -   	245000	244225.11	100	99.68372	-774.89	7/31/2026	Muni	100	Single	RFRSwap	4.07	4.00	1.47	-2.55	0.015	 36 	0.25	0.13	0.16	0.85	0.05	0.00	0.00	1.2	0.0	-105.6	-13	0.00	0.00	0.00	0.00	0.00	0.00	0.00	0.03	0.00	0.65	0.06	0.00	0.62	0.06	0.00	0.55	0.31	0.00	0.37	2.65	0.03	-1.15	3.80	0.04	-4.39
233_PUB_HTM	612200	244487BZ6	MUNI	IG-2	DEERFIELD MA		4	12/15/2032	245000	 245,000 	 -   	245000	243601.07	100	99.42901	-1398.93	7/31/2026	Muni	100	Single	RFRSwap	4.10	4.00	2.01	-2.83	0.020	 49 	0.31	0.19	0.22	1.09	0.35	0.00	0.00	1.9	0.0	-99.1	-13	0.00	0.00	0.00	0.00	0.00	0.00	0.00	0.03	0.00	0.90	0.06	0.00	0.87	0.06	0.00	0.80	0.66	0.01	0.58	3.39	0.03	-1.57	4.50	0.04	-5.47
233_PUB_HTM	612454	248866X59	MUNI	IG-2	DENTON TX		3	2/15/2030	850000	 850,000 	 -   	853172.15	845709.71	100.3732	99.49526	-7462.44	7/31/2026	Muni	100	Single	RFRSwap	3.15	2.89	1.78	-0.99	0.018	 153 	0.36	0.25	0.93	0.28	0.00	0.00	0.00	1.6	0.0	-155.5	-102	0.00	0.00	0.00	0.00	0.00	0.00	0.00	0.53	0.01	3.62	0.54	0.01	3.07	0.54	0.01	2.51	1.32	0.01	0.90	2.04	0.02	-0.83	2.54	0.02	-3.13
233_PUB_HTM	611303	248866X67	MUNI	IG-2	DENTON TX		3	2/15/2031	860000	 860,000 	 -   	862458.67	848737.53	100.2859	98.69041	-13721.14	7/31/2026	Muni	100	Single	RFRSwap	3.31	2.93	2.55	-1.18	0.026	 220 	0.27	0.26	0.72	1.35	0.00	0.00	0.00	2.4	0.0	-132.0	-87	0.00	0.00	0.00	0.00	0.00	0.00	0.00	0.53	0.01	4.29	0.54	0.01	3.74	0.55	0.01	3.18	2.00	0.02	1.06	2.86	0.03	-1.37	3.36	0.03	-4.41
233_PUB_HTM	612948	248866X91	MUNI	IG-2	DENTON TX		3.25	2/15/2034	1015000	 1,015,000 	 -   	1018806.22	978175.09	100.375	96.37193	-40631.13	7/31/2026	Muni	100	Single	RFRSwap	3.81	3.19	4.60	-1.36	0.045	 457 	0.11	0.20	0.32	2.22	1.79	0.00	0.00	4.6	0.0	-82.0	-46	0.00	0.00	0.00	0.00	0.00	0.00	0.00	0.52	0.01	6.41	0.54	0.01	5.87	0.59	0.01	5.30	4.06	0.04	1.11	5.17	0.05	-3.42	5.65	0.05	-8.43
233_PUB_HTM	612945	249174VK6	MUNI	IG-2	DENVER CITY & CNTY CO SCH DIST		5	12/1/2031	2000000	 2,000,000 	 -   	2018216.96	2013624.8	100.9108	100.68124	-4592.16	7/31/2026	Muni	100	Single	RFRSwap	4.85	4.80	0.89	-0.92	0.009	 181 	0.34	0.06	0.07	0.33	0.02	0.00	0.00	0.6	0.0	-167.4	-99	0.00	0.00	0.00	0.00	0.00	0.00	0.00	0.17	0.00	1.54	0.30	0.00	1.34	0.34	0.00	0.99	0.39	0.00	0.30	1.30	0.01	-0.45	2.50	0.02	-2.34
233_PUB_HTM	611471	249174VL4	MUNI	IG-2	DENVER CITY & CNTY CO SCH DIST		5	12/1/2032	2000000	 2,000,000 	 -   	2018051.08	2013493	100.9026	100.67465	-4558.08	7/31/2026	Muni	100	Single	RFRSwap	4.87	4.83	1.00	-1.08	0.010	 204 	0.34	0.05	0.06	0.35	0.08	0.00	0.00	0.7	0.0	-175.2	-97	0.00	0.00	0.00	0.00	0.00	0.00	0.00	0.17	0.00	1.56	0.30	0.00	1.36	0.34	0.00	1.01	0.42	0.00	0.32	1.52	0.02	-0.55	2.92	0.03	-2.78
233_PUB_HTM	612844	249739TN3	MUNI	IG-2	DERBY CT		3.375	9/1/2031	430000	 430,000 	 -   	430000	427877.13	100	99.50631	-2122.87	7/31/2026	Muni	100	Single	RFRSwap	3.48	3.37	1.82	-2.02	0.018	 79 	0.32	0.20	0.25	1.15	0.02	0.00	0.00	1.8	0.0	-144.0	-71	0.00	0.00	0.00	0.00	0.00	0.00	0.00	0.17	0.00	1.65	0.20	0.00	1.47	0.21	0.00	1.26	0.94	0.01	0.66	2.97	0.03	-1.34	3.85	0.04	-4.76
233_PUB_HTM	612614	249739TP8	MUNI	IG-2	DERBY CT		3.5	9/1/2032	425000	 425,000 	 -   	425000	421832.6	100	99.25473	-3167.4	7/31/2026	Muni	100	Single	RFRSwap	3.64	3.50	2.30	-2.30	0.023	 98 	0.29	0.20	0.25	1.31	0.30	0.00	0.00	2.1	0.0	-130.7	-58	0.00	0.00	0.00	0.00	0.00	0.00	0.00	0.17	0.00	1.90	0.20	0.00	1.72	0.21	0.00	1.51	1.23	0.01	0.82	3.53	0.03	-1.67	4.50	0.04	-5.67
233_PUB_HTM	612364	250353BL2	MUNI	IG-2	DESCHUTES OR PUBLIC LIBRARY DI	1	3	12/1/2041	5000000	 5,000,000 	 -   	4911869.29	4195011.5	98.2374	83.90023	-716857.79	7/31/2026	Muni	100	Single	RFRSwap	4.48	3.15	10.55	0.65	0.089	 4,452 	-0.01	-0.02	-0.03	0.32	5.29	5.00	0.00	12.5	0.0	-21.4	-4	0.00	0.00	0.00	0.00	0.00	0.00	0.00	4.52	0.05	32.99	6.24	0.07	27.15	8.68	0.09	19.04	10.68	0.09	0.37	10.82	0.08	-8.29	10.74	0.07	-16.08
233_PUB_HTM	611959	254278KP8	MUNI	IG-2	DILWORTH-GLYNDON-FELTON MN IND		3	2/1/2036	500000	 500,000 	 -   	500000	453950.55	100	90.79011	-46049.45	7/31/2026	Muni	100	Single	RFRSwap	4.18	3.00	7.08	-0.27	0.065	 327 	-0.01	0.03	0.12	1.09	5.83	0.00	0.00	7.8	0.0	-27.1	-15	0.00	0.00	0.00	0.00	0.00	0.00	0.00	0.13	0.00	9.73	0.13	0.00	9.60	0.13	0.00	9.47	7.23	0.07	0.95	7.59	0.07	-5.77	7.63	0.06	-12.13
233_PUB_HTM	611387	254278KQ6	MUNI	IG-2	DILWORTH-GLYNDON-FELTON MN IND		3	2/1/2037	500000	 500,000 	 -   	500000	446661.8	100	89.33236	-53338.2	7/31/2026	Muni	100	Single	RFRSwap	4.27	3.00	7.79	-0.10	0.071	 354 	-0.01	0.01	0.09	0.37	6.97	0.34	0.00	8.8	0.0	-21.2	-10	0.00	0.00	0.00	0.00	0.00	0.00	0.00	0.13	0.00	11.18	0.13	0.00	11.05	0.18	0.00	10.92	7.96	0.07	0.91	8.26	0.07	-6.28	8.26	0.06	-13.00
233_PUB_HTM	612126	258885P48	MUNI	IG-2	DOUGLAS CNTY CO SCH DIST #RE-1		4	12/15/2034	1000000	 1,000,000 	 -   	1034824.73	1006591.8	103.4825	100.65918	-28232.93	7/31/2026	Muni	100	Single	RFRSwap	3.91	3.52	4.13	-0.96	0.042	 417 	0.00	0.62	0.74	1.25	1.53	0.00	0.00	4.1	0.0	-121.7	-47	0.00	0.00	0.00	0.00	0.00	0.00	0.00	2.16	0.02	13.13	2.28	0.03	10.68	2.42	0.03	8.09	4.27	0.04	1.27	5.26	0.05	-3.54	5.88	0.05	-8.85
233_PUB_HTM	612749	259291NE8	MUNI	IG-2	DOUGLAS CNTY NE SCH DIST #1		5	12/15/2029	2000000	 2,000,000 	 -   	2021418.92	2015427	101.0709	100.77135	-5991.92	7/31/2026	Muni	100	Single	RFRSwap	4.75	4.65	0.64	-0.47	0.007	 130 	0.40	0.06	0.17	0.03	0.00	0.00	0.00	0.6	0.0	-128.4	-104	0.00	0.00	0.00	0.00	0.00	0.00	0.00	0.19	0.00	1.66	0.34	0.00	1.44	0.38	0.00	1.05	0.38	0.00	0.28	0.79	0.01	-0.24	1.60	0.02	-1.43
233_PUB_HTM	612040	259309M74	MUNI	IG-2	DOUGLAS CNTY NE SCH DIST #10		4	12/15/2033	375000	 375,000 	 -   	392775.56	379964.1	104.7402	101.32376	-12811.46	7/31/2026	Muni	100	Single	RFRSwap	3.79	3.27	4.53	-0.45	0.046	 173 	0.00	0.00	1.25	2.12	1.16	0.00	0.00	4.6	0.0	-106.5	-59	0.00	0.00	0.00	0.00	0.00	0.00	0.00	3.09	0.04	17.50	3.20	0.04	13.87	3.39	0.04	10.13	4.64	0.05	1.58	5.17	0.05	-3.38	5.50	0.05	-8.51
233_PUB_HTM	612497	259327T79	MUNI	IG-2	DOUGLAS CNTY NE SCH DIST #17		2	12/15/2038	3170000	 3,170,000 	 -   	2669610.54	2326283.26	84.2148	73.38433	-343327.28	7/31/2026	Muni	100	Single	RFRSwap	4.89	3.59	10.35	1.18	0.076	 2,415 	-0.02	-0.04	-0.09	-0.35	8.16	2.68	0.00	12.0	0.0	43.3	45	0.00	0.00	0.00	0.00	0.00	0.00	0.00	5.02	0.05	34.38	8.95	0.09	26.93	10.26	0.09	17.54	10.44	0.08	0.35	10.30	0.07	-6.94	10.12	0.06	-13.41
233_PUB_HTM	611899	260183D21	MUNI	IG-2	DOVER NH		3	6/15/2034	2000000	 2,000,000 	 -   	2000000	1862817.4	100	93.14087	-137182.6	7/31/2026	Muni	100	Single	RFRSwap	4.02	3.00	6.84	0.57	0.064	 1,279 	-0.01	-0.02	-0.05	2.87	4.06	0.00	0.00	7.9	0.0	-25.2	-25	0.00	0.00	0.00	0.00	0.00	0.00	0.00	7.29	0.09	31.86	7.22	0.08	23.10	7.13	0.08	15.02	6.92	0.07	0.80	6.82	0.06	-5.46	6.71	0.06	-11.22
233_PUB_HTM	611887	260741QP1	MUNI	IG-2	DOWNERS GROVE IL		3.5	1/1/2032	1115000	 1,115,000 	 -   	1115000	1087106.27	100	97.49832	-27893.73	7/31/2026	Muni	100	Single	RFRSwap	4.02	3.50	3.41	-1.26	0.033	 372 	0.17	0.23	0.36	2.48	0.20	0.00	0.00	3.3	0.0	-50.9	-18	0.00	0.00	0.00	0.00	0.00	0.00	0.00	0.04	0.00	2.89	0.08	0.00	2.84	0.09	0.00	2.75	2.76	0.03	1.35	4.09	0.04	-2.14	4.48	0.04	-6.19
233_PUB_HTM	611924	261005PA4	MUNI	IG-2	DOWNEY CA UNIF SCH DIST		4	8/1/2034	1055000	 1,055,000 	 -   	1085433.76	1068764.69	102.8847	101.30471	-16669.07	7/31/2026	Muni	100	Single	RFRSwap	3.81	3.58	3.41	-1.03	0.035	 372 	0.00	1.02	0.36	1.05	0.99	0.00	0.00	3.3	0.0	-147.2	-85	0.00	0.00	0.00	0.00	0.00	0.00	0.00	1.97	0.02	11.09	1.95	0.02	8.87	1.96	0.02	6.71	3.51	0.04	1.25	4.59	0.05	-2.94	5.34	0.05	-7.84
233_PUB_HTM	611790	261005PC0	MUNI	IG-2	DOWNEY CA UNIF SCH DIST		4	8/1/2036	2065000	 2,065,000 	 -   	2121060.4	2080425.14	102.7148	100.74698	-40635.27	7/31/2026	Muni	100	Single	RFRSwap	3.91	3.67	4.04	-1.37	0.042	 857 	0.00	0.89	0.39	0.56	2.25	0.00	0.00	4.0	0.0	-145.6	-56	0.00	0.00	0.00	0.00	0.00	0.00	0.00	1.97	0.02	11.64	1.95	0.02	9.42	1.98	0.02	7.26	4.12	0.04	1.28	5.46	0.05	-3.65	6.35	0.06	-9.39
233_PUB_HTM	611344	261399XY0	MUNI	IG-2	DRACUT MA		2	10/15/2034	450000	 450,000 	 -   	401668.88	378060.03	89.2598	84.01334	-23608.85	7/31/2026	Muni	100	Single	RFRSwap	4.34	3.52	7.15	0.46	0.060	 272 	-0.02	-0.04	-0.06	2.58	4.70	0.00	0.00	7.8	0.0	1.9	4	0.00	0.00	0.00	0.00	0.00	0.00	0.00	3.12	0.03	23.63	5.03	0.05	19.52	6.58	0.06	13.50	7.21	0.06	0.63	7.21	0.06	-5.30	7.14	0.05	-10.79
233_PUB_HTM	611878	261399XZ7	MUNI	IG-2	DRACUT MA		2	10/15/2035	430000	 430,000 	 -   	376839.99	350845.73	87.6372	81.59203	-25994.26	7/31/2026	Muni	100	Single	RFRSwap	4.46	3.59	7.94	0.62	0.065	 281 	-0.02	-0.04	-0.08	1.15	6.91	0.00	0.00	8.8	0.0	10.9	13	0.00	0.00	0.00	0.00	0.00	0.00	0.00	3.14	0.03	25.73	5.56	0.06	21.37	7.31	0.07	14.72	7.99	0.07	0.72	7.96	0.06	-5.63	7.88	0.06	-11.46
233_PUB_HTM	611348	261399YA1	MUNI	IG-2	DRACUT MA		2	10/15/2036	425000	 425,000 	 -   	367541.8	336771.78	86.4804	79.24042	-30770.02	7/31/2026	Muni	100	Single	RFRSwap	4.57	3.59	8.71	0.78	0.070	 295 	-0.02	-0.04	-0.08	-0.24	8.88	0.19	0.00	9.7	0.0	18.0	20	0.00	0.00	0.00	0.00	0.00	0.00	0.00	3.18	0.03	27.84	6.19	0.06	23.14	8.11	0.08	15.83	8.74	0.07	0.73	8.69	0.06	-6.00	8.59	0.06	-12.11
233_PUB_HTM	611513	261399YB9	MUNI	IG-2	DRACUT MA		2	10/15/2037	415000	 415,000 	 -   	354098.44	319094.99	85.3249	76.89036	-35003.44	7/31/2026	Muni	100	Single	RFRSwap	4.67	3.60	9.44	0.94	0.073	 304 	-0.02	-0.04	-0.09	-0.29	8.65	1.22	0.00	10.7	0.0	24.9	27	0.00	0.00	0.00	0.00	0.00	0.00	0.00	3.28	0.04	29.94	6.98	0.07	24.75	8.96	0.08	16.69	9.50	0.07	0.58	9.42	0.07	-6.47	9.29	0.06	-12.81
233_PUB_HTM	611302	261399YC7	MUNI	IG-2	DRACUT MA		2	10/15/2038	415000	 415,000 	 -   	347813.96	309420.14	83.8106	74.55907	-38393.82	7/31/2026	Muni	100	Single	RFRSwap	4.77	3.66	10.17	1.11	0.076	 317 	-0.02	-0.04	-0.09	-0.32	8.19	2.44	0.00	11.7	0.0	31.5	33	0.00	0.00	0.00	0.00	0.00	0.00	0.00	3.43	0.04	32.03	7.87	0.08	26.23	9.81	0.09	17.42	10.24	0.08	0.39	10.12	0.07	-6.92	9.95	0.06	-13.44
233_PUB_HTM	611324	261399YD5	MUNI	IG-2	DRACUT MA		2	10/15/2039	415000	 415,000 	 -   	342950.42	299738.4	82.6387	72.22612	-43212.03	7/31/2026	Muni	100	Single	RFRSwap	4.88	3.67	10.86	1.30	0.079	 328 	-0.02	-0.04	-0.09	-0.34	7.53	3.81	0.00	12.7	0.0	38.4	40	0.00	0.00	0.00	0.00	0.00	0.00	0.00	3.65	0.04	34.11	8.77	0.09	27.62	10.63	0.10	18.09	10.94	0.08	0.26	10.78	0.07	-7.27	10.58	0.06	-13.91
233_PUB_HTM	611394	261399YE3	MUNI	IG-2	DRACUT MA		2	10/15/2040	415000	 415,000 	 -   	338208.05	291807.42	81.4959	70.31504	-46400.63	7/31/2026	Muni	100	Single	RFRSwap	4.93	3.68	11.51	1.48	0.082	 339 	-0.02	-0.03	-0.09	-0.35	6.67	5.33	0.00	13.7	0.0	40.3	42	0.00	0.00	0.00	0.00	0.00	0.00	0.00	3.85	0.04	35.93	9.50	0.09	28.89	11.35	0.10	18.75	11.61	0.08	0.17	11.41	0.07	-7.56	11.17	0.06	-14.32
233_PUB_HTM	612501	262061QK3	MUNI	IG-2	DRIPPING SPRINGS TX INDEP SCHD		4	2/15/2034	1500000	 1,500,000 	 -   	1536653.5	1509982.05	102.4436	100.66547	-26671.45	7/31/2026	Muni	100	Single	RFRSwap	3.90	3.63	3.04	-1.20	0.031	 467 	0.32	0.60	0.29	1.08	0.77	0.00	0.00	2.9	0.0	-137.3	-62	0.00	0.00	0.00	0.00	0.00	0.00	0.00	1.51	0.02	8.70	1.51	0.02	7.05	1.51	0.02	5.41	2.96	0.03	1.19	4.18	0.04	-2.48	5.02	0.05	-7.02
233_PUB_HTM	612861	262548GA2	MUNI	IG-2	DU PAGE & COOK CNTYS IL TWP HI		3	1/15/2031	675000	 675,000 	 -   	678489.39	672713.37	100.5169	99.66124	-5776.02	7/31/2026	Muni	100	Single	RFRSwap	3.08	2.88	2.65	-0.68	0.026	 179 	0.29	0.51	0.75	1.13	0.00	0.00	0.00	2.5	0.0	-165.2	-110	0.00	0.00	0.00	0.00	0.00	0.00	0.00	1.32	0.01	8.26	1.43	0.02	6.83	1.49	0.02	5.28	2.49	0.03	1.34	3.06	0.03	-1.44	3.42	0.03	-4.60
233_PUB_HTM	612583	262548GB0	MUNI	IG-2	DU PAGE & COOK CNTYS IL TWP HI		3	1/15/2032	695000	 695,000 	 -   	698338.57	684065.98	100.4804	98.42676	-14272.59	7/31/2026	Muni	100	Single	RFRSwap	3.32	2.90	3.37	-0.85	0.033	 231 	0.19	0.42	0.40	2.23	0.20	0.00	0.00	3.2	0.0	-134.7	-89	0.00	0.00	0.00	0.00	0.00	0.00	0.00	1.32	0.01	9.04	1.43	0.02	7.62	1.54	0.02	6.06	3.14	0.03	1.47	3.80	0.04	-1.95	4.21	0.04	-5.77
233_PUB_HTM	611155	262548GC8	MUNI	IG-2	DU PAGE & COOK CNTYS IL TWP HI		3	1/15/2033	715000	 715,000 	 -   	718189.21	683494.6	100.446	95.59365	-34694.61	7/31/2026	Muni	100	Single	RFRSwap	3.78	2.92	4.62	-0.67	0.044	 316 	0.06	0.21	0.32	2.98	1.06	0.00	0.00	4.6	0.0	-71.0	-46	0.00	0.00	0.00	0.00	0.00	0.00	0.00	1.32	0.01	10.81	1.42	0.01	9.41	1.81	0.02	7.80	4.26	0.04	1.65	4.89	0.05	-2.74	5.20	0.05	-7.34
233_PUB_HTM	611545	262548GD6	MUNI	IG-2	DU PAGE & COOK CNTYS IL TWP HI		3	1/15/2034	740000	 740,000 	 -   	743101.96	693101.83	100.4192	93.66241	-50000.13	7/31/2026	Muni	100	Single	RFRSwap	3.99	2.94	5.51	-0.51	0.052	 383 	0.01	0.12	0.25	2.84	2.31	0.00	0.00	5.7	0.0	-46.9	-27	0.00	0.00	0.00	0.00	0.00	0.00	0.00	1.32	0.01	12.35	1.43	0.01	10.94	2.30	0.02	9.15	5.29	0.05	1.24	5.86	0.05	-3.95	6.07	0.05	-9.17
233_PUB_HTM	612699	262741FL0	MUNI	IG-2	DU PAGE CNTY IL SCH DIST #10		3	1/1/2039	1170000	 1,170,000 	 -   	1173799.27	1018335.71	100.3247	87.03724	-155463.57	7/31/2026	Muni	100	Single	RFRSwap	4.36	2.97	8.97	0.25	0.078	 916 	-0.01	-0.02	0.10	0.38	6.59	1.94	0.00	10.1	0.0	-24.5	-8	0.00	0.00	0.00	0.00	0.00	0.00	0.00	3.21	0.04	25.60	4.13	0.05	21.79	6.54	0.07	16.12	9.01	0.08	0.67	9.34	0.07	-7.08	9.37	0.07	-14.24
233_PUB_HTM	612842	262741FM8	MUNI	IG-2	DU PAGE CNTY IL SCH DIST #10		3	1/1/2040	1200000	 1,200,000 	 -   	1203095.51	1011492.6	100.258	84.29105	-191602.92	7/31/2026	Muni	100	Single	RFRSwap	4.58	2.98	9.74	0.47	0.082	 989 	-0.01	-0.02	0.04	0.23	6.38	3.13	0.00	11.4	0.0	-2.4	11	0.00	0.00	0.00	0.00	0.00	0.00	0.00	3.21	0.04	27.48	4.58	0.05	23.54	7.44	0.08	17.18	9.79	0.08	0.50	9.99	0.08	-7.53	9.96	0.07	-14.85
233_PUB_HTM	612153	262741FN6	MUNI	IG-2	DU PAGE CNTY IL SCH DIST #10		3	1/1/2041	1240000	 1,240,000 	 -   	1242459.18	1028680.32	100.1983	82.95809	-213778.87	7/31/2026	Muni	100	Single	RFRSwap	4.63	2.98	10.30	0.63	0.086	 1,063 	-0.01	-0.02	0.03	0.20	5.79	4.30	0.00	12.1	0.0	-0.5	13	0.00	0.00	0.00	0.00	0.00	0.00	0.00	3.21	0.04	28.74	4.83	0.05	24.70	7.93	0.08	17.94	10.36	0.09	0.41	10.52	0.08	-7.91	10.45	0.07	-15.42
233_PUB_HTM	612492	26362VMG0	MUNI	IG-2	DUBLIN CA UNIF SCH DIST		5	8/1/2034	2440000	 2,440,000 	 -   	2508793.05	2486532.02	102.8194	101.90705	-22261.03	7/31/2026	Muni	100	Single	RFRSwap	4.71	4.58	1.72	-1.03	0.018	 438 	0.71	0.17	0.13	0.41	0.37	0.00	0.00	1.6	0.0	-144.1	-106	0.00	0.00	0.00	0.00	0.00	0.00	0.00	0.99	0.01	5.15	0.98	0.01	4.07	0.97	0.01	3.02	1.42	0.01	0.79	2.76	0.03	-1.36	4.14	0.04	-4.88
233_PUB_HTM	611406	26362VMH8	MUNI	IG-2	DUBLIN CA UNIF SCH DIST		3	8/1/2035	2560000	 2,560,000 	 -   	2568920.07	2398641.15	100.3484	93.69692	-170278.92	7/31/2026	Muni	100	Single	RFRSwap	3.83	2.96	6.06	-0.85	0.058	 1,478 	0.04	0.12	0.25	1.56	4.08	0.00	0.00	6.3	0.0	-75.7	-48	0.00	0.00	0.00	0.00	0.00	0.00	0.00	1.00	0.01	10.97	0.99	0.01	9.92	1.61	0.02	8.73	5.72	0.06	1.00	6.55	0.06	-4.79	6.86	0.06	-10.68
233_PUB_HTM	611577	26371GTV2	MUNI	IG-2	DUBLIN OH CITY SCH DIST		4	12/1/2035	975000	 975,000 	 -   	1011708.92	982277.89	103.765	100.74645	-29431.03	7/31/2026	Muni	100	Single	RFRSwap	3.90	3.52	4.29	-1.09	0.044	 424 	0.00	0.66	0.69	0.88	2.06	0.00	0.00	4.2	0.0	-133.4	-51	0.00	0.00	0.00	0.00	0.00	0.00	0.00	2.14	0.02	13.17	2.24	0.03	10.73	2.37	0.03	8.19	4.41	0.05	1.32	5.53	0.05	-3.72	6.26	0.06	-9.35
233_PUB_HTM	611918	266765KG0	MUNI	IG-2	DURHAM NH		2.35	8/15/2027	185000	 185,000 	 -   	185000	184115.37	100	99.52182	-884.63	7/31/2026	Muni	100	Single	RFRSwap	2.82	2.35	0.87	-0.32	0.009	 16 	0.84	0.04	0.00	0.00	0.00	0.00	0.00	0.9	0.0	-134.6	-130	0.00	0.00	0.00	0.00	0.00	0.00	0.00	0.15	0.00	1.21	0.16	0.00	1.06	0.17	0.00	0.89	0.46	0.00	0.49	0.93	0.01	-0.27	0.99	0.01	-1.25
233_PUB_HTM	611221	266765KH8	MUNI	IG-2	DURHAM NH		2.4	8/15/2028	130000	 130,000 	 -   	130000	128467.48	100	98.82114	-1532.52	7/31/2026	Muni	100	Single	RFRSwap	3.00	2.40	1.61	-0.47	0.016	 21 	0.24	1.32	0.05	0.00	0.00	0.00	0.00	1.6	0.0	-128.3	-117	0.00	0.00	0.00	0.00	0.00	0.00	0.00	0.15	0.00	1.91	0.16	0.00	1.76	0.17	0.00	1.59	1.06	0.01	0.92	1.75	0.02	-0.60	1.88	0.02	-2.41
233_PUB_HTM	612974	266765KJ4	MUNI	IG-2	DURHAM NH		2.5	8/15/2029	130000	 130,000 	 -   	130000	127125.84	100	97.78911	-2874.16	7/31/2026	Muni	100	Single	RFRSwap	3.27	2.50	2.42	-0.47	0.024	 31 	0.13	0.28	1.96	0.04	0.00	0.00	0.00	2.4	0.0	-102.0	-90	0.00	0.00	0.00	0.00	0.00	0.00	0.00	0.15	0.00	2.92	0.16	0.00	2.77	0.17	0.00	2.60	1.99	0.02	1.28	2.63	0.03	-1.10	2.75	0.03	-3.71
233_PUB_HTM	612059	266765KK1	MUNI	IG-2	DURHAM NH		2.6	8/15/2030	130000	 130,000 	 -   	130000	124699.76	100	95.92289	-5300.24	7/31/2026	Muni	100	Single	RFRSwap	3.70	2.60	3.37	-0.29	0.033	 43 	0.03	0.14	1.66	1.54	0.00	0.00	0.00	3.4	0.0	-55.5	-48	0.00	0.00	0.00	0.00	0.00	0.00	0.00	0.15	0.00	4.72	0.16	0.00	4.57	0.17	0.00	4.40	3.18	0.03	1.56	3.56	0.03	-1.76	3.62	0.03	-5.14
233_PUB_HTM	611192	266765KL9	MUNI	IG-2	DURHAM NH		2.7	8/15/2031	130000	 130,000 	 -   	130000	123733.25	100	95.17942	-6266.75	7/31/2026	Muni	100	Single	RFRSwap	3.76	2.70	4.06	-0.38	0.039	 51 	0.03	0.12	0.31	3.58	0.03	0.00	0.00	4.2	0.0	-53.2	-43	0.00	0.00	0.00	0.00	0.00	0.00	0.00	0.15	0.00	5.48	0.16	0.00	5.33	0.16	0.00	5.16	3.91	0.04	1.58	4.35	0.04	-2.45	4.43	0.04	-6.50
233_PUB_HTM	611533	266765KM7	MUNI	IG-2	DURHAM NH		2.75	8/15/2032	130000	 130,000 	 -   	130000	121542.84	100	93.49449	-8457.16	7/31/2026	Muni	100	Single	RFRSwap	3.97	2.75	4.91	-0.25	0.047	 60 	0.00	0.06	0.20	3.73	0.92	0.00	0.00	5.2	0.0	-32.9	-25	0.00	0.00	0.00	0.00	0.00	0.00	0.00	0.15	0.00	7.14	0.16	0.00	6.99	0.17	0.00	6.82	4.77	0.05	1.83	5.15	0.05	-2.90	5.21	0.05	-7.55
233_PUB_HTM	611964	266765LC8	MUNI	IG-2	DURHAM NH		4	9/1/2028	175000	 175,000 	 -   	175000	175124.09	100	100.07091	124.09	7/31/2026	Muni	100	Single	RFRSwap	3.96	4.00	0.68	-0.78	0.007	 12 	0.30	0.35	0.02	0.00	0.00	0.00	0.00	0.6	0.0	-89.4	-22	0.00	0.00	0.00	0.00	0.00	0.00	0.00	0.17	0.00	1.10	0.20	0.00	0.92	0.21	0.00	0.71	0.26	0.00	0.27	0.94	0.01	-0.28	1.59	0.02	-1.60
233_PUB_HTM	612076	266765LD6	MUNI	IG-2	DURHAM NH		4	9/1/2029	185000	 185,000 	 -   	185000	185094.16	100	100.0509	94.17	7/31/2026	Muni	100	Single	RFRSwap	3.98	4.00	0.84	-1.12	0.009	 16 	0.29	0.12	0.41	0.01	0.00	0.00	0.00	0.7	0.0	-104.4	-20	0.00	0.00	0.00	0.00	0.00	0.00	0.00	0.17	0.00	1.15	0.20	0.00	0.97	0.21	0.00	0.76	0.30	0.00	0.31	1.32	0.01	-0.42	2.22	0.02	-2.29
233_PUB_HTM	612542	266765LE4	MUNI	IG-2	DURHAM NH		4	9/1/2030	190000	 190,000 	 -   	190000	189801.87	100	99.89572	-198.13	7/31/2026	Muni	100	Single	RFRSwap	4.03	4.00	1.12	-1.50	0.011	 22 	0.29	0.14	0.40	0.33	0.00	0.00	0.00	1.0	0.0	-100.2	-15	0.00	0.00	0.00	0.00	0.00	0.00	0.00	0.17	0.00	1.30	0.20	0.00	1.12	0.21	0.00	0.90	0.44	0.00	0.43	2.01	0.02	-0.74	2.94	0.03	-3.27
233_PUB_HTM	612428	266765LF1	MUNI	IG-2	DURHAM NH		4	9/1/2031	200000	 200,000 	 -   	200000	199428.88	100	99.71444	-571.12	7/31/2026	Muni	100	Single	RFRSwap	4.06	4.00	1.56	-1.89	0.016	 32 	0.28	0.13	0.17	0.89	0.01	0.00	0.00	1.2	0.0	-95.5	-13	0.00	0.00	0.00	0.00	0.00	0.00	0.00	0.17	0.00	1.47	0.20	0.00	1.29	0.21	0.00	1.08	0.70	0.01	0.57	2.67	0.03	-1.17	3.68	0.04	-4.40
233_PUB_HTM	612572	271227MV9	MUNI	IG-2	EAST BRIDGEWATER MA		4	9/15/2028	185000	 185,000 	 -   	185000	185001.92	100	100.00104	1.92	7/31/2026	Muni	100	Single	RFRSwap	4.00	4.00	0.49	-0.92	0.005	 9 	0.23	0.28	0.03	0.00	0.00	0.00	0.00	0.5	0.0	-92.2	-18	0.00	0.00	0.00	0.00	0.00	0.00	0.00	0.04	0.00	0.46	0.08	0.00	0.41	0.09	0.00	0.32	0.11	0.00	0.14	0.85	0.01	-0.24	1.59	0.02	-1.54
233_PUB_HTM	611220	271227MW7	MUNI	IG-2	EAST BRIDGEWATER MA		4	9/15/2029	260000	 260,000 	 -   	260000	259312.64	100	99.73563	-687.36	7/31/2026	Muni	100	Single	RFRSwap	4.09	4.00	1.07	-1.46	0.011	 28 	0.22	0.14	0.59	0.03	0.00	0.00	0.00	0.8	0.0	-72.7	-8	0.00	0.00	0.00	0.00	0.00	0.00	0.00	0.04	0.00	0.71	0.08	0.00	0.66	0.09	0.00	0.57	0.25	0.00	0.37	1.71	0.02	-0.58	2.41	0.02	-2.71
233_PUB_HTM	612805	271227MY3	MUNI	IG-2	EAST BRIDGEWATER MA	1	4	9/15/2031	555000	 555,000 	 -   	555000	549477.75	100	99.005	-5522.25	7/31/2026	Muni	100	Single	RFRSwap	4.24	4.00	2.21	-1.88	0.022	 123 	0.28	0.25	0.58	1.18	0.02	0.00	0.00	2.2	0.0	-44.6	5	0.00	0.00	0.00	0.00	0.00	0.00	0.00	0.04	0.00	1.42	0.08	0.00	1.37	0.09	0.00	1.28	1.15	0.01	0.84	3.07	0.03	-1.43	3.66	0.04	-4.76
233_PUB_HTM	612014	272407JH1	MUNI	IG-2	EAST GRANBY CT		2.7	4/1/2027	250000	 250,000 	 -   	250000	249586.02	100	99.83441	-413.98	7/31/2026	Muni	100	Single	RFRSwap	2.95	2.70	0.50	-0.41	0.005	 13 	0.50	0.00	0.00	0.00	0.00	0.00	0.00	0.5	0.0	-113.4	-107	0.00	0.00	0.00	0.00	0.00	0.00	0.00	0.04	0.00	0.54	0.08	0.00	0.48	0.09	0.00	0.39	0.15	0.00	0.21	0.59	0.01	-0.18	0.65	0.01	-0.81
233_PUB_HTM	611273	272623JP5	MUNI	IG-2	EAST HADDAM CT	1	3	12/1/2037	295000	 295,000 	 -   	296724.06	266951.84	100.5844	90.49215	-29772.22	7/31/2026	Muni	100	Single	RFRSwap	4.09	2.94	7.66	-0.29	0.070	 206 	-0.01	0.05	0.20	0.50	6.36	0.56	0.00	8.2	0.0	-51.3	-29	0.00	0.00	0.00	0.00	0.00	0.00	0.00	2.15	0.02	19.05	2.45	0.03	16.67	4.33	0.05	13.23	7.59	0.07	0.95	8.11	0.07	-6.03	8.30	0.06	-12.74
233_PUB_HTM	611432	272623JQ3	MUNI	IG-2	EAST HADDAM CT	1	3	12/1/2040	250000	 250,000 	 -   	250397.76	211989.92	100.1591	84.79597	-38407.83	7/31/2026	Muni	100	Single	RFRSwap	4.59	2.98	9.33	0.36	0.080	 199 	-0.01	0.00	0.04	0.23	6.64	2.43	0.00	10.9	0.0	1.6	14	0.00	0.00	0.00	0.00	0.00	0.00	0.00	2.14	0.02	23.33	3.03	0.03	20.86	6.34	0.06	16.03	9.31	0.08	0.58	9.53	0.07	-7.17	9.53	0.07	-14.29
233_PUB_HTM	611992	272659NY5	MUNI	IG-2	EAST HAMPTON CT		4	8/15/2029	160000	 160,000 	 -   	160000	159789.5	100	99.86844	-210.5	7/31/2026	Muni	100	Single	RFRSwap	4.05	4.00	0.95	-1.24	0.010	 15 	0.27	0.15	0.52	0.01	0.00	0.00	0.00	0.8	0.0	-81.9	-13	0.00	0.00	0.00	0.00	0.00	0.00	0.00	0.15	0.00	1.05	0.16	0.00	0.90	0.16	0.00	0.73	0.30	0.00	0.37	1.56	0.02	-0.52	2.31	0.02	-2.53
233_PUB_HTM	611601	272659NZ2	MUNI	IG-2	EAST HAMPTON CT		4	8/15/2030	160000	 160,000 	 -   	160000	158938.96	100	99.33685	-1061.04	7/31/2026	Muni	100	Single	RFRSwap	4.18	4.00	1.81	-1.63	0.018	 29 	0.29	0.22	0.74	0.57	0.00	0.00	0.00	1.6	0.0	-53.6	1	0.00	0.00	0.00	0.00	0.00	0.00	0.00	0.14	0.00	1.54	0.16	0.00	1.38	0.16	0.00	1.22	0.87	0.01	0.72	2.54	0.03	-1.06	3.17	0.03	-3.95
233_PUB_HTM	612486	272659PA5	MUNI	IG-2	EAST HAMPTON CT		4	8/15/2031	160000	 160,000 	 -   	160000	158022.27	100	98.76392	-1977.73	7/31/2026	Muni	100	Single	RFRSwap	4.27	4.00	2.52	-1.72	0.025	 41 	0.26	0.24	0.34	1.72	0.01	0.00	0.00	2.5	0.0	-39.5	8	0.00	0.00	0.00	0.00	0.00	0.00	0.00	0.14	0.00	2.09	0.16	0.00	1.93	0.16	0.00	1.77	1.58	0.02	0.99	3.40	0.03	-1.69	3.96	0.04	-5.33
233_PUB_HTM	611849	272659PB3	MUNI	IG-2	EAST HAMPTON CT		4	8/15/2032	160000	 160,000 	 -   	160000	156199.58	100	97.62474	-3800.42	7/31/2026	Muni	100	Single	RFRSwap	4.45	4.00	3.52	-1.43	0.035	 56 	0.18	0.23	0.35	2.28	0.51	0.00	0.00	3.5	0.0	-12.6	23	0.00	0.00	0.00	0.00	0.00	0.00	0.00	0.14	0.00	3.18	0.16	0.00	3.03	0.16	0.00	2.86	2.78	0.03	1.41	4.30	0.04	-2.28	4.74	0.04	-6.62
233_PUB_HTM	611158	272659PC1	MUNI	IG-2	EAST HAMPTON CT		4	8/15/2033	160000	 160,000 	 -   	160000	155498.19	100	97.18637	-4501.81	7/31/2026	Muni	100	Single	RFRSwap	4.47	4.00	4.04	-1.57	0.040	 64 	0.16	0.23	0.34	2.16	1.19	0.00	0.00	4.1	0.0	-14.9	22	0.00	0.00	0.00	0.00	0.00	0.00	0.00	0.14	0.00	3.62	0.16	0.00	3.47	0.16	0.00	3.30	3.51	0.04	1.31	5.04	0.05	-3.07	5.47	0.05	-8.02
233_PUB_HTM	612342	272659PU1	MUNI	IG-2	EAST HAMPTON CT		3	7/15/2030	895000	 895,000 	 -   	895000	883323.56	100	98.69537	-11676.44	7/31/2026	Muni	100	Single	RFRSwap	3.35	3.00	2.27	-1.17	0.022	 200 	0.25	0.24	1.07	0.75	0.00	0.00	0.00	2.1	0.0	-122.0	-82	0.00	0.00	0.00	0.00	0.00	0.00	0.00	0.04	0.00	1.71	0.08	0.00	1.66	0.09	0.00	1.57	1.44	0.01	1.01	2.87	0.03	-1.25	3.33	0.03	-4.27
233_PUB_HTM	612951	272659PV9	MUNI	IG-2	EAST HAMPTON CT		3	7/15/2031	1065000	 1,065,000 	 -   	1065000	1038215.04	100	97.48498	-26784.96	7/31/2026	Muni	100	Single	RFRSwap	3.56	3.00	3.28	-1.12	0.032	 341 	0.17	0.23	0.43	2.48	0.00	0.00	0.00	3.2	0.0	-92.5	-63	0.00	0.00	0.00	0.00	0.00	0.00	0.00	0.04	0.00	2.89	0.08	0.00	2.84	0.09	0.00	2.75	2.71	0.03	1.31	3.90	0.04	-2.04	4.23	0.04	-5.89
233_PUB_HTM	612563	272659PW7	MUNI	IG-2	EAST HAMPTON CT		3	7/15/2032	745000	 745,000 	 -   	745000	716147.34	100	96.12716	-28852.66	7/31/2026	Muni	100	Single	RFRSwap	3.73	3.00	4.20	-0.93	0.040	 301 	0.09	0.18	0.32	2.99	0.63	0.00	0.00	4.1	0.0	-71.7	-49	0.00	0.00	0.00	0.00	0.00	0.00	0.00	0.04	0.00	4.23	0.08	0.00	4.18	0.09	0.00	4.09	3.74	0.04	1.63	4.77	0.04	-2.56	5.05	0.04	-7.08
233_PUB_HTM	612439	277317NN9	MUNI	IG-2	EASTHAMPTON MA		3	6/1/2034	2300000	 2,300,000 	 -   	2304247.76	2215373.8	100.1847	96.3206	-88873.96	7/31/2026	Muni	100	Single	RFRSwap	3.54	2.97	4.75	-1.35	0.046	 1,059 	0.13	0.20	0.31	2.06	2.07	0.00	0.00	4.6	0.0	-115.2	-73	0.00	0.00	0.00	0.00	0.00	0.00	0.00	0.68	0.01	7.91	0.80	0.01	7.19	1.04	0.01	6.28	4.31	0.04	1.03	5.37	0.05	-3.67	5.89	0.05	-8.79
233_PUB_HTM	611176	277317NP4	MUNI	IG-2	EASTHAMPTON MA		3	6/1/2035	2300000	 2,300,000 	 -   	2302114.48	2191713.7	100.0919	95.2919	-110400.78	7/31/2026	Muni	100	Single	RFRSwap	3.63	2.99	5.48	-1.27	0.052	 1,207 	0.10	0.17	0.28	1.58	3.37	0.00	0.00	5.4	0.0	-107.3	-68	0.00	0.00	0.00	0.00	0.00	0.00	0.00	0.68	0.01	8.87	0.80	0.01	8.14	1.18	0.01	7.21	5.05	0.05	1.00	6.09	0.06	-4.31	6.59	0.06	-9.97
233_PUB_HTM	612074	2784436G6	MUNI	IG-2	EAU CLAIRE WI		2.375	4/1/2029	335000	 335,000 	 -   	334379.72	323349.17	99.8148	96.52214	-11030.55	7/31/2026	Muni	100	Single	RFRSwap	3.76	2.45	2.42	-0.07	0.024	 79 	0.02	0.89	1.50	0.00	0.00	0.00	0.00	2.5	0.0	-43.6	-41	0.00	0.00	0.00	0.00	0.00	0.00	0.00	0.04	0.00	3.76	0.08	0.00	3.71	0.09	0.00	3.62	2.32	0.02	1.37	2.47	0.02	-0.99	2.47	0.02	-3.34
233_PUB_HTM	611750	2784436H4	MUNI	IG-2	EAU CLAIRE WI		2.5	4/1/2030	345000	 345,000 	 -   	345000	328604.56	100	95.2477	-16395.43	7/31/2026	Muni	100	Single	RFRSwap	3.90	2.50	3.24	-0.10	0.031	 107 	0.00	0.09	2.15	1.00	0.00	0.00	0.00	3.4	0.0	-30.3	-27	0.00	0.00	0.00	0.00	0.00	0.00	0.00	0.04	0.00	5.03	0.08	0.00	4.98	0.09	0.00	4.89	3.15	0.03	1.58	3.33	0.03	-1.56	3.34	0.03	-4.67
233_PUB_HTM	611389	2784436J0	MUNI	IG-2	EAU CLAIRE WI		2.5	4/1/2031	360000	 360,000 	 -   	358428.17	337514.54	99.5634	93.75404	-20913.63	7/31/2026	Muni	100	Single	RFRSwap	3.98	2.60	4.07	-0.06	0.038	 139 	-0.01	0.04	0.80	3.22	0.00	0.00	0.00	4.3	0.0	-24.2	-20	0.00	0.00	0.00	0.00	0.00	0.00	0.00	0.04	0.00	6.52	0.08	0.00	6.47	0.10	0.00	6.38	4.03	0.04	1.58	4.19	0.04	-2.32	4.19	0.04	-6.11
233_PUB_HTM	611980	2784436K7	MUNI	IG-2	EAU CLAIRE WI		2.625	4/1/2032	370000	 370,000 	 -   	368126.24	343850.84	99.4936	92.93266	-24275.39	7/31/2026	Muni	100	Single	RFRSwap	4.03	2.72	4.79	-0.11	0.045	 166 	-0.01	0.03	0.15	4.02	0.59	0.00	0.00	5.1	0.0	-23.1	-18	0.00	0.00	0.00	0.00	0.00	0.00	0.00	0.04	0.00	7.35	0.08	0.00	7.30	0.09	0.00	7.21	4.71	0.05	1.78	4.96	0.05	-2.76	4.98	0.04	-7.18
233_PUB_HTM	611690	280659UQ4	MUNI	IG-2	EDINA MN INDEP SCH DIST #273		3	2/1/2033	2735000	 2,735,000 	 -   	2741741.35	2595519.65	100.2465	94.90017	-146221.69	7/31/2026	Muni	100	Single	RFRSwap	3.90	2.96	4.75	-0.66	0.046	 1,254 	0.04	0.14	0.28	3.12	1.18	0.00	0.00	4.9	0.0	-52.6	-34	0.00	0.00	0.00	0.00	0.00	0.00	0.00	0.51	0.01	7.40	0.51	0.01	6.88	0.63	0.01	6.35	4.10	0.04	1.59	4.84	0.05	-2.75	5.14	0.05	-7.33
233_PUB_HTM	611283	280659UR2	MUNI	IG-2	EDINA MN INDEP SCH DIST #273		3	2/1/2034	2265000	 2,265,000 	 -   	2269816.87	2122162.53	100.2127	93.69371	-147654.34	7/31/2026	Muni	100	Single	RFRSwap	3.98	2.97	5.49	-0.58	0.052	 1,184 	0.02	0.10	0.24	2.79	2.36	0.00	0.00	5.7	0.0	-46.5	-29	0.00	0.00	0.00	0.00	0.00	0.00	0.00	0.51	0.01	8.58	0.50	0.01	8.05	0.90	0.01	7.48	5.01	0.05	1.20	5.68	0.05	-3.88	5.91	0.05	-9.03
233_PUB_HTM	612004	283461G21	MUNI	IG-2	EL PASO CNTY CO SCH DIST #20		4	12/15/2032	2100000	 2,100,000 	 -   	2112487.79	2104018.35	100.5947	100.19135	-8469.44	7/31/2026	Muni	100	Single	RFRSwap	3.97	3.89	1.49	-1.47	0.015	 315 	0.38	0.12	0.14	0.65	0.19	0.00	0.00	1.2	0.0	-167.4	-46	0.00	0.00	0.00	0.00	0.00	0.00	0.00	0.19	0.00	2.07	0.34	0.00	1.85	0.38	0.00	1.46	0.83	0.01	0.58	2.46	0.02	-1.06	3.85	0.04	-4.22
233_PUB_HTM	612083	283770JU0	MUNI	IG-2	EL PASO TX INDEP SCH DIST		4	8/15/2030	510000	 510,000 	 -   	510335.76	510203.85	100.0658	100.03997	-131.91	7/31/2026	Muni	100	Single	RFRSwap	2.92	2.26	0.04	0.00	0.000	 2 	0.04	0.00	0.00	0.00	0.00	0.00	0.00	0.0	0.0	-96.0	-96	0.00	0.00	0.00	0.00	0.00	0.00	0.00	0.02	0.00	0.17	0.04	0.00	0.15	0.04	0.00	0.11	0.04	0.00	0.03	0.04	0.00	-0.02	0.04	0.00	-0.06
233_PUB_HTM	612341	283770JV8	MUNI	IG-2	EL PASO TX INDEP SCH DIST		4	8/15/2031	650000	 650,000 	 -   	650411.59	650259.8	100.0633	100.03997	-151.78	7/31/2026	Muni	100	Single	RFRSwap	2.92	2.33	0.04	0.00	0.000	 3 	0.04	0.00	0.00	0.00	0.00	0.00	0.00	0.0	0.0	-96.0	-96	0.00	0.00	0.00	0.00	0.00	0.00	0.00	0.02	0.00	0.17	0.04	0.00	0.15	0.04	0.00	0.11	0.04	0.00	0.03	0.04	0.00	-0.02	0.04	0.00	-0.06
233_PUB_HTM	612245	283770JX4	MUNI	IG-2	EL PASO TX INDEP SCH DIST		4	8/15/2033	1000000	 1,000,000 	 -   	1000601.74	1000399.7	100.0602	100.03997	-202.04	7/31/2026	Muni	100	Single	RFRSwap	2.92	2.41	0.04	0.00	0.000	 4 	0.04	0.00	0.00	0.00	0.00	0.00	0.00	0.0	0.0	-96.0	-96	0.00	0.00	0.00	0.00	0.00	0.00	0.00	0.02	0.00	0.17	0.04	0.00	0.15	0.04	0.00	0.11	0.04	0.00	0.03	0.04	0.00	-0.02	0.04	0.00	-0.06
233_PUB_HTM	612584	283770JY2	MUNI	IG-2	EL PASO TX INDEP SCH DIST		4	8/15/2034	1840000	 1,840,000 	 -   	1841066.81	1840735.45	100.058	100.03997	-331.36	7/31/2026	Muni	100	Single	RFRSwap	2.92	2.46	0.04	0.00	0.000	 7 	0.04	0.00	0.00	0.00	0.00	0.00	0.00	0.0	0.0	-96.0	-96	0.00	0.00	0.00	0.00	0.00	0.00	0.00	0.02	0.00	0.17	0.04	0.00	0.15	0.04	0.00	0.11	0.04	0.00	0.03	0.04	0.00	-0.02	0.04	0.00	-0.06
233_PUB_HTM	612249	286875EF2	MUNI	IG-2	ELIZABETHTOWN KY		2.5	7/1/2028	360000	 360,000 	 -   	360000	357788.88	100	99.3858	-2211.12	7/31/2026	Muni	100	Single	RFRSwap	2.83	2.50	1.27	-0.72	0.013	 45 	0.37	0.88	0.00	0.00	0.00	0.00	0.00	1.1	0.0	-157.6	-134	0.00	0.00	0.00	0.00	0.00	0.00	0.00	0.04	0.00	1.01	0.08	0.00	0.95	0.09	0.00	0.86	0.47	0.00	0.61	1.47	0.01	-0.46	1.73	0.02	-2.07
233_PUB_HTM	612337	286875EG0	MUNI	IG-2	ELIZABETHTOWN KY		2.5	7/1/2029	370000	 370,000 	 -   	370000	360926.68	100	97.54775	-9073.33	7/31/2026	Muni	100	Single	RFRSwap	3.39	2.50	2.41	-0.38	0.024	 87 	0.12	0.43	1.86	0.00	0.00	0.00	0.00	2.4	0.0	-87.7	-78	0.00	0.00	0.00	0.00	0.00	0.00	0.00	0.04	0.00	2.78	0.08	0.00	2.73	0.09	0.00	2.64	2.06	0.02	1.29	2.58	0.02	-1.05	2.68	0.03	-3.57
233_PUB_HTM	612838	286875EH8	MUNI	IG-2	ELIZABETHTOWN KY		2.5	7/1/2030	380000	 380,000 	 -   	380000	367319.59	100	96.66305	-12680.41	7/31/2026	Muni	100	Single	RFRSwap	3.42	2.50	3.15	-0.47	0.030	 116 	0.08	0.19	1.68	1.21	0.00	0.00	0.00	3.1	0.0	-87.8	-75	0.00	0.00	0.00	0.00	0.00	0.00	0.00	0.04	0.00	3.67	0.08	0.00	3.62	0.09	0.00	3.53	2.83	0.03	1.48	3.41	0.03	-1.61	3.53	0.03	-4.88
233_PUB_HTM	611371	286875EJ4	MUNI	IG-2	ELIZABETHTOWN KY		2.5	7/1/2031	390000	 390,000 	 -   	390000	372796.67	100	95.58889	-17203.33	7/31/2026	Muni	100	Single	RFRSwap	3.48	2.50	3.93	-0.50	0.038	 147 	0.05	0.14	0.45	3.29	0.00	0.00	0.00	3.9	0.0	-83.0	-70	0.00	0.00	0.00	0.00	0.00	0.00	0.00	0.04	0.00	4.74	0.08	0.00	4.69	0.09	0.00	4.60	3.71	0.04	1.53	4.27	0.04	-2.35	4.38	0.04	-6.32
233_PUB_HTM	612736	286875EK1	MUNI	IG-2	ELIZABETHTOWN KY		2.5	7/1/2032	400000	 400,000 	 -   	400000	372962.8	100	93.2407	-27037.2	7/31/2026	Muni	100	Single	RFRSwap	3.79	2.50	4.93	-0.22	0.046	 184 	0.00	0.05	0.18	3.88	0.82	0.00	0.00	5.1	0.0	-50.6	-43	0.00	0.00	0.00	0.00	0.00	0.00	0.00	0.04	0.00	7.06	0.08	0.00	7.01	0.09	0.00	6.92	4.80	0.05	1.82	5.16	0.05	-2.86	5.22	0.04	-7.45
233_PUB_HTM	612010	287281VZ9	MUNI	IG-2	ELK GROVE CA UNIF SCH DIST		3	8/1/2033	1995000	 1,995,000 	 -   	1995000	1942738.78	100	97.38039	-52261.22	7/31/2026	Muni	100	Single	RFRSwap	3.42	3.00	4.04	-1.67	0.040	 798 	0.17	0.22	0.32	2.18	1.17	0.00	0.00	3.9	0.0	-123.5	-83	0.00	0.00	0.00	0.00	0.00	0.00	0.00	0.13	0.00	3.26	0.13	0.00	3.13	0.13	0.00	3.00	3.42	0.03	1.32	5.14	0.05	-3.07	5.62	0.05	-8.13
233_PUB_HTM	611365	287281WA3	MUNI	IG-2	ELK GROVE CA UNIF SCH DIST		3.25	8/1/2034	2215000	 2,215,000 	 -   	2215000	2161789.5	100	97.59772	-53210.5	7/31/2026	Muni	100	Single	RFRSwap	3.60	3.25	4.15	-2.14	0.041	 912 	0.19	0.23	0.32	1.68	1.80	0.00	0.00	4.1	0.0	-118.3	-68	0.00	0.00	0.00	0.00	0.00	0.00	0.00	0.13	0.00	3.07	0.13	0.00	2.94	0.13	0.00	2.81	3.82	0.04	0.93	5.72	0.05	-3.94	6.26	0.06	-9.53
233_PUB_HTM	611867	287425P63	MUNI	IG-2	ELK RIVER MN INDEP SCH DIST #7		2	2/1/2038	1080000	 1,080,000 	 -   	912432.81	827565.98	84.4845	76.62648	-84866.82	7/31/2026	Muni	100	Single	RFRSwap	4.65	3.67	9.59	0.96	0.074	 804 	-0.02	-0.04	-0.09	-0.28	8.47	1.54	0.00	10.9	0.0	20.7	23	0.00	0.00	0.00	0.00	0.00	0.00	0.00	2.58	0.03	29.08	6.46	0.07	24.72	8.94	0.08	16.84	9.64	0.08	0.53	9.56	0.07	-6.63	9.43	0.06	-13.06
233_PUB_HTM	611736	289425UX6	MUNI	IG-2	ELMHURST IL		3	3/1/2030	1000000	 1,000,000 	 -   	1000000	985580.8	100	98.55808	-14419.2	7/31/2026	Muni	100	Single	RFRSwap	3.43	3.00	2.30	-1.03	0.023	 229 	0.23	0.28	1.36	0.46	0.00	0.00	0.00	2.2	0.0	-102.6	-74	0.00	0.00	0.00	0.00	0.00	0.00	0.00	0.17	0.00	2.43	0.20	0.00	2.25	0.21	0.00	2.04	1.53	0.02	1.10	2.74	0.03	-1.18	3.08	0.03	-4.05
233_PUB_HTM	612495	289425UY4	MUNI	IG-2	ELMHURST IL		3	3/1/2031	1770000	 1,770,000 	 -   	1770000	1728121.45	100	97.63398	-41878.55	7/31/2026	Muni	100	Single	RFRSwap	3.56	3.00	3.10	-1.01	0.031	 542 	0.16	0.25	0.86	1.87	0.00	0.00	0.00	3.0	0.0	-87.3	-62	0.00	0.00	0.00	0.00	0.00	0.00	0.00	0.17	0.00	3.32	0.20	0.00	3.15	0.21	0.00	2.93	2.55	0.03	1.32	3.63	0.04	-1.87	3.92	0.04	-5.49
233_PUB_HTM	611494	289425UZ1	MUNI	IG-2	ELMHURST IL		3	3/1/2032	1230000	 1,230,000 	 -   	1230000	1189607.66	100	96.71607	-40392.34	7/31/2026	Muni	100	Single	RFRSwap	3.66	3.00	3.85	-0.97	0.038	 464 	0.10	0.21	0.35	2.87	0.34	0.00	0.00	3.8	0.0	-79.0	-55	0.00	0.00	0.00	0.00	0.00	0.00	0.00	0.17	0.00	4.22	0.20	0.00	4.05	0.21	0.00	3.83	3.37	0.03	1.55	4.42	0.04	-2.39	4.70	0.04	-6.68
233_PUB_HTM	612141	290047ET2	MUNI	IG-2	ELMWOOD PARK IL		2.75	12/1/2031	930000	 930,000 	 -   	927037.31	875973.6	99.6814	94.19071	-51063.7	7/31/2026	Muni	100	Single	RFRSwap	3.97	2.81	4.43	-0.25	0.042	 390 	0.00	0.08	0.24	3.85	0.26	0.00	0.00	4.6	0.0	-30.5	-23	0.00	0.00	0.00	0.00	0.00	0.00	0.00	0.04	0.00	6.11	0.08	0.00	6.06	0.09	0.00	5.97	4.32	0.04	1.67	4.66	0.04	-2.61	4.71	0.04	-6.83
233_PUB_HTM	612224	290047EU9	MUNI	IG-2	ELMWOOD PARK IL		3	12/1/2032	955000	 955,000 	 -   	955000	901952.9	100	94.44533	-53047.1	7/31/2026	Muni	100	Single	RFRSwap	4.00	3.00	4.88	-0.52	0.046	 443 	0.02	0.11	0.26	3.39	1.11	0.00	0.00	5.0	0.0	-36.0	-23	0.00	0.00	0.00	0.00	0.00	0.00	0.00	0.04	0.00	5.88	0.08	0.00	5.83	0.09	0.00	5.74	4.67	0.05	1.76	5.28	0.05	-3.01	5.41	0.05	-7.81
233_PUB_HTM	611892	300569HP8	MUNI	IG-2	EWING TWP NJ SCH DIST		4	7/15/2033	2000000	 2,000,000 	 -   	2056287.44	2014551.6	102.8144	100.72758	-41735.84	7/31/2026	Muni	100	Single	RFRSwap	3.88	3.54	3.39	-0.92	0.034	 683 	0.03	0.92	0.38	1.40	0.67	0.00	0.00	3.3	0.0	-121.2	-56	0.00	0.00	0.00	0.00	0.00	0.00	0.00	1.80	0.02	10.67	1.90	0.02	8.67	1.94	0.02	6.58	3.28	0.03	1.46	4.22	0.04	-2.34	4.86	0.05	-6.75
233_PUB_HTM	612410	303171DE9	MUNI	IG-2	FAIR HAVEN BORO NJ SCH DIST		3	6/1/2029	405000	 405,000 	 -   	405000	401534.01	100	99.1442	-3465.99	7/31/2026	Muni	100	Single	RFRSwap	3.32	3.00	1.70	-1.10	0.017	 69 	0.29	0.49	1.00	0.00	0.00	0.00	0.00	1.7	0.0	-116.4	-85	0.00	0.00	0.00	0.00	0.00	0.00	0.00	0.04	0.00	1.25	0.08	0.00	1.20	0.09	0.00	1.11	0.75	0.01	0.80	2.10	0.02	-0.79	2.46	0.02	-3.06
233_PUB_HTM	611629	303171DF6	MUNI	IG-2	FAIR HAVEN BORO NJ SCH DIST		3	6/1/2030	400000	 400,000 	 -   	400000	393474.56	100	98.36864	-6525.44	7/31/2026	Muni	100	Single	RFRSwap	3.46	3.00	2.50	-1.09	0.025	 99 	0.22	0.28	1.31	0.74	0.00	0.00	0.00	2.4	0.0	-100.2	-71	0.00	0.00	0.00	0.00	0.00	0.00	0.00	0.04	0.00	2.02	0.08	0.00	1.96	0.09	0.00	1.88	1.71	0.02	1.15	2.98	0.03	-1.32	3.31	0.03	-4.38
233_PUB_HTM	611698	3042437G7	MUNI	IG-2	FAIRFIELD CT		2	7/1/2035	1405000	 1,405,000 	 -   	1251565.39	1155880.86	89.0794	82.2691	-95684.53	7/31/2026	Muni	100	Single	RFRSwap	4.43	3.43	7.72	0.55	0.064	 894 	-0.02	-0.04	-0.07	1.62	6.21	0.00	0.00	8.4	0.0	8.2	11	0.00	0.00	0.00	0.00	0.00	0.00	0.00	0.79	0.01	20.02	2.84	0.03	18.77	6.45	0.06	13.83	7.67	0.06	0.71	7.70	0.06	-5.45	7.66	0.05	-11.15
233_PUB_HTM	612809	3042437H5	MUNI	IG-2	FAIRFIELD CT		2	7/1/2036	1420000	 1,420,000 	 -   	1241185.3	1135024.89	87.4074	79.93133	-106160.41	7/31/2026	Muni	100	Single	RFRSwap	4.54	3.51	8.49	0.70	0.068	 966 	-0.02	-0.04	-0.08	-0.04	8.66	0.00	0.00	9.3	0.0	15.1	18	0.00	0.00	0.00	0.00	0.00	0.00	0.00	0.79	0.01	22.28	3.54	0.04	20.82	7.33	0.07	15.06	8.45	0.07	0.76	8.44	0.06	-5.79	8.39	0.06	-11.79
233_PUB_HTM	611382	3042437J1	MUNI	IG-2	FAIRFIELD CT		2	7/1/2037	1420000	 1,420,000 	 -   	1223001.65	1101515.02	86.1269	77.57148	-121486.64	7/31/2026	Muni	100	Single	RFRSwap	4.64	3.54	9.25	0.86	0.072	 1,021 	-0.02	-0.04	-0.08	-0.25	8.72	0.91	0.00	10.3	0.0	22.2	25	0.00	0.00	0.00	0.00	0.00	0.00	0.00	0.79	0.01	24.57	4.49	0.05	22.75	8.28	0.08	16.05	9.21	0.07	0.66	9.19	0.07	-6.24	9.10	0.06	-12.48
233_PUB_HTM	611824	304279TQ5	MUNI	IG-2	FAIRFIELD CNTY OH		4	12/1/2026	500000	 500,000 	 -   	500000	500399.4	100	100.07988	399.4	7/31/2026	Muni	100	Single	RFRSwap	3.73	3.97	0.09	-0.04	0.001	 4 	0.09	0.00	0.00	0.00	0.00	0.00	0.00	0.1	0.0	-82.5	-82	0.00	0.00	0.00	0.00	0.00	0.00	0.00	0.04	0.00	0.38	0.08	0.00	0.32	0.09	0.00	0.23	0.09	0.00	0.06	0.11	0.00	-0.04	0.30	0.00	-0.24
233_PUB_HTM	611871	304747GZ5	MUNI	IG-2	FAIRFIELD-SUISUN CA UNIF SCH D		4	8/1/2035	3590000	 3,590,000 	 -   	3590000	3590000	100	100	 -   	7/31/2026	Muni	100	Single	RFRSwap	0.00	0.00	0.00	0.00	0.000	 -   	0.00	0.00	0.00	0.00	0.00	0.00	0.00	0.0	0.0	100.0	100	0.00	0.00	0.00	0.00	0.00	0.00	0.00	0.00	0.00	0.00	0.00	0.00	0.00	0.00	0.00	0.00	0.00	0.00	0.00	0.00	0.00	0.00	0.00	0.00	0.00
233_PUB_HTM	611530	304747JJ8	MUNI	IG-2	FAIRFIELD-SUISUN CA UNIF SCH D		2.125	8/1/2038	1410000	 1,410,000 	 -   	1219956.98	1084005.18	86.5218	76.8798	 (135,951.80)	7/31/2026	Muni	100	Single	RFRSwap	4.66	3.51	9.82	0.99	0.077	 1,080 	-0.01	-0.03	-0.08	-0.23	8.08	2.09	0.00	11.3	0.0	20.0	23	0.00	0.00	0.00	0.00	0.00	0.00	0.00	2.01	0.02	28.05	5.65	0.06	24.65	8.92	0.08	17.10	9.86	0.08	0.47	9.80	0.07	-6.88	9.66	0.06	-13.46
233_PUB_HTM	611593	306567SP4	MUNI	IG-2	FALLS CHURCH VA		3	7/15/2036	3885000	 3,885,000 	 -   	3885000	3555170.49	100	91.51018	-329829.51	7/31/2026	Muni	100	Single	RFRSwap	4.04	3.00	7.18	-0.55	0.066	 2,557 	0.01	0.06	0.16	0.57	6.38	0.00	0.00	7.7	0.0	-47.9	-31	0.00	0.00	0.00	0.00	0.00	0.00	0.00	0.04	0.00	8.83	0.08	0.00	8.78	0.09	0.00	8.69	7.33	0.07	0.98	7.92	0.07	-5.87	8.00	0.06	-12.45
233_PUB_HTM	611589	306783MG3	MUNI	IG-2	FALMOUTH ME		4	11/15/2030	850000	 850,000 	 -   	868695.41	861281.03	102.1995	101.32718	 (7,414.38)	7/31/2026	Muni	100	Single	RFRSwap	3.66	3.44	1.87	-0.58	0.019	 163 	0.59	0.43	0.41	0.44	0.00	0.00	0.00	1.8	0.0	-153.3	-121	0.00	0.00	0.00	0.00	0.00	0.00	0.00	1.15	0.01	6.61	1.25	0.01	5.35	1.27	0.01	3.98	1.71	0.02	1.10	2.33	0.02	-0.97	2.88	0.03	-3.60
233_PUB_HTM	611485	306783MH1	MUNI	IG-2	FALMOUTH ME		3	11/15/2031	775000	 775,000 	 -   	777685.33	757000.55	100.3465	97.67749	 (20,684.78)	7/31/2026	Muni	100	Single	RFRSwap	3.48	2.93	3.48	-0.81	0.034	 265 	0.16	0.31	0.39	2.52	0.14	0.00	0.00	3.3	0.0	-106.3	-71	0.00	0.00	0.00	0.00	0.00	0.00	0.00	1.16	0.01	8.56	1.26	0.01	7.32	1.39	0.01	5.95	3.15	0.03	1.45	3.82	0.04	-2.00	4.18	0.04	-5.79
233_PUB_HTM	612416	311001FV8	MUNI	IG-2	FARMERSVILLE TX	1	3.75	2/15/2031	265000	 265,000 	 -   	265000	263369.83	100	99.38484	 (1,630.17)	7/31/2026	Muni	100	Single	RFRSwap	3.94	3.75	1.69	-1.51	0.017	 45 	0.29	0.34	0.64	0.41	0.00	0.00	0.00	1.6	0.0	-71.1	-24	0.00	0.00	0.00	0.00	0.00	0.00	0.00	0.15	0.00	1.48	0.16	0.00	1.32	0.16	0.00	1.16	0.78	0.01	0.69	2.33	0.02	-0.94	2.87	0.03	-3.58
233_PUB_HTM	612739	311117HG3	MUNI	IG-2	FARMINGDALE NY UNION FREE SCHD		2	9/15/2037	970000	 970,000 	 -   	833558.38	739411.21	85.9339	76.22796	-94147.17	7/31/2026	Muni	100	Single	RFRSwap	4.78	3.54	9.38	0.95	0.072	 701 	-0.02	-0.04	-0.09	-0.31	8.69	1.14	0.00	10.7	0.0	36.5	38	0.00	0.00	0.00	0.00	0.00	0.00	0.00	2.12	0.02	28.27	6.44	0.07	24.29	8.91	0.08	16.49	9.43	0.07	0.59	9.33	0.07	-6.36	9.19	0.06	-12.61
233_PUB_HTM	611405	311117HH1	MUNI	IG-2	FARMINGDALE NY UNION FREE SCHD		2	9/15/2038	2000000	 2,000,000 	 -   	1693314.16	1477732.8	84.6657	73.88664	 (215,581.36)	7/31/2026	Muni	100	Single	RFRSwap	4.88	3.57	10.10	1.12	0.075	 1,507 	-0.02	-0.04	-0.09	-0.34	8.23	2.34	0.00	11.7	0.0	42.7	44	0.00	0.00	0.00	0.00	0.00	0.00	0.00	2.20	0.02	30.47	7.45	0.07	25.84	9.77	0.09	17.21	10.16	0.08	0.40	10.03	0.07	-6.81	9.86	0.06	-13.23
233_PUB_HTM	612066	311117HJ7	MUNI	IG-2	FARMINGDALE NY UNION FREE SCHD		2	9/15/2039	2030000	 2,030,000 	 -   	1697962.89	1455366.28	83.6435	71.69292	 (242,596.62)	7/31/2026	Muni	100	Single	RFRSwap	4.96	3.57	10.78	1.30	0.078	 1,585 	-0.02	-0.03	-0.09	-0.35	7.57	3.70	0.00	12.7	0.0	47.3	49	0.00	0.00	0.00	0.00	0.00	0.00	0.00	2.34	0.02	32.55	8.41	0.08	27.23	10.58	0.10	17.88	10.84	0.08	0.27	10.69	0.07	-7.16	10.48	0.06	-13.72
AFS	614792	31287TTT2	Agency MBS 30yr	G-2-Q	FREDDIE MAC	0.00804659	6.5	6/1/2032	2212800	 17,805 	 4,504.41 	18759.36	18376.66	105.3572	103.2078018	 (382.70)	7/31/2026	Model2501	100	LMMSOFRFLAT	RFRSwap	4.68	3.55	1.80	0.06	0.019	 3 	0.30	0.43	0.77	0.30	0.00	0.00	0.00	2.0	11.2	51.9	38	0.01	14.74	7.00	291.00	17805.49	NA	NA	1.80	0.02	5.80	1.82	0.02	3.83	1.82	0.02	1.90	1.78	0.02	-1.84	1.77	0.02	-3.63	1.76	0.02	-5.37
HTM	883369	31288ED61	Agency MBS 30yr	G-2-Q	FREDDIE MAC	0.01516301	5.5	11/1/2032	3203315	 48,572 	 -   	48420.76	48307.24	99.6888	99.4551285	 (113.51)	7/31/2026	Model2501	100	LMMSOFRFLAT	RFRSwap	5.72	5.61	2.09	0.04	0.021	 10 	0.26	0.38	0.74	0.70	0.01	0.00	0.00	2.3	10.7	151.7	138	0.02	12.76	5.88	286.00	48571.90	NA	NA	1.97	0.02	6.37	2.05	0.02	4.25	2.09	0.02	2.11	2.10	0.02	-2.07	2.08	0.02	-4.10	2.08	0.02	-6.07
HTM	885593	31288Q6G0	Agency MBS ARM	G-2-Q	FREDDIE MAC	0.61149341	4.312	7/1/2054	26433638	 16,163,995 	 -   	15999155.16	15980422.82	98.9802	98.8643116	 (18,732.34)	7/31/2026	Model2501	100	LMMSOFRFLAT	RFRSwap	5.25	5.21	2.43	-0.43	0.024	 3,896 	0.16	0.49	0.93	0.96	-0.04	-0.07	-0.05	4.1	20.8	77.3	83	0.61	19.77	4.95	39.00	416380.94	#SPILL!	#SPILL!	0.84	0.01	4.44	0.99	0.01	3.60	1.83	0.02	2.16	2.87	0.03	-2.60	3.29	0.03	-5.52	3.75	0.03	-8.75
HTM	885606	31288QWN6	Agency MBS ARM	G-2-Q	FREDDIE MAC	0.68798738	4.385	2/1/2053	28850491	 19,848,774 	 -   	19698301.69	19678415.32	99.2419	99.1417183	-19886.36	7/31/2026	Model2501	100	LMMSOFRFLAT	RFRSwap	5.22	5.19	2.27	-0.34	0.023	 4,490 	0.16	0.34	1.35	0.58	-0.07	-0.08	-0.05	4.0	20.9	76.7	78	0.69	9.11	5.01	45.00	369328.25	#SPILL!	#SPILL!	0.87	0.01	4.37	1.03	0.01	3.50	1.77	0.02	2.06	2.62	0.03	-2.41	2.96	0.03	-5.08	3.37	0.03	-8.02
HTM	885614	31288QXK1	Agency MBS ARM	G-2-Q	FREDDIE MAC	0.75603612	4.47	2/1/2053	50000000	 37,801,806 	 -   	37410845.87	37369313.5	98.9658	98.8558946	 (41,532.37)	7/31/2026	Model2501	100	LMMSOFRFLAT	RFRSwap	5.20	5.16	2.29	-0.32	0.023	 8,575 	0.18	0.25	1.39	0.73	-0.15	-0.09	-0.05	3.8	21.9	77.3	80	0.76	7.42	5.10	42.00	394608.41	#SPILL!	#SPILL!	0.98	0.01	4.41	1.04	0.01	3.44	1.74	0.02	2.06	2.61	0.03	-2.40	2.93	0.03	-5.04	3.35	0.03	-7.94
HTM	885601	31288QXL9	Agency MBS ARM	G-2-Q	FREDDIE MAC	0.67925569	4.561	2/1/2053	14246371	 9,676,929 	 -   	9616679.28	9606410.95	99.3774	99.271281	 (10,268.33)	7/31/2026	Model2501	100	LMMSOFRFLAT	RFRSwap	5.18	5.15	2.19	-0.36	0.022	 2,112 	0.19	0.29	1.36	0.60	-0.13	-0.09	-0.05	3.8	21.6	74.6	77	0.68	10.69	5.19	43.00	392705.66	#SPILL!	#SPILL!	0.96	0.01	4.16	0.96	0.01	3.24	1.62	0.02	1.95	2.53	0.02	-2.33	2.84	0.03	-4.91	3.23	0.03	-7.73
HTM	885686	31288RE95	Agency MBS ARM	G-2-Q	FREDDIE MAC	0.87685034	5.179	5/1/2055	70000000	 61,379,524 	 -   	61363295.4	61265671.11	99.9736	99.8145103	 (97,624.30)	7/31/2026	Model2501	100	LMMSOFRFLAT	RFRSwap	5.26	5.22	2.60	-0.88	0.026	 15,990 	0.22	0.32	0.51	1.60	0.13	-0.14	-0.05	4.3	19.0	68.1	91	0.88	9.50	5.84	15.00	495791.69	#SPILL!	#SPILL!	1.28	0.01	4.43	0.97	0.01	3.32	1.53	0.02	2.09	3.28	0.03	-2.94	3.69	0.03	-6.29	4.01	0.04	-9.83
AFS	613484	3128HDN21	Agency MBS ARM	G-2-Q	FREDDIE MAC	0.00001652	5.89	7/1/2028	2310000	 38 	 478.03 	38.19	37.92	100.0767	99.3576222	 (0.27)	7/31/2026	Model2501	100	LMMSOFRFLAT	RFRSwap	5.20	-0.61	0.13	0.00	0.001	 0 	0.13	0.00	0.00	0.00	0.00	0.00	0.00	0.1	5.0	129.9	128	0.00	23.27	6.38	347.00	NA	FIFTH THIRD BANK, NATIONAL ASSOCIATION	100.00	0.13	0.00	0.38	0.13	0.00	0.25	0.13	0.00	0.13	0.13	0.00	-0.13	0.12	0.00	-0.25	0.12	0.00	-0.37
AFS	614033	3128HDW88	Agency MBS ARM	G-2-Q	FREDDIE MAC	0.00027154	6.25	1/1/2032	10004677	 2,717 	 508.45 	2720.92	2755.3	100.1563	101.4220723	 34.38 	7/31/2026	Model2501	100	LMMSOFRFLAT	RFRSwap	5.43	6.06	0.95	-0.03	0.010	 0 	0.73	0.02	0.09	0.11	0.00	0.00	0.00	2.2	13.3	123.0	108	0.00	25.10	6.88	299.00	29274.22	JPMORGAN CHASE BANK, NATIONAL ASSOCIATIO	100.00	1.31	0.01	3.20	1.05	0.01	1.99	0.95	0.01	0.96	1.11	0.01	-1.03	1.36	0.01	-2.27	1.54	0.02	-3.71
AFS	614637	3128JMXY8	Agency MBS ARM	G-2-Q	FREDDIE MAC	0.00148056	6.5	10/1/2034	15092002	 22,345 	 3,420.19 	22656.91	22846.98	101.3976	102.2482607	 190.06 	7/31/2026	Model2501	100	LMMSOFRFLAT	RFRSwap	5.75	6.02	0.31	-0.02	0.003	 1 	-0.44	0.08	0.15	0.33	0.16	0.00	0.00	3.6	8.8	147.7	136	0.00	23.10	7.00	261.00	22344.62	JPMORGAN CHASE BANK, NATIONAL ASSOCIATIO	100.00	1.39	0.01	1.92	0.67	0.01	0.69	0.31	0.00	0.32	0.33	0.00	-0.33	0.89	0.01	-0.79	1.54	0.02	-2.12
AFS	612640	3128JNJ22	Agency MBS ARM	G-2-Q	FREDDIE MAC	0.00177412	6.524	9/1/2036	24593053	 43,631 	 295,404.31 	46917.2	44686.66	107.5317	102.4194651	 (2,230.53)	7/31/2026	Model2501	100	LMMSOFRFLAT	RFRSwap	5.71	4.16	1.07	-0.01	0.011	 5 	0.39	0.11	0.16	0.23	0.19	-0.01	0.00	3.7	13.3	141.7	132	0.00	25.06	7.00	238.00	43631.03	ROCKET MORTGAGE, LLC	100.00	1.57	0.02	3.83	1.27	0.01	2.33	1.09	0.01	1.11	1.19	0.01	-1.14	1.50	0.02	-2.49	1.84	0.02	-4.17
AFS	614354	3128JPAB6	Agency MBS ARM	G-2-Q	FREDDIE MAC	0.00267443	5.875	1/1/2038	42322221	 113,188 	 7,073.15 	116795.66	115781.22	103.1875	102.2912393	 (1,014.45)	7/31/2026	Model2501	100	LMMSOFRFLAT	RFRSwap	5.71	5.46	0.60	-0.05	0.006	 7 	-0.06	0.02	0.13	0.19	0.26	-0.01	-0.01	4.2	11.7	137.9	125	0.00	25.29	6.50	222.00	60297.05	JPMORGAN CHASE BANK, NATIONAL ASSOCIATIO	100.00	1.17	0.01	2.08	0.64	0.01	1.17	0.55	0.01	0.58	0.85	0.01	-0.69	1.43	0.01	-1.85	1.94	0.02	-3.54
AFS	613863	3128JR3S3	Agency MBS ARM	G-2-Q	FREDDIE MAC	0.00359879	5.939	1/1/2037	23348935	 84,028 	 10,234.87 	86888.53	85868.04	103.4044	102.1899	 (1,020.49)	7/31/2026	Model2501	100	LMMSOFRFLAT	RFRSwap	5.71	5.35	0.54	-0.05	0.005	 5 	-0.08	0.03	0.13	0.21	0.23	-0.02	-0.01	3.8	12.4	140.1	127	0.00	24.86	6.49	234.00	84435.06	JPMORGAN CHASE BANK, NATIONAL ASSOCIATIO	100.00	1.11	0.01	1.91	0.59	0.01	1.05	0.49	0.01	0.52	0.78	0.01	-0.62	1.36	0.01	-1.71	1.82	0.02	-3.32
AFS	614456	3128JRRJ7	Agency MBS ARM	G-2-Q	FREDDIE MAC	0.02018716	6.162	1/1/2037	9515201	 192,085 	 13,198.01 	197568.98	197105.26	102.855	102.6136236	 (463.72)	7/31/2026	Model2501	100	LMMSOFRFLAT	RFRSwap	5.72	5.64	0.58	-0.13	0.006	 12 	0.06	0.06	0.17	0.14	0.15	-0.06	-0.01	3.6	14.3	140.2	130	0.02	15.66	6.50	233.00	192084.92	ROCKET MORTGAGE, LLC	100.00	1.02	0.01	1.87	0.56	0.01	1.08	0.50	0.01	0.55	0.85	0.01	-0.69	1.39	0.01	-1.84	1.86	0.02	-3.47
AFS	612524	3128JRXD3	Agency MBS ARM	G-2-Q	FREDDIE MAC	0.00666867	6.371	2/1/2038	20000000	 133,373 	 8,337.84 	137503.09	137279.13	103.0963	102.9284168	 (223.96)	7/31/2026	Model2501	100	LMMSOFRFLAT	RFRSwap	5.79	5.74	0.48	-0.07	0.005	 7 	-0.15	0.07	0.17	0.17	0.21	-0.03	-0.01	4.1	12.2	146.1	134	0.01	21.55	6.71	223.00	87024.06	#SPILL!	#SPILL!	1.11	0.01	1.93	0.63	0.01	0.98	0.45	0.00	0.48	0.66	0.01	-0.56	1.21	0.01	-1.45	1.78	0.02	-3.01
HTM	883879	3128KRY32	Agency MBS 30yr	G-2-Q	FREDDIE MAC	0.03035136	6	1/1/2037	3444017	 104,531 	 -   	106207.58	105859.24	101.6043	101.2710508	 (348.34)	7/31/2026	Model2501	100	LMMSOFRFLAT	RFRSwap	5.37	5.22	2.14	0.05	0.022	 23 	0.26	0.38	0.74	0.75	0.01	0.00	0.00	2.4	10.8	118.0	103	0.03	12.06	6.44	289.00	52265.30	NA	NA	1.95	0.02	6.57	2.07	0.02	4.42	2.13	0.02	2.20	2.14	0.02	-2.15	2.12	0.02	-4.25	2.11	0.02	-6.29
HTM	883358	3128KWVU4	Agency MBS 30yr	G-2-Q	FREDDIE MAC	0.01292205	5.5	8/1/2037	1828883	 23,633 	 -   	23870.88	23756.74	101.0069	100.5239438	 (114.14)	7/31/2026	Model2501	100	LMMSOFRFLAT	RFRSwap	5.36	5.23	3.60	0.10	0.036	 9 	0.16	0.24	0.52	1.45	1.22	0.01	0.00	4.4	9.1	107.4	84	0.01	18.25	6.25	230.00	23632.92	NA	NA	3.04	0.03	10.92	3.37	0.04	7.38	3.55	0.04	3.68	3.63	0.04	-3.59	3.63	0.03	-7.06	3.64	0.03	-10.41
AFS	612999	3128L7EG8	Agency MBS 30yr	G-2-Q	FREDDIE MAC	0.0431618	5	2/1/2038	3228512	 139,348 	 13,129.39 	148508.11	138047.26	106.5733	99.0662731	 (10,460.85)	7/31/2026	Model2501	100	LMMSOFRFLAT	RFRSwap	5.27	3.20	3.34	-0.03	0.033	 46 	0.17	0.26	0.56	1.50	0.86	-0.01	0.00	4.0	8.0	97.7	77	0.04	13.25	5.62	222.00	69674.20	NA	NA	1.96	0.02	8.70	2.60	0.03	6.28	3.10	0.03	3.27	3.42	0.03	-3.31	3.44	0.03	-6.56	3.49	0.03	-9.72
HTM	883364	3128LCJU1	Agency MBS 30yr	G-2-Q	FREDDIE MAC	0.22603887	5.5	11/1/2037	1203300	 271,993 	 -   	276436.06	275209.25	101.6337	101.1826332	 (1,226.81)	7/31/2026	Model2501	100	LMMSOFRFLAT	RFRSwap	5.15	5.02	3.30	-0.03	0.033	 91 	0.18	0.27	0.55	1.46	0.86	-0.02	0.00	4.0	8.6	86.8	66	0.23	4.76	6.06	237.00	90664.19	NA	NA	2.24	0.02	9.00	2.64	0.03	6.37	3.07	0.03	3.31	3.39	0.03	-3.35	3.42	0.03	-6.64	3.46	0.03	-9.85
AFS	613357	3128LLCD6	Agency MBS ARM	G-2-Q	FREDDIE MAC	0.01175341	6.14	12/1/2041	40309953	 473,779 	 26,530.56 	488630.63	492410.9	103.1346	103.932526	 3,780.28 	7/31/2026	Model2501	100	LMMSOFRFLAT	RFRSwap	5.44	5.67	1.23	-0.88	0.013	 61 	0.06	0.27	0.39	0.24	0.39	-0.08	-0.06	4.2	15.2	77.5	102	0.01	23.72	6.50	174.00	180323.02	WELLS FARGO BANK, NATIONAL ASSOCIATION	100.00	0.71	0.01	1.81	0.27	0.00	1.34	0.58	0.01	0.91	2.36	0.02	-1.84	3.39	0.03	-4.79	3.97	0.04	-8.43
AFS	612158	3128LLK21	Agency MBS ARM	G-2-Q	FREDDIE MAC	0.01063127	6.14	3/1/2042	40040026	 425,676 	 133,619.43 	436533.88	439147.38	102.5507	103.1646228	 2,613.49 	7/31/2026	Model2501	100	LMMSOFRFLAT	RFRSwap	5.62	5.80	1.21	-0.82	0.012	 53 	0.20	0.23	0.32	0.21	0.32	-0.06	-0.05	4.1	15.8	102.1	119	0.01	24.71	6.50	171.00	176553.94	WELLS FARGO BANK, NATIONAL ASSOCIATION	100.00	0.77	0.01	2.07	0.42	0.00	1.53	0.70	0.01	0.94	2.22	0.02	-1.73	3.16	0.03	-4.47	3.79	0.04	-7.88
AFS	614400	3128LLLF1	Agency MBS ARM	G-2-Q	FREDDIE MAC	0.01885941	5.962	3/1/2042	49913925	 941,347 	 36,899.20 	967697.37	975117.74	102.7992	103.5874712	 7,420.37 	7/31/2026	Model2501	100	LMMSOFRFLAT	RFRSwap	5.61	5.81	1.55	-0.92	0.016	 152 	0.18	0.20	0.29	0.24	0.62	0.03	-0.05	5.0	11.4	94.1	111	0.02	21.70	6.46	171.00	152003.08	JPMORGAN CHASE BANK, NATIONAL ASSOCIATIO	100.00	0.63	0.01	2.54	0.56	0.01	2.02	0.91	0.01	1.24	2.67	0.03	-2.15	3.59	0.04	-5.34	4.16	0.04	-9.12
AFS	614624	3128LUL46	Agency MBS ARM	G-2-Q	FREDDIE MAC	0.00783533	5.75	3/1/2037	25166459	 197,188 	 13,488.35 	202653.65	200952.53	102.772	101.9093599	 (1,701.12)	7/31/2026	Model2501	100	LMMSOFRFLAT	RFRSwap	5.66	5.39	0.67	-0.13	0.007	 14 	0.16	0.06	0.19	0.10	0.16	-0.07	-0.02	3.7	12.7	134.8	126	0.01	20.62	6.38	232.00	197187.52	ROCKET MORTGAGE, LLC	100.00	1.01	0.01	2.06	0.61	0.01	1.26	0.59	0.01	0.64	1.00	0.01	-0.81	1.51	0.02	-2.09	1.98	0.02	-3.83
AFS	613349	3128LUUV6	Agency MBS ARM	G-2-Q	FREDDIE MAC	0.00468609	6.835	9/1/2037	50007981	 234,342 	 14,741.41 	241789.67	242676.31	103.1782	103.556516	 886.63 	7/31/2026	Model2501	100	LMMSOFRFLAT	RFRSwap	5.89	5.99	1.07	-0.09	0.011	 26 	0.37	0.14	0.20	0.20	0.22	-0.05	-0.02	4.4	9.0	153.8	146	0.00	23.28	7.09	226.00	234341.91	ROCKET MORTGAGE, LLC	100.00	1.49	0.02	3.57	1.12	0.01	2.18	0.99	0.01	1.08	1.26	0.01	-1.19	1.67	0.02	-2.67	2.17	0.02	-4.60
AFS	612760	3128LUXG6	Agency MBS ARM	G-2-Q	FREDDIE MAC	0.00502935	6.5	10/1/2037	50093496	 251,938 	 15,934.47 	260360.38	258057.96	103.3432	102.4292648	-2302.43	7/31/2026	Model2501	100	LMMSOFRFLAT	RFRSwap	5.78	5.52	0.28	-0.03	0.003	 7 	-0.35	0.16	0.22	0.17	0.13	-0.06	-0.02	4.0	11.9	145.4	136	0.01	23.20	7.00	225.00	251937.72	JPMORGAN CHASE BANK, NATIONAL ASSOCIATIO	100.00	1.16	0.01	1.57	0.54	0.01	0.57	0.25	0.00	0.27	0.31	0.00	-0.31	0.84	0.01	-0.73	1.47	0.01	-2.01
AFS	613195	3128M83G7	Agency MBS 30yr	G-2-Q	FREDDIE MAC	0.05747718	3.5	11/1/2041	10021619	 576,014 	 73,423.83 	579140.87	536424.46	100.5428	93.1269191	 (42,716.41)	7/31/2026	Model2501	100	LMMSOFRFLAT	RFRSwap	5.04	3.38	4.56	-0.03	0.043	 245 	0.12	0.18	0.45	1.42	2.15	0.24	0.00	5.5	7.1	64.7	42	0.06	15.33	4.21	178.00	141044.16	NA	NA	2.31	0.02	11.38	3.65	0.04	8.22	4.26	0.04	4.23	4.80	0.04	-4.27	5.03	0.04	-8.56	5.10	0.04	-12.77
AFS	613708	3128M9SX1	Agency MBS 30yr	G-2-Q	FREDDIE MAC	0.13523212	3.5	7/1/2043	28753228	 3,888,360 	 608,737.94 	3901254.3	3595849.92	100.3316	92.4772897	 (305,404.38)	7/31/2026	Model2501	100	LMMSOFRFLAT	RFRSwap	5.07	3.43	4.98	-0.09	0.046	 1,796 	0.10	0.16	0.41	1.39	2.43	0.48	0.01	6.0	7.1	62.8	43	0.14	11.88	3.91	158.00	178191.98	NA	NA	2.64	0.03	12.37	3.97	0.04	8.87	4.60	0.04	4.56	5.30	0.05	-4.65	5.56	0.05	-9.33	5.59	0.04	-13.86
AFS	613289	3128MD3G6	Agency MBS 15yr	G-2-Q	FREDDIE MAC	0.03165651	2.5	9/1/2028	307004965	 9,718,706 	 8,746,153.28 	9731320.59	9564370.23	100.1298	98.4119746	 (166,950.36)	7/31/2026	Model2501	100	LMMSOFRFLAT	RFRSwap	4.50	2.22	0.77	-0.01	0.008	 739 	0.57	0.18	0.00	0.02	0.00	0.00	0.00	0.8	19.1	40.1	42	0.03	11.87	2.97	158.00	16970.21	NA	NA	0.75	0.01	2.26	0.75	0.01	1.51	0.76	0.01	0.76	0.78	0.01	-0.76	0.79	0.01	-1.53	0.78	0.01	-2.29
AFS	613820	3128MD3H4	Agency MBS 15yr	G-2-Q	FREDDIE MAC	0.02706465	2.5	7/1/2028	184796697	 5,001,458 	 5,485,389.32 	5009052.4	4927339.24	100.1518	98.5180584	 (81,713.16)	7/31/2026	Model2501	100	LMMSOFRFLAT	RFRSwap	4.43	2.17	0.74	0.00	0.007	 366 	0.58	0.15	0.00	0.01	0.00	0.00	0.00	0.8	18.0	33.6	35	0.03	12.68	2.94	159.00	19313.02	NA	NA	0.72	0.01	2.18	0.73	0.01	1.46	0.73	0.01	0.73	0.75	0.01	-0.73	0.75	0.01	-1.47	0.75	0.01	-2.20
AFS	614803	3128MD4E0	Agency MBS 15yr	G-2-Q	FREDDIE MAC	0.02978244	2.5	7/1/2029	532771	 15,867 	 15,090.38 	15879.77	15608.89	100.0791	98.3719222	 (270.89)	7/31/2026	Model2501	100	LMMSOFRFLAT	RFRSwap	4.43	2.30	0.82	0.00	0.008	 1 	0.57	0.23	0.00	0.01	0.00	0.00	0.00	0.8	15.6	32.0	33	0.03	12.54	2.95	157.00	31362.18	NA	NA	0.80	0.01	2.42	0.80	0.01	1.61	0.81	0.01	0.81	0.83	0.01	-0.81	0.83	0.01	-1.62	0.82	0.01	-2.42
AFS	614061	3128MD5V1	Agency MBS 15yr	G-2-Q	FREDDIE MAC	0.03822544	2.5	8/1/2029	14000000	 535,156 	 421,027.56 	535486.29	522302.42	100.0617	97.598132	 (13,183.87)	7/31/2026	Model2501	100	LMMSOFRFLAT	RFRSwap	4.79	2.36	1.05	-0.01	0.010	 55 	0.48	0.49	0.06	0.03	0.00	0.01	0.00	1.1	15.6	64.1	61	0.04	13.21	3.11	148.00	41734.99	NA	NA	1.01	0.01	3.07	1.02	0.01	2.05	1.03	0.01	1.02	1.07	0.01	-1.03	1.09	0.01	-2.08	1.07	0.01	-3.10
AFS	613947	3128MDKT9	Agency MBS 15yr	G-2-Q	FREDDIE MAC	0.01316783	2.5	11/1/2027	93230000	 1,227,637 	 1,777,091.37 	1225587.32	1214715.26	99.8331	98.9474468	 (10,872.06)	7/31/2026	Model2501	100	LMMSOFRFLAT	RFRSwap	4.37	2.65	0.52	0.00	0.005	 64 	0.50	0.01	0.00	0.01	0.00	0.00	0.00	0.5	22.7	34.4	35	0.01	12.09	3.04	165.00	11809.42	NA	NA	0.51	0.01	1.55	0.52	0.01	1.04	0.52	0.01	0.52	0.53	0.01	-0.52	0.53	0.01	-1.04	0.52	0.01	-1.56
PUB_HTM	613895	3128MDQZ9	Agency MBS 15yr	G-2-Q	FREDDIE MAC	0.00685727	3	4/1/2028	75675000	 518,924 	 1,231,218.63 	519565.56	515720.55	100.1236	99.3826918	 (3,845.01)	7/31/2026	Model2501	100	LMMSOFRFLAT	RFRSwap	4.35	2.38	0.38	0.00	0.004	 20 	0.38	0.00	0.00	0.00	0.00	0.00	0.00	0.4	24.2	38.4	38	0.01	13.50	3.46	171.00	15144.91	NA	NA	0.38	0.00	1.14	0.38	0.00	0.76	0.38	0.00	0.38	0.38	0.00	-0.38	0.38	0.00	-0.76	0.38	0.00	-1.13
AFS	613943	3128MDTZ6	Agency MBS 15yr	G-2-Q	FREDDIE MAC	0.02656881	2.5	6/1/2028	193221104	 5,133,655 	 5,418,818.66 	5140843.71	5061065.72	100.14	98.5860156	 (79,777.98)	7/31/2026	Model2501	100	LMMSOFRFLAT	RFRSwap	4.43	2.17	0.70	0.00	0.007	 357 	0.57	0.11	0.00	0.01	0.00	0.00	0.00	0.7	19.1	34.9	37	0.03	11.61	2.91	160.00	16762.51	NA	NA	0.68	0.01	2.07	0.69	0.01	1.38	0.69	0.01	0.69	0.71	0.01	-0.70	0.72	0.01	-1.40	0.71	0.01	-2.09
AFS	614599	3128MDYC1	Agency MBS 15yr	G-2-Q	FREDDIE MAC	0.03806091	2.5	2/1/2029	50000000	 1,903,046 	 1,575,893.40 	1903045.5	1870667.44	100	98.2986188	 (32,378.06)	7/31/2026	Model2501	100	LMMSOFRFLAT	RFRSwap	4.44	2.40	0.85	0.00	0.008	 160 	0.56	0.28	0.00	0.01	0.00	0.00	0.00	0.9	15.2	32.3	32	0.04	10.90	2.94	156.00	33705.77	NA	NA	0.83	0.01	2.52	0.84	0.01	1.68	0.84	0.01	0.84	0.86	0.01	-0.84	0.87	0.01	-1.69	0.86	0.01	-2.52
AFS	614415	3128MDYH0	Agency MBS 15yr	G-2-Q	FREDDIE MAC	0.03239851	2.5	1/1/2029	58500000	 1,895,313 	 1,690,300.92 	1895312.84	1861682.22	100	98.2255903	 (33,630.61)	7/31/2026	Model2501	100	LMMSOFRFLAT	RFRSwap	4.45	2.40	0.89	0.00	0.009	 166 	0.54	0.32	0.00	0.02	0.00	0.00	0.00	0.9	15.2	33.2	33	0.03	12.82	3.00	154.00	33406.08	NA	NA	0.86	0.01	2.62	0.87	0.01	1.74	0.88	0.01	0.87	0.90	0.01	-0.88	0.91	0.01	-1.75	0.90	0.01	-2.62
AFS	614165	3128MDYL1	Agency MBS 15yr	G-2-Q	FREDDIE MAC	0.03304705	2.5	2/1/2029	50000000	 1,652,353 	 1,344,655.96 	1652352.5	1623028.99	100	98.2253477	 (29,323.51)	7/31/2026	Model2501	100	LMMSOFRFLAT	RFRSwap	4.45	2.40	0.89	0.00	0.009	 144 	0.54	0.32	0.00	0.02	0.00	0.00	0.00	0.9	15.2	33.5	33	0.03	11.94	3.04	155.00	41465.93	NA	NA	0.86	0.01	2.61	0.87	0.01	1.74	0.88	0.01	0.87	0.90	0.01	-0.87	0.91	0.01	-1.75	0.90	0.01	-2.62
AFS	613937	3128MDZG1	Agency MBS 15yr	G-2-Q	FREDDIE MAC	0.02750006	2.5	3/1/2029	78499388	 2,158,738 	 2,098,044.43 	2157188.15	2123590.62	99.9282	98.3718608	 (33,597.53)	7/31/2026	Model2501	100	LMMSOFRFLAT	RFRSwap	4.44	2.48	0.82	0.00	0.008	 173 	0.57	0.23	0.00	0.01	0.00	0.00	0.00	0.8	16.4	33.0	34	0.03	12.76	2.95	157.00	28463.58	NA	NA	0.79	0.01	2.40	0.80	0.01	1.60	0.81	0.01	0.80	0.83	0.01	-0.81	0.83	0.01	-1.61	0.82	0.01	-2.41
AFS	612779	3128MEAH4	Agency MBS 15yr	G-2-Q	FREDDIE MAC	0.04664149	2.5	11/1/2029	442518	 20,640 	 12,401.56 	20787.28	20080.48	100.715	97.2905603	 (706.80)	7/31/2026	Model2501	100	LMMSOFRFLAT	RFRSwap	4.67	1.86	1.26	-0.01	0.012	 3 	0.41	0.55	0.26	0.03	0.00	0.01	0.00	1.3	14.0	51.1	45	0.05	13.40	3.21	143.00	48740.12	NA	NA	1.20	0.01	3.66	1.22	0.01	2.44	1.23	0.01	1.22	1.29	0.01	-1.23	1.30	0.01	-2.47	1.29	0.01	-3.70
HTM	613389	3128MFBQ0	Agency MBS 15yr	G-2-Q	FREDDIE MAC	0.14681435	2	4/1/2032	25000000	 3,670,359 	 1,153,653.02 	3627708.8	3472634.95	98.838	94.6129572	 (155,073.85)	7/31/2026	Model2501	100	LMMSOFRFLAT	RFRSwap	4.72	2.54	2.09	-0.02	0.020	 728 	0.26	0.40	0.80	0.59	0.02	0.02	0.00	2.1	10.0	52.5	41	0.15	10.33	2.60	117.00	88731.45	NA	NA	1.90	0.02	5.89	1.99	0.02	3.94	2.04	0.02	1.98	2.16	0.02	-1.99	2.17	0.02	-3.99	2.15	0.02	-5.93
PUB_HTM	614613	3128MFPL6	Agency MBS 15yr	G-2-Q	FREDDIE MAC	0.04329546	3	6/1/2028	27906777	 1,208,237 	 1,500,387.51 	1210588.4	1196586.41	100.1946	99.0357568	 (14,002.00)	7/31/2026	Model2501	100	LMMSOFRFLAT	RFRSwap	4.42	2.51	0.61	0.00	0.006	 73 	0.55	0.06	0.00	0.01	0.00	0.00	0.00	0.6	24.2	35.8	38	0.04	15.65	3.59	103.00	36391.32	NA	NA	0.61	0.01	1.83	0.61	0.01	1.22	0.61	0.01	0.61	0.62	0.01	-0.61	0.63	0.01	-1.22	0.63	0.01	-1.83
PUB_HTM	614251	3128MFQ76	Agency MBS 15yr	G-2-Q	FREDDIE MAC	0.03787932	3.5	7/1/2028	20000000	 757,586 	 674,555.11 	762790.38	752243.2	100.6869	99.2947074	 (10,547.18)	7/31/2026	Model2501	100	LMMSOFRFLAT	RFRSwap	4.31	2.41	0.73	0.00	0.007	 55 	0.56	0.16	0.00	0.00	0.00	0.00	0.00	0.8	24.2	21.9	23	0.04	19.70	4.18	99.00	29952.05	NA	NA	0.71	0.01	2.19	0.73	0.01	1.46	0.73	0.01	0.73	0.74	0.01	-0.73	0.75	0.01	-1.46	0.76	0.01	-2.20
PUB_HTM	614191	3128MFS41	Agency MBS 15yr	G-2-Q	FREDDIE MAC	0.15196215	3	9/1/2033	20784640	 3,158,479 	 1,041,210.89 	3178932.21	3040961.22	100.6476	96.2793048	-137970.99	7/31/2026	Model2501	100	LMMSOFRFLAT	RFRSwap	4.78	2.66	2.15	-0.03	0.021	 657 	0.26	0.37	0.71	0.77	0.03	0.01	0.00	2.3	13.1	56.6	44	0.15	14.09	3.56	107.00	56750.54	NA	NA	1.89	0.02	6.13	2.03	0.02	4.12	2.09	0.02	2.07	2.24	0.02	-2.09	2.32	0.02	-4.22	2.34	0.02	-6.35
PUB_HTM	614090	3128MFT57	Agency MBS 15yr	G-2-Q	FREDDIE MAC	0.13856893	3	3/1/2033	16109568	 2,232,286 	 810,937.64 	2248719.54	2149338.87	100.7362	96.2842241	-99380.67	7/31/2026	Model2501	100	LMMSOFRFLAT	RFRSwap	4.79	2.61	2.15	-0.04	0.021	 463 	0.26	0.37	0.70	0.77	0.04	0.01	0.00	2.2	14.2	57.5	46	0.14	15.30	3.50	106.00	44216.26	NA	NA	1.85	0.02	6.05	1.99	0.02	4.08	2.07	0.02	2.06	2.24	0.02	-2.09	2.33	0.02	-4.23	2.36	0.02	-6.37
PUB_HTM	613036	3128MFVL9	Agency MBS 15yr	G-2-Q	FREDDIE MAC	0.16762678	3	1/1/2033	29998249	 5,028,510 	 1,515,146.26 	5063761.17	4841080.84	100.701	96.2726723	-222680.33	7/31/2026	Model2501	100	LMMSOFRFLAT	RFRSwap	4.75	2.64	2.19	-0.02	0.021	 1,064 	0.25	0.37	0.72	0.81	0.04	0.01	0.00	2.3	12.7	53.6	41	0.17	13.18	3.55	108.00	56759.01	NA	NA	1.94	0.02	6.25	2.07	0.02	4.20	2.13	0.02	2.11	2.27	0.02	-2.13	2.36	0.02	-4.29	2.38	0.02	-6.45
PUB_HTM	614773	3128MFVU9	Agency MBS 15yr	G-2-Q	FREDDIE MAC	0.12778386	3	3/1/2032	15000000	 1,916,758 	 994,806.81 	1927512.84	1858433.34	100.5611	96.9571244	-69079.5	7/31/2026	Model2501	100	LMMSOFRFLAT	RFRSwap	4.77	2.63	1.75	-0.02	0.017	 325 	0.31	0.44	0.71	0.27	0.01	0.01	0.00	1.8	13.8	57.7	48	0.13	14.21	3.56	122.00	43426.39	NA	NA	1.59	0.02	5.03	1.66	0.02	3.37	1.70	0.02	1.69	1.80	0.02	-1.71	1.86	0.02	-3.44	1.87	0.02	-5.18
AFS	613823	3128MJAK6	Agency MBS 30yr	G-2-Q	FREDDIE MAC	0.00708585	5	9/1/2034	192369	 1,363 	 438.92 	1381.83	1361.21	101.3746	99.8613726	-20.62	7/31/2026	Model2501	100	LMMSOFRFLAT	RFRSwap	5.03	4.46	2.60	0.06	0.026	 0 	0.22	0.31	0.65	1.25	0.17	0.00	0.00	3.0	9.0	82.0	63	0.01	17.22	5.51	265.00	72006.31	NA	NA	2.33	0.03	7.86	2.49	0.03	5.29	2.58	0.03	2.64	2.59	0.03	-2.57	2.58	0.02	-5.07	2.59	0.02	-7.50
AFS	613731	3128MJAQ3	Agency MBS 30yr	G-2-Q	FREDDIE MAC	0.00895352	5	10/1/2034	200000	 1,791 	 444.07 	1817.77	1787.13	101.5117	99.8006804	-30.64	7/31/2026	Model2501	100	LMMSOFRFLAT	RFRSwap	5.05	4.44	2.74	0.07	0.027	 0 	0.21	0.30	0.62	1.34	0.28	0.00	0.00	3.1	9.5	83.4	63	0.01	16.48	5.66	262.00	66992.26	NA	NA	2.43	0.03	8.27	2.62	0.03	5.56	2.71	0.03	2.77	2.73	0.03	-2.70	2.72	0.03	-5.32	2.73	0.03	-7.87
AFS	614734	3128MJQU7	Agency MBS 30yr	G-2-Q	FREDDIE MAC	0.05816401	3.5	11/1/2041	65052482	 3,783,713 	 603,304.09 	3808611.47	3523611.18	100.658	93.1257465	-285000.29	7/31/2026	Model2501	100	LMMSOFRFLAT	RFRSwap	5.03	3.36	4.58	-0.07	0.043	 1,619 	0.12	0.18	0.45	1.42	2.15	0.25	0.00	5.5	7.1	63.8	42	0.06	15.19	3.92	177.00	146584.13	NA	NA	2.07	0.02	11.18	3.58	0.04	8.18	4.24	0.04	4.23	4.85	0.04	-4.30	5.07	0.04	-8.62	5.10	0.04	-12.84
HTM	613421	3128MJRJ1	Agency MBS 30yr	G-2-Q	FREDDIE MAC	0.07638196	3.5	4/1/2042	87263188	 6,665,333 	 877,045.86 	6735207.71	6203988.01	101.0483	93.0784358	-531219.7	7/31/2026	Model2501	100	LMMSOFRFLAT	RFRSwap	5.02	3.28	4.67	-0.09	0.044	 2,905 	0.11	0.18	0.44	1.42	2.22	0.29	0.00	5.6	7.0	61.2	40	0.08	14.08	3.93	172.00	163524.72	NA	NA	2.16	0.02	11.41	3.65	0.04	8.32	4.31	0.04	4.30	4.95	0.04	-4.39	5.18	0.04	-8.79	5.21	0.04	-13.08
AFS	613902	3128MJT67	Agency MBS 30yr	G-2-Q	FREDDIE MAC	0.07635879	3.5	2/1/2044	39095182	 2,985,261 	 387,003.11 	2993648.46	2748293.13	100.281	92.0620783	-245355.33	7/31/2026	Model2501	100	LMMSOFRFLAT	RFRSwap	5.14	3.45	4.99	-0.09	0.046	 1,375 	0.10	0.16	0.41	1.34	2.41	0.54	0.01	6.1	7.2	67.8	48	0.08	16.59	4.20	151.00	156854.94	NA	NA	2.40	0.03	12.12	3.89	0.04	8.81	4.60	0.04	4.55	5.32	0.05	-4.64	5.65	0.05	-9.33	5.75	0.05	-13.95
AFS	614117	3128MJUA6	Agency MBS 30yr	G-2-Q	FREDDIE MAC	0.07875069	3.5	3/1/2044	23000000	 1,811,266 	 193,025.23 	1817255.29	1665543.34	100.3307	91.9546581	-151711.95	7/31/2026	Model2501	100	LMMSOFRFLAT	RFRSwap	5.16	3.44	5.00	-0.10	0.046	 836 	0.10	0.16	0.41	1.34	2.42	0.56	0.01	6.2	7.3	69.1	50	0.08	16.52	4.22	150.00	173188.58	NA	NA	2.35	0.02	12.06	3.87	0.04	8.79	4.60	0.04	4.55	5.36	0.05	-4.66	5.69	0.05	-9.37	5.80	0.05	-14.01
AFS	614202	3128MJV56	Agency MBS 30yr	G-2-Q	FREDDIE MAC	0.136477	3	4/1/2045	50205650	 6,851,917 	 759,372.35 	6848564.61	6052188.5	99.9511	88.3284043	-796376.1	7/31/2026	Model2501	100	LMMSOFRFLAT	RFRSwap	5.30	3.01	5.53	-0.11	0.049	 3,356 	0.09	0.13	0.36	1.36	2.73	0.83	0.03	6.6	6.9	79.8	63	0.14	14.01	3.71	136.00	191368.30	NA	NA	3.22	0.03	13.40	4.48	0.04	9.46	5.10	0.05	4.84	5.92	0.05	-4.93	6.20	0.05	-9.87	6.20	0.05	-14.61
AFS	613995	3128MJWA4	Agency MBS 30yr	G-2-Q	FREDDIE MAC	0.13957001	3	5/1/2045	225495498	 31,472,409 	 3,426,400.09 	31491676.18	27792090.84	100.0612	88.3062079	-3699585.32	7/31/2026	Model2501	100	LMMSOFRFLAT	RFRSwap	5.30	2.99	5.56	-0.11	0.049	 15,483 	0.08	0.13	0.36	1.36	2.74	0.85	0.03	6.6	6.9	78.9	62	0.14	13.96	3.71	136.00	192188.00	NA	NA	3.22	0.03	13.45	4.50	0.04	9.50	5.12	0.05	4.86	5.95	0.05	-4.95	6.23	0.05	-9.91	6.22	0.05	-14.67
AFS	613630	3128MJWJ5	Agency MBS 30yr	G-2-Q	FREDDIE MAC	0.14802857	3	6/1/2045	23000000	 3,404,657 	 360,780.90 	3413862.32	2981890.09	100.2704	87.5826845	-431972.22	7/31/2026	Model2501	100	LMMSOFRFLAT	RFRSwap	5.45	2.95	5.58	-0.10	0.049	 1,669 	0.08	0.13	0.36	1.36	2.75	0.87	0.03	6.7	6.9	93.8	77	0.15	13.62	3.71	134.00	197801.48	NA	NA	3.36	0.03	13.52	4.56	0.04	9.50	5.16	0.05	4.85	5.98	0.05	-4.93	6.26	0.05	-9.87	6.25	0.05	-14.60
AFS	614339	3128MJWU0	Agency MBS 30yr	G-2-Q	FREDDIE MAC	0.15532041	3	8/1/2045	25000000	 3,883,010 	 436,432.00 	3883010.25	3421798.23	100	88.1223074	-461212.02	7/31/2026	Model2501	100	LMMSOFRFLAT	RFRSwap	5.32	3.00	5.58	-0.10	0.049	 1,914 	0.08	0.13	0.36	1.35	2.75	0.88	0.03	6.7	6.9	81.2	64	0.16	13.51	3.80	133.00	189273.08	NA	NA	3.26	0.03	13.52	4.53	0.04	9.54	5.15	0.05	4.87	5.98	0.05	-4.96	6.28	0.05	-9.94	6.28	0.05	-14.73
PUB_HTM	613818	3128MJZB9	Agency MBS 30yr	G-2-Q	FREDDIE MAC	0.18450036	3	12/1/2046	5000000	 922,502 	 96,218.82 	917987.58	806785.2	99.5107	87.4562196	-111202.38	7/31/2026	Model2501	100	LMMSOFRFLAT	RFRSwap	5.35	3.08	5.93	-0.12	0.052	 480 	0.08	0.12	0.33	1.30	2.86	1.21	0.04	7.1	6.9	79.2	65	0.18	13.93	3.64	117.00	220749.50	NA	NA	3.45	0.04	14.19	4.74	0.05	10.01	5.43	0.05	5.13	6.38	0.05	-5.24	6.66	0.05	-10.47	6.66	0.05	-15.45
HTM	612887	3128MJZF0	Agency MBS 30yr	G-2-Q	FREDDIE MAC	0.19390895	3	1/1/2047	25000000	 4,847,724 	 509,182.68 	4809282.09	4238605.72	99.207	87.4349683	-570676.36	7/31/2026	Model2501	100	LMMSOFRFLAT	RFRSwap	5.35	3.13	5.94	-0.10	0.052	 2,526 	0.08	0.12	0.33	1.30	2.87	1.22	0.04	7.2	6.8	79.2	65	0.19	13.60	3.58	116.00	206699.59	NA	NA	3.49	0.04	14.26	4.77	0.05	10.05	5.45	0.05	5.15	6.37	0.05	-5.24	6.65	0.05	-10.46	6.64	0.05	-15.43
AFS	612165	3128MMQ55	Agency MBS 15yr	G-2-Q	FREDDIE MAC	0.03223553	2.5	8/1/2028	68821800	 2,218,507 	 1,982,293.60 	2220574.1	2180604.48	100.0932	98.2915213	-39969.62	7/31/2026	Model2501	100	LMMSOFRFLAT	RFRSwap	4.45	2.29	0.85	0.00	0.008	 186 	0.56	0.27	0.00	0.01	0.00	0.00	0.00	0.9	15.6	33.7	34	0.03	11.70	2.94	156.00	31087.80	NA	NA	0.83	0.01	2.51	0.84	0.01	1.68	0.84	0.01	0.84	0.86	0.01	-0.84	0.87	0.01	-1.68	0.86	0.01	-2.52
AFS	613251	3128MMQY2	Agency MBS 15yr	G-2-Q	FREDDIE MAC	0.02880696	2.5	6/1/2028	6544297	 188,521 	 174,539.14 	188685.61	185578.79	100.0872	98.4391596	-3106.83	7/31/2026	Model2501	100	LMMSOFRFLAT	RFRSwap	4.43	2.28	0.78	0.00	0.008	 15 	0.58	0.19	0.00	0.01	0.00	0.00	0.00	0.8	16.0	32.5	34	0.03	11.75	2.94	158.00	33078.12	NA	NA	0.76	0.01	2.31	0.77	0.01	1.54	0.77	0.01	0.77	0.79	0.01	-0.77	0.79	0.01	-1.55	0.79	0.01	-2.31
AFS	614642	3128MMR54	Agency MBS 15yr	G-2-Q	FREDDIE MAC	0.03085585	2.5	3/1/2029	6128209	 189,091 	 138,303.82 	189356.65	184395.64	100.1404	97.5168267	-4961.01	7/31/2026	Model2501	100	LMMSOFRFLAT	RFRSwap	4.79	2.29	1.09	-0.01	0.011	 20 	0.46	0.51	0.08	0.03	0.00	0.01	0.00	1.1	15.0	63.9	60	0.03	13.93	3.05	149.00	47489.98	NA	NA	1.04	0.01	3.17	1.06	0.01	2.12	1.07	0.01	1.06	1.11	0.01	-1.07	1.12	0.01	-2.14	1.11	0.01	-3.20
AFS	613939	3128MMR88	Agency MBS 15yr	G-2-Q	FREDDIE MAC	0.03288683	2.5	4/1/2029	37000000	 1,216,813 	 632,591.54 	1215203.21	1188563.26	99.8677	97.678406	-26639.95	7/31/2026	Model2501	100	LMMSOFRFLAT	RFRSwap	4.62	2.55	1.09	-0.01	0.011	 130 	0.46	0.52	0.08	0.02	0.00	0.01	0.00	1.1	14.6	47.6	43	0.03	14.18	3.07	148.00	54168.00	NA	NA	1.05	0.01	3.19	1.06	0.01	2.13	1.07	0.01	1.06	1.11	0.01	-1.07	1.12	0.01	-2.15	1.11	0.01	-3.21
AFS	614141	3128MMR96	Agency MBS 15yr	G-2-Q	FREDDIE MAC	0.03163922	2.5	5/1/2029	73452509	 2,323,980 	 1,463,643.02 	2327176.61	2268198.75	100.1375	97.5997494	-58977.87	7/31/2026	Model2501	100	LMMSOFRFLAT	RFRSwap	4.63	2.30	1.12	-0.01	0.011	 255 	0.45	0.53	0.11	0.03	0.00	0.01	0.00	1.1	14.5	48.3	44	0.03	14.80	3.22	147.00	56497.65	NA	NA	1.08	0.01	3.29	1.10	0.01	2.19	1.11	0.01	1.10	1.15	0.01	-1.10	1.16	0.01	-2.21	1.15	0.01	-3.31
AFS	613042	3128MMRD7	Agency MBS 15yr	G-2-Q	FREDDIE MAC	0.03201496	2.5	9/1/2028	9351949	 299,402 	 254,266.08 	299402.27	294286.58	100	98.291365	-5115.69	7/31/2026	Model2501	100	LMMSOFRFLAT	RFRSwap	4.45	2.40	0.85	0.00	0.008	 25 	0.56	0.28	0.00	0.01	0.00	0.00	0.00	0.9	15.2	33.4	33	0.03	11.86	2.96	156.00	30483.12	NA	NA	0.83	0.01	2.52	0.84	0.01	1.68	0.84	0.01	0.84	0.86	0.01	-0.84	0.87	0.01	-1.69	0.86	0.01	-2.52
AFS	614356	3128MMRQ8	Agency MBS 15yr	G-2-Q	FREDDIE MAC	0.03438548	2.5	1/1/2029	18656717	 641,520 	 451,140.55 	641520.17	629139.06	100	98.0700361	-12381.11	7/31/2026	Model2501	100	LMMSOFRFLAT	RFRSwap	4.49	2.41	0.95	-0.01	0.009	 60 	0.51	0.41	0.01	0.02	0.00	0.00	0.00	1.0	15.2	36.0	34	0.03	12.41	3.06	152.00	40732.64	NA	NA	0.92	0.01	2.80	0.93	0.01	1.87	0.94	0.01	0.93	0.97	0.01	-0.94	0.98	0.01	-1.88	0.97	0.01	-2.82
AFS	613320	3128MMRX3	Agency MBS 15yr	G-2-Q	FREDDIE MAC	0.03573514	2.5	2/1/2029	14000000	 500,292 	 344,849.66 	500291.96	489444.93	100	97.8318609	-10847.03	7/31/2026	Model2501	100	LMMSOFRFLAT	RFRSwap	4.60	2.42	1.02	-0.01	0.010	 50 	0.49	0.47	0.04	0.02	0.00	0.00	0.00	1.0	15.0	46.4	43	0.04	12.15	3.10	151.00	53442.95	NA	NA	0.99	0.01	3.00	1.00	0.01	2.00	1.01	0.01	1.00	1.04	0.01	-1.01	1.05	0.01	-2.02	1.04	0.01	-3.02
AFS	613184	3128MMS20	Agency MBS 15yr	G-2-Q	FREDDIE MAC	0.05098427	2.5	1/1/2030	265448168	 13,533,681 	 7,119,184.35 	13653473.48	13134384.17	100.8851	97.0496061	-519089.31	7/31/2026	Model2501	100	LMMSOFRFLAT	RFRSwap	4.69	1.79	1.36	-0.01	0.013	 1,790 	0.39	0.53	0.40	0.04	0.00	0.01	0.00	1.4	13.1	52.8	45	0.05	13.57	3.18	139.00	53929.73	NA	NA	1.29	0.01	3.95	1.32	0.01	2.64	1.34	0.01	1.32	1.39	0.01	-1.33	1.41	0.01	-2.67	1.40	0.01	-3.99
AFS	613934	3128MMS61	Agency MBS 15yr	G-2-Q	FREDDIE MAC	0.0517052	2.5	2/1/2030	875288044	 45,256,943 	 22,965,801.12 	45644217.12	43886574.17	100.8557	96.9720244	-1757642.96	7/31/2026	Model2501	100	LMMSOFRFLAT	RFRSwap	4.70	1.83	1.39	-0.01	0.014	 6,127 	0.38	0.52	0.44	0.05	0.00	0.01	0.00	1.4	13.1	53.5	46	0.05	13.71	3.14	138.00	60083.12	NA	NA	1.32	0.01	4.04	1.35	0.01	2.70	1.37	0.01	1.35	1.43	0.01	-1.36	1.45	0.01	-2.73	1.44	0.01	-4.08
AFS	613900	3128MMSD6	Agency MBS 15yr	G-2-Q	FREDDIE MAC	0.03937512	2.5	6/1/2029	145984369	 5,748,152 	 3,553,846.43 	5757341.55	5605768.38	100.1599	97.5229663	-151573.17	7/31/2026	Model2501	100	LMMSOFRFLAT	RFRSwap	4.64	2.29	1.16	-0.01	0.011	 649 	0.44	0.54	0.14	0.03	0.00	0.01	0.00	1.2	14.5	49.3	44	0.04	13.53	3.18	146.00	48676.53	NA	NA	1.11	0.01	3.37	1.13	0.01	2.25	1.14	0.01	1.13	1.18	0.01	-1.13	1.20	0.01	-2.28	1.19	0.01	-3.41
AFS	613990	3128MMSF1	Agency MBS 15yr	G-2-Q	FREDDIE MAC	0.03772612	2.5	7/1/2029	276056904	 10,414,556 	 6,028,188.00 	10444311.67	10148568.92	100.2857	97.4460076	-295742.74	7/31/2026	Model2501	100	LMMSOFRFLAT	RFRSwap	4.65	2.19	1.19	-0.01	0.012	 1,209 	0.43	0.55	0.18	0.03	0.00	0.01	0.00	1.2	14.5	50.1	45	0.04	14.12	3.15	145.00	50849.66	NA	NA	1.14	0.01	3.46	1.16	0.01	2.31	1.17	0.01	1.16	1.21	0.01	-1.17	1.23	0.01	-2.34	1.22	0.01	-3.50
AFS	613018	3128MMSJ3	Agency MBS 15yr	G-2-Q	FREDDIE MAC	0.03887727	2.5	8/1/2029	327315707	 12,725,141 	 7,360,636.66 	12749255.42	12400144.7	100.1895	97.446029	-349110.72	7/31/2026	Model2501	100	LMMSOFRFLAT	RFRSwap	4.65	2.27	1.19	-0.01	0.012	 1,480 	0.43	0.55	0.18	0.03	0.00	0.01	0.00	1.2	14.1	49.6	44	0.04	14.18	3.15	144.00	48758.62	NA	NA	1.14	0.01	3.47	1.16	0.01	2.32	1.17	0.01	1.16	1.22	0.01	-1.17	1.23	0.01	-2.34	1.22	0.01	-3.51
PUB_HTM	613793	3128MMT37	Agency MBS 15yr	G-2-Q	FREDDIE MAC	0.06578131	3	9/1/2030	106175001	 6,984,331 	 2,945,209.67 	7023626.25	6801601.69	100.5626	97.3837297	-222024.57	7/31/2026	Model2501	100	LMMSOFRFLAT	RFRSwap	4.66	2.58	1.57	-0.01	0.015	 1,069 	0.34	0.48	0.63	0.11	0.00	0.01	0.00	1.6	12.5	48.9	39	0.07	13.77	3.50	131.00	67898.26	NA	NA	1.45	0.01	4.57	1.52	0.02	3.06	1.54	0.02	1.53	1.61	0.02	-1.54	1.64	0.02	-3.09	1.64	0.02	-4.63
PUB_AFS	614854	3128MMT60	Agency MBS 15yr	G-2-Q	FREDDIE MAC	0.06756512	3	10/1/2030	75421514	 5,095,864 	 2,110,802.73 	5118282.16	4957918.3	100.4399	97.2929938	-160363.86	7/31/2026	Model2501	100	LMMSOFRFLAT	RFRSwap	4.69	2.67	1.60	-0.01	0.016	 795 	0.33	0.47	0.65	0.13	0.00	0.01	0.00	1.7	12.4	51.4	42	0.07	13.83	3.56	130.00	66235.14	NA	NA	1.48	0.02	4.66	1.55	0.02	3.12	1.57	0.02	1.56	1.64	0.02	-1.57	1.68	0.02	-3.15	1.68	0.02	-4.72
PUB_HTM	613509	3128MMT94	Agency MBS 15yr	G-2-Q	FREDDIE MAC	0.06977815	3	11/1/2030	9642882	 672,862 	 280,199.17 	675881.72	654303.61	100.4487	97.2418052	-21578.11	7/31/2026	Model2501	100	LMMSOFRFLAT	RFRSwap	4.69	2.67	1.63	-0.01	0.016	 107 	0.33	0.47	0.67	0.15	0.00	0.01	0.00	1.7	12.1	51.1	41	0.07	13.79	3.48	129.00	69140.05	NA	NA	1.50	0.02	4.75	1.58	0.02	3.18	1.61	0.02	1.59	1.68	0.02	-1.60	1.71	0.02	-3.21	1.71	0.02	-4.82
AFS	614727	3128MMTF0	Agency MBS 15yr	G-2-Q	FREDDIE MAC	0.0662159	2.5	4/1/2030	100517432	 6,655,852 	 3,112,926.81 	6694904.89	6449388.65	100.5867	96.8980145	-245516.24	7/31/2026	Model2501	100	LMMSOFRFLAT	RFRSwap	4.65	2.04	1.46	-0.01	0.014	 946 	0.36	0.51	0.52	0.07	0.00	0.01	0.00	1.5	12.4	48.0	40	0.07	12.28	3.03	136.00	66090.77	NA	NA	1.38	0.01	4.24	1.42	0.01	2.83	1.44	0.01	1.42	1.50	0.01	-1.43	1.52	0.01	-2.87	1.51	0.01	-4.28
AFS	614714	3128MMTK9	Agency MBS 15yr	G-2-Q	FREDDIE MAC	0.06802026	2.5	5/1/2030	252000000	 17,141,106 	 7,821,723.84 	17239544.84	16582133.67	100.5743	96.7389977	-657411.16	7/31/2026	Model2501	100	LMMSOFRFLAT	RFRSwap	4.72	2.06	1.49	-0.01	0.014	 2,484 	0.36	0.50	0.55	0.08	0.00	0.01	0.00	1.5	12.5	54.9	46	0.07	12.34	3.06	135.00	63889.86	NA	NA	1.41	0.01	4.32	1.44	0.01	2.89	1.46	0.01	1.44	1.53	0.01	-1.46	1.55	0.01	-2.92	1.54	0.01	-4.37
AFS	612173	3128MMTN3	Agency MBS 15yr	G-2-Q	FREDDIE MAC	0.07237071	2.5	6/1/2030	210322268	 15,221,172 	 6,958,843.04 	15278118.41	14724944.92	100.3741	96.73989	-553173.49	7/31/2026	Model2501	100	LMMSOFRFLAT	RFRSwap	4.72	2.20	1.50	-0.01	0.015	 2,211 	0.36	0.50	0.55	0.08	0.00	0.01	0.00	1.5	12.2	54.2	46	0.07	12.08	3.01	134.00	62670.70	NA	NA	1.41	0.01	4.34	1.45	0.01	2.89	1.47	0.01	1.45	1.53	0.01	-1.46	1.56	0.01	-2.93	1.55	0.01	-4.37
AFS	613097	3128MMTS2	Agency MBS 15yr	G-2-Q	FREDDIE MAC	0.07247341	2.5	7/1/2030	50000000	 3,623,671 	 1,652,314.36 	3629268.17	3502669.83	100.1545	96.6608259	-126598.34	7/31/2026	Model2501	100	LMMSOFRFLAT	RFRSwap	4.72	2.35	1.53	-0.01	0.015	 537 	0.35	0.49	0.58	0.09	0.00	0.01	0.00	1.6	12.1	54.9	46	0.07	12.33	3.05	133.00	64498.13	NA	NA	1.44	0.01	4.43	1.48	0.01	2.95	1.50	0.01	1.48	1.57	0.01	-1.49	1.59	0.01	-2.99	1.58	0.01	-4.47
AFS	613645	3128MMTW3	Agency MBS 15yr	G-2-Q	FREDDIE MAC	0.07679763	2.5	8/1/2030	25000000	 1,919,941 	 839,096.42 	1924546.55	1854312.99	100.2399	96.581782	-70233.56	7/31/2026	Model2501	100	LMMSOFRFLAT	RFRSwap	4.74	2.29	1.56	-0.01	0.015	 290 	0.34	0.49	0.61	0.11	0.00	0.01	0.00	1.6	12.2	56.0	47	0.08	12.13	3.09	132.00	68507.51	NA	NA	1.46	0.01	4.51	1.51	0.02	3.01	1.53	0.02	1.51	1.60	0.02	-1.52	1.63	0.02	-3.05	1.62	0.01	-4.56
AFS	613716	3128MMUB7	Agency MBS 15yr	G-2-Q	FREDDIE MAC	0.08641189	2.5	12/1/2030	2026036	 175,074 	 71,855.37 	176550.79	168542.95	100.8438	96.269767	-8007.84	7/31/2026	Model2501	100	LMMSOFRFLAT	RFRSwap	4.77	1.95	1.69	-0.01	0.016	 29 	0.32	0.46	0.70	0.19	0.01	0.01	0.00	1.7	11.8	58.6	49	0.09	12.10	3.02	128.00	72224.47	NA	NA	1.56	0.02	4.85	1.62	0.02	3.24	1.65	0.02	1.62	1.74	0.02	-1.64	1.77	0.02	-3.29	1.76	0.02	-4.92
AFS	613908	3128MMUF8	Agency MBS 15yr	G-2-Q	FREDDIE MAC	0.08379786	2.5	1/1/2031	50000000	 4,189,893 	 1,735,718.64 	4197113.35	4029836.65	100.1723	96.1799419	-167276.7	7/31/2026	Model2501	100	LMMSOFRFLAT	RFRSwap	4.78	2.35	1.72	-0.01	0.017	 695 	0.31	0.45	0.72	0.22	0.01	0.01	0.00	1.8	11.7	59.7	50	0.08	12.61	3.07	127.00	70226.63	NA	NA	1.59	0.02	4.95	1.66	0.02	3.31	1.68	0.02	1.65	1.77	0.02	-1.67	1.80	0.02	-3.35	1.79	0.02	-5.01
PUB_HTM	613179	3128MMUG6	Agency MBS 15yr	G-2-Q	FREDDIE MAC	0.07241293	3	1/1/2031	40000000	 2,896,517 	 1,126,170.99 	2913633.49	2811309.76	100.5909	97.0582795	-102323.73	7/31/2026	Model2501	100	LMMSOFRFLAT	RFRSwap	4.74	2.60	1.70	-0.01	0.017	 478 	0.32	0.45	0.71	0.20	0.00	0.01	0.00	1.8	11.9	56.0	46	0.07	13.99	3.52	127.00	71420.66	NA	NA	1.54	0.02	4.92	1.63	0.02	3.30	1.67	0.02	1.65	1.74	0.02	-1.66	1.78	0.02	-3.33	1.79	0.02	-5.00
PUB_HTM	613922	3128MMUH4	Agency MBS 15yr	G-2-Q	FREDDIE MAC	0.06580928	3.5	1/1/2031	3000000	 197,428 	 78,124.14 	200451.62	193603.03	101.5316	98.0626817	-6848.59	7/31/2026	Model2501	100	LMMSOFRFLAT	RFRSwap	4.61	2.55	1.69	-0.01	0.017	 33 	0.32	0.45	0.71	0.21	0.00	0.00	0.00	1.8	12.7	43.5	33	0.07	14.89	4.14	127.00	75159.55	NA	NA	1.50	0.02	4.92	1.61	0.02	3.32	1.66	0.02	1.66	1.74	0.02	-1.67	1.79	0.02	-3.36	1.81	0.02	-5.06
AFS	613062	3128MMUL5	Agency MBS 15yr	G-2-Q	FREDDIE MAC	0.0829526	2.5	2/1/2031	81000000	 6,719,161 	 2,858,398.27 	6774636.44	6462407.3	100.8256	96.178789	-312229.14	7/31/2026	Model2501	100	LMMSOFRFLAT	RFRSwap	4.78	1.97	1.72	-0.01	0.017	 1,117 	0.31	0.45	0.72	0.22	0.01	0.01	0.00	1.8	11.6	59.4	49	0.08	12.96	3.11	127.00	74604.13	NA	NA	1.59	0.02	4.95	1.66	0.02	3.31	1.69	0.02	1.66	1.77	0.02	-1.67	1.81	0.02	-3.35	1.80	0.02	-5.02
PUB_AFS	614397	3128MMUM3	Agency MBS 15yr	G-2-Q	FREDDIE MAC	0.07635439	3	2/1/2031	12237170	 934,362 	 355,562.65 	939923.05	906280.21	100.5952	96.9945857	-33642.84	7/31/2026	Model2501	100	LMMSOFRFLAT	RFRSwap	4.76	2.60	1.72	-0.01	0.017	 157 	0.31	0.45	0.72	0.23	0.00	0.01	0.00	1.8	12.0	57.1	47	0.08	13.82	3.57	126.00	75431.16	NA	NA	1.56	0.02	4.99	1.66	0.02	3.35	1.69	0.02	1.67	1.77	0.02	-1.68	1.82	0.02	-3.39	1.82	0.02	-5.08
AFS	613254	3128MMUQ4	Agency MBS 15yr	G-2-Q	FREDDIE MAC	0.08196779	2.5	3/1/2031	50000000	 4,098,390 	 1,587,272.98 	4133680.36	3935309.61	100.8611	96.0208787	-198370.76	7/31/2026	Model2501	100	LMMSOFRFLAT	RFRSwap	4.80	1.97	1.79	-0.01	0.017	 705 	0.30	0.44	0.75	0.27	0.01	0.01	0.00	1.8	11.4	60.6	50	0.08	13.30	3.12	125.00	78743.54	NA	NA	1.64	0.02	5.12	1.72	0.02	3.43	1.75	0.02	1.72	1.84	0.02	-1.73	1.88	0.02	-3.48	1.87	0.02	-5.20
HTM	614476	3128MMV42	Agency MBS 15yr	G-2-Q	FREDDIE MAC	0.14774607	2	3/1/2032	25000000	 3,693,652 	 1,340,800.49 	3641696.77	3488978.24	98.5934	94.4587762	-152718.53	7/31/2026	Model2501	100	LMMSOFRFLAT	RFRSwap	4.79	2.66	2.11	-0.02	0.020	 738 	0.26	0.39	0.79	0.63	0.02	0.02	0.00	2.2	10.4	58.4	47	0.15	10.29	2.61	115.00	91626.09	NA	NA	1.91	0.02	5.92	2.00	0.02	3.97	2.05	0.02	1.99	2.18	0.02	-2.01	2.20	0.02	-4.02	2.17	0.02	-5.97
AFS	614229	3128MMVL4	Agency MBS 15yr	G-2-Q	FREDDIE MAC	0.1356151	2	11/1/2031	106646762	 14,462,911 	 4,605,496.40 	14476727.2	13710537.6	100.0955	94.7979098	-766189.6	7/31/2026	Model2501	100	LMMSOFRFLAT	RFRSwap	4.71	1.92	2.03	-0.02	0.019	 2,784 	0.27	0.41	0.81	0.51	0.01	0.02	0.00	2.1	10.1	51.1	39	0.14	10.29	2.59	118.00	74056.24	NA	NA	1.86	0.02	5.72	1.93	0.02	3.83	1.97	0.02	1.92	2.09	0.02	-1.93	2.10	0.02	-3.87	2.08	0.02	-5.76
HTM	614327	3128MMVL4	Agency MBS 15yr	G-2-Q	FREDDIE MAC	0.1356151	2	11/1/2031	25669926	 3,481,230 	 1,089,434.56 	3434576.81	3300132.88	98.6599	94.7979098	-134443.94	7/31/2026	Model2501	100	LMMSOFRFLAT	RFRSwap	4.71	2.65	2.03	-0.02	0.019	 670 	0.27	0.41	0.81	0.51	0.01	0.02	0.00	2.1	10.1	51.1	39	0.14	10.29	2.59	118.00	74056.24	NA	NA	1.86	0.02	5.72	1.93	0.02	3.83	1.97	0.02	1.92	2.09	0.02	-1.93	2.10	0.02	-3.87	2.08	0.02	-5.76
HTM	613967	3128MMVW0	Agency MBS 15yr	G-2-Q	FREDDIE MAC	0.13436193	2	12/1/2031	45734889	 6,145,028 	 2,019,041.21 	6082911.32	5815478.66	98.9892	94.6371392	-267432.66	7/31/2026	Model2501	100	LMMSOFRFLAT	RFRSwap	4.72	2.47	2.09	-0.02	0.020	 1,216 	0.26	0.40	0.80	0.59	0.02	0.02	0.00	2.1	10.1	51.8	40	0.13	10.60	2.59	117.00	78996.48	NA	NA	1.91	0.02	5.88	1.98	0.02	3.93	2.03	0.02	1.97	2.15	0.02	-1.99	2.17	0.02	-3.98	2.15	0.02	-5.92
HTM	613075	3128MMVX8	Agency MBS 15yr	G-2-Q	FREDDIE MAC	0.14883165	2	1/1/2032	251282555	 37,398,797 	 11,067,056.61 	36967527.11	35337418.65	98.8468	94.4881152	-1630108.46	7/31/2026	Model2501	100	LMMSOFRFLAT	RFRSwap	4.75	2.53	2.13	-0.02	0.020	 7,528 	0.26	0.40	0.80	0.64	0.02	0.02	0.00	2.2	9.9	54.9	43	0.15	9.86	2.59	116.00	86572.46	NA	NA	1.92	0.02	5.97	2.02	0.02	4.00	2.07	0.02	2.00	2.19	0.02	-2.02	2.21	0.02	-4.05	2.19	0.02	-6.02
HTM	614269	3128MMVY6	Agency MBS 15yr	G-2-Q	FREDDIE MAC	0.15639607	2	2/1/2032	20000000	 3,127,921 	 947,246.82 	3089631.16	2949006.61	98.7759	94.280074	-140624.55	7/31/2026	Model2501	100	LMMSOFRFLAT	RFRSwap	4.81	2.56	2.17	-0.02	0.020	 641 	0.25	0.39	0.80	0.69	0.02	0.02	0.00	2.2	9.6	60.2	48	0.16	9.61	2.59	116.00	99888.91	NA	NA	1.96	0.02	6.07	2.05	0.02	4.07	2.11	0.02	2.04	2.23	0.02	-2.06	2.25	0.02	-4.11	2.22	0.02	-6.11
HTM	613892	3128MMW74	Agency MBS 15yr	G-2-Q	FREDDIE MAC	0.12705269	2.5	12/1/2032	124662894	 15,838,756 	 4,510,884.43 	15838756.03	15054170.97	100	95.0464225	-784585.05	7/31/2026	Model2501	100	LMMSOFRFLAT	RFRSwap	4.72	2.47	2.35	-0.03	0.022	 3,542 	0.23	0.36	0.74	0.95	0.05	0.02	0.00	2.4	10.3	50.1	37	0.13	14.13	3.09	106.00	110682.69	NA	NA	1.94	0.02	6.52	2.18	0.02	4.42	2.27	0.02	2.22	2.44	0.02	-2.25	2.50	0.02	-4.53	2.48	0.02	-6.76
HTM	613946	3128MMXA6	Agency MBS 15yr	G-2-Q	FREDDIE MAC	0.1324862	2.5	1/1/2033	104879788	 13,895,125 	 3,636,116.18 	13895124.57	13127254.32	100	94.4738153	-767870.25	7/31/2026	Model2501	100	LMMSOFRFLAT	RFRSwap	4.92	2.47	2.42	-0.03	0.023	 3,178 	0.23	0.35	0.73	1.02	0.07	0.02	0.00	2.5	10.1	70.1	57	0.13	13.96	3.12	104.00	109286.12	NA	NA	2.01	0.02	6.68	2.24	0.02	4.52	2.33	0.02	2.27	2.51	0.02	-2.31	2.57	0.02	-4.63	2.55	0.02	-6.91
PUB_HTM	614673	3128MMXF5	Agency MBS 15yr	G-2-Q	FREDDIE MAC	0.10706664	3	2/1/2033	9634000	 1,031,480 	 292,048.82 	1037280.35	991565.16	100.5623	96.1303324	-45715.19	7/31/2026	Model2501	100	LMMSOFRFLAT	RFRSwap	4.67	2.73	2.38	-0.02	0.023	 237 	0.23	0.35	0.72	1.01	0.07	0.01	0.00	2.5	10.4	45.1	31	0.11	16.49	3.55	103.00	108704.95	NA	NA	1.85	0.02	6.62	2.18	0.02	4.54	2.31	0.02	2.29	2.47	0.02	-2.31	2.56	0.02	-4.65	2.56	0.02	-6.97
PUB_HTM	613382	3128MMXK4	Agency MBS 15yr	G-2-Q	FREDDIE MAC	0.10331371	3	3/1/2033	17000000	 1,756,333 	 519,787.81 	1768902.33	1688381.11	100.7157	96.1310324	-80521.22	7/31/2026	Model2501	100	LMMSOFRFLAT	RFRSwap	4.67	2.67	2.38	-0.02	0.023	 403 	0.23	0.35	0.72	1.01	0.07	0.01	0.00	2.5	10.4	45.2	31	0.10	17.10	3.52	102.00	113523.82	NA	NA	1.81	0.02	6.59	2.17	0.02	4.53	2.30	0.02	2.29	2.48	0.02	-2.31	2.56	0.02	-4.66	2.56	0.02	-6.98
PUB_HTM	613887	3128MMXZ1	Agency MBS 15yr	G-2-Q	FREDDIE MAC	0.07912889	3	7/1/2033	23922866	 1,892,990 	 528,374.90 	1906880.49	1817465.05	100.7338	96.0102911	-89415.44	7/31/2026	Model2501	100	LMMSOFRFLAT	RFRSwap	4.69	2.67	2.43	-0.04	0.023	 443 	0.23	0.34	0.70	1.07	0.09	0.01	0.00	2.6	11.0	46.5	32	0.08	20.93	3.79	98.00	115942.23	NA	NA	1.72	0.02	6.59	2.16	0.02	4.58	2.34	0.02	2.33	2.54	0.02	-2.36	2.65	0.02	-4.77	2.66	0.02	-7.17
AFS	612174	3128NH7K3	Agency MBS ARM	G-2-Q	FREDDIE MAC	0.01354975	5.82	12/1/2036	12415753	 168,230 	 11,637.97 	172638.91	171043.42	102.6206	101.6721512	-1595.5	7/31/2026	Model2501	100	LMMSOFRFLAT	RFRSwap	5.68	5.39	0.47	0.04	0.005	 8 	-0.16	0.05	0.15	0.18	0.22	-0.02	-0.01	3.9	11.6	138.1	124	0.01	18.54	6.63	235.00	87547.41	#SPILL!	#SPILL!	1.22	0.01	1.94	0.60	0.01	1.01	0.48	0.00	0.49	0.60	0.01	-0.50	1.14	0.01	-1.37	1.47	0.01	-2.71
AFS	613417	3128NJBS7	Agency MBS ARM	G-2-Q	FREDDIE MAC	0.02114362	6.635	8/1/2038	15244648	 322,327 	 17,656.72 	331972.31	332127.17	102.9924	103.0404286	154.86	7/31/2026	Model2501	100	LMMSOFRFLAT	RFRSwap	5.77	5.79	0.93	-0.25	0.010	 31 	0.39	0.19	0.27	0.17	0.06	-0.12	-0.03	4.1	11.6	136.0	135	0.02	17.96	7.00	214.00	266881.63	ROCKET MORTGAGE, LLC	100.00	1.29	0.01	2.80	0.87	0.01	1.65	0.74	0.01	0.84	1.32	0.01	-1.13	1.96	0.02	-2.78	2.64	0.03	-5.10
AFS	614161	3128NKFV3	Agency MBS ARM	G-2-Q	FREDDIE MAC	0.01121806	5.064	9/1/2037	50029585	 561,235 	 32,695.74 	567181.12	554577.08	101.0595	98.8137212	-12604.05	7/31/2026	Model2501	100	LMMSOFRFLAT	RFRSwap	5.50	4.68	0.26	0.01	0.003	 15 	-0.30	0.05	0.09	0.17	0.20	0.01	0.00	3.3	18.6	120.4	107	0.01	19.95	7.26	225.00	195783.28	#SPILL!	#SPILL!	1.24	0.01	1.67	0.61	0.01	0.59	0.28	0.00	0.27	0.26	0.00	-0.26	0.73	0.01	-0.60	1.21	0.01	-1.65
AFS	613301	3128NKJJ6	Agency MBS ARM	G-2-Q	FREDDIE MAC	0.01346626	5.86	11/1/2037	18169303	 244,673 	 15,837.82 	251971.44	247456.95	102.9831	101.1380055	-4514.49	7/31/2026	Model2501	100	LMMSOFRFLAT	RFRSwap	5.47	4.91	0.99	-0.11	0.010	 25 	0.42	0.11	0.14	0.18	0.18	-0.05	-0.01	3.8	13.0	115.5	110	0.01	19.17	7.00	227.00	244672.56	ROCKET MORTGAGE, LLC	100.00	1.32	0.01	3.11	0.99	0.01	1.92	0.92	0.01	0.96	1.19	0.01	-1.08	1.57	0.02	-2.45	1.95	0.02	-4.18
AFS	612644	3128NUBW3	Agency MBS ARM	G-2-Q	FREDDIE MAC	0.00449421	6.058	10/1/2036	19659784	 88,355 	 49,404.65 	91037.82	90642.7	103.0362	102.5889831	-395.13	7/31/2026	Model2501	100	LMMSOFRFLAT	RFRSwap	5.67	5.54	0.25	-0.10	0.003	 2 	0.01	0.05	0.11	0.07	0.02	-0.08	-0.02	3.9	10.4	132.8	101	0.00	22.33	6.67	237.00	188128.81	WELLS FARGO BANK, NATIONAL ASSOCIATION	100.00	0.92	0.01	1.21	0.37	0.00	0.42	0.18	0.00	0.21	0.37	0.00	-0.31	1.28	0.01	-0.96	2.07	0.02	-2.73
PUB_HTM	613144	3128P8B67	Agency MBS 20yr	G-2-Q	FREDDIE MAC	0.12331201	3	1/1/2036	14000000	 1,726,368 	 329,203.17 	1725750.43	1623863.13	99.9642	94.06239	-101887.3	7/31/2026	Model2501	100	LMMSOFRFLAT	RFRSwap	4.93	2.99	3.20	0.00	0.030	 520 	0.17	0.26	0.59	1.57	0.58	0.01	0.00	3.5	9.3	67.0	48	0.12	13.50	3.77	128.00	106505.73	NA	NA	2.49	0.03	8.84	2.95	0.03	6.03	3.11	0.03	3.02	3.33	0.03	-3.02	3.45	0.03	-6.07	3.44	0.03	-9.06
PUB_HTM	613806	3128P8B91	Agency MBS 20yr	G-2-Q	FREDDIE MAC	0.13076656	3	2/1/2036	10000000	 1,307,666 	 258,850.91 	1307201.01	1228749.96	99.9645	93.9651514	-78451.05	7/31/2026	Model2501	100	LMMSOFRFLAT	RFRSwap	4.94	2.99	3.25	0.00	0.031	 400 	0.17	0.26	0.59	1.58	0.63	0.01	0.00	3.6	9.3	67.0	48	0.13	13.19	3.80	127.00	112092.79	NA	NA	2.53	0.03	8.97	3.00	0.03	6.12	3.16	0.03	3.07	3.39	0.03	-3.07	3.51	0.03	-6.17	3.51	0.03	-9.21
PUB_HTM	612171	3128PXT71	Agency MBS 15yr	G-2-Q	FREDDIE MAC	0.00233265	3	1/1/2027	30500000	 71,146 	 288,423.20 	71170.84	70910.14	100.0352	99.6687305	-260.7	7/31/2026	Model2501	100	LMMSOFRFLAT	RFRSwap	4.14	2.23	0.19	0.00	0.002	 1 	0.19	0.00	0.00	0.00	0.00	0.00	0.00	0.2	31.3	26.0	27	0.00	17.14	3.52	175.00	NA	NA	NA	0.20	0.00	0.59	0.20	0.00	0.39	0.19	0.00	0.19	0.19	0.00	-0.19	0.19	0.00	-0.39	0.19	0.00	-0.58
AFS	614679	3128Q02X4	Agency MBS 15yr	G-2-Q	FREDDIE MAC	0.00730457	2.5	7/1/2027	2695049	 19,686 	 72,626.69 	19695.43	19509.17	100.047	99.1008744	-186.26	7/31/2026	Model2501	100	LMMSOFRFLAT	RFRSwap	4.63	2.14	0.39	0.00	0.004	 1 	0.38	0.00	0.00	0.00	0.00	0.00	0.00	0.4	20.3	65.1	65	0.01	15.37	3.19	170.00	11574.50	NA	NA	0.38	0.00	1.15	0.38	0.00	0.77	0.38	0.00	0.38	0.39	0.00	-0.38	0.39	0.00	-0.77	0.38	0.00	-1.14
AFS	612666	3128QJLN4	Agency MBS ARM	G-2-Q	FREDDIE MAC	0.00513974	6.589	10/1/2036	31500000	 161,902 	 38,565.12 	167275.3	166106.61	103.319	102.5971278	-1168.69	7/31/2026	Model2501	100	LMMSOFRFLAT	RFRSwap	5.75	5.53	1.05	-0.08	0.011	 17 	0.39	0.16	0.21	0.21	0.14	-0.05	-0.01	3.8	11.8	143.5	137	0.01	21.29	6.93	238.00	109166.79	#SPILL!	#SPILL!	1.33	0.01	3.35	1.05	0.01	2.09	0.98	0.01	1.05	1.22	0.01	-1.14	1.58	0.02	-2.55	2.02	0.02	-4.35
AFS	613093	3128QJT63	Agency MBS ARM	G-2-Q	FREDDIE MAC	0.00564079	5.875	1/1/2037	23052995	 130,037 	 8,397.61 	132705.29	132834.91	102.0519	102.1515466	129.63	7/31/2026	Model2501	100	LMMSOFRFLAT	RFRSwap	5.75	5.78	0.58	-0.05	0.006	 8 	-0.06	0.02	0.14	0.17	0.28	-0.02	-0.01	4.2	9.6	143.7	130	0.01	21.46	6.50	234.00	130037.10	NEW RESIDENTIAL MORTGAGE LLC	100.00	1.11	0.01	2.03	0.63	0.01	1.16	0.55	0.01	0.57	0.81	0.01	-0.67	1.38	0.01	-1.78	1.82	0.02	-3.39
AFS	613322	3128QJXK7	Agency MBS ARM	G-2-Q	FREDDIE MAC	0.0054991	5.756	3/1/2037	62937127	 346,098 	 25,213.47 	355097.13	354466.11	102.6003	102.4179743	-631.03	7/31/2026	Model2501	100	LMMSOFRFLAT	RFRSwap	5.63	5.58	0.74	-0.09	0.008	 26 	0.12	-0.04	0.10	0.12	0.36	-0.01	-0.01	4.3	9.6	131.3	117	0.01	21.71	6.48	232.00	91905.52	#SPILL!	#SPILL!	1.25	0.01	2.51	0.79	0.01	1.49	0.70	0.01	0.73	1.06	0.01	-0.88	1.56	0.02	-2.22	2.00	0.02	-4.00
AFS	612667	3128QLSA0	Agency MBS ARM	G-2-Q	FREDDIE MAC	0.00434984	5.851	5/1/2036	21352480	 92,880 	 7,134.57 	95509.81	95429.45	102.8315	102.7450242	-80.36	7/31/2026	Model2501	100	LMMSOFRFLAT	RFRSwap	5.72	5.69	0.91	-0.18	0.009	 9 	0.62	0.04	0.11	0.11	0.08	-0.04	-0.01	4.2	8.0	140.0	104	0.00	21.94	6.35	241.00	166000.11	WELLS FARGO BANK, NATIONAL ASSOCIATION	100.00	1.05	0.01	2.78	0.89	0.01	1.80	0.84	0.01	0.90	1.22	0.01	-1.07	1.70	0.02	-2.55	2.19	0.02	-4.48
AFS	613463	3128QUA68	Agency MBS ARM	G-2-Q	FREDDIE MAC	0.00876824	5.48	5/1/2037	10194731	 89,390 	 5,428.30 	91346.27	90317.61	102.1886	101.0378866	-1028.66	7/31/2026	Model2501	100	LMMSOFRFLAT	RFRSwap	5.63	5.26	0.86	-0.15	0.009	 8 	0.32	-0.01	0.14	0.15	0.21	-0.05	-0.01	3.6	13.8	131.7	122	0.01	20.00	6.38	230.00	203376.97	ROCKET MORTGAGE, LLC	100.00	1.12	0.01	2.59	0.81	0.01	1.63	0.78	0.01	0.82	1.20	0.01	-1.01	1.64	0.02	-2.43	2.09	0.02	-4.26
AFS	614579	3128S4F28	Agency MBS ARM	G-2-Q	FREDDIE MAC	0.00179596	6.233	12/1/2036	25000000	 44,899 	 3,214.64 	46318.56	46066.93	103.1617	102.6012383	-251.63	7/31/2026	Model2501	100	LMMSOFRFLAT	RFRSwap	5.75	5.59	0.40	-0.04	0.004	 2 	-0.28	0.09	0.17	0.22	0.20	-0.04	-0.01	4.1	9.9	141.7	130	0.00	25.83	6.75	236.00	106645.05	NEW RESIDENTIAL MORTGAGE LLC	100.00	1.17	0.01	1.68	0.50	0.01	0.79	0.36	0.00	0.39	0.51	0.01	-0.44	1.26	0.01	-1.29	1.84	0.02	-2.87
AFS	614208	31292GX68	Agency MBS 30yr	G-2-Q	FREDDIE MAC	0.00046078	6.5	1/1/2029	3778918	 1,741 	 1,406.21 	1803.43	1797.11	103.5712	103.2078018	-6.32	7/31/2026	Model2501	100	LMMSOFRFLAT	RFRSwap	2.87	2.50	0.92	0.02	0.010	 0 	0.52	0.40	0.01	0.00	0.00	0.00	0.00	1.0	17.2	-121.1	-127	0.00	19.27	6.99	332.00	15897.90	NA	NA	0.95	0.01	2.95	0.94	0.01	1.95	0.93	0.01	0.97	0.91	0.01	-0.94	0.90	0.01	-1.87	0.90	0.01	-2.78
AFS	614075	31292GXD3	Agency MBS 30yr	G-2-Q	FREDDIE MAC	0.00031341	6.5	11/1/2028	1917025	 601 	 531.47 	621.88	620.09	103.5056	103.2078018	-1.79	7/31/2026	Model2501	100	LMMSOFRFLAT	RFRSwap	2.54	2.21	0.84	0.02	0.009	 0 	0.54	0.30	0.00	0.00	0.00	0.00	0.00	0.9	19.5	-152.5	-157	0.00	19.98	7.01	334.00	13193.45	NA	NA	0.87	0.01	2.70	0.86	0.01	1.78	0.85	0.01	0.88	0.83	0.01	-0.87	0.83	0.01	-1.71	0.82	0.01	-2.55
AFS	614281	31292GXS0	Agency MBS 30yr	G-2-Q	FREDDIE MAC	0.00039517	6.5	12/1/2028	1220400	 482 	 351.20 	500	497.74	103.6778	103.2078018	-2.27	7/31/2026	Model2501	100	LMMSOFRFLAT	RFRSwap	2.80	2.31	0.90	0.02	0.009	 0 	0.52	0.38	0.01	0.00	0.00	0.00	0.00	1.0	19.5	-128.1	-134	0.00	19.57	6.96	333.00	17732.73	NA	NA	0.93	0.01	2.89	0.92	0.01	1.91	0.91	0.01	0.95	0.89	0.01	-0.92	0.88	0.01	-1.83	0.88	0.01	-2.72
AFS	613918	31292GYH3	Agency MBS 30yr	G-2-Q	FREDDIE MAC	0.00049056	6.5	2/1/2029	1826700	 896 	 601.50 	928.23	924.85	103.5845	103.2078018	-3.37	7/31/2026	Model2501	100	LMMSOFRFLAT	RFRSwap	3.01	2.63	0.96	0.02	0.010	 0 	0.51	0.43	0.02	0.00	0.00	0.00	0.00	1.0	16.6	-108.4	-114	0.00	19.25	6.98	330.00	17204.55	NA	NA	0.99	0.01	3.06	0.97	0.01	2.02	0.97	0.01	1.00	0.94	0.01	-0.98	0.93	0.01	-1.93	0.93	0.01	-2.88
HTM	612284	31292LFZ3	Agency MBS 30yr	G-2-Q	FREDDIE MAC	0.07249876	3.5	4/1/2042	5000000	 362,494 	 40,115.77 	366191.57	337609.14	101.0201	93.1351486	-28582.43	7/31/2026	Model2501	100	LMMSOFRFLAT	RFRSwap	5.05	3.28	4.53	-0.09	0.042	 153 	0.11	0.18	0.46	1.45	2.11	0.21	0.01	5.4	6.9	66.1	45	0.07	14.08	3.85	175.00	173110.83	NA	NA	2.03	0.02	10.98	3.51	0.04	8.04	4.18	0.04	4.17	4.79	0.04	-4.26	5.00	0.04	-8.53	5.02	0.04	-12.69
AFS	613981	3129407K9	Agency MBS 30yr	G-2-Q	FREDDIE MAC	0.14945633	4.5	6/1/2040	2526389	 377,585 	 21,906.40 	400408.46	366927.45	106.0446	97.1774865	-33481.02	7/31/2026	Model2501	100	LMMSOFRFLAT	RFRSwap	5.15	3.22	4.27	-0.01	0.042	 157 	0.13	0.21	0.47	1.39	1.92	0.16	0.00	5.4	7.4	77.8	55	0.15	8.68	5.04	195.00	98882.60	NA	NA	2.14	0.02	10.84	3.28	0.03	7.93	3.97	0.04	4.13	4.42	0.04	-4.15	4.57	0.04	-8.25	4.70	0.04	-12.30
AFS	612905	312941RR0	Agency MBS 30yr	G-2-Q	FREDDIE MAC	0.10609855	4.5	7/1/2040	1570299	 166,606 	 12,764.05 	175479.06	162099.22	105.3255	97.2946881	-13379.84	7/31/2026	Model2501	100	LMMSOFRFLAT	RFRSwap	5.17	3.26	3.93	0.00	0.038	 64 	0.14	0.22	0.50	1.44	1.59	0.05	0.00	4.8	7.5	84.1	61	0.11	10.66	5.03	194.00	83303.23	NA	NA	2.14	0.02	10.18	3.11	0.03	7.37	3.69	0.04	3.81	4.04	0.04	-3.83	4.14	0.04	-7.58	4.24	0.04	-11.28
AFS	614831	312941RS8	Agency MBS 30yr	G-2-Q	FREDDIE MAC	0.10413724	4.5	7/1/2040	1671841	 174,101 	 12,822.84 	185712.47	169350.68	106.6694	97.2715639	-16361.79	7/31/2026	Model2501	100	LMMSOFRFLAT	RFRSwap	5.12	3.11	4.29	-0.01	0.042	 73 	0.13	0.21	0.47	1.38	1.94	0.17	-0.01	5.4	7.3	75.2	52	0.10	10.84	5.02	194.00	87050.45	NA	NA	1.99	0.02	10.77	3.25	0.03	7.95	3.98	0.04	4.15	4.43	0.04	-4.17	4.57	0.04	-8.29	4.71	0.04	-12.34
AFS	613370	31294NYT0	Agency MBS 15yr	G-2-Q	FREDDIE MAC	0.01897442	2.5	3/1/2028	14119357	 267,907 	 282,563.68 	268249.02	264303.34	100.1278	98.6550281	-3945.67	7/31/2026	Model2501	100	LMMSOFRFLAT	RFRSwap	4.48	2.16	0.64	0.00	0.006	 17 	0.57	0.06	0.00	0.01	0.00	0.00	0.00	0.7	15.2	41.1	43	0.02	13.23	2.93	162.00	22205.27	NA	NA	0.64	0.01	1.92	0.64	0.01	1.28	0.64	0.01	0.64	0.65	0.01	-0.64	0.65	0.01	-1.27	0.64	0.01	-1.90
AFS	612528	31295NF78	Agency MBS ARM	G-2-Q	FREDDIE MAC	0.00095165	5.729	4/1/2032	5000000	 4,758 	 696.10 	4774.45	4816.53	100.3405	101.2248165	42.08	7/31/2026	Model2501	100	LMMSOFRFLAT	RFRSwap	5.59	5.98	0.80	-0.10	0.008	 0 	0.55	0.01	0.08	0.16	0.00	-0.01	0.00	2.5	11.9	136.8	110	0.00	21.40	6.25	291.00	37043.82	ROCKET MORTGAGE, LLC	100.00	1.25	0.01	2.70	0.88	0.01	1.64	0.78	0.01	0.79	1.07	0.01	-0.93	1.46	0.01	-2.20	1.75	0.02	-3.80
AFS	614553	31295NRT7	Agency MBS ARM	G-2-Q	FREDDIE MAC	0.00020454	5.979	7/1/2032	5000000	 1,023 	 147.44 	1025.41	1037.11	100.265	101.409088	11.7	7/31/2026	Model2501	100	LMMSOFRFLAT	RFRSwap	5.54	6.05	0.92	-0.07	0.009	 0 	0.68	0.01	0.07	0.15	0.01	0.00	0.00	2.5	14.1	132.2	106	0.00	26.66	6.50	288.00	15409.91	ROCKET MORTGAGE, LLC	100.00	1.36	0.01	3.14	1.04	0.01	1.91	0.91	0.01	0.92	1.12	0.01	-1.01	1.42	0.01	-2.29	1.69	0.02	-3.82
AFS	613200	31296JS64	Agency MBS 30yr	G-2-Q	FREDDIE MAC	0.0967563	5	6/1/2033	2136164	 206,687 	 27,644.21 	217597.84	203950.84	105.2788	98.6760289	-13646.99	7/31/2026	Model2501	100	LMMSOFRFLAT	RFRSwap	5.50	3.02	2.58	0.05	0.026	 53 	0.22	0.32	0.68	1.21	0.15	0.00	0.00	2.9	9.6	127.5	110	0.10	5.98	5.88	278.00	68895.77	NA	NA	2.41	0.03	7.79	2.51	0.03	5.20	2.56	0.03	2.58	2.58	0.02	-2.52	2.56	0.02	-4.97	2.57	0.02	-7.35
HTM	883365	31296M2M0	Agency MBS 30yr	G-2-Q	FREDDIE MAC	0.01243246	5.5	9/1/2033	130000	 1,616 	 -   	1633.02	1632.17	101.0393	100.9866448	-0.85	7/31/2026	Model2501	100	LMMSOFRFLAT	RFRSwap	5.09	5.06	2.49	0.07	0.025	 0 	0.22	0.33	0.70	1.13	0.10	0.00	0.00	2.8	8.9	88.1	70	0.01	14.23	6.02	277.00	76044.03	NA	NA	2.33	0.03	7.72	2.44	0.03	5.15	2.48	0.03	2.55	2.48	0.02	-2.49	2.46	0.02	-4.90	2.47	0.02	-7.25
HTM	883708	31296QFM7	Agency MBS 30yr	G-2-Q	FREDDIE MAC	0.01489864	6	10/1/2033	1055064	 15,719 	 -   	16056.99	16059.48	102.1501	102.1658974	2.48	7/31/2026	Model2501	100	LMMSOFRFLAT	RFRSwap	4.23	4.24	1.29	0.03	0.013	 2 	0.40	0.56	0.33	-0.01	0.00	0.00	0.00	1.4	10.5	8.8	-1	0.01	13.81	6.38	275.00	15719.02	NA	NA	1.29	0.01	4.07	1.30	0.01	2.70	1.30	0.01	1.34	1.27	0.01	-1.30	1.27	0.01	-2.59	1.27	0.01	-3.85
AFS	613003	31296WN86	Agency MBS 30yr	G-2-Q	FREDDIE MAC	0.0393823	5	3/1/2034	1311533	 51,651 	 8,186.85 	52334.92	51319.85	101.3238	99.3585184	-1015.07	7/31/2026	Model2501	100	LMMSOFRFLAT	RFRSwap	5.25	4.39	2.26	0.05	0.023	 12 	0.24	0.36	0.73	0.90	0.03	0.00	0.00	2.5	9.0	105.1	89	0.04	9.96	5.50	269.00	51651.19	NA	NA	2.09	0.02	6.87	2.21	0.02	4.59	2.26	0.02	2.28	2.25	0.02	-2.23	2.24	0.02	-4.40	2.25	0.02	-6.51
AFS	613782	31296WPC5	Agency MBS 30yr	G-2-Q	FREDDIE MAC	0.00426373	5	4/1/2034	210000	 895 	 137.39 	908.06	889.43	101.4163	99.3356122	-18.63	7/31/2026	Model2501	100	LMMSOFRFLAT	RFRSwap	5.23	4.44	2.59	0.06	0.026	 0 	0.22	0.32	0.67	1.23	0.16	0.00	0.00	3.0	8.9	101.8	83	0.00	18.59	5.51	268.00	82063.32	NA	NA	2.30	0.02	7.77	2.47	0.03	5.23	2.56	0.03	2.61	2.58	0.03	-2.55	2.57	0.02	-5.02	2.59	0.02	-7.43
HTM	883361	31297AV27	Agency MBS 30yr	G-2-Q	FREDDIE MAC	0.04650542	5.5	5/1/2034	1628383	 75,729 	 -   	75492.31	75354.47	99.6879	99.5059092	-137.84	7/31/2026	Model2501	100	LMMSOFRFLAT	RFRSwap	5.67	5.60	2.65	0.06	0.027	 20 	0.22	0.31	0.64	1.26	0.22	0.00	0.00	3.1	10.1	143.9	126	0.05	9.74	5.75	267.00	37864.32	NA	NA	2.51	0.03	8.15	2.60	0.03	5.41	2.64	0.03	2.68	2.65	0.03	-2.62	2.64	0.03	-5.16	2.65	0.02	-7.63
AFS	614695	31297FUP6	Agency MBS 30yr	G-2-Q	FREDDIE MAC	0.00467046	5	10/1/2034	200000	 934 	 250.06 	948.49	932.39	101.541	99.8175189	-16.1	7/31/2026	Model2501	100	LMMSOFRFLAT	RFRSwap	5.05	4.41	2.66	0.04	0.027	 0 	0.22	0.30	0.61	1.29	0.24	0.00	0.00	3.1	10.1	82.7	63	0.00	18.99	5.75	263.00	90506.61	NA	NA	2.17	0.02	7.77	2.43	0.03	5.31	2.60	0.03	2.68	2.66	0.03	-2.64	2.66	0.03	-5.20	2.67	0.02	-7.70
HTM	883383	31297LHN3	Agency MBS 30yr	G-2-Q	FREDDIE MAC	0.01052724	5.5	1/1/2035	2059908	 21,685 	 -   	21617.56	21570.82	99.6883	99.4728141	-46.74	7/31/2026	Model2501	100	LMMSOFRFLAT	RFRSwap	5.69	5.60	2.42	0.06	0.024	 5 	0.23	0.34	0.68	1.08	0.09	0.00	0.00	2.8	9.4	147.8	131	0.01	16.26	5.88	260.00	21685.15	NA	NA	2.41	0.03	7.56	2.43	0.03	4.98	2.43	0.02	2.46	2.42	0.02	-2.39	2.41	0.02	-4.72	2.41	0.02	-6.98
HTM	883388	31297NFU5	Agency MBS 30yr	G-2-Q	FREDDIE MAC	0.03074645	5.5	4/1/2035	1704722	 52,414 	 -   	52250.72	52141.66	99.6882	99.4801157	-109.07	7/31/2026	Model2501	100	LMMSOFRFLAT	RFRSwap	5.69	5.60	2.44	0.04	0.024	 13 	0.23	0.33	0.66	1.10	0.11	0.00	0.00	2.8	10.5	146.8	131	0.03	12.23	6.00	256.00	52414.15	NA	NA	2.05	0.02	7.19	2.28	0.02	4.89	2.40	0.02	2.45	2.45	0.02	-2.41	2.44	0.02	-4.77	2.44	0.02	-7.06
HTM	883373	31297QX61	Agency MBS 30yr	G-2-Q	FREDDIE MAC	0.01307221	5.5	5/1/2035	4323985	 56,524 	 -   	56347.54	56232.53	99.6877	99.48427	-115.02	7/31/2026	Model2501	100	LMMSOFRFLAT	RFRSwap	5.67	5.60	2.84	0.05	0.028	 16 	0.20	0.30	0.61	1.39	0.34	0.00	0.00	3.3	9.2	142.7	124	0.01	15.78	6.00	256.00	56524.04	NA	NA	2.47	0.03	8.46	2.67	0.03	5.71	2.79	0.03	2.86	2.85	0.03	-2.81	2.83	0.03	-5.53	2.83	0.03	-8.16
AFS	613138	31298BP70	Agency MBS 30yr	G-2-Q	FREDDIE MAC	0.00228978	7.5	11/1/2029	1997710	 4,574 	 2,684.88 	4574.32	4614.32	100	100.8744664	40	7/31/2026	Model2501	100	LMMSOFRFLAT	RFRSwap	6.00	7.21	0.73	0.01	0.007	 0 	0.58	0.15	0.00	0.00	0.00	0.00	0.00	0.8	17.2	188.0	192	0.00	15.60	7.88	323.00	NA	NA	NA	0.75	0.01	2.27	0.74	0.01	1.50	0.73	0.01	0.74	0.72	0.01	-0.73	0.71	0.01	-1.45	0.71	0.01	-2.16
AFS	613373	31307BMB3	Agency MBS 15yr	G-2-Q	FREDDIE MAC	0.02798979	2.5	4/1/2028	2630258	 73,620 	 68,841.34 	73728.75	72589.92	100.1472	98.6003247	-1138.82	7/31/2026	Model2501	100	LMMSOFRFLAT	RFRSwap	4.38	2.17	0.71	0.00	0.007	 5 	0.58	0.12	0.00	0.01	0.00	0.00	0.00	0.7	16.4	29.6	31	0.03	11.08	2.90	161.00	34824.18	NA	NA	0.70	0.01	2.11	0.70	0.01	1.40	0.70	0.01	0.70	0.72	0.01	-0.70	0.72	0.01	-1.41	0.71	0.01	-2.10
AFS	613112	31307C4J4	Agency MBS 15yr	G-2-Q	FREDDIE MAC	0.02479813	2.5	6/1/2028	5520022	 136,886 	 157,402.69 	136936.22	134603.9	100.0365	98.332686	-2332.33	7/31/2026	Model2501	100	LMMSOFRFLAT	RFRSwap	4.55	2.34	0.79	0.00	0.008	 11 	0.58	0.19	0.00	0.01	0.00	0.00	0.00	0.8	14.8	44.7	46	0.02	13.03	3.01	158.00	35252.75	NA	NA	0.78	0.01	2.33	0.78	0.01	1.55	0.78	0.01	0.78	0.80	0.01	-0.78	0.80	0.01	-1.55	0.79	0.01	-2.32
AFS	614602	31307CLF3	Agency MBS 15yr	G-2-Q	FREDDIE MAC	0.02957076	2.5	5/1/2028	5609021	 165,863 	 116,296.53 	165916.84	163299.21	100.0325	98.454263	-2617.64	7/31/2026	Model2501	100	LMMSOFRFLAT	RFRSwap	4.41	2.35	0.78	0.00	0.008	 13 	0.58	0.19	0.00	0.01	0.00	0.00	0.00	0.8	16.0	30.7	32	0.03	10.95	3.07	159.00	29812.32	NA	NA	0.76	0.01	2.31	0.77	0.01	1.54	0.77	0.01	0.77	0.79	0.01	-0.77	0.80	0.01	-1.55	0.79	0.01	-2.31
AFS	613784	31307CQK7	Agency MBS 15yr	G-2-Q	FREDDIE MAC	0.03725426	2.5	6/1/2028	26492756	 986,968 	 863,848.01 	985679.53	971716.3	99.8694	98.4546895	-13963.23	7/31/2026	Model2501	100	LMMSOFRFLAT	RFRSwap	4.39	2.56	0.79	0.00	0.008	 77 	0.58	0.19	0.00	0.01	0.00	0.00	0.00	0.8	15.2	29.3	30	0.04	9.93	2.98	159.00	37797.10	NA	NA	0.77	0.01	2.33	0.77	0.01	1.55	0.78	0.01	0.78	0.80	0.01	-0.78	0.80	0.01	-1.56	0.79	0.01	-2.32
AFS	613433	31307CYB8	Agency MBS 15yr	G-2-Q	FREDDIE MAC	0.03518517	2.5	6/1/2028	11326019	 398,508 	 317,945.24 	398248.52	392349.66	99.9349	98.4546749	-5898.86	7/31/2026	Model2501	100	LMMSOFRFLAT	RFRSwap	4.40	2.47	0.79	0.00	0.008	 31 	0.58	0.19	0.00	0.01	0.00	0.00	0.00	0.8	15.6	30.1	31	0.04	9.83	2.99	158.00	33963.84	NA	NA	0.77	0.01	2.32	0.77	0.01	1.54	0.78	0.01	0.77	0.80	0.01	-0.78	0.80	0.01	-1.55	0.79	0.01	-2.32
AFS	613905	31307CYN2	Agency MBS 15yr	G-2-Q	FREDDIE MAC	0.02526836	2.5	6/1/2028	105365778	 2,662,420 	 2,428,602.16 	2662479.03	2621271.78	100.0022	98.4544652	-41207.26	7/31/2026	Model2501	100	LMMSOFRFLAT	RFRSwap	4.40	2.39	0.78	0.00	0.008	 206 	0.58	0.19	0.00	0.01	0.00	0.00	0.00	0.8	16.0	30.3	31	0.03	12.40	3.02	158.00	31320.71	NA	NA	0.76	0.01	2.32	0.77	0.01	1.54	0.77	0.01	0.77	0.79	0.01	-0.77	0.80	0.01	-1.55	0.79	0.01	-2.31
AFS	613481	31307CZG6	Agency MBS 15yr	G-2-Q	FREDDIE MAC	0.02641557	2.5	6/1/2028	4879377	 128,892 	 127,558.05 	129095.4	126742.9	100.1582	98.3329977	-2352.5	7/31/2026	Model2501	100	LMMSOFRFLAT	RFRSwap	4.62	2.18	0.77	-0.01	0.008	 10 	0.57	0.18	0.00	0.02	0.00	0.00	0.00	0.8	20.3	52.3	54	0.03	12.34	2.94	158.00	13335.24	NA	NA	0.74	0.01	2.24	0.75	0.01	1.50	0.75	0.01	0.75	0.78	0.01	-0.76	0.79	0.01	-1.53	0.78	0.01	-2.28
AFS	613492	31307DBS4	Agency MBS 15yr	G-2-Q	FREDDIE MAC	0.02933121	2.5	7/1/2028	23187625	 680,121 	 519,373.38 	680671.55	669115	100.0809	98.3817441	-11556.55	7/31/2026	Model2501	100	LMMSOFRFLAT	RFRSwap	4.41	2.29	0.82	0.00	0.008	 55 	0.57	0.23	0.00	0.01	0.00	0.00	0.00	0.8	15.6	30.9	31	0.03	11.62	2.93	158.00	28668.16	NA	NA	0.80	0.01	2.42	0.80	0.01	1.61	0.81	0.01	0.80	0.83	0.01	-0.81	0.83	0.01	-1.62	0.82	0.01	-2.41
PUB_HTM	614463	31307EWD2	Agency MBS 15yr	G-2-Q	FREDDIE MAC	0.02941328	3	10/1/2028	35000000	 1,029,465 	 899,885.04 	1033251.73	1015439.35	100.3679	98.6375981	-17812.38	7/31/2026	Model2501	100	LMMSOFRFLAT	RFRSwap	4.46	2.47	0.88	0.00	0.009	 89 	0.54	0.32	0.00	0.01	0.00	0.00	0.00	0.9	15.6	34.5	34	0.03	13.23	3.55	155.00	32604.74	NA	NA	0.86	0.01	2.61	0.87	0.01	1.74	0.87	0.01	0.87	0.89	0.01	-0.87	0.90	0.01	-1.74	0.90	0.01	-2.61
AFS	613096	31307FDM0	Agency MBS 15yr	G-2-Q	FREDDIE MAC	0.04072648	2.5	11/1/2028	4374699	 178,166 	 146,556.74 	178359.53	174615.07	100.1086	98.0069051	-3744.46	7/31/2026	Model2501	100	LMMSOFRFLAT	RFRSwap	4.64	2.29	0.92	-0.01	0.009	 16 	0.53	0.36	0.01	0.02	0.00	0.00	0.00	0.9	16.0	51.4	51	0.04	10.88	3.00	153.00	25918.57	NA	NA	0.89	0.01	2.69	0.90	0.01	1.80	0.90	0.01	0.90	0.93	0.01	-0.91	0.94	0.01	-1.81	0.93	0.01	-2.71
AFS	612282	31307H2G1	Agency MBS 15yr	G-2-Q	FREDDIE MAC	0.06687272	2.5	8/1/2029	5000000	 334,364 	 153,839.38 	335066.55	324685.05	100.2102	97.1053827	-10381.5	7/31/2026	Model2501	100	LMMSOFRFLAT	RFRSwap	4.83	2.27	1.26	-0.01	0.012	 41 	0.41	0.55	0.26	0.04	0.00	0.01	0.00	1.3	14.1	66.6	61	0.07	10.35	3.16	145.00	48403.71	NA	NA	1.20	0.01	3.65	1.22	0.01	2.44	1.24	0.01	1.22	1.29	0.01	-1.24	1.31	0.01	-2.48	1.29	0.01	-3.71
AFS	614224	31307H6G7	Agency MBS 15yr	G-2-Q	FREDDIE MAC	0.05898401	2.5	8/1/2029	8000000	 471,872 	 285,552.88 	472641.8	458208.94	100.1631	97.1044832	-14432.86	7/31/2026	Model2501	100	LMMSOFRFLAT	RFRSwap	4.83	2.30	1.26	-0.01	0.012	 58 	0.41	0.55	0.26	0.04	0.00	0.01	0.00	1.3	13.9	66.4	60	0.06	10.97	3.23	144.00	72202.23	NA	NA	1.20	0.01	3.65	1.22	0.01	2.44	1.24	0.01	1.22	1.29	0.01	-1.23	1.31	0.01	-2.47	1.30	0.01	-3.70
AFS	613690	31307HQ34	Agency MBS 15yr	G-2-Q	FREDDIE MAC	0.05028524	2.5	7/1/2029	3207668	 161,298 	 190,495.40 	161718.78	156997.43	100.2607	97.3335574	-4721.35	7/31/2026	Model2501	100	LMMSOFRFLAT	RFRSwap	4.75	2.21	1.19	-0.01	0.012	 19 	0.43	0.55	0.18	0.03	0.00	0.01	0.00	1.2	14.5	59.7	54	0.05	12.03	3.32	146.00	87153.54	NA	NA	1.13	0.01	3.46	1.16	0.01	2.31	1.17	0.01	1.16	1.22	0.01	-1.17	1.24	0.01	-2.35	1.22	0.01	-3.51
AFS	614454	31307HXN2	Agency MBS 15yr	G-2-Q	FREDDIE MAC	0.00754739	2.5	7/1/2029	1762606	 13,303 	 71,987.65 	13303.76	13195.34	100.0052	99.1901806	-108.42	7/31/2026	Model2501	100	LMMSOFRFLAT	RFRSwap	4.36	2.25	0.39	0.00	0.004	 1 	0.39	0.00	0.00	0.00	0.00	0.00	0.00	0.4	15.6	38.7	38	0.01	24.90	3.13	146.00	13303.08	NA	NA	0.39	0.00	1.17	0.39	0.00	0.78	0.39	0.00	0.39	0.39	0.00	-0.39	0.39	0.00	-0.77	0.39	0.00	-1.16
AFS	612782	31307HYS0	Agency MBS 15yr	G-2-Q	FREDDIE MAC	0.09803841	2.5	7/1/2029	2279187	 223,448 	 80,943.61 	223973.18	217132.6	100.2351	97.1737157	-6840.59	7/31/2026	Model2501	100	LMMSOFRFLAT	RFRSwap	4.92	2.23	1.21	-0.03	0.012	 26 	0.42	0.50	0.22	0.05	0.00	0.01	0.00	1.2	19.9	75.1	71	0.10	7.20	3.24	145.00	32500.01	NA	NA	1.11	0.01	3.43	1.14	0.01	2.30	1.17	0.01	1.16	1.25	0.01	-1.19	1.28	0.01	-2.40	1.26	0.01	-3.60
AFS	614058	31307HYT8	Agency MBS 15yr	G-2-Q	FREDDIE MAC	0.03275569	2.5	8/1/2029	2136741	 69,990 	 43,237.66 	70087.32	68764.3	100.1384	98.2481554	-1323.02	7/31/2026	Model2501	100	LMMSOFRFLAT	RFRSwap	4.45	2.24	0.88	-0.01	0.009	 6 	0.54	0.31	0.00	0.02	0.00	0.00	0.00	0.9	17.0	33.2	33	0.03	15.27	3.20	145.00	26766.20	NA	NA	0.85	0.01	2.58	0.86	0.01	1.72	0.87	0.01	0.86	0.89	0.01	-0.87	0.90	0.01	-1.74	0.89	0.01	-2.60
AFS	613646	31307LCE6	Agency MBS 15yr	G-2-Q	FREDDIE MAC	0.05230349	2.5	11/1/2029	701461	 36,689 	 14,476.44 	36962.8	35434.88	100.7467	96.582136	-1527.92	7/31/2026	Model2501	100	LMMSOFRFLAT	RFRSwap	5.05	1.89	1.38	-0.02	0.013	 5 	0.38	0.51	0.42	0.06	0.00	0.01	0.00	1.4	14.6	87.4	81	0.05	13.04	3.09	141.00	64845.22	NA	NA	1.29	0.01	3.96	1.32	0.01	2.65	1.35	0.01	1.33	1.42	0.01	-1.35	1.44	0.01	-2.71	1.43	0.01	-4.05
AFS	614212	31307LUJ5	Agency MBS 15yr	G-2-Q	FREDDIE MAC	0.02947076	2.5	1/1/2030	25823392	 761,035 	 390,217.10 	768485.75	738293.36	100.979	97.0117506	-30192.38	7/31/2026	Model2501	100	LMMSOFRFLAT	RFRSwap	4.85	1.68	1.29	-0.01	0.013	 96 	0.40	0.54	0.30	0.04	0.00	0.01	0.00	1.3	14.0	68.2	62	0.03	17.66	3.38	140.00	88280.45	NA	NA	1.22	0.01	3.74	1.25	0.01	2.50	1.27	0.01	1.25	1.32	0.01	-1.26	1.35	0.01	-2.54	1.33	0.01	-3.80
AFS	613367	31307LXC7	Agency MBS 15yr	G-2-Q	FREDDIE MAC	0.06002619	2.5	2/1/2030	7000354	 420,205 	 233,360.61 	423741.73	407306.64	100.8418	96.9305576	-16435.09	7/31/2026	Model2501	100	LMMSOFRFLAT	RFRSwap	4.90	1.79	1.31	-0.02	0.013	 53 	0.40	0.52	0.33	0.05	0.00	0.01	0.00	1.3	15.5	73.2	67	0.06	12.75	3.27	138.00	28099.59	NA	NA	1.23	0.01	3.76	1.25	0.01	2.51	1.28	0.01	1.26	1.35	0.01	-1.28	1.37	0.01	-2.58	1.36	0.01	-3.86
AFS	614578	31307LZA9	Agency MBS 15yr	G-2-Q	FREDDIE MAC	0.04468518	2.5	2/1/2030	3000000	 134,056 	 91,378.64 	135277.32	129828.4	100.9114	96.8467281	-5448.91	7/31/2026	Model2501	100	LMMSOFRFLAT	RFRSwap	4.87	1.76	1.35	-0.01	0.013	 18 	0.39	0.52	0.39	0.04	0.00	0.01	0.00	1.4	14.1	70.6	64	0.04	14.74	3.33	140.00	71248.77	NA	NA	1.29	0.01	3.92	1.31	0.01	2.61	1.33	0.01	1.30	1.38	0.01	-1.31	1.41	0.01	-2.64	1.41	0.01	-3.97
PUB_HTM	613210	31307M7M2	Agency MBS 15yr	G-2-Q	FREDDIE MAC	0.06235099	3	6/1/2030	45177670	 2,816,872 	 1,330,072.24 	2832157.57	2750903.9	100.5426	97.6580925	-81253.67	7/31/2026	Model2501	100	LMMSOFRFLAT	RFRSwap	4.57	2.57	1.48	-0.01	0.014	 408 	0.36	0.50	0.54	0.07	0.00	0.01	0.00	1.5	12.4	39.9	31	0.06	13.12	3.33	135.00	87785.83	NA	NA	1.37	0.01	4.32	1.43	0.01	2.89	1.45	0.01	1.44	1.51	0.01	-1.45	1.54	0.01	-2.92	1.54	0.01	-4.37
PUB_HTM	614855	31307MUR5	Agency MBS 15yr	G-2-Q	FREDDIE MAC	0.06199478	3	5/1/2030	27532071	 1,706,845 	 895,869.63 	1715625.96	1668838.81	100.5145	97.7733253	-46787.15	7/31/2026	Model2501	100	LMMSOFRFLAT	RFRSwap	4.57	2.57	1.40	-0.01	0.014	 234 	0.37	0.51	0.47	0.04	0.00	0.01	0.00	1.5	13.4	40.0	32	0.06	12.88	3.53	137.00	63326.85	NA	NA	1.31	0.01	4.11	1.36	0.01	2.74	1.38	0.01	1.37	1.43	0.01	-1.38	1.46	0.01	-2.77	1.46	0.01	-4.15
AFS	613550	31307MXT8	Agency MBS 15yr	G-2-Q	FREDDIE MAC	0.06518819	2.5	5/1/2030	21000000	 1,368,952 	 594,572.60 	1378412.59	1327919.62	100.6911	97.0026439	-50492.96	7/31/2026	Model2501	100	LMMSOFRFLAT	RFRSwap	4.67	1.95	1.40	-0.01	0.014	 186 	0.38	0.52	0.44	0.05	0.00	0.01	0.00	1.4	12.7	50.6	43	0.07	12.76	2.96	135.00	67403.02	NA	NA	1.33	0.01	4.05	1.35	0.01	2.70	1.37	0.01	1.35	1.43	0.01	-1.36	1.45	0.01	-2.73	1.44	0.01	-4.09
AFS	614802	31307MY83	Agency MBS 15yr	G-2-Q	FREDDIE MAC	0.07362833	2.5	5/1/2030	2000000	 147,257 	 65,360.89 	147998.24	142615.65	100.5036	96.8483535	-5382.59	7/31/2026	Model2501	100	LMMSOFRFLAT	RFRSwap	4.69	2.10	1.46	-0.01	0.014	 21 	0.36	0.51	0.51	0.07	0.00	0.01	0.00	1.5	12.6	52.1	44	0.07	11.53	2.92	136.00	77159.05	NA	NA	1.37	0.01	4.23	1.41	0.01	2.82	1.43	0.01	1.41	1.50	0.01	-1.43	1.52	0.01	-2.86	1.51	0.01	-4.28
AFS	613705	31307NAN4	Agency MBS 15yr	G-2-Q	FREDDIE MAC	0.06142411	2.5	6/1/2030	25097201	 1,541,573 	 785,572.30 	1546711.57	1489376.39	100.3333	96.6140532	-57335.18	7/31/2026	Model2501	100	LMMSOFRFLAT	RFRSwap	4.72	2.23	1.55	-0.01	0.015	 232 	0.34	0.49	0.60	0.11	0.00	0.01	0.00	1.6	12.5	54.8	46	0.06	13.25	3.00	135.00	61830.23	NA	NA	1.47	0.01	4.49	1.50	0.01	3.00	1.52	0.01	1.50	1.59	0.02	-1.51	1.62	0.02	-3.04	1.61	0.01	-4.54
AFS	613588	31307NAZ7	Agency MBS 15yr	G-2-Q	FREDDIE MAC	0.10663013	2.5	6/1/2030	25000000	 2,665,753 	 977,460.44 	2669358.74	2579630.11	100.1353	96.7692757	-89728.63	7/31/2026	Model2501	100	LMMSOFRFLAT	RFRSwap	4.67	2.36	1.51	-0.01	0.015	 391 	0.35	0.50	0.56	0.08	0.00	0.01	0.00	1.6	11.4	49.9	41	0.11	8.94	3.01	134.00	62245.75	NA	NA	1.43	0.01	4.38	1.46	0.01	2.92	1.48	0.01	1.46	1.55	0.01	-1.47	1.56	0.01	-2.95	1.54	0.01	-4.40
AFS	612772	31307ND35	Agency MBS 15yr	G-2-Q	FREDDIE MAC	0.0579274	2.5	6/1/2030	14677732	 850,243 	 324,791.82 	854234.03	819252.37	100.4694	96.3551025	-34981.66	7/31/2026	Model2501	100	LMMSOFRFLAT	RFRSwap	4.89	2.15	1.56	-0.01	0.015	 128 	0.34	0.49	0.61	0.11	0.00	0.01	0.00	1.6	12.2	71.4	63	0.06	13.96	3.05	134.00	74976.70	NA	NA	1.46	0.01	4.50	1.51	0.01	3.00	1.53	0.02	1.50	1.60	0.02	-1.52	1.63	0.02	-3.04	1.61	0.01	-4.55
PUB_HTM	613574	31307NQE7	Agency MBS 15yr	G-2-Q	FREDDIE MAC	0.07410389	3	7/1/2030	18001662	 1,333,993 	 608,057.00 	1341167.65	1301954.64	100.5378	97.5982978	-39213.01	7/31/2026	Model2501	100	LMMSOFRFLAT	RFRSwap	4.57	2.59	1.51	0.00	0.015	 197 	0.35	0.49	0.58	0.08	0.00	0.00	0.00	1.6	11.9	39.9	30	0.07	12.21	3.53	134.00	73818.52	NA	NA	1.43	0.01	4.44	1.48	0.01	2.97	1.49	0.01	1.48	1.54	0.01	-1.48	1.57	0.01	-2.97	1.58	0.01	-4.46
PUB_HTM	613076	31307NY65	Agency MBS 15yr	G-2-Q	FREDDIE MAC	0.07116245	3	8/1/2030	50000000	 3,558,123 	 1,509,947.41 	3577547.1	3468280.36	100.5459	97.4750128	-109266.73	7/31/2026	Model2501	100	LMMSOFRFLAT	RFRSwap	4.65	2.58	1.53	-0.01	0.015	 532 	0.35	0.48	0.59	0.10	0.00	0.01	0.00	1.6	13.1	47.2	38	0.07	12.89	3.50	133.00	88064.47	NA	NA	1.41	0.01	4.45	1.48	0.01	2.98	1.50	0.01	1.49	1.57	0.02	-1.50	1.61	0.02	-3.02	1.60	0.01	-4.53
AFS	612512	31307NYD0	Agency MBS 15yr	G-2-Q	FREDDIE MAC	0.08457673	2.5	8/1/2030	25000000	 2,114,418 	 878,455.56 	2120647.64	2044424.09	100.2946	96.6896728	-76223.55	7/31/2026	Model2501	100	LMMSOFRFLAT	RFRSwap	4.71	2.25	1.52	-0.01	0.015	 312 	0.35	0.49	0.58	0.09	0.00	0.01	0.00	1.6	12.5	53.7	45	0.08	11.35	3.10	133.00	64248.17	NA	NA	1.43	0.01	4.41	1.47	0.01	2.94	1.49	0.01	1.47	1.56	0.01	-1.48	1.59	0.01	-2.98	1.58	0.01	-4.46
AFS	614696	31307P5P0	Agency MBS 15yr	G-2-Q	FREDDIE MAC	0.09124621	2.5	1/1/2031	15065550	 1,374,674 	 724,951.68 	1386367.98	1323660.81	100.8506	96.2890459	-62707.18	7/31/2026	Model2501	100	LMMSOFRFLAT	RFRSwap	4.77	1.94	1.68	-0.02	0.016	 223 	0.32	0.46	0.69	0.19	0.01	0.01	0.00	1.7	12.4	58.9	49	0.09	12.06	3.18	127.00	72537.29	NA	NA	1.54	0.02	4.81	1.61	0.02	3.22	1.64	0.02	1.61	1.73	0.02	-1.63	1.77	0.02	-3.28	1.76	0.02	-4.90
PUB_HTM	613005	31307PBJ7	Agency MBS 15yr	G-2-Q	FREDDIE MAC	0.06793143	3	9/1/2030	33693383	 2,288,840 	 1,286,787.35 	2300894.73	2235191.28	100.5267	97.6560869	-65703.46	7/31/2026	Model2501	100	LMMSOFRFLAT	RFRSwap	4.60	2.57	1.45	-0.01	0.014	 325 	0.36	0.49	0.52	0.07	0.00	0.01	0.00	1.5	14.3	43.2	35	0.07	13.55	3.61	131.00	44439.69	NA	NA	1.36	0.01	4.24	1.40	0.01	2.83	1.42	0.01	1.42	1.49	0.01	-1.43	1.53	0.01	-2.87	1.53	0.01	-4.32
PUB_HTM	614234	31307PDX4	Agency MBS 15yr	G-2-Q	FREDDIE MAC	0.07271741	3	9/1/2030	53488929	 3,889,576 	 1,538,691.21 	3911754.92	3789764.82	100.5702	97.4338706	-121990.11	7/31/2026	Model2501	100	LMMSOFRFLAT	RFRSwap	4.60	2.59	1.60	-0.01	0.016	 606 	0.34	0.47	0.65	0.13	0.00	0.01	0.00	1.7	12.6	42.7	33	0.07	12.98	3.50	132.00	80527.77	NA	NA	1.46	0.01	4.64	1.54	0.02	3.11	1.57	0.02	1.56	1.64	0.02	-1.56	1.67	0.02	-3.14	1.67	0.02	-4.72
PUB_HTM	613437	31307PLP2	Agency MBS 15yr	G-2-Q	FREDDIE MAC	0.07346352	3	10/1/2030	74502780	 5,473,236 	 1,803,062.75 	5505392.26	5329538.41	100.5875	97.3745323	-175853.85	7/31/2026	Model2501	100	LMMSOFRFLAT	RFRSwap	4.61	2.58	1.63	-0.01	0.016	 870 	0.33	0.47	0.67	0.15	0.00	0.01	0.00	1.7	12.4	43.3	33	0.07	13.15	3.53	131.00	86536.55	NA	NA	1.47	0.02	4.72	1.56	0.02	3.17	1.60	0.02	1.59	1.67	0.02	-1.60	1.71	0.02	-3.21	1.71	0.02	-4.81
AFS	614102	31307QB48	Agency MBS 15yr	G-2-Q	FREDDIE MAC	0.1279503	2.5	2/1/2031	95191	 12,180 	 6,298.69 	12281.92	11633.73	100.8392	95.5172341	-648.2	7/31/2026	Model2501	100	LMMSOFRFLAT	RFRSwap	5.11	1.98	1.79	-0.02	0.017	 2 	0.30	0.44	0.74	0.28	0.01	0.01	0.00	1.8	11.5	91.2	82	0.13	9.33	3.05	126.00	52591.66	NA	NA	1.67	0.02	5.11	1.72	0.02	3.41	1.75	0.02	1.71	1.84	0.02	-1.73	1.87	0.02	-3.46	1.86	0.02	-5.17
AFS	613465	31307QCA3	Agency MBS 15yr	G-2-Q	FREDDIE MAC	0.08726317	2.5	2/1/2031	904809	 78,957 	 24,007.04 	79601.89	75758.47	100.8174	95.9496323	-3843.42	7/31/2026	Model2501	100	LMMSOFRFLAT	RFRSwap	5.09	1.94	1.62	-0.02	0.016	 12 	0.33	0.47	0.65	0.15	0.00	0.01	0.00	1.7	12.6	90.2	82	0.09	12.67	3.20	126.00	51446.32	NA	NA	1.48	0.01	4.62	1.55	0.02	3.10	1.58	0.02	1.55	1.67	0.02	-1.57	1.70	0.02	-3.15	1.70	0.02	-4.72
HTM	614646	31307S2B8	Agency MBS 15yr	G-2-Q	FREDDIE MAC	0.13743965	2	1/1/2032	25000000	 3,435,991 	 855,970.81 	3400926.93	3249951.57	98.9795	94.58556	-150975.37	7/31/2026	Model2501	100	LMMSOFRFLAT	RFRSwap	4.74	2.47	2.09	-0.02	0.020	 680 	0.26	0.39	0.78	0.62	0.02	0.02	0.00	2.1	10.8	54.4	42	0.14	10.83	2.60	116.00	93657.42	NA	NA	1.91	0.02	5.88	1.99	0.02	3.93	2.03	0.02	1.97	2.15	0.02	-1.99	2.18	0.02	-3.98	2.16	0.02	-5.93
AFS	612776	31307SD26	Agency MBS 15yr	G-2-Q	FREDDIE MAC	0.16847581	2	10/1/2031	38318045	 6,455,664 	 1,755,820.89 	6463134.45	6128433.03	100.1157	94.9311077	-334701.42	7/31/2026	Model2501	100	LMMSOFRFLAT	RFRSwap	4.68	1.91	1.99	-0.02	0.019	 1,224 	0.27	0.42	0.80	0.47	0.01	0.02	0.00	2.0	10.3	48.8	37	0.17	8.28	2.61	118.00	92674.34	NA	NA	1.82	0.02	5.63	1.90	0.02	3.76	1.94	0.02	1.89	2.05	0.02	-1.91	2.07	0.02	-3.81	2.05	0.02	-5.68
HTM	613376	31307VB96	Agency MBS 15yr	G-2-Q	FREDDIE MAC	0.16011374	2.5	12/1/2032	21274677	 3,406,368 	 818,081.54 	3406368.1	3229658.71	100	94.8123813	-176709.39	7/31/2026	Model2501	100	LMMSOFRFLAT	RFRSwap	4.73	2.47	2.45	-0.03	0.023	 794 	0.22	0.34	0.73	1.06	0.08	0.02	0.00	2.6	9.8	50.9	37	0.16	11.82	2.95	105.00	123447.98	NA	NA	2.06	0.02	6.83	2.28	0.02	4.62	2.37	0.02	2.32	2.55	0.02	-2.35	2.60	0.02	-4.71	2.57	0.02	-7.01
HTM	885608	31326FQ35	Agency MBS ARM	G-2-Q	FREDDIE MAC	0.03885922	5.995	5/1/2043	30315728	 1,178,046 	 -   	1217018.11	1217824.44	103.3082	103.3766855	806.33	7/31/2026	Model2501	100	LMMSOFRFLAT	RFRSwap	5.38	5.40	1.60	-0.86	0.017	 195 	0.33	0.22	0.31	0.24	0.50	0.00	-0.05	4.4	15.4	67.8	91	0.04	19.37	6.63	157.00	174381.39	#SPILL!	#SPILL!	0.81	0.01	2.68	0.58	0.01	1.98	0.87	0.01	1.24	2.58	0.03	-2.14	3.48	0.03	-5.20	4.09	0.04	-8.89
AFS	614417	3132CW2P8	Agency MBS 15yr	G-2-Q	FREDDIE MAC	0.54980368	4.5	1/1/2038	33111438	 18,204,790 	 4,311,817.00 	18025314.92	17852766.16	99.0141	98.0663095	-172548.75	7/31/2026	Model2501	100	LMMSOFRFLAT	RFRSwap	5.03	4.75	3.15	-0.33	0.031	 5,648 	0.20	0.29	0.56	1.27	0.86	-0.01	0.00	3.8	11.2	64.8	54	0.55	10.56	5.13	46.00	229090.98	NA	NA	1.24	0.01	6.42	1.62	0.02	5.05	2.56	0.03	2.89	3.51	0.03	-3.24	3.82	0.04	-6.67	4.04	0.04	-10.22
PUB_HTM	613304	3132CWHE7	Agency MBS 15yr	G-2-Q	FREDDIE MAC	0.23372824	2.5	1/1/2035	25000000	 5,843,206 	 1,609,313.53 	5799385.93	5457839.1	99.2501	93.4048722	-341546.83	7/31/2026	Model2501	100	LMMSOFRFLAT	RFRSwap	4.78	2.71	3.10	-0.06	0.029	 1,693 	0.18	0.28	0.63	1.57	0.41	0.03	0.01	3.2	9.3	51.3	36	0.23	13.70	3.20	80.00	158656.33	NA	NA	2.33	0.02	8.24	2.74	0.03	5.66	2.94	0.03	2.87	3.25	0.03	-2.92	3.32	0.03	-5.87	3.29	0.03	-8.73
PUB_HTM	613729	3132D53K6	Agency MBS 15yr	G-2-Q	FREDDIE MAC	0.09624078	3	8/1/2034	25000000	 2,406,020 	 598,838.42 	2422727.63	2288074.79	100.6944	95.0979319	-134652.85	7/31/2026	Model2501	100	LMMSOFRFLAT	RFRSwap	4.76	2.70	2.86	-0.06	0.027	 656 	0.20	0.30	0.64	1.41	0.30	0.02	0.00	3.1	10.2	51.0	35	0.10	22.98	3.72	85.00	143013.03	NA	NA	1.93	0.02	7.57	2.48	0.02	5.29	2.72	0.03	2.70	3.00	0.03	-2.75	3.13	0.03	-5.55	3.13	0.03	-8.33
PUB_HTM	612652	3132D53U4	Agency MBS 15yr	G-2-Q	FREDDIE MAC	0.11711728	3	10/1/2034	15000000	 1,756,759 	 460,014.01 	1769202.33	1669962.7	100.7083	95.059283	-99239.63	7/31/2026	Model2501	100	LMMSOFRFLAT	RFRSwap	4.74	2.70	2.92	-0.05	0.028	 489 	0.19	0.29	0.64	1.46	0.32	0.02	0.00	3.1	9.6	48.8	32	0.12	21.36	3.62	83.00	142715.98	NA	NA	2.01	0.02	7.77	2.55	0.03	5.42	2.78	0.03	2.75	3.06	0.03	-2.81	3.18	0.03	-5.66	3.17	0.03	-8.47
PUB_HTM	613453	3132D54D1	Agency MBS 15yr	G-2-Q	FREDDIE MAC	0.1614206	2.5	12/1/2034	77014698	 12,431,759 	 2,848,432.73 	12339397.19	11612369.02	99.2571	93.4088993	-727028.18	7/31/2026	Model2501	100	LMMSOFRFLAT	RFRSwap	4.76	2.70	3.11	-0.06	0.029	 3,618 	0.18	0.28	0.63	1.58	0.42	0.03	0.01	3.3	9.0	50.0	34	0.16	18.09	3.14	81.00	159275.28	NA	NA	2.30	0.02	8.25	2.75	0.03	5.68	2.95	0.03	2.88	3.25	0.03	-2.93	3.32	0.03	-5.88	3.28	0.03	-8.73
PUB_HTM	612506	3132D54K5	Agency MBS 15yr	G-2-Q	FREDDIE MAC	0.17014422	2.5	1/1/2035	95219387	 16,201,028 	 3,518,579.71 	16079649.42	15124369.63	99.2508	93.3543805	-955279.79	7/31/2026	Model2501	100	LMMSOFRFLAT	RFRSwap	4.76	2.70	3.14	-0.06	0.029	 4,765 	0.17	0.27	0.62	1.60	0.44	0.03	0.01	3.3	8.9	49.2	33	0.17	17.74	3.12	80.00	159067.75	NA	NA	2.32	0.02	8.34	2.78	0.03	5.74	2.98	0.03	2.91	3.29	0.03	-2.96	3.35	0.03	-5.94	3.31	0.03	-8.81
PUB_HTM	614621	3132D54Q2	Agency MBS 15yr	G-2-Q	FREDDIE MAC	0.17238235	2.5	2/1/2035	175000000	 30,166,911 	 6,576,161.01 	29940730.66	28128383.01	99.2502	93.2425026	-1812347.65	7/31/2026	Model2501	100	LMMSOFRFLAT	RFRSwap	4.78	2.70	3.17	-0.06	0.030	 8,932 	0.17	0.27	0.62	1.61	0.46	0.03	0.01	3.3	8.9	51.5	36	0.17	17.90	3.14	79.00	167041.72	NA	NA	2.31	0.02	8.36	2.78	0.03	5.77	3.00	0.03	2.93	3.32	0.03	-2.99	3.39	0.03	-5.98	3.35	0.03	-8.88
PUB_HTM	613113	3132D54U3	Agency MBS 15yr	G-2-Q	FREDDIE MAC	0.17049491	2.5	3/1/2035	50000000	 8,524,746 	 1,808,562.97 	8460758.04	7943962.2	99.2494	93.1870893	-516795.83	7/31/2026	Model2501	100	LMMSOFRFLAT	RFRSwap	4.78	2.70	3.20	-0.06	0.030	 2,549 	0.17	0.27	0.61	1.63	0.49	0.03	0.01	3.4	8.8	50.8	35	0.17	18.35	3.13	78.00	170118.22	NA	NA	2.32	0.02	8.44	2.81	0.03	5.82	3.03	0.03	2.96	3.35	0.03	-3.01	3.42	0.03	-6.03	3.38	0.03	-8.95
PUB_HTM	613551	3132D56D9	Agency MBS 15yr	G-2-Q	FREDDIE MAC	0.39408602	1.5	10/1/2035	50000000	 19,704,301 	 3,365,134.85 	18982029.89	17532838.22	96.3344	88.9797523	-1449191.67	7/31/2026	Model2501	100	LMMSOFRFLAT	RFRSwap	4.89	2.54	3.69	0.02	0.033	 6,470 	0.13	0.23	0.58	1.87	0.80	0.05	0.02	3.7	7.0	60.6	44	0.39	8.22	2.35	71.00	197545.44	NA	NA	2.97	0.03	9.57	3.31	0.03	6.50	3.53	0.03	3.28	3.77	0.03	-3.27	3.75	0.03	-6.44	3.66	0.03	-9.45
PUB_HTM	614353	3132D57J5	Agency MBS 15yr	G-2-Q	FREDDIE MAC	0.51686667	1.5	4/1/2036	25000000	 12,921,667 	 2,003,875.50 	12441028.21	11441181.28	96.2804	88.5426122	-999846.93	7/31/2026	Model2501	100	LMMSOFRFLAT	RFRSwap	4.82	2.49	3.89	0.03	0.035	 4,461 	0.13	0.22	0.54	1.90	1.04	0.05	0.02	4.0	6.6	53.2	35	0.52	5.00	2.20	65.00	209424.92	NA	NA	3.14	0.03	10.11	3.51	0.03	6.86	3.74	0.03	3.45	3.98	0.03	-3.43	3.96	0.03	-6.76	3.87	0.03	-9.91
PUB_HTM	614823	3132D6A42	Agency MBS 15yr	G-2-Q	FREDDIE MAC	0.58576829	1.5	11/1/2036	30000000	 17,573,049 	 2,636,445.62 	16904638.01	15525607.54	96.1964	88.3489701	-1379030.47	7/31/2026	Model2501	100	LMMSOFRFLAT	RFRSwap	4.69	2.46	4.12	0.02	0.036	 6,407 	0.12	0.20	0.51	1.88	1.34	0.06	0.02	4.2	6.5	38.5	20	0.59	4.12	2.12	58.00	220295.47	NA	NA	3.28	0.03	10.66	3.70	0.04	7.24	3.94	0.04	3.64	4.22	0.04	-3.63	4.21	0.03	-7.14	4.10	0.03	-10.45
HTM	614565	3132D6A83	Agency MBS 15yr	G-2-Q	FREDDIE MAC	0.59248763	1.5	12/1/2036	25000000	 14,812,191 	 2,317,245.84 	14850846.44	13086290.77	100.261	88.3481113	-1764555.67	7/31/2026	Model2501	100	LMMSOFRFLAT	RFRSwap	4.68	1.41	4.15	0.01	0.037	 5,433 	0.11	0.20	0.51	1.88	1.37	0.06	0.02	4.2	6.5	36.8	18	0.59	4.11	2.13	57.00	213136.31	NA	NA	3.29	0.03	10.71	3.71	0.04	7.28	3.96	0.04	3.66	4.26	0.04	-3.65	4.24	0.03	-7.19	4.14	0.03	-10.52
PUB_HTM	614160	3132D6BJ8	Agency MBS 15yr	G-2-Q	FREDDIE MAC	0.585665	2	2/1/2037	50000000	 29,283,250 	 4,674,528.56 	28667669.26	26486406.38	97.8978	90.4489986	-2181262.87	7/31/2026	Model2501	100	LMMSOFRFLAT	RFRSwap	4.63	2.52	4.03	-0.06	0.036	 10,686 	0.12	0.21	0.51	1.80	1.32	0.05	0.02	4.2	7.4	31.1	14	0.59	5.00	2.57	55.00	205705.81	NA	NA	2.99	0.03	10.40	3.51	0.03	7.13	3.80	0.04	3.62	4.21	0.04	-3.67	4.23	0.04	-7.27	4.15	0.03	-10.70
HTM	614346	3132D6BY5	Agency MBS 15yr	G-2-Q	FREDDIE MAC	0.57154037	3	5/1/2037	75000000	 42,865,528 	 8,519,402.71 	43162055.75	40068856.32	100.6918	93.4757098	-3093199.42	7/31/2026	Model2501	100	LMMSOFRFLAT	RFRSwap	4.82	2.78	3.79	-0.13	0.035	 15,211 	0.14	0.22	0.53	1.64	1.21	0.03	0.01	4.1	8.9	48.9	33	0.57	6.66	3.51	52.00	200506.16	NA	NA	2.24	0.02	9.50	3.08	0.03	6.75	3.49	0.03	3.48	4.04	0.04	-3.60	4.20	0.04	-7.26	4.18	0.03	-10.81
HTM	614088	3132D6C32	Agency MBS 15yr	G-2-Q	FREDDIE MAC	0.50177635	4.5	11/1/2037	67571609	 33,905,835 	 7,990,145.37 	33594819.88	33243241.42	99.0827	98.0457821	-351578.46	7/31/2026	Model2501	100	LMMSOFRFLAT	RFRSwap	5.04	4.73	3.13	-0.32	0.031	 10,430 	0.20	0.29	0.56	1.25	0.84	-0.01	0.00	3.8	11.5	66.0	55	0.50	12.19	5.16	46.00	200556.55	NA	NA	1.25	0.01	6.39	1.62	0.02	5.01	2.54	0.03	2.86	3.48	0.03	-3.21	3.79	0.03	-6.61	4.01	0.04	-10.13
HTM	614573	3132D6C40	Agency MBS 15yr	G-2-Q	FREDDIE MAC	0.49439311	4.5	10/1/2037	35877478	 17,737,578 	 4,285,776.28 	17600317.06	17390946.29	99.2262	98.0457781	-209370.77	7/31/2026	Model2501	100	LMMSOFRFLAT	RFRSwap	5.04	4.68	3.13	-0.32	0.031	 5,469 	0.20	0.29	0.56	1.26	0.85	-0.01	0.00	3.8	11.4	65.8	55	0.49	12.12	5.17	47.00	207086.56	NA	NA	1.29	0.01	6.46	1.65	0.02	5.03	2.55	0.03	2.87	3.49	0.03	-3.21	3.79	0.03	-6.62	4.01	0.04	-10.14
HTM	613436	3132DN5B5	Agency MBS 30yr	G-2-Q	FREDDIE MAC	0.71944955	5	10/1/2052	26609374	 19,144,102 	 1,988,624.43 	19067737.9	18696738.31	99.6011	97.6631767	-370999.59	7/31/2026	Model2501	100	LMMSOFRFLAT	RFRSwap	5.42	5.06	4.80	-0.72	0.047	 9,017 	0.13	0.23	0.48	1.10	1.77	1.04	0.07	7.2	9.3	64.5	67	0.72	7.06	5.73	47.00	214049.98	NA	NA	0.48	0.01	7.63	1.45	0.02	6.90	3.55	0.04	4.25	5.63	0.05	-5.00	6.34	0.06	-10.42	6.88	0.06	-16.04
HTM	613356	3132DNUZ4	Agency MBS 30yr	G-2-Q	FREDDIE MAC	0.62544791	5	6/1/2052	29770592	 18,619,955 	 2,052,304.55 	18545621.23	18210362.24	99.6008	97.8002508	-335258.98	7/31/2026	Model2501	100	LMMSOFRFLAT	RFRSwap	5.41	5.06	4.87	-0.52	0.048	 8,908 	0.13	0.20	0.46	1.14	1.85	1.04	0.06	7.1	9.8	70.5	67	0.63	9.96	5.69	51.00	213167.17	NA	NA	0.50	0.01	9.31	2.39	0.03	7.88	3.96	0.04	4.48	5.57	0.05	-5.00	6.21	0.05	-10.35	6.70	0.06	-15.85
HTM	613268	3132DNY23	Agency MBS 30yr	G-2-Q	FREDDIE MAC	0.70501456	5	9/1/2052	98257427	 69,272,917 	 7,609,989.24 	68424436.86	67549353.99	98.7752	97.5119242	-875082.87	7/31/2026	Model2501	100	LMMSOFRFLAT	RFRSwap	5.45	5.21	4.69	-0.82	0.046	 31,797 	0.14	0.24	0.48	1.08	1.71	0.99	0.07	7.0	9.6	65.6	71	0.71	7.43	5.92	48.00	267947.59	NA	NA	0.78	0.01	7.23	1.23	0.01	6.46	3.34	0.03	4.08	5.54	0.05	-4.91	6.26	0.05	-10.24	6.81	0.06	-15.80
HTM	614006	3132DNYP2	Agency MBS 30yr	G-2-Q	FREDDIE MAC	0.71343829	5	9/1/2052	27422248	 19,564,082 	 2,705,834.74 	19423093.62	19043614.19	99.2794	97.3396782	-379479.42	7/31/2026	Model2501	100	LMMSOFRFLAT	RFRSwap	5.48	5.12	4.70	-0.80	0.046	 8,986 	0.14	0.23	0.48	1.08	1.72	1.00	0.07	7.0	9.6	69.7	75	0.71	7.13	5.94	48.00	241397.25	NA	NA	0.75	0.01	7.36	1.31	0.01	6.55	3.38	0.03	4.10	5.52	0.05	-4.90	6.22	0.05	-10.20	6.76	0.06	-15.71
HTM	614310	3132DPCB2	Agency MBS 30yr	G-2-Q	FREDDIE MAC	0.73792105	5	11/1/2052	60646643	 44,752,434 	 4,123,183.17 	44267702.06	43656229.19	98.9169	97.5505125	-611472.86	7/31/2026	Model2501	100	LMMSOFRFLAT	RFRSwap	5.44	5.19	4.72	-0.88	0.046	 20,692 	0.14	0.23	0.48	1.08	1.72	1.02	0.07	7.1	9.6	64.3	70	0.74	6.61	5.73	47.00	243839.16	NA	NA	0.59	0.01	7.12	1.20	0.01	6.49	3.35	0.03	4.10	5.60	0.05	-4.96	6.33	0.06	-10.35	6.86	0.06	-15.96
HTM	613998	3132DPGE2	Agency MBS 30yr	G-2-Q	FREDDIE MAC	0.70797937	5	11/1/2052	63399076	 44,885,238 	 6,131,672.27 	45486955.44	43940250.61	101.3406	97.8946591	-1546704.83	7/31/2026	Model2501	100	LMMSOFRFLAT	RFRSwap	5.39	4.75	4.68	-0.70	0.046	 20,633 	0.14	0.23	0.48	1.10	1.73	0.96	0.06	7.0	9.8	62.8	65	0.71	7.87	5.84	47.00	195727.88	NA	NA	0.57	0.01	7.61	1.49	0.02	6.79	3.48	0.04	4.15	5.46	0.05	-4.88	6.16	0.05	-10.16	6.72	0.06	-15.67
HTM	614398	3132DPGF9	Agency MBS 30yr	G-2-Q	FREDDIE MAC	0.72160661	5	12/1/2052	66951714	 48,312,799 	 6,989,627.94 	48840972.75	47096609.53	101.0932	97.4826757	-1744363.22	7/31/2026	Model2501	100	LMMSOFRFLAT	RFRSwap	5.45	4.80	4.80	-0.74	0.047	 22,720 	0.13	0.22	0.48	1.10	1.78	1.05	0.07	7.2	9.1	67.3	70	0.72	7.35	5.69	46.00	220320.63	NA	NA	0.50	0.01	7.51	1.38	0.01	6.84	3.53	0.04	4.23	5.62	0.05	-4.99	6.32	0.06	-10.39	6.83	0.06	-15.97
HTM	614384	3132DPGT9	Agency MBS 30yr	G-2-Q	FREDDIE MAC	0.67363949	5	12/1/2052	59663494	 40,191,686 	 6,901,999.72 	40920448.13	39407465.22	101.8132	98.0487993	-1512982.91	7/31/2026	Model2501	100	LMMSOFRFLAT	RFRSwap	5.35	4.67	4.84	-0.66	0.048	 19,154 	0.13	0.21	0.48	1.12	1.81	1.04	0.06	7.3	9.2	59.6	60	0.67	9.09	5.57	46.00	174361.19	NA	NA	0.23	0.00	7.94	1.65	0.02	7.22	3.68	0.04	4.34	5.62	0.05	-5.03	6.29	0.06	-10.45	6.80	0.06	-16.04
HTM	614105	3132DPHH4	Agency MBS 30yr	G-2-Q	FREDDIE MAC	0.70172673	5	12/1/2052	81043860	 56,870,643 	 9,441,048.17 	57673650.98	55638237.61	101.412	97.8329676	-2035413.37	7/31/2026	Model2501	100	LMMSOFRFLAT	RFRSwap	5.39	4.74	4.79	-0.70	0.047	 26,745 	0.13	0.22	0.48	1.10	1.77	1.03	0.06	7.2	9.3	62.4	64	0.70	8.06	5.65	47.00	196792.81	NA	NA	0.39	0.00	7.64	1.47	0.02	6.95	3.56	0.04	4.25	5.59	0.05	-4.99	6.28	0.06	-10.37	6.79	0.06	-15.95
HTM	614611	3132DPHJ0	Agency MBS 30yr	G-2-Q	FREDDIE MAC	0.72479075	5	12/1/2052	17052198	 12,359,275 	 1,536,349.94 	12494335.93	12073842.05	101.0928	97.6905335	-420493.88	7/31/2026	Model2501	100	LMMSOFRFLAT	RFRSwap	5.42	4.80	4.69	-0.82	0.046	 5,691 	0.14	0.24	0.49	1.09	1.72	0.98	0.06	7.0	9.7	62.9	69	0.72	7.30	5.84	45.00	216730.34	NA	NA	0.78	0.01	7.35	1.29	0.01	6.54	3.37	0.03	4.11	5.53	0.05	-4.92	6.25	0.05	-10.26	6.80	0.06	-15.82
AFS	613723	3132DPMF2	Agency MBS 30yr	G-2-Q	FREDDIE MAC	0.64370188	5	12/1/2052	10760884	 6,926,801 	 1,717,444.99 	6824795.63	6728494.21	98.5274	97.1371049	-96301.42	7/31/2026	Model2501	100	LMMSOFRFLAT	RFRSwap	5.51	5.26	4.97	-0.81	0.048	 3,358 	0.13	0.21	0.46	1.11	1.87	1.12	0.08	7.4	9.2	70.9	76	0.64	10.31	5.78	45.00	316804.22	NA	NA	0.87	0.01	8.22	1.64	0.02	7.18	3.69	0.04	4.37	5.93	0.05	-5.19	6.80	0.06	-10.90	7.32	0.06	-16.84
HTM	883421	3132DPUE6	Agency MBS 30yr	G-2-Q	FREDDIE MAC	0.6832603	5.5	3/1/2053	35000000	 23,914,111 	 -   	24043252.68	23875992.58	100.54	99.8406049	-167260.1	7/31/2026	Model2501	100	LMMSOFRFLAT	RFRSwap	5.52	5.38	3.95	-1.14	0.040	 9,476 	0.19	0.29	0.50	0.98	1.31	0.68	0.03	6.3	11.9	64.1	83	0.68	9.40	6.41	43.00	221477.45	NA	NA	0.90	0.01	5.33	0.64	0.01	4.61	2.23	0.02	3.24	5.00	0.05	-4.43	5.73	0.05	-9.45	6.37	0.05	-14.80
HTM	883384	3132DSTQ5	Agency MBS 30yr	G-2-Q	FREDDIE MAC	0.80515797	5.5	3/1/2054	57239329	 46,086,702 	 -   	46401314.98	46087485.32	100.6827	100.0016998	-313829.66	7/31/2026	Model2501	100	LMMSOFRFLAT	RFRSwap	5.49	5.36	3.96	-1.29	0.040	 18,318 	0.19	0.30	0.50	0.98	1.29	0.69	0.04	6.4	11.5	55.9	79	0.81	7.75	6.46	32.00	247141.56	NA	NA	1.02	0.01	5.30	0.70	0.01	4.43	2.07	0.02	3.16	5.09	0.05	-4.49	5.87	0.05	-9.62	6.55	0.06	-15.11
AFS	614274	3132DSU59	Agency MBS 30yr	G-2-Q	FREDDIE MAC	0.80132832	5	3/1/2054	55528175	 44,496,299 	 5,534,269.65 	44557958.61	43543591.5	100.1386	97.8589058	-1014367.1	7/31/2026	Model2501	100	LMMSOFRFLAT	RFRSwap	5.39	4.97	4.59	-0.83	0.045	 20,088 	0.15	0.25	0.49	1.07	1.65	0.94	0.07	6.9	10.3	57.1	67	0.80	7.79	5.96	34.00	175684.39	NA	NA	0.95	0.01	7.13	1.21	0.01	6.23	3.19	0.03	3.98	5.47	0.05	-4.85	6.20	0.05	-10.14	6.80	0.06	-15.70
HTM	883397	3132DSYM8	Agency MBS 30yr	G-2-Q	FREDDIE MAC	0.79106097	5.5	4/1/2054	54000000	 42,717,292 	 -   	43052876.48	42819754.63	100.7856	100.2398613	-233121.85	7/31/2026	Model2501	100	LMMSOFRFLAT	RFRSwap	5.44	5.34	3.93	-1.19	0.040	 16,899 	0.19	0.30	0.50	0.97	1.29	0.67	0.03	6.4	11.7	54.8	74	0.79	8.73	6.48	36.00	198793.81	NA	NA	0.90	0.01	5.20	0.60	0.01	4.50	2.15	0.02	3.20	4.99	0.05	-4.44	5.73	0.05	-9.47	6.36	0.05	-14.84
AFS	613085	3132DTFP0	Agency MBS 30yr	G-2-Q	FREDDIE MAC	0.81756444	5	5/1/2054	28161532	 23,023,867 	 2,826,954.97 	22966431.54	22446342.37	99.7505	97.4916257	-520089.16	7/31/2026	Model2501	100	LMMSOFRFLAT	RFRSwap	5.45	5.04	4.62	-0.94	0.045	 10,423 	0.15	0.26	0.49	1.05	1.64	0.97	0.09	6.9	10.4	60.2	74	0.82	7.65	5.97	31.00	221557.20	NA	NA	1.14	0.01	7.07	1.17	0.01	6.05	3.08	0.03	3.93	5.58	0.05	-4.90	6.33	0.06	-10.28	6.94	0.06	-15.92
HTM	883392	3132DTH78	Agency MBS 30yr	G-2-Q	FREDDIE MAC	0.79902539	5.5	5/1/2054	25000000	 19,975,635 	 -   	20059205.12	19950163.46	100.4184	99.8724882	-109041.66	7/31/2026	Model2501	100	LMMSOFRFLAT	RFRSwap	5.52	5.41	4.01	-1.18	0.040	 8,030 	0.18	0.30	0.51	0.99	1.31	0.70	0.04	6.5	11.3	61.2	81	0.80	9.10	6.51	30.00	202612.72	NA	NA	0.97	0.01	5.46	0.70	0.01	4.64	2.22	0.02	3.26	5.05	0.05	-4.49	5.78	0.05	-9.55	6.43	0.05	-14.94
HTM	882276	3132DTHH6	Agency MBS 30yr	G-2-Q	FREDDIE MAC	0.71944261	6	5/1/2054	65856969	 47,380,310 	 -   	48683771.6	48589145.39	102.7511	102.5513462	-94626.21	7/31/2026	Model2501	100	LMMSOFRFLAT	RFRSwap	5.47	5.43	3.09	-1.71	0.032	 15,108 	0.24	0.35	0.50	0.81	0.85	0.38	-0.01	5.9	12.8	43.9	77	0.72	13.66	6.99	31.00	225631.36	NA	NA	0.90	0.01	3.57	0.47	0.00	2.82	1.08	0.01	2.17	4.42	0.04	-3.87	5.24	0.05	-8.59	5.91	0.05	-13.71
HTM	885590	3132DTJA9	Agency MBS 30yr	G-2-Q	FREDDIE MAC	0.84801142	5.5	6/1/2054	24086178	 20,425,354 	 -   	20490119.25	20425702.04	100.3171	100.0017039	-64417.21	7/31/2026	Model2501	100	LMMSOFRFLAT	RFRSwap	5.50	5.44	4.10	-1.23	0.041	 8,404 	0.18	0.30	0.50	0.99	1.36	0.75	0.04	6.8	10.6	57.1	77	0.85	6.42	6.46	33.00	251404.25	NA	NA	0.97	0.01	5.47	0.65	0.01	4.67	2.24	0.02	3.33	5.17	0.05	-4.59	5.92	0.05	-9.78	6.56	0.06	-15.28
AFS	612396	3132DTK33	Agency MBS 30yr	G-2-Q	FREDDIE MAC	0.8170572	5	3/1/2054	20000000	 16,341,144 	 2,075,239.40 	16341144	15938886.8	100	97.538378	-402257.2	7/31/2026	Model2501	100	LMMSOFRFLAT	RFRSwap	5.44	4.99	4.66	-0.86	0.046	 7,452 	0.14	0.25	0.49	1.07	1.67	0.97	0.08	7.0	10.1	61.7	73	0.82	7.95	5.97	34.00	198275.39	NA	NA	1.09	0.01	7.25	1.24	0.01	6.24	3.20	0.03	4.00	5.56	0.05	-4.91	6.31	0.06	-10.27	6.92	0.06	-15.90
HTM	883873	3132DTKA7	Agency MBS 30yr	G-2-Q	FREDDIE MAC	0.75002232	6	5/1/2054	46713433	 35,036,117 	 -   	35999962.91	35929991.3	102.751	102.5512927	-69971.61	7/31/2026	Model2501	100	LMMSOFRFLAT	RFRSwap	5.47	5.43	3.14	-1.61	0.032	 11,354 	0.24	0.34	0.49	0.84	0.89	0.39	-0.01	5.9	12.9	46.5	77	0.75	11.91	6.97	30.00	226129.70	NA	NA	0.88	0.01	3.62	0.40	0.00	2.92	1.18	0.01	2.27	4.41	0.04	-3.89	5.21	0.05	-8.57	5.88	0.05	-13.68
AFS	614063	3132DTLL2	Agency MBS 30yr	G-2-Q	FREDDIE MAC	0.82622638	5	10/1/2053	20538207	 16,969,208 	 2,050,545.96 	16921623.44	16588361.49	99.7196	97.7556588	-333261.96	7/31/2026	Model2501	100	LMMSOFRFLAT	RFRSwap	5.40	5.04	4.69	-0.84	0.046	 7,819 	0.14	0.24	0.49	1.08	1.71	0.99	0.07	7.1	9.6	59.8	66	0.83	7.38	5.88	41.00	198143.16	NA	NA	0.76	0.01	7.14	1.17	0.01	6.41	3.30	0.03	4.08	5.56	0.05	-4.94	6.28	0.06	-10.30	6.84	0.06	-15.90
AFS	613543	3132DTR51	Agency MBS 30yr	G-2-Q	FREDDIE MAC	0.78379582	5	3/1/2054	35259937	 27,636,591 	 4,127,672.67 	27389896.65	26848395.21	99.1074	97.1479984	-541501.45	7/31/2026	Model2501	100	LMMSOFRFLAT	RFRSwap	5.54	5.16	4.62	-0.97	0.045	 12,455 	0.15	0.26	0.48	1.05	1.65	0.97	0.09	6.7	11.0	68.4	85	0.78	10.20	5.98	36.00	222239.58	NA	NA	1.06	0.01	6.93	1.13	0.01	5.98	3.06	0.03	3.90	5.62	0.05	-4.91	6.35	0.06	-10.30	6.96	0.06	-15.94
HTM	883403	3132DTRN2	Agency MBS 30yr	G-2-Q	FREDDIE MAC	0.8020274	5.5	3/1/2054	81459873	 65,333,050 	 -   	65779053.53	65334161.85	100.6827	100.0017016	-444891.68	7/31/2026	Model2501	100	LMMSOFRFLAT	RFRSwap	5.49	5.36	3.93	-1.31	0.039	 25,786 	0.19	0.31	0.50	0.96	1.27	0.69	0.04	6.5	11.2	55.2	78	0.80	9.31	6.49	33.00	248637.28	NA	NA	0.93	0.01	5.08	0.61	0.01	4.29	2.00	0.02	3.11	5.06	0.05	-4.46	5.84	0.05	-9.57	6.53	0.06	-15.03
HTM	883398	3132DTWB2	Agency MBS 30yr	G-2-Q	FREDDIE MAC	0.82510579	5.5	8/1/2054	119428929	 98,541,501 	 -   	99281770.88	98610304.06	100.7512	100.0698216	-671466.82	7/31/2026	Model2501	100	LMMSOFRFLAT	RFRSwap	5.48	5.36	4.03	-1.29	0.041	 39,966 	0.18	0.30	0.51	0.99	1.32	0.72	0.04	6.7	10.7	54.3	76	0.83	8.42	6.46	29.00	225370.11	NA	NA	0.94	0.01	5.24	0.60	0.01	4.47	2.11	0.02	3.23	5.16	0.05	-4.57	5.93	0.05	-9.76	6.59	0.06	-15.28
HTM	883675	3132DUQS9	Agency MBS 30yr	G-2-Q	FREDDIE MAC	0.8440519	5.5	10/1/2054	49587305	 41,854,259 	 -   	42118705.09	41836250.33	100.6318	99.9569729	-282454.76	7/31/2026	Model2501	100	LMMSOFRFLAT	RFRSwap	5.50	5.38	3.98	-1.35	0.040	 16,732 	0.19	0.31	0.51	0.97	1.27	0.72	0.05	6.7	10.7	53.4	78	0.84	8.15	6.49	23.00	252472.34	NA	NA	0.91	0.01	5.04	0.57	0.01	4.27	1.99	0.02	3.14	5.14	0.05	-4.53	5.94	0.05	-9.72	6.63	0.06	-15.26
HTM	883865	3132DURX7	Agency MBS 30yr	G-2-Q	FREDDIE MAC	0.72104658	6	9/1/2054	35397364	 25,523,148 	 -   	26225298.94	26174325.49	102.751	102.5513202	-50973.45	7/31/2026	Model2501	100	LMMSOFRFLAT	RFRSwap	5.47	5.43	3.11	-1.68	0.032	 8,191 	0.24	0.35	0.49	0.82	0.86	0.39	-0.01	5.9	12.9	45.1	77	0.72	16.10	6.94	27.00	226620.80	NA	NA	0.86	0.01	3.50	0.39	0.00	2.81	1.11	0.01	2.20	4.44	0.04	-3.89	5.26	0.05	-8.61	5.93	0.05	-13.75
HTM	883407	3132DUUL9	Agency MBS 30yr	G-2-Q	FREDDIE MAC	0.80838094	5.5	11/1/2054	76918257	 62,179,253 	 -   	62431166.23	62092061.48	100.4051	99.8597741	-339104.75	7/31/2026	Model2501	100	LMMSOFRFLAT	RFRSwap	5.52	5.42	3.94	-1.40	0.040	 24,572 	0.19	0.31	0.50	0.95	1.24	0.71	0.06	6.5	11.2	54.1	81	0.81	10.93	6.52	23.00	276256.25	NA	NA	0.94	0.01	5.02	0.62	0.01	4.20	1.93	0.02	3.07	5.14	0.05	-4.50	5.95	0.05	-9.69	6.67	0.06	-15.25
HTM	883408	3132DUUT2	Agency MBS 30yr	G-2-Q	FREDDIE MAC	0.82063175	5.5	10/1/2054	114133449	 93,661,532 	 -   	94078515	93567763.96	100.4452	99.8998863	-510751.04	7/31/2026	Model2501	100	LMMSOFRFLAT	RFRSwap	5.51	5.41	3.93	-1.39	0.039	 36,903 	0.19	0.31	0.50	0.95	1.26	0.70	0.04	6.5	10.8	54.5	80	0.82	10.08	6.52	28.00	273966.00	NA	NA	0.92	0.01	4.98	0.62	0.01	4.17	1.91	0.02	3.06	5.10	0.05	-4.48	5.89	0.05	-9.63	6.58	0.06	-15.13
PUB_HTM	613852	3132DV7B5	Agency MBS 30yr	G-2-Q	FREDDIE MAC	0.5584897	2	9/1/2050	75000000	 41,886,728 	 3,200,833.36 	39334607.05	33036562.19	93.9071	78.8711942	-6298044.87	7/31/2026	Model2501	100	LMMSOFRFLAT	RFRSwap	5.37	2.84	7.57	0.12	0.060	 25,053 	0.04	0.07	0.22	1.14	3.38	2.53	0.21	8.8	5.6	72.4	63	0.56	7.12	2.96	72.00	310048.03	NA	NA	5.21	0.05	17.33	6.34	0.06	11.88	7.02	0.06	5.99	7.98	0.06	-5.92	8.11	0.05	-11.59	7.93	0.05	-16.80
PUB_HTM	612408	3132DV7J8	Agency MBS 30yr	G-2-Q	FREDDIE MAC	0.51419977	2	8/1/2050	50000000	 25,709,989 	 2,031,785.97 	24143092.31	20254902.45	93.9055	78.7822307	-3888189.86	7/31/2026	Model2501	100	LMMSOFRFLAT	RFRSwap	5.42	2.84	7.53	0.12	0.059	 15,276 	0.04	0.07	0.22	1.15	3.38	2.48	0.20	8.7	5.7	76.9	67	0.51	8.28	3.01	73.00	307257.81	NA	NA	5.22	0.05	17.24	6.32	0.06	11.82	6.99	0.06	5.95	7.94	0.06	-5.89	8.08	0.05	-11.53	7.90	0.05	-16.72
PUB_HTM	614376	3132DV7K5	Agency MBS 30yr	G-2-Q	FREDDIE MAC	0.59503973	2	10/1/2050	50000000	 29,751,987 	 2,266,164.74 	27937774.9	23481572.52	93.9022	78.9243855	-4456202.39	7/31/2026	Model2501	100	LMMSOFRFLAT	RFRSwap	5.34	2.83	7.60	0.13	0.060	 17,880 	0.04	0.07	0.22	1.13	3.38	2.56	0.22	8.8	5.6	69.0	59	0.60	6.23	2.91	71.00	315193.81	NA	NA	5.22	0.05	17.41	6.36	0.06	11.94	7.05	0.06	6.02	8.00	0.06	-5.95	8.12	0.05	-11.63	7.93	0.05	-16.84
PUB_HTM	613275	3132DWAM5	Agency MBS 30yr	G-2-Q	FREDDIE MAC	0.6785679	1.5	12/1/2050	65000000	 44,106,914 	 2,974,226.50 	39933610.68	32884149.3	90.5382	74.555544	-7049461.38	7/31/2026	Model2501	100	LMMSOFRFLAT	RFRSwap	5.48	2.76	8.07	0.25	0.060	 26,588 	0.03	0.05	0.19	1.08	3.57	2.89	0.29	9.1	5.2	82.6	74	0.68	4.17	2.54	69.00	315426.03	NA	NA	6.08	0.06	18.15	7.02	0.06	12.22	7.60	0.06	6.09	8.40	0.06	-5.92	8.42	0.05	-11.48	8.16	0.05	-16.51
HTM	614834	3132DWBH5	Agency MBS 30yr	G-2-Q	FREDDIE MAC	0.67470679	2	4/1/2051	75000000	 50,603,009 	 4,056,805.83 	50645002.5	39777449.84	100.083	78.6068861	-10867552.66	7/31/2026	Model2501	100	LMMSOFRFLAT	RFRSwap	5.32	1.98	7.79	0.15	0.061	 31,050 	0.04	0.07	0.21	1.08	3.36	2.77	0.28	9.1	5.5	65.1	56	0.67	4.80	2.84	65.00	323074.22	NA	NA	5.35	0.05	17.81	6.50	0.06	12.19	7.22	0.06	6.15	8.18	0.06	-6.06	8.27	0.06	-11.82	8.05	0.05	-17.07
PUB_HTM	613678	3132DWBJ1	Agency MBS 30yr	G-2-Q	FREDDIE MAC	0.61875476	2.5	4/1/2051	9043747	 5,595,862 	 456,123.08 	5378106.19	4603994.62	96.1086	82.2749923	-774111.57	7/31/2026	Model2501	100	LMMSOFRFLAT	RFRSwap	5.29	3.03	7.37	0.02	0.061	 3,404 	0.04	0.08	0.24	1.11	3.18	2.50	0.23	8.9	5.8	63.0	53	0.62	6.42	3.09	65.00	312212.81	NA	NA	4.65	0.05	17.10	5.96	0.06	11.89	6.76	0.06	6.05	7.82	0.06	-6.05	7.98	0.06	-11.88	7.82	0.05	-17.25
PUB_HTM	613504	3132DWBP7	Agency MBS 30yr	G-2-Q	FREDDIE MAC	0.68069843	2	5/1/2051	50000000	 34,034,922 	 2,667,728.09 	31874880.85	26770932.95	93.6535	78.657249	-5103947.9	7/31/2026	Model2501	100	LMMSOFRFLAT	RFRSwap	5.32	2.85	7.78	0.13	0.061	 20,860 	0.04	0.07	0.22	1.09	3.34	2.76	0.29	9.1	5.6	65.1	56	0.68	4.78	2.87	64.00	321216.75	NA	NA	5.34	0.05	17.76	6.48	0.06	12.16	7.20	0.06	6.14	8.18	0.06	-6.06	8.28	0.06	-11.83	8.07	0.05	-17.10
PUB_HTM	613775	3132DWCH4	Agency MBS 30yr	G-2-Q	FREDDIE MAC	0.7352716	2	10/1/2051	15000000	 11,029,074 	 849,677.63 	10327610.06	8640892.61	93.6399	78.3464923	-1686717.44	7/31/2026	Model2501	100	LMMSOFRFLAT	RFRSwap	5.34	2.84	7.90	0.13	0.062	 6,838 	0.04	0.07	0.22	1.07	3.32	2.88	0.34	9.2	5.6	65.5	58	0.74	3.88	2.86	59.00	339765.81	NA	NA	5.38	0.05	17.92	6.55	0.06	12.28	7.28	0.06	6.20	8.30	0.06	-6.13	8.40	0.06	-11.95	8.17	0.05	-17.25
HTM	613350	3132DWCN1	Agency MBS 30yr	G-2-Q	FREDDIE MAC	0.74421186	2	11/1/2051	25076030	 18,661,879 	 1,499,026.34 	18568918.27	14613735.21	99.5019	78.3079521	-3955183.07	7/31/2026	Model2501	100	LMMSOFRFLAT	RFRSwap	5.33	2.05	7.94	0.14	0.062	 11,622 	0.04	0.07	0.21	1.06	3.32	2.91	0.35	9.3	5.5	63.9	56	0.74	3.74	2.83	58.00	345724.97	NA	NA	5.41	0.05	18.01	6.57	0.06	12.34	7.32	0.06	6.24	8.32	0.06	-6.15	8.41	0.06	-11.97	8.17	0.05	-17.27
PUB_HTM	613959	3132DWCP6	Agency MBS 30yr	G-2-Q	FREDDIE MAC	0.70016145	2.5	11/1/2051	40000000	 28,006,458 	 2,579,186.56 	26897679.45	23013910.74	96.041	82.1735856	-3883768.72	7/31/2026	Model2501	100	LMMSOFRFLAT	RFRSwap	5.33	3.04	7.42	-0.04	0.061	 17,115 	0.05	0.08	0.25	1.10	3.11	2.56	0.29	8.9	6.2	64.8	57	0.70	5.09	3.19	58.00	331600.56	NA	NA	4.64	0.05	17.02	5.93	0.06	11.85	6.74	0.06	6.05	7.92	0.06	-6.10	8.10	0.06	-12.00	7.93	0.05	-17.44
HTM	614678	3132DWCT8	Agency MBS 30yr	G-2-Q	FREDDIE MAC	0.7504293	2	12/1/2051	25081112	 18,821,601 	 1,499,417.11 	18744743.35	14742685.59	99.5917	78.3285404	-4002057.75	7/31/2026	Model2501	100	LMMSOFRFLAT	RFRSwap	5.32	2.04	7.95	0.13	0.062	 11,749 	0.04	0.07	0.21	1.06	3.32	2.93	0.35	9.3	5.5	62.6	55	0.75	3.69	2.86	57.00	350427.31	NA	NA	5.40	0.05	18.02	6.58	0.06	12.36	7.33	0.06	6.25	8.35	0.06	-6.16	8.44	0.06	-12.01	8.20	0.05	-17.33
HTM	613244	3132DWCZ4	Agency MBS 30yr	G-2-Q	FREDDIE MAC	0.75649198	2	1/1/2052	25000000	 18,912,300 	 1,504,404.53 	18834933.4	14810093.36	99.5909	78.3093212	-4024840.04	7/31/2026	Model2501	100	LMMSOFRFLAT	RFRSwap	5.34	2.04	7.94	0.11	0.062	 11,791 	0.04	0.07	0.22	1.07	3.31	2.91	0.36	9.3	5.6	64.3	57	0.76	3.65	2.91	56.00	346521.97	NA	NA	5.38	0.05	17.95	6.56	0.06	12.32	7.30	0.06	6.23	8.36	0.06	-6.16	8.47	0.06	-12.02	8.23	0.05	-17.36
AFS	613872	3132E0BY7	Agency MBS 30yr	G-2-Q	FREDDIE MAC	0.71167097	5	8/1/2053	50000000	 35,583,549 	 5,589,077.11 	35462342.18	34936370.29	99.6594	98.1812432	-525971.88	7/31/2026	Model2501	100	LMMSOFRFLAT	RFRSwap	5.35	5.05	4.49	-0.58	0.044	 15,752 	0.15	0.23	0.48	1.10	1.65	0.85	0.05	6.5	11.7	64.5	67	0.71	9.68	5.77	42.00	90937.13	NA	NA	0.65	0.01	8.07	1.85	0.02	6.90	3.49	0.04	4.07	5.16	0.05	-4.67	5.71	0.05	-9.64	6.19	0.05	-14.78
HTM	883413	3132E0G48	Agency MBS 30yr	G-2-Q	FREDDIE MAC	0.78917201	5.5	5/1/2053	30676273	 24,208,856 	 -   	24442779.3	24271999.47	100.9663	100.2608279	-170779.83	7/31/2026	Model2501	100	LMMSOFRFLAT	RFRSwap	5.44	5.30	3.90	-1.10	0.039	 9,507 	0.19	0.29	0.49	0.98	1.30	0.65	0.02	6.3	11.8	56.9	74	0.79	6.78	6.43	42.00	216856.27	NA	NA	0.88	0.01	5.25	0.61	0.01	4.58	2.22	0.02	3.22	4.90	0.05	-4.37	5.62	0.05	-9.32	6.23	0.05	-14.59
HTM	885682	3132E0N99	Agency MBS 30yr	G-2-Q	FREDDIE MAC	0.748709	5.5	10/1/2053	55000000	 41,178,995 	 -   	41407500.58	41277603.62	100.5549	100.2394634	-129896.96	7/31/2026	Model2501	100	LMMSOFRFLAT	RFRSwap	5.44	5.38	3.95	-1.15	0.040	 16,372 	0.19	0.30	0.50	0.98	1.30	0.68	0.03	6.4	11.7	55.5	74	0.75	8.57	6.46	38.00	197427.11	NA	NA	0.87	0.01	5.22	0.59	0.01	4.56	2.20	0.02	3.23	5.00	0.05	-4.45	5.74	0.05	-9.49	6.36	0.05	-14.86
AFS	613883	3132GKF43	Agency MBS 30yr	G-2-Q	FREDDIE MAC	0.04018246	3.5	10/1/2041	25038289	 1,006,100 	 117,339.57 	1013045.82	936970.44	100.6904	93.1289535	-76075.38	7/31/2026	Model2501	100	LMMSOFRFLAT	RFRSwap	5.04	3.35	4.54	-0.06	0.042	 427 	0.12	0.18	0.46	1.42	2.13	0.23	0.00	5.5	7.0	64.6	43	0.04	17.27	4.13	178.00	165025.30	NA	NA	2.03	0.02	11.04	3.53	0.04	8.10	4.21	0.04	4.19	4.80	0.04	-4.27	5.03	0.04	-8.55	5.09	0.04	-12.75
HTM	612519	3132GKF50	Agency MBS 30yr	G-2-Q	FREDDIE MAC	0.03872321	3.5	10/1/2041	34245838	 1,326,109 	 201,917.58 	1341941.64	1234941.65	101.1939	93.1252147	-107000	7/31/2026	Model2501	100	LMMSOFRFLAT	RFRSwap	5.05	3.24	4.50	-0.07	0.042	 558 	0.12	0.19	0.46	1.41	2.09	0.24	0.00	5.4	7.4	65.6	44	0.04	17.46	4.15	179.00	156453.73	NA	NA	1.99	0.02	10.91	3.48	0.04	8.02	4.17	0.04	4.16	4.77	0.04	-4.23	5.02	0.04	-8.50	5.11	0.04	-12.71
AFS	613791	3132GKKR6	Agency MBS 30yr	G-2-Q	FREDDIE MAC	0.03852281	3.5	10/1/2041	25035524	 964,439 	 138,630.24 	972766.59	898022.96	100.8635	93.1135315	-74743.62	7/31/2026	Model2501	100	LMMSOFRFLAT	RFRSwap	5.05	3.31	4.50	-0.09	0.042	 406 	0.12	0.19	0.46	1.41	2.08	0.25	0.00	5.4	7.5	65.2	44	0.04	17.48	4.09	178.00	166582.16	NA	NA	1.85	0.02	10.73	3.41	0.03	7.96	4.14	0.04	4.14	4.79	0.04	-4.24	5.05	0.04	-8.53	5.13	0.04	-12.76
HTM	613379	3132GKVQ6	Agency MBS 30yr	G-2-Q	FREDDIE MAC	0.0252531	3.5	11/1/2041	26338114	 665,119 	 129,287.55 	672746.96	619416.59	101.1469	93.1286826	-53330.37	7/31/2026	Model2501	100	LMMSOFRFLAT	RFRSwap	5.05	3.25	4.50	-0.04	0.042	 280 	0.12	0.19	0.45	1.41	2.10	0.23	0.00	5.4	7.3	66.5	44	0.03	19.94	4.25	178.00	149340.72	NA	NA	2.22	0.02	11.14	3.57	0.04	8.08	4.20	0.04	4.17	4.74	0.04	-4.22	4.97	0.04	-8.45	5.07	0.04	-12.62
AFS	613438	3132GLAC8	Agency MBS 30yr	G-2-Q	FREDDIE MAC	0.03974659	3.5	11/1/2041	75000000	 2,980,994 	 453,831.40 	3006196.81	2776050.65	100.8454	93.1249918	-230146.15	7/31/2026	Model2501	100	LMMSOFRFLAT	RFRSwap	5.04	3.32	4.54	-0.09	0.042	 1,265 	0.12	0.18	0.46	1.41	2.12	0.25	0.00	5.5	7.2	63.5	42	0.04	17.46	4.25	178.00	184700.81	NA	NA	1.92	0.02	10.87	3.45	0.04	8.04	4.18	0.04	4.18	4.83	0.04	-4.28	5.08	0.04	-8.60	5.15	0.04	-12.84
HTM	613217	3132GSJ34	Agency MBS 30yr	G-2-Q	FREDDIE MAC	0.10342134	3.5	4/1/2042	25001788	 2,585,718 	 227,519.32 	2617410.99	2406445.37	101.2257	93.0667994	-210965.61	7/31/2026	Model2501	100	LMMSOFRFLAT	RFRSwap	5.01	3.25	4.75	-0.06	0.044	 1,146 	0.11	0.17	0.44	1.42	2.29	0.32	0.01	5.7	6.9	60.4	39	0.10	12.10	3.85	172.00	150796.94	NA	NA	2.52	0.03	11.96	3.85	0.04	8.57	4.43	0.04	4.39	5.02	0.04	-4.45	5.22	0.04	-8.90	5.23	0.04	-13.21
HTM	614055	3132GSMA4	Agency MBS 30yr	G-2-Q	FREDDIE MAC	0.07599781	3.5	4/1/2042	25002901	 1,900,166 	 364,087.97 	1922330.2	1769722.65	101.1664	93.135174	-152607.55	7/31/2026	Model2501	100	LMMSOFRFLAT	RFRSwap	5.05	3.25	4.54	-0.09	0.042	 807 	0.11	0.18	0.46	1.45	2.12	0.22	0.00	5.4	6.8	65.5	45	0.08	13.99	3.84	172.00	183131.95	NA	NA	1.98	0.02	11.00	3.52	0.04	8.07	4.19	0.04	4.18	4.81	0.04	-4.28	5.02	0.04	-8.56	5.03	0.04	-12.73
HTM	614450	3132GSWQ8	Agency MBS 30yr	G-2-Q	FREDDIE MAC	0.08482048	3.5	4/1/2042	6105463	 517,868 	 61,665.87 	523715.27	482345.48	101.129	93.1405681	-41369.79	7/31/2026	Model2501	100	LMMSOFRFLAT	RFRSwap	5.12	3.25	4.38	-0.02	0.041	 212 	0.13	0.19	0.45	1.41	1.97	0.22	0.01	5.2	8.2	73.7	52	0.08	13.45	3.91	173.00	117764.56	NA	NA	2.70	0.03	11.38	3.70	0.04	8.01	4.14	0.04	4.07	4.60	0.04	-4.10	4.87	0.04	-8.23	4.98	0.04	-12.34
HTM	613671	3132GSZR3	Agency MBS 30yr	G-2-Q	FREDDIE MAC	0.09922116	3.5	4/1/2042	45000000	 4,464,952 	 686,193.57 	4501164.45	4156413.3	100.811	93.0897602	-344751.15	7/31/2026	Model2501	100	LMMSOFRFLAT	RFRSwap	5.04	3.33	4.62	-0.10	0.043	 1,925 	0.11	0.18	0.45	1.42	2.17	0.29	0.01	5.6	7.3	63.1	42	0.10	12.49	3.85	172.00	175573.66	NA	NA	2.10	0.02	11.25	3.60	0.04	8.21	4.26	0.04	4.25	4.91	0.04	-4.35	5.15	0.04	-8.72	5.20	0.04	-13.00
AFS	613928	3132HNLY3	Agency MBS 30yr	G-2-Q	FREDDIE MAC	0.10288598	3.5	10/1/2042	32615111	 3,355,638 	 520,664.27 	3366869.99	3118461.4	100.3347	92.9320062	-248408.6	7/31/2026	Model2501	100	LMMSOFRFLAT	RFRSwap	5.03	3.43	4.80	-0.03	0.045	 1,501 	0.11	0.17	0.41	1.38	2.32	0.40	0.01	5.8	7.3	60.7	39	0.10	12.82	3.94	166.00	139881.56	NA	NA	2.87	0.03	12.36	3.99	0.04	8.73	4.51	0.04	4.45	5.06	0.04	-4.48	5.31	0.04	-8.98	5.35	0.04	-13.37
AFS	613476	3132JAQ65	Agency MBS 30yr	G-2-Q	FREDDIE MAC	0.0778935	3.5	6/1/2043	31048886	 2,418,506 	 303,863.91 	2424020.56	2236856.08	100.228	92.4891529	-187164.48	7/31/2026	Model2501	100	LMMSOFRFLAT	RFRSwap	5.05	3.46	5.05	-0.07	0.047	 1,133 	0.10	0.16	0.40	1.39	2.49	0.50	0.01	6.1	6.8	60.6	40	0.08	15.43	4.01	158.00	184072.56	NA	NA	2.80	0.03	12.69	4.08	0.04	9.05	4.69	0.05	4.64	5.36	0.05	-4.71	5.60	0.05	-9.42	5.62	0.04	-13.98
AFS	614736	3132KEG25	Agency MBS 15yr	G-2-Q	FREDDIE MAC	0.03237341	2.5	8/1/2028	40327355	 1,305,534 	 1,177,006.49 	1304205.11	1284409.04	99.8982	98.3818913	-19796.08	7/31/2026	Model2501	100	LMMSOFRFLAT	RFRSwap	4.45	2.52	0.81	-0.01	0.008	 104 	0.57	0.22	0.00	0.02	0.00	0.00	0.00	0.8	18.6	34.9	36	0.03	11.30	2.91	157.00	18241.56	NA	NA	0.78	0.01	2.36	0.78	0.01	1.58	0.79	0.01	0.79	0.82	0.01	-0.80	0.82	0.01	-1.60	0.81	0.01	-2.39
AFS	613817	3132KEJW6	Agency MBS 15yr	G-2-Q	FREDDIE MAC	0.02653952	2.5	8/1/2028	15461934	 410,352 	 364,377.30 	411061.02	403177.31	100.1727	98.2515039	-7883.71	7/31/2026	Model2501	100	LMMSOFRFLAT	RFRSwap	4.55	2.19	0.83	0.00	0.008	 33 	0.57	0.24	0.00	0.01	0.00	0.00	0.00	0.8	13.3	43.9	45	0.03	13.26	2.88	156.00	37696.97	NA	NA	0.82	0.01	2.46	0.82	0.01	1.63	0.82	0.01	0.81	0.83	0.01	-0.81	0.84	0.01	-1.63	0.83	0.01	-2.43
AFS	613094	3132KEKD6	Agency MBS 15yr	G-2-Q	FREDDIE MAC	0.03644319	2.5	9/1/2028	12360645	 450,461 	 456,901.49 	450099.95	442211.3	99.9198	98.1685369	-7888.65	7/31/2026	Model2501	100	LMMSOFRFLAT	RFRSwap	4.65	2.49	0.84	-0.01	0.008	 37 	0.55	0.26	0.00	0.02	0.00	0.00	0.00	0.8	18.8	53.5	54	0.04	11.23	3.03	156.00	16803.49	NA	NA	0.81	0.01	2.45	0.81	0.01	1.64	0.82	0.01	0.82	0.86	0.01	-0.83	0.86	0.01	-1.67	0.85	0.01	-2.49
AFS	614429	3132KES22	Agency MBS 15yr	G-2-Q	FREDDIE MAC	0.04904949	2.5	6/1/2029	50521358	 2,478,047 	 1,395,600.42 	2482269.6	2417225.5	100.1704	97.5455933	-65044.1	7/31/2026	Model2501	100	LMMSOFRFLAT	RFRSwap	4.66	2.28	1.14	-0.02	0.011	 277 	0.44	0.53	0.14	0.03	0.00	0.01	0.00	1.2	16.2	50.9	46	0.05	11.67	3.21	147.00	30302.33	NA	NA	1.08	0.01	3.31	1.10	0.01	2.21	1.12	0.01	1.11	1.17	0.01	-1.12	1.19	0.01	-2.26	1.18	0.01	-3.38
AFS	613288	3132KEUD5	Agency MBS 15yr	G-2-Q	FREDDIE MAC	0.03342215	2.5	7/1/2029	82819884	 2,768,019 	 1,838,734.19 	2775326.91	2697972.07	100.264	97.4694349	-77354.83	7/31/2026	Model2501	100	LMMSOFRFLAT	RFRSwap	4.63	2.21	1.19	-0.01	0.012	 322 	0.43	0.55	0.18	0.03	0.00	0.01	0.00	1.2	14.3	47.7	42	0.03	14.70	3.18	145.00	46767.45	NA	NA	1.14	0.01	3.47	1.16	0.01	2.32	1.17	0.01	1.16	1.22	0.01	-1.17	1.23	0.01	-2.34	1.22	0.01	-3.50
AFS	613566	3132KEUE3	Agency MBS 15yr	G-2-Q	FREDDIE MAC	0.03410666	2.5	7/1/2029	50003005	 1,705,435 	 1,056,254.17 	1709281.97	1660972.12	100.2255	97.3928437	-48309.85	7/31/2026	Model2501	100	LMMSOFRFLAT	RFRSwap	4.64	2.25	1.22	-0.01	0.012	 203 	0.42	0.55	0.21	0.03	0.00	0.01	0.00	1.2	14.3	48.7	43	0.03	14.99	3.17	145.00	50978.31	NA	NA	1.16	0.01	3.56	1.19	0.01	2.37	1.20	0.01	1.19	1.25	0.01	-1.20	1.27	0.01	-2.41	1.25	0.01	-3.60
AFS	613770	3132KEUU7	Agency MBS 15yr	G-2-Q	FREDDIE MAC	0.04132465	2.5	8/1/2029	75000073	 3,099,352 	 1,515,232.73 	3106715.74	3018549.97	100.2376	97.3929453	-88165.76	7/31/2026	Model2501	100	LMMSOFRFLAT	RFRSwap	4.66	2.23	1.21	-0.01	0.012	 367 	0.42	0.54	0.21	0.03	0.00	0.01	0.00	1.2	15.0	50.6	45	0.04	13.46	3.15	144.00	43987.21	NA	NA	1.16	0.01	3.53	1.18	0.01	2.35	1.19	0.01	1.18	1.24	0.01	-1.19	1.26	0.01	-2.39	1.25	0.01	-3.58
AFS	614707	3132WWYD8	Agency CMBS	G-2-Q	FREDDIE MAC	0.86482907	3.6	4/1/2030	2300000	 1,989,107 	 43,172.04 	1937956.62	1920440.63	97.4285	96.5478864	-17515.98	7/31/2026	CPY	0	LMMSOFRFLAT	RFRSwap	4.67	4.40	3.26	0.14	0.032	 629 	0.03	0.04	2.03	1.17	0.00	0.00	0.00	3.6	NA	49.5	46	0.86	0.00	5.19	147.00	28789672.00	NA	NA	3.38	0.04	10.14	3.34	0.03	6.61	3.30	0.03	3.23	3.23	0.03	-3.09	3.19	0.03	-6.05	3.15	0.03	-8.88
HTM	613432	3132XFJ25	Agency CMBS	G-2-Q	FREDDIE MAC	1	3.85	9/1/2032	15714000	 15,714,000 	 -   	15526919.19	14944035.89	98.8095	95.1001393	-582883.3	7/31/2026	CPY	0	LMMSOFRFLAT	RFRSwap	4.83	4.11	5.31	0.36	0.051	 7,969 	0.01	0.00	-0.01	4.09	1.24	0.00	0.00	6.2	NA	59.4	56	1.00	0.00	4.38	46.00	NA	NA	NA	5.54	0.06	16.87	5.46	0.06	10.86	5.39	0.05	5.25	5.24	0.05	-4.91	5.17	0.04	-9.50	5.10	0.04	-13.80
HTM	613956	3132XFJ41	Agency CMBS	G-2-Q	FREDDIE MAC	1	3.9	10/1/2029	28657000	 28,657,000 	 -   	28519999.74	28040454.73	99.5219	97.8485352	-479545	7/31/2026	CPY	0	LMMSOFRFLAT	RFRSwap	4.63	4.06	2.96	0.12	0.029	 8,332 	0.01	0.00	2.61	0.35	0.00	0.00	0.00	3.2	NA	45.3	42	1.00	0.00	4.72	45.00	NA	NA	NA	3.06	0.03	9.27	3.02	0.03	6.06	2.99	0.03	2.97	2.93	0.03	-2.85	2.90	0.03	-5.59	2.87	0.03	-8.22
HTM	614474	3132XFJX7	Agency CMBS	G-2-Q	FREDDIE MAC	1	3.9	9/1/2032	10365000	 10,365,000 	 -   	10265332.15	9884771.5	99.0384	95.3668259	-380560.64	7/31/2026	CPY	0	LMMSOFRFLAT	RFRSwap	4.83	4.12	5.31	0.36	0.051	 5,265 	0.01	0.00	-0.01	4.08	1.23	0.00	0.00	6.2	NA	59.4	56	1.00	0.00	4.45	46.00	NA	NA	NA	5.53	0.06	16.89	5.46	0.06	10.87	5.38	0.05	5.25	5.23	0.05	-4.91	5.16	0.04	-9.51	5.09	0.04	-13.82
HTM	614318	3132XFJY5	Agency CMBS	G-2-Q	FREDDIE MAC	1	4.05	9/1/2032	21258000	 21,258,000 	 -   	21354325.64	20454030.9	100.4531	96.2180398	-900294.74	7/31/2026	CPY	0	LMMSOFRFLAT	RFRSwap	4.82	4.01	5.29	0.35	0.051	 10,854 	0.01	0.00	0.00	4.06	1.22	0.00	0.00	6.2	NA	58.4	55	1.00	0.00	4.70	46.00	NA	NA	NA	5.51	0.06	16.98	5.44	0.06	10.93	5.36	0.05	5.28	5.21	0.05	-4.94	5.14	0.04	-9.56	5.07	0.04	-13.89
AFS	612638	3132XFKJ6	Agency CMBS	G-2-Q	FREDDIE MAC	1	3.9	12/1/2029	45911000	 45,911,000 	 -   	45540655.36	44829176.24	99.1933	97.6436502	-711479.11	7/31/2026	CPY	0	LMMSOFRFLAT	RFRSwap	4.67	4.17	3.10	0.13	0.030	 13,962 	0.01	0.00	2.47	0.63	0.00	0.00	0.00	3.4	NA	48.9	45	1.00	0.00	5.44	43.00	NA	NA	NA	3.20	0.03	9.72	3.17	0.03	6.34	3.14	0.03	3.11	3.07	0.03	-2.98	3.04	0.03	-5.84	3.01	0.03	-8.58
AFS	613568	3132XFN38	Agency CMBS	G-2-Q	FREDDIE MAC	1	4.3	9/1/2028	84958000	 84,958,000 	 -   	83940231	84336253.23	98.802	99.2681716	396022.22	7/31/2026	CPY	0	LMMSOFRFLAT	RFRSwap	4.63	4.86	2.01	0.06	0.020	 16,979 	0.01	1.67	0.32	0.00	0.00	0.00	0.00	2.2	NA	44.9	41	1.00	0.00	5.94	34.00	NA	NA	NA	2.07	0.02	6.27	2.05	0.02	4.12	2.03	0.02	2.03	1.99	0.02	-1.97	1.97	0.02	-3.88	1.95	0.02	-5.74
AFS	614416	3132XG5P7	Agency CMBS	G-2-Q	FREDDIE MAC	1	3.75	12/1/2031	36451000	 36,451,000 	 -   	35030251.12	34782383.34	96.1023	95.4223021	-247867.78	7/31/2026	CPY	0	LMMSOFRFLAT	RFRSwap	4.76	4.61	4.73	0.28	0.045	 16,516 	0.00	0.00	0.01	4.34	0.38	0.00	0.00	5.4	NA	55.3	52	1.00	0.00	4.72	19.00	NA	NA	NA	4.92	0.05	14.91	4.85	0.05	9.63	4.79	0.05	4.67	4.67	0.04	-4.40	4.61	0.04	-8.54	4.56	0.04	-12.45
AFS	614012	3132XG5S1	Agency CMBS	G-2-Q	FREDDIE MAC	1	4	9/1/2031	84500000	 84,500,000 	 -   	82403545.27	82040319.41	97.519	97.0891354	-363225.86	7/31/2026	CPY	0	LMMSOFRFLAT	RFRSwap	4.69	4.59	4.46	0.26	0.043	 36,701 	0.01	0.02	0.05	4.25	0.14	0.00	0.00	5.1	NA	48.8	45	1.00	0.00	5.07	22.00	NA	NA	NA	4.63	0.05	14.23	4.58	0.05	9.21	4.52	0.05	4.47	4.40	0.04	-4.22	4.34	0.04	-8.21	4.29	0.04	-11.98
AFS	847836	3132XGAC0	Agency CMBS	G-2-Q	FREDDIE MAC	1	4.45	2/1/2033	8691000	 8,691,000 	 -   	8626928.21	8520968	99.2628	98.0435853	-105960.21	7/31/2026	CPY	0	LMMSOFRFLAT	RFRSwap	4.86	4.64	5.54	0.39	0.055	 4,741 	0.01	0.01	0.02	3.78	1.73	0.00	0.00	6.6	NA	61.4	58	1.00	0.00	5.50	5.00	NA	NA	NA	5.79	0.07	18.24	5.71	0.06	11.72	5.63	0.06	5.65	5.46	0.05	-5.27	5.38	0.05	-10.18	5.30	0.04	-14.77
PUB_HTM	614620	3132XGJS6	Agency CMBS	G-2-Q	FREDDIE MAC	0.98737144	1.21	10/1/2030	50000000	 49,368,572 	 581,365.46 	46190607.1	43155539.83	93.5628	87.4150053	-3035067.27	7/31/2026	CPY	0	LMMSOFRFLAT	RFRSwap	4.65	2.90	3.85	0.19	0.034	 16,643 	0.00	-0.02	1.46	2.41	0.00	0.00	0.00	4.1	NA	46.4	43	0.99	0.00	2.76	69.00	NA	NA	NA	3.98	0.04	10.91	3.94	0.04	7.09	3.90	0.04	3.46	3.81	0.03	-3.29	3.77	0.03	-6.42	3.73	0.03	-9.40
PUB_HTM	614779	3132XGKD7	Agency CMBS	G-2-Q	FREDDIE MAC	0.96972301	1.51	12/1/2030	49852000	 48,342,631 	 970,299.11 	45648514.61	42156594.33	94.427	87.2037641	-3491920.28	7/31/2026	CPY	0	LMMSOFRFLAT	RFRSwap	4.94	2.94	3.93	0.20	0.034	 16,599 	0.01	0.00	1.16	2.76	0.00	0.00	0.00	4.2	NA	75.0	72	0.97	0.00	3.45	67.00	NA	NA	NA	4.07	0.04	11.14	4.02	0.04	7.23	3.98	0.04	3.52	3.89	0.03	-3.35	3.84	0.03	-6.53	3.80	0.03	-9.56
HTM	613311	3132XGQN9	Agency CMBS	G-2-Q	FREDDIE MAC	1	4	9/1/2032	18969000	 18,969,000 	 -   	18998963.26	18179868.17	100.158	95.839887	-819095.09	7/31/2026	CPY	0	LMMSOFRFLAT	RFRSwap	4.86	4.01	5.13	0.34	0.049	 9,367 	0.01	0.03	0.07	3.88	1.14	0.00	0.00	6.0	NA	63.0	60	1.00	0.00	4.72	46.00	NA	NA	NA	5.36	0.06	16.40	5.29	0.06	10.56	5.21	0.05	5.10	5.06	0.05	-4.78	4.99	0.04	-9.26	4.91	0.04	-13.45
HTM	614019	3132XGRE8	Agency CMBS	G-2-Q	FREDDIE MAC	1	3.6	10/1/2032	29345000	 29,345,000 	 -   	28727328.03	27431918.16	97.8951	93.480723	-1295409.87	7/31/2026	CPY	0	LMMSOFRFLAT	RFRSwap	4.91	4.03	5.24	0.35	0.049	 14,433 	0.01	0.02	0.06	3.90	1.25	0.00	0.00	6.0	NA	67.2	64	1.00	0.00	4.54	45.00	NA	NA	NA	5.47	0.06	16.36	5.40	0.06	10.53	5.32	0.05	5.09	5.17	0.05	-4.76	5.10	0.04	-9.21	5.02	0.04	-13.38
HTM	613886	3132XGRP3	Agency CMBS	G-2-Q	FREDDIE MAC	1	3.25	11/1/2032	43614000	 43,614,000 	 -   	41786368.44	40123228.43	95.8095	91.9962132	-1663140.02	7/31/2026	CPY	0	LMMSOFRFLAT	RFRSwap	4.82	4.07	5.35	0.36	0.049	 21,530 	0.00	0.02	0.05	3.90	1.38	0.00	0.00	6.1	NA	58.5	55	1.00	0.00	4.19	44.00	NA	NA	NA	5.58	0.06	16.44	5.50	0.06	10.58	5.43	0.05	5.11	5.27	0.05	-4.77	5.20	0.04	-9.24	5.13	0.04	-13.42
HTM	613317	3132XGRS7	Agency CMBS	G-2-Q	FREDDIE MAC	0.98247739	4.17	11/1/2029	41469000	 40,742,355 	 478,857.95 	40869780.89	40145344.77	100.3128	98.5346696	-724436.11	7/31/2026	CPY	0	LMMSOFRFLAT	RFRSwap	4.67	4.07	2.97	0.12	0.029	 11,949 	0.02	0.02	2.45	0.47	0.00	0.00	0.00	3.3	NA	49.1	46	0.98	0.00	4.95	44.00	NA	NA	NA	3.06	0.03	9.36	3.03	0.03	6.11	3.00	0.03	2.99	2.93	0.03	-2.87	2.90	0.03	-5.64	2.87	0.03	-8.29
AFS	614352	3132XGRW8	Agency CMBS	G-2-Q	FREDDIE MAC	0.99472574	3.9	12/1/2029	11321000	 11,261,290 	 59,098.05 	11165415.33	10997520.17	99.1486	97.657729	-167895.16	7/31/2026	CPY	0	LMMSOFRFLAT	RFRSwap	4.68	4.18	3.06	0.13	0.030	 3,372 	0.02	0.02	2.41	0.61	0.00	0.00	0.00	3.3	NA	49.6	46	0.99	0.00	5.50	43.00	NA	NA	NA	3.16	0.03	9.57	3.12	0.03	6.24	3.09	0.03	3.06	3.02	0.03	-2.93	2.99	0.03	-5.75	2.96	0.03	-8.45
AFS	614249	3132XGST4	Agency CMBS	G-2-Q	FREDDIE MAC	0.99362268	4.1	1/1/2030	23099000	 22,951,690 	 144,775.71 	22630217.95	22570010.01	98.5994	98.3370276	-60207.94	7/31/2026	CPY	0	LMMSOFRFLAT	RFRSwap	4.65	4.56	3.10	0.13	0.031	 7,011 	0.02	0.03	2.31	0.74	0.00	0.00	0.00	3.4	NA	46.8	43	0.99	0.00	5.59	42.00	NA	NA	NA	3.20	0.03	9.77	3.16	0.03	6.37	3.13	0.03	3.12	3.06	0.03	-2.99	3.03	0.03	-5.86	3.00	0.03	-8.62
AFS	613749	3132XGSZ0	Agency CMBS	G-2-Q	FREDDIE MAC	0.99398851	4.2	1/1/2030	21224000	 21,096,412 	 125,889.88 	20864669.63	20810977.93	98.9015	98.6470012	-53691.69	7/31/2026	CPY	0	LMMSOFRFLAT	RFRSwap	4.65	4.57	3.10	0.13	0.031	 6,464 	0.02	0.03	2.31	0.74	0.00	0.00	0.00	3.4	NA	46.8	43	0.99	0.00	5.89	42.00	NA	NA	NA	3.20	0.03	9.80	3.16	0.03	6.39	3.13	0.03	3.13	3.06	0.03	-3.00	3.03	0.03	-5.88	3.00	0.03	-8.64
AFS	614703	3132XGT48	Agency CMBS	G-2-Q	FREDDIE MAC	0.99398852	4.25	1/1/2030	10526000	 10,462,723 	 63,722.65 	10513646.74	10305464.69	100.4867	98.4969642	-208182.06	7/31/2026	CPY	0	LMMSOFRFLAT	RFRSwap	4.75	4.11	3.09	0.13	0.031	 3,198 	0.02	0.03	2.30	0.74	0.00	0.00	0.00	3.4	NA	56.6	53	0.99	0.00	5.89	42.00	NA	NA	NA	3.20	0.03	9.78	3.16	0.03	6.38	3.13	0.03	3.12	3.06	0.03	-2.99	3.03	0.03	-5.87	2.99	0.03	-8.62
AFS	613540	3132XGX92	Agency CMBS	G-2-Q	FREDDIE MAC	1	4.83	11/1/2028	49166000	 49,166,000 	 -   	49205988.73	49405678.35	100.0813	100.487488	199689.63	7/31/2026	CPY	0	LMMSOFRFLAT	RFRSwap	4.58	4.77	2.13	0.07	0.022	 10,572 	0.02	1.42	0.69	0.00	0.00	0.00	0.00	2.3	NA	39.9	36	1.00	0.00	6.30	32.00	NA	NA	NA	2.19	0.02	6.76	2.17	0.02	4.44	2.15	0.02	2.18	2.11	0.02	-2.12	2.09	0.02	-4.17	2.07	0.02	-6.16
AFS	613044	3132XGYZ3	Agency CMBS	G-2-Q	FREDDIE MAC	1	4.5	12/1/2028	32020000	 32,020,000 	 -   	31769028.13	31937412.77	99.2162	99.7420761	168384.64	7/31/2026	CPY	0	LMMSOFRFLAT	RFRSwap	4.59	4.83	2.21	0.07	0.022	 7,084 	0.02	1.30	0.89	0.00	0.00	0.00	0.00	2.4	NA	41.5	38	1.00	0.00	6.06	31.00	NA	NA	NA	2.28	0.02	6.97	2.25	0.02	4.57	2.23	0.02	2.25	2.19	0.02	-2.18	2.17	0.02	-4.29	2.15	0.02	-6.33
AFS	612783	3132XGZJ8	Agency CMBS	G-2-Q	FREDDIE MAC	1	4.5	12/1/2028	76953000	 76,953,000 	 -   	75893089.53	76754500.51	98.6227	99.742051	861410.98	7/31/2026	CPY	0	LMMSOFRFLAT	RFRSwap	4.59	5.10	2.21	0.07	0.022	 17,027 	0.02	1.30	0.89	0.00	0.00	0.00	0.00	2.4	NA	41.5	38	1.00	0.00	6.12	31.00	NA	NA	NA	2.28	0.02	6.97	2.25	0.02	4.57	2.23	0.02	2.25	2.19	0.02	-2.18	2.17	0.02	-4.29	2.15	0.02	-6.33
PUB_HTM	613602	3132XHLC6	Agency CMBS	G-2-Q	FREDDIE MAC	0.91233998	2.32	8/1/2031	16150000	 14,734,291 	 329,534.67 	14392619.18	13251545.4	97.6811	89.9367719	-1141073.78	7/31/2026	CPY	0	LMMSOFRFLAT	RFRSwap	4.73	2.86	4.35	0.25	0.039	 5,781 	0.02	0.02	0.05	4.21	0.06	0.00	0.00	4.8	NA	52.9	49	0.91	0.00	4.21	83.00	NA	NA	NA	4.53	0.05	12.84	4.47	0.04	8.31	4.41	0.04	4.04	4.30	0.04	-3.81	4.24	0.04	-7.42	4.18	0.03	-10.83
AFS	613528	3132XKR66	Agency CMBS	G-2-Q	FREDDIE MAC	1	4.05	3/1/2029	27915000	 27,915,000 	 -   	27788125.95	27449868.24	99.5455	98.3337569	-338257.71	7/31/2026	CPY	0	LMMSOFRFLAT	RFRSwap	4.72	4.22	2.43	0.08	0.024	 6,697 	0.02	0.84	1.58	0.00	0.00	0.00	0.00	2.6	NA	54.3	51	1.00	0.00	5.76	28.00	NA	NA	NA	2.51	0.03	7.58	2.48	0.03	4.97	2.46	0.02	2.44	2.41	0.02	-2.36	2.38	0.02	-4.64	2.36	0.02	-6.84
AFS	614796	3132XKR74	Agency CMBS	G-2-Q	FREDDIE MAC	1	4.05	3/1/2029	12525000	 12,525,000 	 -   	12468073.71	12316303.05	99.5455	98.3337569	-151770.66	7/31/2026	CPY	0	LMMSOFRFLAT	RFRSwap	4.72	4.22	2.43	0.08	0.024	 3,005 	0.02	0.84	1.58	0.00	0.00	0.00	0.00	2.6	NA	54.3	51	1.00	0.00	5.76	28.00	NA	NA	NA	2.51	0.03	7.58	2.48	0.03	4.97	2.46	0.02	2.44	2.41	0.02	-2.36	2.38	0.02	-4.64	2.36	0.02	-6.84
AFS	614076	3132XKR82	Agency CMBS	G-2-Q	FREDDIE MAC	0.99922907	4.12	6/1/2029	98320000	 98,244,202 	 75,755.63 	98189454.86	96927454.28	99.9443	98.6597195	-1262000.58	7/31/2026	CPY	0	LMMSOFRFLAT	RFRSwap	4.62	4.13	2.63	0.10	0.026	 25,597 	0.02	0.26	2.36	0.00	0.00	0.00	0.00	2.9	NA	44.5	41	1.00	0.00	5.59	25.00	NA	NA	NA	2.72	0.03	8.27	2.69	0.03	5.41	2.66	0.03	2.65	2.60	0.03	-2.56	2.58	0.02	-5.02	2.55	0.02	-7.40
AFS	613381	3132XKRY5	Agency CMBS	G-2-Q	FREDDIE MAC	1	4.41	3/1/2029	17475000	 17,475,000 	 -   	17470904.3	17345444.12	99.9766	99.2586216	-125460.18	7/31/2026	CPY	0	LMMSOFRFLAT	RFRSwap	4.70	4.40	2.42	0.08	0.024	 4,215 	0.02	0.83	1.57	0.00	0.00	0.00	0.00	2.6	NA	52.3	49	1.00	0.00	5.76	28.00	NA	NA	NA	2.50	0.03	7.62	2.47	0.03	4.99	2.45	0.02	2.45	2.40	0.02	-2.37	2.37	0.02	-4.66	2.35	0.02	-6.88
AFS	614240	3132XKRZ2	Agency CMBS	G-2-Q	FREDDIE MAC	1	4.38	6/1/2029	35270000	 35,270,000 	 -   	35351495.16	34954061.82	100.2311	99.1042297	-397433.34	7/31/2026	CPY	0	LMMSOFRFLAT	RFRSwap	4.71	4.29	2.64	0.10	0.026	 9,269 	0.02	0.26	2.37	0.00	0.00	0.00	0.00	2.9	NA	53.5	50	1.00	0.00	5.86	25.00	NA	NA	NA	2.73	0.03	8.34	2.70	0.03	5.46	2.67	0.03	2.68	2.61	0.03	-2.58	2.59	0.02	-5.07	2.56	0.02	-7.47
AFS	613100	3132XKTB3	Agency CMBS	G-2-Q	FREDDIE MAC	1	3.83	7/1/2029	47530000	 47,530,000 	 -   	47321454.26	46486972.26	99.5612	97.8055381	-834482	7/31/2026	CPY	0	LMMSOFRFLAT	RFRSwap	4.63	3.98	2.73	0.10	0.027	 12,730 	0.01	0.05	2.67	0.00	0.00	0.00	0.00	3.0	NA	45.3	41	1.00	0.00	5.74	24.00	NA	NA	NA	2.82	0.03	8.52	2.79	0.03	5.57	2.76	0.03	2.73	2.70	0.03	-2.63	2.67	0.02	-5.16	2.64	0.02	-7.60
AFS	614367	3133A0J21	Agency MBS 30yr	G-2-Q	FREDDIE MAC	0.27782737	3	12/1/2049	3303659	 917,847 	 223,467.69 	932906.06	801583.59	101.6407	87.3330397	-131322.47	7/31/2026	Model2501	100	LMMSOFRFLAT	RFRSwap	5.14	2.74	6.38	0.05	0.056	 513 	0.06	0.11	0.30	1.22	3.06	1.61	0.04	7.9	5.7	58.7	40	0.28	15.85	3.78	81.00	131641.03	NA	NA	4.11	0.04	15.83	5.30	0.05	11.01	5.95	0.06	5.58	6.73	0.06	-5.56	6.98	0.05	-11.02	6.96	0.05	-16.18
PUB_HTM	614219	3133AALF7	Agency MBS 30yr	G-2-Q	FREDDIE MAC	0.60869891	2	10/1/2050	23550000	 14,334,859 	 1,334,040.37 	13452573.82	11310572.12	93.8452	78.9025679	-2142001.7	7/31/2026	Model2501	100	LMMSOFRFLAT	RFRSwap	5.35	2.84	7.58	0.13	0.060	 8,596 	0.04	0.07	0.22	1.13	3.36	2.56	0.22	8.8	5.6	69.9	60	0.61	5.89	2.95	71.00	329224.59	NA	NA	5.20	0.05	17.35	6.35	0.06	11.91	7.03	0.06	6.00	7.99	0.06	-5.94	8.11	0.05	-11.61	7.93	0.05	-16.82
PUB_HTM	613859	3133AD6L5	Agency MBS 30yr	G-2-Q	FREDDIE MAC	0.64359	2	1/1/2051	42156491	 27,131,496 	 1,904,766.25 	25456006.07	21378302.19	93.8246	78.795147	-4077703.88	7/31/2026	Model2501	100	LMMSOFRFLAT	RFRSwap	5.39	2.85	7.63	0.08	0.060	 16,336 	0.04	0.07	0.22	1.11	3.34	2.61	0.25	8.8	5.8	73.0	64	0.64	5.31	2.88	68.00	256458.00	NA	NA	5.36	0.05	17.54	6.39	0.06	11.97	7.09	0.06	6.03	8.05	0.06	-5.97	8.17	0.06	-11.68	7.99	0.05	-16.91
PUB_HTM	613640	3133AEEG5	Agency MBS 30yr	G-2-Q	FREDDIE MAC	0.68355869	2	1/1/2051	46077356	 31,496,577 	 2,455,421.32 	29537214.02	24831472.47	93.7791	78.8386382	-4705741.55	7/31/2026	Model2501	100	LMMSOFRFLAT	RFRSwap	5.45	2.87	7.48	0.07	0.059	 18,617 	0.04	0.08	0.25	1.14	3.25	2.51	0.23	8.7	6.0	80.0	71	0.68	4.25	2.83	68.00	276285.75	NA	NA	5.33	0.05	17.24	6.29	0.06	11.76	6.96	0.06	5.93	7.97	0.06	-5.88	8.15	0.05	-11.57	7.98	0.05	-16.81
PUB_HTM	613689	3133ARR72	Agency MBS 30yr	G-2-Q	FREDDIE MAC	0.7524492	2	9/1/2051	50000000	 37,622,460 	 2,793,991.48 	35225300.85	29497333.55	93.6284	78.4035216	-5727967.3	7/31/2026	Model2501	100	LMMSOFRFLAT	RFRSwap	5.38	2.85	7.82	0.08	0.061	 23,105 	0.04	0.07	0.22	1.07	3.26	2.83	0.34	9.1	5.8	69.2	62	0.75	3.46	2.94	59.00	342905.66	NA	NA	5.35	0.05	17.72	6.48	0.06	12.14	7.20	0.06	6.13	8.27	0.06	-6.09	8.39	0.06	-11.91	8.16	0.05	-17.21
PUB_HTM	613352	3133ASLA9	Agency MBS 30yr	G-2-Q	FREDDIE MAC	0.70802595	2.5	9/1/2051	20061168	 14,203,828 	 1,850,214.82 	13647262.82	11837176.43	96.0816	83.3379341	-1810086.39	7/31/2026	Model2501	100	LMMSOFRFLAT	RFRSwap	5.22	3.06	7.11	-0.03	0.059	 8,440 	0.05	0.09	0.27	1.13	3.03	2.34	0.23	8.6	6.6	56.7	46	0.71	4.76	3.34	59.00	187195.14	NA	NA	4.78	0.05	16.90	5.84	0.06	11.65	6.56	0.06	5.91	7.68	0.06	-5.96	7.98	0.06	-11.83	7.92	0.05	-17.33
PUB_HTM	613695	3133AUFA1	Agency MBS 30yr	G-2-Q	FREDDIE MAC	0.65894331	3	10/1/2051	20000000	 13,178,866 	 1,276,407.94 	12936910.6	11305142.51	98.1641	85.7823605	-1631768.08	7/31/2026	Model2501	100	LMMSOFRFLAT	RFRSwap	5.34	3.26	6.91	-0.19	0.059	 7,834 	0.06	0.10	0.29	1.14	2.87	2.23	0.24	8.6	6.9	66.3	58	0.66	6.43	3.62	59.00	349628.97	NA	NA	4.06	0.04	16.12	5.38	0.05	11.34	6.21	0.06	5.84	7.52	0.06	-6.00	7.80	0.06	-11.93	7.72	0.05	-17.48
PUB_HTM	612762	3133AUQF8	Agency MBS 30yr	G-2-Q	FREDDIE MAC	0.66945782	2.5	10/1/2051	15000000	 10,041,867 	 1,721,679.69 	9642164.11	8313503.5	96.0196	82.7884222	-1328660.61	7/31/2026	Model2501	100	LMMSOFRFLAT	RFRSwap	5.28	3.06	7.27	-0.06	0.060	 6,056 	0.06	0.09	0.27	1.12	3.00	2.47	0.28	8.8	6.5	60.6	52	0.67	5.97	3.10	58.00	302218.69	NA	NA	4.71	0.05	16.93	5.85	0.06	11.73	6.63	0.06	5.98	7.84	0.06	-6.05	8.10	0.06	-11.97	7.98	0.05	-17.48
PUB_HTM	613567	3133AXLG5	Agency MBS 30yr	G-2-Q	FREDDIE MAC	0.75799271	2	11/1/2051	34429847	 26,097,573 	 1,932,502.75 	24440074.53	20552449.03	93.6488	78.7523384	-3887625.5	7/31/2026	Model2501	100	LMMSOFRFLAT	RFRSwap	5.36	2.86	7.74	0.02	0.061	 15,932 	0.04	0.08	0.24	1.10	3.21	2.76	0.33	9.0	6.0	68.2	61	0.76	3.47	2.83	58.00	315947.84	NA	NA	5.38	0.05	17.66	6.42	0.06	12.07	7.14	0.06	6.10	8.26	0.06	-6.08	8.41	0.06	-11.93	8.21	0.05	-17.29
AFS	613679	3133BKLB3	Agency MBS 30yr	G-2-Q	FREDDIE MAC	0.77492005	5	9/1/2052	9639374	 7,469,744 	 975,488.38 	7345931.16	7291778.75	98.3425	97.6175164	-54152.41	7/31/2026	Model2501	100	LMMSOFRFLAT	RFRSwap	5.39	5.27	5.27	-0.66	0.052	 3,857 	0.12	0.17	0.39	1.03	2.11	1.38	0.09	8.2	7.5	59.8	58	0.77	4.99	5.92	48.00	393144.44	NA	NA	1.12	0.01	9.40	2.00	0.02	7.99	4.08	0.04	4.75	6.02	0.06	-5.41	6.54	0.06	-11.07	6.72	0.05	-16.67
HTM	614799	3133BQWK8	Agency MBS 30yr	G-2-Q	FREDDIE MAC	0.77835791	5.5	11/1/2052	29725134	 23,136,793 	 1,465,830.20 	23329641.74	23073054.59	100.8335	99.7245142	-256587.14	7/31/2026	Model2501	100	LMMSOFRFLAT	RFRSwap	5.55	5.34	4.50	-0.92	0.045	 10,438 	0.15	0.25	0.48	1.07	1.62	0.91	0.05	7.2	9.5	69.6	80	0.78	5.33	6.05	46.00	393186.47	NA	NA	1.01	0.01	6.99	1.12	0.01	6.07	3.05	0.03	3.93	5.51	0.05	-4.92	6.39	0.06	-10.43	6.95	0.06	-16.26
HTM	614085	3133BQY59	Agency MBS 30yr	G-2-Q	FREDDIE MAC	0.76298427	5	11/1/2052	17608802	 13,435,239 	 1,308,998.42 	13319754.94	13192989.88	99.1404	98.1969129	-126765.06	7/31/2026	Model2501	100	LMMSOFRFLAT	RFRSwap	5.32	5.15	4.57	-0.80	0.045	 6,055 	0.14	0.24	0.49	1.06	1.66	0.95	0.05	7.0	9.8	54.1	59	0.76	5.79	5.79	45.00	175750.95	NA	NA	0.50	0.01	6.82	1.07	0.01	6.29	3.25	0.03	4.01	5.37	0.05	-4.81	6.04	0.05	-10.02	6.57	0.05	-15.44
HTM	614649	3133BRCV4	Agency MBS 30yr	G-2-Q	FREDDIE MAC	0.62032487	5	11/1/2052	6349088	 3,938,497 	 341,006.22 	3904596.64	3833196.52	99.1393	97.3263743	-71400.13	7/31/2026	Model2501	100	LMMSOFRFLAT	RFRSwap	5.46	5.14	4.89	-0.79	0.048	 1,883 	0.13	0.23	0.49	1.10	1.81	1.10	0.07	7.5	8.5	67.0	70	0.62	10.90	5.57	46.00	246460.39	NA	NA	0.38	0.00	7.27	1.17	0.01	6.82	3.55	0.04	4.29	5.75	0.05	-5.09	6.48	0.06	-10.60	6.97	0.06	-16.29
AFS	613403	3133BRJG0	Agency MBS 30yr	G-2-Q	FREDDIE MAC	0.8166911	5	11/1/2052	9938867	 8,116,984 	 1,421,871.04 	7975623.66	7906411.75	98.2585	97.4057795	-69211.91	7/31/2026	Model2501	100	LMMSOFRFLAT	RFRSwap	5.39	5.26	5.69	-0.76	0.056	 4,516 	0.09	0.18	0.44	1.13	2.27	1.50	0.10	9.0	6.2	57.0	57	0.82	3.98	5.63	46.00	427209.69	NA	NA	0.47	0.00	8.93	1.62	0.02	8.28	4.26	0.04	5.06	6.57	0.06	-5.84	7.17	0.06	-11.97	7.36	0.06	-18.01
HTM	613180	3133BULH8	Agency MBS 30yr	G-2-Q	FREDDIE MAC	0.72270124	5	2/1/2053	20755389	 14,999,945 	 1,885,272.71 	15096370.16	14593253.12	100.6428	97.2887085	-503117.03	7/31/2026	Model2501	100	LMMSOFRFLAT	RFRSwap	5.50	4.87	4.54	-0.87	0.044	 6,650 	0.15	0.25	0.48	1.05	1.63	0.93	0.07	6.7	10.4	68.4	79	0.72	7.61	5.97	43.00	242303.97	NA	NA	1.03	0.01	6.96	1.15	0.01	6.00	3.09	0.03	3.88	5.43	0.05	-4.78	6.14	0.05	-10.00	6.71	0.06	-15.47
PUB_HTM	613228	3133D4PQ0	Agency MBS 20yr	G-2-Q	FREDDIE MAC	0.61209504	2	1/1/2042	18289955	 11,195,191 	 1,740,357.64 	10647326.59	9598013.64	95.1063	85.7333641	-1049312.95	7/31/2026	Model2501	100	LMMSOFRFLAT	RFRSwap	5.09	2.96	5.38	-0.03	0.046	 5,176 	0.08	0.14	0.38	1.59	2.69	0.48	0.04	5.8	7.4	63.0	48	0.61	6.36	2.92	55.00	130473.68	NA	NA	4.12	0.04	13.45	4.70	0.04	9.13	5.05	0.05	4.60	5.67	0.05	-4.63	5.77	0.04	-9.16	5.70	0.04	-13.44
PUB_HTM	613571	3133GA6B7	Agency MBS 15yr	G-2-Q	FREDDIE MAC	0.45367522	1.5	12/1/2035	25000000	 11,341,881 	 2,039,668.71 	10928079.57	10091874.64	96.3516	88.9788483	-836204.93	7/31/2026	Model2501	100	LMMSOFRFLAT	RFRSwap	4.87	2.53	3.71	0.01	0.033	 3,748 	0.13	0.23	0.57	1.87	0.83	0.05	0.02	3.7	7.2	59.2	42	0.45	6.54	2.33	68.00	206747.95	NA	NA	3.01	0.03	9.64	3.33	0.03	6.54	3.55	0.03	3.30	3.80	0.03	-3.29	3.78	0.03	-6.49	3.69	0.03	-9.52
PUB_HTM	614472	3133GCT28	Agency MBS 15yr	G-2-Q	FREDDIE MAC	0.47507426	1.5	4/1/2036	42797538	 20,332,009 	 4,194,607.89 	19573847.99	18026913.4	96.2711	88.6627272	-1546934.59	7/31/2026	Model2501	100	LMMSOFRFLAT	RFRSwap	4.80	2.50	3.89	0.01	0.035	 7,021 	0.13	0.22	0.54	1.90	1.04	0.05	0.02	3.9	6.8	50.5	33	0.48	6.77	2.31	65.00	235430.83	NA	NA	3.11	0.03	10.07	3.49	0.03	6.84	3.72	0.03	3.45	3.99	0.03	-3.44	3.98	0.03	-6.78	3.88	0.03	-9.94
PUB_HTM	613065	3133GGFV0	Agency MBS 15yr	G-2-Q	FREDDIE MAC	0.53226947	2	1/1/2037	14300167	 7,611,542 	 2,008,649.47 	7446866.44	6889223.14	97.8365	90.5102128	-557643.3	7/31/2026	Model2501	100	LMMSOFRFLAT	RFRSwap	4.67	2.55	3.96	-0.05	0.036	 2,735 	0.13	0.21	0.52	1.76	1.27	0.05	0.02	4.1	8.2	34.9	18	0.53	7.01	2.49	55.00	149523.58	NA	NA	3.20	0.03	10.43	3.53	0.03	7.06	3.75	0.04	3.57	4.17	0.04	-3.61	4.23	0.04	-7.21	4.18	0.03	-10.65
AFS	613781	3133KHE93	Agency MBS 30yr	G-2-Q	FREDDIE MAC	0.46488023	2.5	12/1/2049	2465413	 1,146,122 	 47,746.40 	1146121.76	946641.5	100	82.595195	-199480.26	7/31/2026	Model2501	100	LMMSOFRFLAT	RFRSwap	5.24	2.49	7.19	0.13	0.060	 682 	0.05	0.08	0.25	1.13	3.24	2.33	0.13	8.8	5.5	62.9	47	0.46	8.90	3.44	81.00	192560.70	NA	NA	4.82	0.05	17.16	6.01	0.06	11.82	6.70	0.06	5.97	7.57	0.06	-5.89	7.78	0.06	-11.60	7.69	0.05	-16.91
AFS	613500	3133KHFD3	Agency MBS 30yr	G-2-Q	FREDDIE MAC	0.27396889	3	12/1/2049	1671940	 458,060 	 12,953.98 	466127.9	394427.2	101.7614	86.1082797	-71700.7	7/31/2026	Model2501	100	LMMSOFRFLAT	RFRSwap	5.14	2.75	7.04	0.02	0.061	 278 	0.06	0.09	0.27	1.12	3.09	2.29	0.13	9.0	5.6	51.2	35	0.27	16.06	3.91	80.00	229029.77	NA	NA	4.02	0.04	16.74	5.60	0.05	11.81	6.44	0.06	6.04	7.46	0.06	-6.04	7.74	0.06	-11.95	7.72	0.05	-17.50
PUB_HTM	613227	3133KK5P0	Agency MBS 30yr	G-2-Q	FREDDIE MAC	0.61313107	2	2/1/2051	15000000	 9,196,966 	 785,803.65 	8628131.32	7250734.78	93.815	78.8383336	-1377396.55	7/31/2026	Model2501	100	LMMSOFRFLAT	RFRSwap	5.46	2.87	7.47	0.08	0.059	 5,429 	0.04	0.08	0.25	1.15	3.24	2.50	0.23	8.6	6.0	80.1	71	0.61	6.24	2.87	67.00	281900.19	NA	NA	5.31	0.05	17.19	6.28	0.06	11.73	6.95	0.06	5.91	7.97	0.06	-5.88	8.16	0.06	-11.57	8.00	0.05	-16.82
PUB_HTM	613976	3133KKD63	Agency MBS 30yr	G-2-Q	FREDDIE MAC	0.56161685	2	10/1/2050	10000000	 5,616,169 	 658,757.04 	5268100.07	4433740.93	93.8024	78.9460097	-834359.14	7/31/2026	Model2501	100	LMMSOFRFLAT	RFRSwap	5.47	2.88	7.40	0.10	0.059	 3,287 	0.04	0.08	0.25	1.17	3.27	2.40	0.21	8.5	6.1	82.5	74	0.56	7.17	2.90	71.00	285162.41	NA	NA	5.24	0.05	17.01	6.22	0.06	11.62	6.87	0.06	5.86	7.88	0.06	-5.82	8.07	0.05	-11.46	7.92	0.05	-16.68
PUB_HTM	613133	3133KMNY7	Agency MBS 30yr	G-2-Q	FREDDIE MAC	0.66818555	2	9/1/2051	10000000	 6,681,856 	 573,893.57 	6260532.31	5262161.16	93.6945	78.7529925	-998371.15	7/31/2026	Model2501	100	LMMSOFRFLAT	RFRSwap	5.41	2.87	7.65	0.03	0.060	 4,033 	0.04	0.07	0.24	1.13	3.23	2.66	0.30	8.9	6.0	73.0	66	0.67	5.65	2.90	60.00	316678.31	NA	NA	5.29	0.05	17.39	6.34	0.06	11.91	7.04	0.06	6.02	8.19	0.06	-6.02	8.38	0.06	-11.84	8.20	0.05	-17.19
PUB_HTM	613160	3133KMP74	Agency MBS 30yr	G-2-Q	FREDDIE MAC	0.70304387	2	9/1/2051	60000000	 42,182,632 	 3,101,824.32 	39494015.72	33220003.21	93.6262	78.7527982	-6274012.51	7/31/2026	Model2501	100	LMMSOFRFLAT	RFRSwap	5.40	2.87	7.66	0.03	0.060	 25,492 	0.04	0.07	0.24	1.12	3.22	2.68	0.30	8.9	6.0	72.0	64	0.70	4.67	2.90	60.00	324461.00	NA	NA	5.31	0.05	17.44	6.36	0.06	11.93	7.06	0.06	6.03	8.19	0.06	-6.02	8.38	0.06	-11.85	8.20	0.05	-17.19
HTM	885636	3133KRB52	Agency MBS 30yr	G-2-Q	FREDDIE MAC	0.73955116	5.5	5/1/2053	40000000	 29,582,046 	 -   	29715755.18	29623843.82	100.452	100.1412932	-91911.36	7/31/2026	Model2501	100	LMMSOFRFLAT	RFRSwap	5.46	5.40	3.86	-1.23	0.039	 11,502 	0.19	0.30	0.50	0.96	1.25	0.65	0.03	6.2	12.3	56.4	77	0.74	7.94	6.46	40.00	221531.91	NA	NA	0.88	0.01	5.04	0.57	0.01	4.37	2.08	0.02	3.12	4.97	0.05	-4.39	5.72	0.05	-9.41	6.37	0.05	-14.78
HTM	883432	3133KRJL9	Agency MBS 30yr	G-2-Q	FREDDIE MAC	0.83498726	5.5	6/1/2053	17407906	 14,535,380 	 -   	14634491.89	14535594.55	100.6819	100.0014779	-98897.34	7/31/2026	Model2501	100	LMMSOFRFLAT	RFRSwap	5.49	5.35	3.86	-1.29	0.039	 5,636 	0.20	0.30	0.50	0.95	1.24	0.66	0.04	6.2	12.4	57.2	80	0.83	4.51	6.45	38.00	249220.73	NA	NA	0.89	0.01	4.97	0.55	0.01	4.27	2.02	0.02	3.08	5.00	0.05	-4.40	5.77	0.05	-9.45	6.42	0.05	-14.84
PUB_HTM	614095	3133KTZF0	Agency MBS 20yr	G-2-Q	FREDDIE MAC	0.66859968	2	1/1/2042	20000000	 13,371,994 	 1,630,877.32 	12670534.12	11474304.07	94.7543	85.8084771	-1196230.05	7/31/2026	Model2501	100	LMMSOFRFLAT	RFRSwap	5.11	3.05	5.30	-0.02	0.046	 6,090 	0.08	0.14	0.37	1.57	2.64	0.46	0.04	5.7	7.6	65.8	51	0.67	4.47	2.87	56.00	130460.70	NA	NA	4.01	0.04	13.22	4.62	0.04	8.99	4.98	0.05	4.54	5.57	0.05	-4.55	5.66	0.04	-9.01	5.58	0.04	-13.22
AFS	613527	3133KY2Z1	Agency MBS 20yr	G-2-Q	FREDDIE MAC	0.5128436	5.5	5/1/2044	29290549	 15,021,471 	 6,762,622.01 	14974838.84	14975485.68	99.6896	99.6938721	646.84	7/31/2026	Model2501	100	LMMSOFRFLAT	RFRSwap	5.55	5.55	3.35	-1.07	0.034	 5,045 	0.22	0.30	0.49	0.97	1.19	0.22	-0.01	4.7	13.3	80.9	95	0.51	23.62	6.45	28.00	289079.44	NA	NA	1.27	0.01	5.72	1.33	0.01	4.42	2.04	0.02	2.74	4.23	0.04	-3.78	4.79	0.04	-8.04	5.21	0.05	-12.55
PUB_HTM	613121	3133KYSV2	Agency MBS 20yr	G-2-Q	FREDDIE MAC	0.2076126	2.5	2/1/2040	75858759	 15,749,234 	 2,022,250.39 	15330070.27	14082371.02	97.3385	89.4162272	-1247699.24	7/31/2026	Model2501	100	LMMSOFRFLAT	RFRSwap	5.00	3.07	4.68	-0.08	0.042	 6,599 	0.10	0.17	0.44	1.64	2.13	0.18	0.02	5.1	7.5	60.4	43	0.21	17.87	3.49	80.00	190299.81	NA	NA	3.07	0.03	11.71	3.95	0.04	8.15	4.37	0.04	4.15	4.94	0.04	-4.21	5.05	0.04	-8.39	4.98	0.04	-12.37
PUB_HTM	614427	3133KYUP2	Agency MBS 20yr	G-2-Q	FREDDIE MAC	0.55388119	2	12/1/2040	10000000	 5,538,812 	 592,910.55 	5259439.71	4772956.07	94.9561	86.1729222	-486483.64	7/31/2026	Model2501	100	LMMSOFRFLAT	RFRSwap	5.03	3.01	5.23	0.02	0.045	 2,501 	0.08	0.14	0.39	1.66	2.61	0.33	0.03	5.6	6.5	60.8	44	0.55	5.67	2.88	69.00	219782.33	NA	NA	3.70	0.04	12.91	4.47	0.04	8.88	4.91	0.04	4.50	5.42	0.04	-4.49	5.45	0.04	-8.84	5.34	0.04	-12.91
HTM	614171	3133KYVC0	Agency MBS 20yr	G-2-Q	FREDDIE MAC	0.62917418	2	5/1/2041	50000000	 31,458,709 	 3,465,796.03 	31915497.42	26749456.25	101.452	85.0303687	-5166041.16	7/31/2026	Model2501	100	LMMSOFRFLAT	RFRSwap	5.20	1.71	5.42	0.05	0.046	 14,524 	0.07	0.13	0.37	1.64	2.76	0.41	0.04	5.8	6.3	76.7	61	0.63	4.19	2.79	64.00	219689.81	NA	NA	3.95	0.04	13.33	4.67	0.04	9.13	5.10	0.05	4.61	5.60	0.05	-4.58	5.61	0.04	-8.99	5.48	0.04	-13.10
PUB_HTM	613493	3133KYVF3	Agency MBS 20yr	G-2-Q	FREDDIE MAC	0.62791571	2	6/1/2041	146141505	 91,764,547 	 9,573,537.06 	87128742.25	78730148.4	94.9482	85.7958232	-8398593.85	7/31/2026	Model2501	100	LMMSOFRFLAT	RFRSwap	5.02	2.98	5.40	0.03	0.046	 42,574 	0.07	0.13	0.37	1.62	2.76	0.41	0.04	5.8	6.3	58.9	43	0.63	4.39	2.82	63.00	224213.19	NA	NA	3.78	0.04	13.25	4.59	0.04	9.13	5.06	0.05	4.63	5.59	0.05	-4.61	5.61	0.04	-9.05	5.49	0.04	-13.21
HTM	614311	3133KYVN6	Agency MBS 20yr	G-2-Q	FREDDIE MAC	0.65009857	2	8/1/2041	34437238	 22,387,599 	 2,452,717.60 	22900253.04	19116793.28	102.2899	85.3900998	-3783459.76	7/31/2026	Model2501	100	LMMSOFRFLAT	RFRSwap	5.11	1.56	5.43	0.03	0.046	 10,410 	0.07	0.13	0.37	1.62	2.78	0.43	0.04	5.9	6.5	66.8	51	0.65	4.07	2.89	61.00	218470.11	NA	NA	3.85	0.04	13.31	4.63	0.04	9.15	5.09	0.05	4.64	5.64	0.05	-4.62	5.67	0.04	-9.09	5.55	0.04	-13.27
HTM	614491	3133KYVS5	Agency MBS 20yr	G-2-Q	FREDDIE MAC	0.6456487	2	9/1/2041	40000000	 25,825,948 	 3,073,199.75 	26367826.27	22086416.79	102.0982	85.5202558	-4281409.47	7/31/2026	Model2501	100	LMMSOFRFLAT	RFRSwap	5.06	1.60	5.47	0.02	0.047	 12,113 	0.07	0.13	0.36	1.61	2.81	0.46	0.04	5.9	6.5	61.2	46	0.65	4.35	2.88	60.00	222383.56	NA	NA	3.83	0.04	13.38	4.64	0.04	9.21	5.12	0.05	4.67	5.69	0.05	-4.66	5.72	0.04	-9.17	5.60	0.04	-13.39
HTM	613342	3133KYVY2	Agency MBS 20yr	G-2-Q	FREDDIE MAC	0.65902881	2	10/1/2041	50000000	 32,951,441 	 3,596,918.74 	33598234.96	28140888.63	101.9629	85.4010878	-5457346.33	7/31/2026	Model2501	100	LMMSOFRFLAT	RFRSwap	5.06	1.62	5.52	0.03	0.047	 15,562 	0.07	0.13	0.36	1.60	2.84	0.48	0.04	6.0	6.5	61.1	46	0.66	4.10	2.85	59.00	226606.73	NA	NA	3.88	0.04	13.49	4.68	0.04	9.29	5.17	0.05	4.71	5.74	0.05	-4.69	5.76	0.04	-9.23	5.64	0.04	-13.46
PUB_HTM	612405	3133KYVY2	Agency MBS 20yr	G-2-Q	FREDDIE MAC	0.65902881	2	10/1/2041	25000000	 16,475,720 	 1,665,058.42 	15628228.91	14070444.32	94.8561	85.4010878	-1557784.59	7/31/2026	Model2501	100	LMMSOFRFLAT	RFRSwap	5.06	2.98	5.52	0.03	0.047	 7,781 	0.07	0.13	0.36	1.60	2.84	0.48	0.04	6.0	6.5	61.1	46	0.66	4.10	2.85	59.00	226606.73	NA	NA	3.88	0.04	13.49	4.68	0.04	9.29	5.17	0.05	4.71	5.74	0.05	-4.69	5.76	0.04	-9.23	5.64	0.04	-13.46
HTM	612156	3133KYWE5	Agency MBS 20yr	G-2-Q	FREDDIE MAC	0.69395748	2	2/1/2042	86679343	 60,151,778 	 6,378,489.48 	59575015.08	51227868.23	99.0412	85.1643452	-8347146.85	7/31/2026	Model2501	100	LMMSOFRFLAT	RFRSwap	5.05	2.16	5.63	0.04	0.048	 28,891 	0.07	0.13	0.35	1.57	2.93	0.54	0.04	6.1	6.3	59.1	44	0.69	3.64	2.79	55.00	242824.25	NA	NA	3.87	0.04	13.67	4.74	0.04	9.44	5.26	0.05	4.79	5.84	0.05	-4.77	5.85	0.04	-9.35	5.72	0.04	-13.63
HTM	613579	3133KYWJ4	Agency MBS 20yr	G-2-Q	FREDDIE MAC	0.6867645	2.5	3/1/2042	77164621	 52,993,922 	 6,015,757.76 	52640745.46	46617108.41	99.3336	87.9668957	-6023637.05	7/31/2026	Model2501	100	LMMSOFRFLAT	RFRSwap	4.99	2.61	5.42	-0.05	0.048	 25,330 	0.08	0.14	0.37	1.53	2.77	0.51	0.03	6.0	6.7	53.1	37	0.69	4.14	3.08	54.00	217834.78	NA	NA	3.34	0.03	13.17	4.42	0.04	9.24	5.01	0.05	4.73	5.69	0.05	-4.78	5.76	0.05	-9.43	5.66	0.04	-13.81
HTM	613364	3133KYWT2	Agency MBS 20yr	G-2-Q	FREDDIE MAC	0.66754913	3	4/1/2042	40000000	 26,701,965 	 3,438,136.63 	26793695.56	24333195.42	100.3435	91.128856	-2460500.14	7/31/2026	Model2501	100	LMMSOFRFLAT	RFRSwap	4.87	2.91	5.11	-0.18	0.047	 12,467 	0.09	0.16	0.41	1.47	2.52	0.45	0.02	5.9	7.5	40.5	25	0.67	5.17	3.63	53.00	212431.38	NA	NA	2.44	0.03	12.06	3.88	0.04	8.76	4.61	0.04	4.57	5.48	0.05	-4.73	5.66	0.05	-9.44	5.61	0.04	-13.94
HTM	613596	3133KYXY0	Agency MBS 20yr	G-2-Q	FREDDIE MAC	0.65038141	4.5	11/1/2042	41898730	 27,250,155 	 3,704,583.97 	26696627.61	26245033.59	97.9687	96.3115017	-451594.02	7/31/2026	Model2501	100	LMMSOFRFLAT	RFRSwap	5.31	4.93	4.15	-0.46	0.040	 10,936 	0.14	0.24	0.50	1.24	1.77	0.27	0.00	5.3	9.0	77.8	69	0.65	7.75	5.08	46.00	228605.91	NA	NA	1.31	0.01	7.86	1.88	0.02	6.37	3.29	0.03	3.72	4.72	0.04	-4.21	5.17	0.05	-8.68	5.37	0.04	-13.22
AFS	612160	3133KYYE3	Agency MBS 20yr	G-2-Q	FREDDIE MAC	0.62203307	5	12/1/2042	20027254	 12,457,614 	 2,144,472.29 	12262034.97	12334729.47	98.43	99.0135766	72694.49	7/31/2026	Model2501	100	LMMSOFRFLAT	RFRSwap	5.20	5.34	3.72	-0.67	0.037	 4,607 	0.18	0.28	0.52	1.10	1.48	0.19	-0.02	5.1	9.6	61.9	58	0.62	9.25	5.58	46.00	223803.16	NA	NA	1.23	0.01	6.48	1.36	0.01	5.23	2.59	0.03	3.25	4.37	0.04	-3.96	4.87	0.04	-8.28	5.19	0.04	-12.77
PUB_HTM	613104	3133L73V7	Agency MBS 15yr	G-2-Q	FREDDIE MAC	0.42713079	1.5	12/1/2035	5000000	 2,135,654 	 392,586.68 	2058263.26	1900236.19	96.3763	88.9767833	-158027.07	7/31/2026	Model2501	100	LMMSOFRFLAT	RFRSwap	4.88	2.53	3.72	-0.01	0.033	 709 	0.14	0.23	0.57	1.86	0.87	0.05	0.02	3.7	7.7	58.3	42	0.43	7.42	2.36	69.00	197339.81	NA	NA	3.03	0.03	9.66	3.34	0.03	6.54	3.54	0.03	3.30	3.84	0.03	-3.31	3.86	0.03	-6.57	3.78	0.03	-9.66
PUB_HTM	613310	3133L73Z8	Agency MBS 15yr	G-2-Q	FREDDIE MAC	0.44354194	1.5	12/1/2035	25000000	 11,088,549 	 1,890,141.95 	10673977.08	9832030.68	96.2613	88.6683291	-841946.4	7/31/2026	Model2501	100	LMMSOFRFLAT	RFRSwap	4.85	2.52	3.80	0.02	0.034	 3,746 	0.13	0.22	0.54	1.89	0.96	0.05	0.02	3.9	6.6	56.7	39	0.44	6.80	2.37	69.00	209054.72	NA	NA	3.15	0.03	9.95	3.46	0.03	6.72	3.65	0.03	3.38	3.91	0.03	-3.36	3.88	0.03	-6.64	3.78	0.03	-9.73
HTM	613843	3133L9BJ1	Agency MBS 15yr	G-2-Q	FREDDIE MAC	0.42945863	4.5	11/1/2037	8445012	 3,626,783 	 1,528,448.19 	3592727.93	3562401.16	99.061	98.2248147	-30326.77	7/31/2026	Model2501	100	LMMSOFRFLAT	RFRSwap	4.99	4.74	3.12	-0.29	0.031	 1,116 	0.20	0.29	0.56	1.25	0.83	-0.01	0.00	3.7	12.5	62.7	51	0.43	15.77	5.29	46.00	135612.09	NA	NA	1.21	0.01	6.65	1.79	0.02	5.17	2.61	0.03	2.89	3.43	0.03	-3.19	3.69	0.03	-6.52	3.93	0.03	-9.97
PUB_HTM	613575	3133N3W91	Agency MBS Other	G-2-Q	FREDDIE MAC	0.60167829	2	11/1/2050	39199446	 23,585,456 	 1,583,956.46 	21899072.77	18039347.14	92.8499	76.4850483	-3859725.64	7/31/2026	Model2501	100	LMMSOFRFLAT	RFRSwap	5.61	2.93	7.99	0.34	0.061	 14,445 	0.03	0.05	0.18	1.06	3.53	2.87	0.28	9.3	4.9	95.3	85	0.60	6.19	2.91	70.00	535936.94	NA	NA	5.70	0.05	18.07	6.83	0.06	12.33	7.44	0.06	6.17	8.24	0.06	-5.99	8.25	0.05	-11.60	7.98	0.05	-16.68
PUB_HTM	613637	3133N3XM1	Agency MBS Other	G-2-Q	FREDDIE MAC	0.71477423	1.5	12/1/2050	88439269	 63,214,110 	 3,411,590.58 	56700065.91	45843580.1	89.6953	72.5211188	-10856485.81	7/31/2026	Model2501	100	LMMSOFRFLAT	RFRSwap	5.67	2.82	8.39	0.59	0.061	 38,523 	0.02	0.04	0.15	1.00	3.69	3.15	0.33	9.4	4.5	102.1	91	0.71	3.29	2.55	69.00	543515.81	NA	NA	6.59	0.06	18.79	7.53	0.06	12.58	7.98	0.06	6.23	8.57	0.06	-5.91	8.47	0.05	-11.37	8.12	0.05	-16.25
HTM	614587	3133WJDK2	Agency MBS 15yr	G-2-Q	FREDDIE MAC	0.63186387	3	4/1/2037	57000000	 36,016,241 	 6,039,448.05 	36322902.85	33666321.9	100.8515	93.4753915	-2656580.95	7/31/2026	Model2501	100	LMMSOFRFLAT	RFRSwap	4.79	2.74	3.85	-0.11	0.036	 12,996 	0.14	0.22	0.52	1.65	1.28	0.03	0.01	4.2	8.4	45.2	28	0.63	4.46	3.47	52.00	248908.88	NA	NA	2.36	0.02	9.79	3.18	0.03	6.91	3.57	0.03	3.55	4.09	0.04	-3.65	4.24	0.04	-7.34	4.21	0.03	-10.92
HTM	614851	3133WKAR7	Agency MBS 15yr	G-2-Q	FREDDIE MAC	0.6325006	4.5	9/1/2037	6661635	 4,213,488 	 548,388.31 	4174589.78	4137246.4	99.0768	98.1905317	-37343.38	7/31/2026	Model2501	100	LMMSOFRFLAT	RFRSwap	5.00	4.73	3.16	-0.24	0.031	 1,312 	0.20	0.28	0.56	1.28	0.86	-0.01	0.00	3.8	11.8	64.3	51	0.63	6.27	5.27	48.00	150850.67	NA	NA	1.29	0.01	6.89	1.88	0.02	5.32	2.68	0.03	2.95	3.44	0.03	-3.21	3.69	0.03	-6.55	3.92	0.03	-9.99
AFS	614233	31348SK60	Agency MBS ARM	G-2-Q	FREDDIE MAC	0.00004248	5.776	11/1/2026	2200000	 93 	 368.97 	93.46	93.03	100	99.5458334	-0.42	7/31/2026	Model2501	100	LMMSOFRFLAT	RFRSwap	4.87	3.22	0.28	0.00	0.003	 0 	0.28	0.00	0.00	0.00	0.00	0.00	0.00	0.3	32.4	94.8	92	0.00	18.84	6.38	355.00	NA	JPMORGAN CHASE BANK, NATIONAL ASSOCIATIO	100.00	0.28	0.00	0.85	0.28	0.00	0.56	0.28	0.00	0.28	0.28	0.00	-0.28	0.28	0.00	-0.55	0.28	0.00	-0.83
AFS	614108	31348SPF5	Agency MBS ARM	G-2-Q	FREDDIE MAC	0.000359	5.639	5/1/2027	5000000	 1,795 	 3,401.66 	1795	1789.76	100	99.7079814	-5.24	7/31/2026	Model2501	100	LMMSOFRFLAT	RFRSwap	4.73	4.04	0.43	0.00	0.004	 0 	0.43	0.00	0.00	0.00	0.00	0.00	0.00	0.4	23.6	74.8	72	0.00	15.94	6.26	351.00	NA	WELLS FARGO BANK, NATIONAL ASSOCIATION	100.00	0.44	0.00	1.31	0.43	0.00	0.87	0.43	0.00	0.43	0.43	0.00	-0.43	0.42	0.00	-0.85	0.42	0.00	-1.27
AFS	614757	31349S5P4	Agency MBS ARM	G-2-Q	FREDDIE MAC	0.00175514	5.925	7/1/2034	19586813	 34,378 	 4,555.41 	35555.93	35094.51	103.4276	102.0853886	-461.42	7/31/2026	Model2501	100	LMMSOFRFLAT	RFRSwap	5.70	5.27	0.93	-0.14	0.010	 3 	0.63	-0.01	0.05	0.20	0.08	-0.01	0.00	3.5	8.4	142.0	111	0.00	22.09	6.43	265.00	70487.18	#SPILL!	#SPILL!	1.38	0.01	3.11	1.00	0.01	1.89	0.88	0.01	0.92	1.23	0.01	-1.08	1.75	0.02	-2.57	2.21	0.02	-4.54
AFS	614657	31349UDY1	Agency MBS ARM	G-2-Q	FREDDIE MAC	0.00186012	6.125	11/1/2034	30845249	 57,376 	 5,594.47 	59013.83	58659.32	102.8548	102.2369177	-354.51	7/31/2026	Model2501	100	LMMSOFRFLAT	RFRSwap	5.72	5.51	0.34	-0.08	0.003	 2 	0.10	0.03	0.08	0.13	0.01	-0.05	-0.01	3.4	10.2	141.6	112	0.00	22.35	6.63	260.00	93648.20	WELLS FARGO BANK, NATIONAL ASSOCIATION	100.00	1.03	0.01	1.50	0.51	0.01	0.64	0.27	0.00	0.31	0.47	0.00	-0.40	1.28	0.01	-1.21	2.00	0.02	-2.91
AFS	614519	31349UEL8	Agency MBS ARM	G-2-Q	FREDDIE MAC	0.00426979	5.991	11/1/2034	50427471	 215,315 	 21,525.46 	221155.72	220316.62	102.7128	102.3230676	-839.11	7/31/2026	Model2501	100	LMMSOFRFLAT	RFRSwap	5.72	5.60	0.45	-0.07	0.005	 10 	0.17	-0.01	0.04	0.16	0.06	-0.03	-0.01	3.6	9.2	142.7	111	0.00	19.29	6.49	259.00	77520.63	WELLS FARGO BANK, NATIONAL ASSOCIATION	100.00	1.14	0.01	1.83	0.60	0.01	0.90	0.41	0.00	0.43	0.66	0.01	-0.53	1.43	0.01	-1.55	2.06	0.02	-3.33
HTM	611107	313586109	Misc_Securities	E-9	FANNIE MAE		0	12/31/2100	6.4	 6 	 -   	6.4	6.4	100	100	0	7/31/2026																																														
AFS	614302	31362VFC7	Agency MBS ARM	G-2-Q	FANNIE MAE	0.00006932	5.25	2/1/2028	2000827	 139 	 246.07 	138.7	138.42	100	99.8007709	-0.28	7/31/2026	Model2501	100	LMMSOFRFLAT	RFRSwap	4.70	3.97	0.27	0.01	0.003	 0 	0.27	0.00	0.00	0.00	0.00	0.00	0.00	0.3	55.7	77.3	73	0.00	NA	6.00	473.00	NA	JPMORGAN CHASE BANK, NATIONAL ASSOCIATIO	100.00	0.28	0.00	0.84	0.28	0.00	0.56	0.28	0.00	0.28	0.22	0.00	-0.26	0.14	0.00	-0.43	0.14	0.00	-0.56
PUB_HTM	613580	3136BDL55	Agency CMO	G-3-Q	FANNIE MAE	0.73830292	1.25	2/1/2051	100000000	 73,830,292 	 4,543,132.17 	66309168.29	55764905.51	89.813	75.5312	-10544262.78	7/31/2026	Model2501	100	LMMSOFRFLAT	RFRSwap	4.71	2.51	8.49	0.40	0.064	 47,396 	0.02	0.05	0.16	0.95	3.64	3.40	0.29	9.7	4.4	7.2	30	0.74	2.99	#SPILL!	#SPILL!	#SPILL!	#SPILL!	#SPILL!	6.49	0.06	19.61	7.41	0.07	13.16	8.06	0.07	6.53	8.70	0.06	-6.24	8.67	0.06	-12.03	8.42	0.05	-17.25
PUB_HTM	614461	3136BDM39	Agency CMO	G-3-Q	FANNIE MAE	0.72368188	1.5	2/1/2051	50000000	 36,184,094 	 2,344,253.00 	32842900.35	26753230.95	90.7661	73.93644	-6089669.4	7/31/2026	Model2501	100	LMMSOFRFLAT	RFRSwap	5.15	2.60	8.56	0.49	0.063	 22,941 	0.02	0.04	0.16	0.93	3.59	3.49	0.34	10.0	3.9	52.1	74	0.72	3.37	2.89	67.00	566897.75	#SPILL!	#SPILL!	6.45	0.06	19.47	7.50	0.07	13.08	8.18	0.07	6.49	8.71	0.06	-6.14	8.61	0.05	-11.79	8.30	0.05	-16.84
PUB_HTM	613898	3136BDV54	Agency CMO	G-3-Q	FANNIE MAE	0.59907364	1.25	2/1/2051	42649533	 25,550,211 	 2,789,675.44 	22907245.76	19164485.07	89.6558	75.00715	-3742760.68	7/31/2026	Model2501	100	LMMSOFRFLAT	RFRSwap	5.51	2.76	7.84	-0.05	0.059	 15,046 	0.02	0.06	0.23	1.17	3.44	2.65	0.29	8.3	6.8	82.1	116	0.60	6.62	2.88	67.00	269734.03	#SPILL!	#SPILL!	5.88	0.05	17.31	6.62	0.06	11.68	7.24	0.06	5.87	8.44	0.06	-5.89	8.59	0.05	-11.57	8.36	0.05	-16.74
PUB_HTM	610758	3136BDZA9	Structured Agency CMBS	G-3-Q	FANNIE MAE	1	1.465	2/1/2031	58881000	 58,881,000 	 -   	55412401.74	51458643.67	94.1091	87.39431	-3953758.07	7/31/2026	CPY	0	LMMSOFRFLAT	RFRSwap	4.71	2.92	4.09	0.21	0.036	 21,096 	-0.02	-0.01	1.12	3.00	0.00	0.00	0.00	4.4	NA	52.2	49	1.00	1.05	3.00	67.00	NA	NA	NA	4.23	0.04	11.63	4.18	0.04	7.55	4.14	0.04	3.68	4.05	0.03	-3.49	4.01	0.03	-6.81	3.97	0.03	-9.97
PUB_HTM	610769	3136BF4D2	Structured Agency CMBS	G-3-Q	FANNIE MAE	1	1.45685	3/1/2031	28288684	 28,288,684 	 -   	26784634.52	24500602.9	94.6832	86.6092	-2284031.62	7/31/2026	CPY	0	LMMSOFRFLAT	RFRSwap	4.75	2.70	4.31	0.23	0.037	 10,566 	-0.02	-0.05	0.80	3.58	0.00	0.00	0.00	4.6	NA	56.0	53	1.00	0.31	2.98	64.00	NA	NA	NA	4.44	0.04	12.16	4.40	0.04	7.89	4.35	0.04	3.84	4.26	0.04	-3.64	4.22	0.03	-7.09	4.18	0.03	-10.36
PUB_HTM	613792	3136BFCB7	Agency CMO	G-3-Q	FANNIE MAE	0.74831651	1.25	3/1/2051	25000000	 18,707,913 	 1,376,430.83 	16693012.01	13608534.21	89.2297	72.74213	-3084477.8	7/31/2026	Model2501	100	LMMSOFRFLAT	RFRSwap	5.07	2.54	8.63	0.55	0.063	 11,766 	0.02	0.04	0.15	0.93	3.67	3.51	0.33	9.9	3.8	44.8	67	0.75	2.80	2.72	67.00	545207.63	#SPILL!	#SPILL!	6.66	0.06	19.53	7.67	0.07	13.06	8.30	0.07	6.46	8.76	0.06	-6.08	8.66	0.05	-11.66	8.34	0.05	-16.65
PUB_HTM	610759	3136BFRV7	Structured Agency CMBS	G-3-Q	FANNIE MAE	1	1.468	11/1/2030	16000000	 16,000,000 	 -   	15104084.1	14040508.8	94.4005	87.75318	-1063575.3	7/31/2026	CPY	0	LMMSOFRFLAT	RFRSwap	4.68	2.87	4.01	0.20	0.035	 5,639 	-0.02	-0.05	1.44	2.64	0.00	0.00	0.00	4.3	NA	49.0	46	1.00	0.65	2.77	70.00	NA	NA	NA	4.14	0.04	11.42	4.09	0.04	7.42	4.05	0.04	3.61	3.97	0.03	-3.44	3.93	0.03	-6.71	3.89	0.03	-9.82
PUB_HTM	610768	3136BHB73	Structured Agency CMBS	G-3-Q	FANNIE MAE	1	1.3752	3/1/2031	7000000	 7,000,000 	 -   	6562743.04	6075076.7	93.7535	86.78681	-487666.34	7/31/2026	CPY	0	LMMSOFRFLAT	RFRSwap	4.73	2.89	4.17	0.22	0.036	 2,539 	-0.02	-0.05	1.13	3.12	0.00	0.00	0.00	4.4	NA	53.7	50	1.00	0.00	2.84	66.00	NA	NA	NA	4.30	0.04	11.78	4.26	0.04	7.65	4.22	0.04	3.72	4.13	0.03	-3.53	4.09	0.03	-6.89	4.05	0.03	-10.08
PUB_HTM	610762	3136BHMX4	Structured Agency CMBS	G-3-Q	FANNIE MAE	1	1.599	4/1/2031	20000000	 20,000,000 	 -   	19020520.97	17429006	95.1026	87.14503	-1591514.97	7/31/2026	CPY	0	LMMSOFRFLAT	RFRSwap	4.72	2.73	4.35	0.24	0.038	 7,600 	-0.02	-0.05	0.67	3.75	0.00	0.00	0.00	4.7	NA	52.9	50	1.00	0.18	3.23	64.00	NA	NA	NA	4.49	0.04	12.39	4.45	0.04	8.03	4.40	0.04	3.90	4.31	0.04	-3.70	4.26	0.03	-7.21	4.22	0.03	-10.53
HTM	606898	3136BPSC6	Structured Agency CMBS	G-3-Q	FANNIE MAE	0.906782187	4.2571	5/1/2033	177334422	 160,803,695 	 15,953,197.72 	163343692.2	154927928	101.5796	96.346	-8415764.24	7/31/2026	CPY	0	LMMSOFRFLAT	RFRSwap	5.02	4.02	5.23	0.35	0.051	 81,393 	0.02	0.03	0.06	3.76	1.36	0.00	0.00	6.1	NA	78.0	75	0.91	2.60	#SPILL!	#SPILL!	NA	NA	NA	5.48	0.06	16.85	5.40	0.06	10.84	5.31	0.05	5.24	5.15	0.05	-4.89	5.08	0.04	-9.47	5.00	0.04	-13.76
AFS	607827	3136BQL64	Structured Agency CMBS	G-3-Q	FANNIE MAE	1	4.55	1/1/2031	100000000	 100,000,000 	 -   	99468457.59	99182490	99.4685	99.18249	-285967.59	7/31/2026	CPY	0	LMMSOFRFLAT	RFRSwap	4.73	4.65	3.74	0.18	0.037	 37,221 	0.01	0.01	1.46	2.26	0.00	0.00	0.00	4.2	NA	54.2	51	1.00	0.52	#SPILL!	#SPILL!	NA	NA	NA	3.87	0.04	12.04	3.83	0.04	7.82	3.78	0.04	3.82	3.70	0.04	-3.63	3.65	0.03	-7.09	3.61	0.03	-10.39
HTM	884812	3136BR3G0	Agency CMO	G-3-Q	FANNIE MAE	0.61285191	5.5	11/1/2047	128408000	 78,695,088 	 -   	79331038.8	79265477.93	100.8081	100.72481	-65560.87	7/31/2026	Model2501	100	LMMSOFRFLAT	RFRSwap	5.16	5.13	2.00	-1.15	0.020	 15,897 	0.30	0.40	0.56	0.78	0.08	-0.10	-0.01	2.9	13.8	51.5	92	0.61	15.30	6.96	40.00	226967.06	#SPILL!	#SPILL!	0.52	0.01	1.96	0.09	0.00	1.63	0.65	0.01	1.36	2.92	0.03	-2.50	3.57	0.03	-5.67	4.16	0.04	-9.28
HTM	884791	3136BR4M6	Agency CMO	G-3-Q	FANNIE MAE	0.61873038	5.5	1/1/2047	30000000	 18,561,911 	 -   	18704335.09	18689329.64	100.7673	100.68645	-15005.45	7/31/2026	Model2501	100	LMMSOFRFLAT	RFRSwap	5.18	5.15	1.91	-1.28	0.019	 3,577 	0.31	0.43	0.56	0.73	0.03	-0.12	-0.02	2.9	13.1	48.9	95	0.62	14.59	6.96	31.00	248403.55	#SPILL!	#SPILL!	0.47	0.00	1.69	0.13	0.00	1.35	0.45	0.00	1.20	2.90	0.03	-2.45	3.56	0.03	-5.61	4.16	0.04	-9.22
HTM	884797	3136BSA47	Agency CMO	G-3-Q	FANNIE MAE	0.6127367	5	11/1/2050	31280000	 19,166,404 	 -   	19195500.49	19181633.6	100.1518	100.07946	-13866.89	7/31/2026	Model2501	100	LMMSOFRFLAT	RFRSwap	4.89	4.86	1.86	-1.25	0.019	 3,575 	0.34	0.44	0.51	0.61	0.05	-0.08	-0.01	2.6	12.6	17.1	66	0.61	14.18	#SPILL!	#SPILL!	#SPILL!	#SPILL!	#SPILL!	0.36	0.00	1.59	0.13	0.00	1.30	0.47	0.00	1.18	2.86	0.03	-2.38	3.61	0.03	-5.51	4.43	0.04	-9.24
HTM	884785	3136BSC29	Agency CMO	G-3-Q	FANNIE MAE	0.58850255	5.25	1/1/2051	50000000	 29,425,128 	 -   	29539294.05	29519711.63	100.388	100.32144	-19582.42	7/31/2026	Model2501	100	LMMSOFRFLAT	RFRSwap	5.04	5.01	1.75	-1.31	0.018	 5,194 	0.34	0.44	0.50	0.57	0.01	-0.09	-0.01	2.6	12.9	30.7	81	0.59	15.47	6.99	25.00	276741.50	#SPILL!	#SPILL!	0.36	0.00	1.38	0.11	0.00	1.11	0.35	0.00	1.05	2.79	0.03	-2.31	3.56	0.03	-5.40	4.37	0.04	-9.10
HTM	884951	3136BSC60	Agency CMO	G-3-Q	FANNIE MAE	0.58850256	5	1/1/2051	37779000	 22,233,038 	 -   	22268828.96	22254268.54	100.161	100.09549	-14560.42	7/31/2026	Model2501	100	LMMSOFRFLAT	RFRSwap	4.88	4.85	1.84	-1.27	0.019	 4,114 	0.34	0.43	0.51	0.60	0.06	-0.07	-0.01	2.6	12.9	16.1	66	0.59	15.47	6.99	25.00	276741.50	#SPILL!	#SPILL!	0.37	0.00	1.57	0.14	0.00	1.29	0.46	0.00	1.16	2.86	0.03	-2.37	3.63	0.03	-5.51	4.44	0.04	-9.26
HTM	884949	3136BSK46	Agency CMO	G-3-Q	FANNIE MAE	0.64294391	5	1/1/2051	53063919	 34,117,124 	 -   	33858993.47	33835370.71	99.2434	99.17416	-23622.77	7/31/2026	Model2501	100	LMMSOFRFLAT	RFRSwap	5.23	5.21	2.23	-1.13	0.022	 7,587 	0.30	0.42	0.53	0.75	0.25	-0.01	0.00	2.7	12.8	54.3	102	0.64	13.13	6.98	25.00	256157.08	#SPILL!	#SPILL!	0.40	0.00	2.40	0.26	0.00	2.05	0.93	0.01	1.61	3.15	0.03	-2.68	3.89	0.04	-6.04	4.70	0.04	-9.96
HTM	884947	3136BSM77	Agency CMO	G-3-Q	FANNIE MAE	0.6170989	5	1/1/2051	37096662	 22,892,309 	 -   	22919922.02	22902864.96	100.1206	100.04611	-17057.06	7/31/2026	Model2501	100	LMMSOFRFLAT	RFRSwap	4.90	4.87	1.89	-1.28	0.019	 4,357 	0.33	0.43	0.51	0.63	0.09	-0.07	-0.01	2.6	12.9	17.6	68	0.62	14.31	#SPILL!	#SPILL!	#SPILL!	#SPILL!	#SPILL!	0.38	0.00	1.66	0.15	0.00	1.37	0.51	0.01	1.21	2.93	0.03	-2.43	3.71	0.04	-5.64	4.53	0.04	-9.45
HTM	884825	3136BSVV4	Agency CMO	G-3-Q	FANNIE MAE	0.64101551	5.5	2/1/2051	47888000	 30,696,951 	 -   	30793910.13	30771565.82	100.3159	100.24307	-22344.31	7/31/2026	Model2501	100	LMMSOFRFLAT	RFRSwap	5.31	5.28	1.84	-1.27	0.018	 5,678 	0.33	0.44	0.51	0.59	0.06	-0.08	-0.01	2.6	13.5	60.5	109	0.64	12.79	6.93	32.00	248965.09	#SPILL!	#SPILL!	0.38	0.00	1.57	0.08	0.00	1.29	0.48	0.00	1.17	2.86	0.03	-2.37	3.65	0.03	-5.54	4.42	0.04	-9.29
HTM	884849	3136BSY25	Agency CMO	G-3-Q	FANNIE MAE	0.66147692	5.25	12/1/2047	20000000	 13,229,538 	 -   	13262527.58	13251701.85	100.2494	100.16753	-10825.73	7/31/2026	Model2501	100	LMMSOFRFLAT	RFRSwap	5.13	5.10	2.13	-1.30	0.021	 2,831 	0.29	0.40	0.54	0.80	0.20	-0.09	-0.01	3.0	13.3	40.7	89	0.66	15.22	6.96	25.00	282921.59	#SPILL!	#SPILL!	0.50	0.01	2.13	0.22	0.00	1.74	0.68	0.01	1.42	3.15	0.03	-2.67	3.83	0.04	-6.06	4.45	0.04	-9.89
HTM	885566	3136BTJZ7	Agency CMO	G-3-Q	FANNIE MAE	0.88167108	5.5	11/1/2054	69264258	 61,068,293 	 -   	61050577.54	60911182.76	99.971	99.74273	-139394.77	7/31/2026	Model2501	100	LMMSOFRFLAT	RFRSwap	5.53	5.48	3.52	-0.78	0.035	 21,509 	0.21	0.35	0.50	1.01	1.19	0.27	0.00	5.4	11.0	82.1	120	0.88	8.01	6.54	22.00	274573.09	#SPILL!	#SPILL!	1.17	0.01	5.37	1.04	0.01	4.23	2.00	0.02	2.87	4.43	0.04	-3.93	5.11	0.05	-8.41	5.76	0.05	-13.27
HTM	883493	3136BTMG5	Agency CMO	G-3-Q	FANNIE MAE	0.82186123	5	10/1/2054	50000000	 41,093,062 	 -   	40814436.68	40658843.45	99.322	98.94333	-155593.23	7/31/2026	Model2501	100	LMMSOFRFLAT	RFRSwap	5.20	5.12	3.62	-0.80	0.036	 14,765 	0.20	0.32	0.50	1.01	1.26	0.37	-0.02	5.6	11.7	52.6	84	0.82	10.91	6.45	41.00	218540.09	#SPILL!	#SPILL!	1.08	0.01	5.90	1.13	0.01	4.86	2.38	0.02	3.12	4.39	0.04	-3.90	5.05	0.05	-8.31	5.69	0.05	-13.07
HTM	884801	3136BTZA4	Agency CMO	G-3-Q	FANNIE MAE	0.74374133	5	3/1/2051	44601547	 33,172,014 	 -   	32842068.57	32817683.7	99.0054	98.93184	-24384.87	7/31/2026	Model2501	100	LMMSOFRFLAT	RFRSwap	5.33	5.30	2.34	-0.96	0.023	 7,708 	0.28	0.41	0.55	0.80	0.29	0.01	0.01	2.8	13.2	68.9	111	0.74	10.28	6.97	22.00	181489.61	#SPILL!	#SPILL!	0.47	0.00	2.80	0.29	0.00	2.42	1.16	0.01	1.79	3.16	0.03	-2.71	3.85	0.04	-6.04	4.65	0.04	-9.91
HTM	884816	3136BUWF3	Agency CMO	G-3-Q	FANNIE MAE	0.70469039	5.5	5/1/2051	39000000	 27,482,925 	 -   	27685125.34	27664735.75	100.7357	100.66154	-20389.59	7/31/2026	Model2501	100	LMMSOFRFLAT	RFRSwap	5.18	5.15	1.83	-1.29	0.018	 5,073 	0.32	0.44	0.53	0.64	0.02	-0.11	-0.01	2.8	12.7	45.7	94	0.70	13.34	#SPILL!	#SPILL!	#SPILL!	#SPILL!	#SPILL!	0.40	0.00	1.38	-0.04	0.00	1.16	0.39	0.00	1.12	2.86	0.03	-2.38	3.62	0.03	-5.54	4.41	0.04	-9.29
HTM	884743	3136BUY46	Agency CMO	G-3-Q	FANNIE MAE	0.76042615	5.5	3/1/2051	100000000	 76,042,615 	 -   	76804425.13	76745864.71	101.0018	100.92481	-58560.42	7/31/2026	Model2501	100	LMMSOFRFLAT	RFRSwap	5.11	5.08	1.86	-1.37	0.019	 14,350 	0.32	0.44	0.54	0.69	0.04	-0.13	-0.02	3.0	12.0	36.4	87	0.76	10.91	6.85	18.00	236690.38	#SPILL!	#SPILL!	0.39	0.00	1.21	-0.16	0.00	1.03	0.30	0.00	1.10	2.97	0.03	-2.47	3.79	0.04	-5.76	4.60	0.04	-9.68
HTM	884808	3136BVAL2	Agency CMO	G-3-Q	FANNIE MAE	0.70023303	5.5	2/1/2052	56793000	 39,768,334 	 -   	40110890.95	40079641	100.8614	100.7828	-31249.95	7/31/2026	Model2501	100	LMMSOFRFLAT	RFRSwap	5.15	5.12	1.94	-1.35	0.020	 7,809 	0.31	0.43	0.53	0.68	0.13	-0.11	-0.02	3.0	13.1	40.1	91	0.70	15.37	6.92	32.00	243225.77	#SPILL!	#SPILL!	0.42	0.00	1.52	-0.03	0.00	1.28	0.42	0.00	1.20	3.07	0.03	-2.55	3.88	0.04	-5.93	4.69	0.04	-9.92
HTM	885569	3136BVVM7	Agency CMO	G-3-Q	FANNIE MAE	0.82095416	5.5	12/1/2051	119833351	 98,377,688 	 -   	98795517.73	98706977.81	100.4247	100.33472	-88539.92	7/31/2026	Model2501	100	LMMSOFRFLAT	RFRSwap	5.40	5.38	3.06	-1.73	0.031	 30,307 	0.22	0.36	0.55	1.01	0.95	0.02	-0.02	4.8	8.3	52.0	110	0.82	9.49	6.86	19.00	389015.06	#SPILL!	#SPILL!	0.44	0.00	2.49	-0.08	0.00	2.31	0.93	0.01	2.07	4.39	0.04	-3.74	5.33	0.05	-8.37	6.01	0.05	-13.50
HTM	884805	3136BWLU8	Agency CMO	G-3-Q	FANNIE MAE	0.76191505	5.25	2/1/2052	67136000	 51,151,929 	 -   	50727751.33	50687888.73	99.1707	99.09282	-39862.6	7/31/2026	Model2501	100	LMMSOFRFLAT	RFRSwap	5.49	5.47	2.47	-1.08	0.025	 12,571 	0.27	0.40	0.56	0.86	0.40	0.00	0.00	3.1	12.8	80.2	127	0.76	14.13	6.94	24.00	218065.89	#SPILL!	#SPILL!	0.49	0.01	2.86	0.27	0.00	2.48	1.15	0.01	1.85	3.40	0.03	-2.91	4.14	0.04	-6.48	4.94	0.04	-10.60
AFS	613779	31371H4K1	Agency MBS 30yr	G-2-Q	FANNIE MAE	0.00032909	8	12/1/2029	18000	 6 	 2.86 	6.19	6.02	104.4683	101.5695976	-0.17	7/31/2026	Model2501	100	LMMSOFRFLAT	RFRSwap	6.22	3.71	1.11	0.03	0.011	 0 	0.46	0.53	0.11	0.00	0.00	0.00	0.00	1.2	14.6	205.7	202	0.00	22.15	8.37	322.00	20509.49	NA	NA	1.14	0.01	3.51	1.13	0.01	2.32	1.12	0.01	1.15	1.09	0.01	-1.12	1.08	0.01	-2.21	1.08	0.01	-3.29
AFS	614652	31371JBD5	Agency MBS 30yr	G-2-Q	FANNIE MAE	0.00044809	7	2/1/2030	3000000	 1,344 	 444.30 	1402.6	1406.96	104.3392	104.663796	4.36	7/31/2026	Model2501	100	LMMSOFRFLAT	RFRSwap	3.25	3.48	1.31	0.04	0.014	 0 	0.40	0.53	0.38	0.00	0.00	0.00	0.00	1.4	15.7	-86.5	-99	0.00	21.28	7.58	319.00	16501.71	NA	NA	1.35	0.01	4.30	1.34	0.01	2.84	1.33	0.01	1.40	1.29	0.01	-1.36	1.27	0.01	-2.68	1.27	0.01	-3.98
AFS	613064	31371JW91	Agency MBS 30yr	G-2-Q	FANNIE MAE	0.00065886	7	3/1/2031	5030321	 3,314 	 943.76 	3485.25	3468.85	105.1585	104.663796	-16.4	7/31/2026	Model2501	100	LMMSOFRFLAT	RFRSwap	4.07	3.79	1.67	0.05	0.018	 1 	0.33	0.46	0.71	0.16	0.00	0.00	0.00	1.8	12.5	-7.7	-22	0.00	21.58	7.74	307.00	23713.99	NA	NA	1.69	0.02	5.46	1.69	0.02	3.60	1.69	0.02	1.78	1.64	0.02	-1.73	1.62	0.02	-3.40	1.61	0.02	-5.04
AFS	613593	31371KHY0	Agency MBS 30yr	G-2-Q	FANNIE MAE	0.00145361	6.5	1/1/2032	2210415	 3,213 	 1,443.94 	3453.55	3322.23	107.4842	103.3970743	-131.32	7/31/2026	Model2501	100	LMMSOFRFLAT	RFRSwap	4.62	2.65	1.93	0.07	0.020	 1 	0.29	0.41	0.76	0.46	0.00	0.00	0.00	2.1	12.3	45.6	30	0.00	20.02	6.95	296.00	30504.93	NA	NA	1.93	0.02	6.23	1.94	0.02	4.12	1.95	0.02	2.03	1.90	0.02	-1.97	1.89	0.02	-3.88	1.88	0.02	-5.75
AFS	613235	31371MPX9	Agency MBS Other	G-2-Q	FANNIE MAE	0.00464627	5	1/1/2036	10000000	 46,463 	 6,042.17 	48073.5	45753.21	103.4669	98.4730001	-2320.28	7/31/2026	Model2501	100	LMMSOFRFLAT	RFRSwap	5.45	3.83	3.00	0.08	0.030	 14 	0.19	0.29	0.60	1.49	0.43	0.00	0.00	3.5	8.0	121.3	101	0.00	21.80	5.88	250.00	84253.93	NA	NA	2.74	0.03	9.07	2.91	0.03	6.06	2.98	0.03	3.01	3.00	0.03	-2.92	2.98	0.03	-5.75	3.02	0.03	-8.50
AFS	614050	31371NRS6	Agency MBS Other	G-2-Q	FANNIE MAE	0.00318305	5.5	2/1/2038	10749972	 34,218 	 10,111.36 	36451.51	34192.84	106.5282	99.9273661	-2258.67	7/31/2026	Model2501	100	LMMSOFRFLAT	RFRSwap	5.49	3.89	3.81	0.00	0.038	 13 	0.16	0.24	0.51	1.44	1.46	0.01	0.00	4.8	7.3	115.6	94	0.00	25.39	6.18	223.00	175843.28	NA	NA	2.91	0.03	10.80	3.25	0.04	7.45	3.60	0.04	3.81	3.91	0.04	-3.81	3.95	0.04	-7.53	4.02	0.04	-11.15
AFS	613569	31374GB97	Agency MBS ARM	G-2-Q	FANNIE MAE	0.00000426	6.102	1/1/2027	17000000	 72 	 584.24 	72.45	72.26	100.0387	99.7741622	-0.19	7/31/2026	Model2501	100	LMMSOFRFLAT	RFRSwap	4.33	1.90	0.11	0.00	0.001	 0 	0.11	0.00	0.00	0.00	0.00	0.00	0.00	0.1	27.8	50.1	42	0.00	24.69	6.75	358.00	NA	NEW RESIDENTIAL MORTGAGE LLC	100.00	0.11	0.00	0.33	0.11	0.00	0.22	0.11	0.00	0.11	0.11	0.00	-0.11	0.11	0.00	-0.22	0.11	0.00	-0.33
AFS	613185	31376FLZ8	Agency MBS ARM	G-2-Q	FANNIE MAE	0.00004535	6.33	9/1/2026	6080494	 276 	 1,715.52 	275.75	275.15	100	99.7827722	-0.59	7/31/2026	Model2501	100	LMMSOFRFLAT	RFRSwap	4.33	2.33	0.11	0.00	0.001	 0 	0.11	0.00	0.00	0.00	0.00	0.00	0.00	0.1	32.9	50.2	42	0.00	NA	7.00	358.00	NA	JPMORGAN CHASE BANK, NATIONAL ASSOCIATIO	100.00	0.11	0.00	0.33	0.11	0.00	0.22	0.11	0.00	0.11	0.11	0.00	-0.11	0.11	0.00	-0.22	0.11	0.00	-0.33
AFS	614388	31379PCG5	Agency MBS ARM	G-2-Q	FANNIE MAE	0.0009317	5.905	4/1/2028	15374771	 14,325 	 8,458.54 	14324.67	14361.71	100	100.2585456	37.04	7/31/2026	Model2501	100	LMMSOFRFLAT	RFRSwap	5.19	5.55	0.66	-0.04	0.007	 1 	0.61	0.05	0.00	0.00	0.00	0.00	0.00	0.8	22.2	105.4	100	0.00	15.45	6.39	340.00	NA	BANK OF AMERICA, NATIONAL ASSOCIATION	100.00	0.74	0.01	2.06	0.69	0.01	1.32	0.64	0.01	0.65	0.70	0.01	-0.68	0.72	0.01	-1.39	0.72	0.01	-2.10
PUB_HTM	610739	3137F9CT6	Structured Agency CMBS	G-3-Q	FREDDIE MAC	1	1.658	12/1/2030	27238000	 27,238,000 	 -   	25903815.4	24022992.63	95.1018	88.19661	-1880822.77	7/31/2026	CPY	0	LMMSOFRFLAT	RFRSwap	4.67	2.84	4.09	0.21	0.036	 9,845 	-0.02	-0.05	1.25	2.91	0.00	0.00	0.00	4.4	0.0	47.8	44	1.00	NA	2.85	67.00	NA	NA	NA	4.22	0.04	11.73	4.18	0.04	7.61	4.13	0.04	3.71	4.05	0.03	-3.52	4.01	0.03	-6.87	3.97	0.03	-10.06
PUB_HTM	612505	3137F9L58	Agency CMO	G-3-Q	FREDDIE MAC	0.61384945	1.25	2/1/2051	15000000	 9,207,742 	 694,563.97 	8212626.9	6965200.85	89.1926	75.64505	-1247426.05	7/31/2026	Model2501	100	LMMSOFRFLAT	RFRSwap	5.05	2.72	8.45	-0.01	0.064	 5,894 	0.01	0.04	0.17	1.07	3.73	3.14	0.33	8.9	6.0	33.0	68	0.61	6.40	#SPILL!	#SPILL!	#SPILL!	#SPILL!	#SPILL!	5.93	0.06	18.50	6.93	0.06	12.62	7.70	0.06	6.37	9.09	0.06	-6.38	9.20	0.06	-12.47	8.87	0.05	-17.95
PUB_HTM	614278	3137FFF69	Agency CMO	G-3-Q	FREDDIE MAC	0.61541507	1.5	3/1/2051	25000000	 15,385,377 	 1,279,020.65 	14060089.04	11759911.19	91.3861	76.43564	-2300177.85	7/31/2026	Model2501	100	LMMSOFRFLAT	RFRSwap	5.32	2.70	7.77	0.10	0.059	 9,152 	0.04	0.07	0.23	1.13	3.38	2.68	0.27	8.6	6.0	65.6	94	0.62	6.30	2.87	66.00	281900.19	#SPILL!	#SPILL!	5.73	0.05	17.57	6.61	0.06	11.90	7.25	0.06	5.98	8.30	0.06	-5.92	8.50	0.06	-11.64	8.32	0.05	-16.89
PUB_HTM	613226	3137FFFL6	Agency CMO	G-3-Q	FREDDIE MAC	0.66025888	1.5	3/1/2051	25000000	 16,506,472 	 1,200,979.98 	15022483.62	12411148.62	91.0097	75.18959	-2611335	7/31/2026	Model2501	100	LMMSOFRFLAT	RFRSwap	5.38	2.70	8.10	0.19	0.061	 10,064 	0.02	0.05	0.19	1.07	3.54	2.95	0.31	9.0	5.5	71.0	100	0.66	5.08	2.83	65.00	317738.84	#SPILL!	#SPILL!	5.98	0.06	18.17	6.95	0.06	12.27	7.56	0.06	6.14	8.50	0.06	-6.01	8.57	0.05	-11.70	8.32	0.05	-16.86
PUB_HTM	614037	3137FFHX8	Agency CMO	G-3-Q	FREDDIE MAC	0.61190561	1.5	11/1/2050	50000000	 30,595,281 	 1,971,749.07 	27755822.85	22813297.48	90.7193	74.56476	-4942525.37	7/31/2026	Model2501	100	LMMSOFRFLAT	RFRSwap	5.64	2.78	8.31	-0.02	0.062	 18,983 	0.01	0.04	0.18	1.10	3.71	2.96	0.32	8.8	6.2	91.8	129	0.61	6.59	3.48	68.00	274686.63	#SPILL!	#SPILL!	6.08	0.06	18.13	6.92	0.06	12.28	7.61	0.06	6.18	8.96	0.06	-6.20	9.05	0.06	-12.13	8.70	0.05	-17.46
HTM	606899	3137FHQ71	Structured Agency CMBS	G-3-Q	FREDDIE MAC	1	3.99	8/1/2033	12640000	 12,640,000 	 -   	12583162.23	11959882.05	99.5503	94.61932	-623280.18	7/31/2026	CPY	0	LMMSOFRFLAT	RFRSwap	4.90	4.05	5.94	0.44	0.056	 7,132 	0.01	0.00	0.00	3.53	2.41	0.00	0.00	7.0	0.0	64.0	61	1.00	NA	#SPILL!	#SPILL!	NA	NA	NA	6.22	0.07	19.00	6.13	0.07	12.18	6.03	0.06	5.86	5.85	0.05	-5.44	5.76	0.05	-10.49	5.67	0.05	-15.18
PUB_HTM	614583	3137FYA63	Agency CMO	G-3-Q	FREDDIE MAC	0.52331367	2	9/1/2050	25000000	 13,082,842 	 1,063,614.42 	12387611.41	10516468.34	94.6859	80.38367	-1871143.07	7/31/2026	Model2501	100	LMMSOFRFLAT	RFRSwap	5.21	2.75	7.60	-0.12	0.061	 8,008 	0.03	0.06	0.23	1.14	3.40	2.53	0.22	8.5	6.6	51.9	83	0.52	9.48	3.96	71.00	269452.41	#SPILL!	#SPILL!	4.97	0.05	17.15	6.07	0.06	11.85	6.87	0.06	6.04	8.31	0.06	-6.16	8.63	0.06	-12.24	8.45	0.05	-17.85
PUB_HTM	614782	3137FYGW0	Agency CMO	G-3-Q	FREDDIE MAC	0.44908869	1.5	4/1/2051	25000000	 11,227,217 	 1,619,081.04 	10533380.06	9355536.84	93.82	83.32908	-1177843.22	7/31/2026	Model2501	100	LMMSOFRFLAT	RFRSwap	5.33	2.77	4.92	0.12	0.041	 4,607 	0.10	0.15	0.38	1.44	2.38	0.43	0.04	5.4	8.7	91.6	100	0.45	10.47	#SPILL!	#SPILL!	#SPILL!	#SPILL!	#SPILL!	4.39	0.04	12.77	4.72	0.04	8.45	4.83	0.04	4.16	5.11	0.04	-4.07	5.44	0.04	-8.14	5.63	0.04	-12.21
PUB_HTM	613786	3137FYNM4	Agency CMO	G-3-Q	FREDDIE MAC	0.6054054	1.75	4/1/2051	50000000	 30,270,270 	 2,221,586.66 	27757820.39	23765745.95	91.6999	78.51184	-3992074.44	7/31/2026	Model2501	100	LMMSOFRFLAT	RFRSwap	5.37	2.97	7.44	-0.01	0.059	 17,712 	0.04	0.07	0.24	1.13	3.20	2.50	0.26	8.3	6.8	69.9	99	0.61	6.87	#SPILL!	#SPILL!	#SPILL!	#SPILL!	#SPILL!	5.34	0.05	16.92	6.21	0.06	11.52	6.84	0.06	5.82	8.07	0.06	-5.87	8.41	0.06	-11.66	8.27	0.05	-17.04
HTM	606900	3137H9JG5	Structured Agency CMBS	G-3-Q	FREDDIE MAC	1	3.8	10/1/2032	20000000	 20,000,000 	 -   	19817925.43	18921456	99.0896	94.60728	-896469.43	7/31/2026	CPY	0	LMMSOFRFLAT	RFRSwap	4.80	3.95	5.38	0.36	0.051	 10,212 	0.00	0.00	-0.01	4.07	1.32	0.00	0.00	6.2	0.0	56.8	53	1.00	NA	4.62	45.00	NA	NA	NA	5.61	0.06	17.00	5.53	0.06	10.94	5.45	0.05	5.28	5.31	0.05	-4.94	5.23	0.04	-9.56	5.16	0.04	-13.88
HTM	606897	3137H9M89	Structured Agency CMBS	G-3-Q	FREDDIE MAC	1	3.78	11/1/2032	30000000	 30,000,000 	 -   	29682867.19	28376073	98.9429	94.58691	-1306794.19	7/31/2026	CPY	0	LMMSOFRFLAT	RFRSwap	4.80	3.96	5.32	0.36	0.050	 15,146 	0.00	0.00	0.04	3.99	1.28	0.00	0.00	6.1	0.0	56.3	53	1.00	NA	4.57	45.00	NA	NA	NA	5.55	0.06	16.80	5.47	0.06	10.81	5.39	0.05	5.22	5.25	0.05	-4.88	5.17	0.04	-9.45	5.10	0.04	-13.73
AFS	607940	3137HA4B9	Structured Agency CMBS	G-3-Q	FREDDIE MAC	1	4.412	3/1/2030	25000000	 25,000,000 	 -   	24666000.87	24803195	98.664	99.21278	137194.13	7/31/2026	CPY	0	LMMSOFRFLAT	RFRSwap	4.61	4.80	2.99	0.12	0.030	 7,436 	0.01	0.07	2.42	0.49	0.00	0.00	0.00	3.3	0.0	43.6	40	1.00	NA	#SPILL!	#SPILL!	NA	NA	NA	3.09	0.03	9.49	3.05	0.03	6.20	3.02	0.03	3.04	2.96	0.03	-2.92	2.92	0.03	-5.72	2.89	0.03	-8.41
HTM	884884	3137HBSS4	Agency CMO	G-3-Q	FREDDIE MAC	0.70214508	5.5	5/1/2051	36447161	 25,591,195 	 -   	25578857.77	25557291.56	99.9518	99.86752	-21566.21	7/31/2026	Model2501	100	LMMSOFRFLAT	RFRSwap	5.47	5.44	2.21	-1.38	0.022	 5,668 	0.29	0.41	0.55	0.81	0.23	-0.06	-0.01	3.0	12.9	79.5	124	0.70	14.48	#SPILL!	#SPILL!	#SPILL!	#SPILL!	#SPILL!	0.49	0.01	2.36	0.22	0.00	1.97	0.84	0.01	1.52	3.14	0.03	-2.69	3.87	0.04	-6.06	4.66	0.04	-9.99
HTM	884836	3137HCS94	Agency CMO	G-3-Q	FREDDIE MAC	0.45888257	5.5	12/1/2048	30370319	 13,936,410 	 -   	13947803.05	13941951.15	100.0817	100.03976	-5851.9	7/31/2026	Model2501	100	LMMSOFRFLAT	RFRSwap	5.31	5.29	1.28	-0.81	0.013	 1,788 	0.42	0.47	0.43	0.11	-0.09	-0.05	0.00	1.7	12.9	81.5	111	0.46	15.07	6.99	28.00	259103.67	#SPILL!	#SPILL!	0.27	0.00	1.05	0.12	0.00	0.84	0.21	0.00	0.76	1.88	0.02	-1.61	2.36	0.02	-3.68	2.99	0.03	-6.22
HTM	884822	3137HCVM1	Agency CMO	G-3-Q	FREDDIE MAC	0.56903012	5.5	7/1/2049	45000000	 25,606,355 	 -   	25598409.15	25584359.54	99.969	99.9141	-14049.61	7/31/2026	Model2501	100	LMMSOFRFLAT	RFRSwap	5.41	5.38	1.60	-0.87	0.016	 4,101 	0.37	0.45	0.51	0.36	-0.03	-0.04	0.00	2.0	13.1	87.4	121	0.57	12.14	6.88	36.00	223575.16	#SPILL!	#SPILL!	0.35	0.00	1.52	0.11	0.00	1.28	0.49	0.01	1.09	2.31	0.02	-1.96	2.88	0.03	-4.49	3.57	0.03	-7.51
AFS	607912	3137HCXK3	Structured Agency CMBS	G-3-Q	FREDDIE MAC	1	5	3/1/2034	39910000	 39,910,000 	 -   	40288913.16	40148366.47	100.9494	100.59726	-140546.7	7/31/2026	CPY	0	LMMSOFRFLAT	RFRSwap	4.90	4.84	6.05	0.47	0.061	 24,399 	0.01	0.01	0.05	3.09	2.89	0.00	0.00	7.4	0.0	62.6	59	1.00	NA	5.94	30.00	NA	NA	NA	6.36	0.08	20.67	6.26	0.07	13.23	6.15	0.07	6.36	5.95	0.06	-5.88	5.85	0.05	-11.33	5.75	0.05	-16.39
HTM	884851	3137HD2K5	Agency CMO	G-3-Q	FREDDIE MAC	0.61732903	5.5	7/1/2046	70000000	 43,213,032 	 -   	43380819.66	43347545.63	100.3883	100.31128	-33274.03	7/31/2026	Model2501	100	LMMSOFRFLAT	RFRSwap	5.32	5.29	2.01	-1.16	0.020	 8,742 	0.30	0.42	0.57	0.78	0.06	-0.10	-0.01	2.9	12.6	66.0	108	0.62	14.37	6.98	27.00	260476.19	#SPILL!	#SPILL!	0.48	0.00	1.97	0.16	0.00	1.60	0.62	0.01	1.35	2.91	0.03	-2.49	3.51	0.03	-5.61	4.11	0.04	-9.16
HTM	884840	3137HDGR5	Agency CMO	G-3-Q	FREDDIE MAC	0.58341628	5.5	11/1/2050	72000000	 42,005,972 	 -   	41955855.65	41925140.07	99.8807	99.80757	-30715.59	7/31/2026	Model2501	100	LMMSOFRFLAT	RFRSwap	5.48	5.45	1.92	-1.08	0.019	 8,081 	0.32	0.43	0.52	0.63	0.08	-0.05	0.00	2.5	13.1	83.3	127	0.58	14.06	#SPILL!	#SPILL!	#SPILL!	#SPILL!	#SPILL!	0.40	0.00	1.86	0.13	0.00	1.57	0.66	0.01	1.32	2.81	0.03	-2.37	3.50	0.03	-5.42	4.26	0.04	-9.02
AFS	607927	3137HHJG7	Structured Agency CMBS	G-3-Q	FREDDIE MAC	1	4.68	10/1/2031	15000000	 15,000,000 	 -   	14938400.95	14905749	99.5893	99.37166	-32651.95	7/31/2026	CPY	0	LMMSOFRFLAT	RFRSwap	4.79	4.74	4.53	0.26	0.045	 6,779 	0.01	0.01	0.02	4.27	0.21	0.00	0.00	5.2	0.0	58.8	55	1.00	NA	5.41	22.00	NA	NA	NA	4.71	0.05	14.83	4.65	0.05	9.59	4.59	0.05	4.65	4.47	0.04	-4.39	4.41	0.04	-8.53	4.36	0.04	-12.45
AFS	607937	3137HHJL6	Structured Agency CMBS	G-3-Q	FREDDIE MAC	1	4.792	9/1/2029	28750000	 28,750,000 	 -   	28879729.01	28821627.75	100.4512	100.24914	-58101.26	7/31/2026	CPY	0	LMMSOFRFLAT	RFRSwap	4.63	4.56	2.81	0.11	0.028	 8,135 	0.01	0.01	2.64	0.15	0.00	0.00	0.00	3.1	0.0	45.7	42	1.00	NA	5.65	23.00	NA	NA	NA	2.90	0.03	9.01	2.87	0.03	5.89	2.84	0.03	2.89	2.78	0.03	-2.78	2.75	0.03	-5.45	2.72	0.03	-8.02
HTM	884832	3137HHMA6	Agency CMO	G-3-Q	FREDDIE MAC	0.70766318	5.5	8/1/2050	42117000	 29,804,650 	 -   	29813770.38	29787420.08	100.0306	99.94219	-26350.3	7/31/2026	Model2501	100	LMMSOFRFLAT	RFRSwap	5.45	5.42	2.09	-1.15	0.021	 6,252 	0.30	0.43	0.55	0.79	0.13	-0.08	-0.01	3.0	11.0	77.6	122	0.71	11.28	6.55	25.00	262437.47	#SPILL!	#SPILL!	0.36	0.00	1.72	-0.10	0.00	1.52	0.63	0.01	1.42	3.04	0.03	-2.58	3.82	0.04	-5.87	4.65	0.04	-9.78
AFS	607939	3137HHUX7	Structured Agency CMBS	G-3-Q	FREDDIE MAC	1	4.25	11/1/2029	50000000	 50,000,000 	 -   	49267174.36	49358095	98.5343	98.71619	90920.64	7/31/2026	CPY	0	LMMSOFRFLAT	RFRSwap	4.62	4.68	2.96	0.12	0.029	 14,677 	0.01	0.00	2.58	0.38	0.00	0.00	0.00	3.3	0.0	44.4	41	1.00	NA	5.16	21.00	NA	NA	NA	3.06	0.03	9.36	3.03	0.03	6.11	2.99	0.03	3.00	2.93	0.03	-2.88	2.90	0.03	-5.64	2.87	0.03	-8.30
AFS	607935	3137HHW23	Structured Agency CMBS	G-3-Q	FREDDIE MAC	1	4.23	12/1/2029	30000000	 30,000,000 	 -   	29438185.75	29598438	98.1273	98.66146	160252.25	7/31/2026	CPY	0	LMMSOFRFLAT	RFRSwap	4.61	4.79	3.01	0.12	0.030	 8,953 	0.01	0.00	2.53	0.47	0.00	0.00	0.00	3.3	0.0	43.5	40	1.00	NA	5.14	20.00	NA	NA	NA	3.11	0.03	9.52	3.08	0.03	6.22	3.05	0.03	3.05	2.98	0.03	-2.92	2.95	0.03	-5.73	2.92	0.03	-8.43
HTM	884845	3137HJEG8	Agency CMO	G-3-Q	FREDDIE MAC	0.69128434	5.5	2/1/2051	120000000	 82,954,121 	 -   	83541494.04	83479917.2	100.7081	100.63384	-61576.84	7/31/2026	Model2501	100	LMMSOFRFLAT	RFRSwap	5.17	5.14	1.74	-1.29	0.018	 14,619 	0.33	0.44	0.52	0.60	-0.02	-0.11	-0.01	2.7	12.6	46.2	94	0.69	13.69	6.92	19.00	244063.11	#SPILL!	#SPILL!	0.39	0.00	1.30	-0.02	0.00	1.07	0.35	0.00	1.05	2.77	0.03	-2.30	3.54	0.03	-5.37	4.33	0.04	-9.05
HTM	884843	3137HJTQ0	Agency CMO	G-3-Q	FREDDIE MAC	0.70540785	5.5	5/1/2051	74944000	 52,866,086 	 -   	53266921.86	53227563.06	100.7582	100.68376	-39358.8	7/31/2026	Model2501	100	LMMSOFRFLAT	RFRSwap	5.19	5.16	1.87	-1.33	0.019	 10,007 	0.32	0.44	0.53	0.68	0.05	-0.12	-0.02	2.9	12.2	44.3	95	0.71	13.34	6.94	22.00	249185.41	#SPILL!	#SPILL!	0.40	0.00	1.38	-0.05	0.00	1.15	0.37	0.00	1.13	2.96	0.03	-2.46	3.76	0.04	-5.73	4.57	0.04	-9.61
HTM	884846	3137HK5V2	Agency CMO	G-3-Q	FREDDIE MAC	0.79025776	5.5	11/1/2050	51313000	 40,550,496 	 -   	40542051.06	40503879.59	99.9792	99.88504	-38171.46	7/31/2026	Model2501	100	LMMSOFRFLAT	RFRSwap	5.47	5.44	2.28	-1.21	0.023	 9,293 	0.28	0.42	0.57	0.86	0.25	-0.08	-0.01	3.2	11.1	78.4	124	0.79	9.10	#SPILL!	#SPILL!	#SPILL!	#SPILL!	#SPILL!	0.39	0.00	1.93	-0.14	0.00	1.77	0.77	0.01	1.59	3.29	0.03	-2.80	4.10	0.04	-6.34	4.96	0.04	-10.50
HTM	884741	3137HK5Z3	Agency CMO	G-3-Q	FREDDIE MAC	0.70538181	5.25	2/1/2051	76146000	 53,712,003 	 -   	53331502.73	53292002.29	99.2916	99.21805	-39500.43	7/31/2026	Model2501	100	LMMSOFRFLAT	RFRSwap	5.46	5.44	2.21	-1.05	0.022	 11,811 	0.30	0.42	0.54	0.75	0.22	-0.02	0.00	2.8	12.4	78.9	125	0.71	13.74	6.93	18.00	258498.72	#SPILL!	#SPILL!	0.40	0.00	2.35	0.21	0.00	2.02	0.93	0.01	1.60	3.10	0.03	-2.64	3.84	0.04	-5.94	4.66	0.04	-9.82
HTM	884839	3137HKCN2	Agency CMO	G-3-Q	FREDDIE MAC	0.70716082	5.5	9/1/2051	65734000	 46,484,509 	 -   	46691365.41	46656711.21	100.445	100.37045	-34654.2	7/31/2026	Model2501	100	LMMSOFRFLAT	RFRSwap	5.30	5.27	1.99	-1.28	0.020	 9,322 	0.31	0.43	0.53	0.71	0.13	-0.10	-0.01	3.0	12.3	56.2	106	0.71	14.34	6.95	24.00	238670.92	#SPILL!	#SPILL!	0.40	0.00	1.65	0.00	0.00	1.39	0.50	0.01	1.27	3.04	0.03	-2.55	3.80	0.04	-5.87	4.60	0.04	-9.76
AFS	607946	3137HKDD3	Structured Agency CMBS	G-3-Q	FREDDIE MAC	1	4.55	1/1/2032	61189000	 61,189,000 	 -   	61277821.45	60572490.23	100.1452	98.99245	-705331.22	7/31/2026	CPY	0	LMMSOFRFLAT	RFRSwap	4.74	4.49	4.65	0.28	0.046	 28,256 	0.01	0.01	0.02	4.27	0.34	0.00	0.00	5.4	0.0	53.4	50	1.00	NA	5.27	19.00	NA	NA	NA	4.83	0.06	15.18	4.77	0.05	9.81	4.71	0.05	4.76	4.59	0.04	-4.48	4.53	0.04	-8.71	4.47	0.04	-12.70
HTM	883490	3137HL3K6	Agency CMO	G-3-Q	FREDDIE MAC	0.83754444	5	2/1/2052	50000000	 41,877,222 	 -   	41453583.24	41439818.6	98.9884	98.95551	-13764.64	7/31/2026	Model2501	100	LMMSOFRFLAT	RFRSwap	5.20	5.19	3.66	-1.42	0.036	 15,231 	0.18	0.31	0.55	1.10	1.35	0.19	0.00	5.2	7.7	34.7	88	0.84	8.67	#SPILL!	#SPILL!	#SPILL!	#SPILL!	#SPILL!	0.52	0.01	3.88	0.24	0.00	3.51	1.61	0.02	2.72	4.90	0.05	-4.20	5.81	0.05	-9.18	6.41	0.05	-14.56
HTM	883488	3137HLB43	Agency CMO	G-3-Q	FREDDIE MAC	0.7737118	5	2/1/2052	25000000	 19,342,795 	 -   	19142977.96	19138163.7	98.967	98.94208	-4814.25	7/31/2026	Model2501	100	LMMSOFRFLAT	RFRSwap	5.27	5.27	2.67	-1.19	0.027	 5,126 	0.26	0.39	0.55	0.91	0.55	0.01	0.00	3.4	11.8	54.5	104	0.77	12.60	#SPILL!	#SPILL!	#SPILL!	#SPILL!	#SPILL!	0.48	0.00	3.01	0.26	0.00	2.63	1.22	0.01	1.98	3.67	0.04	-3.14	4.47	0.04	-6.98	5.32	0.05	-11.38
HTM	884835	3137HLDB5	Agency CMO	G-3-Q	FREDDIE MAC	0.75363014	5	10/1/2051	27466000	 20,699,205 	 -   	20510672.02	20494556.52	99.0892	99.01132	-16115.5	7/31/2026	Model2501	100	LMMSOFRFLAT	RFRSwap	5.26	5.24	2.50	-1.14	0.025	 5,138 	0.28	0.40	0.54	0.86	0.43	0.00	0.00	3.1	12.0	54.4	104	0.75	13.35	6.91	17.00	245987.02	#SPILL!	#SPILL!	0.44	0.00	2.74	0.22	0.00	2.38	1.10	0.01	1.84	3.49	0.03	-2.97	4.27	0.04	-6.64	5.10	0.05	-10.88
HTM	884831	3137HLJN3	Agency CMO	G-3-Q	FREDDIE MAC	0.75951223	5.25	3/1/2049	50000000	 37,975,612 	 -   	37907627.04	37874148.26	99.821	99.73282	-33478.78	7/31/2026	Model2501	100	LMMSOFRFLAT	RFRSwap	5.28	5.25	2.57	-1.20	0.026	 9,783 	0.25	0.38	0.57	0.96	0.49	-0.06	-0.01	3.5	12.6	56.7	103	0.76	16.54	6.95	24.00	257902.23	#SPILL!	#SPILL!	0.58	0.01	2.95	0.33	0.00	2.47	1.09	0.01	1.88	3.55	0.03	-3.07	4.22	0.04	-6.78	4.91	0.04	-10.94
AFS	614554	31380RME2	Agency MBS 30yr	G-2-Q	FANNIE MAE	0.01686414	6.5	11/1/2028	815775	 13,757 	 12,582.89 	14032.65	14182.96	102.0012	103.093747	150.31	7/31/2026	Model2501	100	LMMSOFRFLAT	RFRSwap	0.97	2.67	0.62	0.01	0.006	 1 	0.57	0.05	0.00	0.00	0.00	0.00	0.00	0.6	19.5	-301.9	-306	0.02	8.06	6.75	333.00	13757.34	NA	NA	0.63	0.01	1.96	0.63	0.01	1.30	0.62	0.01	0.65	0.61	0.01	-0.64	0.60	0.01	-1.26	0.60	0.01	-1.87
AFS	613216	31382QYB5	Agency MBS 30yr	G-2-Q	FANNIE MAE	0.00094059	7	7/1/2029	5000000	 4,703 	 1,645.17 	4848.08	4922.29	103.086	104.663796	74.2	7/31/2026	Model2501	100	LMMSOFRFLAT	RFRSwap	2.71	4.02	1.15	0.03	0.012	 1 	0.45	0.52	0.19	0.00	0.00	0.00	0.00	1.2	20.0	-138.3	-149	0.00	18.16	7.50	326.00	16865.31	NA	NA	1.19	0.01	3.76	1.18	0.01	2.48	1.16	0.01	1.23	1.13	0.01	-1.19	1.12	0.01	-2.36	1.11	0.01	-3.50
AFS	614759	31383JZL7	Agency MBS 30yr	G-2-Q	FANNIE MAE	0.00377668	7	7/1/2029	4000000	 15,107 	 6,237.03 	15360.61	15811.27	101.6807	104.663796	450.65	7/31/2026	Model2501	100	LMMSOFRFLAT	RFRSwap	2.32	5.05	1.06	0.03	0.011	 2 	0.48	0.51	0.06	0.00	0.00	0.00	0.00	1.1	15.4	-176.5	-186	0.00	13.66	7.25	325.00	17266.21	NA	NA	1.09	0.01	3.44	1.08	0.01	2.27	1.07	0.01	1.12	1.03	0.01	-1.09	1.02	0.01	-2.16	1.02	0.01	-3.21
AFS	614551	31383WH87	Agency MBS 30yr	G-2-Q	FANNIE MAE	0.00769114	7	9/1/2029	1290479	 9,925 	 3,124.59 	9925.25	10388.15	100	104.663796	462.89	7/31/2026	Model2501	100	LMMSOFRFLAT	RFRSwap	3.06	6.72	1.25	0.04	0.013	 1 	0.42	0.54	0.30	0.00	0.00	0.00	0.00	1.3	16.4	-105.1	-117	0.01	11.94	7.75	323.00	NA	NA	NA	1.30	0.01	4.10	1.28	0.01	2.70	1.27	0.01	1.34	1.23	0.01	-1.30	1.21	0.01	-2.56	1.21	0.01	-3.79
AFS	614348	31384U4H4	Agency MBS 30yr	G-2-Q	FANNIE MAE	0.00051505	6.5	11/1/2029	3675318	 1,893 	 10,754.01 	1899.74	1951.54	100.3573	103.093747	51.8	7/31/2026	Model2501	100	LMMSOFRFLAT	RFRSwap	-8.51	3.04	0.23	0.00	0.002	 0 	0.23	0.00	0.00	0.00	0.00	0.00	0.00	0.2	18.8	-1215.0	-1223	0.00	20.20	6.88	325.00	NA	NA	NA	0.23	0.00	0.71	0.23	0.00	0.47	0.23	0.00	0.24	0.23	0.00	-0.24	0.23	0.00	-0.47	0.22	0.00	-0.70
AFS	613318	31384VQL9	Agency MBS 30yr	G-2-Q	FANNIE MAE	0.00040901	7	2/1/2030	4985780	 2,039 	 1,003.21 	2159.67	2134.34	105.9058	104.663796	-25.33	7/31/2026	Model2501	100	LMMSOFRFLAT	RFRSwap	3.06	2.14	1.25	0.04	0.013	 0 	0.42	0.54	0.30	0.00	0.00	0.00	0.00	1.3	16.2	-104.6	-116	0.00	21.44	7.65	322.00	22449.54	NA	NA	1.28	0.01	4.09	1.28	0.01	2.70	1.27	0.01	1.34	1.23	0.01	-1.30	1.21	0.01	-2.56	1.21	0.01	-3.80
AFS	613581	31384YDB9	Agency MBS 30yr	G-2-Q	FANNIE MAE	0.00085667	6.75	9/1/2029	99585089	 85,312 	 40,295.64 	85024.48	87950.88	99.6635	103.093747	2926.41	7/31/2026	Model2501	100	LMMSOFRFLAT	RFRSwap	3.19	6.72	0.96	0.02	0.010	 8 	0.51	0.43	0.02	-0.01	0.00	0.00	0.00	1.0	19.1	-89.8	-96	0.00	16.42	7.20	333.00	NA	NA	NA	0.99	0.01	3.07	0.98	0.01	2.03	0.97	0.01	1.00	0.94	0.01	-0.98	0.94	0.01	-1.94	0.94	0.01	-2.89
AFS	613572	31384YDE3	Agency MBS 30yr	G-2-Q	FANNIE MAE	0.00112242	6.25	5/1/2029	20353214	 22,845 	 10,730.63 	22703.82	23225.48	99.3826	101.6661246	521.66	7/31/2026	Model2501	100	LMMSOFRFLAT	RFRSwap	4.03	6.56	0.90	0.02	0.009	 2 	0.52	0.37	0.01	0.00	0.00	0.00	0.00	1.0	22.7	-6.9	-10	0.00	12.13	6.74	335.00	NA	NA	NA	0.93	0.01	2.84	0.92	0.01	1.88	0.91	0.01	0.93	0.89	0.01	-0.91	0.89	0.01	-1.81	0.88	0.01	-2.69
AFS	613040	31384YDN3	Agency MBS 30yr	G-2-Q	FANNIE MAE	0.00054255	8	7/1/2027	5194895	 2,818 	 7,059.08 	2818.49	2838.08	100	100.6950554	19.59	7/31/2026	Model2501	100	LMMSOFRFLAT	RFRSwap	5.25	6.87	0.43	0.01	0.004	 0 	0.43	0.00	0.00	0.00	0.00	0.00	0.00	0.4	28.1	124.7	125	0.00	-0.30	8.50	350.00	NA	NA	NA	0.44	0.00	1.33	0.44	0.00	0.88	0.43	0.00	0.44	0.43	0.00	-0.43	0.43	0.00	-0.86	0.42	0.00	-1.29
AFS	612989	31385DRS2	Agency MBS 30yr	G-2-Q	FANNIE MAE	0.00053399	7	1/1/2031	4000000	 2,136 	 455.49 	2276.54	2235.58	106.5816	104.663796	-40.96	7/31/2026	Model2501	100	LMMSOFRFLAT	RFRSwap	4.16	3.12	1.72	0.06	0.018	 0 	0.32	0.44	0.71	0.25	0.00	0.00	0.00	1.9	15.5	1.2	-14	0.00	22.14	7.50	307.00	25338.15	NA	NA	1.69	0.02	5.59	1.72	0.02	3.71	1.74	0.02	1.84	1.69	0.02	-1.78	1.68	0.02	-3.51	1.67	0.02	-5.19
AFS	614661	31385JDB1	Agency MBS ARM	G-2-Q	FANNIE MAE	0.00736364	5.764	3/1/2032	5000000	 36,818 	 5,624.78 	37052.28	37417.23	100.6358	101.6269939	364.95	7/31/2026	Model2501	100	LMMSOFRFLAT	RFRSwap	5.57	6.03	0.57	-0.05	0.006	 2 	0.40	0.00	0.08	0.10	-0.01	-0.01	0.00	2.4	12.9	135.3	108	0.01	14.62	6.26	292.00	64852.69	#SPILL!	#SPILL!	1.09	0.01	2.06	0.66	0.01	1.19	0.56	0.01	0.57	0.82	0.01	-0.67	1.26	0.01	-1.73	1.51	0.01	-3.12
AFS	612882	31385SB49	Agency MBS ARM	G-2-Q	FANNIE MAE	0.00059116	6.495	8/1/2029	6172203	 3,649 	 5,262.75 	3656.47	3697.24	100.2112	101.328769	40.78	7/31/2026	Model2501	100	LMMSOFRFLAT	RFRSwap	5.27	6.33	0.47	-0.03	0.005	 0 	0.37	0.12	-0.01	0.00	0.00	0.00	0.00	1.1	21.7	111.9	95	0.00	17.58	6.88	329.00	NA	CITIZENS BANK, NATIONAL ASSOCIATION	100.00	0.84	0.01	1.69	0.55	0.01	0.99	0.48	0.00	0.48	0.59	0.01	-0.51	0.85	0.01	-1.25	0.95	0.01	-2.17
AFS	614158	31385SB64	Agency MBS ARM	G-2-Q	FANNIE MAE	0.00214123	6.416	11/1/2028	2000000	 4,282 	 4,387.23 	4297.61	4300.44	100.3538	100.419784	2.83	7/31/2026	Model2501	100	LMMSOFRFLAT	RFRSwap	5.11	5.23	0.32	0.01	0.003	 0 	0.36	-0.04	0.00	0.00	0.00	0.00	0.00	0.6	27.3	106.5	99	0.00	8.86	6.80	345.00	NA	CITIZENS BANK, NATIONAL ASSOCIATION	100.00	0.55	0.01	1.15	0.39	0.00	0.67	0.32	0.00	0.33	0.35	0.00	-0.33	0.49	0.00	-0.74	0.55	0.01	-1.28
AFS	613873	31385SMK1	Agency MBS 30yr	G-2-Q	FANNIE MAE	0.00105285	7.5	9/1/2030	3693014	 3,888 	 1,028.55 	4070.28	3925.31	104.6832	100.9547909	-144.97	7/31/2026	Model2501	100	LMMSOFRFLAT	RFRSwap	6.55	3.93	1.36	0.03	0.014	 1 	0.42	0.44	0.47	0.04	0.00	0.00	0.00	1.5	18.9	236.2	230	0.00	19.71	8.25	313.00	34867.29	NA	NA	1.37	0.01	4.27	1.37	0.01	2.83	1.37	0.01	1.40	1.36	0.01	-1.37	1.36	0.01	-2.72	1.36	0.01	-4.06
AFS	613814	31385Y2E4	Agency MBS ARM	G-2-Q	FANNIE MAE	0.00209013	5.12	6/1/2040	615000	 1,285 	 611.81 	1289.21	1290.12	100.2941	100.3649384	0.91	7/31/2026	Model2501	100	LMMSOFRFLAT	RFRSwap	5.18	5.22	0.56	0.00	0.006	 0 	0.30	0.04	0.12	0.10	0.00	0.00	0.00	1.9	20.5	100.9	57	0.00	17.58	6.39	316.00	19469.44	JPMORGAN CHASE BANK, NATIONAL ASSOCIATIO	100.00	0.65	0.01	1.77	0.58	0.01	1.15	0.56	0.01	0.56	0.55	0.01	-0.56	0.57	0.01	-1.11	0.68	0.01	-1.72
AFS	613491	31386EG51	Agency MBS 30yr	G-2-Q	FANNIE MAE	0.00223716	7.5	12/1/2030	5000000	 11,186 	 2,915.35 	11601.39	11360.49	103.7153	101.5617382	-240.9	7/31/2026	Model2501	100	LMMSOFRFLAT	RFRSwap	6.24	4.86	1.50	0.04	0.015	 2 	0.36	0.49	0.59	0.06	0.00	0.00	0.00	1.7	12.8	205.6	197	0.00	17.69	8.25	308.00	44250.90	NA	NA	1.47	0.02	4.70	1.50	0.02	3.12	1.51	0.02	1.55	1.49	0.01	-1.52	1.48	0.01	-3.00	1.47	0.01	-4.45
AFS	612157	31386Y5B6	Agency MBS ARM	G-2-Q	FANNIE MAE	0.00047657	5.865	11/1/2029	5202000	 2,479 	 3,156.04 	2486.46	2495.53	100.296	100.6618933	9.07	7/31/2026	Model2501	100	LMMSOFRFLAT	RFRSwap	5.32	5.67	0.41	-0.01	0.004	 0 	0.30	0.13	-0.02	-0.01	0.00	0.00	0.00	1.1	19.0	117.1	101	0.00	20.64	6.38	330.00	33962.19	JPMORGAN CHASE BANK, NATIONAL ASSOCIATIO	100.00	0.77	0.01	1.49	0.49	0.01	0.85	0.41	0.00	0.41	0.52	0.01	-0.45	0.83	0.01	-1.13	0.95	0.01	-2.03
AFS	613168	31387N3S4	Agency MBS 30yr	G-2-Q	FANNIE MAE	0.00020873	7	8/1/2031	8415354	 1,757 	 774.68 	1796.74	1838.46	102.2889	104.663796	41.71	7/31/2026	Model2501	100	LMMSOFRFLAT	RFRSwap	0.30	3.36	0.63	0.05	0.007	 0 	0.52	0.20	0.00	-0.03	-0.04	-0.02	0.00	0.8	48.4	-369.8	-379	0.00	25.72	7.75	300.00	16698.90	NA	NA	0.72	0.01	2.16	0.71	0.01	1.40	0.64	0.01	0.67	0.65	0.01	-0.66	0.70	0.01	-1.37	0.72	0.01	-2.11
AFS	614690	31388B2M3	Agency MBS 30yr	G-2-Q	FANNIE MAE	0.00016388	6.5	8/1/2031	3515640	 576 	 167.27 	612.28	593.97	106.2718	103.093747	-18.31	7/31/2026	Model2501	100	LMMSOFRFLAT	RFRSwap	4.70	3.09	1.85	0.07	0.019	 0 	0.30	0.43	0.77	0.36	0.00	0.00	0.00	2.0	12.3	53.5	39	0.00	26.35	7.00	301.00	27040.67	NA	NA	1.89	0.02	6.01	1.89	0.02	3.96	1.88	0.02	1.95	1.83	0.02	-1.89	1.81	0.02	-3.72	1.80	0.02	-5.51
AFS	614204	31388DZ68	Agency MBS 30yr	G-2-Q	FANNIE MAE	0.00085862	7	9/1/2031	4523466	 3,884 	 938.36 	4147.26	4065.08	106.7798	104.663796	-82.18	7/31/2026	Model2501	100	LMMSOFRFLAT	RFRSwap	4.28	3.19	1.79	0.05	0.019	 1 	0.31	0.44	0.77	0.27	0.00	0.00	0.00	2.0	11.6	12.8	-2	0.00	21.54	7.59	300.00	40210.49	NA	NA	1.74	0.02	5.75	1.77	0.02	3.83	1.79	0.02	1.90	1.77	0.02	-1.85	1.75	0.02	-3.65	1.74	0.02	-5.41
AFS	613761	31388FFX6	Agency MBS 30yr	G-2-Q	FANNIE MAE	0.00030388	7	9/1/2031	9458309	 2,874 	 817.06 	3108.51	3008.24	108.1526	104.663796	-100.27	7/31/2026	Model2501	100	LMMSOFRFLAT	RFRSwap	4.22	2.39	1.76	0.06	0.019	 1 	0.32	0.45	0.75	0.24	0.00	0.00	0.00	1.9	12.1	6.8	-8	0.00	24.72	7.44	300.00	28642.94	NA	NA	1.73	0.02	5.71	1.76	0.02	3.79	1.77	0.02	1.88	1.73	0.02	-1.82	1.71	0.02	-3.58	1.71	0.02	-5.30
AFS	613490	31388KK92	Agency MBS 30yr	G-2-Q	FANNIE MAE	0.00100858	6.5	10/1/2031	13800000	 13,918 	 2,522.61 	14906.3	14399.21	107.0978	103.4544581	-507.1	7/31/2026	Model2501	100	LMMSOFRFLAT	RFRSwap	4.19	2.10	1.57	0.01	0.016	 2 	0.40	0.30	0.50	0.38	-0.01	-0.01	0.00	1.8	25.8	4.5	-10	0.00	21.00	6.88	298.00	32527.40	NA	NA	1.51	0.02	4.93	1.54	0.02	3.29	1.56	0.02	1.64	1.58	0.02	-1.62	1.59	0.02	-3.23	1.61	0.02	-4.83
AFS	614386	31388PR37	Agency MBS 30yr	G-2-Q	FANNIE MAE	0.00178022	6.5	11/1/2031	3468074	 6,174 	 1,622.89 	6535.03	6364.94	105.8486	103.093747	-170.09	7/31/2026	Model2501	100	LMMSOFRFLAT	RFRSwap	4.64	3.19	1.79	0.06	0.019	 1 	0.31	0.45	0.78	0.25	0.00	0.00	0.00	2.0	10.5	47.5	33	0.00	19.30	7.24	297.00	42983.45	NA	NA	1.80	0.02	5.76	1.81	0.02	3.80	1.80	0.02	1.88	1.77	0.02	-1.82	1.76	0.02	-3.60	1.75	0.02	-5.34
AFS	614735	31389C4C0	Agency MBS 30yr	G-2-Q	FANNIE MAE	0.00001261	6.5	1/1/2032	4000300	 50 	 34,198.02 	50.61	50.27	100.3275	99.6544285	-0.34	7/31/2026	Model2501	100	LMMSOFRFLAT	RFRSwap	6.55	6.22	2.10	0.07	0.021	 0 	0.27	0.39	0.74	0.70	0.01	0.00	0.00	2.4	11.4	233.3	220	0.00	34.09	6.88	296.00	NA	NA	NA	2.20	0.02	6.68	2.17	0.02	4.37	2.13	0.02	2.15	2.09	0.02	-2.08	2.08	0.02	-4.11	2.07	0.02	-6.08
AFS	614839	31389C4H9	Agency MBS 30yr	G-2-Q	FANNIE MAE	0.01097594	6.5	1/1/2032	10000979	 109,770 	 27,478.65 	116113.66	113166.16	105.7789	103.093747	-2947.5	7/31/2026	Model2501	100	LMMSOFRFLAT	RFRSwap	4.58	3.14	1.74	0.05	0.018	 20 	0.32	0.45	0.76	0.22	0.00	0.00	0.00	1.9	11.1	42.6	29	0.01	13.12	6.86	295.00	52182.71	NA	NA	1.70	0.02	5.54	1.73	0.02	3.68	1.75	0.02	1.83	1.72	0.02	-1.78	1.71	0.02	-3.51	1.70	0.02	-5.20
AFS	613203	31389DYC5	Agency MBS 30yr	G-2-Q	FANNIE MAE	0.00019095	6.5	1/1/2032	7000700	 1,337 	 587.18 	1388.61	1378.14	103.8767	103.093747	-10.47	7/31/2026	Model2501	100	LMMSOFRFLAT	RFRSwap	3.59	2.95	1.17	0.03	0.012	 0 	0.45	0.58	0.13	0.00	0.00	0.00	0.00	1.2	10.0	-52.5	-61	0.00	26.42	6.75	296.00	27181.19	NA	NA	1.16	0.01	3.70	1.17	0.01	2.46	1.18	0.01	1.22	1.15	0.01	-1.19	1.14	0.01	-2.36	1.13	0.01	-3.50
AFS	614359	31389FES7	Agency MBS 30yr	G-2-Q	FANNIE MAE	0.00938513	6.5	1/1/2032	3999600	 37,537 	 8,462.41 	39498.57	38698.06	105.2263	103.093747	-800.51	7/31/2026	Model2501	100	LMMSOFRFLAT	RFRSwap	4.59	3.44	1.75	0.05	0.018	 7 	0.31	0.45	0.76	0.22	0.00	0.00	0.00	1.9	11.0	43.0	29	0.01	13.71	7.00	296.00	42889.34	NA	NA	1.73	0.02	5.58	1.75	0.02	3.70	1.76	0.02	1.83	1.73	0.02	-1.78	1.72	0.02	-3.52	1.70	0.02	-5.22
AFS	613665	31389FJ60	Agency MBS 30yr	G-2-Q	FANNIE MAE	0.0006189	6.5	1/1/2032	13795000	 8,538 	 6,980.03 	9029.97	8801.86	105.7656	103.093747	-228.11	7/31/2026	Model2501	100	LMMSOFRFLAT	RFRSwap	4.50	2.99	1.67	0.05	0.017	 1 	0.33	0.47	0.73	0.15	0.00	0.00	0.00	1.8	10.7	34.1	21	0.00	22.85	6.83	296.00	24697.68	NA	NA	1.67	0.02	5.38	1.69	0.02	3.56	1.69	0.02	1.76	1.65	0.02	-1.71	1.64	0.02	-3.36	1.63	0.02	-4.99
AFS	614106	31389FJX1	Agency MBS 30yr	G-2-Q	FANNIE MAE	0.00051987	6.5	12/1/2031	5165553	 2,685 	 534.34 	2859.73	2768.5	106.491	103.093747	-91.23	7/31/2026	Model2501	100	LMMSOFRFLAT	RFRSwap	4.79	3.16	1.94	0.06	0.020	 1 	0.29	0.42	0.77	0.47	0.00	0.00	0.00	2.2	11.5	62.2	47	0.00	23.36	6.75	296.00	49698.88	NA	NA	1.75	0.02	6.03	1.87	0.02	4.07	1.93	0.02	2.03	1.92	0.02	-1.98	1.91	0.02	-3.91	1.90	0.02	-5.80
AFS	613639	31389FQS4	Agency MBS 30yr	G-2-Q	FANNIE MAE	0.00047592	7	1/1/2032	6051399	 2,880 	 5,442.35 	2940.68	3014.3	102.1076	104.663796	73.62	7/31/2026	Model2501	100	LMMSOFRFLAT	RFRSwap	1.46	4.20	0.89	0.02	0.009	 0 	0.57	0.32	0.00	0.00	0.00	0.00	0.00	0.9	11.3	-259.1	-265	0.00	23.74	7.50	296.00	10636.26	NA	NA	0.92	0.01	2.90	0.91	0.01	1.92	0.90	0.01	0.95	0.88	0.01	-0.93	0.87	0.01	-1.84	0.86	0.01	-2.73
AFS	613272	31389FTM4	Agency MBS 30yr	G-2-Q	FANNIE MAE	0.00245612	7	2/1/2032	5000000	 12,281 	 1,986.78 	12999.39	12853.34	105.853	104.663796	-146.05	7/31/2026	Model2501	100	LMMSOFRFLAT	RFRSwap	4.62	4.08	2.04	0.07	0.021	 3 	0.28	0.40	0.71	0.64	0.01	0.00	0.00	2.3	14.4	45.5	29	0.00	18.51	7.38	294.00	24559.42	NA	NA	1.96	0.02	6.58	2.01	0.02	4.38	2.05	0.02	2.18	2.01	0.02	-2.11	2.00	0.02	-4.16	1.99	0.02	-6.16
AFS	613343	31389GLF5	Agency MBS 30yr	G-2-Q	FANNIE MAE	0.00081207	6.5	1/1/2032	2000000	 1,624 	 824.11 	1733.88	1674.39	106.7567	103.093747	-59.49	7/31/2026	Model2501	100	LMMSOFRFLAT	RFRSwap	4.87	3.18	2.04	0.07	0.021	 0 	0.28	0.40	0.75	0.61	0.00	0.00	0.00	2.3	12.0	69.5	53	0.00	22.03	7.13	296.00	52353.28	NA	NA	1.99	0.02	6.51	2.03	0.02	4.32	2.05	0.02	2.14	2.01	0.02	-2.07	2.00	0.02	-4.09	1.99	0.02	-6.06
AFS	614426	31389PTV2	Agency MBS ARM	G-2-Q	FANNIE MAE	0.00333381	5.9	3/1/2032	7053778	 23,516 	 3,941.20 	23689.65	23941.73	100.7386	101.8105828	252.08	7/31/2026	Model2501	100	LMMSOFRFLAT	RFRSwap	5.55	6.05	0.51	-0.05	0.005	 1 	0.33	-0.01	0.06	0.12	0.00	0.00	0.00	2.4	12.3	133.7	105	0.00	17.40	6.38	293.00	23515.96	NEW RESIDENTIAL MORTGAGE LLC	100.00	1.16	0.01	2.00	0.65	0.01	1.09	0.51	0.01	0.52	0.70	0.01	-0.58	1.18	0.01	-1.53	1.47	0.01	-2.87
AFS	614685	31389QUN6	Agency MBS 30yr	G-2-Q	FANNIE MAE	0.00646928	6.5	1/1/2032	1680561	 10,872 	 2,249.07 	11460.88	11247.69	105.4163	103.4553827	-213.19	7/31/2026	Model2501	100	LMMSOFRFLAT	RFRSwap	4.48	3.47	1.83	0.06	0.019	 2 	0.31	0.43	0.73	0.36	0.00	0.00	0.00	2.0	14.8	32.4	17	0.01	15.13	6.88	298.00	10872.02	NA	NA	1.87	0.02	5.96	1.87	0.02	3.93	1.85	0.02	1.93	1.80	0.02	-1.87	1.79	0.02	-3.69	1.79	0.02	-5.47
AFS	613966	31389TJ29	Agency MBS ARM	G-2-Q	FANNIE MAE	0.00249947	5.787	3/1/2032	5000000	 12,497 	 2,861.02 	12598.33	12716.75	100.808	101.7555469	118.41	7/31/2026	Model2501	100	LMMSOFRFLAT	RFRSwap	5.55	5.99	0.59	-0.04	0.006	 1 	0.40	-0.01	0.06	0.13	0.00	0.00	0.00	2.4	12.3	134.3	106	0.00	18.36	6.25	292.00	21687.52	ROCKET MORTGAGE, LLC	100.00	1.15	0.01	2.15	0.69	0.01	1.23	0.58	0.01	0.59	0.83	0.01	-0.69	1.28	0.01	-1.76	1.53	0.02	-3.17
AFS	613984	3138A2BQ1	Agency MBS 30yr	G-2-Q	FANNIE MAE	0.0382079	4	12/1/2040	21000767	 802,395 	 109,172.07 	802395.21	765228.27	100	95.368001	-37166.94	7/31/2026	Model2501	100	LMMSOFRFLAT	RFRSwap	5.05	3.97	4.29	-0.04	0.041	 330 	0.13	0.20	0.48	1.42	1.92	0.14	0.00	5.3	7.2	68.0	46	0.04	16.55	4.45	188.00	154309.97	NA	NA	1.86	0.02	10.56	3.28	0.03	7.81	3.98	0.04	4.06	4.50	0.04	-4.12	4.70	0.04	-8.24	4.80	0.04	-12.31
AFS	613899	3138A2WW5	Agency MBS 30yr	G-2-Q	FANNIE MAE	0.05083607	4	1/1/2041	17826055	 906,207 	 117,328.34 	905204.3	864667.09	99.8894	95.4161128	-40537.2	7/31/2026	Model2501	100	LMMSOFRFLAT	RFRSwap	5.06	4.00	4.22	0.00	0.040	 366 	0.13	0.21	0.48	1.43	1.86	0.12	0.00	5.1	7.3	70.5	47	0.05	14.98	4.38	188.00	122962.43	NA	NA	2.12	0.02	10.73	3.37	0.03	7.80	3.96	0.04	4.02	4.39	0.04	-4.03	4.57	0.04	-8.05	4.67	0.04	-12.02
AFS	614564	3138A36S1	Agency MBS 30yr	G-2-Q	FANNIE MAE	0.04343616	3.5	1/1/2041	25933425	 1,126,448 	 259,288.95 	1129958.47	1047952.24	100.3116	93.031535	-82006.23	7/31/2026	Model2501	100	LMMSOFRFLAT	RFRSwap	5.13	3.40	4.32	0.01	0.040	 454 	0.13	0.20	0.47	1.46	1.92	0.14	0.00	5.1	7.3	77.1	54	0.04	15.75	4.03	188.00	125905.80	NA	NA	2.46	0.03	11.05	3.60	0.04	7.88	4.09	0.04	4.02	4.49	0.04	-4.02	4.69	0.04	-8.03	4.77	0.04	-11.98
AFS	613871	3138A4XY6	Agency MBS 30yr	G-2-Q	FANNIE MAE	0.04574408	4	1/1/2041	19365867	 885,874 	 140,609.10 	884899.56	841250.59	99.89	94.9628058	-43648.97	7/31/2026	Model2501	100	LMMSOFRFLAT	RFRSwap	5.15	4.00	4.27	-0.03	0.041	 361 	0.13	0.20	0.48	1.42	1.91	0.14	0.00	5.2	7.3	78.5	56	0.05	15.67	4.42	188.00	144983.84	NA	NA	1.97	0.02	10.61	3.33	0.03	7.79	3.98	0.04	4.04	4.47	0.04	-4.08	4.67	0.04	-8.16	4.77	0.04	-12.19
AFS	614299	3138A52K7	Agency MBS 30yr	G-2-Q	FANNIE MAE	0.0480783	4	2/1/2041	31313250	 1,505,488 	 132,587.82 	1505487.83	1431902.54	100	95.1121966	-73585.28	7/31/2026	Model2501	100	LMMSOFRFLAT	RFRSwap	5.09	3.98	4.38	-0.04	0.042	 629 	0.13	0.20	0.47	1.40	2.00	0.19	0.00	5.4	7.3	70.9	48	0.05	15.47	4.40	187.00	161601.72	NA	NA	1.92	0.02	10.76	3.35	0.03	7.95	4.06	0.04	4.13	4.59	0.04	-4.19	4.79	0.04	-8.37	4.90	0.04	-12.50
AFS	613945	3138A5M58	Agency MBS 30yr	G-2-Q	FANNIE MAE	0.04059088	4	2/1/2041	26299040	 1,067,501 	 117,027.32 	1065552.02	1015778.31	99.8174	95.1547722	-49773.71	7/31/2026	Model2501	100	LMMSOFRFLAT	RFRSwap	5.07	4.02	4.38	-0.09	0.042	 446 	0.12	0.20	0.48	1.41	2.00	0.18	0.00	5.4	7.0	68.4	47	0.04	16.42	4.45	187.00	170563.77	NA	NA	1.59	0.02	10.33	3.17	0.03	7.81	4.00	0.04	4.11	4.63	0.04	-4.21	4.84	0.04	-8.43	4.93	0.04	-12.60
AFS	614391	3138A7QM3	Agency MBS 30yr	G-2-Q	FANNIE MAE	0.04614857	4	2/1/2041	17303051	 798,511 	 115,655.68 	799333.73	761522.73	100.103	95.367837	-37811.01	7/31/2026	Model2501	100	LMMSOFRFLAT	RFRSwap	5.05	3.95	4.27	-0.01	0.041	 326 	0.13	0.20	0.47	1.41	1.91	0.14	0.00	5.2	7.3	69.0	46	0.05	15.75	4.56	186.00	131819.25	NA	NA	2.06	0.02	10.72	3.35	0.03	7.84	3.99	0.04	4.05	4.45	0.04	-4.08	4.64	0.04	-8.15	4.76	0.04	-12.18
AFS	612531	3138A8J56	Agency MBS 30yr	G-2-Q	FANNIE MAE	0.03547757	4	3/1/2041	8428965	 299,039 	 57,082.97 	299039.2	284805.27	100	95.2401153	-14233.92	7/31/2026	Model2501	100	LMMSOFRFLAT	RFRSwap	5.07	3.97	4.30	-0.06	0.041	 123 	0.13	0.20	0.48	1.40	1.93	0.16	0.00	5.3	7.4	69.7	48	0.04	17.15	4.42	186.00	164632.08	NA	NA	1.68	0.02	10.34	3.20	0.03	7.75	3.96	0.04	4.06	4.53	0.04	-4.13	4.75	0.04	-8.28	4.86	0.04	-12.39
AFS	613302	3138A8LD6	Agency MBS 30yr	G-2-Q	FANNIE MAE	0.04364189	4	3/1/2041	16517464	 720,853 	 114,809.21 	721757.1	684140.21	100.1254	94.9069899	-37616.89	7/31/2026	Model2501	100	LMMSOFRFLAT	RFRSwap	5.11	3.95	4.48	-0.07	0.043	 308 	0.12	0.19	0.47	1.39	2.08	0.23	0.00	5.6	7.1	71.1	49	0.04	16.05	4.43	186.00	171852.97	NA	NA	1.72	0.02	10.70	3.30	0.03	8.03	4.11	0.04	4.21	4.73	0.04	-4.29	4.94	0.04	-8.59	5.04	0.04	-12.82
AFS	614264	3138A8RD0	Agency MBS 30yr	G-2-Q	FANNIE MAE	0.05136613	4	3/1/2041	25250390	 1,297,015 	 212,493.16 	1293602.19	1235830.8	99.7369	95.2827048	-57771.39	7/31/2026	Model2501	100	LMMSOFRFLAT	RFRSwap	5.05	4.03	4.34	-0.06	0.041	 538 	0.13	0.20	0.48	1.42	1.96	0.16	0.00	5.3	7.0	67.8	46	0.05	15.23	4.45	186.00	155751.20	NA	NA	1.71	0.02	10.43	3.22	0.03	7.82	3.99	0.04	4.09	4.56	0.04	-4.16	4.77	0.04	-8.34	4.86	0.04	-12.45
AFS	614286	3138A8YD2	Agency MBS 30yr	G-2-Q	FANNIE MAE	0.04986709	4	3/1/2041	22315518	 1,112,810 	 177,421.56 	1111587.25	1053528.98	99.8901	94.6728579	-58058.27	7/31/2026	Model2501	100	LMMSOFRFLAT	RFRSwap	5.21	4.00	4.30	-0.02	0.041	 454 	0.13	0.20	0.48	1.42	1.92	0.15	0.00	5.3	7.3	84.6	62	0.05	15.40	4.53	186.00	128967.72	NA	NA	2.10	0.02	10.75	3.39	0.03	7.84	4.02	0.04	4.05	4.49	0.04	-4.08	4.69	0.04	-8.16	4.80	0.04	-12.20
AFS	614246	3138A9CW2	Agency MBS 30yr	G-2-Q	FANNIE MAE	0.05416318	4	3/1/2041	24188723	 1,310,138 	 151,816.67 	1307751.45	1246657.46	99.8178	95.1546563	-61093.98	7/31/2026	Model2501	100	LMMSOFRFLAT	RFRSwap	5.10	4.01	4.25	-0.06	0.041	 532 	0.13	0.20	0.47	1.37	1.92	0.17	0.00	5.2	7.8	72.4	51	0.05	14.97	4.52	186.00	159597.11	NA	NA	1.75	0.02	10.26	3.17	0.03	7.66	3.92	0.04	4.01	4.47	0.04	-4.08	4.68	0.04	-8.17	4.80	0.04	-12.22
AFS	614262	3138AB7J2	Agency MBS 30yr	G-2-Q	FANNIE MAE	0.02368866	4	4/1/2041	31260373	 740,516 	 79,959.55 	741192.45	705142.32	100.0913	95.2230595	-36050.13	7/31/2026	Model2501	100	LMMSOFRFLAT	RFRSwap	5.11	3.95	4.18	0.03	0.040	 296 	0.14	0.21	0.48	1.43	1.82	0.11	0.00	5.1	7.4	76.3	53	0.02	19.35	4.64	185.00	109235.61	NA	NA	2.34	0.02	10.81	3.41	0.04	7.76	3.95	0.04	3.98	4.31	0.04	-3.97	4.47	0.04	-7.90	4.62	0.04	-11.80
AFS	613398	3138ABBW8	Agency MBS 30yr	G-2-Q	FANNIE MAE	0.04864276	4	4/1/2041	39615303	 1,926,998 	 224,596.13 	1928955.51	1832953.64	100.1016	95.1196601	-96001.87	7/31/2026	Model2501	100	LMMSOFRFLAT	RFRSwap	5.07	3.95	4.44	-0.02	0.042	 816 	0.12	0.20	0.47	1.41	2.05	0.19	0.00	5.5	6.9	69.3	46	0.05	15.58	4.58	185.00	140191.44	NA	NA	2.05	0.02	11.04	3.44	0.04	8.11	4.14	0.04	4.20	4.63	0.04	-4.23	4.83	0.04	-8.45	4.94	0.04	-12.61
AFS	613661	3138ABMW6	Agency MBS 30yr	G-2-Q	FANNIE MAE	0.05600042	4	4/1/2041	31217127	 1,748,172 	 515,977.69 	1763694.23	1664215.53	100.8879	95.1974589	-99478.7	7/31/2026	Model2501	100	LMMSOFRFLAT	RFRSwap	5.08	3.78	4.33	-0.06	0.041	 724 	0.13	0.20	0.48	1.41	1.95	0.17	0.00	5.3	7.4	70.1	48	0.06	14.78	4.42	184.00	156946.73	NA	NA	1.83	0.02	10.55	3.27	0.03	7.84	4.00	0.04	4.09	4.56	0.04	-4.16	4.78	0.04	-8.33	4.89	0.04	-12.45
AFS	614795	3138ADBZ7	Agency MBS 30yr	G-2-Q	FANNIE MAE	0.04067867	4	7/1/2041	11016665	 448,143 	 82,159.33 	448726.24	425127.54	100.1301	94.8642008	-23598.7	7/31/2026	Model2501	100	LMMSOFRFLAT	RFRSwap	5.10	3.95	4.51	-0.06	0.043	 192 	0.12	0.19	0.47	1.39	2.10	0.24	0.00	5.6	7.0	70.7	48	0.04	16.99	4.54	181.00	176065.33	NA	NA	1.73	0.02	10.79	3.34	0.03	8.10	4.15	0.04	4.24	4.75	0.04	-4.31	4.97	0.04	-8.62	5.08	0.04	-12.88
AFS	614630	3138AKRT8	Agency MBS 30yr	G-2-Q	FANNIE MAE	0.04014843	4	7/1/2041	9636240	 386,880 	 269,782.75 	386455.46	366366.21	99.8903	94.6976575	-20089.25	7/31/2026	Model2501	100	LMMSOFRFLAT	RFRSwap	5.11	4.00	4.55	-0.15	0.043	 167 	0.12	0.19	0.48	1.38	2.13	0.26	0.00	5.7	6.6	68.9	48	0.04	17.04	4.44	184.00	220152.89	NA	NA	1.24	0.01	9.91	2.94	0.03	7.83	4.05	0.04	4.21	4.87	0.04	-4.38	5.09	0.04	-8.79	5.19	0.04	-13.12
AFS	614150	3138ALMD6	Agency MBS 30yr	G-2-Q	FANNIE MAE	0.02841134	4	8/1/2041	50000000	 1,420,567 	 211,672.93 	1440614.04	1350029.35	101.4112	95.0345423	-90584.69	7/31/2026	Model2501	100	LMMSOFRFLAT	RFRSwap	5.09	3.68	4.43	-0.05	0.042	 601 	0.12	0.20	0.47	1.40	2.05	0.21	0.00	5.5	7.1	70.1	48	0.03	19.04	4.55	181.00	154891.66	NA	NA	1.87	0.02	10.79	3.34	0.03	8.01	4.10	0.04	4.18	4.66	0.04	-4.24	4.87	0.04	-8.48	5.00	0.04	-12.67
AFS	613554	3138AMFT7	Agency MBS 30yr	G-2-Q	FANNIE MAE	0.04032508	4	8/1/2041	15551208	 627,104 	 249,375.48 	627625.83	592353.61	100.0833	94.458636	-35272.22	7/31/2026	Model2501	100	LMMSOFRFLAT	RFRSwap	5.17	3.96	4.61	-0.07	0.044	 274 	0.11	0.19	0.46	1.39	2.19	0.28	0.00	5.7	6.8	76.5	54	0.04	17.13	4.50	180.00	161943.44	NA	NA	1.83	0.02	11.00	3.40	0.04	8.23	4.23	0.04	4.31	4.86	0.04	-4.39	5.08	0.04	-8.78	5.18	0.04	-13.09
AFS	612177	3138ANCG6	Agency MBS 30yr	G-2-Q	FANNIE MAE	0.04842086	4	8/1/2041	2750548	 133,184 	 11,017.71 	139109.46	126342.89	104.4492	94.8634827	-12766.57	7/31/2026	Model2501	100	LMMSOFRFLAT	RFRSwap	5.08	3.10	4.59	-0.03	0.044	 58 	0.12	0.19	0.46	1.40	2.18	0.26	0.00	5.7	6.5	68.5	45	0.05	16.09	4.63	181.00	133183.91	NA	NA	2.06	0.02	11.25	3.48	0.04	8.31	4.25	0.04	4.33	4.81	0.04	-4.37	5.00	0.04	-8.72	5.11	0.04	-12.99
AFS	613926	3138ANDY6	Agency MBS 30yr	G-2-Q	FANNIE MAE	0.03992694	4	8/1/2041	50000000	 1,996,347 	 168,442.18 	1999656.23	1895360.49	100.1658	94.9414349	-104295.74	7/31/2026	Model2501	100	LMMSOFRFLAT	RFRSwap	5.12	3.94	4.38	-0.10	0.042	 833 	0.13	0.20	0.48	1.38	1.99	0.21	0.00	5.4	7.4	71.9	51	0.04	17.19	4.50	180.00	168556.47	NA	NA	1.53	0.02	10.22	3.13	0.03	7.77	3.99	0.04	4.10	4.64	0.04	-4.20	4.88	0.04	-8.44	5.02	0.04	-12.65
AFS	613802	3138AQBN5	Agency MBS 30yr	G-2-Q	FANNIE MAE	0.04864887	3.5	10/1/2041	25000000	 1,216,222 	 176,469.93 	1220384.18	1131481.45	100.3422	93.0324963	-88902.73	7/31/2026	Model2501	100	LMMSOFRFLAT	RFRSwap	5.07	3.40	4.46	-0.04	0.042	 506 	0.12	0.19	0.46	1.45	2.06	0.18	0.00	5.3	7.0	69.8	48	0.05	16.03	4.06	179.00	159603.11	NA	NA	2.23	0.02	11.10	3.58	0.04	8.03	4.17	0.04	4.13	4.69	0.04	-4.18	4.90	0.04	-8.36	4.95	0.04	-12.46
AFS	613119	3138AQCB0	Agency MBS 30yr	G-2-Q	FANNIE MAE	0.02729778	3.5	10/1/2041	25012348	 682,782 	 91,200.14 	684973.4	634531.9	100.321	92.9333668	-50441.49	7/31/2026	Model2501	100	LMMSOFRFLAT	RFRSwap	5.00	3.41	4.74	-0.06	0.044	 302 	0.11	0.18	0.44	1.41	2.28	0.32	0.00	5.8	6.9	58.9	37	0.03	19.28	4.00	178.00	166117.02	NA	NA	2.12	0.02	11.53	3.68	0.04	8.45	4.39	0.04	4.37	5.01	0.04	-4.44	5.23	0.04	-8.88	5.29	0.04	-13.21
AFS	614029	3138ASRT1	Agency MBS 30yr	G-2-Q	FANNIE MAE	0.03296072	3.5	9/1/2041	25000000	 824,018 	 164,932.09 	826414.47	766527.18	100.2908	93.0231117	-59887.28	7/31/2026	Model2501	100	LMMSOFRFLAT	RFRSwap	5.09	3.41	4.41	0.04	0.041	 339 	0.13	0.20	0.46	1.41	2.01	0.21	0.00	5.3	7.7	72.5	49	0.03	18.23	4.10	180.00	127463.91	NA	NA	2.72	0.03	11.53	3.76	0.04	8.12	4.21	0.04	4.12	4.57	0.04	-4.09	4.79	0.04	-8.17	4.93	0.04	-12.21
AFS	613570	3138AV5V3	Agency MBS 30yr	G-2-Q	FANNIE MAE	0.03647797	3.5	11/1/2041	50000000	 1,823,899 	 218,037.34 	1829974.87	1695884.74	100.3332	92.9813113	-134090.13	7/31/2026	Model2501	100	LMMSOFRFLAT	RFRSwap	5.05	3.41	4.58	-0.04	0.043	 779 	0.12	0.18	0.44	1.40	2.16	0.27	0.00	5.5	7.4	65.4	43	0.04	17.88	3.96	177.00	166714.98	NA	NA	2.30	0.02	11.41	3.68	0.04	8.24	4.28	0.04	4.24	4.82	0.04	-4.28	5.05	0.04	-8.58	5.10	0.04	-12.78
AFS	614584	3138AVGA7	Agency MBS 30yr	G-2-Q	FANNIE MAE	0.03553323	3.5	11/1/2041	50000000	 1,776,662 	 648,381.23 	1784282.55	1652170.23	100.429	92.9929663	-132112.32	7/31/2026	Model2501	100	LMMSOFRFLAT	RFRSwap	5.02	3.39	4.64	-0.05	0.043	 769 	0.11	0.18	0.45	1.43	2.20	0.27	0.00	5.6	7.0	63.0	41	0.04	18.01	4.03	177.00	166397.30	NA	NA	2.30	0.02	11.52	3.70	0.04	8.34	4.33	0.04	4.29	4.89	0.04	-4.34	5.11	0.04	-8.69	5.16	0.04	-12.93
PUB_HTM	613880	3138AVRK3	Agency MBS 15yr	G-2-Q	FANNIE MAE	0.00061341	3.5	10/1/2026	42838818	 26,278 	 294,968.19 	26286.56	26191.38	100.0335	99.6712908	-95.17	7/31/2026	Model2501	100	LMMSOFRFLAT	RFRSwap	4.20	1.66	0.14	0.00	0.001	 0 	0.14	0.00	0.00	0.00	0.00	0.00	0.00	0.1	50.0	36.8	34	0.00	NA	3.91	178.00	NA	NA	NA	0.14	0.00	0.43	0.14	0.00	0.29	0.14	0.00	0.14	0.14	0.00	-0.14	0.14	0.00	-0.29	0.14	0.00	-0.43
AFS	613666	3138AWFP3	Agency MBS 30yr	G-2-Q	FANNIE MAE	0.02977983	3.5	11/1/2041	50023258	 1,489,684 	 116,221.03 	1496629.42	1384599.54	100.4662	92.9458483	-112029.88	7/31/2026	Model2501	100	LMMSOFRFLAT	RFRSwap	5.01	3.38	4.71	-0.05	0.044	 654 	0.11	0.18	0.45	1.42	2.25	0.30	0.00	5.7	7.0	61.0	39	0.03	18.89	3.96	177.00	151667.27	NA	NA	2.28	0.02	11.64	3.74	0.04	8.44	4.38	0.04	4.35	4.96	0.04	-4.40	5.17	0.04	-8.79	5.22	0.04	-13.09
AFS	613999	3138AXSU6	Agency MBS 30yr	G-2-Q	FANNIE MAE	0.04181595	3.5	12/1/2041	25000000	 1,045,399 	 285,288.19 	1048995.27	972016.17	100.344	92.9804218	-76979.1	7/31/2026	Model2501	100	LMMSOFRFLAT	RFRSwap	4.99	3.41	4.77	-0.04	0.045	 465 	0.11	0.17	0.44	1.43	2.32	0.30	0.00	5.8	6.6	59.1	36	0.04	17.12	4.05	177.00	166106.52	NA	NA	2.45	0.03	11.96	3.85	0.04	8.61	4.46	0.04	4.42	5.02	0.04	-4.46	5.21	0.04	-8.90	5.22	0.04	-13.20
AFS	614259	3138AXVP3	Agency MBS 30yr	G-2-Q	FANNIE MAE	0.04761298	3.5	11/1/2041	75000000	 3,570,974 	 279,677.80 	3580623.63	3321175.28	100.2702	93.0047584	-259448.35	7/31/2026	Model2501	100	LMMSOFRFLAT	RFRSwap	5.05	3.42	4.57	-0.01	0.043	 1,521 	0.12	0.19	0.45	1.42	2.14	0.25	0.00	5.5	7.3	66.2	44	0.05	16.38	4.05	177.00	126940.76	NA	NA	2.53	0.03	11.63	3.76	0.04	8.30	4.30	0.04	4.24	4.79	0.04	-4.26	5.02	0.04	-8.53	5.10	0.04	-12.73
AFS	613870	3138E0SX8	Agency MBS ARM	G-2-Q	FANNIE MAE	0.01091527	6.106	12/1/2041	50455651	 550,737 	 42,909.62 	568945.79	571219.98	103.3062	103.7191844	2274.19	7/31/2026	Model2501	100	LMMSOFRFLAT	RFRSwap	5.78	5.89	1.44	-0.95	0.015	 83 	-0.12	0.15	0.30	0.38	0.72	0.05	-0.04	5.0	11.3	105.6	126	0.01	24.14	6.54	175.00	138876.86	WELLS FARGO BANK, NATIONAL ASSOCIATION	100.00	0.87	0.01	2.42	0.51	0.01	1.74	0.75	0.01	1.10	2.69	0.03	-2.11	3.59	0.04	-5.34	3.96	0.04	-9.02
AFS	614308	3138E6TZ9	Agency MBS 30yr	G-2-Q	FANNIE MAE	0.1699025	3.5	2/1/2042	5110099	 868,219 	 184,303.94 	894511.39	806866.95	103.0284	92.9336178	-87644.44	7/31/2026	Model2501	100	LMMSOFRFLAT	RFRSwap	4.95	2.90	5.00	0.03	0.047	 405 	0.10	0.16	0.41	1.44	2.52	0.37	0.01	6.0	6.1	54.7	31	0.17	9.01	3.97	175.00	164858.28	NA	NA	3.19	0.03	13.19	4.28	0.04	9.21	4.74	0.05	4.66	5.20	0.05	-4.64	5.32	0.04	-9.19	5.29	0.04	-13.54
AFS	612673	3138E9AD2	Agency MBS ARM	G-2-Q	FANNIE MAE	0.00099029	6.055	3/1/2042	50021455	 49,536 	 2,644.98 	51063.35	51112.86	103.0838	103.1837933	49.5	7/31/2026	Model2501	100	LMMSOFRFLAT	RFRSwap	5.97	5.99	1.60	-0.98	0.017	 8 	0.03	0.09	0.14	0.36	0.81	0.17	-0.02	5.4	10.0	130.2	140	0.00	36.22	6.50	172.00	49535.75	WELLS FARGO BANK, NATIONAL ASSOCIATION	100.00	1.29	0.01	3.45	0.93	0.01	2.31	1.02	0.01	1.31	2.69	0.03	-2.19	3.49	0.03	-5.31	3.95	0.04	-8.93
AFS	614366	3138EH6U1	Agency MBS ARM	G-2-Q	FANNIE MAE	0.0012993	5.818	5/1/2042	32483119	 42,205 	 57,698.17 	44600.38	43388.61	105.6748	102.8036599	-1211.78	7/31/2026	Model2501	100	LMMSOFRFLAT	RFRSwap	5.99	5.39	2.08	-1.12	0.021	 9 	0.12	0.10	0.12	0.40	1.07	0.25	-0.01	6.0	8.2	123.1	140	0.00	35.18	6.38	171.00	42205.29	CITIZENS BANK, NATIONAL ASSOCIATION	100.00	1.36	0.01	4.15	1.09	0.01	2.89	1.28	0.01	1.68	3.18	0.03	-2.71	3.88	0.04	-6.23	4.28	0.04	-10.14
PUB_HTM	612987	3138EJRG5	Agency MBS 15yr	G-2-Q	FANNIE MAE	0.00474922	3	9/1/2027	77000000	 365,690 	 967,457.77 	365889.27	363386.93	100.0545	99.3702289	-2502.34	7/31/2026	Model2501	100	LMMSOFRFLAT	RFRSwap	4.19	2.33	0.37	0.00	0.004	 14 	0.37	0.00	0.00	0.00	0.00	0.00	0.00	0.4	25.0	23.7	23	0.00	14.73	3.46	172.00	14456.88	NA	NA	0.37	0.00	1.11	0.37	0.00	0.74	0.37	0.00	0.37	0.37	0.00	-0.37	0.37	0.00	-0.74	0.37	0.00	-1.10
AFS	613681	3138EKHE8	Agency MBS 15yr	G-2-Q	FANNIE MAE	0.0197662	2.5	12/1/2027	28141939	 556,259 	 676,999.51 	554877.61	548842.31	99.7516	98.6666487	-6035.31	7/31/2026	Model2501	100	LMMSOFRFLAT	RFRSwap	4.39	2.64	0.63	0.00	0.006	 35 	0.57	0.05	0.00	0.01	0.00	0.00	0.00	0.6	17.6	33.8	35	0.02	12.10	2.88	164.00	27106.32	NA	NA	0.62	0.01	1.87	0.62	0.01	1.25	0.63	0.01	0.62	0.64	0.01	-0.62	0.64	0.01	-1.25	0.63	0.01	-1.86
AFS	614288	3138EKX26	Agency MBS 15yr	G-2-Q	FANNIE MAE	0.01277553	2.5	3/1/2028	80000000	 1,022,042 	 1,431,853.89 	1025185.73	1008071.04	100.3076	98.632996	-17114.69	7/31/2026	Model2501	100	LMMSOFRFLAT	RFRSwap	4.51	1.74	0.62	0.00	0.006	 62 	0.56	0.04	0.00	0.01	0.00	0.00	0.00	0.6	24.2	45.9	48	0.01	12.70	3.00	163.00	NA	NA	NA	0.60	0.01	1.81	0.60	0.01	1.21	0.61	0.01	0.61	0.62	0.01	-0.61	0.63	0.01	-1.23	0.62	0.01	-1.83
HTM	613207	3138EKX42	Agency MBS 15yr	G-2-Q	FANNIE MAE	0.02019747	2.5	3/1/2028	43769554	 884,034 	 1,097,707.44 	882155	870599.69	99.7874	98.4803116	-11555.31	7/31/2026	Model2501	100	LMMSOFRFLAT	RFRSwap	4.55	2.58	0.67	0.00	0.007	 59 	0.59	0.08	0.00	0.01	0.00	0.00	0.00	0.7	14.5	48.0	50	0.02	12.32	3.03	163.00	26893.45	NA	NA	0.67	0.01	2.01	0.67	0.01	1.34	0.67	0.01	0.67	0.68	0.01	-0.66	0.68	0.01	-1.33	0.67	0.01	-1.98
AFS	614002	3138EKXN0	Agency MBS ARM	G-2-Q	FANNIE MAE	0.00330771	5.752	3/1/2043	25925797	 85,755 	 2,951.73 	86750.87	88094.36	101.1613	102.727941	1343.5	7/31/2026	Model2501	100	LMMSOFRFLAT	RFRSwap	5.83	6.20	1.75	-0.99	0.018	 15 	-0.03	0.11	0.17	0.41	0.86	0.22	-0.01	5.3	11.4	108.9	125	0.00	32.74	6.43	161.00	42877.52	NEW RESIDENTIAL MORTGAGE LLC	100.00	1.25	0.01	3.44	0.88	0.01	2.35	1.04	0.01	1.39	2.85	0.03	-2.36	3.60	0.04	-5.61	3.98	0.04	-9.26
AFS	614531	3138EKXP5	Agency MBS ARM	G-2-Q	FANNIE MAE	0.00488619	5.702	3/1/2043	21977383	 107,386 	 317,539.81 	108587.07	109916.79	101.1188	102.3570387	1329.71	7/31/2026	Model2501	100	LMMSOFRFLAT	RFRSwap	5.83	6.15	1.39	-0.78	0.014	 15 	0.01	0.09	0.18	0.32	0.64	0.15	-0.02	4.9	12.7	117.1	127	0.00	30.74	6.41	161.00	66640.24	#SPILL!	#SPILL!	1.02	0.01	2.85	0.76	0.01	1.95	0.88	0.01	1.12	2.38	0.02	-1.89	3.31	0.03	-4.75	3.85	0.04	-8.24
PUB_HTM	613565	3138ELDS9	Agency MBS 15yr	G-2-Q	FANNIE MAE	0.01500791	3	5/1/2028	31729508	 476,194 	 679,249.21 	477176.63	470387.1	100.2064	98.7806424	-6789.53	7/31/2026	Model2501	100	LMMSOFRFLAT	RFRSwap	4.61	2.40	0.65	0.00	0.006	 31 	0.58	0.07	0.00	0.01	0.00	0.00	0.00	0.7	20.7	53.8	56	0.02	12.68	3.57	164.00	18943.34	NA	NA	0.64	0.01	1.94	0.65	0.01	1.29	0.65	0.01	0.65	0.66	0.01	-0.65	0.67	0.01	-1.30	0.66	0.01	-1.95
PUB_HTM	614365	3138ELE66	Agency MBS 15yr	G-2-Q	FANNIE MAE	0.01353221	3	6/1/2028	92219923	 1,247,939 	 1,550,444.23 	1250569.61	1233657.78	100.2108	98.8555865	-16911.83	7/31/2026	Model2501	100	LMMSOFRFLAT	RFRSwap	4.40	2.43	0.69	0.00	0.007	 86 	0.59	0.10	0.00	0.01	0.00	0.00	0.00	0.7	18.4	32.3	34	0.01	13.87	3.61	162.00	31811.31	NA	NA	0.68	0.01	2.07	0.69	0.01	1.38	0.69	0.01	0.69	0.70	0.01	-0.69	0.71	0.01	-1.38	0.70	0.01	-2.07
PUB_HTM	614598	3138ELFP3	Agency MBS 15yr	G-2-Q	FANNIE MAE	0.01185712	3	6/1/2028	99943391	 1,185,041 	 1,914,741.82 	1186641.58	1174064.21	100.1351	99.0737393	-12577.36	7/31/2026	Model2501	100	LMMSOFRFLAT	RFRSwap	4.36	2.41	0.55	0.00	0.005	 65 	0.53	0.01	0.00	0.00	0.00	0.00	0.00	0.6	21.9	32.8	34	0.01	13.71	3.54	165.00	15453.51	NA	NA	0.54	0.01	1.64	0.55	0.01	1.09	0.55	0.01	0.55	0.55	0.01	-0.55	0.56	0.01	-1.09	0.55	0.01	-1.64
PUB_HTM	612639	3138ELGM9	Agency MBS 15yr	G-2-Q	FANNIE MAE	0.00641659	3	6/1/2028	66412000	 426,139 	 1,050,230.21 	426368.27	423140.99	100.0539	99.29657	-3227.28	7/31/2026	Model2501	100	LMMSOFRFLAT	RFRSwap	4.28	2.39	0.41	0.00	0.004	 17 	0.40	0.00	0.00	0.00	0.00	0.00	0.00	0.4	25.0	30.6	30	0.01	12.78	3.46	171.00	14384.20	NA	NA	0.40	0.00	1.21	0.40	0.00	0.81	0.40	0.00	0.40	0.41	0.00	-0.40	0.41	0.00	-0.81	0.41	0.00	-1.21
PUB_HTM	613307	3138ELUN1	Agency MBS 15yr	G-2-Q	FANNIE MAE	0.00114205	3.5	11/1/2027	27331580	 31,214 	 176,659.16 	31304.68	31036.36	100.2904	99.4307886	-268.33	7/31/2026	Model2501	100	LMMSOFRFLAT	RFRSwap	4.45	2.10	0.37	0.00	0.004	 1 	0.37	0.00	0.00	0.00	0.00	0.00	0.00	0.4	26.6	49.1	48	0.00	NA	3.97	171.00	NA	NA	NA	0.37	0.00	1.11	0.37	0.00	0.74	0.37	0.00	0.37	0.37	0.00	-0.37	0.37	0.00	-0.73	0.37	0.00	-1.10
PUB_HTM	613848	3138ELUU5	Agency MBS 15yr	G-2-Q	FANNIE MAE	0.0236706	3.5	10/1/2028	57954578	 1,371,820 	 1,205,436.52 	1383557.25	1358058.84	100.8556	98.9968945	-25498.42	7/31/2026	Model2501	100	LMMSOFRFLAT	RFRSwap	4.49	2.19	0.81	0.00	0.008	 110 	0.57	0.23	0.00	0.01	0.00	0.00	0.00	0.8	20.3	38.4	39	0.02	13.81	4.00	156.00	18204.46	NA	NA	0.78	0.01	2.41	0.80	0.01	1.61	0.80	0.01	0.80	0.82	0.01	-0.81	0.84	0.01	-1.62	0.84	0.01	-2.44
AFS	613561	3138EM6H9	Agency MBS 15yr	G-2-Q	FANNIE MAE	0.03831681	2.5	5/1/2029	25000000	 957,920 	 685,566.00 	957920.25	936991.78	100	97.8152179	-20928.47	7/31/2026	Model2501	100	LMMSOFRFLAT	RFRSwap	4.63	2.34	0.98	0.00	0.010	 92 	0.52	0.43	0.02	0.02	0.00	0.00	0.00	1.0	15.0	49.7	48	0.04	12.18	3.03	152.00	44523.54	NA	NA	0.95	0.01	2.89	0.96	0.01	1.92	0.97	0.01	0.96	1.00	0.01	-0.97	1.00	0.01	-1.93	0.99	0.01	-2.89
AFS	614702	3138EMQD6	Agency MBS 15yr	G-2-Q	FANNIE MAE	0.03285887	2.5	2/1/2029	100000000	 3,285,887 	 2,794,839.00 	3285887	3222165.85	100	98.0607625	-63721.15	7/31/2026	Model2501	100	LMMSOFRFLAT	RFRSwap	4.58	2.32	0.88	0.00	0.009	 284 	0.57	0.29	0.00	0.01	0.00	0.00	0.00	0.9	15.2	46.4	46	0.03	11.96	2.98	156.00	33320.57	NA	NA	0.86	0.01	2.60	0.87	0.01	1.73	0.87	0.01	0.86	0.89	0.01	-0.87	0.89	0.01	-1.73	0.88	0.01	-2.59
AFS	613278	3138EMTZ4	Agency MBS 15yr	G-2-Q	FANNIE MAE	0.03700547	2.5	3/1/2029	65000000	 2,405,356 	 2,095,758.60 	2405355.55	2359730.32	100	98.1031815	-45625.23	7/31/2026	Model2501	100	LMMSOFRFLAT	RFRSwap	4.52	2.32	0.88	0.00	0.009	 209 	0.57	0.30	0.00	0.01	0.00	0.00	0.00	0.9	14.8	40.8	41	0.04	11.46	2.94	156.00	31921.26	NA	NA	0.86	0.01	2.60	0.87	0.01	1.73	0.87	0.01	0.87	0.89	0.01	-0.87	0.90	0.01	-1.74	0.89	0.01	-2.59
AFS	613171	3138EMUC3	Agency MBS 15yr	G-2-Q	FANNIE MAE	0.03871962	2.5	3/1/2029	100000000	 3,871,962 	 3,058,348.31 	3871962	3793870.28	100	97.9831486	-78091.72	7/31/2026	Model2501	100	LMMSOFRFLAT	RFRSwap	4.61	2.33	0.91	0.00	0.009	 346 	0.55	0.34	0.00	0.02	0.00	0.00	0.00	0.9	16.4	48.7	48	0.04	11.17	3.01	155.00	27851.71	NA	NA	0.88	0.01	2.67	0.89	0.01	1.78	0.90	0.01	0.89	0.92	0.01	-0.90	0.93	0.01	-1.80	0.92	0.01	-2.68
AFS	614156	3138EMY96	Agency MBS 15yr	G-2-Q	FANNIE MAE	0.0330331	2.5	5/1/2029	59000000	 1,948,953 	 1,636,432.20 	1947476.45	1912906.8	99.9242	98.1504888	-34569.66	7/31/2026	Model2501	100	LMMSOFRFLAT	RFRSwap	4.48	2.41	0.88	0.00	0.009	 168 	0.57	0.29	0.00	0.01	0.00	0.00	0.00	0.9	15.6	36.4	36	0.03	12.13	2.97	157.00	34322.57	NA	NA	0.86	0.01	2.59	0.86	0.01	1.72	0.87	0.01	0.86	0.89	0.01	-0.87	0.89	0.01	-1.73	0.88	0.01	-2.59
AFS	612659	3138EMZC8	Agency MBS 15yr	G-2-Q	FANNIE MAE	0.03477661	2.5	5/1/2029	50000000	 1,738,831 	 1,462,228.00 	1738830.5	1707403.49	100	98.1926352	-31427.01	7/31/2026	Model2501	100	LMMSOFRFLAT	RFRSwap	4.42	2.32	0.88	0.00	0.009	 150 	0.57	0.29	0.00	0.01	0.00	0.00	0.00	0.9	15.6	31.3	31	0.03	12.03	2.98	155.00	32412.06	NA	NA	0.86	0.01	2.59	0.86	0.01	1.73	0.87	0.01	0.86	0.89	0.01	-0.87	0.89	0.01	-1.73	0.88	0.01	-2.59
AFS	612278	3138EMZQ7	Agency MBS 15yr	G-2-Q	FANNIE MAE	0.029964	2.5	10/1/2028	75608597	 2,265,536 	 2,214,980.28 	2264619.9	2228709.57	99.9596	98.3744938	-35910.33	7/31/2026	Model2501	100	LMMSOFRFLAT	RFRSwap	4.43	2.35	0.77	0.00	0.008	 173 	0.59	0.17	0.00	0.01	0.00	0.00	0.00	0.8	16.0	34.1	35	0.03	11.96	2.96	159.00	28250.63	NA	NA	0.76	0.01	2.29	0.77	0.01	1.53	0.77	0.01	0.76	0.78	0.01	-0.76	0.78	0.01	-1.53	0.78	0.01	-2.28
AFS	614155	3138EN4L0	Agency MBS 15yr	G-2-Q	FANNIE MAE	0.04765783	2.5	1/1/2030	36991303	 1,762,925 	 940,509.85 	1768834.39	1713193.08	100.3352	97.1789984	-55641.32	7/31/2026	Model2501	100	LMMSOFRFLAT	RFRSwap	4.66	2.12	1.28	-0.01	0.012	 220 	0.42	0.55	0.28	0.03	0.00	0.01	0.00	1.3	14.1	50.3	44	0.05	13.50	3.16	142.00	64218.75	NA	NA	1.22	0.01	3.73	1.25	0.01	2.49	1.26	0.01	1.25	1.31	0.01	-1.25	1.33	0.01	-2.52	1.32	0.01	-3.76
AFS	614671	3138LY4M6	Agency MBS 30yr	G-2-Q	FANNIE MAE	0.1794182	3.5	7/1/2042	31072837	 5,575,032 	 892,857.87 	5725855.79	5181725.64	102.7053	92.9452099	-544130.15	7/31/2026	Model2501	100	LMMSOFRFLAT	RFRSwap	4.96	2.96	4.91	0.00	0.046	 2,550 	0.10	0.16	0.42	1.43	2.44	0.35	0.01	5.9	6.3	56.0	33	0.18	9.03	3.97	169.00	137975.81	NA	NA	2.91	0.03	12.69	4.10	0.04	8.96	4.63	0.05	4.56	5.13	0.05	-4.57	5.31	0.04	-9.09	5.30	0.04	-13.44
AFS	614595	3138M5KJ7	Agency MBS 30yr	G-2-Q	FANNIE MAE	0.21657475	3	8/1/2042	5473812	 1,185,489 	 83,678.06 	1196478.01	1065396.14	100.9269	89.8697267	-131081.86	7/31/2026	Model2501	100	LMMSOFRFLAT	RFRSwap	5.12	2.80	5.06	0.06	0.046	 540 	0.10	0.16	0.40	1.45	2.54	0.41	0.01	6.0	6.4	71.2	48	0.22	7.73	3.53	169.00	100809.05	NA	NA	3.77	0.04	13.43	4.53	0.04	9.16	4.86	0.05	4.58	5.26	0.05	-4.53	5.40	0.04	-8.99	5.37	0.04	-13.24
AFS	613136	3138M5KN8	Agency MBS 30yr	G-2-Q	FANNIE MAE	0.18699643	3.5	8/1/2042	23346752	 4,365,759 	 292,909.87 	4496377.11	4055205.71	102.9919	92.8866081	-441171.4	7/31/2026	Model2501	100	LMMSOFRFLAT	RFRSwap	4.95	2.91	5.00	0.00	0.047	 2,034 	0.10	0.16	0.41	1.42	2.50	0.41	0.01	6.1	6.3	54.0	31	0.19	8.81	3.91	169.00	141950.42	NA	NA	2.99	0.03	12.97	4.19	0.04	9.14	4.72	0.05	4.65	5.23	0.05	-4.65	5.40	0.05	-9.25	5.39	0.04	-13.66
AFS	614508	3138MBJW7	Agency MBS 30yr	G-2-Q	FANNIE MAE	0.11936276	3.5	9/1/2042	14405186	 1,719,443 	 300,901.58 	1769884.63	1598546.07	102.9336	92.9688446	-171338.57	7/31/2026	Model2501	100	LMMSOFRFLAT	RFRSwap	4.96	2.91	4.95	0.01	0.046	 793 	0.10	0.16	0.41	1.45	2.48	0.35	0.01	5.9	6.1	55.9	33	0.12	11.80	3.96	168.00	156323.92	NA	NA	3.24	0.03	13.10	4.25	0.04	9.12	4.69	0.05	4.61	5.16	0.05	-4.60	5.30	0.04	-9.13	5.27	0.04	-13.46
AFS	613878	3138MRML2	Agency MBS 15yr	G-2-Q	FANNIE MAE	0.01920147	2.5	1/1/2028	88715000	 1,703,458 	 2,119,532.28 	1700995.21	1681387.06	99.8554	98.7043213	-19608.14	7/31/2026	Model2501	100	LMMSOFRFLAT	RFRSwap	4.33	2.48	0.63	0.00	0.006	 106 	0.57	0.05	0.00	0.01	0.00	0.00	0.00	0.6	17.2	27.5	29	0.02	12.39	2.86	164.00	28333.51	NA	NA	0.62	0.01	1.88	0.63	0.01	1.25	0.63	0.01	0.62	0.64	0.01	-0.62	0.64	0.01	-1.25	0.63	0.01	-1.86
AFS	613021	3138MSCC1	Agency MBS 15yr	G-2-Q	FANNIE MAE	0.01691069	2.5	1/1/2028	114757175	 1,940,623 	 2,186,084.02 	1940623.01	1915474.77	100	98.7041148	-25148.25	7/31/2026	Model2501	100	LMMSOFRFLAT	RFRSwap	4.34	2.25	0.63	0.00	0.006	 121 	0.57	0.05	0.00	0.01	0.00	0.00	0.00	0.6	18.0	28.0	29	0.02	13.24	2.95	164.00	30000.44	NA	NA	0.62	0.01	1.87	0.62	0.01	1.25	0.63	0.01	0.62	0.63	0.01	-0.62	0.64	0.01	-1.25	0.63	0.01	-1.86
AFS	614074	3138W5J82	Agency MBS 15yr	G-2-Q	FANNIE MAE	0.0200537	2.5	2/1/2028	27518352	 551,845 	 825,600.38 	550908.57	543802.46	99.8303	98.5426484	-7106.11	7/31/2026	Model2501	100	LMMSOFRFLAT	RFRSwap	4.47	2.52	0.67	0.00	0.007	 37 	0.59	0.07	0.00	0.01	0.00	0.00	0.00	0.7	16.0	40.4	42	0.02	12.91	3.05	162.00	26796.22	NA	NA	0.66	0.01	1.99	0.67	0.01	1.33	0.67	0.01	0.66	0.67	0.01	-0.66	0.68	0.01	-1.32	0.67	0.01	-1.98
AFS	614068	3138W6T89	Agency MBS 15yr	G-2-Q	FANNIE MAE	0.0201014	2.5	4/1/2028	26777300	 538,261 	 728,800.51 	537414.45	530417.25	99.8427	98.5427214	-6997.19	7/31/2026	Model2501	100	LMMSOFRFLAT	RFRSwap	4.50	2.50	0.66	0.00	0.007	 35 	0.58	0.07	0.00	0.01	0.00	0.00	0.00	0.7	18.4	42.8	45	0.02	12.99	3.02	161.00	12235.16	NA	NA	0.65	0.01	1.97	0.66	0.01	1.31	0.66	0.01	0.66	0.67	0.01	-0.66	0.67	0.01	-1.31	0.66	0.01	-1.96
AFS	613553	3138W96B1	Agency MBS 15yr	G-2-Q	FANNIE MAE	0.03259681	2.5	10/1/2028	25838766	 842,261 	 761,698.33 	841249.66	827070.92	99.8799	98.196471	-14178.74	7/31/2026	Model2501	100	LMMSOFRFLAT	RFRSwap	4.42	2.46	0.88	0.00	0.009	 73 	0.57	0.29	0.00	0.01	0.00	0.00	0.00	0.9	15.6	30.9	30	0.03	11.82	2.92	156.00	43617.87	NA	NA	0.85	0.01	2.59	0.86	0.01	1.73	0.87	0.01	0.86	0.89	0.01	-0.87	0.89	0.01	-1.73	0.88	0.01	-2.59
AFS	613626	3138W9AF7	Agency MBS 15yr	G-2-Q	FANNIE MAE	0.03571946	2.5	7/1/2028	15925964	 568,867 	 478,074.98 	568866.83	559024.3	100	98.2698004	-9842.53	7/31/2026	Model2501	100	LMMSOFRFLAT	RFRSwap	4.41	2.31	0.84	0.00	0.008	 47 	0.58	0.25	0.00	0.01	0.00	0.00	0.00	0.9	15.6	30.1	30	0.04	10.53	2.88	158.00	32437.47	NA	NA	0.83	0.01	2.49	0.83	0.01	1.66	0.84	0.01	0.83	0.85	0.01	-0.83	0.86	0.01	-1.67	0.85	0.01	-2.49
AFS	613680	3138W9RP7	Agency MBS 15yr	G-2-Q	FANNIE MAE	0.03259286	2.5	9/1/2028	17241913	 561,963 	 491,528.49 	561963.26	551828.51	100	98.1965466	-10134.75	7/31/2026	Model2501	100	LMMSOFRFLAT	RFRSwap	4.43	2.32	0.88	0.00	0.009	 48 	0.56	0.29	0.00	0.01	0.00	0.00	0.00	0.9	16.0	31.7	31	0.03	11.88	2.96	156.00	28165.58	NA	NA	0.85	0.01	2.58	0.86	0.01	1.72	0.87	0.01	0.86	0.89	0.01	-0.86	0.89	0.01	-1.73	0.88	0.01	-2.58
AFS	614719	3138WA4Z7	Agency MBS 15yr	G-2-Q	FANNIE MAE	0.03196225	2.5	2/1/2029	58407481	 1,866,835 	 1,455,816.98 	1866834.51	1827880.15	100	97.913347	-38954.36	7/31/2026	Model2501	100	LMMSOFRFLAT	RFRSwap	4.46	2.35	1.01	0.00	0.010	 186 	0.50	0.46	0.03	0.02	0.00	0.00	0.00	1.0	15.2	32.9	30	0.03	13.66	3.07	151.00	43149.34	NA	NA	0.98	0.01	2.98	0.99	0.01	1.98	1.00	0.01	0.99	1.03	0.01	-1.00	1.04	0.01	-2.00	1.03	0.01	-2.99
AFS	613329	3138WAQH3	Agency MBS 15yr	G-2-Q	FANNIE MAE	0.03979099	2.5	12/1/2028	25754999	 1,024,817 	 789,323.25 	1023977.21	1004087	99.9181	97.9772089	-19890.21	7/31/2026	Model2501	100	LMMSOFRFLAT	RFRSwap	4.45	2.43	0.98	0.00	0.010	 99 	0.52	0.43	0.02	0.02	0.00	0.00	0.00	1.0	14.8	32.4	30	0.04	11.29	3.04	154.00	45690.99	NA	NA	0.95	0.01	2.89	0.96	0.01	1.93	0.97	0.01	0.96	1.00	0.01	-0.97	1.00	0.01	-1.94	0.99	0.01	-2.89
AFS	614379	3138WAVN4	Agency MBS 15yr	G-2-Q	FANNIE MAE	0.03329961	2.5	1/1/2029	34272353	 1,141,256 	 664,728.74 	1141255.99	1115339.19	100	97.7290987	-25916.8	7/31/2026	Model2501	100	LMMSOFRFLAT	RFRSwap	4.57	2.35	1.05	0.00	0.010	 117 	0.49	0.49	0.05	0.02	0.00	0.00	0.00	1.1	14.5	43.8	40	0.03	13.07	3.05	152.00	48410.73	NA	NA	1.02	0.01	3.08	1.03	0.01	2.05	1.04	0.01	1.03	1.07	0.01	-1.03	1.08	0.01	-2.07	1.07	0.01	-3.09
AFS	614316	3138WBFR1	Agency MBS 15yr	G-2-Q	FANNIE MAE	0.04902274	2.5	3/1/2029	21343031	 1,046,294 	 548,048.67 	1046293.86	1021854.01	100	97.6641509	-24439.85	7/31/2026	Model2501	100	LMMSOFRFLAT	RFRSwap	4.56	2.36	1.09	-0.01	0.011	 112 	0.48	0.52	0.07	0.02	0.00	0.00	0.00	1.1	14.1	42.6	38	0.05	10.94	3.09	150.00	64462.15	NA	NA	1.05	0.01	3.19	1.06	0.01	2.13	1.07	0.01	1.06	1.11	0.01	-1.07	1.12	0.01	-2.14	1.10	0.01	-3.20
AFS	613110	3138WBLG8	Agency MBS 30yr	G-2-Q	FANNIE MAE	0.13536193	4	4/1/2044	16660118	 2,255,146 	 225,817.56 	2321085.31	2132021.17	102.924	94.5402837	-189064.14	7/31/2026	Model2501	100	LMMSOFRFLAT	RFRSwap	5.09	3.43	4.92	-0.04	0.047	 1,053 	0.11	0.17	0.42	1.35	2.40	0.48	0.00	6.2	6.7	65.0	43	0.14	12.88	4.64	149.00	121375.04	NA	NA	2.44	0.03	12.30	3.82	0.04	8.94	4.56	0.05	4.62	5.19	0.05	-4.68	5.44	0.05	-9.35	5.58	0.05	-13.95
AFS	614750	3138WBV69	Agency MBS 30yr	G-2-Q	FANNIE MAE	0.13014163	4	5/1/2044	4569625	 594,698 	 83,677.96 	615568.1	558064.24	103.5093	93.8398692	-57503.85	7/31/2026	Model2501	100	LMMSOFRFLAT	RFRSwap	5.18	3.36	5.13	-0.05	0.048	 287 	0.10	0.16	0.40	1.31	2.46	0.70	0.00	6.6	7.1	70.8	50	0.13	13.26	4.63	148.00	121135.52	NA	NA	2.47	0.03	12.61	3.92	0.04	9.20	4.72	0.05	4.78	5.41	0.05	-4.84	5.70	0.05	-9.66	5.89	0.05	-14.43
PUB_HTM	614822	3138WD2P5	Agency MBS 15yr	G-2-Q	FANNIE MAE	0.04340558	3	2/1/2030	50585264	 2,195,683 	 1,057,509.95 	2205719.39	2144200.12	100.4571	97.6552803	-61519.26	7/31/2026	Model2501	100	LMMSOFRFLAT	RFRSwap	4.56	2.56	1.43	-0.01	0.014	 307 	0.38	0.52	0.48	0.05	0.00	0.01	0.00	1.5	13.5	39.9	31	0.04	15.01	3.48	139.00	80147.20	NA	NA	1.34	0.01	4.18	1.39	0.01	2.79	1.41	0.01	1.40	1.46	0.01	-1.41	1.49	0.01	-2.82	1.49	0.01	-4.23
AFS	613642	3138WD7C9	Agency MBS 15yr	G-2-Q	FANNIE MAE	0.04304243	2.5	2/1/2030	19236056	 827,967 	 499,156.91 	831176.37	802205.65	100.3877	96.8886495	-28970.71	7/31/2026	Model2501	100	LMMSOFRFLAT	RFRSwap	4.68	2.12	1.42	-0.01	0.014	 114 	0.38	0.52	0.45	0.05	0.00	0.01	0.00	1.4	13.4	51.4	44	0.04	15.06	3.07	139.00	71643.96	NA	NA	1.33	0.01	4.10	1.37	0.01	2.74	1.39	0.01	1.37	1.45	0.01	-1.38	1.47	0.01	-2.78	1.46	0.01	-4.15
PUB_AFS	614221	3138WE3R8	Agency MBS 15yr	G-2-Q	FANNIE MAE	0.05394131	3	7/1/2030	50000000	 2,697,066 	 1,284,221.17 	2709354.47	2629340.94	100.4556	97.488954	-80013.53	7/31/2026	Model2501	100	LMMSOFRFLAT	RFRSwap	4.61	2.58	1.49	-0.01	0.015	 394 	0.36	0.50	0.55	0.07	0.00	0.01	0.00	1.6	13.1	44.4	35	0.05	14.63	3.40	134.00	58668.18	NA	NA	1.41	0.01	4.37	1.45	0.01	2.92	1.47	0.01	1.46	1.53	0.01	-1.47	1.56	0.01	-2.95	1.56	0.01	-4.41
PUB_AFS	613829	3138WF6L5	Agency MBS 15yr	G-2-Q	FANNIE MAE	0.09171424	3	12/1/2030	35268576	 3,234,631 	 1,360,248.35 	3250524.15	3145677.18	100.4914	97.2499654	-104846.97	7/31/2026	Model2501	100	LMMSOFRFLAT	RFRSwap	4.68	2.58	1.59	-0.02	0.016	 503 	0.34	0.47	0.63	0.14	0.00	0.01	0.00	1.7	14.4	50.4	41	0.09	11.51	3.38	129.00	39733.22	NA	NA	1.48	0.02	4.61	1.53	0.02	3.09	1.56	0.02	1.55	1.64	0.02	-1.56	1.68	0.02	-3.15	1.68	0.02	-4.73
PUB_AFS	614447	3138WFE93	Agency MBS 15yr	G-2-Q	FANNIE MAE	0.05623109	3	8/1/2030	100000000	 5,623,109 	 2,725,204.35 	5649440.49	5478576.9	100.4683	97.4296763	-170863.59	7/31/2026	Model2501	100	LMMSOFRFLAT	RFRSwap	4.61	2.58	1.53	-0.01	0.015	 841 	0.35	0.50	0.59	0.09	0.00	0.01	0.00	1.6	12.6	44.3	35	0.06	14.57	3.38	133.00	68822.53	NA	NA	1.43	0.01	4.47	1.49	0.01	2.99	1.51	0.01	1.49	1.57	0.02	-1.50	1.60	0.02	-3.01	1.60	0.01	-4.52
PUB_AFS	613582	3138WFHB5	Agency MBS 15yr	G-2-Q	FANNIE MAE	0.07384295	3	8/1/2030	50319614	 3,715,749 	 1,899,890.63 	3734409.73	3617985.89	100.5022	97.3689595	-116423.84	7/31/2026	Model2501	100	LMMSOFRFLAT	RFRSwap	4.67	2.56	1.53	-0.02	0.015	 555 	0.36	0.48	0.58	0.10	0.00	0.01	0.00	1.6	14.6	49.2	40	0.07	12.44	3.44	133.00	45926.92	NA	NA	1.43	0.01	4.44	1.47	0.01	2.97	1.50	0.01	1.49	1.58	0.02	-1.50	1.61	0.02	-3.03	1.61	0.02	-4.55
PUB_HTM	614070	3138WFNT9	Agency MBS 15yr	G-2-Q	FANNIE MAE	0.05594412	3	9/1/2030	50000000	 2,797,206 	 1,385,995.09 	2811022.79	2721963.18	100.4939	97.3100723	-89059.61	7/31/2026	Model2501	100	LMMSOFRFLAT	RFRSwap	4.63	2.58	1.60	-0.01	0.016	 436 	0.34	0.48	0.64	0.12	0.00	0.01	0.00	1.7	12.4	45.6	36	0.06	14.87	3.38	132.00	92590.24	NA	NA	1.46	0.01	4.63	1.54	0.02	3.11	1.57	0.02	1.55	1.64	0.02	-1.57	1.68	0.02	-3.15	1.67	0.02	-4.71
PUB_HTM	613555	3138WFST4	Agency MBS 15yr	G-2-Q	FANNIE MAE	0.05258081	3	10/1/2030	35133380	 1,847,342 	 812,481.66 	1857012.57	1796913.86	100.5235	97.2702549	-60098.7	7/31/2026	Model2501	100	LMMSOFRFLAT	RFRSwap	4.60	2.58	1.66	-0.01	0.016	 298 	0.33	0.47	0.68	0.16	0.00	0.01	0.00	1.7	12.4	42.2	32	0.05	15.61	3.38	131.00	89863.68	NA	NA	1.50	0.02	4.80	1.59	0.02	3.22	1.62	0.02	1.61	1.70	0.02	-1.62	1.74	0.02	-3.25	1.73	0.02	-4.88
PUB_HTM	613510	3138WFWY8	Agency MBS 15yr	G-2-Q	FANNIE MAE	0.05296011	3	10/1/2030	30000000	 1,588,803 	 643,946.61 	1596753.61	1544150.67	100.5004	97.189543	-52602.94	7/31/2026	Model2501	100	LMMSOFRFLAT	RFRSwap	4.66	2.59	1.65	-0.01	0.016	 255 	0.33	0.47	0.68	0.16	0.00	0.01	0.00	1.7	12.7	48.0	38	0.05	15.55	3.39	131.00	91463.45	NA	NA	1.50	0.02	4.78	1.59	0.02	3.20	1.62	0.02	1.60	1.69	0.02	-1.61	1.73	0.02	-3.24	1.73	0.02	-4.86
PUB_HTM	614103	3138WFXY7	Agency MBS 15yr	G-2-Q	FANNIE MAE	0.06974929	3	10/1/2030	30163080	 2,103,853 	 974,531.72 	2114069.41	2047247.48	100.4856	97.3094165	-66821.94	7/31/2026	Model2501	100	LMMSOFRFLAT	RFRSwap	4.65	2.58	1.58	-0.01	0.015	 324 	0.34	0.48	0.63	0.12	0.00	0.01	0.00	1.6	13.2	47.2	38	0.07	13.52	3.42	131.00	50797.34	NA	NA	1.48	0.02	4.61	1.53	0.02	3.08	1.55	0.02	1.54	1.62	0.02	-1.55	1.66	0.02	-3.11	1.66	0.02	-4.67
PUB_AFS	613117	3138WFYS9	Agency MBS 15yr	G-2-Q	FANNIE MAE	0.05462283	3	11/1/2030	35000000	 1,911,799 	 737,708.48 	1921195.27	1859596.22	100.4915	97.2694397	-61599.05	7/31/2026	Model2501	100	LMMSOFRFLAT	RFRSwap	4.60	2.60	1.65	-0.01	0.016	 308 	0.33	0.47	0.68	0.16	0.00	0.01	0.00	1.7	12.6	42.7	32	0.05	15.57	3.42	130.00	83701.17	NA	NA	1.50	0.02	4.79	1.59	0.02	3.21	1.62	0.02	1.61	1.69	0.02	-1.62	1.73	0.02	-3.25	1.73	0.02	-4.86
PUB_HTM	614408	3138WGJP0	Agency MBS 15yr	G-2-Q	FANNIE MAE	0.05426197	3	1/1/2031	37700000	 2,045,676 	 1,013,534.59 	2056379.82	1988662.59	100.5232	97.2129667	-67717.23	7/31/2026	Model2501	100	LMMSOFRFLAT	RFRSwap	4.59	2.59	1.70	-0.01	0.017	 339 	0.32	0.46	0.72	0.19	0.00	0.01	0.00	1.8	11.6	41.3	31	0.05	16.38	3.38	127.00	83177.35	NA	NA	1.54	0.02	4.94	1.64	0.02	3.31	1.67	0.02	1.65	1.74	0.02	-1.66	1.78	0.02	-3.33	1.77	0.02	-4.99
PUB_HTM	614518	3138WGKX1	Agency MBS 15yr	G-2-Q	FANNIE MAE	0.07637179	3	2/1/2031	35000000	 2,673,013 	 974,755.81 	2687044.42	2590807.29	100.5249	96.9246177	-96237.13	7/31/2026	Model2501	100	LMMSOFRFLAT	RFRSwap	4.73	2.60	1.75	-0.01	0.017	 454 	0.32	0.45	0.73	0.24	0.00	0.01	0.00	1.8	12.3	54.4	44	0.08	13.63	3.44	127.00	91173.58	NA	NA	1.56	0.02	5.04	1.68	0.02	3.38	1.71	0.02	1.69	1.80	0.02	-1.71	1.85	0.02	-3.43	1.84	0.02	-5.15
PUB_HTM	614470	3138WGPJ7	Agency MBS 15yr	G-2-Q	FANNIE MAE	0.08366409	3	2/1/2031	30214687	 2,527,884 	 1,071,379.66 	2541574.22	2450134.64	100.5416	96.9243192	-91439.57	7/31/2026	Model2501	100	LMMSOFRFLAT	RFRSwap	4.74	2.59	1.73	-0.01	0.017	 426 	0.32	0.45	0.72	0.23	0.01	0.01	0.00	1.8	12.9	55.9	46	0.08	13.01	3.45	127.00	57830.16	NA	NA	1.60	0.02	5.02	1.67	0.02	3.36	1.70	0.02	1.68	1.78	0.02	-1.69	1.83	0.02	-3.40	1.83	0.02	-5.10
PUB_HTM	613624	3138WGVP6	Agency MBS 15yr	G-2-Q	FANNIE MAE	0.06014806	3	3/1/2031	40000000	 2,405,922 	 939,445.73 	2418640.16	2330436.98	100.5286	96.8625163	-88203.18	7/31/2026	Model2501	100	LMMSOFRFLAT	RFRSwap	4.72	2.61	1.79	-0.01	0.017	 418 	0.31	0.45	0.75	0.27	0.01	0.01	0.00	1.9	11.6	53.7	43	0.06	15.98	3.45	125.00	102083.73	NA	NA	1.58	0.02	5.15	1.71	0.02	3.47	1.75	0.02	1.74	1.84	0.02	-1.75	1.89	0.02	-3.51	1.88	0.02	-5.26
AFS	613213	3138WH2R2	Agency MBS 15yr	G-2-Q	FANNIE MAE	0.12731707	2	9/1/2031	194859013	 24,808,879 	 8,156,404.79 	24896442.22	23533815.84	100.353	94.8604579	-1362626.38	7/31/2026	Model2501	100	LMMSOFRFLAT	RFRSwap	4.65	1.76	2.02	-0.02	0.019	 4,764 	0.28	0.42	0.81	0.48	0.01	0.02	0.00	2.1	10.3	46.0	34	0.13	10.64	2.58	119.00	82316.09	NA	NA	1.84	0.02	5.70	1.92	0.02	3.81	1.97	0.02	1.91	2.08	0.02	-1.93	2.09	0.02	-3.86	2.07	0.02	-5.74
AFS	613032	3138WH5D0	Agency MBS 15yr	G-2-Q	FANNIE MAE	0.14138251	2	10/1/2031	200789987	 28,388,192 	 9,169,047.76 	28502135.1	26906542.24	100.4014	94.7807522	-1595592.86	7/31/2026	Model2501	100	LMMSOFRFLAT	RFRSwap	4.66	1.74	2.04	-0.02	0.019	 5,504 	0.27	0.41	0.81	0.52	0.01	0.02	0.00	2.1	10.4	47.0	35	0.14	9.78	2.59	119.00	70864.57	NA	NA	1.88	0.02	5.77	1.95	0.02	3.86	1.99	0.02	1.93	2.10	0.02	-1.95	2.12	0.02	-3.90	2.11	0.02	-5.80
AFS	613461	3138WH5F5	Agency MBS 15yr	G-2-Q	FANNIE MAE	0.13563676	2	10/1/2031	100000000	 13,563,676 	 4,552,547.27 	13609959.99	12845048.46	100.3412	94.7018232	-764911.52	7/31/2026	Model2501	100	LMMSOFRFLAT	RFRSwap	4.66	1.78	2.08	-0.02	0.020	 2,679 	0.27	0.41	0.81	0.56	0.02	0.02	0.00	2.1	10.2	46.6	35	0.14	10.16	2.58	119.00	80345.23	NA	NA	1.89	0.02	5.86	1.98	0.02	3.92	2.02	0.02	1.97	2.14	0.02	-1.99	2.16	0.02	-3.97	2.14	0.02	-5.90
AFS	614059	3138WH6E7	Agency MBS 15yr	G-2-Q	FANNIE MAE	0.14225972	2	10/1/2031	200674306	 28,547,871 	 8,727,274.01 	28687297	27035309.82	100.4884	94.7016687	-1651987.18	7/31/2026	Model2501	100	LMMSOFRFLAT	RFRSwap	4.66	1.70	2.08	-0.02	0.020	 5,640 	0.27	0.41	0.81	0.56	0.02	0.02	0.00	2.1	10.2	46.3	34	0.14	9.72	2.58	119.00	79693.22	NA	NA	1.90	0.02	5.87	1.98	0.02	3.93	2.03	0.02	1.97	2.14	0.02	-1.99	2.16	0.02	-3.97	2.14	0.02	-5.90
HTM	614812	3138WHWR9	Agency MBS 15yr	G-2-Q	FANNIE MAE	0.11769772	2	9/1/2031	26122291	 3,074,534 	 1,043,079.82 	3041582.42	2914059.73	98.9282	94.7805307	-127522.69	7/31/2026	Model2501	100	LMMSOFRFLAT	RFRSwap	4.66	2.48	2.05	-0.02	0.019	 598 	0.27	0.41	0.81	0.52	0.01	0.02	0.00	2.1	10.3	46.6	35	0.12	11.22	2.59	120.00	85677.88	NA	NA	1.86	0.02	5.77	1.95	0.02	3.86	1.99	0.02	1.94	2.11	0.02	-1.96	2.13	0.02	-3.91	2.11	0.02	-5.82
PUB_HTM	612387	3138WJ4N5	Agency MBS 15yr	G-2-Q	FANNIE MAE	0.14788029	3	3/1/2032	25000000	 3,697,007 	 825,755.67 	3718608.54	3561496.72	100.5843	96.3345885	-157111.81	7/31/2026	Model2501	100	LMMSOFRFLAT	RFRSwap	4.79	2.63	2.05	-0.02	0.020	 732 	0.27	0.40	0.75	0.60	0.01	0.01	0.00	2.1	12.4	58.8	47	0.15	10.78	3.41	114.00	62874.43	NA	NA	1.81	0.02	5.85	1.94	0.02	3.94	2.00	0.02	1.97	2.12	0.02	-1.99	2.18	0.02	-4.00	2.19	0.02	-6.01
AFS	614783	3138WJEF1	Agency MBS 15yr	G-2-Q	FANNIE MAE	0.13730934	2	11/1/2031	176201763	 24,194,148 	 7,729,983.32 	24235847.2	22931299.81	100.1724	94.7803577	-1304547.38	7/31/2026	Model2501	100	LMMSOFRFLAT	RFRSwap	4.65	1.86	2.06	-0.02	0.020	 4,723 	0.27	0.41	0.82	0.53	0.01	0.02	0.00	2.1	10.0	45.3	33	0.14	10.18	2.60	118.00	80292.59	NA	NA	1.87	0.02	5.80	1.96	0.02	3.88	2.00	0.02	1.95	2.11	0.02	-1.96	2.13	0.02	-3.92	2.11	0.02	-5.83
AFS	614733	3138WJEY0	Agency MBS 15yr	G-2-Q	FANNIE MAE	0.15285076	2	11/1/2031	95000000	 14,520,822 	 4,027,440.05 	14527156.39	13740017.9	100.0436	94.6228644	-787138.49	7/31/2026	Model2501	100	LMMSOFRFLAT	RFRSwap	4.67	1.92	2.11	-0.02	0.020	 2,909 	0.26	0.40	0.81	0.61	0.02	0.02	0.00	2.2	10.2	46.8	35	0.15	9.27	2.58	118.00	88499.91	NA	NA	1.91	0.02	5.94	2.00	0.02	3.98	2.05	0.02	1.99	2.18	0.02	-2.01	2.19	0.02	-4.02	2.17	0.02	-5.98
HTM	614682	3138WJF94	Agency MBS 15yr	G-2-Q	FANNIE MAE	0.1366556	2	11/1/2031	5000000	 683,278 	 215,773.84 	677892.07	647078.38	99.2118	94.7020655	-30813.69	7/31/2026	Model2501	100	LMMSOFRFLAT	RFRSwap	4.65	2.33	2.09	-0.02	0.020	 135 	0.27	0.41	0.81	0.57	0.01	0.02	0.00	2.1	10.0	45.7	34	0.14	10.31	2.57	118.00	83079.60	NA	NA	1.90	0.02	5.88	1.98	0.02	3.93	2.03	0.02	1.97	2.15	0.02	-1.99	2.16	0.02	-3.97	2.14	0.02	-5.91
HTM	612162	3138WJKT4	Agency MBS 15yr	G-2-Q	FANNIE MAE	0.13829247	2	11/1/2031	25162207	 3,479,744 	 1,172,961.22 	3451824.19	3295391.9	99.1977	94.7021428	-156432.29	7/31/2026	Model2501	100	LMMSOFRFLAT	RFRSwap	4.66	2.34	2.08	-0.02	0.020	 688 	0.27	0.41	0.81	0.57	0.02	0.02	0.00	2.1	10.1	46.1	34	0.14	10.32	2.57	118.00	83917.23	NA	NA	1.90	0.02	5.87	1.98	0.02	3.93	2.03	0.02	1.97	2.14	0.02	-1.99	2.16	0.02	-3.97	2.14	0.02	-5.90
HTM	613715	3138WJRM2	Agency MBS 15yr	G-2-Q	FANNIE MAE	0.16221796	2	1/1/2032	25141107	 4,078,339 	 1,136,120.95 	4037470.3	3854281.07	98.9979	94.5061454	-183189.24	7/31/2026	Model2501	100	LMMSOFRFLAT	RFRSwap	4.67	2.42	2.15	-0.02	0.020	 832 	0.26	0.40	0.81	0.66	0.02	0.02	0.00	2.2	9.8	47.3	35	0.16	9.04	2.56	117.00	82681.72	NA	NA	1.95	0.02	6.06	2.05	0.02	4.05	2.10	0.02	2.03	2.22	0.02	-2.05	2.23	0.02	-4.09	2.21	0.02	-6.08
HTM	614100	3138WJU63	Agency MBS 15yr	G-2-Q	FANNIE MAE	0.15680238	2	2/1/2032	80181978	 12,572,725 	 3,934,826.70 	12398784.22	11862275.75	98.6165	94.349282	-536508.47	7/31/2026	Model2501	100	LMMSOFRFLAT	RFRSwap	4.76	2.61	2.15	-0.02	0.020	 2,559 	0.26	0.40	0.80	0.66	0.02	0.02	0.00	2.2	9.9	55.5	43	0.16	9.58	2.57	116.00	85910.37	NA	NA	1.95	0.02	6.04	2.04	0.02	4.05	2.10	0.02	2.03	2.22	0.02	-2.04	2.23	0.02	-4.08	2.21	0.02	-6.07
PUB_HTM	612902	3138WKMQ5	Agency MBS 15yr	G-2-Q	FANNIE MAE	0.12512822	3	4/1/2032	25133491	 3,144,909 	 1,069,253.38 	3164224.45	3026310.92	100.6142	96.2288871	-137913.53	7/31/2026	Model2501	100	LMMSOFRFLAT	RFRSwap	4.79	2.63	2.11	-0.02	0.020	 641 	0.27	0.39	0.75	0.68	0.02	0.01	0.00	2.2	12.1	58.5	46	0.13	12.58	3.45	113.00	75293.09	NA	NA	1.83	0.02	6.01	1.99	0.02	4.05	2.06	0.02	2.03	2.18	0.02	-2.05	2.25	0.02	-4.12	2.26	0.02	-6.19
AFS	614216	3138WP7F5	Agency MBS 30yr	G-2-Q	FANNIE MAE	0.22516199	3	5/1/2043	30410456	 6,847,279 	 919,978.96 	6909040.74	6122907.69	100.902	89.4210369	-786133.05	7/31/2026	Model2501	100	LMMSOFRFLAT	RFRSwap	5.10	2.82	5.38	0.04	0.048	 3,303 	0.09	0.14	0.37	1.42	2.76	0.58	0.02	6.4	6.0	65.9	44	0.23	8.12	3.62	160.00	138834.31	NA	NA	3.77	0.04	13.95	4.68	0.05	9.60	5.10	0.05	4.83	5.62	0.05	-4.80	5.74	0.05	-9.51	5.71	0.04	-13.97
AFS	613446	3138WPJX3	Agency MBS ARM	G-2-Q	FANNIE MAE	0.01907415	5.824	5/1/2043	50187171	 957,278 	 575,068.12 	965283.63	990277.67	100.8363	103.4472804	24994.04	7/31/2026	Model2501	100	LMMSOFRFLAT	RFRSwap	5.42	6.14	1.80	-1.10	0.019	 179 	0.27	0.24	0.31	0.33	0.60	0.03	-0.05	4.6	14.4	61.4	94	0.02	23.52	6.51	158.00	162157.25	WELLS FARGO BANK, NATIONAL ASSOCIATION	100.00	0.69	0.01	2.70	0.55	0.01	2.06	0.87	0.01	1.35	2.89	0.03	-2.43	3.71	0.04	-5.75	4.19	0.04	-9.58
AFS	612674	3138WQBY7	Agency MBS 15yr	G-2-Q	FANNIE MAE	0.02931871	2.5	5/1/2028	13516848	 396,297 	 315,245.16 	397596.33	389567.09	100.328	98.3019134	-8029.24	7/31/2026	Model2501	100	LMMSOFRFLAT	RFRSwap	4.54	1.87	0.78	0.00	0.008	 30 	0.59	0.17	0.00	0.01	0.00	0.00	0.00	0.8	16.4	44.0	45	0.03	11.27	2.99	159.00	20990.54	NA	NA	0.76	0.01	2.29	0.76	0.01	1.52	0.77	0.01	0.76	0.78	0.01	-0.77	0.79	0.01	-1.53	0.78	0.01	-2.28
HTM	613410	3138WRWC0	Agency MBS 15yr	G-2-Q	FANNIE MAE	0.02288554	2.5	5/1/2028	31801897	 727,804 	 723,810.43 	726090.53	716268.73	99.7646	98.415114	-9821.8	7/31/2026	Model2501	100	LMMSOFRFLAT	RFRSwap	4.39	2.60	0.77	0.00	0.008	 55 	0.59	0.16	0.00	0.01	0.00	0.00	0.00	0.8	16.8	29.8	31	0.02	12.96	3.04	159.00	33612.88	NA	NA	0.75	0.01	2.28	0.76	0.01	1.52	0.76	0.01	0.76	0.78	0.01	-0.76	0.78	0.01	-1.53	0.77	0.01	-2.28
AFS	614301	3138WTHF6	Agency MBS 15yr	G-2-Q	FANNIE MAE	0.03699181	2.5	5/1/2028	26841763	 992,925 	 795,698.80 	992306.4	976463.81	99.9377	98.3421122	-15842.59	7/31/2026	Model2501	100	LMMSOFRFLAT	RFRSwap	4.40	2.38	0.81	0.00	0.008	 79 	0.59	0.20	0.00	0.01	0.00	0.00	0.00	0.8	16.4	30.3	31	0.04	10.00	3.08	159.00	38064.52	NA	NA	0.79	0.01	2.38	0.79	0.01	1.59	0.80	0.01	0.79	0.82	0.01	-0.80	0.82	0.01	-1.59	0.81	0.01	-2.38
AFS	612510	3138WVXA4	Agency MBS 15yr	G-2-Q	FANNIE MAE	0.0402879	2.5	6/1/2028	22410962	 902,891 	 718,855.84 	906210.34	886826.71	100.3677	98.2208379	-19383.63	7/31/2026	Model2501	100	LMMSOFRFLAT	RFRSwap	4.56	1.85	0.81	0.00	0.008	 72 	0.59	0.20	0.00	0.01	0.00	0.00	0.00	0.8	16.4	45.3	46	0.04	9.75	3.00	158.00	23017.85	NA	NA	0.79	0.01	2.39	0.80	0.01	1.59	0.80	0.01	0.80	0.82	0.01	-0.80	0.82	0.01	-1.60	0.81	0.01	-2.39
AFS	613029	3138WZTM4	Agency MBS 15yr	G-2-Q	FANNIE MAE	0.03624859	2.5	8/1/2028	11526990	 417,837 	 418,857.48 	417837.13	410300.21	100	98.1962064	-7536.92	7/31/2026	Model2501	100	LMMSOFRFLAT	RFRSwap	4.43	2.32	0.88	0.00	0.009	 36 	0.56	0.29	0.00	0.01	0.00	0.00	0.00	0.9	16.0	31.5	31	0.04	11.10	3.02	156.00	24363.16	NA	NA	0.86	0.01	2.59	0.86	0.01	1.72	0.87	0.01	0.86	0.89	0.01	-0.86	0.89	0.01	-1.73	0.88	0.01	-2.59
AFS	614266	3138X17J9	Agency MBS 15yr	G-2-Q	FANNIE MAE	0.0261026	2.5	8/1/2028	26544742	 692,887 	 637,181.86 	691798.82	680898.68	99.843	98.269832	-10900.14	7/31/2026	Model2501	100	LMMSOFRFLAT	RFRSwap	4.40	2.50	0.84	0.00	0.008	 58 	0.58	0.25	0.00	0.01	0.00	0.00	0.00	0.9	15.6	29.9	30	0.03	13.02	2.91	157.00	28879.67	NA	NA	0.83	0.01	2.50	0.83	0.01	1.66	0.84	0.01	0.83	0.85	0.01	-0.83	0.86	0.01	-1.67	0.85	0.01	-2.49
AFS	613658	3138X1BG0	Agency MBS 15yr	G-2-Q	FANNIE MAE	0.03214027	2.5	8/1/2028	14504715	 466,185 	 359,950.00 	466185.46	456746.49	100	97.9752764	-9438.97	7/31/2026	Model2501	100	LMMSOFRFLAT	RFRSwap	4.61	2.33	0.91	0.00	0.009	 42 	0.55	0.34	0.00	0.02	0.00	0.00	0.00	0.9	16.0	49.0	48	0.03	11.96	2.95	156.00	35380.58	NA	NA	0.89	0.01	2.68	0.89	0.01	1.78	0.90	0.01	0.89	0.93	0.01	-0.90	0.93	0.01	-1.80	0.92	0.01	-2.69
AFS	613423	3138X6M36	Agency MBS 15yr	G-2-Q	FANNIE MAE	0.02940075	2.5	9/1/2028	17649387	 518,905 	 479,416.76 	518905.21	509546.89	100	98.1965245	-9358.33	7/31/2026	Model2501	100	LMMSOFRFLAT	RFRSwap	4.42	2.32	0.88	0.00	0.009	 45 	0.57	0.30	0.00	0.01	0.00	0.00	0.00	0.9	15.2	30.5	30	0.03	12.68	2.93	156.00	28777.08	NA	NA	0.86	0.01	2.60	0.87	0.01	1.73	0.87	0.01	0.86	0.89	0.01	-0.87	0.89	0.01	-1.74	0.89	0.01	-2.59
PUB_HTM	613683	3138X6M77	Agency MBS 15yr	G-2-Q	FANNIE MAE	0.02356963	3	9/1/2028	100000000	 2,356,963 	 2,109,154.13 	2362346.05	2323649.48	100.2284	98.5865911	-38696.57	7/31/2026	Model2501	100	LMMSOFRFLAT	RFRSwap	4.44	2.52	0.87	0.00	0.009	 202 	0.56	0.29	0.00	0.01	0.00	0.00	0.00	0.9	16.6	33.2	33	0.02	14.37	3.45	155.00	36465.50	NA	NA	0.85	0.01	2.57	0.86	0.01	1.72	0.86	0.01	0.86	0.88	0.01	-0.86	0.89	0.01	-1.72	0.88	0.01	-2.58
PUB_HTM	613274	3138X6M85	Agency MBS 15yr	G-2-Q	FANNIE MAE	0.02294335	3	9/1/2028	72085404	 1,653,881 	 1,478,333.23 	1658384.58	1630506.36	100.2723	98.5866999	-27878.23	7/31/2026	Model2501	100	LMMSOFRFLAT	RFRSwap	4.44	2.47	0.87	0.00	0.009	 142 	0.56	0.29	0.00	0.01	0.00	0.00	0.00	0.9	16.4	33.0	33	0.02	14.54	3.45	155.00	35950.89	NA	NA	0.85	0.01	2.58	0.86	0.01	1.72	0.86	0.01	0.86	0.88	0.01	-0.86	0.89	0.01	-1.72	0.88	0.01	-2.58
PUB_HTM	613299	3138XB5J9	Agency MBS 15yr	G-2-Q	FANNIE MAE	0.02375054	3	10/1/2028	70000000	 1,662,538 	 1,532,522.53 	1667640.61	1638105.7	100.3069	98.5304335	-29534.91	7/31/2026	Model2501	100	LMMSOFRFLAT	RFRSwap	4.46	2.45	0.90	0.00	0.009	 147 	0.55	0.33	0.00	0.01	0.00	0.00	0.00	0.9	16.8	34.2	33	0.02	14.69	3.53	155.00	30775.70	NA	NA	0.87	0.01	2.67	0.89	0.01	1.78	0.89	0.01	0.89	0.91	0.01	-0.89	0.92	0.01	-1.78	0.92	0.01	-2.67
PUB_HTM	613746	3138XCCG5	Agency MBS 15yr	G-2-Q	FANNIE MAE	0.00081363	3	12/1/2026	54202000	 44,100 	 697,906.40 	44100.37	43939.42	100	99.6350273	-160.95	7/31/2026	Model2501	100	LMMSOFRFLAT	RFRSwap	4.17	1.64	0.15	0.00	0.001	 1 	0.15	0.00	0.00	0.00	0.00	0.00	0.00	0.1	25.0	33.5	31	0.00	36.12	3.49	178.00	NA	NA	NA	0.15	0.00	0.44	0.15	0.00	0.29	0.15	0.00	0.15	0.15	0.00	-0.15	0.14	0.00	-0.29	0.14	0.00	-0.43
AFS	614172	3138XGTL7	Agency MBS 15yr	G-2-Q	FANNIE MAE	0.05708885	3	2/1/2029	2429672	 138,707 	 278,280.29 	140568.59	136174.6	101.342	98.1741564	-4393.99	7/31/2026	Model2501	100	LMMSOFRFLAT	RFRSwap	4.75	1.42	0.96	0.00	0.009	 13 	0.52	0.41	0.02	0.01	0.00	0.00	0.00	1.0	17.6	62.6	61	0.06	9.83	3.56	150.00	45573.71	NA	NA	0.93	0.01	2.83	0.94	0.01	1.89	0.95	0.01	0.94	0.97	0.01	-0.95	0.98	0.01	-1.90	0.98	0.01	-2.84
AFS	614280	3138XGTQ6	Agency MBS 15yr	G-2-Q	FANNIE MAE	0.02375422	2.5	2/1/2029	8000000	 190,034 	 267,405.20 	190033.76	186396.57	100	98.08603	-3637.19	7/31/2026	Model2501	100	LMMSOFRFLAT	RFRSwap	4.46	2.33	0.92	0.00	0.009	 17 	0.55	0.35	0.00	0.01	0.00	0.00	0.00	0.9	14.3	34.1	33	0.02	15.40	2.91	153.00	36320.30	NA	NA	0.90	0.01	2.71	0.91	0.01	1.81	0.91	0.01	0.90	0.93	0.01	-0.91	0.94	0.01	-1.81	0.92	0.01	-2.71
AFS	614675	3138XJ4D6	Agency MBS 15yr	G-2-Q	FANNIE MAE	0.02767726	3.5	3/1/2029	1404481	 38,872 	 22,201.16 	39328.5	38236.89	101.1739	98.3656894	-1091.6	7/31/2026	Model2501	100	LMMSOFRFLAT	RFRSwap	4.81	2.27	1.11	-0.01	0.011	 4 	0.46	0.52	0.11	0.02	0.00	0.00	0.00	1.2	16.6	66.3	62	0.03	15.58	3.97	149.00	20376.80	NA	NA	1.06	0.01	3.28	1.09	0.01	2.19	1.10	0.01	1.10	1.14	0.01	-1.10	1.16	0.01	-2.22	1.17	0.01	-3.34
AFS	612382	3138XMKS8	Agency MBS 15yr	G-2-Q	FANNIE MAE	0.01484364	3	2/1/2029	1903424	 28,254 	 25,575.17 	28436.01	27802.98	100.6451	98.4046135	-633.03	7/31/2026	Model2501	100	LMMSOFRFLAT	RFRSwap	4.74	2.00	0.83	0.00	0.008	 2 	0.57	0.24	0.00	0.01	0.00	0.00	0.00	0.9	17.8	62.6	63	0.01	18.95	3.75	151.00	14126.87	NA	NA	0.81	0.01	2.46	0.82	0.01	1.64	0.82	0.01	0.82	0.85	0.01	-0.82	0.86	0.01	-1.65	0.85	0.01	-2.48
AFS	613267	3138XMKT6	Agency MBS 15yr	G-2-Q	FANNIE MAE	0.00077689	3.5	1/1/2029	1089637	 847 	 12,095.75 	847.49	844.06	100.1131	99.7086407	-3.42	7/31/2026	Model2501	100	LMMSOFRFLAT	RFRSwap	3.58	3.20	1.06	-0.01	0.011	 0 	0.48	0.50	0.08	0.00	0.00	0.00	0.00	1.1	18.0	-54.0	-60	0.00	35.88	3.75	152.00	NA	NA	NA	1.02	0.01	3.16	1.03	0.01	2.11	1.04	0.01	1.06	1.08	0.01	-1.07	1.11	0.01	-2.14	1.11	0.01	-3.22
AFS	613856	3138XQBB6	Agency MBS 15yr	G-2-Q	FANNIE MAE	0.03050133	3	4/1/2029	1366060	 41,667 	 28,158.72 	41833.64	40918.45	100.4008	98.2043316	-915.18	7/31/2026	Model2501	100	LMMSOFRFLAT	RFRSwap	4.83	2.35	0.90	0.00	0.009	 4 	0.55	0.34	0.00	0.01	0.00	0.00	0.00	0.9	16.8	70.9	70	0.03	15.08	3.82	148.00	28218.76	NA	NA	0.88	0.01	2.66	0.89	0.01	1.77	0.89	0.01	0.89	0.91	0.01	-0.89	0.92	0.01	-1.78	0.92	0.01	-2.67
AFS	614710	3138XQC41	Agency MBS 30yr	G-2-Q	FANNIE MAE	0.17374739	4	5/1/2044	1152752	 200,288 	 7,813.83 	207045.02	188032.35	103.3738	93.8811489	-19012.67	7/31/2026	Model2501	100	LMMSOFRFLAT	RFRSwap	5.93	2.99	3.21	-0.07	0.030	 61 	0.30	0.10	0.22	0.75	1.40	0.43	0.01	4.0	17.5	149.2	131	0.17	11.31	4.80	147.00	103374.08	NA	NA	2.16	0.02	8.35	2.73	0.03	5.85	3.03	0.03	2.99	3.38	0.03	-3.05	3.53	0.03	-6.16	3.60	0.03	-9.23
AFS	614404	3138XTAA3	Agency MBS 30yr	G-2-Q	FANNIE MAE	0.12185361	3.5	6/1/2044	3296656	 401,709 	 22,932.78 	413551.56	370124	102.9479	92.1372426	-43427.57	7/31/2026	Model2501	100	LMMSOFRFLAT	RFRSwap	5.02	2.96	5.24	-0.07	0.048	 194 	0.09	0.15	0.40	1.37	2.65	0.56	0.00	6.5	5.9	56.4	35	0.12	13.89	4.31	146.00	201305.98	NA	NA	2.47	0.03	12.76	4.08	0.04	9.27	4.83	0.05	4.79	5.56	0.05	-4.86	5.78	0.05	-9.71	5.78	0.05	-14.36
AFS	614173	3138XTAB1	Agency MBS 30yr	G-2-Q	FANNIE MAE	0.12617987	4	6/1/2044	14352323	 1,810,974 	 95,775.42 	1898791.75	1708358.22	104.8492	94.333656	-190433.52	7/31/2026	Model2501	100	LMMSOFRFLAT	RFRSwap	5.10	3.11	5.10	0.00	0.048	 875 	0.10	0.16	0.40	1.33	2.53	0.59	0.00	6.4	6.7	65.9	43	0.13	13.71	4.70	147.00	121386.33	NA	NA	2.98	0.03	13.22	4.15	0.04	9.40	4.78	0.05	4.81	5.36	0.05	-4.82	5.61	0.05	-9.62	5.72	0.05	-14.32
AFS	613604	3138XTD36	Agency MBS 30yr	G-2-Q	FANNIE MAE	0.11210682	4	5/1/2044	5520927	 618,934 	 31,759.21 	639586.15	582554.78	103.3368	94.1223427	-57031.37	7/31/2026	Model2501	100	LMMSOFRFLAT	RFRSwap	5.29	3.29	4.53	-0.11	0.043	 265 	0.17	0.15	0.36	1.17	2.14	0.54	0.01	5.7	9.3	83.2	63	0.11	14.37	4.70	148.00	155820.81	NA	NA	2.38	0.03	11.17	3.48	0.04	8.09	4.16	0.04	4.21	4.83	0.04	-4.32	5.10	0.04	-8.69	5.25	0.04	-13.03
AFS	614590	3138XTFX8	Agency MBS 30yr	G-2-Q	FANNIE MAE	0.19357444	4	4/1/2044	1777184	 344,017 	 17,447.30 	354909.84	322899.79	103.1662	93.8614704	-32010.05	7/31/2026	Model2501	100	LMMSOFRFLAT	RFRSwap	5.25	3.37	4.80	-0.08	0.045	 156 	0.11	0.18	0.44	1.35	2.30	0.43	0.00	6.1	6.9	81.0	60	0.19	10.40	4.62	148.00	172234.11	NA	NA	2.12	0.02	11.56	3.59	0.04	8.54	4.40	0.04	4.46	5.09	0.05	-4.55	5.36	0.05	-9.12	5.53	0.04	-13.64
AFS	613737	3138XTSB2	Agency MBS 30yr	G-2-Q	FANNIE MAE	0.03729132	4	3/1/2044	2085949	 77,788 	 3,145.15 	80543.96	73052.2	103.5432	93.9121718	-7491.76	7/31/2026	Model2501	100	LMMSOFRFLAT	RFRSwap	5.77	3.02	3.48	-0.07	0.033	 26 	0.33	0.13	0.25	0.82	1.50	0.44	0.01	4.3	15.7	134.7	116	0.04	21.69	4.63	150.00	77787.79	NA	NA	2.33	0.02	9.05	2.94	0.03	6.34	3.27	0.03	3.24	3.67	0.03	-3.31	3.81	0.03	-6.66	3.91	0.03	-9.97
AFS	613768	3138XUW57	Agency MBS 30yr	G-2-Q	FANNIE MAE	0.17836799	4	4/1/2044	1049143	 187,134 	 7,586.48 	195518.81	175784.77	104.4809	93.9354783	-19734.03	7/31/2026	Model2501	100	LMMSOFRFLAT	RFRSwap	5.47	2.98	4.12	-0.23	0.039	 73 	0.26	0.15	0.31	0.97	1.87	0.56	0.01	5.2	11.8	99.7	82	0.18	11.09	4.63	149.00	187133.53	NA	NA	1.91	0.02	9.77	3.05	0.03	7.18	3.71	0.04	3.77	4.50	0.04	-3.98	4.80	0.04	-8.10	4.87	0.04	-12.18
PUB_HTM	613623	3138XV5X4	Agency MBS 15yr	G-2-Q	FANNIE MAE	0.0424316	3.5	6/1/2029	33219841	 1,409,571 	 804,840.02 	1424703.4	1391405.3	101.0735	98.7112601	-33298.1	7/31/2026	Model2501	100	LMMSOFRFLAT	RFRSwap	4.47	2.38	1.12	0.00	0.011	 157 	0.46	0.54	0.12	0.01	0.00	0.00	0.00	1.2	15.0	33.5	28	0.04	13.42	4.28	146.00	36709.50	NA	NA	1.09	0.01	3.36	1.11	0.01	2.24	1.12	0.01	1.12	1.14	0.01	-1.11	1.16	0.01	-2.23	1.17	0.01	-3.35
PUB_HTM	613458	3138XXGD2	Agency MBS 15yr	G-2-Q	FANNIE MAE	0.00428185	3	2/1/2027	104128300	 445,862 	 1,986,642.05 	445861.76	443909.77	100	99.5621978	-1951.99	7/31/2026	Model2501	100	LMMSOFRFLAT	RFRSwap	4.11	2.11	0.22	0.00	0.002	 10 	0.22	0.00	0.00	0.00	0.00	0.00	0.00	0.2	31.3	23.0	23	0.00	21.95	3.37	176.00	NA	NA	NA	0.22	0.00	0.67	0.22	0.00	0.44	0.22	0.00	0.22	0.22	0.00	-0.22	0.22	0.00	-0.44	0.22	0.00	-0.66
PUB_HTM	613851	3138Y3YF2	Agency MBS 15yr	G-2-Q	FANNIE MAE	0.04421999	3	10/1/2029	30000000	 1,326,600 	 729,856.73 	1332175.88	1299597.92	100.4203	97.9645873	-32577.96	7/31/2026	Model2501	100	LMMSOFRFLAT	RFRSwap	4.50	2.53	1.27	-0.01	0.012	 165 	0.42	0.55	0.27	0.02	0.00	0.00	0.00	1.3	13.9	34.6	27	0.04	14.10	3.55	142.00	54787.21	NA	NA	1.21	0.01	3.74	1.24	0.01	2.49	1.25	0.01	1.25	1.30	0.01	-1.25	1.32	0.01	-2.51	1.32	0.01	-3.77
PUB_HTM	614091	3138Y6PJ7	Agency MBS 15yr	G-2-Q	FANNIE MAE	0.05071563	3	12/1/2029	97019290	 4,920,394 	 2,942,330.56 	4948342.59	4814973.29	100.568	97.857466	-133369.3	7/31/2026	Model2501	100	LMMSOFRFLAT	RFRSwap	4.54	2.43	1.31	-0.01	0.013	 630 	0.41	0.55	0.32	0.02	0.00	0.00	0.00	1.4	13.5	38.7	31	0.05	13.63	3.56	140.00	58016.59	NA	NA	1.24	0.01	3.85	1.28	0.01	2.56	1.29	0.01	1.28	1.33	0.01	-1.29	1.36	0.01	-2.58	1.35	0.01	-3.87
PUB_HTM	614497	3138YBXX6	Agency MBS 15yr	G-2-Q	FANNIE MAE	0.06838489	3	7/1/2030	28268213	 1,933,119 	 852,100.20 	1942136.05	1883421.57	100.4665	97.4291766	-58714.48	7/31/2026	Model2501	100	LMMSOFRFLAT	RFRSwap	4.61	2.58	1.53	-0.01	0.015	 290 	0.35	0.50	0.59	0.08	0.00	0.01	0.00	1.6	12.6	44.2	35	0.07	12.97	3.41	133.00	65381.95	NA	NA	1.43	0.01	4.48	1.49	0.01	2.99	1.51	0.01	1.50	1.57	0.02	-1.50	1.60	0.02	-3.02	1.60	0.01	-4.52
AFS	614371	3138YD6G9	Agency MBS 15yr	G-2-Q	FANNIE MAE	0.02700628	2.5	1/1/2030	20388819	 550,626 	 402,065.20 	552755.39	532209.51	100.3867	96.6553271	-20545.88	7/31/2026	Model2501	100	LMMSOFRFLAT	RFRSwap	4.86	2.12	1.41	-0.01	0.014	 75 	0.38	0.52	0.45	0.05	0.00	0.01	0.00	1.4	13.6	69.3	62	0.03	18.33	3.12	139.00	74402.51	NA	NA	1.34	0.01	4.09	1.37	0.01	2.73	1.39	0.01	1.37	1.45	0.01	-1.38	1.47	0.01	-2.76	1.46	0.01	-4.13
AFS	614047	3138YGZJ4	Agency MBS 30yr	G-2-Q	FANNIE MAE	0.25558461	3.5	5/1/2045	27194252	 6,950,432 	 901,430.62 	7125401.79	6353759.8	102.5174	91.4153183	-771641.98	7/31/2026	Model2501	100	LMMSOFRFLAT	RFRSwap	5.10	3.05	5.58	-0.04	0.051	 3,560 	0.08	0.14	0.36	1.34	2.84	0.82	0.01	6.9	6.0	61.4	41	0.26	9.32	4.23	136.00	179777.97	NA	NA	3.35	0.04	14.20	4.60	0.05	9.99	5.21	0.05	5.09	5.92	0.05	-5.13	6.12	0.05	-10.21	6.11	0.05	-15.05
PUB_HTM	613911	3138YHVL1	Agency MBS 15yr	G-2-Q	FANNIE MAE	0.06893166	3	5/1/2030	35000000	 2,412,608 	 1,135,917.21 	2423718.39	2350216.01	100.4605	97.4139153	-73502.38	7/31/2026	Model2501	100	LMMSOFRFLAT	RFRSwap	4.66	2.58	1.50	-0.01	0.015	 353 	0.36	0.50	0.56	0.07	0.00	0.01	0.00	1.6	12.8	48.9	40	0.07	12.29	3.55	135.00	69332.07	NA	NA	1.40	0.01	4.38	1.46	0.01	2.93	1.48	0.01	1.46	1.54	0.01	-1.47	1.57	0.01	-2.96	1.57	0.01	-4.43
AFS	612277	3138YHW63	Agency MBS 30yr	G-2-Q	FANNIE MAE	0.20174788	3	6/1/2045	7777214	 1,569,036 	 69,830.45 	1581699.59	1380772.92	100.8071	88.0013292	-200926.67	7/31/2026	Model2501	100	LMMSOFRFLAT	RFRSwap	5.17	2.85	6.00	-0.01	0.053	 830 	0.07	0.12	0.32	1.32	3.03	1.12	0.03	7.3	6.0	65.4	46	0.20	11.19	3.80	135.00	179332.36	NA	NA	3.86	0.04	14.95	5.01	0.05	10.39	5.59	0.05	5.27	6.34	0.05	-5.28	6.50	0.05	-10.46	6.47	0.05	-15.35
AFS	614423	3138YHWT3	Agency MBS 30yr	G-2-Q	FANNIE MAE	0.12980225	3.5	6/1/2045	11977014	 1,554,643 	 547,897.43 	1602014.73	1420718.58	103.0471	91.3854976	-181296.15	7/31/2026	Model2501	100	LMMSOFRFLAT	RFRSwap	5.12	2.96	5.50	0.00	0.050	 784 	0.09	0.14	0.36	1.32	2.77	0.81	0.01	6.8	6.2	64.4	43	0.13	14.78	4.21	135.00	137817.86	NA	NA	3.41	0.04	14.10	4.58	0.05	9.89	5.16	0.05	5.03	5.81	0.05	-5.04	6.07	0.05	-10.05	6.08	0.05	-14.88
PUB_HTM	613633	3138YKKD4	Agency MBS 15yr	G-2-Q	FANNIE MAE	0.06315732	3	3/1/2030	31663817	 1,999,802 	 812,617.98 	2008690.05	1952896.58	100.4445	97.6545054	-55793.48	7/31/2026	Model2501	100	LMMSOFRFLAT	RFRSwap	4.53	2.57	1.45	0.00	0.014	 284 	0.37	0.52	0.51	0.04	0.00	0.00	0.00	1.5	11.9	37.2	28	0.06	12.75	3.62	137.00	67170.37	NA	NA	1.38	0.01	4.27	1.42	0.01	2.85	1.43	0.01	1.42	1.48	0.01	-1.42	1.51	0.01	-2.85	1.51	0.01	-4.27
PUB_HTM	612266	3138YKMY6	Agency MBS 15yr	G-2-Q	FANNIE MAE	0.07206112	3	4/1/2030	31017520	 2,235,157 	 1,026,606.05 	2245728.78	2178961.58	100.473	97.4858301	-66767.2	7/31/2026	Model2501	100	LMMSOFRFLAT	RFRSwap	4.60	2.57	1.50	0.00	0.015	 328 	0.36	0.50	0.56	0.07	0.00	0.01	0.00	1.6	12.3	43.2	34	0.07	11.98	3.61	136.00	69277.25	NA	NA	1.40	0.01	4.39	1.46	0.01	2.94	1.48	0.01	1.47	1.53	0.01	-1.47	1.57	0.01	-2.95	1.57	0.01	-4.43
PUB_HTM	614439	3138YLZL8	Agency MBS 15yr	G-2-Q	FANNIE MAE	0.04205829	3	4/1/2030	56036451	 2,356,797 	 1,294,431.33 	2366987.12	2302900.87	100.4324	97.7131494	-64086.24	7/31/2026	Model2501	100	LMMSOFRFLAT	RFRSwap	4.55	2.57	1.40	-0.01	0.014	 324 	0.38	0.53	0.45	0.04	0.00	0.00	0.00	1.5	13.1	38.4	30	0.04	15.64	3.52	138.00	66073.69	NA	NA	1.32	0.01	4.12	1.37	0.01	2.75	1.38	0.01	1.37	1.43	0.01	-1.38	1.46	0.01	-2.77	1.46	0.01	-4.15
PUB_HTM	613921	3138YNL62	Agency MBS 15yr	G-2-Q	FANNIE MAE	0.08428583	3	8/1/2030	40618255	 3,423,543 	 1,342,226.41 	3439924.38	3332842.42	100.4785	97.3506713	-107081.96	7/31/2026	Model2501	100	LMMSOFRFLAT	RFRSwap	4.63	2.58	1.57	-0.01	0.015	 524 	0.35	0.49	0.62	0.10	0.00	0.01	0.00	1.6	12.3	45.6	36	0.08	11.53	3.49	133.00	74146.17	NA	NA	1.47	0.02	4.59	1.52	0.02	3.06	1.54	0.02	1.53	1.61	0.02	-1.54	1.64	0.02	-3.09	1.64	0.02	-4.63
PUB_AFS	614334	3138YR6Y9	Agency MBS 15yr	G-2-Q	FANNIE MAE	0.06779339	3	7/1/2030	175000000	 11,863,843 	 5,930,562.78 	11918652.73	11557330.63	100.462	97.4164138	-361322.09	7/31/2026	Model2501	100	LMMSOFRFLAT	RFRSwap	4.65	2.58	1.51	-0.01	0.015	 1,746 	0.36	0.50	0.56	0.07	0.00	0.01	0.00	1.6	12.4	48.0	39	0.07	12.99	3.38	134.00	68924.21	NA	NA	1.42	0.01	4.41	1.47	0.01	2.94	1.48	0.01	1.47	1.54	0.01	-1.48	1.57	0.01	-2.96	1.57	0.01	-4.44
AFS	614662	3138YUGY1	Agency MBS 30yr	G-2-Q	FANNIE MAE	0.28696065	4	9/1/2045	2363404	 678,204 	 25,271.99 	715073.14	634392.61	105.4363	93.5400944	-80680.53	7/31/2026	Model2501	100	LMMSOFRFLAT	RFRSwap	5.20	3.06	5.38	-0.06	0.051	 343 	0.09	0.15	0.38	1.26	2.56	0.94	0.01	6.9	7.1	69.4	49	0.29	8.83	4.64	132.00	135640.80	NA	NA	2.93	0.03	13.46	4.18	0.04	9.67	4.95	0.05	5.00	5.71	0.05	-5.07	6.03	0.05	-10.14	6.19	0.05	-15.12
PUB_HTM	613198	3138YUH79	Agency MBS 15yr	G-2-Q	FANNIE MAE	0.06367148	3	9/1/2030	57283337	 3,647,315 	 1,752,942.80 	3664375.91	3550822.51	100.4678	97.3544282	-113553.4	7/31/2026	Model2501	100	LMMSOFRFLAT	RFRSwap	4.66	2.58	1.53	-0.01	0.015	 546 	0.35	0.50	0.59	0.09	0.00	0.01	0.00	1.6	12.6	49.3	40	0.06	14.00	3.44	132.00	72194.13	NA	NA	1.43	0.01	4.48	1.49	0.01	2.99	1.51	0.01	1.49	1.57	0.02	-1.50	1.60	0.02	-3.02	1.60	0.01	-4.52
AFS	612290	3138YUHB0	Agency MBS 30yr	G-2-Q	FANNIE MAE	0.25764349	3.5	9/1/2045	7978871	 2,055,704 	 305,785.99 	2099778.84	1871649.76	102.144	91.0466492	-228129.08	7/31/2026	Model2501	100	LMMSOFRFLAT	RFRSwap	5.15	3.12	5.62	-0.05	0.051	 1,055 	0.08	0.13	0.36	1.31	2.80	0.93	0.01	7.0	6.1	64.9	44	0.26	9.58	4.11	132.00	146836.02	NA	NA	3.09	0.03	13.91	4.49	0.05	9.93	5.21	0.05	5.09	5.96	0.05	-5.14	6.23	0.05	-10.25	6.24	0.05	-15.16
AFS	614220	3138YUHC8	Agency MBS 30yr	G-2-Q	FANNIE MAE	0.25069557	3.5	9/1/2045	1196977	 300,077 	 17,763.42 	309072.24	273129.88	102.9977	91.0199822	-35942.36	7/31/2026	Model2501	100	LMMSOFRFLAT	RFRSwap	5.22	2.96	5.41	-0.07	0.049	 148 	0.09	0.14	0.37	1.32	2.65	0.83	0.02	6.7	6.9	72.7	53	0.25	9.82	4.17	132.00	150038.42	NA	NA	3.03	0.03	13.40	4.34	0.04	9.55	5.01	0.05	4.90	5.76	0.05	-4.96	6.08	0.05	-9.93	6.16	0.05	-14.78
PUB_AFS	613193	3138YUNP2	Agency MBS 15yr	G-2-Q	FANNIE MAE	0.06006625	3	8/1/2030	44517560	 2,674,003 	 1,288,642.58 	2686475.12	2606850.69	100.4664	97.4887014	-79624.43	7/31/2026	Model2501	100	LMMSOFRFLAT	RFRSwap	4.61	2.57	1.50	-0.01	0.015	 392 	0.36	0.50	0.56	0.07	0.00	0.01	0.00	1.6	12.7	43.7	35	0.06	14.23	3.42	132.00	65092.27	NA	NA	1.41	0.01	4.39	1.46	0.01	2.93	1.48	0.01	1.46	1.54	0.01	-1.47	1.57	0.01	-2.95	1.56	0.01	-4.43
AFS	613145	3138YWH34	Agency MBS 30yr	G-2-Q	FANNIE MAE	0.27207038	3.5	10/1/2045	6226894	 1,694,153 	 105,431.84 	1745207.54	1548245.56	103.0135	91.3875654	-196961.98	7/31/2026	Model2501	100	LMMSOFRFLAT	RFRSwap	5.17	2.95	5.29	-0.04	0.049	 822 	0.10	0.15	0.38	1.32	2.60	0.74	0.01	6.6	6.9	70.0	49	0.27	9.25	4.22	131.00	113957.57	NA	NA	3.09	0.03	13.31	4.31	0.04	9.44	4.94	0.05	4.83	5.61	0.05	-4.86	5.93	0.05	-9.73	6.04	0.05	-14.51
PUB_HTM	613482	3138YWKG1	Agency MBS 15yr	G-2-Q	FANNIE MAE	0.07022343	3	10/1/2030	100000000	 7,022,343 	 3,152,660.75 	7056396.19	6832058.77	100.4849	97.2903028	-224337.43	7/31/2026	Model2501	100	LMMSOFRFLAT	RFRSwap	4.64	2.59	1.60	-0.01	0.016	 1,094 	0.34	0.48	0.64	0.12	0.00	0.01	0.00	1.7	12.4	46.7	37	0.07	13.49	3.49	130.00	71150.32	NA	NA	1.48	0.02	4.66	1.55	0.02	3.11	1.57	0.02	1.56	1.64	0.02	-1.56	1.67	0.02	-3.14	1.67	0.02	-4.70
AFS	613858	31390KSP4	Agency MBS Other	G-2-Q	FANNIE MAE	0.00017403	7.5	5/1/2032	1000000	 174 	 145.87 	176.35	175.15	101.332	100.6415953	-1.2	7/31/2026	Model2501	100	LMMSOFRFLAT	RFRSwap	5.89	4.86	0.66	0.01	0.007	 0 	0.59	0.08	0.00	0.00	0.00	0.00	0.00	0.7	14.1	179.1	183	0.00	27.67	8.25	292.00	NA	NA	NA	0.68	0.01	2.07	0.68	0.01	1.37	0.67	0.01	0.68	0.66	0.01	-0.67	0.65	0.01	-1.32	0.65	0.01	-1.97
HTM	883706	31390VEC4	Agency MBS 30yr	G-2-Q	FANNIE MAE	0.0303782	6	9/1/2032	1714956	 52,097 	 -   	52873.65	52700.04	101.4902	101.156996	-173.61	7/31/2026	Model2501	100	LMMSOFRFLAT	RFRSwap	5.39	5.25	2.28	0.05	0.023	 12 	0.25	0.37	0.72	0.90	0.05	0.00	0.00	2.6	11.5	119.5	103	0.03	10.06	6.63	288.00	52097.28	NA	NA	1.98	0.02	6.89	2.16	0.02	4.67	2.26	0.02	2.34	2.27	0.02	-2.29	2.26	0.02	-4.52	2.25	0.02	-6.68
HTM	883860	31391SRQ5	Agency MBS 30yr	G-2-Q	FANNIE MAE	0.02142539	6	12/1/2032	1061215	 22,737 	 -   	23075.46	23000.01	101.4888	101.156996	-75.45	7/31/2026	Model2501	100	LMMSOFRFLAT	RFRSwap	3.55	3.02	0.61	0.01	0.006	 1 	0.58	0.03	0.00	0.00	0.00	0.00	0.00	0.6	7.8	-48.9	-49	0.02	11.60	6.25	284.00	22736.95	NA	NA	0.62	0.01	1.90	0.62	0.01	1.26	0.62	0.01	0.63	0.61	0.01	-0.62	0.60	0.01	-1.23	0.60	0.01	-1.83
AFS	614797	31393DYT2	Agency CMO	G-3-Q	FANNIE MAE	0.00366761	3.5	8/1/2033	2000000	 7,335 	 4,398.45 	7593.96	7235.75	103.5273	98.64394	-358.21	7/31/2026	Model2501	100	LMMSOFRFLAT	RFRSwap	4.94	-1.05	0.81	-0.02	0.008	 1 	0.60	0.19	0.00	0.02	0.00	0.00	0.00	0.8	11.6	82.9	81	0.00	16.10	5.93	277.00	59320.30	#SPILL!	#SPILL!	0.71	0.01	2.33	0.77	0.01	1.58	0.79	0.01	0.80	0.83	0.01	-0.81	0.83	0.01	-1.62	0.85	0.01	-2.43
AFS	613324	31397N6V2	Agency CMO	G-3-Q	FANNIE MAE	0.00050031	5.25	7/1/2039	100000000	 50,031 	 3,310.55 	53551.21	49334.96	107.0361	98.60878	-4216.26	7/31/2026	Model2501	100	LMMSOFRFLAT	RFRSwap	5.56	3.58	3.72	-0.24	0.037	 18 	0.16	0.25	0.52	1.36	1.42	0.02	-0.01	4.7	7.7	116.3	127	0.00	34.07	5.75	217.00	439477.22	BANK OF AMERICA, NATIONAL ASSOCIATION	100.00	2.35	0.03	9.06	2.57	0.03	6.48	3.18	0.03	3.51	3.98	0.04	-3.76	4.13	0.04	-7.54	4.25	0.04	-11.30
AFS	613735	31398FXJ5	Agency CMO	G-3-Q	FANNIE MAE	0.03092176	4	11/1/2049	777178	 24,032 	 780.58 	25174.64	21960.07	104.7559	91.37953	-3214.58	7/31/2026	Model2501	100	LMMSOFRFLAT	RFRSwap	5.60	3.20	5.48	0.12	0.050	 12 	0.13	0.15	0.35	1.15	2.43	1.25	0.03	7.1	8.0	110.3	122	0.03	23.10	6.61	223.00	183973.69	#SPILL!	#SPILL!	4.09	0.04	14.47	4.65	0.05	9.95	5.19	0.05	5.05	5.55	0.05	-4.94	5.59	0.05	-9.63	5.76	0.04	-14.15
REG_STCK	611079	313990103	Regulatory_Stock	CB-4	FEDERAL RESERVE BANK		4.58	12/31/2100	577270850	 577,270,850 	 -   	577270850	577270850	100	100	0	7/31/2026																																														
WTNA_REG_STCK	611082	313992033	Regulatory_Stock	CB-4	FEDERAL RESERVE BANK		6	12/31/2100	10913400	 10,913,400 	 -   	10913400	10913400	100	100	0	7/31/2026																																														
REG_STCK	611090	313993034	Regulatory_Stock	CB-4	FEDERAL RESERVE BANK		4.58	12/31/2100	499150	 499,150 	 -   	499150	499150	100	100	0	7/31/2026																																														
HTM	883417	31400APE2	Agency MBS 30yr	G-2-Q	FANNIE MAE	0.02509347	5.5	2/1/2033	1241230	 31,147 	 -   	31566.53	31556.85	101.3477	101.3166123	-9.68	7/31/2026	Model2501	100	LMMSOFRFLAT	RFRSwap	4.82	4.81	2.25	0.06	0.023	 7 	0.25	0.37	0.74	0.87	0.03	0.00	0.00	2.5	10.6	63.5	46	0.03	11.02	6.00	283.00	31146.77	NA	NA	2.13	0.02	7.05	2.23	0.02	4.70	2.26	0.02	2.33	2.25	0.02	-2.26	2.23	0.02	-4.47	2.23	0.02	-6.61
HTM	883425	31400JTW9	Agency MBS 30yr	G-2-Q	FANNIE MAE	0.01602631	5.5	2/1/2033	1655233	 26,527 	 -   	26414.9	26354.5	99.5764	99.3486647	-60.4	7/31/2026	Model2501	100	LMMSOFRFLAT	RFRSwap	5.68	5.59	2.50	0.09	0.025	 7 	0.22	0.34	0.71	1.13	0.10	0.00	0.00	2.9	9.0	146.6	129	0.02	12.74	6.13	283.00	26527.28	NA	NA	2.53	0.03	7.86	2.53	0.03	5.16	2.52	0.03	2.54	2.47	0.02	-2.45	2.44	0.02	-4.82	2.44	0.02	-7.10
HTM	883869	31400STF6	Agency MBS 30yr	G-2-Q	FANNIE MAE	0.02585012	6	3/1/2033	1472736	 38,070 	 -   	39017.98	39011.93	102.489	102.4731341	-6.05	7/31/2026	Model2501	100	LMMSOFRFLAT	RFRSwap	4.68	4.67	2.02	0.05	0.021	 8 	0.27	0.40	0.80	0.55	0.00	0.00	0.00	2.3	9.4	50.2	35	0.03	11.07	6.25	282.00	38070.40	NA	NA	1.99	0.02	6.43	2.02	0.02	4.25	2.03	0.02	2.10	2.01	0.02	-2.06	2.00	0.02	-4.06	1.99	0.02	-6.02
HTM	883426	31401MBC4	Agency MBS 30yr	G-2-Q	FANNIE MAE	0.01627446	5.5	6/1/2033	2010006	 32,712 	 -   	33270	33274.64	101.7065	101.7207048	4.64	7/31/2026	Model2501	100	LMMSOFRFLAT	RFRSwap	4.24	4.25	1.56	0.04	0.016	 5 	0.34	0.50	0.65	0.05	0.00	0.00	0.00	1.7	8.9	8.6	-4	0.02	13.03	5.88	279.00	32711.76	NA	NA	1.53	0.02	4.89	1.56	0.02	3.25	1.57	0.02	1.61	1.55	0.02	-1.57	1.54	0.02	-3.11	1.53	0.01	-4.62
AFS	613265	31402BBE3	Agency MBS 30yr	G-2-Q	FANNIE MAE	0.0447841	5	8/1/2033	1893078	 84,780 	 15,555.06 	88903.28	83950.95	104.8638	99.0223578	-4952.34	7/31/2026	Model2501	100	LMMSOFRFLAT	RFRSwap	5.32	2.99	2.40	0.06	0.024	 20 	0.23	0.35	0.72	1.04	0.06	0.00	0.00	2.7	8.7	111.7	95	0.04	9.06	5.50	277.00	42389.90	NA	NA	2.27	0.02	7.32	2.36	0.02	4.87	2.40	0.02	2.42	2.39	0.02	-2.35	2.38	0.02	-4.64	2.38	0.02	-6.86
AFS	614589	31402DLZ1	Agency MBS ARM	G-2-Q	FANNIE MAE	0.00982841	5.451	8/1/2034	24181430	 237,665 	 83,323.80 	243633.37	240946.41	102.5113	101.380685	-2686.95	7/31/2026	Model2501	100	LMMSOFRFLAT	RFRSwap	5.39	5.00	0.34	-0.13	0.003	 8 	-0.05	-0.09	0.03	0.18	0.08	-0.01	0.00	3.3	9.7	112.7	90	0.01	15.97	6.06	266.00	85543.40	NEW RESIDENTIAL MORTGAGE LLC	100.00	1.13	0.01	1.91	0.80	0.01	0.93	0.34	0.00	0.32	0.86	0.01	-0.54	1.26	0.01	-1.61	1.68	0.02	-3.06
AFS	614552	31403RMG0	Agency MBS 30yr	G-2-Q	FANNIE MAE	0.03441627	5	10/1/2033	1789149	 61,576 	 9,894.59 	65060.76	60918.45	105.6596	98.9323942	-4142.31	7/31/2026	Model2501	100	LMMSOFRFLAT	RFRSwap	5.33	2.92	2.66	0.06	0.026	 16 	0.21	0.32	0.67	1.26	0.20	0.00	0.00	3.0	9.6	110.8	92	0.03	10.26	5.25	275.00	61575.84	NA	NA	2.28	0.02	7.88	2.51	0.03	5.33	2.62	0.03	2.66	2.66	0.03	-2.61	2.65	0.03	-5.14	2.67	0.02	-7.61
HTM	883430	31403RS66	Agency MBS 30yr	G-2-Q	FANNIE MAE	0.04509907	5.5	12/1/2033	605065	 27,288 	 -   	27172.1	27119.12	99.5758	99.3815894	-52.99	7/31/2026	Model2501	100	LMMSOFRFLAT	RFRSwap	5.66	5.59	2.64	0.06	0.026	 7 	0.22	0.32	0.65	1.23	0.22	0.00	0.00	3.0	11.7	143.2	126	0.05	9.50	6.13	272.00	27287.87	NA	NA	2.49	0.03	8.10	2.59	0.03	5.38	2.63	0.03	2.66	2.65	0.03	-2.60	2.64	0.02	-5.14	2.65	0.02	-7.61
AFS	613323	31403YC27	Agency MBS 30yr	G-2-Q	FANNIE MAE	0.03916988	4.75	8/1/2033	937508	 36,722 	 4,771.47 	35921.76	36278.67	97.8206	98.7925338	356.9	7/31/2026	Model2501	100	LMMSOFRFLAT	RFRSwap	5.14	5.53	2.57	0.08	0.026	 9 	0.22	0.33	0.70	1.20	0.13	0.00	0.00	2.9	8.9	93.8	75	0.04	9.67	5.13	276.00	36722.07	NA	NA	2.52	0.03	7.94	2.56	0.03	5.25	2.58	0.03	2.59	2.56	0.02	-2.51	2.56	0.02	-4.95	2.57	0.02	-7.34
HTM	883441	31403YC43	Agency MBS 30yr	G-2-Q	FANNIE MAE	0.01099956	5.25	8/1/2033	14992196	 164,908 	 -   	165272.62	165151.38	100.2214	100.1478549	-121.24	7/31/2026	Model2501	100	LMMSOFRFLAT	RFRSwap	5.11	5.08	2.54	0.07	0.026	 42 	0.22	0.33	0.70	1.17	0.12	0.00	0.00	2.9	8.8	90.8	72	0.01	14.62	5.66	277.00	38409.10	NA	NA	2.48	0.03	7.94	2.53	0.03	5.25	2.54	0.03	2.59	2.53	0.02	-2.52	2.51	0.02	-4.96	2.52	0.02	-7.33
AFS	613608	31403YC76	Agency MBS Other	G-2-Q	FANNIE MAE	0.05199043	5.5	8/1/2033	992043	 51,577 	 6,487.74 	51246.39	50988.33	99.3595	98.8591564	-258.06	7/31/2026	Model2501	100	LMMSOFRFLAT	RFRSwap	5.88	5.67	2.49	0.07	0.025	 13 	0.23	0.34	0.69	1.11	0.13	0.00	0.00	2.8	10.9	165.4	149	0.05	8.67	5.89	279.00	25788.37	NA	NA	2.47	0.03	7.70	2.49	0.03	5.08	2.49	0.03	2.51	2.48	0.02	-2.44	2.47	0.02	-4.81	2.49	0.02	-7.12
AFS	612285	31403YC84	Agency MBS 30yr	G-2-Q	FANNIE MAE	0.01106745	5.75	8/1/2033	4601005	 50,921 	 12,512.34 	50790.81	50941.48	99.7436	100.0394573	150.68	7/31/2026	Model2501	100	LMMSOFRFLAT	RFRSwap	5.60	5.75	1.93	0.03	0.019	 10 	0.36	0.26	0.50	0.74	0.06	0.00	0.00	2.2	21.1	140.2	126	0.01	14.57	6.16	280.00	16973.80	NA	NA	1.91	0.02	5.96	1.92	0.02	3.94	1.92	0.02	1.95	1.93	0.02	-1.92	1.94	0.02	-3.81	1.95	0.02	-5.68
AFS	613334	31403YC92	Agency MBS 30yr	G-2-Q	FANNIE MAE	0.00982076	5.75	8/1/2033	25149286	 246,985 	 51,729.85 	246136.3	250005.04	99.6563	101.2227209	3868.74	7/31/2026	Model2501	100	LMMSOFRFLAT	RFRSwap	5.11	5.80	2.26	0.06	0.023	 57 	0.25	0.36	0.73	0.88	0.03	0.00	0.00	2.5	9.5	92.1	75	0.01	15.05	6.13	280.00	41241.64	NA	NA	2.22	0.02	7.11	2.26	0.02	4.70	2.26	0.02	2.32	2.24	0.02	-2.26	2.23	0.02	-4.46	2.23	0.02	-6.60
AFS	614167	31403YCJ0	Agency MBS Other	G-2-Q	FANNIE MAE	0.01224018	5.25	5/1/2028	3487901	 42,693 	 40,813.48 	42422.28	42633.46	99.367	99.8616285	211.18	7/31/2026	Model2501	100	LMMSOFRFLAT	RFRSwap	5.05	5.65	0.82	0.01	0.008	 4 	0.60	0.23	0.00	0.00	0.00	0.00	0.00	0.9	9.0	93.7	95	0.01	9.62	5.62	276.00	NA	NA	NA	0.84	0.01	2.54	0.84	0.01	1.68	0.83	0.01	0.83	0.82	0.01	-0.82	0.81	0.01	-1.63	0.81	0.01	-2.43
AFS	614170	31403YCL5	Agency MBS Other	G-2-Q	FANNIE MAE	0.00282969	5.75	11/1/2027	8098232	 22,915 	 25,245.77 	22833.82	22887.66	99.6436	99.8785752	53.85	7/31/2026	Model2501	100	LMMSOFRFLAT	RFRSwap	5.24	5.76	0.46	0.01	0.005	 1 	0.46	0.00	0.00	0.00	0.00	0.00	0.00	0.5	9.4	123.5	124	0.00	NA	6.12	281.00	NA	NA	NA	0.47	0.00	1.41	0.47	0.00	0.93	0.46	0.00	0.46	0.46	0.00	-0.46	0.45	0.00	-0.91	0.45	0.00	-1.36
AFS	612163	31403YCN1	Agency MBS Other	G-2-Q	FANNIE MAE	0.00152442	6.25	2/1/2027	4574137	 6,973 	 12,370.62 	6972.91	6957.22	100	99.7750744	-15.68	7/31/2026	Model2501	100	LMMSOFRFLAT	RFRSwap	5.69	4.95	0.31	0.00	0.003	 0 	0.31	0.00	0.00	0.00	0.00	0.00	0.00	0.3	9.4	173.5	176	0.00	NA	6.63	280.00	NA	NA	NA	0.31	0.00	0.94	0.31	0.00	0.62	0.31	0.00	0.31	0.31	0.00	-0.31	0.30	0.00	-0.61	0.30	0.00	-0.91
AFS	614814	31403YDE0	Agency MBS 30yr	G-2-Q	FANNIE MAE	0.00476318	6.25	8/1/2033	5971174	 28,442 	 3,455.44 	28518.68	28839.73	100.2704	101.3991935	321.05	7/31/2026	Model2501	100	LMMSOFRFLAT	RFRSwap	5.63	6.06	2.56	0.09	0.026	 7 	0.22	0.33	0.69	1.18	0.14	0.00	0.00	3.0	9.7	141.2	123	0.00	17.95	6.63	279.00	28441.78	NA	NA	2.59	0.03	8.20	2.59	0.03	5.39	2.58	0.03	2.65	2.54	0.03	-2.56	2.52	0.02	-5.04	2.52	0.02	-7.45
AFS	614596	31403YDQ3	Agency MBS 30yr	G-2-Q	FANNIE MAE	0.11649297	4.25	8/1/2033	757179	 88,206 	 10,586.06 	84988.66	86517.01	96.3524	98.0851372	1528.35	7/31/2026	Model2501	100	LMMSOFRFLAT	RFRSwap	4.89	5.54	2.73	0.09	0.027	 24 	0.20	0.31	0.68	1.33	0.21	0.00	0.00	3.1	8.5	68.1	48	0.12	5.08	4.80	276.00	88206.03	NA	NA	2.47	0.03	8.23	2.67	0.03	5.51	2.73	0.03	2.73	2.72	0.03	-2.65	2.74	0.03	-5.22	2.75	0.02	-7.75
HTM	883436	31404JJ55	Agency MBS 30yr	G-2-Q	FANNIE MAE	0.03444033	5.5	3/1/2034	3064743	 105,551 	 -   	105103.7	104873.63	99.5765	99.3584785	-230.07	7/31/2026	Model2501	100	LMMSOFRFLAT	RFRSwap	5.68	5.59	2.47	0.05	0.025	 26 	0.23	0.34	0.69	1.11	0.10	0.00	0.00	2.8	9.3	145.8	129	0.03	10.76	5.82	269.00	52775.38	NA	NA	2.34	0.03	7.54	2.42	0.03	5.01	2.45	0.03	2.49	2.46	0.02	-2.43	2.45	0.02	-4.79	2.45	0.02	-7.09
AFS	614186	31404M6A1	Agency MBS 30yr	G-2-Q	FANNIE MAE	0.03461822	5	6/1/2034	1031569	 35,711 	 7,069.59 	37226.22	35726.6	104.2428	100.0434389	-1499.63	7/31/2026	Model2501	100	LMMSOFRFLAT	RFRSwap	4.88	3.00	2.15	0.04	0.022	 8 	0.26	0.38	0.76	0.74	0.01	0.00	0.00	2.4	9.5	69.0	53	0.03	10.92	5.63	266.00	35711.08	NA	NA	1.97	0.02	6.52	2.08	0.02	4.37	2.13	0.02	2.17	2.15	0.02	-2.13	2.14	0.02	-4.22	2.14	0.02	-6.26
HTM	883445	31404XLY8	Agency MBS 30yr	G-2-Q	FANNIE MAE	0.02361655	5.5	2/1/2035	3235934	 76,422 	 -   	77136.41	76780.12	100.9354	100.4691348	-356.29	7/31/2026	Model2501	100	LMMSOFRFLAT	RFRSwap	5.29	5.14	2.99	0.03	0.030	 23 	0.20	0.29	0.59	1.43	0.49	-0.01	0.00	3.5	9.7	103.9	84	0.02	13.08	5.88	258.00	76421.59	NA	NA	2.47	0.03	8.79	2.71	0.03	5.99	2.89	0.03	3.02	3.02	0.03	-2.99	3.02	0.03	-5.91	3.04	0.03	-8.75
HTM	883450	31404XT61	Agency MBS 30yr	G-2-Q	FANNIE MAE	0.03089462	5.5	1/1/2035	6848996	 211,597 	 -   	210979.78	210784.09	99.7082	99.615763	-195.68	7/31/2026	Model2501	100	LMMSOFRFLAT	RFRSwap	5.57	5.54	2.92	0.06	0.029	 62 	0.20	0.29	0.61	1.44	0.37	0.00	0.00	3.4	8.6	133.0	113	0.03	11.91	5.88	260.00	70532.38	NA	NA	2.58	0.03	8.77	2.76	0.03	5.90	2.87	0.03	2.95	2.92	0.03	-2.88	2.91	0.03	-5.67	2.92	0.03	-8.39
AFS	614336	31405FGE6	Agency MBS ARM	G-2-Q	FANNIE MAE	0.00179212	6.152	7/1/2034	9000000	 16,129 	 1,622.58 	16226.83	16493.79	100.6061	102.261205	266.96	7/31/2026	Model2501	100	LMMSOFRFLAT	RFRSwap	5.69	6.29	0.87	-0.08	0.009	 1 	0.28	-0.08	0.06	0.35	0.17	-0.01	0.00	3.2	11.1	142.1	132	0.00	21.77	6.75	266.00	31522.71	NEW RESIDENTIAL MORTGAGE LLC	100.00	1.31	0.01	2.88	0.92	0.01	1.74	0.82	0.01	0.85	1.11	0.01	-0.98	1.61	0.02	-2.34	2.02	0.02	-4.16
HTM	883457	31406ELK8	Agency MBS 30yr	G-2-Q	FANNIE MAE	0.01220137	5.5	12/1/2034	3854574	 47,031 	 -   	47542.53	47327.83	101.0875	100.630956	-214.7	7/31/2026	Model2501	100	LMMSOFRFLAT	RFRSwap	5.23	5.08	3.00	0.07	0.030	 14 	0.19	0.29	0.60	1.46	0.47	0.00	0.00	3.5	9.4	99.5	79	0.01	15.53	5.88	260.00	47031.08	NA	NA	2.64	0.03	9.15	2.85	0.03	6.15	2.97	0.03	3.07	3.01	0.03	-3.00	3.00	0.03	-5.90	3.01	0.03	-8.72
AFS	614412	31406MKA3	Agency MBS 30yr	G-2-Q	FANNIE MAE	0.0258614	5	6/1/2035	4002072	 103,499 	 10,199.79 	109970.75	102414.83	106.2528	98.9523024	-7555.92	7/31/2026	Model2501	100	LMMSOFRFLAT	RFRSwap	5.27	3.14	3.23	0.09	0.032	 33 	0.18	0.27	0.58	1.56	0.64	0.00	0.00	3.8	7.8	102.4	80	0.03	12.97	5.52	255.00	51749.59	NA	NA	2.91	0.03	9.74	3.08	0.03	6.52	3.19	0.03	3.24	3.22	0.03	-3.15	3.22	0.03	-6.20	3.23	0.03	-9.15
HTM	883453	31407ER96	Agency MBS 30yr	G-2-Q	FANNIE MAE	0.02609985	5.5	12/1/2035	3598316	 93,916 	 -   	94938.05	94501.83	101.0888	100.6243131	-436.22	7/31/2026	Model2501	100	LMMSOFRFLAT	RFRSwap	5.26	5.13	3.24	0.02	0.033	 31 	0.18	0.27	0.56	1.51	0.74	-0.01	0.00	3.9	8.7	99.9	78	0.03	13.45	6.00	249.00	93915.51	NA	NA	2.22	0.02	9.04	2.72	0.03	6.37	3.09	0.03	3.27	3.29	0.03	-3.26	3.29	0.03	-6.43	3.32	0.03	-9.50
AFS	613577	31407FFH8	Agency MBS 30yr	G-2-Q	FANNIE MAE	0.09268416	5	6/1/2035	1360664	 126,112 	 20,037.96 	133782.12	124519.79	106.082	98.7374601	-9262.33	7/31/2026	Model2501	100	LMMSOFRFLAT	RFRSwap	5.38	2.91	2.83	0.03	0.028	 35 	0.20	0.30	0.62	1.40	0.31	0.00	0.00	3.3	9.1	114.5	96	0.09	7.62	5.88	254.00	63056.00	NA	NA	2.35	0.03	8.23	2.60	0.03	5.60	2.76	0.03	2.82	2.86	0.03	-2.79	2.85	0.03	-5.50	2.87	0.03	-8.13
AFS	614054	31407QGB6	Agency MBS ARM	G-2-Q	FANNIE MAE	0.00044027	6.13	9/1/2037	33798675	 14,881 	 4,718.26 	15362.75	15162.98	103.2405	101.8980308	-199.76	7/31/2026	Model2501	100	LMMSOFRFLAT	RFRSwap	5.70	5.33	1.07	-0.06	0.011	 2 	0.43	0.03	0.04	0.20	0.34	0.00	0.00	4.3	10.0	138.1	129	0.00	32.41	7.00	227.00	14880.54	TRUIST BANK	100.00	1.75	0.02	3.90	1.29	0.01	2.31	1.09	0.01	1.09	1.24	0.01	-1.15	1.61	0.02	-2.57	1.99	0.02	-4.35
AFS	613294	31408B2Q0	Agency MBS ARM	G-2-Q	FANNIE MAE	0.00456407	5.663	11/1/2035	15013237	 68,521 	 5,813.75 	70510.52	69653.12	102.9028	101.6515306	-857.4	7/31/2026	Model2501	100	LMMSOFRFLAT	RFRSwap	5.49	5.08	0.42	-0.17	0.004	 3 	0.05	-0.10	-0.03	0.13	0.13	-0.01	0.00	3.5	12.2	121.5	97	0.00	20.33	6.13	248.00	68521.46	NEW RESIDENTIAL MORTGAGE LLC	100.00	1.27	0.01	2.22	0.88	0.01	1.11	0.47	0.00	0.41	0.83	0.01	-0.60	1.23	0.01	-1.66	1.57	0.02	-3.05
AFS	613095	31408ELZ3	Agency MBS ARM	G-2-Q	FANNIE MAE	0.00300601	5.465	1/1/2036	30041599	 90,305 	 7,244.64 	92747.1	91193.37	102.7039	100.9833604	-1553.72	7/31/2026	Model2501	100	LMMSOFRFLAT	RFRSwap	5.67	5.09	0.47	-0.06	0.005	 4 	-0.05	0.03	0.14	0.20	0.14	-0.03	-0.01	3.4	12.9	138.8	126	0.00	22.34	6.50	246.00	150425.55	ROCKET MORTGAGE, LLC	100.00	1.02	0.01	1.69	0.51	0.01	0.94	0.45	0.00	0.46	0.70	0.01	-0.55	1.24	0.01	-1.53	1.61	0.02	-2.96
AFS	614199	31409D6C2	Agency MBS ARM	G-2-Q	FANNIE MAE	0.002207	6.164	4/1/2036	30022219	 66,259 	 60,929.41 	68240.44	68056.28	102.9904	102.7124548	-184.16	7/31/2026	Model2501	100	LMMSOFRFLAT	RFRSwap	5.80	5.71	0.72	-0.14	0.007	 5 	0.17	-0.06	0.08	0.20	0.25	-0.01	0.00	3.6	12.4	149.4	138	0.00	23.65	6.50	244.00	66259.04	NEW RESIDENTIAL MORTGAGE LLC	100.00	1.22	0.01	2.41	0.75	0.01	1.42	0.65	0.01	0.70	1.06	0.01	-0.88	1.71	0.02	-2.28	2.21	0.02	-4.26
AFS	614660	31409GR65	Agency MBS ARM	G-2-Q	FANNIE MAE	0.00582031	5.867	12/1/2036	12550001	 73,045 	 7,574.86 	75316.91	74716.45	103.1104	102.2883931	-600.45	7/31/2026	Model2501	100	LMMSOFRFLAT	RFRSwap	5.70	5.44	0.43	0.00	0.004	 3 	-0.15	0.06	0.15	0.19	0.17	-0.03	-0.01	3.6	13.1	139.4	127	0.01	20.78	6.50	235.00	73044.90	NEW RESIDENTIAL MORTGAGE LLC	100.00	1.03	0.01	1.58	0.46	0.00	0.85	0.39	0.00	0.42	0.66	0.01	-0.51	1.28	0.01	-1.49	1.75	0.02	-3.02
AFS	614500	31409GRW8	Agency MBS ARM	G-2-Q	FANNIE MAE	0.00898384	6.316	10/1/2036	16153769	 145,123 	 177,088.51 	149902.86	148759.74	103.2938	102.5060557	-1143.13	7/31/2026	Model2501	100	LMMSOFRFLAT	RFRSwap	5.54	5.29	0.97	-0.08	0.010	 14 	0.39	0.17	0.22	0.17	0.08	-0.06	-0.01	3.5	13.2	124.6	119	0.01	19.19	7.00	238.00	145122.88	NEW RESIDENTIAL MORTGAGE LLC	100.00	1.32	0.01	3.22	1.04	0.01	1.97	0.91	0.01	0.97	1.14	0.01	-1.06	1.49	0.02	-2.38	1.93	0.02	-4.09
HTM	883464	31409GUE4	Agency MBS 30yr	G-2-Q	FANNIE MAE	0.08982355	5.5	12/1/2036	2212732	 198,755 	 -   	200976.62	200042.88	101.1175	100.647749	-933.74	7/31/2026	Model2501	100	LMMSOFRFLAT	RFRSwap	5.27	5.14	3.41	-0.03	0.035	 69 	0.18	0.26	0.54	1.44	1.02	-0.01	0.00	4.2	9.0	97.5	77	0.09	8.94	6.18	236.00	99377.72	NA	NA	2.40	0.03	9.40	2.79	0.03	6.60	3.19	0.03	3.41	3.52	0.03	-3.45	3.55	0.03	-6.85	3.59	0.03	-10.16
HTM	883856	31409TQ27	Agency MBS 30yr	G-2-Q	FANNIE MAE	0.02111454	6	4/1/2036	3092584	 65,298 	 -   	66435	66226.48	101.7405	101.4211542	-208.52	7/31/2026	Model2501	100	LMMSOFRFLAT	RFRSwap	5.49	5.39	3.05	0.03	0.031	 20 	0.19	0.28	0.58	1.45	0.56	-0.01	0.00	3.7	9.0	123.1	103	0.02	14.77	6.38	245.00	65298.49	NA	NA	2.53	0.03	9.06	2.76	0.03	6.17	2.95	0.03	3.11	3.10	0.03	-3.09	3.10	0.03	-6.11	3.11	0.03	-9.04
HTM	883853	31409XGU7	Agency MBS 30yr	G-2-Q	FANNIE MAE	0.02663594	6	6/1/2036	1055054	 28,102 	 -   	28770.56	28685.12	102.3777	102.0737314	-85.44	7/31/2026	Model2501	100	LMMSOFRFLAT	RFRSwap	5.33	5.24	3.31	0.10	0.034	 10 	0.18	0.27	0.55	1.45	0.87	-0.01	0.00	4.0	10.0	107.5	85	0.03	14.01	6.75	242.00	28102.36	NA	NA	2.87	0.03	10.19	3.10	0.03	6.87	3.26	0.03	3.43	3.32	0.03	-3.34	3.34	0.03	-6.59	3.34	0.03	-9.74
HTM	883474	3140B8GW5	Agency MBS 30yr	G-2-Q	FANNIE MAE	0.87034874	5.5	4/1/2055	2672589	 2,326,084 	 -   	2319547.36	2308215.7	99.719	99.2318093	-11331.65	7/31/2026	Model2501	100	LMMSOFRFLAT	RFRSwap	5.63	5.55	4.44	-1.43	0.044	 1,031 	0.17	0.28	0.47	1.00	1.51	0.94	0.10	7.3	9.9	64.4	91	0.87	9.45	6.47	16.00	235662.41	NA	NA	1.20	0.01	6.26	1.01	0.01	5.15	2.40	0.02	3.52	5.72	0.05	-4.99	6.49	0.06	-10.64	7.04	0.06	-16.48
HTM	883701	3140B8GX3	Agency MBS 30yr	G-2-Q	FANNIE MAE	0.622676	6	4/1/2055	4888238	 3,043,788 	 -   	3106090.09	3098933.09	102.0468	101.8117096	-7157	7/31/2026	Model2501	100	LMMSOFRFLAT	RFRSwap	5.61	5.57	3.37	-1.70	0.035	 1,050 	0.23	0.32	0.46	0.84	1.00	0.51	0.03	6.1	13.2	60.8	92	0.62	30.81	6.86	16.00	247437.45	NA	NA	1.05	0.01	4.53	0.67	0.01	3.60	1.58	0.02	2.54	4.75	0.05	-4.14	5.63	0.05	-9.14	6.26	0.05	-14.53
AFS	614723	3140B9PC7	Agency MBS 30yr	G-2-Q	FANNIE MAE	0.21602302	6.5	5/1/2055	1782469	 385,054 	 1,450,517.87 	399763.19	398762.37	103.8199	103.5600254	-1000.83	7/31/2026	Model2501	100	LMMSOFRFLAT	RFRSwap	5.59	5.53	2.83	-1.28	0.029	 114 	0.26	0.31	0.45	0.77	0.76	0.30	0.00	5.3	16.3	71.0	91	0.22	72.84	7.30	17.00	128351.45	NA	NA	0.96	0.01	3.99	0.55	0.01	3.30	1.48	0.02	2.24	3.97	0.04	-3.52	4.89	0.05	-7.89	5.57	0.05	-12.82
AFS	613247	3140BCT77	Agency MBS 30yr	G-2-Q	FANNIE MAE	0.98476579	5	5/1/2055	1019620	 1,004,087 	 14,142.58 	978842.57	978848.29	97.4858	97.486412	5.72	7/31/2026	Model2501	100	LMMSOFRFLAT	RFRSwap	5.40	5.40	5.15	-0.84	0.050	 506 	0.12	0.25	0.49	1.10	1.86	1.21	0.15	8.1	8.4	54.5	63	0.98	0.07	6.00	15.00	200817.92	NA	NA	1.47	0.02	8.37	1.49	0.02	7.01	3.56	0.04	4.45	6.05	0.06	-5.36	6.70	0.06	-11.09	7.09	0.06	-16.90
HTM	885619	3140BCU42	Agency MBS 30yr	G-2-Q	FANNIE MAE	0.87183528	5.5	5/1/2055	1198049	 1,044,501 	 -   	1045748.41	1042376.78	100.1194	99.7965913	-3371.63	7/31/2026	Model2501	100	LMMSOFRFLAT	RFRSwap	5.53	5.47	4.29	-1.32	0.043	 449 	0.17	0.29	0.50	1.01	1.42	0.82	0.09	7.0	10.8	58.9	82	0.87	10.07	6.44	15.00	174129.69	NA	NA	1.24	0.01	6.14	0.89	0.01	5.08	2.41	0.03	3.47	5.45	0.05	-4.81	6.21	0.06	-10.25	6.76	0.06	-15.92
HTM	883846	3140BCVY5	Agency MBS 30yr	G-2-Q	FANNIE MAE	0.97546518	6	5/1/2055	1232654	 1,202,411 	 -   	1230292.16	1227985.98	102.3188	102.1269704	-2306.18	7/31/2026	Model2501	100	LMMSOFRFLAT	RFRSwap	5.53	5.49	3.46	-1.36	0.036	 428 	0.22	0.31	0.48	0.89	1.07	0.49	0.02	6.0	13.7	63.4	85	0.98	1.08	6.97	15.00	153349.89	NA	NA	1.01	0.01	5.05	0.85	0.01	4.20	1.91	0.02	2.80	4.62	0.05	-4.12	5.41	0.05	-8.96	5.96	0.05	-14.15
HTM	885618	3140BDFZ8	Agency MBS 30yr	G-2-Q	FANNIE MAE	0.88063933	6.5	5/1/2055	1634352	 1,439,275 	 -   	1492146.78	1489964.72	103.6735	103.5219179	-2182.06	7/31/2026	Model2501	100	LMMSOFRFLAT	RFRSwap	5.52	5.48	2.63	-1.14	0.027	 394 	0.28	0.30	0.42	0.70	0.68	0.26	0.00	4.8	18.3	65.6	84	0.88	9.46	7.33	15.00	180755.72	NA	NA	1.05	0.01	4.27	0.82	0.01	3.37	1.52	0.02	2.14	3.70	0.04	-3.26	4.55	0.04	-7.36	5.13	0.05	-11.95
HTM	885622	3140BDHM5	Agency MBS 30yr	G-2-Q	FANNIE MAE	0.8945277	5.5	6/1/2055	1369720	 1,225,252 	 -   	1225446.51	1220737.34	100.0158	99.6314934	-4709.17	7/31/2026	Model2501	100	LMMSOFRFLAT	RFRSwap	5.56	5.49	4.17	-1.10	0.042	 512 	0.18	0.32	0.50	0.97	1.37	0.78	0.08	6.6	11.3	67.3	86	0.89	8.75	6.46	14.00	178907.55	NA	NA	1.40	0.01	6.71	1.28	0.01	5.41	2.56	0.03	3.48	5.18	0.05	-4.62	5.84	0.05	-9.75	6.33	0.05	-15.10
AFS	620160	3140BFY90	Agency MBS 30yr	G-2-Q	FANNIE MAE	0.8843407	6.5	6/1/2055	1035400	 915,646 	 124,346.96 	955844.96	949206.43	104.3902	103.6651777	-6638.54	7/31/2026	Model2501	100	LMMSOFRFLAT	RFRSwap	5.54	5.37	3.22	-0.89	0.034	 307 	0.24	0.30	0.45	0.84	1.00	0.39	0.01	5.4	16.8	80.0	88	0.88	9.89	7.45	14.00	133031.30	NA	NA	1.19	0.01	6.10	1.36	0.01	4.82	2.23	0.02	2.87	4.12	0.04	-3.76	4.83	0.05	-8.17	5.45	0.05	-12.99
HTM	883685	3140BJWG8	Agency MBS 30yr	G-2-Q	FANNIE MAE	0.92265428	6	8/1/2055	1476559	 1,362,353 	 -   	1386761.47	1382838.36	101.7916	101.5036394	-3923.11	7/31/2026	Model2501	100	LMMSOFRFLAT	RFRSwap	5.69	5.64	3.76	-1.53	0.038	 523 	0.21	0.30	0.47	0.92	1.21	0.63	0.05	6.5	12.5	72.6	99	0.92	6.76	6.85	13.00	195848.11	NA	NA	1.19	0.01	5.47	0.83	0.01	4.42	2.04	0.02	3.00	5.03	0.05	-4.46	5.83	0.05	-9.65	6.36	0.06	-15.12
AFS	694926	3140BS3T2	Agency MBS 30yr	G-2-Q	FANNIE MAE	0.94156076	6	10/1/2055	1714432	 1,614,242 	 13,937.37 	1678755.6	1643401.39	103.9965	101.8063895	-35354.21	7/31/2026	Model2501	100	LMMSOFRFLAT	RFRSwap	5.63	5.20	3.76	-1.40	0.038	 621 	0.21	0.31	0.48	0.93	1.22	0.60	0.05	6.5	12.6	70.3	93	0.94	6.75	6.88	11.00	162074.73	NA	NA	1.00	0.01	5.55	0.94	0.01	4.68	2.16	0.02	3.07	4.94	0.05	-4.42	5.74	0.05	-9.53	6.29	0.05	-14.96
HTM	883468	3140BXJV9	Agency MBS 30yr	G-2-Q	FANNIE MAE	0.99194578	5.5	12/1/2055	1119600	 1,110,583 	 -   	1110074.07	1103972.55	99.9542	99.4048216	-6101.53	7/31/2026	Model2501	100	LMMSOFRFLAT	RFRSwap	5.61	5.50	4.63	-0.87	0.046	 514 	0.15	0.28	0.50	1.06	1.65	0.92	0.11	7.2	11.5	77.1	92	0.99	0.08	6.39	9.00	185881.88	NA	NA	1.36	0.01	8.26	1.81	0.02	6.68	3.24	0.03	4.08	5.53	0.05	-4.98	6.17	0.06	-10.39	6.57	0.06	-15.94
PUB_HTM	613394	3140E2VZ1	Agency MBS 15yr	G-2-Q	FANNIE MAE	0.06288483	3	10/1/2030	35000000	 2,200,969 	 956,725.77 	2211674.16	2141759.15	100.4864	97.309826	-69915.01	7/31/2026	Model2501	100	LMMSOFRFLAT	RFRSwap	4.63	2.59	1.60	-0.01	0.016	 343 	0.34	0.48	0.64	0.12	0.00	0.01	0.00	1.7	12.5	45.8	36	0.06	13.96	3.39	132.00	77760.39	NA	NA	1.46	0.01	4.64	1.54	0.02	3.11	1.57	0.02	1.55	1.64	0.02	-1.56	1.67	0.02	-3.14	1.66	0.02	-4.70
PUB_AFS	613037	3140E8KZ0	Agency MBS 15yr	G-2-Q	FANNIE MAE	0.07035433	3	12/1/2030	20140529	 1,416,973 	 609,140.10 	1424360.74	1376606.28	100.5213	97.1511717	-47754.46	7/31/2026	Model2501	100	LMMSOFRFLAT	RFRSwap	4.61	2.60	1.73	-0.01	0.017	 238 	0.32	0.46	0.73	0.21	0.00	0.01	0.00	1.8	11.8	42.7	32	0.07	13.82	3.44	129.00	97820.66	NA	NA	1.57	0.02	5.01	1.66	0.02	3.36	1.69	0.02	1.68	1.77	0.02	-1.69	1.81	0.02	-3.39	1.81	0.02	-5.08
PUB_HTM	613175	3140EVGS0	Agency MBS 15yr	G-2-Q	FANNIE MAE	0.07285419	3	2/1/2031	24207535	 1,763,620 	 539,104.23 	1772688.19	1713405.08	100.5142	97.1527166	-59283.1	7/31/2026	Model2501	100	LMMSOFRFLAT	RFRSwap	4.62	2.60	1.71	-0.01	0.017	 294 	0.32	0.46	0.71	0.21	0.00	0.01	0.00	1.8	12.5	44.0	33	0.07	14.02	3.45	127.00	84448.28	NA	NA	1.56	0.02	4.97	1.65	0.02	3.33	1.68	0.02	1.66	1.76	0.02	-1.67	1.80	0.02	-3.36	1.80	0.02	-5.04
PUB_HTM	613672	3140EYCN9	Agency MBS 15yr	G-2-Q	FANNIE MAE	0.09058494	3	2/1/2031	34679319	 3,141,424 	 1,632,906.68 	3158227.29	3048243.95	100.5349	97.0338268	-109983.33	7/31/2026	Model2501	100	LMMSOFRFLAT	RFRSwap	4.64	2.60	1.77	-0.02	0.017	 542 	0.31	0.45	0.74	0.26	0.01	0.01	0.00	1.8	12.5	45.5	35	0.09	12.25	3.48	128.00	94185.00	NA	NA	1.58	0.02	5.10	1.69	0.02	3.43	1.73	0.02	1.72	1.83	0.02	-1.74	1.88	0.02	-3.49	1.87	0.02	-5.24
AFS	613231	3140F0JU9	Agency MBS 15yr	G-2-Q	FANNIE MAE	0.14302082	2	10/1/2031	42214099	 6,037,495 	 1,772,699.54 	6042535.56	5721080.13	100.0835	94.7591688	-321455.43	7/31/2026	Model2501	100	LMMSOFRFLAT	RFRSwap	4.67	1.90	2.05	-0.02	0.019	 1,175 	0.27	0.41	0.81	0.52	0.01	0.02	0.00	2.1	10.3	47.9	36	0.14	9.77	2.51	119.00	94439.20	NA	NA	1.86	0.02	5.77	1.95	0.02	3.86	1.99	0.02	1.94	2.11	0.02	-1.96	2.13	0.02	-3.91	2.10	0.02	-5.82
AFS	613788	3140FKR28	Agency MBS 15yr	G-2-Q	FANNIE MAE	0.12513733	2	10/1/2031	19268072	 2,411,155 	 624,341.79 	2413398.79	2285366.69	100.0931	94.7830651	-128032.1	7/31/2026	Model2501	100	LMMSOFRFLAT	RFRSwap	4.64	1.90	2.06	-0.02	0.020	 473 	0.27	0.41	0.82	0.53	0.01	0.02	0.00	2.1	9.7	44.2	32	0.13	10.90	2.52	119.00	96953.17	NA	NA	1.89	0.02	5.83	1.97	0.02	3.90	2.01	0.02	1.95	2.12	0.02	-1.97	2.13	0.02	-3.93	2.11	0.02	-5.83
PUB_HTM	613007	3140GQ4Y9	Agency MBS 15yr	G-2-Q	FANNIE MAE	0.22671824	3	8/1/2032	14872902	 3,371,958 	 886,198.26 	3404859.15	3243063.37	100.9757	96.1774498	-161795.78	7/31/2026	Model2501	100	LMMSOFRFLAT	RFRSwap	4.66	2.51	2.31	-0.02	0.022	 752 	0.24	0.37	0.78	0.89	0.03	0.01	0.00	2.4	9.0	45.1	31	0.23	7.76	3.54	109.00	108772.84	NA	NA	2.09	0.02	6.67	2.21	0.02	4.46	2.26	0.02	2.23	2.39	0.02	-2.24	2.42	0.02	-4.48	2.39	0.02	-6.67
PUB_HTM	614847	3140HNKC5	Agency MBS 30yr	G-2-Q	FANNIE MAE	0.66324821	2	1/1/2051	50000000	 33,162,411 	 1,977,002.23 	31142304.81	26101910.55	93.9084	78.7093283	-5040394.26	7/31/2026	Model2501	100	LMMSOFRFLAT	RFRSwap	5.33	2.82	7.69	0.15	0.061	 20,108 	0.04	0.07	0.22	1.10	3.38	2.66	0.24	9.0	5.4	67.0	57	0.66	4.89	2.88	67.00	324444.25	NA	NA	5.26	0.05	17.58	6.44	0.06	12.05	7.13	0.06	6.08	8.07	0.06	-5.99	8.17	0.05	-11.69	7.97	0.05	-16.90
AFS	614203	3140HRSF1	Agency CMBS	G-2-Q	FANNIE MAE	1	4.04	12/1/2030	12000000	 12,000,000 	 -   	11735670.72	11699179	97.7973	97.4931583	-36491.73	7/31/2026	CPY	0	LMMSOFRFLAT	RFRSwap	4.71	4.63	3.93	0.20	0.038	 4,608 	0.01	0.00	1.16	2.76	0.00	0.00	0.00	4.4	NA	52.0	48	1.00	0.00	4.61	91.00	NA	NA	NA	4.06	0.04	12.45	4.02	0.04	8.09	3.97	0.04	3.94	3.88	0.04	-3.74	3.84	0.03	-7.30	3.79	0.03	-10.69
PUB_HTM	613418	3140HUZH2	Agency CMBS	G-2-Q	FANNIE MAE	0.984787017	2.21	10/1/2029	8300000	 8,173,732 	 123,250.34 	8022019.15	7620536.53	98.1439	93.2320304	-401482.62	7/31/2026	CPY	0	LMMSOFRFLAT	RFRSwap	4.56	2.83	2.93	0.12	0.027	 2,239 	0.01	0.01	2.56	0.35	0.00	0.00	0.00	3.1	NA	38.7	35	0.98	0.00	3.05	81.00	NA	NA	NA	3.03	0.03	8.74	3.00	0.03	5.70	2.96	0.03	2.79	2.90	0.03	-2.69	2.87	0.03	-5.27	2.84	0.02	-7.75
PUB_HTM	613471	3140HVD76	Agency CMBS	G-2-Q	FANNIE MAE	1	2.28	10/1/2029	12768000	 12,768,000 	 -   	12539761.9	11909749.72	98.2124	93.278115	-630012.18	7/31/2026	CPY	0	LMMSOFRFLAT	RFRSwap	4.54	2.86	3.04	0.12	0.028	 3,623 	-0.01	-0.03	2.71	0.37	0.00	0.00	0.00	3.2	NA	36.4	33	1.00	0.00	2.99	81.00	NA	NA	NA	3.13	0.03	9.05	3.10	0.03	5.91	3.07	0.03	2.90	3.01	0.03	-2.78	2.98	0.03	-5.45	2.95	0.03	-8.02
PUB_HTM	614693	3140HVKH6	Agency CMBS	G-2-Q	FANNIE MAE	1	2.25	10/1/2029	12205000	 12,205,000 	 -   	11990484.34	11384092.96	98.2424	93.2740103	-606391.38	7/31/2026	CPY	0	LMMSOFRFLAT	RFRSwap	4.51	2.82	3.04	0.12	0.028	 3,464 	-0.01	-0.03	2.71	0.37	0.00	0.00	0.00	3.2	NA	33.5	29	1.00	0.00	3.14	81.00	NA	NA	NA	3.13	0.03	9.06	3.10	0.03	5.91	3.07	0.03	2.90	3.01	0.03	-2.78	2.98	0.03	-5.46	2.95	0.03	-8.02
PUB_HTM	614572	3140HVMA9	Agency CMBS	G-2-Q	FANNIE MAE	1	2.26	10/1/2029	14900000	 14,900,000 	 -   	14642792.08	13876835.45	98.2738	93.1331238	-765956.63	7/31/2026	CPY	0	LMMSOFRFLAT	RFRSwap	4.57	2.82	3.04	0.12	0.028	 4,222 	-0.01	-0.03	2.71	0.37	0.00	0.00	0.00	3.2	NA	39.4	36	1.00	0.00	3.22	81.00	NA	NA	NA	3.13	0.03	9.04	3.10	0.03	5.90	3.07	0.03	2.89	3.01	0.03	-2.78	2.98	0.03	-5.45	2.95	0.03	-8.01
PUB_HTM	614080	3140HVVK7	Agency CMBS	G-2-Q	FANNIE MAE	0.929771317	2.43	10/1/2029	35000000	 32,541,996 	 738,497.53 	32201945.58	30550068.1	98.955	93.8789004	-1651877.47	7/31/2026	CPY	0	LMMSOFRFLAT	RFRSwap	4.56	2.78	2.92	0.12	0.027	 8,933 	0.02	0.02	2.54	0.34	0.00	0.00	0.00	3.1	NA	38.6	35	0.93	0.00	3.78	81.00	NA	NA	NA	3.01	0.03	8.75	2.98	0.03	5.72	2.95	0.03	2.80	2.89	0.03	-2.69	2.86	0.03	-5.28	2.83	0.02	-7.77
PUB_HTM	613114	3140HW4G4	Agency CMBS	G-2-Q	FANNIE MAE	1	2.43	1/1/2030	40000000	 40,000,000 	 -   	39535716.23	37231059.68	98.8393	93.0776492	-2304656.55	7/31/2026	CPY	0	LMMSOFRFLAT	RFRSwap	4.57	2.74	3.26	0.14	0.030	 12,148 	-0.01	-0.03	2.48	0.82	0.00	0.00	0.00	3.5	NA	39.1	35	1.00	0.00	3.15	78.00	NA	NA	NA	3.36	0.03	9.72	3.32	0.03	6.34	3.29	0.03	3.10	3.22	0.03	-2.97	3.19	0.03	-5.82	3.16	0.03	-8.56
PUB_HTM	613245	3140HWBB7	Agency CMBS	G-2-Q	FANNIE MAE	0.986241949	2.37	10/1/2029	15461000	 15,248,287 	 208,658.80 	15021128.46	14228928.49	98.5103	93.3149324	-792199.96	7/31/2026	CPY	0	LMMSOFRFLAT	RFRSwap	4.69	2.87	2.93	0.12	0.027	 4,184 	0.01	0.01	2.57	0.35	0.00	0.00	0.00	3.1	NA	51.5	48	0.99	0.00	3.61	81.00	NA	NA	NA	3.03	0.03	8.75	3.00	0.03	5.71	2.97	0.03	2.80	2.90	0.03	-2.69	2.87	0.03	-5.28	2.84	0.02	-7.76
PUB_HTM	614360	3140HWPX4	Agency CMBS	G-2-Q	FANNIE MAE	1	2.315	12/1/2029	25000000	 25,000,000 	 -   	24563350.06	23285144.08	98.2534	93.1405763	-1278205.98	7/31/2026	CPY	0	LMMSOFRFLAT	RFRSwap	4.52	2.86	3.18	0.13	0.030	 7,430 	-0.01	-0.03	2.56	0.67	0.00	0.00	0.00	3.4	NA	34.2	30	1.00	0.00	3.14	79.00	NA	NA	NA	3.28	0.03	9.50	3.25	0.03	6.20	3.22	0.03	3.04	3.15	0.03	-2.91	3.12	0.03	-5.70	3.09	0.03	-8.38
PUB_HTM	613225	3140HYXE3	Agency CMBS	G-2-Q	FANNIE MAE	0.961076182	1.7	6/1/2030	17350000	 16,674,672 	 339,776.59 	15993452.27	14998615.93	95.9146	89.9484928	-994836.35	7/31/2026	CPY	0	LMMSOFRFLAT	RFRSwap	4.67	2.86	3.51	0.16	0.032	 5,274 	0.01	0.00	1.91	1.59	0.00	0.00	0.00	3.7	NA	49.2	46	0.96	0.00	3.62	73.00	NA	NA	NA	3.63	0.04	10.19	3.59	0.03	6.63	3.55	0.03	3.24	3.47	0.03	-3.09	3.43	0.03	-6.04	3.39	0.03	-8.86
PUB_HTM	613564	3140J17B8	Agency CMBS	G-2-Q	FANNIE MAE	0.963006606	1.21	11/1/2030	43600000	 41,987,088 	 972,753.13 	39298951.54	36631085.5	93.5977	87.2436914	-2667866.04	7/31/2026	CPY	0	LMMSOFRFLAT	RFRSwap	4.69	2.89	3.86	0.19	0.034	 14,163 	0.01	0.00	1.30	2.55	0.00	0.00	0.00	4.1	NA	50.2	47	0.96	0.00	2.60	68.00	NA	NA	NA	4.00	0.04	10.93	3.95	0.04	7.10	3.91	0.04	3.46	3.82	0.03	-3.29	3.77	0.03	-6.42	3.73	0.03	-9.40
PUB_HTM	613881	3140J1KN7	Agency CMBS	G-2-Q	FANNIE MAE	0.896739073	1.25	10/1/2030	9075000	 8,137,907 	 210,293.38 	7674523.76	7144100.93	94.3059	87.7879393	-530422.82	7/31/2026	CPY	0	LMMSOFRFLAT	RFRSwap	4.65	2.77	3.77	0.19	0.033	 2,693 	0.01	0.01	1.44	2.31	0.00	0.00	0.00	4.0	NA	46.9	43	0.90	0.00	2.98	69.00	NA	NA	NA	3.90	0.04	10.71	3.85	0.04	6.96	3.81	0.03	3.39	3.72	0.03	-3.23	3.68	0.03	-6.31	3.64	0.03	-9.24
PUB_HTM	614244	3140J1PY8	Agency CMBS	G-2-Q	FANNIE MAE	0.984597954	1.17	10/1/2030	17626000	 17,354,524 	 249,791.40 	16228734.25	15141615.28	93.513	87.2488101	-1087118.96	7/31/2026	CPY	0	LMMSOFRFLAT	RFRSwap	4.69	2.89	3.82	0.19	0.033	 5,788 	0.00	-0.01	1.45	2.37	0.00	0.00	0.00	4.0	NA	50.1	47	0.98	0.00	2.98	69.00	NA	NA	NA	3.95	0.04	10.79	3.91	0.04	7.01	3.86	0.04	3.42	3.78	0.03	-3.25	3.73	0.03	-6.35	3.69	0.03	-9.30
PUB_HTM	613249	3140J1QQ4	Agency CMBS	G-2-Q	FANNIE MAE	0.983443688	1.155	10/1/2030	28230000	 27,762,615 	 431,805.85 	26046542.3	24218752.56	93.8188	87.2351264	-1827789.74	7/31/2026	CPY	0	LMMSOFRFLAT	RFRSwap	4.69	2.79	3.81	0.19	0.033	 9,227 	0.00	0.00	1.45	2.36	0.00	0.00	0.00	4.0	NA	50.1	47	0.98	0.00	2.57	69.00	NA	NA	NA	3.94	0.04	10.76	3.89	0.04	6.99	3.85	0.03	3.41	3.76	0.03	-3.24	3.72	0.03	-6.33	3.68	0.03	-9.27
PUB_HTM	613415	3140J1SV1	Agency CMBS	G-2-Q	FANNIE MAE	1	1.23	11/1/2030	15000000	 15,000,000 	 -   	14022965.73	13022134.14	93.4864	86.8142276	-1000831.59	7/31/2026	CPY	0	LMMSOFRFLAT	RFRSwap	4.64	2.85	4.09	0.21	0.036	 5,332 	-0.02	-0.06	1.34	2.83	0.00	0.00	0.00	4.3	NA	45.6	42	1.00	0.00	2.57	68.00	NA	NA	NA	4.22	0.04	11.53	4.17	0.04	7.49	4.13	0.04	3.65	4.05	0.03	-3.47	4.01	0.03	-6.76	3.97	0.03	-9.89
PUB_HTM	614418	3140J1VN5	Agency CMBS	G-2-Q	FANNIE MAE	0.983113636	1.09	10/1/2030	13714000	 13,482,420 	 212,164.32 	12564335.06	11731112.56	93.1905	87.0104344	-833222.5	7/31/2026	CPY	0	LMMSOFRFLAT	RFRSwap	4.69	2.90	3.81	0.19	0.033	 4,471 	0.00	0.00	1.45	2.36	0.00	0.00	0.00	4.0	NA	50.1	47	0.98	0.00	2.45	69.00	NA	NA	NA	3.94	0.04	10.73	3.89	0.04	6.97	3.85	0.03	3.40	3.76	0.03	-3.24	3.72	0.03	-6.32	3.68	0.03	-9.25
PUB_HTM	614129	3140J23T1	Agency CMBS	G-2-Q	FANNIE MAE	0.987959332	1.38	12/1/2030	5655000	 5,586,910 	 63,226.47 	5261133.39	4893574.47	94.1689	87.5899996	-367558.93	7/31/2026	CPY	0	LMMSOFRFLAT	RFRSwap	4.69	2.87	3.94	0.20	0.035	 1,930 	0.00	0.00	1.16	2.77	0.00	0.00	0.00	4.2	NA	50.6	47	0.99	0.00	2.95	67.00	NA	NA	NA	4.08	0.04	11.20	4.03	0.04	7.27	3.98	0.04	3.54	3.89	0.03	-3.37	3.85	0.03	-6.57	3.81	0.03	-9.62
PUB_HTM	613281	3140J2DW3	Agency CMBS	G-2-Q	FANNIE MAE	0.963192916	1.24	11/1/2030	9600000	 9,246,652 	 214,504.28 	8700342	8077086.21	94.0918	87.3514675	-623255.79	7/31/2026	CPY	0	LMMSOFRFLAT	RFRSwap	4.69	2.78	3.86	0.19	0.034	 3,122 	0.01	0.00	1.30	2.55	0.00	0.00	0.00	4.1	NA	50.2	47	0.96	0.00	2.63	68.00	NA	NA	NA	4.00	0.04	10.94	3.95	0.04	7.10	3.91	0.04	3.46	3.82	0.03	-3.29	3.77	0.03	-6.43	3.73	0.03	-9.41
PUB_HTM	612985	3140J2LT1	Agency CMBS	G-2-Q	FANNIE MAE	0.987628739	1.375	12/1/2030	18400000	 18,172,369 	 210,453.69 	17052602.63	15935383.02	93.8381	87.6901806	-1117219.62	7/31/2026	CPY	0	LMMSOFRFLAT	RFRSwap	4.66	2.96	3.93	0.20	0.035	 6,277 	0.01	0.00	1.16	2.77	0.00	0.00	0.00	4.2	NA	47.6	44	0.99	0.00	2.80	67.00	NA	NA	NA	4.07	0.04	11.20	4.03	0.04	7.27	3.98	0.04	3.54	3.89	0.03	-3.37	3.85	0.03	-6.57	3.80	0.03	-9.62
PUB_HTM	614655	3140J2PM2	Agency CMBS	G-2-Q	FANNIE MAE	1	1.22	1/1/2030	10000000	 10,000,000 	 -   	9487579.7	8977248.23	94.8758	89.7724823	-510331.47	7/31/2026	CPY	0	LMMSOFRFLAT	RFRSwap	4.42	2.77	3.32	0.14	0.030	 2,987 	-0.03	-0.06	2.56	0.85	0.00	0.00	0.00	3.5	NA	24.5	20	1.00	0.00	2.43	66.00	NA	NA	NA	3.42	0.03	9.57	3.39	0.03	6.24	3.36	0.03	3.05	3.29	0.03	-2.92	3.26	0.03	-5.73	3.23	0.03	-8.41
PUB_HTM	613348	3140J6AW7	Agency MBS 15yr	G-2-Q	FANNIE MAE	0.16200352	3	10/1/2032	29303756	 4,747,312 	 1,090,550.27 	4776210.75	4563748.61	100.6087	96.1333271	-212462.14	7/31/2026	Model2501	100	LMMSOFRFLAT	RFRSwap	4.74	2.65	2.23	-0.02	0.022	 1,022 	0.25	0.37	0.72	0.84	0.04	0.01	0.00	2.4	12.2	53.0	40	0.16	11.37	3.45	108.00	67365.91	NA	NA	1.94	0.02	6.36	2.11	0.02	4.28	2.17	0.02	2.15	2.31	0.02	-2.16	2.39	0.02	-4.36	2.41	0.02	-6.54
PUB_HTM	614232	3140J7T54	Agency MBS 15yr	G-2-Q	FANNIE MAE	0.16878519	3	12/1/2032	50000000	 8,439,260 	 2,676,471.17 	8494634.76	8108724.81	100.6562	96.0833686	-385909.95	7/31/2026	Model2501	100	LMMSOFRFLAT	RFRSwap	4.73	2.64	2.27	-0.02	0.022	 1,849 	0.25	0.36	0.72	0.88	0.04	0.01	0.00	2.4	11.8	52.0	38	0.17	11.57	3.51	106.00	70079.98	NA	NA	1.97	0.02	6.46	2.14	0.02	4.36	2.21	0.02	2.19	2.35	0.02	-2.20	2.44	0.02	-4.43	2.46	0.02	-6.66
PUB_AFS	614378	3140J8FS7	Agency MBS 10yr	G-2-Q	FANNIE MAE	0.03901077	2.5	4/1/2028	30000000	 1,170,323 	 1,337,909.53 	1165582.83	1154083.5	99.595	98.612383	-11499.33	7/31/2026	Model2501	100	LMMSOFRFLAT	RFRSwap	4.44	2.88	0.64	0.00	0.006	 75 	0.57	0.06	0.00	0.01	0.00	0.00	0.00	0.7	23.4	37.6	39	0.04	15.54	3.09	103.00	33643.07	NA	NA	0.64	0.01	1.92	0.64	0.01	1.28	0.64	0.01	0.64	0.65	0.01	-0.64	0.66	0.01	-1.28	0.65	0.01	-1.92
PUB_HTM	613495	3140J8HE6	Agency MBS 15yr	G-2-Q	FANNIE MAE	0.07611872	3.5	1/1/2032	10068090	 766,370 	 509,519.08 	773654.72	754768.78	100.9505	98.4861956	-18885.94	7/31/2026	Model2501	100	LMMSOFRFLAT	RFRSwap	4.58	2.57	1.24	-0.01	0.012	 94 	0.42	0.54	0.25	0.02	0.00	0.00	0.00	1.3	16.0	42.8	36	0.08	14.58	4.02	142.00	29779.42	NA	NA	1.18	0.01	3.65	1.20	0.01	2.44	1.22	0.01	1.22	1.26	0.01	-1.23	1.29	0.01	-2.47	1.30	0.01	-3.71
PUB_HTM	613099	3140J9HD6	Agency MBS 15yr	G-2-Q	FANNIE MAE	0.01270364	3.5	2/1/2031	21626176	 274,731 	 783,847.11 	275483.56	272833.3	100.2739	99.3091962	-2650.26	7/31/2026	Model2501	100	LMMSOFRFLAT	RFRSwap	4.50	2.45	0.47	0.00	0.005	 13 	0.47	0.00	0.00	0.00	0.00	0.00	0.00	0.5	25.0	50.1	50	0.01	23.94	4.07	168.00	NA	NA	NA	0.47	0.00	1.42	0.47	0.00	0.94	0.47	0.00	0.47	0.48	0.00	-0.47	0.48	0.00	-0.94	0.48	0.00	-1.41
PUB_AFS	613594	3140J9JQ5	Agency MBS 10yr	G-2-Q	FANNIE MAE	0.02866433	3.5	11/1/2028	8829621	 253,095 	 254,931.29 	254560.21	251017.2	100.5788	99.1789752	-3543.01	7/31/2026	Model2501	100	LMMSOFRFLAT	RFRSwap	4.31	2.45	0.75	0.00	0.007	 19 	0.57	0.17	0.00	0.01	0.00	0.00	0.00	0.8	25.4	22.5	23	0.03	16.19	4.07	99.00	30682.30	NA	NA	0.73	0.01	2.25	0.74	0.01	1.50	0.75	0.01	0.75	0.76	0.01	-0.75	0.77	0.01	-1.51	0.78	0.01	-2.27
HTM	613331	3140JB4U7	Agency CMBS	G-2-Q	FANNIE MAE	1	4.008	1/1/2033	138812000	 138,812,000 	 -   	138950005.2	133105058.1	100.0994	95.8887258	-5844947.14	7/31/2026	CPY	0	LMMSOFRFLAT	RFRSwap	4.84	4.03	5.24	0.35	0.050	 70,009 	0.01	0.01	0.03	3.98	1.21	0.00	0.00	6.1	NA	61.1	58	1.00	0.00	4.84	46.00	NA	NA	NA	5.47	0.06	16.77	5.39	0.06	10.80	5.32	0.05	5.22	5.17	0.05	-4.88	5.09	0.04	-9.45	5.02	0.04	-13.73
HTM	614039	3140JB4V5	Agency CMBS	G-2-Q	FANNIE MAE	0.999928671	3.978	1/1/2033	176439000	 176,426,415 	 12,593.76 	176468889.8	169310174	100.0241	95.9664539	-7158715.76	7/31/2026	CPY	0	LMMSOFRFLAT	RFRSwap	4.80	4.02	5.23	0.35	0.050	 88,908 	0.01	0.01	0.04	3.95	1.22	0.00	0.00	6.1	NA	56.7	53	1.00	0.00	4.88	46.00	NA	NA	NA	5.46	0.06	16.76	5.39	0.06	10.79	5.31	0.05	5.21	5.16	0.05	-4.88	5.08	0.04	-9.44	5.01	0.04	-13.71
HTM	614767	3140JB5A0	Agency CMBS	G-2-Q	FANNIE MAE	0.941223906	3.369	10/1/2032	118357000	 111,400,438 	 152,443.23 	108028687.1	103186157.3	96.9733	92.6263481	-4842529.72	7/31/2026	CPY	0	LMMSOFRFLAT	RFRSwap	4.86	3.98	5.18	0.34	0.048	 53,614 	0.00	-0.01	0.03	4.12	1.03	0.00	0.00	5.9	NA	63.4	60	0.94	1.66	4.27	48.00	NA	NA	NA	5.40	0.06	15.97	5.32	0.05	10.29	5.25	0.05	4.97	5.11	0.05	-4.66	5.04	0.04	-9.03	4.97	0.04	-13.12
HTM	885624	3140JCAH7	Agency MBS ARM	G-2-Q	FANNIE MAE	0.75252266	4.55	5/1/2053	79635171	 59,927,271 	 -   	59459426.26	59392941.19	99.2193	99.10837	-66485.08	7/31/2026	Model2501	100	LMMSOFRFLAT	RFRSwap	5.20	5.17	2.27	-0.38	0.023	 13,517 	0.18	0.27	1.30	0.80	-0.16	-0.09	-0.05	3.7	22.0	77.5	82	0.75	7.15	5.19	40.00	419047.56	#SPILL!	#SPILL!	0.92	0.01	4.14	0.92	0.01	3.28	1.64	0.02	2.01	2.62	0.03	-2.41	2.93	0.03	-5.06	3.32	0.03	-7.96
HTM	885640	3140JCEY6	Agency MBS ARM	G-2-Q	FANNIE MAE	0.75395138	4.36	8/1/2053	69167704	 52,149,086 	 -   	52610194.04	52610087.66	100.8842	100.8840074	-106.38	7/31/2026	Model2501	100	LMMSOFRFLAT	RFRSwap	4.86	4.86	1.21	-0.37	0.012	 6,396 	0.48	0.67	0.41	0.02	-0.28	-0.16	-0.06	2.9	27.2	50.8	45	0.75	8.57	5.00	42.00	413301.78	#SPILL!	#SPILL!	0.67	0.01	2.40	0.62	0.01	1.77	0.84	0.01	1.04	1.58	0.02	-1.41	2.01	0.02	-3.17	2.55	0.02	-5.37
AFS	613284	3140JCF41	Agency CMBS	G-2-Q	FANNIE MAE	1	4.559	1/1/2031	85829000	 85,829,000 	 -   	85895905.15	85272359.88	100.078	99.3514545	-623545.26	7/31/2026	CPY	0	LMMSOFRFLAT	RFRSwap	4.76	4.57	3.78	0.19	0.038	 32,331 	0.01	0.02	1.30	2.44	0.00	0.00	0.00	4.3	NA	57.4	54	1.00	0.00	5.70	32.00	NA	NA	NA	3.92	0.04	12.20	3.87	0.04	7.92	3.82	0.04	3.86	3.73	0.04	-3.67	3.69	0.03	-7.17	3.64	0.03	-10.51
AFS	613535	3140JCFY5	Agency CMBS	G-2-Q	FANNIE MAE	0.9983981	4.481	1/1/2031	47628000	 47,551,705 	 52,745.24 	47465670.42	47034867.04	99.8191	98.9131038	-430803.38	7/31/2026	CPY	0	LMMSOFRFLAT	RFRSwap	4.79	4.56	3.89	0.20	0.039	 18,346 	0.02	0.03	1.04	2.80	0.00	0.00	0.00	4.4	NA	60.2	57	1.00	0.00	5.40	30.00	NA	NA	NA	4.03	0.05	12.52	3.98	0.04	8.13	3.93	0.04	3.96	3.84	0.04	-3.76	3.79	0.03	-7.34	3.75	0.03	-10.74
AFS	612389	3140JCG57	Agency CMBS	G-2-Q	FANNIE MAE	1	4.712	1/1/2029	52537000	 52,537,000 	 -   	52359498.78	52620024.01	99.6621	100.1580296	260525.24	7/31/2026	CPY	0	LMMSOFRFLAT	RFRSwap	4.62	4.84	2.20	0.07	0.022	 11,647 	0.03	1.28	0.90	0.00	0.00	0.00	0.00	2.4	NA	44.0	40	1.00	0.00	5.86	31.00	NA	NA	NA	2.27	0.02	6.98	2.25	0.02	4.58	2.23	0.02	2.25	2.18	0.02	-2.18	2.16	0.02	-4.30	2.14	0.02	-6.35
HTM	885661	3140JCHM9	Agency MBS ARM	G-2-Q	FANNIE MAE	0.67111019	3.999	2/1/2054	23354834	 15,673,667 	 -   	15464730.49	15449238.84	98.667	98.5681191	-15491.66	7/31/2026	Model2501	100	LMMSOFRFLAT	RFRSwap	5.26	5.23	2.36	-0.36	0.023	 3,665 	0.14	0.31	1.35	0.75	-0.10	-0.07	-0.05	4.0	21.1	77.5	84	0.67	13.75	4.64	44.00	351042.19	#SPILL!	#SPILL!	0.61	0.01	4.43	1.08	0.01	3.67	1.87	0.02	2.14	2.76	0.03	-2.51	3.19	0.03	-5.33	3.67	0.03	-8.48
AFS	613051	3140JCJX3	Agency CMBS	G-2-Q	FANNIE MAE	0.486560065	5.279	3/1/2029	52611554	 25,598,681 	 26,980,731.61 	25598681.13	25608652.72	100	100.0389535	9971.57	7/31/2026	CPY	0	LMMSOFRFLAT	RFRSwap	5.24	5.26	2.23	0.07	0.022	 5,747 	0.03	1.18	1.03	0.00	0.00	0.00	0.00	2.4	NA	105.3	103	0.49	27.32	6.51	30.00	NA	NA	NA	2.30	0.02	7.08	2.28	0.02	4.64	2.26	0.02	2.28	2.21	0.02	-2.21	2.19	0.02	-4.35	2.17	0.02	-6.42
AFS	613827	3140JCK94	Agency CMBS	G-2-Q	FANNIE MAE	0.950349101	4.82	4/1/2029	67079694	 63,749,127 	 684,288.58 	63413406.25	64014114.86	99.4734	100.4156731	600708.6	7/31/2026	CPY	0	LMMSOFRFLAT	RFRSwap	4.64	5.03	2.41	0.08	0.024	 15,459 	0.02	0.83	1.56	0.00	0.00	0.00	0.00	2.6	NA	46.0	43	0.95	2.05	5.82	28.00	NA	NA	NA	2.48	0.03	7.66	2.45	0.03	5.02	2.43	0.03	2.47	2.38	0.02	-2.38	2.36	0.02	-4.69	2.33	0.02	-6.92
AFS	613358	3140JCKP8	Agency CMBS	G-2-Q	FANNIE MAE	0.998933831	4.978	5/1/2029	71967473	 71,890,744 	 58,519.63 	71890743.51	72331982.58	100	100.6137634	441239.07	7/31/2026	CPY	0	LMMSOFRFLAT	RFRSwap	4.71	4.96	2.42	0.08	0.024	 17,541 	0.02	0.77	1.62	0.00	0.00	0.00	0.00	2.6	NA	53.7	50	1.00	0.00	6.18	28.00	NA	NA	NA	2.49	0.03	7.72	2.47	0.03	5.05	2.44	0.03	2.48	2.39	0.02	-2.40	2.37	0.02	-4.72	2.34	0.02	-6.96
AFS	613425	3140JCLR3	Agency CMBS	G-2-Q	FANNIE MAE	0.99843327	4.603	7/1/2029	60473950	 60,379,204 	 94,746.35 	60379203.65	60334713.41	100	99.9263153	-44490.24	7/31/2026	CPY	0	LMMSOFRFLAT	RFRSwap	4.62	4.60	2.62	0.10	0.026	 15,846 	0.02	0.24	2.35	0.00	0.00	0.00	0.00	2.9	NA	45.1	41	1.00	0.00	5.78	25.00	NA	NA	NA	2.70	0.03	8.33	2.67	0.03	5.45	2.65	0.03	2.67	2.59	0.03	-2.58	2.56	0.02	-5.06	2.53	0.02	-7.46
AFS	614503	3140JCM68	Agency CMBS	G-2-Q	FANNIE MAE	0.999532648	4.717	10/1/2030	28165000	 28,151,837 	 13,182.27 	28167055.8	28137459.86	100.0541	99.9489299	-29595.94	7/31/2026	CPY	0	LMMSOFRFLAT	RFRSwap	4.75	4.72	3.38	0.15	0.034	 9,559 	0.02	0.02	1.95	1.39	0.00	0.00	0.00	3.8	NA	57.4	54	1.00	0.00	5.79	35.00	NA	NA	NA	3.50	0.04	10.92	3.46	0.04	7.11	3.42	0.04	3.47	3.35	0.03	-3.32	3.31	0.03	-6.49	3.27	0.03	-9.53
HTM	885580	3140JCMC5	Agency MBS ARM	G-2-Q	FANNIE MAE	0.75749584	4.789	6/1/2054	34601507	 26,210,498 	 -   	26131327.3	26097206.19	99.6979	99.5677632	-34121.11	7/31/2026	Model2501	100	LMMSOFRFLAT	RFRSwap	5.17	5.13	2.39	-0.56	0.024	 6,259 	0.20	0.31	0.93	1.19	-0.11	-0.11	-0.05	3.9	20.8	70.9	81	0.76	11.71	5.45	31.00	423747.50	#SPILL!	#SPILL!	1.06	0.01	4.13	0.88	0.01	3.23	1.56	0.02	2.03	2.86	0.03	-2.61	3.21	0.03	-5.52	3.57	0.03	-8.66
AFS	613337	3140JCMF8	Agency CMBS	G-2-Q	FANNIE MAE	1	4.664	8/1/2029	41452100	 41,452,100 	 -   	41790282.6	41480466.38	100.8158	100.0684317	-309816.22	7/31/2026	CPY	0	LMMSOFRFLAT	RFRSwap	4.64	4.37	2.72	0.10	0.027	 11,344 	0.01	0.10	2.56	0.05	0.00	0.00	0.00	3.0	NA	46.3	43	1.00	0.00	5.55	24.00	NA	NA	NA	2.81	0.03	8.70	2.78	0.03	5.69	2.75	0.03	2.79	2.70	0.03	-2.69	2.67	0.03	-5.27	2.64	0.02	-7.76
AFS	613785	3140JCMT8	Agency CMBS	G-2-Q	FANNIE MAE	1	4.158	9/1/2029	87175000	 87,175,000 	 -   	87555189.33	86075282.67	100.4361	98.7384946	-1479906.66	7/31/2026	CPY	0	LMMSOFRFLAT	RFRSwap	4.60	4.01	2.86	0.11	0.028	 24,675 	0.01	0.01	2.62	0.21	0.00	0.00	0.00	3.1	NA	42.4	39	1.00	0.00	5.20	22.00	NA	NA	NA	2.95	0.03	9.02	2.92	0.03	5.89	2.89	0.03	2.89	2.83	0.03	-2.78	2.80	0.03	-5.45	2.77	0.03	-8.02
AFS	613305	3140JCNR1	Agency CMBS	G-2-Q	FANNIE MAE	0.998714934	4.838	9/1/2031	68204442	 68,116,795 	 60,746.81 	68272366.86	68172103.31	100.2284	100.0811966	-100263.55	7/31/2026	CPY	0	LMMSOFRFLAT	RFRSwap	4.85	4.82	3.92	0.20	0.039	 26,835 	0.02	0.03	0.88	2.98	0.01	0.00	0.00	4.5	NA	66.2	63	1.00	0.00	5.91	29.00	NA	NA	NA	4.08	0.05	12.81	4.02	0.04	8.31	3.97	0.04	4.04	3.87	0.04	-3.84	3.82	0.04	-7.48	3.77	0.03	-10.95
AFS	613243	3140JCP65	Agency CMBS	G-2-Q	FANNIE MAE	1	4.776	1/1/2032	65402000	 65,402,000 	 -   	65024597.08	65280733.31	99.4229	99.8145826	256136.23	7/31/2026	CPY	0	LMMSOFRFLAT	RFRSwap	4.86	4.95	4.54	0.27	0.046	 29,787 	0.01	0.02	0.12	4.08	0.32	0.00	0.00	5.3	NA	65.5	62	1.00	0.00	5.62	20.00	NA	NA	NA	4.73	0.05	14.96	4.67	0.05	9.67	4.61	0.05	4.69	4.48	0.04	-4.42	4.42	0.04	-8.60	4.37	0.04	-12.54
AFS	614109	3140JCQ23	Agency CMBS	G-2-Q	FANNIE MAE	0.998950857	4.717	2/1/2032	80177200	 80,093,083 	 69,951.32 	80487249.17	79592490.63	100.4921	99.3749872	-894758.53	7/31/2026	CPY	0	LMMSOFRFLAT	RFRSwap	4.90	4.66	4.68	0.28	0.047	 37,430 	0.02	0.02	0.06	4.12	0.47	0.00	0.00	5.5	NA	68.5	66	1.00	0.00	5.71	18.00	NA	NA	NA	4.88	0.06	15.39	4.81	0.05	9.94	4.75	0.05	4.82	4.62	0.04	-4.54	4.56	0.04	-8.81	4.50	0.04	-12.83
AFS	612400	3140JCQ64	Agency CMBS	G-2-Q	FANNIE MAE	0.961219858	3.641	1/1/2034	100802508	 96,893,372 	 3,320,868.93 	91977615.81	91046585.07	94.9266	93.965751	-931030.74	7/31/2026	CPY	0	LMMSOFRFLAT	RFRSwap	4.79	4.61	5.57	0.40	0.053	 50,877 	0.01	0.01	0.04	3.61	1.90	0.00	0.00	6.5	NA	54.2	51	0.96	2.27	4.54	99.00	NA	NA	NA	5.84	0.07	17.59	5.75	0.06	11.30	5.66	0.06	5.44	5.48	0.05	-5.07	5.40	0.05	-9.79	5.31	0.04	-14.19
PUB_HTM	613211	3140KNR34	Agency MBS 30yr	G-2-Q	FANNIE MAE	0.63866719	2	10/1/2050	9158764	 5,849,402 	 577,738.99 	5498429.19	4635832.97	93.9999	79.2531086	-862596.22	7/31/2026	Model2501	100	LMMSOFRFLAT	RFRSwap	5.46	2.86	7.28	0.08	0.058	 3,383 	0.04	0.07	0.24	1.19	3.31	2.27	0.17	8.4	6.1	82.6	73	0.64	5.00	2.95	71.00	192396.34	NA	NA	5.24	0.05	16.93	6.18	0.06	11.53	6.81	0.06	5.80	7.72	0.06	-5.75	7.89	0.05	-11.30	7.77	0.05	-16.44
PUB_HTM	614837	3140KQRP8	Agency MBS 30yr	G-2-Q	FANNIE MAE	0.63246691	2	10/1/2050	20068604	 12,692,728 	 1,321,144.08 	11916327.95	10013376.97	93.8831	78.8906609	-1902950.98	7/31/2026	Model2501	100	LMMSOFRFLAT	RFRSwap	5.43	2.85	7.55	0.04	0.060	 7,580 	0.03	0.06	0.23	1.12	3.31	2.59	0.24	8.7	5.9	76.5	68	0.63	5.35	2.91	70.00	311504.59	NA	NA	5.27	0.05	17.30	6.30	0.06	11.83	7.00	0.06	5.97	8.05	0.06	-5.95	8.19	0.06	-11.68	7.98	0.05	-16.92
PUB_HTM	613197	3140KVCD0	Agency MBS 30yr	G-2-Q	FANNIE MAE	0.54658191	2	12/1/2050	14594126	 7,976,885 	 1,297,722.84 	7481440.9	6318695.19	93.789	79.2125621	-1162745.71	7/31/2026	Model2501	100	LMMSOFRFLAT	RFRSwap	5.43	2.88	7.38	0.05	0.059	 4,674 	0.05	0.07	0.22	1.06	3.18	2.57	0.26	8.6	6.3	76.6	68	0.55	7.93	3.00	69.00	335320.38	NA	NA	5.23	0.05	17.02	6.20	0.06	11.62	6.85	0.06	5.86	7.83	0.06	-5.83	7.91	0.05	-11.42	7.68	0.05	-16.52
PUB_HTM	613401	3140KVXP0	Agency MBS 30yr	G-2-Q	FANNIE MAE	0.65841725	2	1/1/2051	50000000	 32,920,863 	 3,042,467.25 	30886734.52	25933004.05	93.8212	78.7737686	-4953730.48	7/31/2026	Model2501	100	LMMSOFRFLAT	RFRSwap	5.37	2.84	7.66	0.10	0.060	 19,902 	0.03	0.06	0.22	1.10	3.33	2.67	0.26	8.9	5.7	70.2	61	0.66	5.02	2.85	67.00	316209.38	NA	NA	5.32	0.05	17.55	6.40	0.06	12.00	7.10	0.06	6.05	8.08	0.06	-5.99	8.19	0.06	-11.71	7.98	0.05	-16.94
PUB_HTM	614513	3140KXTF3	Agency MBS 30yr	G-2-Q	FANNIE MAE	0.6205127	2	1/1/2051	15044808	 9,335,494 	 278,875.86 	8752298.65	7394834.74	93.7529	79.212031	-1357463.91	7/31/2026	Model2501	100	LMMSOFRFLAT	RFRSwap	5.25	2.84	7.69	0.07	0.061	 5,700 	0.03	0.07	0.23	1.07	3.29	2.75	0.28	9.0	5.7	59.5	49	0.62	5.97	3.01	68.00	281412.31	NA	NA	5.47	0.05	17.84	6.47	0.06	12.16	7.15	0.06	6.12	8.17	0.06	-6.07	8.29	0.06	-11.88	8.08	0.05	-17.20
PUB_HTM	612901	3140L0SH1	Agency MBS 30yr	G-2-Q	FANNIE MAE	0.64992707	2	1/1/2051	26373750	 17,141,014 	 2,346,749.09 	16052016.24	13577868.74	93.6468	79.2127507	-2474147.5	7/31/2026	Model2501	100	LMMSOFRFLAT	RFRSwap	5.33	2.88	7.64	0.01	0.061	 10,389 	0.03	0.07	0.23	1.10	3.28	2.68	0.28	8.8	6.0	66.5	58	0.65	5.15	2.90	68.00	317480.00	NA	NA	5.32	0.05	17.52	6.33	0.06	11.98	7.05	0.06	6.05	8.13	0.06	-6.04	8.24	0.06	-11.83	8.02	0.05	-17.11
PUB_HTM	613202	3140L0WV5	Agency MBS 30yr	G-2-Q	FANNIE MAE	0.73052169	2	2/1/2051	48446315	 35,391,084 	 2,722,264.77 	33231779.17	27909478.24	93.8987	78.8601963	-5322300.93	7/31/2026	Model2501	100	LMMSOFRFLAT	RFRSwap	5.35	2.83	7.61	0.10	0.060	 21,283 	0.03	0.06	0.22	1.12	3.34	2.61	0.24	8.9	5.6	70.0	60	0.73	3.20	2.83	67.00	298666.75	NA	NA	5.34	0.05	17.53	6.40	0.06	11.98	7.08	0.06	6.03	8.04	0.06	-5.96	8.15	0.05	-11.66	7.97	0.05	-16.89
PUB_HTM	613542	3140L1ET8	Agency MBS 30yr	G-2-Q	FANNIE MAE	0.6157819	2	1/1/2051	20629392	 12,703,206 	 645,470.37 	11911184.06	10062579.16	93.7652	79.2129089	-1848604.91	7/31/2026	Model2501	100	LMMSOFRFLAT	RFRSwap	5.45	2.89	7.49	-0.05	0.059	 7,557 	0.04	0.07	0.25	1.13	3.22	2.55	0.26	8.5	6.5	78.0	72	0.62	6.20	2.95	68.00	342173.44	NA	NA	5.24	0.05	17.10	6.19	0.06	11.69	6.89	0.06	5.92	8.04	0.06	-5.95	8.16	0.06	-11.69	7.93	0.05	-16.93
PUB_HTM	614228	3140L1VC6	Agency MBS 30yr	G-2-Q	FANNIE MAE	0.6073748	2	3/1/2051	38333825	 23,282,999 	 2,462,827.63 	21790931.69	18443094.06	93.5916	79.2127072	-3347837.63	7/31/2026	Model2501	100	LMMSOFRFLAT	RFRSwap	5.33	2.89	7.61	0.06	0.060	 14,073 	0.04	0.07	0.22	1.06	3.26	2.70	0.29	8.8	6.0	66.0	57	0.61	6.54	2.87	66.00	311187.06	NA	NA	5.33	0.05	17.54	6.36	0.06	11.98	7.05	0.06	6.04	8.03	0.06	-5.99	8.11	0.05	-11.71	7.87	0.05	-16.91
PUB_HTM	614194	3140L2SL8	Agency MBS 30yr	G-2-Q	FANNIE MAE	0.63652159	2	2/1/2051	57080110	 36,332,722 	 2,479,077.69 	34061629.29	28780186.76	93.7492	79.2128552	-5281442.53	7/31/2026	Model2501	100	LMMSOFRFLAT	RFRSwap	5.37	2.87	7.55	0.01	0.060	 21,786 	0.03	0.07	0.23	1.08	3.23	2.65	0.27	8.7	6.1	69.9	61	0.64	5.74	2.92	67.00	341272.13	NA	NA	5.31	0.05	17.36	6.29	0.06	11.86	6.98	0.06	5.99	8.03	0.06	-5.97	8.12	0.05	-11.69	7.88	0.05	-16.90
PUB_HTM	613920	3140L3A76	Agency MBS 30yr	G-2-Q	FANNIE MAE	0.66420995	2	2/1/2051	24457411	 16,244,856 	 1,278,521.88 	15248315.85	12923994.87	93.8655	79.5574616	-2324320.99	7/31/2026	Model2501	100	LMMSOFRFLAT	RFRSwap	5.39	2.88	7.34	0.05	0.059	 9,503 	0.04	0.08	0.25	1.16	3.25	2.38	0.20	8.5	6.2	74.3	65	0.66	4.93	2.81	67.00	181429.77	NA	NA	5.36	0.05	17.16	6.22	0.06	11.67	6.86	0.06	5.86	7.81	0.06	-5.83	7.98	0.05	-11.46	7.86	0.05	-16.67
PUB_HTM	613894	3140L3K59	Agency MBS 30yr	G-2-Q	FANNIE MAE	0.71721022	2	4/1/2051	20279622	 14,544,752 	 1,189,983.66 	13632541.08	11571103.76	93.7282	79.55518	-2061437.33	7/31/2026	Model2501	100	LMMSOFRFLAT	RFRSwap	5.46	2.91	7.28	0.00	0.058	 8,442 	0.04	0.07	0.24	1.13	3.17	2.40	0.24	8.4	6.7	79.5	72	0.72	3.82	2.87	65.00	184172.61	NA	NA	5.34	0.05	16.97	6.15	0.06	11.53	6.78	0.06	5.80	7.80	0.06	-5.80	7.99	0.05	-11.44	7.84	0.05	-16.65
PUB_HTM	612507	3140LA5F8	Agency CMBS	G-2-Q	FANNIE MAE	0.971845891	1.26	2/1/2031	4442000	 4,316,939 	 88,173.73 	4036090.72	3742987.73	93.4943	86.7046613	-293102.99	7/31/2026	CPY	0	LMMSOFRFLAT	RFRSwap	4.70	2.87	4.09	0.21	0.035	 1,532 	0.00	0.00	0.86	3.23	0.00	0.00	0.00	4.3	NA	50.6	48	0.97	0.00	3.24	65.00	NA	NA	NA	4.23	0.04	11.54	4.18	0.04	7.48	4.14	0.04	3.64	4.04	0.03	-3.46	3.99	0.03	-6.74	3.95	0.03	-9.86
PUB_HTM	613365	3140LAAF2	Agency CMBS	G-2-Q	FANNIE MAE	0.968247362	1.21	1/1/2031	26425000	 25,585,937 	 559,575.49 	23893713.44	22201084.44	93.3861	86.7706539	-1692629	7/31/2026	CPY	0	LMMSOFRFLAT	RFRSwap	4.70	2.88	4.01	0.21	0.035	 8,909 	0.00	0.00	1.02	2.99	0.00	0.00	0.00	4.3	NA	50.6	47	0.97	0.00	2.87	66.00	NA	NA	NA	4.15	0.04	11.31	4.10	0.04	7.34	4.05	0.04	3.57	3.96	0.03	-3.39	3.92	0.03	-6.62	3.87	0.03	-9.68
PUB_HTM	614445	3140LAAL9	Agency CMBS	G-2-Q	FANNIE MAE	1	1.22	12/1/2030	43204000	 43,204,000 	 -   	40322729.46	37384684.87	93.331	86.5306103	-2938044.59	7/31/2026	CPY	0	LMMSOFRFLAT	RFRSwap	4.65	2.85	4.17	0.22	0.036	 15,592 	-0.02	-0.06	1.18	3.06	0.00	0.00	0.00	4.4	NA	46.0	42	1.00	0.00	2.37	67.00	NA	NA	NA	4.29	0.04	11.72	4.25	0.04	7.61	4.21	0.04	3.70	4.12	0.03	-3.52	4.08	0.03	-6.86	4.04	0.03	-10.04
PUB_HTM	614790	3140LAR23	Agency CMBS	G-2-Q	FANNIE MAE	1	1.26	1/1/2031	20000000	 20,000,000 	 -   	18688825.44	17307978.2	93.4441	86.539891	-1380847.24	7/31/2026	CPY	0	LMMSOFRFLAT	RFRSwap	4.66	2.85	4.20	0.22	0.036	 7,277 	-0.02	-0.05	1.07	3.20	0.00	0.00	0.00	4.4	NA	46.8	43	1.00	0.00	2.67	66.00	NA	NA	NA	4.33	0.04	11.82	4.29	0.04	7.67	4.24	0.04	3.74	4.16	0.03	-3.55	4.12	0.03	-6.91	4.07	0.03	-10.11
PUB_HTM	612780	3140LAZ65	Agency CMBS	G-2-Q	FANNIE MAE	1	1.44	1/1/2031	20000000	 20,000,000 	 -   	18787551.93	17466607.8	93.9378	87.333039	-1320944.13	7/31/2026	CPY	0	LMMSOFRFLAT	RFRSwap	4.68	2.93	4.13	0.21	0.036	 7,229 	-0.02	-0.01	1.05	3.11	0.00	0.00	0.00	4.4	NA	48.5	45	1.00	0.00	3.00	66.00	NA	NA	NA	4.27	0.04	11.74	4.22	0.04	7.62	4.18	0.04	3.71	4.09	0.03	-3.52	4.05	0.03	-6.87	4.01	0.03	-10.05
PUB_HTM	614241	3140LBBF9	Agency CMBS	G-2-Q	FANNIE MAE	0.996910561	1.76	5/1/2031	31332000	 31,235,202 	 90,743.08 	29620994.42	27472466.27	94.8321	87.9535421	-2148528.15	7/31/2026	CPY	0	LMMSOFRFLAT	RFRSwap	4.73	2.98	4.26	0.23	0.038	 11,716 	0.01	0.00	0.38	3.87	0.00	0.00	0.00	4.6	NA	53.9	50	1.00	0.00	3.44	62.00	NA	NA	NA	4.42	0.04	12.24	4.36	0.04	7.93	4.31	0.04	3.86	4.21	0.04	-3.65	4.16	0.03	-7.11	4.11	0.03	-10.38
PUB_HTM	612645	3140LBLX9	Agency CMBS	G-2-Q	FANNIE MAE	0.991346071	1.32	2/1/2031	17880000	 17,725,268 	 142,931.09 	16617177.94	15408534.42	93.7485	86.9297696	-1208643.52	7/31/2026	CPY	0	LMMSOFRFLAT	RFRSwap	4.70	2.87	4.08	0.21	0.036	 6,302 	0.00	0.00	0.86	3.23	0.00	0.00	0.00	4.3	NA	50.7	48	0.99	0.00	2.98	65.00	NA	NA	NA	4.23	0.04	11.56	4.18	0.04	7.50	4.13	0.04	3.65	4.04	0.03	-3.46	3.99	0.03	-6.75	3.95	0.03	-9.88
PUB_HTM	614629	3140LBQ55	Agency CMBS	G-2-Q	FANNIE MAE	0.993674331	1.62	3/1/2031	11924000	 11,848,573 	 70,783.89 	11248901.81	10410285.24	94.9389	87.8610908	-838616.57	7/31/2026	CPY	0	LMMSOFRFLAT	RFRSwap	4.70	2.85	4.13	0.22	0.036	 4,310 	0.01	0.00	0.71	3.42	0.00	0.00	0.00	4.4	NA	51.6	48	0.99	0.00	3.33	64.00	NA	NA	NA	4.28	0.04	11.84	4.23	0.04	7.68	4.18	0.04	3.74	4.09	0.03	-3.54	4.04	0.03	-6.90	3.99	0.03	-10.09
PUB_HTM	614853	3140LBXV0	Agency CMBS	G-2-Q	FANNIE MAE	0.995480395	1.83	4/1/2031	9500000	 9,457,064 	 40,738.50 	9057644.42	8364438.47	95.7765	88.4464638	-693205.95	7/31/2026	CPY	0	LMMSOFRFLAT	RFRSwap	4.72	2.84	4.19	0.23	0.037	 3,515 	0.01	0.00	0.55	3.64	0.00	0.00	0.00	4.5	NA	52.6	49	1.00	0.00	3.64	63.00	NA	NA	NA	4.35	0.04	12.11	4.30	0.04	7.85	4.25	0.04	3.82	4.14	0.04	-3.62	4.10	0.03	-7.05	4.05	0.03	-10.30
PUB_HTM	614222	3140LD6V6	Agency CMBS	G-2-Q	FANNIE MAE	1	1.79	11/1/2031	52240000	 52,240,000 	 -   	49132197.2	45027242.69	94.0509	86.1930373	-4104954.52	7/31/2026	CPY	0	LMMSOFRFLAT	RFRSwap	4.78	3.02	4.92	0.30	0.042	 22,192 	-0.02	-0.04	-0.11	4.75	0.34	0.00	0.00	5.3	NA	56.8	54	1.00	0.00	3.14	56.00	NA	NA	NA	5.09	0.05	13.98	5.03	0.05	9.03	4.98	0.05	4.38	4.87	0.04	-4.12	4.81	0.04	-8.01	4.76	0.04	-11.67
PUB_HTM	613810	3140LE5J2	Agency CMBS	G-2-Q	FANNIE MAE	1	1.91	1/1/2032	48794000	 48,794,000 	 -   	46535680.95	42476625.79	95.3717	87.0529692	-4059055.16	7/31/2026	CPY	0	LMMSOFRFLAT	RFRSwap	4.76	2.88	4.81	0.29	0.042	 20,465 	0.01	0.00	0.01	4.32	0.47	0.00	0.00	5.2	NA	54.7	51	1.00	0.00	3.32	54.00	NA	NA	NA	4.99	0.05	13.81	4.93	0.05	8.92	4.87	0.04	4.32	4.75	0.04	-4.07	4.69	0.04	-7.90	4.63	0.04	-11.51
PUB_HTM	613612	3140LEEE3	Agency CMBS	G-2-Q	FANNIE MAE	1	1.99	11/1/2031	26250000	 26,250,000 	 -   	24945938.32	22872237.44	95.0321	87.1323331	-2073700.88	7/31/2026	CPY	0	LMMSOFRFLAT	RFRSwap	4.78	3.02	4.89	0.29	0.043	 11,214 	-0.02	-0.04	-0.10	4.71	0.33	0.00	0.00	5.3	NA	56.8	54	1.00	0.00	2.94	56.00	NA	NA	NA	5.06	0.05	14.06	5.01	0.05	9.08	4.95	0.05	4.40	4.84	0.04	-4.15	4.79	0.04	-8.05	4.73	0.04	-11.74
PUB_HTM	613670	3140LEVU8	Agency CMBS	G-2-Q	FANNIE MAE	0.912841971	2.09	12/1/2031	40162020	 36,661,578 	 863,849.23 	35453743.81	32394008.71	96.7055	88.3595604	-3059735.1	7/31/2026	CPY	0	LMMSOFRFLAT	RFRSwap	4.74	2.81	4.61	0.27	0.041	 14,957 	0.02	0.02	0.05	4.16	0.36	0.00	0.00	5.0	NA	53.5	50	0.91	0.00	3.70	55.00	NA	NA	NA	4.80	0.05	13.41	4.73	0.05	8.67	4.67	0.04	4.20	4.55	0.04	-3.96	4.49	0.04	-7.70	4.43	0.03	-11.22
HTM	614043	3140LG4C3	Agency CMBS	G-2-Q	FANNIE MAE	1	3.82	9/1/2032	35700000	 35,700,000 	 -   	35374632.72	33857392.55	99.0886	94.8386346	-1517240.17	7/31/2026	CPY	0	LMMSOFRFLAT	RFRSwap	4.85	4.03	5.32	0.36	0.051	 18,068 	0.00	0.00	-0.01	4.09	1.24	0.00	0.00	6.2	NA	61.4	58	1.00	0.00	4.79	46.00	NA	NA	NA	5.54	0.06	16.83	5.47	0.06	10.84	5.39	0.05	5.23	5.25	0.05	-4.90	5.17	0.04	-9.48	5.10	0.04	-13.77
HTM	614462	3140LG5K4	Agency CMBS	G-2-Q	FANNIE MAE	0.945984503	4.28	10/1/2032	30081000	 28,456,160 	 509,767.79 	28681439.11	27551354.4	100.7917	96.820353	-1130084.7	7/31/2026	CPY	0	LMMSOFRFLAT	RFRSwap	4.96	4.17	5.02	0.33	0.049	 13,876 	0.03	0.04	0.10	3.69	1.16	0.00	0.00	5.9	NA	73.0	70	0.95	0.00	5.24	45.00	NA	NA	NA	5.26	0.06	16.20	5.18	0.06	10.43	5.10	0.05	5.04	4.94	0.05	-4.72	4.86	0.04	-9.14	4.78	0.04	-13.28
AFS	613498	3140LGM58	Agency CMBS	G-2-Q	FANNIE MAE	0.968578422	3.95	6/1/2038	10000000	 9,685,784 	 84,745.43 	9087580.47	8720614.03	93.8239	90.035188	-366966.44	7/31/2026	CPY	0	LMMSOFRFLAT	RFRSwap	5.22	4.74	8.53	0.96	0.077	 7,470 	0.02	0.02	0.05	0.21	6.72	1.51	0.00	11.1	NA	80.7	78	0.97	0.00	5.10	49.00	NA	NA	NA	9.24	0.11	27.61	9.01	0.10	17.32	8.77	0.09	8.17	8.30	0.07	-7.29	8.07	0.06	-13.82	7.83	0.06	-19.67
HTM	614049	3140LHGY0	Agency CMBS	G-2-Q	FANNIE MAE	1	3.4	9/1/2032	20700000	 20,700,000 	 -   	20069597.6	19178520.07	96.9546	92.6498554	-891077.53	7/31/2026	CPY	0	LMMSOFRFLAT	RFRSwap	4.84	4.00	5.38	0.36	0.050	 10,347 	0.00	-0.01	-0.03	4.15	1.26	0.00	0.00	6.2	NA	60.3	57	1.00	0.00	3.91	46.00	NA	NA	NA	5.60	0.06	16.63	5.52	0.06	10.70	5.45	0.05	5.17	5.31	0.05	-4.83	5.24	0.04	-9.36	5.17	0.04	-13.59
HTM	613426	3140LHQ94	Agency CMBS	G-2-Q	FANNIE MAE	1	3.78	10/1/2032	21496000	 21,496,000 	 -   	21189926.54	20276683.04	98.5761	94.327703	-913243.51	7/31/2026	CPY	0	LMMSOFRFLAT	RFRSwap	4.89	4.08	5.39	0.36	0.051	 10,959 	0.00	0.00	-0.01	4.06	1.34	0.00	0.00	6.2	NA	65.7	62	1.00	0.00	4.44	45.00	NA	NA	NA	5.61	0.06	16.98	5.54	0.06	10.92	5.46	0.05	5.28	5.31	0.05	-4.93	5.24	0.04	-9.54	5.17	0.04	-13.86
HTM	613719	3140LHT34	Agency CMBS	G-2-Q	FANNIE MAE	0.355628785	3.97	9/1/2032	11228000	 3,993,000 	 7,205,437.55 	3977485.56	3815410.12	99.6115	95.5524699	-162075.44	7/31/2026	CPY	0	LMMSOFRFLAT	RFRSwap	4.87	4.09	5.24	0.35	0.050	 2,008 	0.01	0.00	0.04	4.02	1.18	0.00	0.00	6.1	NA	63.9	61	0.36	23.64	4.78	46.00	NA	NA	NA	5.47	0.06	16.71	5.39	0.06	10.76	5.32	0.05	5.20	5.17	0.05	-4.87	5.10	0.04	-9.42	5.03	0.04	-13.69
HTM	613384	3140LHWV8	Agency CMBS	G-2-Q	FANNIE MAE	1	3.615	10/1/2032	16434000	 16,434,000 	 -   	16127588.04	15381907.45	98.1355	93.5980738	-745680.59	7/31/2026	CPY	0	LMMSOFRFLAT	RFRSwap	4.89	4.00	5.28	0.35	0.050	 8,150 	0.01	0.02	0.04	3.94	1.28	0.00	0.00	6.1	NA	65.5	62	1.00	0.00	4.33	45.00	NA	NA	NA	5.51	0.06	16.50	5.43	0.06	10.62	5.36	0.05	5.13	5.21	0.05	-4.80	5.13	0.04	-9.29	5.06	0.04	-13.49
HTM	613988	3140LJB88	Agency CMBS	G-2-Q	FANNIE MAE	1	4.275	1/1/2033	21783000	 21,783,000 	 -   	22045880.9	21135200.22	101.2068	97.0261223	-910680.68	7/31/2026	CPY	0	LMMSOFRFLAT	RFRSwap	4.87	4.11	5.51	0.38	0.054	 11,678 	0.01	0.00	0.01	3.85	1.63	0.00	0.00	6.5	NA	62.7	59	1.00	0.00	4.94	42.00	NA	NA	NA	5.75	0.07	17.90	5.67	0.06	11.51	5.59	0.06	5.55	5.43	0.05	-5.18	5.35	0.05	-10.01	5.27	0.04	-14.53
HTM	613475	3140LJE69	Agency CMBS	G-2-Q	FANNIE MAE	1	4.1	2/1/2030	65000000	 65,000,000 	 -   	65016852.92	63759647.38	100.0259	98.0917652	-1257205.54	7/31/2026	CPY	0	LMMSOFRFLAT	RFRSwap	4.71	4.11	3.24	0.14	0.032	 20,720 	0.01	0.00	2.30	0.93	0.00	0.00	0.00	3.6	NA	52.3	49	1.00	0.00	5.26	41.00	NA	NA	NA	3.34	0.04	10.21	3.31	0.03	6.66	3.27	0.03	3.26	3.20	0.03	-3.12	3.17	0.03	-6.11	3.14	0.03	-8.98
HTM	614124	3140LJHQ2	Agency CMBS	G-2-Q	FANNIE MAE	1	3.95	1/1/2033	14334000	 14,334,000 	 -   	14255165.17	13602342.61	99.45	94.895651	-652822.56	7/31/2026	CPY	0	LMMSOFRFLAT	RFRSwap	4.93	4.09	5.55	0.39	0.053	 7,577 	0.01	0.00	0.00	3.89	1.66	0.00	0.00	6.5	NA	68.5	65	1.00	0.00	4.61	42.00	NA	NA	NA	5.79	0.07	17.66	5.71	0.06	11.35	5.63	0.06	5.48	5.47	0.05	-5.11	5.39	0.05	-9.87	5.32	0.04	-14.32
AFS	612511	3140LJJV9	Agency CMBS	G-2-Q	FANNIE MAE	1	4.3	1/1/2030	7750000	 7,750,000 	 -   	7750531.56	7662205.24	100.0069	98.8671644	-88326.32	7/31/2026	CPY	0	LMMSOFRFLAT	RFRSwap	4.67	4.31	3.16	0.13	0.031	 2,427 	0.01	0.00	2.37	0.77	0.00	0.00	0.00	3.5	NA	49.1	46	1.00	0.00	5.13	42.00	NA	NA	NA	3.26	0.04	10.02	3.22	0.03	6.54	3.19	0.03	3.20	3.12	0.03	-3.07	3.09	0.03	-6.01	3.06	0.03	-8.83
AFS	613055	3140LLZX2	Agency CMBS	G-2-Q	FANNIE MAE	1	5.02	11/1/2028	60000000	 60,000,000 	 -   	60505811.54	60489294.48	100.843	100.8154908	-16517.06	7/31/2026	CPY	0	LMMSOFRFLAT	RFRSwap	4.62	4.61	2.14	0.07	0.022	 12,996 	0.02	1.43	0.69	0.00	0.00	0.00	0.00	2.3	NA	43.8	40	1.00	0.00	5.98	32.00	NA	NA	NA	2.20	0.02	6.81	2.18	0.02	4.47	2.16	0.02	2.20	2.12	0.02	-2.13	2.10	0.02	-4.20	2.08	0.02	-6.21
PUB_HTM	614330	3140LNJT5	Agency MBS 15yr	G-2-Q	FANNIE MAE	0.56289377	1.5	9/1/2036	18323234	 10,314,034 	 1,778,463.77 	9917601.91	9140378.2	96.1564	88.6207857	-777223.71	7/31/2026	Model2501	100	LMMSOFRFLAT	RFRSwap	4.82	2.54	3.94	-0.03	0.035	 3,605 	0.13	0.22	0.54	1.83	1.14	0.06	0.02	4.0	8.2	50.8	35	0.56	4.80	2.27	59.00	128133.13	NA	NA	3.27	0.03	10.21	3.54	0.03	6.89	3.74	0.03	3.47	4.10	0.03	-3.50	4.13	0.03	-6.95	4.07	0.03	-10.24
HTM	613855	3140LQHL7	Agency MBS 20yr	G-2-Q	FANNIE MAE	0.67377703	2.5	3/1/2042	25000000	 16,844,426 	 2,042,354.28 	16776383.33	14823812.96	99.5961	88.0042643	-1952570.37	7/31/2026	Model2501	100	LMMSOFRFLAT	RFRSwap	4.99	2.56	5.41	-0.06	0.048	 8,041 	0.08	0.14	0.38	1.54	2.76	0.49	0.03	6.0	6.8	53.3	38	0.67	4.60	3.11	54.00	236002.81	NA	NA	3.28	0.03	13.11	4.39	0.04	9.21	4.99	0.05	4.72	5.68	0.05	-4.77	5.75	0.05	-9.42	5.66	0.04	-13.80
PUB_HTM	613439	3140LVRJ0	Agency MBS 30yr	G-2-Q	FANNIE MAE	0.719269	2	10/1/2051	20000000	 14,385,380 	 788,591.86 	13472067.03	11389800	93.6511	79.1762192	-2082267.03	7/31/2026	Model2501	100	LMMSOFRFLAT	RFRSwap	5.44	2.90	7.61	-0.03	0.060	 8,687 	0.04	0.08	0.24	1.13	3.22	2.61	0.31	8.7	6.6	74.2	71	0.72	4.40	2.78	59.00	313460.47	NA	NA	5.36	0.05	17.36	6.26	0.06	11.86	6.97	0.06	6.00	8.10	0.06	-6.02	8.23	0.06	-11.79	8.02	0.05	-17.08
HTM	883497	3140ME3S3	Agency MBS 30yr	G-2-Q	FANNIE MAE	0.97860191	5.5	4/1/2055	1050374	 1,027,898 	 -   	1028488.51	1023500.66	100.0574	99.5722005	-4987.85	7/31/2026	Model2501	100	LMMSOFRFLAT	RFRSwap	5.57	5.49	4.49	-1.12	0.045	 462 	0.16	0.28	0.49	1.04	1.56	0.91	0.08	7.5	9.2	67.2	82	0.98	0.79	6.20	16.00	243443.06	NA	NA	1.22	0.01	6.57	0.98	0.01	5.55	2.67	0.03	3.75	5.52	0.05	-4.92	6.25	0.06	-10.37	6.77	0.06	-16.04
HTM	883477	3140MEX43	Agency MBS 30yr	G-2-Q	FANNIE MAE	0.98502544	5.5	4/1/2055	1885713	 1,857,475 	 -   	1850200.72	1840018.72	99.6084	99.0602	-10182	7/31/2026	Model2501	100	LMMSOFRFLAT	RFRSwap	5.66	5.57	4.40	-1.24	0.044	 813 	0.17	0.29	0.50	1.01	1.48	0.88	0.09	7.2	10.0	71.2	93	0.99	0.06	6.51	18.00	370952.44	NA	NA	1.18	0.01	6.26	0.95	0.01	5.20	2.49	0.03	3.58	5.48	0.05	-4.84	6.25	0.06	-10.26	6.85	0.06	-15.94
AFS	614715	3140MEX50	Agency MBS 30yr	G-2-Q	FANNIE MAE	0.9834862	5	2/1/2055	1128296	 1,109,664 	 15,983.25 	1084345.16	1075630.95	97.7184	96.9330709	-8714.21	7/31/2026	Model2501	100	LMMSOFRFLAT	RFRSwap	5.47	5.35	5.33	-0.99	0.052	 576 	0.11	0.24	0.48	1.11	1.93	1.33	0.17	8.5	7.8	56.0	70	0.98	0.08	6.04	18.00	315891.06	NA	NA	1.25	0.01	8.02	1.26	0.01	6.91	3.56	0.04	4.53	6.35	0.06	-5.56	7.06	0.06	-11.53	7.46	0.06	-17.57
HTM	883842	3140MEX68	Agency MBS 30yr	G-2-Q	FANNIE MAE	0.79291658	6	2/1/2055	1259443	 998,633 	 -   	1016381.35	1013888.05	101.7772	101.5275695	-2493.3	7/31/2026	Model2501	100	LMMSOFRFLAT	RFRSwap	5.72	5.68	3.77	-1.56	0.038	 384 	0.21	0.30	0.47	0.91	1.22	0.66	0.03	6.9	10.4	70.3	98	0.79	16.04	6.79	18.00	257729.27	NA	NA	0.96	0.01	4.70	0.54	0.01	3.92	1.73	0.02	2.88	5.05	0.05	-4.46	5.87	0.05	-9.67	6.52	0.06	-15.23
PUB_HTM	613675	3140MHS26	Agency MBS 30yr	G-2-Q	FANNIE MAE	0.65358514	2.5	3/1/2052	39350065	 25,718,618 	 3,114,094.36 	24805327.9	21441050.28	96.4489	83.3678174	-3364277.63	7/31/2026	Model2501	100	LMMSOFRFLAT	RFRSwap	5.49	3.05	6.80	-0.14	0.057	 14,611 	0.03	0.07	0.27	1.18	2.94	2.08	0.24	7.8	8.2	81.7	77	0.65	7.28	3.32	53.00	123235.73	NA	NA	4.23	0.04	15.78	5.49	0.05	11.03	6.21	0.06	5.61	7.42	0.06	-5.74	7.82	0.06	-11.47	7.87	0.05	-16.93
HTM	883482	3140MKR61	Agency MBS 30yr	G-2-Q	FANNIE MAE	0.3629925	5.5	7/1/2055	1365113	 495,526 	 -   	496585.16	493875.64	100.2138	99.6669928	-2709.52	7/31/2026	Model2501	100	LMMSOFRFLAT	RFRSwap	5.56	5.47	4.43	-1.30	0.044	 220 	0.16	0.29	0.50	1.03	1.51	0.90	0.08	7.5	9.1	59.2	80	0.36	66.52	6.56	14.00	198950.31	NA	NA	1.01	0.01	6.03	0.80	0.01	5.20	2.47	0.03	3.60	5.58	0.05	-4.94	6.34	0.06	-10.47	6.94	0.06	-16.25
HTM	883834	3140MKR79	Agency MBS 30yr	G-2-Q	FANNIE MAE	0.98088403	6	7/1/2055	1094633	 1,073,708 	 -   	1095685.19	1093160.53	102.0468	101.8117123	-2524.66	7/31/2026	Model2501	100	LMMSOFRFLAT	RFRSwap	5.69	5.65	3.65	-1.77	0.037	 401 	0.21	0.31	0.48	0.91	1.12	0.62	0.03	7.0	10.1	61.2	94	0.98	1.05	6.91	14.00	239755.28	NA	NA	0.90	0.01	4.16	0.41	0.00	3.46	1.47	0.02	2.66	5.03	0.05	-4.42	5.88	0.05	-9.65	6.54	0.06	-15.24
AFS	614089	3140N25Q0	Agency MBS 30yr	G-2-Q	FANNIE MAE	0.71240527	5	9/1/2052	20000000	 14,248,105 	 1,440,013.60 	14137213.14	13872056.72	99.2217	97.360711	-265156.41	7/31/2026	Model2501	100	LMMSOFRFLAT	RFRSwap	5.48	5.13	4.76	-0.89	0.047	 6,631 	0.14	0.24	0.47	1.08	1.78	1.02	0.06	6.9	9.5	67.2	75	0.71	7.16	5.86	48.00	317193.44	NA	NA	1.00	0.01	7.67	1.45	0.02	6.60	3.38	0.03	4.12	5.76	0.05	-5.03	6.63	0.06	-10.61	7.15	0.06	-16.45
HTM	613378	3140N3AM1	Agency MBS 30yr	G-2-Q	FANNIE MAE	0.6990979	5	10/1/2052	20370626	 14,241,062 	 1,815,971.27 	14122933.6	13837886.08	99.1705	97.1689205	-285047.53	7/31/2026	Model2501	100	LMMSOFRFLAT	RFRSwap	5.48	5.14	5.21	-0.95	0.051	 7,244 	0.11	0.20	0.43	1.10	2.04	1.27	0.09	7.7	8.2	66.5	71	0.70	7.79	5.74	46.00	343603.09	NA	NA	0.89	0.01	8.69	1.80	0.02	7.51	3.82	0.04	4.55	6.14	0.06	-5.44	6.76	0.06	-11.21	7.01	0.06	-16.98
HTM	613628	3140N7ZE3	Agency MBS 30yr	G-2-Q	FANNIE MAE	0.89462007	5	10/1/2052	1853964	 1,658,593 	 48,366.88 	1644464.16	1616595.26	99.1481	97.467846	-27868.89	7/31/2026	Model2501	100	LMMSOFRFLAT	RFRSwap	5.48	5.15	4.71	-0.66	0.046	 765 	0.13	0.22	0.49	1.13	1.77	0.95	0.04	6.9	9.8	74.6	76	0.89	1.52	5.48	46.00	238839.56	NA	NA	0.42	0.00	7.88	1.68	0.02	7.05	3.61	0.04	4.21	5.48	0.05	-4.87	6.17	0.05	-10.15	6.68	0.05	-15.62
AFS	613111	3140NU2L2	Agency CMBS	G-2-Q	FANNIE MAE	1	4.56	4/1/2029	48325000	 48,325,000 	 -   	47626321.55	48307453.77	98.5542	99.9636912	681132.22	7/31/2026	CPY	0	LMMSOFRFLAT	RFRSwap	4.56	5.13	2.51	0.09	0.025	 12,179 	0.01	0.65	1.85	0.00	0.00	0.00	0.00	2.7	NA	39.0	35	1.00	0.00	5.55	27.00	NA	NA	NA	2.59	0.03	7.98	2.56	0.03	5.22	2.54	0.03	2.57	2.49	0.02	-2.48	2.46	0.02	-4.87	2.44	0.02	-7.18
AFS	612402	3140NU3F4	Agency CMBS	G-2-Q	FANNIE MAE	0.986199994	4.74	4/1/2029	6156000	 6,071,047 	 74,111.70 	6062843.81	6085702.19	99.8649	100.2413921	22858.38	7/31/2026	CPY	0	LMMSOFRFLAT	RFRSwap	4.63	4.78	2.47	0.09	0.025	 1,507 	0.03	0.65	1.79	0.00	0.00	0.00	0.00	2.7	NA	45.7	42	0.99	0.00	6.21	27.00	NA	NA	NA	2.54	0.03	7.85	2.52	0.03	5.14	2.49	0.03	2.53	2.44	0.02	-2.44	2.42	0.02	-4.80	2.39	0.02	-7.07
AFS	613122	3140NU3G2	Agency CMBS	G-2-Q	FANNIE MAE	1	4.64	4/1/2029	19908000	 19,908,000 	 -   	19815951.61	19906260.96	99.5376	99.9912646	90309.35	7/31/2026	CPY	0	LMMSOFRFLAT	RFRSwap	4.63	4.81	2.49	0.09	0.025	 4,974 	0.02	0.66	1.81	0.00	0.00	0.00	0.00	2.7	NA	45.7	42	1.00	0.00	5.79	27.00	NA	NA	NA	2.57	0.03	7.91	2.54	0.03	5.18	2.51	0.03	2.54	2.46	0.02	-2.46	2.44	0.02	-4.83	2.42	0.02	-7.12
AFS	612164	3140NU4A4	Agency CMBS	G-2-Q	FANNIE MAE	1	4.57	5/1/2029	13990000	 13,990,000 	 -   	13961936.51	13998033.32	99.7994	100.0574219	36096.81	7/31/2026	CPY	0	LMMSOFRFLAT	RFRSwap	4.54	4.64	2.58	0.09	0.026	 3,625 	0.01	0.46	2.11	0.00	0.00	0.00	0.00	2.8	NA	36.7	33	1.00	0.00	5.71	26.00	NA	NA	NA	2.66	0.03	8.21	2.63	0.03	5.37	2.61	0.03	2.64	2.55	0.02	-2.54	2.53	0.02	-5.00	2.50	0.02	-7.37
AFS	614777	3140NU4H9	Agency CMBS	G-2-Q	FANNIE MAE	1	4.59	4/1/2029	22491000	 22,491,000 	 -   	22358827.26	22472024.84	99.4123	99.9156322	113197.58	7/31/2026	CPY	0	LMMSOFRFLAT	RFRSwap	4.61	4.81	2.49	0.09	0.025	 5,616 	0.02	0.66	1.81	0.00	0.00	0.00	0.00	2.7	NA	43.8	40	1.00	0.00	5.58	27.00	NA	NA	NA	2.57	0.03	7.90	2.54	0.03	5.17	2.52	0.03	2.54	2.46	0.02	-2.45	2.44	0.02	-4.82	2.42	0.02	-7.11
AFS	613204	3140NU5Y1	Agency CMBS	G-2-Q	FANNIE MAE	1	4.37	4/1/2029	7000000	 7,000,000 	 -   	7015924.8	6955359.16	100.2275	99.3622737	-60565.64	7/31/2026	CPY	0	LMMSOFRFLAT	RFRSwap	4.61	4.27	2.50	0.09	0.025	 1,743 	0.02	0.66	1.82	0.00	0.00	0.00	0.00	2.7	NA	43.8	40	1.00	0.00	5.86	27.00	NA	NA	NA	2.58	0.03	7.88	2.55	0.03	5.16	2.52	0.03	2.53	2.47	0.02	-2.45	2.45	0.02	-4.81	2.42	0.02	-7.10
AFS	614614	3140NU5Z8	Agency CMBS	G-2-Q	FANNIE MAE	0.997994337	4.69	5/1/2029	15120000	 15,089,674 	 30,454.95 	15124812.52	15106521.82	100.2329	100.1116488	-18290.71	7/31/2026	CPY	0	LMMSOFRFLAT	RFRSwap	4.64	4.59	2.53	0.09	0.025	 3,839 	0.03	0.47	2.04	0.00	0.00	0.00	0.00	2.8	NA	46.3	42	1.00	0.00	5.58	26.00	NA	NA	NA	2.61	0.03	8.06	2.59	0.03	5.28	2.56	0.03	2.59	2.50	0.02	-2.50	2.48	0.02	-4.91	2.45	0.02	-7.24
AFS	613718	3140NU6C8	Agency CMBS	G-2-Q	FANNIE MAE	0.99804607	4.47	5/1/2029	12056000	 12,032,443 	 23,738.57 	12091426.09	11953657.59	100.4902	99.3452217	-137768.5	7/31/2026	CPY	0	LMMSOFRFLAT	RFRSwap	4.71	4.27	2.54	0.09	0.025	 3,046 	0.02	0.46	2.05	0.00	0.00	0.00	0.00	2.8	NA	54.1	50	1.00	0.00	5.70	26.00	NA	NA	NA	2.62	0.03	8.02	2.59	0.03	5.25	2.57	0.03	2.58	2.51	0.02	-2.49	2.49	0.02	-4.89	2.46	0.02	-7.20
AFS	612994	3140NU6K0	Agency CMBS	G-2-Q	FANNIE MAE	1	4.7	5/1/2029	18713000	 18,713,000 	 -   	18611733.95	18753242.68	99.4588	100.215052	141508.73	7/31/2026	CPY	0	LMMSOFRFLAT	RFRSwap	4.61	4.90	2.58	0.09	0.026	 4,848 	0.01	0.46	2.10	0.00	0.00	0.00	0.00	2.8	NA	43.6	40	1.00	0.00	5.69	26.00	NA	NA	NA	2.66	0.03	8.21	2.63	0.03	5.37	2.60	0.03	2.64	2.55	0.02	-2.54	2.52	0.02	-5.00	2.50	0.02	-7.37
AFS	613327	3140NU6Q7	Agency CMBS	G-2-Q	FANNIE MAE	1	4.67	4/1/2029	10212000	 10,212,000 	 -   	10177573.19	10226489.77	99.6629	100.1418896	48916.58	7/31/2026	CPY	0	LMMSOFRFLAT	RFRSwap	4.60	4.79	2.51	0.09	0.025	 2,575 	0.01	0.65	1.84	0.00	0.00	0.00	0.00	2.7	NA	42.9	39	1.00	0.00	5.61	27.00	NA	NA	NA	2.59	0.03	7.98	2.56	0.03	5.23	2.53	0.03	2.57	2.48	0.02	-2.48	2.46	0.02	-4.87	2.43	0.02	-7.18
AFS	614488	3140NU7G8	Agency CMBS	G-2-Q	FANNIE MAE	1	4.54	5/1/2029	13857000	 13,857,000 	 -   	13778016.72	13843297.08	99.43	99.9011119	65280.36	7/31/2026	CPY	0	LMMSOFRFLAT	RFRSwap	4.57	4.75	2.58	0.09	0.026	 3,586 	0.01	0.46	2.11	0.00	0.00	0.00	0.00	2.8	NA	39.7	36	1.00	0.00	5.87	26.00	NA	NA	NA	2.66	0.03	8.20	2.63	0.03	5.37	2.61	0.03	2.64	2.55	0.02	-2.54	2.53	0.02	-4.99	2.50	0.02	-7.36
AFS	614413	3140NUA90	Agency CMBS	G-2-Q	FANNIE MAE	1	4.93	1/1/2031	27729000	 27,729,000 	 -   	28112611.87	27872403.63	101.3834	100.5171612	-240208.24	7/31/2026	CPY	0	LMMSOFRFLAT	RFRSwap	4.84	4.62	3.93	0.20	0.040	 10,986 	0.02	0.02	1.02	2.88	0.00	0.00	0.00	4.5	NA	64.8	62	1.00	0.00	5.83	30.00	NA	NA	NA	4.07	0.05	12.86	4.02	0.04	8.35	3.97	0.04	4.07	3.88	0.04	-3.86	3.83	0.04	-7.53	3.79	0.03	-11.02
AFS	614008	3140NUD48	Agency CMBS	G-2-Q	FANNIE MAE	1	4.685	1/1/2029	141550000	 141,550,000 	 -   	141514184	141848097.5	99.9747	100.2105952	333913.54	7/31/2026	CPY	0	LMMSOFRFLAT	RFRSwap	4.58	4.68	2.29	0.07	0.023	 32,647 	0.01	1.17	1.11	0.00	0.00	0.00	0.00	2.5	NA	39.9	36	1.00	0.00	5.57	30.00	NA	NA	NA	2.36	0.03	7.27	2.34	0.02	4.77	2.31	0.02	2.34	2.27	0.02	-2.27	2.25	0.02	-4.47	2.23	0.02	-6.59
AFS	614542	3140NUDT3	Agency CMBS	G-2-Q	FANNIE MAE	0.99330609	4.97	12/1/2030	18946000	 18,819,177 	 129,193.73 	19097157.07	18937370.12	101.4771	100.6280452	-159786.94	7/31/2026	CPY	0	LMMSOFRFLAT	RFRSwap	4.84	4.62	3.76	0.19	0.038	 7,143 	0.03	0.04	1.15	2.54	0.00	0.00	0.00	4.3	NA	65.2	62	0.99	0.00	6.03	31.00	NA	NA	NA	3.90	0.04	12.30	3.85	0.04	7.99	3.80	0.04	3.89	3.71	0.04	-3.70	3.66	0.03	-7.23	3.62	0.03	-10.58
AFS	613957	3140NUE47	Agency CMBS	G-2-Q	FANNIE MAE	1	4.72	12/1/2028	28442000	 28,442,000 	 -   	28264165.84	28501319.94	99.3747	100.2085646	237154.1	7/31/2026	CPY	0	LMMSOFRFLAT	RFRSwap	4.60	4.98	2.20	0.07	0.022	 6,291 	0.02	1.29	0.88	0.00	0.00	0.00	0.00	2.4	NA	42.5	39	1.00	0.00	6.11	31.00	NA	NA	NA	2.26	0.02	6.96	2.24	0.02	4.57	2.22	0.02	2.25	2.18	0.02	-2.18	2.16	0.02	-4.29	2.14	0.02	-6.33
AFS	613456	3140NUE88	Agency CMBS	G-2-Q	FANNIE MAE	1	4.91	12/1/2030	11986000	 11,986,000 	 -   	12118406.67	12010744.92	101.1047	100.2064485	-107661.75	7/31/2026	CPY	0	LMMSOFRFLAT	RFRSwap	4.89	4.66	3.79	0.19	0.038	 4,566 	0.03	0.04	1.15	2.57	0.00	0.00	0.00	4.3	NA	70.2	67	1.00	0.00	6.27	31.00	NA	NA	NA	3.93	0.04	12.34	3.88	0.04	8.02	3.83	0.04	3.91	3.74	0.04	-3.72	3.69	0.03	-7.25	3.65	0.03	-10.62
AFS	612663	3140NUEQ8	Agency CMBS	G-2-Q	FANNIE MAE	1	4.94	12/1/2028	16313000	 16,313,000 	 -   	16305353.28	16415694.98	99.9531	100.6295285	110341.7	7/31/2026	CPY	0	LMMSOFRFLAT	RFRSwap	4.63	4.94	2.19	0.07	0.022	 3,614 	0.03	1.29	0.88	0.00	0.00	0.00	0.00	2.4	NA	45.4	42	1.00	0.00	5.88	31.00	NA	NA	NA	2.26	0.02	6.97	2.24	0.02	4.57	2.21	0.02	2.25	2.17	0.02	-2.18	2.15	0.02	-4.29	2.13	0.02	-6.34
AFS	614647	3140NUF38	Agency CMBS	G-2-Q	FANNIE MAE	1	4.575	1/1/2029	49020000	 49,020,000 	 -   	49031591.3	49032244.36	100.0236	100.0249783	653.07	7/31/2026	CPY	0	LMMSOFRFLAT	RFRSwap	4.55	4.55	2.30	0.07	0.023	 11,298 	0.01	1.17	1.12	0.00	0.00	0.00	0.00	2.5	NA	36.9	33	1.00	0.00	5.47	30.00	NA	NA	NA	2.36	0.03	7.27	2.34	0.02	4.76	2.32	0.02	2.34	2.27	0.02	-2.27	2.25	0.02	-4.46	2.23	0.02	-6.59
AFS	612656	3140NUFS3	Agency CMBS	G-2-Q	FANNIE MAE	1	5.13	1/1/2029	36000000	 36,000,000 	 -   	36096018.69	36355117	100.2667	100.9864361	259098.3	7/31/2026	CPY	0	LMMSOFRFLAT	RFRSwap	4.69	5.00	2.28	0.07	0.023	 8,328 	0.02	1.16	1.10	0.00	0.00	0.00	0.00	2.5	NA	50.6	47	1.00	0.00	6.34	30.00	NA	NA	NA	2.35	0.03	7.29	2.33	0.02	4.78	2.30	0.02	2.35	2.26	0.02	-2.28	2.24	0.02	-4.48	2.22	0.02	-6.62
AFS	612769	3140NUGP8	Agency CMBS	G-2-Q	FANNIE MAE	1	4.97	1/1/2029	63423000	 63,423,000 	 -   	63811946.4	63916553.98	100.6133	100.778194	104607.58	7/31/2026	CPY	0	LMMSOFRFLAT	RFRSwap	4.62	4.69	2.29	0.07	0.023	 14,667 	0.02	1.16	1.11	0.00	0.00	0.00	0.00	2.5	NA	43.8	40	1.00	0.00	5.98	30.00	NA	NA	NA	2.35	0.03	7.29	2.33	0.02	4.78	2.31	0.02	2.35	2.26	0.02	-2.28	2.24	0.02	-4.48	2.22	0.02	-6.61
AFS	612653	3140NUH36	Agency CMBS	G-2-Q	FANNIE MAE	1	4.715	1/1/2031	18769000	 18,769,000 	 -   	18883152.22	18735157.9	100.6082	99.8196915	-147994.32	7/31/2026	CPY	0	LMMSOFRFLAT	RFRSwap	4.80	4.60	3.90	0.20	0.039	 7,330 	0.02	0.03	1.03	2.82	0.00	0.00	0.00	4.4	NA	60.7	57	1.00	0.00	5.78	30.00	NA	NA	NA	4.04	0.05	12.67	3.99	0.04	8.23	3.94	0.04	4.01	3.85	0.04	-3.81	3.80	0.04	-7.43	3.76	0.03	-10.87
AFS	614430	3140NUJK6	Agency CMBS	G-2-Q	FANNIE MAE	1	4.96	2/1/2029	17000000	 17,000,000 	 -   	17040604.68	17116997.96	100.2389	100.6882233	76393.27	7/31/2026	CPY	0	LMMSOFRFLAT	RFRSwap	4.66	4.85	2.36	0.08	0.024	 4,055 	0.02	0.99	1.35	0.00	0.00	0.00	0.00	2.6	NA	47.9	45	1.00	0.00	5.64	29.00	NA	NA	NA	2.43	0.03	7.53	2.41	0.03	4.93	2.38	0.02	2.43	2.34	0.02	-2.35	2.31	0.02	-4.62	2.29	0.02	-6.81
AFS	614218	3140NUJY6	Agency CMBS	G-2-Q	FANNIE MAE	0.993844159	4.87	1/1/2031	19514000	 19,393,875 	 121,943.43 	19624753.24	19471238.02	101.1905	100.3989048	-153515.23	7/31/2026	CPY	0	LMMSOFRFLAT	RFRSwap	4.80	4.60	3.82	0.19	0.039	 7,471 	0.03	0.04	1.02	2.74	0.00	0.00	0.00	4.4	NA	61.3	58	0.99	0.00	5.77	30.00	NA	NA	NA	3.97	0.04	12.49	3.92	0.04	8.11	3.87	0.04	3.95	3.77	0.04	-3.76	3.73	0.03	-7.33	3.68	0.03	-10.73
AFS	614729	3140NUJZ3	Agency CMBS	G-2-Q	FANNIE MAE	1	4.8	2/1/2031	37090000	 37,090,000 	 -   	37133644.66	37131684.12	100.1177	100.1123864	-1960.54	7/31/2026	CPY	0	LMMSOFRFLAT	RFRSwap	4.81	4.81	3.98	0.21	0.040	 14,850 	0.01	0.02	0.89	3.07	0.00	0.00	0.00	4.5	NA	61.9	59	1.00	0.00	5.76	29.00	NA	NA	NA	4.13	0.05	13.01	4.08	0.04	8.44	4.03	0.04	4.11	3.94	0.04	-3.90	3.89	0.04	-7.61	3.84	0.03	-11.13
AFS	613169	3140NULF4	Agency CMBS	G-2-Q	FANNIE MAE	1	4.58	1/1/2031	7145000	 7,145,000 	 -   	7103012.46	7114041.74	99.4124	99.5667143	11029.27	7/31/2026	CPY	0	LMMSOFRFLAT	RFRSwap	4.73	4.77	3.87	0.20	0.039	 2,762 	0.02	0.03	1.02	2.79	0.00	0.00	0.00	4.4	NA	53.6	50	1.00	0.00	5.69	30.00	NA	NA	NA	4.01	0.05	12.54	3.96	0.04	8.14	3.92	0.04	3.97	3.82	0.04	-3.77	3.77	0.03	-7.35	3.73	0.03	-10.76
AFS	613069	3140NULP2	Agency CMBS	G-2-Q	FANNIE MAE	1	4.82	1/1/2029	3622000	 3,622,000 	 -   	3622000	3641625.72	100	100.5418477	19625.72	7/31/2026	CPY	0	LMMSOFRFLAT	RFRSwap	4.57	4.80	2.27	0.07	0.023	 830 	0.02	1.16	1.09	0.00	0.00	0.00	0.00	2.5	NA	38.8	35	1.00	0.00	6.36	30.00	NA	NA	NA	2.34	0.03	7.23	2.32	0.02	4.74	2.29	0.02	2.33	2.25	0.02	-2.26	2.23	0.02	-4.44	2.21	0.02	-6.56
AFS	613487	3140NUPW3	Agency CMBS	G-2-Q	FANNIE MAE	1	4.82	3/1/2031	36327000	 36,327,000 	 -   	36763985.98	36399080.51	101.2029	100.1984213	-364905.47	7/31/2026	CPY	0	LMMSOFRFLAT	RFRSwap	4.81	4.57	4.06	0.21	0.041	 14,844 	0.01	0.01	0.72	3.32	0.00	0.00	0.00	4.7	NA	61.9	59	1.00	0.00	5.42	28.00	NA	NA	NA	4.21	0.05	13.29	4.16	0.05	8.62	4.11	0.04	4.20	4.01	0.04	-3.98	3.96	0.04	-7.76	3.92	0.03	-11.34
AFS	613656	3140NUPX1	Agency CMBS	G-2-Q	FANNIE MAE	1	4.82	3/1/2031	33715000	 33,715,000 	 -   	34120565.69	33781897.74	101.2029	100.1984213	-338667.95	7/31/2026	CPY	0	LMMSOFRFLAT	RFRSwap	4.81	4.57	4.06	0.21	0.041	 13,776 	0.01	0.01	0.72	3.32	0.00	0.00	0.00	4.7	NA	61.9	59	1.00	0.00	5.42	28.00	NA	NA	NA	4.21	0.05	13.29	4.16	0.05	8.62	4.11	0.04	4.20	4.01	0.04	-3.98	3.96	0.04	-7.76	3.92	0.03	-11.34
AFS	613584	3140NURA9	Agency CMBS	G-2-Q	FANNIE MAE	1	4.76	2/1/2029	44525000	 44,525,000 	 -   	44273653.69	44692775.41	99.4355	100.3768117	419121.71	7/31/2026	CPY	0	LMMSOFRFLAT	RFRSwap	4.59	4.99	2.36	0.08	0.024	 10,611 	0.01	0.99	1.36	0.00	0.00	0.00	0.00	2.6	NA	41.1	38	1.00	0.00	5.90	29.00	NA	NA	NA	2.44	0.03	7.52	2.41	0.03	4.93	2.39	0.02	2.42	2.34	0.02	-2.34	2.32	0.02	-4.61	2.30	0.02	-6.81
AFS	613068	3140NUTD1	Agency CMBS	G-2-Q	FANNIE MAE	1	4.35	2/1/2029	22150000	 22,150,000 	 -   	22200746.31	22037174.97	100.2291	99.4906319	-163571.34	7/31/2026	CPY	0	LMMSOFRFLAT	RFRSwap	4.55	4.24	2.38	0.08	0.024	 5,255 	0.01	1.00	1.37	0.00	0.00	0.00	0.00	2.6	NA	37.2	34	1.00	0.00	5.14	29.00	NA	NA	NA	2.45	0.03	7.49	2.42	0.03	4.91	2.40	0.02	2.41	2.35	0.02	-2.33	2.33	0.02	-4.59	2.31	0.02	-6.78
AFS	614449	3140NUUL1	Agency CMBS	G-2-Q	FANNIE MAE	1	4.26	3/1/2029	42315000	 42,315,000 	 -   	41550250.15	41986287.81	98.1927	99.2231781	436037.67	7/31/2026	CPY	0	LMMSOFRFLAT	RFRSwap	4.56	4.98	2.45	0.08	0.024	 10,308 	0.01	0.83	1.60	0.00	0.00	0.00	0.00	2.7	NA	38.7	35	1.00	0.00	5.35	28.00	NA	NA	NA	2.52	0.03	7.70	2.50	0.03	5.04	2.47	0.03	2.48	2.42	0.02	-2.39	2.40	0.02	-4.71	2.38	0.02	-6.95
AFS	614549	3140NUXW4	Agency CMBS	G-2-Q	FANNIE MAE	1	4.71	3/1/2029	30797000	 30,797,000 	 -   	30772692.75	30868847.98	99.9211	100.2332954	96155.23	7/31/2026	CPY	0	LMMSOFRFLAT	RFRSwap	4.60	4.73	2.43	0.08	0.024	 7,540 	0.01	0.83	1.59	0.00	0.00	0.00	0.00	2.7	NA	42.7	39	1.00	0.00	5.55	28.00	NA	NA	NA	2.51	0.03	7.74	2.48	0.03	5.07	2.46	0.03	2.49	2.41	0.02	-2.41	2.39	0.02	-4.73	2.36	0.02	-6.98
AFS	613516	3140NUZY8	Agency CMBS	G-2-Q	FANNIE MAE	1	4.29	4/1/2029	33201000	 33,201,000 	 -   	32646261.4	32961345.29	98.3292	99.2781702	315083.89	7/31/2026	CPY	0	LMMSOFRFLAT	RFRSwap	4.56	4.94	2.52	0.09	0.025	 8,336 	0.01	0.65	1.86	0.00	0.00	0.00	0.00	2.7	NA	39.0	35	1.00	0.00	5.51	27.00	NA	NA	NA	2.60	0.03	7.95	2.57	0.03	5.20	2.55	0.03	2.56	2.49	0.02	-2.47	2.47	0.02	-4.85	2.45	0.02	-7.15
AFS	613774	3140NV2Q9	Agency CMBS	G-2-Q	FANNIE MAE	0.982251982	4.36	9/1/2029	39912000	 39,203,641 	 424,879.79 	39165690.09	38903491.4	99.9032	99.2343831	-262198.68	7/31/2026	CPY	0	LMMSOFRFLAT	RFRSwap	4.63	4.40	2.82	0.11	0.028	 11,027 	0.02	0.03	2.56	0.22	0.00	0.00	0.00	3.1	NA	45.5	42	0.98	0.00	5.30	22.00	NA	NA	NA	2.92	0.03	8.96	2.89	0.03	5.85	2.86	0.03	2.87	2.79	0.03	-2.76	2.76	0.03	-5.41	2.73	0.03	-7.97
AFS	614852	3140NV2S5	Agency CMBS	G-2-Q	FANNIE MAE	1	4.39	8/1/2029	14472000	 14,472,000 	 -   	14496851.63	14376018.64	100.1717	99.3367789	-120832.99	7/31/2026	CPY	0	LMMSOFRFLAT	RFRSwap	4.63	4.33	2.74	0.11	0.027	 3,957 	0.02	0.03	2.59	0.10	0.00	0.00	0.00	3.0	NA	45.3	42	1.00	0.00	5.23	23.00	NA	NA	NA	2.84	0.03	8.70	2.80	0.03	5.69	2.77	0.03	2.79	2.71	0.03	-2.68	2.68	0.03	-5.27	2.65	0.02	-7.75
AFS	613869	3140NV3N5	Agency CMBS	G-2-Q	FANNIE MAE	1	4.255	10/1/2029	25699000	 25,699,000 	 -   	25516604.02	25448053.12	99.2903	99.023515	-68550.9	7/31/2026	CPY	0	LMMSOFRFLAT	RFRSwap	4.59	4.50	2.95	0.12	0.029	 7,525 	0.01	0.00	2.58	0.35	0.00	0.00	0.00	3.2	NA	41.4	38	1.00	0.00	5.45	21.00	NA	NA	NA	3.04	0.03	9.34	3.01	0.03	6.10	2.98	0.03	2.99	2.92	0.03	-2.87	2.89	0.03	-5.63	2.86	0.03	-8.28
AFS	614104	3140NV3U9	Agency CMBS	G-2-Q	FANNIE MAE	1	4.42	9/1/2029	18445000	 18,445,000 	 -   	18446405.92	18359438.59	100.0076	99.5361268	-86967.33	7/31/2026	CPY	0	LMMSOFRFLAT	RFRSwap	4.59	4.42	2.87	0.11	0.029	 5,286 	0.01	0.01	2.62	0.23	0.00	0.00	0.00	3.2	NA	40.9	37	1.00	0.00	5.16	22.00	NA	NA	NA	2.96	0.03	9.13	2.93	0.03	5.96	2.90	0.03	2.92	2.84	0.03	-2.81	2.81	0.03	-5.51	2.78	0.03	-8.11
AFS	614428	3140NV4F1	Agency CMBS	G-2-Q	FANNIE MAE	1	4.25	9/1/2031	19340000	 19,340,000 	 -   	19406658.34	18924566.24	100.3447	97.8519454	-482092.1	7/31/2026	CPY	0	LMMSOFRFLAT	RFRSwap	4.77	4.21	4.50	0.26	0.044	 8,548 	0.01	0.00	0.01	4.34	0.14	0.00	0.00	5.2	NA	56.3	53	1.00	0.00	5.10	22.00	NA	NA	NA	4.68	0.05	14.49	4.62	0.05	9.37	4.56	0.05	4.55	4.44	0.04	-4.29	4.39	0.04	-8.35	4.33	0.04	-12.18
AFS	613713	3140NV6R3	Agency CMBS	G-2-Q	FANNIE MAE	1	4.055	9/1/2031	55800000	 55,800,000 	 -   	55366291.47	54060044.51	99.2227	96.8818002	-1306246.96	7/31/2026	CPY	0	LMMSOFRFLAT	RFRSwap	4.79	4.26	4.47	0.26	0.043	 24,248 	0.01	0.01	0.06	4.25	0.14	0.00	0.00	5.1	NA	58.8	56	1.00	0.00	5.26	22.00	NA	NA	NA	4.65	0.05	14.24	4.59	0.05	9.21	4.53	0.05	4.47	4.41	0.04	-4.22	4.36	0.04	-8.21	4.30	0.04	-11.98
AFS	613904	3140NV6S1	Agency CMBS	G-2-Q	FANNIE MAE	1	4.06	9/1/2029	31900000	 31,900,000 	 -   	32025212.31	31417920.56	100.3925	98.4887792	-607291.75	7/31/2026	CPY	0	LMMSOFRFLAT	RFRSwap	4.59	3.93	2.88	0.11	0.028	 9,089 	0.01	0.00	2.65	0.23	0.00	0.00	0.00	3.2	NA	40.9	37	1.00	0.00	5.05	22.00	NA	NA	NA	2.98	0.03	9.08	2.95	0.03	5.93	2.91	0.03	2.91	2.85	0.03	-2.79	2.82	0.03	-5.48	2.79	0.03	-8.07
AFS	612655	3140NV6V4	Agency CMBS	G-2-Q	FANNIE MAE	1	4.39	9/1/2029	60900000	 60,900,000 	 -   	61234532.05	60564348.31	100.5493	99.4488478	-670183.74	7/31/2026	CPY	0	LMMSOFRFLAT	RFRSwap	4.59	4.21	2.87	0.11	0.029	 17,444 	0.01	0.01	2.63	0.23	0.00	0.00	0.00	3.2	NA	40.9	37	1.00	0.00	5.23	22.00	NA	NA	NA	2.96	0.03	9.13	2.93	0.03	5.96	2.90	0.03	2.92	2.84	0.03	-2.81	2.81	0.03	-5.51	2.78	0.03	-8.11
AFS	613260	3140NVBY2	Agency CMBS	G-2-Q	FANNIE MAE	1	4.955	5/1/2029	34152000	 34,152,000 	 -   	34152000	34381638.59	100	100.6724016	229638.59	7/31/2026	CPY	0	LMMSOFRFLAT	RFRSwap	4.69	4.95	2.57	0.09	0.026	 8,862 	0.02	0.46	2.09	0.00	0.00	0.00	0.00	2.8	NA	51.4	48	1.00	0.00	6.05	26.00	NA	NA	NA	2.65	0.03	8.23	2.62	0.03	5.38	2.59	0.03	2.64	2.54	0.03	-2.55	2.51	0.02	-5.01	2.49	0.02	-7.38
AFS	613033	3140NVD79	Agency CMBS	G-2-Q	FANNIE MAE	1	4.95	5/1/2029	27251000	 27,251,000 	 -   	27254379.78	27437772.55	100.0124	100.6853787	183392.77	7/31/2026	CPY	0	LMMSOFRFLAT	RFRSwap	4.68	4.94	2.57	0.09	0.026	 7,073 	0.02	0.46	2.09	0.00	0.00	0.00	0.00	2.8	NA	50.5	47	1.00	0.00	5.89	26.00	NA	NA	NA	2.65	0.03	8.23	2.62	0.03	5.38	2.59	0.03	2.64	2.54	0.03	-2.55	2.51	0.02	-5.01	2.49	0.02	-7.38
AFS	614585	3140NVFJ1	Agency CMBS	G-2-Q	FANNIE MAE	1	4.65	6/1/2029	31209000	 31,209,000 	 -   	31116665.59	31236607.23	99.7041	100.0884592	119941.64	7/31/2026	CPY	0	LMMSOFRFLAT	RFRSwap	4.61	4.76	2.65	0.10	0.027	 8,299 	0.01	0.25	2.38	0.00	0.00	0.00	0.00	2.9	NA	43.8	40	1.00	0.00	5.77	25.00	NA	NA	NA	2.73	0.03	8.44	2.70	0.03	5.52	2.67	0.03	2.71	2.62	0.03	-2.61	2.59	0.02	-5.13	2.56	0.02	-7.55
AFS	614177	3140NVG43	Agency CMBS	G-2-Q	FANNIE MAE	1	4.61	7/1/2031	48914000	 48,914,000 	 -   	49005270.68	48688869.35	100.1866	99.5397419	-316401.33	7/31/2026	CPY	0	LMMSOFRFLAT	RFRSwap	4.76	4.61	4.33	0.24	0.043	 21,180 	0.01	0.01	0.06	4.26	0.00	0.00	0.00	5.0	NA	55.8	52	1.00	0.00	5.56	24.00	NA	NA	NA	4.51	0.05	14.16	4.45	0.05	9.17	4.39	0.05	4.45	4.28	0.04	-4.21	4.22	0.04	-8.19	4.17	0.04	-11.96
AFS	614350	3140NVGM3	Agency CMBS	G-2-Q	FANNIE MAE	1	4.73	6/1/2031	12004000	 12,004,000 	 -   	11976334.53	11974667.34	99.7695	99.7556426	-1667.19	7/31/2026	CPY	0	LMMSOFRFLAT	RFRSwap	4.83	4.83	4.22	0.23	0.042	 5,071 	0.01	0.03	0.27	3.91	0.00	0.00	0.00	4.8	NA	63.1	60	1.00	0.00	5.84	25.00	NA	NA	NA	4.39	0.05	13.79	4.33	0.05	8.93	4.27	0.04	4.34	4.16	0.04	-4.11	4.11	0.04	-8.00	4.06	0.04	-11.69
AFS	612648	3140NVNU7	Agency CMBS	G-2-Q	FANNIE MAE	1	4.69	7/1/2029	76800000	 76,800,000 	 -   	76915221.39	76946434.79	100.15	100.1906703	31213.4	7/31/2026	CPY	0	LMMSOFRFLAT	RFRSwap	4.62	4.63	2.71	0.10	0.027	 20,950 	0.01	0.05	2.65	0.00	0.00	0.00	0.00	3.0	NA	44.5	41	1.00	0.00	5.98	24.00	NA	NA	NA	2.80	0.03	8.67	2.77	0.03	5.67	2.74	0.03	2.78	2.68	0.03	-2.68	2.65	0.03	-5.25	2.63	0.02	-7.74
AFS	614641	3140NVPP6	Agency CMBS	G-2-Q	FANNIE MAE	1	4.78	6/1/2029	45357000	 45,357,000 	 -   	45155655.42	45555494.75	99.5561	100.4376276	399839.33	7/31/2026	CPY	0	LMMSOFRFLAT	RFRSwap	4.61	4.95	2.64	0.10	0.027	 12,084 	0.01	0.25	2.38	0.00	0.00	0.00	0.00	2.9	NA	43.8	40	1.00	0.00	5.71	25.00	NA	NA	NA	2.73	0.03	8.46	2.70	0.03	5.53	2.67	0.03	2.71	2.61	0.03	-2.62	2.59	0.02	-5.14	2.56	0.02	-7.57
AFS	612407	3140NVSX6	Agency CMBS	G-2-Q	FANNIE MAE	1	4.39	8/1/2029	39907000	 39,907,000 	 -   	40003471.43	39691759.04	100.2417	99.4606436	-311712.38	7/31/2026	CPY	0	LMMSOFRFLAT	RFRSwap	4.58	4.31	2.80	0.11	0.028	 11,139 	0.01	0.01	2.68	0.10	0.00	0.00	0.00	3.1	NA	40.7	37	1.00	0.00	5.58	23.00	NA	NA	NA	2.89	0.03	8.88	2.86	0.03	5.81	2.83	0.03	2.85	2.77	0.03	-2.74	2.74	0.03	-5.37	2.71	0.02	-7.91
AFS	614296	3140NVT56	Agency CMBS	G-2-Q	FANNIE MAE	1	4.62	8/1/2029	25240000	 25,240,000 	 -   	25403297.99	25268434.35	100.647	100.1126559	-134863.64	7/31/2026	CPY	0	LMMSOFRFLAT	RFRSwap	4.58	4.39	2.79	0.11	0.028	 7,070 	0.01	0.01	2.66	0.10	0.00	0.00	0.00	3.1	NA	40.7	37	1.00	0.00	5.86	23.00	NA	NA	NA	2.88	0.03	8.92	2.85	0.03	5.83	2.82	0.03	2.86	2.76	0.03	-2.75	2.73	0.03	-5.39	2.70	0.02	-7.94
AFS	613452	3140NVWQ6	Agency CMBS	G-2-Q	FANNIE MAE	1	4.39	8/1/2031	7085000	 7,085,000 	 -   	7128627.56	6963241.43	100.6158	98.2814598	-165386.13	7/31/2026	CPY	0	LMMSOFRFLAT	RFRSwap	4.82	4.29	4.40	0.25	0.043	 3,074 	0.01	0.01	0.05	4.27	0.06	0.00	0.00	5.0	NA	61.8	58	1.00	0.00	5.37	23.00	NA	NA	NA	4.57	0.05	14.21	4.51	0.05	9.19	4.46	0.05	4.47	4.34	0.04	-4.22	4.29	0.04	-8.21	4.23	0.04	-11.98
AFS	614046	3140NVWT0	Agency CMBS	G-2-Q	FANNIE MAE	1	4.33	8/1/2029	17220000	 17,220,000 	 -   	17221522.45	17075077.5	100.0088	99.1584059	-146444.95	7/31/2026	CPY	0	LMMSOFRFLAT	RFRSwap	4.63	4.33	2.78	0.11	0.028	 4,761 	0.02	0.03	2.64	0.10	0.00	0.00	0.00	3.0	NA	45.5	42	1.00	0.00	5.72	23.00	NA	NA	NA	2.87	0.03	8.80	2.84	0.03	5.75	2.81	0.03	2.82	2.75	0.03	-2.71	2.72	0.03	-5.32	2.69	0.02	-7.84
AFS	614633	3140NVX69	Agency CMBS	G-2-Q	FANNIE MAE	1	4.42	8/1/2029	16813000	 16,813,000 	 -   	16863878.67	16715157.87	100.3026	99.4180567	-148720.8	7/31/2026	CPY	0	LMMSOFRFLAT	RFRSwap	4.63	4.31	2.75	0.11	0.027	 4,613 	0.02	0.03	2.60	0.10	0.00	0.00	0.00	3.0	NA	45.4	42	1.00	0.00	6.05	23.00	NA	NA	NA	2.84	0.03	8.73	2.81	0.03	5.71	2.78	0.03	2.80	2.72	0.03	-2.69	2.69	0.03	-5.28	2.66	0.02	-7.78
AFS	613825	3140NVY76	Agency CMBS	G-2-Q	FANNIE MAE	1	4.33	8/1/2029	53458000	 53,458,000 	 -   	53673601.08	53078744.04	100.4033	99.2905534	-594857.04	7/31/2026	CPY	0	LMMSOFRFLAT	RFRSwap	4.58	4.19	2.80	0.11	0.028	 14,907 	0.01	0.01	2.68	0.10	0.00	0.00	0.00	3.1	NA	40.7	37	1.00	0.00	5.55	23.00	NA	NA	NA	2.89	0.03	8.88	2.86	0.03	5.80	2.83	0.03	2.84	2.77	0.03	-2.74	2.74	0.03	-5.37	2.71	0.02	-7.90
AFS	614332	3140NVZH3	Agency CMBS	G-2-Q	FANNIE MAE	1	4.5	8/1/2029	41332000	 41,332,000 	 -   	41548520.51	41183634.36	100.5239	99.6410393	-364886.14	7/31/2026	CPY	0	LMMSOFRFLAT	RFRSwap	4.63	4.31	2.74	0.11	0.027	 11,345 	0.02	0.03	2.59	0.10	0.00	0.00	0.00	3.0	NA	45.4	42	1.00	0.00	5.79	23.00	NA	NA	NA	2.84	0.03	8.73	2.81	0.03	5.71	2.78	0.03	2.80	2.71	0.03	-2.69	2.69	0.03	-5.29	2.66	0.02	-7.78
AFS	613060	3140NVZV2	Agency CMBS	G-2-Q	FANNIE MAE	1	4.34	9/1/2029	64325000	 64,325,000 	 -   	64235608.53	63876901.05	99.861	99.3033829	-358707.48	7/31/2026	CPY	0	LMMSOFRFLAT	RFRSwap	4.59	4.39	2.87	0.11	0.029	 18,410 	0.01	0.01	2.63	0.23	0.00	0.00	0.00	3.2	NA	40.9	37	1.00	0.00	5.13	22.00	NA	NA	NA	2.97	0.03	9.12	2.93	0.03	5.96	2.90	0.03	2.92	2.84	0.03	-2.81	2.81	0.03	-5.51	2.78	0.03	-8.10
AFS	614238	3140NVZX8	Agency CMBS	G-2-Q	FANNIE MAE	1	4.265	10/1/2029	32262000	 32,262,000 	 -   	32042275.64	31956583.94	99.3189	99.0533257	-85691.71	7/31/2026	CPY	0	LMMSOFRFLAT	RFRSwap	4.59	4.50	2.95	0.12	0.029	 9,448 	0.01	0.00	2.58	0.35	0.00	0.00	0.00	3.2	NA	41.4	38	1.00	0.00	5.21	21.00	NA	NA	NA	3.04	0.03	9.34	3.01	0.03	6.10	2.98	0.03	2.99	2.92	0.03	-2.87	2.89	0.03	-5.63	2.86	0.03	-8.28
AFS	613522	3140NWA70	Agency CMBS	G-2-Q	FANNIE MAE	1	4.03	9/1/2031	21547000	 21,547,000 	 -   	21495037.24	20897892.66	99.7588	96.9874816	-597144.58	7/31/2026	CPY	0	LMMSOFRFLAT	RFRSwap	4.74	4.12	4.47	0.26	0.044	 9,378 	0.01	0.01	0.06	4.26	0.14	0.00	0.00	5.1	NA	53.9	51	1.00	0.00	5.19	22.00	NA	NA	NA	4.65	0.05	14.26	4.59	0.05	9.23	4.53	0.05	4.48	4.42	0.04	-4.23	4.36	0.04	-8.23	4.30	0.04	-12.00
AFS	614148	3140NWAL9	Agency CMBS	G-2-Q	FANNIE MAE	1	4.285	9/1/2029	25000000	 25,000,000 	 -   	24846171.94	24785842.88	99.3847	99.1433715	-60329.06	7/31/2026	CPY	0	LMMSOFRFLAT	RFRSwap	4.59	4.50	2.87	0.11	0.029	 7,149 	0.01	0.00	2.63	0.23	0.00	0.00	0.00	3.2	NA	40.9	37	1.00	0.00	5.18	22.00	NA	NA	NA	2.97	0.03	9.11	2.94	0.03	5.95	2.90	0.03	2.92	2.84	0.03	-2.80	2.81	0.03	-5.50	2.78	0.03	-8.10
AFS	614515	3140NWAP0	Agency CMBS	G-2-Q	FANNIE MAE	1	4.19	9/1/2029	104745000	 104,745,000 	 -   	104164897.1	103558226.7	99.4462	98.8669881	-606670.4	7/31/2026	CPY	0	LMMSOFRFLAT	RFRSwap	4.59	4.39	2.88	0.11	0.029	 29,907 	0.01	0.00	2.64	0.23	0.00	0.00	0.00	3.2	NA	40.9	37	1.00	0.00	4.99	22.00	NA	NA	NA	2.97	0.03	9.10	2.94	0.03	5.94	2.91	0.03	2.91	2.85	0.03	-2.80	2.82	0.03	-5.49	2.79	0.03	-8.08
AFS	614267	3140NWAV7	Agency CMBS	G-2-Q	FANNIE MAE	1	4.315	10/1/2029	23140000	 23,140,000 	 -   	23103109.29	22955430.45	99.8406	99.2023788	-147678.84	7/31/2026	CPY	0	LMMSOFRFLAT	RFRSwap	4.59	4.37	2.94	0.12	0.029	 6,782 	0.01	0.00	2.58	0.35	0.00	0.00	0.00	3.2	NA	41.4	38	1.00	0.00	5.21	21.00	NA	NA	NA	3.04	0.03	9.35	3.01	0.03	6.10	2.98	0.03	2.99	2.91	0.03	-2.87	2.88	0.03	-5.64	2.85	0.03	-8.29
AFS	614035	3140NWBL8	Agency CMBS	G-2-Q	FANNIE MAE	1	4.5	9/1/2029	50105000	 50,105,000 	 -   	50296145.31	49989192.66	100.3815	99.7688707	-306952.65	7/31/2026	CPY	0	LMMSOFRFLAT	RFRSwap	4.59	4.38	2.87	0.11	0.029	 14,377 	0.01	0.01	2.62	0.23	0.00	0.00	0.00	3.2	NA	40.9	37	1.00	0.00	5.19	22.00	NA	NA	NA	2.96	0.03	9.14	2.93	0.03	5.97	2.90	0.03	2.93	2.84	0.03	-2.81	2.81	0.03	-5.52	2.78	0.03	-8.12
AFS	614256	3140NWDG7	Agency CMBS	G-2-Q	FANNIE MAE	1	4.01	9/1/2029	11006000	 11,006,000 	 -   	10961010.03	10809767.29	99.5912	98.2170388	-151242.74	7/31/2026	CPY	0	LMMSOFRFLAT	RFRSwap	4.64	4.15	2.86	0.11	0.028	 3,104 	0.01	0.02	2.60	0.22	0.00	0.00	0.00	3.1	NA	45.6	42	1.00	0.00	5.22	22.00	NA	NA	NA	2.96	0.03	8.99	2.92	0.03	5.87	2.89	0.03	2.88	2.83	0.03	-2.77	2.80	0.03	-5.43	2.77	0.03	-7.99
AFS	614149	3140NWDS1	Agency CMBS	G-2-Q	FANNIE MAE	1	4.35	9/1/2031	32046000	 32,046,000 	 -   	32219266.09	31475487.63	100.5407	98.219708	-743778.47	7/31/2026	CPY	0	LMMSOFRFLAT	RFRSwap	4.79	4.27	4.49	0.26	0.044	 14,187 	0.01	0.01	0.01	4.32	0.14	0.00	0.00	5.2	NA	58.3	55	1.00	0.00	5.66	22.00	NA	NA	NA	4.67	0.05	14.51	4.61	0.05	9.39	4.55	0.05	4.56	4.43	0.04	-4.30	4.38	0.04	-8.36	4.32	0.04	-12.20
AFS	613720	3140NWEA9	Agency CMBS	G-2-Q	FANNIE MAE	1	4.08	9/1/2029	10660000	 10,660,000 	 -   	10635149.43	10493746.17	99.7669	98.4403956	-141403.26	7/31/2026	CPY	0	LMMSOFRFLAT	RFRSwap	4.63	4.16	2.82	0.11	0.028	 2,974 	0.02	0.03	2.55	0.22	0.00	0.00	0.00	3.1	NA	45.4	42	1.00	0.00	4.92	22.00	NA	NA	NA	2.92	0.03	8.89	2.89	0.03	5.81	2.86	0.03	2.85	2.79	0.03	-2.74	2.76	0.03	-5.37	2.73	0.02	-7.90
AFS	613239	3140NWFP5	Agency CMBS	G-2-Q	FANNIE MAE	1	4.15	10/1/2029	9621000	 9,621,000 	 -   	9554222.31	9496937.53	99.3059	98.7105034	-57284.77	7/31/2026	CPY	0	LMMSOFRFLAT	RFRSwap	4.59	4.39	2.95	0.12	0.029	 2,812 	0.01	0.00	2.59	0.35	0.00	0.00	0.00	3.2	NA	41.4	38	1.00	0.00	4.99	21.00	NA	NA	NA	3.05	0.03	9.32	3.01	0.03	6.09	2.98	0.03	2.98	2.92	0.03	-2.87	2.89	0.03	-5.62	2.86	0.03	-8.27
AFS	613286	3140NWGG4	Agency CMBS	G-2-Q	FANNIE MAE	1	4.35	10/1/2029	7418000	 7,418,000 	 -   	7418000	7366572.19	100	99.306716	-51427.81	7/31/2026	CPY	0	LMMSOFRFLAT	RFRSwap	4.59	4.36	2.94	0.12	0.029	 2,175 	0.01	0.01	2.58	0.35	0.00	0.00	0.00	3.2	NA	41.4	38	1.00	0.00	5.39	21.00	NA	NA	NA	3.04	0.03	9.35	3.01	0.03	6.11	2.97	0.03	2.99	2.91	0.03	-2.87	2.88	0.03	-5.64	2.85	0.03	-8.30
AFS	614527	3140NWJ30	Agency CMBS	G-2-Q	FANNIE MAE	1	3.96	10/1/2029	13580000	 13,580,000 	 -   	13502404.29	13310585.61	99.4286	98.0160943	-191818.68	7/31/2026	CPY	0	LMMSOFRFLAT	RFRSwap	4.64	4.16	2.94	0.12	0.029	 3,921 	0.01	0.02	2.56	0.34	0.00	0.00	0.00	3.2	NA	46.1	42	1.00	0.00	5.19	21.00	NA	NA	NA	3.03	0.03	9.21	3.00	0.03	6.01	2.97	0.03	2.95	2.91	0.03	-2.83	2.88	0.03	-5.55	2.85	0.03	-8.17
AFS	613662	3140NWLK9	Agency CMBS	G-2-Q	FANNIE MAE	1	4.2	10/1/2029	16623000	 16,623,000 	 -   	16679817.28	16433424.09	100.3418	98.8595566	-246393.18	7/31/2026	CPY	0	LMMSOFRFLAT	RFRSwap	4.59	4.09	2.95	0.12	0.029	 4,863 	0.01	0.00	2.59	0.35	0.00	0.00	0.00	3.2	NA	41.4	38	1.00	0.00	4.89	21.00	NA	NA	NA	3.04	0.03	9.33	3.01	0.03	6.09	2.98	0.03	2.98	2.92	0.03	-2.87	2.89	0.03	-5.62	2.86	0.03	-8.27
AFS	653481	3140NWRR8	Agency CMBS	G-2-Q	FANNIE MAE	1	4.35	10/1/2034	59730000	 59,730,000 	 -   	58769678.14	57626694.3	98.3922	96.4786444	-1142983.84	7/31/2026	CPY	0	LMMSOFRFLAT	RFRSwap	4.94	4.65	6.67	0.56	0.065	 38,599 	0.01	0.01	0.01	2.42	4.22	0.00	0.00	8.2	NA	64.8	61	1.00	0.00	5.16	21.00	NA	NA	NA	7.03	0.08	22.09	6.91	0.08	14.09	6.79	0.07	6.74	6.56	0.06	-6.20	6.44	0.05	-11.90	6.32	0.05	-17.15
AFS	614099	3140NWSS5	Agency CMBS	G-2-Q	FANNIE MAE	1	4.31	11/1/2029	43563000	 43,563,000 	 -   	43323451.08	43106258.63	99.4501	98.9515383	-217192.45	7/31/2026	CPY	0	LMMSOFRFLAT	RFRSwap	4.67	4.50	2.96	0.12	0.029	 12,817 	0.02	0.03	2.44	0.47	0.00	0.00	0.00	3.3	NA	49.1	46	1.00	0.00	5.25	20.00	NA	NA	NA	3.06	0.03	9.39	3.03	0.03	6.13	3.00	0.03	3.00	2.93	0.03	-2.88	2.90	0.03	-5.65	2.87	0.03	-8.32
AFS	614151	3140NWVA0	Agency CMBS	G-2-Q	FANNIE MAE	1	4.45	11/1/2031	17549000	 17,549,000 	 -   	17248497.7	17304714.55	98.2876	98.6079808	56216.85	7/31/2026	CPY	0	LMMSOFRFLAT	RFRSwap	4.80	4.87	4.59	0.27	0.045	 7,974 	0.01	0.01	0.05	4.24	0.29	0.00	0.00	5.3	NA	58.8	56	1.00	0.00	5.25	20.00	NA	NA	NA	4.77	0.05	14.92	4.71	0.05	9.65	4.65	0.05	4.68	4.53	0.04	-4.41	4.47	0.04	-8.58	4.42	0.04	-12.50
AFS	612778	3140NWW43	Agency CMBS	G-2-Q	FANNIE MAE	1	4.71	11/1/2031	33000000	 33,000,000 	 -   	32914130.8	32850768.59	99.7398	99.5477836	-63362.21	7/31/2026	CPY	0	LMMSOFRFLAT	RFRSwap	4.86	4.82	4.56	0.27	0.046	 15,055 	0.01	0.01	0.06	4.20	0.29	0.00	0.00	5.3	NA	64.7	62	1.00	0.00	5.51	20.00	NA	NA	NA	4.75	0.05	14.98	4.69	0.05	9.69	4.63	0.05	4.70	4.51	0.04	-4.43	4.45	0.04	-8.61	4.39	0.04	-12.56
AFS	614125	3140NX5V1	Agency CMBS	G-2-Q	FANNIE MAE	0.988669615	4.9	5/1/2030	3979000	 3,933,916 	 39,747.69 	3954922.5	3945346.72	100.534	100.2905584	-9575.78	7/31/2026	CPY	0	LMMSOFRFLAT	RFRSwap	4.84	4.76	3.33	0.15	0.034	 1,320 	0.03	0.03	1.94	1.33	0.00	0.00	0.00	3.7	NA	65.5	62	0.99	0.00	7.10	15.00	NA	NA	NA	3.45	0.04	10.79	3.41	0.04	7.02	3.37	0.04	3.43	3.29	0.03	-3.28	3.25	0.03	-6.42	3.22	0.03	-9.42
AFS	612274	3140NX6G3	Agency CMBS	G-2-Q	FANNIE MAE	0.990206875	4.93	5/1/2030	8470000	 8,387,052 	 73,760.39 	8479924.47	8411511.29	101.1073	100.2916288	-68413.18	7/31/2026	CPY	0	LMMSOFRFLAT	RFRSwap	4.87	4.62	3.34	0.15	0.034	 2,820 	0.03	0.03	1.95	1.33	0.00	0.00	0.00	3.8	NA	68.5	65	0.99	0.00	7.72	15.00	NA	NA	NA	3.46	0.04	10.81	3.42	0.04	7.04	3.38	0.04	3.44	3.30	0.03	-3.29	3.26	0.03	-6.43	3.22	0.03	-9.44
AFS	614341	3140NXCB7	Agency CMBS	G-2-Q	FANNIE MAE	1	4.38	1/1/2032	13935000	 13,935,000 	 -   	13602708.84	13688605.41	97.6154	98.2318293	85896.58	7/31/2026	CPY	0	LMMSOFRFLAT	RFRSwap	4.81	4.94	4.61	0.28	0.045	 6,327 	0.02	0.03	0.08	4.04	0.43	0.00	0.00	5.3	NA	59.5	56	1.00	0.00	5.39	18.00	NA	NA	NA	4.80	0.05	14.94	4.73	0.05	9.65	4.67	0.05	4.68	4.54	0.04	-4.41	4.48	0.04	-8.56	4.42	0.04	-12.48
AFS	614768	3140NXD91	Agency CMBS	G-2-Q	FANNIE MAE	1	4.45	4/1/2032	46000000	 46,000,000 	 -   	45939851.42	45318947.46	99.8692	98.519451	-620903.96	7/31/2026	CPY	0	LMMSOFRFLAT	RFRSwap	4.80	4.52	4.93	0.31	0.049	 22,416 	0.01	0.01	0.02	4.17	0.72	0.00	0.00	5.7	NA	57.9	55	1.00	0.00	5.20	15.00	NA	NA	NA	5.13	0.06	16.10	5.06	0.06	10.39	5.00	0.05	5.03	4.86	0.05	-4.72	4.80	0.04	-9.16	4.73	0.04	-13.34
AFS	613615	3140NXJ20	Agency CMBS	G-2-Q	FANNIE MAE	0.993684799	4.73	1/1/2032	11548000	 11,475,072 	 72,345.45 	11391663.57	11434998.19	99.2731	99.6507746	43334.63	7/31/2026	CPY	0	LMMSOFRFLAT	RFRSwap	4.85	4.94	4.54	0.27	0.045	 5,213 	0.03	0.04	0.09	3.96	0.42	0.00	0.00	5.3	NA	64.2	61	0.99	0.00	5.64	18.00	NA	NA	NA	4.74	0.05	14.94	4.67	0.05	9.65	4.61	0.05	4.68	4.48	0.04	-4.41	4.41	0.04	-8.57	4.35	0.04	-12.49
AFS	613505	3140NXLB7	Agency CMBS	G-2-Q	FANNIE MAE	1	4.68	1/1/2032	17238000	 17,238,000 	 -   	17060575.73	17125244.48	98.9707	99.3458898	64668.75	7/31/2026	CPY	0	LMMSOFRFLAT	RFRSwap	4.87	4.95	4.69	0.28	0.047	 8,071 	0.01	0.01	0.05	4.18	0.44	0.00	0.00	5.5	NA	65.5	62	1.00	0.00	5.59	18.00	NA	NA	NA	4.89	0.06	15.41	4.82	0.05	9.96	4.76	0.05	4.83	4.63	0.04	-4.54	4.57	0.04	-8.82	4.51	0.04	-12.86
AFS	613232	3140NXZZ9	Agency CMBS	G-2-Q	FANNIE MAE	1	4.78	4/1/2032	7000000	 7,000,000 	 -   	7071293.51	6978914.92	101.0185	99.6987846	-92378.59	7/31/2026	CPY	0	LMMSOFRFLAT	RFRSwap	4.90	4.63	4.86	0.30	0.049	 3,404 	0.01	0.01	0.06	4.07	0.69	0.00	0.00	5.7	NA	67.5	64	1.00	0.00	5.59	15.00	NA	NA	NA	5.06	0.06	16.06	4.99	0.06	10.36	4.93	0.05	5.02	4.79	0.05	-4.71	4.73	0.04	-9.15	4.66	0.04	-13.32
AFS	614740	3140NYBA8	Agency CMBS	G-2-Q	FANNIE MAE	1	4.65	4/1/2032	25000000	 25,000,000 	 -   	24878946.21	24795034.4	99.5158	99.1801376	-83911.81	7/31/2026	CPY	0	LMMSOFRFLAT	RFRSwap	4.87	4.80	4.90	0.31	0.049	 12,206 	0.01	0.01	0.02	4.14	0.71	0.00	0.00	5.7	NA	64.8	62	1.00	0.00	5.46	15.00	NA	NA	NA	5.11	0.06	16.13	5.04	0.06	10.41	4.97	0.05	5.04	4.84	0.05	-4.73	4.77	0.04	-9.18	4.71	0.04	-13.36
AFS	612521	3140NYC66	Agency CMBS	G-2-Q	FANNIE MAE	1	4.56	5/1/2032	44500000	 44,500,000 	 -   	44368237.32	43980313.07	99.7039	98.8321642	-387924.25	7/31/2026	CPY	0	LMMSOFRFLAT	RFRSwap	4.84	4.67	4.97	0.32	0.049	 21,958 	0.01	0.01	0.02	4.12	0.81	0.00	0.00	5.8	NA	62.3	59	1.00	0.00	5.11	14.00	NA	NA	NA	5.18	0.06	16.33	5.11	0.06	10.53	5.04	0.05	5.10	4.91	0.05	-4.78	4.84	0.04	-9.27	4.77	0.04	-13.49
AFS	614830	3140NYEZ0	Agency CMBS	G-2-Q	FANNIE MAE	1	4.3	5/1/2032	50000000	 50,000,000 	 -   	49640619.2	48780866.6	99.2812	97.5617332	-859752.6	7/31/2026	CPY	0	LMMSOFRFLAT	RFRSwap	4.83	4.49	5.00	0.32	0.049	 24,502 	0.01	0.00	0.01	4.16	0.82	0.00	0.00	5.8	NA	61.3	58	1.00	0.00	5.01	14.00	NA	NA	NA	5.21	0.06	16.22	5.14	0.06	10.46	5.07	0.05	5.06	4.94	0.05	-4.75	4.87	0.04	-9.21	4.80	0.04	-13.39
AFS	614761	3140NYLJ8	Agency CMBS	G-2-Q	FANNIE MAE	1	4.67	5/1/2032	25046000	 25,046,000 	 -   	24956530.74	24843685.32	99.6428	99.1922276	-112845.42	7/31/2026	CPY	0	LMMSOFRFLAT	RFRSwap	4.88	4.79	4.96	0.32	0.049	 12,371 	0.01	0.01	0.03	4.11	0.80	0.00	0.00	5.8	NA	66.2	63	1.00	0.00	5.47	14.00	NA	NA	NA	5.17	0.06	16.34	5.10	0.06	10.54	5.03	0.05	5.10	4.89	0.05	-4.79	4.82	0.04	-9.28	4.76	0.04	-13.50
AFS	614787	3140NYLK5	Agency CMBS	G-2-Q	FANNIE MAE	1	4.67	5/1/2032	10452000	 10,452,000 	 -   	10414663.48	10367571.63	99.6428	99.1922276	-47091.85	7/31/2026	CPY	0	LMMSOFRFLAT	RFRSwap	4.88	4.79	4.96	0.32	0.049	 5,162 	0.01	0.01	0.03	4.11	0.80	0.00	0.00	5.8	NA	66.2	63	1.00	0.00	5.47	14.00	NA	NA	NA	5.17	0.06	16.34	5.10	0.06	10.54	5.03	0.05	5.10	4.89	0.05	-4.79	4.82	0.04	-9.28	4.76	0.04	-13.50
AFS	614724	3140NYLL3	Agency CMBS	G-2-Q	FANNIE MAE	1	4.67	5/1/2032	29264000	 29,264,000 	 -   	29149631.92	29027613.48	99.6092	99.1922276	-122018.43	7/31/2026	CPY	0	LMMSOFRFLAT	RFRSwap	4.88	4.80	4.96	0.32	0.049	 14,454 	0.01	0.01	0.03	4.11	0.80	0.00	0.00	5.8	NA	66.2	63	1.00	0.00	5.47	14.00	NA	NA	NA	5.17	0.06	16.34	5.10	0.06	10.54	5.03	0.05	5.10	4.89	0.05	-4.79	4.82	0.04	-9.28	4.76	0.04	-13.50
AFS	614844	3140NYLM1	Agency CMBS	G-2-Q	FANNIE MAE	1	4.67	5/1/2032	25848000	 25,848,000 	 -   	25755665.76	25639206.99	99.6428	99.1922276	-116458.77	7/31/2026	CPY	0	LMMSOFRFLAT	RFRSwap	4.88	4.79	4.96	0.32	0.049	 12,767 	0.01	0.01	0.03	4.11	0.80	0.00	0.00	5.8	NA	66.2	63	1.00	0.00	5.47	14.00	NA	NA	NA	5.17	0.06	16.34	5.10	0.06	10.54	5.03	0.05	5.10	4.89	0.05	-4.79	4.82	0.04	-9.28	4.76	0.04	-13.50
AFS	614746	3140NYME8	Agency CMBS	G-2-Q	FANNIE MAE	1	4.53	5/1/2032	20875000	 20,875,000 	 -   	20603365.3	20599431.36	98.6988	98.6799107	-3933.95	7/31/2026	CPY	0	LMMSOFRFLAT	RFRSwap	4.84	4.84	4.98	0.32	0.049	 10,292 	0.01	0.01	0.02	4.13	0.81	0.00	0.00	5.8	NA	62.3	59	1.00	0.00	5.29	14.00	NA	NA	NA	5.19	0.06	16.31	5.12	0.06	10.52	5.05	0.05	5.09	4.91	0.05	-4.78	4.84	0.04	-9.26	4.77	0.04	-13.48
AFS	614858	3140NYSM4	Agency CMBS	G-2-Q	FANNIE MAE	1	4.82	6/1/2032	30000000	 30,000,000 	 -   	30497763.25	30009845.97	101.6592	100.0328199	-487917.28	7/31/2026	CPY	0	LMMSOFRFLAT	RFRSwap	4.87	4.55	5.00	0.32	0.050	 15,075 	0.01	0.01	0.03	4.06	0.89	0.00	0.00	5.9	NA	64.5	61	1.00	0.00	5.37	13.00	NA	NA	NA	5.22	0.06	16.64	5.15	0.06	10.73	5.07	0.05	5.19	4.93	0.05	-4.87	4.86	0.04	-9.43	4.79	0.04	-13.72
AFS	694146	3140Q02B7	Agency CMBS	G-2-Q	FANNIE MAE	1	4.77	10/1/2035	12631000	 12,631,000 	 -   	12869658.8	12437877.02	101.8895	98.4710397	-431781.77	7/31/2026	CPY	0	LMMSOFRFLAT	RFRSwap	5.06	4.59	7.26	0.67	0.072	 9,072 	0.01	0.01	0.03	1.17	6.04	0.00	0.00	9.2	NA	72.6	69	1.00	0.00	5.36	9.00	NA	NA	NA	7.71	0.10	24.89	7.56	0.09	15.80	7.41	0.08	7.53	7.12	0.07	-6.86	6.97	0.06	-13.12	6.83	0.05	-18.84
AFS	654275	3140Q0GB2	Agency CMBS	G-2-Q	FANNIE MAE	1	5	8/1/2035	19026000	 19,026,000 	 -   	19068214.52	18989404.55	100.2219	99.8076556	-78809.96	7/31/2026	CPY	0	LMMSOFRFLAT	RFRSwap	5.11	5.05	6.95	0.63	0.070	 13,253 	0.02	0.02	0.07	1.47	5.37	0.00	0.00	8.9	NA	78.5	75	1.00	0.00	5.89	11.00	NA	NA	NA	7.39	0.09	24.04	7.24	0.08	15.28	7.09	0.08	7.29	6.81	0.06	-6.66	6.67	0.06	-12.76	6.53	0.05	-18.34
AFS	668141	3140Q0MW9	Agency CMBS	G-2-Q	FANNIE MAE	1	5.03	9/1/2030	3217000	 3,217,000 	 -   	3253313.17	3253957.66	101.1288	101.1488236	644.49	7/31/2026	CPY	0	LMMSOFRFLAT	RFRSwap	4.75	4.76	3.64	0.18	0.037	 1,189 	0.02	0.02	1.55	2.05	0.00	0.00	0.00	4.1	NA	56.9	54	1.00	0.00	6.18	10.00	NA	NA	NA	3.77	0.04	11.94	3.73	0.04	7.76	3.68	0.04	3.79	3.59	0.04	-3.61	3.55	0.03	-7.05	3.51	0.03	-10.32
AFS	693078	3140Q0U26	Agency CMBS	G-2-Q	FANNIE MAE	1	4.45	10/1/2030	6650000	 6,650,000 	 -   	6712403.52	6590204.68	100.9384	99.1008223	-122198.83	7/31/2026	CPY	0	LMMSOFRFLAT	RFRSwap	4.72	4.23	3.74	0.18	0.037	 2,473 	0.01	0.02	1.45	2.27	0.00	0.00	0.00	4.2	NA	53.3	50	1.00	0.00	5.34	9.00	NA	NA	NA	3.87	0.04	12.03	3.83	0.04	7.82	3.78	0.04	3.81	3.70	0.04	-3.63	3.65	0.03	-7.09	3.61	0.03	-10.38
AFS	838383	3140Q24F2	Agency CMBS	G-2-Q	FANNIE MAE	0.997998683	4.71	5/1/2033	9722000	 9,702,543 	 19,684.81 	9813331.43	9611633.94	101.1418	99.0630368	-201697.49	7/31/2026	CPY	0	LMMSOFRFLAT	RFRSwap	4.94	4.56	5.42	0.39	0.054	 5,233 	0.03	0.04	0.09	3.41	1.86	0.00	0.00	6.5	NA	69.2	66	1.00	0.00	5.59	2.00	NA	NA	NA	5.70	0.07	18.06	5.61	0.06	11.60	5.52	0.06	5.59	5.33	0.05	-5.21	5.24	0.05	-10.06	5.15	0.04	-14.59
AFS	838381	3140Q24Q8	Agency CMBS	G-2-Q	FANNIE MAE	0.998050341	4.47	5/1/2031	6935000	 6,921,479 	 13,624.40 	6972245.43	6845889.84	100.7335	98.9079029	-126355.58	7/31/2026	CPY	0	LMMSOFRFLAT	RFRSwap	4.77	4.33	4.09	0.22	0.041	 2,813 	0.02	0.03	0.43	3.61	0.00	0.00	0.00	4.7	NA	57.6	54	1.00	0.00	5.71	2.00	NA	NA	NA	4.26	0.05	13.25	4.20	0.05	8.59	4.15	0.04	4.18	4.04	0.04	-3.96	3.99	0.04	-7.71	3.94	0.03	-11.26
AFS	814307	3140Q2J33	Agency CMBS	G-2-Q	FANNIE MAE	0.996926258	4.49	3/1/2036	6400000	 6,380,328 	 15,196.02 	6357798.19	6170797.75	99.6469	96.7159948	-187000.45	7/31/2026	CPY	0	LMMSOFRFLAT	RFRSwap	5.02	4.61	7.21	0.68	0.070	 4,468 	0.02	0.03	0.07	0.74	6.36	0.00	0.00	9.1	NA	68.0	65	1.00	0.00	5.23	4.00	NA	NA	NA	7.70	0.09	24.34	7.54	0.08	15.43	7.38	0.08	7.35	7.05	0.06	-6.68	6.89	0.06	-12.77	6.73	0.05	-18.32
AFS	793873	3140Q2KE7	Agency CMBS	G-2-Q	FANNIE MAE	0.996885738	4.54	3/1/2036	23360000	 23,287,251 	 73,118.59 	23400510.3	22559339.54	100.4864	96.8742068	-841170.76	7/31/2026	CPY	0	LMMSOFRFLAT	RFRSwap	5.05	4.54	7.19	0.68	0.070	 16,294 	0.02	0.03	0.07	0.74	6.33	0.00	0.00	9.1	NA	70.9	68	1.00	0.00	5.18	4.00	NA	NA	NA	7.69	0.09	24.32	7.52	0.08	15.42	7.36	0.08	7.34	7.03	0.06	-6.68	6.87	0.06	-12.76	6.71	0.05	-18.31
PUB_HTM	613466	3140Q72Q9	Agency MBS 15yr	G-2-Q	FANNIE MAE	0.13282341	3	11/1/2032	72899267	 9,682,729 	 3,434,095.10 	9744770.99	9256029.85	100.6407	95.593191	-488741.14	7/31/2026	Model2501	100	LMMSOFRFLAT	RFRSwap	4.95	2.65	2.30	-0.02	0.022	 2,132 	0.24	0.36	0.73	0.90	0.05	0.01	0.00	2.4	11.3	73.3	60	0.13	13.79	3.38	106.00	79023.63	NA	NA	1.98	0.02	6.50	2.16	0.02	4.38	2.24	0.02	2.20	2.38	0.02	-2.21	2.45	0.02	-4.45	2.47	0.02	-6.68
PUB_HTM	613771	3140Q7KG1	Agency MBS 15yr	G-2-Q	FANNIE MAE	0.12628912	3	9/1/2032	40307385	 5,090,384 	 1,734,308.26 	5122588.36	4891048.9	100.6326	96.0840818	-231539.47	7/31/2026	Model2501	100	LMMSOFRFLAT	RFRSwap	4.73	2.65	2.27	-0.02	0.022	 1,115 	0.25	0.37	0.72	0.88	0.04	0.01	0.00	2.4	11.9	52.2	39	0.13	13.65	3.42	108.00	80347.34	NA	NA	1.94	0.02	6.44	2.13	0.02	4.35	2.21	0.02	2.18	2.35	0.02	-2.20	2.43	0.02	-4.43	2.45	0.02	-6.65
PUB_HTM	614435	3140Q7PP6	Agency MBS 15yr	G-2-Q	FANNIE MAE	0.12862403	3	9/1/2032	50000000	 6,431,202 	 1,848,069.20 	6472147.33	6178193.09	100.6367	96.0659231	-293954.24	7/31/2026	Model2501	100	LMMSOFRFLAT	RFRSwap	4.74	2.65	2.28	-0.02	0.022	 1,414 	0.25	0.36	0.73	0.89	0.04	0.01	0.00	2.4	11.6	52.3	39	0.13	13.64	3.41	107.00	77258.80	NA	NA	1.94	0.02	6.46	2.14	0.02	4.37	2.22	0.02	2.19	2.36	0.02	-2.21	2.44	0.02	-4.44	2.46	0.02	-6.67
PUB_HTM	612264	3140Q7UE5	Agency MBS 15yr	G-2-Q	FANNIE MAE	0.13878628	3	10/1/2032	75000000	 10,408,971 	 3,135,286.38 	10474726.2	9950301.76	100.6317	95.5935199	-524424.44	7/31/2026	Model2501	100	LMMSOFRFLAT	RFRSwap	4.96	2.65	2.29	-0.02	0.022	 2,287 	0.25	0.36	0.73	0.90	0.05	0.01	0.00	2.4	11.5	73.9	61	0.14	13.12	3.37	107.00	80540.09	NA	NA	1.96	0.02	6.47	2.15	0.02	4.37	2.23	0.02	2.19	2.37	0.02	-2.21	2.45	0.02	-4.45	2.47	0.02	-6.67
PUB_HTM	613359	3140Q7ZY6	Agency MBS 15yr	G-2-Q	FANNIE MAE	0.14182855	3	11/1/2032	30059373	 4,263,277 	 1,815,692.17 	4289608.4	4098469.16	100.6176	96.1342386	-191139.24	7/31/2026	Model2501	100	LMMSOFRFLAT	RFRSwap	4.72	2.65	2.26	-0.02	0.022	 929 	0.25	0.37	0.73	0.86	0.04	0.01	0.00	2.4	11.5	50.9	37	0.14	13.14	3.38	106.00	79152.34	NA	NA	1.93	0.02	6.41	2.12	0.02	4.33	2.20	0.02	2.17	2.34	0.02	-2.19	2.41	0.02	-4.40	2.43	0.02	-6.60
PUB_AFS	613105	3140Q86T7	Agency MBS 10yr	G-2-Q	FANNIE MAE	0.0308002	3.5	12/1/2027	9154788	 281,969 	 478,352.46 	282928.46	280406.36	100.3402	99.4457042	-2522.1	7/31/2026	Model2501	100	LMMSOFRFLAT	RFRSwap	4.24	2.27	0.46	0.00	0.005	 13 	0.45	0.00	0.00	0.00	0.00	0.00	0.00	0.5	34.4	24.2	24	0.03	14.28	4.03	107.00	NA	NA	NA	0.45	0.00	1.37	0.45	0.00	0.91	0.45	0.00	0.45	0.46	0.00	-0.45	0.46	0.00	-0.91	0.46	0.00	-1.37
AFS	614027	3140QCPB6	Agency MBS 30yr	G-2-Q	FANNIE MAE	0.48262716	2.5	12/1/2049	7845892	 3,786,641 	 132,364.43 	3786640.57	3129442.85	100	82.6443068	-657197.72	7/31/2026	Model2501	100	LMMSOFRFLAT	RFRSwap	5.23	2.49	7.21	0.07	0.060	 2,261 	0.05	0.08	0.25	1.14	3.27	2.31	0.13	8.8	5.4	61.6	46	0.48	8.39	3.44	81.00	243962.39	NA	NA	4.60	0.05	16.94	5.91	0.06	11.76	6.67	0.06	5.97	7.61	0.06	-5.93	7.79	0.06	-11.65	7.69	0.05	-16.97
AFS	613167	3140QCPC4	Agency MBS 30yr	G-2-Q	FANNIE MAE	0.43165291	3	12/1/2049	1900312	 820,275 	 24,679.39 	834355.1	708909.91	101.7165	86.4234225	-125445.19	7/31/2026	Model2501	100	LMMSOFRFLAT	RFRSwap	5.30	2.74	6.61	-0.10	0.057	 470 	0.04	0.09	0.29	1.16	2.96	1.96	0.12	8.1	6.7	67.4	54	0.43	10.05	3.83	81.00	206180.06	NA	NA	3.93	0.04	15.68	5.24	0.05	11.03	6.02	0.06	5.65	7.09	0.06	-5.74	7.44	0.06	-11.44	7.45	0.05	-16.85
PUB_HTM	613800	3140QF3T4	Agency MBS 30yr	G-2-Q	FANNIE MAE	0.64073894	1.5	12/1/2050	10000000	 6,407,389 	 510,929.91 	5815653.6	4805919.8	90.7648	75.0058956	-1009733.8	7/31/2026	Model2501	100	LMMSOFRFLAT	RFRSwap	5.72	2.83	7.77	0.08	0.058	 3,741 	0.03	0.06	0.22	1.18	3.47	2.57	0.26	8.5	6.3	104.9	102	0.64	5.10	2.47	69.00	280398.13	NA	NA	5.93	0.05	17.36	6.66	0.06	11.69	7.24	0.06	5.85	8.19	0.06	-5.79	8.25	0.05	-11.27	8.01	0.05	-16.27
PUB_HTM	614056	3140QGAU1	Agency MBS 30yr	G-2-Q	FANNIE MAE	0.612659	2	12/1/2050	50000000	 30,632,950 	 3,060,744.05 	28752820.26	24163754.84	93.8624	78.8815796	-4589065.42	7/31/2026	Model2501	100	LMMSOFRFLAT	RFRSwap	5.46	2.86	7.46	0.08	0.059	 18,057 	0.04	0.08	0.24	1.15	3.27	2.47	0.22	8.6	6.0	80.3	72	0.61	6.02	2.86	68.00	295893.00	NA	NA	5.28	0.05	17.15	6.27	0.06	11.71	6.93	0.06	5.91	7.95	0.06	-5.87	8.13	0.05	-11.54	7.97	0.05	-16.78
PUB_HTM	613016	3140QGNM5	Agency MBS 30yr	G-2-Q	FANNIE MAE	0.60945584	2	1/1/2051	41280145	 25,158,425 	 2,092,693.10 	23606300.8	19811794.26	93.8306	78.7481486	-3794506.54	7/31/2026	Model2501	100	LMMSOFRFLAT	RFRSwap	5.41	2.85	7.65	0.04	0.060	 15,186 	0.03	0.06	0.22	1.10	3.30	2.68	0.28	8.8	5.9	74.3	66	0.61	6.24	2.89	68.00	316930.69	NA	NA	5.30	0.05	17.45	6.36	0.06	11.94	7.07	0.06	6.03	8.15	0.06	-6.01	8.28	0.06	-11.78	8.06	0.05	-17.06
PUB_HTM	614121	3140QGRE9	Agency MBS 30yr	G-2-Q	FANNIE MAE	0.62628932	2	1/1/2051	50976910	 31,926,294 	 2,524,881.07 	29910107.28	25130256.64	93.6849	78.7133527	-4779850.64	7/31/2026	Model2501	100	LMMSOFRFLAT	RFRSwap	5.43	2.87	7.62	0.04	0.060	 19,202 	0.03	0.06	0.22	1.10	3.28	2.67	0.28	8.8	6.0	76.2	68	0.63	5.78	2.89	68.00	292830.28	NA	NA	5.34	0.05	17.44	6.35	0.06	11.92	7.06	0.06	6.01	8.14	0.06	-5.99	8.27	0.06	-11.76	8.05	0.05	-17.03
PUB_HTM	613997	3140QMZP2	Agency MBS 30yr	G-2-Q	FANNIE MAE	0.73467345	2.5	1/1/2052	150000000	 110,201,018 	 10,429,629.56 	105847474.3	90564386.46	96.0495	82.1810801	-15283087.85	7/31/2026	Model2501	100	LMMSOFRFLAT	RFRSwap	5.38	3.05	7.39	-0.11	0.061	 67,080 	0.05	0.08	0.25	1.10	3.07	2.55	0.31	8.8	6.5	67.6	61	0.73	4.41	3.29	56.00	352729.69	NA	NA	4.56	0.05	16.81	5.85	0.06	11.72	6.67	0.06	6.00	7.99	0.06	-6.11	8.22	0.06	-12.08	8.06	0.05	-17.59
AFS	612906	3140QPYE1	Agency MBS 30yr	G-2-Q	FANNIE MAE	0.69135571	5	8/1/2052	50000000	 34,567,786 	 4,975,578.69 	34555777.55	33900004.43	99.9653	98.0681983	-655773.12	7/31/2026	Model2501	100	LMMSOFRFLAT	RFRSwap	5.36	5.00	4.61	-0.70	0.045	 15,679 	0.14	0.23	0.48	1.09	1.69	0.93	0.06	6.8	10.5	61.3	64	0.69	7.52	5.90	49.00	198101.69	NA	NA	0.59	0.01	7.74	1.60	0.02	6.81	3.47	0.04	4.11	5.38	0.05	-4.81	6.08	0.05	-10.04	6.67	0.06	-15.51
AFS	613385	3140QQ7L3	Agency MBS 30yr	G-2-Q	FANNIE MAE	0.67105909	5	12/1/2052	2445620	 1,641,156 	 39,866.43 	1667942.79	1603945.12	101.6322	97.7326702	-63997.67	7/31/2026	Model2501	100	LMMSOFRFLAT	RFRSwap	5.39	4.72	5.04	-0.68	0.049	 811 	0.12	0.21	0.46	1.13	1.96	1.12	0.06	7.6	8.6	62.6	64	0.67	9.26	5.81	45.00	170422.75	NA	NA	0.73	0.01	8.59	1.80	0.02	7.50	3.82	0.04	4.51	5.84	0.05	-5.21	6.47	0.06	-10.78	6.90	0.06	-16.44
HTM	613462	3140QQGD1	Agency MBS 30yr	G-2-Q	FANNIE MAE	0.68393862	5.5	9/1/2052	60000000	 41,036,317 	 6,134,720.38 	41587953.23	41143169.78	101.3443	100.2603854	-444783.45	7/31/2026	Model2501	100	LMMSOFRFLAT	RFRSwap	5.43	5.21	3.99	-0.94	0.040	 16,474 	0.18	0.28	0.50	1.01	1.34	0.67	0.03	6.2	12.5	62.4	75	0.68	8.08	6.44	48.00	221611.75	NA	NA	0.72	0.01	5.85	0.90	0.01	5.19	2.56	0.03	3.43	4.89	0.05	-4.40	5.60	0.05	-9.33	6.21	0.05	-14.58
HTM	614639	3140QQUN3	Agency MBS 30yr	G-2-Q	FANNIE MAE	0.69774459	5.5	11/1/2052	75000000	 52,330,844 	 7,746,990.84 	52933485.88	52404247.78	101.1516	100.1402682	-529238.1	7/31/2026	Model2501	100	LMMSOFRFLAT	RFRSwap	5.47	5.28	4.29	-0.93	0.043	 22,574 	0.16	0.27	0.51	1.05	1.49	0.79	0.03	6.9	10.3	65.3	74	0.70	7.89	5.95	46.00	220047.91	NA	NA	0.32	0.00	5.75	0.63	0.01	5.57	2.85	0.03	3.74	5.19	0.05	-4.69	5.92	0.05	-9.88	6.50	0.06	-15.35
HTM	883495	3140QRS87	Agency MBS 30yr	G-2-Q	FANNIE MAE	0.82164045	5.5	3/1/2053	5721747	 4,701,219 	 -   	4732639.35	4707020.69	100.6683	100.123413	-25618.66	7/31/2026	Model2501	100	LMMSOFRFLAT	RFRSwap	5.47	5.38	4.40	-1.07	0.044	 2,081 	0.16	0.27	0.50	1.06	1.58	0.83	0.03	7.1	10.2	61.3	76	0.82	4.52	6.40	42.00	165783.58	NA	NA	0.85	0.01	6.34	0.93	0.01	5.59	2.72	0.03	3.74	5.39	0.05	-4.85	6.07	0.05	-10.20	6.58	0.06	-15.75
HTM	883492	3140QRXF5	Agency MBS 30yr	G-2-Q	FANNIE MAE	0.69055342	5.5	4/1/2053	79378087	 54,814,809 	 -   	55270534.3	54892258.99	100.8314	100.1412931	-378275.31	7/31/2026	Model2501	100	LMMSOFRFLAT	RFRSwap	5.46	5.32	3.84	-1.16	0.039	 21,199 	0.19	0.30	0.50	0.96	1.25	0.64	0.03	6.1	12.5	57.6	77	0.69	9.39	6.46	41.00	221407.63	NA	NA	0.88	0.01	5.11	0.60	0.01	4.43	2.13	0.02	3.14	4.90	0.05	-4.34	5.65	0.05	-9.30	6.31	0.05	-14.61
HTM	883485	3140QVRJ5	Agency MBS 30yr	G-2-Q	FANNIE MAE	0.85746451	5.5	11/1/2054	78515470	 67,324,229 	 -   	67596987.6	67229823.21	100.4051	99.8597744	-367164.39	7/31/2026	Model2501	100	LMMSOFRFLAT	RFRSwap	5.52	5.42	3.95	-1.39	0.040	 26,684 	0.19	0.31	0.51	0.96	1.25	0.71	0.06	6.6	11.1	54.2	81	0.86	7.34	6.53	22.00	279664.13	NA	NA	0.88	0.01	4.90	0.54	0.01	4.17	1.93	0.02	3.08	5.14	0.05	-4.51	5.95	0.05	-9.70	6.65	0.06	-15.24
HTM	874326	3140QWAY8	Agency MBS 30yr	G-2-Q	FANNIE MAE	0.85956415	5.5	2/1/2055	35489068	 30,505,131 	 -   	30770182.44	30402990.15	100.8689	99.6651697	-367192.3	7/31/2026	Model2501	100	LMMSOFRFLAT	RFRSwap	5.56	5.36	4.56	-1.30	0.046	 13,924 	0.15	0.28	0.49	1.04	1.59	0.95	0.08	7.7	9.1	59.3	81	0.86	8.56	6.50	19.00	227647.13	NA	NA	1.11	0.01	6.36	0.89	0.01	5.40	2.57	0.03	3.73	5.70	0.05	-5.06	6.45	0.06	-10.69	7.00	0.06	-16.53
HTM	883831	3140QWAZ5	Agency MBS 30yr	G-2-Q	FANNIE MAE	0.70173236	6	1/1/2055	9468924	 6,644,650 	 -   	6781181.96	6766469.8	102.0548	101.8333458	-14712.16	7/31/2026	Model2501	100	LMMSOFRFLAT	RFRSwap	5.63	5.59	3.54	-1.57	0.036	 2,406 	0.21	0.31	0.47	0.89	1.11	0.55	0.02	6.3	12.2	64.1	92	0.70	20.19	6.92	19.00	204871.91	NA	NA	1.07	0.01	4.78	0.69	0.01	3.90	1.73	0.02	2.72	4.79	0.05	-4.24	5.55	0.05	-9.21	6.10	0.05	-14.49
PUB_HTM	613470	3140X83J4	Agency MBS 30yr	G-2-Q	FANNIE MAE	0.68315815	1.5	12/1/2050	50000000	 34,157,908 	 2,935,064.60 	30927213.01	25545964.56	90.5419	74.7878498	-5381248.46	7/31/2026	Model2501	100	LMMSOFRFLAT	RFRSwap	5.49	2.78	8.02	0.20	0.060	 20,516 	0.02	0.05	0.19	1.10	3.53	2.85	0.29	9.0	5.4	82.6	75	0.68	4.14	2.53	69.00	324117.84	NA	NA	6.04	0.06	18.04	6.94	0.06	12.15	7.53	0.06	6.06	8.37	0.06	-5.91	8.40	0.05	-11.48	8.16	0.05	-16.53
PUB_HTM	614451	3140X8K55	Agency MBS 30yr	G-2-Q	FANNIE MAE	0.61435685	2	11/1/2050	38823683	 23,851,596 	 2,129,155.61 	22394254.56	18977072.41	93.89	79.5631149	-3417182.15	7/31/2026	Model2501	100	LMMSOFRFLAT	RFRSwap	5.38	2.87	7.31	0.07	0.058	 13,910 	0.04	0.08	0.25	1.17	3.26	2.35	0.19	8.4	6.2	74.4	64	0.61	5.95	2.91	70.00	179364.59	NA	NA	5.32	0.05	17.11	6.21	0.06	11.64	6.84	0.06	5.85	7.78	0.06	-5.80	7.96	0.05	-11.42	7.84	0.05	-16.62
PUB_HTM	613043	3140X8KD8	Agency MBS 30yr	G-2-Q	FANNIE MAE	0.60660128	2	11/1/2050	30000000	 18,198,038 	 1,502,890.11 	17112916.52	14391271.46	94.0371	79.0814435	-2721645.07	7/31/2026	Model2501	100	LMMSOFRFLAT	RFRSwap	5.64	2.89	7.12	0.03	0.056	 10,267 	0.04	0.08	0.26	1.22	3.25	2.13	0.16	8.0	6.5	100.3	93	0.61	5.96	2.88	70.00	252599.36	NA	NA	5.17	0.05	16.44	6.03	0.05	11.20	6.63	0.06	5.64	7.58	0.06	-5.63	7.71	0.05	-11.07	7.54	0.05	-16.09
PUB_HTM	614659	3140X8WP8	Agency MBS 30yr	G-2-Q	FANNIE MAE	0.64573524	2	12/1/2050	62522628	 40,373,064 	 3,000,555.10 	37939394.52	31966513.15	93.972	79.1778226	-5972881.37	7/31/2026	Model2501	100	LMMSOFRFLAT	RFRSwap	5.59	2.89	7.32	-0.07	0.058	 23,458 	0.04	0.08	0.26	1.16	3.18	2.38	0.24	8.3	7.0	91.3	87	0.65	5.27	2.93	68.00	274546.44	NA	NA	5.28	0.05	16.79	6.10	0.06	11.43	6.75	0.06	5.78	7.89	0.06	-5.83	8.04	0.05	-11.48	7.84	0.05	-16.67
PUB_HTM	613780	3140X9DQ5	Agency MBS 30yr	G-2-Q	FANNIE MAE	0.6527299	2	1/1/2051	15000000	 9,790,949 	 905,994.53 	9184829.36	7714785.66	93.8094	78.7950796	-1470043.69	7/31/2026	Model2501	100	LMMSOFRFLAT	RFRSwap	5.41	2.85	7.61	0.06	0.060	 5,885 	0.03	0.07	0.23	1.13	3.32	2.60	0.25	8.8	5.9	74.2	66	0.65	5.18	2.89	67.00	321724.19	NA	NA	5.31	0.05	17.43	6.36	0.06	11.92	7.05	0.06	6.01	8.07	0.06	-5.97	8.21	0.06	-11.70	8.01	0.05	-16.95
PUB_HTM	614609	3140XB5W6	Agency MBS 20yr	G-2-Q	FANNIE MAE	0.71155296	2	7/1/2041	9785576	 6,962,956 	 721,582.31 	6611171.92	5957400.64	94.9478	85.5585043	-653771.28	7/31/2026	Model2501	100	LMMSOFRFLAT	RFRSwap	4.94	2.94	5.57	0.10	0.048	 3,322 	0.07	0.13	0.35	1.58	2.94	0.47	0.04	6.1	5.6	51.0	32	0.71	2.35	2.97	62.00	198557.34	NA	NA	4.20	0.04	14.02	4.90	0.05	9.54	5.29	0.05	4.79	5.72	0.05	-4.71	5.71	0.04	-9.22	5.60	0.04	-13.43
PUB_HTM	613638	3140XBQR4	Agency MBS 30yr	G-2-Q	FANNIE MAE	0.70425665	2.5	6/1/2051	15000000	 10,563,850 	 549,029.69 	10146266.27	8772656.57	96.0471	83.0441248	-1373609.7	7/31/2026	Model2501	100	LMMSOFRFLAT	RFRSwap	5.29	3.07	7.11	-0.06	0.059	 6,253 	0.05	0.08	0.26	1.14	3.04	2.33	0.23	8.5	6.7	62.9	53	0.70	4.53	3.35	63.00	209287.84	NA	NA	4.66	0.05	16.68	5.78	0.05	11.54	6.52	0.06	5.88	7.69	0.06	-5.94	8.00	0.06	-11.81	7.93	0.05	-17.29
PUB_HTM	614305	3140XCFM5	Agency MBS 30yr	G-2-Q	FANNIE MAE	0.72022961	2	8/1/2051	12262741	 8,831,989 	 723,957.94 	8272510.17	6995780.4	93.6653	79.2095673	-1276729.77	7/31/2026	Model2501	100	LMMSOFRFLAT	RFRSwap	5.39	2.89	7.50	0.02	0.060	 5,260 	0.04	0.07	0.24	1.14	3.23	2.54	0.27	8.7	6.3	72.0	63	0.72	4.08	2.94	62.00	204842.56	NA	NA	5.30	0.05	17.28	6.27	0.06	11.80	6.96	0.06	5.95	8.05	0.06	-5.95	8.26	0.06	-11.72	8.12	0.05	-17.05
PUB_HTM	613416	3140XCNE4	Agency MBS 30yr	G-2-Q	FANNIE MAE	0.6414772	2.5	7/1/2051	30000000	 19,244,316 	 2,238,042.55 	18486329.88	16152439.5	96.0612	83.9335599	-2333890.39	7/31/2026	Model2501	100	LMMSOFRFLAT	RFRSwap	5.25	3.09	6.96	-0.17	0.059	 11,271 	0.06	0.10	0.28	1.17	2.95	2.20	0.22	8.2	7.3	57.0	51	0.64	6.52	3.28	62.00	278890.81	NA	NA	4.49	0.05	16.23	5.55	0.05	11.27	6.30	0.06	5.77	7.60	0.06	-5.92	7.89	0.06	-11.78	7.79	0.05	-17.25
PUB_HTM	613127	3140XCVZ8	Agency MBS 30yr	G-2-Q	FANNIE MAE	0.70676538	2	9/1/2051	25000000	 17,669,135 	 1,406,869.18 	16557814.09	13877846.95	93.7104	78.5428791	-2679967.14	7/31/2026	Model2501	100	LMMSOFRFLAT	RFRSwap	5.35	2.84	7.81	0.09	0.061	 10,864 	0.03	0.07	0.22	1.10	3.31	2.79	0.31	9.1	5.7	66.8	59	0.71	4.69	2.92	59.00	355822.84	NA	NA	5.42	0.05	17.81	6.51	0.06	12.18	7.21	0.06	6.14	8.25	0.06	-6.09	8.39	0.06	-11.91	8.19	0.05	-17.23
PUB_HTM	614382	3140XDP59	Agency MBS 30yr	G-2-Q	FANNIE MAE	0.64547781	2.5	10/1/2051	25000000	 16,136,945 	 1,630,828.11 	15492904.8	13266708.45	96.0089	82.2132581	-2226196.36	7/31/2026	Model2501	100	LMMSOFRFLAT	RFRSwap	5.35	3.05	7.39	-0.05	0.061	 9,830 	0.04	0.08	0.25	1.10	3.08	2.56	0.30	8.9	6.3	65.7	58	0.65	6.72	3.22	58.00	336321.25	NA	NA	4.71	0.05	17.03	5.93	0.06	11.82	6.72	0.06	6.03	7.93	0.06	-6.09	8.12	0.06	-12.00	7.95	0.05	-17.46
PUB_HTM	613199	3140XFDH1	Agency MBS 15yr	G-2-Q	FANNIE MAE	0.45651241	2.5	3/1/2036	18031048	 8,231,397 	 1,656,808.30 	8169305.77	7657236.16	99.2457	93.0247441	-512069.61	7/31/2026	Model2501	100	LMMSOFRFLAT	RFRSwap	4.78	2.70	3.29	-0.06	0.031	 2,524 	0.17	0.26	0.58	1.62	0.62	0.03	0.01	3.5	9.9	49.7	34	0.46	9.14	3.24	68.00	105781.39	NA	NA	2.67	0.03	8.89	2.97	0.03	6.03	3.13	0.03	3.04	3.47	0.03	-3.10	3.62	0.03	-6.25	3.61	0.03	-9.34
HTM	614410	3140XFVL2	Agency MBS 20yr	G-2-Q	FANNIE MAE	0.67106256	2.5	2/1/2042	25000000	 16,776,564 	 1,967,335.58 	16710962.26	14745056.33	99.609	87.8908001	-1965905.93	7/31/2026	Model2501	100	LMMSOFRFLAT	RFRSwap	5.03	2.56	5.40	-0.09	0.048	 7,984 	0.08	0.14	0.38	1.53	2.74	0.51	0.04	6.0	7.0	56.9	41	0.67	4.78	3.42	55.00	235233.20	NA	NA	3.45	0.03	13.17	4.43	0.04	9.19	4.98	0.05	4.70	5.72	0.05	-4.78	5.84	0.05	-9.48	5.74	0.04	-13.91
HTM	614079	3140XG3G2	Agency MBS 15yr	G-2-Q	FANNIE MAE	0.56620013	3	5/1/2037	11791536	 6,676,369 	 1,255,357.07 	6716777.25	6240829.49	100.6052	93.4763984	-475947.76	7/31/2026	Model2501	100	LMMSOFRFLAT	RFRSwap	4.86	2.80	3.73	-0.13	0.035	 2,334 	0.15	0.23	0.53	1.64	1.14	0.03	0.01	4.1	9.1	52.5	37	0.57	6.74	3.57	52.00	178792.97	NA	NA	2.26	0.02	9.41	3.05	0.03	6.66	3.45	0.03	3.43	3.99	0.04	-3.55	4.16	0.04	-7.17	4.14	0.03	-10.69
HTM	612761	3140XG7D5	Agency MBS 15yr	G-2-Q	FANNIE MAE	0.55279727	3	5/1/2037	43000000	 23,770,283 	 4,691,069.78 	23894059.91	22219708.5	100.5207	93.4768377	-1674351.41	7/31/2026	Model2501	100	LMMSOFRFLAT	RFRSwap	4.86	2.82	3.72	-0.11	0.035	 8,291 	0.15	0.23	0.53	1.65	1.13	0.03	0.01	4.0	9.0	53.3	37	0.55	7.12	3.56	55.00	188924.20	NA	NA	2.42	0.03	9.56	3.12	0.03	6.70	3.46	0.03	3.43	3.97	0.04	-3.54	4.13	0.04	-7.13	4.10	0.03	-10.63
HTM	614684	3140XGZP7	Agency MBS 15yr	G-2-Q	FANNIE MAE	0.57730009	3	5/1/2037	38208464	 22,057,750 	 4,350,526.56 	22189232.16	20618801.62	100.5961	93.4764511	-1570430.53	7/31/2026	Model2501	100	LMMSOFRFLAT	RFRSwap	4.83	2.80	3.78	-0.11	0.035	 7,817 	0.14	0.22	0.52	1.67	1.19	0.03	0.01	4.1	8.7	50.2	34	0.58	6.36	3.55	53.00	200666.14	NA	NA	2.42	0.03	9.68	3.15	0.03	6.79	3.51	0.03	3.48	4.02	0.04	-3.59	4.15	0.04	-7.22	4.11	0.03	-10.72
HTM	614023	3140XJPA5	Agency MBS 30yr	G-2-Q	FANNIE MAE	0.69240371	5	11/1/2052	24983057	 17,298,361 	 2,604,288.00 	17149309.58	16758992.93	99.1383	96.8819681	-390316.65	7/31/2026	Model2501	100	LMMSOFRFLAT	RFRSwap	5.58	5.15	4.81	-0.63	0.047	 8,089 	0.13	0.22	0.47	1.11	1.81	1.01	0.07	7.0	9.9	83.9	86	0.69	8.06	5.87	46.00	175797.91	NA	NA	0.82	0.01	8.43	1.88	0.02	7.23	3.71	0.04	4.28	5.57	0.05	-4.93	6.27	0.05	-10.25	6.85	0.06	-15.79
HTM	613687	3140XJRN5	Agency MBS 30yr	G-2-Q	FANNIE MAE	0.62621401	5	11/1/2052	46045540	 28,834,362 	 4,760,337.92 	28583355.75	28058226.79	99.1295	97.3082968	-525128.95	7/31/2026	Model2501	100	LMMSOFRFLAT	RFRSwap	5.49	5.15	4.86	-0.83	0.047	 13,684 	0.13	0.23	0.47	1.09	1.82	1.06	0.07	7.2	9.5	67.8	75	0.63	10.48	5.88	47.00	363878.00	NA	NA	1.05	0.01	8.12	1.62	0.02	6.94	3.55	0.04	4.25	5.85	0.05	-5.11	6.74	0.06	-10.77	7.23	0.06	-16.67
HTM	613673	3140XJVA8	Agency MBS 30yr	G-2-Q	FANNIE MAE	0.64557036	5.5	12/1/2052	39997985	 25,821,514 	 5,691,439.50 	26136626.37	25888746.81	101.2203	100.2603768	-247879.56	7/31/2026	Model2501	100	LMMSOFRFLAT	RFRSwap	5.44	5.25	4.03	-1.04	0.041	 10,469 	0.18	0.29	0.51	1.01	1.36	0.68	0.02	6.4	11.4	60.3	74	0.65	10.09	6.36	46.00	215966.98	NA	NA	0.76	0.01	5.52	0.69	0.01	4.95	2.44	0.03	3.40	4.98	0.05	-4.47	5.69	0.05	-9.48	6.30	0.05	-14.80
HTM	613882	3140XJVD2	Agency MBS 30yr	G-2-Q	FANNIE MAE	0.66790983	5	11/1/2052	38815415	 25,925,197 	 4,108,419.87 	25833296.73	25326479.46	99.6455	97.6905951	-506817.27	7/31/2026	Model2501	100	LMMSOFRFLAT	RFRSwap	5.42	5.06	4.79	-0.67	0.047	 12,194 	0.13	0.22	0.48	1.11	1.78	1.01	0.07	7.2	9.5	66.2	68	0.67	9.10	5.71	46.00	217414.63	NA	NA	0.52	0.01	7.89	1.59	0.02	7.07	3.62	0.04	4.28	5.57	0.05	-4.97	6.27	0.06	-10.34	6.82	0.06	-15.91
HTM	613366	3140XJVY6	Agency MBS 30yr	G-2-Q	FANNIE MAE	0.69547626	5	11/1/2052	88850520	 61,793,427 	 8,782,006.34 	62854269.35	60587687.18	101.7168	98.0487566	-2266582.17	7/31/2026	Model2501	100	LMMSOFRFLAT	RFRSwap	5.36	4.68	4.76	-0.70	0.047	 28,933 	0.13	0.22	0.48	1.11	1.76	1.00	0.06	7.1	9.6	60.2	61	0.70	8.08	5.64	46.00	170289.19	NA	NA	0.37	0.00	7.81	1.59	0.02	7.02	3.58	0.04	4.25	5.54	0.05	-4.96	6.23	0.05	-10.32	6.76	0.06	-15.87
HTM	613214	3140XJVZ3	Agency MBS 30yr	G-2-Q	FANNIE MAE	0.71326148	5	11/1/2052	9027739	 6,439,138 	 993,315.55 	6526457.88	6300111.03	101.3561	97.8408998	-226346.85	7/31/2026	Model2501	100	LMMSOFRFLAT	RFRSwap	5.39	4.75	4.75	-0.69	0.047	 3,007 	0.13	0.23	0.49	1.11	1.76	1.00	0.06	7.1	9.5	63.3	65	0.71	7.45	5.66	46.00	194310.23	NA	NA	0.41	0.00	7.68	1.52	0.02	6.94	3.55	0.04	4.23	5.54	0.05	-4.95	6.24	0.05	-10.30	6.78	0.06	-15.85
AFS	614040	3140XJWE9	Agency MBS 30yr	G-2-Q	FANNIE MAE	0.69408721	5	11/1/2052	18000000	 12,493,570 	 1,795,342.84 	12549294.1	12222821.79	100.446	97.8329013	-326472.31	7/31/2026	Model2501	100	LMMSOFRFLAT	RFRSwap	5.40	4.91	4.66	-0.76	0.046	 5,721 	0.14	0.23	0.48	1.09	1.71	0.96	0.06	6.9	10.1	63.3	67	0.69	8.36	5.80	47.00	195614.28	NA	NA	0.56	0.01	7.45	1.42	0.01	6.67	3.42	0.03	4.11	5.48	0.05	-4.88	6.20	0.05	-10.18	6.76	0.06	-15.72
HTM	613063	3140XJX40	Agency MBS 30yr	G-2-Q	FANNIE MAE	0.70198707	5	12/1/2052	38857747	 27,277,636 	 4,227,574.35 	27645084.8	26703347.86	101.3471	97.8946559	-941736.93	7/31/2026	Model2501	100	LMMSOFRFLAT	RFRSwap	5.39	4.75	4.67	-0.74	0.046	 12,514 	0.14	0.23	0.48	1.09	1.71	0.97	0.06	7.0	9.8	62.0	65	0.70	8.08	5.81	47.00	197125.66	NA	NA	0.51	0.01	7.39	1.37	0.01	6.68	3.43	0.04	4.13	5.47	0.05	-4.88	6.17	0.05	-10.17	6.73	0.06	-15.69
HTM	613686	3140XJX57	Agency MBS 30yr	G-2-Q	FANNIE MAE	0.72915669	5	12/1/2052	65128883	 47,489,161 	 5,997,805.23 	48005542.6	46294821.51	101.0874	97.4850277	-1710721.09	7/31/2026	Model2501	100	LMMSOFRFLAT	RFRSwap	5.46	4.80	4.76	-0.75	0.047	 22,122 	0.13	0.23	0.48	1.10	1.76	1.02	0.07	7.1	9.4	67.9	71	0.73	7.09	5.71	46.00	217937.50	NA	NA	0.54	0.01	7.46	1.37	0.01	6.77	3.49	0.04	4.19	5.59	0.05	-4.95	6.31	0.06	-10.33	6.84	0.06	-15.92
HTM	612986	3140XJZU0	Agency MBS 30yr	G-2-Q	FANNIE MAE	0.67309171	5	12/1/2052	30840701	 20,758,620 	 4,114,653.16 	21134606.92	20361258.94	101.8112	98.0858013	-773347.99	7/31/2026	Model2501	100	LMMSOFRFLAT	RFRSwap	5.34	4.68	4.80	-0.72	0.047	 9,809 	0.13	0.22	0.49	1.11	1.78	1.02	0.06	7.3	9.2	57.5	59	0.67	9.14	5.67	46.00	173535.53	NA	NA	0.30	0.00	7.56	1.43	0.02	6.95	3.56	0.04	4.27	5.60	0.05	-5.01	6.29	0.06	-10.41	6.81	0.06	-16.01
HTM	614653	3140XKCX6	Agency MBS 30yr	G-2-Q	FANNIE MAE	0.70466485	5	12/1/2052	49751950	 35,058,450 	 4,833,777.55 	35451712.76	34239206.13	101.1217	97.6632046	-1212506.63	7/31/2026	Model2501	100	LMMSOFRFLAT	RFRSwap	5.41	4.80	4.88	-0.76	0.048	 16,781 	0.13	0.22	0.48	1.11	1.81	1.08	0.07	7.4	8.9	63.3	65	0.70	8.17	5.67	46.00	219622.88	NA	NA	0.42	0.00	7.62	1.40	0.01	6.99	3.60	0.04	4.31	5.72	0.05	-5.08	6.44	0.06	-10.58	6.95	0.06	-16.26
HTM	613319	3140XKFE5	Agency MBS 30yr	G-2-Q	FANNIE MAE	0.70451053	5	1/1/2053	129575423	 91,287,250 	 12,195,716.61 	92501156.6	89337179.55	101.3298	97.8638086	-3163977.05	7/31/2026	Model2501	100	LMMSOFRFLAT	RFRSwap	5.39	4.75	4.66	-0.81	0.046	 41,852 	0.14	0.24	0.49	1.09	1.71	0.97	0.06	7.0	9.7	60.9	65	0.70	8.21	5.73	45.00	195765.14	NA	NA	0.56	0.01	7.20	1.26	0.01	6.55	3.37	0.03	4.10	5.50	0.05	-4.90	6.23	0.05	-10.22	6.78	0.06	-15.78
HTM	613980	3140XKFF2	Agency MBS 30yr	G-2-Q	FANNIE MAE	0.71876013	5	2/1/2053	128147216	 92,107,110 	 12,079,761.08 	93756396.33	90344185.26	101.7906	98.0860062	-3412211.07	7/31/2026	Model2501	100	LMMSOFRFLAT	RFRSwap	5.35	4.67	4.69	-0.69	0.046	 42,583 	0.14	0.23	0.48	1.11	1.74	0.97	0.06	7.0	9.9	59.7	61	0.72	7.66	5.74	46.00	168554.19	NA	NA	0.48	0.01	7.69	1.54	0.02	6.88	3.51	0.04	4.19	5.48	0.05	-4.90	6.16	0.05	-10.20	6.72	0.06	-15.72
AFS	614289	3140XKVQ0	Agency MBS 30yr	G-2-Q	FANNIE MAE	0.70482867	4.5	10/1/2052	22668499	 15,977,408 	 2,122,874.87 	15594211.46	15213689.16	97.6016	95.2200079	-380522.29	7/31/2026	Model2501	100	LMMSOFRFLAT	RFRSwap	5.39	4.93	5.26	-0.40	0.050	 8,033 	0.11	0.17	0.42	1.15	2.08	1.24	0.10	7.3	9.6	70.8	65	0.70	8.47	5.24	50.00	143631.86	NA	NA	1.28	0.01	11.18	3.21	0.03	8.81	4.49	0.05	4.80	5.92	0.05	-5.20	6.54	0.06	-10.66	7.05	0.06	-16.26
HTM	883542	3140XMM45	Agency MBS 30yr	G-2-Q	FANNIE MAE	0.69416749	5.5	9/1/2053	51076118	 35,455,381 	 -   	35516534	35275060.7	100.1725	99.4914173	-241473.3	7/31/2026	Model2501	100	LMMSOFRFLAT	RFRSwap	5.60	5.44	3.65	-1.19	0.037	 12,944 	0.22	0.30	0.47	0.90	1.15	0.59	0.04	5.5	14.6	72.3	96	0.69	10.98	6.46	37.00	221803.89	NA	NA	1.04	0.01	5.27	0.83	0.01	4.34	2.07	0.02	2.94	4.78	0.05	-4.15	5.66	0.05	-9.06	6.25	0.05	-14.32
HTM	885644	3140XMX50	Agency MBS 30yr	G-2-Q	FANNIE MAE	0.82005302	5	8/1/2053	66686766	 54,686,684 	 -   	53656532	53442426.83	98.1163	97.7247532	-214105.18	7/31/2026	Model2501	100	LMMSOFRFLAT	RFRSwap	5.42	5.34	4.57	-0.90	0.045	 24,551 	0.14	0.26	0.49	1.06	1.64	0.93	0.07	6.8	10.6	59.6	72	0.82	5.64	5.98	39.00	195575.17	NA	NA	0.93	0.01	6.87	1.09	0.01	6.04	3.10	0.03	3.92	5.50	0.05	-4.86	6.21	0.05	-10.16	6.80	0.06	-15.72
AFS	613238	3140XP5Q8	Agency MBS 30yr	G-2-Q	FANNIE MAE	0.88100306	5	6/1/2054	36006077	 31,721,464 	 2,456,043.24 	31561466.49	30929040.08	99.4956	97.5019314	-632426.4	7/31/2026	Model2501	100	LMMSOFRFLAT	RFRSwap	5.44	5.08	4.69	-0.90	0.046	 14,579 	0.14	0.25	0.49	1.07	1.68	1.00	0.09	7.1	9.7	59.1	71	0.88	4.41	5.93	29.00	221331.33	NA	NA	1.05	0.01	7.13	1.15	0.01	6.19	3.18	0.03	4.02	5.62	0.05	-4.95	6.36	0.06	-10.36	6.95	0.06	-16.02
HTM	883554	3140XPKW8	Agency MBS 30yr	G-2-Q	FANNIE MAE	0.74670309	5.5	7/1/2053	36228590	 27,052,000 	 -   	27291724.56	27103245.6	100.8862	100.1894333	-188478.96	7/31/2026	Model2501	100	LMMSOFRFLAT	RFRSwap	5.45	5.31	3.93	-1.15	0.040	 10,698 	0.19	0.30	0.50	0.98	1.31	0.67	0.02	6.3	11.7	57.1	75	0.75	10.58	6.48	42.00	220011.95	NA	NA	0.89	0.01	5.25	0.61	0.01	4.55	2.20	0.02	3.22	4.97	0.05	-4.42	5.69	0.05	-9.42	6.31	0.05	-14.75
HTM	883548	3140XPW70	Agency MBS 30yr	G-2-Q	FANNIE MAE	0.7491193	5.5	4/1/2054	20585846	 15,421,255 	 -   	15542405.37	15458245.39	100.7856	100.2398692	-84159.98	7/31/2026	Model2501	100	LMMSOFRFLAT	RFRSwap	5.44	5.32	3.75	-1.22	0.038	 5,829 	0.20	0.31	0.50	0.94	1.20	0.61	0.03	6.1	12.7	53.9	75	0.75	10.91	6.52	37.00	199310.20	NA	NA	0.91	0.01	4.96	0.60	0.01	4.22	1.98	0.02	3.01	4.83	0.05	-4.27	5.57	0.05	-9.17	6.24	0.05	-14.43
HTM	883561	3140XQDL8	Agency MBS 30yr	G-2-Q	FANNIE MAE	0.8172892	5.5	6/1/2054	25000000	 20,432,230 	 -   	20566517.28	20428007.66	100.6572	99.9793349	-138509.62	7/31/2026	Model2501	100	LMMSOFRFLAT	RFRSwap	5.50	5.37	4.07	-1.17	0.041	 8,350 	0.18	0.30	0.51	1.00	1.33	0.72	0.05	6.6	11.2	58.1	79	0.82	8.08	6.42	31.00	246727.38	NA	NA	1.04	0.01	5.64	0.73	0.01	4.77	2.30	0.02	3.34	5.12	0.05	-4.55	5.90	0.05	-9.70	6.60	0.06	-15.21
HTM	883820	3140XQMU8	Agency MBS 30yr	G-2-Q	FANNIE MAE	0.68178098	6	7/1/2054	75184046	 51,259,053 	 -   	52636329.89	52532472.54	102.6869	102.4842831	-103857.35	7/31/2026	Model2501	100	LMMSOFRFLAT	RFRSwap	5.49	5.45	3.08	-1.77	0.032	 16,256 	0.24	0.34	0.49	0.82	0.85	0.38	-0.01	5.9	12.8	44.8	79	0.68	16.46	6.96	32.00	247554.75	NA	NA	0.90	0.01	3.55	0.49	0.01	2.79	1.06	0.01	2.13	4.45	0.04	-3.88	5.29	0.05	-8.62	5.96	0.05	-13.79
HTM	883564	3140XRS71	Agency MBS 30yr	G-2-Q	FANNIE MAE	0.86665552	5.5	9/1/2054	67868893	 58,818,951 	 -   	59190583	58793642.37	100.6318	99.9569724	-396940.63	7/31/2026	Model2501	100	LMMSOFRFLAT	RFRSwap	5.50	5.38	4.06	-1.31	0.041	 23,981 	0.18	0.30	0.51	1.00	1.32	0.73	0.05	6.8	10.5	55.1	78	0.87	6.76	6.52	24.00	252294.83	NA	NA	1.00	0.01	5.39	0.69	0.01	4.51	2.11	0.02	3.24	5.17	0.05	-4.58	5.95	0.05	-9.78	6.63	0.06	-15.32
HTM	883582	3140XRUE3	Agency MBS 30yr	G-2-Q	FANNIE MAE	0.80552271	5.5	6/1/2054	77699523	 62,588,730 	 -   	63015993.11	62589793.59	100.6827	100.0016988	-426199.52	7/31/2026	Model2501	100	LMMSOFRFLAT	RFRSwap	5.49	5.36	3.89	-1.28	0.039	 24,438 	0.19	0.31	0.50	0.95	1.25	0.67	0.04	6.3	11.7	56.3	79	0.81	10.47	6.48	36.00	248638.53	NA	NA	0.90	0.01	5.02	0.57	0.01	4.27	2.01	0.02	3.09	5.01	0.05	-4.42	5.77	0.05	-9.47	6.44	0.06	-14.87
HTM	883575	3140Y63A6	Agency MBS 30yr	G-2-Q	FANNIE MAE	0.98749394	5.5	7/1/2055	2069625	 2,043,742 	 -   	2049977.91	2038795.9	100.3051	99.7579809	-11182.01	7/31/2026	Model2501	100	LMMSOFRFLAT	RFRSwap	5.54	5.46	4.66	-1.15	0.047	 955 	0.15	0.28	0.49	1.06	1.63	0.99	0.10	7.9	8.8	60.2	78	0.99	0.14	6.51	13.00	232679.55	NA	NA	1.26	0.01	7.01	1.10	0.01	5.85	2.81	0.03	3.92	5.70	0.05	-5.11	6.41	0.06	-10.71	6.90	0.06	-16.50
HTM	883825	3140Y63D0	Agency MBS 30yr	G-2-Q	FANNIE MAE	0.97308944	6	7/1/2055	2148223	 2,090,413 	 -   	2149216.4	2144592.85	102.813	102.5918193	-4623.55	7/31/2026	Model2501	100	LMMSOFRFLAT	RFRSwap	5.54	5.50	3.77	-1.53	0.039	 813 	0.20	0.31	0.49	0.95	1.23	0.61	0.02	7.0	10.7	54.6	80	0.97	1.67	6.88	13.00	212980.80	NA	NA	1.13	0.01	5.14	0.71	0.01	4.22	1.86	0.02	2.96	5.02	0.05	-4.51	5.79	0.05	-9.72	6.32	0.06	-15.22
HTM	883596	3140Y63S7	Agency MBS 30yr	G-2-Q	FANNIE MAE	0.98635152	5.5	8/1/2055	3404475	 3,358,009 	 -   	3378657.52	3358203	100.6149	100.0057744	-20454.52	7/31/2026	Model2501	100	LMMSOFRFLAT	RFRSwap	5.50	5.40	4.68	-1.06	0.047	 1,577 	0.14	0.27	0.51	1.09	1.66	0.95	0.09	7.8	9.2	60.3	74	0.99	0.25	6.51	13.00	164390.80	NA	NA	1.00	0.01	7.04	1.14	0.01	6.11	2.97	0.03	4.01	5.65	0.05	-5.09	6.34	0.06	-10.66	6.83	0.06	-16.40
HTM	883815	3140Y63U2	Agency MBS 30yr	G-2-Q	FANNIE MAE	0.76656597	6	8/1/2055	1862672	 1,427,861 	 -   	1473454.01	1469628.39	103.1931	102.925174	-3825.62	7/31/2026	Model2501	100	LMMSOFRFLAT	RFRSwap	5.48	5.43	3.88	-1.55	0.040	 573 	0.19	0.31	0.51	0.98	1.25	0.65	0.03	7.3	10.6	47.3	74	0.77	22.55	6.92	13.00	194741.72	NA	NA	0.88	0.01	4.63	0.42	0.00	4.08	1.78	0.02	3.01	5.21	0.05	-4.66	6.05	0.06	-10.09	6.65	0.06	-15.85
HTM	883700	3140Y64E7	Agency MBS 30yr	G-2-Q	FANNIE MAE	0.98613118	6	8/1/2055	1243407	 1,226,162 	 -   	1251544.99	1248251.66	102.0701	101.8014941	-3293.33	7/31/2026	Model2501	100	LMMSOFRFLAT	RFRSwap	5.66	5.62	3.81	-1.22	0.039	 478 	0.20	0.28	0.46	0.93	1.25	0.68	0.05	6.9	10.8	69.5	92	0.99	0.33	6.78	13.00	183680.36	NA	NA	1.10	0.01	5.40	0.74	0.01	4.47	2.06	0.02	3.11	4.82	0.05	-4.38	5.45	0.05	-9.30	5.89	0.05	-14.44
AFS	613143	3140Y6AT7	Agency MBS 30yr	G-2-Q	FANNIE MAE	0.86609999	5.5	2/1/2055	9830352	 8,514,068 	 1,248,029.17 	8509652.16	8465456.12	99.9481	99.4290432	-44196.04	7/31/2026	Model2501	100	LMMSOFRFLAT	RFRSwap	5.60	5.51	4.42	-1.41	0.044	 3,762 	0.17	0.29	0.49	1.01	1.51	0.91	0.08	7.5	9.1	61.1	85	0.87	8.61	6.50	18.00	287784.78	NA	NA	1.06	0.01	5.91	0.80	0.01	4.99	2.33	0.02	3.52	5.64	0.05	-4.96	6.43	0.06	-10.55	6.99	0.06	-16.37
HTM	883682	3140Y6CB4	Agency MBS 30yr	G-2-Q	FANNIE MAE	0.85950401	6	3/1/2055	5144660	 4,421,856 	 -   	4509300.78	4498902.69	101.9776	101.7424084	-10398.09	7/31/2026	Model2501	100	LMMSOFRFLAT	RFRSwap	5.67	5.62	3.51	-1.71	0.036	 1,588 	0.22	0.32	0.48	0.88	1.07	0.55	0.02	6.5	11.6	63.4	95	0.86	9.19	6.94	18.00	247923.31	NA	NA	0.94	0.01	4.28	0.54	0.01	3.50	1.49	0.02	2.58	4.88	0.05	-4.27	5.71	0.05	-9.36	6.33	0.06	-14.80
AFS	613224	3140Y6CC2	Agency MBS 30yr	G-2-Q	FANNIE MAE	0.74237931	5.5	2/1/2055	2304891	 1,711,103 	 285,335.11 	1709671.01	1703783.11	99.9163	99.5721895	-5887.91	7/31/2026	Model2501	100	LMMSOFRFLAT	RFRSwap	5.57	5.51	4.34	-1.29	0.043	 744 	0.17	0.29	0.49	1.00	1.47	0.86	0.08	7.2	10.5	63.6	85	0.74	18.03	6.47	18.00	245218.02	NA	NA	1.23	0.01	6.36	1.00	0.01	5.25	2.49	0.03	3.56	5.46	0.05	-4.84	6.20	0.06	-10.25	6.76	0.06	-15.90
HTM	883605	3140Y6E97	Agency MBS 30yr	G-2-Q	FANNIE MAE	0.89936176	5.5	3/1/2055	2583785	 2,323,757 	 -   	2328792.24	2316107.51	100.2167	99.6707954	-12684.73	7/31/2026	Model2501	100	LMMSOFRFLAT	RFRSwap	5.56	5.47	4.64	-1.42	0.046	 1,080 	0.15	0.27	0.49	1.06	1.62	1.00	0.08	8.1	8.0	55.1	78	0.90	6.60	6.54	17.00	224125.47	NA	NA	0.94	0.01	5.83	0.59	0.01	5.10	2.40	0.02	3.71	5.86	0.06	-5.18	6.62	0.06	-10.95	7.15	0.06	-16.91
HTM	883589	3140Y6FB1	Agency MBS 30yr	G-2-Q	FANNIE MAE	0.82276885	5.5	3/1/2055	3910109	 3,217,116 	 -   	3223937.29	3206342.4	100.212	99.6651197	-17594.89	7/31/2026	Model2501	100	LMMSOFRFLAT	RFRSwap	5.56	5.47	4.67	-1.25	0.047	 1,506 	0.14	0.27	0.50	1.08	1.64	0.99	0.09	8.0	8.1	59.7	78	0.82	12.62	6.46	17.00	229312.52	NA	NA	1.09	0.01	6.48	0.84	0.01	5.56	2.68	0.03	3.87	5.78	0.05	-5.15	6.50	0.06	-10.83	7.00	0.06	-16.68
HTM	883928	3140Y6GA2	Agency MBS 30yr	G-2-Q	FANNIE MAE	0.90177167	6	3/1/2055	10101685	 9,109,413 	 -   	9291313.9	9266283.2	101.9968	101.7220631	-25030.7	7/31/2026	Model2501	100	LMMSOFRFLAT	RFRSwap	5.69	5.64	3.70	-1.65	0.038	 3,448 	0.21	0.32	0.48	0.92	1.16	0.61	0.03	6.8	10.9	66.0	96	0.90	6.48	6.91	17.00	224166.61	NA	NA	0.97	0.01	4.55	0.53	0.01	3.77	1.63	0.02	2.78	5.03	0.05	-4.44	5.84	0.05	-9.64	6.44	0.06	-15.16
HTM	883600	3140Y6GD6	Agency MBS 30yr	G-2-Q	FANNIE MAE	0.98406311	5.5	3/1/2055	5320495	 5,235,703 	 -   	5246805.6	5218169.31	100.2121	99.6651158	-28636.29	7/31/2026	Model2501	100	LMMSOFRFLAT	RFRSwap	5.56	5.47	4.52	-1.13	0.045	 2,369 	0.15	0.26	0.48	1.06	1.57	0.93	0.09	7.6	9.2	62.8	80	0.98	0.08	6.56	17.00	210639.30	NA	NA	1.15	0.01	6.71	1.05	0.01	5.64	2.72	0.03	3.79	5.51	0.05	-4.94	6.18	0.06	-10.37	6.64	0.06	-15.96
AFS	612268	3140Y6GK0	Agency MBS 30yr	G-2-Q	FANNIE MAE	0.97567538	5	4/1/2055	3414925	 3,331,858 	 66,307.83 	3293926.23	3231065.06	98.8615	96.9748656	-62861.18	7/31/2026	Model2501	100	LMMSOFRFLAT	RFRSwap	5.47	5.17	5.31	-0.87	0.052	 1,723 	0.11	0.23	0.48	1.14	1.95	1.28	0.14	8.3	7.6	58.8	69	0.98	0.55	6.01	17.00	251034.13	NA	NA	1.27	0.01	8.47	1.52	0.02	7.21	3.68	0.04	4.58	6.27	0.06	-5.51	6.92	0.06	-11.38	7.28	0.06	-17.31
HTM	883650	3140Y6GM6	Agency MBS 30yr	G-2-Q	FANNIE MAE	0.96123185	5.5	4/1/2055	10977439	 10,551,864 	 -   	10549910.87	10485570.89	99.9815	99.3717403	-64339.98	7/31/2026	Model2501	100	LMMSOFRFLAT	RFRSwap	5.61	5.51	4.62	-1.35	0.046	 4,868 	0.15	0.28	0.49	1.06	1.59	0.99	0.10	7.8	8.6	61.7	85	0.96	1.81	6.50	17.00	258175.89	NA	NA	1.15	0.01	6.31	0.85	0.01	5.32	2.52	0.03	3.73	5.80	0.05	-5.12	6.56	0.06	-10.82	7.11	0.06	-16.73
HTM	883810	3140Y6GN4	Agency MBS 30yr	G-2-Q	FANNIE MAE	0.9310558	6	4/1/2055	9928891	 9,244,352 	 -   	9397303.66	9374218.51	101.6545	101.404825	-23085.15	7/31/2026	Model2501	100	LMMSOFRFLAT	RFRSwap	5.73	5.68	3.60	-1.71	0.037	 3,393 	0.22	0.31	0.47	0.90	1.11	0.58	0.04	6.5	12.0	70.3	102	0.93	4.21	6.91	17.00	229945.81	NA	NA	1.03	0.01	4.68	0.67	0.01	3.76	1.65	0.02	2.71	4.93	0.05	-4.33	5.72	0.05	-9.42	6.30	0.05	-14.83
HTM	883609	3140Y6L57	Agency MBS 30yr	G-2-Q	FANNIE MAE	0.90439249	5.5	5/1/2055	5347547	 4,836,281 	 -   	4862992.9	4833556.56	100.5523	99.9436594	-29436.34	7/31/2026	Model2501	100	LMMSOFRFLAT	RFRSwap	5.51	5.42	4.60	-1.26	0.046	 2,231 	0.15	0.28	0.50	1.06	1.60	0.95	0.08	7.8	8.7	56.1	75	0.90	6.68	6.52	16.00	217106.38	NA	NA	1.12	0.01	6.45	0.87	0.01	5.49	2.64	0.03	3.80	5.69	0.05	-5.08	6.41	0.06	-10.70	6.92	0.06	-16.50
HTM	883797	3140Y6L65	Agency MBS 30yr	G-2-Q	FANNIE MAE	0.85157878	6	4/1/2055	5769367	 4,913,071 	 -   	5051280.99	5040413.91	102.8131	102.591931	-10867.08	7/31/2026	Model2501	100	LMMSOFRFLAT	RFRSwap	5.52	5.48	3.55	-1.76	0.037	 1,796 	0.21	0.32	0.49	0.91	1.09	0.54	0.02	6.7	11.3	48.8	79	0.85	11.14	6.92	16.00	199541.81	NA	NA	0.99	0.01	4.33	0.48	0.01	3.56	1.52	0.02	2.64	4.91	0.05	-4.34	5.73	0.05	-9.49	6.33	0.06	-14.98
HTM	883662	3140Y6LX6	Agency MBS 30yr	G-2-Q	FANNIE MAE	0.93643486	5.5	4/1/2055	5052932	 4,731,742 	 -   	4746178.01	4720289.92	100.3051	99.7579803	-25888.09	7/31/2026	Model2501	100	LMMSOFRFLAT	RFRSwap	5.54	5.45	4.43	-1.46	0.044	 2,101 	0.17	0.29	0.50	1.02	1.48	0.92	0.09	7.6	8.9	52.3	79	0.94	4.04	6.52	16.00	261452.25	NA	NA	1.09	0.01	5.77	0.73	0.01	4.83	2.23	0.02	3.48	5.69	0.05	-5.01	6.47	0.06	-10.65	7.03	0.06	-16.52
HTM	883792	3140Y6LY4	Agency MBS 30yr	G-2-Q	FANNIE MAE	0.9427717	6	4/1/2055	5872073	 5,536,024 	 -   	5647302.77	5633427.49	102.0101	101.759444	-13875.28	7/31/2026	Model2501	100	LMMSOFRFLAT	RFRSwap	5.68	5.64	3.71	-1.76	0.038	 2,101 	0.21	0.31	0.48	0.93	1.17	0.62	0.03	6.9	10.9	63.6	95	0.94	3.60	6.91	16.00	235887.33	NA	NA	1.00	0.01	4.66	0.59	0.01	3.81	1.67	0.02	2.78	5.08	0.05	-4.47	5.89	0.05	-9.73	6.48	0.06	-15.29
HTM	883789	3140Y6MH0	Agency MBS 30yr	G-2-Q	FANNIE MAE	0.84038182	6	5/1/2055	5112309	 4,296,292 	 -   	4422730.68	4412351.92	102.943	102.7014084	-10378.76	7/31/2026	Model2501	100	LMMSOFRFLAT	RFRSwap	5.54	5.50	3.92	-1.46	0.040	 1,740 	0.18	0.31	0.52	1.00	1.27	0.65	0.03	7.4	9.8	54.3	79	0.84	12.05	6.76	16.00	176906.58	NA	NA	0.81	0.01	4.60	0.34	0.00	4.12	1.84	0.02	3.09	5.14	0.05	-4.64	5.91	0.06	-9.95	6.48	0.06	-15.57
HTM	883658	3140Y6MJ6	Agency MBS 30yr	G-2-Q	FANNIE MAE	0.9841061	5.5	5/1/2055	2174729	 2,140,164 	 -   	2153323.62	2140287.55	100.6149	100.0057694	-13036.07	7/31/2026	Model2501	100	LMMSOFRFLAT	RFRSwap	5.50	5.40	4.64	-1.18	0.047	 998 	0.15	0.28	0.50	1.06	1.62	0.97	0.09	7.8	9.3	56.2	75	0.98	0.15	6.52	16.00	218931.81	NA	NA	1.30	0.01	6.96	1.07	0.01	5.81	2.79	0.03	3.90	5.71	0.05	-5.12	6.44	0.06	-10.76	6.93	0.06	-16.58
HTM	885630	3140Y6MQ0	Agency MBS 30yr	G-2-Q	FANNIE MAE	0.89650608	5	5/1/2055	4075858	 3,654,031 	 -   	3570453.5	3555541.68	97.7127	97.3046264	-14911.82	7/31/2026	Model2501	100	LMMSOFRFLAT	RFRSwap	5.40	5.34	5.40	-1.04	0.053	 1,929 	0.11	0.23	0.47	1.10	1.96	1.39	0.17	8.8	7.0	47.0	60	0.90	7.21	5.98	16.00	284457.09	NA	NA	1.16	0.01	7.76	1.10	0.01	6.84	3.51	0.04	4.57	6.47	0.06	-5.68	7.19	0.06	-11.77	7.58	0.06	-17.92
HTM	883671	3140Y6MS6	Agency MBS 30yr	G-2-Q	FANNIE MAE	0.89871471	5.5	5/1/2055	9001850	 8,090,095 	 -   	8107250.08	8068010.76	100.2121	99.7270211	-39239.32	7/31/2026	Model2501	100	LMMSOFRFLAT	RFRSwap	5.55	5.47	4.54	-1.33	0.046	 3,682 	0.15	0.28	0.50	1.05	1.56	0.95	0.09	7.7	9.1	57.4	80	0.90	7.14	6.47	16.00	236710.53	NA	NA	1.11	0.01	6.22	0.82	0.01	5.28	2.50	0.03	3.70	5.70	0.05	-5.05	6.46	0.06	-10.69	7.02	0.06	-16.55
HTM	883785	3140Y6MT4	Agency MBS 30yr	G-2-Q	FANNIE MAE	0.84278035	6	5/1/2055	7338300	 6,184,575 	 -   	6301607.35	6287139.86	101.8923	101.6583972	-14467.49	7/31/2026	Model2501	100	LMMSOFRFLAT	RFRSwap	5.70	5.65	3.75	-1.52	0.038	 2,368 	0.20	0.31	0.49	0.93	1.19	0.62	0.04	6.8	10.9	68.5	97	0.84	11.85	6.79	16.00	198062.55	NA	NA	1.03	0.01	4.88	0.60	0.01	4.04	1.81	0.02	2.90	4.97	0.05	-4.43	5.72	0.05	-9.54	6.27	0.05	-14.94
HTM	883664	3140Y6QA1	Agency MBS 30yr	G-2-Q	FANNIE MAE	0.98582988	5.5	5/1/2055	3643632	 3,592,001 	 -   	3607409.56	3589981.87	100.429	99.9437798	-17427.69	7/31/2026	Model2501	100	LMMSOFRFLAT	RFRSwap	5.51	5.44	4.82	-1.08	0.048	 1,738 	0.14	0.26	0.49	1.08	1.72	1.05	0.10	8.2	8.4	58.8	73	0.99	0.08	6.46	15.00	194257.31	NA	NA	1.08	0.01	7.12	1.05	0.01	6.16	3.01	0.03	4.12	5.84	0.06	-5.25	6.55	0.06	-10.99	7.05	0.06	-16.89
AFS	614842	3140Y6QJ2	Agency MBS 30yr	G-2-Q	FANNIE MAE	0.92461552	5	5/1/2055	2062773	 1,907,272 	 151,281.07 	1881965.98	1855861.75	98.6732	97.3045174	-26104.23	7/31/2026	Model2501	100	LMMSOFRFLAT	RFRSwap	5.41	5.20	5.30	-0.99	0.052	 987 	0.12	0.23	0.46	1.08	1.92	1.35	0.17	8.6	7.6	49.4	62	0.92	5.34	6.07	15.00	240410.84	NA	NA	1.00	0.01	7.64	1.11	0.01	6.78	3.47	0.04	4.49	6.35	0.06	-5.57	7.10	0.06	-11.57	7.53	0.06	-17.68
HTM	883687	3140Y6QK9	Agency MBS 30yr	G-2-Q	FANNIE MAE	0.85642223	5.5	5/1/2055	3504888	 3,001,664 	 -   	3008029.17	2991611.92	100.2121	99.6651164	-16417.25	7/31/2026	Model2501	100	LMMSOFRFLAT	RFRSwap	5.56	5.47	4.53	-1.36	0.045	 1,362 	0.16	0.28	0.49	1.03	1.54	0.96	0.10	7.8	9.1	58.1	80	0.86	11.44	6.49	15.00	211509.45	NA	NA	0.96	0.01	5.89	0.67	0.01	5.15	2.45	0.03	3.66	5.72	0.05	-5.05	6.49	0.06	-10.71	7.05	0.06	-16.59
HTM	883787	3140Y6QL7	Agency MBS 30yr	G-2-Q	FANNIE MAE	0.81317202	6	5/1/2055	3246112	 2,639,647 	 -   	2693127.67	2686053.62	102.026	101.7580441	-7074.05	7/31/2026	Model2501	100	LMMSOFRFLAT	RFRSwap	5.67	5.63	3.73	-1.58	0.038	 1,007 	0.21	0.31	0.48	0.92	1.17	0.62	0.04	6.8	11.2	67.3	95	0.81	15.36	6.89	15.00	192749.44	NA	NA	1.02	0.01	4.78	0.56	0.01	3.95	1.77	0.02	2.87	4.98	0.05	-4.43	5.74	0.05	-9.56	6.30	0.05	-14.99
AFS	612996	3140Y6R28	Agency MBS 30yr	G-2-Q	FANNIE MAE	0.98503108	5	5/1/2055	1149635	 1,132,426 	 15,656.08 	1108043.04	1102033.45	97.8468	97.3161378	-6009.6	7/31/2026	Model2501	100	LMMSOFRFLAT	RFRSwap	5.40	5.32	5.55	-0.83	0.054	 615 	0.10	0.22	0.47	1.12	2.08	1.41	0.18	8.9	7.2	52.5	60	0.99	0.04	5.98	15.00	169822.84	NA	NA	0.96	0.01	8.84	1.59	0.02	7.80	4.00	0.04	4.88	6.48	0.06	-5.74	7.12	0.06	-11.81	7.48	0.06	-17.88
HTM	883683	3140Y6R69	Agency MBS 30yr	G-2-Q	FANNIE MAE	0.97020594	5.5	6/1/2055	2514520	 2,439,602 	 -   	2457601.15	2442756.21	100.7378	100.129282	-14844.94	7/31/2026	Model2501	100	LMMSOFRFLAT	RFRSwap	5.48	5.38	4.54	-1.17	0.046	 1,114 	0.15	0.27	0.51	1.08	1.59	0.90	0.07	7.6	9.1	56.0	73	0.97	1.46	6.53	15.00	175151.22	NA	NA	1.07	0.01	6.53	0.94	0.01	5.60	2.69	0.03	3.80	5.57	0.05	-5.00	6.26	0.06	-10.51	6.76	0.06	-16.21
HTM	883772	3140Y6RZ5	Agency MBS 30yr	G-2-Q	FANNIE MAE	0.96862176	6	6/1/2055	2425740	 2,349,625 	 -   	2415718.52	2410521.7	102.813	102.5917823	-5196.82	7/31/2026	Model2501	100	LMMSOFRFLAT	RFRSwap	5.53	5.50	3.63	-1.54	0.037	 880 	0.21	0.30	0.47	0.93	1.17	0.57	0.01	6.8	10.7	52.3	79	0.97	1.67	6.89	15.00	221169.58	NA	NA	1.01	0.01	4.64	0.56	0.01	3.88	1.69	0.02	2.80	4.87	0.05	-4.36	5.61	0.05	-9.43	6.14	0.05	-14.79
HTM	883698	3140Y6SK7	Agency MBS 30yr	G-2-Q	FANNIE MAE	0.88623465	5.5	6/1/2055	2643112	 2,342,417 	 -   	2349563.35	2338198.85	100.3051	99.8199045	-11364.5	7/31/2026	Model2501	100	LMMSOFRFLAT	RFRSwap	5.53	5.46	4.78	-1.23	0.048	 1,124 	0.14	0.27	0.49	1.07	1.70	1.06	0.09	8.3	7.9	58.3	75	0.89	8.78	6.34	15.00	218706.73	NA	NA	0.96	0.01	6.37	0.70	0.01	5.65	2.78	0.03	3.99	5.89	0.06	-5.26	6.62	0.06	-11.04	7.12	0.06	-16.99
AFS	612774	3140Y6VQ0	Agency MBS 30yr	G-2-Q	FANNIE MAE	0.87149361	5	6/1/2055	1422161	 1,239,404 	 178,330.64 	1210359.45	1201776.86	97.6566	96.9640764	-8582.59	7/31/2026	Model2501	100	LMMSOFRFLAT	RFRSwap	5.46	5.36	5.42	-0.93	0.053	 654 	0.11	0.22	0.46	1.10	2.00	1.38	0.17	8.7	7.3	56.8	66	0.87	10.82	6.02	15.00	261977.39	NA	NA	0.98	0.01	8.13	1.29	0.01	7.20	3.72	0.04	4.65	6.43	0.06	-5.64	7.14	0.06	-11.67	7.52	0.06	-17.76
HTM	883694	3140Y6VR8	Agency MBS 30yr	G-2-Q	FANNIE MAE	0.98681062	5.5	6/1/2055	1259911	 1,243,294 	 -   	1247851.59	1241053.85	100.3666	99.8198571	-6797.74	7/31/2026	Model2501	100	LMMSOFRFLAT	RFRSwap	5.53	5.44	4.68	-1.05	0.047	 583 	0.14	0.27	0.50	1.09	1.65	0.96	0.10	7.7	9.5	63.0	79	0.99	0.06	6.35	14.00	182679.78	NA	NA	1.10	0.01	7.03	1.11	0.01	6.07	2.98	0.03	4.01	5.68	0.05	-5.10	6.40	0.06	-10.69	6.90	0.06	-16.48
HTM	883769	3140Y6VS6	Agency MBS 30yr	G-2-Q	FANNIE MAE	0.98785538	6	6/1/2055	1067892	 1,054,923 	 -   	1076871.06	1074048.01	102.0806	101.8129434	-2823.05	7/31/2026	Model2501	100	LMMSOFRFLAT	RFRSwap	5.72	5.67	3.84	-1.80	0.039	 414 	0.20	0.31	0.48	0.94	1.22	0.68	0.04	7.5	9.2	62.5	95	0.99	0.08	6.90	14.00	282622.00	NA	NA	0.91	0.01	4.25	0.40	0.00	3.54	1.50	0.02	2.80	5.24	0.05	-4.62	6.05	0.06	-10.02	6.60	0.06	-15.70
HTM	883721	3140Y6VV9	Agency MBS 30yr	G-2-Q	FANNIE MAE	0.96794982	5.5	6/1/2055	1970778	 1,907,614 	 -   	1919343.82	1907724.26	100.6149	100.005769	-11619.56	7/31/2026	Model2501	100	LMMSOFRFLAT	RFRSwap	5.50	5.39	4.43	-1.13	0.045	 849 	0.16	0.29	0.51	1.06	1.51	0.84	0.08	7.2	10.7	59.1	78	0.97	1.86	6.51	14.00	199696.39	NA	NA	1.25	0.01	6.61	1.02	0.01	5.56	2.66	0.03	3.72	5.47	0.05	-4.89	6.19	0.06	-10.32	6.72	0.06	-15.98
HTM	883695	3140Y6VW7	Agency MBS 30yr	G-2-Q	FANNIE MAE	0.95312859	6	6/1/2055	2439714	 2,325,361 	 -   	2393806.31	2387581.22	102.9434	102.6757158	-6225.09	7/31/2026	Model2501	100	LMMSOFRFLAT	RFRSwap	5.54	5.50	3.95	-1.46	0.041	 948 	0.18	0.31	0.52	0.99	1.28	0.67	0.03	7.4	9.9	54.8	79	0.95	3.31	6.82	14.00	173370.30	NA	NA	0.82	0.01	4.58	0.28	0.00	4.13	1.87	0.02	3.13	5.17	0.05	-4.66	5.94	0.06	-10.01	6.51	0.06	-15.65
HTM	883717	3140Y6WE6	Agency MBS 30yr	G-2-Q	FANNIE MAE	0.96671291	5.5	7/1/2055	1018800	 984,887 	 -   	987283.18	981893.48	100.2433	99.696043	-5389.7	7/31/2026	Model2501	100	LMMSOFRFLAT	RFRSwap	5.55	5.46	4.56	-1.15	0.046	 450 	0.15	0.29	0.51	1.06	1.60	0.90	0.07	7.5	9.5	63.2	82	0.97	1.96	6.40	14.00	190951.31	NA	NA	1.17	0.01	6.56	0.91	0.01	5.64	2.74	0.03	3.82	5.59	0.05	-5.00	6.29	0.06	-10.51	6.77	0.06	-16.20
HTM	883760	3140Y6WG1	Agency MBS 30yr	G-2-Q	FANNIE MAE	0.98755999	6	7/1/2055	1873795	 1,850,485 	 -   	1892465.6	1887506.97	102.2686	102.0006644	-4958.63	7/31/2026	Model2501	100	LMMSOFRFLAT	RFRSwap	5.62	5.57	3.64	-1.44	0.037	 691 	0.21	0.32	0.50	0.92	1.13	0.56	0.03	6.6	11.7	64.0	90	0.99	0.11	6.90	14.00	216866.19	NA	NA	1.04	0.01	4.83	0.63	0.01	4.02	1.79	0.02	2.84	4.82	0.05	-4.31	5.56	0.05	-9.29	6.13	0.05	-14.59
HTM	883724	3140Y6WQ9	Agency MBS 30yr	G-2-Q	FANNIE MAE	0.97324072	5.5	7/1/2055	2463210	 2,397,296 	 -   	2407578.91	2394463.63	100.4289	99.8818399	-13115.28	7/31/2026	Model2501	100	LMMSOFRFLAT	RFRSwap	5.52	5.43	4.31	-1.39	0.043	 1,036 	0.17	0.30	0.50	1.02	1.45	0.83	0.07	7.2	9.9	55.2	79	0.97	1.37	6.51	14.00	232288.22	NA	NA	1.14	0.01	5.87	0.79	0.01	4.90	2.28	0.02	3.44	5.49	0.05	-4.86	6.26	0.06	-10.34	6.81	0.06	-16.05
HTM	883754	3140Y6WS5	Agency MBS 30yr	G-2-Q	FANNIE MAE	0.98600029	6	7/1/2055	1743560	 1,719,151 	 -   	1767513.82	1763316.26	102.8132	102.5690355	-4197.56	7/31/2026	Model2501	100	LMMSOFRFLAT	RFRSwap	5.53	5.49	3.69	-1.44	0.038	 653 	0.21	0.30	0.48	0.92	1.18	0.60	0.03	6.9	11.0	52.9	79	0.99	0.34	6.89	13.00	187860.48	NA	NA	1.00	0.01	4.67	0.48	0.01	3.95	1.76	0.02	2.89	4.85	0.05	-4.37	5.56	0.05	-9.40	6.05	0.05	-14.70
HTM	883728	3140Y6ZU7	Agency MBS 30yr	G-2-Q	FANNIE MAE	0.98779006	5.5	7/1/2055	1859480	 1,836,776 	 -   	1844655.01	1834605.68	100.429	99.8818483	-10049.33	7/31/2026	Model2501	100	LMMSOFRFLAT	RFRSwap	5.52	5.44	4.56	-1.40	0.046	 841 	0.15	0.28	0.51	1.06	1.54	0.96	0.10	7.9	8.8	52.8	76	0.99	0.08	6.44	14.00	215896.36	NA	NA	0.95	0.01	5.63	0.47	0.00	5.00	2.38	0.02	3.66	5.78	0.06	-5.11	6.57	0.06	-10.83	7.14	0.06	-16.79
HTM	883691	3140Y6ZV5	Agency MBS 30yr	G-2-Q	FANNIE MAE	0.91155584	6	7/1/2055	1818769	 1,657,910 	 -   	1687976.38	1683542.28	101.8135	101.5460901	-4434.1	7/31/2026	Model2501	100	LMMSOFRFLAT	RFRSwap	5.70	5.65	3.44	-1.92	0.035	 582 	0.23	0.32	0.46	0.83	1.01	0.58	0.04	6.5	11.6	62.5	98	0.91	7.88	6.85	13.00	221952.73	NA	NA	0.81	0.01	3.80	0.37	0.00	3.15	1.32	0.01	2.43	4.92	0.05	-4.25	5.82	0.05	-9.41	6.46	0.06	-14.94
AFS	723715	3140Y75Y0	Agency MBS 30yr	G-2-Q	FANNIE MAE	0.98805268	5	12/1/2055	1265463	 1,250,344 	 15,288.98 	1263944.54	1218914.93	101.0877	97.4863575	-45029.61	7/31/2026	Model2501	100	LMMSOFRFLAT	RFRSwap	5.37	4.85	5.96	-0.54	0.058	 729 	0.08	0.18	0.44	1.16	2.37	1.57	0.19	9.5	7.0	55.8	56	0.99	0.85	6.02	8.00	156293.02	NA	NA	0.93	0.01	11.10	2.61	0.03	9.46	4.77	0.05	5.46	6.70	0.06	-6.03	7.19	0.06	-12.21	7.41	0.06	-18.26
AFS	725945	3140Y76N3	Agency MBS 30yr	G-2-Q	FANNIE MAE	0.99287973	5	12/1/2055	1093720	 1,085,932 	 7,875.50 	1097957.73	1055945.42	101.1074	97.2385941	-42012.31	7/31/2026	Model2501	100	LMMSOFRFLAT	RFRSwap	5.43	4.84	5.55	-0.76	0.054	 589 	0.10	0.22	0.47	1.10	2.08	1.42	0.19	8.9	7.6	58.0	62	0.99	0.02	6.05	8.00	168745.86	NA	NA	0.89	0.01	9.25	1.85	0.02	8.05	4.12	0.04	4.92	6.43	0.06	-5.71	7.02	0.06	-11.70	7.34	0.06	-17.68
HTM	883680	3140Y7A40	Agency MBS 30yr	G-2-Q	FANNIE MAE	0.98946099	5.5	8/1/2055	1376316	 1,361,811 	 -   	1369755.98	1360622.74	100.5834	99.9127444	-9133.24	7/31/2026	Model2501	100	LMMSOFRFLAT	RFRSwap	5.52	5.41	4.70	-1.29	0.047	 642 	0.14	0.28	0.49	1.06	1.64	1.01	0.10	8.2	8.6	54.1	75	0.99	0.03	6.47	12.00	195932.14	NA	NA	1.07	0.01	6.33	0.74	0.01	5.48	2.63	0.03	3.87	5.85	0.06	-5.21	6.60	0.06	-10.97	7.16	0.06	-16.94
HTM	883750	3140Y7A57	Agency MBS 30yr	G-2-Q	FANNIE MAE	0.91574931	6	8/1/2055	3930300	 3,599,170 	 -   	3661590.85	3651698.01	101.7343	101.4594615	-9892.84	7/31/2026	Model2501	100	LMMSOFRFLAT	RFRSwap	5.76	5.71	3.86	-1.83	0.039	 1,416 	0.20	0.31	0.47	0.93	1.23	0.71	0.05	7.3	9.7	67.9	101	0.92	8.19	6.86	12.00	277068.66	NA	NA	0.92	0.01	4.46	0.46	0.00	3.69	1.59	0.02	2.83	5.29	0.05	-4.64	6.12	0.06	-10.07	6.71	0.06	-15.80
AFS	641701	3140Y7A65	Agency MBS 30yr	G-2-Q	FANNIE MAE	0.98868574	5	8/1/2055	1138469	 1,125,588 	 12,811.50 	1119588.05	1091719.5	99.4669	96.9910335	-27868.55	7/31/2026	Model2501	100	LMMSOFRFLAT	RFRSwap	5.45	5.08	5.70	-0.78	0.056	 625 	0.09	0.20	0.45	1.13	2.15	1.51	0.20	9.2	7.2	58.3	64	0.99	0.00	5.99	13.00	237208.25	NA	NA	0.93	0.01	9.30	1.74	0.02	8.21	4.24	0.04	5.04	6.61	0.06	-5.84	7.26	0.06	-12.00	7.53	0.06	-18.11
HTM	883732	3140Y7BE7	Agency MBS 30yr	G-2-Q	FANNIE MAE	0.98817458	5.5	8/1/2055	1872303	 1,850,162 	 -   	1854664.35	1844538.45	100.2433	99.6960383	-10125.9	7/31/2026	Model2501	100	LMMSOFRFLAT	RFRSwap	5.55	5.47	4.60	-1.34	0.046	 853 	0.15	0.29	0.51	1.05	1.56	0.97	0.10	8.0	8.4	55.9	78	0.99	0.17	6.48	12.00	211653.11	NA	NA	0.99	0.01	5.86	0.60	0.01	5.13	2.46	0.03	3.72	5.79	0.05	-5.12	6.55	0.06	-10.83	7.08	0.06	-16.74
AFS	642754	3140Y7BG2	Agency MBS 30yr	G-2-Q	FANNIE MAE	0.78782966	6	8/1/2055	1462046	 1,151,843 	 322,368.56 	1209182.82	1180613.37	104.9781	102.4977507	-28569.45	7/31/2026	Model2501	100	LMMSOFRFLAT	RFRSwap	5.56	5.14	3.77	-1.52	0.039	 447 	0.19	0.32	0.51	0.98	1.19	0.58	0.02	7.0	10.3	57.2	82	0.79	22.10	6.86	12.00	196383.86	NA	NA	1.01	0.01	4.68	0.49	0.01	3.95	1.72	0.02	2.92	5.00	0.05	-4.49	5.76	0.05	-9.67	6.31	0.06	-15.15
HTM	883748	3140Y7BN7	Agency MBS 30yr	G-2-Q	FANNIE MAE	0.7702068	6	8/1/2055	1602293	 1,234,097 	 -   	1259354.67	1256453.1	102.0467	101.811538	-2901.57	7/31/2026	Model2501	100	LMMSOFRFLAT	RFRSwap	5.67	5.63	3.57	-1.69	0.037	 451 	0.22	0.32	0.47	0.91	1.12	0.55	0.02	6.6	11.0	65.1	95	0.77	24.00	6.85	12.00	252903.25	NA	NA	1.08	0.01	4.65	0.69	0.01	3.69	1.60	0.02	2.67	4.88	0.05	-4.31	5.64	0.05	-9.36	6.18	0.05	-14.70
AFS	662582	3140Y7CL0	Agency MBS 30yr	G-2-Q	FANNIE MAE	0.98851608	5	9/1/2055	2359909	 2,332,808 	 25,739.85 	2357624.25	2281391.31	101.0638	97.7959314	-76232.95	7/31/2026	Model2501	100	LMMSOFRFLAT	RFRSwap	5.34	4.84	5.39	-0.63	0.053	 1,235 	0.10	0.23	0.48	1.16	2.02	1.27	0.15	8.5	7.7	52.7	55	0.99	0.03	6.03	12.00	146668.13	NA	NA	1.33	0.01	9.75	2.11	0.02	8.13	4.11	0.04	4.86	6.15	0.06	-5.54	6.66	0.06	-11.30	6.92	0.06	-17.02
HTM	883740	3140Y7CN6	Agency MBS 30yr	G-2-Q	FANNIE MAE	0.97712915	5.5	9/1/2055	7858399	 7,678,671 	 -   	7711608.79	7669598.08	100.429	99.881846	-42010.71	7/31/2026	Model2501	100	LMMSOFRFLAT	RFRSwap	5.52	5.44	4.76	-1.08	0.048	 3,664 	0.13	0.27	0.50	1.09	1.70	0.99	0.09	8.0	8.4	60.5	75	0.98	1.39	6.49	12.00	189716.97	NA	NA	1.12	0.01	7.01	1.04	0.01	6.05	2.95	0.03	4.05	5.77	0.05	-5.19	6.46	0.06	-10.85	6.91	0.06	-16.66
HTM	883743	3140Y7CP1	Agency MBS 30yr	G-2-Q	FANNIE MAE	0.9010772	6	9/1/2055	5236146	 4,718,172 	 -   	4857027.52	4846860.8	102.943	102.7275188	-10166.72	7/31/2026	Model2501	100	LMMSOFRFLAT	RFRSwap	5.55	5.51	4.09	-1.38	0.042	 1,991 	0.17	0.31	0.50	1.01	1.40	0.70	0.03	7.5	9.5	57.0	79	0.90	9.81	6.89	12.00	176879.36	NA	NA	1.09	0.01	5.51	0.67	0.01	4.69	2.13	0.02	3.32	5.24	0.05	-4.77	5.97	0.06	-10.16	6.47	0.06	-15.79
AFS	662583	3140Y7FX1	Agency MBS 30yr	G-2-Q	FANNIE MAE	0.98771008	5	9/1/2055	1169130	 1,154,761 	 14,471.79 	1162786.06	1114945.5	100.6949	96.5520165	-47840.56	7/31/2026	Model2501	100	LMMSOFRFLAT	RFRSwap	5.49	4.91	5.65	-1.02	0.055	 632 	0.09	0.22	0.47	1.12	2.04	1.51	0.22	9.2	6.4	54.6	67	0.99	0.25	6.00	12.00	353336.09	NA	NA	1.20	0.01	8.28	1.22	0.01	7.28	3.79	0.04	4.81	6.73	0.06	-5.87	7.41	0.06	-12.10	7.76	0.06	-18.33
HTM	883736	3140Y7FY9	Agency MBS 30yr	G-2-Q	FANNIE MAE	0.9483618	5.5	9/1/2055	5902432	 5,597,641 	 -   	5609511.85	5578895.33	100.2121	99.6651142	-30616.52	7/31/2026	Model2501	100	LMMSOFRFLAT	RFRSwap	5.56	5.47	4.52	-1.51	0.045	 2,532 	0.16	0.29	0.49	1.02	1.51	0.97	0.11	7.8	8.7	51.9	80	0.95	5.11	6.51	11.00	264960.94	NA	NA	1.14	0.01	5.92	0.78	0.01	4.93	2.27	0.02	3.53	5.81	0.06	-5.10	6.58	0.06	-10.85	7.11	0.06	-16.78
HTM	883739	3140Y7FZ6	Agency MBS 30yr	G-2-Q	FANNIE MAE	0.91623655	6	9/1/2055	8289389	 7,595,041 	 -   	7787708.37	7767418.51	102.5367	102.2696037	-20289.86	7/31/2026	Model2501	100	LMMSOFRFLAT	RFRSwap	5.57	5.52	3.55	-1.69	0.037	 2,775 	0.21	0.33	0.49	0.90	1.07	0.56	0.03	6.7	11.6	53.9	85	0.92	9.02	6.86	11.00	239480.27	NA	NA	1.02	0.01	4.46	0.54	0.01	3.62	1.56	0.02	2.65	4.91	0.05	-4.33	5.73	0.05	-9.46	6.34	0.06	-14.94
HTM	883746	3140Y7HA9	Agency MBS 30yr	G-2-Q	FANNIE MAE	0.98433253	5.5	9/1/2055	1637440	 1,611,785 	 -   	1615707.38	1606886.26	100.2433	99.6960391	-8821.12	7/31/2026	Model2501	100	LMMSOFRFLAT	RFRSwap	5.55	5.45	4.32	-1.27	0.043	 697 	0.17	0.30	0.50	1.02	1.44	0.83	0.09	7.1	10.4	60.6	84	0.98	0.78	6.52	11.00	210405.84	NA	NA	1.27	0.01	6.30	0.99	0.01	5.18	2.43	0.03	3.50	5.44	0.05	-4.82	6.18	0.06	-10.23	6.71	0.06	-15.86
AFS	663239	3140Y7HB7	Agency MBS 30yr	G-2-Q	FANNIE MAE	0.96872023	6	9/1/2055	1860826	 1,802,620 	 60,861.87 	1887519.98	1840506.32	104.7098	102.101748	-47013.66	7/31/2026	Model2501	100	LMMSOFRFLAT	RFRSwap	5.64	5.20	3.96	-1.47	0.041	 732 	0.18	0.31	0.50	0.99	1.31	0.67	0.03	7.2	10.0	65.4	90	0.97	2.74	6.87	11.00	212810.48	NA	NA	1.07	0.01	5.22	0.65	0.01	4.36	1.95	0.02	3.13	5.18	0.05	-4.65	5.93	0.05	-9.97	6.47	0.06	-15.56
HTM	883744	3140Y7HP6	Agency MBS 30yr	G-2-Q	FANNIE MAE	0.98823274	5.5	10/1/2055	2144009	 2,118,780 	 -   	2131808.28	2120214.76	100.6149	100.0677215	-11593.52	7/31/2026	Model2501	100	LMMSOFRFLAT	RFRSwap	5.50	5.41	4.87	-1.16	0.049	 1,038 	0.13	0.26	0.49	1.08	1.74	1.09	0.11	8.5	7.9	54.3	70	0.99	0.29	6.44	11.00	203961.09	NA	NA	0.98	0.01	6.80	0.85	0.01	6.02	2.95	0.03	4.13	5.96	0.06	-5.35	6.69	0.06	-11.20	7.18	0.06	-17.21
HTM	883678	3140Y7HQ4	Agency MBS 30yr	G-2-Q	FANNIE MAE	0.99115407	6	10/1/2055	1825655	 1,809,505 	 -   	1860411.95	1855577.95	102.8133	102.5461415	-4834	7/31/2026	Model2501	100	LMMSOFRFLAT	RFRSwap	5.58	5.53	4.26	-1.26	0.044	 794 	0.16	0.29	0.50	1.04	1.48	0.77	0.05	7.7	9.6	63.3	81	0.99	0.02	6.84	11.00	154695.97	NA	NA	0.81	0.01	5.90	0.84	0.01	5.21	2.40	0.03	3.57	5.33	0.05	-4.88	6.04	0.06	-10.33	6.53	0.06	-16.00
AFS	682451	3140Y7HW1	Agency MBS 30yr	G-2-Q	FANNIE MAE	0.90215037	5	10/1/2055	1208794	 1,090,514 	 118,617.63 	1099849.97	1057275.62	100.8561	96.9520487	-42574.35	7/31/2026	Model2501	100	LMMSOFRFLAT	RFRSwap	5.49	4.87	5.26	-0.85	0.051	 559 	0.11	0.24	0.48	1.11	1.93	1.27	0.15	8.2	8.0	62.1	71	0.90	10.52	5.95	11.00	256820.06	NA	NA	1.29	0.01	8.60	1.63	0.02	7.26	3.71	0.04	4.56	6.20	0.06	-5.46	6.86	0.06	-11.28	7.22	0.06	-17.16
HTM	883757	3140Y7HY7	Agency MBS 30yr	G-2-Q	FANNIE MAE	0.99042703	5.5	10/1/2055	1341140	 1,328,301 	 -   	1336878.66	1327966.14	100.6457	99.9747676	-8912.52	7/31/2026	Model2501	100	LMMSOFRFLAT	RFRSwap	5.51	5.41	4.87	-1.17	0.049	 649 	0.13	0.27	0.50	1.11	1.73	1.05	0.11	8.4	8.4	56.5	73	0.99	0.04	6.49	11.00	191401.47	NA	NA	1.08	0.01	6.68	0.69	0.01	5.87	2.92	0.03	4.11	5.94	0.06	-5.33	6.65	0.06	-11.15	7.09	0.06	-17.11
HTM	883752	3140Y7NS3	Agency MBS 30yr	G-2-Q	FANNIE MAE	0.98672103	5.5	10/1/2055	2065814	 2,038,382 	 -   	2057842.9	2042912.89	100.9547	100.2222731	-14930.01	7/31/2026	Model2501	100	LMMSOFRFLAT	RFRSwap	5.47	5.36	4.85	-1.09	0.049	 996 	0.13	0.26	0.50	1.10	1.73	1.06	0.10	8.3	8.4	54.3	69	0.99	0.65	6.44	10.00	208398.13	NA	NA	1.02	0.01	6.87	0.83	0.01	6.11	3.03	0.03	4.16	5.90	0.06	-5.31	6.63	0.06	-11.11	7.08	0.06	-17.08
HTM	883669	3140Y7NT1	Agency MBS 30yr	G-2-Q	FANNIE MAE	0.98045455	6	10/1/2055	1126371	 1,104,356 	 -   	1131437.44	1129055.81	102.4523	102.2366201	-2381.63	7/31/2026	Model2501	100	LMMSOFRFLAT	RFRSwap	5.59	5.55	3.57	-1.63	0.037	 405 	0.21	0.32	0.49	0.90	1.09	0.56	0.03	6.6	11.4	57.1	85	0.98	1.59	6.92	11.00	197809.08	NA	NA	1.02	0.01	4.62	0.63	0.01	3.82	1.66	0.02	2.71	4.87	0.05	-4.31	5.66	0.05	-9.39	6.20	0.05	-14.78
AFS	682452	3140Y7QE1	Agency MBS 30yr	G-2-Q	FANNIE MAE	0.98916279	5	10/1/2055	1011750	 1,000,785 	 11,086.19 	1011554.58	971446.27	101.0761	97.068384	-40108.31	7/31/2026	Model2501	100	LMMSOFRFLAT	RFRSwap	5.44	4.85	5.35	-1.05	0.052	 522 	0.10	0.25	0.50	1.12	1.92	1.31	0.18	8.5	7.8	50.0	67	0.99	0.24	6.05	10.00	221453.84	NA	NA	1.10	0.01	7.70	1.08	0.01	6.80	3.49	0.04	4.53	6.42	0.06	-5.61	7.09	0.06	-11.63	7.53	0.06	-17.71
HTM	883795	3140Y7QF8	Agency MBS 30yr	G-2-Q	FANNIE MAE	0.98865466	5.5	10/1/2055	1345763	 1,330,495 	 -   	1335372.89	1328098.11	100.3666	99.8198602	-7274.78	7/31/2026	Model2501	100	LMMSOFRFLAT	RFRSwap	5.53	5.44	4.70	-1.20	0.047	 628 	0.14	0.28	0.50	1.08	1.66	0.98	0.10	7.9	9.3	59.8	78	0.99	0.40	6.48	10.00	204223.55	NA	NA	1.16	0.01	6.72	0.90	0.01	5.77	2.80	0.03	3.94	5.78	0.05	-5.17	6.49	0.06	-10.85	6.98	0.06	-16.70
AFS	694143	3140Y7QX9	Agency MBS 30yr	G-2-Q	FANNIE MAE	0.95956113	5	11/1/2055	1323970	 1,270,430 	 50,930.06 	1287454.18	1233839.16	101.34	97.1197951	-53615.02	7/31/2026	Model2501	100	LMMSOFRFLAT	RFRSwap	5.45	4.80	5.14	-0.92	0.050	 637 	0.12	0.25	0.49	1.10	1.87	1.21	0.13	8.1	7.8	56.9	68	0.96	4.21	6.11	10.00	239388.53	NA	NA	1.11	0.01	7.82	1.32	0.01	6.74	3.43	0.04	4.38	6.11	0.06	-5.37	6.74	0.06	-11.12	7.12	0.06	-16.94
HTM	883800	3140Y7QY7	Agency MBS 30yr	G-2-Q	FANNIE MAE	0.98853925	5.5	11/1/2055	1334480	 1,319,186 	 -   	1328116.77	1320897.4	100.677	100.1297419	-7219.37	7/31/2026	Model2501	100	LMMSOFRFLAT	RFRSwap	5.49	5.40	5.14	-0.93	0.052	 682 	0.11	0.24	0.49	1.13	1.91	1.17	0.12	8.8	7.8	59.0	69	0.99	0.41	6.45	10.00	166536.42	NA	NA	0.92	0.01	7.77	1.13	0.01	6.97	3.49	0.04	4.54	6.07	0.06	-5.52	6.72	0.06	-11.43	7.11	0.06	-17.41
HTM	883766	3140Y7RB6	Agency MBS 30yr	G-2-Q	FANNIE MAE	0.99205902	5.5	11/1/2055	1644100	 1,631,044 	 -   	1637024.34	1628106.09	100.3666	99.8198614	-8918.25	7/31/2026	Model2501	100	LMMSOFRFLAT	RFRSwap	5.54	5.46	5.44	-0.89	0.055	 890 	0.10	0.22	0.47	1.14	2.08	1.33	0.14	9.4	7.0	64.0	72	0.99	0.06	6.44	9.00	205352.41	NA	NA	1.02	0.01	8.63	1.36	0.01	7.63	3.84	0.04	4.87	6.36	0.06	-5.79	6.97	0.06	-11.90	7.26	0.06	-17.99
HTM	883799	3140Y7W61	Agency MBS 30yr	G-2-Q	FANNIE MAE	0.99221809	5.5	11/1/2055	1286031	 1,276,023 	 -   	1286626.63	1279649.62	100.831	100.2841951	-6977.01	7/31/2026	Model2501	100	LMMSOFRFLAT	RFRSwap	5.46	5.38	5.30	-0.75	0.053	 681 	0.10	0.22	0.48	1.14	2.04	1.21	0.12	8.9	7.8	61.0	66	0.99	0.04	6.39	9.00	159502.91	NA	NA	0.73	0.01	8.71	1.57	0.02	7.80	3.90	0.04	4.82	6.13	0.06	-5.63	6.71	0.06	-11.56	7.01	0.06	-17.49
AFS	715513	3140Y7YN2	Agency MBS 30yr	G-2-Q	FANNIE MAE	0.98944763	5	11/1/2055	1072785	 1,061,465 	 10,330.43 	1072779.48	1029237.28	101.066	96.963884	-43542.2	7/31/2026	Model2501	100	LMMSOFRFLAT	RFRSwap	5.49	4.84	5.18	-1.26	0.050	 536 	0.12	0.25	0.49	1.06	1.80	1.29	0.20	8.1	8.9	50.1	75	0.99	0.38	6.04	9.00	297608.09	NA	NA	1.21	0.01	7.23	0.98	0.01	6.21	3.11	0.03	4.25	6.37	0.06	-5.51	7.12	0.06	-11.52	7.62	0.06	-17.66
HTM	883804	3140Y7YQ5	Agency MBS 30yr	G-2-Q	FANNIE MAE	0.88065008	5.5	12/1/2055	1066570	 939,275 	 -   	939814.96	935256.52	100.0575	99.5721764	-4558.44	7/31/2026	Model2501	100	LMMSOFRFLAT	RFRSwap	5.57	5.49	4.23	-1.14	0.042	 397 	0.18	0.31	0.51	0.99	1.37	0.79	0.10	6.9	11.0	66.8	87	0.88	16.43	6.45	9.00	259941.88	NA	NA	1.33	0.01	6.42	1.07	0.01	5.25	2.49	0.03	3.49	5.23	0.05	-4.67	5.94	0.05	-9.87	6.48	0.05	-15.31
HTM	883672	31410A7G5	Agency MBS 30yr	G-2-Q	FANNIE MAE	0.00753399	6	5/1/2036	3258065	 24,546 	 -   	24912.02	24830.23	101.4902	101.156996	-81.79	7/31/2026	Model2501	100	LMMSOFRFLAT	RFRSwap	5.10	4.89	1.59	0.04	0.016	 4 	0.34	0.49	0.68	0.08	0.00	0.00	0.00	1.7	8.5	93.2	82	0.01	19.10	6.50	243.00	24546.23	NA	NA	1.53	0.02	4.93	1.57	0.02	3.29	1.60	0.02	1.64	1.58	0.02	-1.60	1.58	0.02	-3.17	1.57	0.02	-4.70
AFS	614700	31410B6C3	Agency MBS ARM	G-2-Q	FANNIE MAE	0.00696205	6.245	9/1/2036	16749889	 116,614 	 11,556.00 	120084.4	119793.41	102.9764	102.72682	-290.99	7/31/2026	Model2501	100	LMMSOFRFLAT	RFRSwap	5.65	5.58	1.04	-0.09	0.011	 13 	0.82	-0.02	0.03	0.06	0.11	-0.01	0.00	3.8	12.2	136.2	101	0.01	19.77	6.88	238.00	32386.55	#SPILL!	#SPILL!	1.55	0.02	3.68	1.20	0.01	2.22	1.03	0.01	1.07	1.25	0.01	-1.15	1.63	0.02	-2.61	2.03	0.02	-4.43
HTM	883666	31410BBG8	Agency MBS 30yr	G-2-Q	FANNIE MAE	0.01820779	6	6/1/2036	3826366	 69,670 	 -   	71326.04	71114.65	102.3775	102.0740509	-211.39	7/31/2026	Model2501	100	LMMSOFRFLAT	RFRSwap	5.35	5.27	3.32	0.01	0.034	 24 	0.18	0.27	0.55	1.47	0.88	-0.02	0.00	4.1	8.8	107.7	86	0.02	15.60	6.63	243.00	69669.67	NA	NA	2.31	0.03	9.37	2.76	0.03	6.59	3.14	0.03	3.39	3.39	0.03	-3.39	3.40	0.03	-6.71	3.39	0.03	-9.90
HTM	883367	31410BGQ1	Agency MBS 30yr	G-2-Q	FANNIE MAE	0.03096081	6	5/1/2036	3195183	 98,925 	 -   	101276.32	100979.71	102.3764	102.0765675	-296.61	7/31/2026	Model2501	100	LMMSOFRFLAT	RFRSwap	5.33	5.24	3.24	0.02	0.033	 33 	0.18	0.27	0.56	1.48	0.77	-0.01	0.00	4.0	8.7	106.0	85	0.03	13.30	6.75	243.00	98925.45	NA	NA	2.82	0.03	9.78	2.96	0.03	6.60	3.12	0.03	3.33	3.31	0.03	-3.31	3.33	0.03	-6.55	3.34	0.03	-9.70
AFS	613824	31410LNR9	Agency MBS 15yr	G-2-Q	FANNIE MAE	0.03248925	2.5	4/1/2029	200000000	 6,497,850 	 5,990,453.25 	6492444.86	6374588.62	99.9168	98.1030436	-117856.25	7/31/2026	Model2501	100	LMMSOFRFLAT	RFRSwap	4.53	2.42	0.88	0.00	0.009	 561 	0.57	0.29	0.00	0.02	0.00	0.00	0.00	0.9	16.0	42.2	42	0.03	12.14	2.96	156.00	30174.55	NA	NA	0.86	0.01	2.59	0.86	0.01	1.72	0.87	0.01	0.86	0.89	0.01	-0.87	0.89	0.01	-1.73	0.88	0.01	-2.59
PUB_HTM	614060	31410LR79	Agency MBS 15yr	G-2-Q	FANNIE MAE	0.06484796	3	2/1/2031	50000000	 3,242,398 	 1,342,729.14 	3258669.95	3150934.14	100.5018	97.1791292	-107735.81	7/31/2026	Model2501	100	LMMSOFRFLAT	RFRSwap	4.62	2.60	1.69	-0.01	0.016	 535 	0.32	0.46	0.71	0.18	0.00	0.01	0.00	1.8	11.9	44.0	33	0.06	14.86	3.42	128.00	81507.79	NA	NA	1.54	0.02	4.92	1.63	0.02	3.30	1.66	0.02	1.65	1.74	0.02	-1.66	1.77	0.02	-3.32	1.77	0.02	-4.98
PUB_HTM	612907	31410LUN0	Agency MBS 15yr	G-2-Q	FANNIE MAE	0.13955152	3	9/1/2032	75000000	 10,466,364 	 3,411,472.86 	10527173.57	10058374.25	100.581	96.101896	-468799.32	7/31/2026	Model2501	100	LMMSOFRFLAT	RFRSwap	4.84	2.65	2.14	-0.03	0.021	 2,157 	0.26	0.38	0.73	0.73	0.02	0.01	0.00	2.2	13.0	63.0	51	0.14	12.53	3.43	109.00	53589.35	NA	NA	1.88	0.02	6.08	2.02	0.02	4.09	2.08	0.02	2.05	2.22	0.02	-2.08	2.29	0.02	-4.18	2.31	0.02	-6.28
PUB_HTM	614606	31410LWE8	Agency MBS 15yr	G-2-Q	FANNIE MAE	0.01086578	3	10/1/2027	20000000	 217,316 	 845,189.57 	217315.6	216138.44	100	99.4583172	-1177.16	7/31/2026	Model2501	100	LMMSOFRFLAT	RFRSwap	4.36	2.24	0.26	0.00	0.003	 6 	0.26	0.00	0.00	0.00	0.00	0.00	0.00	0.3	31.3	45.5	46	0.01	26.16	3.43	174.00	NA	NA	NA	0.26	0.00	0.78	0.26	0.00	0.52	0.26	0.00	0.26	0.26	0.00	-0.26	0.26	0.00	-0.51	0.26	0.00	-0.77
HTM	883802	31410WAX6	Agency MBS 30yr	G-2-Q	FANNIE MAE	0.0008089	5.5	3/1/2037	2021505	 1,635 	 -   	1632.65	1630.82	99.8444	99.732307	-1.83	7/31/2026	Model2501	100	LMMSOFRFLAT	RFRSwap	4.88	4.12	0.15	0.00	0.001	 0 	0.15	0.00	0.00	0.00	0.00	0.00	0.00	0.1	0.0	103.9	102	0.00	28.77	6.38	233.00	NA	NA	NA	0.15	0.00	0.45	0.15	0.00	0.30	0.15	0.00	0.15	0.15	0.00	-0.15	0.15	0.00	-0.30	0.15	0.00	-0.44
AFS	614198	31411CNN7	Agency MBS Other	G-2-Q	FANNIE MAE	0.00343786	5.5	1/1/2037	18100000	 62,225 	 4,748.49 	66277.22	61170.12	106.5118	98.3043102	-5107.1	7/31/2026	Model2501	100	LMMSOFRFLAT	RFRSwap	5.94	3.76	3.59	0.05	0.035	 22 	0.16	0.25	0.53	1.49	1.16	0.00	0.00	4.4	8.3	163.1	143	0.00	23.70	6.38	236.00	78916.84	NA	NA	2.93	0.03	10.42	3.26	0.03	7.09	3.49	0.04	3.57	3.66	0.03	-3.52	3.65	0.03	-6.94	3.65	0.03	-10.23
AFS	614087	31411FWE0	Agency MBS ARM	G-2-Q	FANNIE MAE	0.02862378	6.08	11/1/2037	17327770	 495,986 	 32,953.57 	512631.99	511556.13	103.3561	103.1391711	-1075.85	7/31/2026	Model2501	100	LMMSOFRFLAT	RFRSwap	5.57	5.51	0.22	-0.04	0.002	 11 	0.00	0.05	0.09	0.04	0.02	-0.06	-0.02	3.9	12.6	125.7	90	0.03	14.87	6.71	225.00	137178.28	#SPILL!	#SPILL!	1.05	0.01	1.40	0.47	0.00	0.45	0.19	0.00	0.21	0.28	0.00	-0.25	0.98	0.01	-0.73	1.71	0.02	-2.19
AFS	614230	31411KKB8	Agency MBS ARM	G-2-Q	FANNIE MAE	0.01027728	6.235	3/1/2037	18281422	 187,883 	 18,897.80 	194078.19	193781.57	103.2972	103.1393281	-296.63	7/31/2026	Model2501	100	LMMSOFRFLAT	RFRSwap	5.67	5.61	0.33	-0.16	0.003	 6 	0.02	0.12	0.23	0.10	-0.04	-0.12	-0.03	3.3	15.3	132.1	127	0.01	18.58	6.50	234.00	187883.30	NEW RESIDENTIAL MORTGAGE LLC	100.00	0.72	0.01	0.98	0.26	0.00	0.48	0.21	0.00	0.27	0.68	0.01	-0.47	1.40	0.01	-1.53	2.01	0.02	-3.27
AFS	612895	31412HR68	Agency MBS ARM	G-2-Q	FANNIE MAE	0.05326203	6.415	1/1/2037	796604	 42,429 	 4,116.56 	42831.15	43589.56	100.9484	102.7359025	758.41	7/31/2026	Model2501	100	LMMSOFRFLAT	RFRSwap	5.60	6.22	1.04	-0.14	0.011	 5 	0.75	-0.02	0.04	0.18	0.08	-0.01	0.00	3.3	10.9	131.7	108	0.05	11.44	6.88	263.00	42428.75	MANUFACTURERS AND TRADERS TRUST COMPANY	100.00	1.46	0.02	3.44	1.11	0.01	2.11	0.99	0.01	1.03	1.37	0.01	-1.20	1.90	0.02	-2.86	2.26	0.02	-4.94
AFS	613312	31412HRZ4	Agency MBS ARM	G-2-Q	FANNIE MAE	0.00205234	5.915	9/1/2033	8088793	 16,601 	 29,109.34 	16867.65	16910.37	101.6065	101.8638527	42.72	7/31/2026	Model2501	100	LMMSOFRFLAT	RFRSwap	3.64	3.93	0.52	0.00	0.005	 1 	0.55	-0.02	0.01	0.01	-0.02	-0.01	0.00	0.9	61.5	-45.4	-63	0.00	NA	6.38	290.00	16600.95	MANUFACTURERS AND TRADERS TRUST COMPANY	100.00	0.59	0.01	1.63	0.53	0.01	1.06	0.51	0.01	0.52	0.57	0.01	-0.55	0.67	0.01	-1.18	0.74	0.01	-1.89
AFS	613812	31412HSC4	Agency MBS ARM	G-2-Q	FANNIE MAE	0.04779526	6.132	10/1/2037	5870985	 280,605 	 26,764.30 	282857.37	289072.61	100.8026	103.0175316	6215.23	7/31/2026	Model2501	100	LMMSOFRFLAT	RFRSwap	5.72	6.44	0.55	-0.13	0.006	 16 	0.25	-0.03	0.01	0.18	0.10	-0.01	0.00	3.6	9.4	141.4	108	0.05	11.57	6.59	257.00	40086.46	MANUFACTURERS AND TRADERS TRUST COMPANY	100.00	1.33	0.01	2.18	0.72	0.01	1.11	0.50	0.01	0.53	0.84	0.01	-0.66	1.68	0.02	-1.94	2.30	0.02	-4.00
AFS	614364	31412HSD2	Agency MBS ARM	G-2-Q	FANNIE MAE	0.01184866	5.23	9/1/2037	20233946	 239,745 	 33,580.88 	240849.91	239683.01	100.4608	99.9740831	-1166.9	7/31/2026	Model2501	100	LMMSOFRFLAT	RFRSwap	5.65	5.49	2.57	-0.18	0.026	 62 	0.20	0.30	0.82	1.27	0.00	-0.01	0.00	3.4	9.5	127.0	133	0.01	16.93	5.69	262.00	47949.03	MANUFACTURERS AND TRADERS TRUST COMPANY	100.00	1.85	0.02	6.83	2.07	0.02	4.76	2.30	0.02	2.47	2.73	0.03	-2.64	2.80	0.03	-5.31	2.80	0.03	-7.94
AFS	614691	31412HSE0	Agency MBS ARM	G-2-Q	FANNIE MAE	0.0246558	3.519	8/1/2037	3413526	 84,163 	 14,722.05 	84694.52	83192.62	100.6313	98.8467693	-1501.9	7/31/2026	Model2501	100	LMMSOFRFLAT	RFRSwap	5.73	5.08	2.68	0.06	0.027	 22 	0.21	0.31	0.65	1.38	0.13	-0.01	0.00	3.2	10.5	147.0	147	0.02	13.08	3.98	268.00	21040.80	MANUFACTURERS AND TRADERS TRUST COMPANY	100.00	0.41	0.00	4.42	0.57	0.01	3.99	2.26	0.02	2.62	2.68	0.03	-2.62	2.66	0.03	-5.17	2.63	0.02	-7.63
AFS	613706	31412HSH3	Agency MBS ARM	G-2-Q	FANNIE MAE	0.01547131	6.057	8/1/2037	18713384	 289,521 	 157,088.00 	291121.62	296786.83	100.553	102.5097576	5665.2	7/31/2026	Model2501	100	LMMSOFRFLAT	RFRSwap	5.63	6.36	0.33	-0.03	0.003	 10 	0.10	-0.03	0.02	0.15	0.03	-0.01	0.00	3.0	10.2	137.5	107	0.02	16.04	6.52	274.00	41360.08	MANUFACTURERS AND TRADERS TRUST COMPANY	100.00	1.22	0.01	1.61	0.50	0.01	0.68	0.31	0.00	0.32	0.44	0.00	-0.37	1.26	0.01	-1.17	1.83	0.02	-2.77
AFS	614561	31412HSJ9	Agency MBS ARM	G-2-Q	FANNIE MAE	0.02274007	5.881	8/1/2036	2933400	 66,706 	 43,316.72 	67333.74	68139.13	100.9415	102.1488522	805.39	7/31/2026	Model2501	100	LMMSOFRFLAT	RFRSwap	5.74	6.17	0.73	-0.10	0.007	 5 	0.48	-0.04	0.04	0.20	0.05	0.00	0.00	3.2	8.4	147.9	116	0.02	14.80	6.34	274.00	16676.43	MANUFACTURERS AND TRADERS TRUST COMPANY	100.00	1.37	0.01	2.60	0.83	0.01	1.50	0.70	0.01	0.72	1.03	0.01	-0.86	1.61	0.02	-2.19	2.03	0.02	-4.02
AFS	614057	31412HSK6	Agency MBS ARM	G-2-Q	FANNIE MAE	0.02772295	6.165	10/1/2035	990130	 27,449 	 2,340.23 	27507.05	28276.39	100.2103	103.0130786	769.35	7/31/2026	Model2501	100	LMMSOFRFLAT	RFRSwap	5.84	6.69	0.96	-0.10	0.010	 3 	0.63	-0.04	0.03	0.21	0.15	-0.01	0.00	3.9	7.8	152.0	119	0.03	11.82	6.63	253.00	27449.32	MANUFACTURERS AND TRADERS TRUST COMPANY	100.00	1.52	0.02	3.28	1.04	0.01	1.96	0.90	0.01	0.95	1.33	0.01	-1.13	2.01	0.02	-2.83	2.50	0.02	-5.10
AFS	614640	31412HSN0	Agency MBS ARM	G-2-Q	FANNIE MAE	0.00786757	6.04	8/1/2037	8486124	 66,765 	 5,274.15 	67384.06	68966.95	100.927	103.2977831	1582.88	7/31/2026	Model2501	100	LMMSOFRFLAT	RFRSwap	5.87	6.54	0.54	-0.11	0.006	 4 	0.25	-0.04	0.00	0.14	0.15	-0.01	0.00	4.2	7.5	154.9	117	0.01	19.88	6.50	246.00	33382.59	MANUFACTURERS AND TRADERS TRUST COMPANY	100.00	1.37	0.01	2.17	0.69	0.01	1.11	0.51	0.01	0.53	0.83	0.01	-0.66	1.63	0.02	-1.91	2.27	0.02	-3.90
AFS	614521	31412RL88	Agency MBS 30yr	G-2-Q	FANNIE MAE	0.03429383	4	12/1/2040	25659891	 879,976 	 126,534.82 	880119.1	838840.95	100.0163	95.325441	-41278.16	7/31/2026	Model2501	100	LMMSOFRFLAT	RFRSwap	5.06	3.97	4.26	-0.10	0.041	 358 	0.13	0.21	0.49	1.41	1.89	0.14	0.00	5.2	7.2	67.7	46	0.03	17.01	4.39	189.00	182156.64	NA	NA	1.40	0.01	9.88	3.01	0.03	7.55	3.87	0.04	3.99	4.51	0.04	-4.11	4.72	0.04	-8.24	4.82	0.04	-12.32
HTM	883660	31412V4Z8	Agency MBS 30yr	G-2-Q	FANNIE MAE	0.02582101	6	7/1/2037	1987400	 51,317 	 -   	52491.09	52331.65	102.2886	101.9778613	-159.44	7/31/2026	Model2501	100	LMMSOFRFLAT	RFRSwap	5.41	5.33	3.46	0.00	0.035	 18 	0.18	0.26	0.54	1.38	1.13	-0.01	-0.01	4.3	9.5	111.1	89	0.03	15.09	6.25	230.00	51316.68	NA	NA	2.17	0.02	9.52	2.78	0.03	6.79	3.25	0.03	3.52	3.54	0.04	-3.53	3.55	0.03	-6.98	3.57	0.03	-10.32
AFS	613629	31412YTR3	Agency MBS ARM	G-2-Q	FANNIE MAE	0.00034562	6.44	9/1/2037	50000972	 17,281 	 96,617.67 	18587.5	17761.38	107.5583	102.7778266	-826.13	7/31/2026	Model2501	100	LMMSOFRFLAT	RFRSwap	5.75	4.47	1.05	-0.05	0.011	 2 	0.42	0.05	0.06	0.20	0.31	0.00	0.00	4.3	10.4	144.2	134	0.00	32.81	7.00	227.00	22910.21	JPMORGAN CHASE BANK, NATIONAL ASSOCIATIO	100.00	1.71	0.02	3.89	1.28	0.01	2.31	1.08	0.01	1.09	1.19	0.01	-1.13	1.52	0.02	-2.50	1.83	0.02	-4.17
HTM	883405	31413BBM2	Agency MBS 30yr	G-2-Q	FANNIE MAE	0.03719006	6	6/1/2037	1898133	 70,592 	 -   	71908.36	71681.99	101.8652	101.5445257	-226.37	7/31/2026	Model2501	100	LMMSOFRFLAT	RFRSwap	5.56	5.47	3.61	-0.01	0.037	 26 	0.17	0.25	0.52	1.42	1.27	-0.01	-0.01	4.6	8.0	123.7	103	0.04	13.46	6.25	230.00	107781.74	NA	NA	2.84	0.03	10.42	3.09	0.03	7.16	3.41	0.04	3.66	3.72	0.04	-3.68	3.75	0.04	-7.29	3.79	0.03	-10.80
HTM	883655	31413DUG0	Agency MBS 30yr	G-2-Q	FANNIE MAE	0.08931658	6	8/1/2037	1301285	 116,226 	 -   	119389.19	119054.87	102.7213	102.4336516	-334.32	7/31/2026	Model2501	100	LMMSOFRFLAT	RFRSwap	5.22	5.14	3.20	0.01	0.033	 38 	0.19	0.28	0.57	1.46	0.73	-0.02	0.00	3.9	8.5	95.3	74	0.09	9.48	6.38	229.00	58113.16	NA	NA	2.28	0.03	9.11	2.69	0.03	6.38	3.03	0.03	3.28	3.27	0.03	-3.28	3.28	0.03	-6.49	3.28	0.03	-9.60
AFS	614683	31413JW26	Agency MBS ARM	G-2-Q	FANNIE MAE	0.01401376	5.835	10/1/2037	17351299	 243,157 	 14,463.37 	248199.91	245701.95	102.074	101.0466519	-2497.96	7/31/2026	Model2501	100	LMMSOFRFLAT	RFRSwap	5.58	5.25	0.98	-0.07	0.010	 24 	0.39	0.12	0.17	0.18	0.14	-0.03	-0.01	3.6	14.6	126.9	118	0.01	18.90	7.70	226.00	136222.91	#SPILL!	#SPILL!	1.37	0.01	3.25	1.05	0.01	1.99	0.95	0.01	0.97	1.15	0.01	-1.06	1.51	0.01	-2.37	1.92	0.02	-4.06
HTM	883639	31413QXX1	Agency MBS 30yr	G-2-Q	FANNIE MAE	0.04844402	6	8/1/2037	2628069	 127,314 	 -   	130960.15	130585.31	102.8637	102.5692995	-374.84	7/31/2026	Model2501	100	LMMSOFRFLAT	RFRSwap	5.23	5.15	3.38	0.00	0.035	 44 	0.18	0.27	0.54	1.39	1.01	-0.02	-0.01	4.2	9.7	93.9	72	0.05	12.30	6.50	234.00	63657.11	NA	NA	2.41	0.03	9.60	2.82	0.03	6.71	3.18	0.03	3.45	3.46	0.03	-3.47	3.48	0.03	-6.87	3.49	0.03	-10.16
HTM	883628	31413X7L1	Agency MBS 30yr	G-2-Q	FANNIE MAE	0.04261671	6	11/1/2037	1898284	 80,899 	 -   	82823.63	82573.7	102.3795	102.0705972	-249.93	7/31/2026	Model2501	100	LMMSOFRFLAT	RFRSwap	5.40	5.32	3.49	-0.05	0.036	 29 	0.18	0.26	0.53	1.37	1.17	-0.01	-0.01	4.4	9.1	108.1	87	0.04	13.26	6.38	225.00	80898.62	NA	NA	2.31	0.03	9.53	2.76	0.03	6.75	3.22	0.03	3.52	3.61	0.04	-3.58	3.65	0.03	-7.12	3.68	0.03	-10.55
HTM	883634	31414FY47	Agency MBS 30yr	G-2-Q	FANNIE MAE	0.08376215	6	9/1/2038	1023317	 85,715 	 -   	87541.93	87271.63	102.1311	101.8157796	-270.3	7/31/2026	Model2501	100	LMMSOFRFLAT	RFRSwap	5.51	5.43	3.70	-0.08	0.038	 32 	0.17	0.25	0.52	1.33	1.43	0.02	-0.01	4.8	8.7	115.7	96	0.08	10.73	6.50	215.00	85715.23	NA	NA	2.27	0.03	9.84	2.81	0.03	7.06	3.37	0.04	3.71	3.85	0.04	-3.81	3.90	0.04	-7.56	3.93	0.04	-11.19
HTM	883623	31414JAU7	Agency MBS 30yr	G-2-Q	FANNIE MAE	0.04349975	6	12/1/2037	2267784	 98,648 	 -   	101050.31	100749.86	102.4352	102.130624	-300.45	7/31/2026	Model2501	100	LMMSOFRFLAT	RFRSwap	5.36	5.27	3.42	0.03	0.035	 35 	0.18	0.26	0.54	1.42	1.03	-0.01	0.00	4.2	9.0	107.0	85	0.04	13.11	6.64	224.00	49324.02	NA	NA	2.59	0.03	9.95	2.96	0.03	6.88	3.26	0.03	3.50	3.48	0.03	-3.48	3.49	0.03	-6.88	3.49	0.03	-10.16
HTM	883808	31414SEQ2	Agency MBS 30yr	G-2-Q	FANNIE MAE	0.0418277	5.5	4/1/2038	2026038	 84,745 	 -   	85667.82	85268.46	101.0895	100.6182711	-399.36	7/31/2026	Model2501	100	LMMSOFRFLAT	RFRSwap	5.28	5.15	3.46	0.03	0.035	 30 	0.17	0.26	0.54	1.48	1.02	-0.01	0.00	4.2	8.2	99.8	78	0.04	13.51	5.88	221.00	84744.51	NA	NA	2.65	0.03	9.99	3.03	0.03	6.89	3.32	0.03	3.49	3.51	0.03	-3.47	3.53	0.03	-6.85	3.57	0.03	-10.13
AFS	613783	31416MX41	Agency MBS 20yr	G-2-Q	FANNIE MAE	0.00542108	4.5	3/1/2029	1020000	 5,530 	 4,843.54 	5611.93	5510.42	101.4907	99.6548448	-101.51	7/31/2026	Model2501	100	LMMSOFRFLAT	RFRSwap	4.59	2.81	1.02	0.02	0.010	 1 	0.50	0.47	0.05	0.00	0.00	0.00	0.00	1.1	18.6	45.8	41	0.01	18.69	4.87	209.00	26286.32	NA	NA	1.04	0.01	3.13	1.03	0.01	2.07	1.03	0.01	1.03	1.01	0.01	-1.01	1.01	0.01	-2.01	1.02	0.01	-3.00
AFS	614207	31416QZE8	Agency MBS 30yr	G-2-Q	FANNIE MAE	0.08661207	4.5	6/1/2039	1437196	 124,479 	 7,700.35 	128282.64	119751.97	103.056	96.2029187	-8530.67	7/31/2026	Model2501	100	LMMSOFRFLAT	RFRSwap	5.36	3.80	4.33	0.12	0.042	 52 	0.13	0.20	0.46	1.46	1.96	0.12	0.00	5.3	6.7	102.1	77	0.09	10.80	4.88	207.00	124478.52	NA	NA	3.30	0.04	12.37	3.95	0.04	8.46	4.23	0.04	4.23	4.41	0.04	-4.12	4.52	0.04	-8.16	4.58	0.04	-12.10
AFS	613242	31416SRM5	Agency MBS 30yr	G-2-Q	FANNIE MAE	0.06170068	4.5	6/1/2039	2409480	 148,667 	 9,417.94 	158257.91	144437.79	106.4516	97.1555372	-13820.12	7/31/2026	Model2501	100	LMMSOFRFLAT	RFRSwap	5.14	3.08	4.14	-0.06	0.040	 60 	0.14	0.22	0.50	1.42	1.79	0.09	-0.01	5.2	7.0	77.7	55	0.06	12.60	4.88	207.00	148666.55	NA	NA	1.61	0.02	9.86	2.92	0.03	7.50	3.78	0.04	3.97	4.32	0.04	-4.05	4.47	0.04	-8.06	4.57	0.04	-12.02
AFS	614009	31416XY20	Agency MBS 30yr	G-2-Q	FANNIE MAE	0.02983173	4	3/1/2041	44626076	 1,331,273 	 394,923.19 	1336347.42	1268473.71	100.3812	95.2827601	-67873.72	7/31/2026	Model2501	100	LMMSOFRFLAT	RFRSwap	5.06	3.89	4.27	-0.08	0.041	 544 	0.13	0.20	0.48	1.40	1.91	0.15	0.00	5.3	7.3	68.4	47	0.03	18.08	4.42	186.00	164792.50	NA	NA	1.53	0.02	10.04	3.07	0.03	7.62	3.90	0.04	4.01	4.51	0.04	-4.11	4.71	0.04	-8.24	4.82	0.04	-12.31
AFS	614819	31416XY53	Agency MBS 30yr	G-2-Q	FANNIE MAE	0.0522115	4	11/1/2040	17146967	 895,269 	 72,818.38 	896079.67	854343.48	100.0906	95.4287044	-41736.19	7/31/2026	Model2501	100	LMMSOFRFLAT	RFRSwap	5.06	3.95	4.19	-0.01	0.040	 359 	0.13	0.21	0.49	1.45	1.82	0.10	0.00	5.1	7.1	71.2	48	0.05	14.87	4.38	189.00	170186.06	NA	NA	1.96	0.02	10.53	3.30	0.03	7.71	3.93	0.04	3.99	4.37	0.04	-4.01	4.55	0.04	-8.01	4.63	0.04	-11.96
AFS	613790	31416XYZ7	Agency MBS 30yr	G-2-Q	FANNIE MAE	0.03910102	4	3/1/2041	24879943	 972,831 	 135,745.47 	972831.15	926939.77	100	95.2826989	-45891.38	7/31/2026	Model2501	100	LMMSOFRFLAT	RFRSwap	5.06	3.97	4.28	-0.06	0.041	 398 	0.13	0.21	0.48	1.41	1.91	0.15	0.00	5.3	7.3	68.9	47	0.04	16.62	4.46	186.00	146362.22	NA	NA	1.71	0.02	10.31	3.18	0.03	7.72	3.94	0.04	4.04	4.50	0.04	-4.11	4.70	0.04	-8.22	4.82	0.04	-12.30
AFS	613313	31416Y3M8	Agency MBS 30yr	G-2-Q	FANNIE MAE	0.08148137	3.5	9/1/2041	25035419	 2,039,920 	 169,100.55 	2044666.51	1897636.84	100.2327	93.0250509	-147029.66	7/31/2026	Model2501	100	LMMSOFRFLAT	RFRSwap	5.00	3.43	4.67	0.03	0.044	 889 	0.11	0.18	0.44	1.45	2.26	0.23	0.00	5.6	6.2	62.7	38	0.08	13.01	4.09	180.00	146956.55	NA	NA	2.73	0.03	12.08	3.92	0.04	8.57	4.43	0.04	4.36	4.85	0.04	-4.34	5.02	0.04	-8.63	5.05	0.04	-12.79
PUB_HTM	614597	31417A6V6	Agency MBS 15yr	G-2-Q	FANNIE MAE	0.00290014	3	2/1/2027	75208756	 218,116 	 735,978.05 	218124.2	216980.85	100.0038	99.479603	-1143.35	7/31/2026	Model2501	100	LMMSOFRFLAT	RFRSwap	4.27	2.23	0.26	0.00	0.003	 6 	0.26	0.00	0.00	0.00	0.00	0.00	0.00	0.3	31.3	37.0	37	0.00	16.87	3.40	175.00	11203.97	NA	NA	0.26	0.00	0.78	0.26	0.00	0.52	0.26	0.00	0.26	0.26	0.00	-0.26	0.26	0.00	-0.51	0.26	0.00	-0.77
PUB_HTM	614805	31417AJD2	Agency MBS 15yr	G-2-Q	FANNIE MAE	0.00149372	3	11/1/2026	41573745	 62,100 	 451,491.66 	62099.53	61872.85	100	99.6349676	-226.68	7/31/2026	Model2501	100	LMMSOFRFLAT	RFRSwap	4.18	1.63	0.14	0.00	0.001	 1 	0.14	0.00	0.00	0.00	0.00	0.00	0.00	0.1	37.5	34.6	32	0.00	16.45	3.40	178.00	NA	NA	NA	0.15	0.00	0.43	0.15	0.00	0.29	0.14	0.00	0.14	0.14	0.00	-0.14	0.14	0.00	-0.29	0.14	0.00	-0.43
PUB_HTM	613194	31417AJE0	Agency MBS 15yr	G-2-Q	FANNIE MAE	0.00136118	3	11/1/2026	44588147	 60,692 	 483,762.22 	60692.49	60470.95	100	99.6349664	-221.55	7/31/2026	Model2501	100	LMMSOFRFLAT	RFRSwap	4.18	1.62	0.14	0.00	0.001	 1 	0.14	0.00	0.00	0.00	0.00	0.00	0.00	0.1	50.0	34.9	33	0.00	16.98	3.40	178.00	NA	NA	NA	0.14	0.00	0.43	0.14	0.00	0.29	0.14	0.00	0.14	0.14	0.00	-0.14	0.14	0.00	-0.29	0.14	0.00	-0.43
AFS	614138	31417ALQ0	Agency MBS 30yr	G-2-Q	FANNIE MAE	0.05017421	3.5	11/1/2041	25044527	 1,256,589 	 136,799.86 	1261831.83	1168711.91	100.4172	93.0066696	-93119.91	7/31/2026	Model2501	100	LMMSOFRFLAT	RFRSwap	5.03	3.39	4.59	-0.05	0.043	 538 	0.12	0.18	0.45	1.43	2.16	0.25	0.00	5.5	7.0	64.1	42	0.05	15.98	4.02	178.00	151354.84	NA	NA	2.20	0.02	11.30	3.63	0.04	8.22	4.27	0.04	4.24	4.84	0.04	-4.30	5.06	0.04	-8.60	5.11	0.04	-12.81
AFS	614440	31417EVR9	Agency MBS 15yr	G-2-Q	FANNIE MAE	0.02074597	2.5	2/1/2028	52597186	 1,091,180 	 1,309,271.95 	1088442.59	1076259.1	99.7492	98.6326224	-12183.5	7/31/2026	Model2501	100	LMMSOFRFLAT	RFRSwap	4.35	2.64	0.67	0.00	0.007	 72 	0.58	0.07	0.00	0.01	0.00	0.00	0.00	0.7	17.2	28.0	30	0.02	12.21	2.86	163.00	29214.56	NA	NA	0.66	0.01	1.98	0.66	0.01	1.32	0.66	0.01	0.66	0.67	0.01	-0.66	0.67	0.01	-1.32	0.66	0.01	-1.97
HTM	614634	31417EVR9	Agency MBS 15yr	G-2-Q	FANNIE MAE	0.02074597	2.5	2/1/2028	196000000	 4,066,210 	 4,882,651.28 	4057930.28	4010609.67	99.7964	98.6326224	-47320.6	7/31/2026	Model2501	100	LMMSOFRFLAT	RFRSwap	4.35	2.57	0.67	0.00	0.007	 268 	0.58	0.07	0.00	0.01	0.00	0.00	0.00	0.7	17.2	28.0	30	0.02	12.21	2.86	163.00	29214.56	NA	NA	0.66	0.01	1.98	0.66	0.01	1.32	0.66	0.01	0.66	0.67	0.01	-0.66	0.67	0.01	-1.32	0.66	0.01	-1.97
AFS	613632	31417F2E7	Agency MBS 15yr	G-2-Q	FANNIE MAE	0.02783923	2.5	4/1/2028	102260441	 2,846,852 	 2,989,832.35 	2855696.22	2805875.77	100.3107	98.5606498	-49820.45	7/31/2026	Model2501	100	LMMSOFRFLAT	RFRSwap	4.35	1.83	0.70	0.00	0.007	 198 	0.59	0.10	0.00	0.01	0.00	0.00	0.00	0.7	16.4	27.8	29	0.03	11.10	2.86	161.00	31819.24	NA	NA	0.69	0.01	2.09	0.70	0.01	1.39	0.70	0.01	0.70	0.71	0.01	-0.70	0.71	0.01	-1.39	0.70	0.01	-2.08
AFS	614018	31417F2W7	Agency MBS 30yr	G-2-Q	FANNIE MAE	0.43756046	3	3/1/2043	1100845	 481,686 	 22,966.02 	492830.34	425429.37	102.3136	88.3208471	-67400.96	7/31/2026	Model2501	100	LMMSOFRFLAT	RFRSwap	5.28	2.58	5.47	0.05	0.048	 233 	0.09	0.14	0.36	1.39	2.77	0.71	0.02	6.6	6.4	82.9	61	0.44	3.27	3.61	161.00	120421.56	NA	NA	3.84	0.04	14.04	4.76	0.05	9.65	5.20	0.05	4.86	5.73	0.05	-4.82	5.92	0.05	-9.57	5.90	0.04	-14.11
AFS	614145	31417FP93	Agency MBS 15yr	G-2-Q	FANNIE MAE	0.02262499	2.5	3/1/2028	50361556	 1,139,430 	 1,226,502.91 	1143094.18	1123031.29	100.3216	98.5608225	-20062.9	7/31/2026	Model2501	100	LMMSOFRFLAT	RFRSwap	4.40	1.80	0.69	0.00	0.007	 78 	0.58	0.09	0.00	0.01	0.00	0.00	0.00	0.7	21.1	33.0	35	0.02	11.75	2.87	162.00	13144.87	NA	NA	0.67	0.01	2.03	0.67	0.01	1.35	0.68	0.01	0.68	0.70	0.01	-0.68	0.70	0.01	-1.37	0.69	0.01	-2.05
PUB_HTM	614372	31417FX86	Agency MBS 15yr	G-2-Q	FANNIE MAE	0.01938975	3	3/1/2028	33206919	 643,874 	 573,139.81 	645259.12	636593.19	100.2151	98.8692402	-8665.93	7/31/2026	Model2501	100	LMMSOFRFLAT	RFRSwap	4.37	2.42	0.70	0.00	0.007	 44 	0.59	0.10	0.00	0.01	0.00	0.00	0.00	0.7	17.6	29.8	31	0.02	13.33	3.52	162.00	30335.60	NA	NA	0.68	0.01	2.08	0.69	0.01	1.38	0.69	0.01	0.69	0.70	0.01	-0.69	0.71	0.01	-1.38	0.70	0.01	-2.07
AFS	613189	31417G2M7	Agency MBS 15yr	G-2-Q	FANNIE MAE	0.03162373	2.5	7/1/2028	27789656	 878,813 	 789,772.30 	878812.58	864250.97	100	98.3430363	-14561.61	7/31/2026	Model2501	100	LMMSOFRFLAT	RFRSwap	4.39	2.31	0.81	0.00	0.008	 70 	0.59	0.21	0.00	0.01	0.00	0.00	0.00	0.8	15.6	29.3	30	0.03	11.35	2.87	158.00	36854.06	NA	NA	0.79	0.01	2.39	0.80	0.01	1.60	0.80	0.01	0.80	0.82	0.01	-0.80	0.82	0.01	-1.60	0.81	0.01	-2.39
AFS	613017	31417GD60	Agency MBS 15yr	G-2-Q	FANNIE MAE	0.04436626	2.5	4/1/2028	6372600	 282,728 	 278,155.71 	282728.43	278659.15	100	98.560713	-4069.28	7/31/2026	Model2501	100	LMMSOFRFLAT	RFRSwap	4.34	2.28	0.71	0.00	0.007	 20 	0.59	0.10	0.00	0.01	0.00	0.00	0.00	0.7	15.2	26.5	28	0.04	7.93	2.83	161.00	30491.39	NA	NA	0.70	0.01	2.10	0.70	0.01	1.40	0.70	0.01	0.70	0.71	0.01	-0.70	0.71	0.01	-1.40	0.70	0.01	-2.09
AFS	614411	31417GFM3	Agency MBS 15yr	G-2-Q	FANNIE MAE	0.02260309	2.5	4/1/2028	16141635	 364,851 	 389,393.54 	364850.83	359335.03	100	98.4882034	-5515.8	7/31/2026	Model2501	100	LMMSOFRFLAT	RFRSwap	4.37	2.29	0.74	0.00	0.007	 27 	0.59	0.13	0.00	0.01	0.00	0.00	0.00	0.8	16.4	28.2	30	0.02	12.88	2.92	160.00	35071.13	NA	NA	0.73	0.01	2.19	0.73	0.01	1.46	0.73	0.01	0.73	0.75	0.01	-0.73	0.75	0.01	-1.46	0.74	0.01	-2.18
AFS	614358	31417GFN1	Agency MBS 15yr	G-2-Q	FANNIE MAE	0.02538016	2.5	4/1/2028	32927527	 835,706 	 847,232.84 	835705.9	823073.39	100	98.488402	-12632.52	7/31/2026	Model2501	100	LMMSOFRFLAT	RFRSwap	4.37	2.29	0.74	0.00	0.007	 61 	0.59	0.13	0.00	0.01	0.00	0.00	0.00	0.8	16.0	28.2	30	0.03	12.12	2.91	160.00	34339.02	NA	NA	0.73	0.01	2.19	0.73	0.01	1.46	0.73	0.01	0.73	0.75	0.01	-0.73	0.75	0.01	-1.46	0.74	0.01	-2.18
AFS	612643	31417GLG9	Agency MBS 15yr	G-2-Q	FANNIE MAE	0.02448859	2.5	5/1/2028	122055838	 2,988,975 	 3,218,094.54 	2999282.29	2943791.88	100.3448	98.4883282	-55490.41	7/31/2026	Model2501	100	LMMSOFRFLAT	RFRSwap	4.41	1.80	0.73	0.00	0.007	 214 	0.59	0.12	0.00	0.01	0.00	0.00	0.00	0.7	20.3	32.9	35	0.02	12.05	2.88	160.00	13988.46	NA	NA	0.70	0.01	2.13	0.71	0.01	1.43	0.72	0.01	0.71	0.74	0.01	-0.72	0.74	0.01	-1.44	0.73	0.01	-2.15
AFS	613982	31417GR24	Agency MBS 15yr	G-2-Q	FANNIE MAE	0.02982219	2.5	5/1/2028	64962503	 1,937,324 	 1,717,643.50 	1937324.11	1906636.08	100	98.4159582	-30688.02	7/31/2026	Model2501	100	LMMSOFRFLAT	RFRSwap	4.41	2.29	0.77	0.00	0.008	 146 	0.59	0.16	0.00	0.01	0.00	0.00	0.00	0.8	18.4	31.6	33	0.03	11.12	2.90	159.00	20293.25	NA	NA	0.74	0.01	2.26	0.75	0.01	1.51	0.76	0.01	0.75	0.78	0.01	-0.76	0.78	0.01	-1.52	0.77	0.01	-2.27
AFS	614490	31417GWH5	Agency MBS 15yr	G-2-Q	FANNIE MAE	0.02911031	2.5	6/1/2028	45554761	 1,326,113 	 1,272,119.11 	1322258.49	1305104.22	99.7093	98.4157469	-17154.26	7/31/2026	Model2501	100	LMMSOFRFLAT	RFRSwap	4.42	2.68	0.76	-0.01	0.008	 100 	0.59	0.16	0.00	0.01	0.00	0.00	0.00	0.8	19.5	33.2	34	0.03	11.29	2.90	159.00	14637.10	NA	NA	0.74	0.01	2.24	0.74	0.01	1.49	0.75	0.01	0.75	0.77	0.01	-0.75	0.78	0.01	-1.51	0.77	0.01	-2.26
AFS	612525	31417GY34	Agency MBS 15yr	G-2-Q	FANNIE MAE	0.02970647	2.5	6/1/2028	66759809	 1,983,198 	 1,838,046.42 	1983198.26	1951783.74	100	98.4159665	-31414.53	7/31/2026	Model2501	100	LMMSOFRFLAT	RFRSwap	4.38	2.30	0.77	0.00	0.008	 152 	0.59	0.17	0.00	0.01	0.00	0.00	0.00	0.8	16.0	28.6	30	0.03	11.42	2.87	159.00	33950.33	NA	NA	0.76	0.01	2.29	0.76	0.01	1.53	0.77	0.01	0.76	0.78	0.01	-0.77	0.78	0.01	-1.53	0.78	0.01	-2.28
AFS	613599	31417S5N6	Agency MBS 30yr	G-2-Q	FANNIE MAE	0.23234566	4.5	11/1/2039	2895290	 672,708 	 46,897.87 	678824.51	653606.83	100.9092	97.1605453	-25217.68	7/31/2026	Model2501	100	LMMSOFRFLAT	RFRSwap	5.12	4.27	4.37	0.07	0.043	 286 	0.13	0.20	0.46	1.46	2.00	0.13	0.00	5.4	6.5	77.8	53	0.23	5.74	4.88	201.00	98894.33	NA	NA	2.83	0.03	11.99	3.74	0.04	8.43	4.18	0.04	4.27	4.48	0.04	-4.22	4.61	0.04	-8.37	4.65	0.04	-12.41
AFS	614610	31417TRK6	Agency MBS 30yr	G-2-Q	FANNIE MAE	0.31099057	4.5	12/1/2039	1973357	 613,695 	 43,450.92 	618206.43	596396.7	100.7351	97.1812212	-21809.73	7/31/2026	Model2501	100	LMMSOFRFLAT	RFRSwap	5.16	4.30	4.08	0.07	0.040	 245 	0.14	0.21	0.48	1.52	1.70	0.04	0.00	5.0	6.3	83.7	59	0.31	4.24	5.34	200.00	122739.09	NA	NA	2.67	0.03	11.17	3.47	0.04	7.86	3.92	0.04	4.00	4.17	0.04	-3.94	4.27	0.04	-7.81	4.34	0.04	-11.59
AFS	613240	31417Y4B0	Agency MBS 30yr	G-2-Q	FANNIE MAE	0.04093291	4	8/1/2041	31737205	 1,299,096 	 204,268.84 	1297701.28	1232930.63	99.8926	94.9068034	-64770.64	7/31/2026	Model2501	100	LMMSOFRFLAT	RFRSwap	5.16	4.00	4.29	-0.04	0.041	 531 	0.14	0.19	0.45	1.34	1.95	0.22	0.00	5.3	8.2	76.7	55	0.04	16.95	4.55	181.00	146213.05	NA	NA	1.95	0.02	10.56	3.30	0.03	7.78	3.98	0.04	4.04	4.50	0.04	-4.10	4.72	0.04	-8.20	4.86	0.04	-12.29
AFS	613165	31417YT64	Agency MBS 30yr	G-2-Q	FANNIE MAE	0.06715373	3.5	10/1/2040	25814118	 1,733,514 	 314,055.85 	1750247.85	1612603.49	100.9653	93.0251041	-137644.36	7/31/2026	Model2501	100	LMMSOFRFLAT	RFRSwap	5.10	3.26	4.40	-0.01	0.041	 711 	0.12	0.19	0.46	1.46	2.00	0.16	0.00	5.3	7.1	73.1	50	0.07	13.20	4.09	190.00	142154.38	NA	NA	2.32	0.02	11.06	3.58	0.04	7.96	4.14	0.04	4.08	4.60	0.04	-4.10	4.80	0.04	-8.20	4.86	0.04	-12.22
AFS	614835	31418A3W6	Agency MBS 15yr	G-2-Q	FANNIE MAE	0.03967906	2.5	12/1/2028	5115497	 202,978 	 153,394.88 	202978.11	199021.62	100	98.0507793	-3956.49	7/31/2026	Model2501	100	LMMSOFRFLAT	RFRSwap	4.44	2.34	0.95	0.00	0.009	 19 	0.53	0.39	0.01	0.02	0.00	0.00	0.00	1.0	14.8	31.5	30	0.04	11.30	2.99	154.00	30289.04	NA	NA	0.93	0.01	2.80	0.93	0.01	1.86	0.94	0.01	0.93	0.96	0.01	-0.94	0.97	0.01	-1.87	0.96	0.01	-2.80
PUB_HTM	613711	31418AGL6	Agency MBS 15yr	G-2-Q	FANNIE MAE	0.00620734	3	7/1/2027	48375000	 300,280 	 556,942.81 	300518.27	298187.93	100.0793	99.3032686	-2330.34	7/31/2026	Model2501	100	LMMSOFRFLAT	RFRSwap	4.25	2.33	0.41	0.00	0.004	 12 	0.40	0.00	0.00	0.00	0.00	0.00	0.00	0.4	23.4	28.3	27	0.01	15.86	3.48	170.00	15527.15	NA	NA	0.41	0.00	1.22	0.41	0.00	0.81	0.41	0.00	0.41	0.41	0.00	-0.41	0.41	0.00	-0.81	0.41	0.00	-1.21
PUB_HTM	614706	31418BJX5	Agency MBS 20yr	G-2-Q	FANNIE MAE	0.08709591	3.5	11/1/2034	6088000	 530,240 	 121,539.47 	534842.4	507835.66	100.868	95.7746969	-27006.75	7/31/2026	Model2501	100	LMMSOFRFLAT	RFRSwap	4.98	3.14	2.83	0.04	0.027	 144 	0.20	0.30	0.64	1.38	0.30	0.01	0.00	3.1	10.0	74.7	56	0.09	14.01	4.27	142.00	82814.95	NA	NA	2.31	0.02	8.09	2.68	0.03	5.49	2.79	0.03	2.74	2.89	0.03	-2.70	3.00	0.03	-5.41	3.05	0.03	-8.12
PUB_HTM	613084	31418BL79	Agency MBS 15yr	G-2-Q	FANNIE MAE	0.05288565	3	1/1/2030	39283868	 2,077,553 	 1,061,814.61 	2086271.52	2032353	100.4197	97.8243686	-53918.52	7/31/2026	Model2501	100	LMMSOFRFLAT	RFRSwap	4.53	2.55	1.34	0.00	0.013	 272 	0.40	0.54	0.37	0.02	0.00	0.00	0.00	1.4	13.5	37.7	30	0.05	13.19	3.62	140.00	44581.77	NA	NA	1.28	0.01	3.93	1.31	0.01	2.62	1.32	0.01	1.31	1.36	0.01	-1.31	1.39	0.01	-2.64	1.39	0.01	-3.95
AFS	614623	31418BNL6	Agency MBS 15yr	G-2-Q	FANNIE MAE	0.06101474	2.5	2/1/2030	25490056	 1,555,269 	 907,928.90 	1560970.28	1508054.21	100.3666	96.9641953	-52916.08	7/31/2026	Model2501	100	LMMSOFRFLAT	RFRSwap	4.67	2.12	1.38	-0.01	0.013	 209 	0.39	0.53	0.41	0.04	0.00	0.01	0.00	1.4	13.3	50.3	43	0.06	12.21	3.19	139.00	52475.53	NA	NA	1.32	0.01	4.02	1.34	0.01	2.68	1.36	0.01	1.34	1.42	0.01	-1.35	1.44	0.01	-2.71	1.43	0.01	-4.05
PUB_HTM	614688	31418BRZ1	Agency MBS 15yr	G-2-Q	FANNIE MAE	0.07938826	3	6/1/2030	29296311	 2,325,783 	 1,016,408.58 	2336644.35	2265976.45	100.467	97.4285349	-70667.9	7/31/2026	Model2501	100	LMMSOFRFLAT	RFRSwap	4.62	2.58	1.53	-0.01	0.015	 347 	0.36	0.50	0.58	0.08	0.00	0.01	0.00	1.6	12.9	44.8	36	0.08	11.28	3.45	135.00	58010.89	NA	NA	1.43	0.01	4.46	1.48	0.01	2.98	1.50	0.01	1.49	1.57	0.02	-1.50	1.60	0.02	-3.01	1.60	0.01	-4.51
PUB_HTM	613010	31418BWJ1	Agency MBS 15yr	G-2-Q	FANNIE MAE	0.06430573	3	11/1/2030	26774966	 1,721,784 	 802,878.16 	1730254.34	1674373.12	100.492	97.2464245	-55881.21	7/31/2026	Model2501	100	LMMSOFRFLAT	RFRSwap	4.64	2.59	1.62	-0.01	0.016	 272 	0.34	0.47	0.66	0.14	0.00	0.01	0.00	1.7	12.4	46.7	37	0.06	14.23	3.57	130.00	50059.09	NA	NA	1.52	0.02	4.74	1.58	0.02	3.17	1.60	0.02	1.58	1.66	0.02	-1.59	1.70	0.02	-3.19	1.70	0.02	-4.78
PUB_HTM	614486	31418BX27	Agency MBS 20yr	G-2-Q	FANNIE MAE	0.11219331	3	1/1/2036	11000000	 1,234,126 	 250,466.00 	1232791.64	1159455.57	99.8918	93.949498	-73336.07	7/31/2026	Model2501	100	LMMSOFRFLAT	RFRSwap	4.92	2.99	3.25	0.00	0.031	 377 	0.17	0.26	0.60	1.59	0.60	0.01	0.00	3.6	9.1	65.3	46	0.11	14.11	3.77	128.00	111836.16	NA	NA	2.53	0.03	8.98	3.00	0.03	6.12	3.16	0.03	3.07	3.38	0.03	-3.07	3.50	0.03	-6.16	3.49	0.03	-9.18
PUB_HTM	614832	31418BXA9	Agency MBS 20yr	G-2-Q	FANNIE MAE	0.10709697	3	12/1/2035	11747499	 1,258,122 	 245,461.12 	1256767.38	1182570.1	99.8924	93.9949007	-74197.29	7/31/2026	Model2501	100	LMMSOFRFLAT	RFRSwap	4.93	2.99	3.20	0.01	0.030	 379 	0.17	0.27	0.60	1.57	0.57	0.01	0.00	3.5	9.4	66.6	48	0.11	14.34	3.81	129.00	107551.01	NA	NA	2.51	0.03	8.87	2.96	0.03	6.04	3.12	0.03	3.02	3.33	0.03	-3.02	3.46	0.03	-6.07	3.45	0.03	-9.07
PUB_HTM	613022	31418BYV2	Agency MBS 20yr	G-2-Q	FANNIE MAE	0.11597486	3	2/1/2036	10000000	 1,159,749 	 208,021.36 	1158494.24	1089027.87	99.8918	93.9020639	-69466.37	7/31/2026	Model2501	100	LMMSOFRFLAT	RFRSwap	4.92	2.99	3.26	0.00	0.031	 356 	0.17	0.26	0.59	1.60	0.62	0.01	0.00	3.6	9.2	65.8	47	0.12	14.01	3.77	127.00	109887.07	NA	NA	2.54	0.03	9.01	3.01	0.03	6.15	3.17	0.03	3.08	3.40	0.03	-3.08	3.52	0.03	-6.19	3.51	0.03	-9.24
PUB_HTM	614514	31418BYW0	Agency MBS 15yr	G-2-Q	FANNIE MAE	0.07856952	3	2/1/2031	77099374	 6,057,661 	 2,126,602.60 	6088433.96	5885064.57	100.508	97.1507775	-203369.38	7/31/2026	Model2501	100	LMMSOFRFLAT	RFRSwap	4.62	2.60	1.71	-0.01	0.017	 1,011 	0.32	0.46	0.72	0.21	0.00	0.01	0.00	1.8	12.3	43.7	33	0.08	13.34	3.55	127.00	56421.22	NA	NA	1.58	0.02	4.99	1.66	0.02	3.34	1.68	0.02	1.67	1.76	0.02	-1.67	1.80	0.02	-3.36	1.80	0.02	-5.04
PUB_HTM	612388	31418BZQ2	Agency MBS 20yr	G-2-Q	FANNIE MAE	0.1074466	3	3/1/2036	11000000	 1,181,913 	 210,738.19 	1180637.94	1100460.48	99.8922	93.1084479	-80177.46	7/31/2026	Model2501	100	LMMSOFRFLAT	RFRSwap	5.19	2.99	3.26	0.00	0.030	 360 	0.17	0.26	0.59	1.60	0.63	0.02	0.01	3.6	9.2	92.1	74	0.11	14.77	3.82	127.00	106829.44	NA	NA	2.60	0.03	8.98	3.03	0.03	6.11	3.18	0.03	3.05	3.40	0.03	-3.06	3.53	0.03	-6.15	3.52	0.03	-9.18
PUB_AFS	613295	31418C2U7	Agency MBS 10yr	G-2-Q	FANNIE MAE	0.02745531	3.5	10/1/2028	20000000	 549,106 	 581,918.08 	552830.49	543928.75	100.6782	99.0571131	-8901.74	7/31/2026	Model2501	100	LMMSOFRFLAT	RFRSwap	4.40	2.43	0.82	0.00	0.008	 45 	0.56	0.26	0.00	0.01	0.00	0.00	0.00	0.9	22.9	29.1	29	0.03	24.06	4.08	95.00	30109.02	NA	NA	0.80	0.01	2.46	0.82	0.01	1.64	0.82	0.01	0.82	0.83	0.01	-0.82	0.85	0.01	-1.64	0.86	0.01	-2.47
AFS	614562	31418CAQ7	Agency MBS 15yr	G-2-Q	FANNIE MAE	0.10782673	2	8/1/2031	100000000	 10,782,673 	 3,794,879.87 	10831044.62	10236103.61	100.4486	94.9310399	-594941	7/31/2026	Model2501	100	LMMSOFRFLAT	RFRSwap	4.68	1.71	1.97	-0.02	0.019	 2,020 	0.28	0.42	0.80	0.44	0.01	0.02	0.00	2.0	11.0	48.8	37	0.11	11.88	2.85	121.00	86823.41	NA	NA	1.79	0.02	5.56	1.88	0.02	3.72	1.92	0.02	1.87	2.04	0.02	-1.89	2.06	0.02	-3.78	2.05	0.02	-5.64
PUB_HTM	613651	31418CBM5	Agency MBS Other	G-2-Q	FANNIE MAE	0.10479219	3	9/1/2046	8951739	 938,072 	 98,424.70 	915280.29	807520.21	97.5703	86.0829368	-107760.07	7/31/2026	Model2501	100	LMMSOFRFLAT	RFRSwap	5.50	3.38	6.15	-0.13	0.053	 498 	0.06	0.11	0.33	1.30	3.00	1.30	0.05	7.4	6.1	94.1	80	0.10	18.36	3.77	120.00	392660.44	NA	NA	3.26	0.03	14.24	4.80	0.05	10.17	5.61	0.05	5.23	6.59	0.05	-5.34	6.80	0.05	-10.60	6.76	0.05	-15.58
PUB_HTM	614283	31418CCP7	Agency MBS Other	G-2-Q	FANNIE MAE	0.09706763	3	10/1/2046	10500000	 1,019,210 	 93,939.61 	994538.24	877366.02	97.5793	86.0829388	-117172.22	7/31/2026	Model2501	100	LMMSOFRFLAT	RFRSwap	5.49	3.38	6.17	-0.11	0.053	 543 	0.07	0.11	0.33	1.29	3.01	1.33	0.05	7.4	6.1	92.8	78	0.10	19.13	3.71	120.00	397109.81	NA	NA	3.27	0.03	14.30	4.81	0.05	10.21	5.63	0.05	5.25	6.59	0.05	-5.35	6.79	0.05	-10.61	6.73	0.05	-15.57
PUB_HTM	614607	31418CDR2	Agency MBS Other	G-2-Q	FANNIE MAE	0.09567093	3	11/1/2046	15000000	 1,435,064 	 102,965.11 	1406024.23	1235345.85	97.9764	86.0829828	-170678.38	7/31/2026	Model2501	100	LMMSOFRFLAT	RFRSwap	5.48	3.31	6.20	-0.11	0.054	 768 	0.06	0.11	0.33	1.30	3.02	1.35	0.05	7.5	6.0	91.6	77	0.10	19.41	3.64	119.00	392582.63	NA	NA	3.25	0.03	14.34	4.82	0.05	10.25	5.65	0.05	5.28	6.62	0.05	-5.37	6.82	0.05	-10.66	6.77	0.05	-15.64
PUB_AFS	613206	31418CEB6	Agency MBS 10yr	G-2-Q	FANNIE MAE	0.00433504	2.5	12/1/2026	11420000	 49,506 	 320,720.66 	49404.38	49281.28	99.7944	99.5457552	-123.1	7/31/2026	Model2501	100	LMMSOFRFLAT	RFRSwap	4.11	2.73	0.18	0.00	0.002	 1 	0.18	0.00	0.00	0.00	0.00	0.00	0.00	0.2	37.5	25.1	25	0.00	17.80	2.87	117.00	NA	NA	NA	0.18	0.00	0.55	0.18	0.00	0.37	0.18	0.00	0.18	0.18	0.00	-0.18	0.18	0.00	-0.36	0.18	0.00	-0.54
HTM	612161	31418CET7	Agency MBS 15yr	G-2-Q	FANNIE MAE	0.13914808	2	12/1/2031	25378940	 3,531,431 	 1,135,377.69 	3496867.31	3344318.82	99.0213	94.7015256	-152548.49	7/31/2026	Model2501	100	LMMSOFRFLAT	RFRSwap	4.65	2.43	2.09	-0.02	0.020	 701 	0.27	0.41	0.81	0.57	0.02	0.02	0.00	2.1	10.0	45.5	33	0.14	10.27	2.59	118.00	96410.38	NA	NA	1.89	0.02	5.88	1.98	0.02	3.94	2.03	0.02	1.98	2.15	0.02	-1.99	2.17	0.02	-3.98	2.14	0.02	-5.92
HTM	614558	31418CFD1	Agency MBS 30yr	G-2-Q	FANNIE MAE	0.20127464	3	1/1/2047	25000000	 5,031,866 	 534,179.52 	5032394.15	4403153.09	100.0105	87.5053725	-629241.07	7/31/2026	Model2501	100	LMMSOFRFLAT	RFRSwap	5.31	2.98	5.96	-0.10	0.052	 2,631 	0.08	0.12	0.34	1.31	2.87	1.21	0.04	7.2	6.8	75.9	61	0.20	13.24	3.53	116.00	203524.23	NA	NA	3.48	0.04	14.29	4.78	0.05	10.08	5.46	0.05	5.16	6.39	0.05	-5.26	6.65	0.05	-10.49	6.65	0.05	-15.47
PUB_HTM	613020	31418CFL3	Agency MBS Other	G-2-Q	FANNIE MAE	0.12550968	3	1/1/2047	15000000	 1,882,645 	 182,231.85 	1837021.56	1620634.57	97.5766	86.0828461	-216386.99	7/31/2026	Model2501	100	LMMSOFRFLAT	RFRSwap	5.47	3.38	6.23	-0.10	0.054	 1,012 	0.06	0.11	0.32	1.29	3.03	1.37	0.05	7.5	6.0	90.2	75	0.13	17.43	3.62	117.00	394709.66	NA	NA	3.30	0.03	14.45	4.85	0.05	10.31	5.68	0.05	5.30	6.65	0.05	-5.40	6.84	0.05	-10.69	6.78	0.05	-15.68
PUB_HTM	613429	31418CGJ7	Agency MBS Other	G-2-Q	FANNIE MAE	0.17893691	3	1/1/2047	15000000	 2,684,054 	 240,425.44 	2620855.58	2310511.18	97.6454	86.0828985	-310344.4	7/31/2026	Model2501	100	LMMSOFRFLAT	RFRSwap	5.44	3.36	6.27	-0.09	0.054	 1,453 	0.06	0.11	0.32	1.28	3.06	1.40	0.05	7.6	5.8	87.4	72	0.18	14.45	3.61	116.00	404014.84	NA	NA	3.31	0.03	14.56	4.89	0.05	10.39	5.73	0.05	5.35	6.68	0.05	-5.43	6.85	0.05	-10.74	6.78	0.05	-15.73
PUB_AFS	613142	31418CK45	Agency MBS 10yr	G-2-Q	FANNIE MAE	0.01134208	3.5	5/1/2027	31100000	 352,739 	 931,968.62 	353486.75	351211.54	100.2121	99.5670585	-2275.21	7/31/2026	Model2501	100	LMMSOFRFLAT	RFRSwap	4.15	2.15	0.32	0.00	0.003	 11 	0.32	0.00	0.00	0.00	0.00	0.00	0.00	0.3	35.9	21.3	21	0.01	16.65	3.99	112.00	NA	NA	NA	0.32	0.00	0.98	0.32	0.00	0.65	0.32	0.00	0.32	0.32	0.00	-0.32	0.33	0.00	-0.65	0.33	0.00	-0.97
PUB_AFS	613523	31418CKY9	Agency MBS 10yr	G-2-Q	FANNIE MAE	0.00940288	3	5/1/2027	11869006	 111,603 	 311,173.80 	111613.1	110952.1	100.0092	99.4169161	-661.01	7/31/2026	Model2501	100	LMMSOFRFLAT	RFRSwap	4.21	2.37	0.33	0.00	0.003	 4 	0.32	0.00	0.00	0.00	0.00	0.00	0.00	0.3	34.4	27.3	27	0.01	19.42	3.48	112.00	11549.87	NA	NA	0.33	0.00	0.98	0.33	0.00	0.65	0.33	0.00	0.33	0.33	0.00	-0.32	0.33	0.00	-0.65	0.33	0.00	-0.97
PUB_AFS	613006	31418CVH4	Agency MBS 10yr	G-2-Q	FANNIE MAE	0.0331882	3	3/1/2028	15000000	 497,823 	 675,339.03 	498492.96	492491.76	100.1346	98.9290885	-6001.21	7/31/2026	Model2501	100	LMMSOFRFLAT	RFRSwap	4.39	2.50	0.64	0.00	0.006	 32 	0.57	0.06	0.00	0.01	0.00	0.00	0.00	0.7	23.4	33.3	35	0.03	17.38	3.41	102.00	24405.36	NA	NA	0.63	0.01	1.92	0.64	0.01	1.27	0.64	0.01	0.64	0.65	0.01	-0.64	0.65	0.01	-1.27	0.65	0.01	-1.91
PUB_AFS	614017	31418CW34	Agency MBS 10yr	G-2-Q	FANNIE MAE	0.03469157	3	5/1/2028	25840100	 896,434 	 922,805.31 	897693.59	885890.77	100.1406	98.8239102	-11802.82	7/31/2026	Model2501	100	LMMSOFRFLAT	RFRSwap	4.49	2.51	0.67	0.00	0.007	 60 	0.58	0.09	0.00	0.01	0.00	0.00	0.00	0.7	23.0	41.3	43	0.03	18.36	3.48	101.00	30364.70	NA	NA	0.67	0.01	2.01	0.67	0.01	1.34	0.67	0.01	0.67	0.68	0.01	-0.67	0.69	0.01	-1.34	0.69	0.01	-2.01
PUB_AFS	614559	31418CYE8	Agency MBS 10yr	G-2-Q	FANNIE MAE	0.03247548	3.5	7/1/2028	25274427	 820,799 	 924,340.90 	826060.22	812939.78	100.641	99.0424731	-13120.44	7/31/2026	Model2501	100	LMMSOFRFLAT	RFRSwap	4.49	2.38	0.76	0.00	0.008	 62 	0.58	0.18	0.00	0.01	0.00	0.00	0.00	0.8	23.4	39.2	40	0.03	20.51	4.00	98.00	28869.31	NA	NA	0.74	0.01	2.28	0.76	0.01	1.52	0.76	0.01	0.76	0.77	0.01	-0.76	0.78	0.01	-1.52	0.79	0.01	-2.28
HTM	614656	31418D2V3	Agency MBS 20yr	G-2-Q	FANNIE MAE	0.62742066	2	7/1/2041	50000000	 31,371,033 	 3,514,067.56 	31802041.53	26870837.33	101.3739	85.6549331	-4931204.2	7/31/2026	Model2501	100	LMMSOFRFLAT	RFRSwap	5.04	1.73	5.43	0.02	0.047	 14,618 	0.07	0.13	0.37	1.62	2.77	0.43	0.04	5.9	6.5	60.4	45	0.63	4.58	2.86	62.00	218826.30	NA	NA	3.76	0.04	13.27	4.60	0.04	9.15	5.08	0.05	4.64	5.64	0.05	-4.63	5.67	0.04	-9.11	5.55	0.04	-13.30
PUB_HTM	614189	31418D3A8	Agency MBS Other	G-2-Q	FANNIE MAE	0.66315756	2.5	7/1/2051	15000000	 9,947,363 	 709,769.64 	9422927.55	7970423	94.7279	80.1259859	-1452504.56	7/31/2026	Model2501	100	LMMSOFRFLAT	RFRSwap	5.51	3.19	7.80	0.09	0.063	 6,232 	0.03	0.06	0.21	1.06	3.29	2.84	0.32	9.5	5.2	82.0	73	0.66	5.65	3.24	62.00	601638.50	NA	NA	4.70	0.05	17.48	6.23	0.06	12.23	7.10	0.06	6.22	8.14	0.06	-6.18	8.21	0.06	-12.02	7.96	0.05	-17.34
HTM	614617	31418D3R1	Agency MBS 20yr	G-2-Q	FANNIE MAE	0.63468138	2	8/1/2041	25000000	 15,867,035 	 1,906,131.25 	16255704.07	13550287.36	102.4495	85.398991	-2705416.7	7/31/2026	Model2501	100	LMMSOFRFLAT	RFRSwap	5.11	1.53	5.44	0.02	0.047	 7,392 	0.07	0.13	0.37	1.62	2.78	0.44	0.04	5.9	6.5	66.1	51	0.63	4.53	2.88	61.00	211537.36	NA	NA	3.81	0.04	13.28	4.62	0.04	9.15	5.10	0.05	4.64	5.66	0.05	-4.63	5.69	0.04	-9.11	5.57	0.04	-13.31
PUB_HTM	614414	31418D4G4	Agency MBS 20yr	G-2-Q	FANNIE MAE	0.64138409	2	9/1/2041	129818688	 83,263,641 	 8,856,640.05 	78993412.3	71208259.43	94.8714	85.5214335	-7785152.88	7/31/2026	Model2501	100	LMMSOFRFLAT	RFRSwap	5.06	2.99	5.47	0.02	0.047	 39,020 	0.07	0.13	0.36	1.61	2.80	0.46	0.04	5.9	6.5	61.5	46	0.64	4.48	2.88	60.00	209923.88	NA	NA	3.78	0.04	13.33	4.62	0.04	9.20	5.11	0.05	4.67	5.69	0.05	-4.66	5.72	0.04	-9.17	5.61	0.04	-13.39
HTM	614096	31418D4G4	Agency MBS 20yr	G-2-Q	FANNIE MAE	0.64138409	2	9/1/2041	179477241	 115,113,847 	 13,241,269.67 	117495077.1	98447012.02	102.0686	85.5214335	-19048065.09	7/31/2026	Model2501	100	LMMSOFRFLAT	RFRSwap	5.06	1.60	5.47	0.02	0.047	 53,946 	0.07	0.13	0.36	1.61	2.80	0.46	0.04	5.9	6.5	61.5	46	0.64	4.48	2.88	60.00	209923.88	NA	NA	3.78	0.04	13.33	4.62	0.04	9.20	5.11	0.05	4.67	5.69	0.05	-4.66	5.72	0.04	-9.17	5.61	0.04	-13.39
PUB_HTM	613993	31418D4Z2	Agency MBS 30yr	G-2-Q	FANNIE MAE	0.61229373	3	10/1/2051	25000000	 15,307,343 	 1,573,421.32 	15028820.36	13135906.33	98.1805	85.8144102	-1892914.03	7/31/2026	Model2501	100	LMMSOFRFLAT	RFRSwap	5.42	3.27	6.71	-0.19	0.058	 8,840 	0.07	0.10	0.29	1.12	2.81	2.12	0.22	8.3	7.4	74.3	67	0.61	7.78	3.91	60.00	294934.75	NA	NA	3.92	0.04	15.59	5.21	0.05	10.99	6.02	0.06	5.66	7.36	0.06	-5.85	7.72	0.06	-11.71	7.67	0.05	-17.24
HTM	613047	31418D5G3	Agency MBS 20yr	G-2-Q	FANNIE MAE	0.64319953	2	10/1/2041	176487101	 113,516,420 	 13,162,806.80 	116008702.9	97015624.73	102.1955	85.463957	-18993078.15	7/31/2026	Model2501	100	LMMSOFRFLAT	RFRSwap	5.07	1.58	5.49	0.02	0.047	 53,359 	0.07	0.13	0.36	1.61	2.82	0.47	0.04	5.9	6.5	61.7	47	0.64	4.58	2.85	59.00	207955.34	NA	NA	3.83	0.04	13.39	4.65	0.04	9.23	5.14	0.05	4.68	5.71	0.05	-4.67	5.74	0.04	-9.19	5.62	0.04	-13.42
PUB_HTM	613607	31418D5G3	Agency MBS 20yr	G-2-Q	FANNIE MAE	0.64319953	2	10/1/2041	16198491	 10,418,862 	 1,115,613.47 	9884389.52	8904371.57	94.8701	85.463957	-980017.95	7/31/2026	Model2501	100	LMMSOFRFLAT	RFRSwap	5.07	2.99	5.49	0.02	0.047	 4,897 	0.07	0.13	0.36	1.61	2.82	0.47	0.04	5.9	6.5	61.7	47	0.64	4.58	2.85	59.00	207955.34	NA	NA	3.83	0.04	13.39	4.65	0.04	9.23	5.14	0.05	4.68	5.71	0.05	-4.67	5.74	0.04	-9.19	5.62	0.04	-13.42
PUB_HTM	613126	31418D5P3	Agency MBS Other	G-2-Q	FANNIE MAE	0.78764144	2	9/1/2051	25000000	 19,691,036 	 1,080,316.62 	18187052.01	15060153.07	92.3621	76.4822789	-3126898.94	7/31/2026	Model2501	100	LMMSOFRFLAT	RFRSwap	5.43	2.95	8.28	0.47	0.063	 12,491 	0.03	0.05	0.18	1.00	3.45	3.20	0.39	9.8	4.6	75.7	65	0.79	2.40	2.82	60.00	600033.19	NA	NA	5.65	0.05	18.58	7.01	0.06	12.75	7.71	0.06	6.41	8.50	0.06	-6.18	8.47	0.05	-11.93	8.16	0.05	-17.10
PUB_HTM	613080	31418D7E6	Agency MBS 30yr	G-2-Q	FANNIE MAE	0.75374057	2	12/1/2051	25000000	 18,843,514 	 1,370,789.53 	17670438.88	14802702.76	93.7746	78.555956	-2867736.12	7/31/2026	Model2501	100	LMMSOFRFLAT	RFRSwap	5.28	2.82	7.95	0.13	0.063	 11,800 	0.03	0.07	0.21	1.06	3.33	2.93	0.35	9.3	5.5	58.4	51	0.75	3.60	2.85	57.00	346032.78	NA	NA	5.35	0.05	18.02	6.55	0.06	12.37	7.32	0.06	6.26	8.35	0.06	-6.18	8.45	0.06	-12.05	8.21	0.05	-17.38
PUB_HTM	613794	31418DC91	Agency MBS 15yr	G-2-Q	FANNIE MAE	0.08813946	3	7/1/2034	34090000	 3,004,674 	 820,186.85 	3021071.65	2858728.02	100.5457	95.1426956	-162343.63	7/31/2026	Model2501	100	LMMSOFRFLAT	RFRSwap	4.76	2.75	2.83	-0.06	0.027	 812 	0.20	0.30	0.64	1.39	0.28	0.02	0.00	3.0	10.2	51.2	35	0.09	23.60	3.70	86.00	137902.64	NA	NA	1.91	0.02	7.51	2.46	0.02	5.25	2.69	0.03	2.67	2.97	0.03	-2.73	3.10	0.03	-5.51	3.10	0.03	-8.26
PUB_HTM	613804	31418DD74	Agency MBS Other	G-2-Q	FANNIE MAE	0.03788049	3.5	7/1/2049	25000000	 947,012 	 95,464.34 	937165.5	833680.81	98.9602	88.0327381	-103484.68	7/31/2026	Model2501	100	LMMSOFRFLAT	RFRSwap	5.60	3.65	6.15	-0.28	0.054	 514 	0.08	0.11	0.32	1.12	2.71	1.73	0.10	7.8	7.1	94.4	85	0.04	35.71	4.47	86.00	523955.78	NA	NA	2.33	0.02	13.41	4.33	0.04	10.03	5.46	0.05	5.30	6.73	0.06	-5.52	6.98	0.05	-11.03	6.93	0.05	-16.24
PUB_HTM	614381	31418DDJ8	Agency MBS Other	G-2-Q	FANNIE MAE	0.04452277	3.5	6/1/2049	23380343	 1,040,958 	 151,994.86 	1030602.17	916378.38	99.0052	88.0322453	-114223.8	7/31/2026	Model2501	100	LMMSOFRFLAT	RFRSwap	5.58	3.65	6.28	-0.28	0.056	 578 	0.06	0.11	0.35	1.19	2.74	1.73	0.11	7.8	7.1	91.1	83	0.04	33.92	4.49	87.00	509360.22	NA	NA	2.22	0.02	13.36	4.21	0.04	10.14	5.51	0.05	5.39	6.97	0.06	-5.67	7.35	0.06	-11.41	7.40	0.05	-16.89
PUB_HTM	613970	31418DE32	Agency MBS Other	G-2-Q	FANNIE MAE	0.04628737	3.5	8/1/2049	5000000	 231,437 	 21,432.97 	229077.23	204886.84	98.9804	88.5281852	-24190.39	7/31/2026	Model2501	100	LMMSOFRFLAT	RFRSwap	5.40	3.65	6.40	-0.31	0.057	 131 	0.06	0.11	0.34	1.17	2.81	1.82	0.10	8.2	6.4	74.1	64	0.05	34.23	4.50	85.00	522251.28	NA	NA	2.11	0.02	13.70	4.34	0.04	10.39	5.62	0.05	5.52	7.04	0.06	-5.79	7.37	0.06	-11.58	7.38	0.05	-17.09
PUB_HTM	612651	31418DEL2	Agency MBS 15yr	G-2-Q	FANNIE MAE	0.08634856	3	8/1/2034	25000000	 2,158,714 	 524,411.55 	2172932.18	2053896.42	100.6586	95.1444435	-119035.75	7/31/2026	Model2501	100	LMMSOFRFLAT	RFRSwap	4.75	2.71	2.84	-0.06	0.027	 585 	0.20	0.30	0.64	1.40	0.28	0.02	0.00	3.0	10.1	50.5	35	0.09	24.15	3.67	85.00	145413.50	NA	NA	1.92	0.02	7.53	2.47	0.02	5.27	2.70	0.03	2.68	2.98	0.03	-2.74	3.11	0.03	-5.52	3.11	0.03	-8.28
PUB_HTM	614144	31418DFJ6	Agency MBS 15yr	G-2-Q	FANNIE MAE	0.09635446	3	9/1/2034	70000000	 6,744,812 	 1,763,516.49 	6790428.32	6411402.19	100.6763	95.0567933	-379026.13	7/31/2026	Model2501	100	LMMSOFRFLAT	RFRSwap	4.75	2.71	2.91	-0.06	0.028	 1,868 	0.19	0.29	0.64	1.45	0.32	0.02	0.00	3.1	9.9	49.6	33	0.10	23.30	3.67	84.00	144384.66	NA	NA	1.99	0.02	7.73	2.53	0.03	5.39	2.76	0.03	2.74	3.05	0.03	-2.80	3.18	0.03	-5.64	3.17	0.03	-8.45
PUB_HTM	612786	31418DJJ2	Agency MBS 15yr	G-2-Q	FANNIE MAE	0.16935738	2.5	12/1/2034	66864627	 11,324,018 	 2,583,919.43 	11239588.62	10584413.87	99.2544	93.4687125	-655174.75	7/31/2026	Model2501	100	LMMSOFRFLAT	RFRSwap	4.73	2.71	3.12	-0.06	0.029	 3,309 	0.18	0.28	0.63	1.59	0.42	0.03	0.01	3.3	8.8	47.0	31	0.17	17.47	3.07	81.00	162754.44	NA	NA	2.30	0.02	8.29	2.76	0.03	5.70	2.96	0.03	2.89	3.26	0.03	-2.94	3.32	0.03	-5.89	3.28	0.03	-8.74
PUB_HTM	613261	31418DJK9	Agency MBS 15yr	G-2-Q	FANNIE MAE	0.13056417	3	12/1/2034	35000000	 4,569,746 	 1,082,916.57 	4594740.91	4338273.37	100.547	94.934673	-256467.54	7/31/2026	Model2501	100	LMMSOFRFLAT	RFRSwap	4.73	2.77	3.01	-0.05	0.029	 1,310 	0.18	0.28	0.62	1.51	0.39	0.02	0.01	3.2	9.4	47.6	31	0.13	20.78	3.53	81.00	152470.64	NA	NA	2.08	0.02	8.03	2.63	0.03	5.58	2.86	0.03	2.84	3.16	0.03	-2.89	3.27	0.03	-5.82	3.26	0.03	-8.70
PUB_HTM	614051	31418DKJ0	Agency MBS 15yr	G-2-Q	FANNIE MAE	0.16786399	2.5	1/1/2035	15000000	 2,517,960 	 541,250.52 	2499163.99	2352140.68	99.2535	93.4145426	-147023.31	7/31/2026	Model2501	100	LMMSOFRFLAT	RFRSwap	4.73	2.70	3.15	-0.06	0.030	 743 	0.17	0.27	0.62	1.61	0.44	0.03	0.01	3.3	8.8	46.6	31	0.17	17.89	3.06	80.00	166338.83	NA	NA	2.30	0.02	8.34	2.77	0.03	5.75	2.99	0.03	2.92	3.29	0.03	-2.97	3.35	0.03	-5.95	3.31	0.03	-8.82
PUB_HTM	613190	31418DLL4	Agency MBS 15yr	G-2-Q	FANNIE MAE	0.16634919	2.5	2/1/2035	60000000	 9,980,951 	 2,195,360.29 	9906582.99	9318086.69	99.2549	93.3587022	-588496.29	7/31/2026	Model2501	100	LMMSOFRFLAT	RFRSwap	4.76	2.70	3.14	-0.06	0.029	 2,936 	0.17	0.27	0.62	1.60	0.44	0.03	0.01	3.3	8.9	49.2	33	0.17	18.33	3.10	80.00	166532.89	NA	NA	2.29	0.02	8.31	2.76	0.03	5.73	2.98	0.03	2.91	3.29	0.03	-2.97	3.35	0.03	-5.94	3.31	0.03	-8.81
PUB_HTM	613103	31418DLP5	Agency MBS 20yr	G-2-Q	FANNIE MAE	0.20234052	2.5	2/1/2040	61159834	 12,375,113 	 1,725,339.18 	12049517.38	11073338.89	97.369	89.4807121	-976178.49	7/31/2026	Model2501	100	LMMSOFRFLAT	RFRSwap	4.99	3.06	4.66	-0.08	0.042	 5,170 	0.10	0.17	0.44	1.65	2.11	0.17	0.02	5.1	7.5	59.8	42	0.20	18.19	3.48	80.00	190077.00	NA	NA	3.06	0.03	11.67	3.94	0.04	8.12	4.35	0.04	4.13	4.91	0.04	-4.20	5.01	0.04	-8.36	4.95	0.04	-12.31
PUB_HTM	613763	31418DMD1	Agency MBS 15yr	G-2-Q	FANNIE MAE	0.16336799	2.5	3/1/2035	115000000	 18,787,319 	 4,158,191.51 	18646888.55	17528398.39	99.2525	93.2990946	-1118490.17	7/31/2026	Model2501	100	LMMSOFRFLAT	RFRSwap	4.76	2.70	3.17	-0.06	0.030	 5,574 	0.17	0.27	0.62	1.62	0.46	0.03	0.01	3.3	8.8	48.9	33	0.16	18.90	3.14	78.00	167325.75	NA	NA	2.28	0.02	8.35	2.78	0.03	5.77	3.00	0.03	2.93	3.32	0.03	-2.99	3.39	0.03	-5.99	3.35	0.03	-8.89
PUB_HTM	613901	31418DNA6	Agency MBS 15yr	G-2-Q	FANNIE MAE	0.16114908	2.5	4/1/2035	50000000	 8,057,454 	 1,842,752.22 	7996513.98	7507978.54	99.2437	93.1805325	-488535.44	7/31/2026	Model2501	100	LMMSOFRFLAT	RFRSwap	4.77	2.70	3.21	-0.06	0.030	 2,417 	0.17	0.27	0.61	1.63	0.50	0.03	0.01	3.4	9.0	49.9	34	0.16	19.43	3.23	77.00	166882.02	NA	NA	2.30	0.02	8.45	2.81	0.03	5.84	3.04	0.03	2.97	3.37	0.03	-3.03	3.46	0.03	-6.07	3.42	0.03	-9.03
PUB_HTM	614344	31418DRW4	Agency MBS 30yr	G-2-Q	FANNIE MAE	0.53336866	2	8/1/2050	125000000	 66,671,083 	 5,237,125.08 	62618523.2	52468498.35	93.9216	78.6975348	-10150024.85	7/31/2026	Model2501	100	LMMSOFRFLAT	RFRSwap	5.43	2.84	7.54	0.12	0.059	 39,621 	0.03	0.07	0.22	1.15	3.39	2.49	0.21	8.7	5.7	78.5	69	0.53	7.72	2.98	73.00	299665.47	NA	NA	5.24	0.05	17.25	6.33	0.06	11.82	7.00	0.06	5.95	7.96	0.06	-5.89	8.09	0.05	-11.53	7.91	0.05	-16.72
PUB_HTM	613685	31418DSH6	Agency MBS 30yr	G-2-Q	FANNIE MAE	0.56437607	2	9/1/2050	150000000	 84,656,411 	 6,537,034.10 	79551182.78	66745689.96	93.9695	78.8430428	-12805492.82	7/31/2026	Model2501	100	LMMSOFRFLAT	RFRSwap	5.41	2.83	7.53	0.12	0.059	 50,335 	0.03	0.07	0.22	1.15	3.39	2.48	0.20	8.7	5.6	75.8	66	0.56	6.92	2.94	72.00	302802.63	NA	NA	5.21	0.05	17.25	6.32	0.06	11.82	6.99	0.06	5.95	7.94	0.06	-5.89	8.06	0.05	-11.53	7.87	0.05	-16.70
PUB_HTM	613752	31418DSZ6	Agency MBS Other	G-2-Q	FANNIE MAE	0.33128945	2.5	9/1/2050	13839363	 4,584,835 	 403,070.39 	4365329.01	3707836.32	95.2123	80.8717513	-657492.68	7/31/2026	Model2501	100	LMMSOFRFLAT	RFRSwap	5.47	3.14	7.54	0.00	0.061	 2,805 	0.03	0.06	0.22	1.11	3.32	2.59	0.24	9.1	5.3	80.6	69	0.33	15.10	3.31	72.00	538084.31	NA	NA	4.50	0.04	17.09	6.02	0.06	11.96	6.89	0.06	6.08	7.93	0.06	-6.06	8.05	0.06	-11.84	7.86	0.05	-17.14
PUB_HTM	613619	31418DTQ5	Agency MBS 30yr	G-2-Q	FANNIE MAE	0.59626816	2	10/1/2050	100000000	 59,626,816 	 4,517,355.32 	56008798.53	47065056.87	93.9322	78.9327018	-8943741.67	7/31/2026	Model2501	100	LMMSOFRFLAT	RFRSwap	5.35	2.83	7.59	0.12	0.060	 35,807 	0.03	0.07	0.22	1.13	3.38	2.56	0.22	8.8	5.6	70.0	60	0.60	6.20	2.90	71.00	312753.38	NA	NA	5.21	0.05	17.38	6.35	0.06	11.92	7.04	0.06	6.01	8.00	0.06	-5.95	8.12	0.05	-11.63	7.93	0.05	-16.84
PUB_HTM	614389	31418DUG5	Agency MBS 30yr	G-2-Q	FANNIE MAE	0.61057689	2	11/1/2050	100000000	 61,057,689 	 4,604,466.30 	57348641.46	48175561.56	93.9253	78.9017114	-9173079.9	7/31/2026	Model2501	100	LMMSOFRFLAT	RFRSwap	5.36	2.83	7.60	0.11	0.060	 36,667 	0.03	0.07	0.22	1.13	3.38	2.56	0.22	8.8	5.6	70.3	61	0.61	5.92	2.90	70.00	303939.63	NA	NA	5.24	0.05	17.41	6.36	0.06	11.93	7.05	0.06	6.01	8.00	0.06	-5.95	8.12	0.05	-11.63	7.93	0.05	-16.84
PUB_HTM	613910	31418DV25	Agency MBS 20yr	G-2-Q	FANNIE MAE	0.56803353	2	1/1/2041	25000000	 14,200,838 	 1,461,650.13 	13487635.01	12229269.6	94.9777	86.1165333	-1258365.4	7/31/2026	Model2501	100	LMMSOFRFLAT	RFRSwap	5.03	3.00	5.26	0.03	0.045	 6,444 	0.08	0.14	0.38	1.66	2.63	0.34	0.03	5.7	6.5	60.4	44	0.57	5.39	2.85	68.00	214864.08	NA	NA	3.71	0.04	12.96	4.49	0.04	8.92	4.93	0.04	4.52	5.45	0.04	-4.51	5.48	0.04	-8.87	5.37	0.04	-12.96
PUB_HTM	614467	31418DV66	Agency MBS 30yr	G-2-Q	FANNIE MAE	0.6984961	1.5	1/1/2051	25000000	 17,462,403 	 1,135,052.72 	15834082.08	13035284.15	90.6753	74.6477133	-2798797.93	7/31/2026	Model2501	100	LMMSOFRFLAT	RFRSwap	5.46	2.74	8.08	0.25	0.060	 10,555 	0.03	0.05	0.19	1.08	3.56	2.91	0.29	9.1	5.2	80.0	72	0.70	3.78	2.52	68.00	313461.69	NA	NA	6.07	0.06	18.18	7.01	0.06	12.25	7.60	0.06	6.11	8.40	0.06	-5.94	8.42	0.05	-11.51	8.17	0.05	-16.55
PUB_HTM	613082	31418DVH2	Agency MBS Other	G-2-Q	FANNIE MAE	0.66059925	2	12/1/2050	66282470	 43,786,150 	 2,674,328.79 	40680071.95	33490055.82	92.9063	76.4855002	-7190016.13	7/31/2026	Model2501	100	LMMSOFRFLAT	RFRSwap	5.57	2.92	8.02	0.38	0.061	 26,908 	0.03	0.06	0.18	1.05	3.52	2.91	0.29	9.4	4.8	91.9	81	0.66	4.73	2.81	69.00	540265.69	NA	NA	5.69	0.05	18.15	6.87	0.06	12.39	7.48	0.06	6.20	8.25	0.06	-5.99	8.24	0.05	-11.60	7.96	0.05	-16.67
PUB_HTM	614072	31418DX80	Agency MBS 15yr	G-2-Q	FANNIE MAE	0.52302615	1.5	4/1/2036	205000000	 107,220,361 	 16,191,575.30 	103213543.2	94788349.49	96.263	88.4051768	-8425193.71	7/31/2026	Model2501	100	LMMSOFRFLAT	RFRSwap	4.85	2.49	3.90	0.04	0.035	 37,049 	0.13	0.22	0.54	1.90	1.05	0.05	0.02	4.0	6.4	56.0	38	0.52	4.80	2.11	65.00	217135.95	NA	NA	3.14	0.03	10.14	3.53	0.03	6.88	3.75	0.03	3.46	3.98	0.03	-3.43	3.95	0.03	-6.74	3.85	0.03	-9.88
PUB_HTM	613631	31418DX98	Agency MBS 15yr	G-2-Q	FANNIE MAE	0.48740325	2	4/1/2036	40000000	 19,496,130 	 3,328,956.75 	19096793.91	17647786.33	97.9517	90.519433	-1449007.58	7/31/2026	Model2501	100	LMMSOFRFLAT	RFRSwap	4.79	2.54	3.76	-0.01	0.034	 6,642 	0.13	0.23	0.55	1.84	0.95	0.04	0.01	3.9	7.1	49.6	32	0.49	6.14	2.44	65.00	193841.67	NA	NA	2.91	0.03	9.83	3.34	0.03	6.71	3.58	0.03	3.39	3.87	0.03	-3.40	3.88	0.03	-6.73	3.80	0.03	-9.89
PUB_HTM	614307	31418DXC1	Agency MBS Other	G-2-Q	FANNIE MAE	0.51785784	2.5	2/1/2051	7795645	 4,037,036 	 272,188.19 	3825479.8	3264754.96	94.7596	80.8701002	-560724.84	7/31/2026	Model2501	100	LMMSOFRFLAT	RFRSwap	5.40	3.19	7.71	0.08	0.063	 2,523 	0.03	0.06	0.21	1.07	3.32	2.76	0.28	9.3	5.2	72.5	62	0.52	9.25	3.37	68.00	585837.50	NA	NA	4.60	0.05	17.41	6.16	0.06	12.20	7.02	0.06	6.21	8.08	0.06	-6.18	8.19	0.06	-12.05	7.98	0.05	-17.43
PUB_HTM	614654	31418DXK3	Agency MBS 30yr	G-2-Q	FANNIE MAE	0.66025888	2	3/1/2051	75000000	 49,519,416 	 3,720,165.76 	46468091.98	38967428.08	93.8381	78.6912109	-7500663.9	7/31/2026	Model2501	100	LMMSOFRFLAT	RFRSwap	5.33	2.83	7.74	0.13	0.061	 30,244 	0.03	0.06	0.21	1.09	3.37	2.73	0.27	9.0	5.5	66.2	57	0.66	5.08	2.83	66.00	317738.84	NA	NA	5.32	0.05	17.72	6.46	0.06	12.13	7.18	0.06	6.12	8.14	0.06	-6.04	8.23	0.06	-11.78	8.02	0.05	-17.02
PUB_HTM	613152	31418DXL1	Agency MBS 30yr	G-2-Q	FANNIE MAE	0.54790616	2.5	3/1/2051	79830629	 43,739,693 	 3,967,099.81 	42071261.77	36081120.55	96.1855	82.4905658	-5990141.22	7/31/2026	Model2501	100	LMMSOFRFLAT	RFRSwap	5.38	3.04	7.14	-0.04	0.059	 25,841 	0.04	0.08	0.25	1.14	3.13	2.32	0.20	8.5	6.3	72.6	63	0.55	8.40	3.37	66.00	279996.53	NA	NA	4.60	0.05	16.60	5.79	0.05	11.52	6.55	0.06	5.87	7.67	0.06	-5.91	7.89	0.06	-11.69	7.75	0.05	-17.04
PUB_HTM	614000	31418DXZ0	Agency MBS Other	G-2-Q	FANNIE MAE	0.72097573	2	3/1/2051	25000000	 18,024,393 	 1,040,733.79 	16658575.08	13785924.72	92.4224	76.4848199	-2872650.36	7/31/2026	Model2501	100	LMMSOFRFLAT	RFRSwap	5.47	2.96	8.14	0.46	0.062	 11,240 	0.03	0.06	0.18	1.01	3.48	3.07	0.33	9.6	4.5	82.0	70	0.72	3.50	2.72	66.00	586340.38	NA	NA	5.68	0.05	18.41	6.97	0.06	12.59	7.62	0.06	6.31	8.34	0.06	-6.07	8.30	0.05	-11.72	7.99	0.05	-16.81
HTM	614343	31418DY71	Agency MBS 20yr	G-2-Q	FANNIE MAE	0.6271624	2	5/1/2041	110000000	 68,987,864 	 7,736,521.39 	70155133.09	59262754.43	101.692	85.9031589	-10892378.65	7/31/2026	Model2501	100	LMMSOFRFLAT	RFRSwap	5.00	1.67	5.39	0.06	0.046	 31,990 	0.08	0.14	0.37	1.63	2.75	0.40	0.04	5.8	6.2	56.9	40	0.63	4.20	2.67	64.00	221653.89	NA	NA	3.78	0.04	13.27	4.60	0.04	9.14	5.07	0.05	4.63	5.56	0.05	-4.60	5.56	0.04	-9.01	5.45	0.04	-13.14
HTM	614722	31418DYB2	Agency MBS 30yr	G-2-Q	FANNIE MAE	0.68044666	2	4/1/2051	215050000	 146,330,054 	 11,680,045.52 	146945973.8	115128026.5	100.4209	78.676952	-31817947.24	7/31/2026	Model2501	100	LMMSOFRFLAT	RFRSwap	5.31	1.94	7.79	0.14	0.061	 89,836 	0.03	0.06	0.21	1.09	3.37	2.77	0.28	9.1	5.5	64.0	55	0.68	4.65	2.79	65.00	320258.59	NA	NA	5.33	0.05	17.80	6.49	0.06	12.19	7.21	0.06	6.15	8.17	0.06	-6.06	8.26	0.06	-11.82	8.04	0.05	-17.08
HTM	614294	31418EAB6	Agency MBS 20yr	G-2-Q	FANNIE MAE	0.67298254	2	12/1/2041	34894186	 23,483,178 	 2,594,397.75 	23625145.3	20048128.85	100.6045	85.3722989	-3577016.45	7/31/2026	Model2501	100	LMMSOFRFLAT	RFRSwap	5.04	1.87	5.56	0.05	0.048	 11,177 	0.07	0.13	0.35	1.59	2.88	0.50	0.04	6.0	6.3	58.7	43	0.67	3.94	2.73	57.00	221705.17	NA	NA	3.85	0.04	13.56	4.71	0.04	9.36	5.21	0.05	4.75	5.77	0.05	-4.72	5.78	0.04	-9.27	5.65	0.04	-13.51
PUB_HTM	612763	31418EAR1	Agency MBS 15yr	G-2-Q	FANNIE MAE	0.60271631	1.5	1/1/2037	300000000	 180,814,893 	 27,181,814.28 	173878579.8	159633948.8	96.1639	88.2858409	-14244631.07	7/31/2026	Model2501	100	LMMSOFRFLAT	RFRSwap	4.67	2.46	4.18	0.02	0.037	 66,800 	0.11	0.20	0.51	1.88	1.41	0.06	0.02	4.3	6.5	35.8	17	0.60	3.97	2.11	56.00	215496.80	NA	NA	3.29	0.03	10.77	3.73	0.04	7.33	3.99	0.04	3.69	4.28	0.04	-3.67	4.27	0.03	-7.23	4.17	0.03	-10.59
PUB_HTM	612884	31418EAW0	Agency MBS 20yr	G-2-Q	FANNIE MAE	0.67738528	2	1/1/2042	144870069	 98,132,852 	 10,689,748.72 	92757383.25	83696596.85	94.5223	85.2890698	-9060786.39	7/31/2026	Model2501	100	LMMSOFRFLAT	RFRSwap	5.06	3.04	5.57	0.03	0.048	 46,727 	0.07	0.13	0.35	1.59	2.88	0.51	0.04	6.0	6.4	60.3	45	0.68	3.99	2.80	56.00	217452.19	NA	NA	3.84	0.04	13.54	4.70	0.04	9.35	5.21	0.05	4.75	5.79	0.05	-4.73	5.81	0.04	-9.29	5.69	0.04	-13.55
HTM	612883	31418EAW0	Agency MBS 20yr	G-2-Q	FANNIE MAE	0.67738528	2	1/1/2042	40000000	 27,095,411 	 3,164,140.59 	27332039.97	23109424.17	100.8733	85.2890698	-4222615.8	7/31/2026	Model2501	100	LMMSOFRFLAT	RFRSwap	5.06	1.82	5.57	0.03	0.048	 12,902 	0.07	0.13	0.35	1.59	2.88	0.51	0.04	6.0	6.4	60.3	45	0.68	3.99	2.80	56.00	217452.19	NA	NA	3.84	0.04	13.54	4.70	0.04	9.35	5.21	0.05	4.75	5.79	0.05	-4.73	5.81	0.04	-9.29	5.69	0.04	-13.55
PUB_HTM	614010	31418EBE9	Agency MBS 15yr	G-2-Q	FANNIE MAE	0.57991538	2	2/1/2037	196828119	 114,143,653 	 18,362,892.48 	111742137.4	103312078.6	97.8961	90.5105764	-8430058.71	7/31/2026	Model2501	100	LMMSOFRFLAT	RFRSwap	4.61	2.52	4.02	-0.06	0.036	 41,643 	0.12	0.21	0.52	1.80	1.31	0.05	0.02	4.2	7.4	29.3	12	0.58	5.20	2.57	55.00	198984.56	NA	NA	2.93	0.03	10.34	3.48	0.03	7.12	3.79	0.04	3.62	4.21	0.04	-3.67	4.24	0.04	-7.27	4.15	0.03	-10.71
HTM	613973	31418EBJ8	Agency MBS 20yr	G-2-Q	FANNIE MAE	0.6803799	2	2/1/2042	164022684	 111,597,737 	 12,343,621.78 	110512992.3	95100667.45	99.028	85.2173796	-15412324.88	7/31/2026	Model2501	100	LMMSOFRFLAT	RFRSwap	5.06	2.16	5.60	0.03	0.048	 53,403 	0.07	0.13	0.35	1.58	2.91	0.53	0.04	6.1	6.4	59.7	45	0.68	4.10	2.82	55.00	226971.09	NA	NA	3.78	0.04	13.55	4.69	0.04	9.38	5.23	0.05	4.76	5.82	0.05	-4.75	5.85	0.04	-9.34	5.72	0.04	-13.61
PUB_HTM	614824	31418ECD0	Agency MBS 15yr	G-2-Q	FANNIE MAE	0.58912234	2	3/1/2037	30000000	 17,673,670 	 2,814,955.94 	17301893.1	15976752.02	97.8964	90.398609	-1325141.08	7/31/2026	Model2501	100	LMMSOFRFLAT	RFRSwap	4.63	2.52	4.05	-0.06	0.037	 6,484 	0.12	0.21	0.51	1.80	1.34	0.05	0.02	4.2	7.4	30.7	14	0.59	5.12	2.59	54.00	196849.52	NA	NA	2.95	0.03	10.40	3.50	0.03	7.16	3.81	0.04	3.64	4.24	0.04	-3.69	4.27	0.04	-7.32	4.19	0.03	-10.77
PUB_HTM	614258	31418ECH1	Agency MBS 20yr	G-2-Q	FANNIE MAE	0.66833247	2.5	3/1/2042	29775603	 19,900,002 	 2,341,295.48 	19357572.63	17503473.32	97.2742	87.9571422	-1854099.31	7/31/2026	Model2501	100	LMMSOFRFLAT	RFRSwap	5.00	3.01	5.41	-0.07	0.048	 9,490 	0.08	0.14	0.37	1.53	2.75	0.50	0.03	6.0	6.8	53.9	38	0.67	4.75	3.12	54.00	215319.70	NA	NA	3.25	0.03	13.05	4.37	0.04	9.19	4.98	0.05	4.71	5.69	0.05	-4.77	5.77	0.05	-9.43	5.67	0.04	-13.81
HTM	613935	31418ECH1	Agency MBS 20yr	G-2-Q	FANNIE MAE	0.66833247	2.5	3/1/2042	74027941	 49,475,277 	 5,965,152.15 	49247802.44	43517039.44	99.5402	87.9571422	-5730762.99	7/31/2026	Model2501	100	LMMSOFRFLAT	RFRSwap	5.00	2.57	5.41	-0.07	0.048	 23,593 	0.08	0.14	0.37	1.53	2.75	0.50	0.03	6.0	6.8	53.9	38	0.67	4.75	3.12	54.00	215319.70	NA	NA	3.25	0.03	13.05	4.37	0.04	9.19	4.98	0.05	4.71	5.69	0.05	-4.77	5.77	0.05	-9.43	5.67	0.04	-13.81
PUB_HTM	614180	31418ECV0	Agency MBS 15yr	G-2-Q	FANNIE MAE	0.58158438	2.5	4/1/2037	25147159	 14,625,195 	 2,585,049.43 	14508260.31	13533343.17	99.2005	92.5344468	-974917.14	7/31/2026	Model2501	100	LMMSOFRFLAT	RFRSwap	4.54	2.68	3.93	-0.10	0.036	 5,328 	0.13	0.21	0.52	1.71	1.30	0.04	0.01	4.2	8.2	21.6	5	0.58	5.85	3.07	53.00	210136.00	NA	NA	2.48	0.03	9.94	3.25	0.03	6.99	3.65	0.04	3.59	4.16	0.04	-3.68	4.26	0.04	-7.37	4.21	0.03	-10.91
HTM	613962	31418ECZ1	Agency MBS 20yr	G-2-Q	FANNIE MAE	0.69014669	2.5	4/1/2042	78691946	 54,308,986 	 6,637,163.19 	53959751.3	47759809.82	99.3569	87.9408976	-6199941.48	7/31/2026	Model2501	100	LMMSOFRFLAT	RFRSwap	5.00	2.60	5.40	-0.08	0.048	 25,863 	0.08	0.14	0.38	1.53	2.75	0.50	0.03	6.0	6.8	53.9	39	0.69	4.27	3.19	53.00	217800.81	NA	NA	3.16	0.03	12.95	4.34	0.04	9.15	4.97	0.05	4.70	5.69	0.05	-4.77	5.78	0.05	-9.43	5.69	0.04	-13.82
HTM	613709	31418EKP4	Agency MBS 20yr	G-2-Q	FANNIE MAE	0.63334151	4.5	11/1/2042	37213641	 23,568,944 	 4,205,241.43 	23089346.39	22873637.29	97.9651	97.0499047	-215709.1	7/31/2026	Model2501	100	LMMSOFRFLAT	RFRSwap	5.13	4.93	4.07	-0.54	0.040	 9,343 	0.15	0.25	0.51	1.20	1.73	0.26	-0.01	5.3	9.0	59.1	51	0.63	8.37	4.99	47.00	234728.59	NA	NA	1.05	0.01	7.14	1.52	0.02	5.98	3.09	0.03	3.61	4.69	0.04	-4.19	5.14	0.05	-8.68	5.35	0.05	-13.24
HTM	613355	31418EL73	Agency MBS 15yr	G-2-Q	FANNIE MAE	0.51866297	4.5	11/1/2037	96021570	 49,802,833 	 11,396,986.94 	49322204.82	48829621.23	99.0349	98.0458713	-492583.59	7/31/2026	Model2501	100	LMMSOFRFLAT	RFRSwap	5.04	4.74	3.14	-0.34	0.031	 15,406 	0.20	0.30	0.57	1.26	0.85	-0.01	0.00	3.8	11.2	65.0	54	0.52	11.27	5.00	46.00	213812.11	NA	NA	1.14	0.01	6.23	1.54	0.02	4.96	2.52	0.03	2.87	3.52	0.03	-3.23	3.83	0.04	-6.67	4.04	0.04	-10.23
HTM	613253	31418ELD0	Agency MBS 15yr	G-2-Q	FANNIE MAE	0.47683981	4.5	10/1/2037	26064123	 12,428,411 	 3,322,088.09 	12331795.35	12185556.19	99.2226	98.0459669	-146239.16	7/31/2026	Model2501	100	LMMSOFRFLAT	RFRSwap	5.05	4.69	3.11	-0.35	0.031	 3,804 	0.20	0.29	0.56	1.26	0.82	-0.01	0.00	3.7	11.7	66.2	56	0.48	12.85	5.02	47.00	189717.78	NA	NA	1.15	0.01	6.21	1.56	0.02	4.92	2.50	0.03	2.83	3.47	0.03	-3.20	3.77	0.03	-6.59	3.98	0.04	-10.09
HTM	613070	31418ELQ1	Agency MBS 15yr	G-2-Q	FANNIE MAE	0.51586313	4.5	12/1/2037	52062836	 26,857,298 	 7,623,661.25 	26613773.89	26324584.81	99.0933	98.0165066	-289189.07	7/31/2026	Model2501	100	LMMSOFRFLAT	RFRSwap	5.05	4.72	3.14	-0.34	0.031	 8,290 	0.19	0.30	0.57	1.27	0.83	-0.02	0.00	3.8	11.1	66.2	56	0.52	11.83	5.01	45.00	211682.34	NA	NA	1.10	0.01	6.19	1.52	0.02	4.95	2.52	0.03	2.86	3.51	0.03	-3.23	3.82	0.04	-6.66	4.03	0.04	-10.21
AFS	613861	31418EM72	Agency MBS 20yr	G-2-Q	FANNIE MAE	0.55714998	5	12/1/2042	45289448	 25,233,015 	 4,826,731.45 	24834668.31	24989906.76	98.4213	99.0365468	155238.45	7/31/2026	Model2501	100	LMMSOFRFLAT	RFRSwap	5.20	5.34	3.67	-0.76	0.036	 9,202 	0.18	0.29	0.52	1.08	1.44	0.19	-0.02	5.0	10.0	59.5	59	0.56	11.96	5.61	46.00	214789.70	NA	NA	1.18	0.01	6.20	1.26	0.01	5.02	2.47	0.03	3.16	4.36	0.04	-3.94	4.88	0.04	-8.26	5.20	0.05	-12.76
AFS	614073	31418R5D9	Agency MBS ARM	G-2-Q	FANNIE MAE	0.00667575	5.96	4/1/2040	10090835	 67,364 	 13,731.49 	69562.57	69234.15	103.2639	102.7763538	-328.43	7/31/2026	Model2501	100	LMMSOFRFLAT	RFRSwap	5.93	5.80	0.95	-0.32	0.010	 7 	0.21	-0.06	0.11	0.17	0.41	0.03	-0.01	4.7	11.7	149.9	142	0.01	24.30	6.38	195.00	67363.89	NEW RESIDENTIAL MORTGAGE LLC	100.00	1.14	0.01	2.67	0.80	0.01	1.69	0.78	0.01	0.88	1.50	0.02	-1.20	2.36	0.02	-3.16	2.95	0.03	-5.80
AFS	613519	31418R5H0	Agency MBS ARM	G-2-Q	FANNIE MAE	0.01149697	5.96	4/1/2040	15127546	 173,921 	 8,112.15 	179646.72	180006.02	103.2922	103.4987634	359.3	7/31/2026	Model2501	100	LMMSOFRFLAT	RFRSwap	5.48	5.54	0.78	-0.27	0.008	 14 	0.26	0.10	0.25	0.10	0.13	-0.09	-0.04	3.7	16.1	105.4	105	0.01	21.73	6.38	195.00	173920.94	NEW RESIDENTIAL MORTGAGE LLC	100.00	0.77	0.01	1.79	0.47	0.00	1.15	0.52	0.01	0.66	1.29	0.01	-1.02	2.18	0.02	-2.79	2.88	0.03	-5.33
AFS	614127	31418SPY9	Agency MBS 30yr	G-2-Q	FANNIE MAE	0.06136459	4.5	5/1/2040	2212292	 135,756 	 51,857.91 	144536.63	131902.02	106.4676	97.1608148	-12634.62	7/31/2026	Model2501	100	LMMSOFRFLAT	RFRSwap	5.16	3.02	4.09	0.04	0.040	 54 	0.14	0.21	0.48	1.43	1.75	0.09	0.00	5.0	7.6	82.3	59	0.06	13.56	4.99	196.00	67878.20	NA	NA	2.59	0.03	11.09	3.45	0.04	7.83	3.90	0.04	3.99	4.18	0.04	-3.96	4.26	0.04	-7.83	4.36	0.04	-11.61
AFS	614699	31418VBG6	Agency MBS 30yr	G-2-Q	FANNIE MAE	0.16819882	4.5	6/1/2040	1253441	 210,827 	 12,083.17 	224927.64	204803.37	106.6881	97.1427175	-20124.28	7/31/2026	Model2501	100	LMMSOFRFLAT	RFRSwap	5.13	3.06	4.24	-0.04	0.041	 87 	0.13	0.21	0.48	1.38	1.88	0.17	-0.01	5.3	7.9	75.6	53	0.17	8.03	4.94	195.00	106233.69	NA	NA	1.84	0.02	10.43	3.13	0.03	7.77	3.90	0.04	4.08	4.41	0.04	-4.13	4.57	0.04	-8.23	4.71	0.04	-12.28
AFS	613598	31418VUR1	Agency MBS 30yr	G-2-Q	FANNIE MAE	0.03109114	4	8/1/2040	40247677	 1,251,346 	 335,108.07 	1252225.79	1192313.47	100.0703	95.2824656	-59912.32	7/31/2026	Model2501	100	LMMSOFRFLAT	RFRSwap	5.07	3.96	4.26	-0.04	0.041	 510 	0.13	0.21	0.48	1.40	1.90	0.15	0.00	5.2	7.6	70.3	48	0.03	17.16	4.62	193.00	150269.05	NA	NA	1.83	0.02	10.37	3.21	0.03	7.72	3.94	0.04	4.03	4.46	0.04	-4.08	4.66	0.04	-8.16	4.80	0.04	-12.21
AFS	614200	31419A4N4	Agency MBS 30yr	G-2-Q	FANNIE MAE	0.0574537	3.5	2/1/2041	154822286	 8,895,113 	 1,327,304.87 	8987739.98	8274861.74	101.0413	93.0270541	-712878.23	7/31/2026	Model2501	100	LMMSOFRFLAT	RFRSwap	5.11	3.25	4.35	0.00	0.041	 3,614 	0.13	0.20	0.47	1.46	1.96	0.15	0.00	5.2	7.3	75.3	53	0.06	14.30	4.06	189.00	135096.59	NA	NA	2.36	0.02	11.03	3.58	0.04	7.91	4.11	0.04	4.05	4.55	0.04	-4.06	4.75	0.04	-8.12	4.82	0.04	-12.12
AFS	614250	31419BBF1	Agency MBS 30yr	G-2-Q	FANNIE MAE	0.06022534	3.5	2/1/2041	25497818	 1,535,615 	 243,538.99 	1540921.02	1419336.72	100.3455	92.4279162	-121584.3	7/31/2026	Model2501	100	LMMSOFRFLAT	RFRSwap	5.25	3.40	4.39	0.00	0.041	 625 	0.12	0.19	0.46	1.46	1.99	0.16	0.01	5.2	7.2	88.5	66	0.06	14.13	4.03	187.00	131857.80	NA	NA	2.47	0.03	11.15	3.65	0.04	7.95	4.15	0.04	4.06	4.59	0.04	-4.07	4.80	0.04	-8.14	4.86	0.04	-12.14
AFS	614132	31419C2C6	Agency MBS 30yr	G-2-Q	FANNIE MAE	0.0317043	3.5	9/1/2040	53962464	 1,710,842 	 165,631.73 	1717285.9	1591684.06	100.3766	93.0351207	-125601.85	7/31/2026	Model2501	100	LMMSOFRFLAT	RFRSwap	5.14	3.39	4.24	0.01	0.040	 677 	0.13	0.20	0.47	1.46	1.86	0.12	0.00	5.1	7.5	79.2	56	0.03	17.22	4.40	191.00	124677.24	NA	NA	2.32	0.02	10.73	3.48	0.04	7.71	4.01	0.04	3.95	4.41	0.04	-3.95	4.61	0.04	-7.89	4.73	0.04	-11.80
AFS	614482	31419CG80	Agency MBS 30yr	G-2-Q	FANNIE MAE	0.03325125	4.5	9/1/2040	2939913	 97,756 	 5,555.30 	104047.35	92802.1	106.436	94.932596	-11245.25	7/31/2026	Model2501	100	LMMSOFRFLAT	RFRSwap	5.61	3.17	4.49	0.07	0.043	 42 	0.12	0.19	0.45	1.42	2.09	0.21	0.00	5.6	6.9	123.7	100	0.03	17.10	4.88	194.00	97755.78	NA	NA	2.76	0.03	11.96	3.80	0.04	8.45	4.29	0.04	4.29	4.61	0.04	-4.24	4.76	0.04	-8.41	4.84	0.04	-12.49
AFS	613371	31419CYA5	Agency MBS ARM	G-2-Q	FANNIE MAE	0.0051697	6.375	9/1/2040	21799437	 112,697 	 4,979.65 	116836.61	116211.63	103.6736	103.1190703	-624.97	7/31/2026	Model2501	100	LMMSOFRFLAT	RFRSwap	5.78	5.65	1.31	-0.33	0.014	 15 	0.35	0.12	0.24	0.25	0.39	-0.01	-0.03	5.0	9.4	127.4	128	0.01	27.17	7.00	190.00	112696.55	JPMORGAN CHASE BANK, NATIONAL ASSOCIATIO	100.00	1.25	0.01	3.43	0.99	0.01	2.22	1.01	0.01	1.20	1.88	0.02	-1.59	2.76	0.03	-3.93	3.54	0.03	-7.03
AFS	614464	31419DDU2	Agency MBS 30yr	G-2-Q	FANNIE MAE	0.02850401	3.5	10/1/2041	50000000	 1,425,201 	 125,465.07 	1437158.65	1325739.35	100.8391	93.0212522	-111419.3	7/31/2026	Model2501	100	LMMSOFRFLAT	RFRSwap	5.04	3.30	4.55	-0.05	0.042	 605 	0.12	0.19	0.46	1.43	2.13	0.23	0.00	5.5	7.0	65.1	43	0.03	19.14	4.10	178.00	167486.94	NA	NA	2.13	0.02	11.14	3.57	0.04	8.13	4.23	0.04	4.20	4.79	0.04	-4.26	5.02	0.04	-8.53	5.09	0.04	-12.72
AFS	612271	31419E5S4	Agency MBS 30yr	G-2-Q	FANNIE MAE	0.05725824	4	2/1/2041	19643226	 1,124,737 	 111,205.12 	1125811.58	1073179.78	100.0956	95.4161025	-52631.8	7/31/2026	Model2501	100	LMMSOFRFLAT	RFRSwap	5.10	3.95	4.07	-0.01	0.039	 438 	0.14	0.22	0.49	1.40	1.71	0.11	0.00	4.9	8.3	74.4	52	0.06	14.54	4.38	187.00	136751.14	NA	NA	2.04	0.02	10.30	3.24	0.03	7.49	3.82	0.04	3.87	4.24	0.04	-3.90	4.45	0.04	-7.80	4.62	0.04	-11.71
AFS	613118	31419FM86	Agency MBS 30yr	G-2-Q	FANNIE MAE	0.02418822	3.5	10/1/2040	26041669	 629,902 	 95,255.44 	630415.87	585963.13	100.0816	93.0245469	-44452.74	7/31/2026	Model2501	100	LMMSOFRFLAT	RFRSwap	5.10	3.46	4.36	0.01	0.041	 256 	0.13	0.20	0.47	1.45	1.97	0.16	0.00	5.2	7.3	74.0	51	0.02	18.71	4.34	190.00	159468.20	NA	NA	2.33	0.02	11.00	3.56	0.04	7.91	4.11	0.04	4.05	4.55	0.04	-4.06	4.75	0.04	-8.12	4.87	0.04	-12.13
AFS	614118	31419FPC4	Agency MBS ARM	G-2-Q	FANNIE MAE	0.00311738	6.56	9/1/2040	19020625	 59,295 	 246,309.59 	61380.8	61232.12	103.5185	103.267755	-148.69	7/31/2026	Model2501	100	LMMSOFRFLAT	RFRSwap	5.88	5.82	1.23	-0.17	0.013	 8 	0.36	0.09	0.17	0.26	0.34	0.01	-0.02	4.8	11.1	144.2	139	0.00	28.35	7.00	190.00	59294.52	ROCKET MORTGAGE, LLC	100.00	1.46	0.02	3.81	1.19	0.01	2.41	1.11	0.01	1.21	1.59	0.02	-1.41	2.30	0.02	-3.36	2.96	0.03	-6.00
AFS	614183	31419FVS2	Agency MBS 30yr	G-2-Q	FANNIE MAE	0.02802064	3.5	10/1/2040	26473664	 741,809 	 210,461.09 	749441.73	690312.16	101.0289	93.0579365	-59129.57	7/31/2026	Model2501	100	LMMSOFRFLAT	RFRSwap	5.16	3.24	4.21	0.00	0.039	 291 	0.13	0.20	0.48	1.49	1.81	0.09	0.00	5.0	7.1	81.0	58	0.03	17.91	4.11	190.00	132816.86	NA	NA	2.21	0.02	10.59	3.44	0.03	7.63	3.97	0.04	3.91	4.39	0.04	-3.93	4.57	0.04	-7.85	4.63	0.04	-11.71
AFS	614139	31419GQS6	Agency MBS 30yr	G-2-Q	FANNIE MAE	0.0459495	4	9/1/2040	1882395	 86,495 	 5,153.83 	90539.18	82343.96	104.6755	95.2007072	-8195.22	7/31/2026	Model2501	100	LMMSOFRFLAT	RFRSwap	5.05	3.01	4.47	0.08	0.043	 37 	0.12	0.19	0.45	1.43	2.10	0.19	0.00	5.5	6.7	69.2	44	0.05	15.40	4.75	191.00	86495.11	NA	NA	2.76	0.03	11.94	3.78	0.04	8.43	4.27	0.04	4.29	4.57	0.04	-4.22	4.69	0.04	-8.35	4.79	0.04	-12.39
AFS	613057	31419GQT4	Agency MBS 30yr	G-2-Q	FANNIE MAE	0.07774462	4.5	9/1/2040	1640392	 127,532 	 7,268.10 	135163.41	123108.89	105.9842	96.5320285	-12054.52	7/31/2026	Model2501	100	LMMSOFRFLAT	RFRSwap	5.26	3.22	4.30	-0.03	0.042	 53 	0.13	0.21	0.48	1.38	1.93	0.18	0.00	5.4	7.5	88.6	66	0.08	12.62	4.88	192.00	127531.66	NA	NA	1.82	0.02	10.58	3.22	0.03	7.89	3.98	0.04	4.12	4.48	0.04	-4.17	4.64	0.04	-8.30	4.79	0.04	-12.39
AFS	614434	31419GYP3	Agency MBS 30yr	G-2-Q	FANNIE MAE	0.03160267	3.5	10/1/2040	26410496	 834,642 	 128,718.93 	844518.87	776474.6	101.1833	93.0308353	-68044.27	7/31/2026	Model2501	100	LMMSOFRFLAT	RFRSwap	5.12	3.21	4.30	0.01	0.040	 335 	0.13	0.20	0.47	1.45	1.92	0.14	0.00	5.1	7.3	76.7	54	0.03	17.32	4.34	190.00	129011.42	NA	NA	2.37	0.02	10.93	3.54	0.04	7.83	4.07	0.04	4.01	4.48	0.04	-4.01	4.68	0.04	-8.00	4.80	0.04	-11.96
AFS	614789	31419GYQ1	Agency MBS 30yr	G-2-Q	FANNIE MAE	0.04324558	3.5	10/1/2040	22546720	 975,046 	 163,926.60 	979988.94	907092.51	100.5069	93.030742	-72896.43	7/31/2026	Model2501	100	LMMSOFRFLAT	RFRSwap	5.13	3.36	4.28	0.01	0.040	 390 	0.13	0.20	0.47	1.45	1.90	0.13	0.00	5.1	7.4	77.4	55	0.04	15.66	4.38	190.00	126850.47	NA	NA	2.34	0.02	10.85	3.52	0.04	7.78	4.05	0.04	3.99	4.45	0.04	-3.99	4.66	0.04	-7.96	4.79	0.04	-11.91
AFS	613757	31419HSY9	Agency MBS ARM	G-2-Q	FANNIE MAE	0.0161485	6.315	11/1/2040	25127970	 405,779 	 19,948.05 	419333.07	419525.42	103.3403	103.387656	192.36	7/31/2026	Model2501	100	LMMSOFRFLAT	RFRSwap	5.84	5.85	0.56	-0.35	0.006	 24 	-0.37	0.12	0.22	0.27	0.35	-0.01	-0.02	4.7	11.6	134.5	133	0.02	20.64	6.75	189.00	103568.30	NEW RESIDENTIAL MORTGAGE LLC	100.00	0.97	0.01	1.54	0.34	0.00	0.77	0.33	0.00	0.44	1.06	0.01	-0.80	2.48	0.03	-2.49	3.30	0.03	-5.43
AFS	612773	31419JEA2	Agency MBS 30yr	G-2-Q	FANNIE MAE	0.05318445	4	12/1/2040	16180000	 860,524 	 115,501.74 	860524.4	815318.72	100	94.7467291	-45205.68	7/31/2026	Model2501	100	LMMSOFRFLAT	RFRSwap	5.15	3.98	4.45	-0.03	0.042	 364 	0.12	0.19	0.46	1.42	2.06	0.20	0.00	5.5	6.8	77.4	55	0.05	14.72	4.41	188.00	151389.41	NA	NA	1.99	0.02	10.98	3.43	0.04	8.08	4.14	0.04	4.19	4.66	0.04	-4.24	4.85	0.04	-8.46	4.93	0.04	-12.60
AFS	613743	31419KDJ1	Agency MBS 30yr	G-2-Q	FANNIE MAE	0.03713282	4	10/1/2040	3514036	 130,486 	 139,587.07 	136808.22	123783.37	104.8451	94.8632846	-13024.85	7/31/2026	Model2501	100	LMMSOFRFLAT	RFRSwap	5.12	2.99	4.49	-0.04	0.043	 56 	0.12	0.19	0.45	1.40	2.08	0.25	0.00	5.5	7.4	72.0	50	0.04	16.59	4.75	191.00	130486.06	NA	NA	2.26	0.02	11.11	3.43	0.04	8.10	4.14	0.04	4.22	4.71	0.04	-4.28	4.91	0.04	-8.55	5.05	0.04	-12.76
AFS	613508	31419KKG9	Agency MBS 30yr	G-2-Q	FANNIE MAE	0.03362062	3.5	11/1/2040	30028433	 1,009,575 	 168,624.42 	1014720.99	939193.14	100.5098	93.028608	-75527.86	7/31/2026	Model2501	100	LMMSOFRFLAT	RFRSwap	5.11	3.36	4.34	0.02	0.041	 409 	0.13	0.19	0.46	1.45	1.96	0.15	0.00	5.2	7.2	75.2	52	0.03	16.99	4.35	190.00	124022.19	NA	NA	2.43	0.03	11.07	3.59	0.04	7.91	4.11	0.04	4.04	4.51	0.04	-4.04	4.71	0.04	-8.07	4.81	0.04	-12.04
AFS	612394	31419LZY2	Agency MBS 30yr	G-2-Q	FANNIE MAE	0.04786896	4	12/1/2040	25686599	 1,229,591 	 176,125.67 	1226355.46	1171153.65	99.7369	95.2474327	-55201.82	7/31/2026	Model2501	100	LMMSOFRFLAT	RFRSwap	5.07	4.03	4.31	-0.02	0.041	 507 	0.13	0.20	0.47	1.41	1.93	0.16	0.00	5.3	7.4	70.1	47	0.05	15.36	4.56	188.00	137575.88	NA	NA	2.06	0.02	10.78	3.36	0.03	7.89	4.02	0.04	4.09	4.50	0.04	-4.12	4.70	0.04	-8.23	4.83	0.04	-12.30
AFS	613811	31421ATG8	Agency MBS 30yr	G-2-Q	FANNIE MAE	0.04882902	3.5	11/1/2041	3653433	 178,394 	 15,511.87 	180380.41	165962.43	101.1137	93.0316287	-14417.98	7/31/2026	Model2501	100	LMMSOFRFLAT	RFRSwap	5.07	3.24	4.46	0.05	0.042	 74 	0.12	0.19	0.45	1.46	2.06	0.17	0.00	5.3	6.7	71.5	47	0.05	16.19	3.99	178.00	89196.77	NA	NA	2.82	0.03	11.72	3.82	0.04	8.23	4.26	0.04	4.17	4.60	0.04	-4.13	4.76	0.04	-8.21	4.83	0.04	-12.20
AFS	614849	31421ATH6	Agency MBS 30yr	G-2-Q	FANNIE MAE	0.05397029	4	11/1/2041	7299373	 393,949 	 34,589.11 	401690.4	375504.35	101.965	95.3179445	-26186.05	7/31/2026	Model2501	100	LMMSOFRFLAT	RFRSwap	5.08	3.53	4.28	0.02	0.041	 161 	0.13	0.20	0.47	1.52	1.89	0.08	0.00	5.2	6.0	74.0	50	0.05	15.76	4.32	178.00	156596.17	NA	NA	2.40	0.03	11.23	3.57	0.04	8.01	4.06	0.04	4.09	4.43	0.04	-4.08	4.56	0.04	-8.11	4.57	0.04	-12.03
HTM	883612	31426KTB2	Agency MBS 30yr	G-2-Q	FREDDIE MAC	0.69007459	6	4/1/2055	1387401	 957,410 	 -   	978623.65	976064.25	102.2157	101.9483892	-2559.4	7/31/2026	Model2501	100	LMMSOFRFLAT	RFRSwap	5.66	5.62	4.04	-1.63	0.041	 396 	0.19	0.30	0.47	0.96	1.33	0.76	0.06	7.4	10.3	64.1	92	0.69	24.87	6.90	16.00	223684.92	NA	NA	1.13	0.01	5.51	0.78	0.01	4.54	2.03	0.02	3.17	5.35	0.05	-4.77	6.15	0.06	-10.26	6.69	0.06	-16.01
AFS	613287	31426L2A1	Agency MBS 30yr	G-2-Q	FREDDIE MAC	0.81595572	6	3/1/2055	1529245	 1,247,796 	 274,384.52 	1279146.57	1275699.95	102.5125	102.2362422	-3446.63	7/31/2026	Model2501	100	LMMSOFRFLAT	RFRSwap	5.66	5.62	4.33	-1.35	0.044	 555 	0.16	0.30	0.50	1.02	1.49	0.85	0.05	8.1	8.2	65.4	87	0.82	13.99	6.74	18.00	253750.70	NA	NA	1.01	0.01	5.65	0.57	0.01	4.88	2.28	0.02	3.55	5.51	0.05	-4.99	6.28	0.06	-10.60	6.80	0.06	-16.46
HTM	883604	31426NG53	Agency MBS 30yr	G-2-Q	FREDDIE MAC	0.72931543	6	5/1/2055	1342172	 978,867 	 -   	998105.44	995228.26	101.9654	101.6714744	-2877.18	7/31/2026	Model2501	100	LMMSOFRFLAT	RFRSwap	5.64	5.58	3.32	-1.58	0.034	 332 	0.24	0.32	0.46	0.83	0.97	0.49	0.03	6.0	13.5	63.7	95	0.73	22.91	6.96	15.00	206139.58	NA	NA	0.93	0.01	4.25	0.55	0.01	3.50	1.55	0.02	2.51	4.66	0.05	-4.06	5.54	0.05	-8.96	6.23	0.05	-14.30
HTM	883598	31426RAN1	Agency MBS 30yr	G-2-Q	FREDDIE MAC	0.78789428	6	6/1/2055	1370931	 1,080,149 	 -   	1100059.24	1096859.8	101.8433	101.5471118	-3199.44	7/31/2026	Model2501	100	LMMSOFRFLAT	RFRSwap	5.65	5.58	3.56	-1.40	0.036	 392 	0.22	0.30	0.45	0.87	1.11	0.58	0.05	6.1	14.0	71.5	96	0.79	18.90	6.89	14.00	201199.55	NA	NA	1.03	0.01	5.26	0.90	0.01	4.37	2.02	0.02	2.88	4.78	0.05	-4.23	5.62	0.05	-9.21	6.25	0.05	-14.57
HTM	885667	31426RAV3	Agency MBS 30yr	G-2-Q	FREDDIE MAC	0.98585686	5.5	6/1/2055	1164096	 1,147,632 	 -   	1146237.73	1141624.5	99.8785	99.4765282	-4613.23	7/31/2026	Model2501	100	LMMSOFRFLAT	RFRSwap	5.59	5.52	4.41	-1.20	0.044	 505 	0.17	0.29	0.50	1.03	1.48	0.87	0.09	7.3	9.8	67.2	86	0.99	0.16	6.43	15.00	234706.97	NA	NA	1.22	0.01	6.39	0.95	0.01	5.33	2.56	0.03	3.64	5.42	0.05	-4.84	6.12	0.05	-10.19	6.63	0.06	-15.76
HTM	883594	31426RXA4	Agency MBS 30yr	G-2-Q	FREDDIE MAC	0.98700891	6	5/1/2055	1051763	 1,038,099 	 -   	1063555.82	1060775.28	102.4522	102.1843603	-2780.54	7/31/2026	Model2501	100	LMMSOFRFLAT	RFRSwap	5.64	5.59	3.99	-1.44	0.041	 425 	0.18	0.31	0.51	1.00	1.31	0.67	0.04	7.4	9.6	65.3	88	0.99	0.10	6.63	15.00	214642.20	NA	NA	1.03	0.01	5.01	0.49	0.01	4.25	1.93	0.02	3.17	5.17	0.05	-4.66	5.94	0.06	-9.98	6.51	0.06	-15.60
HTM	883807	31426RXB2	Agency MBS 30yr	G-2-Q	FREDDIE MAC	0.94942241	5.5	5/1/2055	1805565	 1,714,244 	 -   	1716077	1707865.97	100.1069	99.6279467	-8211.03	7/31/2026	Model2501	100	LMMSOFRFLAT	RFRSwap	5.56	5.49	4.32	-1.46	0.043	 741 	0.17	0.30	0.49	1.01	1.48	0.86	0.05	7.3	8.5	59.7	81	0.95	3.55	6.39	17.00	295271.94	NA	NA	1.13	0.01	5.68	0.73	0.01	4.72	2.20	0.02	3.40	5.52	0.05	-4.86	6.27	0.06	-10.34	6.79	0.06	-16.04
AFS	620124	31426SJV2	Agency MBS 30yr	G-2-Q	FREDDIE MAC	0.76536035	6.5	7/1/2055	1166943	 893,132 	 284,472.54 	930818.09	925570.16	104.2196	103.6319666	-5247.94	7/31/2026	Model2501	100	LMMSOFRFLAT	RFRSwap	5.443695	5.286793	2.726680279	-1.009627	0.028404819	 254 	0.2659	0.2991	0.4228	0.7184	0.7321	0.2907	0.0075	4.7732	18.9697	66.0671	78.32633	0.76536035	21.1325	7.449	15	146236.7656	NA	NA	1.0848	0.011833954	4.9135104	1.0792	0.011655986	3.8340135	1.747	0.018604219	2.32071856	3.7089	0.037408125	-3.31263177	4.594	0.044446331	-7.42395981	5.3011	0.048798639	-12.12068654
HTM	883812	31426SJW0	Agency MBS 30yr	G-2-Q	FREDDIE MAC	0.80885201	5.5	6/1/2055	1254000	 1,014,300 	 -   	1017470.38	1010667	100.3125	99.6417806	-6803.38	7/31/2026	Model2501	100	LMMSOFRFLAT	RFRSwap	5.561797	5.43655	4.268210411	-1.563178	0.042724837	 433 	0.1828	0.2816	0.4724	0.9763	1.4178	0.8733	0.0962	6.9887	10.9924	56.5461	84.87784	0.80885201	16.8588	6.549	14	213581.4844	NA	NA	1.1037	0.011687451	5.79065191	0.8277	0.008684479	4.8244017	2.2496	0.023270009	3.34228527	5.6015	0.053342178	-4.87153135	6.4259	0.057590611	-10.47694838	6.9793	0.058483984	-16.30388949
HTM	883586	31426VAH5	Agency MBS 30yr	G-2-Q	FREDDIE MAC	0.72711869	6	7/1/2055	1085316	 789,154 	 -   	805241.97	803049.01	102.0387	101.7608059	-2192.96	7/31/2026	Model2501	100	LMMSOFRFLAT	RFRSwap	5.636548	5.581367	3.856378078	-1.294598	0.039435633	 311 	0.2029	0.301	0.4618	0.9305	1.3018	0.6366	0.0427	6.5425	12.6099	73.3057	93.48511	0.72711869	26.5315	6.953	13	138998.6406	NA	NA	0.8231	0.008894751	5.80096997	1.0565	0.011328238	4.9633332	2.3084	0.024345407	3.20345319	4.9918	0.048808716	-4.48389128	5.7475	0.053247355	-9.61658996	6.2764	0.05474684	-15.03371691
HTM	883765	31426XTE8	Agency MBS 30yr	G-2-Q	FREDDIE MAC	0.98926526	5.5	7/1/2055	1034523	 1,023,418 	 -   	1019304.24	1013694.18	99.5981	99.0499004	-5610.06	7/31/2026	Model2501	100	LMMSOFRFLAT	RFRSwap	5.660739	5.569347	4.655086517	-1.064832	0.046321947	 474 	0.1538	0.2706	0.4863	1.0421	1.6255	0.9924	0.1123	7.6449	9.0027	75.9099	90.18371	0.98926526	0.0157	6.376	14	228323.5781	NA	NA	1.4187	0.015167311	7.40022829	1.346	0.014213892	6.08892959	2.936	0.03036931	3.92976225	5.6485	0.053362373	-5.03687622	6.3295	0.056306966	-10.54935007	6.7823	0.056491259	-16.2160835
HTM	883580	31427CPT4	Agency MBS 30yr	G-2-Q	FREDDIE MAC	0.90465508	6	9/1/2055	1458667	 1,319,591 	 -   	1343913.83	1340136.14	101.8432	101.5569699	-3777.69	7/31/2026	Model2501	100	LMMSOFRFLAT	RFRSwap	5.64399	5.582229	3.528426886	-1.377543	0.036010053	 475 	0.2207	0.3099	0.4761	0.882	1.0909	0.5334	0.0371	5.962	14.267	71.2498	97.15208	0.90465508	10.4132	6.915	11	176864.375	NA	NA	1.0485	0.011233341	5.0840797	0.7899	0.008395422	4.22656466	1.9597	0.020556694	2.83810942	4.7633	0.046615314	-4.19434036	5.6229	0.052227885	-9.17275778	6.2059	0.054324251	-14.52045582
AFS	681901	31427D7B1	Agency MBS 30yr	G-2-Q	FREDDIE MAC	0.72731788	6.5	10/1/2055	1146573	 833,923 	 327,012.31 	870987.17	864487.03	104.4446	103.665085	-6500.14	7/31/2026	Model2501	100	LMMSOFRFLAT	RFRSwap	5.73788	5.583245	3.575246334	-1.264143	0.037256483	 311 	0.2083	0.2982	0.469	0.914	1.1817	0.5064	0.017	6.5313	13.1378	84.829	102.5244	0.72731788	33.9623	7.378	11	141080.1875	NA	NA	1.1891	0.013044223	5.49094785	0.8379	0.009114688	4.57732509	2.1181	0.02270801	3.00353945	4.7246	0.047208585	-4.2867457	5.4352	0.051604353	-9.26187406	5.8946	0.052875035	-14.50666301
HTM	883823	31427GW34	Agency MBS 30yr	G-2-Q	FREDDIE MAC	0.99019502	5.5	10/1/2055	1115694	 1,104,755 	 -   	1104128.48	1097582.01	99.9433	99.3507484	-6546.48	7/31/2026	Model2501	100	LMMSOFRFLAT	RFRSwap	5.615752	5.506249	4.681281567	-1.165398	0.04672344	 516 	0.1578	0.2592	0.468	1.0343	1.6782	0.998	0.1129	7.4191	10.6384	70.5708	90.06653	0.99019502	0.1685	6.485	10	158536.0938	NA	NA	1.1256	0.012071939	7.43589524	1.4358	0.015223294	6.21525156	2.9938	0.031063385	3.95148909	5.7486	0.054440264	-5.10756791	6.5135	0.057997108	-10.76807028	7.0169	0.058377001	-16.61416373
HTM	885659	3142BBC40	Agency MBS ARM	G-2-Q	FREDDIE MAC	0.8575118	4.902	5/1/2055	38934060	 33,386,416 	 -   	33139849.59	33087157.77	99.2615	99.1036531	-52691.83	7/31/2026	Model2501	100	LMMSOFRFLAT	RFRSwap	5.223809	5.183791	2.958736658	-0.664834	0.029443026	 9,830 	0.183	0.3053	0.5268	1.8638	0.2518	-0.1194	-0.0541	4.6698	17.4401	69.1015	85.8102	0.8575118	10.3807	5.557	14	447246.4375	PENNYMAC LOAN SERVICES, LLC	100	1.3186	0.013796871	5.12161225	1.0736	0.011111549	3.99055167	1.938	0.019772552	2.51439399	3.5166	0.033869434	-3.20013612	3.9134	0.036313079	-6.72017269	4.2389	0.03776136	-10.42880437
HTM	883572	3142GR6Q8	Agency MBS 30yr	G-2-Q	FREDDIE MAC	0.75827697	6	6/1/2054	86355272	 65,481,214 	 -   	67282663.61	67151885.71	102.7511	102.5513756	-130777.9	7/31/2026	Model2501	100	LMMSOFRFLAT	RFRSwap	5.468401	5.428524	3.099035978	-1.721148	0.031935994	 20,912 	0.2426	0.3437	0.4889	0.8194	0.8531	0.387	-0.0078	5.8957	12.9639	44.4058	76.74599	0.75827697	11.493	6.969	26	225509.875	NA	NA	0.8577	0.00913616	3.46367968	0.3791	0.004012574	2.78534935	1.099	0.011564805	2.17907831	4.4465	0.044094339	-3.88537	5.2808	0.049863901	-8.62582982	5.9531	0.053138413	-13.78966691
AFS	620122	3142GU5P4	Agency MBS 30yr	G-2-Q	FREDDIE MAC	0.91670284	5	7/1/2055	1252221	 1,147,915 	 104,257.56 	1147327.57	1123262.49	99.9489	97.852448	-24065.08	7/31/2026	Model2501	100	LMMSOFRFLAT	RFRSwap	5.346149	5.007496	5.278991222	-0.7269326	0.05187618	 595 	0.1097	0.2107	0.4603	1.144	2.0862	1.2084	0.0806	8.0869	8.1757	54.6106	59.64474	0.91670284	7.1611	5.986	15	118715.7188	NA	NA	1.035	0.011122068	9.19435796	1.9484	0.020663342	7.78377424	3.936	0.040532883	4.71107978	6.1003	0.056616377	-5.46043451	6.6863	0.058201067	-11.22444607	7.0485	0.057270143	-17.01743808
HTM	883818	3142GU5Q2	Agency MBS 30yr	G-2-Q	FREDDIE MAC	0.92327827	5.5	7/1/2055	5583377	 5,155,011 	 -   	5177122.98	5148919.73	100.4289	99.8818445	-28203.25	7/31/2026	Model2501	100	LMMSOFRFLAT	RFRSwap	5.521312	5.429236	4.588693142	-1.165048	0.046043031	 2,374 	0.1477	0.2731	0.4994	1.0689	1.6138	0.9277	0.0848	7.6831	9.491	59.8337	77.4867	0.92327827	6.616	6.469	14	165596.1875	NA	NA	0.9856	0.010535344	6.55601972	0.9587	0.010167895	5.71826516	2.7627	0.02878667	3.85908328	5.6458	0.053799175	-5.05010953	6.3849	0.057277441	-10.63231983	6.9202	0.058071271	-16.42458944
HTM	883568	3142GU5R0	Agency MBS 30yr	G-2-Q	FREDDIE MAC	0.88317827	6	7/1/2055	10397640	 9,182,970 	 -   	9367278.19	9342045.35	102.0071	101.7322897	-25232.84	7/31/2026	Model2501	100	LMMSOFRFLAT	RFRSwap	5.693744	5.645592	3.895813227	-1.505845	0.03982779	 3,657 	0.1939	0.3082	0.4908	0.9518	1.2647	0.6755	0.0427	7.1344	10.434	68.9135	95.49574	0.88317827	10.7403	6.84	14	195678.3125	NA	NA	0.9696	0.01039198	4.94690034	0.57	0.006067155	4.21719517	1.8849	0.019841913	3.03472648	5.1445	0.050235938	-4.58212568	5.9311	0.054783277	-9.86602293	6.5072	0.056469582	-15.45231818
HTM	883558	3142GUCQ4	Agency MBS 30yr	G-2-Q	FREDDIE MAC	0.59082763	6	3/1/2055	5024734	 2,968,752 	 -   	3035028.14	3027589.29	102.2325	101.9818974	-7438.85	7/31/2026	Model2501	100	LMMSOFRFLAT	RFRSwap	5.681846	5.64134	3.966991186	-1.740749	0.040654477	 1,207 	0.1836	0.296	0.4962	0.9972	1.2792	0.7134	0.0357	7.5932	9.2926	60.4783	91.86026	0.59082763	31.8836	6.899	18	308029.375	NA	NA	0.9882	0.010595168	4.73435769	0.4909	0.005224184	3.936999	1.6996	0.017925778	2.98725801	5.362	0.052405614	-4.74711176	6.1915	0.057097774	-10.26296806	6.7952	0.05871097	-16.08088878
HTM	883832	3142GUCR2	Agency MBS 30yr	G-2-Q	FREDDIE MAC	0.93089402	5.5	3/1/2055	5944611	 5,533,803 	 -   	5550686.08	5520409.93	100.3051	99.7579802	-30276.15	7/31/2026	Model2501	100	LMMSOFRFLAT	RFRSwap	5.543825	5.457383	4.556766033	-1.368422	0.045666233	 2,527 	0.1544	0.2807	0.4963	1.0353	1.5551	0.9735	0.0924	7.8803	8.5144	55.6846	77.10258	0.93089402	4.1198	6.464	18	280486.6562	NA	NA	1.0767	0.011457183	6.19152326	0.8397	0.008857892	5.2662008	2.4925	0.025900269	3.6950434	5.742	0.054624904	-5.08391837	6.5168	0.058295731	-10.76230976	7.0563	0.058961835	-16.65776204
AFS	613987	3142GUCS0	Agency MBS 30yr	G-2-Q	FREDDIE MAC	0.98230454	5	2/1/2055	4963813	 4,875,976 	 70,399.75 	4809076.66	4738436.58	98.628	97.1792424	-70640.08	7/31/2026	Model2501	100	LMMSOFRFLAT	RFRSwap	5.439524	5.212189	5.298936367	-0.9299409	0.051715452	 2,522 	0.1164	0.2318	0.4634	1.0858	1.9301	1.3308	0.166	8.4724	7.55	55.1041	63.79707	0.98230454	0.0692	5.984	19	294888.5625	NA	NA	1.1691	0.012367199	8.18710254	1.3834	0.014478889	7.0642174	3.6177	0.036953732	4.55170611	6.3049	0.058040589	-5.53938846	7.0174	0.060426224	-11.48672026	7.4158	0.05938904	-17.51101038
HTM	883828	3142GUPG2	Agency MBS 30yr	G-2-Q	FREDDIE MAC	0.96842841	5.5	56735	2895307	2803897.55	0	2815923.35	2800584.29	100.4289	99.8818335	-15339.06	7/31/2026	Model2501	100	LMMSOFRFLAT	RFRSwap	5.525146	5.441655	4.838026047	-1.164526	0.048544832	 1,361 	0.1314	0.2578	0.4905	1.0924	1.7378	1.0753	0.0861	8.3776	7.4799	57.8591	72.73383	0.96842841	1.5563	6.308	16	241191.1875	NA	NA	0.9449	0.010105183	6.59893308	0.7774	0.00825569	5.85394565	2.8766	0.03003403	4.06894763	5.9346	0.056397609	-5.30816011	6.6564	0.059384417	-11.12648234	7.1063	0.059161253	-17.08818795
HTM	883848	3142GVBC4	Agency MBS 30yr	G-2-Q	FREDDIE MAC	0.97837804	5.5	56796	2499251	2445212.29	0	2450390.25	2437024.86	100.2118	99.6651647	-13365.39	7/31/2026	Model2501	100	LMMSOFRFLAT	RFRSwap	5.558551	5.475993	4.698932171	-1.477877	0.047047354	 1,150 	0.1458	0.2768	0.4869	1.0454	1.6234	1.0527	0.1051	8.3138	7.7698	53.1086	76.90993	0.97837804	1.0509	6.507	13	236927.875	NA	NA	0.955	0.010118634	5.83563356	0.5603	0.005896334	5.10545638	2.404	0.024969785	3.74346907	5.9776	0.056705348	-5.26120583	6.7682	0.06022336	-11.14351912	7.3147	0.060640179	-17.22211312
HTM	883551	3142GVBD2	Agency MBS 30yr	G-2-Q	FREDDIE MAC	0.92507034	6	56796	6181537	5718356.53	0	5833127.95	5817415.11	102.0071	101.732291	-15712.84	7/31/2026	Model2501	100	LMMSOFRFLAT	RFRSwap	5.697092	5.649366	3.823735476	-1.445666	0.039090924	 2,235 	0.1991	0.3056	0.4767	0.9361	1.2434	0.6503	0.0415	6.9726	10.4919	69.2162	95.11033	0.92507034	6.515	6.844	13	270424.75	NA	NA	1.1423	0.012274539	5.22232321	0.7121	0.007581755	4.23172105	1.8998	0.019994047	3.0083755	4.9837	0.048722167	-4.46995174	5.699	0.052803002	-9.57990965	6.1976	0.054094717	-14.94912965
AFS	620104	3142GVBE0	Agency MBS 30yr	G-2-Q	FREDDIE MAC	0.84121916	6.5	56796	4021596	3383043.61	673972.09	3565185.1	3540408.28	105.384	104.6515708	-24776.82	7/31/2026	Model2501	100	LMMSOFRFLAT	RFRSwap	5.592565	5.456635	3.139544964	-1.630904	0.033025891	 1,117 	0.2332	0.3284	0.4753	0.84	0.9276	0.3757	-0.0162	6.5173	12.265	59.0857	84.7392	0.84121916	15.0371	7.17	14	165075.4375	NA	NA	0.9172	0.009985329	3.67431916	0.3647	0.003949667	3.109889	1.2561	0.013505599	2.32499903	4.4671	0.045206781	-3.99464431	5.2699	0.050781656	-8.83067044	5.8523	0.053335413	-14.05713378
HTM	883546	3142GVHJ3	Agency MBS 30yr	G-2-Q	FREDDIE MAC	0.94994477	6	56827	1060791	1007692.86	0	1028317.92	1025948.56	102.0468	101.8116336	-2369.36	7/31/2026	Model2501	100	LMMSOFRFLAT	RFRSwap	5.707956	5.669673	3.851431847	-1.823074	0.039404627	 397 	0.1972	0.3119	0.4833	0.9372	1.2496	0.6833	0.023	7.3543	9.3567	62.58	95.01137	0.94994477	4.4597	6.955	13	258167.0469	NA	NA	0.8701	0.009270824	4.23788456	0.3374	0.003572865	3.57216244	1.5124	0.015899505	2.81511145	5.2668	0.051440958	-4.64095524	6.0827	0.056111366	-10.06434791	6.652	0.057566203	-15.77242639
HTM	883844	3142GVHK0	Agency MBS 30yr	G-2-Q	FREDDIE MAC	0.9898779	5.5	56827	1152796	1141127.28	0	1136481.74	1130255.5	99.5929	99.047277	-6226.24	7/31/2026	Model2501	100	LMMSOFRFLAT	RFRSwap	5.660556	5.570158	4.496613979	-1.530072	0.044743828	 511 	0.1677	0.2834	0.4839	1.0007	1.4953	0.9801	0.1165	7.5925	9.1736	62.4136	91.04906	0.9898779	0.0012	6.555	12	326905.8125	NA	NA	1.0364	0.010915584	5.81947588	0.7641	0.007976426	4.89001609	2.2663	0.023344636	3.50069079	5.8067	0.054840568	-5.06215571	6.5922	0.058494192	-10.77281261	7.143	0.059156448	-16.68829812
HTM	883876	3142GVL58	Agency MBS 30yr	G-2-Q	FREDDIE MAC	0.92855484	5.5	56858	3911343	3631896.47	0	3639598.6	3619733.76	100.2121	99.6651141	-19864.84	7/31/2026	Model2501	100	LMMSOFRFLAT	RFRSwap	5.558656	5.473797	4.615603924	-1.504421	0.04621302	 1,678 	0.1552	0.2826	0.4883	1.0364	1.5686	1.0121	0.1095	8.0311	8.3344	52.4721	78.90196	0.92855484	7.4833	6.516	11	247502.8438	NA	NA	1.1338	0.012031554	5.99146497	0.6921	0.00727725	5.02361011	2.3395	0.024274049	3.63476728	5.8971	0.055981703	-5.19250552	6.6611	0.059365626	-11.00021523	7.1755	0.059656717	-16.98358514
HTM	883537	3142GVL66	Agency MBS 30yr	G-2-Q	FREDDIE MAC	0.80962092	6	56858	5137863	4159721.37	0	4243012.53	4232586.82	102.0023	101.7516906	-10425.71	7/31/2026	Model2501	100	LMMSOFRFLAT	RFRSwap	5.680585	5.635561	3.572367668	-1.97278	0.036528062	 1,519 	0.2209	0.3151	0.4607	0.8798	1.1067	0.5878	0.0311	6.7216	11.2213	59.9988	95.55634	0.80962092	21.5638	6.814	11	260624.6406	NA	NA	0.98	0.01045089	4.39228822	0.546	0.005776555	3.5519506	1.5404	0.016152484	2.60652452	5.0564	0.04947567	-4.40470577	5.9235	0.054839086	-9.67208893	6.4983	0.056528047	-15.26273539
HTM	883734	3142GVR60	Agency MBS 30yr	G-2-Q	FREDDIE MAC	0.95930249	5.5	56888	2751058	2639096.79	0	2665941.08	2646603.08	101.0172	100.2844266	-19338	7/31/2026	Model2501	100	LMMSOFRFLAT	RFRSwap	5.465195	5.356042	5.108546257	-0.9898837	0.051464908	 1,358 	0.1144	0.2371	0.4782	1.1281	1.9402	1.1478	0.0898	8.8036	7.4463	55.4665	66.6172	0.95930249	4.3314	6.544	11	189633.0156	NA	NA	1.047	0.011341216	7.58020977	1.0376	0.011148419	6.70542383	3.3221	0.034948442	4.45622509	6.1019	0.058095057	-5.53487953	6.747	0.060226515	-11.47892241	7.1068	0.059173502	-17.47970177
AFS	681905	3142GVR78	Agency MBS 30yr	G-2-Q	FREDDIE MAC	0.98970057	5	56858	910894	901512.31	9485.77	911237.36	874385.89	101.0787	96.9910092	-36851.47	7/31/2026	Model2501	100	LMMSOFRFLAT	RFRSwap	5.446498	4.851621	5.612417698	-0.8780724	0.054669254	 493 	0.0955	0.2179	0.4706	1.1169	2.0894	1.4557	0.1935	9.1108	6.9656	55.6584	63.31583	0.98970057	0.1499	6.038	12	193691.6094	NA	NA	1.029	0.010899616	8.51675368	1.3285	0.013953843	7.62923642	3.9673	0.040580831	4.88112071	6.5706	0.060195643	-5.79402669	7.2366	0.061862152	-11.92209861	7.5685	0.060062252	-18.04919158
AFS	689278	3142GVWR8	Agency MBS 30yr	G-2-Q	FREDDIE MAC	0.98889949	5	56888	1007516	996332.06	11327.24	1009240.86	968819.93	101.2956	97.2386588	-40420.93	7/31/2026	Model2501	100	LMMSOFRFLAT	RFRSwap	5.410366	4.82052	5.691227436	-0.8838788	0.05557787	 554 	0.0918	0.1982	0.4467	1.1271	2.1591	1.502	0.1931	9.1648	7.2235	51.5887	60.75897	0.98889949	0.4641	6.082	10	200121.3125	NA	NA	1.0659	0.011381102	9.11654055	1.6555	0.017485943	7.97081745	4.085	0.041927375	4.9820196	6.6588	0.06110651	-5.88692692	7.3231	0.062648766	-12.10632434	7.62	0.060477473	-18.28896746
HTM	883885	3142GVWS6	Agency MBS 30yr	G-2-Q	FREDDIE MAC	0.96224474	5.5	56888	5357925	5155635.15	0	5187336.67	5155932.7	100.6149	100.0057713	-31403.97	7/31/2026	Model2501	100	LMMSOFRFLAT	RFRSwap	5.505203	5.410481	5.011595249	-0.9472324	0.050348543	 2,596 	0.1195	0.245	0.4935	1.1158	1.8684	1.0971	0.0992	8.4397	8.2214	61.6876	72.52821	0.96224474	4.5394	6.483	10	148408.3594	NA	NA	0.8745	0.009461327	7.73117301	1.2903	0.013841994	6.81665191	3.3626	0.035260282	4.39519302	5.9484	0.056550637	-5.39489048	6.5854	0.058789723	-11.19125894	6.9787	0.0582016	-17.06572101
HTM	883533	3142GVWT4	Agency MBS 30yr	G-2-Q	FREDDIE MAC	0.90394005	6	56919	3695965	3340930.79	0	3449811.07	3440849.95	103.259	102.9907583	-8961.12	7/31/2026	Model2501	100	LMMSOFRFLAT	RFRSwap	5.538241	5.497017	4.544520855	-1.221135	0.047031593	 1,571 	0.141	0.2712	0.5046	1.0852	1.6564	0.8725	0.0418	8.3682	8.5693	59.043	74.8605	0.90394005	13.1374	6.777	10	163004.75	NA	NA	0.7041	0.007719498	6.14565424	0.7094	0.007741514	5.63463443	2.6618	0.028584516	3.89818999	5.6215	0.055263631	-5.18397241	6.3239	0.058549084	-10.90754882	6.768	0.058674559	-16.79608267
HTM	883884	3142GVX71	Agency MBS 30yr	G-2-Q	FREDDIE MAC	0.99237509	5.5	56919	1224260	1214925.13	0	1217881.46	1211232.22	100.2433	99.6960385	-6649.24	7/31/2026	Model2501	100	LMMSOFRFLAT	RFRSwap	5.553795	5.470522	5.0206213	-1.097353	0.050283715	 611 	0.1226	0.255	0.4897	1.0832	1.797	1.1694	0.1336	8.7235	7.6935	61.3509	75.19958	0.99237509	0.0001	6.323	9	247446.2969	NA	NA	0.9795	0.010472659	6.7590287	0.6662	0.007080429	6.13302781	3.0834	0.032197248	4.26604588	6.0949	0.05771542	-5.45901008	6.8352	0.060659781	-11.40845702	7.2142	0.059657171	-17.46046131
AFS	696191	3142GVX89	Agency MBS 30yr	G-2-Q	FREDDIE MAC	0.993953	6.5	56919	1034307	1028052.55	6662.95	1094054.58	1077974.96	106.4201	104.8560177	-16079.63	7/31/2026	Model2501	100	LMMSOFRFLAT	RFRSwap	5.535049	5.24256	3.280962229	-1.423384	0.034580585	 356 	0.2216	0.3186	0.4858	0.8767	1.0041	0.398	-0.005	6.4697	12.7258	60.647	79.72646	0.993953	-0.0389	7.341	10	141789.9844	NA	NA	0.7484	0.008215734	4.37478214	0.6124	0.006686303	3.78830769	1.653	0.017856728	2.62640901	4.4484	0.045080878	-4.05695799	5.1388	0.049627453	-8.82427038	5.6324	0.051534276	-13.90149302
AFS	691738	3142GVXA4	Agency MBS 30yr	G-2-Q	FREDDIE MAC	0.99234208	5	56919	1525915	1514229.67	11868.83	1537504.91	1472416.23	101.5371	97.2386333	-65088.67	7/31/2026	Model2501	100	LMMSOFRFLAT	RFRSwap	5.417968	4.780813	5.400624275	-0.9147026	0.052739959	 799 	0.1036	0.2305	0.4865	1.1249	1.962	1.34	0.1816	8.6309	7.7118	51.598	63.54834	0.99234208	-0.0666	6.036	10	178419.4062	NA	NA	1.1072	0.011743547	8.41035671	1.4744	0.015472548	7.28566215	3.7104	0.037960235	4.65335143	6.3714	0.058641009	-5.6168712	7.0179	0.060399279	-11.59115835	7.3853	0.059122723	-17.60067945
AFS	691737	3142GVXB2	Agency MBS 30yr	G-2-Q	FREDDIE MAC	0.90432255	5.5	56919	2003597	1811897.95	198108.99	1878893.22	1817051.87	103.6975	100.284449	-61841.34	7/31/2026	Model2501	100	LMMSOFRFLAT	RFRSwap	5.461993	4.947305	4.88848877	-1.155204	0.049247999	 892 	0.1288	0.254	0.4886	1.0896	1.7747	1.0805	0.1005	8.4345	8.3435	52.9151	67.7224	0.90432255	13.0243	6.487	10	171160.6406	NA	NA	0.8593	0.009245103	6.84395657	0.8954	0.009571637	6.1511602	3.0127	0.031606674	4.17037679	5.9621	0.056863356	-5.36832626	6.6821	0.059811864	-11.23175205	7.1295	0.059540078	-17.23022437
HTM	883531	3142GVXC0	Agency MBS 30yr	G-2-Q	FREDDIE MAC	0.92237567	6	56919	1337094	1233302.97	0	1252187.53	1249524.58	101.5312	101.3152977	-2662.95	7/31/2026	Model2501	100	LMMSOFRFLAT	RFRSwap	5.77339	5.735997	4.206830502	-1.293438	0.042831969	 528 	0.1729	0.2873	0.4883	1.0138	1.4578	0.7636	0.0531	7.3453	10.144	82.8212	103.8709	0.92237567	10.487	6.857	10	124157.875	NA	NA	0.7302	0.007872413	5.99575769	1.0044	0.010751532	5.22668395	2.421	0.025487922	3.46520831	5.2995	0.051423013	-4.78113102	5.9838	0.054863695	-10.12788346	6.4685	0.055720817	-15.67417078
AFS	693650	3142GVXT3	Agency MBS 30yr	G-2-Q	FREDDIE MAC	0.99196119	5	56919	1311110	1300570.24	10699.51	1319864.84	1265663.51	101.4835	97.3160444	-54201.33	7/31/2026	Model2501	100	LMMSOFRFLAT	RFRSwap	5.403342	4.790928	5.477314949	-1.01368	0.053531285	 696 	0.104	0.2242	0.4637	1.0953	1.9794	1.435	0.2025	8.9047	7.5867	48.3174	60.88147	0.99196119	-0.0153	5.977	9	190038.2188	NA	NA	0.929	0.00982409	8.01770606	1.22	0.012798017	7.16510495	3.6827	0.037716243	4.68178305	6.5258	0.060035501	-5.7359006	7.2596	0.062327851	-11.87688657	7.6561	0.060983803	-18.07847733
HTM	883923	3142GVXU0	Agency MBS 30yr	G-2-Q	FREDDIE MAC	0.98640339	5.5	56919	1968897	1942126.68	0	1960668.39	1946443.46	100.9547	100.2222708	-14224.93	7/31/2026	Model2501	100	LMMSOFRFLAT	RFRSwap	5.472378	5.36123	5.068876266	-0.9400365	0.05103375	 991 	0.1146	0.2466	0.4966	1.1195	1.8817	1.1321	0.1045	8.6583	7.8033	58.3204	67.85277	0.98640339	0.9219	6.417	9	163136.7812	NA	NA	0.8545	0.009248837	7.55167379	1.0548	0.011339673	6.82571325	3.4203	0.035965431	4.47257074	5.9956	0.057092298	-5.4573165	6.6211	0.059180439	-11.29963974	6.9786	0.058257088	-17.20104795
HTM	883904	3142GWB57	Agency MBS 30yr	G-2-Q	FREDDIE MAC	0.99238543	5.5	56949	1096769	1088417.58	0	1095445.78	1088142.91	100.6457	99.9747645	-7302.87	7/31/2026	Model2501	100	LMMSOFRFLAT	RFRSwap	5.5098	5.405	4.941821575	-1.067896	0.049632244	 540 	0.1229	0.2551	0.5003	1.1157	1.7806	1.078	0.1175	8.4301	8.5999	59.3464	73.88317	0.99238543	0.1722	6.352	8	181900.4062	NA	NA	0.9611	0.010334739	7.09831849	0.9549	0.010195243	6.329153	3.135	0.032817356	4.24678733	5.9716	0.05676439	-5.37522526	6.6894	0.059674755	-11.2245504	7.1326	0.059360728	-17.20915342
HTM	883919	3142GWBY4	Agency MBS 30yr	G-2-Q	FREDDIE MAC	0.99350969	5.5	56919	1076302	1069316.47	0	1064748.12	1059443.35	99.5728	99.0766894	-5304.76	7/31/2026	Model2501	100	LMMSOFRFLAT	RFRSwap	5.669235	5.57484	4.219465733	-1.41693	0.041998461	 449 	0.1859	0.3077	0.4941	0.9769	1.3633	0.8148	0.1069	6.6797	11.5601	69.904	98.54259	0.99350969	0.0001	6.519	10	277365.3125	NA	NA	1.2744	0.013459357	6.07421475	0.9563	0.009986193	4.88993156	2.3338	0.024013072	3.35595437	5.4166	0.051347986	-4.73676607	6.1704	0.055181403	-10.10634633	6.7027	0.056193911	-15.69730756
HTM	883529	3142GWCF4	Agency MBS 30yr	G-2-Q	FREDDIE MAC	0.98727758	6	56949	1018392	1005435.59	0	1030026.38	1026723.36	102.4458	102.1172685	-3303.02	7/31/2026	Model2501	100	LMMSOFRFLAT	RFRSwap	5.572207	5.508232	3.821686745	-1.242656	0.039217107	 394 	0.1998	0.3067	0.4799	0.9408	1.252	0.6193	0.0445	6.4897	12.6343	68.3489	87.06585	0.98727758	1.1556	6.888	9	176505.5312	NA	NA	1.1254	0.012274678	6.45055222	1.3953	0.015040711	5.17778295	2.3625	0.025002439	3.21233348	4.853	0.047662135	-4.40519009	5.5233	0.051490542	-9.39319931	6.0217	0.052982394	-14.63126684
HTM	883867	3142GWCG2	Agency MBS 30yr	G-2-Q	FREDDIE MAC	0.99328233	5.5	56949	1029579	1022662.63	0	1026412.07	1020820.41	100.3666	99.8198605	-5591.66	7/31/2026	Model2501	100	LMMSOFRFLAT	RFRSwap	5.535153	5.452878	5.146191597	-0.9676659	0.051605079	 528 	0.1183	0.2453	0.4736	1.0804	1.9135	1.214	0.1308	8.8858	7.5256	62.6194	72.91015	0.99328233	0.0143	6.37	9	255810.3125	NA	NA	1.2797	0.013857445	8.01120707	1.2262	0.013143267	6.9045031	3.4353	0.035995081	4.50186287	6.116	0.057946585	-5.53266897	6.7533	0.059984885	-11.45538445	7.086	0.058711823	-17.42236947
AFS	715143	3142GWCH0	Agency MBS 30yr	G-2-Q	FREDDIE MAC	0.98477052	5	56949	1033363	1017625.42	15973.64	1032330.23	986414.62	101.445	96.9329778	-45915.61	7/31/2026	Model2501	100	LMMSOFRFLAT	RFRSwap	5.443478	4.807782	5.628770828	-1.074943	0.054795884	 558 	0.1009	0.2184	0.445	1.0774	2.0832	1.5308	0.204	9.1662	7.0129	51.111	64.79454	0.98477052	1.4211	6.108	8	240370.6719	NA	NA	1.0169	0.010728624	8.15122636	1.2391	0.012959205	7.23342036	3.7031	0.037814893	4.7683922	6.7104	0.061382506	-5.87617139	7.4094	0.063141912	-12.13071961	7.7361	0.061095275	-18.37583151
AFS	725946	3142GWF46	Agency MBS 30yr	G-2-Q	FREDDIE MAC	0.99178262	5	56980	2055380	2038490.16	17132.63	2068036.25	1990088.49	101.4494	97.6256116	-77947.76	7/31/2026	Model2501	100	LMMSOFRFLAT	RFRSwap	5.357377	4.79448	5.817387104	-0.6002059	0.057034988	 1,163 	0.0863	0.1896	0.4518	1.1383	2.2632	1.5197	0.1924	9.3204	7.3212	53.453	54.68194	0.99178262	0.2065	6.04	8	157003.0312	NA	NA	0.8618	0.009358662	10.55360953	2.3922	0.025619544	9.05560581	4.572	0.047245912	5.29475993	6.6048	0.060839467	-5.92845193	7.1371	0.061362337	-12.06530987	7.3838	0.05902632	-18.10227207
HTM	883526	3142JNFK7	Agency MBS 30yr	G-2-Q	FREDDIE MAC	0.99097657	6	56858	1034988	1025648.86	0	1049477.2	1046735.77	102.3232	102.0559579	-2741.43	7/31/2026	Model2501	100	LMMSOFRFLAT	RFRSwap	5.682939	5.641728	3.987035751	-1.644922	0.040889427	 419 	0.185	0.327	0.4967	0.9619	1.2831	0.7216	0.0417	7.7007	8.725	61.4468	90.31389	0.99097657	0.2768	6.73	12	269453.0625	NA	NA	1.0114	0.010839744	4.61566433	0.397	0.004223145	3.81823861	1.6596	0.017521793	3.0222725	5.3163	0.052005123	-4.73480844	6.1266	0.05658105	-10.20358952	6.696	0.057984274	-15.96004933
HTM	883871	3142JNFL5	Agency MBS 30yr	G-2-Q	FREDDIE MAC	0.99081692	5.5	56888	1084083	1074127.78	0	1076741.52	1070862.84	100.2433	99.6960384	-5878.68	7/31/2026	Model2501	100	LMMSOFRFLAT	RFRSwap	5.553311	5.468202	4.647286415	-1.451598	0.046544604	 500 	0.1504	0.2768	0.4817	1.04	1.602	1.022	0.1077	8.1223	8.3374	55.6322	77.35316	0.99081692	0.2539	6.473	11	221935.6875	NA	NA	1.0615	0.011283085	6.13648557	0.7667	0.00808195	5.25480289	2.4747	0.025709087	3.73230097	5.8991	0.056013241	-5.20222119	6.7082	0.05978873	-11.02695789	7.2722	0.060419127	-17.07234691
233_PUB_HTM	611891	338158WQ7	MUNI	IG-2	FITCHBURG WI		2	50465	1175000	1175000	0	1035963.2	872089.23	88.1671	74.22036	-163873.97	7/31/2026	Muni	100	Single	RFRSwap	4.950917	3.232741	9.668207169	1.014528	0.072563469	 853 	-0.0228	-0.0349	-0.0859	-0.3095	8.4708	1.6535	0	11.0538	0	51.4756	53.61942	0	0	0	0	0	0	0	0.5509	0.005625532	27.07061395	6.5256	0.064872757	24.35862599	9.1805	0.083953835	16.39431137	9.6398	0.072835401	0.50343324	9.5555	0.065590173	-6.41257696	9.4285	0.058859766	-12.62598456
233_PUB_HTM	612044	338158WR5	MUNI	IG-2	FITCHBURG WI		2	50830	685000	685000	0	596840.3	488570.98	87.13	71.32423	-108269.32	7/31/2026	Muni	100	Single	RFRSwap	5.11895	3.254542	10.36980343	1.217463	0.07482598	 513 	-0.0222	-0.0339	-0.0859	-0.3402	7.9223	2.9297	0	12.1187	0	64.8461	66.69848	0	0	0	0	0	0	0	0.613	0.006255514	29.88167165	8.1833	0.080279775	25.94448419	10.1391	0.090409577	17.01150089	10.375	0.075209245	0.33337116	10.2417	0.066973813	-6.76399478	10.0634	0.05945655	-13.07558474
233_PUB_HTM	611647	338158WS3	MUNI	IG-2	FITCHBURG WI		2	51196	500000	500000	0	430498.67	341476.95	86.0997	68.29539	-89021.72	7/31/2026	Muni	100	Single	RFRSwap	5.304412	3.275969	11.03719997	1.411899	0.076298751	 381 	-0.0213	-0.0325	-0.084	-0.3564	7.1718	4.3606	0	13.1631	0	80.2644	81.73734	0	0	0	0	0	0	0	0.8742	0.008911329	32.80827857	9.7562	0.094046861	27.26842677	11.0574	0.095805041	17.51497855	11.0667	0.076744892	0.21861378	10.8798	0.067605846	-6.98993189	10.6546	0.059449241	-13.33179177
233_PUB_HTM	611603	3411503N8	MUNI	IG-2	FLORIDA ST		4	47665	1945000	1945000	0	2011846.35	1982904.55	103.4368	101.94882	-28941.8	7/31/2026	Muni	100	Single	RFRSwap	3.462979	3.061592	2.322351217	-0.3511397	0.023753509	 462 	0.0817	1.1839	0.6947	0.3751	0	0	0	2.3139	0	-141.599	-122.2195	0	0	0	0	0	0	0	1.7711	0.019816089	9.60386963	1.861	0.020454973	7.62941259	1.8771	0.020246521	5.57773299	2.2402	0.023221266	1.37278931	2.6227	0.02653305	-1.11389303	2.9392	0.028917074	-3.89881296
233_PUB_HTM	611928	3411503P3	MUNI	IG-2	FLORIDA ST		4	48030	3065000	3065000	0	3164889.96	3114134.1	103.2591	101.60307	-50755.87	7/31/2026	Muni	100	Single	RFRSwap	3.640392	3.276406	2.620056868	-0.5359196	0.026707917	 819 	0.073	1.084	0.4087	1.0895	0	0	0	2.5526	0	-135.8827	-103.7301	0	0	0	0	0	0	0	1.7707	0.019794038	9.85291569	1.8606	0.020432355	7.88064944	1.8811	0.020272339	5.83051474	2.5378	0.026226932	1.40721699	3.1234	0.031375594	-1.48254498	3.5492	0.034479458	-4.7888931
233_PUB_HTM	612067	3411503Q1	MUNI	IG-2	FLORIDA ST		4	48396	3185000	3185000	0	3286955.46	3226051.46	103.2011	101.2889	-60904	7/31/2026	Muni	100	Single	RFRSwap	3.754546	3.397759	2.919632673	-0.754163	0.029669961	 945 	0.0732	1.0168	0.34	1.2618	0.2313	0	0	2.8134	0	-132.9466	-86.85929	0	0	0	0	0	0	0	1.7705	0.019784126	10.12361779	1.8604	0.020422192	8.15233609	1.8844	0.020299233	6.10289106	2.7836	0.028703308	1.49268626	3.5249	0.035211075	-1.73118553	4.1049	0.039456349	-5.50115998
233_PUB_HTM	611900	3411503R9	MUNI	IG-2	FLORIDA ST		4	48761	3315000	3315000	0	3419087.5	3346666.54	103.1399	100.95525	-72420.96	7/31/2026	Muni	100	Single	RFRSwap	3.840983	3.484816	3.257235765	-0.8909388	0.03299208	 1,094 	0.074	0.9459	0.3619	1.306	0.5973	0	0	3.0608	0	-130.0386	-68.86871	0	0	0	0	0	0	0	1.7703	0.019774096	10.41326918	1.8602	0.020411905	8.44298397	1.8955	0.020410849	6.39300386	3.1716	0.032583643	1.44848349	4.1064	0.040678117	-2.22898831	4.7617	0.045109853	-6.55407107
233_PUB_HTM	611163	3411503S7	MUNI	IG-2	FLORIDA ST		4	49126	3445000	3445000	0	3549495	3467581.63	103.0332	100.65549	-81913.37	7/31/2026	Muni	100	Single	RFRSwap	3.902558	3.556659	3.590580463	-1.099504	0.036260847	 1,249 	0.046	0.8711	0.3734	1.2114	1.1145	0	0	3.4868	0	-128.9048	-52.6403	0	0	0	0	0	0	0	1.7702	0.019772245	10.70491669	1.8601	0.020410156	8.73481517	1.9221	0.020694634	6.6790932	3.6754	0.037568878	1.22829445	4.789	0.046912778	-3.02857769	5.4538	0.050751511	-7.93201225
233_PUB_HTM	611759	3411503T5	MUNI	IG-2	FLORIDA ST		4	49491	2000000	2000000	0	2060127.18	2006532.8	103.0064	100.32664	-53594.38	7/31/2026	Muni	100	Single	RFRSwap	3.955806	3.602458	3.934026957	-1.230215	0.039599903	 792 	0.0465	0.8171	0.3804	0.9825	1.7505	0	0	3.8362	0	-127.5484	-35.26643	0	0	0	0	0	0	0	1.7702	0.019768847	11.01886764	1.8601	0.020406744	9.0491035	1.9379	0.02086181	6.9910696	3.9923	0.040674865	1.22377424	5.2256	0.050801776	-3.44331566	6.0362	0.055447008	-8.80197278
233_PUB_HTM	611954	3411504T4	MUNI	IG-2	FLORIDA ST		4	47665	2000000	2000000	0	2068736.6	2038976.4	103.4368	101.94882	-29760.2	7/31/2026	Muni	100	Single	RFRSwap	3.462979	3.061592	2.322351217	-0.3511397	0.023753509	 475 	0.0817	1.1839	0.6947	0.3751	0	0	0	2.3139	0	-141.599	-122.2195	0	0	0	0	0	0	0	1.7711	0.019816089	9.60386963	1.861	0.020454973	7.62941259	1.8771	0.020246521	5.57773299	2.2402	0.023221266	1.37278931	2.6227	0.02653305	-1.11389303	2.9392	0.028917074	-3.89881296
233_PUB_HTM	612338	3411504W7	MUNI	IG-2	FLORIDA ST		4	48761	4000000	4000000	0	4125595.77	4038210	103.1399	100.95525	-87385.77	7/31/2026	Muni	100	Single	RFRSwap	3.840983	3.484816	3.257235765	-0.8909388	0.03299208	 1,320 	0.074	0.9459	0.3619	1.306	0.5973	0	0	3.0608	0	-130.0386	-68.86871	0	0	0	0	0	0	0	1.7703	0.019774096	10.41326918	1.8602	0.020411905	8.44298397	1.8955	0.020410849	6.39300386	3.1716	0.032583643	1.44848349	4.1064	0.040678117	-2.22898831	4.7617	0.045109853	-6.55407107
233_PUB_HTM	612868	3411504X5	MUNI	IG-2	FLORIDA ST		4	49126	4000000	4000000	0	4121329.46	4026219.6	103.0332	100.65549	-95109.86	7/31/2026	Muni	100	Single	RFRSwap	3.902558	3.556659	3.590580463	-1.099504	0.036260847	 1,450 	0.046	0.8711	0.3734	1.2114	1.1145	0	0	3.4868	0	-128.9048	-52.6403	0	0	0	0	0	0	0	1.7702	0.019772245	10.70491669	1.8601	0.020410156	8.73481517	1.9221	0.020694634	6.6790932	3.6754	0.037568878	1.22829445	4.789	0.046912778	-3.02857769	5.4538	0.050751511	-7.93201225
233_PUB_HTM	611596	3411506J4	MUNI	IG-2	FLORIDA ST		4	50952	3000000	3000000	0	3087061.21	3074947.2	102.902	102.49824	-12114.01	7/31/2026	Muni	100	Single	RFRSwap	2.653533	2.440111	1.824201822	0.05180729	0.018758554	 563 	0.1491	1.6751	0	0	0	0	0	1.9167	0	-151.4321	-151.4357	0	0	0	0	0	0	0	1.7717	0.019848241	9.1955092	1.8617	0.020488009	7.21785509	1.875	0.020248853	5.16310059	1.8367	0.019113116	1.22840899	1.8181	0.018577063	-0.65590901	1.7999	0.018060911	-2.48762555
233_PUB_HTM	612622	3411508E3	MUNI	IG-2	FLORIDA ST		2	49126	6330000	6330000	0	5926876.11	5306772.59	93.6315	83.83527	-620103.52	7/31/2026	Muni	100	Single	RFRSwap	4.444222	2.906191	6.994573593	0.4894334	0.05875577	 3,719 	-0.0185	-0.0387	-0.0768	2.9197	4.2015	0	0	7.6334	0	14.6384	16.34332	0	0	0	0	0	0	0	3.8674	0.042030491	24.67565895	5.6618	0.058722403	19.71409299	6.6985	0.06523522	13.38554589	7.0687	0.059881452	0.71191937	7.028	0.055484392	-5.05391172	6.9635	0.051259927	-10.38947966
233_PUB_HTM	611517	3411508F0	MUNI	IG-2	FLORIDA ST	1	2	49491	6455000	6455000	0	5960042.56	5265220.85	92.3322	81.5681	-694821.7	7/31/2026	Muni	100	Single	RFRSwap	4.536107	2.985716	7.780718803	0.6199561	0.063595526	 4,105 	-0.0183	-0.038	-0.0838	1.5937	6.3251	0	0	8.5502	0	20.327	22.06319	0	0	0	0	0	0	0	3.9273	0.042585466	26.69832501	6.2197	0.064162843	21.42633309	7.4587	0.071763821	14.47965262	7.8335	0.064546928	0.66343557	7.8053	0.05947113	-5.54179044	7.7137	0.054385185	-11.23046025
233_PUB_HTM	612377	3411508G8	MUNI	IG-2	FLORIDA ST	1	2	49857	6585000	6585000	0	5956725.09	5215048.7	90.459	79.19588	-741676.39	7/31/2026	Muni	100	Single	RFRSwap	4.641207	3.126264	8.557188988	0.7619339	0.067912027	 4,472 	-0.0177	-0.0374	-0.0881	-0.1173	8.8029	0	0	9.5428	0	27.1446	28.83566	0	0	0	0	0	0	0	3.992	0.043170411	28.77962353	6.8061	0.069788359	23.17490953	8.2066	0.077931419	15.59985637	8.6129	0.068987735	0.73532282	8.5437	0.06280306	-5.85455558	8.4458	0.057027236	-11.84132626
233_PUB_HTM	612322	3411508H6	MUNI	IG-2	FLORIDA ST	1	2	50222	6715000	6715000	0	5869134.07	5157712.26	87.4033	76.80882	-711421.81	7/31/2026	Muni	100	Single	RFRSwap	4.74645	3.390068	9.305369377	0.9315845	0.071628533	 4,810 	-0.0173	-0.0368	-0.0894	-0.3105	8.8329	0.9229	0	10.5209	0	34.0516	35.64122	0	0	0	0	0	0	0	4.1368	0.04460986	30.86011248	7.5488	0.076788299	24.74695393	8.9921	0.084046558	16.49213421	9.3664	0.072682686	0.62415397	9.2787	0.065590911	-6.28578863	9.148	0.05897392	-12.50935295
233_PUB_HTM	612621	3411508J2	MUNI	IG-2	FLORIDA ST	1	2	50587	6850000	6850000	0	5989209.82	5101967.68	87.4337	74.48128	-887242.14	7/31/2026	Muni	100	Single	RFRSwap	4.843498	3.282584	10.03254032	1.099003	0.074890859	 5,130 	-0.0171	-0.0362	-0.0898	-0.3359	8.4118	2.0971	0	11.5305	0	40.0417	41.56185	0	0	0	0	0	0	0	4.3829	0.047137175	32.90116617	8.3667	0.084346183	26.16410537	9.8312	0.090307266	17.20978871	10.1118	0.075917415	0.42999266	9.9872	0.067809656	-6.75168362	9.8265	0.060424168	-13.15695673
233_PUB_HTM	612079	34153P6Z6	MUNI	IG-2	FLORIDA ST BRD OF EDU PUBLIC E		3	46905	6435000	6435000	0	6435000	6435075.93	100	100.00118	75.93	7/31/2026	Muni	100	Single	RFRSwap	2.997934	2.9986	0.441611081	-0.9800654	0.004438243	 286 	0.2047	0.1897	0	0	0	0	0	0.2368	0	-178.9246	-117.2724	0	0	0	0	0	0	0	0.0448	0.000452121	0.45226903	0.0791	0.000798344	0.40102679	0.0892	0.000899059	0.31096389	0.1109	0.001116107	0.13177645	0.8774	0.008798006	-0.22436272	1.4827	0.014685873	-1.44992802
233_PUB_HTM	611990	34153QAV8	MUNI	IG-2	FLORIDA ST BRD OF EDU PUBLIC E		3	47270	400000	400000	0	400000	397609.36	100	99.40234	-2390.64	7/31/2026	Muni	100	Single	RFRSwap	3.221415	2.999081	1.495596886	-1.196232	0.014941363	 60 	0.2758	0.3883	0.7968	0	0	0	0	1.3196	0	-135.0177	-94.86881	0	0	0	0	0	0	0	0.0447	0.000450945	1.01255871	0.0789	0.000796278	0.9614494	0.089	0.000896744	0.87161904	0.4964	0.004989995	0.61730731	1.9608	0.019451499	-0.70151244	2.4084	0.02336354	-2.89403238
233_PUB_HTM	612840	34153QLS3	MUNI	IG-2	FLORIDA ST BRD OF EDU PUBLIC E		4	49461	10580000	10580000	0	10719757.04	10600155.96	101.321	100.19051	-119601.09	7/31/2026	Muni	100	Single	RFRSwap	3.760558	2.386337	0.807493329	0.01329983	0.00814415	 862 	0.8075	0	0	0	0	0	0	0.8333	0	-30.8102	-30.81044	0	0	0	0	0	0	0	0.6706	0.00702026	3.8272236	0.7943	0.008257953	3.1072991	0.8262	0.008518897	2.24816947	0.8123	0.008238823	0.57264222	0.8055	0.008104005	-0.24446748	0.7988	0.007972513	-1.04826277
233_PUB_HTM	611153	34153QMM5	MUNI	IG-2	FLORIDA ST BRD OF EDU PUBLIC E		4	48366	890000	890000	0	917337.38	899761.43	103.0716	101.09679	-17575.95	7/31/2026	Muni	100	Single	RFRSwap	3.787872	3.414084	2.870251417	-0.7357996	0.029208669	 260 	0.1181	0.9189	0.3572	1.2918	0.2184	0	0	2.8031	0	-128.2953	-79.42328	0	0	0	0	0	0	0	1.6576	0.018474871	9.69241987	1.77	0.019400751	7.84522466	1.7989	0.019365514	5.88927731	2.6967	0.027835542	1.45784209	3.4852	0.034874849	-1.69721251	4.0628	0.039140608	-5.42417484
233_PUB_HTM	611413	34153QNK8	MUNI	IG-2	FLORIDA ST BRD OF EDU PUBLIC E		4	49096	3785000	3785000	0	3898581.86	3808117.27	103.0008	100.61076	-90464.6	7/31/2026	Muni	100	Single	RFRSwap	3.908093	3.557121	3.482668161	-1.153122	0.035271566	 1,335 	0.1131	0.8147	0.3408	1.1883	1.0392	0	0	3.3081	0	-129.8066	-51.98594	0	0	0	0	0	0	0	1.6579	0.018488118	10.23983252	1.7703	0.019414585	8.39131588	1.8305	0.019716032	6.42889528	3.5549	0.036438376	1.22373433	4.657	0.045806356	-2.91687614	5.3725	0.050248262	-7.74839187
233_PUB_HTM	612730	34153QTC0	MUNI	IG-2	FLORIDA ST BRD OF EDU PUBLIC E	1	3	49096	3025000	3025000	0	3082519.57	2833735.3	101.9015	93.6772	-248784.27	7/31/2026	Muni	100	Single	RFRSwap	3.945708	2.728424	6.053190708	-0.03806134	0.057007257	 1,724 	-0.0106	-0.0199	0.277	2.9181	2.8909	0	0	6.4028	0	-49.9574	-33.02461	0	0	0	0	0	0	0	3.5641	0.041198198	21.41597307	3.9361	0.043873429	17.28707581	4.8946	0.052202821	12.47687053	6.1661	0.05874138	1.08805636	6.3931	0.057184495	-4.72971209	6.4675	0.054247312	-10.30058985
233_PUB_HTM	611180	34153QTD8	MUNI	IG-2	FLORIDA ST BRD OF EDU PUBLIC E	1	3	49461	3115000	3115000	0	3169142.43	2881327.65	101.7381	92.49848	-287814.78	7/31/2026	Muni	100	Single	RFRSwap	4.01674	2.776469	6.687163353	-0.03880547	0.062189601	 1,937 	-0.0103	-0.0195	0.217	2.0611	4.4333	0	0	7.0916	0	-47.2463	-29.27596	0	0	0	0	0	0	0	3.564	0.041162163	22.49672312	4.0342	0.044916563	18.34133037	5.2355	0.055654909	13.30437687	6.8104	0.064003609	0.98024358	7.0203	0.061552044	-5.32147952	7.1341	0.058261964	-11.33216899
233_PUB_HTM	611745	34153QTE6	MUNI	IG-2	FLORIDA ST BRD OF EDU PUBLIC E	1	3	49827	3205000	3205000	0	3255808.13	2913240.84	101.5853	90.89675	-342567.29	7/31/2026	Muni	100	Single	RFRSwap	4.135704	2.814053	7.355195999	0.04524971	0.0672241	 2,155 	-0.01	-0.0191	0.1609	0.8766	6.3238	0	0	7.9147	0	-38.5662	-20.9664	0	0	0	0	0	0	0	3.5623	0.041010097	23.7248895	4.1427	0.045963213	19.55198546	5.6136	0.059314873	14.26645642	7.415	0.068523146	1.01474475	7.6953	0.065929979	-5.72131025	7.7658	0.061575618	-12.10561625
233_PUB_HTM	611932	34153QVK9	MUNI	IG-2	FLORIDA ST BRD OF EDU PUBLIC E	1	2	51288	3310000	3310000	0	2843216.42	2247263.93	85.8978	67.89317	-595952.5	7/31/2026	Muni	100	Single	RFRSwap	5.304844	3.275827	11.33157444	1.505407	0.077311374	 2,559 	-0.0172	-0.0328	-0.0851	-0.3789	7.0069	4.8361	0	13.6469	0	80.3203	80.90282	0	0	0	0	0	0	0	6.9965	0.074447751	38.181383	11.0064	0.106500521	28.53544868	11.6707	0.100681894	18.04244048	11.4425	0.078269839	0.17619739	11.2032	0.068428792	-7.14694647	10.9477	0.059857994	-13.5504058
233_PUB_HTM	611995	34153QVL7	MUNI	IG-2	FLORIDA ST BRD OF EDU PUBLIC E	1	2	51653	3375000	3375000	0	2865328.1	2208889.58	84.8986	65.44858	-656438.53	7/31/2026	Muni	100	Single	RFRSwap	5.419094	3.295109	11.95813942	1.701611	0.078662924	 2,655 	-0.0163	-0.0314	-0.0818	-0.3714	5.9917	6.4645	0	14.6599	0	88.842	89.35793	0	0	0	0	0	0	0	7.7777	0.082241252	39.95809433	11.9039	0.113376826	29.46132929	12.4175	0.104593724	18.44920823	12.0752	0.07954438	0.09202723	11.7912	0.06893675	-7.31758562	11.4884	0.059786625	-13.74095271
233_PUB_HTM	611349	343334GJ1	MUNI	IG-2	FLOSSMOOR IL		3.5	48914	460000	460000	0	460000	440338.27	100	95.72571	-19661.73	7/31/2026	Muni	100	Single	RFRSwap	4.182183	3.499475	4.86362505	-1.108812	0.046841107	 215 	0.0783	0.179	0.3158	2.5321	1.8016	0	0	4.9787	0	-33.6241	-7.70607	0	0	0	0	0	0	0	0.0445	0.000448813	4.64368694	0.0785	0.000792537	4.59281847	0.0885	0.000892557	4.50340886	4.6911	0.045789484	1.29995037	5.7129	0.052861016	-3.77916429	5.977	0.052147292	-9.06238009
233_PUB_HTM	612339	343334GK8	MUNI	IG-2	FLOSSMOOR IL		3.5	49279	475000	475000	0	475000	455876.4	100	95.97398	-19123.6	7/31/2026	Muni	100	Single	RFRSwap	4.074064	3.49953	5.10697937	-1.461773	0.049311619	 234 	0.1016	0.1905	0.3061	1.8695	2.6617	0	0	5.1856	0	-55.4048	-21.76411	0	0	0	0	0	0	0	0.0445	0.00044939	4.41443767	0.0786	0.000793551	4.36350398	0.0886	0.000893693	4.27398028	5.0838	0.04957705	0.96221984	6.2899	0.057844944	-4.59298993	6.6406	0.057219252	-10.39198604
233_PUB_HTM	612176	344664KD8	MUNI	IG-2	FONTANA ON GENEVA LAKE WI	1	4	48274	275000	275000	0	275000	275103.9	100	100.03778	103.9	7/31/2026	Muni	100	Single	RFRSwap	3.991066	3.999392	1.078837276	-1.758826	0.010972255	 30 	0.2906	0.1066	0.1749	0.4855	0.0251	0	0	0.8289	0	-125.4435	-20.13946	0	0	0	0	0	0	0	0.1685	0.001734522	1.21121893	0.2013	0.002068571	1.03214515	0.2107	0.002160466	0.81558943	0.366	0.00373575	0.35519202	2.1324	0.021512272	-0.82266081	3.4106	0.033430431	-3.68558003
233_PUB_HTM	611312	345850DP3	MUNI	IG-2	FOREST LAKE MN	1	3.25	48976	1105000	1105000	0	1105000	1069736.58	100	96.80874	-35263.42	7/31/2026	Muni	100	Single	RFRSwap	3.772866	3.25	4.316756725	-1.431121	0.042491451	 470 	0.1204	0.2163	0.3354	2.3707	1.3261	0	0	4.3216	0	-80.587	-47.99962	0	0	0	0	0	0	0	0.1264	0.001292497	3.81051475	0.1261	0.001287515	3.68151444	0.1258	0.001282566	3.55301068	3.9298	0.039219487	1.36749145	5.2751	0.050186276	-3.29490423	5.6575	0.05093661	-8.40071923
233_PUB_HTM	611506	347550NE1	MUNI	IG-2	FORT LAUDERDALE FL		2.5	50222	2735000	2735000	0	2508043.01	2218000.22	91.7018	81.0969	-290042.79	7/31/2026	Muni	100	Single	RFRSwap	4.73752	3.416945	8.915392876	0.7208506	0.07248681	 1,983 	-0.012	-0.0263	-0.0421	-0.0547	8.2125	0.8336	0	10.1308	0	31.1147	35.08719	0	0	0	0	0	0	0	2.7624	0.029773353	26.47459998	5.0773	0.052823111	22.73208	7.7371	0.075335644	16.06356576	8.9302	0.073240668	0.70911548	8.9371	0.067023963	-6.30986851	8.8414	0.060664453	-12.69151119
233_PUB_HTM	611732	347550NF8	MUNI	IG-2	FORT LAUDERDALE FL		2.5	50587	2805000	2805000	0	2602974.49	2207946.77	92.7977	78.71468	-395027.72	7/31/2026	Muni	100	Single	RFRSwap	4.875945	3.23294	9.623473167	0.8964207	0.075951353	 2,130 	-0.0116	-0.0258	-0.0518	-0.1254	7.9169	1.9075	0	11.1976	0	41.7919	45.23444	0	0	0	0	0	0	0	2.7901	0.029977085	28.51612196	5.8715	0.060658786	24.38781375	8.6405	0.082800597	16.9054077	9.6648	0.076778069	0.51781209	9.6142	0.069349423	-6.79091359	9.4835	0.062176056	-13.36087596
233_PUB_HTM	612008	347550PL3	MUNI	IG-2	FORT LAUDERDALE FL		2.5	50222	1010000	1010000	0	926187.73	819078.69	91.7018	81.0969	-107109.04	7/31/2026	Muni	100	Single	RFRSwap	4.73752	3.416945	8.915392876	0.7208506	0.07248681	 732 	-0.012	-0.0263	-0.0421	-0.0547	8.2125	0.8336	0	10.1308	0	31.1147	35.08719	0	0	0	0	0	0	0	2.7624	0.029773353	26.47459998	5.0773	0.052823111	22.73208	7.7371	0.075335644	16.06356576	8.9302	0.073240668	0.70911548	8.9371	0.067023963	-6.30986851	8.8414	0.060664453	-12.69151119
233_PUB_HTM	611733	347550PM1	MUNI	IG-2	FORT LAUDERDALE FL		2.5	50587	3450000	3450000	0	3201519.43	2715656.46	92.7977	78.71468	-485862.97	7/31/2026	Muni	100	Single	RFRSwap	4.875945	3.23294	9.623473167	0.8964207	0.075951353	 2,620 	-0.0116	-0.0258	-0.0518	-0.1254	7.9169	1.9075	0	11.1976	0	41.7919	45.23444	0	0	0	0	0	0	0	2.7901	0.029977085	28.51612196	5.8715	0.060658786	24.38781375	8.6405	0.082800597	16.9054077	9.6648	0.076778069	0.51781209	9.6142	0.069349423	-6.79091359	9.4835	0.062176056	-13.36087596
233_PUB_HTM	611231	349426AS5	MUNI	IG-2	FORT WORTH TX		3	49735	2000000	2000000	0	2011293.93	1784092.8	100.5647	89.20464	-227201.13	7/31/2026	Muni	100	Single	RFRSwap	4.391971	2.931799	7.257579327	-0.04709083	0.065648168	 1,313 	-0.009	0.0212	0.1018	0.9543	6.1745	0	0	8.0114	0	-6.1176	5.648689	0	0	0	0	0	0	0	1.5307	0.016399054	16.67708988	1.6878	0.017804865	15.03909227	3.842	0.039507248	12.3742837	7.103	0.064931571	0.95983736	7.4466	0.06327077	-5.4883131	7.5356	0.059399642	-11.62910839
233_PUB_HTM	611742	35005RAS0	MUNI	IG-2	FOSTER CITY CA		2	50253	2645000	2645000	0	2325002.94	2062592.69	87.9018	77.98082	-262410.25	7/31/2026	Muni	100	Single	RFRSwap	4.569049	3.322009	9.190504074	0.8525594	0.072587356	 1,920 	-0.0161	-0.0364	-0.0788	-0.2243	8.569	0.975	0	10.346	0	14.079	17.50497	0	0	0	0	0	0	0	1.005	0.010406041	24.56244805	4.2263	0.042962268	22.67304004	8.1171	0.077192828	16.11801742	9.1363	0.072760068	0.65726134	9.1276	0.066336915	-6.30371371	9.0221	0.059876062	-12.61492297
233_PUB_HTM	611658	35005RAU5	MUNI	IG-2	FOSTER CITY CA		2	50983	2225000	2225000	0	1867564.95	1629305.42	83.9355	73.22721	-238259.52	7/31/2026	Muni	100	Single	RFRSwap	4.790683	3.553842	10.58924007	1.197818	0.078600973	 1,749 	-0.0151	-0.0352	-0.0837	-0.2908	7.5799	3.4331	0	12.2373	0	29.004	32.24831	0	0	0	0	0	0	0	1.0173	0.010516575	29.15214365	6.6254	0.066485845	26.12272757	9.9449	0.091368042	17.64662474	10.601	0.079018384	0.31151016	10.5001	0.070428766	-7.15308627	10.3304	0.062437546	-13.78664205
233_PUB_HTM	612466	3516944V3	MUNI	IG-2	FRAMINGHAM MA		4	46692	1015000	1015000	0	1019906.98	1018444.91	100.4834	100.3394	-1462.07	7/31/2026	Muni	100	Single	RFRSwap	3.715809	3.597375	0.392822325	-0.2521569	0.003980838	 40 	0.3657	0.0284	0	0	0	0	0	0.3604	0	-137.6258	-125.03	0	0	0	0	0	0	0	0.129	0.001321941	1.10954057	0.2276	0.002328207	0.95985112	0.2565	0.002617064	0.69746962	0.2552	0.002590335	0.17673684	0.4258	0.004308807	-0.13577808	0.8311	0.00835725	-0.78095474
233_PUB_HTM	612926	3516944X9	MUNI	IG-2	FRAMINGHAM MA		4	47423	645000	645000	0	647972.85	646920.42	100.4609	100.29774	-1052.43	7/31/2026	Muni	100	Single	RFRSwap	3.899974	3.846206	0.627757728	-0.729793	0.006359044	 41 	0.3034	0.0792	0.2482	0.0296	0	0	0	0.5455	0	-163.7053	-108.3608	0	0	0	0	0	0	0	0.1292	0.001324217	1.20989353	0.2278	0.002332199	1.0599469	0.2568	0.002621529	0.79711666	0.2865	0.002910108	0.27550015	1.0668	0.010771727	-0.32660695	2.0093	0.019970352	-1.90746747
233_PUB_HTM	612104	3516944Y7	MUNI	IG-2	FRAMINGHAM MA		4	47788	785000	785000	0	788519.08	787160.08	100.4483	100.27517	-1358.99	7/31/2026	Muni	100	Single	RFRSwap	3.927814	3.883317	0.756564498	-1.014992	0.00766212	 60 	0.2938	0.0741	0.1869	0.1995	0	0	0	0.6186	0	-173.5143	-99.3215	0	0	0	0	0	0	0	0.1292	0.001325037	1.25356971	0.2279	0.002333635	1.10353051	0.2569	0.002623135	0.84053879	0.358	0.003637116	0.31860423	1.4901	0.015015868	-0.50726749	2.5918	0.025584463	-2.56130827
233_PUB_HTM	612971	3516946S8	MUNI	IG-2	FRAMINGHAM MA		4	48183	1240000	1240000	0	1266634.95	1257095.51	102.148	101.37867	-9539.44	7/31/2026	Muni	100	Single	RFRSwap	3.711834	3.553512	2.116289377	-0.7628859	0.021595744	 268 	0.5478	0.472	0.2057	0.8471	0.0476	0	0	1.9253	0	-161.7077	-121.7036	0	0	0	0	0	0	0	1.1728	0.012781725	6.93481444	1.2908	0.013900692	5.6465348	1.3169	0.013995209	4.23081173	1.9329	0.019946203	1.14723601	2.7412	0.027634814	-1.23277957	3.4604	0.033812426	-4.33298054
233_PUB_HTM	611339	3516946T6	MUNI	IG-2	FRAMINGHAM MA		4	48549	1135000	1135000	0	1159043.41	1149442.08	102.1184	101.27243	-9601.33	7/31/2026	Muni	100	Single	RFRSwap	3.771519	3.62197	2.351385355	-0.9896656	0.02396981	 272 	0.5112	0.484	0.2356	0.9087	0.26	0	0	2.1942	0	-164.463	-113.5987	0	0	0	0	0	0	0	1.1731	0.012789893	7.09086167	1.291	0.013909524	5.80176085	1.3172	0.014005315	4.38514066	2.1139	0.021801971	1.19689592	3.1383	0.031534158	-1.4562836	3.9908	0.03868293	-5.00769786
233_PUB_HTM	611383	357172YA7	MUNI	IG-2	FREMONT CA UNION HIGH SCH DIST		4	48427	1500000	1500000	0	1525659.93	1513127.1	101.7107	100.87514	-12532.83	7/31/2026	Muni	100	Single	RFRSwap	3.83533	3.679648	1.942492247	-1.09791	0.019983416	 300 	0.6372	0.1961	0.1919	0.7739	0.1573	0	0	1.7713	0	-157.2543	-100.3878	0	0	0	0	0	0	0	1	0.010834188	5.46719287	0.9897	0.010616171	4.39473733	0.9796	0.010404678	3.34375483	1.62	0.016831413	1.0193112	2.7541	0.027995573	-1.22615742	3.7071	0.036467854	-4.50234591
233_PUB_HTM	612711	357172YB5	MUNI	IG-2	FREMONT CA UNION HIGH SCH DIST		4	48792	2000000	2000000	0	2034062.9	2014823.4	101.7031	100.74117	-19239.5	7/31/2026	Muni	100	Single	RFRSwap	3.87808	3.721392	2.188718081	-1.28053	0.022487147	 450 	0.6184	0.191	0.1834	0.7928	0.3813	0	0	1.9589	0	-157.9289	-86.7542	0	0	0	0	0	0	0	1.0001	0.010836703	5.61751146	0.9897	0.010618622	4.54480766	0.9796	0.010407069	3.49358306	1.9045	0.019757174	0.99999117	3.2783	0.033140432	-1.65079453	4.3502	0.042309742	-5.48115794
233_PUB_HTM	611347	357172YC3	MUNI	IG-2	FREMONT CA UNION HIGH SCH DIST		4	49157	1000000	1000000	0	1016853.74	1006395.9	101.6854	100.63959	-10457.84	7/31/2026	Muni	100	Single	RFRSwap	3.906138	3.754151	2.422329664	-1.533215	0.024862692	 249 	0.5861	0.2122	0.1893	0.7215	0.7002	0	0	2.1082	0	-160.129	-76.39854	0	0	0	0	0	0	0	1.0002	0.010841931	5.75308619	0.9899	0.01062372	4.67986612	0.9798	0.01041204	3.62813812	2.251	0.023305777	0.89421852	3.8972	0.039115433	-2.27094936	5.0522	0.04845218	-6.73583709
233_PUB_HTM	612689	3582322X3	MUNI	IG-2	FRESNO CA UNIF SCH DIST		4	49157	500000	500000	0	500000	500000	100	100	0	7/31/2026	Muni	100	Single	RFRSwap	0	0	0	0	0	 -   	0	0	0	0	0	0	0	0	0	100	100	0	0	0	0	0	0	0	0	0	0	0	0	0	0	0	0	0	0	0	0	0	0	0	0	0
233_PUB_HTM	611437	3582323D6	MUNI	IG-2	FRESNO CA UNIF SCH DIST		4	48427	1000000	1000000	0	1000000	1000286	100	100.0286	286	7/31/2026	Muni	100	Single	RFRSwap	3.994592	4	0.971065104	-2.195	0.009907641	 99 	0.2349	0.0776	0.0923	0.4591	0.0842	0	0	0.6966	0	-138.8992	-22.33316	0	0	0	0	0	0	0	0.1263	0.001298474	0.7587751	0.126	0.001293446	0.62917941	0.1257	0.001288449	0.50008498	0.1482	0.001516017	0.24338696	2.3456	0.023727631	-0.8703394	3.8592	0.037791222	-4.10288525
233_PUB_HTM	611529	3582323E4	MUNI	IG-2	FRESNO CA UNIF SCH DIST		4	48792	500000	500000	0	500000	500113.65	100	100.02273	113.65	7/31/2026	Muni	100	Single	RFRSwap	3.996245	4	1.058409929	-2.494176	0.010798187	 54 	0.2359	0.0816	0.0923	0.4304	0.2082	0	0	0.9323	0	-146.7594	-25.14037	0	0	0	0	0	0	0	0.1264	0.00129912	0.7746639	0.126	0.001294085	0.64500395	0.1257	0.001289083	0.51584583	0.2596	0.002654794	0.25902215	2.9253	0.029499711	-1.17968449	4.5008	0.043669008	-4.99858549
233_PUB_HTM	611415	358586NH4	MUNI	IG-2	FRIENDSWOOD TX INDEP SCH DIST		4	47894	2000000	2000000	0	2000000	2000757.2	100	100.03786	757.2	7/31/2026	Muni	100	Single	RFRSwap	3.990452	3.999654	0.908611	-1.566778	0.009257138	 185 	0.2536	0.0841	0.1956	0.3445	0	0	0	0.7125	0	-126.2891	-19.37983	0	0	0	0	0	0	0	0.1454	0.001495306	0.95667358	0.1605	0.001648538	0.80465092	0.1647	0.001688958	0.63539571	0.2547	0.002602277	0.28201304	1.7991	0.018210528	-0.6640872	3.0708	0.030296719	-3.22274288
AFS	614351	36176CUU7	Agency MBS 30yr	A-3-Q	GOVERNMENT NATIONAL MORTGAGE A	0.02541632	4	51653	20240149	514430.1	26500.69	519957.97	476517.83	101.0746	92.6302378	-43440.14	7/31/2026	Model2501	100	LMMSOFRFLAT	RFRSwap	5.633085	3.779976	4.565755367	0.1835357	0.042444892	 218 	0.1199	0.1866	0.4332	1.3522	2.1529	0.3246	0.0033	5.7331	7.1838	126.3887	100.5899	0.02541632	19.4183	4.5	182	93373.7422	NA	NA	3.449	0.036423042	12.64258831	4.1773	0.042445198	8.64653539	4.4791	0.043571845	4.31357855	4.5863	0.040729754	-4.15626709	4.6652	0.039558854	-8.16729835	4.7318	0.038280725	-12.06208091
AFS	614345	36176D4B6	Agency MBS 30yr	A-3-Q	GOVERNMENT NATIONAL MORTGAGE A	0.0375019	4	51622	32000000	1200060.8	105377.58	1217070.26	1114508.97	101.4174	92.8710424	-102561.28	7/31/2026	Model2501	100	LMMSOFRFLAT	RFRSwap	5.73353	3.67707	4.186434269	0.1262677	0.039019398	 468 	0.1308	0.2027	0.4643	1.4441	1.8365	0.1102	0.0033	5.1033	6.7566	140.0773	115.4295	0.0375019	17.1907	4.5	183	102527.1953	NA	NA	3.2325	0.033884831	11.61952409	3.8567	0.03900345	7.92787722	4.1081	0.039913673	3.95519413	4.2285	0.037787203	-3.84095351	4.285	0.036696874	-7.56403833	4.3115	0.035368402	-11.17122331
AFS	613434	36176D6N8	Agency MBS 30yr	A-3-Q	GOVERNMENT NATIONAL MORTGAGE A	0.04481681	4	51561	20061401	899088	108415.51	905554.46	829975.61	100.7192	92.3130568	-75578.85	7/31/2026	Model2501	100	LMMSOFRFLAT	RFRSwap	5.798778	3.842785	4.38068819	0.1543559	0.040585496	 365 	0.1233	0.192	0.4466	1.4022	2.0135	0.2042	0.0053	5.3967	7.0679	144.5989	119.773	0.04481681	15.9919	4.5	186	97472	NA	NA	3.507	0.036787007	12.24812221	4.0875	0.041261472	8.29886454	4.3134	0.041741285	4.1241065	4.4292	0.039268129	-3.98968457	4.5107	0.038242612	-7.8649577	4.539	0.036777124	-11.6217552
AFS	613441	36176DHF3	Agency MBS 30yr	A-3-Q	GOVERNMENT NATIONAL MORTGAGE A	0.05336083	4	51561	42697515	2278374.84	366374.64	2301654.6	2103237.46	101.0218	92.3130568	-198417.13	7/31/2026	Model2501	100	LMMSOFRFLAT	RFRSwap	5.820316	3.774457	4.298092842	0.1084306	0.039820276	 907 	0.1313	0.1983	0.4517	1.3812	1.945	0.1917	0.0041	5.3114	7.3547	146.4836	122.1835	0.05336083	15.0456	4.5	186	137579.9688	NA	NA	3.1019	0.032356437	11.66362265	3.8765	0.039028514	8.0346552	4.1894	0.040500142	4.02602552	4.3756	0.038817637	-3.93276015	4.4622	0.037874926	-7.76753852	4.4968	0.036493316	-11.49247487
AFS	612272	36176DKU6	Agency MBS 30yr	A-3-Q	GOVERNMENT NATIONAL MORTGAGE A	0.0445613	4	51592	33464337	1491214.36	299502.88	1509391.64	1384851.49	101.219	92.8673656	-124540.16	7/31/2026	Model2501	100	LMMSOFRFLAT	RFRSwap	5.669702	3.733423	4.333788872	0.1192911	0.040391214	 602 	0.1298	0.1987	0.4531	1.3896	1.9707	0.194	0.0027	5.3517	7.2021	131.7629	106.9226	0.0445613	16.1405	4.5	184	104056.2812	NA	NA	3.1602	0.033200804	11.85763358	3.9134	0.039665345	8.1582759	4.2272	0.041125145	4.08654611	4.4007	0.039261766	-3.98301977	4.4837	0.038264591	-7.85860287	4.5238	0.036904007	-11.62280681
AFS	612527	36176EBV2	Agency MBS 30yr	A-3-Q	GOVERNMENT NATIONAL MORTGAGE A	0.04055901	4	51622	25000000	1013975.25	175843.03	1027295.9	942776.21	101.3137	92.9782274	-84519.69	7/31/2026	Model2501	100	LMMSOFRFLAT	RFRSwap	5.607201	3.719769	4.422354698	0.1307034	0.041265681	 418 	0.1227	0.191	0.4488	1.4078	2.0528	0.2021	0.0023	5.4743	6.6711	125.2532	100.1067	0.04055901	16.7617	4.5	183	142918.8906	NA	NA	3.1627	0.03333107	12.07643116	3.9731	0.040383708	8.33101815	4.3098	0.042015057	4.1760468	4.4864	0.040040061	-4.06447572	4.5663	0.038949419	-8.01455802	4.5811	0.037324958	-11.83478433
AFS	613534	36176EYA3	Agency MBS 30yr	A-3-Q	GOVERNMENT NATIONAL MORTGAGE A	0.05091472	4	51622	27375438	1393812.76	91865.32	1408175.4	1295925.15	101.0305	92.9769899	-112250.26	7/31/2026	Model2501	100	LMMSOFRFLAT	RFRSwap	5.608038	3.779783	4.422646046	0.1468087	0.04126785	 575 	0.126	0.1942	0.4466	1.3788	2.0427	0.2362	0.0028	5.4845	7.1716	124.9611	99.83495	0.05091472	15.5044	4.5	183	91402.2188	NA	NA	3.2866	0.034668643	12.17443051	4.0051	0.040718593	8.35710094	4.3211	0.042127222	4.18229039	4.4713	0.039907422	-4.05738054	4.5599	0.038902279	-7.996247	4.6057	0.037530717	-11.82365281
AFS	613620	36176MAH6	Agency MBS 30yr	A-3-Q	GOVERNMENT NATIONAL MORTGAGE A	0.03234743	4	51622	2818335	91165.89	4621.21	92026.67	84573.79	100.9442	92.7691094	-7452.88	7/31/2026	Model2501	100	LMMSOFRFLAT	RFRSwap	5.584648	3.808813	4.640791893	0.1659611	0.043206908	 39 	0.1193	0.185	0.4299	1.3571	2.2066	0.3445	0.0031	5.8113	7.0374	121.3544	95.38056	0.03234743	18.0084	4.5	183	86171.6797	NA	NA	3.6449	0.03867007	12.99159299	4.2864	0.043691549	8.82832913	4.5594	0.044451531	4.39137122	4.6838	0.041621152	-4.24049558	4.7504	0.040267982	-8.33452962	4.7742	0.038586199	-12.28087547
AFS	613277	36176MUP6	Agency MBS 30yr	A-3-Q	GOVERNMENT NATIONAL MORTGAGE A	0.02666072	4.5	51653	3336817	88961.94	4821.39	94822.83	85025.27	106.5881	95.5748834	-9797.56	7/31/2026	Model2501	100	LMMSOFRFLAT	RFRSwap	5.455044	3.214456	4.602193832	0.1218936	0.044157997	 39 	0.1179	0.1877	0.437	1.3821	2.2032	0.281	-0.0026	5.8494	6.2378	108.6086	82.66242	0.02666072	19.2952	5	182	88961.9453	NA	NA	3.1622	0.034336723	12.63581308	3.9769	0.041654065	8.79101164	4.4257	0.044434138	4.45028047	4.6523	0.04261769	-4.3444896	4.6743	0.040868185	-8.51758352	4.6773	0.039025441	-12.51396844
AFS	614460	36176NBE0	Agency MBS 30yr	A-3-Q	GOVERNMENT NATIONAL MORTGAGE A	0.12130088	4.5	51653	4909659	595545.96	35790.77	631391.79	565698.26	106.019	94.9881783	-65693.53	7/31/2026	Model2501	100	LMMSOFRFLAT	RFRSwap	5.566946	3.3157	4.681447983	0.167704	0.044643775	 266 	0.1148	0.1816	0.4268	1.3875	2.275	0.3	0.0003	5.9206	6.0913	120.2589	93.69511	0.12130088	10.7167	4.856	182	96897.6016	NA	NA	3.6197	0.0393392	13.31639698	4.2673	0.044568803	9.07919665	4.5793	0.045745347	4.53200914	4.7142	0.042892173	-4.37887107	4.7396	0.041131407	-8.58002234	4.7261	0.039116845	-12.59546753
AFS	613507	36176W5P2	Agency MBS 30yr	A-3-Q	GOVERNMENT NATIONAL MORTGAGE A	0.08306733	3.5	51867	6864133	570185.2	43729.83	591134.05	520355.42	103.674	91.2607723	-70778.63	7/31/2026	Model2501	100	LMMSOFRFLAT	RFRSwap	5.401219	2.77684	4.698257923	0.1890375	0.043013696	 245 	0.1096	0.1734	0.4202	1.4136	2.3011	0.2816	0.0043	5.7609	5.9082	104.4995	77.51691	0.08306733	13.3134	4	176	95030.8672	NA	NA	3.7542	0.039268993	13.04641684	4.3863	0.044031281	8.83220021	4.6327	0.044443257	4.38045557	4.7327	0.041334093	-4.21537837	4.7761	0.039775126	-8.27237986	4.758	0.03777805	-12.15306016
HTM	613586	36176XQB8	Agency MBS 15yr	A-3-Q	GOVERNMENT NATIONAL MORTGAGE A	0.00400146	3	46508	30000000	120043.8	345836.37	120290.23	119435.59	100.2053	99.4933415	-854.64	7/31/2026	Model2501	100	LMMSOFRFLAT	RFRSwap	4.184508	2.065772	0.337170571	0.003134894	0.003363052	 4 	0.337	0	0	0.0001	0	0	0	0.3434	29.6875	23.3325	22.81615	0.00400146	17.7439	3.5	171	NA	NA	NA	0.3428	0.00345464	1.02289042	0.3411	0.003425357	0.67889073	0.3392	0.00339452	0.33787795	0.3354	0.003334073	-0.3348195	0.3337	0.003306512	-0.6668655	0.3318	0.003276587	-0.99602613
HTM	613431	36178EL49	Agency MBS 30yr	A-3-Q	GOVERNMENT NATIONAL MORTGAGE A	0.14613696	3	52352	5145012	751876.41	43916.31	778714.21	671750.58	103.5694	89.343218	-106963.63	7/31/2026	Model2501	100	LMMSOFRFLAT	RFRSwap	5.113281	2.369321	5.290524006	0.1839679	0.04739951	 356 	0.0912	0.147	0.372	1.359	2.7083	0.6088	0.0106	6.424	5.78	70.8575	44.41039	0.14613696	11.0114	3.5	159	140085.5	NA	NA	4.261	0.044326615	14.43428637	4.9112	0.048775069	9.72120507	5.1721	0.04883033	4.81758456	5.3764	0.045665819	-4.65534598	5.3957	0.043421842	-9.11776055	5.3195	0.040574469	-13.31815176
HTM	613587	36178EL80	Agency MBS 30yr	A-3-Q	GOVERNMENT NATIONAL MORTGAGE A	0.20551743	3	52352	4432136	910881.2	124467.03	942836.69	816184.9	103.5082	89.6038799	-126651.8	7/31/2026	Model2501	100	LMMSOFRFLAT	RFRSwap	5.176003	2.342436	5.009246349	0.1683561	0.045010023	 410 	0.1009	0.1594	0.3933	1.3915	2.5316	0.4286	0.0094	6.0254	5.9448	79.2444	53.24679	0.20551743	8.7205	3.5	160	123571.9062	NA	NA	4.1708	0.043235268	13.8068996	4.7185	0.046764795	9.2557656	4.9174	0.046434779	4.57557386	5.094	0.043516245	-4.42668052	5.1256	0.041601166	-8.69094935	5.0539	0.038981806	-12.72137505
HTM	614529	36178ELN7	Agency MBS 30yr	A-3-Q	GOVERNMENT NATIONAL MORTGAGE A	0.10277509	3	52352	12454062	1279967.34	385077.88	1327720.18	1143896.34	103.7308	89.3691813	-183823.84	7/31/2026	Model2501	100	LMMSOFRFLAT	RFRSwap	5.113101	2.339889	5.27784729	0.1946573	0.047299635	 605 	0.0918	0.1484	0.3734	1.3638	2.7002	0.5967	0.0102	6.4066	5.7617	71.1566	44.55972	0.10277509	13.3589	3.5	161	126785.2969	NA	NA	4.3373	0.045155764	14.49177168	4.9352	0.049029715	9.72797784	5.1727	0.04884633	4.81274225	5.35	0.045463894	-4.6399528	5.3609	0.043176733	-9.07894445	5.2864	0.040368382	-13.25663414
HTM	614094	36178ELR8	Agency MBS 30yr	A-3-Q	GOVERNMENT NATIONAL MORTGAGE A	0.17066084	3	52352	5505403	939556.7	59942.2	972938.49	840894.08	103.5529	89.4990242	-132044.41	7/31/2026	Model2501	100	LMMSOFRFLAT	RFRSwap	5.158414	2.348032	5.166625023	0.146503	0.046369955	 436 	0.1015	0.1654	0.3904	1.3729	2.6074	0.5245	0.011	6.1699	6.1035	76.1866	50.46031	0.17066084	9.9999	3.5	160	153439.7031	NA	NA	3.9787	0.04121137	13.83045877	4.654	0.046148695	9.40933858	5.0274	0.047486216	4.706439	5.2602	0.044808414	-4.56522151	5.2801	0.042664807	-8.9462981	5.1788	0.039709736	-13.07087607
HTM	614098	36178ELV9	Agency MBS 30yr	A-3-Q	GOVERNMENT NATIONAL MORTGAGE A	0.18042105	3.5	52352	5441876	981828.98	59285.94	1034433.09	885713	105.3578	90.2105172	-148720.09	7/31/2026	Model2501	100	LMMSOFRFLAT	RFRSwap	5.49782	2.536153	5.101205826	0.1918903	0.046167023	 453 	0.0979	0.1566	0.3882	1.3719	2.5879	0.4963	0.008	6.3061	5.6885	110.3513	84.21602	0.18042105	9.6938	4	160	121267.7656	NA	NA	4.1531	0.04343684	14.08766394	4.7617	0.047610536	9.48374759	5.0039	0.047637451	4.69769373	5.1683	0.044432618	-4.53034197	5.1903	0.042366188	-8.87662003	5.1234	0.039716903	-12.9822634
HTM	613191	36178ELY3	Agency MBS 30yr	A-3-Q	GOVERNMENT NATIONAL MORTGAGE A	0.16256333	3	52352	4790306	778728.1	47034.17	806444.03	696751.79	103.5591	89.473052	-109692.23	7/31/2026	Model2501	100	LMMSOFRFLAT	RFRSwap	5.057536	2.378345	5.355138779	0.2338734	0.048047941	 374 	0.0878	0.1438	0.3643	1.3675	2.8078	0.5795	0.0104	6.4863	5.1392	66.4065	38.99608	0.16256333	10.3174	3.5	161	163525.125	NA	NA	4.5486	0.047584452	14.8900848	5.0655	0.050483912	9.93890118	5.271	0.049877044	4.90186235	5.3923	0.045848042	-4.69752984	5.3652	0.043226231	-9.15529771	5.2656	0.040225755	-13.32921359
HTM	613283	36178ELZ0	Agency MBS 30yr	A-3-Q	GOVERNMENT NATIONAL MORTGAGE A	0.14650318	3	52352	6158629	902258.73	55798.64	934343.04	807044.11	103.556	89.4470817	-127298.93	7/31/2026	Model2501	100	LMMSOFRFLAT	RFRSwap	5.105515	2.366596	5.258762836	0.177321	0.047169566	 426 	0.0901	0.1475	0.3751	1.38	2.7013	0.5619	0.0103	6.3609	5.6335	70.499	44.22447	0.14650318	11.0372	3.5	160	158025.5781	NA	NA	4.14	0.043033991	14.25057408	4.8344	0.048022263	9.63720624	5.1276	0.048448712	4.78899206	5.3393	0.045418553	-4.63239076	5.3477	0.043118846	-9.06673656	5.2684	0.040281624	-13.23752667
HTM	614013	36178EM22	Agency MBS 30yr	A-3-Q	GOVERNMENT NATIONAL MORTGAGE A	0.1806195	3	52383	19661408	3551233.68	325428.48	3612714.66	3175552.69	101.7313	89.4211131	-437161.97	7/31/2026	Model2501	100	LMMSOFRFLAT	RFRSwap	5.103106	2.687065	5.280466557	0.1746549	0.047350533	 1,682 	0.0903	0.1474	0.3738	1.3757	2.7146	0.5752	0.0104	6.3885	5.6335	69.9713	43.8518	0.1806195	9.6661	3.5	159	150583.3125	NA	NA	4.127	0.042894386	14.26514795	4.8338	0.048013788	9.65798275	5.1399	0.048559476	4.80427347	5.3644	0.045608383	-4.65108491	5.3724	0.043284375	-9.10320539	5.2909	0.04041269	-13.28945509
HTM	613252	36178EM55	Agency MBS 15yr	A-3-Q	GOVERNMENT NATIONAL MORTGAGE A	0.01130398	3	46661	8315599	93999.36	188699.31	94420.51	93403.48	100.448	99.3660767	-1017.04	7/31/2026	Model2501	100	LMMSOFRFLAT	RFRSwap	4.410162	1.521821	0.374525279	0.003753229	0.003730874	 4 	0.3744	0	0	0.0001	0	0	0	0.3825	26.5625	43.9845	43.32195	0.01130398	13.4246	3.5	170	10960.1357	NA	NA	0.3817	0.003845616	1.13668245	0.3795	0.003808753	0.75391223	0.377	0.003769407	0.37499902	0.3724	0.003695532	-0.37129126	0.3702	0.003660306	-0.73911638	0.3678	0.003622819	-1.1032577
HTM	614848	36178EMA4	Agency MBS 30yr	A-3-Q	GOVERNMENT NATIONAL MORTGAGE A	0.07199671	3.5	52352	3831208	275834.37	19693.08	291957.11	249632.01	105.8451	90.5006915	-42325.1	7/31/2026	Model2501	100	LMMSOFRFLAT	RFRSwap	5.552576	2.387871	4.815328121	0.2090597	0.043719497	 121 	0.1109	0.1724	0.409	1.3558	2.3701	0.3931	0.009	5.9109	6.5063	117.5825	91.76093	0.07199671	15.8207	4	160	72212.8438	NA	NA	4.2939	0.044866033	13.69543174	4.6632	0.046576697	9.08902114	4.7838	0.045570236	4.46729714	4.8631	0.042069264	-4.28527151	4.9247	0.040566355	-8.41908539	4.928	0.038640041	-12.38269893
HTM	613850	36178EMH9	Agency MBS 30yr	A-3-Q	GOVERNMENT NATIONAL MORTGAGE A	0.2107902	4	52352	1302154	274481.3	13417.32	291666.85	254347.93	106.2611	92.6649379	-37318.93	7/31/2026	Model2501	100	LMMSOFRFLAT	RFRSwap	5.472809	2.885272	5.061625957	0.1808586	0.047072247	 129 	0.106	0.1662	0.3992	1.3173	2.4725	0.6022	0.0036	6.4518	6.5308	106.5964	80.15659	0.2107902	8.7915	4.5	160	102289.5	NA	NA	3.9072	0.041834638	14.07206797	4.6006	0.047192175	9.58083003	4.9343	0.04824565	4.77718472	5.1227	0.045274973	-4.61710365	5.1871	0.04354018	-9.05936519	5.1863	0.041329831	-13.30739113
HTM	614755	36178EMJ5	Agency MBS 30yr	A-3-Q	GOVERNMENT NATIONAL MORTGAGE A	0.15508729	3.5	52352	9801254	1520049.92	105656.07	1608681.73	1367471.56	105.8308	89.9622796	-241210.17	7/31/2026	Model2501	100	LMMSOFRFLAT	RFRSwap	5.573105	2.446559	5.051850796	0.1952688	0.045594946	 693 	0.1018	0.161	0.3931	1.3434	2.511	0.5378	0.0098	6.2652	6.3416	117.4189	91.56822	0.15508729	10.7689	4	160	90976.5859	NA	NA	4.2616	0.044452291	14.05592365	4.7776	0.047614943	9.40867022	4.9765	0.047226831	4.64622159	5.1231	0.043945704	-4.47503776	5.1864	0.042250432	-8.78941567	5.1557	0.039881676	-12.8991729
HTM	614709	36178EMK2	Agency MBS 30yr	A-3-Q	GOVERNMENT NATIONAL MORTGAGE A	0.21044784	3	52352	7913753	1665432.23	171019.53	1725409.8	1476118.44	103.6013	88.6327538	-249291.36	7/31/2026	Model2501	100	LMMSOFRFLAT	RFRSwap	5.244799	2.37165	5.396944046	0.1785979	0.047969524	 799 	0.096	0.1579	0.3747	1.3316	2.7341	0.6968	0.0132	6.5155	5.9753	83.1608	56.89632	0.21044784	8.556	3.5	160	137823.9688	NA	NA	4.2694	0.044117954	14.4533193	4.8988	0.048333783	9.78261375	5.2634	0.049350291	4.87853445	5.4749	0.046083968	-4.70941613	5.4853	0.043705758	-9.20449174	5.3741	0.040551499	-13.4254176
HTM	613257	36178EMN6	Agency MBS 30yr	A-3-Q	GOVERNMENT NATIONAL MORTGAGE A	0.22731114	3	52352	3129472	711363.85	37677.62	736927.34	632843.76	103.5936	88.9620362	-104083.57	7/31/2026	Model2501	100	LMMSOFRFLAT	RFRSwap	5.047709	2.407577	5.654558182	0.2558752	0.050445467	 359 	0.0783	0.1315	0.3414	1.3347	3.0014	0.7619	0.0122	6.9038	4.6936	63.5271	35.97853	0.22731114	7.975	3.5	160	177060.3906	NA	NA	4.667	0.048887849	15.54111076	5.2756	0.052560307	10.41707025	5.5468	0.052338965	5.14765439	5.6842	0.04791173	-4.92331723	5.6298	0.044839166	-9.56537038	5.5041	0.041463643	-13.87971982
HTM	613963	36178EMP1	Agency MBS 30yr	A-3-Q	GOVERNMENT NATIONAL MORTGAGE A	0.18629661	3.5	52352	975204	181677.2	8728.97	192054.81	163212.69	105.7121	89.8366372	-28842.12	7/31/2026	Model2501	100	LMMSOFRFLAT	RFRSwap	5.526098	2.504839	5.244504452	0.2166075	0.047267832	 86 	0.0968	0.1548	0.3822	1.3346	2.6184	0.6536	0.0098	6.5398	6.2317	111.6768	85.43236	0.18629661	9.4885	4	159	103613.5312	NA	NA	4.4584	0.046703774	14.62734008	4.9636	0.049584858	9.76886599	5.1633	0.049024619	4.82005625	5.3067	0.045370393	-4.63136626	5.3305	0.043210302	-9.06610052	5.2678	0.0404961	-13.25305094
HTM	613386	36178EN21	Agency MBS 30yr	A-3-Q	GOVERNMENT NATIONAL MORTGAGE A	0.08144973	3	52383	11206211	912742.86	114081.85	927335.26	817133.03	101.5987	89.5249982	-110202.22	7/31/2026	Model2501	100	LMMSOFRFLAT	RFRSwap	5.099085	2.707628	5.233383656	0.2211302	0.046982702	 429 	0.0934	0.1504	0.3763	1.3719	2.7037	0.5332	0.0099	6.3196	5.5054	71.069	44.0069	0.08144973	15.0009	3.5	158	109309.4297	NA	NA	4.5635	0.047654729	14.65150322	4.9995	0.049752176	9.73967194	5.1647	0.048842251	4.79413149	5.2799	0.04497233	-4.5985985	5.2762	0.042626895	-8.98394694	5.1986	0.039855476	-13.10896793
HTM	613273	36178EN39	Agency MBS 30yr	A-3-Q	GOVERNMENT NATIONAL MORTGAGE A	0.1805874	3	52383	5983339	1080515.63	67265.33	1097477.74	968173.68	101.5698	89.6029316	-129304.05	7/31/2026	Model2501	100	LMMSOFRFLAT	RFRSwap	5.087457	2.711835	5.217419147	0.2027047	0.04688004	 507 	0.0906	0.1486	0.3753	1.388	2.7119	0.4994	0.0105	6.2862	5.3101	69.8991	43.0946	0.1805874	9.6674	3.5	159	130210.5391	NA	NA	4.3485	0.045334872	14.40190591	4.8968	0.048723862	9.64887736	5.1184	0.048432309	4.77118811	5.271	0.044940047	-4.59348483	5.2592	0.042536784	-8.97236247	5.1746	0.03972343	-13.08726221
HTM	613106	36178EN62	Agency MBS 30yr	A-3-Q	GOVERNMENT NATIONAL MORTGAGE A	0.12571155	3.5	52383	2488383	312818.48	18474.2	324342.29	281849.77	103.6839	90.1001014	-42492.52	7/31/2026	Model2501	100	LMMSOFRFLAT	RFRSwap	5.536639	2.823887	5.068825722	0.2381803	0.045818012	 143 	0.1026	0.1606	0.3894	1.3411	2.5633	0.507	0.0097	6.2695	5.9204	114.9424	88.2739	0.12571155	12.2772	4	158	68802.3281	NA	NA	4.6547	0.048834786	14.5234855	4.9516	0.049501311	9.57774322	5.0476	0.047993887	4.69165266	5.1017	0.043829817	-4.47940952	5.1375	0.041934039	-8.76912116	5.1072	0.039602313	-12.84891511
HTM	613435	36178END7	Agency MBS 30yr	A-3-Q	GOVERNMENT NATIONAL MORTGAGE A	0.14296239	3	52171	12664623	1810564.77	172336.71	1841897.77	1620908.08	101.7306	89.5249982	-220989.69	7/31/2026	Model2501	100	LMMSOFRFLAT	RFRSwap	5.136767	2.678581	5.219382286	0.2547878	0.046857003	 848 	0.1002	0.1669	0.3932	1.3771	2.6486	0.5274	0.0112	6.2039	5.8777	75.102	48.19725	0.14296239	11.1335	3.5	169	95342.1797	NA	NA	4.29	0.044614587	14.22260728	4.7961	0.047644619	9.56586625	5.0892	0.048118204	4.77518935	5.2542	0.044762194	-4.58134118	5.253	0.04245878	-8.94692075	5.1502	0.039514415	-13.05154685
HTM	612526	36178ENX3	Agency MBS 30yr	A-3-Q	GOVERNMENT NATIONAL MORTGAGE A	0.1233658	3.5	52383	12969507	1599993.61	179918.91	1659390.03	1442700.51	103.7123	90.1691424	-216689.52	7/31/2026	Model2501	100	LMMSOFRFLAT	RFRSwap	5.508762	2.822981	5.100687981	0.1990702	0.046141237	 738 	0.0984	0.1574	0.3897	1.3659	2.5804	0.5057	0.0087	6.3004	5.7861	111.4912	85.31422	0.1233658	12.4034	4	158	114268.4141	NA	NA	4.2506	0.044472698	14.16684623	4.7944	0.047925998	9.50140903	5.0131	0.047704376	4.69877184	5.1647	0.044382546	-4.52561225	5.1951	0.042387176	-8.8699328	5.1351	0.039787192	-12.98050358
AFS	614265	36178EP45	Agency MBS 30yr	A-3-Q	GOVERNMENT NATIONAL MORTGAGE A	0.12437079	3	52413	2548536	316963.44	48833.16	313212.22	285480.98	98.8165	90.0674789	-27731.24	7/31/2026	Model2501	100	LMMSOFRFLAT	RFRSwap	5.305912	3.249483	4.495364666	0.1753783	0.040601	 129 	0.1099	0.175	0.4253	1.4673	2.146	0.1703	0.0093	5.3153	5.9143	96.74	70.82902	0.12437079	12.3317	3.5	158	62050.7891	NA	NA	4.1397	0.042683858	12.79040649	4.4108	0.043564558	8.45104028	4.4807	0.042325884	4.14477444	4.5411	0.039202869	-3.98760399	4.5901	0.03785684	-7.84324138	4.5734	0.036028355	-11.54014919
AFS	613340	36178EP78	Agency MBS 30yr	A-3-Q	GOVERNMENT NATIONAL MORTGAGE A	0.15126913	3	52413	13394735	2026209.91	111554.03	2002425.32	1809755.1	98.8262	89.3172564	-192670.21	7/31/2026	Model2501	100	LMMSOFRFLAT	RFRSwap	5.179679	3.217667	5.165356159	0.1372603	0.046264678	 937 	0.1012	0.1575	0.381	1.3398	2.5907	0.5901	0.0119	6.2447	6.4209	77.1588	51.71703	0.15126913	10.9873	3.5	158	142209.4219	NA	NA	4.0468	0.041872159	13.90157283	4.719	0.046710812	9.41708707	5.0265	0.047377206	4.68785246	5.2778	0.044864673	-4.56039363	5.3284	0.042950645	-8.9599168	5.2562	0.040181898	-13.12012706
AFS	613766	36178EP86	Agency MBS 30yr	A-3-Q	GOVERNMENT NATIONAL MORTGAGE A	0.12506689	4	52048	17175260	2148056.35	139366.21	2216818.22	1997208.57	103.2011	92.9774756	-219609.64	7/31/2026	Model2501	100	LMMSOFRFLAT	RFRSwap	5.54546	3.354532	4.625826836	0.1607469	0.043163963	 927 	0.1145	0.1799	0.4288	1.4173	2.2355	0.2516	0.0027	5.7326	6.0059	118.7444	92.60619	0.12506689	12.1951	4.5	180	92991.3516	NA	NA	3.685	0.039175216	12.99846545	4.2817	0.043727908	8.81715508	4.5415	0.044368464	4.38407293	4.6717	0.041611776	-4.23894466	4.7059	0.039994404	-8.32213326	4.6707	0.037875719	-12.21857665
AFS	612777	36178EPR4	Agency MBS 30yr	A-3-Q	GOVERNMENT NATIONAL MORTGAGE A	0.07416681	3.5	52079	23494936	1742544.45	145247.12	1751846.36	1584179.98	100.5338	90.9118831	-167666.39	7/31/2026	Model2501	100	LMMSOFRFLAT	RFRSwap	5.3564	3.399261	5.064431667	0.1887668	0.046189416	 805 	0.0949	0.1557	0.3903	1.4189	2.61	0.3944	0.006	6.2145	4.9927	97.6259	71.05308	0.07416681	15.6774	4	172	215673.4688	NA	NA	3.9471	0.041491169	13.91471628	4.6585	0.046882331	9.43574104	4.9463	0.04743306	4.69168929	5.1051	0.044249356	-4.52614451	5.0735	0.041790362	-8.83317483	4.9799	0.03900772	-12.87368258
AFS	613822	36178EPU7	Agency MBS 30yr	A-3-Q	GOVERNMENT NATIONAL MORTGAGE A	0.11425545	3.5	52110	23889429	2729497.46	420910.46	2743835.67	2476936.17	100.5253	90.7469673	-266899.5	7/31/2026	Model2501	100	LMMSOFRFLAT	RFRSwap	5.465923	3.396308	4.967460155	0.1268954	0.04522308	 1,234 	0.1077	0.1756	0.4133	1.403	2.4706	0.3971	0.0085	5.9907	6.0059	108.4347	82.7622	0.11425545	12.8119	4	174	132430.8125	NA	NA	3.8801	0.04054147	13.44809312	4.5082	0.045149889	9.11247314	4.7742	0.045636557	4.5510308	5.0189	0.043463845	-4.43850273	5.025	0.04138251	-8.68619802	4.9527	0.038799986	-12.69694718
AFS	614582	36178EPY9	Agency MBS 30yr	A-3-Q	GOVERNMENT NATIONAL MORTGAGE A	0.12848201	3.5	52140	18219910	2340930.66	425686.74	2353388.75	2130114.36	100.5322	90.9943382	-223274.39	7/31/2026	Model2501	100	LMMSOFRFLAT	RFRSwap	5.45376	3.391944	4.777532578	0.1900126	0.043612186	 1,021 	0.1106	0.1746	0.415	1.3926	2.3476	0.3356	0.0067	5.8334	6.2744	108.8021	82.43527	0.12848201	12.0056	4	174	85032.8672	NA	NA	4.0869	0.042814948	13.47429273	4.5572	0.045705538	9.00759219	4.7194	0.045178287	4.44356353	4.8156	0.041901354	-4.27414718	4.8518	0.040222999	-8.3833828	4.8208	0.038076963	-12.30117264
AFS	613392	36178EPZ6	Agency MBS 30yr	A-3-Q	GOVERNMENT NATIONAL MORTGAGE A	0.06112016	4	51987	17053801	1042331.05	250012.6	1075178.24	969169.35	103.1513	92.9809543	-106008.89	7/31/2026	Model2501	100	LMMSOFRFLAT	RFRSwap	5.739215	3.281523	4.099124908	0.137429	0.038250692	 399 	0.1471	0.1979	0.4294	1.3514	1.8451	0.1287	0.0029	5.0286	7.5439	140.2893	115.5126	0.06112016	16.9004	4.5	182	117940.9844	NA	NA	3.3459	0.035085626	11.54673947	3.8419	0.038853224	7.81667476	4.0455	0.039321739	3.88481635	4.1279	0.036966961	-3.76053508	4.1519	0.035672732	-7.39513643	4.1085	0.03387009	-10.87543892
AFS	613754	36178EQA0	Agency MBS 30yr	A-3-Q	GOVERNMENT NATIONAL MORTGAGE A	0.05128298	4.5	51926	7262902	372463.26	20592.62	389215.83	356807.33	104.4978	95.7966508	-32408.5	7/31/2026	Model2501	100	LMMSOFRFLAT	RFRSwap	5.418905	3.596362	4.550536633	0.1231258	0.043763261	 163 	0.1214	0.19	0.4368	1.3739	2.1644	0.2696	-0.0015	5.7584	6.4941	105.0461	79.45585	0.05128298	18.0572	5	184	87070.9531	NA	NA	3.3773	0.036772173	12.70949052	3.999	0.041958876	8.7529878	4.392	0.044177648	4.41514414	4.6109	0.042356521	-4.30920965	4.6579	0.040850326	-8.46974399	4.6682	0.039073676	-12.46908721
AFS	613293	36178EQC6	Agency MBS 30yr	A-3-Q	GOVERNMENT NATIONAL MORTGAGE A	0.1846412	3.5	52140	10513350	1941197.56	295115.96	1969412.97	1775994.44	101.4535	91.4896289	-193418.53	7/31/2026	Model2501	100	LMMSOFRFLAT	RFRSwap	5.413859	3.196475	4.614724159	0.1994391	0.042354535	 822 	0.1175	0.185	0.4288	1.408	2.2213	0.2528	0.0068	5.5693	6.4819	106.6636	80.24466	0.1846412	9.5002	4	174	52444.6641	NA	NA	4.2445	0.044617981	13.33827951	4.5151	0.045417666	8.80986463	4.5883	0.044095695	4.32358518	4.6224	0.040510368	-4.14143917	4.6418	0.038838778	-8.10973694	4.6271	0.036961321	-11.901463
AFS	613585	36178EQR3	Agency MBS 30yr	A-3-Q	GOVERNMENT NATIONAL MORTGAGE A	0.1689373	4	52140	3802017	642302.49	126163.39	662417.15	597201.47	103.1317	92.9782274	-65215.69	7/31/2026	Model2501	100	LMMSOFRFLAT	RFRSwap	5.592618	3.348081	4.49540472	0.2051174	0.041947324	 269 	0.1205	0.1873	0.4352	1.4137	2.1262	0.2131	0.0039	5.5429	6.4575	124.9032	98.504	0.1689373	10.1916	4.5	180	48520.9531	NA	NA	3.9823	0.042358045	13.05523152	4.3398	0.04427233	8.7031244	4.4767	0.043691516	4.28632308	4.4936	0.040088098	-4.09963246	4.5058	0.038427871	-8.02564819	4.4944	0.03664387	-11.7792659
AFS	612894	36178ER68	Agency MBS 30yr	A-3-Q	GOVERNMENT NATIONAL MORTGAGE A	0.21805646	3.5	52140	1436941	313334.27	41379.93	316954.92	282188.71	101.1555	90.0599583	-34766.21	7/31/2026	Model2501	100	LMMSOFRFLAT	RFRSwap	5.561962	3.281755	5.028292179	0.2688271	0.045431435	 142 	0.1035	0.1634	0.3932	1.3466	2.5282	0.4885	0.0098	6.2168	6.1951	118.3357	91.14052	0.21805646	8.414	4	169	39408.7305	NA	NA	4.8794	0.051249728	14.68225923	5.0321	0.050290026	9.58681599	5.0473	0.047959633	4.66833876	5.0268	0.043192152	-4.42761803	5.0294	0.041094452	-8.64278979	4.9879	0.038763199	-12.63767423
AFS	613866	36178ERB7	Agency MBS 30yr	A-3-Q	GOVERNMENT NATIONAL MORTGAGE A	0.10593603	3.5	52413	13290952	1407990.69	117443.08	1430011.38	1268408.06	101.564	90.0863951	-161603.32	7/31/2026	Model2501	100	LMMSOFRFLAT	RFRSwap	5.535075	3.209065	5.054751873	0.2198304	0.045683865	 643 	0.1026	0.1612	0.3913	1.3435	2.5367	0.5159	0.0084	6.278	6.0181	114.3765	87.81049	0.10593603	13.4932	4	157	83587.8672	NA	NA	4.3206	0.04516938	14.16672566	4.8134	0.048058145	9.46413896	4.9986	0.047508575	4.66516423	5.1033	0.043839425	-4.4736961	5.1544	0.04206318	-8.77126767	5.1253	0.039728362	-12.86411498
AFS	613031	36178ERC5	Agency MBS 30yr	A-3-Q	GOVERNMENT NATIONAL MORTGAGE A	0.14791793	3	52413	18398219	2721426.47	169660.85	2689587.97	2433529.84	98.8301	89.4211131	-256058.13	7/31/2026	Model2501	100	LMMSOFRFLAT	RFRSwap	5.113524	3.213276	5.253903866	0.1756043	0.047112342	 1,282 	0.0927	0.1501	0.3771	1.3656	2.6914	0.5728	0.0106	6.3555	5.7251	71.167	44.94018	0.14791793	11.1545	3.5	158	130218.6719	NA	NA	4.2026	0.043688979	14.28662597	4.851	0.048174523	9.63725457	5.1268	0.048425365	4.78436227	5.3405	0.045416534	-4.6292723	5.3596	0.043199804	-9.0678897	5.2827	0.040372204	-13.24752159
AFS	613557	36178ERN1	Agency MBS 30yr	A-3-Q	GOVERNMENT NATIONAL MORTGAGE A	0.09763299	3	52413	2947634	287786.32	17411.86	284420.9	257767.21	98.8306	89.5689579	-26653.69	7/31/2026	Model2501	100	LMMSOFRFLAT	RFRSwap	5.286882	3.232664	4.79420805	0.1526673	0.043061074	 124 	0.1056	0.1676	0.4118	1.4216	2.3714	0.3116	0.0099	5.7104	6.0791	91.7644	66.47617	0.09763299	13.8801	3.5	158	109903.6875	NA	NA	4.0339	0.041555583	13.19817165	4.5266	0.044659674	8.84264047	4.7096	0.044361465	4.37411355	4.8781	0.041746408	-4.239934	4.9266	0.040140633	-8.34175748	4.8754	0.037822306	-12.24154928
AFS	613807	36178ERP6	Agency MBS 30yr	A-3-Q	GOVERNMENT NATIONAL MORTGAGE A	0.1718129	3.5	52413	1940652	333429.05	128891.73	338355.8	299616.86	101.4776	89.8592551	-38738.93	7/31/2026	Model2501	100	LMMSOFRFLAT	RFRSwap	5.471181	3.241019	5.35938549	0.2032423	0.048315354	 161 	0.0879	0.1444	0.3688	1.3622	2.777	0.6161	0.0093	6.6617	5.1514	105.8868	79.7035	0.1718129	10.1857	4	157	123492.2969	NA	NA	4.2089	0.044079989	14.57993728	4.9062	0.049073163	9.87185678	5.2212	0.049632076	4.90802492	5.4252	0.046339355	-4.736418	5.4094	0.043764111	-9.24749287	5.3158	0.040759552	-13.47487316
AFS	613377	36178ERS0	Agency MBS 30yr	A-3-Q	GOVERNMENT NATIONAL MORTGAGE A	0.1222576	3	52444	8713467	1065287.56	56724.16	1042691.5	944193.7	97.8789	88.6327538	-98497.8	7/31/2026	Model2501	100	LMMSOFRFLAT	RFRSwap	5.229016	3.381884	5.380274773	0.2003695	0.047821362	 509 	0.0918	0.1503	0.3713	1.3383	2.733	0.6902	0.0118	6.5513	5.835	81.7978	55.11921	0.1222576	12.5329	3.5	158	126155.9297	NA	NA	4.2827	0.04427889	14.50778354	4.9471	0.048819661	9.80015786	5.2621	0.0493333	4.86891671	5.4626	0.045989569	-4.69290815	5.4854	0.043717481	-9.18551456	5.3968	0.040731102	-13.41025605
AFS	613147	36178ERZ4	Agency MBS 30yr	A-3-Q	GOVERNMENT NATIONAL MORTGAGE A	0.05429143	3.5	52444	6081859	330192.82	118496.72	332348.14	296442.01	100.6527	89.7784543	-35906.13	7/31/2026	Model2501	100	LMMSOFRFLAT	RFRSwap	5.553763	3.381235	5.195807934	0.1981564	0.046798706	 155 	0.0984	0.155	0.3829	1.3317	2.6049	0.6177	0.0103	6.4725	6.0852	114.3541	88.45747	0.05429143	17.9816	4	157	100530.1016	NA	NA	4.3323	0.045250908	14.38020585	4.8809	0.048668165	9.64107738	5.1038	0.0484019	4.76517531	5.2786	0.045119051	-4.5944119	5.3336	0.043229882	-9.01873229	5.2819	0.040595762	-13.21251423
AFS	612993	36178ES42	Agency MBS 30yr	A-3-Q	GOVERNMENT NATIONAL MORTGAGE A	0.19842298	4	51926	2212864	439083.07	22518.28	452905.26	406891.41	103.148	92.6684351	-46013.85	7/31/2026	Model2501	100	LMMSOFRFLAT	RFRSwap	5.557727	3.391496	4.788799763	0.1514214	0.044536684	 196 	0.1115	0.1751	0.418	1.3675	2.3292	0.3896	0.003	6.0149	6.4575	117.5734	91.55463	0.19842298	9.1397	4.5	177	105035.5078	NA	NA	3.6504	0.038781043	13.23582972	4.3442	0.044328704	9.04028968	4.6707	0.045547035	4.51378672	4.8519	0.042999681	-4.37763777	4.9112	0.04145062	-8.60234731	4.8978	0.039356604	-12.64647504
AFS	614026	36178ESP5	Agency MBS 30yr	A-3-Q	GOVERNMENT NATIONAL MORTGAGE A	0.18220655	4	51926	1699738	309703.4	16299.69	319079.34	287122.05	103.0274	92.7087188	-31957.29	7/31/2026	Model2501	100	LMMSOFRFLAT	RFRSwap	5.602184	3.393471	4.76362896	-0.03362286	0.044321783	 137 	0.123	0.1979	0.4306	1.3523	2.2854	0.3751	0.006	5.8124	7.0618	122.5501	96.98824	0.18220655	9.7033	4.5	176	69710.8516	NA	NA	3.7602	0.039887745	13.03618508	4.2686	0.043492593	8.84834208	4.5556	0.044405054	4.43083919	4.8622	0.043098398	-4.4018871	4.8565	0.041007936	-8.60349267	4.835	0.038894303	-12.5988337
AFS	613545	36178ESS9	Agency MBS 30yr	A-3-Q	GOVERNMENT NATIONAL MORTGAGE A	0.15966246	3.5	52079	3883617	620067.84	31099.58	627047.12	558596.77	101.1256	90.0863951	-68450.35	7/31/2026	Model2501	100	LMMSOFRFLAT	RFRSwap	5.47471	3.296514	5.27487278	0.1625414	0.047673278	 296 	0.0911	0.1537	0.3838	1.3804	2.7048	0.5603	0.0096	6.4849	5.4016	107.0627	81.17091	0.15966246	10.6296	4	174	174030.2344	NA	NA	4.0494	0.042359892	14.23031311	4.7786	0.047804702	9.66156328	5.0958	0.048511475	4.82003075	5.3285	0.04566754	-4.67391252	5.3024	0.043088052	-9.11706355	5.2039	0.040122014	-13.27886265
AFS	614214	36178ESY6	Agency MBS 30yr	A-3-Q	GOVERNMENT NATIONAL MORTGAGE A	0.11080812	4.5	51592	1975757	218929.92	153190.08	234490.22	211807.43	107.1074	96.7466799	-22682.79	7/31/2026	Model2501	100	LMMSOFRFLAT	RFRSwap	5.258134	2.985039	4.227506638	0.09482098	0.041058257	 90 	0.1315	0.2046	0.465	1.4275	1.8862	0.119	-0.0027	5.2587	6.5918	91.7524	66.75378	0.11080812	13.1938	5	185	91017.0391	NA	NA	2.9999	0.032644458	11.69785105	3.6453	0.038364831	8.12414011	4.054	0.041045677	4.12481338	4.2801	0.039835781	-4.0488988	4.317	0.038489584	-7.9644551	4.3323	0.036989152	-11.74075633
AFS	613846	36178ETM1	Agency MBS 30yr	A-3-Q	GOVERNMENT NATIONAL MORTGAGE A	0.16158387	3	52444	12741490	2058819.26	100832.62	2020258.1	1824788.21	98.127	88.6327538	-195469.89	7/31/2026	Model2501	100	LMMSOFRFLAT	RFRSwap	5.235321	3.337157	5.32669878	0.1730136	0.047345165	 975 	0.0885	0.1422	0.3691	1.3445	2.7059	0.6723	0.0128	6.5171	5.8716	81.7288	55.5796	0.16158387	10.6238	3.5	157	139793.2969	NA	NA	4.0455	0.041690201	14.1694103	4.8375	0.047659632	9.63940964	5.1761	0.04849058	4.79983785	5.4404	0.045820847	-4.65886589	5.4977	0.043834247	-9.15062826	5.4286	0.040980157	-13.39370925
AFS	614086	36178ETN9	Agency MBS 30yr	A-3-Q	GOVERNMENT NATIONAL MORTGAGE A	0.07634533	3.5	52444	11515473	879152.59	45968.18	888699.87	789807.75	101.086	89.8373916	-98892.12	7/31/2026	Model2501	100	LMMSOFRFLAT	RFRSwap	5.558683	3.3009	5.10996294	0.1767713	0.046055619	 405 	0.1023	0.1589	0.3903	1.3289	2.5264	0.5992	0.0092	6.3863	6.3293	114.9247	89.07268	0.07634533	15.8013	4	157	124541.0781	NA	NA	3.9413	0.040972274	13.82647529	4.6718	0.046498161	9.3999449	4.9925	0.047332231	4.67793808	5.2023	0.044533111	-4.52699449	5.3052	0.043087494	-8.91193981	5.2868	0.040719159	-13.10850959
AFS	613332	36178ETP4	Agency MBS 30yr	A-3-Q	GOVERNMENT NATIONAL MORTGAGE A	0.03563043	4	52444	4020661	143257.88	10726.32	147832.39	133200.14	103.1932	92.9792755	-14632.24	7/31/2026	Model2501	100	LMMSOFRFLAT	RFRSwap	5.627692	3.32009	4.373593807	0.179817	0.040811144	 58 	0.1266	0.1951	0.4457	1.4081	2.0208	0.1777	0.003	5.3832	6.5857	128.4091	102.928	0.03563043	20.723	4.5	156	79717.6094	NA	NA	3.5341	0.03733214	12.32024165	4.0696	0.041372959	8.3509254	4.314	0.042046629	4.15345679	4.3776	0.039099842	-3.99489903	4.4244	0.037818577	-7.83564475	4.4711	0.036554355	-11.55637581
AFS	614363	36178ETQ2	Agency MBS 30yr	A-3-Q	GOVERNMENT NATIONAL MORTGAGE A	0.07985828	3.5	52444	3902477	311645.1	130915.66	315389.97	280292.15	101.2016	89.939534	-35097.82	7/31/2026	Model2501	100	LMMSOFRFLAT	RFRSwap	5.510715	3.282486	5.19974184	0.2431522	0.046917897	 146 	0.0977	0.1538	0.3777	1.3385	2.66	0.5681	0.0085	6.4789	5.5664	111.6239	84.38341	0.07985828	15.4265	4	157	107979.0859	NA	NA	4.5977	0.048264127	14.74255568	5.0196	0.050202072	9.7817336	5.1615	0.049051523	4.80139144	5.2338	0.044824876	-4.58570632	5.2453	0.042628225	-8.96257886	5.1784	0.039945431	-13.09257753
AFS	613067	36178ETR0	Agency MBS 30yr	A-3-Q	GOVERNMENT NATIONAL MORTGAGE A	0.16400889	3	52444	3028865	496760.79	328002.62	487241.99	442572.03	98.0838	89.0915798	-44669.96	7/31/2026	Model2501	100	LMMSOFRFLAT	RFRSwap	5.227098	3.358871	5.13563776	0.1957909	0.045882601	 228 	0.0995	0.1561	0.3834	1.3339	2.5777	0.5794	0.0115	6.2532	6.3171	82.7952	56.48109	0.16400889	10.449	3.5	157	85732.3281	NA	NA	4.4011	0.045587581	14.24165821	4.8938	0.048370685	9.49867249	5.0684	0.047652975	4.67885658	5.222	0.044300489	-4.50651272	5.2963	0.042625971	-8.85851438	5.268	0.040214945	-13.00388302
HTM	614038	36178ETV1	Agency MBS 30yr	A-3-Q	GOVERNMENT NATIONAL MORTGAGE A	0.07278788	3.5	52475	8124060	591333.1	29753.49	585799.27	531487.47	99.0642	89.8795395	-54311.79	7/31/2026	Model2501	100	LMMSOFRFLAT	RFRSwap	5.505226	3.672062	5.210402012	0.2171837	0.046982825	 278 	0.0979	0.153	0.3781	1.3349	2.649	0.5947	0.0074	6.5234	5.5908	110.3959	83.27042	0.07278788	16.23	4	156	101930.7969	NA	NA	4.2078	0.043980882	14.35175228	4.8581	0.048508599	9.68042329	5.1281	0.048697855	4.79141658	5.2687	0.04508454	-4.60149663	5.3217	0.043185994	-9.01969348	5.2661	0.040528819	-13.20940451
HTM	614557	36178EU72	Agency MBS 30yr	A-3-Q	GOVERNMENT NATIONAL MORTGAGE A	0.06356319	4.5	52505	1609317	102293.32	4223.57	108175.18	97983.2	105.75	95.786507	-10191.98	7/31/2026	Model2501	100	LMMSOFRFLAT	RFRSwap	5.359885	3.440192	4.841893196	0.06407924	0.046560377	 48 	0.1183	0.1819	0.4217	1.2983	2.2491	0.5841	-0.0066	6.3486	7.5012	93.4242	68.77041	0.06356319	17.5312	5	155	113659.25	NA	NA	2.8668	0.03124463	12.8246197	3.9732	0.041826192	9.10891906	4.5773	0.046148896	4.65975797	4.9648	0.045455106	-4.60682921	5.0793	0.04422529	-9.09115679	5.1396	0.042518508	-13.43468427
HTM	613601	36178EUA5	Agency MBS 30yr	A-3-Q	GOVERNMENT NATIONAL MORTGAGE A	0.20438677	4	52475	2318970	473966.79	23817.94	489500.79	438757.35	103.2774	92.5713277	-50743.44	7/31/2026	Model2501	100	LMMSOFRFLAT	RFRSwap	5.513692	3.394943	4.982706547	0.1576739	0.046291668	 219 	0.1067	0.1679	0.4055	1.3489	2.4629	0.4929	0.0021	6.3124	6.0608	111.6116	85.49227	0.20438677	9.3098	4.5	156	120668.6562	NA	NA	3.6585	0.038973577	13.62540402	4.4471	0.04547587	9.35428564	4.8333	0.047169011	4.6874432	5.0566	0.044677414	-4.54942989	5.123	0.043016698	-8.93660183	5.1062	0.040735181	-13.12941209
HTM	612170	36178EUF4	Agency MBS 30yr	A-3-Q	GOVERNMENT NATIONAL MORTGAGE A	0.0465936	4	52505	5457430	254281.31	118927.08	265707.6	235628.73	104.4936	92.6645898	-30078.86	7/31/2026	Model2501	100	LMMSOFRFLAT	RFRSwap	5.434493	3.212224	5.171512604	0.2295683	0.048093993	 122 	0.1017	0.1622	0.3894	1.3074	2.5531	0.6573	0.0042	6.5878	6.0852	102.4081	75.1629	0.0465936	19.3378	4.5	155	80442.0625	NA	NA	3.8841	0.04164074	14.21006016	4.5981	0.04723613	9.73100257	5.0146	0.049084362	4.88507939	5.1818	0.045757324	-4.69471326	5.1975	0.043576151	-9.15678376	5.2243	0.041576281	-13.41541475
HTM	613393	36178EUG2	Agency MBS 30yr	A-3-Q	GOVERNMENT NATIONAL MORTGAGE A	0.16249861	3	52505	1896219	308132.95	14366.55	304729.2	271463.1	98.8954	88.0993405	-33266.1	7/31/2026	Model2501	100	LMMSOFRFLAT	RFRSwap	5.23185	3.187919	5.587898254	0.2248969	0.049368713	 152 	0.0798	0.1327	0.3489	1.3386	2.9106	0.7724	0.0128	6.8714	5.0659	80.8709	53.84132	0.16249861	10.7657	3.5	157	163358.1406	NA	NA	4.334	0.044758212	14.92337245	5.1091	0.050304174	10.10986484	5.4456	0.050845262	5.02064642	5.6536	0.047216453	-4.832984	5.6349	0.044473372	-9.42383699	5.5332	0.041297466	-13.71318914
HTM	613730	36178EUH0	Agency MBS 30yr	A-3-Q	GOVERNMENT NATIONAL MORTGAGE A	0.0360958	3.5	52475	3399204	122696.99	167868.79	123676.02	110227.15	100.7979	89.836886	-13448.86	7/31/2026	Model2501	100	LMMSOFRFLAT	RFRSwap	5.541967	3.354876	5.162415028	0.2216904	0.046528097	 57 	0.1024	0.1613	0.3913	1.3174	2.5482	0.6376	0.0092	6.4531	6.3049	113.6593	87.15986	0.0360958	20.7098	4	156	90874.8438	NA	NA	4.3044	0.044946067	14.29028718	4.8405	0.048269872	9.59196194	5.0821	0.048215605	4.74455826	5.2124	0.044604458	-4.55450065	5.2729	0.042817459	-8.92581925	5.2657	0.040561367	-13.09870515
HTM	613759	36178EUJ6	Agency MBS 30yr	A-3-Q	GOVERNMENT NATIONAL MORTGAGE A	0.18123771	4	52475	1632911	295945.05	21588.46	305811.5	274245.16	103.3339	92.6675964	-31566.34	7/31/2026	Model2501	100	LMMSOFRFLAT	RFRSwap	5.47408	3.39246	5.030549526	0.1165332	0.04678458	 138 	0.101	0.164	0.4035	1.3657	2.5255	0.4732	0.0027	6.3473	5.5664	106.8204	81.45234	0.18123771	10.1411	4.5	156	208317.1094	NA	NA	3.3713	0.03585415	13.34940791	4.3069	0.044061523	9.30306487	4.811	0.047008511	4.70908486	5.1357	0.045393284	-4.61377586	5.1946	0.043599196	-9.06840966	5.1517	0.04105638	-13.30609775
HTM	613236	36178EUK3	Agency MBS 30yr	A-3-Q	GOVERNMENT NATIONAL MORTGAGE A	0.14235468	3	52475	4690246	667678.47	58968.24	649948.34	597218.91	97.3445	89.4470817	-52729.44	7/31/2026	Model2501	100	LMMSOFRFLAT	RFRSwap	5.165007	3.50579	5.057560921	0.2503619	0.045364846	 303 	0.1017	0.1579	0.3833	1.3308	2.5576	0.5222	0.0099	6.1734	6.189	78.385	50.58513	0.14235468	11.5912	3.5	156	77342.1719	NA	NA	4.5518	0.047359988	14.34961344	4.9358	0.048960544	9.49709125	5.0472	0.047619779	4.65140353	5.0904	0.043402869	-4.43332528	5.1429	0.041661616	-8.68860462	5.1399	0.03954953	-12.75153573
HTM	613052	36178EUL1	Agency MBS 30yr	A-3-Q	GOVERNMENT NATIONAL MORTGAGE A	0.03468681	3.5	52505	2713851	94134.83	4131.32	95980.57	84565.78	101.9607	89.8347366	-11414.79	7/31/2026	Model2501	100	LMMSOFRFLAT	RFRSwap	5.513705	3.151702	5.156234264	0.2036627	0.046471287	 44 	0.0994	0.1602	0.394	1.3145	2.4943	0.6892	0.01	6.4846	6.5857	109.6659	83.3782	0.03468681	21.0978	4	155	104594.2578	NA	NA	3.5534	0.036828265	13.51503505	4.5109	0.044886157	9.3789183	5.0041	0.047459565	4.71475059	5.2047	0.044538919	-4.55145213	5.2812	0.042887546	-8.91818066	5.341	0.0411276	-13.12267627
HTM	614020	36178EUM9	Agency MBS 30yr	A-3-Q	GOVERNMENT NATIONAL MORTGAGE A	0.11425938	3.5	52475	4706482	537759.72	30532.03	541853.03	482786.89	100.7612	89.777437	-59066.13	7/31/2026	Model2501	100	LMMSOFRFLAT	RFRSwap	5.503886	3.365522	5.248022556	0.2386972	0.047268469	 254 	0.0974	0.1529	0.3758	1.3152	2.6375	0.6668	0.0081	6.6128	5.8411	109.6809	82.32957	0.11425938	13.1935	4	156	86433.0234	NA	NA	4.2131	0.044023454	14.42326858	4.8792	0.048699211	9.74171482	5.1675	0.049036354	4.82499878	5.2897	0.045199867	-4.62087659	5.349	0.043337762	-9.04901758	5.3306	0.040940095	-13.26719633
AFS	614437	36178EUN7	Agency MBS 30yr	A-3-Q	GOVERNMENT NATIONAL MORTGAGE A	0.08604384	4	52475	5688069	489423.3	22807.49	505691.89	453523.8	103.324	92.6649379	-52168.1	7/31/2026	Model2501	100	LMMSOFRFLAT	RFRSwap	5.459024	3.402395	5.035793781	0.1276899	0.04683201	 229 	0.1049	0.1688	0.4089	1.3223	2.4454	0.5895	0.0012	6.4454	6.3354	103.913	78.5153	0.08604384	15.2617	4.5	156	137093.125	NA	NA	3.1316	0.03322896	13.11179618	4.2054	0.042998351	9.24634512	4.7939	0.046839386	4.70819656	5.1299	0.04534075	-4.61265805	5.2136	0.043758359	-9.06632933	5.2617	0.041905504	-13.35554136
AFS	614146	36178EUP2	Agency MBS 15yr	A-3-Q	GOVERNMENT NATIONAL MORTGAGE A	0.08305065	3	46997	1916039	159128.28	86864.3	159400.82	156862.07	100.1713	98.5758552	-2538.76	7/31/2026	Model2501	100	LMMSOFRFLAT	RFRSwap	4.645668	2.666006	0.806601882	0.0125818	0.007971312	 13 	0.5535	0.2506	0.0004	0.0015	0.0002	0.0004	0	0.8407	20.1172	53.7524	53.75503	0.08305065	4.4312	3.5	156	50690.7031	NA	NA	0.8273	0.008379094	2.45298591	0.8213	0.008249711	1.62128501	0.8134	0.00810383	0.8035895	0.8017	0.007859131	-0.7913712	0.7954	0.007735845	-1.5714141	0.7867	0.007591165	-2.33779837
AFS	613390	36178EUQ0	Agency MBS 30yr	A-3-Q	GOVERNMENT NATIONAL MORTGAGE A	0.10828733	4	52475	5486549	594123.74	37399.43	613599.57	550901.38	103.2781	92.7250244	-62698.19	7/31/2026	Model2501	100	LMMSOFRFLAT	RFRSwap	5.416347	3.422621	5.236400127	0.1859187	0.048729081	 290 	0.0985	0.1559	0.382	1.3332	2.6573	0.6122	0.0021	6.6607	5.5481	100.8884	73.9353	0.10828733	13.743	4.5	155	130123.9688	NA	NA	4.01	0.043154839	14.56008741	4.7398	0.048807543	9.91571411	5.0953	0.049936093	4.94535872	5.3047	0.046828926	-4.77950151	5.3396	0.044691551	-9.36079997	5.2813	0.041914769	-13.693967
HTM	614666	36178EUR8	Agency MBS 30yr	A-3-Q	GOVERNMENT NATIONAL MORTGAGE A	0.16548316	3.5	52475	2201912	364379.36	38751.94	367193.06	333413.12	100.7722	91.5016486	-33779.95	7/31/2026	Model2501	100	LMMSOFRFLAT	RFRSwap	5.416021	3.336091	4.53297472	0.1675557	0.041609678	 152 	0.12	0.1842	0.4338	1.4169	2.1595	0.218	0.0044	5.5093	6.2317	106.572	80.73431	0.16548316	10.721	4	156	113210.9219	NA	NA	3.5607	0.037140384	12.51165291	4.1966	0.042090513	8.50260247	4.4575	0.042802483	4.23032972	4.5811	0.040179357	-4.08640158	4.666	0.039074797	-8.04916542	4.6806	0.037404023	-11.87988776
AFS	614326	36178EUS6	Agency MBS 30yr	A-3-Q	GOVERNMENT NATIONAL MORTGAGE A	0.06261157	4.5	52475	1265699	79247.4	5635.41	83437.42	76995.02	105.2873	97.1577829	-6442.4	7/31/2026	Model2501	100	LMMSOFRFLAT	RFRSwap	5.177639	3.324209	4.185371399	0.1366543	0.04082109	 32 	0.1344	0.2063	0.4646	1.4604	1.843	0.0798	-0.001	5.1172	6.3599	85.9179	60.15675	0.06261157	17.5052	5	156	88052.7188	NA	NA	3.4506	0.037888858	12.2717534	3.8811	0.04107476	8.29975516	4.1053	0.041738577	4.13764134	4.2047	0.03932428	-4.00881659	4.2307	0.037933029	-7.87067965	4.2429	0.036464158	-11.59188198
HTM	613653	36178EUY3	Agency MBS 30yr	A-3-Q	GOVERNMENT NATIONAL MORTGAGE A	0.16190739	4	52505	2794941	452521.6	22990.71	470551.22	419329.66	103.9843	92.6651148	-51221.55	7/31/2026	Model2501	100	LMMSOFRFLAT	RFRSwap	5.451366	3.290333	5.083981037	0.1643702	0.047280233	 214 	0.1041	0.1671	0.4061	1.3326	2.4829	0.5924	0.0036	6.4444	6.1462	103.3577	77.52749	0.16190739	11.0184	4.5	155	103861.7031	NA	NA	3.261	0.034650274	13.25952195	4.235	0.043332394	9.32061302	4.8248	0.047164194	4.75579139	5.158	0.045572724	-4.64420242	5.2354	0.043914422	-9.11798157	5.2721	0.041956175	-13.41756873
AFS	614390	36178GEM2	Agency MBS 30yr	A-3-Q	GOVERNMENT NATIONAL MORTGAGE A	0.08233879	3.5	52048	12824556	1055958.42	60240.76	1095078.29	953022.46	103.7047	90.2518928	-142055.83	7/31/2026	Model2501	100	LMMSOFRFLAT	RFRSwap	5.506666	2.818457	5.017603874	0.2444525	0.045431174	 480 	0.1013	0.1604	0.3924	1.3603	2.534	0.4679	0.0069	6.2339	5.78	112.6652	85.20481	0.08233879	13.9359	4	170	88868.3359	NA	NA	4.3146	0.045172028	14.15199507	4.8108	0.048103668	9.44675957	4.982	0.047424063	4.64779212	5.0441	0.043431405	-4.43958308	5.0755	0.041544583	-8.69054582	5.0418	0.039231244	-12.7319432
HTM	613992	36178NCD9	Agency MBS 15yr	A-3-Q	GOVERNMENT NATIONAL MORTGAGE A	0.00671168	3	46600	5208306	34956.48	68051.5	35060.93	34712.83	100.2988	99.3029746	-348.1	7/31/2026	Model2501	100	LMMSOFRFLAT	RFRSwap	4.4396	2.01439	0.411253035	0.004051446	0.004094146	 1 	0.4107	0	0.0001	0.0003	0.0001	0.0001	0	0.4208	25	45.2958	44.82847	0.00671168	16.6431	3.5	169	11427.748	NA	NA	0.4176	0.004209558	1.24677375	0.4162	0.004178258	0.82730003	0.4138	0.004136444	0.41150024	0.4091	0.004056115	-0.40749135	0.4069	0.00401783	-0.81124723	0.404	0.003972578	-1.21078327
HTM	614622	36179DG61	Agency MBS 15yr	A-3-Q	GOVERNMENT NATIONAL MORTGAGE A	0.01618846	3	46905	10001000	161900.79	175376.07	162763.9	160012.22	100.5331	98.8335005	-2751.68	7/31/2026	Model2501	100	LMMSOFRFLAT	RFRSwap	4.577955	2.071254	0.675121367	0.009915078	0.006689339	 11 	0.566	0.1078	0.0002	0.0009	0	0.0002	0	0.7007	21.875	49.5771	51.31194	0.01618846	15.7652	3.5	158	13482.3438	NA	NA	0.6919	0.006997624	2.05400469	0.6871	0.006901285	1.35895624	0.6811	0.006794451	0.6740921	0.6713	0.00660666	-0.66455503	0.6681	0.006531122	-1.32162742	0.6624	0.006433008	-1.9698962
AFS	614126	36179DMZ0	Agency MBS 15yr	A-3-Q	GOVERNMENT NATIONAL MORTGAGE A	0.01630249	2.5	46813	11408005	185978.89	224085.75	185586.3	183451.97	99.7889	98.6412861	-2134.33	7/31/2026	Model2501	100	LMMSOFRFLAT	RFRSwap	4.572052	2.69632	0.614785135	0.007613285	0.006077128	 11 	0.5551	0.0583	0.0002	0.0009	0.0001	0.0002	0	0.6355	21.4844	50.7026	52.5532	0.01630249	12.9657	3	161	15449.3887	NA	NA	0.6307	0.006351489	1.86349828	0.6254	0.006258929	1.2329118	0.6196	0.006162916	0.61184168	0.6118	0.006010571	-0.60426711	0.6079	0.005936199	-1.20189626	0.6021	0.005843794	-1.79083403
HTM	613427	36179M4K3	Agency MBS 15yr	A-3-Q	GOVERNMENT NATIONAL MORTGAGE A	0.01298124	3	46813	5703000	74032.01	85511.74	74366.82	73237.83	100.4522	98.927243	-1128.99	7/31/2026	Model2501	100	LMMSOFRFLAT	RFRSwap	4.413695	2.102101	0.657037973	0.009135099	0.006516321	 5 	0.5707	0.0852	0.0002	0.0007	0.0001	0.0002	0	0.6808	22.2656	34.3381	35.80318	0.01298124	15.9388	3.35	161	17046.752	NA	NA	0.6723	0.006802462	1.9990889	0.6682	0.006715672	1.32298777	0.6625	0.006614291	0.6564206	0.6534	0.006437919	-0.64752644	0.6499	0.006361417	-1.28769736	0.644	0.006263052	-1.918961
HTM	613813	36179MAG5	Agency MBS 15yr	A-3-Q	GOVERNMENT NATIONAL MORTGAGE A	0.00375833	3	46478	24784837	93149.6	267194.07	93270.46	92659.43	100.1298	99.4737839	-611.04	7/31/2026	Model2501	100	LMMSOFRFLAT	RFRSwap	4.194923	2.106029	0.315512806	0.002696394	0.003146413	 3 	0.3154	0	0	0	0	0	0	0.3208	29.6875	25.8254	25.67992	0.00375833	17.2784	3.32	172	NA	NA	NA	0.3204	0.003226263	0.95608397	0.3189	0.003200736	0.63471903	0.3172	0.003173555	0.31599511	0.314	0.003121084	-0.31335009	0.3125	0.003096491	-0.62424273	0.3108	0.003070162	-0.93257581
AFS	613477	36179MAG5	Agency MBS 15yr	A-3-Q	GOVERNMENT NATIONAL MORTGAGE A	0.00375833	3	46478	22392280	84157.58	242199.6	84380.05	83714.73	100.2644	99.4737839	-665.33	7/31/2026	Model2501	100	LMMSOFRFLAT	RFRSwap	4.194923	1.682347	0.315512806	0.002696394	0.003146413	 3 	0.3154	0	0	0	0	0	0	0.3208	29.6875	25.8254	25.67992	0.00375833	17.2784	3.32	172	NA	NA	NA	0.3204	0.003226263	0.95608397	0.3189	0.003200736	0.63471903	0.3172	0.003173555	0.31599511	0.314	0.003121084	-0.31335009	0.3125	0.003096491	-0.62424273	0.3108	0.003070162	-0.93257581
HTM	614457	36179MAX8	Agency MBS 30yr	A-3-Q	GOVERNMENT NATIONAL MORTGAGE A	0.06535108	3.5	51957	3559420	232611.94	32612.08	237398.56	213113.67	102.0578	91.6176834	-24284.89	7/31/2026	Model2501	100	LMMSOFRFLAT	RFRSwap	5.351782	3.069173	4.657734394	0.1311782	0.042808935	 100 	0.114	0.1768	0.4223	1.3851	2.2357	0.3238	0.0076	5.6643	7.0129	97.8591	72.62429	0.06535108	14.9762	3.821	172	113681.2578	NA	NA	3.6649	0.03839837	12.8645838	4.3057	0.04332801	8.72103941	4.5536	0.043826979	4.33805949	4.7587	0.04172669	-4.2244916	4.8595	0.040607844	-8.34636466	4.8526	0.038624741	-12.31312413
HTM	614154	36179MDD9	Agency MBS ARM	A-3-Q	GOVERNMENT NATIONAL MORTGAGE A	0.01868667	5.25	51987	17200000	321410.72	72533.09	321410.72	325927.89	100	101.4054174	4517.16	7/31/2026	Model2501	100	LMMSOFRFLAT	RFRSwap	5.661596	6.015401	1.698649883	-0.773327	0.017299546	 56 	0.6124	0.0495	0.1326	0.2582	0.537	0.1146	-0.0166	5.0305	11.1184	105.5284	81.11309	0.01868667	21.997	5.632	171	141991.4531	NA	NA	1.1895	0.012593404	4.03159149	1.2658	0.013237497	2.73107579	1.263	0.013046411	1.45096707	2.575	0.025672125	-2.14665266	3.3079	0.03201478	-5.05902035	3.8497	0.035938174	-8.49018989
HTM	612399	36179ME30	Agency MBS 30yr	A-3-Q	GOVERNMENT NATIONAL MORTGAGE A	0.07310812	3.5	52018	118513502	8664299.33	1151147.83	8751765.45	7937963.09	101.0095	91.6169074	-813802.36	7/31/2026	Model2501	100	LMMSOFRFLAT	RFRSwap	5.323717	3.283966	4.724085808	0.1385223	0.043418396	 3,762 	0.1133	0.175	0.4178	1.3754	2.2848	0.3576	0.007	5.7655	6.9092	94.6845	69.16216	0.07310812	14.5058	3.816	170	109981.3516	NA	NA	3.706	0.038897716	13.04954764	4.3623	0.043953847	8.84884319	4.6179	0.04447462	4.40151494	4.8236	0.042267293	-4.2821096	4.9217	0.041073598	-8.45429755	4.9112	0.039016943	-12.46398788
HTM	613636	36179MEL0	Agency MBS 15yr	A-3-Q	GOVERNMENT NATIONAL MORTGAGE A	0.00517456	3	46539	14948026	77349.46	186501.32	77505.36	76870.17	100.2016	99.3803598	-635.19	7/31/2026	Model2501	100	LMMSOFRFLAT	RFRSwap	4.221467	2.09056	0.38612175	0.003929861	0.003846945	 3 	0.3859	0	0	0.0001	0	0	0	0.3944	28.125	25.4324	24.43536	0.00517456	16.8876	3.36	170	10549.9785	NA	NA	0.3933	0.003964912	1.17205029	0.3911	0.003927259	0.77741206	0.3886	0.003886984	0.38668469	0.384	0.003810938	-0.38284467	0.3819	0.003775991	-0.76222683	0.3794	0.003737296	-1.13789196
HTM	614537	36179MP46	Agency MBS 15yr	A-3-Q	GOVERNMENT NATIONAL MORTGAGE A	0.01067783	2.5	46661	11174244	119316.68	196298.19	119316.68	117845.12	100	98.7666772	-1471.56	7/31/2026	Model2501	100	LMMSOFRFLAT	RFRSwap	4.776212	2.246011	0.489108413	0.005568146	0.004840951	 6 	0.4846	0.0036	0.0001	0.0005	0	0.0001	0	0.5031	25	75.5473	76.22044	0.01067783	14.688	2.912	167	15152.8301	NA	NA	0.5004	0.005026878	1.47996644	0.4968	0.004965288	0.98032293	0.4927	0.004900797	0.48702298	0.4866	0.004792613	-0.48160264	0.4836	0.004739962	-0.95839876	0.4795	0.004677121	-1.42919952
HTM	613212	36179MQP8	Agency MBS 30yr	A-3-Q	GOVERNMENT NATIONAL MORTGAGE A	0.0843542	3.5	52140	57072147	4814275.3	610479.08	4839068.07	4410643.2	100.515	91.6159322	-428424.88	7/31/2026	Model2501	100	LMMSOFRFLAT	RFRSwap	5.292577	3.386205	4.815022469	0.1281344	0.044253718	 2,130 	0.11	0.171	0.4113	1.3716	2.3449	0.406	0.0074	5.8877	6.8359	90.5628	65.29176	0.0843542	14.0162	3.803	167	113891.1484	NA	NA	3.6776	0.038649026	13.18469065	4.3901	0.044288877	8.97654964	4.6828	0.045135293	4.47791752	4.9264	0.043125551	-4.36820175	5.017	0.041785281	-8.62088973	4.994	0.039560031	-12.69253003
AFS	614015	36179MSW1	Agency MBS 30yr	A-3-Q	GOVERNMENT NATIONAL MORTGAGE A	0.10441974	3	52171	69124311	7217942.58	939474.84	7217608.13	6445540.22	99.9954	89.298857	-772067.92	7/31/2026	Model2501	100	LMMSOFRFLAT	RFRSwap	5.315498	2.988492	4.877454758	0.1175119	0.043677051	 3,153 	0.1025	0.1632	0.4024	1.3902	2.3898	0.4254	0.0137	5.8345	6.9336	91.9714	67.74707	0.10441974	12.6449	3.368	165	117133.8047	NA	NA	3.9441	0.040527847	13.206967	4.5239	0.04453769	8.90098262	4.754	0.04467221	4.41949179	5.0101	0.042701673	-4.31805438	5.1013	0.041330393	-8.52937503	5.0645	0.038996492	-12.5490233
HTM	613951	36179MSX9	Agency MBS 30yr	A-3-Q	GOVERNMENT NATIONAL MORTGAGE A	0.0835175	3.5	52171	87221496	7284521.29	961147.77	7322759.86	6596153.14	100.5249	90.5502623	-726606.72	7/31/2026	Model2501	100	LMMSOFRFLAT	RFRSwap	5.534681	3.384747	4.828270912	0.1296711	0.043860946	 3,195 	0.109	0.17	0.4099	1.3721	2.3474	0.418	0.0097	5.9134	6.8359	114.0481	89.52074	0.0835175	14.1813	3.802	166	116283.0703	NA	NA	3.7591	0.039084662	13.13217584	4.427	0.044160891	8.91244057	4.7007	0.044789579	4.43999607	4.9444	0.042774558	-4.33048866	5.0383	0.041461103	-8.5501024	5.0112	0.039214488	-12.58830565
HTM	613303	36179MVS6	Agency MBS 30yr	A-3-Q	GOVERNMENT NATIONAL MORTGAGE A	0.09149428	3.5	52201	52915300	4841447.27	593084.52	4923801.08	4434529.87	101.701	91.5951288	-489271.22	7/31/2026	Model2501	100	LMMSOFRFLAT	RFRSwap	5.28506	3.155473	4.852008343	0.1322774	0.044583548	 2,158 	0.1093	0.1698	0.4084	1.3689	2.3727	0.4224	0.0075	5.9348	6.7688	89.6057	64.30041	0.09149428	13.7097	3.81	165	112868.5156	NA	NA	3.7283	0.039216973	13.30077916	4.4264	0.044677611	9.04673046	4.7181	0.045482304	4.51224971	4.9634	0.04342337	-4.39966562	5.0485	0.042007908	-8.67865529	5.0206	0.039721571	-12.76934646
HTM	613248	36179MX47	Agency MBS 30yr	A-3-Q	GOVERNMENT NATIONAL MORTGAGE A	0.09406937	3.5	52232	26528827	2495550.04	313850.17	2475220.24	2285801.93	99.1854	91.595115	-189418.31	7/31/2026	Model2501	100	LMMSOFRFLAT	RFRSwap	5.281307	3.651495	4.86361599	0.1351182	0.044690203	 1,115 	0.1091	0.1698	0.4078	1.3693	2.382	0.4248	0.0074	5.9474	6.7261	89.2339	63.89939	0.09406937	13.6081	3.815	164	115219.1797	NA	NA	3.7411	0.039363649	13.33285326	4.4349	0.044772357	9.06718779	4.7284	0.04558697	4.52340435	4.9729	0.04350172	-4.40906909	5.053	0.042037915	-8.6933242	5.0227	0.039730322	-12.78584177
AFS	613845	36179N2H0	Agency MBS 30yr	A-3-Q	GOVERNMENT NATIONAL MORTGAGE A	0.14073011	3	52628	10078890	1418403.3	199066.58	1417466.67	1259673.34	99.934	88.8092504	-157793.33	7/31/2026	Model2501	100	LMMSOFRFLAT	RFRSwap	5.324255	3.001102	5.072053432	0.1308603	0.045171328	 641 	0.1001	0.1567	0.3855	1.3376	2.5101	0.5763	0.0148	6.1443	6.8298	91.1346	66.37792	0.14073011	12.0726	3.403	153	112739.2109	NA	NA	4.0602	0.041704018	13.65410137	4.6839	0.046030667	9.21531303	4.9434	0.046287451	4.57526471	5.2118	0.044090703	-4.46121268	5.3245	0.042727988	-8.81210613	5.2934	0.040278789	-12.9668378
AFS	614530	36179N2X5	Agency MBS ARM	A-3-Q	GOVERNMENT NATIONAL MORTGAGE A	0.02121016	5	52628	4833095	102510.72	29940.59	102510.72	103597.72	100	101.0603831	1087	7/31/2026	Model2501	100	LMMSOFRFLAT	RFRSwap	5.668732	5.965696	1.444365978	-0.8393315	0.014657	 15 	0.4282	0.1797	0.124	0.2362	0.3878	0.0854	-0.0269	4.4837	13.976	102.1021	83.87666	0.02121016	24.4187	5.459	149	143182.2656	NA	NA	0.8277	0.008634378	2.84029522	0.8645	0.008942157	1.95858773	0.8478	0.008696602	1.09799546	2.4534	0.024414843	-1.96086348	3.2395	0.031326596	-4.77556601	3.854	0.035962254	-8.16447458
AFS	612515	36179N2Z0	Agency MBS ARM	A-3-Q	GOVERNMENT NATIONAL MORTGAGE A	0.01970261	5	52628	3995186	78715.59	19168.22	78715.59	79552.6	100	101.0633378	837.02	7/31/2026	Model2501	100	LMMSOFRFLAT	RFRSwap	5.728991	6.005477	1.376951814	-0.7774697	0.013973308	 11 	0.4357	0.1759	0.104	0.2028	0.3467	0.1007	-0.0262	4.9045	12.3866	112.0792	85.77415	0.01970261	25.0163	5.474	149	152766.5156	NA	NA	1.0837	0.011342322	3.18128642	1.0436	0.010804123	2.04408683	0.8793	0.009018769	1.08565336	2.325	0.023161823	-1.85743574	3.1239	0.030281838	-4.54469962	3.7829	0.035418194	-7.85376362
AFS	613728	36179N3A4	Agency MBS ARM	A-3-Q	GOVERNMENT NATIONAL MORTGAGE A	0.03814929	5	52628	227576	8681.86	2710.46	8681.86	8773.98	100	101.0610295	92.12	7/31/2026	Model2501	100	LMMSOFRFLAT	RFRSwap	5.612095	5.926912	1.16315484	-0.6594386	0.011803427	 1 	0.4193	0.2281	0.2006	0.178	0.151	-0.0167	-0.0387	4.2218	14.5063	106.1988	83.18001	0.03814929	21.0458	5.36	150	250460.2188	NA	NA	0.707	0.007347542	2.44847746	0.7815	0.008060884	1.66556425	0.7241	0.007413638	0.90505948	2.0376	0.020350931	-1.60152383	2.8539	0.027813695	-4.01760352	3.6146	0.034100421	-7.13683781
AFS	613259	36179N4Q8	Agency MBS 15yr	A-3-Q	GOVERNMENT NATIONAL MORTGAGE A	0.01991801	3	47178	30124672	600023.52	499894.92	607377.99	590308.77	101.2257	98.3809389	-17069.21	7/31/2026	Model2501	100	LMMSOFRFLAT	RFRSwap	4.533349	1.622459	0.967518091	0.01654898	0.009542722	 57 	0.4936	0.436	0.0345	0.0027	0.0001	0.0006	0.0001	1.0139	19.7266	40.8353	37.11824	0.01991801	17.4413	3.419	149	25837.959	NA	NA	0.9918	0.010073856	2.94385415	0.9851	0.009907279	1.94478085	0.9763	0.009723392	0.96306025	0.9636	0.009413035	-0.94725476	0.9613	0.009300335	-1.8833059	0.9533	0.009134859	-2.8052728
AFS	613222	36179N4R6	Agency MBS 15yr	A-3-Q	GOVERNMENT NATIONAL MORTGAGE A	0.01922695	3.5	47178	1774329	34114.93	25106.42	34528.61	33735.59	101.2126	98.8880243	-793.03	7/31/2026	Model2501	100	LMMSOFRFLAT	RFRSwap	4.481704	2.116305	0.970939577	0.01813098	0.009629749	 3 	0.4944	0.44	0.0347	0.0014	0.0001	0.0003	0	1.02	19.3359	35.7976	31.90833	0.01922695	17.8255	3.847	149	22170.3379	NA	NA	0.994	0.010153405	2.97163263	0.9888	0.01000137	1.96347443	0.9803	0.009818255	0.97230816	0.9648	0.009476867	-0.9548216	0.9614	0.009353136	-1.89640868	0.9544	0.009195803	-2.82402711
AFS	613833	36179N6J2	Agency MBS ARM	A-3-Q	GOVERNMENT NATIONAL MORTGAGE A	0.02538803	5	52657	2809535	71328.56	13735.06	71328.56	72086.11	100	101.0620561	757.55	7/31/2026	Model2501	100	LMMSOFRFLAT	RFRSwap	5.636283	5.950416	1.374990582	-0.8005665	0.013953229	 10 	0.4302	0.1753	0.1212	0.2165	0.3591	0.0728	-0.0279	4.234	15.2041	98.9655	81.61544	0.02538803	23.4728	5.409	149	190934.25	NA	NA	0.7451	0.007758933	2.6546183	0.7984	0.00824954	1.85352633	0.8064	0.008267592	1.04632828	2.3551	0.023457142	-1.87580083	3.1263	0.030290259	-4.58948281	3.7217	0.034837306	-7.87214515
AFS	614516	36179N6L7	Agency MBS ARM	A-3-Q	GOVERNMENT NATIONAL MORTGAGE A	0.02199098	5	52657	1936429	42583.97	4443.74	42583.97	43036.92	100	101.0636528	452.94	7/31/2026	Model2501	100	LMMSOFRFLAT	RFRSwap	5.755195	6.018978	1.423987389	-0.8328287	0.01445067	 6 	0.4303	0.1856	0.1146	0.2126	0.3717	0.1012	-0.0319	5.1741	10.9996	113.4833	87.51562	0.02199098	24.5002	5.49	149	180802	NA	NA	0.9666	0.010110294	3.12123359	1.0111	0.010469694	2.0622128	0.8876	0.009105575	1.11060192	2.4281	0.024171844	-1.93116898	3.2872	0.031798147	-4.74634149	3.9891	0.0372019	-8.22228826
HTM	614401	36179NBB3	Agency MBS 30yr	A-3-Q	GOVERNMENT NATIONAL MORTGAGE A	0.08782256	3.5	52322	39744559	3490468.92	451153.22	3496608.57	3194199.55	100.1759	91.5120469	-302409.01	7/31/2026	Model2501	100	LMMSOFRFLAT	RFRSwap	5.276526	3.45511	4.929684639	0.1427743	0.045256335	 1,580 	0.1085	0.1672	0.401	1.352	2.4251	0.4746	0.0077	6.0511	6.7261	88.2466	62.70116	0.08782256	14.3848	3.796	161	111044.4062	NA	NA	3.8724	0.040820263	13.60924369	4.534	0.04580396	9.22004434	4.8082	0.046347	4.58768481	5.0404	0.044023063	-4.462964	5.1273	0.042559195	-8.79942543	5.0984	0.040206809	-12.94200881
HTM	613300	36179NCS5	Agency MBS Other	A-3-Q	GOVERNMENT NATIONAL MORTGAGE A	0.02372662	2.5	46874	2062750	48942.09	45592.9	49102.16	48086.28	100.3271	98.2513852	-1015.89	7/31/2026	Model2501	100	LMMSOFRFLAT	RFRSwap	4.632425	1.923945	0.766235948	0.0115471	0.007544337	 4 	0.5787	0.1852	0.0004	0.0013	0.0002	0.0004	0	0.7955	18.75	53.4111	54.34542	0.02372662	12.6842	3.039	160	88983.9219	NA	NA	0.787	0.007931699	2.31991051	0.7799	0.007798526	1.53329696	0.7724	0.00766355	0.76028785	0.7614	0.007439704	-0.74913639	0.7549	0.007320767	-1.48741513	0.7467	0.007187113	-2.2127704
HTM	614619	36179NCX4	Agency MBS 15yr	A-3-Q	GOVERNMENT NATIONAL MORTGAGE A	0.01987337	2.5	46874	8646409	171833.29	192160.46	172839.47	169228.7	100.5856	98.4842364	-3610.77	7/31/2026	Model2501	100	LMMSOFRFLAT	RFRSwap	4.531141	1.489709	0.688448429	0.008828384	0.006794475	 12 	0.5733	0.1129	0.0004	0.0014	0.0001	0.0004	0	0.7128	22.2656	44.9808	46.53515	0.01987337	13.8148	2.874	159	20917.2949	NA	NA	0.7055	0.007110127	2.08518736	0.7001	0.00700611	1.37928114	0.6938	0.006894465	0.6842562	0.6856	0.00671991	-0.67556154	0.6817	0.006635982	-1.3437353	0.675	0.006526313	-2.0017789
HTM	613600	36179NCY2	Agency MBS 15yr	A-3-Q	GOVERNMENT NATIONAL MORTGAGE A	0.01476514	3	46874	25325966	373941.43	417363.36	375991.51	369720.25	100.5482	98.8711645	-6271.26	7/31/2026	Model2501	100	LMMSOFRFLAT	RFRSwap	4.428837	2.010286	0.689851761	0.01000375	0.006837891	 26 	0.5747	0.1138	0.0002	0.0009	0	0.0002	0	0.7156	21.875	34.9458	36.313	0.01476514	15.912	3.351	159	18345.3984	NA	NA	0.7066	0.007152447	2.09953353	0.7019	0.007054626	1.38906428	0.6958	0.006944766	0.68901924	0.686	0.006753563	-0.67934434	0.6825	0.006673096	-1.35089094	0.6765	0.006569195	-2.01305836
HTM	613734	36179ND70	Agency MBS ARM	A-3-Q	GOVERNMENT NATIONAL MORTGAGE A	0.01819493	5.25	52352	1989021	36190.1	5746.32	36190.1	36702.29	100	101.415288	512.19	7/31/2026	Model2501	100	LMMSOFRFLAT	RFRSwap	5.677948	6.02955	1.730896831	-0.7854675	0.017629668	 6 	0.6077	0.0536	0.1403	0.2596	0.5263	0.1519	-0.0191	5.1482	11.4377	104.8923	80.84077	0.01819493	23.8874	5.764	159	141538.25	NA	NA	1.0673	0.011294248	3.96628561	1.2294	0.012859787	2.74930609	1.2757	0.013181739	1.4763208	2.632	0.026231913	-2.18826188	3.4036	0.032905586	-5.17383323	3.9778	0.03705195	-8.70579798
HTM	612657	36179NDJ4	Agency MBS Other	A-3-Q	GOVERNMENT NATIONAL MORTGAGE A	0.05320652	3.5	52352	9956463	529748.75	98176.4	551479.5	460502.81	104.1021	86.9285315	-90976.69	7/31/2026	Model2501	100	LMMSOFRFLAT	RFRSwap	6.160282	2.769329	5.287024498	0.1481565	0.046113532	 244 	0.091	0.1482	0.3772	1.3573	2.6649	0.6368	0.0198	6.5534	5.7983	171.9935	149.6321	0.05320652	17.7203	3.825	160	346732.5625	NA	NA	4.1477	0.041925121	13.86049062	4.8273	0.046627782	9.37130633	5.1202	0.047046509	4.6645582	5.4145	0.044763207	-4.54677016	5.4458	0.04263635	-8.9284143	5.3454	0.039649885	-13.04418699
HTM	613536	36179NDP0	Agency MBS 30yr	A-3-Q	GOVERNMENT NATIONAL MORTGAGE A	0.16357847	2.5	52352	1855173	303466.36	37809.68	302312.96	262091.34	99.6199	86.3658619	-40221.63	7/31/2026	Model2501	100	LMMSOFRFLAT	RFRSwap	5.425631	2.560636	5.076870918	0.1158841	0.043952603	 133 	0.087	0.1475	0.3819	1.3925	2.521	0.5385	0.0239	5.9596	7.0068	100.5129	77.68637	0.16357847	10.1156	3.023	160	117039.2109	NA	NA	4.3706	0.043744449	13.51395403	4.787	0.045752119	9.00098695	4.9482	0.045040082	4.44813829	5.2333	0.04303056	-4.34933163	5.3232	0.041513469	-8.5879397	5.285	0.039085586	-12.61855761
HTM	613262	36179NDQ8	Agency MBS 30yr	A-3-Q	GOVERNMENT NATIONAL MORTGAGE A	0.10876632	3	52352	99537090	10826282.98	1353213.65	11126065.93	9636400.99	102.769	89.0093212	-1489664.94	7/31/2026	Model2501	100	LMMSOFRFLAT	RFRSwap	5.319721	2.467235	5.014687538	0.1186678	0.04476076	 4,846 	0.0985	0.1573	0.3917	1.3714	2.4773	0.5137	0.015	6.0284	6.8481	91.0149	66.89699	0.10876632	12.9686	3.356	160	119261.7109	NA	NA	4.0152	0.041261513	13.50336688	4.6256	0.045502536	9.11084887	4.8759	0.045728955	4.52700758	5.1585	0.04376151	-4.42588529	5.251	0.042281866	-8.73853127	5.2104	0.039813958	-12.84610615
HTM	612167	36179NDR6	Agency MBS 30yr	A-3-Q	GOVERNMENT NATIONAL MORTGAGE A	0.09846677	3.5	52352	121302915	11944306.23	1495290.33	12491553.67	10930476.79	104.5817	91.5120274	-1561076.87	7/31/2026	Model2501	100	LMMSOFRFLAT	RFRSwap	5.278465	2.625463	4.917953014	0.140198	0.045148626	 5,393 	0.1088	0.1675	0.4019	1.3517	2.4157	0.4714	0.0075	6.0415	6.7505	88.4551	62.90955	0.09846677	13.7344	3.803	160	108160.25	NA	NA	3.8314	0.040363722	13.54548856	4.5114	0.045562606	9.19035591	4.7946	0.046210267	4.57580443	5.0287	0.043925919	-4.45285125	5.1195	0.042503465	-8.78138476	5.0947	0.040189058	-12.92036278
HTM	614007	36179NDS4	Agency MBS 30yr	A-3-Q	GOVERNMENT NATIONAL MORTGAGE A	0.07530744	4	52352	1303797	98185.61	12973.51	104122.03	91915.76	106.0461	93.6142892	-12206.26	7/31/2026	Model2501	100	LMMSOFRFLAT	RFRSwap	5.343168	2.837844	4.808915615	0.1431412	0.045178618	 44 	0.1178	0.1797	0.4181	1.3423	2.3281	0.4255	0.0024	6.0022	6.842	95.9323	69.86803	0.07530744	15.5258	4.339	166	108482.1328	NA	NA	3.6961	0.039690517	13.4383582	4.3727	0.045083027	9.15340346	4.6712	0.046019163	4.56952825	4.8873	0.043742839	-4.44508698	4.9644	0.042294905	-8.75095165	4.9574	0.040188432	-12.87953812
HTM	614263	36179NF52	Agency MBS 30yr	A-3-Q	GOVERNMENT NATIONAL MORTGAGE A	0.16657117	2.5	52383	1443358	240421.83	28991.82	235473.41	206045.53	97.9418	85.7016731	-29427.88	7/31/2026	Model2501	100	LMMSOFRFLAT	RFRSwap	5.58193	2.886542	5.083606243	0.111495	0.043673266	 105 	0.0855	0.1466	0.3819	1.3932	2.5183	0.5487	0.0258	5.9745	7.0251	115.6037	93.32398	0.16657117	10.0822	3.011	159	118192.4453	NA	NA	4.401	0.043727167	13.44783365	4.8026	0.045555308	8.94644422	4.954	0.044748884	4.41862474	5.2508	0.042838525	-4.32524287	5.3507	0.041393727	-8.54898123	5.3116	0.03895634	-12.56739237
AFS	613308	36179NF60	Agency MBS 30yr	A-3-Q	GOVERNMENT NATIONAL MORTGAGE A	0.11036215	3	52383	29775094	3286043.39	415332.76	3289310.9	2923530.56	100.0994	88.9681058	-365780.34	7/31/2026	Model2501	100	LMMSOFRFLAT	RFRSwap	5.326805	2.969058	5.019254684	0.1142179	0.044780839	 1,472 	0.0985	0.1568	0.3907	1.3664	2.4785	0.5233	0.0154	6.0377	6.8787	91.4883	67.46709	0.11036215	12.9595	3.316	158	120734.6172	NA	NA	3.9905	0.040982142	13.48072465	4.6179	0.045404628	9.10583259	4.8759	0.045709584	4.52693221	5.1684	0.043821931	-4.42970554	5.2676	0.042387158	-8.75094553	5.2285	0.039918926	-12.86931534
HTM	613073	36179NF60	Agency MBS 30yr	A-3-Q	GOVERNMENT NATIONAL MORTGAGE A	0.11036215	3	52383	153840563	16978175.29	2175376.56	17215473.27	15105160.95	101.3977	88.9681058	-2110312.32	7/31/2026	Model2501	100	LMMSOFRFLAT	RFRSwap	5.326805	2.722813	5.019254684	0.1142179	0.044780839	 7,603 	0.0985	0.1568	0.3907	1.3664	2.4785	0.5233	0.0154	6.0377	6.8787	91.4883	67.46709	0.11036215	12.9595	3.316	158	120734.6172	NA	NA	3.9905	0.040982142	13.48072465	4.6179	0.045404628	9.10583259	4.8759	0.045709584	4.52693221	5.1684	0.043821931	-4.42970554	5.2676	0.042387158	-8.75094553	5.2285	0.039918926	-12.86931534
HTM	613909	36179NF78	Agency MBS 30yr	A-3-Q	GOVERNMENT NATIONAL MORTGAGE A	0.0998224	3.5	52383	222079277	22168486.42	2817558.85	22848331.26	20277621.87	103.0667	91.4704842	-2570709.39	7/31/2026	Model2501	100	LMMSOFRFLAT	RFRSwap	5.273971	2.908836	4.945873737	0.1421837	0.0453844	 10,061 	0.1081	0.1664	0.3998	1.3449	2.4322	0.4937	0.0073	6.0935	6.72	87.7624	62.05901	0.0998224	13.7489	3.8	159	105139.1562	NA	NA	3.838	0.040441558	13.60801788	4.5311	0.045764901	9.23929485	4.822	0.046466254	4.60047089	5.0559	0.044131774	-4.47505661	5.1507	0.042718843	-8.82416101	5.1295	0.040408485	-12.98507079
HTM	612168	36179NF86	Agency MBS 30yr	A-3-Q	GOVERNMENT NATIONAL MORTGAGE A	0.0976708	4	52383	1958013	191240.7	25115.85	200986.77	178716.32	105.0962	93.4509893	-22270.45	7/31/2026	Model2501	100	LMMSOFRFLAT	RFRSwap	5.411715	2.987614	4.697049141	0.1542574	0.044050958	 84 	0.1216	0.1847	0.4251	1.3479	2.2532	0.3664	0.0032	5.8359	6.9824	103.7243	77.7767	0.0976708	13.9071	4.364	166	89786.3516	NA	NA	3.715	0.039745115	13.20172896	4.3183	0.044366296	8.95581902	4.5805	0.045001861	4.46141077	4.7586	0.042567823	-4.32890144	4.8317	0.041196901	-8.51984807	4.8397	0.039314914	-12.54942264
HTM	613613	36179NFD5	Agency MBS 15yr	A-3-Q	GOVERNMENT NATIONAL MORTGAGE A	0.0197892	2.5	46905	27718297	548522.92	599382.03	549571.62	539794.12	100.1912	98.408672	-9777.5	7/31/2026	Model2501	100	LMMSOFRFLAT	RFRSwap	4.546763	2.071167	0.720666468	0.009328797	0.007106997	 39 	0.5741	0.1439	0.0004	0.0016	0.0001	0.0004	0	0.7469	21.875	45.8251	47.06828	0.0197892	14.2141	2.864	159	20157	NA	NA	0.7386	0.007444733	2.18215843	0.7329	0.007333402	1.44313594	0.7262	0.007213451	0.71580317	0.7178	0.007028089	-0.70658737	0.7137	0.006938007	-1.40531514	0.7065	0.006819651	-2.09312167
AFS	613161	36179NFD5	Agency MBS 15yr	A-3-Q	GOVERNMENT NATIONAL MORTGAGE A	0.0197892	2.5	46905	31028778	614034.69	666330.29	612402.28	604263.39	99.7342	98.408672	-8138.9	7/31/2026	Model2501	100	LMMSOFRFLAT	RFRSwap	4.546763	2.697203	0.720666468	0.009328797	0.007106997	 44 	0.5741	0.1439	0.0004	0.0016	0.0001	0.0004	0	0.7469	21.875	45.8251	47.06828	0.0197892	14.2141	2.864	159	20157	NA	NA	0.7386	0.007444733	2.18215843	0.7329	0.007333402	1.44313594	0.7262	0.007213451	0.71580317	0.7178	0.007028089	-0.70658737	0.7137	0.006938007	-1.40531514	0.7065	0.006819651	-2.09312167
HTM	614720	36179NFE3	Agency MBS 15yr	A-3-Q	GOVERNMENT NATIONAL MORTGAGE A	0.01677093	3	46905	108793059	1824560.78	2113535.41	1837543.07	1802786.88	100.7115	98.8066228	-34756.18	7/31/2026	Model2501	100	LMMSOFRFLAT	RFRSwap	4.526826	1.77669	0.688403726	0.009705445	0.006819095	 124 	0.5735	0.1134	0.0002	0.0009	0.0001	0.0002	0	0.7142	21.875	44.5788	46.09688	0.01677093	14.9324	3.335	160	16174.1045	NA	NA	0.7054	0.007135027	2.09371216	0.7004	0.007035254	1.38508261	0.6942	0.006924454	0.68704332	0.6847	0.006736291	-0.67757453	0.6809	0.006653388	-1.34730163	0.6746	0.006547248	-2.0073309
HTM	613053	36179NFF0	Agency MBS 15yr	A-3-Q	GOVERNMENT NATIONAL MORTGAGE A	0.01921914	3.5	46905	4355374	83706.54	96200.17	84483.35	82931.19	100.928	99.0737279	-1552.16	7/31/2026	Model2501	100	LMMSOFRFLAT	RFRSwap	4.614273	1.923522	0.682837605	0.01054071	0.006785043	 6 	0.5709	0.1113	0.0001	0.0004	0	0.0001	0	0.7098	23.4375	53.2721	54.89637	0.01921914	13.6403	3.932	161	12583.2734	NA	NA	0.6988	0.007089743	2.08417809	0.6953	0.007004772	1.37898876	0.6892	0.006894953	0.6839288	0.678	0.006691791	-0.67364601	0.674	0.006606678	-1.33867053	0.6682	0.006506164	-1.99436778
HTM	614776	36179NFY9	Agency MBS Other	A-3-Q	GOVERNMENT NATIONAL MORTGAGE A	0.05403651	3.5	52383	4865899	262936.2	41223.38	270847.01	228570.63	103.0086	86.9300742	-42276.38	7/31/2026	Model2501	100	LMMSOFRFLAT	RFRSwap	6.258821	2.937185	5.102940559	0.1242261	0.044508737	 117 	0.1	0.1545	0.3829	1.3498	2.5429	0.5612	0.0201	6.2983	6.2317	182.211	160.6671	0.05403651	17.7302	3.786	158	347555.0938	NA	NA	3.9439	0.039639331	13.28609876	4.636	0.044613108	9.00964608	4.9331	0.04524355	4.49337117	5.2358	0.043365993	-4.39656134	5.274	0.041439146	-8.64897483	5.1743	0.038584709	-12.65188366
HTM	613722	36179NGH5	Agency MBS ARM	A-3-Q	GOVERNMENT NATIONAL MORTGAGE A	0.0170158	5.25	52383	613509	10439.35	4605.07	10439.35	10586.7	100	101.4115402	147.35	7/31/2026	Model2501	100	LMMSOFRFLAT	RFRSwap	5.658821	6.013406	1.923897266	-0.9180234	0.019594708	 2 	0.5744	0.045	0.1824	0.3198	0.664	0.1489	-0.0246	5.0435	11.2751	94.9317	80.93958	0.0170158	24.298	5.577	159	145604.9688	NA	NA	0.7148	0.007542588	3.67407836	1.0276	0.010750767	2.7721778	1.2886	0.013328287	1.58432732	2.8851	0.028683161	-2.43101561	3.6465	0.03508408	-5.63563977	4.162	0.038500156	-9.34470645
HTM	613526	36179NGJ1	Agency MBS ARM	A-3-Q	GOVERNMENT NATIONAL MORTGAGE A	0.01869287	5.25	52383	1331974	24898.42	3705.87	24898.42	25250.04	100	101.4122203	351.62	7/31/2026	Model2501	100	LMMSOFRFLAT	RFRSwap	5.675948	6.028468	1.706371188	-0.8057674	0.017379344	 4 	0.6001	0.0729	0.1574	0.2519	0.5079	0.1326	-0.0252	5.108	11.2888	103.6257	80.88964	0.01869287	23.8754	5.592	158	183081.2969	NA	NA	0.7752	0.008167978	3.52149229	1.035	0.010809015	2.58402535	1.2089	0.012485997	1.43579358	2.637	0.026283639	-2.17750153	3.4396	0.033249203	-5.18313858	4.0411	0.037617348	-8.76168537
AFS	614711	36179NH27	Agency MBS Other	A-3-Q	GOVERNMENT NATIONAL MORTGAGE A	0.07562538	3	52413	1560196	117990.42	14519.3	115151	101579.65	97.5935	86.0914406	-13571.35	7/31/2026	Model2501	100	LMMSOFRFLAT	RFRSwap	5.863321	3.438036	5.281784534	0.1102443	0.045603689	 54 	0.0879	0.1453	0.3748	1.3679	2.6491	0.6451	0.0234	6.3865	6.2317	141.8822	120.0804	0.07562538	15.5733	3.335	158	326602.8125	NA	NA	4.103	0.041024845	13.64655049	4.8021	0.045896132	9.23450735	5.0956	0.046340872	4.60107034	5.4446	0.044553913	-4.51067977	5.5094	0.04267323	-8.88617906	5.4195	0.039742649	-13.00831033
AFS	614687	36179NH35	Agency MBS Other	A-3-Q	GOVERNMENT NATIONAL MORTGAGE A	0.0342701	3.5	52413	6552945	224570.08	10525.99	226017.87	195210.42	100.6447	86.9262822	-30807.45	7/31/2026	Model2501	100	LMMSOFRFLAT	RFRSwap	6.141779	3.37662	5.287611961	0.1385368	0.046117466	 104 	0.0972	0.1473	0.3687	1.313	2.643	0.7075	0.0196	6.6169	6.073	169.5004	146.741	0.0342701	20.7056	3.82	157	341582.375	NA	NA	3.9967	0.040352747	13.74752038	4.7835	0.046192188	9.34743231	5.1148	0.046994243	4.66162976	5.4144	0.044761781	-4.54668594	5.4531	0.042690851	-8.93047359	5.3468	0.039656524	-13.04949703
AFS	614187	36179NH84	Agency MBS 30yr	A-3-Q	GOVERNMENT NATIONAL MORTGAGE A	0.15544776	2.5	52413	492598	76573.26	8268.13	72399.9	65974.39	94.5499	86.1585305	-6425.51	7/31/2026	Model2501	100	LMMSOFRFLAT	RFRSwap	5.479371	3.576982	5.076234818	0.09795061	0.04384185	 34 	0.0842	0.1441	0.3786	1.3781	2.5079	0.5739	0.0273	5.9656	7.2876	104.8679	82.53965	0.15544776	10.6609	3.032	157	121249.2656	NA	NA	4.2938	0.042838942	13.40307453	4.7572	0.045344956	8.9517272	4.9334	0.04479323	4.42926813	5.2632	0.043168046	-4.3485288	5.3964	0.041956209	-8.61771415	5.3764	0.039607324	-12.6981766
HTM	614025	36179NH92	Agency MBS 30yr	A-3-Q	GOVERNMENT NATIONAL MORTGAGE A	0.11567627	3	52413	200000000	23135254	2844258.1	22971041.54	20573420.07	99.2902	88.9267093	-2397621.46	7/31/2026	Model2501	100	LMMSOFRFLAT	RFRSwap	5.337354	3.125347	5.003067017	0.1122175	0.044615705	 10,322 	0.0992	0.1569	0.391	1.3587	2.4641	0.5284	0.0153	6.0337	6.9519	92.5317	68.33525	0.11567627	12.7637	3.325	158	119496.7109	NA	NA	3.9544	0.04057144	13.42229913	4.6028	0.045223456	9.07482844	4.8639	0.045569073	4.51109243	5.154	0.043687154	-4.4136601	5.2697	0.042394247	-8.7282782	5.2408	0.03999985	-12.8521616
AFS	614024	36179NH92	Agency MBS 30yr	A-3-Q	GOVERNMENT NATIONAL MORTGAGE A	0.11567627	3	52413	124746560	14430216.76	1750710.35	14150207.22	12832316.91	98.0596	88.9267093	-1317890.31	7/31/2026	Model2501	100	LMMSOFRFLAT	RFRSwap	5.337354	3.367601	5.003067017	0.1122175	0.044615705	 6,438 	0.0992	0.1569	0.391	1.3587	2.4641	0.5284	0.0153	6.0337	6.9519	92.5317	68.33525	0.11567627	12.7637	3.325	158	119496.7109	NA	NA	3.9544	0.04057144	13.42229913	4.6028	0.045223456	9.07482844	4.8639	0.045569073	4.51109243	5.154	0.043687154	-4.4136601	5.2697	0.042394247	-8.7282782	5.2408	0.03999985	-12.8521616
AFS	613056	36179NHJ0	Agency MBS 15yr	A-3-Q	GOVERNMENT NATIONAL MORTGAGE A	0.02319095	2.5	46935	28554088	662196.43	672624.56	660618.75	651156.84	99.7618	98.3328828	-9461.91	7/31/2026	Model2501	100	LMMSOFRFLAT	RFRSwap	4.565134	2.653153	0.751517117	0.009892386	0.007405541	 49 	0.5706	0.1777	0.0005	0.0019	0.0001	0.0005	0.0001	0.7796	21.875	46.9948	47.83511	0.02319095	13.5294	2.847	157	21730.1699	NA	NA	0.7702	0.007765027	2.27498287	0.7643	0.007646793	1.50427758	0.7573	0.007518988	0.74598924	0.7488	0.007323959	-0.73627564	0.745	0.007231927	-1.46452859	0.7375	0.007106815	-2.18139931
AFS	614242	36179NHK7	Agency MBS 15yr	A-3-Q	GOVERNMENT NATIONAL MORTGAGE A	0.01842809	3	46935	18008128	331855.4	336008.26	331855.4	327743.23	100	98.7608536	-4112.17	7/31/2026	Model2501	100	LMMSOFRFLAT	RFRSwap	4.459312	2.810552	0.752306044	0.01108704	0.007448647	 25 	0.5718	0.1785	0.0003	0.0012	0.0001	0.0003	0	0.782	21.4844	36.6405	37.27705	0.01842809	14.9749	3.319	157	17680.3008	NA	NA	0.7705	0.007805628	2.28920814	0.7655	0.007694982	1.51403679	0.7587	0.00756928	0.75073589	0.7485	0.007355842	-0.73996931	0.7449	0.007265416	-1.47131004	0.738	0.007145071	-2.19187923
AFS	613914	36179NJA7	Agency MBS 30yr	A-3-Q	GOVERNMENT NATIONAL MORTGAGE A	0.0977918	3.5	52413	449914989	43997996.62	5475322.98	44462081.19	40254291.83	101.0548	91.4911926	-4207789.36	7/31/2026	Model2501	100	LMMSOFRFLAT	RFRSwap	5.27557	3.285953	4.912658215	0.1504943	0.045089785	 19,839 	0.1099	0.1678	0.4022	1.3427	2.4107	0.4782	0.0068	6.0585	6.7322	88.267	62.3629	0.0977918	13.9855	3.824	159	100160.4219	NA	NA	3.801	0.040022064	13.510701	4.4994	0.045428269	9.18224044	4.7943	0.046196118	4.57275518	5.0166	0.043814436	-4.44373915	5.1157	0.042470913	-8.76289111	5.1029	0.040251374	-12.90416313
HTM	613915	36179NJA7	Agency MBS 30yr	A-3-Q	GOVERNMENT NATIONAL MORTGAGE A	0.0977918	3.5	52413	729254428	71315103.17	8857455.15	71934126.31	65247038.4	100.868	91.4911926	-6687087.91	7/31/2026	Model2501	100	LMMSOFRFLAT	RFRSwap	5.27557	3.321749	4.912658215	0.1504943	0.045089785	 32,156 	0.1099	0.1678	0.4022	1.3427	2.4107	0.4782	0.0068	6.0585	6.7322	88.267	62.3629	0.0977918	13.9855	3.824	159	100160.4219	NA	NA	3.801	0.040022064	13.510701	4.4994	0.045428269	9.18224044	4.7943	0.046196118	4.57275518	5.0166	0.043814436	-4.44373915	5.1157	0.042470913	-8.76289111	5.1029	0.040251374	-12.90416313
AFS	613778	36179NJB5	Agency MBS 30yr	A-3-Q	GOVERNMENT NATIONAL MORTGAGE A	0.08273043	4	52413	248941730	20595056.37	3141026.41	21247490.17	19310197.16	103.1679	93.7613222	-1937293.02	7/31/2026	Model2501	100	LMMSOFRFLAT	RFRSwap	5.321677	3.36685	4.761200905	0.1348819	0.04480036	 9,227 	0.118	0.1808	0.4211	1.3538	2.3068	0.3838	0.0023	5.9259	6.7261	94.2825	68.22269	0.08273043	15.113	4.343	166	100247.7188	NA	NA	3.6003	0.038644832	13.2421616	4.297	0.044321898	9.05064283	4.617	0.045534182	4.52720885	4.8384	0.043393701	-4.40908301	4.9147	0.041978318	-8.68134416	4.9105	0.039929267	-12.78128445
AFS	614670	36179NJC3	Agency MBS 30yr	A-3-Q	GOVERNMENT NATIONAL MORTGAGE A	0.0611683	4.5	52413	77473853	4738943.88	746701.95	5023697.53	4583915.89	106.0088	96.7286383	-439781.64	7/31/2026	Model2501	100	LMMSOFRFLAT	RFRSwap	5.233673	3.22406	4.327251911	0.06909114	0.042019188	 1,991 	0.1341	0.2029	0.4542	1.373	1.9825	0.1868	-0.0032	5.4165	7.0496	88.0661	62.77605	0.0611683	17.0187	4.888	181	87953.1641	NA	NA	2.9947	0.032656465	11.94273114	3.723	0.039249491	8.31990473	4.1489	0.042037878	4.21960087	4.423	0.041107688	-4.16268194	4.4783	0.039809629	-8.20892435	4.4949	0.038201958	-12.11330178
AFS	614215	36179NJD1	Agency MBS 30yr	A-3-Q	GOVERNMENT NATIONAL MORTGAGE A	0.0511458	5	52413	5940651	303839.35	43553.56	321382.19	302120.65	105.7737	99.4343414	-19261.54	7/31/2026	Model2501	100	LMMSOFRFLAT	RFRSwap	5.126847	3.636453	3.889469862	0.01922641	0.038836751	 118 	0.1534	0.2298	0.4932	1.3932	1.5792	0.0497	-0.006	4.8674	7.5928	79.9392	56.10474	0.0511458	17.8688	5.395	202	85849.0781	NA	NA	2.5876	0.028606124	10.69891609	3.2265	0.034643892	7.52354671	3.6639	0.038000289	3.86383615	3.9679	0.038091231	-3.85314278	4.0493	0.037343819	-7.62839308	4.0538	0.035899948	-11.29238168
AFS	614319	36179NJL3	Agency MBS ARM	A-3-Q	GOVERNMENT NATIONAL MORTGAGE A	0.03031932	5.375	52413	2447977	74221	17093.31	73629.92	75255.36	99.2036	101.3936264	1625.44	7/31/2026	Model2501	100	LMMSOFRFLAT	RFRSwap	5.707298	6.276902	0.996499538	-0.804605	0.010148505	 8 	-0.2479	-0.0691	0.1189	0.2759	0.6534	0.1564	-0.023	4.9588	11.6569	101.0115	85.89866	0.03031932	20.99	5.73	157	178603.9531	NA	NA	0.8517	0.008921819	2.91097696	1.1428	0.011852978	1.87272522	0.807	0.008281146	0.76863474	2.5066	0.025112333	-1.6549902	3.607	0.035020765	-4.74928191	4.162	0.038859859	-8.47392505
AFS	614045	36179NJM1	Agency MBS ARM	A-3-Q	GOVERNMENT NATIONAL MORTGAGE A	0.03352342	5.375	52413	1130092	37884.55	4238.3	37884.55	38412.56	100	101.393747	528.01	7/31/2026	Model2501	100	LMMSOFRFLAT	RFRSwap	5.679744	6.058039	0.655642986	-0.5061284	0.006677177	 3 	-0.2431	-0.0038	0.097	0.2058	0.4289	0.0898	-0.0283	4.6402	12.6467	106.138	84.50476	0.03352342	20.536	5.736	157	192991.8281	NA	NA	0.6959	0.00725511	2.40647855	1.029	0.010635228	1.51352875	0.6517	0.006672705	0.54622981	1.9582	0.019709347	-1.19317045	3.1376	0.03075066	-3.8332018	3.8533	0.036451943	-7.24239573
AFS	613123	36179NK64	Agency MBS Other	A-3-Q	GOVERNMENT NATIONAL MORTGAGE A	0.06221329	3	52444	1855041	115408.2	8225.43	111966.61	99358.37	97.0179	86.0929851	-12608.25	7/31/2026	Model2501	100	LMMSOFRFLAT	RFRSwap	5.890889	3.553281	5.236399651	0.1024258	0.045212638	 52 	0.0855	0.1438	0.3743	1.3763	2.6417	0.6034	0.0247	6.3076	6.1401	144.8936	123.3164	0.06221329	16.9577	3.317	157	339659.2812	NA	NA	4.0438	0.040369686	13.48824385	4.745	0.045306265	9.13816039	5.0468	0.045875993	4.55782491	5.3992	0.04420314	-4.47365019	5.4598	0.04232927	-8.81414	5.3755	0.039475959	-12.90640192
AFS	612775	36179NK72	Agency MBS Other	A-3-Q	GOVERNMENT NATIONAL MORTGAGE A	0.02330615	3.5	52444	3023494	70466	6898.09	70723.56	61255.97	100.3655	86.9298254	-9467.58	7/31/2026	Model2501	100	LMMSOFRFLAT	RFRSwap	6.251452	3.422284	5.105661869	0.1004459	0.044532347	 31 	0.0969	0.1547	0.3915	1.3629	2.5343	0.5543	0.0207	6.2918	6.1951	181.5653	159.752	0.02330615	23.1783	3.844	157	332082.3438	NA	NA	3.8428	0.038597949	13.22037308	4.6164	0.044419602	9.00005432	4.9328	0.045241535	4.49344784	5.268	0.043625806	-4.40829657	5.3662	0.042131674	-8.7080656	5.2894	0.039370809	-12.7877426
AFS	613158	36179NKL1	Agency MBS Other	A-3-Q	GOVERNMENT NATIONAL MORTGAGE A	0.01045035	3	46966	11704100	122311.94	259733.08	123007.04	120718.13	100.5683	98.6969277	-2288.91	7/31/2026	Model2501	100	LMMSOFRFLAT	RFRSwap	4.586044	2.043	0.732310593	0.01147272	0.007245988	 9 	0.5803	0.1508	0.0002	0.0007	0	0.0002	0	0.7613	19.1406	49.519	50.76744	0.01045035	17.6516	3.455	159	75505.4922	NA	NA	0.7462	0.007549847	2.22603128	0.7455	0.007486069	1.47332369	0.7391	0.007366767	0.73053916	0.7275	0.007145977	-0.71939202	0.723	0.007050456	-1.42938072	0.7163	0.006935403	-2.1287168
AFS	612676	36179NKP2	Agency MBS 15yr	A-3-Q	GOVERNMENT NATIONAL MORTGAGE A	0.02408527	2.5	46966	52662758	1268396.75	1178558.74	1266240.03	1246216.23	99.83	98.2512955	-20023.8	7/31/2026	Model2501	100	LMMSOFRFLAT	RFRSwap	4.587062	2.561202	0.78314805	0.0106075	0.007710847	 98 	0.5647	0.2151	0.0005	0.0021	0.0001	0.0005	0.0001	0.8135	21.4844	48.5883	48.92679	0.02408527	13.6417	2.868	156	23715.6719	NA	NA	0.8029	0.008095641	2.37048593	0.7968	0.007969943	1.56707452	0.7893	0.007832831	0.77692556	0.7804	0.007624331	-0.7665335	0.7766	0.007528102	-1.52463919	0.7688	0.007394702	-2.2707288
AFS	614712	36179NKQ0	Agency MBS 15yr	A-3-Q	GOVERNMENT NATIONAL MORTGAGE A	0.01900316	3	46966	4494723	85413.94	82551.81	85787.1	84307.8	100.4369	98.7049704	-1479.29	7/31/2026	Model2501	100	LMMSOFRFLAT	RFRSwap	4.473931	2.270087	0.783161402	0.01201681	0.007749771	 7 	0.5654	0.2158	0.0003	0.0013	0.0001	0.0003	0	0.8152	21.2891	37.5326	37.64445	0.01900316	15.3941	3.344	156	18716.625	NA	NA	0.8025	0.008132026	2.38360528	0.7972	0.008014303	1.57611354	0.7901	0.007879741	0.78131069	0.7792	0.007650276	-0.76970138	0.7757	0.007556821	-1.53033225	0.7686	0.007430864	-2.27981128
AFS	613411	36179NKR8	Agency MBS 15yr	A-3-Q	GOVERNMENT NATIONAL MORTGAGE A	0.01694295	3.5	46966	1430529	24237.38	23265.99	24419.17	24023.01	100.75	99.1155479	-396.16	7/31/2026	Model2501	100	LMMSOFRFLAT	RFRSwap	4.420445	2.349541	0.783020735	0.01247417	0.007783791	 2 	0.5664	0.2153	0.0002	0.0008	0.0001	0.0002	0	0.8163	21.2891	32.3368	32.33507	0.01694295	16.3351	3.849	156	17504.8574	NA	NA	0.7979	0.00812295	2.39056078	0.7955	0.008034131	1.58232532	0.7898	0.007912875	0.78478847	0.7781	0.007674869	-0.77266079	0.7745	0.007580332	-1.53545325	0.7688	0.007466055	-2.28789534
AFS	614402	36179NLB2	Agency MBS 30yr	A-3-Q	GOVERNMENT NATIONAL MORTGAGE A	0.17089127	2.5	52444	1161074	198417.41	22066.27	187007.11	170851.05	94.2493	86.1068835	-16156.06	7/31/2026	Model2501	100	LMMSOFRFLAT	RFRSwap	5.487255	3.638234	5.082174301	0.09697229	0.043866895	 87 	0.0836	0.1434	0.3777	1.3794	2.5073	0.5821	0.0275	5.9804	7.2998	105.4954	83.14892	0.17089127	10.0591	2.996	157	121441.1484	NA	NA	4.3174	0.043065328	13.4326797	4.7734	0.045479763	8.96309185	4.9411	0.044839449	4.43203203	5.2724	0.043214481	-4.35174311	5.4118	0.042042874	-8.62789514	5.3943	0.039700966	-12.71762244
AFS	614053	36179NLC0	Agency MBS 30yr	A-3-Q	GOVERNMENT NATIONAL MORTGAGE A	0.1186337	3	52444	56182118	6665092.53	843870.26	6553463.88	5924287.39	98.3252	88.8852985	-629176.48	7/31/2026	Model2501	100	LMMSOFRFLAT	RFRSwap	5.334763	3.313429	5.013316154	0.1175584	0.04468634	 2,978 	0.0995	0.1569	0.3902	1.3527	2.4705	0.5392	0.0147	6.0647	6.9092	92.3506	67.80426	0.1186337	12.674	3.338	157	115856.9922	NA	NA	3.9579	0.040607933	13.46327047	4.6212	0.0453979	9.10381328	4.8823	0.045726985	4.52256482	5.1605	0.04371785	-4.418512	5.2845	0.042485505	-8.73877473	5.2609	0.040120546	-12.87363657
AFS	613090	36179NLD8	Agency MBS 30yr	A-3-Q	GOVERNMENT NATIONAL MORTGAGE A	0.08900414	3.5	52444	139621197	12426864.56	1530060.05	12540991.46	11361740.98	100.9184	91.428863	-1179250.49	7/31/2026	Model2501	100	LMMSOFRFLAT	RFRSwap	5.281667	3.313095	4.913615227	0.1508117	0.04506794	 5,601 	0.11	0.1674	0.4022	1.3311	2.4007	0.5023	0.0067	6.0867	6.842	88.5057	62.53692	0.08900414	14.7459	3.827	157	103527.1328	NA	NA	3.69	0.038790733	13.40225618	4.4587	0.044977166	9.15463017	4.7886	0.046109304	4.56845795	5.0231	0.043840781	-4.44273351	5.1471	0.042693954	-8.77261222	5.159	0.040639903	-12.94636364
HTM	613091	36179NLD8	Agency MBS 30yr	A-3-Q	GOVERNMENT NATIONAL MORTGAGE A	0.08900414	3.5	52444	75054117	6680127.14	819092.59	6715327.47	6107564.29	100.5269	91.428863	-607763.18	7/31/2026	Model2501	100	LMMSOFRFLAT	RFRSwap	5.281667	3.388034	4.913615227	0.1508117	0.04506794	 3,011 	0.11	0.1674	0.4022	1.3311	2.4007	0.5023	0.0067	6.0867	6.842	88.5057	62.53692	0.08900414	14.7459	3.827	157	103527.1328	NA	NA	3.69	0.038790733	13.40225618	4.4587	0.044977166	9.15463017	4.7886	0.046109304	4.56845795	5.0231	0.043840781	-4.44273351	5.1471	0.042693954	-8.77261222	5.159	0.040639903	-12.94636364
AFS	613014	36179NLE6	Agency MBS 30yr	A-3-Q	GOVERNMENT NATIONAL MORTGAGE A	0.05626194	4	52444	99291791	5586348.79	678582.19	5831477.5	5226539.79	104.388	93.5591384	-604937.71	7/31/2026	Model2501	100	LMMSOFRFLAT	RFRSwap	5.334545	3.158025	4.831486225	0.14851	0.045364019	 2,534 	0.1185	0.1791	0.4126	1.3115	2.3267	0.4867	0.0016	6.0988	6.9946	93.9718	67.92194	0.05626194	17.8682	4.352	158	97940.1797	NA	NA	3.4731	0.03720795	13.23897775	4.2767	0.044056628	9.12360045	4.672	0.046008814	4.58612698	4.9124	0.043930791	-4.46346476	5.0149	0.042675879	-8.79407245	5.0577	0.040922433	-12.98111899
AFS	613155	36179NLF3	Agency MBS 30yr	A-3-Q	GOVERNMENT NATIONAL MORTGAGE A	0.0440066	4.5	52444	11710587	515343.12	78751.73	542431.21	496384.86	105.2563	96.321235	-46046.35	7/31/2026	Model2501	100	LMMSOFRFLAT	RFRSwap	5.296729	3.426507	4.527198315	0.02847018	0.043776304	 226 	0.1357	0.1997	0.4339	1.3	2.1145	0.3509	-0.0025	5.7312	7.6721	91.3095	66.2579	0.0440066	19.4593	4.857	167	88022.5938	NA	NA	3.1005	0.033818383	12.37596493	3.8622	0.040673494	8.61566854	4.3008	0.043468904	4.37488638	4.617	0.042644609	-4.33245508	4.6951	0.041393638	-8.53321282	4.7469	0.039919719	-12.60024061
AFS	614217	36179NLP1	Agency MBS ARM	A-3-Q	GOVERNMENT NATIONAL MORTGAGE A	0.02935528	5.375	52444	1295492	38029.53	5213.69	37744.83	38559.54	99.2514	101.3936746	814.71	7/31/2026	Model2501	100	LMMSOFRFLAT	RFRSwap	5.707567	6.264504	0.991247296	-0.8055972	0.01009502	 4 	-0.2512	-0.0688	0.1199	0.2819	0.6451	0.1595	-0.023	4.9494	11.8385	100.8745	85.79169	0.02935528	21.3312	5.703	155	138261.8906	NA	NA	0.8722	0.009135634	2.89816725	1.1343	0.011762812	1.85725066	0.7984	0.008191782	0.76215493	2.5011	0.025058584	-1.64976148	3.6032	0.034987643	-4.7400606	4.1507	0.038760338	-8.45859992
AFS	614030	36179NLQ9	Agency MBS ARM	A-3-Q	GOVERNMENT NATIONAL MORTGAGE A	0.02354493	5.375	52444	8401585	197814.73	32227.72	197814.73	200572.22	100	101.3939769	2757.5	7/31/2026	Model2501	100	LMMSOFRFLAT	RFRSwap	5.714116	6.079898	0.689961195	-0.5074536	0.007026696	 14 	-0.251	-0.0434	0.043	0.2081	0.4883	0.1418	-0.021	4.8606	12.3451	109.67	84.75133	0.02354493	22.832	5.718	155	147760.6094	NA	NA	1.0764	0.011270687	2.86786988	1.2169	0.012595937	1.66956685	0.7121	0.007293814	0.58863738	1.9838	0.019959895	-1.22845218	3.0759	0.030139929	-3.85473773	3.7266	0.035280235	-7.1693368
AFS	613153	36179NLS5	Agency MBS ARM	A-3-Q	GOVERNMENT NATIONAL MORTGAGE A	0.02527945	5.375	52444	1190378	30092.1	6302.58	30092.1	30512.01	100	101.3954052	419.9	7/31/2026	Model2501	100	LMMSOFRFLAT	RFRSwap	5.725149	6.084957	0.531163514	-0.2871603	0.005409546	 2 	-0.2599	-0.021	0.048	0.1568	0.3693	0.1078	-0.024	4.9521	11.8451	115.7734	85.57233	0.02527945	22.5921	5.789	155	136373.2031	NA	NA	1.1438	0.01196811	2.78908489	1.2376	0.01279521	1.54588474	0.6507	0.006658276	0.47756991	1.7559	0.017707907	-0.99369785	2.9245	0.02878605	-3.41152829	3.6703	0.034951933	-6.61494814
HTM	614539	36179NM39	Agency MBS Other	A-3-Q	GOVERNMENT NATIONAL MORTGAGE A	0.09553128	3	52475	2385852	227923.5	17139.93	220448.76	196229.24	96.7205	86.0943447	-24219.52	7/31/2026	Model2501	100	LMMSOFRFLAT	RFRSwap	5.790915	3.591961	5.336874962	0.1687285	0.046080898	 105 	0.087	0.1433	0.3697	1.3835	2.7634	0.5801	0.0182	6.4839	5.1086	136.9215	112.8489	0.09553128	14.2783	3.435	157	402934.0938	NA	NA	4.1664	0.041760381	13.88755309	4.8881	0.04679649	9.39146104	5.1845	0.047185779	4.66951129	5.4288	0.044415276	-4.5295907	5.4165	0.041970298	-8.85831664	5.2982	0.03891049	-12.90385773
HTM	613125	36179NM47	Agency MBS Other	A-3-Q	GOVERNMENT NATIONAL MORTGAGE A	0.02003266	3.5	52475	1611576	32284.15	12139.56	32284.71	28064.7	100.0017	86.9302572	-4220	7/31/2026	Model2501	100	LMMSOFRFLAT	RFRSwap	6.313365	3.489726	4.991212845	0.08809889	0.043534316	 14 	0.0993	0.1568	0.3958	1.3505	2.4584	0.5184	0.0225	6.137	6.5247	188.0605	166.4298	0.02003266	24.242	3.909	155	360123.25	NA	NA	3.8294	0.038374703	12.98964855	4.5538	0.043735128	8.82006637	4.8357	0.044302631	4.39431767	5.1661	0.042829741	-4.31659496	5.3276	0.041905854	-8.56423768	5.2907	0.03945813	-12.64108198
HTM	612995	36179NM62	Agency MBS Other	A-3-Q	GOVERNMENT NATIONAL MORTGAGE A	0.00375651	4.5	52475	3860147	14500.68	609.78	15151.59	13897.13	104.4888	95.8377522	-1254.46	7/31/2026	Model2501	100	LMMSOFRFLAT	RFRSwap	5.288428	3.706527	4.907875061	-0.2240743	0.047220018	 7 	0.1125	0.1917	0.4484	1.3009	2.278	0.5956	-0.0086	6.4805	6.3477	79.2607	60.94331	0.00375651	33.7232	4.75	156	330127.4375	NA	NA	1.8426	0.019717092	10.79358753	3.0313	0.031684969	8.31378441	4.2212	0.04252873	4.53695752	5.2083	0.047627099	-4.76848074	5.3728	0.046595033	-9.48871041	5.4356	0.044655453	-14.05855843
HTM	614448	36179NM88	Agency MBS 30yr	A-3-Q	GOVERNMENT NATIONAL MORTGAGE A	0.17476025	2.5	52475	718224	125517.01	18217.37	117363.62	108143.84	93.5042	86.1587118	-9219.79	7/31/2026	Model2501	100	LMMSOFRFLAT	RFRSwap	5.514394	3.812854	5.037417889	0.08486234	0.043506693	 55 	0.0828	0.1436	0.3799	1.3862	2.473	0.5636	0.0288	5.9034	7.5073	108.0351	86.21971	0.17476025	9.9586	2.994	156	129565.3672	NA	NA	4.2935	0.042795148	13.30751277	4.7291	0.045041248	8.87542647	4.8902	0.044382043	4.39082576	5.2388	0.042981662	-4.32193211	5.3912	0.041935768	-8.58176254	5.3826	0.039671205	-12.6644903
HTM	614717	36179NM96	Agency MBS 30yr	A-3-Q	GOVERNMENT NATIONAL MORTGAGE A	0.12731353	3	52475	20039834	2551342.01	319215.88	2482559.65	2266707.15	97.3041	88.8437199	-215852.5	7/31/2026	Model2501	100	LMMSOFRFLAT	RFRSwap	5.340773	3.515094	5.003757	0.117557	0.044580333	 1,137 	0.1003	0.1573	0.3905	1.346	2.4609	0.545	0.0145	6.0701	6.9641	92.9122	68.21066	0.12731353	12.3118	3.396	156	113368.5938	NA	NA	3.904	0.040012613	13.39741289	4.5998	0.045157474	9.07853599	4.8738	0.045622148	4.51294	5.1528	0.043636072	-4.40898249	5.2921	0.042531479	-8.72653118	5.2798	0.040244319	-12.87073494
AFS	613751	36179NMM7	Agency MBS 15yr	A-3-Q	GOVERNMENT NATIONAL MORTGAGE A	0.02070489	2.5	46997	2109649	43680.05	42180.18	43481.7	42918.45	99.5459	98.2564189	-563.25	7/31/2026	Model2501	100	LMMSOFRFLAT	RFRSwap	4.572249	2.919444	0.786248922	0.01069962	0.00774178	 3 	0.5658	0.2172	0.0005	0.002	0.0002	0.0005	0.0001	0.8167	20.8984	47.0937	47.40115	0.02070489	14.7746	2.914	156	19035.4336	NA	NA	0.8062	0.00813054	2.3801869	0.8	0.008002655	1.57339465	0.7924	0.007864387	0.78004804	0.7833	0.007652119	-0.76948738	0.7791	0.007552234	-1.53017879	0.7712	0.007417467	-2.2786071
AFS	613139	36179NMN5	Agency MBS 15yr	A-3-Q	GOVERNMENT NATIONAL MORTGAGE A	0.02710276	3	46997	3477387	94246.79	79309.2	94396.09	92870.24	100.1584	98.539423	-1525.85	7/31/2026	Model2501	100	LMMSOFRFLAT	RFRSwap	4.626049	2.633981	0.812783957	0.01300724	0.008029446	 8 	0.5553	0.2552	0.0004	0.0015	0	0.0004	0	0.8475	21.0938	51.9501	51.72219	0.02710276	13.3917	3.337	156	17549.5762	NA	NA	0.8332	0.008436922	2.47163943	0.8277	0.008312161	1.63395546	0.8202	0.008169211	0.80976971	0.8085	0.007923045	-0.7972809	0.8051	0.007825982	-1.58500621	0.7979	0.00769443	-2.36114216
AFS	614164	36179NMP0	Agency MBS 15yr	A-3-Q	GOVERNMENT NATIONAL MORTGAGE A	0.01595517	3.5	46997	2539336	40515.54	33031.43	40814.17	40126.76	100.7371	99.0404265	-687.41	7/31/2026	Model2501	100	LMMSOFRFLAT	RFRSwap	4.446421	2.448042	0.842213094	0.01474707	0.008365879	 3 	0.5434	0.2974	0.0002	0.0009	0	0.0002	0	0.8806	21.0938	33.935	32.72363	0.01595517	17.0794	3.87	155	18756.8379	NA	NA	0.8617	0.008781104	2.57594321	0.8575	0.008663696	1.70330669	0.8502	0.008517306	0.84411045	0.8364	0.008238631	-0.82985505	0.8326	0.00813293	-1.64849009	0.8263	0.008004594	-2.45548684
HTM	614066	36179NNA2	Agency MBS 30yr	A-3-Q	GOVERNMENT NATIONAL MORTGAGE A	0.09423985	3.5	52475	85735804	8079729.31	1015509.1	8119391.71	7364954.81	100.4909	91.1534846	-754436.89	7/31/2026	Model2501	100	LMMSOFRFLAT	RFRSwap	5.332437	3.395772	4.922754765	0.1429196	0.045016207	 3,637 	0.1097	0.1669	0.4021	1.3245	2.3997	0.5201	0.0069	6.1204	6.8665	93.1249	67.31512	0.09423985	14.4946	3.878	156	105075.7422	NA	NA	3.5982	0.03768222	13.27998733	4.4215	0.044461586	9.11264858	4.7847	0.045934774	4.55857116	5.0356	0.043812718	-4.43878366	5.1674	0.042722329	-8.76802116	5.1898	0.040737689	-12.94873525
HTM	614331	36179NNB0	Agency MBS 30yr	A-3-Q	GOVERNMENT NATIONAL MORTGAGE A	0.05366218	4	52475	14791694	793754.55	107226.92	821854.3	742503.47	103.5401	93.5432087	-79350.83	7/31/2026	Model2501	100	LMMSOFRFLAT	RFRSwap	5.327576	3.32002	4.830407619	0.1379117	0.045346197	 360 	0.1165	0.1787	0.415	1.3071	2.3131	0.5055	0.0006	6.1367	7.0557	92.6074	66.92722	0.05366218	18.3117	4.367	156	99417.6641	NA	NA	3.2184	0.034386259	12.9673351	4.1687	0.042905044	9.04484042	4.642	0.045700569	4.57344078	4.9123	0.043922573	-4.46386113	5.019	0.042703226	-8.79342065	5.0921	0.041186113	-12.99451377
AFS	614511	36179NNB0	Agency MBS 30yr	A-3-Q	GOVERNMENT NATIONAL MORTGAGE A	0.05366218	4	52475	34058935	1827676.7	249296.17	1909814.59	1709667.43	104.4941	93.5432087	-200147.16	7/31/2026	Model2501	100	LMMSOFRFLAT	RFRSwap	5.327576	3.145587	4.830407619	0.1379117	0.045346197	 829 	0.1165	0.1787	0.415	1.3071	2.3131	0.5055	0.0006	6.1367	7.0557	92.6074	66.92722	0.05366218	18.3117	4.367	156	99417.6641	NA	NA	3.2184	0.034386259	12.9673351	4.1687	0.042905044	9.04484042	4.642	0.045700569	4.57344078	4.9123	0.043922573	-4.46386113	5.019	0.042703226	-8.79342065	5.0921	0.041186113	-12.99451377
HTM	614635	36179NNC8	Agency MBS 30yr	A-3-Q	GOVERNMENT NATIONAL MORTGAGE A	0.04892971	4.5	52475	22682083	1109827.74	148725.28	1170304.42	1065400.6	105.4492	95.9969335	-104903.82	7/31/2026	Model2501	100	LMMSOFRFLAT	RFRSwap	5.334986	3.437613	4.676216125	0.07502901	0.0450656	 500 	0.1258	0.1922	0.4314	1.3	2.197	0.4394	-0.0039	6.0118	7.3364	93.286	68.34239	0.04892971	18.9947	4.826	158	91526.3438	NA	NA	2.9742	0.032397877	12.5564358	3.909	0.041126542	8.83670582	4.4268	0.04465742	4.50783126	4.7586	0.043743301	-4.44710051	4.8331	0.042348545	-8.75013015	4.9049	0.040934384	-12.91501027
AFS	612273	36179NND6	Agency MBS 30yr	A-3-Q	GOVERNMENT NATIONAL MORTGAGE A	0.0428312	5	52475	904710	38749.81	5479.58	41345.47	38411.33	106.6985	99.1264888	-2934.14	7/31/2026	Model2501	100	LMMSOFRFLAT	RFRSwap	5.192446	3.550504	4.147030354	-0.03040045	0.041280847	 16 	0.1499	0.2172	0.462	1.2872	1.8405	0.2019	-0.0083	5.337	8.197	81.2266	58.17887	0.0428312	19.7312	5.371	178	80440.8125	NA	NA	2.5377	0.028075621	11.09212124	3.3153	0.035618648	7.89333159	3.8507	0.039903477	4.08253854	4.2944	0.040976752	-4.12478276	4.3439	0.03969577	-8.16039839	4.3912	0.038412385	-12.06677622
AFS	614279	36179NNL8	Agency MBS ARM	A-3-Q	GOVERNMENT NATIONAL MORTGAGE A	0.03286258	5.375	52475	2471144	81208.17	53535.1	80746.91	82340	99.432	101.3937373	1593.09	7/31/2026	Model2501	100	LMMSOFRFLAT	RFRSwap	5.710766	6.225767	0.989489853	-0.7773839	0.010077128	 8 	-0.2308	-0.0655	0.1127	0.2553	0.6524	0.1664	-0.025	4.9002	11.8115	100.3383	84.83971	0.03286258	20.8317	5.72	156	188309.25	NA	NA	0.8083	0.008463774	2.87319567	1.1272	0.011689293	1.86390721	0.8062	0.008272888	0.7700098	2.4455	0.024507506	-1.62659399	3.4755	0.033786394	-4.6277701	3.9702	0.037175953	-8.2051161
AFS	613405	36179NNM6	Agency MBS ARM	A-3-Q	GOVERNMENT NATIONAL MORTGAGE A	0.02195503	5.375	52475	6936269	152285.99	26439.05	152285.99	154409.5	100	101.3944199	2123.51	7/31/2026	Model2501	100	LMMSOFRFLAT	RFRSwap	5.675705	6.057795	0.644803226	-0.4928349	0.006566826	 10 	-0.237	-0.0073	0.0855	0.2059	0.4215	0.095	-0.0268	4.594	13.031	105.9477	83.90509	0.02195503	23.4233	5.74	155	154597.9844	NA	NA	0.7836	0.0081728	2.45014615	1.0429	0.010778518	1.50594524	0.6457	0.006610989	0.53922579	1.9392	0.019520877	-1.17742045	3.1141	0.030532552	-3.79633665	3.8319	0.036271714	-7.18488279
AFS	612393	36179NNP9	Agency MBS ARM	A-3-Q	GOVERNMENT NATIONAL MORTGAGE A	0.02672598	5.375	52475	5722529	152940.2	18469.23	152940.2	155076.92	100	101.3970999	2136.73	7/31/2026	Model2501	100	LMMSOFRFLAT	RFRSwap	5.696871	6.068193	0.517284691	-0.3066136	0.005268287	 8 	-0.2553	-0.0037	0.0599	0.1582	0.3472	0.0855	-0.026	4.795	12.3447	113.3883	85.0433	0.02672598	22.3894	5.861	154	189907.9531	NA	NA	1.0047	0.010489032	2.55501179	1.1299	0.011671599	1.45317927	0.6145	0.00628591	0.45396389	1.7298	0.017447785	-0.97761697	2.9135	0.028689392	-3.37424538	3.6883	0.035135962	-6.5814404
AFS	614031	36179NP77	Agency MBS Other	A-3-Q	GOVERNMENT NATIONAL MORTGAGE A	0.0128561	3	47027	1079244	13874.87	9797.56	13902.54	13687.02	100.1994	98.6460991	-215.52	7/31/2026	Model2501	100	LMMSOFRFLAT	RFRSwap	4.862739	2.475891	0.651106715	0.009142736	0.006439191	 1 	0.5656	0.0846	0.0001	0.0006	0.0001	0.0002	0	0.6755	23.4375	78.4528	80.58811	0.0128561	18.4287	3.25	156	57477.2969	NA	NA	0.6676	0.006734781	1.97710649	0.663	0.006643852	1.30783383	0.6568	0.006538098	0.64873444	0.6477	0.00636358	-0.63991262	0.6443	0.006289969	-1.27282707	0.6383	0.006191604	-1.89695877
AFS	613499	36179NP93	Agency MBS 15yr	A-3-Q	GOVERNMENT NATIONAL MORTGAGE A	0.04963504	2	47027	147690	7330.6	4873.62	7278.38	7150.11	99.2877	97.5378406	-128.27	7/31/2026	Model2501	100	LMMSOFRFLAT	RFRSwap	4.750704	2.701974	0.86616677	0.01042938	0.00846284	 1 	0.5284	0.3285	0.0036	0.0041	0.0004	0.0011	0.0001	0.9	22.2656	63.2853	62.15656	0.04963504	8.4258	2.482	155	34293.5742	NA	NA	0.8884	0.008910984	2.60293248	0.8805	0.008754723	1.71951488	0.8718	0.008592077	0.85227387	0.865	0.008378508	-0.84185293	0.8607	0.008264882	-1.67481058	0.8509	0.008101281	-2.49302765
HTM	613644	36179NQ35	Agency MBS 30yr	A-3-Q	GOVERNMENT NATIONAL MORTGAGE A	0.13662303	3	52505	4198003	573543.89	69842.28	564874.83	509794.59	98.4885	88.8850184	-55080.24	7/31/2026	Model2501	100	LMMSOFRFLAT	RFRSwap	5.32242	3.280007	5.008735657	0.1245597	0.044645373	 256 	0.1	0.1569	0.3907	1.3476	2.4717	0.538	0.0138	6.0826	6.8237	91.3397	66.37179	0.13662303	11.9169	3.413	156	113614.7188	NA	NA	3.8897	0.039885093	13.40417362	4.5979	0.045163836	9.09178134	4.8796	0.045700271	4.52122131	5.1508	0.04363928	-4.41236733	5.2868	0.042509221	-8.72842572	5.275	0.040229302	-12.87070633
HTM	612169	36179NQ43	Agency MBS 30yr	A-3-Q	GOVERNMENT NATIONAL MORTGAGE A	0.0927791	3.5	52505	20674009	1918115.95	246572.74	1953732.37	1752909.52	101.8568	91.3870467	-200822.86	7/31/2026	Model2501	100	LMMSOFRFLAT	RFRSwap	5.279496	3.137997	4.922986031	0.1463043	0.045133304	 866 	0.1107	0.168	0.4026	1.3214	2.4	0.5209	0.0062	6.1196	6.8848	88.0302	62.00919	0.0927791	14.7237	3.926	155	103167.9688	NA	NA	3.6118	0.037924431	13.32388432	4.4238	0.044600248	9.13930866	4.7867	0.046072491	4.57175562	5.0308	0.043883994	-4.44823044	5.1596	0.042771317	-8.78291927	5.1862	0.040819969	-12.97013858
HTM	613046	36179NQ50	Agency MBS 30yr	A-3-Q	GOVERNMENT NATIONAL MORTGAGE A	0.05274513	4	52505	62037487	3272175.32	458567.98	3446568.22	3060891.54	105.3296	93.5430177	-385676.69	7/31/2026	Model2501	100	LMMSOFRFLAT	RFRSwap	5.323544	2.9978	4.832472324	0.1293602	0.045365486	 1,484 	0.1163	0.1792	0.416	1.3042	2.31	0.5127	0.0001	6.1514	7.0557	91.8632	66.32372	0.05274513	18.5528	4.382	155	98185.2109	NA	NA	3.1242	0.03334469	12.8545132	4.1216	0.042406388	9.01076806	4.6284	0.045564096	4.56892556	4.9179	0.04397016	-4.4678392	5.0246	0.042746227	-8.80166194	5.1049	0.041282099	-13.00913952
HTM	613098	36179NQ68	Agency MBS 30yr	A-3-Q	GOVERNMENT NATIONAL MORTGAGE A	0.04738812	4.5	52505	31027765	1470347.45	218466.98	1559901.35	1410428.5	106.0907	95.9248439	-149472.85	7/31/2026	Model2501	100	LMMSOFRFLAT	RFRSwap	5.347499	3.324534	4.686096668	0.06669086	0.045127038	 664 	0.1259	0.1916	0.4293	1.2919	2.1998	0.4578	-0.004	6.0398	7.3792	94.0187	69.28513	0.04738812	19.3411	4.831	156	90575.5703	NA	NA	2.9268	0.03184237	12.49467043	3.8828	0.040816151	8.8197023	4.4229	0.044586595	4.50878425	4.7722	0.04383032	-4.45498635	4.8468	0.042426065	-8.76640742	4.9191	0.04100617	-12.93864515
HTM	613467	36179NQ76	Agency MBS 30yr	A-3-Q	GOVERNMENT NATIONAL MORTGAGE A	0.04547804	5	52505	3020398	137361.78	18870.26	146873.45	136161.66	106.9245	99.1263045	-10711.79	7/31/2026	Model2501	100	LMMSOFRFLAT	RFRSwap	5.186139	3.575017	4.366163731	-0.02844842	0.043462094	 60 	0.1411	0.2073	0.4474	1.286	2.004	0.2921	-0.0086	5.6535	7.8064	79.341	55.56007	0.04547804	19.5748	5.351	167	85617.5469	NA	NA	2.7574	0.030719992	11.86489008	3.5626	0.038449645	8.38188207	4.075	0.042319722	4.30829047	4.507	0.042910263	-4.33582318	4.5586	0.04147777	-8.55444227	4.605	0.040023368	-12.63031758
AFS	612508	36179NQA9	Agency MBS 15yr	A-3-Q	GOVERNMENT NATIONAL MORTGAGE A	0.03235532	2.5	47027	1274145	41225.37	37247.4	41225.37	40475.02	100	98.1798907	-750.35	7/31/2026	Model2501	100	LMMSOFRFLAT	RFRSwap	4.603369	2.352494	0.811399817	0.01147156	0.007983219	 3 	0.5544	0.2532	0.0006	0.0024	0.0001	0.0006	0.0001	0.8438	21.4844	49.718	49.49969	0.03235532	12.3538	2.936	155	26867.0488	NA	NA	0.8314	0.008384594	2.45527678	0.8255	0.008256361	1.62307664	0.8179	0.008113019	0.80456331	0.8088	0.007893078	-0.79351149	0.8055	0.007797644	-1.57852339	0.7975	0.007658793	-2.35133879
AFS	613345	36179NQB7	Agency MBS 15yr	A-3-Q	GOVERNMENT NATIONAL MORTGAGE A	0.02160585	3	47027	2407751	52021.51	45079.66	52278.05	51230.14	100.4932	98.4787625	-1047.92	7/31/2026	Model2501	100	LMMSOFRFLAT	RFRSwap	4.63732	2.260256	0.844792128	0.013677	0.008340528	 4 	0.543	0.2992	0.0004	0.0016	0.0001	0.0004	0	0.882	20.7031	52.5821	51.70385	0.02160585	15.2683	3.41	154	18903.6133	NA	NA	0.8662	0.008774588	2.5689329	0.8605	0.008641591	1.69788083	0.8525	0.008488494	0.84125721	0.8405	0.008228203	-0.82808653	0.8369	0.008124671	-1.64603158	0.8292	0.007983384	-2.451569
AFS	613726	36179NQC5	Agency MBS 15yr	A-3-Q	GOVERNMENT NATIONAL MORTGAGE A	0.01726597	3.5	47027	3173080	54786.3	52253.77	55264.33	54284.19	100.8725	99.083504	-980.15	7/31/2026	Model2501	100	LMMSOFRFLAT	RFRSwap	4.389503	2.29895	0.847504258	0.01485019	0.008422088	 5 	0.5441	0.3021	0.0002	0.0009	0	0.0002	0	0.8861	20.3125	28.2888	26.94277	0.01726597	16.9109	3.861	154	20723.7773	NA	NA	0.8655	0.008825571	2.59215356	0.8624	0.008717885	1.7145063	0.8554	0.008573703	0.84975654	0.8417	0.008293686	-0.83541534	0.8379	0.008187481	-1.65952525	0.8316	0.008058774	-2.4719588
AFS	613710	36179NQD3	Agency MBS 15yr	A-3-Q	GOVERNMENT NATIONAL MORTGAGE A	0.01323372	4	47027	333363	4411.63	4639.73	4458.03	4382	101.0517	99.3283343	-76.03	7/31/2026	Model2501	100	LMMSOFRFLAT	RFRSwap	4.602482	2.498783	0.810244858	0.01367602	0.008075035	 0 	0.5552	0.2541	0.0002	0.0006	0	0.0002	0	0.8476	21.4844	49.7204	49.40528	0.01323372	18.3709	4.389	154	12668.0615	NA	NA	0.8265	0.008442302	2.48007628	0.8226	0.008333594	1.64148362	0.8169	0.008208307	0.81423375	0.804	0.007948712	-0.80094566	0.8001	0.007846777	-1.59066655	0.7951	0.007735861	-2.36986891
HTM	613074	36179NQT8	Agency MBS Other	A-3-Q	GOVERNMENT NATIONAL MORTGAGE A	0.11128234	3	52505	1022670	113805.11	5670.57	111463.84	97975.32	97.9427	86.0904378	-13488.51	7/31/2026	Model2501	100	LMMSOFRFLAT	RFRSwap	5.885594	3.374364	5.224503517	0.0652793	0.045108594	 51 	0.0961	0.1518	0.3828	1.3518	2.5941	0.6345	0.0227	6.3273	6.4941	143.5472	122.3311	0.11128234	13.3043	3.474	155	406910.1875	NA	NA	3.924	0.039121497	13.35828785	4.7062	0.044908937	9.08505047	5.019	0.045611877	4.53829562	5.4377	0.044512011	-4.48277228	5.5519	0.043007132	-8.8760839	5.4632	0.0400494	-13.03225711
HTM	612287	36179NQU5	Agency MBS Other	A-3-Q	GOVERNMENT NATIONAL MORTGAGE A	0.02333371	3.5	52505	4698953	109644.01	7648.74	110362.41	95315.02	100.6552	86.9313513	-15047.4	7/31/2026	Model2501	100	LMMSOFRFLAT	RFRSwap	6.16306	3.372908	5.205792427	0.152894	0.045406491	 50 	0.0918	0.1489	0.3848	1.3831	2.6488	0.5366	0.0198	6.413	5.1636	174.4171	150.3094	0.02333371	23.4943	3.909	155	424653.9062	NA	NA	3.7982	0.03825137	13.48588362	4.7077	0.045409609	9.23420009	5.0603	0.046465576	4.60062573	5.3149	0.043981034	-4.47185859	5.356	0.042013802	-8.78043276	5.2566	0.039100096	-12.8396231
AFS	614287	36179NRH3	Agency MBS ARM	A-3-Q	GOVERNMENT NATIONAL MORTGAGE A	0.02276369	5.125	52505	2642853	60161.09	24283.22	60161.09	61130.56	100	101.6114625	969.47	7/31/2026	Model2501	100	LMMSOFRFLAT	RFRSwap	5.65737	6.061624	1.172732711	-1.103725	0.011966394	 7 	0.2021	-0.0075	0.0699	0.2335	0.4918	0.1221	-0.0277	5.0521	11.4258	101.4709	77.93671	0.02276369	23.3545	5.48	154	147371.5938	NA	NA	0.8975	0.00940312	2.72994766	0.9625	0.009987507	1.7290394	0.7348	0.00756049	0.85953607	2.4079	0.02413613	-1.80028789	3.4035	0.033121474	-4.72370748	4.0591	0.038046334	-8.30658543
HTM	614392	36179NRH3	Agency MBS ARM	A-3-Q	GOVERNMENT NATIONAL MORTGAGE A	0.02276369	5.125	52505	73612090	1675682.8	676367.02	1675682.8	1702685.8	100	101.6114625	27003	7/31/2026	Model2501	100	LMMSOFRFLAT	RFRSwap	5.65737	6.061624	1.172732711	-1.103725	0.011966394	 201 	0.2021	-0.0075	0.0699	0.2335	0.4918	0.1221	-0.0277	5.0521	11.4258	101.4709	77.93671	0.02276369	23.3545	5.48	154	147371.5938	NA	NA	0.8975	0.00940312	2.72994766	0.9625	0.009987507	1.7290394	0.7348	0.00756049	0.85953607	2.4079	0.02413613	-1.80028789	3.4035	0.033121474	-4.72370748	4.0591	0.038046334	-8.30658543
AFS	614385	36179NRK6	Agency MBS ARM	A-3-Q	GOVERNMENT NATIONAL MORTGAGE A	0.02231941	5.125	52505	5725788	127796.21	12793.3	127796.21	130447.88	100	102.0749232	2651.67	7/31/2026	Model2501	100	LMMSOFRFLAT	RFRSwap	5.529669	6.05641	0.988201737	-0.9391576	0.010129266	 13 	0.2012	0.0326	0.1069	0.1886	0.3222	0.0663	-0.0345	4.9431	11.7339	94.7905	66.3796	0.02231941	23.6361	5.516	154	130613.1406	NA	NA	0.87	0.009143346	2.58813726	0.9582	0.009974558	1.58939361	0.669	0.006907117	0.74664317	2.0791	0.020992978	-1.52916832	3.0519	0.030025048	-4.11936457	3.7367	0.03552749	-7.42467928
AFS	614123	36179NSM1	Agency MBS 15yr	A-3-Q	GOVERNMENT NATIONAL MORTGAGE A	0.0192093	3	47058	422163	8109.46	7435.67	8160.72	7994.4	100.6321	98.5812587	-166.31	7/31/2026	Model2501	100	LMMSOFRFLAT	RFRSwap	4.460189	2.132796	0.876541138	0.01427688	0.008662966	 1 	0.5301	0.3408	0.0032	0.0019	0.0001	0.0005	0	0.9155	20.5078	34.781	32.92805	0.0192093	16.3877	3.419	153	22493.6758	NA	NA	0.8963	0.009097592	2.66701425	0.8917	0.008970359	1.76338693	0.8843	0.008816885	0.87381872	0.8723	0.008545769	-0.86005085	0.8694	0.008443589	-1.70978885	0.862	0.00829983	-2.54714455
AFS	613321	36179NSN9	Agency MBS 15yr	A-3-Q	GOVERNMENT NATIONAL MORTGAGE A	0.01648216	3.5	47058	1553097	25598.39	25693.57	25862.26	25352.8	101.0308	99.0406062	-509.46	7/31/2026	Model2501	100	LMMSOFRFLAT	RFRSwap	4.438177	2.121125	0.849639535	0.01473451	0.008439663	 2 	0.544	0.3042	0.0002	0.0009	0	0.0002	0	0.8884	19.9219	33.0306	31.74587	0.01648216	17.5516	3.844	153	19157.375	NA	NA	0.8689	0.008857162	2.59863191	0.8649	0.00874024	1.71831421	0.8577	0.008592317	0.85153529	0.844	0.008313213	-0.83727139	0.8402	0.008206438	-1.66334641	0.8336	0.008074244	-2.47749624
AFS	613625	36179NSP4	Agency MBS 15yr	A-3-Q	GOVERNMENT NATIONAL MORTGAGE A	0.02053803	4	47058	341010	7003.67	5772.56	7089.45	6952.9	101.2247	99.2750358	-136.54	7/31/2026	Model2501	100	LMMSOFRFLAT	RFRSwap	4.621601	2.420399	0.874272883	0.01618057	0.00870849	 1 	0.5305	0.3402	0.0028	0.0006	0	0.0001	0	0.9175	20.5078	50.6862	49.04751	0.02053803	16.087	4.422	153	17497.2734	NA	NA	0.8951	0.009156509	2.6818834	0.8897	0.009019748	1.77366687	0.8826	0.008869382	0.87890546	0.8668	0.0085596	-0.86311374	0.8622	0.008440755	-1.71303677	0.8566	0.008313559	-2.5508303
AFS	613173	36179NTS7	Agency MBS ARM	A-3-Q	GOVERNMENT NATIONAL MORTGAGE A	0.02186267	5.125	52536	2329373	50926.31	10274.84	50926.31	51983.54	100	102.0759947	1057.23	7/31/2026	Model2501	100	LMMSOFRFLAT	RFRSwap	5.492503	6.038884	1.09581244	-1.050237	0.011232415	 6 	0.2094	0.0534	0.1381	0.2164	0.3836	0.06	-0.0411	4.7433	12.3399	84.852	64.96991	0.02186267	23.7837	5.514	152	168053.3125	NA	NA	0.5301	0.005545396	2.09961776	0.6841	0.007114005	1.48179485	0.6311	0.006518751	0.78713746	2.3087	0.023269376	-1.71244739	3.3493	0.032799687	-4.57316706	4.0518	0.038229186	-8.15106972
HTM	613832	36179NTS7	Agency MBS ARM	A-3-Q	GOVERNMENT NATIONAL MORTGAGE A	0.02186267	5.125	52536	25745953	562875.27	113565.14	562875.27	574560.54	100	102.0759947	11685.26	7/31/2026	Model2501	100	LMMSOFRFLAT	RFRSwap	5.492503	6.038884	1.09581244	-1.050237	0.011232415	 63 	0.2094	0.0534	0.1381	0.2164	0.3836	0.06	-0.0411	4.7433	12.3399	84.852	64.96991	0.02186267	23.7837	5.514	152	168053.3125	NA	NA	0.5301	0.005545396	2.09961776	0.6841	0.007114005	1.48179485	0.6311	0.006518751	0.78713746	2.3087	0.023269376	-1.71244739	3.3493	0.032799687	-4.57316706	4.0518	0.038229186	-8.15106972
AFS	613428	36179NTU2	Agency MBS ARM	A-3-Q	GOVERNMENT NATIONAL MORTGAGE A	0.01900507	5.125	52536	8106920	154072.58	24108.36	154072.58	157274	100	102.0778625	3201.42	7/31/2026	Model2501	100	LMMSOFRFLAT	RFRSwap	5.526844	6.058894	0.991263628	-0.9173064	0.010160943	 16 	0.2057	0.0172	0.0857	0.184	0.331	0.0899	-0.0293	4.935	12.135	95.2046	65.32336	0.01900507	24.7513	5.567	153	128402.6094	NA	NA	1.0681	0.011250239	2.82503952	1.0548	0.010987809	1.66312862	0.7001	0.007229444	0.76296711	2.0649	0.020852031	-1.52323891	3.0101	0.029624591	-4.08646039	3.6689	0.034914847	-7.34084809
AFS	612518	36179NUG1	Agency MBS Other	A-3-Q	GOVERNMENT NATIONAL MORTGAGE A	0.03509317	3.5	47027	1154303	40508.15	30476.25	40706.77	40117.08	100.4903	99.0345952	-589.68	7/31/2026	Model2501	100	LMMSOFRFLAT	RFRSwap	4.606541	2.604883	0.723866105	0.01152388	0.007189891	 3 	0.5767	0.1464	0.0001	0.0004	0	0.0001	0	0.7535	20.7031	51.7001	52.96257	0.03509317	11.4486	3.795	161	78191.8203	NA	NA	0.7439	0.007553745	2.21214626	0.7379	0.007437234	1.46238515	0.7307	0.007311118	0.72494576	0.7185	0.007085293	-0.71359744	0.7134	0.006984656	-1.41722323	0.7066	0.006869608	-2.10995357
HTM	614525	36179NUV8	Agency MBS 15yr	A-3-Q	GOVERNMENT NATIONAL MORTGAGE A	0.01956157	3	47088	481863	9426	7616.95	9479.7	9288.63	100.5697	98.5426511	-191.07	7/31/2026	Model2501	100	LMMSOFRFLAT	RFRSwap	4.504694	2.202359	0.876445293	0.01440616	0.008658635	 1 	0.5294	0.3413	0.0032	0.002	0.0001	0.0005	0.0001	0.9157	20.3125	39.1425	37.34372	0.01956157	16.5924	3.425	152	24489.5566	NA	NA	0.8977	0.009107885	2.66668654	0.892	0.008969411	1.76278576	0.8843	0.008813817	0.87344879	0.8722	0.008541978	-0.85962129	0.8693	0.008439374	-1.70897594	0.862	0.0082962	-2.54590838
AFS	614524	36179NUV8	Agency MBS 15yr	A-3-Q	GOVERNMENT NATIONAL MORTGAGE A	0.01956157	3	47088	5817422	113797.91	92244.25	114688.83	112139.48	100.7829	98.5426511	-2549.36	7/31/2026	Model2501	100	LMMSOFRFLAT	RFRSwap	4.504694	1.96551	0.876445293	0.01440616	0.008658635	 10 	0.5294	0.3413	0.0032	0.002	0.0001	0.0005	0.0001	0.9157	20.3125	39.1425	37.34372	0.01956157	16.5924	3.425	152	24489.5566	NA	NA	0.8977	0.009107885	2.66668654	0.892	0.008969411	1.76278576	0.8843	0.008813817	0.87344879	0.8722	0.008541978	-0.85962129	0.8693	0.008439374	-1.70897594	0.862	0.0082962	-2.54590838
HTM	614801	36179NUW6	Agency MBS 15yr	A-3-Q	GOVERNMENT NATIONAL MORTGAGE A	0.01993785	3.5	47088	985142	19641.61	17695.38	19843.77	19445.76	101.0292	99.00285	-398.01	7/31/2026	Model2501	100	LMMSOFRFLAT	RFRSwap	4.449916	2.171278	0.879826903	0.01531225	0.008736199	 2 	0.5308	0.3445	0.003	0.0011	0.0001	0.0003	0	0.921	19.9219	33.7709	31.83597	0.01993785	16.6294	3.849	152	18773.6055	NA	NA	0.8974	0.009151662	2.68875491	0.8947	0.009042887	1.77852993	0.8878	0.008894123	0.88146306	0.8742	0.008604619	-0.86665875	0.8706	0.008494334	-1.72166432	0.864	0.008357776	-2.56442089
HTM	613936	36179NUX4	Agency MBS 15yr	A-3-Q	GOVERNMENT NATIONAL MORTGAGE A	0.02339312	4	47088	685025	16024.87	11418.18	16239.13	15904.37	101.337	99.2480419	-334.76	7/31/2026	Model2501	100	LMMSOFRFLAT	RFRSwap	4.629939	2.359679	0.907407641	0.01692561	0.00903609	 1 	0.5181	0.3786	0.0097	0.0008	0	0.0002	0	0.9534	19.9219	51.0674	48.76485	0.02339312	15.3428	4.423	152	19366.0703	NA	NA	0.9296	0.009516136	2.78471216	0.9237	0.009368211	1.84084258	0.9159	0.009204434	0.91203822	0.9	0.008881624	-0.89555829	0.8956	0.008759101	-1.77751405	0.8898	0.008625671	-2.64685535
HTM	614081	36179NV39	Agency MBS ARM	A-3-Q	GOVERNMENT NATIONAL MORTGAGE A	0.01530687	5.125	52566	1385922	21214.13	1311.84	21214.13	21372.34	100	100.7457679	158.21	7/31/2026	Model2501	100	LMMSOFRFLAT	RFRSwap	5.84497	6.043021	1.147698879	-1.069962	0.011611597	 2 	0.2066	-0.0199	0.0515	0.2499	0.4632	0.1312	-0.0186	4.7964	12.7293	121.4125	97.86361	0.01530687	26.0729	5.585	151	168117.3906	NA	NA	1.0331	0.010749956	2.88154601	1.0518	0.010826804	1.76401465	0.7563	0.007716163	0.84809694	2.3396	0.023263879	-1.7396256	3.2899	0.031788107	-4.5501071	3.9224	0.036550589	-7.98841951
HTM	612403	36179NV54	Agency MBS ARM	A-3-Q	GOVERNMENT NATIONAL MORTGAGE A	0.01388567	5.125	52566	2577337	35788.05	4259.49	35788.05	36531.48	100	102.0773048	743.43	7/31/2026	Model2501	100	LMMSOFRFLAT	RFRSwap	5.497731	6.049628	0.967271805	-0.8676197	0.009914961	 4 	0.2101	0.0256	0.0909	0.1844	0.3081	0.0783	-0.0297	4.7348	13.0486	92.7029	63.26799	0.01388567	26.7514	5.595	152	153021.9531	NA	NA	0.9838	0.010354022	2.74117397	1.0249	0.010674106	1.63945847	0.6946	0.007172417	0.75329052	1.9977	0.020181745	-1.47725968	2.9032	0.028610909	-3.95460391	3.5378	0.033752352	-7.09866167
AFS	614137	36179NXA1	Agency MBS 15yr	A-3-Q	GOVERNMENT NATIONAL MORTGAGE A	0.02391576	3	47119	1332377	31864.81	24227.19	32068.77	31363.91	100.6401	98.4280476	-704.86	7/31/2026	Model2501	100	LMMSOFRFLAT	RFRSwap	4.533912	2.181147	0.935739517	0.01588473	0.009233695	 3 	0.5052	0.4073	0.0201	0.0024	0.0001	0.0006	0.0001	0.9797	20.1172	41.2547	38.19975	0.02391576	15.5671	3.408	151	26685.4648	NA	NA	0.9589	0.00973489	2.84701695	0.9527	0.009579803	1.88122914	0.9443	0.009405816	0.93175923	0.9315	0.009106752	-0.91655216	0.9286	0.008994493	-1.82196005	0.9207	0.008835311	-2.71362841
AFS	613444	36179NXB9	Agency MBS 15yr	A-3-Q	GOVERNMENT NATIONAL MORTGAGE A	0.0206037	3.5	47119	904843	18643.11	15227.3	18853.52	18447.04	101.1286	98.9482909	-406.48	7/31/2026	Model2501	100	LMMSOFRFLAT	RFRSwap	4.449221	2.155354	0.939521313	0.0172033	0.009323806	 2 	0.5062	0.4115	0.0201	0.0013	0.0001	0.0003	0	0.9858	19.5312	32.9635	29.69098	0.0206037	16.7311	3.853	151	20617.4824	NA	NA	0.9602	0.009804604	2.87420985	0.9562	0.009670507	1.89999061	0.9484	0.009501291	0.94119149	0.9335	0.009177467	-0.92460083	0.9299	0.009057743	-1.83643571	0.923	0.008907571	-2.73486582
AFS	614157	36179NXC7	Agency MBS 15yr	A-3-Q	GOVERNMENT NATIONAL MORTGAGE A	0.03068475	4	47119	593091	18198.85	12415.13	18432.07	18064.57	101.2815	99.2621787	-367.5	7/31/2026	Model2501	100	LMMSOFRFLAT	RFRSwap	4.598183	2.463412	0.933344007	0.01687554	0.009295687	 2 	0.5069	0.4057	0.0196	0.0008	0.0001	0.0002	0	0.9815	20.3125	47.6502	44.66841	0.03068475	13.8195	4.401	151	15669.6973	NA	NA	0.9512	0.009745826	2.86030249	0.9477	0.009617996	1.89230617	0.9413	0.009463204	0.93800882	0.9267	0.009143853	-0.92161391	0.9227	0.009020654	-1.82984479	0.9167	0.008880369	-2.72504566
AFS	613515	36179NY51	Agency MBS ARM	A-3-Q	GOVERNMENT NATIONAL MORTGAGE A	0.01942745	5.125	52505	4033908	78368.55	20290.27	78368.55	79996.76	100	102.0776432	1628.22	7/31/2026	Model2501	100	LMMSOFRFLAT	RFRSwap	5.38045	6.001934	0.781533241	-0.6797534	0.008011085	 6 	0.2254	0.0522	0.1215	0.1517	0.1574	0.0098	-0.0317	4.1282	15.7389	86.7507	56.64746	0.01942745	24.5797	5.61	153	175447.6719	NA	NA	0.968	0.01016152	2.46900885	0.9494	0.009867251	1.42515062	0.6035	0.006224185	0.6262348	1.6543	0.016758021	-1.20435149	2.4765	0.024567958	-3.29953786	3.1121	0.030017698	-6.0499084
AFS	613071	36179NY69	Agency MBS ARM	A-3-Q	GOVERNMENT NATIONAL MORTGAGE A	0.01416741	5.125	52536	3139055	44472.28	4765.9	44472.28	45395.6	100	102.0761716	923.32	7/31/2026	Model2501	100	LMMSOFRFLAT	RFRSwap	5.614247	6.096527	0.963094771	-0.8973311	0.009872035	 4 	0.1944	-0.0107	0.0572	0.1788	0.3244	0.1081	-0.0256	5.5111	10.1425	105.9623	69.74133	0.01416741	26.6055	5.533	153	103901.8516	NA	NA	1.3976	0.014772165	3.19583688	1.237	0.01289668	1.75096393	0.7277	0.007513483	0.75114079	1.9896	0.02010097	-1.47401726	2.9374	0.028946307	-3.95991233	3.6445	0.034744054	-7.16993732
HTM	614338	36179NY77	Agency MBS ARM	A-3-Q	GOVERNMENT NATIONAL MORTGAGE A	0.00934596	5.125	52566	990725	9259.28	11048.94	9259.28	9231.59	100	99.7009553	-27.69	7/31/2026	Model2501	100	LMMSOFRFLAT	RFRSwap	6.099368	6.012845	0.860046625	-0.8744639	0.008611478	 1 	0.2049	-0.0251	0.0415	0.2117	0.2537	0.0761	-0.0099	4.3884	14.5729	156.0356	125.4415	0.00934596	29.1331	5.625	151	135692.2344	NA	NA	1.2711	0.013078383	2.76486163	1.1052	0.011232358	1.50720777	0.6359	0.006407506	0.63920313	1.8537	0.018314879	-1.32507829	2.7549	0.026591711	-3.60363008	3.4359	0.032149229	-6.56074952
AFS	613544	36179NYJ1	Agency MBS ARM	A-3-Q	GOVERNMENT NATIONAL MORTGAGE A	0.01568603	5	52597	3761523	59003.36	24410.67	59003.36	59629.92	100	101.0618986	626.56	7/31/2026	Model2501	100	LMMSOFRFLAT	RFRSwap	5.721983	5.998474	1.534372807	-0.8768035	0.015570596	 9 	0.4293	0.1655	0.0957	0.2447	0.4643	0.1266	-0.0248	4.8896	12.3981	106.2856	85.84234	0.01568603	26.0835	5.404	150	139192.5469	NA	NA	1.004	0.010509177	3.19467778	0.9977	0.010336986	2.13441384	0.9204	0.009448446	1.17482602	2.5874	0.025720205	-2.07483321	3.3888	0.032686159	-5.02446364	4.0064	0.037231967	-8.546304
AFS	613506	36179NYL6	Agency MBS ARM	A-3-Q	GOVERNMENT NATIONAL MORTGAGE A	0.0140542	5	52597	3957107	55613.97	5208.86	55613.97	55830.22	100	100.3888335	216.25	7/31/2026	Model2501	100	LMMSOFRFLAT	RFRSwap	5.905914	6.006563	1.399868011	-0.7919408	0.01411144	 8 	0.4404	0.1591	0.0804	0.2163	0.3669	0.1183	-0.0181	4.9367	12.225	129.7482	102.8365	0.0140542	26.8424	5.457	151	129269.3594	NA	NA	1.1994	0.012487983	3.31290515	1.109	0.011409776	2.08076524	0.8937	0.009106533	1.09409321	2.3471	0.023221066	-1.87098701	3.1243	0.030072877	-4.5508793	3.7603	0.034963343	-7.82548103
AFS	613008	36179NZP6	Agency MBS 15yr	A-3-Q	GOVERNMENT NATIONAL MORTGAGE A	0.01967694	3	47150	687618	13530.22	11560.15	13647.39	13311.3	100.866	98.3820032	-336.09	7/31/2026	Model2501	100	LMMSOFRFLAT	RFRSwap	4.543952	1.97386	0.959998965	0.01657274	0.009468662	 1 	0.4942	0.4291	0.0334	0.0026	0.0001	0.0006	0.0001	1.0061	20.7031	41.9535	38.3231	0.01967694	17.1959	3.404	150	27752.7207	NA	NA	0.9843	0.009995401	2.92117356	0.9776	0.00983117	1.92982321	0.9689	0.009648715	0.95563797	0.9558	0.009337773	-0.9397959	0.9533	0.009224389	-1.86825724	0.9453	0.009060455	-2.78269114
AFS	614770	36179NZQ4	Agency MBS 15yr	A-3-Q	GOVERNMENT NATIONAL MORTGAGE A	0.01960319	3.5	47150	1753718	34378.47	27531.85	34815.96	34017.26	101.2726	98.9493144	-798.7	7/31/2026	Model2501	100	LMMSOFRFLAT	RFRSwap	4.445726	2.011106	0.942083657	0.01696876	0.00934933	 3 	0.5064	0.4135	0.0204	0.0013	0.0001	0.0003	0	0.9884	19.3359	32.5975	29.29884	0.01960319	17.3804	3.844	150	20423.4688	NA	NA	0.9605	0.009808283	2.87956209	0.9577	0.009686298	1.90434747	0.9506	0.009523659	0.9436035	0.9362	0.009204074	-0.92723218	0.9327	0.009084465	-1.8417136	0.9259	0.008934938	-2.74286556
AFS	613219	36179Q2A8	Agency MBS 15yr	A-3-Q	GOVERNMENT NATIONAL MORTGAGE A	0.03461333	3	47515	1232576	42663.56	23901.06	43348.9	41702.55	101.6064	97.7474715	-1646.35	7/31/2026	Model2501	100	LMMSOFRFLAT	RFRSwap	4.680417	1.667058	1.269451022	0.02299066	0.0124403	 5 	0.4067	0.5032	0.347	0.0103	0.0007	0.0014	0.0002	1.3423	17.2852	52.9646	44.63469	0.03461333	16.7769	3.397	138	32487.375	NA	NA	1.2968	0.013208038	3.85083393	1.291	0.012979807	2.54101645	1.2798	0.01270268	1.25658729	1.2682	0.01227109	-1.2347065	1.2688	0.012122199	-2.45515065	1.2582	0.011870277	-3.65524457
AFS	614522	36179Q2B6	Agency MBS 15yr	A-3-Q	GOVERNMENT NATIONAL MORTGAGE A	0.03447306	3.5	47515	590338	20350.76	10656.08	20741.62	20019.23	101.9206	98.3709458	-722.38	7/31/2026	Model2501	100	LMMSOFRFLAT	RFRSwap	4.617409	1.98409	1.328229904	0.02765488	0.013104663	 3 	0.3954	0.4975	0.4155	0.0182	0.0007	0.0009	0.0001	1.412	16.7969	46.6172	37.39924	0.03447306	16.9717	3.83	138	29074.2051	NA	NA	1.3488	0.013854492	4.05598202	1.3488	0.013668968	2.67863544	1.3398	0.013396414	1.32485323	1.3227	0.012878075	-1.29830879	1.3219	0.012701645	-2.57736584	1.3142	0.012462325	-3.83602413
AFS	613154	36179Q3H2	Agency MBS 30yr	A-3-Q	GOVERNMENT NATIONAL MORTGAGE A	0.08743099	3	52994	126552853	11064641.23	1364313.13	11251839.06	9826034.4	101.6919	88.8057209	-1425804.65	7/31/2026	Model2501	100	LMMSOFRFLAT	RFRSwap	5.248208	2.685622	5.26096344	0.07940863	0.046851888	 5,184 	0.0936	0.1461	0.3714	1.2917	2.5616	0.7888	0.0195	6.4242	7.2449	79.7098	56.17025	0.08743099	16.9867	3.475	139	136872.7812	NA	NA	3.7992	0.039053883	13.74020341	4.6721	0.046006568	9.41527514	5.0505	0.047358837	4.71541919	5.4739	0.046201807	-4.65126776	5.659	0.045172092	-9.23238592	5.6604	0.042692404	-13.63216279
AFS	613862	36179Q3X7	Agency MBS ARM	A-3-Q	GOVERNMENT NATIONAL MORTGAGE A	0.03453873	5	52994	2443907	84409.44	12087.98	84409.44	85330.3	100	101.0909441	920.86	7/31/2026	Model2501	100	LMMSOFRFLAT	RFRSwap	5.624003	5.94504	1.395262003	-0.8104577	0.014162971	11.95488508	0.4245	0.1975	0.1538	0.2289	0.3199	0.0752	-0.032	4.2505	15.2522	97.4319	81.439	0.03453873	23.3242	5.458	138	184639.1562	NA	NA	0.7062	0.007351019	2.58386465	0.7543	0.007796081	1.84478722	0.8039	0.008245415	1.05561533	2.3677	0.023585515	-1.89346263	3.1467	0.030486751	-4.62168517	3.7765	0.03533728	-7.93627676
AFS	613885	36179Q3Y5	Agency MBS ARM	A-3-Q	GOVERNMENT NATIONAL MORTGAGE A	0.02840133	5	52994	2363474	67125.81	18115.2	67125.81	67857.99	100	101.0907628	732.18	7/31/2026	Model2501	100	LMMSOFRFLAT	RFRSwap	5.693473	5.987886	1.34899509	-0.7819189	0.013693303	 9 	0.4285	0.1972	0.1408	0.2136	0.2794	0.088	-0.0327	4.7121	13.3226	107.9331	84.0753	0.02840133	24.7499	5.449	138	158600.0625	NA	NA	0.8656	0.009037546	2.89682621	0.9287	0.009607119	1.93900926	0.837	0.00858441	1.05122101	2.2938	0.022864405	-1.82648446	3.121	0.030276412	-4.49745739	3.8195	0.03578297	-7.82337189
AFS	613306	36179Q5E7	Agency MBS 15yr	A-3-Q	GOVERNMENT NATIONAL MORTGAGE A	0.03470551	3	47543	910947	31614.88	18119.91	32080.67	30864.83	101.4733	97.6275501	-1215.83	7/31/2026	Model2501	100	LMMSOFRFLAT	RFRSwap	4.735804	1.796999	1.300291181	0.02314227	0.012726931	 4 	0.4001	0.4992	0.3829	0.0154	0.001	0.0016	0.0002	1.3758	16.9922	58.2163	49.66387	0.03470551	17.035	3.39	137	30480.9648	NA	NA	1.3264	0.013504915	3.93885998	1.3214	0.01327723	2.59928381	1.3103	0.012993632	1.28541623	1.2997	0.012557032	-1.26333091	1.3012	0.012408952	-2.51245265	1.2904	0.012147864	-3.74085504
AFS	614507	36179Q5F4	Agency MBS 15yr	A-3-Q	GOVERNMENT NATIONAL MORTGAGE A	0.03408405	3.5	47543	463577	15800.58	8700.26	16105.98	15558.06	101.9328	98.4651304	-547.92	7/31/2026	Model2501	100	LMMSOFRFLAT	RFRSwap	4.58594	1.91385	1.277592659	0.02656854	0.012617096	 2 	0.4065	0.5092	0.3533	0.0074	0.0004	0.0007	0.0001	1.356	16.6016	43.7808	35.09445	0.03408405	17.3384	3.866	137	27644.582	NA	NA	1.301	0.013356416	3.90711285	1.2997	0.01317051	2.57952929	1.2895	0.012899664	1.27561247	1.2721	0.01240413	-1.25014888	1.2719	0.012245264	-2.48276902	1.2646	0.012021502	-3.69649978
AFS	612397	36179Q7C9	Agency MBS ARM	A-3-Q	GOVERNMENT NATIONAL MORTGAGE A	0.03338849	5	53022	257878	8610.16	3768.83	8610.16	8580.8	100	99.6590085	-29.36	7/31/2026	Model2501	100	LMMSOFRFLAT	RFRSwap	6.050201	5.951669	1.499317884	-0.8902563	0.015004524	 1 	0.43	0.1496	0.0852	0.2719	0.4238	0.1254	-0.0156	4.4212	14.1757	137.962	121.416	0.03338849	23.7172	5.5	139	232375.6719	NA	NA	1.1328	0.011695085	3.16554145	1.0117	0.01033172	2.04615365	0.8834	0.008939724	1.11998659	2.581	0.025306664	-2.02512095	3.4022	0.03236739	-4.93812353	4.0562	0.037169587	-8.44026037
AFS	613339	36179Q7D7	Agency MBS ARM	A-3-Q	GOVERNMENT NATIONAL MORTGAGE A	0.02092847	5	53022	133718	2798.51	91.26	2798.51	2776.54	100	99.2148756	-21.97	7/31/2026	Model2501	100	LMMSOFRFLAT	RFRSwap	6.215539	6.00964	1.451174974	-0.844887	0.014458281	 0 	0.4486	0.1339	0.0366	0.2329	0.3982	0.1723	-0.0082	5.0123	12.4212	158.263	131.9326	0.02092847	26.9203	5.47	138	145905.6094	NA	NA	1.4022	0.014463188	3.51248762	1.1991	0.012203899	2.14377364	0.9239	0.009308456	1.11544565	2.4686	0.024117626	-1.93292735	3.3108	0.031421393	-4.7253049	4.0059	0.036645621	-8.1533196
AFS	613647	36179QAK7	Agency MBS 15yr	A-3-Q	GOVERNMENT NATIONAL MORTGAGE A	0.02294937	3	47209	112194	2574.78	1852.2	2595.59	2531.29	100.808	98.3108382	-64.29	7/31/2026	Model2501	100	LMMSOFRFLAT	RFRSwap	4.561992	2.067664	0.99535358	0.01740689	0.009810288	 0 	0.4832	0.4568	0.0518	0.0027	0.0002	0.0006	0.0001	1.0443	19.7266	43.3608	39.08657	0.02294937	16.7905	3.436	148	27161.0996	NA	NA	1.0204	0.010366297	3.02852692	1.0138	0.010195114	2.00026505	1.0046	0.010000664	0.99028046	0.9913	0.009673737	-0.97363764	0.989	0.009556206	-1.93552099	0.9808	0.009383659	-2.88273828
AFS	614477	36179QAL5	Agency MBS 15yr	A-3-Q	GOVERNMENT NATIONAL MORTGAGE A	0.02052106	3.5	47209	1463232	30027.07	25470.74	30412.71	29680.91	101.2843	98.847176	-731.8	7/31/2026	Model2501	100	LMMSOFRFLAT	RFRSwap	4.495732	2.087084	0.999287128	0.01880198	0.009906817	 3 	0.4839	0.461	0.0523	0.0015	0.0001	0.0004	0	1.0508	19.3359	36.8929	32.40994	0.02052106	17.6995	3.841	148	20916.5371	NA	NA	1.022	0.01044401	3.05731068	1.0172	0.010290155	2.02016385	1.0088	0.010101998	1.00034716	0.9931	0.009748213	-0.982228	0.9899	0.009620806	-1.95073212	0.9829	0.009459197	-2.90493739
AFS	614044	36179QAM3	Agency MBS 15yr	A-3-Q	GOVERNMENT NATIONAL MORTGAGE A	0.02824347	4	47209	222974	6297.56	3756.29	6396.3	6246.06	101.5679	99.1822573	-150.24	7/31/2026	Model2501	100	LMMSOFRFLAT	RFRSwap	4.623148	2.342128	1.029592752	0.02011738	0.010246053	 1 	0.4751	0.4804	0.0728	0.001	0.0001	0.0002	0	1.0867	18.9453	49.1191	44.2588	0.02824347	14.5277	4.402	148	19048.3926	NA	NA	1.0474	0.010753581	3.15470972	1.0442	0.010609534	2.08763127	1.0384	0.010441594	1.03448848	1.0217	0.010063615	-1.01506985	1.0174	0.009920024	-2.0141729	1.0114	0.009761812	-2.99841802
AFS	614698	36179QBF7	Agency MBS 30yr	A-3-Q	GOVERNMENT NATIONAL MORTGAGE A	0.06482322	3.5	52688	50000000	3241161	434632.03	3282879.09	2947495.99	101.2871	90.9395119	-335383.09	7/31/2026	Model2501	100	LMMSOFRFLAT	RFRSwap	5.356952	3.248483	4.968512535	0.1306353	0.045328323	 1,469 	0.1093	0.1653	0.398	1.2973	2.399	0.5994	0.0082	6.2164	7.1411	94.2189	68.84247	0.06482322	17.871	3.933	149	111831.5781	NA	NA	3.4691	0.03622821	13.20057609	4.3867	0.044022322	9.12209845	4.8046	0.046034135	4.58107013	5.1015	0.044258386	-4.47603749	5.271	0.043417506	-8.86122764	5.3308	0.041637503	-13.12403899
AFS	614752	36179QBU4	Agency MBS ARM	A-3-Q	GOVERNMENT NATIONAL MORTGAGE A	0.01313018	5.25	52688	5015023	65848.15	11309.33	65848.15	66785.14	100	101.4229471	936.99	7/31/2026	Model2501	100	LMMSOFRFLAT	RFRSwap	5.642503	6.014735	1.63158536	-0.8049963	0.016619401	 11 	0.5944	0.0938	0.1735	0.2388	0.4297	0.1211	-0.0291	4.8256	12.7561	98.9316	78.76854	0.01313018	27.6621	5.761	147	143758.1875	NA	NA	0.7071	0.007427441	3.17546384	0.8894	0.009269507	2.36554278	1.1035	0.011389267	1.34914075	2.5592	0.025530338	-2.10074131	3.3868	0.032789726	-5.04359207	4.0235	0.037525363	-8.59478951
AFS	614213	36179QBW0	Agency MBS ARM	A-3-Q	GOVERNMENT NATIONAL MORTGAGE A	0.01681599	5.25	52688	6710858	112849.72	24484.97	112849.72	114454.56	100	101.4220988	1604.83	7/31/2026	Model2501	100	LMMSOFRFLAT	RFRSwap	5.657359	6.025	1.514873743	-0.6553912	0.015430444	 17 	0.5984	0.0916	0.1759	0.2158	0.3289	0.1017	-0.0299	4.9124	12.3852	105.8413	79.16235	0.01681599	26.3051	5.719	147	140891.0469	NA	NA	0.8915	0.009383482	3.38988867	1.0383	0.010823452	2.38038704	1.1084	0.011433562	1.28985605	2.3318	0.023303723	-1.92030125	3.1489	0.030614736	-4.63623387	3.808	0.035749033	-7.98077631
AFS	613077	36179QED9	Agency MBS ARM	A-3-Q	GOVERNMENT NATIONAL MORTGAGE A	0.02039084	5.25	52718	7903134	161151.54	23227.07	161151.54	163448.44	100	101.4253042	2296.9	7/31/2026	Model2501	100	LMMSOFRFLAT	RFRSwap	5.66035	6.026193	1.670093536	-0.7899624	0.017012041	 27 	0.5983	0.077	0.1565	0.2465	0.4604	0.1484	-0.0261	4.9527	12.4962	100.9364	79.07784	0.02039084	25.1849	5.747	146	135586.875	NA	NA	0.8527	0.008986291	3.51840813	1.0392	0.010849108	2.53424539	1.1798	0.012182912	1.40378049	2.5746	0.025677569	-2.12940511	3.3683	0.03260221	-5.07055104	3.9728	0.037056733	-8.58736691
AFS	614421	36179QEF4	Agency MBS ARM	A-3-Q	GOVERNMENT NATIONAL MORTGAGE A	0.00927703	5.25	52718	6831102	63372.34	23790.27	63372.34	64274.61	100	101.4237641	902.27	7/31/2026	Model2501	100	LMMSOFRFLAT	RFRSwap	5.698916	6.04797	1.584939241	-0.6679195	0.016144391	 10 	0.6097	0.0714	0.1577	0.2235	0.3721	0.1414	-0.025	5.2152	11.523	109.5632	80.67049	0.00927703	29.9907	5.671	146	116424.7031	NA	NA	1.0996	0.011616601	3.78589128	1.196	0.012490118	2.56776159	1.1897	0.012280312	1.36082432	2.4008	0.023976672	-1.99222164	3.1961	0.031033419	-4.7632393	3.83	0.035896968	-8.13515395
AFS	612522	36179QFF3	Agency MBS 15yr	A-3-Q	GOVERNMENT NATIONAL MORTGAGE A	0.02144453	3	47270	76075481	1631402.93	1214882.16	1650976.39	1601916.56	101.1998	98.1925754	-49059.83	7/31/2026	Model2501	100	LMMSOFRFLAT	RFRSwap	4.587461	1.763123	1.056189299	0.01809498	0.010397399	 170 	0.4643	0.4898	0.0972	0.0036	0.0004	0.0009	0.0001	1.1094	19.3359	45.267	39.92751	0.02144453	17.8557	3.416	146	29224.1914	NA	NA	1.0785	0.010963344	3.20790261	1.0739	0.010798875	2.11952881	1.0651	0.010597265	1.04943177	1.0528	0.010255285	-1.03206629	1.0512	0.010132741	-2.05192063	1.0424	0.009942978	-3.05603318
AFS	613798	36179QFG1	Agency MBS 15yr	A-3-Q	GOVERNMENT NATIONAL MORTGAGE A	0.02714515	3.5	47270	2287215	62086.79	40542.52	62775.41	61319.46	101.1091	98.7640987	-1455.95	7/31/2026	Model2501	100	LMMSOFRFLAT	RFRSwap	4.519701	2.328612	1.059911489	0.0194032	0.010499034	 7 	0.4653	0.4937	0.0979	0.002	0.0003	0.0005	0.0001	1.1163	18.75	38.6611	33.12316	0.02714515	16.3984	3.846	146	21720.2656	NA	NA	1.0787	0.011033912	3.23713162	1.0765	0.010893521	2.14019388	1.0691	0.010703303	1.0599964	1.0547	0.010337287	-1.04126668	1.0522	0.010205043	-2.06849399	1.0449	0.010028435	-3.08044856
AFS	613156	36179QFH9	Agency MBS 15yr	A-3-Q	GOVERNMENT NATIONAL MORTGAGE A	0.01693859	4	47270	386364	6544.46	4711.61	6623.24	6491.64	101.2038	99.1928806	-131.6	7/31/2026	Model2501	100	LMMSOFRFLAT	RFRSwap	4.651786	2.59317	0.964728355	0.0186967	0.009601576	 1 	0.4934	0.4356	0.0346	0.0009	0	0.0002	0	1.0161	19.9219	52.5481	48.92769	0.01693859	19.4614	4.451	146	14685.3389	NA	NA	0.9891	0.010137633	2.96264318	0.9824	0.009970188	1.95761043	0.974	0.00978844	0.96950446	0.957	0.009433315	-0.95133631	0.953	0.009305037	-1.88814626	0.9475	0.009163459	-2.81171245
AFS	613949	36179QGR6	Agency MBS ARM	A-3-Q	GOVERNMENT NATIONAL MORTGAGE A	0.01585094	5.25	52749	5264147	83441.68	17000.72	83441.68	84631.01	100	101.4253447	1189.33	7/31/2026	Model2501	100	LMMSOFRFLAT	RFRSwap	5.65436	6.020617	1.655554295	-0.8175626	0.016863948	 14 	0.5911	0.1019	0.1847	0.2396	0.4393	0.1226	-0.0322	4.9103	12.1931	99.6257	79.5419	0.01585094	26.8823	5.749	146	160400.8438	NA	NA	0.5995	0.006294405	3.14002187	0.8727	0.009098827	2.39253766	1.1205	0.011567819	1.37067828	2.5841	0.025772672	-2.12655515	3.4037	0.032938298	-5.08954086	4.0269	0.037536103	-8.64842438
AFS	613166	36179QGT2	Agency MBS ARM	A-3-Q	GOVERNMENT NATIONAL MORTGAGE A	0.01065361	5.25	52749	5656109	60257.98	15430.15	60257.98	61116.38	100	101.4245347	858.39	7/31/2026	Model2501	100	LMMSOFRFLAT	RFRSwap	5.67539	6.036453	1.539883971	-0.6512597	0.015685571	 9 	0.6053	0.0793	0.1624	0.2158	0.3423	0.1271	-0.0256	5.0223	12.19	107.7446	79.462	0.01065361	29.3696	5.709	146	119472.9297	NA	NA	1.0499	0.011078528	3.66035541	1.1541	0.01204365	2.49301238	1.1563	0.01193149	1.32341118	2.3463	0.023444744	-1.94154628	3.1396	0.030518077	-4.65945997	3.772	0.035411563	-7.98131117
AFS	613739	36179QHQ7	Agency MBS Other	A-3-Q	GOVERNMENT NATIONAL MORTGAGE A	0.01608221	3.5	47300	2176237	34998.7	32418.84	35344.51	34660.8	100.9881	99.0345443	-683.71	7/31/2026	Model2501	100	LMMSOFRFLAT	RFRSwap	4.877969	1.536603	0.579505026	0.008337934	0.005756004	 2 	0.5513	0.0277	0.0001	0.0003	0	0.0001	0	0.6001	14.8438	82.4346	84.25589	0.01608221	20.2929	3.875	147	63198.293	NA	NA	0.591	0.005974028	1.76236039	0.5888	0.005916649	1.16776015	0.5845	0.005839514	0.57978443	0.5753	0.005681104	-0.57170375	0.5718	0.005614304	-1.13650955	0.5672	0.005537947	-1.69414989
AFS	613968	36179QHV6	Agency MBS 15yr	A-3-Q	GOVERNMENT NATIONAL MORTGAGE A	0.02408588	3	47300	30537698	735527.33	526398.44	745705.2	721722.98	101.3838	98.1232031	-23982.23	7/31/2026	Model2501	100	LMMSOFRFLAT	RFRSwap	4.604659	1.63857	1.088564754	0.01953629	0.01070856	 79 	0.4544	0.5034	0.1257	0.0038	0.0002	0.0009	0.0001	1.1452	18.75	46.7046	40.81049	0.02408588	17.3565	3.407	145	30089.1289	NA	NA	1.1152	0.011339606	3.30932965	1.1083	0.011144938	2.18497696	1.0984	0.010924015	1.08129517	1.085	0.010558571	-1.06268069	1.0836	0.010430772	-2.11262012	1.0749	0.010235689	-3.14622527
AFS	613933	36179QHW4	Agency MBS 15yr	A-3-Q	GOVERNMENT NATIONAL MORTGAGE A	0.02264879	3.5	47300	1496467	33893.17	25291.07	34411.03	33463.66	101.5279	98.732755	-947.37	7/31/2026	Model2501	100	LMMSOFRFLAT	RFRSwap	4.519524	1.99355	1.091004968	0.02191025	0.010803614	 4 	0.4547	0.507	0.1267	0.002	0.0001	0.0004	0.0001	1.151	18.3594	38.4273	32.26311	0.02264879	17.941	3.857	145	22461.7168	NA	NA	1.1157	0.011420425	3.33950242	1.111	0.011246371	2.2055886	1.1017	0.011029515	1.09156495	1.0842	0.01062014	-1.07054068	1.0812	0.010476926	-2.12545171	1.0739	0.010294518	-3.1642497
AFS	614034	36179QJ69	Agency MBS ARM	A-3-Q	GOVERNMENT NATIONAL MORTGAGE A	0.01719088	5.375	52779	5214144	89635.72	34154.42	89635.72	90897.13	100	101.4072602	1261.41	7/31/2026	Model2501	100	LMMSOFRFLAT	RFRSwap	5.653905	6.048176	0.621974945	-0.4963441	0.006335137	 6 	-0.2335	0.012	0.1118	0.2017	0.3679	0.088	-0.0305	4.4637	13.8294	102.8783	82.99319	0.01719088	26.5723	5.801	145	165117.2031	NA	NA	0.6482	0.006748001	2.24332207	0.9602	0.009916768	1.41793732	0.6065	0.006208437	0.50908784	1.9083	0.019216863	-1.15149686	3.0742	0.030164296	-3.73558636	3.8143	0.036143593	-7.09611897
AFS	613049	36179QJ85	Agency MBS ARM	A-3-Q	GOVERNMENT NATIONAL MORTGAGE A	0.01774495	5.375	52779	6320565	112158.11	19430.18	112158.11	113736.51	100	101.4073008	1578.4	7/31/2026	Model2501	100	LMMSOFRFLAT	RFRSwap	5.648896	6.048826	0.483900338	-0.2858356	0.004928777	 6 	-0.2277	0.0234	0.0962	0.1587	0.2717	0.0609	-0.0308	4.404	14.111	108.0252	82.31937	0.01774495	26.4979	5.803	145	160095.6094	NA	NA	0.8379	0.008729232	2.32290969	1.0374	0.010707227	1.35441105	0.5724	0.005854364	0.42264036	1.6299	0.01645218	-0.91796494	2.7606	0.027238831	-3.18577338	3.5207	0.033660419	-6.2478066
AFS	614754	36179QJS1	Agency MBS 30yr	A-3-Q	GOVERNMENT NATIONAL MORTGAGE A	0.06705681	3.5	52779	50102500	3359713.82	423628.36	3440448.85	3044924.11	102.403	90.6304604	-395524.74	7/31/2026	Model2501	100	LMMSOFRFLAT	RFRSwap	5.399075	3.05001	5.04028368	0.1322168	0.045827333	 1,540 	0.1075	0.1625	0.3924	1.285	2.4291	0.6627	0.009	6.3337	7.135	97.6005	72.30415	0.06705681	18.0338	3.912	146	117212.8125	NA	NA	3.5125	0.03663094	13.36488529	4.4555	0.044622991	9.23075292	4.8741	0.046574116	4.6322274	5.1819	0.044769354	-4.52621434	5.3625	0.043950107	-8.96389084	5.4234	0.042109698	-13.27775373
AFS	613361	36179QK75	Agency MBS 15yr	A-3-Q	GOVERNMENT NATIONAL MORTGAGE A	0.04306332	2.5	47331	5127939	220826.08	141423.5	221765.78	215150.07	100.4255	97.4296455	-6615.72	7/31/2026	Model2501	100	LMMSOFRFLAT	RFRSwap	4.734955	2.019313	1.107071161	0.01643068	0.010809219	 24 	0.4471	0.5001	0.1516	0.0062	0.0006	0.0014	0.0002	1.1614	19.7266	59.2241	53.31989	0.04306332	13.1987	2.934	144	41123.8516	NA	NA	1.1348	0.011458705	3.33879929	1.1265	0.011246953	2.20321121	1.1152	0.011010016	1.09034185	1.1074	0.010693141	-1.07454878	1.106	0.010562261	-2.13832768	1.0944	0.010337221	-3.18337328
AFS	613088	36179QK83	Agency MBS 15yr	A-3-Q	GOVERNMENT NATIONAL MORTGAGE A	0.02503419	3	47331	80177558	2007180.22	1350356.53	2036029.72	1969775.43	101.4373	98.1364506	-66254.29	7/31/2026	Model2501	100	LMMSOFRFLAT	RFRSwap	4.588458	1.594766	1.091385484	0.0193593	0.010737754	 216 	0.454	0.5053	0.1269	0.0039	0.0003	0.0009	0.0001	1.1479	18.5547	45.0928	39.14471	0.02503419	17.3775	3.392	144	30535.5059	NA	NA	1.117	0.01135986	3.31721055	1.1106	0.011170571	2.19052613	1.101	0.010951892	1.08414253	1.0881	0.010589886	-1.06570988	1.0868	0.010462056	-2.11881283	1.0779	0.010265011	-3.15545582
AFS	613346	36179QK91	Agency MBS 15yr	A-3-Q	GOVERNMENT NATIONAL MORTGAGE A	0.02829508	3.5	47331	1365041	38623.94	25271.31	39219.67	38101.89	101.5424	98.6483643	-1117.79	7/31/2026	Model2501	100	LMMSOFRFLAT	RFRSwap	4.570219	2.020414	1.120512009	0.02077994	0.011086349	 4 	0.4474	0.5125	0.1571	0.0024	0.0004	0.0006	0.0001	1.1825	18.3594	43.1834	36.65371	0.02829508	16.6953	3.864	144	23448.9863	NA	NA	1.1385	0.01165415	3.42009194	1.1376	0.011513029	2.26097752	1.1301	0.011307498	1.11952618	1.1154	0.010912728	-1.09940469	1.1128	0.010767055	-2.18349281	1.1051	0.010574382	-3.25088656
AFS	614686	36179QL41	Agency MBS 30yr	A-3-Q	GOVERNMENT NATIONAL MORTGAGE A	0.1167841	3	52810	77532	9054.5	1175.17	9312.4	8041.15	102.8482	88.8083142	-1271.24	7/31/2026	Model2501	100	LMMSOFRFLAT	RFRSwap	5.317446	2.464975	5.072493553	0.1303554	0.045174774	 4 	0.1028	0.1592	0.3874	1.3249	2.4984	0.5943	0.014	6.162	6.9336	90.5406	65.44783	0.1167841	13.9821	3.499	151	105986.3438	NA	NA	4.0565	0.0416677	13.66030794	4.686	0.046054479	9.22247022	4.9487	0.046337586	4.57763894	5.2093	0.044069625	-4.46103013	5.3417	0.042863529	-8.81564726	5.3266	0.040517677	-12.99096383
AFS	613314	36179QMH1	Agency MBS ARM	A-3-Q	GOVERNMENT NATIONAL MORTGAGE A	0.02276142	5.375	52810	3901541	88804.61	5572.26	88804.61	90057.87	100	101.4112567	1253.26	7/31/2026	Model2501	100	LMMSOFRFLAT	RFRSwap	5.533938	5.988478	0.529551148	-0.4339923	0.005393964	 5 	-0.1891	0.0691	0.1574	0.1652	0.2532	0.0215	-0.0336	3.8173	16.643	93.6347	78.61051	0.02276142	25.0198	5.87	144	191126.5312	NA	NA	0.431	0.004465248	1.75196136	0.7473	0.00769994	1.17226285	0.503	0.005145285	0.42268358	1.7216	0.017361524	-1.01183857	2.881	0.02836643	-3.40041482	3.6518	0.034785882	-6.60218227
AFS	614362	36179QMK4	Agency MBS ARM	A-3-Q	GOVERNMENT NATIONAL MORTGAGE A	0.01239303	5.375	52810	5882728	72904.82	21567.38	72904.82	73934.69	100	101.412612	1029.86	7/31/2026	Model2501	100	LMMSOFRFLAT	RFRSwap	5.691592	6.071061	0.511883438	-0.294432	0.005214071	 4 	-0.2494	0.0043	0.0754	0.1681	0.3057	0.095	-0.0283	4.7102	13.0821	111.7384	83.87024	0.01239303	28.8599	5.81	143	154085.9062	NA	NA	0.9785	0.010216753	2.55192551	1.1331	0.011707169	1.45622602	0.6159	0.006301268	0.45401014	1.7044	0.017196614	-0.96447832	2.8563	0.028146073	-3.32090395	3.6205	0.03453587	-6.47042896
AFS	614248	36179QNK3	Agency MBS 15yr	A-3-Q	GOVERNMENT NATIONAL MORTGAGE A	0.02913282	3	47362	60998000	1777043.75	1191346.87	1797766.75	1740530.95	101.1661	97.9453065	-57235.79	7/31/2026	Model2501	100	LMMSOFRFLAT	RFRSwap	4.682892	1.890947	1.146252275	0.02060194	0.01125566	 200 	0.4379	0.5124	0.1897	0.0047	0.0004	0.0011	0.0001	1.208	18.5547	53.9719	47.2548	0.02913282	16.6121	3.398	143	30107.2051	NA	NA	1.1721	0.011916975	3.47926447	1.1663	0.011719965	2.29716635	1.1562	0.011484821	1.13663488	1.1432	0.011097979	-1.11697621	1.1423	0.010963365	-2.2205817	1.133	0.010751314	-3.30667369
AFS	614793	36179QPU9	Agency MBS ARM	A-3-Q	GOVERNMENT NATIONAL MORTGAGE A	0.02514022	5.375	52841	1881027	47289.43	14081.16	47289.43	47958.72	100	101.4153092	669.3	7/31/2026	Model2501	100	LMMSOFRFLAT	RFRSwap	5.623975	6.036117	0.600718141	-0.4754267	0.006119109	 3 	-0.2219	0.027	0.1154	0.1996	0.337	0.0789	-0.0319	4.3044	14.599	100.4146	81.40553	0.02514022	24.5414	5.817	142	185802.7656	NA	NA	0.597	0.006205765	2.07768784	0.8739	0.009019512	1.3429484	0.5802	0.005939022	0.49035867	1.8569	0.018707484	-1.11573838	3.0001	0.029468557	-3.63696881	3.7458	0.035559546	-6.93189665
AFS	614813	36179QPW5	Agency MBS ARM	A-3-Q	GOVERNMENT NATIONAL MORTGAGE A	0.01869472	5.375	52841	3616408	67607.73	3732.96	67607.73	68562.03	100	101.4115102	954.29	7/31/2026	Model2501	100	LMMSOFRFLAT	RFRSwap	5.755946	6.104691	0.5685969	-0.3263544	0.005791696	 4 	-0.2732	-0.0227	0.0424	0.166	0.3827	0.1383	-0.0278	5.2065	11.287	116.2053	86.2294	0.01869472	26.5456	5.756	143	155858.1562	NA	NA	1.1312	0.011841009	2.81483556	1.2378	0.012803878	1.58200236	0.6673	0.006830531	0.50117221	1.8284	0.01843206	-1.04948854	3.0267	0.029754255	-3.55284834	3.8108	0.036199674	-6.8664206
AFS	614253	36179QPY1	Agency MBS ARM	A-3-Q	GOVERNMENT NATIONAL MORTGAGE A	0.03247949	5.375	52841	292783	9509.44	980.1	9509.44	9643.98	100	101.414727	134.53	7/31/2026	Model2501	100	LMMSOFRFLAT	RFRSwap	5.651901	6.063806	0.396625102	-0.2233804	0.004040128	 0 	-0.2155	-0.0085	0.0639	0.1444	0.2128	0.0888	-0.0204	4.3466	15.3732	113.2581	79.52793	0.03247949	23.1579	5.914	143	124036.6094	NA	NA	1.2208	0.012762357	2.67746468	1.2085	0.012480397	1.40758948	0.5984	0.006119212	0.38948606	1.3455	0.013603709	-0.75464676	2.259	0.022412619	-2.64787839	2.8496	0.027551981	-5.17485975
AFS	614325	36179QQ20	Agency MBS 15yr	A-3-Q	GOVERNMENT NATIONAL MORTGAGE A	0.03025956	3.5	47392	1386556	41956.57	26130.31	42722.74	41352.51	101.8261	98.5602639	-1370.23	7/31/2026	Model2501	100	LMMSOFRFLAT	RFRSwap	4.591201	1.868658	1.180968046	0.0243063	0.011674097	 5 	0.4301	0.5179	0.2296	0.0025	0.0003	0.0006	0.0001	1.2499	17.7734	44.8601	37.39298	0.03025956	16.8043	3.877	142	27019.3359	NA	NA	1.204	0.012336192	3.61131889	1.202	0.012168726	2.38511363	1.1924	0.011927694	1.17994861	1.1745	0.011474238	-1.15665448	1.1725	0.011320892	-2.29647775	1.165	0.011118207	-3.4187467
AFS	613347	36179QQ38	Agency MBS 15yr	A-3-Q	GOVERNMENT NATIONAL MORTGAGE A	0.04048696	4	47392	40222	1628.47	552.55	1659.44	1612.64	101.9021	99.0283638	-46.8	7/31/2026	Model2501	100	LMMSOFRFLAT	RFRSwap	4.653464	2.354979	1.227754593	0.02815174	0.012199178	 0 	0.4183	0.5072	0.2995	0.0023	0.0001	0.0003	0	1.3063	18.1641	50.7825	42.66185	0.04048696	14.2778	4.426	143	38797.8594	NA	NA	1.2554	0.012948724	3.77983218	1.2509	0.012741033	2.49585692	1.2408	0.012482314	1.23407196	1.217	0.011945178	-1.20666227	1.2103	0.011736489	-2.39068832	1.2007	0.011504023	-3.55297738
AFS	613879	36179QQV6	Agency MBS Other	A-3-Q	GOVERNMENT NATIONAL MORTGAGE A	0.00750725	3.5	47392	488208	3665.1	8043.26	3685.44	3645.51	100.555	99.4654697	-39.93	7/31/2026	Model2501	100	LMMSOFRFLAT	RFRSwap	4.748114	0.98112	0.289887309	0.002333782	0.002891833	 0 	0.2898	0	0	0	0	0	0	0.2941	15.625	80.8958	82.37823	0.00750725	26.1046	3.875	142	24085.8477	NA	NA	0.2939	0.002957983	0.87758177	0.2926	0.002936374	0.58287818	0.2913	0.002914479	0.29032627	0.2885	0.002869865	-0.28806111	0.2873	0.00284944	-0.57402156	0.286	0.002828418	-0.85791686
AFS	614374	36179QQZ7	Agency MBS 15yr	A-3-Q	GOVERNMENT NATIONAL MORTGAGE A	0.03382823	3	47392	30524627	1032594.1	646312.1	1043776.25	1011375.8	101.0829	97.9451455	-32400.45	7/31/2026	Model2501	100	LMMSOFRFLAT	RFRSwap	4.679413	1.963257	1.148807764	0.0205545	0.011280735	 116 	0.4372	0.514	0.1912	0.0049	0.0004	0.0011	0.0001	1.2107	18.3594	53.6037	46.856	0.03382823	15.8462	3.414	142	31212.7344	NA	NA	1.175	0.01194729	3.48708299	1.1688	0.011746012	2.302222	1.1587	0.011510052	1.13914279	1.1461	0.011126173	-1.11960178	1.1456	0.010994424	-2.22619718	1.1365	0.010783528	-3.3154461
AFS	613657	36179QS51	Agency MBS 15yr	A-3-Q	GOVERNMENT NATIONAL MORTGAGE A	0.02963943	3	47423	668893	19825.61	12346.51	20084.24	19416.46	101.3045	97.9362937	-667.77	7/31/2026	Model2501	100	LMMSOFRFLAT	RFRSwap	4.64246	1.81049	1.180339336	0.0214764	0.011589315	 2 	0.4291	0.5155	0.2291	0.0051	0.0004	0.0011	0.0001	1.245	17.9688	49.7796	42.51588	0.02963943	17.0687	3.411	141	30726.6992	NA	NA	1.2074	0.012287681	3.58451487	1.201	0.012076401	2.36607811	1.1906	0.011829275	1.17050971	1.1778	0.011429144	-1.15011565	1.1777	0.011294091	-2.28686573	1.1686	0.011075877	-3.40573093
AFS	613853	36179QS77	Agency MBS 15yr	A-3-Q	GOVERNMENT NATIONAL MORTGAGE A	0.02259361	4	47423	181175	4093.4	2412.57	4170.79	4052.07	101.8906	98.9902914	-118.72	7/31/2026	Model2501	100	LMMSOFRFLAT	RFRSwap	4.718156	2.27879	1.168851733	0.02351663	0.011609459	 0 	0.4314	0.5101	0.2241	0.0027	0	0.0005	0.0001	1.2401	18.5547	57.3783	50.2099	0.02259361	18.382	4.278	141	22401.2207	NA	NA	1.1984	0.0123326	3.58853973	1.1874	0.012075203	2.36822539	1.1782	0.011840111	1.17252285	1.1615	0.011402956	-1.14999774	1.1602	0.011258358	-2.28290415	1.1561	0.01108942	-3.4005968
AFS	614324	36179QSC6	Agency MBS ARM	A-3-Q	GOVERNMENT NATIONAL MORTGAGE A	0.01737081	5.125	52871	4463530	77535.13	31130.8	77535.13	79164.9	100	102.1019743	1629.77	7/31/2026	Model2501	100	LMMSOFRFLAT	RFRSwap	5.466999	6.032956	1.099734783	-1.026356	0.011275477	 9 	0.211	0.0545	0.1341	0.2142	0.3657	0.0814	-0.0401	4.6687	13.2495	82.656	62.92442	0.01737081	27.0641	5.666	142	177551.5938	NA	NA	0.6203	0.00650046	2.27262791	0.7601	0.007911201	1.54625384	0.6603	0.006822735	0.80340534	2.2851	0.023040229	-1.70258451	3.316	0.032495048	-4.5332042	4.0341	0.038098507	-8.0884502
AFS	613942	36179QSE2	Agency MBS ARM	A-3-Q	GOVERNMENT NATIONAL MORTGAGE A	0.01802052	5.125	52871	3029842	54599.33	8489.31	54599.33	55745.41	100	102.0990783	1146.09	7/31/2026	Model2501	100	LMMSOFRFLAT	RFRSwap	5.518978	6.059614	0.995250463	-0.92379	0.010203921	 6 	0.2048	0.0341	0.105	0.1914	0.2977	0.0945	-0.035	4.9151	12.5326	93.1263	64.54115	0.01802052	26.9503	5.547	142	139799.0781	NA	NA	0.9458	0.00995184	2.69928451	0.9984	0.010399544	1.63620452	0.6921	0.00714872	0.76266444	2.0688	0.020894153	-1.52830254	3.0302	0.029824497	-4.10148791	3.7236	0.035425071	-7.39019632
AFS	613676	36179QUG4	Agency MBS ARM	A-3-Q	GOVERNMENT NATIONAL MORTGAGE A	0.01915838	5.125	52902	4771100	91406.55	24509.09	91406.55	93331.48	100	102.1059005	1924.93	7/31/2026	Model2501	100	LMMSOFRFLAT	RFRSwap	5.464313	6.037774	1.083619714	-1.001553	0.011110676	 10 	0.2164	0.0481	0.1227	0.2056	0.3616	0.0938	-0.0394	4.6283	13.6373	82.1026	61.55777	0.01915838	26.6327	5.574	140	151196.3906	NA	NA	0.7219	0.007572529	2.36827915	0.7999	0.008327066	1.56841853	0.6719	0.006943589	0.80214239	2.2503	0.022695761	-1.67714472	3.2539	0.03191125	-4.4608698	3.9468	0.037330505	-7.94808352
AFS	614716	36179QUJ8	Agency MBS ARM	A-3-Q	GOVERNMENT NATIONAL MORTGAGE A	0.01889973	5.125	52902	2784398	52624.37	10604.66	52624.37	53731.82	100	102.1044445	1107.45	7/31/2026	Model2501	100	LMMSOFRFLAT	RFRSwap	5.474978	6.040591	0.955837429	-0.8958965	0.009800347	 5 	0.2114	0.0649	0.1355	0.1787	0.2523	0.0596	-0.0417	4.6928	13.2129	88.8494	62.77547	0.01889973	26.85	5.542	140	171548.875	NA	NA	0.7657	0.008035065	2.40287785	0.8732	0.009085357	1.51453057	0.6421	0.006630247	0.72392302	2.018	0.020392206	-1.47899179	3.0173	0.029724054	-4.01933868	3.7604	0.035801757	-7.32297481
AFS	614479	36179QVF5	Agency MBS 15yr	A-3-Q	GOVERNMENT NATIONAL MORTGAGE A	0.03437692	3	47453	766759	26358.81	15677.9	26730.14	25784.01	101.4088	97.81933	-946.13	7/31/2026	Model2501	100	LMMSOFRFLAT	RFRSwap	4.665772	1.783925	1.23617208	0.0223996	0.012123057	 3 	0.4148	0.506	0.3062	0.0071	0.0006	0.0013	0.0002	1.3059	17.7734	51.7269	43.75477	0.03437692	16.2901	3.422	140	30916.3789	NA	NA	1.2627	0.012857243	3.75062835	1.257	0.01263889	2.47551611	1.2464	0.012375942	1.22445761	1.2344	0.011956725	-1.20316012	1.2349	0.011814984	-2.3924178	1.2252	0.011578556	-3.56255354
AFS	614052	36179QVG3	Agency MBS 15yr	A-3-Q	GOVERNMENT NATIONAL MORTGAGE A	0.03551248	3.5	47453	698442	24803.41	14199.19	25242.11	24424.06	101.7687	98.4705856	-818.04	7/31/2026	Model2501	100	LMMSOFRFLAT	RFRSwap	4.617534	1.98637	1.235528231	0.02556111	0.012202354	 3 	0.4156	0.5072	0.3074	0.0042	0.0004	0.0007	0.0001	1.3101	17.6758	47.1233	38.94048	0.03551248	16.0801	3.891	140	28613.4238	NA	NA	1.2594	0.012914209	3.77722705	1.2572	0.012730301	2.49396075	1.2472	0.012471706	1.2335099	1.2296	0.011994946	-1.20902944	1.2284	0.011837141	-2.4007293	1.221	0.011622383	-3.57406049
AFS	613958	36179QWD9	Agency MBS 30yr	A-3-Q	GOVERNMENT NATIONAL MORTGAGE A	0.0815433	3	52932	1971710	160779.74	20928.78	165390.61	141248.31	102.8678	87.8520561	-24142.3	7/31/2026	Model2501	100	LMMSOFRFLAT	RFRSwap	5.460577	2.479645	5.24289608	0.09933375	0.046190992	 74 	0.0945	0.1474	0.3723	1.2971	2.558	0.7648	0.0203	6.4213	7.1167	101.365	77.72654	0.0815433	17.208	3.487	142	133153.4062	NA	NA	3.9563	0.040295295	13.74837618	4.7446	0.046239071	9.3551177	5.0688	0.047021214	4.66318176	5.4408	0.04544289	-4.57901653	5.6266	0.044459466	-9.08583994	5.6225	0.041992262	-13.41546279
AFS	614475	36179QWS6	Agency MBS ARM	A-3-Q	GOVERNMENT NATIONAL MORTGAGE A	0.02291421	5.125	52932	1992098	45647.35	18864.05	45647.35	46399.91	100	101.6486263	752.56	7/31/2026	Model2501	100	LMMSOFRFLAT	RFRSwap	5.452513	5.96381	0.966967821	-0.9665406	0.009870392	 5 	0.2269	0.119	0.1893	0.1701	0.2402	-0.0005	-0.0441	3.9905	15.5995	82.7454	70.07652	0.02291421	25.6616	5.64	140	313143.7812	NA	NA	0.512	0.005312855	1.69729	0.5016	0.005180642	1.19759231	0.5039	0.005177359	0.66679794	2.1293	0.021406487	-1.54085653	3.241	0.031707861	-4.24167162	4.0536	0.038227871	-7.76942495
AFS	613086	36179QWT4	Agency MBS ARM	A-3-Q	GOVERNMENT NATIONAL MORTGAGE A	0.02064603	5.125	52932	1015353	20963.01	3442.64	20963.01	21404.63	100	102.1066884	441.63	7/31/2026	Model2501	100	LMMSOFRFLAT	RFRSwap	5.422757	6.021824	0.920534372	-0.8502104	0.009438586	 2 	0.2206	0.0718	0.1407	0.1762	0.2189	0.045	-0.0409	4.4128	14.4997	84.7249	59.45057	0.02064603	26.4582	5.618	140	167086.6406	NA	NA	0.7545	0.00791135	2.31955293	0.84	0.008735252	1.46233211	0.621	0.006410681	0.69994026	1.9199	0.019413738	-1.41415679	2.8575	0.028205104	-3.82806781	3.5542	0.033968307	-6.96171538
AFS	613128	36179QXS5	Agency MBS 15yr	A-3-Q	GOVERNMENT NATIONAL MORTGAGE A	0.0323928	3	47484	143896486	4661210.09	2621971.19	4743030	4559753.08	101.7553	97.8233761	-183276.92	7/31/2026	Model2501	100	LMMSOFRFLAT	RFRSwap	4.65802	1.519534	1.239682198	0.02219028	0.012157981	 567 	0.4143	0.5074	0.3086	0.0073	0.0006	0.0014	0.0002	1.3094	17.5781	50.944	42.932	0.0323928	16.9924	3.413	139	32295.7949	NA	NA	1.265	0.01288187	3.76013151	1.26	0.012669803	2.48218272	1.2497	0.012409488	1.22788011	1.2383	0.011994576	-1.20678278	1.2391	0.011854842	-2.39996475	1.2293	0.011617206	-3.5740307
AFS	613502	36179QXT3	Agency MBS 15yr	A-3-Q	GOVERNMENT NATIONAL MORTGAGE A	0.0380924	3.5	47484	519160	19776.05	10340.06	20133.47	19472.49	101.8073	98.4650082	-660.98	7/31/2026	Model2501	100	LMMSOFRFLAT	RFRSwap	4.589063	2.003429	1.273316979	0.02761179	0.012574855	 2 	0.4066	0.5078	0.3508	0.0071	0.0003	0.0007	0.0001	1.352	16.7969	44.1279	35.44104	0.0380924	15.8471	3.878	139	31794.0918	NA	NA	1.2988	0.013333052	3.89704388	1.2967	0.013138999	2.57220993	1.2859	0.012863122	1.27173007	1.2663	0.012347939	-1.24528329	1.2644	0.012173933	-2.47147413	1.2564	0.011945341	-3.67774632
AFS	613725	36179QY62	Agency MBS ARM	A-3-Q	GOVERNMENT NATIONAL MORTGAGE A	0.0228782	5	52963	2086675	47739.37	2532.35	47739.37	48259.54	100	101.0896077	520.17	7/31/2026	Model2501	100	LMMSOFRFLAT	RFRSwap	5.582026	5.918966	1.336447835	-0.8138443	0.013565784	 6 	0.4219	0.2107	0.1694	0.2118	0.281	0.0472	-0.0336	4.031	16.2005	93.72	80.04642	0.0228782	25.8577	5.513	139	196849.0938	NA	NA	0.6009	0.006236355	2.28047464	0.6261	0.00646049	1.67894018	0.7302	0.007484667	0.99150855	2.3265	0.023187855	-1.83980123	3.152	0.030560551	-4.5515515	3.8205	0.035764504	-7.89382805
AFS	612283	36179QYR6	Agency MBS 30yr	A-3-Q	GOVERNMENT NATIONAL MORTGAGE A	0.08951212	3	52963	121665482	10890535.22	1326002.14	11104172.29	9644589.4	101.9617	88.5593701	-1459582.89	7/31/2026	Model2501	100	LMMSOFRFLAT	RFRSwap	5.293509	2.63949	5.27745533	0.08653221	0.046868749	 5,104 	0.0934	0.1459	0.3707	1.2922	2.5731	0.7944	0.0196	6.4523	7.1594	84.2995	60.6285	0.08951212	16.6825	3.48	140	138847.8281	NA	NA	3.8313	0.039307039	13.78467399	4.7031	0.046206176	9.43617166	5.0745	0.047461756	4.72107408	5.487	0.04617811	-4.65048463	5.6739	0.045152914	-9.22940199	5.6715	0.042640537	-13.62608213
AFS	613449	36179QZ95	Agency MBS 15yr	A-3-Q	GOVERNMENT NATIONAL MORTGAGE A	0.04036767	2.5	47515	58377220	2356552.35	1405661.74	2380337.37	2287198.98	101.0093	97.0569984	-93138.39	7/31/2026	Model2501	100	LMMSOFRFLAT	RFRSwap	4.765007	1.631533	1.263467193	0.01760739	0.012289155	 290 	0.4071	0.4987	0.3401	0.0139	0.0011	0.0023	0.0003	1.3295	17.9688	61.104	53.19912	0.04036767	15.4847	2.946	138	44492.25	NA	NA	1.2902	0.013039001	3.79827379	1.2831	0.012801756	2.50556278	1.2709	0.012518903	1.23949965	1.2673	0.012171067	-1.22237526	1.2675	0.012019875	-2.43340196	1.2541	0.011744011	-3.62163534
AFS	613974	36179R3C1	Agency MBS 15yr	A-3-Q	GOVERNMENT NATIONAL MORTGAGE A	0.07053444	2.5	47908	360055	25396.28	11266.33	25641.99	24403.84	100.9675	96.0921751	-1238.15	7/31/2026	Model2501	100	LMMSOFRFLAT	RFRSwap	4.890828	1.850063	1.621979237	0.02129952	0.015619743	 4 	0.3336	0.4548	0.6482	0.1773	0.0034	0.0047	0.0007	1.718	15.4297	71.6449	60.71372	0.07053444	14.4779	2.935	126	56895.8789	NA	NA	1.635	0.016534952	4.83085565	1.639	0.016305674	3.18601913	1.6258	0.015912306	1.57488993	1.6348	0.01548897	-1.55461404	1.6403	0.015288616	-3.09588589	1.6241	0.014891934	-4.60515169
AFS	614254	36179R3D9	Agency MBS 15yr	A-3-Q	GOVERNMENT NATIONAL MORTGAGE A	0.05820732	3	47908	1350392	78602.7	35906.46	80112.98	76250.91	101.9214	97.008009	-3862.06	7/31/2026	Model2501	100	LMMSOFRFLAT	RFRSwap	4.783652	1.778174	1.625726342	0.03149158	0.01581149	 12 	0.3333	0.456	0.6584	0.1732	0.0021	0.0027	0.0004	1.736	14.8926	61.4486	49.89848	0.05820732	16.2324	3.421	125	38484.2695	NA	NA	1.6445	0.01680078	4.90837683	1.6491	0.016573008	3.23730504	1.637	0.016183298	1.59874628	1.6298	0.015595835	-1.56899112	1.6377	0.01541658	-3.1207926	1.6277	0.015073981	-4.64611979
AFS	614481	36179R3E7	Agency MBS 15yr	A-3-Q	GOVERNMENT NATIONAL MORTGAGE A	0.06078357	3.5	47908	303635	18456.02	7590.54	18905.16	18041.86	102.4336	97.7559828	-863.3	7/31/2026	Model2501	100	LMMSOFRFLAT	RFRSwap	4.757991	2.020813	1.684862137	0.03843711	0.016519677	 3 	0.3247	0.4506	0.6896	0.2164	0.0016	0.0018	0.0003	1.8118	14.3555	58.9103	46.63074	0.06078357	15.9621	3.908	125	39005.7656	NA	NA	1.689	0.017426327	5.12772463	1.7073	0.01731782	3.3860655	1.6983	0.016935375	1.67226797	1.683	0.016226254	-1.63587531	1.6885	0.016007056	-3.24804319	1.6812	0.015671272	-4.8326672
AFS	613948	36179R6G9	Agency MBS 15yr	A-3-Q	GOVERNMENT NATIONAL MORTGAGE A	0.06329457	2.5	47939	158424	10027.38	4381.58	10167.99	9627.1	101.4022	96.0081079	-540.89	7/31/2026	Model2501	100	LMMSOFRFLAT	RFRSwap	4.92864	1.597703	1.632986069	0.02122759	0.015712012	 2 	0.3315	0.4556	0.6568	0.1806	0.0035	0.0048	0.0007	1.7301	14.9414	75.3127	64.38467	0.06329457	15.6286	2.949	124	53236.9297	NA	NA	1.6421	0.016597146	4.85873005	1.6499	0.016403241	3.20514236	1.6368	0.016008295	1.58425748	1.6464	0.015583154	-1.563901	1.6527	0.015386497	-3.11480395	1.6363	0.014986059	-4.63364842
AFS	613276	36179R6H7	Agency MBS 15yr	A-3-Q	GOVERNMENT NATIONAL MORTGAGE A	0.05928415	3	47939	1443493	85576.26	39440.47	87526.09	82886.91	102.2785	96.8573669	-4639.19	7/31/2026	Model2501	100	LMMSOFRFLAT	RFRSwap	4.840843	1.599805	1.659956694	0.03249409	0.016119402	 14 	0.3272	0.4516	0.6773	0.1986	0.0023	0.0029	0.0004	1.7746	14.502	66.9265	55.19821	0.05928415	16.3402	3.428	124	37434.4219	NA	NA	1.6784	0.017138543	5.00602486	1.6836	0.016905284	3.30130759	1.6714	0.016503397	1.63011391	1.6646	0.015897974	-1.59942794	1.6735	0.01571884	-3.18146036	1.6638	0.015369053	-4.73673291
AFS	613525	36179R6J3	Agency MBS 15yr	A-3-Q	GOVERNMENT NATIONAL MORTGAGE A	0.07789438	3.5	47939	233603	18196.36	8350.5	18687.68	17787.95	102.7001	97.7555292	-899.73	7/31/2026	Model2501	100	LMMSOFRFLAT	RFRSwap	4.758087	1.871629	1.684210658	0.03930037	0.016513214	 3 	0.3251	0.4504	0.6891	0.2162	0.0016	0.0017	0.0003	1.8115	14.3555	58.9694	46.63585	0.07789438	14.1655	3.932	124	38037.0234	NA	NA	1.6813	0.017345762	5.12001301	1.7044	0.017287444	3.38371862	1.6975	0.016927019	1.67172118	1.681	0.016206712	-1.63454433	1.6871	0.015993761	-3.24464833	1.6825	0.015683757	-4.82919932
AFS	613609	36179RA25	Agency MBS 15yr	A-3-Q	GOVERNMENT NATIONAL MORTGAGE A	0.03781065	3.5	47574	388276	14680.97	8484.16	14998.3	14434.24	102.1615	98.3194322	-564.05	7/31/2026	Model2501	100	LMMSOFRFLAT	RFRSwap	4.640583	1.836206	1.346490264	0.02999211	0.013277888	 2 	0.3885	0.4878	0.4432	0.0258	0.0004	0.0008	0.0001	1.4338	17.1875	48.8021	39.32357	0.03781065	16.8609	3.912	136	26937.4961	NA	NA	1.3745	0.01412009	4.11903464	1.3708	0.013889696	2.71759277	1.3597	0.013590311	1.34322914	1.3396	0.013033962	-1.31461471	1.3389	0.012853459	-2.60905034	1.3316	0.012614126	-3.88276652
AFS	613841	36179RAY5	Agency MBS 15yr	A-3-Q	GOVERNMENT NATIONAL MORTGAGE A	0.04063629	2.5	47574	87759	3566.2	1949.78	3605.4	3454.87	101.0992	96.8781342	-150.53	7/31/2026	Model2501	100	LMMSOFRFLAT	RFRSwap	4.80987	1.603204	1.319595933	0.01815172	0.01281149	 0 	0.3941	0.4894	0.4062	0.0257	0.0014	0.0026	0.0003	1.3903	17.7734	65.163	56.7391	0.04063629	15.959	2.901	136	45435.418	NA	NA	1.3459	0.013600099	3.96099483	1.3394	0.013353239	2.61249485	1.3267	0.013052387	1.29218638	1.3248	0.012693032	-1.27452995	1.3262	0.012538926	-2.53775791	1.3123	0.012245424	-3.77703515
AFS	613000	36179RAZ2	Agency MBS 15yr	A-3-Q	GOVERNMENT NATIONAL MORTGAGE A	0.03540889	3	47574	668486	23670.35	14805.08	24091.14	23106.21	101.7777	97.6166778	-984.94	7/31/2026	Model2501	100	LMMSOFRFLAT	RFRSwap	4.701872	1.60836	1.332116723	0.0253248	0.013036984	 3 	0.3926	0.4966	0.4191	0.0214	0.0008	0.0015	0.0002	1.4115	16.6016	54.737	45.7552	0.03540889	17.1632	3.409	136	30886.7656	NA	NA	1.3608	0.013867818	4.04061346	1.3553	0.013625389	2.66529451	1.3434	0.013324263	1.31746898	1.3307	0.012851458	-1.29343519	1.3323	0.012695882	-2.57156091	1.3221	0.012432339	-3.828493
AFS	614473	36179RBW8	Agency MBS 30yr	A-3-Q	GOVERNMENT NATIONAL MORTGAGE A	0.09076286	3	53053	47871367	4344942.18	532487.63	4382507.07	3856656.71	100.8646	88.7619799	-525850.36	7/31/2026	Model2501	100	LMMSOFRFLAT	RFRSwap	5.213859	2.837209	5.372940063	0.07986889	0.047825605	 2,078 	0.0908	0.1433	0.3665	1.2917	2.6209	0.8515	0.0192	6.5692	7.0312	75.554	52.17818	0.09076286	16.9811	3.451	137	143257.7188	NA	NA	3.8214	0.039351292	13.96472843	4.7349	0.046685863	9.58826082	5.1401	0.048225369	4.80966926	5.5923	0.04712303	-4.74770916	5.7541	0.045805521	-9.40721099	5.7359	0.043107051	-13.85848806
AFS	614163	36179RC98	Agency MBS 15yr	A-3-Q	GOVERNMENT NATIONAL MORTGAGE A	0.0441441	2.5	47604	378669	16716	10703.01	16842.94	16194.04	100.7594	96.8774675	-648.9	7/31/2026	Model2501	100	LMMSOFRFLAT	RFRSwap	4.796189	1.856307	1.326764941	0.01962233	0.012881003	 2 	0.393	0.4929	0.4117	0.0252	0.0013	0.0024	0.0003	1.3988	17.1875	63.8185	55.27623	0.0441441	15.6128	2.938	135	43849.4336	NA	NA	1.3545	0.013689797	3.98583356	1.3479	0.01344023	2.62840826	1.3348	0.013132584	1.29972301	1.3308	0.012749572	-1.2808018	1.3318	0.012590761	-2.54931704	1.318	0.012295906	-3.79375557
AFS	613188	36179RCC1	Agency MBS ARM	A-3-Q	GOVERNMENT NATIONAL MORTGAGE A	0.04923064	5.25	53053	7761091	382083.48	82885.58	382083.48	387623.99	100	101.4500794	5540.51	7/31/2026	Model2501	100	LMMSOFRFLAT	RFRSwap	5.497087	5.937992	1.429851413	-0.7936175	0.01456841	 56 	0.539	0.1623	0.2305	0.2	0.2753	0.0438	-0.04	4.0955	15.8022	86.226	73.08031	0.04923064	21.2248	5.722	136	214647.6406	NA	NA	0.3522	0.003667936	2.24710573	0.5057	0.005247375	1.87299085	0.8853	0.009121868	1.14369909	2.3528	0.023529103	-1.88424393	3.2343	0.031445608	-4.66180193	3.9299	0.036853839	-8.10858655
AFS	614506	36179RCD9	Agency MBS ARM	A-3-Q	GOVERNMENT NATIONAL MORTGAGE A	0.02693202	5.25	53053	2775671	74754.43	27271.49	74754.43	75838.15	100	101.4497082	1083.72	7/31/2026	Model2501	100	LMMSOFRFLAT	RFRSwap	5.500588	5.945273	1.326984167	-0.6359857	0.013520272	 10 	0.5439	0.1441	0.2161	0.1897	0.1953	0.0341	-0.0384	4.0687	16.1722	92.2962	72.17448	0.02693202	25.4732	5.704	136	207353.8125	NA	NA	0.5256	0.005489904	2.55704116	0.7023	0.007292171	1.94509987	0.9203	0.009478481	1.1027807	2.0981	0.021020362	-1.69972409	2.9135	0.028462298	-4.19529192	3.5993	0.034030683	-7.33908675
AFS	613590	36179RDA4	Agency MBS 15yr	A-3-Q	GOVERNMENT NATIONAL MORTGAGE A	0.03756679	3	47604	503316	18907.97	10957.47	19209.82	18449.73	101.5965	97.5764906	-760.09	7/31/2026	Model2501	100	LMMSOFRFLAT	RFRSwap	4.696271	1.765522	1.361232162	0.02587028	0.013316457	 3 	0.3859	0.4921	0.4508	0.0297	0.0009	0.0016	0.0002	1.4434	16.5039	54.0354	44.74199	0.03756679	16.9975	3.394	135	31900.3496	NA	NA	1.3898	0.0141701	4.12800832	1.3845	0.013921401	2.72274344	1.3725	0.013611243	1.34575296	1.3603	0.013127762	-1.32120824	1.3621	0.012967112	-2.62675436	1.3517	0.012694474	-3.91036768
AFS	613668	36179REL9	Agency MBS ARM	A-3-Q	GOVERNMENT NATIONAL MORTGAGE A	0.03117852	5.25	53083	4664609	145435.6	43918.65	145435.6	147550.17	100	101.4539517	2114.56	7/31/2026	Model2501	100	LMMSOFRFLAT	RFRSwap	5.521872	5.950357	1.457211256	-0.8311927	0.014847737	 22 	0.5355	0.17	0.2402	0.2008	0.2872	0.048	-0.0445	4.2456	14.8696	87.2709	74.53506	0.03117852	24.5425	5.676	134	221599.7656	NA	NA	0.3207	0.003336373	2.12859897	0.427	0.00442887	1.83857991	0.8737	0.009002851	1.15335045	2.4228	0.024218151	-1.93235292	3.3313	0.032346502	-4.79159583	4.0428	0.037823591	-8.33310185
AFS	613107	36179REM7	Agency MBS ARM	A-3-Q	GOVERNMENT NATIONAL MORTGAGE A	0.02223114	5.25	53083	1395766	31029.47	7137.65	31029.47	31480.56	100	101.4537652	451.1	7/31/2026	Model2501	100	LMMSOFRFLAT	RFRSwap	5.569225	5.98037	1.406212568	-0.6868609	0.014328077	 4 	0.5486	0.1327	0.2055	0.207	0.2455	0.0628	-0.0408	4.4754	14.2398	97.3581	75.39571	0.02223114	26.9353	5.667	134	206887.2344	NA	NA	0.5189	0.005427434	2.69712592	0.7439	0.007733136	2.0634044	0.9782	0.010080844	1.16864117	2.2324	0.022342525	-1.80679092	3.0823	0.030034993	-4.4493013	3.7883	0.035661988	-7.75521664
AFS	613530	36179RFC8	Agency MBS 15yr	A-3-Q	GOVERNMENT NATIONAL MORTGAGE A	0.04952847	2.5	47635	206096	10207.62	5757.84	10252.5	9888.2	100.4397	96.8707248	-364.3	7/31/2026	Model2501	100	LMMSOFRFLAT	RFRSwap	4.754394	2.09929	1.355234861	0.01913731	0.013156492	 1 	0.3866	0.4885	0.4424	0.0336	0.0015	0.0026	0.0003	1.4291	17.0898	59.5584	50.6643	0.04952847	14.8766	2.93	135	46964.0898	NA	NA	1.3816	0.013974328	4.07041665	1.3759	0.01372657	2.68424312	1.3628	0.013410994	1.32730302	1.3606	0.013030056	-1.30859352	1.3624	0.012871362	-2.60528527	1.3485	0.012568189	-3.87738712
AFS	613643	36179RFD6	Agency MBS 15yr	A-3-Q	GOVERNMENT NATIONAL MORTGAGE A	0.04354771	3	47635	728841	31739.36	16701.97	32122.83	30970.98	101.2082	97.5791186	-1151.84	7/31/2026	Model2501	100	LMMSOFRFLAT	RFRSwap	4.691784	2.040915	1.363191605	0.02598935	0.013335982	 4 	0.3851	0.4928	0.4527	0.03	0.0009	0.0016	0.0002	1.4456	16.4062	53.582	44.25734	0.04354771	16.0359	3.398	135	30826.5859	NA	NA	1.3927	0.014200288	4.13485904	1.3868	0.013944924	2.72699322	1.3746	0.013632378	1.34777769	1.3624	0.01314804	-1.3231711	1.3642	0.012987372	-2.63076156	1.354	0.012715368	-3.91640133
AFS	614512	36179RGN3	Agency MBS ARM	A-3-Q	GOVERNMENT NATIONAL MORTGAGE A	0.03214797	5.25	53114	2057200	66134.8	20891.94	66134.8	67096.69	100	101.454428	961.88	7/31/2026	Model2501	100	LMMSOFRFLAT	RFRSwap	5.479144	5.928395	1.412683725	-0.8049825	0.014394107	 10 	0.5347	0.179	0.2429	0.1877	0.2591	0.0307	-0.0434	4.0582	15.9569	84.2976	72.72287	0.03214797	24.5139	5.699	134	260557.0312	NA	NA	0.4155	0.004319556	2.06925153	0.3963	0.004108166	1.75880891	0.8347	0.008597549	1.11288424	2.3707	0.023710147	-1.88031076	3.2957	0.032032654	-4.69793292	4.0285	0.037736233	-8.21901216
AFS	614517	36179RGP8	Agency MBS ARM	A-3-Q	GOVERNMENT NATIONAL MORTGAGE A	0.02295612	5.25	53114	1295086	29730.15	8764.35	29730.15	30163	100	101.4559194	432.85	7/31/2026	Model2501	100	LMMSOFRFLAT	RFRSwap	5.607827	5.998802	1.472948551	-0.7182491	0.015008377	 4 	0.5467	0.1294	0.2109	0.2313	0.2618	0.0884	-0.0434	4.7916	12.9121	100.8353	77.62424	0.02295612	26.9024	5.656	133	233914.5312	NA	NA	0.506	0.005301113	2.86724482	0.8089	0.008420214	2.19958891	1.0431	0.01075658	1.2320259	2.3345	0.023345955	-1.89125384	3.2064	0.03118255	-4.64374366	3.9266	0.036841854	-8.06719387
AFS	613971	36179RHK8	Agency MBS 15yr	A-3-Q	GOVERNMENT NATIONAL MORTGAGE A	0.04832615	2.5	47665	846695	40917.51	19381.6	41068.19	39574.93	100.3683	96.7188066	-1493.27	7/31/2026	Model2501	100	LMMSOFRFLAT	RFRSwap	4.780002	2.164701	1.409419656	0.02011698	0.013661101	 6 	0.3749	0.4795	0.496	0.0543	0.0017	0.0029	0.0004	1.4883	16.9922	61.7789	52.40844	0.04832615	15.4544	2.937	133	50570.4219	NA	NA	1.4349	0.014515248	4.22833025	1.4304	0.014263052	2.78808918	1.417	0.013929456	1.37835678	1.4153	0.013525611	-1.35857837	1.4178	0.013358815	-2.70445499	1.4039	0.013042253	-4.02466435
AFS	612267	36179RHL6	Agency MBS 15yr	A-3-Q	GOVERNMENT NATIONAL MORTGAGE A	0.04325531	3	47665	517178	22370.69	12261.77	22661.71	21801.01	101.3009	97.4534273	-860.7	7/31/2026	Model2501	100	LMMSOFRFLAT	RFRSwap	4.712865	2.018783	1.422609806	0.02714843	0.013899386	 3 	0.3736	0.4848	0.5101	0.0509	0.0012	0.0018	0.0002	1.5107	16.0156	55.3597	45.52866	0.04325531	16.4723	3.401	133	34968.2812	NA	NA	1.4499	0.014790475	4.31024665	1.4461	0.014539969	2.84273801	1.4339	0.014210688	1.40479566	1.4222	0.013699518	-1.37894364	1.4247	0.013528842	-2.74119779	1.4138	0.013236918	-4.0801004
AFS	612893	36179RHM4	Agency MBS 15yr	A-3-Q	GOVERNMENT NATIONAL MORTGAGE A	0.04303639	3.5	47665	330004	14202.18	8164.18	14470.21	13945.32	101.8873	98.191366	-524.9	7/31/2026	Model2501	100	LMMSOFRFLAT	RFRSwap	4.672316	2.109717	1.422466993	0.03242331	0.014008886	 2 	0.3738	0.4866	0.513	0.0475	0.0006	0.0009	0.0001	1.518	15.8203	51.5516	41.44534	0.04303639	16.6943	3.899	133	28768.9707	NA	NA	1.4497	0.014907562	4.34994876	1.448	0.014675881	2.8693077	1.4363	0.014348794	1.41765086	1.416	0.0137486	-1.38676714	1.4165	0.013560452	-2.75228286	1.4096	0.013304573	-4.09595908
AFS	613468	36179RJT7	Agency MBS ARM	A-3-Q	GOVERNMENT NATIONAL MORTGAGE A	0.0410267	5.375	53144	2558836	104980.6	27577.14	104980.6	106489.55	100	101.437365	1508.95	7/31/2026	Model2501	100	LMMSOFRFLAT	RFRSwap	5.509601	5.977996	0.513746798	-0.4087138	0.005234323	 5 	-0.2472	0.1067	0.1714	0.1616	0.2437	0.0323	-0.037	3.8181	17.0637	89.8718	77.05519	0.0410267	23.0079	5.814	133	273700.75	NA	NA	0.3701	0.003830736	1.60778981	0.6842	0.007047897	1.12123657	0.4044	0.004135827	0.37679094	1.8265	0.018433154	-0.96323336	2.9762	0.029298775	-3.44322182	3.8073	0.036215607	-6.76429811
AFS	612662	36179RJU4	Agency MBS ARM	A-3-Q	GOVERNMENT NATIONAL MORTGAGE A	0.02596439	5.375	53144	1759379	45681.2	16489.94	45681.2	46338.56	100	101.4390196	657.36	7/31/2026	Model2501	100	LMMSOFRFLAT	RFRSwap	5.61867	6.035051	0.460256815	-0.1897978	0.004689416	 2 	-0.3028	0.0557	0.1238	0.1823	0.2472	0.0782	-0.033	4.3723	14.7982	104.9005	80.70961	0.02596439	26.2803	5.894	133	200757.2188	NA	NA	0.807	0.008411631	2.34125061	1.057	0.010915589	1.3868696	0.499	0.005103311	0.39308458	1.7295	0.017471686	-0.86634861	2.8126	0.027757855	-3.19528417	3.6418	0.034794804	-6.34453771
AFS	613805	36179RKS7	Agency MBS 15yr	A-3-Q	GOVERNMENT NATIONAL MORTGAGE A	0.05302194	2.5	47696	57488	3048.13	1642.15	3067.61	2948.09	100.6392	96.7182552	-119.52	7/31/2026	Model2501	100	LMMSOFRFLAT	RFRSwap	4.773758	1.978913	1.413343191	0.02060609	0.013699053	 0 	0.3738	0.4805	0.4995	0.0548	0.0017	0.0029	0.0004	1.4927	16.7969	61.1475	51.72438	0.05302194	14.8806	2.965	133	48555.8789	NA	NA	1.4391	0.014559372	4.24073967	1.4345	0.014304953	2.79627419	1.4211	0.013970776	1.38236403	1.4195	0.013565621	-1.36239977	1.4231	0.013407643	-2.71269162	1.4098	0.013095256	-4.03804112
AFS	614502	36179RKT5	Agency MBS 15yr	A-3-Q	GOVERNMENT NATIONAL MORTGAGE A	0.04738781	3	47696	732211	34697.88	17443.08	35198.48	33784.18	101.4427	97.3667098	-1414.29	7/31/2026	Model2501	100	LMMSOFRFLAT	RFRSwap	4.745012	1.942099	1.447791219	0.02755292	0.014132861	 5 	0.368	0.4794	0.5333	0.0637	0.0013	0.002	0.0003	1.5387	16.0156	58.3879	48.36692	0.04738781	16.0432	3.411	132	34759.1836	NA	NA	1.4738	0.015032404	4.38299732	1.4713	0.014787247	2.89080833	1.459	0.014450984	1.428439	1.4485	0.013936599	-1.40235544	1.4523	0.013772287	-2.78870563	1.4421	0.013478125	-4.151872
AFS	613472	36179RKU2	Agency MBS 15yr	A-3-Q	GOVERNMENT NATIONAL MORTGAGE A	0.04845052	3.5	47696	217872	10556.01	5598.66	10769	10360.12	102.0177	98.1442564	-408.88	7/31/2026	Model2501	100	LMMSOFRFLAT	RFRSwap	4.694019	2.037797	1.43838644	0.03047312	0.01415889	 1 	0.3713	0.4779	0.5274	0.0595	0.001	0.0012	0.0002	1.5346	16.4062	53.6049	43.38211	0.04845052	16.0439	3.874	132	30633.7988	NA	NA	1.4515	0.014923633	4.38193599	1.4578	0.014772487	2.89506393	1.4499	0.014479985	1.4317122	1.4342	0.013916748	-1.40273449	1.4363	0.013737874	-2.78553005	1.4298	0.013481779	-4.14708697
AFS	612401	36179RL49	Agency MBS ARM	A-3-Q	GOVERNMENT NATIONAL MORTGAGE A	0.05009184	5.375	53175	972678	48723.23	11342.26	48723.23	49426.43	100	101.443257	703.2	7/31/2026	Model2501	100	LMMSOFRFLAT	RFRSwap	5.594801	6.020608	0.590006649	-0.4508752	0.006011647	 3 	-0.2829	0.0701	0.139	0.2069	0.3176	0.0842	-0.0362	4.2883	14.9566	96.4925	80.3056	0.05009184	21.7798	5.871	131	220249.7969	NA	NA	0.4732	0.004913589	1.94446609	0.8241	0.00850518	1.31186809	0.4852	0.004965828	0.44902627	1.974	0.019902013	-1.07164555	3.1292	0.030724354	-3.70466286	3.9513	0.037431184	-7.15885968
AFS	614608	36179RL56	Agency MBS ARM	A-3-Q	GOVERNMENT NATIONAL MORTGAGE A	0.02584108	5.375	53175	358307	9259.04	1617.15	9259.04	9392.62	100	101.4427386	133.58	7/31/2026	Model2501	100	LMMSOFRFLAT	RFRSwap	5.649601	6.053393	0.475877315	-0.1997227	0.004848745	 0 	-0.3158	0.0403	0.1051	0.187	0.2763	0.1023	-0.032	4.5507	14.2295	107.025	81.37403	0.02584108	26.5171	5.846	131	176979.3906	NA	NA	0.8626	0.008997163	2.41407075	1.083	0.011188773	1.41911263	0.5105	0.005222532	0.40517051	1.7685	0.017862009	-0.89150221	2.8346	0.027958935	-3.25531679	3.6293	0.034654349	-6.40493886
AFS	613181	36179RLN7	Agency MBS 30yr	A-3-Q	GOVERNMENT NATIONAL MORTGAGE A	0.12986341	3	53175	150648498	19563727.66	2243838.93	19755999.15	17230977.85	100.9828	88.0761486	-2525021.3	7/31/2026	Model2501	100	LMMSOFRFLAT	RFRSwap	5.341549	2.818492	5.420217037	0.08003984	0.047874693	 9,366 	0.0884	0.1401	0.3616	1.2797	2.6321	0.9073	0.0225	6.6503	7.0465	87.3221	64.40973	0.12986341	14.7897	3.478	133	140492.3125	NA	NA	3.9024	0.039942496	14.02814874	4.7932	0.046943579	9.61147549	5.1889	0.048330817	4.81628773	5.6525	0.047238439	-4.75454097	5.8356	0.046039116	-9.4323946	5.8259	0.043355584	-13.90808127
AFS	613192	36179RM22	Agency MBS 15yr	A-3-Q	GOVERNMENT NATIONAL MORTGAGE A	0.06205036	2.5	47727	27457577	1703752.54	809264.63	1716081.96	1645253.65	100.7237	96.566468	-70828.31	7/31/2026	Model2501	100	LMMSOFRFLAT	RFRSwap	4.799536	1.942312	1.46749723	0.02024806	0.014201676	 242 	0.3633	0.4721	0.5452	0.0814	0.0021	0.0034	0.0005	1.5509	16.6992	63.4172	53.56021	0.06205036	13.8995	2.953	132	54326.0547	NA	NA	1.4894	0.01506847	4.39453892	1.4875	0.014826682	2.89795972	1.4742	0.014477258	1.4326027	1.4753	0.014068712	-1.41271529	1.4791	0.013897991	-2.81288378	1.4648	0.013562623	-4.18609569
AFS	614591	36179RM30	Agency MBS 15yr	A-3-Q	GOVERNMENT NATIONAL MORTGAGE A	0.04325694	3	47727	250368	10830.15	5449.96	10991.99	10540.59	101.4943	97.3263654	-451.39	7/31/2026	Model2501	100	LMMSOFRFLAT	RFRSwap	4.743467	1.927023	1.472636819	0.02884236	0.014369454	 2 	0.3627	0.4747	0.5545	0.0774	0.0012	0.002	0.0003	1.5667	16.0645	58.1426	47.84783	0.04325694	17.0157	3.426	131	35637.6055	NA	NA	1.4988	0.015293339	4.45887634	1.4968	0.015045793	2.94056391	1.4845	0.014700456	1.4527514	1.4733	0.014165558	-1.42553114	1.4778	0.014001066	-2.83473951	1.4682	0.013706731	-4.22078516
AFS	612166	36179RM48	Agency MBS 15yr	A-3-Q	GOVERNMENT NATIONAL MORTGAGE A	0.05155446	3.5	47727	391183	20167.23	10521.92	20597.53	19783.35	102.1337	98.0965479	-814.18	7/31/2026	Model2501	100	LMMSOFRFLAT	RFRSwap	4.694614	2.00393	1.478317976	0.03312398	0.014544907	 3 	0.3628	0.4771	0.5614	0.0749	0.0008	0.0012	0.0002	1.5797	15.625	53.5112	42.89835	0.05155446	15.8263	3.872	131	34146.6992	NA	NA	1.4957	0.015390511	4.51051851	1.5012	0.015216591	2.97772808	1.4913	0.014892494	1.47162972	1.4731	0.014281824	-1.44017411	1.4753	0.014093883	-2.85899651	1.4693	0.013830763	-4.25576251
AFS	614162	36179RNV7	Agency MBS 30yr	A-3-Q	GOVERNMENT NATIONAL MORTGAGE A	0.12294713	3	53206	100241017	12324345.35	1642044.98	12417924.28	10876799.52	100.7593	88.2545824	-1541124.76	7/31/2026	Model2501	100	LMMSOFRFLAT	RFRSwap	5.293919	2.858028	5.426754475	0.08495751	0.048029266	 5,919 	0.0901	0.1411	0.3616	1.2734	2.6298	0.9207	0.0208	6.6767	7.0312	82.7177	59.40028	0.12294713	15.353	3.491	133	138170.9688	NA	NA	3.8953	0.039957307	14.07297885	4.7986	0.04709952	9.6472745	5.1984	0.048520524	4.83368428	5.6541	0.047345694	-4.76744267	5.8387	0.046154182	-9.45617991	5.8299	0.043468561	-13.94367561
AFS	613129	36179RP60	Agency MBS 15yr	A-3-Q	GOVERNMENT NATIONAL MORTGAGE A	0.05370246	2.5	47757	124916	6708.3	2882.21	6771.72	6477.95	100.9455	96.5661837	-293.78	7/31/2026	Model2501	100	LMMSOFRFLAT	RFRSwap	4.795082	1.797201	1.470269918	0.02057372	0.014228466	 1 	0.3636	0.4729	0.5469	0.0812	0.0022	0.0033	0.0004	1.554	16.5039	62.9855	53.1053	0.05370246	15.417	2.965	130	54253.6719	NA	NA	1.4907	0.015082575	4.40303414	1.4905	0.014856605	2.90389483	1.4772	0.014507653	1.43549873	1.4779	0.014093175	-1.41523135	1.482	0.013924499	-2.81795694	1.4674	0.013585693	-4.19362762
AFS	614810	36179RP78	Agency MBS 15yr	A-3-Q	GOVERNMENT NATIONAL MORTGAGE A	0.04675779	3	47757	884354	41350.44	20097.46	42065.27	40218.54	101.7287	97.2626768	-1846.73	7/31/2026	Model2501	100	LMMSOFRFLAT	RFRSwap	4.750485	1.801037	1.504612803	0.02945095	0.014671883	 6 	0.3561	0.4709	0.5801	0.0939	0.0014	0.0021	0.0003	1.602	15.7227	58.6984	48.11916	0.04675779	16.6828	3.427	130	38170.1016	NA	NA	1.528	0.015595362	4.552484	1.5285	0.015364149	3.00273768	1.5164	0.015011434	1.48338025	1.5059	0.014465233	-1.4556018	1.511	0.014297186	-2.89466217	1.5013	0.013992862	-4.30984729
AFS	613940	36179RP86	Agency MBS 15yr	A-3-Q	GOVERNMENT NATIONAL MORTGAGE A	0.05513263	3.5	47757	644409	35527.96	16513.47	36310.12	34834.66	102.2015	98.048563	-1475.46	7/31/2026	Model2501	100	LMMSOFRFLAT	RFRSwap	4.708095	1.985907	1.502705097	0.03402556	0.014777637	 5 	0.3575	0.4719	0.581	0.0901	0.0008	0.0013	0.0002	1.6074	15.625	54.7294	43.89601	0.05513263	15.4464	3.868	130	32346.877	NA	NA	1.5216	0.015661418	4.58517505	1.5261	0.015469987	3.0262703	1.516	0.015135185	1.49538108	1.4979	0.014511582	-1.46319157	1.5012	0.01432663	-2.9052066	1.4954	0.01405861	-4.32500376
AFS	614436	36179RPA1	Agency MBS ARM	A-3-Q	GOVERNMENT NATIONAL MORTGAGE A	0.05316006	5.375	53206	3106509	165142.2	18136.14	165142.2	167523.4	100	101.4419078	2381.19	7/31/2026	Model2501	100	LMMSOFRFLAT	RFRSwap	5.44477	5.950377	0.468601316	-0.3693547	0.00477457	 8 	-0.2229	0.1274	0.1834	0.1427	0.1934	0.0108	-0.0367	3.502	18.7987	85.126	73.78958	0.05316006	21.5054	5.806	131	265571	NA	NA	0.2866	0.002961098	1.43010547	0.6066	0.006242645	1.0284064	0.3724	0.003807166	0.34404943	1.6943	0.017113615	-0.88539924	2.7566	0.02720817	-3.18925267	3.5336	0.033784423	-6.27959793
AFS	614643	36179RPB9	Agency MBS ARM	A-3-Q	GOVERNMENT NATIONAL MORTGAGE A	0.02931877	5.375	53206	1921247	56328.6	12497.1	56328.6	57141.34	100	101.4428631	812.74	7/31/2026	Model2501	100	LMMSOFRFLAT	RFRSwap	5.617154	6.033921	0.459235102	-0.197245	0.004679182	 3 	-0.3008	0.0707	0.1333	0.1826	0.2335	0.0694	-0.0363	4.3831	14.5244	104.2501	80.92279	0.02931877	25.8429	5.852	131	200990.1406	NA	NA	0.6615	0.006881922	2.13967574	0.9609	0.009917632	1.32104772	0.4767	0.004875517	0.3842257	1.7275	0.017452778	-0.86406129	2.812	0.027752068	-3.19878919	3.6278	0.034665704	-6.33604945
AFS	614231	36179RPE3	Agency MBS ARM	A-3-Q	GOVERNMENT NATIONAL MORTGAGE A	0.04335029	5.375	53206	215899	9359.28	283.11	9359.28	9409.14	100	100.5326912	49.86	7/31/2026	Model2501	100	LMMSOFRFLAT	RFRSwap	5.662908	5.876306	0.285986215	-0.1485373	0.002887906	 0 	-0.2502	0.1244	0.1616	0.1361	0.0795	-0.0153	-0.0247	3.0959	20.8602	119.5687	102.5205	0.04335029	23.2536	5.875	131	386028.7812	NA	NA	0.7328	0.007536199	1.86454807	0.8634	0.008810772	1.06866387	0.3871	0.003918446	0.25266797	1.3056	0.013107639	-0.58398414	2.3422	0.023079311	-2.44523139	3.2596	0.031221583	-5.19826467
AFS	613932	36179RQZ5	Agency MBS 30yr	A-3-Q	GOVERNMENT NATIONAL MORTGAGE A	0.11069274	3	53236	8016216	887336.91	108895.36	898245.99	782862.39	101.2294	88.2260595	-115383.59	7/31/2026	Model2501	100	LMMSOFRFLAT	RFRSwap	5.295684	2.777081	5.45261097	0.07817849	0.048242554	 428 	0.0892	0.1404	0.3606	1.2722	2.6395	0.9398	0.0218	6.698	7.0557	82.5158	59.54707	0.11069274	16.3121	3.506	131	144689.2344	NA	NA	3.8925	0.039929103	14.10419254	4.8055	0.047166284	9.67532562	5.2138	0.048659235	4.8515913	5.6893	0.04761057	-4.7918306	5.8754	0.04639823	-9.50627345	5.8651	0.043671381	-14.01609776
AFS	613849	36179RRC5	Agency MBS ARM	A-3-Q	GOVERNMENT NATIONAL MORTGAGE A	0.05159711	5.125	53236	777030	40092.5	8378.8	40092.5	40978.65	100	102.2102468	886.15	7/31/2026	Model2501	100	LMMSOFRFLAT	RFRSwap	5.293195	5.969911	0.935081244	-0.8462785	0.009597424	 4 	0.1856	0.1231	0.2137	0.1671	0.2035	0.0169	-0.0527	4.0869	15.9433	66.9929	53.60776	0.05159711	21.9033	5.628	130	260482.9531	NA	NA	0.3697	0.003851372	1.52714388	0.4342	0.004507154	1.17594341	0.5033	0.005198722	0.66452365	2.0898	0.021133052	-1.51069234	3.1649	0.031163344	-4.17239665	3.9493	0.037519123	-7.63540993
AFS	613178	36179RRE1	Agency MBS ARM	A-3-Q	GOVERNMENT NATIONAL MORTGAGE A	0.03107863	5.125	53236	1981112	61570.25	13966.17	61570.25	62931.27	100	102.2105271	1361.03	7/31/2026	Model2501	100	LMMSOFRFLAT	RFRSwap	5.353612	6.001172	0.881577551	-0.7229554	0.009048301	 6 	0.1759	0.0853	0.159	0.1795	0.1774	0.0406	-0.0457	4.29	15.3525	78.2358	55.07226	0.03107863	25.6383	5.599	130	196348.5781	NA	NA	0.6024	0.00631094	2.12933298	0.7722	0.008033418	1.39910343	0.5975	0.006172817	0.67508258	1.8923	0.019161958	-1.3769848	2.8442	0.028121624	-3.76517695	3.5646	0.034127854	-6.8975006
AFS	613409	36179RS83	Agency MBS 30yr	A-3-Q	GOVERNMENT NATIONAL MORTGAGE A	0.11915215	3	53267	71064093	8467439.47	990280.5	8550444.63	7468079.22	100.9803	88.1976098	-1082365.41	7/31/2026	Model2501	100	LMMSOFRFLAT	RFRSwap	5.291199	2.820983	5.477929115	0.08252615	0.048450973	 4,103 	0.0892	0.1399	0.3582	1.2662	2.6516	0.9617	0.0217	6.7369	7.0129	81.9447	58.89147	0.11915215	15.871	3.502	130	144502.5469	NA	NA	3.9121	0.040148042	14.17770299	4.8312	0.047428668	9.72327245	5.2398	0.04889866	4.87420181	5.712	0.047773786	-4.81075518	5.8921	0.04649445	-9.53811699	5.8767	0.043718155	-14.05483179
AFS	613547	36179RSE0	Agency MBS 15yr	A-3-Q	GOVERNMENT NATIONAL MORTGAGE A	0.05255095	3	47788	1335205	70166.29	32111.29	71267.13	68189.45	101.5689	97.1826291	-3077.68	7/31/2026	Model2501	100	LMMSOFRFLAT	RFRSwap	4.768818	1.925374	1.535678029	0.03051813	0.014962515	 10 	0.3506	0.4679	0.6025	0.1108	0.0015	0.0022	0.0003	1.6367	15.4785	60.3776	49.56512	0.05255095	16.0331	3.435	129	35853.418	NA	NA	1.5616	0.015940605	4.64670966	1.5609	0.015686186	3.0636414	1.5478	0.015315112	1.51303344	1.537	0.014746863	-1.48420233	1.5421	0.014569875	-2.95100501	1.5319	0.014252914	-4.39285142
AFS	613533	36179RSF7	Agency MBS 15yr	A-3-Q	GOVERNMENT NATIONAL MORTGAGE A	0.05729629	3.5	47788	268969	15410.93	6494.4	15704.46	15110.13	101.9047	98.0481405	-594.34	7/31/2026	Model2501	100	LMMSOFRFLAT	RFRSwap	4.703452	2.179449	1.509180546	0.0337212	0.014841253	 2 	0.357	0.474	0.5851	0.0908	0.0009	0.0013	0.0002	1.6141	15.332	54.2519	43.38411	0.05729629	15.5151	3.898	129	34618.8047	NA	NA	1.5199	0.015646245	4.59945833	1.5308	0.015518514	3.03816922	1.522	0.015196264	1.50164451	1.5049	0.014577615	-1.46967218	1.5086	0.014395099	-2.91840278	1.5029	0.014126588	-4.34508414
AFS	613362	36179RTK5	Agency MBS ARM	A-3-Q	GOVERNMENT NATIONAL MORTGAGE A	0.03783207	5.125	53267	1762915	66694.72	11493.39	66694.72	67549.72	100	101.2819529	854.99	7/31/2026	Model2501	100	LMMSOFRFLAT	RFRSwap	5.624223	6.001561	1.032266617	-0.8873625	0.010499084	 7 	0.181	0.0359	0.1208	0.2172	0.324	0.1048	-0.0353	4.3417	14.9434	98.3873	80.6236	0.03783207	24.3209	5.587	128	220486.9531	NA	NA	0.5981	0.006215105	2.20898672	0.7685	0.007931441	1.50182623	0.6438	0.006597016	0.76237276	2.2182	0.022202406	-1.61604797	3.2388	0.031530894	-4.35655832	3.9409	0.03700446	-7.81171742
AFS	612784	36179RTM1	Agency MBS ARM	A-3-Q	GOVERNMENT NATIONAL MORTGAGE A	0.0417496	5.125	53267	2329832	97269.55	23344.01	97269.55	99421.77	100	102.212632	2152.22	7/31/2026	Model2501	100	LMMSOFRFLAT	RFRSwap	5.364689	6.005351	0.891298532	-0.7341911	0.009148263	 9 	0.1746	0.0893	0.1636	0.1766	0.183	0.0423	-0.0481	4.3564	14.9808	78.9951	55.89746	0.0417496	23.7542	5.579	129	210257.6562	NA	NA	0.5517	0.005778118	2.09880135	0.7571	0.007876498	1.39941661	0.5989	0.006187924	0.68097514	1.9163	0.019402409	-1.39301854	2.8924	0.028584067	-3.81549393	3.6379	0.034791101	-7.00481813
AFS	613837	36179RUD9	Agency MBS Other	A-3-Q	GOVERNMENT NATIONAL MORTGAGE A	0.02196393	3.5	47788	434460	9542.45	11253.9	9676.73	9466.54	101.4072	99.2045325	-210.18	7/31/2026	Model2501	100	LMMSOFRFLAT	RFRSwap	4.908889	0.014416	0.445295423	0.004620017	0.00443052	 0 	0.4447	0	0.0001	0.0003	0	0.0001	0	0.4567	10.9375	90.7499	90.73035	0.02196393	22.8393	3.875	130	34919.8164	NA	NA	0.4544	0.004582512	1.3513677	0.4512	0.00452983	0.89574662	0.448	0.004477825	0.44538666	0.4427	0.00438562	-0.44081514	0.4396	0.004335293	-0.87691258	0.4361	0.004282192	-1.30775781
AFS	614485	36179RUF4	Agency MBS 15yr	A-3-Q	GOVERNMENT NATIONAL MORTGAGE A	0.06324718	2.5	47818	202649	12816.98	6121.43	12915.83	12367.21	100.7712	96.4908094	-548.63	7/31/2026	Model2501	100	LMMSOFRFLAT	RFRSwap	4.794313	1.925991	1.506013989	0.02041552	0.014563026	 2 	0.3552	0.4698	0.5756	0.0993	0.0023	0.0037	0.0005	1.5921	16.0156	62.7268	52.53189	0.06324718	14.5078	2.934	129	50938.7031	NA	NA	1.526	0.015444063	4.50550049	1.5251	0.015201123	2.9713729	1.5121	0.014843765	1.468941	1.515	0.014430529	-1.44886092	1.5196	0.014255602	-2.88513395	1.5052	0.013908537	-4.29350401
AFS	613944	36179RUG2	Agency MBS 15yr	A-3-Q	GOVERNMENT NATIONAL MORTGAGE A	0.05769996	3	47818	715595	41289.8	19246.86	41987.25	40096.17	101.6892	97.1091289	-1891.08	7/31/2026	Model2501	100	LMMSOFRFLAT	RFRSwap	4.81179	1.854659	1.541419029	0.03006379	0.015007121	 6 	0.3488	0.4679	0.6076	0.1131	0.0016	0.0023	0.0003	1.6429	15.2344	64.5459	53.77261	0.05769996	15.5399	3.424	128	38657.2656	NA	NA	1.5648	0.015963782	4.65816805	1.5656	0.015723515	3.07193607	1.5531	0.015356772	1.51733126	1.5435	0.014797629	-1.48896048	1.5493	0.014625485	-2.96111847	1.5395	0.014309926	-4.40860072
AFS	614494	36179RUH0	Agency MBS 15yr	A-3-Q	GOVERNMENT NATIONAL MORTGAGE A	0.05291507	3.5	47818	132384	7005.11	3278.51	7147.19	6864.96	102.0282	97.9993989	-282.23	7/31/2026	Model2501	100	LMMSOFRFLAT	RFRSwap	4.713608	2.128197	1.537377	0.03566766	0.015111043	 1 	0.3504	0.4689	0.6076	0.1083	0.0008	0.0013	0.0002	1.6466	15.2344	55.1475	43.99326	0.05291507	16.4008	3.922	129	34548.5664	NA	NA	1.5529	0.015991682	4.69003611	1.5614	0.015830269	3.09604884	1.5513	0.015484881	1.52955956	1.5323	0.014831532	-1.49577343	1.536	0.014641751	-2.96949682	1.5306	0.014367647	-4.42053707
AFS	613537	36179RVA4	Agency MBS 30yr	A-3-Q	GOVERNMENT NATIONAL MORTGAGE A	0.11490487	3	53297	960531	110369.69	13782.88	111270.88	97312.1	100.8165	88.1692222	-13958.79	7/31/2026	Model2501	100	LMMSOFRFLAT	RFRSwap	5.290898	2.849677	5.50195694	0.07530425	0.048647877	 54 	0.0876	0.1387	0.3575	1.2677	2.6608	0.9779	0.0226	6.7602	7.0099	81.5182	58.79977	0.11490487	16.2922	3.482	129	150479.125	NA	NA	3.8993	0.040010743	14.19195618	4.8309	0.047421962	9.7443445	5.252	0.049006011	4.89012632	5.7446	0.048016522	-4.83359334	5.9258	0.046715531	-9.5844667	5.9099	0.043909471	-14.12156887
AFS	612891	36179RVM8	Agency MBS ARM	A-3-Q	GOVERNMENT NATIONAL MORTGAGE A	0.05435913	5.125	53297	574280	31217.36	1746.48	31217.36	31710.78	100	101.580605	493.42	7/31/2026	Model2501	100	LMMSOFRFLAT	RFRSwap	5.500601	5.981132	0.983338118	-0.8518398	0.010030805	 3 	0.1844	0.0679	0.1598	0.2062	0.2676	0.0623	-0.0412	4.134	15.789	87.2435	71.35923	0.05435913	21.8683	5.521	128	229110.25	NA	NA	0.5593	0.005817295	2.00607718	0.6641	0.006866053	1.38856668	0.5948	0.006110238	0.72253315	2.1134	0.021231957	-1.54580296	3.0893	0.030226376	-4.16696745	3.7799	0.035726283	-7.49119015
AFS	613864	36179RVP1	Agency MBS ARM	A-3-Q	GOVERNMENT NATIONAL MORTGAGE A	0.02507485	5.125	53297	903026	22643.24	3121.87	22643.24	23144.59	100	102.2141007	501.34	7/31/2026	Model2501	100	LMMSOFRFLAT	RFRSwap	5.360582	6.013099	0.873255134	-0.7230974	0.008963194	 2 	0.1862	0.0621	0.1269	0.1689	0.2101	0.0563	-0.0466	4.2961	15.4387	78.1172	53.74753	0.02507485	27.5066	5.552	128	218040	NA	NA	0.686	0.00719508	2.2438349	0.8266	0.008602879	1.43010886	0.6114	0.006316741	0.67511123	1.8706	0.018944688	-1.36345022	2.7864	0.02756492	-3.71463218	3.4661	0.033228524	-6.77474561
AFS	613459	36179RWJ4	Agency MBS 15yr	A-3-Q	GOVERNMENT NATIONAL MORTGAGE A	0.05990146	3	47849	1022496	61249	25375.22	62326.57	59455.78	101.7593	97.0722395	-2870.8	7/31/2026	Model2501	100	LMMSOFRFLAT	RFRSwap	4.773822	1.852674	1.596933842	0.03098354	0.015541717	 10 	0.3394	0.4604	0.6417	0.1507	0.002	0.0026	0.0004	1.7039	15.0391	60.6234	49.30021	0.05990146	15.4936	3.429	127	38185.4453	NA	NA	1.616	0.016506959	4.82359208	1.6203	0.016285064	3.18158173	1.6083	0.015904829	1.57139234	1.5997	0.015322364	-1.54196307	1.6063	0.015140118	-3.06615251	1.5958	0.014802045	-4.56409578
AFS	613826	36179RWK1	Agency MBS 15yr	A-3-Q	GOVERNMENT NATIONAL MORTGAGE A	0.06401725	3.5	47849	457904	29313.75	13730.9	29923.2	28727.98	102.0791	98.0017232	-1195.21	7/31/2026	Model2501	100	LMMSOFRFLAT	RFRSwap	4.705483	2.104429	1.546887398	0.03462636	0.015204881	 4 	0.3493	0.4711	0.6141	0.1099	0.0011	0.0014	0.0002	1.6561	14.7949	54.2998	43.11137	0.06401725	15.0216	3.888	127	34131.9375	NA	NA	1.5613	0.016083486	4.71703005	1.5698	0.015918588	3.11403858	1.56	0.015574128	1.53859648	1.5429	0.014933177	-1.50571992	1.5452	0.014726081	-2.98902505	1.5373	0.014426726	-4.44721915
AFS	613282	36179RXP9	Agency MBS ARM	A-3-Q	GOVERNMENT NATIONAL MORTGAGE A	0.04003735	5	53328	1515744	60686.37	20848.21	60686.37	61364.44	100	101.1173277	678.07	7/31/2026	Model2501	100	LMMSOFRFLAT	RFRSwap	5.540455	5.894307	1.298505902	-0.9835937	0.013184249	 8 	0.3966	0.2237	0.1959	0.2164	0.242	0.0397	-0.0392	3.97	16.6478	89.6475	78.90207	0.04003735	24.2849	5.494	127	246080.1094	NA	NA	0.4519	0.004678298	1.99864866	0.5181	0.005340729	1.54319689	0.6671	0.006835605	0.93546218	2.3782	0.023708919	-1.8402286	3.2933	0.031909678	-4.64129522	4.0437	0.037762668	-8.1482107
AFS	614452	36179RXR5	Agency MBS ARM	A-3-Q	GOVERNMENT NATIONAL MORTGAGE A	0.04934387	5	53328	778033	38391.16	2317.74	38391.16	38820.42	100	101.1181182	429.25	7/31/2026	Model2501	100	LMMSOFRFLAT	RFRSwap	5.564488	5.914726	1.194627523	-0.8504839	0.012129625	 5 	0.4066	0.2116	0.1743	0.1927	0.1837	0.0371	-0.0393	4.0213	16.5141	97.1343	78.57778	0.04934387	22.9048	5.424	126	268198.9062	NA	NA	0.5978	0.006207358	2.30663504	0.7099	0.00732329	1.63156722	0.709	0.007263508	0.90975802	2.1009	0.020983245	-1.65539695	2.9139	0.028381441	-4.13469697	3.6269	0.034184292	-7.28278029
AFS	613034	36179RXT1	Agency MBS ARM	A-3-Q	GOVERNMENT NATIONAL MORTGAGE A	0.02071428	5	53328	263135	5450.65	218.66	5450.65	5431.91	100	99.6561728	-18.74	7/31/2026	Model2501	100	LMMSOFRFLAT	RFRSwap	6.112997	6.02424	1.305716872	-0.8401695	0.01306668	 1 	0.4284	0.1284	0.0587	0.2092	0.2877	0.1595	-0.0121	5.0158	13.0736	152.4777	120.233	0.02071428	29.1353	5.583	127	102857.9219	NA	NA	1.5864	0.01644844	3.61414076	1.2942	0.013219552	2.07015725	0.8784	0.008880213	1.02234374	2.1629	0.021270396	-1.72944487	2.8741	0.027560847	-4.17868645	3.4909	0.032422625	-7.19436446
AFS	613663	36179RY29	Agency MBS 15yr	A-3-Q	GOVERNMENT NATIONAL MORTGAGE A	0.05729541	3.5	47880	334382	19158.55	9202.09	19568.7	18756.93	102.1408	97.9036638	-811.78	7/31/2026	Model2501	100	LMMSOFRFLAT	RFRSwap	4.738931	2.103365	1.586073041	0.03657194	0.015574497	 3 	0.3418	0.4597	0.6371	0.1448	0.0011	0.0015	0.0002	1.7013	15.332	57.4436	45.88463	0.05729541	16.1775	3.933	127	31251.5293	NA	NA	1.6042	0.016528137	4.83623479	1.6098	0.01632164	3.19129368	1.5997	0.015960764	1.5764441	1.582	0.015290192	-1.5418544	1.5866	0.015094177	-3.06115845	1.5815	0.014808948	-4.55690713
AFS	613101	36179RYY9	Agency MBS 15yr	A-3-Q	GOVERNMENT NATIONAL MORTGAGE A	0.07702058	2.5	47880	87612	6747.93	2816.59	6831.69	6493.11	101.2413	96.223746	-338.58	7/31/2026	Model2501	100	LMMSOFRFLAT	RFRSwap	4.845095	1.672627	1.593895555	0.0211049	0.015370267	 1 	0.3393	0.4591	0.6328	0.1551	0.0031	0.0044	0.0006	1.6876	15.5273	67.3137	56.50642	0.07702058	13.4992	2.935	126	55041.9609	NA	NA	1.6082	0.016272925	4.75464609	1.6117	0.016047433	3.13591596	1.5987	0.015664069	1.55009449	1.6055	0.015236323	-1.52949231	1.6109	0.015043522	-3.04576428	1.595	0.014658171	-4.5310139
AFS	614175	36179RYZ6	Agency MBS 15yr	A-3-Q	GOVERNMENT NATIONAL MORTGAGE A	0.05886966	3	47880	973640	57317.86	25675.32	58604.92	55586.7	102.2455	96.9797349	-3018.22	7/31/2026	Model2501	100	LMMSOFRFLAT	RFRSwap	4.835585	1.561849	1.595572829	0.03019645	0.015513712	 9 	0.3392	0.4594	0.6406	0.1514	0.0021	0.0027	0.0004	1.7024	15.0879	66.6526	55.46769	0.05886966	15.8841	3.411	126	39889.1602	NA	NA	1.612	0.016449464	4.81229601	1.6181	0.016246205	3.17491524	1.6065	0.015871508	1.56829193	1.5995	0.015305684	-1.53969026	1.6069	0.015132098	-3.06273048	1.5965	0.01479504	-4.55993095
AFS	613808	36179RZ51	Agency MBS ARM	A-3-Q	GOVERNMENT NATIONAL MORTGAGE A	0.03873262	5	53359	365600	14160.65	4407	14160.65	14319.84	100	101.1242001	159.19	7/31/2026	Model2501	100	LMMSOFRFLAT	RFRSwap	5.570795	5.914951	1.350612402	-0.9678521	0.013714236	 2 	0.4032	0.2093	0.1729	0.2341	0.2698	0.0705	-0.0364	4.1209	16.0228	92.8799	79.64767	0.03873262	24.706	5.613	125	221496.625	NA	NA	0.6845	0.007122769	2.52174483	0.7552	0.007803444	1.786265	0.7726	0.00792271	1.01010229	2.406	0.023978088	-1.88052358	3.3018	0.031976081	-4.69662265	4.041	0.037717313	-8.20463653
AFS	614196	36179RZ77	Agency MBS ARM	A-3-Q	GOVERNMENT NATIONAL MORTGAGE A	0.03127295	5	53359	322339	10080.49	1265.52	10080.49	10193.29	100	101.1189398	112.8	7/31/2026	Model2501	100	LMMSOFRFLAT	RFRSwap	5.523354	5.889051	1.142858386	-0.869041	0.011604082	 1 	0.4057	0.2314	0.1956	0.1732	0.1339	0.0164	-0.0413	3.862	17.2468	93.7531	77.32482	0.03127295	26.377	5.464	126	287241.5312	NA	NA	0.5269	0.005458232	2.05064955	0.6052	0.006235062	1.48629474	0.6438	0.00659194	0.84871683	2.0865	0.020847822	-1.61860614	2.9609	0.028845334	-4.11345698	3.7396	0.035226028	-7.33870774
HTM	614728	36179S2N6	Agency MBS 30yr	A-3-Q	GOVERNMENT NATIONAL MORTGAGE A	0.15513326	3	53783	30000000	4653997.8	548159.55	4704550.29	4048498.3	101.0862	86.9896909	-656051.99	7/31/2026	Model2501	100	LMMSOFRFLAT	RFRSwap	5.479887	2.809501	5.703094482	0.05144102	0.049753621	 2,316 	0.0816	0.1297	0.3399	1.2277	2.6946	1.2081	0.033	7.0365	7.1289	96.9706	76.3174	0.15513326	16.1222	3.476	114	150520.5781	NA	NA	4.1373	0.042122655	14.57143455	5.0076	0.048674494	9.96098925	5.4275	0.050060775	4.99551522	5.9974	0.049348637	-4.95577114	6.2112	0.048071329	-9.84484488	6.1996	0.045089383	-14.50978815
AFS	613024	36179S3A3	Agency MBS ARM	A-3-Q	GOVERNMENT NATIONAL MORTGAGE A	0.03876667	5.25	53783	24981789	968460.77	399887.49	968460.77	983040.8	100	101.5054848	14580.02	7/31/2026	Model2501	100	LMMSOFRFLAT	RFRSwap	5.540357	5.976041	1.498372078	-0.8277684	0.015274853	 148 	0.5419	0.1481	0.2065	0.2256	0.2809	0.1196	-0.0442	4.4096	15.1634	87.2876	72.6916	0.03876667	27.686	5.727	111	215041.3438	NA	NA	0.3486	0.003639214	2.44040112	0.5844	0.006075045	2.01277575	0.95	0.009799222	1.20739519	2.4375	0.024370089	-1.96389431	3.3178	0.032223146	-4.82232383	4.0221	0.037645921	-8.34608668
AFS	614337	36179S3D7	Agency MBS ARM	A-3-Q	GOVERNMENT NATIONAL MORTGAGE A	0.03528101	5.25	53783	915869	32312.78	14504.03	32312.78	32799.26	100	101.5055272	486.48	7/31/2026	Model2501	100	LMMSOFRFLAT	RFRSwap	5.551578	5.985804	1.396448851	-0.6808218	0.014235822	 5 	0.5457	0.1414	0.1965	0.2161	0.2028	0.0931	-0.0427	4.4417	15.2194	94.0965	72.51451	0.03528101	28.5669	5.729	111	205782.8594	NA	NA	0.5559	0.00581597	2.67955253	0.7345	0.007637748	2.03588499	0.9598	0.009895451	1.15533584	2.2149	0.02218196	-1.79277571	3.0788	0.030023614	-4.42644489	3.8109	0.035899475	-7.74186918
AFS	613733	36179S4J3	Agency MBS 15yr	A-3-Q	GOVERNMENT NATIONAL MORTGAGE A	0.08703525	3	48335	784174	68250.78	22474.18	69293.57	65529.82	101.5279	96.0132864	-3763.75	7/31/2026	Model2501	100	LMMSOFRFLAT	RFRSwap	4.970228	2.199102	2.005872965	0.03339683	0.019309193	 13 	0.2716	0.3991	0.7359	0.5851	0.0083	0.0057	0.001	2.1604	12.9883	78.1288	64.011	0.08703525	16.2715	3.456	111	60434.25	NA	NA	1.939	0.019819999	5.95335535	2.0068	0.020110697	3.9472578	2.0105	0.019745804	1.95131923	2.0237	0.019092692	-1.91856305	2.0446	0.018901339	-3.82023667	2.0376	0.018455673	-5.6892915
AFS	612992	36179S4K0	Agency MBS 15yr	A-3-Q	GOVERNMENT NATIONAL MORTGAGE A	0.08268858	3.5	48335	408362	33766.87	10865.84	34573.21	32839.8	102.388	97.2544847	-1733.41	7/31/2026	Model2501	100	LMMSOFRFLAT	RFRSwap	4.813056	2.287508	2.012989998	0.0476184	0.019635942	 7 	0.2741	0.3959	0.7288	0.603	0.0081	0.0031	0.0006	2.1868	13.1836	63.1143	48.11524	0.08268858	16.904	3.931	111	45676.7773	NA	NA	1.9384	0.020082546	6.05654278	2.0141	0.020457055	4.02108691	2.0224	0.020129906	1.98834058	2.0166	0.019279493	-1.94372876	2.0341	0.019056279	-3.8607451	2.0351	0.01868148	-5.74876194
HTM	613407	36179S5K9	Agency MBS 30yr	A-3-Q	GOVERNMENT NATIONAL MORTGAGE A	0.14623901	3	53813	212500000	31075789.62	3491556.04	31411130.67	27317251.06	101.0791	87.9052516	-4093879.61	7/31/2026	Model2501	100	LMMSOFRFLAT	RFRSwap	5.270455	2.811838	5.713646412	0.05389415	0.050368793	 15,653 	0.0856	0.1331	0.342	1.2232	2.6965	1.2168	0.0261	7.0739	7.0312	76.7423	54.93993	0.14623901	16.7988	3.487	114	146875.3906	NA	NA	4.0315	0.041448709	14.65792673	4.9784	0.048897531	10.06501094	5.4303	0.050616786	5.05660097	5.9981	0.049869157	-5.01328178	6.2062	0.048535857	-9.95043052	6.1935	0.045519106	-14.66006647
AFS	613292	36179S6A0	Agency MBS ARM	A-3-Q	GOVERNMENT NATIONAL MORTGAGE A	0.04289049	5.25	53813	1022742	43865.91	15730.49	43865.91	44526.21	100	101.5052725	660.3	7/31/2026	Model2501	100	LMMSOFRFLAT	RFRSwap	5.57428	6.001758	1.420413733	-0.6630661	0.014480092	 6 	0.5518	0.1166	0.1702	0.2196	0.2263	0.1302	-0.0365	4.5351	15.1714	96.7601	72.40884	0.04289049	27.2669	5.717	110	169066.875	NA	NA	0.7242	0.007603434	3.05316046	0.909	0.009466448	2.20353096	1.0325	0.010649605	1.19912356	2.2004	0.022035055	-1.80173415	2.9917	0.02918615	-4.38519198	3.6581	0.034515895	-7.58837547
AFS	613455	36179S6V4	Agency MBS 15yr	A-3-Q	GOVERNMENT NATIONAL MORTGAGE A	0.0806694	3	48366	780723	62980.46	20661.75	64071.13	60615.45	101.7318	96.2448544	-3455.68	7/31/2026	Model2501	100	LMMSOFRFLAT	RFRSwap	4.79806	2.126648	2.062424421	0.03722968	0.019901333	 13 	0.2648	0.3918	0.7359	0.6518	0.0126	0.0053	0.0009	2.2245	12.7441	61.1259	46.18131	0.0806694	17.2265	3.436	110	57854.7695	NA	NA	1.9877	0.020400712	6.13992828	2.0633	0.020749601	4.07158468	2.0679	0.020369945	2.01220911	2.0785	0.019645615	-1.97579743	2.0982	0.019422006	-3.93107094	2.0906	0.01895036	-5.85090748
AFS	613701	36179S6W2	Agency MBS 15yr	A-3-Q	GOVERNMENT NATIONAL MORTGAGE A	0.08982349	3.5	48366	183454	16478.48	5886.51	16902.05	16002.63	102.5704	97.1123152	-899.42	7/31/2026	Model2501	100	LMMSOFRFLAT	RFRSwap	4.86457	2.222615	2.044429779	0.04928499	0.01991356	 3 	0.2696	0.3923	0.7301	0.6384	0.0107	0.0033	0.0006	2.224	12.9395	68.0396	52.91288	0.08982349	16.4893	3.931	110	45716.3359	NA	NA	1.9555	0.020247543	6.13802983	2.0433	0.020736085	4.07857257	2.0541	0.020421891	2.0168621	2.0485	0.019549621	-1.97096703	2.0673	0.019327339	-3.91510128	2.0689	0.018945726	-5.82990315
AFS	613208	36179SAK3	Agency MBS ARM	A-3-Q	GOVERNMENT NATIONAL MORTGAGE A	0.04821558	5.25	53418	644148	31057.97	3644.19	31057.97	31517.73	100	101.4803165	459.76	7/31/2026	Model2501	100	LMMSOFRFLAT	RFRSwap	5.346678	5.873417	1.192406535	-0.5755207	0.012152747	 4 	0.5233	0.1991	0.2549	0.1434	0.0944	-0.0167	-0.0451	3.4796	19.4338	79.2699	65.10308	0.04821558	23.6296	5.73	123	290465.0938	NA	NA	0.4585	0.004763871	1.98831637	0.4437	0.004593537	1.60537425	0.7694	0.007916366	0.972092	1.8988	0.019060675	-1.53329287	2.6904	0.026391523	-3.82377088	3.3772	0.032135088	-6.7656842
AFS	613048	36179SBF3	Agency MBS 15yr	A-3-Q	GOVERNMENT NATIONAL MORTGAGE A	0.07081798	2.5	47969	701644	49689.01	22974.18	50523.71	47626.98	101.6798	95.8501227	-2896.73	7/31/2026	Model2501	100	LMMSOFRFLAT	RFRSwap	4.951784	1.468431	1.685980201	0.02190493	0.016195266	 8 	0.3224	0.4475	0.6802	0.2265	0.004	0.0052	0.0008	1.7884	14.8438	77.3388	66.04614	0.07081798	14.8471	2.964	123	55444.6562	NA	NA	1.6964	0.017145211	5.01095288	1.7028	0.016919496	3.30443687	1.6893	0.016503111	1.63303572	1.701	0.016065026	-1.61211168	1.7084	0.015862135	-3.21103303	1.6918	0.015442792	-4.77655701
AFS	613953	36179SBG1	Agency MBS 15yr	A-3-Q	GOVERNMENT NATIONAL MORTGAGE A	0.06333454	3	47969	471303	29849.76	12500.57	30582.16	28905.32	102.4536	96.836037	-1676.84	7/31/2026	Model2501	100	LMMSOFRFLAT	RFRSwap	4.816756	1.530776	1.694022536	0.03415973	0.016446594	 5 	0.3214	0.4487	0.6943	0.2243	0.0024	0.0029	0.0004	1.8128	14.1602	64.4535	52.4007	0.06333454	16.0595	3.439	123	39995.1562	NA	NA	1.7094	0.017469799	5.10986578	1.7184	0.017261866	3.37000229	1.7061	0.016847501	1.66366342	1.6984	0.016212219	-1.63144087	1.7075	0.016023679	-3.24441464	1.698	0.015664881	-4.82971051
AFS	613955	36179SCK1	Agency MBS ARM	A-3-Q	GOVERNMENT NATIONAL MORTGAGE A	0.03358528	5.25	53448	556624	18694.37	4618.59	18694.37	18971.07	100	101.4801277	276.7	7/31/2026	Model2501	100	LMMSOFRFLAT	RFRSwap	5.558557	5.98379	1.537351489	-0.7591278	0.015668321	 3 	0.5501	0.1108	0.1785	0.2205	0.3468	0.1445	-0.0345	4.4275	15.1402	91.1236	73.0979	0.03358528	26.3461	5.721	123	192136.4531	NA	NA	0.814	0.0085641	3.28949858	0.9706	0.010121585	2.36189079	1.0978	0.011330943	1.29307586	2.4014	0.024001971	-1.96681053	3.2072	0.031162724	-4.75213139	3.8357	0.035970509	-8.13828336
AFS	612529	36179SDP9	Agency MBS 15yr	A-3-Q	GOVERNMENT NATIONAL MORTGAGE A	0.06398418	2.5	48000	263820	16880.31	8074.27	17189.87	16190.62	101.8339	95.9142666	-999.24	7/31/2026	Model2501	100	LMMSOFRFLAT	RFRSwap	4.865164	1.402724	1.720414162	0.02287703	0.016537068	 3 	0.3164	0.4432	0.696	0.255	0.0043	0.0054	0.0008	1.8247	14.5508	68.7332	56.99951	0.06398418	16.0429	2.952	122	56133.9492	NA	NA	1.7247	0.017459983	5.11329463	1.7352	0.017264497	3.37324959	1.7227	0.016846534	1.66732832	1.7357	0.016398247	-1.64588762	1.7428	0.016181035	-3.27744462	1.7257	0.015746551	-4.87414802
AFS	613344	36179SDQ7	Agency MBS 15yr	A-3-Q	GOVERNMENT NATIONAL MORTGAGE A	0.0676988	3	48000	666417	45115.63	19165.49	46325.13	43613.68	102.6809	96.6708842	-2711.46	7/31/2026	Model2501	100	LMMSOFRFLAT	RFRSwap	4.863257	1.450987	1.744525075	0.03482246	0.016908091	 8 	0.3138	0.4401	0.7092	0.2752	0.0029	0.0032	0.0005	1.8694	14.1602	68.8114	56.43669	0.0676988	15.7533	3.428	122	41810.1328	NA	NA	1.7575	0.017957436	5.25386576	1.7684	0.017751716	3.46485185	1.7561	0.01732081	1.71029897	1.7498	0.016665937	-1.67728783	1.7592	0.016463719	-3.33505633	1.7485	0.016078804	-4.96312761
AFS	612649	36179SEU7	Agency MBS ARM	A-3-Q	GOVERNMENT NATIONAL MORTGAGE A	0.04085081	5.25	53479	98015	4003.99	125.92	4003.99	4063.41	100	101.4839123	59.41	7/31/2026	Model2501	100	LMMSOFRFLAT	RFRSwap	5.613667	6.009459	1.610649467	-0.8484494	0.016415967	 1 	0.5491	0.1116	0.1836	0.2595	0.3637	0.1609	-0.0391	4.8024	13.415	94.6106	76.2869	0.04085081	25.112	5.797	122	186962.7656	NA	NA	0.7358	0.007736907	3.23048158	0.916	0.009554654	2.39007064	1.114	0.011502993	1.33577456	2.5659	0.025617352	-2.08554992	3.4385	0.033304643	-5.06252262	4.1248	0.038459551	-8.68241267
AFS	613576	36179SFS1	Agency MBS 15yr	A-3-Q	GOVERNMENT NATIONAL MORTGAGE A	0.074222	2.5	48030	767128	56937.77	23112.58	58067.34	54546.83	101.9839	95.8007761	-3520.51	7/31/2026	Model2501	100	LMMSOFRFLAT	RFRSwap	4.894148	1.339566	1.749466538	0.02290617	0.016796472	 10 	0.3115	0.4396	0.7061	0.282	0.0045	0.0056	0.0008	1.8573	14.4043	71.4315	59.55024	0.074222	15.0383	2.916	121	53728.0195	NA	NA	1.7582	0.017794453	5.19842817	1.7654	0.017554903	3.42756547	1.752	0.017117171	1.69370526	1.7659	0.016659187	-1.6718817	1.7737	0.01643833	-3.32952633	1.7565	0.015993983	-4.95143736
AFS	614604	36179SFT9	Agency MBS 15yr	A-3-Q	GOVERNMENT NATIONAL MORTGAGE A	0.07168182	3	48030	395934	28381.27	11389.18	29116.43	27465.07	102.5903	96.7718166	-1651.36	7/31/2026	Model2501	100	LMMSOFRFLAT	RFRSwap	4.799659	1.502598	1.748516202	0.03461817	0.016964423	 5 	0.3124	0.4399	0.7126	0.2775	0.0028	0.0032	0.0005	1.873	14.0137	62.5576	50.03424	0.07168182	15.5162	3.411	121	40580.1602	NA	NA	1.7581	0.017983504	5.26817987	1.7709	0.017796835	3.47554658	1.7598	0.01737573	1.7158891	1.7547	0.016728859	-1.68316427	1.7649	0.016532429	-3.34757238	1.7548	0.016150977	-4.98263742
AFS	613578	36179SFU6	Agency MBS 15yr	A-3-Q	GOVERNMENT NATIONAL MORTGAGE A	0.09225654	3.5	48030	207784	19169.43	7540.48	19724.61	18709.4	102.8962	97.6001686	-1015.21	7/31/2026	Model2501	100	LMMSOFRFLAT	RFRSwap	4.770009	1.871552	1.796146274	0.04309732	0.017582806	 3 	0.3069	0.4349	0.7238	0.3264	0.002	0.0021	0.0003	1.9385	13.8672	59.7291	46.47916	0.09225654	13.5448	3.903	121	39265.8789	NA	NA	1.7973	0.018575845	5.46275793	1.8182	0.018454462	3.60673511	1.81	0.018040935	1.78072787	1.794	0.017249415	-1.74008205	1.801	0.017008392	-3.45319065	1.7958	0.01665711	-5.13720128
AFS	613801	36179SGX9	Agency MBS ARM	A-3-Q	GOVERNMENT NATIONAL MORTGAGE A	0.04731751	5.375	53509	460774	21802.68	2656.85	21802.68	22122.39	100	101.4663926	319.72	7/31/2026	Model2501	100	LMMSOFRFLAT	RFRSwap	5.491485	5.979025	0.531151831	-0.3874841	0.005413197	 1 	-0.2286	0.0992	0.1573	0.1771	0.2264	0.0566	-0.0365	3.7826	17.8208	88.4535	74.67638	0.04731751	24.2007	5.901	121	254135.8438	NA	NA	0.4033	0.00418154	1.77897701	0.7597	0.007834448	1.21227563	0.4516	0.004621209	0.41103392	1.7882	0.018051777	-0.96213093	2.8964	0.028540032	-3.37852877	3.7055	0.035312843	-6.61489024
AFS	613773	36179SGY7	Agency MBS ARM	A-3-Q	GOVERNMENT NATIONAL MORTGAGE A	0.03880793	5.375	53509	117632	4565.05	332.7	4565.05	4631.97	100	101.4658474	66.91	7/31/2026	Model2501	100	LMMSOFRFLAT	RFRSwap	5.339643	5.90783	0.327127576	-0.1474425	0.00333388	 0 	-0.1789	0.158	0.1861	0.0938	0.0582	-0.0296	-0.0367	3.1663	21.4191	82.8653	68.29018	0.03880793	25.8377	5.875	121	331478.6562	NA	NA	0.3989	0.004121979	1.43244503	0.6389	0.006571265	0.94642109	0.344	0.003514896	0.26947706	1.3774	0.013947034	-0.65461668	2.4284	0.024116032	-2.60397938	3.3505	0.032321543	-5.44605978
AFS	612517	36179SH26	Agency MBS 15yr	A-3-Q	GOVERNMENT NATIONAL MORTGAGE A	0.07116979	2.5	48061	659438	46932.06	19926.12	47784.73	44995.12	101.8168	95.8728779	-2789.61	7/31/2026	Model2501	100	LMMSOFRFLAT	RFRSwap	4.841907	1.434564	1.758213639	0.0221191	0.01689313	 8 	0.3102	0.4396	0.7114	0.2863	0.0048	0.0058	0.0009	1.8641	14.1602	66.2835	54.28468	0.07116979	15.5436	2.903	120	56571.8906	NA	NA	1.7572	0.017800143	5.21905269	1.7703	0.017619371	3.44379915	1.7586	0.01719635	1.70268487	1.7748	0.016754126	-1.68162941	1.7807	0.016513368	-3.34779363	1.7621	0.016053405	-4.97650971
AFS	613698	36179SH34	Agency MBS 15yr	A-3-Q	GOVERNMENT NATIONAL MORTGAGE A	0.07585366	3	48061	321005	24349.4	9480.85	24970.18	23550.48	102.5494	96.7189292	-1419.7	7/31/2026	Model2501	100	LMMSOFRFLAT	RFRSwap	4.796119	1.553262	1.782675743	0.03582072	0.017286416	 4 	0.3074	0.4364	0.7241	0.3082	0.0031	0.0033	0.0005	1.9113	13.6719	62.1044	49.30646	0.07585366	15.2941	3.434	120	43501.3672	NA	NA	1.7888	0.018305736	5.36906963	1.8049	0.018141787	3.54248484	1.7941	0.017710965	1.74873063	1.7888	0.017038653	-1.71476068	1.7993	0.01683408	-3.40971483	1.7891	0.016440539	-5.07443547
AFS	614669	36179SJ65	Agency MBS ARM	A-3-Q	GOVERNMENT NATIONAL MORTGAGE A	0.05134594	5.375	53540	224753	11540.15	711.96	11540.15	11709.48	100	101.4673114	169.33	7/31/2026	Model2501	100	LMMSOFRFLAT	RFRSwap	5.581949	6.020943	0.606267869	-0.4252273	0.006178793	 1 	-0.2668	0.0682	0.1375	0.2057	0.3058	0.1029	-0.0369	4.249	15.4629	95.1614	78.77534	0.05134594	23.7821	5.842	120	211378.9219	NA	NA	0.5394	0.005611764	2.1201425	0.9023	0.009322026	1.39515962	0.5229	0.005354116	0.47810112	1.9405	0.019569499	-1.06925081	3.0504	0.029976429	-3.643521	3.8526	0.036561497	-7.01532946
AFS	614107	36179SK22	Agency MBS 15yr	A-3-Q	GOVERNMENT NATIONAL MORTGAGE A	0.07163772	3	48092	547365	39211.98	15536.23	40154.64	37885.21	102.404	96.6164117	-2269.43	7/31/2026	Model2501	100	LMMSOFRFLAT	RFRSwap	4.82763	1.651707	1.810347915	0.03658728	0.017536191	 7 	0.3022	0.4316	0.7304	0.3392	0.0032	0.0034	0.0006	1.9429	13.5742	65.0694	52.10214	0.07163772	16.0301	3.42	119	42830.4844	NA	NA	1.816	0.018580094	5.44831626	1.8327	0.018411294	3.59450032	1.8219	0.017971357	1.77420388	1.8176	0.017290331	-1.73968408	1.8297	0.017090905	-3.46012812	1.8204	0.016696161	-5.15045977
AFS	614645	36179SK30	Agency MBS 15yr	A-3-Q	GOVERNMENT NATIONAL MORTGAGE A	0.09564523	3.5	48092	75310	7203.04	2316.28	7411.72	7027.48	102.897	97.5626462	-384.24	7/31/2026	Model2501	100	LMMSOFRFLAT	RFRSwap	4.769099	1.90023	1.826566935	0.04606609	0.017873745	 1 	0.3011	0.4304	0.7315	0.3598	0.0017	0.0019	0.0003	1.9747	13.623	59.5653	45.99617	0.09564523	13.6274	3.915	119	47692.8906	NA	NA	1.7981	0.018591102	5.53800408	1.8434	0.018713821	3.6661431	1.8408	0.018346231	1.81097049	1.8226	0.017512629	-1.76755052	1.8317	0.017281428	-3.50715688	1.8298	0.016950442	-5.21953614
AFS	614443	36179SKZ9	Agency MBS 15yr	A-3-Q	GOVERNMENT NATIONAL MORTGAGE A	0.07921133	2.5	48092	438908	34766.49	14805.57	35337.88	33282.95	101.6435	95.7328575	-2054.93	7/31/2026	Model2501	100	LMMSOFRFLAT	RFRSwap	4.881096	1.547407	1.791136146	0.02280928	0.017184373	 6 	0.3043	0.4349	0.7227	0.3179	0.0052	0.006	0.0009	1.9011	13.8672	69.9706	57.80363	0.07921133	14.8755	2.904	119	54241.457	NA	NA	1.7952	0.018177746	5.31469391	1.8045	0.017945411	3.50493182	1.7919	0.017501989	1.73230864	1.8093	0.01704864	-1.71077332	1.8174	0.016817506	-3.40698771	1.7996	0.016354157	-5.0659454
AFS	613589	36179SL54	Agency MBS ARM	A-3-Q	GOVERNMENT NATIONAL MORTGAGE A	0.04265233	5.375	53571	349830	14921.06	1553.83	14921.06	15140.46	100	101.4703776	219.39	7/31/2026	Model2501	100	LMMSOFRFLAT	RFRSwap	5.517652	5.985227	0.558714569	-0.3987781	0.005694324	 1 	-0.2565	0.1022	0.168	0.196	0.2439	0.062	-0.0373	3.964	16.8346	91.1051	77.09499	0.04265233	25.3911	5.886	119	216095.1406	NA	NA	0.4953	0.005142916	1.92405559	0.8156	0.008417203	1.28685134	0.4804	0.004917347	0.43583956	1.8603	0.01877282	-1.00405598	2.9983	0.029506369	-3.5093078	3.8465	0.036565781	-6.85608169
AFS	613486	36179SM38	Agency MBS 15yr	A-3-Q	GOVERNMENT NATIONAL MORTGAGE A	0.08462893	2.5	48122	538390	45563.37	18276.13	46293.72	43630.2	101.6029	95.757189	-2663.52	7/31/2026	Model2501	100	LMMSOFRFLAT	RFRSwap	4.831406	1.583208	1.818922997	0.02336397	0.01745539	 8 	0.3001	0.4313	0.7286	0.3472	0.0054	0.0062	0.0009	1.9311	13.7695	65.0063	52.52303	0.08462893	14.6402	2.901	118	56038.6523	NA	NA	1.8182	0.018429875	5.39690232	1.8311	0.018224066	3.56008054	1.8191	0.01777745	1.7596572	1.8376	0.017314851	-1.73761091	1.8462	0.017078744	-3.46023484	1.8284	0.016605524	-5.14484534
AFS	614082	36179SM46	Agency MBS 15yr	A-3-Q	GOVERNMENT NATIONAL MORTGAGE A	0.0909201	3	48122	853635	77612.58	29567.92	79391.52	74985.33	102.2921	96.6149241	-4406.18	7/31/2026	Model2501	100	LMMSOFRFLAT	RFRSwap	4.799479	1.73101	1.84062767	0.03681703	0.017829226	 14 	0.2985	0.4276	0.7355	0.3716	0.0037	0.0036	0.0006	1.9759	13.4277	62.2097	48.96596	0.0909201	14.2159	3.424	118	44375.9375	NA	NA	1.8428	0.018870724	5.53767867	1.8617	0.018713564	3.65398027	1.8515	0.018268405	1.80366471	1.8484	0.017577801	-1.7687658	1.8616	0.017377207	-3.51786821	1.8525	0.016974572	-5.23655672
AFS	613176	36179SN86	Agency MBS ARM	A-3-Q	GOVERNMENT NATIONAL MORTGAGE A	0.05196169	5.125	53601	1036523	53859.49	7375.35	53859.49	54726.19	100	101.6091985	866.7	7/31/2026	Model2501	100	LMMSOFRFLAT	RFRSwap	5.424493	5.949715	0.908580422	-0.8358697	0.009270817	 5 	0.1958	0.109	0.1889	0.1633	0.1923	0.0347	-0.0461	3.8519	17.2818	79.8944	67.62442	0.05196169	24.0853	5.624	118	254899.75	NA	NA	0.4219	0.004371511	1.57539673	0.4657	0.004805837	1.16174846	0.4988	0.00512129	0.64288083	2.0481	0.020597694	-1.46766385	3.1006	0.030377859	-4.06181175	3.8766	0.036669485	-7.44380376
AFS	614179	36179SN94	Agency MBS ARM	A-3-Q	GOVERNMENT NATIONAL MORTGAGE A	0.03086326	5.125	53601	272784	8419	783.54	8419	8567.35	100	101.761989	148.34	7/31/2026	Model2501	100	LMMSOFRFLAT	RFRSwap	5.001876	5.79578	0.572831571	-0.5464312	0.005853713	 0 	0.2566	0.3068	0.3128	-0.1558	-0.0334	-0.1104	-0.058	2.7367	23.6214	51.938	46.21173	0.03086326	28.1662	5.375	117	452011.75	NA	NA	0.2014	0.002073393	0.74024917	0.175	0.001798507	0.5721907	0.2161	0.002216456	0.36522663	1.3782	0.013953258	-0.94480993	2.4188	0.02403006	-2.84188963	3.3141	0.031990144	-5.66238858
AFS	613931	36179SP43	Agency MBS 15yr	A-3-Q	GOVERNMENT NATIONAL MORTGAGE A	0.09064248	2.5	48153	1088929	98703.23	38704.5	99778.32	94450.18	101.0892	95.691076	-5328.14	7/31/2026	Model2501	100	LMMSOFRFLAT	RFRSwap	4.837128	1.864851	1.844363809	0.02402546	0.017687339	 17 	0.2959	0.4264	0.7319	0.3779	0.0057	0.0063	0.001	1.9597	13.7695	65.4623	52.77678	0.09064248	14.2792	2.892	117	55956.7227	NA	NA	1.8433	0.018685017	5.47047602	1.8566	0.01847502	3.60829134	1.8446	0.018018344	1.78325053	1.8637	0.017544882	-1.76061825	1.8739	0.017313601	-3.50652109	1.8567	0.016837344	-5.21453032
AFS	613081	36179SP50	Agency MBS 15yr	A-3-Q	GOVERNMENT NATIONAL MORTGAGE A	0.0860684	3	48153	681428	58649.42	20463.97	59847.19	56603.59	102.0423	96.5117644	-3243.6	7/31/2026	Model2501	100	LMMSOFRFLAT	RFRSwap	4.808354	1.891078	1.890657306	0.03906832	0.018294333	 11 	0.291	0.4196	0.7375	0.4348	0.0039	0.0037	0.0006	2.0335	13.3789	62.9126	49.24154	0.0860684	14.9373	3.428	117	45348.2422	NA	NA	1.8876	0.019337974	5.68543754	1.9124	0.019222058	3.75179555	1.9022	0.018758507	1.85138024	1.8982	0.018022597	-1.81424893	1.9116	0.017807681	-3.6070704	1.9029	0.017391438	-5.36816758
AFS	614048	36179SP68	Agency MBS 15yr	A-3-Q	GOVERNMENT NATIONAL MORTGAGE A	0.06194641	3.5	48153	166894	10338.48	4751.49	10619.63	10074.92	102.7194	97.4506169	-544.72	7/31/2026	Model2501	100	LMMSOFRFLAT	RFRSwap	4.772571	2.061227	1.916787386	0.04567121	0.018735118	 2 	0.288	0.418	0.74	0.4654	0.0028	0.0025	0.0004	2.0753	13.1836	59.4913	45.34195	0.06194641	17.8766	3.938	117	46990.7344	NA	NA	1.8772	0.019437341	5.80379392	1.9314	0.019619511	3.84196576	1.9293	0.019223658	1.89748468	1.9187	0.018397687	-1.85475272	1.9313	0.018165812	-3.68351755	1.9278	0.017785687	-5.4820225
AFS	613360	36179SRW9	Agency MBS 15yr	A-3-Q	GOVERNMENT NATIONAL MORTGAGE A	0.09149607	2.5	48183	258326	23635.81	8481.15	23736.43	22601.8	100.4257	95.6252325	-1134.63	7/31/2026	Model2501	100	LMMSOFRFLAT	RFRSwap	4.834589	2.220434	1.876777172	0.02460976	0.017985824	 4 	0.2907	0.4225	0.7376	0.4131	0.0061	0.0066	0.001	1.995	13.5254	65.0967	52.15811	0.09149607	14.4389	2.884	116	57308.4805	NA	NA	1.8702	0.01896291	5.56092755	1.8875	0.018781519	3.66901475	1.8763	0.018321453	1.81339162	1.8967	0.017837638	-1.79016428	1.9075	0.01760059	-3.56507139	1.8902	0.017112205	-5.30127152
